time,datetime,coin,side,px,sz,dir,closedPnl,fee,hash
1763315765476,2025-11-16T17:56:05.476000+00:00,TON,A,1.7599,1123.1,Open Short,0.0,0.889444,0x4f1b8114d444a3e65095042f9ae28102057700fa6f47c2b8f2e42c6793487dd0
1763315765476,2025-11-16T17:56:05.476000+00:00,TON,A,1.7599,1122.4,Open Short,0.0,0.88889,0x4f1b8114d444a3e65095042f9ae28102057700fa6f47c2b8f2e42c6793487dd0
1763315765476,2025-11-16T17:56:05.476000+00:00,TON,A,1.7599,1000.0,Open Short,0.0,0.791955,0x4f1b8114d444a3e65095042f9ae28102057700fa6f47c2b8f2e42c6793487dd0
1763315765476,2025-11-16T17:56:05.476000+00:00,TON,A,1.7598,1146.9,Open Short,0.0,0.908241,0x4f1b8114d444a3e65095042f9ae28102057700fa6f47c2b8f2e42c6793487dd0
1763315765476,2025-11-16T17:56:05.476000+00:00,TON,A,1.7597,1000.0,Open Short,0.0,0.791865,0x4f1b8114d444a3e65095042f9ae28102057700fa6f47c2b8f2e42c6793487dd0
1763315765476,2025-11-16T17:56:05.476000+00:00,TON,A,1.7597,266.9,Open Short,0.0,0.211348,0x4f1b8114d444a3e65095042f9ae28102057700fa6f47c2b8f2e42c6793487dd0
1763368368590,2025-11-17T08:32:48.590000+00:00,TON,B,1.8448,600.0,Close Short,-50.982,0.498096,0xbe93c92987c6a465c00d042fa4a4240000cee10f22c9c337625c747c46ca7e50
1763368368590,2025-11-17T08:32:48.590000+00:00,TON,B,1.8449,744.4,Close Short,-63.326108,0.618004,0xbe93c92987c6a465c00d042fa4a4240000cee10f22c9c337625c747c46ca7e50
1763368368590,2025-11-17T08:32:48.590000+00:00,TON,B,1.8449,1081.9,Close Short,-92.037233,0.898198,0xbe93c92987c6a465c00d042fa4a4240000cee10f22c9c337625c747c46ca7e50
1763368368590,2025-11-17T08:32:48.590000+00:00,TON,B,1.845,778.3,Close Short,-66.287811,0.646183,0xbe93c92987c6a465c00d042fa4a4240000cee10f22c9c337625c747c46ca7e50
1763368368590,2025-11-17T08:32:48.590000+00:00,TON,B,1.8451,2454.7,Close Short,-209.312269,2.038125,0xbe93c92987c6a465c00d042fa4a4240000cee10f22c9c337625c747c46ca7e50
1763401306736,2025-11-17T17:41:46.736000+00:00,TON,A,1.7542,1137.2,Open Short,0.0,0.897694,0x5166a03d06605e8452e0042faad35002049e0022a1637d56f52f4b8fc564386e
1763401306736,2025-11-17T17:41:46.736000+00:00,TON,A,1.7542,1137.3,Open Short,0.0,0.897773,0x5166a03d06605e8452e0042faad35002049e0022a1637d56f52f4b8fc564386e
1763401306736,2025-11-17T17:41:46.736000+00:00,TON,A,1.7542,627.2,Open Short,0.0,0.495105,0x5166a03d06605e8452e0042faad35002049e0022a1637d56f52f4b8fc564386e
1763737612708,2025-11-21T15:06:52.708000+00:00,TON,B,1.5321,1343.4,Close Short,298.36914,0.9262,0x16e1092f685df622185a042fea168c0203e90015035114f4baa9b4822751d00c
1763737612708,2025-11-21T15:06:52.708000+00:00,TON,B,1.5322,472.4,Close Short,104.8728,0.325715,0x16e1092f685df622185a042fea168c0203e90015035114f4baa9b4822751d00c
1763737612708,2025-11-21T15:06:52.708000+00:00,TON,B,1.5325,501.4,Close Short,111.16038,0.345777,0x16e1092f685df622185a042fea168c0203e90015035114f4baa9b4822751d00c
1763737612708,2025-11-21T15:06:52.708000+00:00,TON,B,1.5327,583.1,Close Short,129.15665,0.402172,0x16e1092f685df622185a042fea168c0203e90015035114f4baa9b4822751d00c
1763737669015,2025-11-21T15:07:49.015000+00:00,TON,B,1.5298,1.4,Close Short,0.31416,0.000963,0x837357d68231359784ed042fea196602057500bc1d345469273c032941350f82
1763919122283,2025-11-23T17:32:02.283000+00:00,TON,A,1.4792,45.5,Open Short,0.0,0.030286,0x4842c55cbc6f156149bc04300c3fcb020957004257623433ec0b70af7b62ef4b
1763919122283,2025-11-23T17:32:02.283000+00:00,TON,A,1.479,362.4,Open Short,0.0,0.241195,0x4842c55cbc6f156149bc04300c3fcb020957004257623433ec0b70af7b62ef4b
1763919122283,2025-11-23T17:32:02.283000+00:00,TON,A,1.479,67.6,Open Short,0.0,0.044991,0x4842c55cbc6f156149bc04300c3fcb020957004257623433ec0b70af7b62ef4b
1763919122283,2025-11-23T17:32:02.283000+00:00,TON,A,1.4788,508.4,Open Short,0.0,0.338319,0x4842c55cbc6f156149bc04300c3fcb020957004257623433ec0b70af7b62ef4b
1763919122283,2025-11-23T17:32:02.283000+00:00,TON,A,1.4788,67.6,Open Short,0.0,0.044985,0x4842c55cbc6f156149bc04300c3fcb020957004257623433ec0b70af7b62ef4b
1763919122283,2025-11-23T17:32:02.283000+00:00,TON,A,1.4788,496.5,Open Short,0.0,0.3304,0x4842c55cbc6f156149bc04300c3fcb020957004257623433ec0b70af7b62ef4b
1763919122283,2025-11-23T17:32:02.283000+00:00,TON,A,1.4787,38.8,Open Short,0.0,0.025818,0x4842c55cbc6f156149bc04300c3fcb020957004257623433ec0b70af7b62ef4b
1763919122283,2025-11-23T17:32:02.283000+00:00,TON,A,1.4787,394.8,Open Short,0.0,0.262705,0x4842c55cbc6f156149bc04300c3fcb020957004257623433ec0b70af7b62ef4b
1763919122283,2025-11-23T17:32:02.283000+00:00,TON,A,1.4787,676.5,Open Short,0.0,0.450153,0x4842c55cbc6f156149bc04300c3fcb020957004257623433ec0b70af7b62ef4b
1763919122283,2025-11-23T17:32:02.283000+00:00,TON,A,1.4785,5073.6,Open Short,0.0,3.375592,0x4842c55cbc6f156149bc04300c3fcb020957004257623433ec0b70af7b62ef4b
1764006970075,2025-11-24T17:56:10.075000+00:00,TON,B,1.552,218.2,Close Short,-16.01588,0.15239,0x5abf5822ea9223e55c3904301cdd080202410008859542b7fe880375a995fdcf
1764006970075,2025-11-24T17:56:10.075000+00:00,TON,B,1.5521,3223.0,Close Short,-236.8905,2.251088,0x5abf5822ea9223e55c3904301cdd080202410008859542b7fe880375a995fdcf
1764006970075,2025-11-24T17:56:10.075000+00:00,TON,B,1.5521,410.4,Close Short,-30.1644,0.286641,0x5abf5822ea9223e55c3904301cdd080202410008859542b7fe880375a995fdcf
1764006970075,2025-11-24T17:56:10.075000+00:00,TON,B,1.5522,400.0,Close Short,-29.44,0.279396,0x5abf5822ea9223e55c3904301cdd080202410008859542b7fe880375a995fdcf
1764006970075,2025-11-24T17:56:10.075000+00:00,TON,B,1.5523,400.4,Close Short,-29.50948,0.279693,0x5abf5822ea9223e55c3904301cdd080202410008859542b7fe880375a995fdcf
1764006970075,2025-11-24T17:56:10.075000+00:00,TON,B,1.553,768.0,Close Short,-57.1392,0.536716,0x5abf5822ea9223e55c3904301cdd080202410008859542b7fe880375a995fdcf
1764006970075,2025-11-24T17:56:10.075000+00:00,TON,B,1.553,378.4,Close Short,-28.15296,0.264444,0x5abf5822ea9223e55c3904301cdd080202410008859542b7fe880375a995fdcf
1764006970075,2025-11-24T17:56:10.075000+00:00,TON,B,1.554,870.8,Close Short,-65.65832,0.60895,0x5abf5822ea9223e55c3904301cdd080202410008859542b7fe880375a995fdcf
1764006970075,2025-11-24T17:56:10.075000+00:00,TON,B,1.5541,394.8,Close Short,-29.8074,0.276101,0x5abf5822ea9223e55c3904301cdd080202410008859542b7fe880375a995fdcf
1764006970075,2025-11-24T17:56:10.075000+00:00,TON,B,1.5542,667.7,Close Short,-50.47812,0.466982,0x5abf5822ea9223e55c3904301cdd080202410008859542b7fe880375a995fdcf
1764018359848,2025-11-24T21:05:59.848000+00:00,TON,A,1.5737,3630.3,Open Short,0.0,2.570851,0xa1dde2590a755c5ea35704301f02b10202e2003ea5787b3045a68dabc9793649
1764275104452,2025-11-27T20:25:04.452000+00:00,TON,B,1.6499,378.4,Close Short,-28.83408,0.280944,0xfc5a14e0daa66f5afdd304304f69890203a500c675a98e2da022c03399aa4945
1764275104452,2025-11-27T20:25:04.452000+00:00,TON,B,1.6501,398.4,Close Short,-30.43776,0.295829,0xfc5a14e0daa66f5afdd304304f69890203a500c675a98e2da022c03399aa4945
1764275104452,2025-11-27T20:25:04.452000+00:00,TON,B,1.6501,381.8,Close Short,-29.16952,0.283503,0xfc5a14e0daa66f5afdd304304f69890203a500c675a98e2da022c03399aa4945
1764275104452,2025-11-27T20:25:04.452000+00:00,TON,B,1.6502,2471.7,Close Short,-189.08505,1.835459,0xfc5a14e0daa66f5afdd304304f69890203a500c675a98e2da022c03399aa4945
1764404583198,2025-11-29T08:23:03.198000+00:00,TON,A,1.5853,630.7,Open Short,0.0,0.449931,0xb67be18602a10529b7f5043067d46b02083b006b9da423fb5a448cd8c1a4df14
1764404583198,2025-11-29T08:23:03.198000+00:00,TON,A,1.5852,800.0,Open Short,0.0,0.570672,0xb67be18602a10529b7f5043067d46b02083b006b9da423fb5a448cd8c1a4df14
1764404583198,2025-11-29T08:23:03.198000+00:00,TON,A,1.5852,413.0,Open Short,0.0,0.294609,0xb67be18602a10529b7f5043067d46b02083b006b9da423fb5a448cd8c1a4df14
1764527139540,2025-11-30T18:25:39.540000+00:00,TON,B,1.5859,467.4,Close Short,-0.313158,0.333562,0x686c2a79860c17f269e504307edd0c0202fc005f210f36c40c34d5cc450ff1dd
1764527139540,2025-11-30T18:25:39.540000+00:00,TON,B,1.5859,508.1,Close Short,-0.340427,0.362608,0x686c2a79860c17f269e504307edd0c0202fc005f210f36c40c34d5cc450ff1dd
1764527139540,2025-11-30T18:25:39.540000+00:00,TON,B,1.586,369.2,Close Short,-0.284284,0.263498,0x686c2a79860c17f269e504307edd0c0202fc005f210f36c40c34d5cc450ff1dd
1764527139540,2025-11-30T18:25:39.540000+00:00,TON,B,1.586,499.0,Close Short,-0.38423,0.356136,0x686c2a79860c17f269e504307edd0c0202fc005f210f36c40c34d5cc450ff1dd
1764527268486,2025-11-30T18:27:48.486000+00:00,TON,B,1.5882,629.7,Open Long,0.0,0.45004,0xe3c78444824883c5e54104307ee332020222002a1d4ba29787902f97414c5db0
1764527268486,2025-11-30T18:27:48.486000+00:00,TON,B,1.5883,500.9,Open Long,0.0,0.35801,0xe3c78444824883c5e54104307ee332020222002a1d4ba29787902f97414c5db0
1764527268486,2025-11-30T18:27:48.486000+00:00,TON,B,1.5883,496.1,Open Long,0.0,0.35458,0xe3c78444824883c5e54104307ee332020222002a1d4ba29787902f97414c5db0
1764527268486,2025-11-30T18:27:48.486000+00:00,TON,B,1.5884,78.0,Open Long,0.0,0.055752,0xe3c78444824883c5e54104307ee332020222002a1d4ba29787902f97414c5db0
1764527268486,2025-11-30T18:27:48.486000+00:00,TON,B,1.5886,111.2,Open Long,0.0,0.079493,0xe3c78444824883c5e54104307ee332020222002a1d4ba29787902f97414c5db0
1764528841427,2025-11-30T18:54:01.427000+00:00,TON,A,1.6083,341.3,Close Long,6.832826,0.24701,0x53e84bbe1c5f1fdd556204307f2eea0202d300a3b7523eaff7b0f710db52f9c7
1764528841427,2025-11-30T18:54:01.427000+00:00,TON,A,1.6083,1236.5,Close Long,24.75473,0.894898,0x53e84bbe1c5f1fdd556204307f2eea0202d300a3b7523eaff7b0f710db52f9c7
1764528841427,2025-11-30T18:54:01.427000+00:00,TON,A,1.6083,238.1,Close Long,4.766762,0.172321,0x53e84bbe1c5f1fdd556204307f2eea0202d300a3b7523eaff7b0f710db52f9c7
1764528875495,2025-11-30T18:54:35.495000+00:00,TON,A,1.6056,362.8,Open Short,0.0,0.26213,0x8825ed090b701dbe899f04307f30940202c300eea6733c902bee985bca73f7a9
1764528875495,2025-11-30T18:54:35.495000+00:00,TON,A,1.6056,1242.4,Open Short,0.0,0.897658,0x8825ed090b701dbe899f04307f30940202c300eea6733c902bee985bca73f7a9
1764528875495,2025-11-30T18:54:35.495000+00:00,TON,A,1.6056,394.9,Open Short,0.0,0.285323,0x8825ed090b701dbe899f04307f30940202c300eea6733c902bee985bca73f7a9
1764599350436,2025-12-01T14:29:10.436000+00:00,TON,B,1.499,367.1,Close Short,39.13286,0.247627,0xe5e3145ce7b23937e75c04308c862b0204f4004282b5580989abbfafa6b61322
1764599350436,2025-12-01T14:29:10.436000+00:00,TON,B,1.4991,584.0,Close Short,62.196,0.393963,0xe5e3145ce7b23937e75c04308c862b0204f4004282b5580989abbfafa6b61322
1764599350436,2025-12-01T14:29:10.436000+00:00,TON,B,1.4991,486.9,Close Short,51.85485,0.32846,0xe5e3145ce7b23937e75c04308c862b0204f4004282b5580989abbfafa6b61322
1764599350436,2025-12-01T14:29:10.436000+00:00,TON,B,1.4993,0.2,Close Short,0.02126,0.000134,0xe5e3145ce7b23937e75c04308c862b0204f4004282b5580989abbfafa6b61322
1764599350436,2025-12-01T14:29:10.436000+00:00,TON,B,1.4993,333.8,Close Short,35.48294,0.225209,0xe5e3145ce7b23937e75c04308c862b0204f4004282b5580989abbfafa6b61322
1764599350436,2025-12-01T14:29:10.436000+00:00,TON,B,1.4994,228.1,Close Short,24.22422,0.153905,0xe5e3145ce7b23937e75c04308c862b0204f4004282b5580989abbfafa6b61322
1764691413061,2025-12-02T16:03:33.061000+00:00,TON,A,1.581,800.0,Open Short,0.0,0.56916,0xb39724b47e1847cbb51004309df4ea02054f009a191b669d575fd0073d1c21b6
1764691413061,2025-12-02T16:03:33.061000+00:00,TON,A,1.5808,378.4,Open Short,0.0,0.269178,0xb39724b47e1847cbb51004309df4ea02054f009a191b669d575fd0073d1c21b6
1764691413061,2025-12-02T16:03:33.061000+00:00,TON,A,1.5808,347.6,Open Short,0.0,0.247268,0xb39724b47e1847cbb51004309df4ea02054f009a191b669d575fd0073d1c21b6
1764691413061,2025-12-02T16:03:33.061000+00:00,TON,A,1.5807,1817.9,Open Short,0.0,1.293099,0xb39724b47e1847cbb51004309df4ea02054f009a191b669d575fd0073d1c21b6
1764795104278,2025-12-03T20:51:44.278000+00:00,TON,B,1.6613,405.4,Close Short,-32.638754,0.30307,0x6114945aa6c7fd61628e0430b176c4020250004041cb1c3304dd3fad65cbd74c
1764795104278,2025-12-03T20:51:44.278000+00:00,TON,B,1.6614,302.9,Close Short,-24.416769,0.226457,0x6114945aa6c7fd61628e0430b176c4020250004041cb1c3304dd3fad65cbd74c
1764795104278,2025-12-03T20:51:44.278000+00:00,TON,B,1.6615,374.5,Close Short,-30.225895,0.280004,0x6114945aa6c7fd61628e0430b176c4020250004041cb1c3304dd3fad65cbd74c
1764795104278,2025-12-03T20:51:44.278000+00:00,TON,B,1.6615,2261.1,Close Short,-182.493381,1.690567,0x6114945aa6c7fd61628e0430b176c4020250004041cb1c3304dd3fad65cbd74c
1764848286979,2025-12-04T11:38:06.979000+00:00,TON,A,1.6216,359.2,Open Short,0.0,0.262115,0xdb7fee4648aca3a6dcf90430bb649b0206ab002be3afc2787f48999907a07d91
1764848286979,2025-12-04T11:38:06.979000+00:00,TON,A,1.6213,464.6,Open Short,0.0,0.338965,0xdb7fee4648aca3a6dcf90430bb649b0206ab002be3afc2787f48999907a07d91
1764848286979,2025-12-04T11:38:06.979000+00:00,TON,A,1.6213,519.6,Open Short,0.0,0.379092,0xdb7fee4648aca3a6dcf90430bb649b0206ab002be3afc2787f48999907a07d91
1764848286979,2025-12-04T11:38:06.979000+00:00,TON,A,1.6211,259.3,Open Short,0.0,0.189158,0xdb7fee4648aca3a6dcf90430bb649b0206ab002be3afc2787f48999907a07d91
1765129849478,2025-12-07T17:50:49.478000+00:00,TON,B,1.6178,800.0,Close Short,2.824,0.582408,0x04d1779cefb83d86064b0430efde3e0207d500828abb5c58a89a22efaebc1770
1765129849478,2025-12-07T17:50:49.478000+00:00,TON,B,1.6179,802.7,Close Short,2.753261,0.584409,0x04d1779cefb83d86064b0430efde3e0207d500828abb5c58a89a22efaebc1770
1765207939107,2025-12-08T15:32:19.107000+00:00,TON,A,1.6407,600.0,Open Short,0.0,0.442989,0x17ec0f3f2906dad519650430fea2d202054e0024c409f9a7bbb4ba91e80ab4bf
1765207939107,2025-12-08T15:32:19.107000+00:00,TON,A,1.6407,1018.6,Open Short,0.0,0.752047,0x17ec0f3f2906dad519650430fea2d202054e0024c409f9a7bbb4ba91e80ab4bf
1765295534116,2025-12-09T15:52:14.116000+00:00,TON,B,1.6623,581.7,Close Short,-12.56472,0.435131,0x2cac0c708826e9b02e2504310f421902156d0056232a0882d074b7c3472ac39a
1765295534116,2025-12-09T15:52:14.116000+00:00,TON,B,1.6627,342.7,Close Short,-7.5394,0.256413,0x2cac0c708826e9b02e2504310f421902156d0056232a0882d074b7c3472ac39a
1765295534116,2025-12-09T15:52:14.116000+00:00,TON,B,1.6627,362.9,Close Short,-7.9838,0.271527,0x2cac0c708826e9b02e2504310f421902156d0056232a0882d074b7c3472ac39a
1765295534116,2025-12-09T15:52:14.116000+00:00,TON,B,1.6628,331.3,Close Short,-7.32173,0.247898,0x2cac0c708826e9b02e2504310f421902156d0056232a0882d074b7c3472ac39a
1765713661765,2025-12-14T12:01:01.765000+00:00,TON,A,1.604,507.8,Open Short,0.0,0.36653,0x8f0c31dd01518a87908504315e7ca302054600c29c54a95932d4dd2fc0556472
1765713661765,2025-12-14T12:01:01.765000+00:00,TON,A,1.604,530.7,Open Short,0.0,0.383059,0x8f0c31dd01518a87908504315e7ca302054600c29c54a95932d4dd2fc0556472
1765713661765,2025-12-14T12:01:01.765000+00:00,TON,A,1.604,62.3,Open Short,0.0,0.044968,0x8f0c31dd01518a87908504315e7ca302054600c29c54a95932d4dd2fc0556472
1765713661765,2025-12-14T12:01:01.765000+00:00,TON,A,1.6039,62.3,Open Short,0.0,0.044965,0x8f0c31dd01518a87908504315e7ca302054600c29c54a95932d4dd2fc0556472
1765713661765,2025-12-14T12:01:01.765000+00:00,TON,A,1.6038,124.7,Open Short,0.0,0.089997,0x8f0c31dd01518a87908504315e7ca302054600c29c54a95932d4dd2fc0556472
1765713661765,2025-12-14T12:01:01.765000+00:00,TON,A,1.6037,128.8,Open Short,0.0,0.09295,0x8f0c31dd01518a87908504315e7ca302054600c29c54a95932d4dd2fc0556472
1766977450055,2025-12-29T03:04:10.055000+00:00,TON,B,1.6867,174.1,Close Short,-14.406775,0.132144,0x27d1bc197e5dad58294b04324c55c20201bb00ff1950cc2acb9a676c3d518742
1766977450055,2025-12-29T03:04:10.055000+00:00,TON,B,1.6871,379.4,Close Short,-31.54711,0.288038,0x27d1bc197e5dad58294b04324c55c20201bb00ff1950cc2acb9a676c3d518742
1766977450055,2025-12-29T03:04:10.055000+00:00,TON,B,1.6871,381.2,Close Short,-31.69678,0.289405,0x27d1bc197e5dad58294b04324c55c20201bb00ff1950cc2acb9a676c3d518742
1766977450055,2025-12-29T03:04:10.055000+00:00,TON,B,1.6871,378.4,Close Short,-31.46396,0.287279,0x27d1bc197e5dad58294b04324c55c20201bb00ff1950cc2acb9a676c3d518742
1766977450055,2025-12-29T03:04:10.055000+00:00,TON,B,1.6872,103.5,Close Short,-8.616375,0.078581,0x27d1bc197e5dad58294b04324c55c20201bb00ff1950cc2acb9a676c3d518742
1767112195042,2025-12-30T16:29:55.042000+00:00,TON,A,1.6432,60.9,Open Short,0.0,0.045031,0x14015cc160aaf72d157b0432658e6002029200a6fbae15ffb7ca08141faed117
1767112195042,2025-12-30T16:29:55.042000+00:00,TON,A,1.6431,442.9,Open Short,0.0,0.327478,0x14015cc160aaf72d157b0432658e6002029200a6fbae15ffb7ca08141faed117
1767112195042,2025-12-30T16:29:55.042000+00:00,TON,A,1.6431,156.8,Open Short,0.0,0.115937,0x14015cc160aaf72d157b0432658e6002029200a6fbae15ffb7ca08141faed117
1767346361851,2026-01-02T09:32:41.851000+00:00,TON,B,1.7342,10.0,Close Short,-0.911,0.007803,0xb9730cf2711da23cbaec043291563102015c00d80c10c10e5d3bb84530117c27
1767346361851,2026-01-02T09:32:41.851000+00:00,TON,B,1.7342,378.4,Close Short,-34.47224,0.295299,0xb9730cf2711da23cbaec043291563102015c00d80c10c10e5d3bb84530117c27
1767346361851,2026-01-02T09:32:41.851000+00:00,TON,B,1.7344,242.0,Close Short,-22.0946,0.188876,0xb9730cf2711da23cbaec043291563102015c00d80c10c10e5d3bb84530117c27
1767346361851,2026-01-02T09:32:41.851000+00:00,TON,B,1.7345,30.2,Close Short,-2.76028,0.023571,0xb9730cf2711da23cbaec043291563102015c00d80c10c10e5d3bb84530117c27
1767972632705,2026-01-09T15:30:32.705000+00:00,TON,A,1.7716,318.2,Open Short,0.0,0.253675,0x4a06d4c2de40af6a4b80043305fa78020f0400a87943ce3cedcf80159d448954
1769702484104,2026-01-29T16:01:24.104000+00:00,TON,B,1.4399,318.2,Close Short,105.54694,0.206179,0x566850fdd35e9eb957e20434496ae502049c00e36e51bd8bfa30fc50925278a3
1770313218267,2026-02-05T17:40:18.267000+00:00,TON,A,1.3228,550.7,Open Short,0.0,0.327809,0x8310cf786c6d08cb848a0434bd0d22020964005e0760279d26d97acb2b60e2b6
1770313218267,2026-02-05T17:40:18.267000+00:00,TON,A,1.3226,681.3,Open Short,0.0,0.405489,0x8310cf786c6d08cb848a0434bd0d22020964005e0760279d26d97acb2b60e2b6
1770351558869,2026-02-06T04:19:18.869000+00:00,TON,B,1.2455,607.2,Close Short,46.863696,0.34032,0xb0439a8b3f445280b1bd0434c434ce0205660070da477152540c45ddfe482c6b
1770351558869,2026-02-06T04:19:18.869000+00:00,TON,B,1.2455,591.4,Close Short,45.644252,0.331464,0xb0439a8b3f445280b1bd0434c434ce0205660070da477152540c45ddfe482c6b
1770351558869,2026-02-06T04:19:18.869000+00:00,TON,B,1.2457,33.4,Close Short,2.571132,0.018722,0xb0439a8b3f445280b1bd0434c434ce0205660070da477152540c45ddfe482c6b
1770351986793,2026-02-06T04:26:26.793000+00:00,xyz:SILVER,B,72.589,112.98,Open Long,0.0,0.738099,0xd483875c175e5371d5fd0434c448e10203f00041b2517243784c32aed6522d5c
1770351986793,2026-02-06T04:26:26.793000+00:00,xyz:SILVER,B,72.592,112.98,Open Long,0.0,0.738129,0xd483875c175e5371d5fd0434c448e10203f00041b2517243784c32aed6522d5c
1770351986793,2026-02-06T04:26:26.793000+00:00,xyz:SILVER,B,72.595,112.98,Open Long,0.0,0.73816,0xd483875c175e5371d5fd0434c448e10203f00041b2517243784c32aed6522d5c
1770351986793,2026-02-06T04:26:26.793000+00:00,xyz:SILVER,B,72.598,112.98,Open Long,0.0,0.73819,0xd483875c175e5371d5fd0434c448e10203f00041b2517243784c32aed6522d5c
1770352223584,2026-02-06T04:30:23.584000+00:00,xyz:SILVER,B,72.93,622.23,Open Long,0.0,4.084131,0x9880434a95c4ad5799f90434c4546a020802003030c7cc293c48ee9d54c88742
1770352223584,2026-02-06T04:30:23.584000+00:00,xyz:SILVER,B,72.93,136.39,Open Long,0.0,0.895223,0x9880434a95c4ad5799f90434c4546a020802003030c7cc293c48ee9d54c88742
1770352223584,2026-02-06T04:30:23.584000+00:00,xyz:SILVER,B,72.931,15.0,Open Long,0.0,0.098456,0x9880434a95c4ad5799f90434c4546a020802003030c7cc293c48ee9d54c88742
1770352223584,2026-02-06T04:30:23.584000+00:00,xyz:SILVER,B,72.932,14.15,Open Long,0.0,0.092878,0x9880434a95c4ad5799f90434c4546a020802003030c7cc293c48ee9d54c88742
1770352223584,2026-02-06T04:30:23.584000+00:00,xyz:SILVER,B,72.933,102.83,Open Long,0.0,0.674973,0x9880434a95c4ad5799f90434c4546a020802003030c7cc293c48ee9d54c88742
1770352223584,2026-02-06T04:30:23.584000+00:00,xyz:SILVER,B,72.938,14.15,Open Long,0.0,0.092886,0x9880434a95c4ad5799f90434c4546a020802003030c7cc293c48ee9d54c88742
1770352223584,2026-02-06T04:30:23.584000+00:00,xyz:SILVER,B,72.939,622.23,Open Long,0.0,4.084635,0x9880434a95c4ad5799f90434c4546a020802003030c7cc293c48ee9d54c88742
1770352223584,2026-02-06T04:30:23.584000+00:00,xyz:SILVER,B,72.939,205.65,Open Long,0.0,1.349991,0x9880434a95c4ad5799f90434c4546a020802003030c7cc293c48ee9d54c88742
1770352223584,2026-02-06T04:30:23.584000+00:00,xyz:SILVER,B,72.94,112.98,Open Long,0.0,0.741668,0x9880434a95c4ad5799f90434c4546a020802003030c7cc293c48ee9d54c88742
1770352223584,2026-02-06T04:30:23.584000+00:00,xyz:SILVER,B,72.941,143.22,Open Long,0.0,0.940194,0x9880434a95c4ad5799f90434c4546a020802003030c7cc293c48ee9d54c88742
1770352223584,2026-02-06T04:30:23.584000+00:00,xyz:SILVER,B,72.942,1.3,Open Long,0.0,0.008534,0x9880434a95c4ad5799f90434c4546a020802003030c7cc293c48ee9d54c88742
1770352223584,2026-02-06T04:30:23.584000+00:00,xyz:SILVER,B,72.945,112.98,Open Long,0.0,0.741719,0x9880434a95c4ad5799f90434c4546a020802003030c7cc293c48ee9d54c88742
1770352223584,2026-02-06T04:30:23.584000+00:00,xyz:SILVER,B,72.949,52.21,Open Long,0.0,0.34278,0x9880434a95c4ad5799f90434c4546a020802003030c7cc293c48ee9d54c88742
1770352245351,2026-02-06T04:30:45.351000+00:00,xyz:SILVER,B,72.776,1.31,Open Long,0.0,0.00858,0x3712480efe855c4a388c0434c4556b0203a900f499887b1cdadaf361bd893634
1770352245351,2026-02-06T04:30:45.351000+00:00,xyz:SILVER,B,72.8,57.85,Open Long,0.0,0.379033,0x3712480efe855c4a388c0434c4556b0203a900f499887b1cdadaf361bd893634
1770632768558,2026-02-09T10:26:08.558000+00:00,xyz:SILVER,A,79.973,16.92,Close Long,120.09816,0.121782,0x0964debe24e7c4630ade0434f89ab202065c00a3bfeae335ad2d8a10e3eb9e4d
1770632768558,2026-02-09T10:26:08.558000+00:00,xyz:SILVER,A,79.972,281.34,Close Long,1996.66998,2.024939,0x0964debe24e7c4630ade0434f89ab202065c00a3bfeae335ad2d8a10e3eb9e4d
1770632768558,2026-02-09T10:26:08.558000+00:00,xyz:SILVER,A,79.97,88.01,Close Long,624.43095,0.633434,0x0964debe24e7c4630ade0434f89ab202065c00a3bfeae335ad2d8a10e3eb9e4d
1770632768558,2026-02-09T10:26:08.558000+00:00,xyz:SILVER,A,79.969,345.49,Close Long,2450.90606,2.486564,0x0964debe24e7c4630ade0434f89ab202065c00a3bfeae335ad2d8a10e3eb9e4d
1770632768558,2026-02-09T10:26:08.558000+00:00,xyz:SILVER,A,79.968,4.05,Close Long,28.72665,0.029148,0x0964debe24e7c4630ade0434f89ab202065c00a3bfeae335ad2d8a10e3eb9e4d
1770632768558,2026-02-09T10:26:08.558000+00:00,xyz:SILVER,A,79.967,88.01,Close Long,624.16692,0.63341,0x0964debe24e7c4630ade0434f89ab202065c00a3bfeae335ad2d8a10e3eb9e4d
1770632768558,2026-02-09T10:26:08.558000+00:00,xyz:SILVER,A,79.964,88.01,Close Long,623.90289,0.633386,0x0964debe24e7c4630ade0434f89ab202065c00a3bfeae335ad2d8a10e3eb9e4d
1770632768558,2026-02-09T10:26:08.558000+00:00,xyz:SILVER,A,79.961,88.01,Close Long,623.63886,0.633363,0x0964debe24e7c4630ade0434f89ab202065c00a3bfeae335ad2d8a10e3eb9e4d
1770632768558,2026-02-09T10:26:08.558000+00:00,xyz:SILVER,A,79.96,125.15,Close Long,886.68775,0.900629,0x0964debe24e7c4630ade0434f89ab202065c00a3bfeae335ad2d8a10e3eb9e4d
1770632768558,2026-02-09T10:26:08.558000+00:00,xyz:SILVER,A,79.959,345.49,Close Long,2447.45116,2.486253,0x0964debe24e7c4630ade0434f89ab202065c00a3bfeae335ad2d8a10e3eb9e4d
1770632768558,2026-02-09T10:26:08.558000+00:00,xyz:SILVER,A,79.957,312.66,Close Long,2214.25812,2.249942,0x0964debe24e7c4630ade0434f89ab202065c00a3bfeae335ad2d8a10e3eb9e4d
1770632768558,2026-02-09T10:26:08.558000+00:00,xyz:SILVER,A,79.955,0.24,Close Long,1.6992,0.001727,0x0964debe24e7c4630ade0434f89ab202065c00a3bfeae335ad2d8a10e3eb9e4d
1770632768558,2026-02-09T10:26:08.558000+00:00,xyz:SILVER,A,79.95,166.47,Close Long,1177.77525,1.197834,0x0964debe24e7c4630ade0434f89ab202065c00a3bfeae335ad2d8a10e3eb9e4d
1770632768558,2026-02-09T10:26:08.558000+00:00,xyz:SILVER,A,79.949,19.74,Close Long,139.64076,0.142037,0x0964debe24e7c4630ade0434f89ab202065c00a3bfeae335ad2d8a10e3eb9e4d
1770632768558,2026-02-09T10:26:08.558000+00:00,xyz:SILVER,A,79.942,345.49,Close Long,2441.57783,2.485724,0x0964debe24e7c4630ade0434f89ab202065c00a3bfeae335ad2d8a10e3eb9e4d
1770632768558,2026-02-09T10:26:08.558000+00:00,xyz:SILVER,A,79.941,254.48,Close Long,1798.15568,1.830904,0x0964debe24e7c4630ade0434f89ab202065c00a3bfeae335ad2d8a10e3eb9e4d
1770632768558,2026-02-09T10:26:08.558000+00:00,xyz:SILVER,A,79.937,96.84,Close Long,683.88408,0.696698,0x0964debe24e7c4630ade0434f89ab202065c00a3bfeae335ad2d8a10e3eb9e4d
1770833222517,2026-02-11T18:07:02.517000+00:00,xyz:SILVER,B,84.4,723.51,Open Long,0.0,1.831927,0x74443bbdd92499ae75bd04351dca4502072100a37427b880180ce71098287399
1770833222517,2026-02-11T18:07:02.517000+00:00,xyz:SILVER,B,84.4,392.53,Open Long,0.0,0.993885,0x0adff096a5aead8c0c5904351dca45020729007c40a1cc5eaea89be964a28776
1770833222517,2026-02-11T18:07:02.517000+00:00,xyz:SILVER,B,84.4,392.53,Open Long,0.0,0.993885,0x8901419e2574f9f68a7a04351dca4502072e0083c07818c82cc9ecf0e478d3e1
1770833222517,2026-02-11T18:07:02.517000+00:00,xyz:SILVER,B,84.4,790.36,Open Long,0.0,2.001191,0x1f9cf676f1ff0dd4211604351dca45020736005c8cf22ca6c365a1c9b0f2e7be
1770913085870,2026-02-12T16:18:05.870000+00:00,xyz:SILVER,A,77.893,16.54,Close Long,-107.62578,0.115951,0x43f8c6af3a5a9246457204352c9c06021d270094d55db118e7c17201f95e6c30
1770913085870,2026-02-12T16:18:05.870000+00:00,xyz:SILVER,A,77.884,212.76,Close Long,-1386.34416,1.491353,0x43f8c6af3a5a9246457204352c9c06021d270094d55db118e7c17201f95e6c30
1770913085870,2026-02-12T16:18:05.870000+00:00,xyz:SILVER,A,77.878,23.05,Close Long,-150.3321,0.161557,0x43f8c6af3a5a9246457204352c9c06021d270094d55db118e7c17201f95e6c30
1770913085870,2026-02-12T16:18:05.870000+00:00,xyz:SILVER,A,77.875,23.05,Close Long,-150.40125,0.161551,0x43f8c6af3a5a9246457204352c9c06021d270094d55db118e7c17201f95e6c30
1770913085870,2026-02-12T16:18:05.870000+00:00,xyz:SILVER,A,77.87,23.05,Close Long,-150.5165,0.161541,0x43f8c6af3a5a9246457204352c9c06021d270094d55db118e7c17201f95e6c30
1770913085870,2026-02-12T16:18:05.870000+00:00,xyz:SILVER,A,77.865,0.25,Close Long,-1.63375,0.001751,0x43f8c6af3a5a9246457204352c9c06021d270094d55db118e7c17201f95e6c30
1770913085870,2026-02-12T16:18:05.870000+00:00,xyz:SILVER,A,77.858,23.05,Close Long,-150.7931,0.161516,0x43f8c6af3a5a9246457204352c9c06021d270094d55db118e7c17201f95e6c30
1770913085870,2026-02-12T16:18:05.870000+00:00,xyz:SILVER,A,77.856,20.55,Close Long,-134.4792,0.143994,0x43f8c6af3a5a9246457204352c9c06021d270094d55db118e7c17201f95e6c30
1770913085870,2026-02-12T16:18:05.870000+00:00,xyz:SILVER,A,77.855,25.0,Close Long,-163.625,0.175173,0x43f8c6af3a5a9246457204352c9c06021d270094d55db118e7c17201f95e6c30
1770913085870,2026-02-12T16:18:05.870000+00:00,xyz:SILVER,A,77.855,23.05,Close Long,-150.86225,0.16151,0x43f8c6af3a5a9246457204352c9c06021d270094d55db118e7c17201f95e6c30
1770913085870,2026-02-12T16:18:05.870000+00:00,xyz:SILVER,A,77.852,69.43,Close Long,-454.62764,0.486473,0x43f8c6af3a5a9246457204352c9c06021d270094d55db118e7c17201f95e6c30
1770913088616,2026-02-12T16:18:08.616000+00:00,xyz:SILVER,A,77.89,1.92,Close Long,-12.4992,0.013459,0x18d24e4539dba5921a4c04352c9c2702057a002ad4dec464bc9af997f8df7f7c
1770913088616,2026-02-12T16:18:08.616000+00:00,xyz:SILVER,A,77.888,368.93,Close Long,-2402.47216,2.586169,0x18d24e4539dba5921a4c04352c9c2702057a002ad4dec464bc9af997f8df7f7c
1770913088616,2026-02-12T16:18:08.616000+00:00,xyz:SILVER,A,77.873,38.51,Close Long,-251.35477,0.2699,0x18d24e4539dba5921a4c04352c9c2702057a002ad4dec464bc9af997f8df7f7c
1770913088616,2026-02-12T16:18:08.616000+00:00,xyz:SILVER,A,77.872,9.65,Close Long,-62.9952,0.067631,0x18d24e4539dba5921a4c04352c9c2702057a002ad4dec464bc9af997f8df7f7c
1770913088616,2026-02-12T16:18:08.616000+00:00,xyz:SILVER,A,77.872,565.03,Close Long,-3688.51584,3.960001,0x18d24e4539dba5921a4c04352c9c2702057a002ad4dec464bc9af997f8df7f7c
1770913088616,2026-02-12T16:18:08.616000+00:00,xyz:SILVER,A,77.871,12.74,Close Long,-83.17946,0.089286,0x18d24e4539dba5921a4c04352c9c2702057a002ad4dec464bc9af997f8df7f7c
1770913088616,2026-02-12T16:18:08.616000+00:00,xyz:SILVER,A,77.854,0.15,Close Long,-0.9819,0.001051,0x18d24e4539dba5921a4c04352c9c2702057a002ad4dec464bc9af997f8df7f7c
1770913088616,2026-02-12T16:18:08.616000+00:00,xyz:SILVER,A,77.853,6.15,Close Long,-40.26405,0.043091,0x18d24e4539dba5921a4c04352c9c2702057a002ad4dec464bc9af997f8df7f7c
1770913088616,2026-02-12T16:18:08.616000+00:00,xyz:SILVER,A,77.851,190.82,Close Long,-1249.68018,1.336997,0x18d24e4539dba5921a4c04352c9c2702057a002ad4dec464bc9af997f8df7f7c
1770913088616,2026-02-12T16:18:08.616000+00:00,xyz:SILVER,A,77.851,122.47,Close Long,-802.05603,0.858097,0x18d24e4539dba5921a4c04352c9c2702057a002ad4dec464bc9af997f8df7f7c
1770913088616,2026-02-12T16:18:08.616000+00:00,xyz:SILVER,A,77.85,1.92,Close Long,-12.576,0.013452,0x18d24e4539dba5921a4c04352c9c2702057a002ad4dec464bc9af997f8df7f7c
1770913088616,2026-02-12T16:18:08.616000+00:00,xyz:SILVER,A,77.848,9.65,Close Long,-63.2268,0.06761,0x18d24e4539dba5921a4c04352c9c2702057a002ad4dec464bc9af997f8df7f7c
1770913088616,2026-02-12T16:18:08.616000+00:00,xyz:SILVER,A,77.831,511.21,Close Long,-3358.13849,3.580918,0x18d24e4539dba5921a4c04352c9c2702057a002ad4dec464bc9af997f8df7f7c
1770913898312,2026-02-12T16:31:38.312000+00:00,xyz:SILVER,B,77.195,54.71,Open Long,0.0,0.3801,0x1e9c636f0c0f56eb201604352cc2fa020c360054a70275bdc2650ec1cb0330d5
1770913898312,2026-02-12T16:31:38.312000+00:00,xyz:SILVER,B,77.2,54.71,Open Long,0.0,0.380125,0x1e9c636f0c0f56eb201604352cc2fa020c360054a70275bdc2650ec1cb0330d5
1770913898312,2026-02-12T16:31:38.312000+00:00,xyz:SILVER,B,77.203,54.71,Open Long,0.0,0.380139,0x1e9c636f0c0f56eb201604352cc2fa020c360054a70275bdc2650ec1cb0330d5
1770913898312,2026-02-12T16:31:38.312000+00:00,xyz:SILVER,B,77.208,54.71,Open Long,0.0,0.380164,0x1e9c636f0c0f56eb201604352cc2fa020c360054a70275bdc2650ec1cb0330d5
1770913898312,2026-02-12T16:31:38.312000+00:00,xyz:SILVER,B,77.208,38.85,Open Long,0.0,0.269957,0x1e9c636f0c0f56eb201604352cc2fa020c360054a70275bdc2650ec1cb0330d5
1770913898312,2026-02-12T16:31:38.312000+00:00,xyz:SILVER,B,77.209,388.35,Open Long,0.0,2.69857,0x1e9c636f0c0f56eb201604352cc2fa020c360054a70275bdc2650ec1cb0330d5
1770913898312,2026-02-12T16:31:38.312000+00:00,xyz:SILVER,B,77.209,0.25,Open Long,0.0,0.001737,0x1e9c636f0c0f56eb201604352cc2fa020c360054a70275bdc2650ec1cb0330d5
1770913898312,2026-02-12T16:31:38.312000+00:00,xyz:SILVER,B,77.213,54.71,Open Long,0.0,0.380189,0x1e9c636f0c0f56eb201604352cc2fa020c360054a70275bdc2650ec1cb0330d5
1770913898312,2026-02-12T16:31:38.312000+00:00,xyz:SILVER,B,77.215,19.4,Open Long,0.0,0.134817,0x1e9c636f0c0f56eb201604352cc2fa020c360054a70275bdc2650ec1cb0330d5
1770913898312,2026-02-12T16:31:38.312000+00:00,xyz:SILVER,B,77.217,388.35,Open Long,0.0,2.698849,0x1e9c636f0c0f56eb201604352cc2fa020c360054a70275bdc2650ec1cb0330d5
1770913898312,2026-02-12T16:31:38.312000+00:00,xyz:SILVER,B,77.218,54.71,Open Long,0.0,0.380213,0x1e9c636f0c0f56eb201604352cc2fa020c360054a70275bdc2650ec1cb0330d5
1770913898312,2026-02-12T16:31:38.312000+00:00,xyz:SILVER,B,77.222,3.27,Open Long,0.0,0.022726,0x1e9c636f0c0f56eb201604352cc2fa020c360054a70275bdc2650ec1cb0330d5
1770913898312,2026-02-12T16:31:38.312000+00:00,xyz:SILVER,B,77.222,86.17,Open Long,0.0,0.598879,0x1e9c636f0c0f56eb201604352cc2fa020c360054a70275bdc2650ec1cb0330d5
1770914390267,2026-02-12T16:39:50.267000+00:00,xyz:SILVER,B,78.011,76.91,Open Long,0.0,0.539984,0x474e7524763533fd48c804352cdacd021372000a113852cfeb17207735390de7
1770914390267,2026-02-12T16:39:50.267000+00:00,xyz:SILVER,B,78.02,388.35,Open Long,0.0,2.726916,0x474e7524763533fd48c804352cdacd021372000a113852cfeb17207735390de7
1770914390267,2026-02-12T16:39:50.267000+00:00,xyz:SILVER,B,78.024,58.03,Open Long,0.0,0.407495,0x474e7524763533fd48c804352cdacd021372000a113852cfeb17207735390de7
1770914390267,2026-02-12T16:39:50.267000+00:00,xyz:SILVER,B,78.027,388.35,Open Long,0.0,2.72716,0x474e7524763533fd48c804352cdacd021372000a113852cfeb17207735390de7
1770914390267,2026-02-12T16:39:50.267000+00:00,xyz:SILVER,B,78.027,58.03,Open Long,0.0,0.407511,0x474e7524763533fd48c804352cdacd021372000a113852cfeb17207735390de7
1770914390267,2026-02-12T16:39:50.267000+00:00,xyz:SILVER,B,78.03,77.01,Open Long,0.0,0.540818,0x474e7524763533fd48c804352cdacd021372000a113852cfeb17207735390de7
1770914390267,2026-02-12T16:39:50.267000+00:00,xyz:SILVER,B,78.039,58.03,Open Long,0.0,0.407574,0x474e7524763533fd48c804352cdacd021372000a113852cfeb17207735390de7
1770914390267,2026-02-12T16:39:50.267000+00:00,xyz:SILVER,B,78.042,339.64,Open Long,0.0,2.385556,0x474e7524763533fd48c804352cdacd021372000a113852cfeb17207735390de7
1770914954598,2026-02-12T16:49:14.598000+00:00,xyz:SILVER,A,75.404,5.05,Close Long,-11.33725,0.034271,0xbfbc249362561684c13504352cf657020a520078fd5935566384cfe62159f06f
1770914954598,2026-02-12T16:49:14.598000+00:00,xyz:SILVER,A,75.403,388.35,Close Long,-872.2341,2.635447,0xbfbc249362561684c13504352cf657020a520078fd5935566384cfe62159f06f
1770914954598,2026-02-12T16:49:14.598000+00:00,xyz:SILVER,A,75.4,15.0,Close Long,-33.735,0.10179,0xbfbc249362561684c13504352cf657020a520078fd5935566384cfe62159f06f
1770914954598,2026-02-12T16:49:14.598000+00:00,xyz:SILVER,A,75.4,1.99,Close Long,-4.47551,0.013504,0xbfbc249362561684c13504352cf657020a520078fd5935566384cfe62159f06f
1770914954598,2026-02-12T16:49:14.598000+00:00,xyz:SILVER,A,75.394,85.78,Close Long,-193.4339,0.582056,0xbfbc249362561684c13504352cf657020a520078fd5935566384cfe62159f06f
1770914954598,2026-02-12T16:49:14.598000+00:00,xyz:SILVER,A,75.393,43.28,Close Long,-97.63968,0.29367,0xbfbc249362561684c13504352cf657020a520078fd5935566384cfe62159f06f
1770914957609,2026-02-12T16:49:17.609000+00:00,xyz:SILVER,A,75.393,388.35,Close Long,-876.1176,2.635098,0x3f58ec8496969bc040d204352cf68202061f006a3199ba92e32197d7559a75aa
1770914957609,2026-02-12T16:49:17.609000+00:00,xyz:SILVER,A,75.386,388.35,Close Long,-878.83605,2.634853,0x3f58ec8496969bc040d204352cf68202061f006a3199ba92e32197d7559a75aa
1770914957609,2026-02-12T16:49:17.609000+00:00,xyz:SILVER,A,75.384,71.41,Close Long,-161.74365,0.484485,0x3f58ec8496969bc040d204352cf68202061f006a3199ba92e32197d7559a75aa
1770914957609,2026-02-12T16:49:17.609000+00:00,xyz:SILVER,A,75.381,71.41,Close Long,-161.95788,0.484466,0x3f58ec8496969bc040d204352cf68202061f006a3199ba92e32197d7559a75aa
1770914957609,2026-02-12T16:49:17.609000+00:00,xyz:SILVER,A,75.379,4.75,Close Long,-10.7825,0.032224,0x3f58ec8496969bc040d204352cf68202061f006a3199ba92e32197d7559a75aa
1770914957609,2026-02-12T16:49:17.609000+00:00,xyz:SILVER,A,75.378,0.26,Close Long,-0.59046,0.001763,0x3f58ec8496969bc040d204352cf68202061f006a3199ba92e32197d7559a75aa
1770914957609,2026-02-12T16:49:17.609000+00:00,xyz:SILVER,A,75.378,71.41,Close Long,-162.17211,0.484446,0x3f58ec8496969bc040d204352cf68202061f006a3199ba92e32197d7559a75aa
1770914957609,2026-02-12T16:49:17.609000+00:00,xyz:SILVER,A,75.378,388.35,Close Long,-881.94285,2.634574,0x3f58ec8496969bc040d204352cf68202061f006a3199ba92e32197d7559a75aa
1770914957609,2026-02-12T16:49:17.609000+00:00,xyz:SILVER,A,75.377,100.0,Close Long,-227.2,0.678393,0x3f58ec8496969bc040d204352cf68202061f006a3199ba92e32197d7559a75aa
1770914957609,2026-02-12T16:49:17.609000+00:00,xyz:SILVER,A,75.374,19.25,Close Long,-43.79375,0.130585,0x3f58ec8496969bc040d204352cf68202061f006a3199ba92e32197d7559a75aa
1770914957609,2026-02-12T16:49:17.609000+00:00,xyz:SILVER,A,75.372,71.41,Close Long,-162.60057,0.484408,0x3f58ec8496969bc040d204352cf68202061f006a3199ba92e32197d7559a75aa
1770914957609,2026-02-12T16:49:17.609000+00:00,xyz:SILVER,A,75.369,85.78,Close Long,-195.5784,0.581863,0x3f58ec8496969bc040d204352cf68202061f006a3199ba92e32197d7559a75aa
1770914957609,2026-02-12T16:49:17.609000+00:00,xyz:SILVER,A,75.369,3.27,Close Long,-7.4556,0.022181,0x3f58ec8496969bc040d204352cf68202061f006a3199ba92e32197d7559a75aa
1770914957609,2026-02-12T16:49:17.609000+00:00,xyz:SILVER,A,75.369,71.41,Close Long,-162.8148,0.484389,0x3f58ec8496969bc040d204352cf68202061f006a3199ba92e32197d7559a75aa
1770914957609,2026-02-12T16:49:17.609000+00:00,xyz:SILVER,A,75.369,13.27,Close Long,-30.2556,0.090013,0x3f58ec8496969bc040d204352cf68202061f006a3199ba92e32197d7559a75aa
1770914957609,2026-02-12T16:49:17.609000+00:00,xyz:SILVER,A,75.368,388.35,Close Long,-885.82635,2.634224,0x3f58ec8496969bc040d204352cf68202061f006a3199ba92e32197d7559a75aa
1770914957609,2026-02-12T16:49:17.609000+00:00,xyz:SILVER,A,75.366,20.77,Close Long,-47.41791,0.140881,0x3f58ec8496969bc040d204352cf68202061f006a3199ba92e32197d7559a75aa
1770915000059,2026-02-12T16:50:00.059000+00:00,xyz:SILVER,B,75.135,0.26,Open Long,0.0,0.001758,0x28b4a552e9941a622a2e04352cf8bd020868003884973934cc7d50a5a897f44c
1770915000059,2026-02-12T16:50:00.059000+00:00,xyz:SILVER,B,75.143,3.27,Open Long,0.0,0.022114,0x28b4a552e9941a622a2e04352cf8bd020868003884973934cc7d50a5a897f44c
1770915000059,2026-02-12T16:50:00.059000+00:00,xyz:SILVER,B,75.147,72.49,Open Long,0.0,0.490266,0x28b4a552e9941a622a2e04352cf8bd020868003884973934cc7d50a5a897f44c
1770915000059,2026-02-12T16:50:00.059000+00:00,xyz:SILVER,B,75.147,13.31,Open Long,0.0,0.090018,0x28b4a552e9941a622a2e04352cf8bd020868003884973934cc7d50a5a897f44c
1770915000059,2026-02-12T16:50:00.059000+00:00,xyz:SILVER,B,75.148,302.64,Open Long,0.0,2.046851,0x28b4a552e9941a622a2e04352cf8bd020868003884973934cc7d50a5a897f44c
1770915000059,2026-02-12T16:50:00.059000+00:00,xyz:SILVER,B,75.15,2.0,Open Long,0.0,0.013527,0x28b4a552e9941a622a2e04352cf8bd020868003884973934cc7d50a5a897f44c
1770915000059,2026-02-12T16:50:00.059000+00:00,xyz:SILVER,B,75.155,92.66,Open Long,0.0,0.626747,0x28b4a552e9941a622a2e04352cf8bd020868003884973934cc7d50a5a897f44c
1770915000059,2026-02-12T16:50:00.059000+00:00,xyz:SILVER,B,75.156,231.02,Open Long,0.0,1.562628,0x28b4a552e9941a622a2e04352cf8bd020868003884973934cc7d50a5a897f44c
1770915000059,2026-02-12T16:50:00.059000+00:00,xyz:SILVER,B,75.156,71.41,Open Long,0.0,0.48302,0x28b4a552e9941a622a2e04352cf8bd020868003884973934cc7d50a5a897f44c
1770915000059,2026-02-12T16:50:00.059000+00:00,xyz:SILVER,B,75.157,26.63,Open Long,0.0,0.180128,0x28b4a552e9941a622a2e04352cf8bd020868003884973934cc7d50a5a897f44c
1770915000059,2026-02-12T16:50:00.059000+00:00,xyz:SILVER,B,75.157,332.92,Open Long,0.0,2.251914,0x28b4a552e9941a622a2e04352cf8bd020868003884973934cc7d50a5a897f44c
1770915000059,2026-02-12T16:50:00.059000+00:00,xyz:SILVER,B,75.157,53.24,Open Long,0.0,0.360122,0x28b4a552e9941a622a2e04352cf8bd020868003884973934cc7d50a5a897f44c
1770980756566,2026-02-13T11:05:56.566000+00:00,xyz:SILVER,A,76.935,2.59,Close Long,4.614085,0.017933,0xa347cc42e620f9dfa4c104353920da0202c80028812418b147107795a524d3ca
1770980756566,2026-02-13T11:05:56.566000+00:00,xyz:SILVER,A,76.934,297.86,Close Long,530.33973,2.0624,0xa347cc42e620f9dfa4c104353920da0202c80028812418b147107795a524d3ca
1770980756566,2026-02-13T11:05:56.566000+00:00,xyz:SILVER,A,76.931,19.11,Close Long,33.968025,0.132313,0xa347cc42e620f9dfa4c104353920da0202c80028812418b147107795a524d3ca
1770980756566,2026-02-13T11:05:56.566000+00:00,xyz:SILVER,A,76.931,67.12,Close Long,119.3058,0.464724,0xa347cc42e620f9dfa4c104353920da0202c80028812418b147107795a524d3ca
1770980756566,2026-02-13T11:05:56.566000+00:00,xyz:SILVER,A,76.93,1.0,Close Long,1.7765,0.006923,0xa347cc42e620f9dfa4c104353920da0202c80028812418b147107795a524d3ca
1770980756566,2026-02-13T11:05:56.566000+00:00,xyz:SILVER,A,76.928,325.19,Close Long,577.049655,2.251459,0xa347cc42e620f9dfa4c104353920da0202c80028812418b147107795a524d3ca
1770980756566,2026-02-13T11:05:56.566000+00:00,xyz:SILVER,A,76.927,52.03,Close Long,92.275205,0.360226,0xa347cc42e620f9dfa4c104353920da0202c80028812418b147107795a524d3ca
1770980756566,2026-02-13T11:05:56.566000+00:00,xyz:SILVER,A,76.926,1.3,Close Long,2.30425,0.009,0xa347cc42e620f9dfa4c104353920da0202c80028812418b147107795a524d3ca
1770980756566,2026-02-13T11:05:56.566000+00:00,xyz:SILVER,A,76.926,19.11,Close Long,33.872475,0.132305,0xa347cc42e620f9dfa4c104353920da0202c80028812418b147107795a524d3ca
1770980756566,2026-02-13T11:05:56.566000+00:00,xyz:SILVER,A,76.922,26.0,Close Long,45.981,0.179997,0xa347cc42e620f9dfa4c104353920da0202c80028812418b147107795a524d3ca
1770980756566,2026-02-13T11:05:56.566000+00:00,xyz:SILVER,A,76.921,19.11,Close Long,33.776925,0.132296,0xa347cc42e620f9dfa4c104353920da0202c80028812418b147107795a524d3ca
1770980756566,2026-02-13T11:05:56.566000+00:00,xyz:SILVER,A,76.921,297.86,Close Long,526.46755,2.062052,0xa347cc42e620f9dfa4c104353920da0202c80028812418b147107795a524d3ca
1770980756566,2026-02-13T11:05:56.566000+00:00,xyz:SILVER,A,76.92,1.0,Close Long,1.7665,0.006922,0xa347cc42e620f9dfa4c104353920da0202c80028812418b147107795a524d3ca
1770980756566,2026-02-13T11:05:56.566000+00:00,xyz:SILVER,A,76.917,6.66,Close Long,11.74491,0.046104,0xa347cc42e620f9dfa4c104353920da0202c80028812418b147107795a524d3ca
1770980756566,2026-02-13T11:05:56.566000+00:00,xyz:SILVER,A,76.916,19.11,Close Long,33.681375,0.132287,0xa347cc42e620f9dfa4c104353920da0202c80028812418b147107795a524d3ca
1770980756566,2026-02-13T11:05:56.566000+00:00,xyz:SILVER,A,76.913,46.8,Close Long,82.3446,0.323957,0xa347cc42e620f9dfa4c104353920da0202c80028812418b147107795a524d3ca
1771099428794,2026-02-14T20:03:48.794000+00:00,BNB,B,633.56,1.0,Open Long,0.0,0.285102,0x32aae02c2cb913c2342404354f10d80201a30011c7bc3294d6738b7eebbcedac
1771099428794,2026-02-14T20:03:48.794000+00:00,BNB,B,633.62,0.92,Open Long,0.0,0.262318,0x32aae02c2cb913c2342404354f10d80201a30011c7bc3294d6738b7eebbcedac
1771099428794,2026-02-14T20:03:48.794000+00:00,BNB,B,633.63,0.345,Open Long,0.0,0.098371,0x32aae02c2cb913c2342404354f10d80201a30011c7bc3294d6738b7eebbcedac
1771099428794,2026-02-14T20:03:48.794000+00:00,BNB,B,633.64,4.191,Open Long,0.0,1.195013,0x32aae02c2cb913c2342404354f10d80201a30011c7bc3294d6738b7eebbcedac
1771099428794,2026-02-14T20:03:48.794000+00:00,BNB,B,633.66,0.248,Open Long,0.0,0.070716,0x32aae02c2cb913c2342404354f10d80201a30011c7bc3294d6738b7eebbcedac
1771099428794,2026-02-14T20:03:48.794000+00:00,BNB,B,633.66,0.98,Open Long,0.0,0.279444,0x32aae02c2cb913c2342404354f10d80201a30011c7bc3294d6738b7eebbcedac
1771099428794,2026-02-14T20:03:48.794000+00:00,BNB,B,633.66,1.047,Open Long,0.0,0.298548,0x32aae02c2cb913c2342404354f10d80201a30011c7bc3294d6738b7eebbcedac
1771099428794,2026-02-14T20:03:48.794000+00:00,BNB,B,633.67,19.816,Open Long,0.0,5.650562,0x32aae02c2cb913c2342404354f10d80201a30011c7bc3294d6738b7eebbcedac
1771099428794,2026-02-14T20:03:48.794000+00:00,BNB,B,633.68,0.687,Open Long,0.0,0.195902,0x32aae02c2cb913c2342404354f10d80201a30011c7bc3294d6738b7eebbcedac
1771099428794,2026-02-14T20:03:48.794000+00:00,BNB,B,633.72,2.946,Open Long,0.0,0.840122,0x32aae02c2cb913c2342404354f10d80201a30011c7bc3294d6738b7eebbcedac
1771099428794,2026-02-14T20:03:48.794000+00:00,BNB,B,633.73,6.135,Open Long,0.0,1.74957,0x32aae02c2cb913c2342404354f10d80201a30011c7bc3294d6738b7eebbcedac
1771099428794,2026-02-14T20:03:48.794000+00:00,BNB,B,633.73,2.214,Open Long,0.0,0.631385,0x32aae02c2cb913c2342404354f10d80201a30011c7bc3294d6738b7eebbcedac
1771099428794,2026-02-14T20:03:48.794000+00:00,BNB,B,633.73,5.29,Open Long,0.0,1.508594,0x32aae02c2cb913c2342404354f10d80201a30011c7bc3294d6738b7eebbcedac
1771099428794,2026-02-14T20:03:48.794000+00:00,BNB,B,633.74,1.793,Open Long,0.0,0.511333,0x32aae02c2cb913c2342404354f10d80201a30011c7bc3294d6738b7eebbcedac
1771099428794,2026-02-14T20:03:48.794000+00:00,BNB,B,633.76,7.889,Open Long,0.0,2.249879,0x32aae02c2cb913c2342404354f10d80201a30011c7bc3294d6738b7eebbcedac
1771099428794,2026-02-14T20:03:48.794000+00:00,BNB,B,633.76,1.875,Open Long,0.0,0.534735,0x32aae02c2cb913c2342404354f10d80201a30011c7bc3294d6738b7eebbcedac
1771099428794,2026-02-14T20:03:48.794000+00:00,BNB,B,633.79,46.928,Open Long,0.0,13.384123,0x32aae02c2cb913c2342404354f10d80201a30011c7bc3294d6738b7eebbcedac
1771144062357,2026-02-15T08:27:42.357000+00:00,BNB,A,635.77,6.309,Close Long,12.813579,1.804982,0x2a837648a4c9743b2bfd043557545d020573002e3fcc930dce4c219b63cd4e25
1771144062357,2026-02-15T08:27:42.357000+00:00,BNB,A,635.77,1.0,Close Long,2.031,0.286096,0x2a837648a4c9743b2bfd043557545d020573002e3fcc930dce4c219b63cd4e25
1771144062357,2026-02-15T08:27:42.357000+00:00,BNB,A,635.74,5.346,Close Long,10.697346,1.529399,0x2a837648a4c9743b2bfd043557545d020573002e3fcc930dce4c219b63cd4e25
1771144062357,2026-02-15T08:27:42.357000+00:00,BNB,A,635.65,1.793,Close Long,3.426423,0.512874,0x2a837648a4c9743b2bfd043557545d020573002e3fcc930dce4c219b63cd4e25
1771144062357,2026-02-15T08:27:42.357000+00:00,BNB,A,635.64,19.563,Close Long,37.189263,5.595761,0x2a837648a4c9743b2bfd043557545d020573002e3fcc930dce4c219b63cd4e25
1771144062357,2026-02-15T08:27:42.357000+00:00,BNB,A,635.63,17.564,Close Long,33.213524,5.023892,0x2a837648a4c9743b2bfd043557545d020573002e3fcc930dce4c219b63cd4e25
1771144062357,2026-02-15T08:27:42.357000+00:00,BNB,A,635.62,0.786,Close Long,1.478466,0.224818,0x2a837648a4c9743b2bfd043557545d020573002e3fcc930dce4c219b63cd4e25
1771144062357,2026-02-15T08:27:42.357000+00:00,BNB,A,635.6,7.866,Close Long,14.638626,2.249833,0x2a837648a4c9743b2bfd043557545d020573002e3fcc930dce4c219b63cd4e25
1771144062357,2026-02-15T08:27:42.357000+00:00,BNB,A,635.6,0.143,Close Long,0.266123,0.0409,0x2a837648a4c9743b2bfd043557545d020573002e3fcc930dce4c219b63cd4e25
1771144062357,2026-02-15T08:27:42.357000+00:00,BNB,A,635.6,6.417,Close Long,11.942037,1.83539,0x2a837648a4c9743b2bfd043557545d020573002e3fcc930dce4c219b63cd4e25
1771144062357,2026-02-15T08:27:42.357000+00:00,BNB,A,635.59,5.802,Close Long,10.739502,1.659461,0x2a837648a4c9743b2bfd043557545d020573002e3fcc930dce4c219b63cd4e25
1771144062357,2026-02-15T08:27:42.357000+00:00,BNB,A,635.59,31.715,Close Long,58.704465,9.070981,0x2a837648a4c9743b2bfd043557545d020573002e3fcc930dce4c219b63cd4e25
1771152753086,2026-02-15T10:52:33.086000+00:00,BNB,B,629.33,1.042,Open Long,0.0,0.295092,0xc21601e2e8ece198c38f043558f2ea02018400c883e0006a65dead35a7e0bb83
1771152753086,2026-02-15T10:52:33.086000+00:00,BNB,B,629.33,1.088,Open Long,0.0,0.308119,0xc21601e2e8ece198c38f043558f2ea02018400c883e0006a65dead35a7e0bb83
1771152753086,2026-02-15T10:52:33.086000+00:00,BNB,B,629.39,0.717,Open Long,0.0,0.203072,0xc21601e2e8ece198c38f043558f2ea02018400c883e0006a65dead35a7e0bb83
1771152753086,2026-02-15T10:52:33.086000+00:00,BNB,B,629.43,4.321,Open Long,0.0,1.223895,0xc21601e2e8ece198c38f043558f2ea02018400c883e0006a65dead35a7e0bb83
1771152753086,2026-02-15T10:52:33.086000+00:00,BNB,B,629.45,2.191,Open Long,0.0,0.620606,0xc21601e2e8ece198c38f043558f2ea02018400c883e0006a65dead35a7e0bb83
1771152753086,2026-02-15T10:52:33.086000+00:00,BNB,B,629.45,2.011,Open Long,0.0,0.56962,0xc21601e2e8ece198c38f043558f2ea02018400c883e0006a65dead35a7e0bb83
1771152753086,2026-02-15T10:52:33.086000+00:00,BNB,B,629.51,0.5,Open Long,0.0,0.141639,0xc21601e2e8ece198c38f043558f2ea02018400c883e0006a65dead35a7e0bb83
1771152753086,2026-02-15T10:52:33.086000+00:00,BNB,B,629.52,0.5,Open Long,0.0,0.141642,0xc21601e2e8ece198c38f043558f2ea02018400c883e0006a65dead35a7e0bb83
1771152753086,2026-02-15T10:52:33.086000+00:00,BNB,B,629.52,1.0,Open Long,0.0,0.283284,0xc21601e2e8ece198c38f043558f2ea02018400c883e0006a65dead35a7e0bb83
1771152753086,2026-02-15T10:52:33.086000+00:00,BNB,B,629.53,19.861,Open Long,0.0,5.626392,0xc21601e2e8ece198c38f043558f2ea02018400c883e0006a65dead35a7e0bb83
1771152753086,2026-02-15T10:52:33.086000+00:00,BNB,B,629.57,0.417,Open Long,0.0,0.118138,0xc21601e2e8ece198c38f043558f2ea02018400c883e0006a65dead35a7e0bb83
1771152753086,2026-02-15T10:52:33.086000+00:00,BNB,B,629.59,2.592,Open Long,0.0,0.734353,0xc21601e2e8ece198c38f043558f2ea02018400c883e0006a65dead35a7e0bb83
1771152753086,2026-02-15T10:52:33.086000+00:00,BNB,B,629.63,3.177,Open Long,0.0,0.90015,0xc21601e2e8ece198c38f043558f2ea02018400c883e0006a65dead35a7e0bb83
1771152753086,2026-02-15T10:52:33.086000+00:00,BNB,B,629.64,0.248,Open Long,0.0,0.070267,0xc21601e2e8ece198c38f043558f2ea02018400c883e0006a65dead35a7e0bb83
1771152753086,2026-02-15T10:52:33.086000+00:00,BNB,B,629.65,0.794,Open Long,0.0,0.224973,0xc21601e2e8ece198c38f043558f2ea02018400c883e0006a65dead35a7e0bb83
1771152753086,2026-02-15T10:52:33.086000+00:00,BNB,B,629.66,66.643,Open Long,0.0,18.883094,0xc21601e2e8ece198c38f043558f2ea02018400c883e0006a65dead35a7e0bb83
1771174227603,2026-02-15T16:50:27.603000+00:00,BNB,B,619.26,1.088,Open Long,0.0,0.303189,0xa3524687869199b9a4cc04355cedea020217006d2194b88b471af1da459573a4
1771174227603,2026-02-15T16:50:27.603000+00:00,BNB,B,619.26,1.022,Open Long,0.0,0.284797,0xa3524687869199b9a4cc04355cedea020217006d2194b88b471af1da459573a4
1771174227603,2026-02-15T16:50:27.603000+00:00,BNB,B,619.27,1.0,Open Long,0.0,0.278671,0xa3524687869199b9a4cc04355cedea020217006d2194b88b471af1da459573a4
1771174227603,2026-02-15T16:50:27.603000+00:00,BNB,B,619.29,0.718,Open Long,0.0,0.200092,0xa3524687869199b9a4cc04355cedea020217006d2194b88b471af1da459573a4
1771174227603,2026-02-15T16:50:27.603000+00:00,BNB,B,619.29,1.123,Open Long,0.0,0.312958,0xa3524687869199b9a4cc04355cedea020217006d2194b88b471af1da459573a4
1771174227603,2026-02-15T16:50:27.603000+00:00,BNB,B,619.29,0.994,Open Long,0.0,0.277008,0xa3524687869199b9a4cc04355cedea020217006d2194b88b471af1da459573a4
1771174227603,2026-02-15T16:50:27.603000+00:00,BNB,B,619.31,5.505,Open Long,0.0,1.534185,0xa3524687869199b9a4cc04355cedea020217006d2194b88b471af1da459573a4
1771174227603,2026-02-15T16:50:27.603000+00:00,BNB,B,619.33,4.5,Open Long,0.0,1.254143,0xa3524687869199b9a4cc04355cedea020217006d2194b88b471af1da459573a4
1771174227603,2026-02-15T16:50:27.603000+00:00,BNB,B,619.33,0.424,Open Long,0.0,0.118168,0xa3524687869199b9a4cc04355cedea020217006d2194b88b471af1da459573a4
1771174227603,2026-02-15T16:50:27.603000+00:00,BNB,B,619.33,4.251,Open Long,0.0,1.184747,0xa3524687869199b9a4cc04355cedea020217006d2194b88b471af1da459573a4
1771174227603,2026-02-15T16:50:27.603000+00:00,BNB,B,619.34,0.248,Open Long,0.0,0.069118,0xa3524687869199b9a4cc04355cedea020217006d2194b88b471af1da459573a4
1771174227603,2026-02-15T16:50:27.603000+00:00,BNB,B,619.34,1.994,Open Long,0.0,0.555733,0xa3524687869199b9a4cc04355cedea020217006d2194b88b471af1da459573a4
1771174227603,2026-02-15T16:50:27.603000+00:00,BNB,B,619.34,2.177,Open Long,0.0,0.606736,0xa3524687869199b9a4cc04355cedea020217006d2194b88b471af1da459573a4
1771174227603,2026-02-15T16:50:27.603000+00:00,BNB,B,619.36,0.21,Open Long,0.0,0.058529,0xa3524687869199b9a4cc04355cedea020217006d2194b88b471af1da459573a4
1771174227603,2026-02-15T16:50:27.603000+00:00,BNB,B,619.37,1.793,Open Long,0.0,0.499738,0xa3524687869199b9a4cc04355cedea020217006d2194b88b471af1da459573a4
1771174227603,2026-02-15T16:50:27.603000+00:00,BNB,B,619.39,0.269,Open Long,0.0,0.074977,0xa3524687869199b9a4cc04355cedea020217006d2194b88b471af1da459573a4
1771174227603,2026-02-15T16:50:27.603000+00:00,BNB,B,619.41,0.397,Open Long,0.0,0.110657,0xa3524687869199b9a4cc04355cedea020217006d2194b88b471af1da459573a4
1771174227603,2026-02-15T16:50:27.603000+00:00,BNB,B,619.41,1.615,Open Long,0.0,0.450156,0xa3524687869199b9a4cc04355cedea020217006d2194b88b471af1da459573a4
1771174227603,2026-02-15T16:50:27.603000+00:00,BNB,B,619.41,2.038,Open Long,0.0,0.56806,0xa3524687869199b9a4cc04355cedea020217006d2194b88b471af1da459573a4
1771174227603,2026-02-15T16:50:27.603000+00:00,BNB,B,619.41,2.17,Open Long,0.0,0.604853,0xa3524687869199b9a4cc04355cedea020217006d2194b88b471af1da459573a4
1771174227603,2026-02-15T16:50:27.603000+00:00,BNB,B,619.44,20.187,Open Long,0.0,5.627085,0xa3524687869199b9a4cc04355cedea020217006d2194b88b471af1da459573a4
1771174227603,2026-02-15T16:50:27.603000+00:00,BNB,B,619.46,2.55,Open Long,0.0,0.71083,0xa3524687869199b9a4cc04355cedea020217006d2194b88b471af1da459573a4
1771174227603,2026-02-15T16:50:27.603000+00:00,BNB,B,619.5,0.807,Open Long,0.0,0.224971,0xa3524687869199b9a4cc04355cedea020217006d2194b88b471af1da459573a4
1771174227603,2026-02-15T16:50:27.603000+00:00,BNB,B,619.51,3.033,Open Long,0.0,0.845538,0xa3524687869199b9a4cc04355cedea020217006d2194b88b471af1da459573a4
1771174227603,2026-02-15T16:50:27.603000+00:00,BNB,B,619.51,4.125,Open Long,0.0,1.149965,0xa3524687869199b9a4cc04355cedea020217006d2194b88b471af1da459573a4
1771440175445,2026-02-18T18:42:55.445000+00:00,BNB,A,609.75,0.499,Close Long,-7.996974,0.136919,0xebc79224b8276a06ed4104358e36a302083b000a532a88d88f903d77772b43f1
1771440175445,2026-02-18T18:42:55.445000+00:00,BNB,A,609.57,0.656,Close Long,-10.631136,0.179945,0xebc79224b8276a06ed4104358e36a302083b000a532a88d88f903d77772b43f1
1771440175445,2026-02-18T18:42:55.445000+00:00,BNB,A,609.55,0.032,Close Long,-0.519232,0.008777,0xebc79224b8276a06ed4104358e36a302083b000a532a88d88f903d77772b43f1
1771440175445,2026-02-18T18:42:55.445000+00:00,BNB,A,609.54,0.84,Close Long,-13.63824,0.230406,0xebc79224b8276a06ed4104358e36a302083b000a532a88d88f903d77772b43f1
1771440175445,2026-02-18T18:42:55.445000+00:00,BNB,A,609.5,0.841,Close Long,-13.688116,0.230665,0xebc79224b8276a06ed4104358e36a302083b000a532a88d88f903d77772b43f1
1771440175445,2026-02-18T18:42:55.445000+00:00,BNB,A,609.45,4.099,Close Long,-66.920274,1.12416,0xebc79224b8276a06ed4104358e36a302083b000a532a88d88f903d77772b43f1
1771440175445,2026-02-18T18:42:55.445000+00:00,BNB,A,609.41,0.725,Close Long,-11.86535,0.19882,0xebc79224b8276a06ed4104358e36a302083b000a532a88d88f903d77772b43f1
1771440175445,2026-02-18T18:42:55.445000+00:00,BNB,A,609.35,0.032,Close Long,-0.525632,0.008774,0xebc79224b8276a06ed4104358e36a302083b000a532a88d88f903d77772b43f1
1771440175445,2026-02-18T18:42:55.445000+00:00,BNB,A,609.35,8.205,Close Long,-134.77533,2.249872,0xebc79224b8276a06ed4104358e36a302083b000a532a88d88f903d77772b43f1
1771440175445,2026-02-18T18:42:55.445000+00:00,BNB,A,609.34,40.993,Close Long,-673.760948,11.240403,0xebc79224b8276a06ed4104358e36a302083b000a532a88d88f903d77772b43f1
1771440175445,2026-02-18T18:42:55.445000+00:00,BNB,A,609.32,0.019,Close Long,-0.312664,0.005209,0xebc79224b8276a06ed4104358e36a302083b000a532a88d88f903d77772b43f1
1771440175445,2026-02-18T18:42:55.445000+00:00,BNB,A,609.32,1.292,Close Long,-21.261152,0.354258,0xebc79224b8276a06ed4104358e36a302083b000a532a88d88f903d77772b43f1
1771440175445,2026-02-18T18:42:55.445000+00:00,BNB,A,609.3,1.793,Close Long,-29.541468,0.491613,0xebc79224b8276a06ed4104358e36a302083b000a532a88d88f903d77772b43f1
1771440175445,2026-02-18T18:42:55.445000+00:00,BNB,A,609.25,18.094,Close Long,-299.021444,4.960696,0xebc79224b8276a06ed4104358e36a302083b000a532a88d88f903d77772b43f1
1771440175445,2026-02-18T18:42:55.445000+00:00,BNB,A,609.25,1.642,Close Long,-27.135692,0.450174,0xebc79224b8276a06ed4104358e36a302083b000a532a88d88f903d77772b43f1
1771440175445,2026-02-18T18:42:55.445000+00:00,BNB,A,609.22,5.814,Close Long,-96.256584,1.593902,0xebc79224b8276a06ed4104358e36a302083b000a532a88d88f903d77772b43f1
1771440175445,2026-02-18T18:42:55.445000+00:00,BNB,A,609.22,3.284,Close Long,-54.369904,0.900305,0xebc79224b8276a06ed4104358e36a302083b000a532a88d88f903d77772b43f1
1771440175445,2026-02-18T18:42:55.445000+00:00,BNB,A,609.19,40.993,Close Long,-679.909898,11.237636,0xebc79224b8276a06ed4104358e36a302083b000a532a88d88f903d77772b43f1
1771440175445,2026-02-18T18:42:55.445000+00:00,BNB,A,609.19,3.878,Close Long,-64.320508,1.063097,0xebc79224b8276a06ed4104358e36a302083b000a532a88d88f903d77772b43f1
1771440175445,2026-02-18T18:42:55.445000+00:00,BNB,A,609.15,1.642,Close Long,-27.299892,0.4501,0xebc79224b8276a06ed4104358e36a302083b000a532a88d88f903d77772b43f1
1771440175445,2026-02-18T18:42:55.445000+00:00,BNB,A,609.14,0.032,Close Long,-0.532352,0.008771,0xebc79224b8276a06ed4104358e36a302083b000a532a88d88f903d77772b43f1
1771440175445,2026-02-18T18:42:55.445000+00:00,BNB,A,609.13,18.097,Close Long,-301.242662,4.960541,0xebc79224b8276a06ed4104358e36a302083b000a532a88d88f903d77772b43f1
1771440175445,2026-02-18T18:42:55.445000+00:00,BNB,A,609.11,1.292,Close Long,-21.532472,0.354136,0xebc79224b8276a06ed4104358e36a302083b000a532a88d88f903d77772b43f1
1771440175445,2026-02-18T18:42:55.445000+00:00,BNB,A,609.11,4.927,Close Long,-82.113382,1.350488,0xebc79224b8276a06ed4104358e36a302083b000a532a88d88f903d77772b43f1
1771440175445,2026-02-18T18:42:55.445000+00:00,BNB,A,609.06,8.209,Close Long,-137.221644,2.249898,0xebc79224b8276a06ed4104358e36a302083b000a532a88d88f903d77772b43f1
1771440175445,2026-02-18T18:42:55.445000+00:00,BNB,A,609.05,3.41,Close Long,-57.03566,0.934587,0xebc79224b8276a06ed4104358e36a302083b000a532a88d88f903d77772b43f1
1771765840514,2026-02-22T13:10:40.514000+00:00,BTC,A,67942.0,1.83988,Open Short,0.0,56.252307,0xb33360fc5870c8eeb4ad0435cab4ac02019b00e1f373e7c056fc0c4f1774a2d9
1771839140914,2026-02-23T09:32:20.914000+00:00,BTC,B,66157.0,0.88322,Close Short,1576.5477,26.294033,0xf55db846331b41e2f6d70435d8727d000098d02bce1e60b599266398f21f1bcd
1771839140914,2026-02-23T09:32:20.914000+00:00,BTC,B,66157.0,0.022,Close Short,39.27,0.654954,0xf55db846331b41e2f6d70435d8727d000098d02bce1e60b599266398f21f1bcd
1771839140914,2026-02-23T09:32:20.914000+00:00,BTC,B,66157.0,0.00252,Close Short,4.4982,0.075022,0xf55db846331b41e2f6d70435d8727d000098d02bce1e60b599266398f21f1bcd
1771839140914,2026-02-23T09:32:20.914000+00:00,BTC,B,66157.0,0.01,Close Short,17.85,0.297706,0xf55db846331b41e2f6d70435d8727d000098d02bce1e60b599266398f21f1bcd
1771839140914,2026-02-23T09:32:20.914000+00:00,BTC,B,66157.0,0.00076,Close Short,1.3566,0.022625,0xf55db846331b41e2f6d70435d8727d000098d02bce1e60b599266398f21f1bcd
1771839140914,2026-02-23T09:32:20.914000+00:00,BTC,B,66158.0,0.00039,Close Short,0.69576,0.01161,0xf55db846331b41e2f6d70435d8727d000098d02bce1e60b599266398f21f1bcd
1771839140914,2026-02-23T09:32:20.914000+00:00,BTC,B,66158.0,0.00312,Close Short,5.56608,0.092885,0xf55db846331b41e2f6d70435d8727d000098d02bce1e60b599266398f21f1bcd
1771839140914,2026-02-23T09:32:20.914000+00:00,BTC,B,66158.0,0.00156,Close Short,2.78304,0.046442,0xf55db846331b41e2f6d70435d8727d000098d02bce1e60b599266398f21f1bcd
1771839140914,2026-02-23T09:32:20.914000+00:00,BTC,B,66158.0,0.00964,Close Short,17.19776,0.286993,0xf55db846331b41e2f6d70435d8727d000098d02bce1e60b599266398f21f1bcd
1771839140914,2026-02-23T09:32:20.914000+00:00,BTC,B,66158.0,0.031,Close Short,55.304,0.922904,0xf55db846331b41e2f6d70435d8727d000098d02bce1e60b599266398f21f1bcd
1771839140914,2026-02-23T09:32:20.914000+00:00,BTC,B,66159.0,0.00058,Close Short,1.03414,0.017267,0xf55db846331b41e2f6d70435d8727d000098d02bce1e60b599266398f21f1bcd
1771839140914,2026-02-23T09:32:20.914000+00:00,BTC,B,66159.0,0.83144,Close Short,1482.45752,24.753257,0xf55db846331b41e2f6d70435d8727d000098d02bce1e60b599266398f21f1bcd
1771839140914,2026-02-23T09:32:20.914000+00:00,BTC,B,66159.0,0.023,Close Short,41.009,0.684745,0xf55db846331b41e2f6d70435d8727d000098d02bce1e60b599266398f21f1bcd
1771839140914,2026-02-23T09:32:20.914000+00:00,BTC,B,66159.0,0.02065,Close Short,36.81895,0.614782,0xf55db846331b41e2f6d70435d8727d000098d02bce1e60b599266398f21f1bcd
1771870903598,2026-02-23T18:21:43.598000+00:00,BTC,A,64633.0,0.00017,Open Short,0.0,0.004944,0x39c6874638bdc0d83b400435de729f020340002bd3b0dfaadd8f3298f7b19ac2
1771870903598,2026-02-23T18:21:43.598000+00:00,BTC,A,64633.0,0.2386,Open Short,0.0,6.939645,0x39c6874638bdc0d83b400435de729f020340002bd3b0dfaadd8f3298f7b19ac2
1771870903598,2026-02-23T18:21:43.598000+00:00,BTC,A,64633.0,0.23386,Open Short,0.0,6.801783,0x39c6874638bdc0d83b400435de729f020340002bd3b0dfaadd8f3298f7b19ac2
1771870903598,2026-02-23T18:21:43.598000+00:00,BTC,A,64633.0,0.03,Open Short,0.0,0.872545,0x39c6874638bdc0d83b400435de729f020340002bd3b0dfaadd8f3298f7b19ac2
1771870903598,2026-02-23T18:21:43.598000+00:00,BTC,A,64633.0,0.01732,Open Short,0.0,0.503749,0x39c6874638bdc0d83b400435de729f020340002bd3b0dfaadd8f3298f7b19ac2
1771870903598,2026-02-23T18:21:43.598000+00:00,BTC,A,64633.0,0.01486,Open Short,0.0,0.4322,0x39c6874638bdc0d83b400435de729f020340002bd3b0dfaadd8f3298f7b19ac2
1771870903598,2026-02-23T18:21:43.598000+00:00,BTC,A,64633.0,0.01246,Open Short,0.0,0.362397,0x39c6874638bdc0d83b400435de729f020340002bd3b0dfaadd8f3298f7b19ac2
1771870903598,2026-02-23T18:21:43.598000+00:00,BTC,A,64633.0,0.25653,Open Short,0.0,7.461136,0x39c6874638bdc0d83b400435de729f020340002bd3b0dfaadd8f3298f7b19ac2
1771870903598,2026-02-23T18:21:43.598000+00:00,BTC,A,64633.0,0.11603,Open Short,0.0,3.374715,0x39c6874638bdc0d83b400435de729f020340002bd3b0dfaadd8f3298f7b19ac2
1771870903598,2026-02-23T18:21:43.598000+00:00,BTC,A,64633.0,0.19852,Open Short,0.0,5.773924,0x39c6874638bdc0d83b400435de729f020340002bd3b0dfaadd8f3298f7b19ac2
1771870903598,2026-02-23T18:21:43.598000+00:00,BTC,A,64633.0,0.21574,Open Short,0.0,6.274765,0x39c6874638bdc0d83b400435de729f020340002bd3b0dfaadd8f3298f7b19ac2
1771870903598,2026-02-23T18:21:43.598000+00:00,BTC,A,64633.0,0.26707,Open Short,0.0,7.76769,0x39c6874638bdc0d83b400435de729f020340002bd3b0dfaadd8f3298f7b19ac2
1771870903598,2026-02-23T18:21:43.598000+00:00,BTC,A,64633.0,0.22909,Open Short,0.0,6.663048,0x39c6874638bdc0d83b400435de729f020340002bd3b0dfaadd8f3298f7b19ac2
1771870903598,2026-02-23T18:21:43.598000+00:00,BTC,A,64633.0,0.2321,Open Short,0.0,6.750593,0x39c6874638bdc0d83b400435de729f020340002bd3b0dfaadd8f3298f7b19ac2
1771870903598,2026-02-23T18:21:43.598000+00:00,BTC,A,64633.0,0.21308,Open Short,0.0,6.197399,0x39c6874638bdc0d83b400435de729f020340002bd3b0dfaadd8f3298f7b19ac2
1771944491147,2026-02-24T14:48:11.147000+00:00,BTC,B,63657.0,2.27543,Close Short,2220.81968,65.181171,0x24848151a25d2b8425fe0435ec2d7401010099373d504a56c84d2ca46151056e
1771960722328,2026-02-24T19:18:42.328000+00:00,BTC,A,64221.0,0.01317,Open Short,0.0,0.380605,0x7ff7a6180cd11cab81710435ef2fcd02056c00fda7d43b7d23c0516acbd4f696
1771960722328,2026-02-24T19:18:42.328000+00:00,BTC,A,64220.0,0.00017,Open Short,0.0,0.004912,0x7ff7a6180cd11cab81710435ef2fcd02056c00fda7d43b7d23c0516acbd4f696
1771960722328,2026-02-24T19:18:42.328000+00:00,BTC,A,64220.0,0.0002,Open Short,0.0,0.005779,0x7ff7a6180cd11cab81710435ef2fcd02056c00fda7d43b7d23c0516acbd4f696
1771960722328,2026-02-24T19:18:42.328000+00:00,BTC,A,64220.0,0.0002,Open Short,0.0,0.005779,0x7ff7a6180cd11cab81710435ef2fcd02056c00fda7d43b7d23c0516acbd4f696
1771960722328,2026-02-24T19:18:42.328000+00:00,BTC,A,64219.0,0.00017,Open Short,0.0,0.004912,0x7ff7a6180cd11cab81710435ef2fcd02056c00fda7d43b7d23c0516acbd4f696
1771960722328,2026-02-24T19:18:42.328000+00:00,BTC,A,64218.0,0.00017,Open Short,0.0,0.004912,0x7ff7a6180cd11cab81710435ef2fcd02056c00fda7d43b7d23c0516acbd4f696
1771960722328,2026-02-24T19:18:42.328000+00:00,BTC,A,64217.0,0.0002,Open Short,0.0,0.005779,0x7ff7a6180cd11cab81710435ef2fcd02056c00fda7d43b7d23c0516acbd4f696
1771960722328,2026-02-24T19:18:42.328000+00:00,BTC,A,64217.0,0.00017,Open Short,0.0,0.004912,0x7ff7a6180cd11cab81710435ef2fcd02056c00fda7d43b7d23c0516acbd4f696
1771960722328,2026-02-24T19:18:42.328000+00:00,BTC,A,64216.0,0.00018,Open Short,0.0,0.005201,0x7ff7a6180cd11cab81710435ef2fcd02056c00fda7d43b7d23c0516acbd4f696
1771960722328,2026-02-24T19:18:42.328000+00:00,BTC,A,64216.0,0.00017,Open Short,0.0,0.004912,0x7ff7a6180cd11cab81710435ef2fcd02056c00fda7d43b7d23c0516acbd4f696
1771960722328,2026-02-24T19:18:42.328000+00:00,BTC,A,64216.0,0.003,Open Short,0.0,0.086691,0x7ff7a6180cd11cab81710435ef2fcd02056c00fda7d43b7d23c0516acbd4f696
1771960722328,2026-02-24T19:18:42.328000+00:00,BTC,A,64215.0,0.00017,Open Short,0.0,0.004912,0x7ff7a6180cd11cab81710435ef2fcd02056c00fda7d43b7d23c0516acbd4f696
1771960722328,2026-02-24T19:18:42.328000+00:00,BTC,A,64215.0,0.04128,Open Short,0.0,1.192857,0x7ff7a6180cd11cab81710435ef2fcd02056c00fda7d43b7d23c0516acbd4f696
1771960722328,2026-02-24T19:18:42.328000+00:00,BTC,A,64214.0,0.00017,Open Short,0.0,0.004912,0x7ff7a6180cd11cab81710435ef2fcd02056c00fda7d43b7d23c0516acbd4f696
1771960722328,2026-02-24T19:18:42.328000+00:00,BTC,A,64214.0,0.003,Open Short,0.0,0.086688,0x7ff7a6180cd11cab81710435ef2fcd02056c00fda7d43b7d23c0516acbd4f696
1771960722328,2026-02-24T19:18:42.328000+00:00,BTC,A,64213.0,0.00018,Open Short,0.0,0.005201,0x7ff7a6180cd11cab81710435ef2fcd02056c00fda7d43b7d23c0516acbd4f696
1771960722328,2026-02-24T19:18:42.328000+00:00,BTC,A,64213.0,0.04215,Open Short,0.0,1.21796,0x7ff7a6180cd11cab81710435ef2fcd02056c00fda7d43b7d23c0516acbd4f696
1771960722328,2026-02-24T19:18:42.328000+00:00,BTC,A,64213.0,0.00017,Open Short,0.0,0.004912,0x7ff7a6180cd11cab81710435ef2fcd02056c00fda7d43b7d23c0516acbd4f696
1771960722328,2026-02-24T19:18:42.328000+00:00,BTC,A,64213.0,0.00016,Open Short,0.0,0.004623,0x7ff7a6180cd11cab81710435ef2fcd02056c00fda7d43b7d23c0516acbd4f696
1771960722328,2026-02-24T19:18:42.328000+00:00,BTC,A,64212.0,0.00017,Open Short,0.0,0.004912,0x7ff7a6180cd11cab81710435ef2fcd02056c00fda7d43b7d23c0516acbd4f696
1771960722328,2026-02-24T19:18:42.328000+00:00,BTC,A,64212.0,0.004,Open Short,0.0,0.115581,0x7ff7a6180cd11cab81710435ef2fcd02056c00fda7d43b7d23c0516acbd4f696
1771960722328,2026-02-24T19:18:42.328000+00:00,BTC,A,64211.0,0.00791,Open Short,0.0,0.228559,0x7ff7a6180cd11cab81710435ef2fcd02056c00fda7d43b7d23c0516acbd4f696
1771960722328,2026-02-24T19:18:42.328000+00:00,BTC,A,64211.0,0.08517,Open Short,0.0,2.460982,0x7ff7a6180cd11cab81710435ef2fcd02056c00fda7d43b7d23c0516acbd4f696
1771960722328,2026-02-24T19:18:42.328000+00:00,BTC,A,64211.0,0.00017,Open Short,0.0,0.004912,0x7ff7a6180cd11cab81710435ef2fcd02056c00fda7d43b7d23c0516acbd4f696
1771960722328,2026-02-24T19:18:42.328000+00:00,BTC,A,64211.0,0.04113,Open Short,0.0,1.188449,0x7ff7a6180cd11cab81710435ef2fcd02056c00fda7d43b7d23c0516acbd4f696
1771960722328,2026-02-24T19:18:42.328000+00:00,BTC,A,64210.0,0.00017,Open Short,0.0,0.004912,0x7ff7a6180cd11cab81710435ef2fcd02056c00fda7d43b7d23c0516acbd4f696
1771960722328,2026-02-24T19:18:42.328000+00:00,BTC,A,64210.0,0.05,Open Short,0.0,1.444725,0x7ff7a6180cd11cab81710435ef2fcd02056c00fda7d43b7d23c0516acbd4f696
1771960722328,2026-02-24T19:18:42.328000+00:00,BTC,A,64210.0,0.05,Open Short,0.0,1.444725,0x7ff7a6180cd11cab81710435ef2fcd02056c00fda7d43b7d23c0516acbd4f696
1771960722328,2026-02-24T19:18:42.328000+00:00,BTC,A,64210.0,0.01557,Open Short,0.0,0.449887,0x7ff7a6180cd11cab81710435ef2fcd02056c00fda7d43b7d23c0516acbd4f696
1771960722328,2026-02-24T19:18:42.328000+00:00,BTC,A,64209.0,0.00018,Open Short,0.0,0.0052,0x7ff7a6180cd11cab81710435ef2fcd02056c00fda7d43b7d23c0516acbd4f696
1771960722328,2026-02-24T19:18:42.328000+00:00,BTC,A,64209.0,0.00778,Open Short,0.0,0.224795,0x7ff7a6180cd11cab81710435ef2fcd02056c00fda7d43b7d23c0516acbd4f696
1771960722328,2026-02-24T19:18:42.328000+00:00,BTC,A,64209.0,1.16816,Open Short,0.0,33.752873,0x7ff7a6180cd11cab81710435ef2fcd02056c00fda7d43b7d23c0516acbd4f696
1771960722328,2026-02-24T19:18:42.328000+00:00,BTC,A,64209.0,0.04087,Open Short,0.0,1.180899,0x7ff7a6180cd11cab81710435ef2fcd02056c00fda7d43b7d23c0516acbd4f696
1771960722328,2026-02-24T19:18:42.328000+00:00,BTC,A,64209.0,0.00155,Open Short,0.0,0.044785,0x7ff7a6180cd11cab81710435ef2fcd02056c00fda7d43b7d23c0516acbd4f696
1771960722328,2026-02-24T19:18:42.328000+00:00,BTC,A,64209.0,0.00017,Open Short,0.0,0.004911,0x7ff7a6180cd11cab81710435ef2fcd02056c00fda7d43b7d23c0516acbd4f696
1771960722328,2026-02-24T19:18:42.328000+00:00,BTC,A,64209.0,0.00766,Open Short,0.0,0.221328,0x7ff7a6180cd11cab81710435ef2fcd02056c00fda7d43b7d23c0516acbd4f696
1771960722328,2026-02-24T19:18:42.328000+00:00,BTC,A,64209.0,0.01306,Open Short,0.0,0.377356,0x7ff7a6180cd11cab81710435ef2fcd02056c00fda7d43b7d23c0516acbd4f696
1771960722328,2026-02-24T19:18:42.328000+00:00,BTC,A,64209.0,0.01229,Open Short,0.0,0.355107,0x7ff7a6180cd11cab81710435ef2fcd02056c00fda7d43b7d23c0516acbd4f696
1771960722328,2026-02-24T19:18:42.328000+00:00,BTC,A,64209.0,0.01557,Open Short,0.0,0.44988,0x7ff7a6180cd11cab81710435ef2fcd02056c00fda7d43b7d23c0516acbd4f696
1771960722328,2026-02-24T19:18:42.328000+00:00,BTC,A,64208.0,0.015,Open Short,0.0,0.433404,0x7ff7a6180cd11cab81710435ef2fcd02056c00fda7d43b7d23c0516acbd4f696
1771960722328,2026-02-24T19:18:42.328000+00:00,BTC,A,64208.0,0.00017,Open Short,0.0,0.004911,0x7ff7a6180cd11cab81710435ef2fcd02056c00fda7d43b7d23c0516acbd4f696
1771960722328,2026-02-24T19:18:42.328000+00:00,BTC,A,64207.0,0.00017,Open Short,0.0,0.004911,0x7ff7a6180cd11cab81710435ef2fcd02056c00fda7d43b7d23c0516acbd4f696
1771960722328,2026-02-24T19:18:42.328000+00:00,BTC,A,64207.0,0.0078,Open Short,0.0,0.225366,0x7ff7a6180cd11cab81710435ef2fcd02056c00fda7d43b7d23c0516acbd4f696
1771960722328,2026-02-24T19:18:42.328000+00:00,BTC,A,64206.0,0.0078,Open Short,0.0,0.225363,0x7ff7a6180cd11cab81710435ef2fcd02056c00fda7d43b7d23c0516acbd4f696
1771960722328,2026-02-24T19:18:42.328000+00:00,BTC,A,64206.0,0.00017,Open Short,0.0,0.004911,0x7ff7a6180cd11cab81710435ef2fcd02056c00fda7d43b7d23c0516acbd4f696
1771960722328,2026-02-24T19:18:42.328000+00:00,BTC,A,64206.0,0.23363,Open Short,0.0,6.750201,0x7ff7a6180cd11cab81710435ef2fcd02056c00fda7d43b7d23c0516acbd4f696
1771960722328,2026-02-24T19:18:42.328000+00:00,BTC,A,64206.0,0.01557,Open Short,0.0,0.449859,0x7ff7a6180cd11cab81710435ef2fcd02056c00fda7d43b7d23c0516acbd4f696
1771960722328,2026-02-24T19:18:42.328000+00:00,BTC,A,64205.0,0.00018,Open Short,0.0,0.0052,0x7ff7a6180cd11cab81710435ef2fcd02056c00fda7d43b7d23c0516acbd4f696
1771960722328,2026-02-24T19:18:42.328000+00:00,BTC,A,64205.0,0.45082,Open Short,0.0,13.025204,0x7ff7a6180cd11cab81710435ef2fcd02056c00fda7d43b7d23c0516acbd4f696
1771960722328,2026-02-24T19:18:42.328000+00:00,BTC,A,64205.0,0.02598,Open Short,0.0,0.75062,0x7ff7a6180cd11cab81710435ef2fcd02056c00fda7d43b7d23c0516acbd4f696
1772039577442,2026-02-25T17:12:57.442000+00:00,BTC,A,68505.0,0.07268,Open Short,0.0,2.240524,0xab17934c7a506d4eac910435fdef380209ad003215538c204ee03e9f39544739
1772039577442,2026-02-25T17:12:57.442000+00:00,BTC,A,68505.0,0.45222,Open Short,0.0,13.940698,0xab17934c7a506d4eac910435fdef380209ad003215538c204ee03e9f39544739
1774241372093,2026-03-23T04:49:32.093000+00:00,BTC,B,68346.0,0.13538,Close Short,-455.201712,4.163706,0xb55974f80275cb34b6d3043794593d0218a600dd9d78ea065922204ac179a51f
1774241372093,2026-03-23T04:49:32.093000+00:00,BTC,B,68346.0,0.07314,Close Short,-245.925936,2.249471,0xb55974f80275cb34b6d3043794593d0218a600dd9d78ea065922204ac179a51f
1774241372093,2026-03-23T04:49:32.093000+00:00,BTC,B,68346.0,0.04096,Close Short,-137.723904,1.259753,0xb55974f80275cb34b6d3043794593d0218a600dd9d78ea065922204ac179a51f
1774241372093,2026-03-23T04:49:32.093000+00:00,BTC,B,68346.0,0.01024,Close Short,-34.430976,0.314938,0xb55974f80275cb34b6d3043794593d0218a600dd9d78ea065922204ac179a51f
1774241372093,2026-03-23T04:49:32.093000+00:00,BTC,B,68346.0,0.02926,Close Short,-98.383824,0.899911,0xb55974f80275cb34b6d3043794593d0218a600dd9d78ea065922204ac179a51f
1774241372093,2026-03-23T04:49:32.093000+00:00,BTC,B,68346.0,0.87789,Close Short,-2951.817336,27.000121,0xb55974f80275cb34b6d3043794593d0218a600dd9d78ea065922204ac179a51f
1774241372093,2026-03-23T04:49:32.093000+00:00,BTC,B,68346.0,0.076,Close Short,-255.5424,2.337433,0xb55974f80275cb34b6d3043794593d0218a600dd9d78ea065922204ac179a51f
1774241372093,2026-03-23T04:49:32.093000+00:00,BTC,B,68346.0,0.06723,Close Short,-226.054152,2.067705,0xb55974f80275cb34b6d3043794593d0218a600dd9d78ea065922204ac179a51f
1774241372093,2026-03-23T04:49:32.093000+00:00,BTC,B,68346.0,0.07015,Close Short,-235.87236,2.157512,0xb55974f80275cb34b6d3043794593d0218a600dd9d78ea065922204ac179a51f
1774241372093,2026-03-23T04:49:32.093000+00:00,BTC,B,68346.0,0.06573,Close Short,-221.010552,2.021572,0xb55974f80275cb34b6d3043794593d0218a600dd9d78ea065922204ac179a51f
1774241372093,2026-03-23T04:49:32.093000+00:00,BTC,B,68346.0,0.07107,Close Short,-238.965768,2.185807,0xb55974f80275cb34b6d3043794593d0218a600dd9d78ea065922204ac179a51f
1774241372093,2026-03-23T04:49:32.093000+00:00,BTC,B,68346.0,0.15537,Close Short,-522.416088,4.778513,0xb55974f80275cb34b6d3043794593d0218a600dd9d78ea065922204ac179a51f
1774241372093,2026-03-23T04:49:32.093000+00:00,BTC,B,68346.0,0.01213,Close Short,-40.785912,0.373066,0xb55974f80275cb34b6d3043794593d0218a600dd9d78ea065922204ac179a51f
1774241372093,2026-03-23T04:49:32.093000+00:00,BTC,B,68346.0,0.10973,Close Short,-368.956152,3.374822,0xb55974f80275cb34b6d3043794593d0218a600dd9d78ea065922204ac179a51f
1774241372093,2026-03-23T04:49:32.093000+00:00,BTC,B,68346.0,0.04334,Close Short,-145.726416,1.332952,0xb55974f80275cb34b6d3043794593d0218a600dd9d78ea065922204ac179a51f
1774241372093,2026-03-23T04:49:32.093000+00:00,BTC,B,68346.0,0.51221,Close Short,-1722.254904,15.753377,0xb55974f80275cb34b6d3043794593d0218a600dd9d78ea065922204ac179a51f
1774241372093,2026-03-23T04:49:32.093000+00:00,BTC,B,68346.0,0.51222,Close Short,-1722.288528,15.753684,0xb55974f80275cb34b6d3043794593d0218a600dd9d78ea065922204ac179a51f
1774241372093,2026-03-23T04:49:32.093000+00:00,BTC,B,68346.0,0.0468,Close Short,-157.36032,1.439366,0xb55974f80275cb34b6d3043794593d0218a600dd9d78ea065922204ac179a51f
1774241525946,2026-03-23T04:52:05.946000+00:00,xyz:SILVER,B,65.864,25.65,Open Long,0.0,0.152047,0xf637e38a3e675148f7b10437946032020834006fd96a701b9a008edcfd6b2b33
1774241525946,2026-03-23T04:52:05.946000+00:00,xyz:SILVER,B,65.865,30.36,Open Long,0.0,0.179969,0xf637e38a3e675148f7b10437946032020834006fd96a701b9a008edcfd6b2b33
1774241525946,2026-03-23T04:52:05.946000+00:00,xyz:SILVER,B,65.865,3.79,Open Long,0.0,0.022466,0xf637e38a3e675148f7b10437946032020834006fd96a701b9a008edcfd6b2b33
1774241525946,2026-03-23T04:52:05.946000+00:00,xyz:SILVER,B,65.869,30.36,Open Long,0.0,0.17998,0xf637e38a3e675148f7b10437946032020834006fd96a701b9a008edcfd6b2b33
1774241525946,2026-03-23T04:52:05.946000+00:00,xyz:SILVER,B,65.873,30.36,Open Long,0.0,0.179991,0xf637e38a3e675148f7b10437946032020834006fd96a701b9a008edcfd6b2b33
1774241525946,2026-03-23T04:52:05.946000+00:00,xyz:SILVER,B,65.877,30.36,Open Long,0.0,0.180002,0xf637e38a3e675148f7b10437946032020834006fd96a701b9a008edcfd6b2b33
1774241525946,2026-03-23T04:52:05.946000+00:00,xyz:SILVER,B,65.881,30.36,Open Long,0.0,0.180013,0xf637e38a3e675148f7b10437946032020834006fd96a701b9a008edcfd6b2b33
1774241525946,2026-03-23T04:52:05.946000+00:00,xyz:SILVER,B,65.881,41.33,Open Long,0.0,0.245057,0xf637e38a3e675148f7b10437946032020834006fd96a701b9a008edcfd6b2b33
1774241525946,2026-03-23T04:52:05.946000+00:00,xyz:SILVER,B,65.883,6.81,Open Long,0.0,0.040379,0xf637e38a3e675148f7b10437946032020834006fd96a701b9a008edcfd6b2b33
1774241525946,2026-03-23T04:52:05.946000+00:00,xyz:SILVER,B,65.884,10.89,Open Long,0.0,0.064572,0xf637e38a3e675148f7b10437946032020834006fd96a701b9a008edcfd6b2b33
1774241525946,2026-03-23T04:52:05.946000+00:00,xyz:SILVER,B,65.885,41.33,Open Long,0.0,0.245072,0xf637e38a3e675148f7b10437946032020834006fd96a701b9a008edcfd6b2b33
1774241525946,2026-03-23T04:52:05.946000+00:00,xyz:SILVER,B,65.885,30.36,Open Long,0.0,0.180024,0xf637e38a3e675148f7b10437946032020834006fd96a701b9a008edcfd6b2b33
1774241525946,2026-03-23T04:52:05.946000+00:00,xyz:SILVER,B,65.887,63.42,Open Long,0.0,0.376069,0xf637e38a3e675148f7b10437946032020834006fd96a701b9a008edcfd6b2b33
1774241525946,2026-03-23T04:52:05.946000+00:00,xyz:SILVER,B,65.888,1.51,Open Long,0.0,0.008954,0xf637e38a3e675148f7b10437946032020834006fd96a701b9a008edcfd6b2b33
1774241525946,2026-03-23T04:52:05.946000+00:00,xyz:SILVER,B,65.889,41.33,Open Long,0.0,0.245087,0xf637e38a3e675148f7b10437946032020834006fd96a701b9a008edcfd6b2b33
1774241525946,2026-03-23T04:52:05.946000+00:00,xyz:SILVER,B,65.889,30.36,Open Long,0.0,0.180035,0xf637e38a3e675148f7b10437946032020834006fd96a701b9a008edcfd6b2b33
1774241525946,2026-03-23T04:52:05.946000+00:00,xyz:SILVER,B,65.89,3.04,Open Long,0.0,0.018027,0xf637e38a3e675148f7b10437946032020834006fd96a701b9a008edcfd6b2b33
1774241525946,2026-03-23T04:52:05.946000+00:00,xyz:SILVER,B,65.89,39.76,Open Long,0.0,0.23578,0xf637e38a3e675148f7b10437946032020834006fd96a701b9a008edcfd6b2b33
1774241525946,2026-03-23T04:52:05.946000+00:00,xyz:SILVER,B,65.891,31.02,Open Long,0.0,0.183954,0xf637e38a3e675148f7b10437946032020834006fd96a701b9a008edcfd6b2b33
1774241525946,2026-03-23T04:52:05.946000+00:00,xyz:SILVER,B,65.893,30.36,Open Long,0.0,0.180046,0xf637e38a3e675148f7b10437946032020834006fd96a701b9a008edcfd6b2b33
1774241525946,2026-03-23T04:52:05.946000+00:00,xyz:SILVER,B,65.894,15.17,Open Long,0.0,0.089965,0xf637e38a3e675148f7b10437946032020834006fd96a701b9a008edcfd6b2b33
1774241525946,2026-03-23T04:52:05.946000+00:00,xyz:SILVER,B,65.895,41.33,Open Long,0.0,0.245109,0xf637e38a3e675148f7b10437946032020834006fd96a701b9a008edcfd6b2b33
1774241525946,2026-03-23T04:52:05.946000+00:00,xyz:SILVER,B,65.896,1.98,Open Long,0.0,0.011742,0xf637e38a3e675148f7b10437946032020834006fd96a701b9a008edcfd6b2b33
1774241525946,2026-03-23T04:52:05.946000+00:00,xyz:SILVER,B,65.896,0.3,Open Long,0.0,0.001779,0xf637e38a3e675148f7b10437946032020834006fd96a701b9a008edcfd6b2b33
1774241525946,2026-03-23T04:52:05.946000+00:00,xyz:SILVER,B,65.897,0.76,Open Long,0.0,0.004507,0xf637e38a3e675148f7b10437946032020834006fd96a701b9a008edcfd6b2b33
1774241525946,2026-03-23T04:52:05.946000+00:00,xyz:SILVER,B,65.897,30.36,Open Long,0.0,0.180056,0xf637e38a3e675148f7b10437946032020834006fd96a701b9a008edcfd6b2b33
1774241525946,2026-03-23T04:52:05.946000+00:00,xyz:SILVER,B,65.899,41.33,Open Long,0.0,0.245124,0xf637e38a3e675148f7b10437946032020834006fd96a701b9a008edcfd6b2b33
1774241525946,2026-03-23T04:52:05.946000+00:00,xyz:SILVER,B,65.899,0.91,Open Long,0.0,0.005397,0xf637e38a3e675148f7b10437946032020834006fd96a701b9a008edcfd6b2b33
1774241525946,2026-03-23T04:52:05.946000+00:00,xyz:SILVER,B,65.9,227.63,Open Long,0.0,1.350073,0xf637e38a3e675148f7b10437946032020834006fd96a701b9a008edcfd6b2b33
1774241525946,2026-03-23T04:52:05.946000+00:00,xyz:SILVER,B,65.901,30.38,Open Long,0.0,0.180186,0xf637e38a3e675148f7b10437946032020834006fd96a701b9a008edcfd6b2b33
1774241525946,2026-03-23T04:52:05.946000+00:00,xyz:SILVER,B,65.903,183.99,Open Long,0.0,1.091294,0xf637e38a3e675148f7b10437946032020834006fd96a701b9a008edcfd6b2b33
1774241525946,2026-03-23T04:52:05.946000+00:00,xyz:SILVER,B,65.904,0.17,Open Long,0.0,0.001008,0xf637e38a3e675148f7b10437946032020834006fd96a701b9a008edcfd6b2b33
1774241525946,2026-03-23T04:52:05.946000+00:00,xyz:SILVER,B,65.904,41.33,Open Long,0.0,0.245143,0xf637e38a3e675148f7b10437946032020834006fd96a701b9a008edcfd6b2b33
1774241525946,2026-03-23T04:52:05.946000+00:00,xyz:SILVER,B,65.905,30.38,Open Long,0.0,0.180197,0xf637e38a3e675148f7b10437946032020834006fd96a701b9a008edcfd6b2b33
1774241525946,2026-03-23T04:52:05.946000+00:00,xyz:SILVER,B,65.905,303.75,Open Long,0.0,1.801677,0xf637e38a3e675148f7b10437946032020834006fd96a701b9a008edcfd6b2b33
1774241525946,2026-03-23T04:52:05.946000+00:00,xyz:SILVER,B,65.905,6.06,Open Long,0.0,0.035944,0xf637e38a3e675148f7b10437946032020834006fd96a701b9a008edcfd6b2b33
1774241525946,2026-03-23T04:52:05.946000+00:00,xyz:SILVER,B,65.907,30.34,Open Long,0.0,0.179965,0xf637e38a3e675148f7b10437946032020834006fd96a701b9a008edcfd6b2b33
1774241525946,2026-03-23T04:52:05.946000+00:00,xyz:SILVER,B,65.907,60.69,Open Long,0.0,0.35999,0xf637e38a3e675148f7b10437946032020834006fd96a701b9a008edcfd6b2b33
1774241525946,2026-03-23T04:52:05.946000+00:00,xyz:SILVER,B,65.907,91.43,Open Long,0.0,0.542328,0xf637e38a3e675148f7b10437946032020834006fd96a701b9a008edcfd6b2b33
1774241525946,2026-03-23T04:52:05.946000+00:00,xyz:SILVER,B,65.908,41.33,Open Long,0.0,0.245157,0xf637e38a3e675148f7b10437946032020834006fd96a701b9a008edcfd6b2b33
1774241525946,2026-03-23T04:52:05.946000+00:00,xyz:SILVER,B,65.908,51.66,Open Long,0.0,0.306432,0xf637e38a3e675148f7b10437946032020834006fd96a701b9a008edcfd6b2b33
1774241525946,2026-03-23T04:52:05.946000+00:00,xyz:SILVER,B,65.908,302.95,Open Long,0.0,1.797014,0xf637e38a3e675148f7b10437946032020834006fd96a701b9a008edcfd6b2b33
1774241525946,2026-03-23T04:52:05.946000+00:00,xyz:SILVER,B,65.909,13.45,Open Long,0.0,0.079782,0xf637e38a3e675148f7b10437946032020834006fd96a701b9a008edcfd6b2b33
1774241525946,2026-03-23T04:52:05.946000+00:00,xyz:SILVER,B,65.909,30.38,Open Long,0.0,0.180208,0xf637e38a3e675148f7b10437946032020834006fd96a701b9a008edcfd6b2b33
1774241525946,2026-03-23T04:52:05.946000+00:00,xyz:SILVER,B,65.909,2.57,Open Long,0.0,0.015244,0xf637e38a3e675148f7b10437946032020834006fd96a701b9a008edcfd6b2b33
1774241525946,2026-03-23T04:52:05.946000+00:00,xyz:SILVER,B,65.909,38.92,Open Long,0.0,0.230866,0xf637e38a3e675148f7b10437946032020834006fd96a701b9a008edcfd6b2b33
1774241525946,2026-03-23T04:52:05.946000+00:00,xyz:SILVER,B,65.91,3.04,Open Long,0.0,0.018032,0xf637e38a3e675148f7b10437946032020834006fd96a701b9a008edcfd6b2b33
1774241525946,2026-03-23T04:52:05.946000+00:00,xyz:SILVER,B,65.912,183.99,Open Long,0.0,1.091443,0xf637e38a3e675148f7b10437946032020834006fd96a701b9a008edcfd6b2b33
1774241525946,2026-03-23T04:52:05.946000+00:00,xyz:SILVER,B,65.912,7.58,Open Long,0.0,0.044965,0xf637e38a3e675148f7b10437946032020834006fd96a701b9a008edcfd6b2b33
1774241525946,2026-03-23T04:52:05.946000+00:00,xyz:SILVER,B,65.913,15.07,Open Long,0.0,0.089397,0xf637e38a3e675148f7b10437946032020834006fd96a701b9a008edcfd6b2b33
1774241525946,2026-03-23T04:52:05.946000+00:00,xyz:SILVER,B,65.913,30.36,Open Long,0.0,0.1801,0xf637e38a3e675148f7b10437946032020834006fd96a701b9a008edcfd6b2b33
1774241525946,2026-03-23T04:52:05.946000+00:00,xyz:SILVER,B,65.914,43.81,Open Long,0.0,0.259892,0xf637e38a3e675148f7b10437946032020834006fd96a701b9a008edcfd6b2b33
1774241525946,2026-03-23T04:52:05.946000+00:00,xyz:SILVER,B,65.915,0.19,Open Long,0.0,0.001127,0xf637e38a3e675148f7b10437946032020834006fd96a701b9a008edcfd6b2b33
1774241525946,2026-03-23T04:52:05.946000+00:00,xyz:SILVER,B,65.915,41.33,Open Long,0.0,0.245184,0xf637e38a3e675148f7b10437946032020834006fd96a701b9a008edcfd6b2b33
1774241525946,2026-03-23T04:52:05.946000+00:00,xyz:SILVER,B,65.915,368.42,Open Long,0.0,2.185596,0xf637e38a3e675148f7b10437946032020834006fd96a701b9a008edcfd6b2b33
1774241525946,2026-03-23T04:52:05.946000+00:00,xyz:SILVER,B,65.916,91.43,Open Long,0.0,0.542402,0xf637e38a3e675148f7b10437946032020834006fd96a701b9a008edcfd6b2b33
1774241525946,2026-03-23T04:52:05.946000+00:00,xyz:SILVER,B,65.917,30.36,Open Long,0.0,0.180111,0xf637e38a3e675148f7b10437946032020834006fd96a701b9a008edcfd6b2b33
1774241525946,2026-03-23T04:52:05.946000+00:00,xyz:SILVER,B,65.921,91.43,Open Long,0.0,0.542444,0xf637e38a3e675148f7b10437946032020834006fd96a701b9a008edcfd6b2b33
1774241525946,2026-03-23T04:52:05.946000+00:00,xyz:SILVER,B,65.921,30.36,Open Long,0.0,0.180122,0xf637e38a3e675148f7b10437946032020834006fd96a701b9a008edcfd6b2b33
1774241525946,2026-03-23T04:52:05.946000+00:00,xyz:SILVER,B,65.922,17.28,Open Long,0.0,0.102521,0xf637e38a3e675148f7b10437946032020834006fd96a701b9a008edcfd6b2b33
1774303536860,2026-03-23T22:05:36.860000+00:00,xyz:SILVER,A,68.558,14.79,Close Long,39.255618,0.091257,0xcb65f5d40d8244e4ccdf04379fbcbe02043a00b9a88563b66f2ea126cc861ecf
1774303536860,2026-03-23T22:05:36.860000+00:00,xyz:SILVER,A,68.556,15.0,Close Long,39.783,0.09255,0xcb65f5d40d8244e4ccdf04379fbcbe02043a00b9a88563b66f2ea126cc861ecf
1774303536860,2026-03-23T22:05:36.860000+00:00,xyz:SILVER,A,68.556,27.16,Close Long,72.033752,0.167578,0xcb65f5d40d8244e4ccdf04379fbcbe02043a00b9a88563b66f2ea126cc861ecf
1774303536860,2026-03-23T22:05:36.860000+00:00,xyz:SILVER,A,68.554,2.55,Close Long,6.75801,0.015733,0xcb65f5d40d8244e4ccdf04379fbcbe02043a00b9a88563b66f2ea126cc861ecf
1774303536860,2026-03-23T22:05:36.860000+00:00,xyz:SILVER,A,68.553,0.74,Close Long,1.960408,0.004565,0xcb65f5d40d8244e4ccdf04379fbcbe02043a00b9a88563b66f2ea126cc861ecf
1774303536860,2026-03-23T22:05:36.860000+00:00,xyz:SILVER,A,68.552,15.0,Close Long,39.723,0.092545,0xcb65f5d40d8244e4ccdf04379fbcbe02043a00b9a88563b66f2ea126cc861ecf
1774303536860,2026-03-23T22:05:36.860000+00:00,xyz:SILVER,A,68.551,3.57,Close Long,9.450504,0.022025,0xcb65f5d40d8244e4ccdf04379fbcbe02043a00b9a88563b66f2ea126cc861ecf
1774303536860,2026-03-23T22:05:36.860000+00:00,xyz:SILVER,A,68.551,48.97,Close Long,129.633384,0.302124,0xcb65f5d40d8244e4ccdf04379fbcbe02043a00b9a88563b66f2ea126cc861ecf
1774303536860,2026-03-23T22:05:36.860000+00:00,xyz:SILVER,A,68.544,354.16,Close Long,935.053232,2.184798,0xcb65f5d40d8244e4ccdf04379fbcbe02043a00b9a88563b66f2ea126cc861ecf
1774303536860,2026-03-23T22:05:36.860000+00:00,xyz:SILVER,A,68.539,0.97,Close Long,2.556144,0.005983,0xcb65f5d40d8244e4ccdf04379fbcbe02043a00b9a88563b66f2ea126cc861ecf
1774303536860,2026-03-23T22:05:36.860000+00:00,xyz:SILVER,A,68.53,2.04,Close Long,5.357448,0.012582,0xcb65f5d40d8244e4ccdf04379fbcbe02043a00b9a88563b66f2ea126cc861ecf
1774303536860,2026-03-23T22:05:36.860000+00:00,xyz:SILVER,A,68.527,72.96,Close Long,191.388672,0.449975,0xcb65f5d40d8244e4ccdf04379fbcbe02043a00b9a88563b66f2ea126cc861ecf
1774303536860,2026-03-23T22:05:36.860000+00:00,xyz:SILVER,A,68.525,1.76,Close Long,4.613312,0.010854,0xcb65f5d40d8244e4ccdf04379fbcbe02043a00b9a88563b66f2ea126cc861ecf
1774303536860,2026-03-23T22:05:36.860000+00:00,xyz:SILVER,A,68.524,1.46,Close Long,3.825492,0.009004,0xcb65f5d40d8244e4ccdf04379fbcbe02043a00b9a88563b66f2ea126cc861ecf
1774303536860,2026-03-23T22:05:36.860000+00:00,xyz:SILVER,A,68.523,3.57,Close Long,9.350544,0.022016,0xcb65f5d40d8244e4ccdf04379fbcbe02043a00b9a88563b66f2ea126cc861ecf
1774303536860,2026-03-23T22:05:36.860000+00:00,xyz:SILVER,A,68.522,367.64,Close Long,962.555048,2.267228,0xcb65f5d40d8244e4ccdf04379fbcbe02043a00b9a88563b66f2ea126cc861ecf
1774303536860,2026-03-23T22:05:36.860000+00:00,xyz:SILVER,A,68.519,1.46,Close Long,3.818192,0.009003,0xcb65f5d40d8244e4ccdf04379fbcbe02043a00b9a88563b66f2ea126cc861ecf
1774303536860,2026-03-23T22:05:36.860000+00:00,xyz:SILVER,A,68.514,5.83,Close Long,15.217466,0.035949,0xcb65f5d40d8244e4ccdf04379fbcbe02043a00b9a88563b66f2ea126cc861ecf
1774303536860,2026-03-23T22:05:36.860000+00:00,xyz:SILVER,A,68.513,307.14,Close Long,801.389688,1.893877,0xcb65f5d40d8244e4ccdf04379fbcbe02043a00b9a88563b66f2ea126cc861ecf
1774303536860,2026-03-23T22:05:36.860000+00:00,xyz:SILVER,A,68.512,42.88,Close Long,111.839616,0.264401,0xcb65f5d40d8244e4ccdf04379fbcbe02043a00b9a88563b66f2ea126cc861ecf
1774303536860,2026-03-23T22:05:36.860000+00:00,xyz:SILVER,A,68.508,59.49,Close Long,154.923858,0.366798,0xcb65f5d40d8244e4ccdf04379fbcbe02043a00b9a88563b66f2ea126cc861ecf
1774303536860,2026-03-23T22:05:36.860000+00:00,xyz:SILVER,A,68.505,367.67,Close Long,956.383204,2.266851,0xcb65f5d40d8244e4ccdf04379fbcbe02043a00b9a88563b66f2ea126cc861ecf
1774303536860,2026-03-23T22:05:36.860000+00:00,xyz:SILVER,A,68.502,1.46,Close Long,3.793372,0.009001,0xcb65f5d40d8244e4ccdf04379fbcbe02043a00b9a88563b66f2ea126cc861ecf
1774303536860,2026-03-23T22:05:36.860000+00:00,xyz:SILVER,A,68.502,31.84,Close Long,82.726688,0.196299,0xcb65f5d40d8244e4ccdf04379fbcbe02043a00b9a88563b66f2ea126cc861ecf
1774303536860,2026-03-23T22:05:36.860000+00:00,xyz:SILVER,A,68.5,2.0,Close Long,5.1924,0.01233,0xcb65f5d40d8244e4ccdf04379fbcbe02043a00b9a88563b66f2ea126cc861ecf
1774303536860,2026-03-23T22:05:36.860000+00:00,xyz:SILVER,A,68.5,2.04,Close Long,5.296248,0.012576,0xcb65f5d40d8244e4ccdf04379fbcbe02043a00b9a88563b66f2ea126cc861ecf
1774303536860,2026-03-23T22:05:36.860000+00:00,xyz:SILVER,A,68.5,504.28,Close Long,1309.211736,3.108886,0xcb65f5d40d8244e4ccdf04379fbcbe02043a00b9a88563b66f2ea126cc861ecf
1774303536860,2026-03-23T22:05:36.860000+00:00,xyz:SILVER,A,68.498,328.47,Close Long,852.116874,2.024958,0xcb65f5d40d8244e4ccdf04379fbcbe02043a00b9a88563b66f2ea126cc861ecf
1774303536860,2026-03-23T22:05:36.860000+00:00,xyz:SILVER,A,68.495,1.46,Close Long,3.783152,0.009,0xcb65f5d40d8244e4ccdf04379fbcbe02043a00b9a88563b66f2ea126cc861ecf
1774303536860,2026-03-23T22:05:36.860000+00:00,xyz:SILVER,A,68.495,12.83,Close Long,33.245096,0.079091,0xcb65f5d40d8244e4ccdf04379fbcbe02043a00b9a88563b66f2ea126cc861ecf
1774303536860,2026-03-23T22:05:36.860000+00:00,xyz:SILVER,A,68.491,1.46,Close Long,3.777312,0.008999,0xcb65f5d40d8244e4ccdf04379fbcbe02043a00b9a88563b66f2ea126cc861ecf
1774303536860,2026-03-23T22:05:36.860000+00:00,xyz:SILVER,A,68.491,367.67,Close Long,951.235824,2.266387,0xcb65f5d40d8244e4ccdf04379fbcbe02043a00b9a88563b66f2ea126cc861ecf
1774303536860,2026-03-23T22:05:36.860000+00:00,xyz:SILVER,A,68.487,2.81,Close Long,7.258792,0.01732,0xcb65f5d40d8244e4ccdf04379fbcbe02043a00b9a88563b66f2ea126cc861ecf
1774303536860,2026-03-23T22:05:36.860000+00:00,xyz:SILVER,A,68.487,129.53,Close Long,334.601896,0.7984,0xcb65f5d40d8244e4ccdf04379fbcbe02043a00b9a88563b66f2ea126cc861ecf
1774303536860,2026-03-23T22:05:36.860000+00:00,xyz:SILVER,A,68.485,0.19,Close Long,0.490428,0.001171,0xcb65f5d40d8244e4ccdf04379fbcbe02043a00b9a88563b66f2ea126cc861ecf
1774303536860,2026-03-23T22:05:36.860000+00:00,xyz:SILVER,A,68.485,24.11,Close Long,62.232732,0.148605,0xcb65f5d40d8244e4ccdf04379fbcbe02043a00b9a88563b66f2ea126cc861ecf
1774431515590,2026-03-25T09:38:35.590000+00:00,xyz:SILVER,B,72.55,34.16,Open Long,0.0,0.074349,0xb3e0011b4be4f75fb5590437b6ff47020ea30000e6e8163157a8ac6e0ae8d14a
1774431515590,2026-03-25T09:38:35.590000+00:00,xyz:SILVER,B,72.55,89.06,Open Long,0.0,0.193839,0x32015222cbbb43ca337b0437b6ff47020ea8000866be629cd5c9fd758abf1db4
1774431515861,2026-03-25T09:38:35.861000+00:00,xyz:SILVER,B,72.55,50.69,Open Long,0.0,0.110326,0x4a8be487dd05f7504c050437b6ff4a021236006d78091622ee548fda9c09d13a
1774431515861,2026-03-25T09:38:35.861000+00:00,xyz:SILVER,B,72.55,178.38,Open Long,0.0,0.388244,0xc4efd79e5c78dc8fc6690437b6ff4a0212450083f77bfb6168b882f11b7cb67a
1774431519215,2026-03-25T09:38:39.215000+00:00,xyz:SILVER,B,72.55,170.98,Open Long,0.0,0.372137,0x6eb53742901e8e65702e0437b6ff7502037800282b11ad37127de2954f126850
1774431520112,2026-03-25T09:38:40.112000+00:00,xyz:SILVER,B,72.55,162.68,Open Long,0.0,0.354073,0x91facfc835b3eeac93740437b6ff810207a600add0b70d7e35c37b1af4b7c897
1774431520112,2026-03-25T09:38:40.112000+00:00,xyz:SILVER,B,72.55,99.02,Open Long,0.0,0.215517,0xf7a1bcfe68d673a3f91b0437b6ff810207a800e403d992769b6a685127da4d8e
1774431520112,2026-03-25T09:38:40.112000+00:00,xyz:SILVER,B,72.55,28.15,Open Long,0.0,0.061268,0xaa7533998267b61fabee0437b6ff810207a9007f1d6ad4f14e3ddeec416b900a
1774431520112,2026-03-25T09:38:40.112000+00:00,xyz:SILVER,B,72.55,85.35,Open Long,0.0,0.185764,0x5d48aa349bf8f89b5ec20437b6ff810207aa001a36fc176d011155875afcd286
1774431520112,2026-03-25T09:38:40.112000+00:00,xyz:SILVER,B,72.55,51.52,Open Long,0.0,0.112133,0x101c20cfb58a3b1711950437b6ff810207ab00b5508d59e9b3e4cc22748e1501
1774431520112,2026-03-25T09:38:40.112000+00:00,xyz:SILVER,B,72.55,131.44,Open Long,0.0,0.286079,0x75c30e05e8acc00e773c0437b6ff810207ad00eb83afdee0198bb958a7a099f9
1774431520112,2026-03-25T09:38:40.112000+00:00,xyz:SILVER,B,72.55,143.91,Open Long,0.0,0.31322,0x289684a1023e028a2a100437b6ff810207ae00869d31215ccc5f2ff3c131dc74
1774431520112,2026-03-25T09:38:40.112000+00:00,xyz:SILVER,B,72.55,153.01,Open Long,0.0,0.333026,0x8e3d71d7355087818fb70437b6ff810207b000bcd053a65332061d29f454616c
1774441707481,2026-03-25T12:28:27.481000+00:00,xyz:SILVER,A,72.525,30.29,Close Long,-0.75725,0.19771,0x9cf5a32c27ecc59e9e6f0437b8e4f20202cc0011c2efe47040be4e7ee6e09f89
1774441707481,2026-03-25T12:28:27.481000+00:00,xyz:SILVER,A,72.523,2.22,Close Long,-0.05994,0.01449,0x9cf5a32c27ecc59e9e6f0437b8e4f20202cc0011c2efe47040be4e7ee6e09f89
1774441707481,2026-03-25T12:28:27.481000+00:00,xyz:SILVER,A,72.523,258.49,Close Long,-6.97923,1.687182,0x9cf5a32c27ecc59e9e6f0437b8e4f20202cc0011c2efe47040be4e7ee6e09f89
1774441707481,2026-03-25T12:28:27.481000+00:00,xyz:SILVER,A,72.522,27.57,Close Long,-0.77196,0.179948,0x9cf5a32c27ecc59e9e6f0437b8e4f20202cc0011c2efe47040be4e7ee6e09f89
1774441707481,2026-03-25T12:28:27.481000+00:00,xyz:SILVER,A,72.522,5.44,Close Long,-0.15232,0.035506,0x9cf5a32c27ecc59e9e6f0437b8e4f20202cc0011c2efe47040be4e7ee6e09f89
1774441707481,2026-03-25T12:28:27.481000+00:00,xyz:SILVER,A,72.521,1.38,Close Long,-0.04002,0.009007,0x9cf5a32c27ecc59e9e6f0437b8e4f20202cc0011c2efe47040be4e7ee6e09f89
1774441707481,2026-03-25T12:28:27.481000+00:00,xyz:SILVER,A,72.517,0.42,Close Long,-0.01386,0.002741,0x9cf5a32c27ecc59e9e6f0437b8e4f20202cc0011c2efe47040be4e7ee6e09f89
1774441707481,2026-03-25T12:28:27.481000+00:00,xyz:SILVER,A,72.517,33.03,Close Long,-1.08999,0.215571,0x9cf5a32c27ecc59e9e6f0437b8e4f20202cc0011c2efe47040be4e7ee6e09f89
1774441707481,2026-03-25T12:28:27.481000+00:00,xyz:SILVER,A,72.517,281.45,Close Long,-9.28785,1.836891,0x9cf5a32c27ecc59e9e6f0437b8e4f20202cc0011c2efe47040be4e7ee6e09f89
1774441707481,2026-03-25T12:28:27.481000+00:00,xyz:SILVER,A,72.516,27.57,Close Long,-0.93738,0.179933,0x9cf5a32c27ecc59e9e6f0437b8e4f20202cc0011c2efe47040be4e7ee6e09f89
1774441707481,2026-03-25T12:28:27.481000+00:00,xyz:SILVER,A,72.514,258.49,Close Long,-9.30564,1.686972,0x9cf5a32c27ecc59e9e6f0437b8e4f20202cc0011c2efe47040be4e7ee6e09f89
1774441707481,2026-03-25T12:28:27.481000+00:00,xyz:SILVER,A,72.513,191.16,Close Long,-7.07292,1.247542,0x9cf5a32c27ecc59e9e6f0437b8e4f20202cc0011c2efe47040be4e7ee6e09f89
1774441707481,2026-03-25T12:28:27.481000+00:00,xyz:SILVER,A,72.512,1.15,Close Long,-0.0437,0.007504,0x9cf5a32c27ecc59e9e6f0437b8e4f20202cc0011c2efe47040be4e7ee6e09f89
1774441707481,2026-03-25T12:28:27.481000+00:00,xyz:SILVER,A,72.511,0.42,Close Long,-0.01638,0.00274,0x9cf5a32c27ecc59e9e6f0437b8e4f20202cc0011c2efe47040be4e7ee6e09f89
1774441707481,2026-03-25T12:28:27.481000+00:00,xyz:SILVER,A,72.51,27.55,Close Long,-1.102,0.179788,0x9cf5a32c27ecc59e9e6f0437b8e4f20202cc0011c2efe47040be4e7ee6e09f89
1774441707481,2026-03-25T12:28:27.481000+00:00,xyz:SILVER,A,72.509,33.03,Close Long,-1.35423,0.215547,0x9cf5a32c27ecc59e9e6f0437b8e4f20202cc0011c2efe47040be4e7ee6e09f89
1774441707481,2026-03-25T12:28:27.481000+00:00,xyz:SILVER,A,72.506,27.55,Close Long,-1.2122,0.179778,0x9cf5a32c27ecc59e9e6f0437b8e4f20202cc0011c2efe47040be4e7ee6e09f89
1774441707481,2026-03-25T12:28:27.481000+00:00,xyz:SILVER,A,72.506,1.37,Close Long,-0.06028,0.008939,0x9cf5a32c27ecc59e9e6f0437b8e4f20202cc0011c2efe47040be4e7ee6e09f89
1774441707481,2026-03-25T12:28:27.481000+00:00,xyz:SILVER,A,72.504,13.79,Close Long,-0.63434,0.089984,0x9cf5a32c27ecc59e9e6f0437b8e4f20202cc0011c2efe47040be4e7ee6e09f89
1774441707481,2026-03-25T12:28:27.481000+00:00,xyz:SILVER,A,72.504,155.98,Close Long,-7.17508,1.017825,0x9cf5a32c27ecc59e9e6f0437b8e4f20202cc0011c2efe47040be4e7ee6e09f89
1774471252900,2026-03-25T20:40:52.900000+00:00,xyz:SILVER,B,71.2,1074.27,Open Long,0.0,2.29464,0xc269f757668322cdc3e30437be5e92020426003d0186419f6632a2aa2586fcb8
1774471252900,2026-03-25T20:40:52.900000+00:00,xyz:SILVER,B,71.2,330.22,Open Long,0.0,0.705349,0xd726fd37b2d38315d8a00437be5e92020433001d4dd6a1e77aefa88a71d75d00
1774476096445,2026-03-25T22:01:36.445000+00:00,xyz:SILVER,A,71.237,3.5,Close Long,0.1295,0.022439,0xd5775236c375bbd7d6f10437bf4343020298001c5e78daa9793ffd89827995c2
1774476096445,2026-03-25T22:01:36.445000+00:00,xyz:SILVER,A,71.231,5.61,Close Long,0.17391,0.035964,0xd5775236c375bbd7d6f10437bf4343020298001c5e78daa9793ffd89827995c2
1774476096445,2026-03-25T22:01:36.445000+00:00,xyz:SILVER,A,71.23,26.63,Close Long,0.7989,0.170716,0xd5775236c375bbd7d6f10437bf4343020298001c5e78daa9793ffd89827995c2
1774476096445,2026-03-25T22:01:36.445000+00:00,xyz:SILVER,A,71.23,0.43,Close Long,0.0129,0.002756,0xd5775236c375bbd7d6f10437bf4343020298001c5e78daa9793ffd89827995c2
1774476096445,2026-03-25T22:01:36.445000+00:00,xyz:SILVER,A,71.228,7.02,Close Long,0.19656,0.045001,0xd5775236c375bbd7d6f10437bf4343020298001c5e78daa9793ffd89827995c2
1774476096445,2026-03-25T22:01:36.445000+00:00,xyz:SILVER,A,71.227,206.34,Close Long,5.57118,1.322728,0xd5775236c375bbd7d6f10437bf4343020298001c5e78daa9793ffd89827995c2
1774476096445,2026-03-25T22:01:36.445000+00:00,xyz:SILVER,A,71.226,28.07,Close Long,0.72982,0.179938,0xd5775236c375bbd7d6f10437bf4343020298001c5e78daa9793ffd89827995c2
1774476096445,2026-03-25T22:01:36.445000+00:00,xyz:SILVER,A,71.224,0.15,Close Long,0.0036,0.000961,0xd5775236c375bbd7d6f10437bf4343020298001c5e78daa9793ffd89827995c2
1774476096445,2026-03-25T22:01:36.445000+00:00,xyz:SILVER,A,71.223,0.16,Close Long,0.00368,0.001025,0xd5775236c375bbd7d6f10437bf4343020298001c5e78daa9793ffd89827995c2
1774476096445,2026-03-25T22:01:36.445000+00:00,xyz:SILVER,A,71.223,91.87,Close Long,2.11301,0.588893,0xd5775236c375bbd7d6f10437bf4343020298001c5e78daa9793ffd89827995c2
1774476096445,2026-03-25T22:01:36.445000+00:00,xyz:SILVER,A,71.222,87.74,Close Long,1.93028,0.562411,0xd5775236c375bbd7d6f10437bf4343020298001c5e78daa9793ffd89827995c2
1774476096445,2026-03-25T22:01:36.445000+00:00,xyz:SILVER,A,71.222,2.78,Close Long,0.06116,0.017819,0xd5775236c375bbd7d6f10437bf4343020298001c5e78daa9793ffd89827995c2
1774476096445,2026-03-25T22:01:36.445000+00:00,xyz:SILVER,A,71.22,0.15,Close Long,0.003,0.000961,0xd5775236c375bbd7d6f10437bf4343020298001c5e78daa9793ffd89827995c2
1774476096445,2026-03-25T22:01:36.445000+00:00,xyz:SILVER,A,71.219,7.02,Close Long,0.13338,0.044996,0xd5775236c375bbd7d6f10437bf4343020298001c5e78daa9793ffd89827995c2
1774476096445,2026-03-25T22:01:36.445000+00:00,xyz:SILVER,A,71.219,0.7,Close Long,0.0133,0.004486,0xd5775236c375bbd7d6f10437bf4343020298001c5e78daa9793ffd89827995c2
1774476096445,2026-03-25T22:01:36.445000+00:00,xyz:SILVER,A,71.219,28.07,Close Long,0.53333,0.17992,0xd5775236c375bbd7d6f10437bf4343020298001c5e78daa9793ffd89827995c2
1774476096445,2026-03-25T22:01:36.445000+00:00,xyz:SILVER,A,71.215,10.76,Close Long,0.1614,0.068964,0xd5775236c375bbd7d6f10437bf4343020298001c5e78daa9793ffd89827995c2
1774476096445,2026-03-25T22:01:36.445000+00:00,xyz:SILVER,A,71.215,0.55,Close Long,0.00825,0.003525,0xd5775236c375bbd7d6f10437bf4343020298001c5e78daa9793ffd89827995c2
1774476096445,2026-03-25T22:01:36.445000+00:00,xyz:SILVER,A,71.215,28.07,Close Long,0.42105,0.17991,0xd5775236c375bbd7d6f10437bf4343020298001c5e78daa9793ffd89827995c2
1774476096445,2026-03-25T22:01:36.445000+00:00,xyz:SILVER,A,71.213,3.43,Close Long,0.04459,0.021983,0xd5775236c375bbd7d6f10437bf4343020298001c5e78daa9793ffd89827995c2
1774476096445,2026-03-25T22:01:36.445000+00:00,xyz:SILVER,A,71.213,0.15,Close Long,0.00195,0.000961,0xd5775236c375bbd7d6f10437bf4343020298001c5e78daa9793ffd89827995c2
1774476096445,2026-03-25T22:01:36.445000+00:00,xyz:SILVER,A,71.212,7.02,Close Long,0.08424,0.044991,0xd5775236c375bbd7d6f10437bf4343020298001c5e78daa9793ffd89827995c2
1774476096445,2026-03-25T22:01:36.445000+00:00,xyz:SILVER,A,71.211,2.79,Close Long,0.03069,0.017881,0xd5775236c375bbd7d6f10437bf4343020298001c5e78daa9793ffd89827995c2
1774476096445,2026-03-25T22:01:36.445000+00:00,xyz:SILVER,A,71.211,7.02,Close Long,0.07722,0.044991,0xd5775236c375bbd7d6f10437bf4343020298001c5e78daa9793ffd89827995c2
1774476096445,2026-03-25T22:01:36.445000+00:00,xyz:SILVER,A,71.211,0.15,Close Long,0.00165,0.000961,0xd5775236c375bbd7d6f10437bf4343020298001c5e78daa9793ffd89827995c2
1774476096445,2026-03-25T22:01:36.445000+00:00,xyz:SILVER,A,71.21,28.05,Close Long,0.2805,0.179769,0xd5775236c375bbd7d6f10437bf4343020298001c5e78daa9793ffd89827995c2
1774476096445,2026-03-25T22:01:36.445000+00:00,xyz:SILVER,A,71.21,1.96,Close Long,0.0196,0.012561,0xd5775236c375bbd7d6f10437bf4343020298001c5e78daa9793ffd89827995c2
1774476096445,2026-03-25T22:01:36.445000+00:00,xyz:SILVER,A,71.209,1.17,Close Long,0.01053,0.007498,0xd5775236c375bbd7d6f10437bf4343020298001c5e78daa9793ffd89827995c2
1774476096445,2026-03-25T22:01:36.445000+00:00,xyz:SILVER,A,71.209,7.02,Close Long,0.06318,0.044989,0xd5775236c375bbd7d6f10437bf4343020298001c5e78daa9793ffd89827995c2
1774476096445,2026-03-25T22:01:36.445000+00:00,xyz:SILVER,A,71.207,19.2,Close Long,0.1344,0.123045,0xd5775236c375bbd7d6f10437bf4343020298001c5e78daa9793ffd89827995c2
1774476096445,2026-03-25T22:01:36.445000+00:00,xyz:SILVER,A,71.206,28.05,Close Long,0.1683,0.179759,0xd5775236c375bbd7d6f10437bf4343020298001c5e78daa9793ffd89827995c2
1774476096445,2026-03-25T22:01:36.445000+00:00,xyz:SILVER,A,71.206,23.62,Close Long,0.14172,0.151369,0xd5775236c375bbd7d6f10437bf4343020298001c5e78daa9793ffd89827995c2
1774476096445,2026-03-25T22:01:36.445000+00:00,xyz:SILVER,A,71.205,10.76,Close Long,0.0538,0.068954,0xd5775236c375bbd7d6f10437bf4343020298001c5e78daa9793ffd89827995c2
1774476096445,2026-03-25T22:01:36.445000+00:00,xyz:SILVER,A,71.203,31.79,Close Long,0.09537,0.203718,0xd5775236c375bbd7d6f10437bf4343020298001c5e78daa9793ffd89827995c2
1774476096445,2026-03-25T22:01:36.445000+00:00,xyz:SILVER,A,71.202,2.79,Close Long,0.00558,0.017878,0xd5775236c375bbd7d6f10437bf4343020298001c5e78daa9793ffd89827995c2
1774476096445,2026-03-25T22:01:36.445000+00:00,xyz:SILVER,A,71.202,28.05,Close Long,0.0561,0.179749,0xd5775236c375bbd7d6f10437bf4343020298001c5e78daa9793ffd89827995c2
1774476096445,2026-03-25T22:01:36.445000+00:00,xyz:SILVER,A,71.201,0.72,Close Long,0.00072,0.004613,0xd5775236c375bbd7d6f10437bf4343020298001c5e78daa9793ffd89827995c2
1774476096445,2026-03-25T22:01:36.445000+00:00,xyz:SILVER,A,71.2,2.79,Close Long,0.0,0.017878,0xd5775236c375bbd7d6f10437bf4343020298001c5e78daa9793ffd89827995c2
1774476096445,2026-03-25T22:01:36.445000+00:00,xyz:SILVER,A,71.2,0.15,Close Long,0.0,0.000961,0xd5775236c375bbd7d6f10437bf4343020298001c5e78daa9793ffd89827995c2
1774476096445,2026-03-25T22:01:36.445000+00:00,xyz:SILVER,A,71.2,1.68,Close Long,0.0,0.010765,0xd5775236c375bbd7d6f10437bf4343020298001c5e78daa9793ffd89827995c2
1774476096445,2026-03-25T22:01:36.445000+00:00,xyz:SILVER,A,71.199,0.15,Close Long,-0.00015,0.000961,0xd5775236c375bbd7d6f10437bf4343020298001c5e78daa9793ffd89827995c2
1774476096445,2026-03-25T22:01:36.445000+00:00,xyz:SILVER,A,71.198,28.05,Close Long,-0.0561,0.179739,0xd5775236c375bbd7d6f10437bf4343020298001c5e78daa9793ffd89827995c2
1774476096445,2026-03-25T22:01:36.445000+00:00,xyz:SILVER,A,71.196,7.02,Close Long,-0.02808,0.044981,0xd5775236c375bbd7d6f10437bf4343020298001c5e78daa9793ffd89827995c2
1774476096445,2026-03-25T22:01:36.445000+00:00,xyz:SILVER,A,71.194,0.15,Close Long,-0.0009,0.000961,0xd5775236c375bbd7d6f10437bf4343020298001c5e78daa9793ffd89827995c2
1774476096445,2026-03-25T22:01:36.445000+00:00,xyz:SILVER,A,71.194,28.05,Close Long,-0.1683,0.179729,0xd5775236c375bbd7d6f10437bf4343020298001c5e78daa9793ffd89827995c2
1774476096445,2026-03-25T22:01:36.445000+00:00,xyz:SILVER,A,71.193,28.07,Close Long,-0.19649,0.179854,0xd5775236c375bbd7d6f10437bf4343020298001c5e78daa9793ffd89827995c2
1774476096445,2026-03-25T22:01:36.445000+00:00,xyz:SILVER,A,71.191,2.79,Close Long,-0.02511,0.017876,0xd5775236c375bbd7d6f10437bf4343020298001c5e78daa9793ffd89827995c2
1774476096445,2026-03-25T22:01:36.445000+00:00,xyz:SILVER,A,71.19,28.05,Close Long,-0.2805,0.179719,0xd5775236c375bbd7d6f10437bf4343020298001c5e78daa9793ffd89827995c2
1774476096445,2026-03-25T22:01:36.445000+00:00,xyz:SILVER,A,71.188,70.24,Close Long,-0.84288,0.450022,0xd5775236c375bbd7d6f10437bf4343020298001c5e78daa9793ffd89827995c2
1774476096445,2026-03-25T22:01:36.445000+00:00,xyz:SILVER,A,71.187,0.93,Close Long,-0.01209,0.005958,0xd5775236c375bbd7d6f10437bf4343020298001c5e78daa9793ffd89827995c2
1774476096445,2026-03-25T22:01:36.445000+00:00,xyz:SILVER,A,71.186,28.05,Close Long,-0.3927,0.179709,0xd5775236c375bbd7d6f10437bf4343020298001c5e78daa9793ffd89827995c2
1774476096445,2026-03-25T22:01:36.445000+00:00,xyz:SILVER,A,71.186,10.76,Close Long,-0.15064,0.068936,0xd5775236c375bbd7d6f10437bf4343020298001c5e78daa9793ffd89827995c2
1774476096445,2026-03-25T22:01:36.445000+00:00,xyz:SILVER,A,71.185,7.02,Close Long,-0.1053,0.044974,0xd5775236c375bbd7d6f10437bf4343020298001c5e78daa9793ffd89827995c2
1774476096445,2026-03-25T22:01:36.445000+00:00,xyz:SILVER,A,71.185,22.8,Close Long,-0.342,0.146071,0xd5775236c375bbd7d6f10437bf4343020298001c5e78daa9793ffd89827995c2
1774476096445,2026-03-25T22:01:36.445000+00:00,xyz:SILVER,A,71.184,280.08,Close Long,-4.48128,1.794349,0xd5775236c375bbd7d6f10437bf4343020298001c5e78daa9793ffd89827995c2
1774476096445,2026-03-25T22:01:36.445000+00:00,xyz:SILVER,A,71.184,118.3,Close Long,-1.8928,0.757896,0xd5775236c375bbd7d6f10437bf4343020298001c5e78daa9793ffd89827995c2
1774503894292,2026-03-26T05:44:54.292000+00:00,xyz:SILVER,B,70.6,244.39,Open Long,0.0,0.517618,0xed803f3998ff457aeef90437c46435020576001f33f2644c9148ea8c57f31f65
1774503894571,2026-03-26T05:44:54.571000+00:00,xyz:SILVER,B,70.6,121.41,Open Long,0.0,0.257146,0x131e49192ee8485014980437c4643a02025400fec9eb6722b6e6f46bedec223a
1774503894641,2026-03-26T05:44:54.641000+00:00,xyz:SILVER,B,70.6,161.3,Open Long,0.0,0.341633,0x6dcc82f15ac51cf16f460437c4643b0203fd00d6f5c83bc311952e4419c8f6dc
1774503894641,2026-03-26T05:44:54.641000+00:00,xyz:SILVER,B,70.6,23.03,Open Long,0.0,0.048777,0x9ec14a93f42cabd7a03b0437c4643b02040300798f2fcaa94289f5e6b32085c2
1774503894641,2026-03-26T05:44:54.641000+00:00,xyz:SILVER,B,70.6,26.0,Open Long,0.0,0.055067,0x5194c12f0dbdee53530e0437c4643b0204040014a8b10d25f55d6c81ccb1c83d
1774503894641,2026-03-26T05:44:54.641000+00:00,xyz:SILVER,B,70.6,27.55,Open Long,0.0,0.05835,0x319fa17bc043588a33190437c4643b02041500615b46775cd5684cce7f473274
1774503894721,2026-03-26T05:44:54.721000+00:00,xyz:SILVER,B,70.6,877.17,Open Long,0.0,1.857846,0xbffaf9b6c8692e17c1740437c4643c020422009c636c4ce963c3a509876d0802
1774503894721,2026-03-26T05:44:54.721000+00:00,xyz:SILVER,B,70.6,18.5,Open Long,0.0,0.039183,0x72ce7051e1fa709374480437c4643c02042300377cfd8f6516971ba4a0fe4a7e
1774503894721,2026-03-26T05:44:54.721000+00:00,xyz:SILVER,B,70.6,42.63,Open Long,0.0,0.09029,0xa3c337f47b51ff79a53c0437c4643c02042900da16551e4b478be3473a55d964
1774503894721,2026-03-26T05:44:54.721000+00:00,xyz:SILVER,B,70.6,26.24,Open Long,0.0,0.055576,0x5696ae8f94e341f558100437c4643c02042a00752fe660c7fa5f59e253e71bdf
1774503894721,2026-03-26T05:44:54.721000+00:00,xyz:SILVER,B,70.6,5.42,Open Long,0.0,0.011479,0x096a252aae7484710ae30437c4643c02042b00104977a343ad32d07d6d785e5b
1774503894721,2026-03-26T05:44:54.721000+00:00,xyz:SILVER,B,70.6,23.86,Open Long,0.0,0.050535,0x6f111260e1970968708a0437c4643c02042d00467c9a283a12d9bdb3a09ae353
1774503894721,2026-03-26T05:44:54.721000+00:00,xyz:SILVER,B,70.6,23.2,Open Long,0.0,0.049137,0x21e488fbfb284be4235e0437c4643c02042e00e1962b6ab6c5ad344eba2c25ce
1774503894721,2026-03-26T05:44:54.721000+00:00,xyz:SILVER,B,70.6,41.45,Open Long,0.0,0.087791,0x878b76322e4ad0db89050437c4643c0204300017c94defad2b542184ed4eaac6
1774503894721,2026-03-26T05:44:54.721000+00:00,xyz:SILVER,B,70.6,13.62,Open Long,0.0,0.028847,0x01ef6948adbdb61b03690437c4643c02043f002e48b0d4eda5b8149b6cb19005
1774503895017,2026-03-26T05:44:55.017000+00:00,xyz:SILVER,B,70.6,448.87,Open Long,0.0,0.950706,0x98dad4f4082ead5d9a540437c4644002066a00d9a321cc2f3ca38046c7228748
1774514333424,2026-03-26T08:38:53.424000+00:00,xyz:SILVER,B,68.2,372.39,Open Long,0.0,0.761909,0x544a47550fff099655c40437c651a401fb005f3aaaf22868f812f2a7cef2e380
1774514333618,2026-03-26T08:38:53.618000+00:00,xyz:SILVER,B,68.2,360.74,Open Long,0.0,0.738074,0x2260a7157dbc719e23da0437c651a70202e800fb18bf9070c62952683cb04b88
1774629486337,2026-03-27T16:38:06.337000+00:00,xyz:SILVER,A,70.399,0.15,Close Long,0.062205,0.00095,0x8a374e82c9ceb0908bb10437dbb536020446006864c1cf622dfff9d588c28a7b
1774629486337,2026-03-27T16:38:06.337000+00:00,xyz:SILVER,A,70.388,141.13,Close Long,56.974181,0.894047,0x8a374e82c9ceb0908bb10437dbb536020446006864c1cf622dfff9d588c28a7b
1774629486337,2026-03-27T16:38:06.337000+00:00,xyz:SILVER,A,70.387,28.38,Close Long,11.428626,0.179782,0x8a374e82c9ceb0908bb10437dbb536020446006864c1cf622dfff9d588c28a7b
1774629486337,2026-03-27T16:38:06.337000+00:00,xyz:SILVER,A,70.386,0.15,Close Long,0.060255,0.00095,0x8a374e82c9ceb0908bb10437dbb536020446006864c1cf622dfff9d588c28a7b
1774629486337,2026-03-27T16:38:06.337000+00:00,xyz:SILVER,A,70.384,1.42,Close Long,0.567574,0.008995,0x8a374e82c9ceb0908bb10437dbb536020446006864c1cf622dfff9d588c28a7b
1774629486337,2026-03-27T16:38:06.337000+00:00,xyz:SILVER,A,70.383,28.38,Close Long,11.315106,0.179772,0x8a374e82c9ceb0908bb10437dbb536020446006864c1cf622dfff9d588c28a7b
1774629486337,2026-03-27T16:38:06.337000+00:00,xyz:SILVER,A,70.382,1.0,Close Long,0.3977,0.006334,0x8a374e82c9ceb0908bb10437dbb536020446006864c1cf622dfff9d588c28a7b
1774629486337,2026-03-27T16:38:06.337000+00:00,xyz:SILVER,A,70.382,63.22,Close Long,25.142594,0.400459,0x8a374e82c9ceb0908bb10437dbb536020446006864c1cf622dfff9d588c28a7b
1774629486337,2026-03-27T16:38:06.337000+00:00,xyz:SILVER,A,70.38,2.84,Close Long,1.123788,0.017989,0x8a374e82c9ceb0908bb10437dbb536020446006864c1cf622dfff9d588c28a7b
1774629486337,2026-03-27T16:38:06.337000+00:00,xyz:SILVER,A,70.38,0.16,Close Long,0.063312,0.001013,0x8a374e82c9ceb0908bb10437dbb536020446006864c1cf622dfff9d588c28a7b
1774629486337,2026-03-27T16:38:06.337000+00:00,xyz:SILVER,A,70.38,28.24,Close Long,11.174568,0.178877,0x8a374e82c9ceb0908bb10437dbb536020446006864c1cf622dfff9d588c28a7b
1774629486337,2026-03-27T16:38:06.337000+00:00,xyz:SILVER,A,70.379,28.38,Close Long,11.201586,0.179762,0x8a374e82c9ceb0908bb10437dbb536020446006864c1cf622dfff9d588c28a7b
1774629486337,2026-03-27T16:38:06.337000+00:00,xyz:SILVER,A,70.379,3.62,Close Long,1.428814,0.022929,0x8a374e82c9ceb0908bb10437dbb536020446006864c1cf622dfff9d588c28a7b
1774629486337,2026-03-27T16:38:06.337000+00:00,xyz:SILVER,A,70.378,63.22,Close Long,24.889714,0.400436,0x8a374e82c9ceb0908bb10437dbb536020446006864c1cf622dfff9d588c28a7b
1774629486337,2026-03-27T16:38:06.337000+00:00,xyz:SILVER,A,70.378,0.28,Close Long,0.110236,0.001773,0x8a374e82c9ceb0908bb10437dbb536020446006864c1cf622dfff9d588c28a7b
1774629486337,2026-03-27T16:38:06.337000+00:00,xyz:SILVER,A,70.377,86.87,Close Long,34.113849,0.550228,0x8a374e82c9ceb0908bb10437dbb536020446006864c1cf622dfff9d588c28a7b
1774629486337,2026-03-27T16:38:06.337000+00:00,xyz:SILVER,A,70.376,36.73,Close Long,14.387141,0.232641,0x8a374e82c9ceb0908bb10437dbb536020446006864c1cf622dfff9d588c28a7b
1774629486337,2026-03-27T16:38:06.337000+00:00,xyz:SILVER,A,70.375,28.38,Close Long,11.088066,0.179751,0x8a374e82c9ceb0908bb10437dbb536020446006864c1cf622dfff9d588c28a7b
1774629486337,2026-03-27T16:38:06.337000+00:00,xyz:SILVER,A,70.375,10.16,Close Long,3.969512,0.06435,0x8a374e82c9ceb0908bb10437dbb536020446006864c1cf622dfff9d588c28a7b
1774629486337,2026-03-27T16:38:06.337000+00:00,xyz:SILVER,A,70.374,63.22,Close Long,24.636834,0.400413,0x8a374e82c9ceb0908bb10437dbb536020446006864c1cf622dfff9d588c28a7b
1774629486337,2026-03-27T16:38:06.337000+00:00,xyz:SILVER,A,70.373,7.1,Close Long,2.75977,0.044968,0x8a374e82c9ceb0908bb10437dbb536020446006864c1cf622dfff9d588c28a7b
1774629486337,2026-03-27T16:38:06.337000+00:00,xyz:SILVER,A,70.373,218.29,Close Long,84.849323,1.382554,0x8a374e82c9ceb0908bb10437dbb536020446006864c1cf622dfff9d588c28a7b
1774629486337,2026-03-27T16:38:06.337000+00:00,xyz:SILVER,A,70.372,2.84,Close Long,1.101068,0.017987,0x8a374e82c9ceb0908bb10437dbb536020446006864c1cf622dfff9d588c28a7b
1774629486337,2026-03-27T16:38:06.337000+00:00,xyz:SILVER,A,70.371,28.38,Close Long,10.974546,0.179741,0x8a374e82c9ceb0908bb10437dbb536020446006864c1cf622dfff9d588c28a7b
1774629486337,2026-03-27T16:38:06.337000+00:00,xyz:SILVER,A,70.371,20.53,Close Long,7.938951,0.130024,0x8a374e82c9ceb0908bb10437dbb536020446006864c1cf622dfff9d588c28a7b
1774629486337,2026-03-27T16:38:06.337000+00:00,xyz:SILVER,A,70.371,25.91,Close Long,10.019397,0.164098,0x8a374e82c9ceb0908bb10437dbb536020446006864c1cf622dfff9d588c28a7b
1774629486337,2026-03-27T16:38:06.337000+00:00,xyz:SILVER,A,70.37,0.18,Close Long,0.069426,0.001139,0x8a374e82c9ceb0908bb10437dbb536020446006864c1cf622dfff9d588c28a7b
1774629486337,2026-03-27T16:38:06.337000+00:00,xyz:SILVER,A,70.37,1.99,Close Long,0.767543,0.012603,0x8a374e82c9ceb0908bb10437dbb536020446006864c1cf622dfff9d588c28a7b
1774629486337,2026-03-27T16:38:06.337000+00:00,xyz:SILVER,A,70.368,7.11,Close Long,2.728107,0.045028,0x8a374e82c9ceb0908bb10437dbb536020446006864c1cf622dfff9d588c28a7b
1774629486337,2026-03-27T16:38:06.337000+00:00,xyz:SILVER,A,70.368,125.91,Close Long,48.311667,0.797403,0x8a374e82c9ceb0908bb10437dbb536020446006864c1cf622dfff9d588c28a7b
1774629486337,2026-03-27T16:38:06.337000+00:00,xyz:SILVER,A,70.367,28.38,Close Long,10.861026,0.179731,0x8a374e82c9ceb0908bb10437dbb536020446006864c1cf622dfff9d588c28a7b
1774629486337,2026-03-27T16:38:06.337000+00:00,xyz:SILVER,A,70.367,10.76,Close Long,4.117852,0.068143,0x8a374e82c9ceb0908bb10437dbb536020446006864c1cf622dfff9d588c28a7b
1774629486337,2026-03-27T16:38:06.337000+00:00,xyz:SILVER,A,70.365,303.09,Close Long,115.386363,1.919423,0x8a374e82c9ceb0908bb10437dbb536020446006864c1cf622dfff9d588c28a7b
1774629486337,2026-03-27T16:38:06.337000+00:00,xyz:SILVER,A,70.364,10.76,Close Long,4.085572,0.06814,0x8a374e82c9ceb0908bb10437dbb536020446006864c1cf622dfff9d588c28a7b
1774629486337,2026-03-27T16:38:06.337000+00:00,xyz:SILVER,A,70.364,63.48,Close Long,24.103356,0.402003,0x8a374e82c9ceb0908bb10437dbb536020446006864c1cf622dfff9d588c28a7b
1774629486337,2026-03-27T16:38:06.337000+00:00,xyz:SILVER,A,70.363,28.39,Close Long,10.751293,0.179784,0x8a374e82c9ceb0908bb10437dbb536020446006864c1cf622dfff9d588c28a7b
1774629486337,2026-03-27T16:38:06.337000+00:00,xyz:SILVER,A,70.362,2.77,Close Long,1.046229,0.017541,0x8a374e82c9ceb0908bb10437dbb536020446006864c1cf622dfff9d588c28a7b
1774629486337,2026-03-27T16:38:06.337000+00:00,xyz:SILVER,A,70.362,0.69,Close Long,0.260613,0.004369,0x8a374e82c9ceb0908bb10437dbb536020446006864c1cf622dfff9d588c28a7b
1774629486337,2026-03-27T16:38:06.337000+00:00,xyz:SILVER,A,70.362,2.84,Close Long,1.072668,0.017984,0x8a374e82c9ceb0908bb10437dbb536020446006864c1cf622dfff9d588c28a7b
1774629486337,2026-03-27T16:38:06.337000+00:00,xyz:SILVER,A,70.361,86.87,Close Long,32.723929,0.550103,0x8a374e82c9ceb0908bb10437dbb536020446006864c1cf622dfff9d588c28a7b
1774629486337,2026-03-27T16:38:06.337000+00:00,xyz:SILVER,A,70.36,2.84,Close Long,1.066988,0.017984,0x8a374e82c9ceb0908bb10437dbb536020446006864c1cf622dfff9d588c28a7b
1774629486337,2026-03-27T16:38:06.337000+00:00,xyz:SILVER,A,70.36,283.85,Close Long,106.642445,1.797451,0x8a374e82c9ceb0908bb10437dbb536020446006864c1cf622dfff9d588c28a7b
1774629486337,2026-03-27T16:38:06.337000+00:00,xyz:SILVER,A,70.36,28.42,Close Long,10.677394,0.179966,0x8a374e82c9ceb0908bb10437dbb536020446006864c1cf622dfff9d588c28a7b
1774629486337,2026-03-27T16:38:06.337000+00:00,xyz:SILVER,A,70.359,28.39,Close Long,10.637733,0.179774,0x8a374e82c9ceb0908bb10437dbb536020446006864c1cf622dfff9d588c28a7b
1774629486337,2026-03-27T16:38:06.337000+00:00,xyz:SILVER,A,70.359,63.22,Close Long,23.688534,0.400328,0x8a374e82c9ceb0908bb10437dbb536020446006864c1cf622dfff9d588c28a7b
1774629486337,2026-03-27T16:38:06.337000+00:00,xyz:SILVER,A,70.359,44.93,Close Long,16.835271,0.28451,0x8a374e82c9ceb0908bb10437dbb536020446006864c1cf622dfff9d588c28a7b
1774629486337,2026-03-27T16:38:06.337000+00:00,xyz:SILVER,A,70.358,1.42,Close Long,0.530654,0.008991,0x8a374e82c9ceb0908bb10437dbb536020446006864c1cf622dfff9d588c28a7b
1774629486337,2026-03-27T16:38:06.337000+00:00,xyz:SILVER,A,70.358,13.03,Close Long,4.869311,0.082508,0x8a374e82c9ceb0908bb10437dbb536020446006864c1cf622dfff9d588c28a7b
1774629486337,2026-03-27T16:38:06.337000+00:00,xyz:SILVER,A,70.358,2.13,Close Long,0.795981,0.013487,0x8a374e82c9ceb0908bb10437dbb536020446006864c1cf622dfff9d588c28a7b
1774629486337,2026-03-27T16:38:06.337000+00:00,xyz:SILVER,A,70.357,283.7,Close Long,105.73499,1.796425,0x8a374e82c9ceb0908bb10437dbb536020446006864c1cf622dfff9d588c28a7b
1774629486337,2026-03-27T16:38:06.337000+00:00,xyz:SILVER,A,70.357,3.55,Close Long,1.323085,0.022479,0x8a374e82c9ceb0908bb10437dbb536020446006864c1cf622dfff9d588c28a7b
1774629486337,2026-03-27T16:38:06.337000+00:00,xyz:SILVER,A,70.356,163.69,Close Long,60.843573,1.036491,0x8a374e82c9ceb0908bb10437dbb536020446006864c1cf622dfff9d588c28a7b
1774629486337,2026-03-27T16:38:06.337000+00:00,xyz:SILVER,A,70.356,44.01,Close Long,16.358517,0.278673,0x8a374e82c9ceb0908bb10437dbb536020446006864c1cf622dfff9d588c28a7b
1774629486337,2026-03-27T16:38:06.337000+00:00,xyz:SILVER,A,70.355,0.85,Close Long,0.315095,0.005382,0x8a374e82c9ceb0908bb10437dbb536020446006864c1cf622dfff9d588c28a7b
1774629486337,2026-03-27T16:38:06.337000+00:00,xyz:SILVER,A,70.355,28.39,Close Long,10.524173,0.179764,0x8a374e82c9ceb0908bb10437dbb536020446006864c1cf622dfff9d588c28a7b
1774629486337,2026-03-27T16:38:06.337000+00:00,xyz:SILVER,A,70.355,63.22,Close Long,23.435654,0.400305,0x8a374e82c9ceb0908bb10437dbb536020446006864c1cf622dfff9d588c28a7b
1774629486337,2026-03-27T16:38:06.337000+00:00,xyz:SILVER,A,70.354,31.79,Close Long,11.752763,0.201289,0x8a374e82c9ceb0908bb10437dbb536020446006864c1cf622dfff9d588c28a7b
1774629486337,2026-03-27T16:38:06.337000+00:00,xyz:SILVER,A,70.353,178.14,Close Long,65.680218,1.127941,0x8a374e82c9ceb0908bb10437dbb536020446006864c1cf622dfff9d588c28a7b
1774712776973,2026-03-28T15:46:16.973000+00:00,BTC,B,67034.0,1.49178,Open Long,0.0,14.999997,0x98289fd531623fcd99a20437eb181002030e00bacc655e9f3bf14b27f06619b8
1774812752341,2026-03-29T19:32:32.341000+00:00,xyz:SILVER,B,69.863,62.31,Open Long,0.0,0.391784,0x4a185c0998cbb0f44b920437fd6c3f0203c900ef33cecfc6ede1075c57cf8ade
1774813295037,2026-03-29T19:41:35.037000+00:00,xyz:SILVER,B,69.863,31.39,Open Long,0.0,0.065789,0xdaeb6ea4e7c2c174dc650437fd8586020396008a82c5e0467eb419f7a6c69b5f
1774813311261,2026-03-29T19:41:51.261000+00:00,xyz:SILVER,B,69.863,3.57,Open Long,0.0,0.007482,0x89e42fe3270e75a78b5d0437fd864b02031100c8c20194792dacdb35e6024f92
1774813311261,2026-03-29T19:41:51.261000+00:00,xyz:SILVER,B,69.863,14.15,Open Long,0.0,0.029656,0x3cb7a67e409fb8233e310437fd864b0203120063db92d6f5e08051d0ff93920d
1774813311562,2026-03-29T19:41:51.562000+00:00,xyz:SILVER,B,69.863,70.53,Open Long,0.0,0.147823,0x8f0dc5fe3e060fc190870437fd864e0208b200e3d9092e9332d67150fd09e9ac
1774813311562,2026-03-29T19:41:51.562000+00:00,xyz:SILVER,B,69.863,31.74,Open Long,0.0,0.066523,0x3a6680b756d083e73be00437fd864e0208c7009cf1d3a2b9de2f2c0a15d45dd1
1774813325906,2026-03-29T19:42:05.906000+00:00,xyz:SILVER,B,69.863,42.91,Open Long,0.0,0.089934,0x675c3c3f4103e09668d50437fd86f70205550024dc06ff680b24e7920007ba81
1774813325906,2026-03-29T19:42:05.906000+00:00,xyz:SILVER,B,69.863,44.54,Open Long,0.0,0.09335,0x1a2fb2da5a9523121ba90437fd86f702055600bff59841e4bdf85e2d1998fcfc
1774813325906,2026-03-29T19:42:05.906000+00:00,xyz:SILVER,B,69.863,32.34,Open Long,0.0,0.067781,0x7fd6a0108db7a80981500437fd86f702055800f628bac6db239f4b634cbb81f4
1774813325906,2026-03-29T19:42:05.906000+00:00,xyz:SILVER,B,69.863,7.15,Open Long,0.0,0.014985,0xe57d8d46c0da2d00e6f70437fd86f702055a002c5bdd4bd2894638997fde06eb
1774813325906,2026-03-29T19:42:05.906000+00:00,xyz:SILVER,B,69.863,88.79,Open Long,0.0,0.186094,0x985103e1da6b6f7c99ca0437fd86f702055b00c7756e8e4e3c19af34996f4967
1774813325906,2026-03-29T19:42:05.906000+00:00,xyz:SILVER,B,69.863,123.92,Open Long,0.0,0.259722,0x4b247a7cf3fcb1f84c9e0437fd86f702055c00628effd0caeeed25cfb2f08be2
1774813325906,2026-03-29T19:42:05.906000+00:00,xyz:SILVER,B,69.863,3.74,Open Long,0.0,0.007838,0xfdf7f1180d8df473ff710437fd86f702055d00fda8811346a1c09c6acc81ce5e
1774813325993,2026-03-29T19:42:05.993000+00:00,xyz:SILVER,B,69.863,23.71,Open Long,0.0,0.049693,0xe7c7677aa404f2eae9410437fd86f802014000603f0811bc8b9012cd6308ccd5
1774813331655,2026-03-29T19:42:11.655000+00:00,xyz:SILVER,B,69.863,18.16,Open Long,0.0,0.038061,0x973fc65c2767488798b90437fd873a02041c0041c26a67593b0871aee66b2272
1774813331655,2026-03-29T19:42:11.655000+00:00,xyz:SILVER,B,69.863,127.61,Open Long,0.0,0.267456,0x4a133cf740f88b034b8c0437fd873a02041d00dcdbfba9d5eddbe849fffc64ed
1774813331780,2026-03-29T19:42:11.780000+00:00,xyz:SILVER,B,69.863,3.73,Open Long,0.0,0.007817,0x72c786324680697274410437fd873b0207190017e1838844169031850584435d
1774813332093,2026-03-29T19:42:12.093000+00:00,xyz:SILVER,B,69.863,2.03,Open Long,0.0,0.004254,0xa2413af11d440477a3ba0437fd8740020a8c00d6b84723494609e643dc47de62
1774813334879,2026-03-29T19:42:14.879000+00:00,xyz:SILVER,B,69.863,13.39,Open Long,0.0,0.028063,0xe5b88ec98d02a5c4e7320437fd87670201e500af2805c49689813a1c4c067faf
1774813334879,2026-03-29T19:42:14.879000+00:00,xyz:SILVER,B,69.863,3.41,Open Long,0.0,0.007146,0x988c0564a693e8409a050437fd87670201e6004a419707123c54b0b76597c22b
1774813334879,2026-03-29T19:42:14.879000+00:00,xyz:SILVER,B,69.863,63.08,Open Long,0.0,0.132208,0x4b5f7bffc0252abc4cd90437fd87670201e700e55b28498eef2827527f2904a6
1774813335016,2026-03-29T19:42:15.016000+00:00,xyz:SILVER,B,69.863,128.72,Open Long,0.0,0.269782,0xd5a6521a63f0d540d7200437fd876802046700fffef3f412796efd6d22f4af2b
1774813335079,2026-03-29T19:42:15.079000+00:00,xyz:SILVER,B,69.863,123.88,Open Long,0.0,0.259638,0xe99dd908bc1f37b5eb170437fd876902017400ee571256878d66845b7b1311a0
1774813335204,2026-03-29T19:42:15.204000+00:00,xyz:SILVER,B,69.863,20.15,Open Long,0.0,0.042232,0xd162dbac694ff56dd2dc0437fd876a0202fa00920443143f752b86ff2843cf58
1774813335408,2026-03-29T19:42:15.408000+00:00,xyz:SILVER,B,69.863,3.33,Open Long,0.0,0.006979,0x7e3f8c4a02c0db357fb90437fd876c0204c8002f9dc3fa072208379cc1c4b520
1774813335408,2026-03-29T19:42:15.408000+00:00,xyz:SILVER,B,69.863,14.45,Open Long,0.0,0.030285,0x2d55a4f41bfeb6862ecf0437fd876c0204d300d9b6f1d558d11e5046daf29070
1774813335616,2026-03-29T19:42:15.616000+00:00,xyz:SILVER,B,69.863,10.79,Open Long,0.0,0.022614,0x8caeeb9109f0ff398e280437fd876e0203290076a4f41e0b307796e3c8f4d924
1774813337824,2026-03-29T19:42:17.824000+00:00,xyz:SILVER,B,69.863,49.37,Open Long,0.0,0.103474,0x04571420bc235dc205d00437fd8788020542000657267c94a81fbf737b2737ac
1774813337824,2026-03-29T19:42:17.824000+00:00,xyz:SILVER,B,69.863,31.71,Open Long,0.0,0.06646,0x69fe0156ef45e2b96b770437fd8788020544003c8a49018b0dc6aca9ae49bca4
1774813337824,2026-03-29T19:42:17.824000+00:00,xyz:SILVER,B,69.863,7.1,Open Long,0.0,0.01488,0xcfa4ee8d226867b0d11e0437fd87880205460072bd6b8682736d99dfe16c419b
1774813337824,2026-03-29T19:42:17.824000+00:00,xyz:SILVER,B,69.863,160.26,Open Long,0.0,0.335887,0x827865283bf9aa2c83f20437fd8788020547000dd6fcc8fe2641107afafd8417
1774813337824,2026-03-29T19:42:17.824000+00:00,xyz:SILVER,B,69.863,34.94,Open Long,0.0,0.07323,0x354bdbc3558aeca836c50437fd878802054800a8f08e0b7ad9148716148ec692
1774813337824,2026-03-29T19:42:17.824000+00:00,xyz:SILVER,B,69.863,34.47,Open Long,0.0,0.072245,0xe81f525e6f1c2f23e9990437fd878802054900440a1f4df58be7fdb12e10090e
1774854153365,2026-03-30T07:02:33.365000+00:00,xyz:SILVER,A,70.251,0.43,Close Long,0.16684,0.002718,0x2df090b52de9765d2f6a04380521130203c7009ac8ec952fd1b93c07eced5047
1774854153365,2026-03-30T07:02:33.365000+00:00,xyz:SILVER,A,70.242,0.15,Close Long,0.05685,0.000948,0x2df090b52de9765d2f6a04380521130203c7009ac8ec952fd1b93c07eced5047
1774854153365,2026-03-30T07:02:33.365000+00:00,xyz:SILVER,A,70.241,28.45,Close Long,10.7541,0.179852,0x2df090b52de9765d2f6a04380521130203c7009ac8ec952fd1b93c07eced5047
1774854153365,2026-03-30T07:02:33.365000+00:00,xyz:SILVER,A,70.237,28.44,Close Long,10.63656,0.179778,0x2df090b52de9765d2f6a04380521130203c7009ac8ec952fd1b93c07eced5047
1774854153365,2026-03-30T07:02:33.365000+00:00,xyz:SILVER,A,70.236,0.94,Close Long,0.35062,0.005941,0x2df090b52de9765d2f6a04380521130203c7009ac8ec952fd1b93c07eced5047
1774854153365,2026-03-30T07:02:33.365000+00:00,xyz:SILVER,A,70.236,0.28,Close Long,0.10444,0.001769,0x2df090b52de9765d2f6a04380521130203c7009ac8ec952fd1b93c07eced5047
1774854153365,2026-03-30T07:02:33.365000+00:00,xyz:SILVER,A,70.235,3.55,Close Long,1.3206,0.02244,0x2df090b52de9765d2f6a04380521130203c7009ac8ec952fd1b93c07eced5047
1774854153365,2026-03-30T07:02:33.365000+00:00,xyz:SILVER,A,70.235,228.42,Close Long,84.97224,1.443877,0x2df090b52de9765d2f6a04380521130203c7009ac8ec952fd1b93c07eced5047
1774854153365,2026-03-30T07:02:33.365000+00:00,xyz:SILVER,A,70.234,7.12,Close Long,2.64152,0.045005,0x2df090b52de9765d2f6a04380521130203c7009ac8ec952fd1b93c07eced5047
1774854153365,2026-03-30T07:02:33.365000+00:00,xyz:SILVER,A,70.233,28.44,Close Long,10.5228,0.179768,0x2df090b52de9765d2f6a04380521130203c7009ac8ec952fd1b93c07eced5047
1774854153365,2026-03-30T07:02:33.365000+00:00,xyz:SILVER,A,70.231,2.78,Close Long,1.02304,0.017571,0x2df090b52de9765d2f6a04380521130203c7009ac8ec952fd1b93c07eced5047
1774854153365,2026-03-30T07:02:33.365000+00:00,xyz:SILVER,A,70.231,3.62,Close Long,1.33216,0.022881,0x2df090b52de9765d2f6a04380521130203c7009ac8ec952fd1b93c07eced5047
1774854153365,2026-03-30T07:02:33.365000+00:00,xyz:SILVER,A,70.23,0.84,Close Long,0.30828,0.005309,0x2df090b52de9765d2f6a04380521130203c7009ac8ec952fd1b93c07eced5047
1774854153365,2026-03-30T07:02:33.365000+00:00,xyz:SILVER,A,70.23,2.84,Close Long,1.04228,0.01795,0x2df090b52de9765d2f6a04380521130203c7009ac8ec952fd1b93c07eced5047
1774854153365,2026-03-30T07:02:33.365000+00:00,xyz:SILVER,A,70.229,1.42,Close Long,0.51972,0.008975,0x2df090b52de9765d2f6a04380521130203c7009ac8ec952fd1b93c07eced5047
1774854153365,2026-03-30T07:02:33.365000+00:00,xyz:SILVER,A,70.229,28.46,Close Long,10.41636,0.179884,0x2df090b52de9765d2f6a04380521130203c7009ac8ec952fd1b93c07eced5047
1774854153365,2026-03-30T07:02:33.365000+00:00,xyz:SILVER,A,70.228,10.72,Close Long,3.9128,0.067755,0x2df090b52de9765d2f6a04380521130203c7009ac8ec952fd1b93c07eced5047
1774854153365,2026-03-30T07:02:33.365000+00:00,xyz:SILVER,A,70.227,2.86,Close Long,1.04104,0.018076,0x2df090b52de9765d2f6a04380521130203c7009ac8ec952fd1b93c07eced5047
1774854153365,2026-03-30T07:02:33.365000+00:00,xyz:SILVER,A,70.225,28.46,Close Long,10.30252,0.179874,0x2df090b52de9765d2f6a04380521130203c7009ac8ec952fd1b93c07eced5047
1774854153365,2026-03-30T07:02:33.365000+00:00,xyz:SILVER,A,70.224,36.72,Close Long,13.25592,0.232076,0x2df090b52de9765d2f6a04380521130203c7009ac8ec952fd1b93c07eced5047
1774854153365,2026-03-30T07:02:33.365000+00:00,xyz:SILVER,A,70.224,1.42,Close Long,0.51262,0.008974,0x2df090b52de9765d2f6a04380521130203c7009ac8ec952fd1b93c07eced5047
1774854153365,2026-03-30T07:02:33.365000+00:00,xyz:SILVER,A,70.224,131.01,Close Long,47.29461,0.828004,0x2df090b52de9765d2f6a04380521130203c7009ac8ec952fd1b93c07eced5047
1774854153365,2026-03-30T07:02:33.365000+00:00,xyz:SILVER,A,70.223,63.58,Close Long,22.8888,0.40183,0x2df090b52de9765d2f6a04380521130203c7009ac8ec952fd1b93c07eced5047
1774854153365,2026-03-30T07:02:33.365000+00:00,xyz:SILVER,A,70.222,0.73,Close Long,0.26207,0.004613,0x2df090b52de9765d2f6a04380521130203c7009ac8ec952fd1b93c07eced5047
1774854153365,2026-03-30T07:02:33.365000+00:00,xyz:SILVER,A,70.222,23.9,Close Long,8.5801,0.151047,0x2df090b52de9765d2f6a04380521130203c7009ac8ec952fd1b93c07eced5047
1774854153365,2026-03-30T07:02:33.365000+00:00,xyz:SILVER,A,70.221,28.46,Close Long,10.18868,0.179864,0x2df090b52de9765d2f6a04380521130203c7009ac8ec952fd1b93c07eced5047
1774854153365,2026-03-30T07:02:33.365000+00:00,xyz:SILVER,A,70.219,2.86,Close Long,1.01816,0.018074,0x2df090b52de9765d2f6a04380521130203c7009ac8ec952fd1b93c07eced5047
1774854153365,2026-03-30T07:02:33.365000+00:00,xyz:SILVER,A,70.218,63.58,Close Long,22.5709,0.401801,0x2df090b52de9765d2f6a04380521130203c7009ac8ec952fd1b93c07eced5047
1774854153365,2026-03-30T07:02:33.365000+00:00,xyz:SILVER,A,70.218,0.4,Close Long,0.142,0.002527,0x2df090b52de9765d2f6a04380521130203c7009ac8ec952fd1b93c07eced5047
1774854153365,2026-03-30T07:02:33.365000+00:00,xyz:SILVER,A,70.218,28.48,Close Long,10.1104,0.179982,0x2df090b52de9765d2f6a04380521130203c7009ac8ec952fd1b93c07eced5047
1774854153365,2026-03-30T07:02:33.365000+00:00,xyz:SILVER,A,70.217,28.46,Close Long,10.07484,0.179853,0x2df090b52de9765d2f6a04380521130203c7009ac8ec952fd1b93c07eced5047
1774854153365,2026-03-30T07:02:33.365000+00:00,xyz:SILVER,A,70.217,8.55,Close Long,3.0267,0.054031,0x2df090b52de9765d2f6a04380521130203c7009ac8ec952fd1b93c07eced5047
1774854153365,2026-03-30T07:02:33.365000+00:00,xyz:SILVER,A,70.216,289.51,Close Long,102.19703,1.829541,0x2df090b52de9765d2f6a04380521130203c7009ac8ec952fd1b93c07eced5047
1774854153365,2026-03-30T07:02:33.365000+00:00,xyz:SILVER,A,70.215,1.42,Close Long,0.49984,0.008973,0x2df090b52de9765d2f6a04380521130203c7009ac8ec952fd1b93c07eced5047
1774854153365,2026-03-30T07:02:33.365000+00:00,xyz:SILVER,A,70.215,284.69,Close Long,100.21088,1.799055,0x2df090b52de9765d2f6a04380521130203c7009ac8ec952fd1b93c07eced5047
1774854153365,2026-03-30T07:02:33.365000+00:00,xyz:SILVER,A,70.215,29.38,Close Long,10.34176,0.185662,0x2df090b52de9765d2f6a04380521130203c7009ac8ec952fd1b93c07eced5047
1774854235017,2026-03-30T07:03:55.017000+00:00,BTC,A,67202.0,0.74326,Close Long,124.86768,22.476851,0x423b1e2f6edd8a9343b404380524c2020303001509d0a965e603c9822dd1647d
1774854235017,2026-03-30T07:03:55.017000+00:00,BTC,A,67202.0,0.05208,Close Long,8.74944,1.574946,0x423b1e2f6edd8a9343b404380524c2020303001509d0a965e603c9822dd1647d
1774854235017,2026-03-30T07:03:55.017000+00:00,BTC,A,67202.0,0.00186,Close Long,0.31248,0.056248,0x423b1e2f6edd8a9343b404380524c2020303001509d0a965e603c9822dd1647d
1774854235017,2026-03-30T07:03:55.017000+00:00,BTC,A,67202.0,0.34387,Close Long,57.77016,10.398938,0x423b1e2f6edd8a9343b404380524c2020303001509d0a965e603c9822dd1647d
1774854235017,2026-03-30T07:03:55.017000+00:00,BTC,A,67202.0,0.00074,Close Long,0.12432,0.022378,0x423b1e2f6edd8a9343b404380524c2020303001509d0a965e603c9822dd1647d
1774854235017,2026-03-30T07:03:55.017000+00:00,BTC,A,67202.0,0.00186,Close Long,0.31248,0.056248,0x423b1e2f6edd8a9343b404380524c2020303001509d0a965e603c9822dd1647d
1774854235017,2026-03-30T07:03:55.017000+00:00,BTC,A,67201.0,0.01652,Close Long,2.75884,0.499572,0x423b1e2f6edd8a9343b404380524c2020303001509d0a965e603c9822dd1647d
1774854235017,2026-03-30T07:03:55.017000+00:00,BTC,A,67201.0,0.00017,Close Long,0.02839,0.00514,0x423b1e2f6edd8a9343b404380524c2020303001509d0a965e603c9822dd1647d
1774854235017,2026-03-30T07:03:55.017000+00:00,BTC,A,67201.0,0.00017,Close Long,0.02839,0.00514,0x423b1e2f6edd8a9343b404380524c2020303001509d0a965e603c9822dd1647d
1774854235017,2026-03-30T07:03:55.017000+00:00,BTC,A,67201.0,0.04597,Close Long,7.67699,1.390153,0x423b1e2f6edd8a9343b404380524c2020303001509d0a965e603c9822dd1647d
1774854235017,2026-03-30T07:03:55.017000+00:00,BTC,A,67200.0,0.01,Close Long,1.66,0.3024,0x423b1e2f6edd8a9343b404380524c2020303001509d0a965e603c9822dd1647d
1774854235017,2026-03-30T07:03:55.017000+00:00,BTC,A,67200.0,0.0002,Close Long,0.0332,0.006048,0x423b1e2f6edd8a9343b404380524c2020303001509d0a965e603c9822dd1647d
1774854235017,2026-03-30T07:03:55.017000+00:00,BTC,A,67200.0,0.00022,Close Long,0.03652,0.006652,0x423b1e2f6edd8a9343b404380524c2020303001509d0a965e603c9822dd1647d
1774854235017,2026-03-30T07:03:55.017000+00:00,BTC,A,67200.0,0.00051,Close Long,0.08466,0.015422,0x423b1e2f6edd8a9343b404380524c2020303001509d0a965e603c9822dd1647d
1774854235017,2026-03-30T07:03:55.017000+00:00,BTC,A,67200.0,0.00156,Close Long,0.25896,0.047174,0x423b1e2f6edd8a9343b404380524c2020303001509d0a965e603c9822dd1647d
1774854235017,2026-03-30T07:03:55.017000+00:00,BTC,A,67200.0,0.00196,Close Long,0.32536,0.05927,0x423b1e2f6edd8a9343b404380524c2020303001509d0a965e603c9822dd1647d
1774854235017,2026-03-30T07:03:55.017000+00:00,BTC,A,67200.0,0.00097,Close Long,0.16102,0.029332,0x423b1e2f6edd8a9343b404380524c2020303001509d0a965e603c9822dd1647d
1774854235017,2026-03-30T07:03:55.017000+00:00,BTC,A,67200.0,0.00073,Close Long,0.12118,0.022075,0x423b1e2f6edd8a9343b404380524c2020303001509d0a965e603c9822dd1647d
1774854235017,2026-03-30T07:03:55.017000+00:00,BTC,A,67200.0,0.00262,Close Long,0.43492,0.079228,0x423b1e2f6edd8a9343b404380524c2020303001509d0a965e603c9822dd1647d
1774854235017,2026-03-30T07:03:55.017000+00:00,BTC,A,67200.0,0.00016,Close Long,0.02656,0.004838,0x423b1e2f6edd8a9343b404380524c2020303001509d0a965e603c9822dd1647d
1774854235017,2026-03-30T07:03:55.017000+00:00,BTC,A,67200.0,0.1,Close Long,16.6,3.024,0x423b1e2f6edd8a9343b404380524c2020303001509d0a965e603c9822dd1647d
1774854235017,2026-03-30T07:03:55.017000+00:00,BTC,A,67200.0,0.00196,Close Long,0.32536,0.05927,0x423b1e2f6edd8a9343b404380524c2020303001509d0a965e603c9822dd1647d
1774854235017,2026-03-30T07:03:55.017000+00:00,BTC,A,67200.0,0.0372,Close Long,6.1752,1.124928,0x423b1e2f6edd8a9343b404380524c2020303001509d0a965e603c9822dd1647d
1774854235017,2026-03-30T07:03:55.017000+00:00,BTC,A,67200.0,0.001,Close Long,0.166,0.03024,0x423b1e2f6edd8a9343b404380524c2020303001509d0a965e603c9822dd1647d
1774854235017,2026-03-30T07:03:55.017000+00:00,BTC,A,67200.0,0.0372,Close Long,6.1752,1.124928,0x423b1e2f6edd8a9343b404380524c2020303001509d0a965e603c9822dd1647d
1774854235017,2026-03-30T07:03:55.017000+00:00,BTC,A,67200.0,0.08899,Close Long,14.77234,2.691057,0x423b1e2f6edd8a9343b404380524c2020303001509d0a965e603c9822dd1647d
1774854690232,2026-03-30T07:11:30.232000+00:00,xyz:SILVER,B,70.5,579.53,Open Long,0.0,1.225705,0xeec61d9e713036e0f03f04380539b30201a400840c3355b2928ec8f1303410cb
1774854693196,2026-03-30T07:11:33.196000+00:00,xyz:SILVER,B,70.5,22.54,Open Long,0.0,0.047672,0xe18b616f4e95e609e30504380539df02020e0054e99904db85540cc20d99bff4
1774854693267,2026-03-30T07:11:33.267000+00:00,xyz:SILVER,B,70.5,103.83,Open Long,0.0,0.2196,0x387c1b8caaa3e15939f504380539e00206b2007245a7002bdc44c6df69a7bb43
1774854693267,2026-03-30T07:11:33.267000+00:00,xyz:SILVER,B,70.5,27.31,Open Long,0.0,0.05776,0x50f67f5df757a8cc527004380539e00206b50043925ac79ef4bf2ab0b65b82b6
1774854693267,2026-03-30T07:11:33.267000+00:00,xyz:SILVER,B,70.5,892.2,Open Long,0.0,1.887002,0x34bebd9baa407a2e363804380539e00206bc008145439900d88768ee69445418
1774854693267,2026-03-30T07:11:33.267000+00:00,xyz:SILVER,B,70.5,7.13,Open Long,0.0,0.015079,0xe7923436c3d1bca9e90b04380539e00206bd001c5ed4db7b8b5adf8982d59694
1774854693267,2026-03-30T07:11:33.267000+00:00,xyz:SILVER,B,70.5,115.14,Open Long,0.0,0.243521,0x65b3853e43a80914672d04380539e00206c20023deab27e6097c309102abe2ff
1774854693378,2026-03-30T07:11:33.378000+00:00,xyz:SILVER,B,70.5,37.94,Open Long,0.0,0.080243,0x01e7905225b74776036104380539e20209010037c0ba6648a5b03ba4e4bb2160
1774854693482,2026-03-30T07:11:33.482000+00:00,xyz:SILVER,B,70.5,1.26,Open Long,0.0,0.002664,0x0ebb7f8de1059f73103504380539e30203b900737c08be45b2842ae0a009795d
1774854701958,2026-03-30T07:11:41.958000+00:00,xyz:SILVER,B,70.5,32.61,Open Long,0.0,0.06897,0xe454aecf39bace02e5ce0438053a4202026100b4d4bdecd4881d5a21f8bea7ed
1774854701958,2026-03-30T07:11:41.958000+00:00,xyz:SILVER,B,70.5,209.0,Open Long,0.0,0.442034,0x49fb9c056cdd52fa4b750438053a4202026300eb07d071ccedc447582bd12ce4
1774854701958,2026-03-30T07:11:41.958000+00:00,xyz:SILVER,B,70.5,19.24,Open Long,0.0,0.040692,0x6275ffd6b9811a6d63ef0438053a4202026600bc5484393f063eab297884f458
1774854701958,2026-03-30T07:11:41.958000+00:00,xyz:SILVER,B,70.5,8.64,Open Long,0.0,0.018273,0x15497671d3125ce916c30438053a4202026700576e157bbbb91221c4921636d3
1774854701958,2026-03-30T07:11:41.958000+00:00,xyz:SILVER,B,70.5,622.0,Open Long,0.0,1.31553,0x7af063a80634e1e07c6a0438053a42020269008da13800b21eb90efac538bbcb
1774854701958,2026-03-30T07:11:41.958000+00:00,xyz:SILVER,B,70.5,121.01,Open Long,0.0,0.255936,0xe09750de395766d7e2110438053a4202026b00c3d45a85a9845ffc30f85b40c2
1774854701958,2026-03-30T07:11:41.958000+00:00,xyz:SILVER,B,70.5,37.49,Open Long,0.0,0.079291,0x463e3e146c79ebcf47b70438053a4202026d00fa077d0aa1ea06e9672b7dc5b9
1774877727283,2026-03-30T13:35:27.283000+00:00,xyz:SILVER,A,70.762,19.92,Close Long,5.21904,0.126862,0x37984bf7d4ba0cdf39120438097f7402061700dd6fbd2bb1db60f74a93bde6c9
1774877727283,2026-03-30T13:35:27.283000+00:00,xyz:SILVER,A,70.761,1.41,Close Long,0.36801,0.008979,0x37984bf7d4ba0cdf39120438097f7402061700dd6fbd2bb1db60f74a93bde6c9
1774877727283,2026-03-30T13:35:27.283000+00:00,xyz:SILVER,A,70.76,117.92,Close Long,30.6592,0.750961,0x37984bf7d4ba0cdf39120438097f7402061700dd6fbd2bb1db60f74a93bde6c9
1774877727283,2026-03-30T13:35:27.283000+00:00,xyz:SILVER,A,70.759,37.68,Close Long,9.75912,0.239957,0x37984bf7d4ba0cdf39120438097f7402061700dd6fbd2bb1db60f74a93bde6c9
1774877727283,2026-03-30T13:35:27.283000+00:00,xyz:SILVER,A,70.758,9.04,Close Long,2.33232,0.057568,0x37984bf7d4ba0cdf39120438097f7402061700dd6fbd2bb1db60f74a93bde6c9
1774877727283,2026-03-30T13:35:27.283000+00:00,xyz:SILVER,A,70.758,334.85,Close Long,86.3913,2.132398,0x37984bf7d4ba0cdf39120438097f7402061700dd6fbd2bb1db60f74a93bde6c9
1774877727283,2026-03-30T13:35:27.283000+00:00,xyz:SILVER,A,70.757,28.23,Close Long,7.25511,0.179772,0x37984bf7d4ba0cdf39120438097f7402061700dd6fbd2bb1db60f74a93bde6c9
1774877727283,2026-03-30T13:35:27.283000+00:00,xyz:SILVER,A,70.756,0.56,Close Long,0.14336,0.003566,0x37984bf7d4ba0cdf39120438097f7402061700dd6fbd2bb1db60f74a93bde6c9
1774877727283,2026-03-30T13:35:27.283000+00:00,xyz:SILVER,A,70.756,213.9,Close Long,54.7584,1.362123,0x37984bf7d4ba0cdf39120438097f7402061700dd6fbd2bb1db60f74a93bde6c9
1774877727283,2026-03-30T13:35:27.283000+00:00,xyz:SILVER,A,70.755,1.41,Close Long,0.35955,0.008978,0x37984bf7d4ba0cdf39120438097f7402061700dd6fbd2bb1db60f74a93bde6c9
1774877727283,2026-03-30T13:35:27.283000+00:00,xyz:SILVER,A,70.755,14.81,Close Long,3.77655,0.094309,0x37984bf7d4ba0cdf39120438097f7402061700dd6fbd2bb1db60f74a93bde6c9
1774877727283,2026-03-30T13:35:27.283000+00:00,xyz:SILVER,A,70.754,2.76,Close Long,0.70104,0.017575,0x37984bf7d4ba0cdf39120438097f7402061700dd6fbd2bb1db60f74a93bde6c9
1774877727283,2026-03-30T13:35:27.283000+00:00,xyz:SILVER,A,70.754,37.68,Close Long,9.57072,0.23994,0x37984bf7d4ba0cdf39120438097f7402061700dd6fbd2bb1db60f74a93bde6c9
1774877727283,2026-03-30T13:35:27.283000+00:00,xyz:SILVER,A,70.753,28.23,Close Long,7.14219,0.179762,0x37984bf7d4ba0cdf39120438097f7402061700dd6fbd2bb1db60f74a93bde6c9
1774877727283,2026-03-30T13:35:27.283000+00:00,xyz:SILVER,A,70.753,2.82,Close Long,0.71346,0.017957,0x37984bf7d4ba0cdf39120438097f7402061700dd6fbd2bb1db60f74a93bde6c9
1774877727283,2026-03-30T13:35:27.283000+00:00,xyz:SILVER,A,70.752,334.85,Close Long,84.3822,2.132217,0x37984bf7d4ba0cdf39120438097f7402061700dd6fbd2bb1db60f74a93bde6c9
1774877727283,2026-03-30T13:35:27.283000+00:00,xyz:SILVER,A,70.752,117.92,Close Long,29.71584,0.750876,0x37984bf7d4ba0cdf39120438097f7402061700dd6fbd2bb1db60f74a93bde6c9
1774877727283,2026-03-30T13:35:27.283000+00:00,xyz:SILVER,A,70.751,14.55,Close Long,3.65205,0.092648,0x37984bf7d4ba0cdf39120438097f7402061700dd6fbd2bb1db60f74a93bde6c9
1774877727283,2026-03-30T13:35:27.283000+00:00,xyz:SILVER,A,70.75,0.54,Close Long,0.135,0.003438,0x37984bf7d4ba0cdf39120438097f7402061700dd6fbd2bb1db60f74a93bde6c9
1774877727283,2026-03-30T13:35:27.283000+00:00,xyz:SILVER,A,70.75,37.68,Close Long,9.42,0.239927,0x37984bf7d4ba0cdf39120438097f7402061700dd6fbd2bb1db60f74a93bde6c9
1774877727283,2026-03-30T13:35:27.283000+00:00,xyz:SILVER,A,70.749,2.8,Close Long,0.6972,0.017828,0x37984bf7d4ba0cdf39120438097f7402061700dd6fbd2bb1db60f74a93bde6c9
1774877727283,2026-03-30T13:35:27.283000+00:00,xyz:SILVER,A,70.749,28.24,Close Long,7.03176,0.179815,0x37984bf7d4ba0cdf39120438097f7402061700dd6fbd2bb1db60f74a93bde6c9
1774877727283,2026-03-30T13:35:27.283000+00:00,xyz:SILVER,A,70.749,28.26,Close Long,7.03674,0.179943,0x37984bf7d4ba0cdf39120438097f7402061700dd6fbd2bb1db60f74a93bde6c9
1774877727283,2026-03-30T13:35:27.283000+00:00,xyz:SILVER,A,70.748,117.92,Close Long,29.24416,0.750834,0x37984bf7d4ba0cdf39120438097f7402061700dd6fbd2bb1db60f74a93bde6c9
1774877727283,2026-03-30T13:35:27.283000+00:00,xyz:SILVER,A,70.746,37.68,Close Long,9.26928,0.239913,0x37984bf7d4ba0cdf39120438097f7402061700dd6fbd2bb1db60f74a93bde6c9
1774877727283,2026-03-30T13:35:27.283000+00:00,xyz:SILVER,A,70.745,28.24,Close Long,6.9188,0.179805,0x37984bf7d4ba0cdf39120438097f7402061700dd6fbd2bb1db60f74a93bde6c9
1774877727283,2026-03-30T13:35:27.283000+00:00,xyz:SILVER,A,70.745,66.4,Close Long,16.268,0.422772,0x37984bf7d4ba0cdf39120438097f7402061700dd6fbd2bb1db60f74a93bde6c9
1774877727283,2026-03-30T13:35:27.283000+00:00,xyz:SILVER,A,70.745,334.85,Close Long,82.03825,2.132006,0x37984bf7d4ba0cdf39120438097f7402061700dd6fbd2bb1db60f74a93bde6c9
1774877727283,2026-03-30T13:35:27.283000+00:00,xyz:SILVER,A,70.744,117.92,Close Long,28.77248,0.750791,0x37984bf7d4ba0cdf39120438097f7402061700dd6fbd2bb1db60f74a93bde6c9
1774877727283,2026-03-30T13:35:27.283000+00:00,xyz:SILVER,A,70.743,0.2,Close Long,0.0486,0.001273,0x37984bf7d4ba0cdf39120438097f7402061700dd6fbd2bb1db60f74a93bde6c9
1774877727283,2026-03-30T13:35:27.283000+00:00,xyz:SILVER,A,70.743,42.15,Close Long,10.24245,0.268363,0x37984bf7d4ba0cdf39120438097f7402061700dd6fbd2bb1db60f74a93bde6c9
1774877727283,2026-03-30T13:35:27.283000+00:00,xyz:SILVER,A,70.742,279.6,Close Long,67.6632,1.780151,0x37984bf7d4ba0cdf39120438097f7402061700dd6fbd2bb1db60f74a93bde6c9
1774877727283,2026-03-30T13:35:27.283000+00:00,xyz:SILVER,A,70.742,0.72,Close Long,0.174312,0.004584,0x37984bf7d4ba0cdf39120438097f7402061700dd6fbd2bb1db60f74a93bde6c9
1774877727283,2026-03-30T13:35:27.283000+00:00,xyz:SILVER,A,70.74,2.82,Close Long,0.677082,0.017953,0x37984bf7d4ba0cdf39120438097f7402061700dd6fbd2bb1db60f74a93bde6c9
1774877727283,2026-03-30T13:35:27.283000+00:00,xyz:SILVER,A,70.74,117.92,Close Long,28.312592,0.750749,0x37984bf7d4ba0cdf39120438097f7402061700dd6fbd2bb1db60f74a93bde6c9
1774877727283,2026-03-30T13:35:27.283000+00:00,xyz:SILVER,A,70.739,2.8,Close Long,0.66948,0.017826,0x37984bf7d4ba0cdf39120438097f7402061700dd6fbd2bb1db60f74a93bde6c9
1774877727283,2026-03-30T13:35:27.283000+00:00,xyz:SILVER,A,70.738,37.68,Close Long,8.971608,0.239886,0x37984bf7d4ba0cdf39120438097f7402061700dd6fbd2bb1db60f74a93bde6c9
1774877727283,2026-03-30T13:35:27.283000+00:00,xyz:SILVER,A,70.737,131.48,Close Long,31.173908,0.837045,0x37984bf7d4ba0cdf39120438097f7402061700dd6fbd2bb1db60f74a93bde6c9
1774877727283,2026-03-30T13:35:27.283000+00:00,xyz:SILVER,A,70.736,3.0,Close Long,0.7083,0.019098,0x37984bf7d4ba0cdf39120438097f7402061700dd6fbd2bb1db60f74a93bde6c9
1774877727283,2026-03-30T13:35:27.283000+00:00,xyz:SILVER,A,70.736,99.43,Close Long,23.475423,0.632995,0x37984bf7d4ba0cdf39120438097f7402061700dd6fbd2bb1db60f74a93bde6c9
1774879775072,2026-03-30T14:09:35.072000+00:00,xyz:SILVER,B,70.5,208.32,Open Long,0.0,0.440596,0x290894df2dc9d7de2a82043809e21f02043900c4c8ccf6b0ccd14031eccdb1c8
1774879777596,2026-03-30T14:09:37.596000+00:00,xyz:SILVER,B,70.5,65.48,Open Long,0.0,0.13849,0x00b0bd43f060b436022a043809e23f02075300298b63d308a4796896af648e20
1774879777796,2026-03-30T14:09:37.796000+00:00,xyz:SILVER,B,70.5,212.48,Open Long,0.0,0.449395,0x3b3a7dbdca29e7cf3cb4043809e242020e0000a3652d06a1df032910892dc1b9
1774879777796,2026-03-30T14:09:37.796000+00:00,xyz:SILVER,B,70.5,198.2,Open Long,0.0,0.419192,0xb95bcec549f03439bad5043809e242020e0500aae4f3530b5d247a1808f40e24
1774880001404,2026-03-30T14:13:21.404000+00:00,xyz:SILVER,B,70.7,88.26,Open Long,0.0,0.187199,0xdfca9d4bf656ee20e144043809ecef020a9a0031915a0cf28393489eb55ac80b
1774880001404,2026-03-30T14:13:21.404000+00:00,xyz:SILVER,B,70.7,43.28,Open Long,0.0,0.091796,0x929e13e70fe8309c9417043809ecef020a9b00ccaaeb4f6e3666bf39ceec0a87
1774880001404,2026-03-30T14:13:21.404000+00:00,xyz:SILVER,B,70.7,245.61,Open Long,0.0,0.520938,0xab1877b85c9bf80fac92043809ecef020a9e009df79f16e14ee1230b1b9fd1fa
1774880001404,2026-03-30T14:13:21.404000+00:00,xyz:SILVER,B,70.7,104.79,Open Long,0.0,0.222259,0x8ee0b5f60f84c971905a043809ecef020aa500dbaa87e84332a96148ce88a35c
1774880001404,2026-03-30T14:13:21.404000+00:00,xyz:SILVER,B,70.7,22.94,Open Long,0.0,0.048655,0x72a8f433c27d9ad37422043809ecef020aac00195d70b9a516719f86817174be
1774880001404,2026-03-30T14:13:21.404000+00:00,xyz:SILVER,B,70.7,336.0,Open Long,0.0,0.712655,0x3df6cea028b2a4c23f70043809ecef020ab00085c3b5c394e1bf79f2e7b67eac
1774880001551,2026-03-30T14:13:21.551000+00:00,xyz:SILVER,B,70.7,336.0,Open Long,0.0,0.712655,0x82cb1be3114f731c8444043809ecf102119700c8ac4291ee2693c735d0434d07
1774880001551,2026-03-30T14:13:21.551000+00:00,xyz:SILVER,B,70.7,30.62,Open Long,0.0,0.064945,0xe87209194461f813e9eb043809ecf102119900fedf6516e58c3ab46c0365d1fe
1774880001551,2026-03-30T14:13:21.551000+00:00,xyz:SILVER,B,70.7,102.82,Open Long,0.0,0.218081,0x9b457fb45df33a8f9cbf043809ecf102119a0099f8f659613f0e2b071cf7147a
1774880001551,2026-03-30T14:13:21.551000+00:00,xyz:SILVER,B,70.7,336.0,Open Long,0.0,0.712655,0xe4b4ab28440e90e8e62e043809ecf10211a3000ddf01afba887d567b03026ad3
1774880001551,2026-03-30T14:13:21.551000+00:00,xyz:SILVER,B,70.7,336.0,Open Long,0.0,0.712655,0xac4527a3a9e033acadbe043809ecf10211b1008944e3527e500dd2f668e40d97
1774880001551,2026-03-30T14:13:21.551000+00:00,xyz:SILVER,B,70.7,139.32,Open Long,0.0,0.295497,0xdd39ef464347c292deb3043809ecf10211b7002bde4ae16481029a99024b9c7d
1774883784496,2026-03-30T15:16:24.496000+00:00,xyz:SILVER,A,70.744,5.4,Close Long,0.50112,0.034381,0x45fbff3ec746ab1e477504380aa21402050800246249c9f0e9c4aa91864a8508
1774883784496,2026-03-30T15:16:24.496000+00:00,xyz:SILVER,A,70.743,44.4,Close Long,4.07592,0.282689,0x45fbff3ec746ab1e477504380aa21402050800246249c9f0e9c4aa91864a8508
1774883784496,2026-03-30T15:16:24.496000+00:00,xyz:SILVER,A,70.743,0.43,Close Long,0.039474,0.002737,0x45fbff3ec746ab1e477504380aa21402050800246249c9f0e9c4aa91864a8508
1774883784496,2026-03-30T15:16:24.496000+00:00,xyz:SILVER,A,70.741,269.24,Close Long,24.177752,1.714167,0x45fbff3ec746ab1e477504380aa21402050800246249c9f0e9c4aa91864a8508
1774883784496,2026-03-30T15:16:24.496000+00:00,xyz:SILVER,A,70.738,0.28,Close Long,0.024304,0.001782,0x45fbff3ec746ab1e477504380aa21402050800246249c9f0e9c4aa91864a8508
1774883784496,2026-03-30T15:16:24.496000+00:00,xyz:SILVER,A,70.735,0.16,Close Long,0.013408,0.001018,0x45fbff3ec746ab1e477504380aa21402050800246249c9f0e9c4aa91864a8508
1774883784496,2026-03-30T15:16:24.496000+00:00,xyz:SILVER,A,70.735,15.41,Close Long,1.291358,0.098102,0x45fbff3ec746ab1e477504380aa21402050800246249c9f0e9c4aa91864a8508
1774883784496,2026-03-30T15:16:24.496000+00:00,xyz:SILVER,A,70.734,28.24,Close Long,2.338272,0.179777,0x45fbff3ec746ab1e477504380aa21402050800246249c9f0e9c4aa91864a8508
1774883784496,2026-03-30T15:16:24.496000+00:00,xyz:SILVER,A,70.734,28.24,Close Long,2.338272,0.179777,0x45fbff3ec746ab1e477504380aa21402050800246249c9f0e9c4aa91864a8508
1774883784496,2026-03-30T15:16:24.496000+00:00,xyz:SILVER,A,70.733,40.43,Close Long,3.307174,0.257376,0x45fbff3ec746ab1e477504380aa21402050800246249c9f0e9c4aa91864a8508
1774883784496,2026-03-30T15:16:24.496000+00:00,xyz:SILVER,A,70.731,7.07,Close Long,0.564186,0.045006,0x45fbff3ec746ab1e477504380aa21402050800246249c9f0e9c4aa91864a8508
1774883784496,2026-03-30T15:16:24.496000+00:00,xyz:SILVER,A,70.731,16.6,Close Long,1.32468,0.105672,0x45fbff3ec746ab1e477504380aa21402050800246249c9f0e9c4aa91864a8508
1774883784496,2026-03-30T15:16:24.496000+00:00,xyz:SILVER,A,70.731,30.8,Close Long,2.45784,0.196066,0x45fbff3ec746ab1e477504380aa21402050800246249c9f0e9c4aa91864a8508
1774883784496,2026-03-30T15:16:24.496000+00:00,xyz:SILVER,A,70.73,28.24,Close Long,2.225312,0.179767,0x45fbff3ec746ab1e477504380aa21402050800246249c9f0e9c4aa91864a8508
1774883784496,2026-03-30T15:16:24.496000+00:00,xyz:SILVER,A,70.729,7.07,Close Long,0.550046,0.045004,0x45fbff3ec746ab1e477504380aa21402050800246249c9f0e9c4aa91864a8508
1774883784496,2026-03-30T15:16:24.496000+00:00,xyz:SILVER,A,70.729,40.43,Close Long,3.145454,0.257361,0x45fbff3ec746ab1e477504380aa21402050800246249c9f0e9c4aa91864a8508
1774883784496,2026-03-30T15:16:24.496000+00:00,xyz:SILVER,A,70.729,219.35,Close Long,17.06543,1.396296,0x45fbff3ec746ab1e477504380aa21402050800246249c9f0e9c4aa91864a8508
1774883784496,2026-03-30T15:16:24.496000+00:00,xyz:SILVER,A,70.728,17.33,Close Long,1.330944,0.110314,0x45fbff3ec746ab1e477504380aa21402050800246249c9f0e9c4aa91864a8508
1774883784496,2026-03-30T15:16:24.496000+00:00,xyz:SILVER,A,70.728,35.48,Close Long,2.724864,0.225848,0x45fbff3ec746ab1e477504380aa21402050800246249c9f0e9c4aa91864a8508
1774883784496,2026-03-30T15:16:24.496000+00:00,xyz:SILVER,A,70.728,0.56,Close Long,0.043008,0.003564,0x45fbff3ec746ab1e477504380aa21402050800246249c9f0e9c4aa91864a8508
1774883784496,2026-03-30T15:16:24.496000+00:00,xyz:SILVER,A,70.728,30.12,Close Long,2.313216,0.191729,0x45fbff3ec746ab1e477504380aa21402050800246249c9f0e9c4aa91864a8508
1774883784496,2026-03-30T15:16:24.496000+00:00,xyz:SILVER,A,70.727,7.07,Close Long,0.535906,0.045003,0x45fbff3ec746ab1e477504380aa21402050800246249c9f0e9c4aa91864a8508
1774883784496,2026-03-30T15:16:24.496000+00:00,xyz:SILVER,A,70.727,1.41,Close Long,0.106878,0.008975,0x45fbff3ec746ab1e477504380aa21402050800246249c9f0e9c4aa91864a8508
1774883784496,2026-03-30T15:16:24.496000+00:00,xyz:SILVER,A,70.726,28.24,Close Long,2.112352,0.179757,0x45fbff3ec746ab1e477504380aa21402050800246249c9f0e9c4aa91864a8508
1774883784496,2026-03-30T15:16:24.496000+00:00,xyz:SILVER,A,70.725,40.43,Close Long,2.983734,0.257347,0x45fbff3ec746ab1e477504380aa21402050800246249c9f0e9c4aa91864a8508
1774883784496,2026-03-30T15:16:24.496000+00:00,xyz:SILVER,A,70.724,1.41,Close Long,0.102648,0.008974,0x45fbff3ec746ab1e477504380aa21402050800246249c9f0e9c4aa91864a8508
1774883784496,2026-03-30T15:16:24.496000+00:00,xyz:SILVER,A,70.724,102.27,Close Long,7.445256,0.650964,0x45fbff3ec746ab1e477504380aa21402050800246249c9f0e9c4aa91864a8508
1774883784496,2026-03-30T15:16:24.496000+00:00,xyz:SILVER,A,70.724,28.27,Close Long,2.058056,0.179943,0x45fbff3ec746ab1e477504380aa21402050800246249c9f0e9c4aa91864a8508
1774883784496,2026-03-30T15:16:24.496000+00:00,xyz:SILVER,A,70.724,226.78,Close Long,16.509584,1.44349,0x45fbff3ec746ab1e477504380aa21402050800246249c9f0e9c4aa91864a8508
1774883784496,2026-03-30T15:16:24.496000+00:00,xyz:SILVER,A,70.723,282.48,Close Long,20.282064,1.798004,0x45fbff3ec746ab1e477504380aa21402050800246249c9f0e9c4aa91864a8508
1774883784496,2026-03-30T15:16:24.496000+00:00,xyz:SILVER,A,70.723,282.47,Close Long,20.281346,1.797941,0x45fbff3ec746ab1e477504380aa21402050800246249c9f0e9c4aa91864a8508
1774883784496,2026-03-30T15:16:24.496000+00:00,xyz:SILVER,A,70.722,28.24,Close Long,1.999392,0.179747,0x45fbff3ec746ab1e477504380aa21402050800246249c9f0e9c4aa91864a8508
1774883784496,2026-03-30T15:16:24.496000+00:00,xyz:SILVER,A,70.721,40.43,Close Long,2.822014,0.257332,0x45fbff3ec746ab1e477504380aa21402050800246249c9f0e9c4aa91864a8508
1774883784496,2026-03-30T15:16:24.496000+00:00,xyz:SILVER,A,70.721,29.01,Close Long,2.024898,0.184645,0x45fbff3ec746ab1e477504380aa21402050800246249c9f0e9c4aa91864a8508
1774883784496,2026-03-30T15:16:24.496000+00:00,xyz:SILVER,A,70.72,26.23,Close Long,1.804624,0.166948,0x45fbff3ec746ab1e477504380aa21402050800246249c9f0e9c4aa91864a8508
1774883784496,2026-03-30T15:16:24.496000+00:00,xyz:SILVER,A,70.72,1.41,Close Long,0.097008,0.008974,0x45fbff3ec746ab1e477504380aa21402050800246249c9f0e9c4aa91864a8508
1774883784496,2026-03-30T15:16:24.496000+00:00,xyz:SILVER,A,70.718,3.62,Close Long,0.241816,0.023039,0x45fbff3ec746ab1e477504380aa21402050800246249c9f0e9c4aa91864a8508
1774883784496,2026-03-30T15:16:24.496000+00:00,xyz:SILVER,A,70.718,28.24,Close Long,1.886432,0.179736,0x45fbff3ec746ab1e477504380aa21402050800246249c9f0e9c4aa91864a8508
1774883784496,2026-03-30T15:16:24.496000+00:00,xyz:SILVER,A,70.717,40.43,Close Long,2.660294,0.257317,0x45fbff3ec746ab1e477504380aa21402050800246249c9f0e9c4aa91864a8508
1774883784496,2026-03-30T15:16:24.496000+00:00,xyz:SILVER,A,70.715,69.65,Close Long,4.44367,0.443276,0x45fbff3ec746ab1e477504380aa21402050800246249c9f0e9c4aa91864a8508
1774883784496,2026-03-30T15:16:24.496000+00:00,xyz:SILVER,A,70.714,28.24,Close Long,1.773472,0.179726,0x45fbff3ec746ab1e477504380aa21402050800246249c9f0e9c4aa91864a8508
1774883784496,2026-03-30T15:16:24.496000+00:00,xyz:SILVER,A,70.714,10.72,Close Long,0.673216,0.068224,0x45fbff3ec746ab1e477504380aa21402050800246249c9f0e9c4aa91864a8508
1774883784496,2026-03-30T15:16:24.496000+00:00,xyz:SILVER,A,70.714,0.72,Close Long,0.045216,0.004582,0x45fbff3ec746ab1e477504380aa21402050800246249c9f0e9c4aa91864a8508
1774883784496,2026-03-30T15:16:24.496000+00:00,xyz:SILVER,A,70.713,1.13,Close Long,0.069834,0.007191,0x45fbff3ec746ab1e477504380aa21402050800246249c9f0e9c4aa91864a8508
1774883784496,2026-03-30T15:16:24.496000+00:00,xyz:SILVER,A,70.713,40.43,Close Long,2.498574,0.257303,0x45fbff3ec746ab1e477504380aa21402050800246249c9f0e9c4aa91864a8508
1774883784496,2026-03-30T15:16:24.496000+00:00,xyz:SILVER,A,70.713,42.42,Close Long,2.621556,0.269968,0x45fbff3ec746ab1e477504380aa21402050800246249c9f0e9c4aa91864a8508
1774883784496,2026-03-30T15:16:24.496000+00:00,xyz:SILVER,A,70.713,226.78,Close Long,14.015004,1.443266,0x45fbff3ec746ab1e477504380aa21402050800246249c9f0e9c4aa91864a8508
1774883784496,2026-03-30T15:16:24.496000+00:00,xyz:SILVER,A,70.711,149.57,Close Long,8.944286,0.951861,0x45fbff3ec746ab1e477504380aa21402050800246249c9f0e9c4aa91864a8508
1774883784496,2026-03-30T15:16:24.496000+00:00,xyz:SILVER,A,70.71,2.83,Close Long,0.166404,0.018009,0x45fbff3ec746ab1e477504380aa21402050800246249c9f0e9c4aa91864a8508
1774883784496,2026-03-30T15:16:24.496000+00:00,xyz:SILVER,A,70.71,2.83,Close Long,0.166404,0.018009,0x45fbff3ec746ab1e477504380aa21402050800246249c9f0e9c4aa91864a8508
1774883784496,2026-03-30T15:16:24.496000+00:00,xyz:SILVER,A,70.71,28.25,Close Long,1.6611,0.17978,0x45fbff3ec746ab1e477504380aa21402050800246249c9f0e9c4aa91864a8508
1774883784496,2026-03-30T15:16:24.496000+00:00,xyz:SILVER,A,70.709,40.43,Close Long,2.336854,0.257288,0x45fbff3ec746ab1e477504380aa21402050800246249c9f0e9c4aa91864a8508
1774883784496,2026-03-30T15:16:24.496000+00:00,xyz:SILVER,A,70.709,98.4,Close Long,5.68752,0.626198,0x45fbff3ec746ab1e477504380aa21402050800246249c9f0e9c4aa91864a8508
1774885780035,2026-03-30T15:49:40.035000+00:00,xyz:SILVER,B,71.15,50.0,Open Long,0.0,0.106724,0xed45983d8f5ab6b8eebf04380affdf0207fa00232a5dd58a910e43904e5e90a3
1774885780779,2026-03-30T15:49:40.779000+00:00,xyz:SILVER,B,71.15,38.25,Open Long,0.0,0.081644,0xc7f92031ddbd8b05c97204380affe9020e1e001778b0a9d76bc1cb849cb164f0
1774885780876,2026-03-30T15:49:40.876000+00:00,xyz:SILVER,B,71.15,2.93,Open Long,0.0,0.006254,0xbca9cfcbb04edf6dbe2304380affea02066a00b14b41fe3f60727b1e6f42b958
1774885821491,2026-03-30T15:50:21.491000+00:00,xyz:SILVER,B,71.15,53.11,Open Long,0.0,0.113363,0xa394f6d7339c4963a50e04380b01cd020cb800bcce9f6835475da229f290234e
1774885821491,2026-03-30T15:50:21.491000+00:00,xyz:SILVER,B,71.15,24.19,Open Long,0.0,0.051633,0x093be40d66bece5b0ab504380b01cd020cba00f301b1ed2dad048f6025b2a845
1774885821491,2026-03-30T15:50:21.491000+00:00,xyz:SILVER,B,71.15,10.65,Open Long,0.0,0.022732,0x3a30abb000165d413baa04380b01cd020cc000959b197c13ddf95702bf1a372b
1774885821491,2026-03-30T15:50:21.491000+00:00,xyz:SILVER,B,71.15,4.19,Open Long,0.0,0.008943,0xed04224b19a79fbcee7d04380b01cd020cc10030b4aabe8e90cccd9dd8ab79a7
1774885821491,2026-03-30T15:50:21.491000+00:00,xyz:SILVER,B,71.15,455.39,Open Long,0.0,0.972029,0x9fd798e63338e238a15104380b01cd020cc200cbce3c010a43a04438f23cbc23
1774885821491,2026-03-30T15:50:21.491000+00:00,xyz:SILVER,B,71.15,15.25,Open Long,0.0,0.032551,0x36734dbeffb2f61637ed04380b01cd020cca00a49ab614e8da3bf911beb6d000
1774885821491,2026-03-30T15:50:21.491000+00:00,xyz:SILVER,B,71.15,49.47,Open Long,0.0,0.105593,0x9c1a3af532d57b0d9d9304380b01cd020ccc00dacdd899df3fe2e647f1d954f8
1774885821491,2026-03-30T15:50:21.491000+00:00,xyz:SILVER,B,71.15,361.03,Open Long,0.0,0.770618,0x985cdd04327213e299d604380b01cd020cd600e9cd7532b43c258856f175edcd
1774885821491,2026-03-30T15:50:21.491000+00:00,xyz:SILVER,B,71.15,60.42,Open Long,0.0,0.128966,0xc951a4a6cbd9a2c8cacb04380b01cd020cdc008c66dcc19a6d1a4ff98add7cb3
1774885821491,2026-03-30T15:50:21.491000+00:00,xyz:SILVER,B,71.15,1686.08,Open Long,0.0,3.598937,0x7c251b41e56ae5447d9e04380b01cd020cdd0027806e04161fedc694a46ebf2f
1774892048075,2026-03-30T17:34:08.075000+00:00,xyz:SILVER,B,70.3,499.47,Open Long,0.0,1.053382,0x36c017f0a08bd9fe383904380c2b9e02028a00d63b8ef8d0da88c3435f8fb3e8
1774892048075,2026-03-30T17:34:08.075000+00:00,xyz:SILVER,B,70.3,0.7,Open Long,0.0,0.001476,0x020df25d06c0e3ed038704380c2b9e02028e0042a1c402bfa5d69dafc5c4bdd7
1774894054048,2026-03-30T18:07:34.048000+00:00,xyz:SILVER,B,70.3,922.3,Open Long,0.0,1.94513,0xe742ab444c065aaee8bc04380c8b7502068f0029e70979808b0b56970b0a3499
1774951463206,2026-03-31T10:04:23.206000+00:00,BTC,B,66147.0,0.34688,Open Long,0.0,10.325282,0x92678078ab4c5b4b93e104381775240201f8005e464f7a1d36302bcb6a403536
1774951463206,2026-03-31T10:04:23.206000+00:00,BTC,B,66147.0,0.02559,Open Long,0.0,0.761715,0x92678078ab4c5b4b93e104381775240201f8005e464f7a1d36302bcb6a403536
1774951463206,2026-03-31T10:04:23.206000+00:00,BTC,B,66147.0,0.30381,Open Long,0.0,9.043254,0x92678078ab4c5b4b93e104381775240201f8005e464f7a1d36302bcb6a403536
1774951463206,2026-03-31T10:04:23.206000+00:00,BTC,B,66147.0,0.325,Open Long,0.0,9.673998,0x92678078ab4c5b4b93e104381775240201f8005e464f7a1d36302bcb6a403536
1774951463206,2026-03-31T10:04:23.206000+00:00,BTC,B,66147.0,0.02105,Open Long,0.0,0.626577,0x92678078ab4c5b4b93e104381775240201f8005e464f7a1d36302bcb6a403536
1774951463206,2026-03-31T10:04:23.206000+00:00,BTC,B,66147.0,0.4,Open Long,0.0,11.90646,0x92678078ab4c5b4b93e104381775240201f8005e464f7a1d36302bcb6a403536
1774951463206,2026-03-31T10:04:23.206000+00:00,BTC,B,66147.0,0.29155,Open Long,0.0,8.678321,0x92678078ab4c5b4b93e104381775240201f8005e464f7a1d36302bcb6a403536
1774951463206,2026-03-31T10:04:23.206000+00:00,BTC,B,66147.0,0.0683,Open Long,0.0,2.033028,0x92678078ab4c5b4b93e104381775240201f8005e464f7a1d36302bcb6a403536
1774951463206,2026-03-31T10:04:23.206000+00:00,BTC,B,66147.0,0.22676,Open Long,0.0,6.749772,0x92678078ab4c5b4b93e104381775240201f8005e464f7a1d36302bcb6a403536
1774951463206,2026-03-31T10:04:23.206000+00:00,BTC,B,66147.0,0.02728,Open Long,0.0,0.81202,0x92678078ab4c5b4b93e104381775240201f8005e464f7a1d36302bcb6a403536
1774951463206,2026-03-31T10:04:23.206000+00:00,BTC,B,66147.0,0.27992,Open Long,0.0,8.33214,0x92678078ab4c5b4b93e104381775240201f8005e464f7a1d36302bcb6a403536
1774951463206,2026-03-31T10:04:23.206000+00:00,BTC,B,66147.0,0.02789,Open Long,0.0,0.830177,0x92678078ab4c5b4b93e104381775240201f8005e464f7a1d36302bcb6a403536
1774951463206,2026-03-31T10:04:23.206000+00:00,BTC,B,66147.0,0.02559,Open Long,0.0,0.761715,0x92678078ab4c5b4b93e104381775240201f8005e464f7a1d36302bcb6a403536
1774951463206,2026-03-31T10:04:23.206000+00:00,BTC,B,66147.0,0.45261,Open Long,0.0,13.472457,0x92678078ab4c5b4b93e104381775240201f8005e464f7a1d36302bcb6a403536
1774951463206,2026-03-31T10:04:23.206000+00:00,BTC,B,66147.0,0.15239,Open Long,0.0,4.536063,0x92678078ab4c5b4b93e104381775240201f8005e464f7a1d36302bcb6a403536
1774951463206,2026-03-31T10:04:23.206000+00:00,BTC,B,66147.0,0.02105,Open Long,0.0,0.626577,0x92678078ab4c5b4b93e104381775240201f8005e464f7a1d36302bcb6a403536
1774951463206,2026-03-31T10:04:23.206000+00:00,BTC,B,66147.0,0.0273,Open Long,0.0,0.812615,0x92678078ab4c5b4b93e104381775240201f8005e464f7a1d36302bcb6a403536
1775051360728,2026-04-01T13:49:20.728000+00:00,BTC,A,67884.0,0.12062,Close Long,209.51694,3.684675,0x2540087e439d59b226b904382c4a52020a5f0063de907884c908b3d10291339c
1775051360728,2026-04-01T13:49:20.728000+00:00,BTC,A,67883.0,0.00539,Close Long,9.35704,0.16465,0x2540087e439d59b226b904382c4a52020a5f0063de907884c908b3d10291339c
1775051360728,2026-04-01T13:49:20.728000+00:00,BTC,A,67883.0,0.00407,Close Long,7.06552,0.124327,0x2540087e439d59b226b904382c4a52020a5f0063de907884c908b3d10291339c
1775051360728,2026-04-01T13:49:20.728000+00:00,BTC,A,67883.0,0.2,Close Long,347.2,6.10947,0x2540087e439d59b226b904382c4a52020a5f0063de907884c908b3d10291339c
1775051360728,2026-04-01T13:49:20.728000+00:00,BTC,A,67883.0,0.00029,Close Long,0.50344,0.008858,0x2540087e439d59b226b904382c4a52020a5f0063de907884c908b3d10291339c
1775051360728,2026-04-01T13:49:20.728000+00:00,BTC,A,67882.0,0.00545,Close Long,9.45575,0.16648,0x2540087e439d59b226b904382c4a52020a5f0063de907884c908b3d10291339c
1775051360728,2026-04-01T13:49:20.728000+00:00,BTC,A,67881.0,0.0055,Close Long,9.537,0.168005,0x2540087e439d59b226b904382c4a52020a5f0063de907884c908b3d10291339c
1775051360728,2026-04-01T13:49:20.728000+00:00,BTC,A,67881.0,0.00017,Close Long,0.29478,0.005192,0x2540087e439d59b226b904382c4a52020a5f0063de907884c908b3d10291339c
1775051360728,2026-04-01T13:49:20.728000+00:00,BTC,A,67881.0,0.18035,Close Long,312.7269,5.509052,0x2540087e439d59b226b904382c4a52020a5f0063de907884c908b3d10291339c
1775051360728,2026-04-01T13:49:20.728000+00:00,BTC,A,67880.0,0.00073,Close Long,1.26509,0.022298,0x2540087e439d59b226b904382c4a52020a5f0063de907884c908b3d10291339c
1775051360728,2026-04-01T13:49:20.728000+00:00,BTC,A,67880.0,0.00022,Close Long,0.38126,0.00672,0x2540087e439d59b226b904382c4a52020a5f0063de907884c908b3d10291339c
1775051360728,2026-04-01T13:49:20.728000+00:00,BTC,A,67880.0,0.00039,Close Long,0.67587,0.011912,0x2540087e439d59b226b904382c4a52020a5f0063de907884c908b3d10291339c
1775051360728,2026-04-01T13:49:20.728000+00:00,BTC,A,67879.0,0.00556,Close Long,9.62992,0.169833,0x2540087e439d59b226b904382c4a52020a5f0063de907884c908b3d10291339c
1775051360728,2026-04-01T13:49:20.728000+00:00,BTC,A,67879.0,0.1,Close Long,173.2,3.054555,0x2540087e439d59b226b904382c4a52020a5f0063de907884c908b3d10291339c
1775051360728,2026-04-01T13:49:20.728000+00:00,BTC,A,67878.0,0.00561,Close Long,9.71091,0.171358,0x2540087e439d59b226b904382c4a52020a5f0063de907884c908b3d10291339c
1775051360728,2026-04-01T13:49:20.728000+00:00,BTC,A,67878.0,0.00315,Close Long,5.45265,0.096217,0x2540087e439d59b226b904382c4a52020a5f0063de907884c908b3d10291339c
1775051360728,2026-04-01T13:49:20.728000+00:00,BTC,A,67878.0,0.14732,Close Long,255.01092,4.499904,0x2540087e439d59b226b904382c4a52020a5f0063de907884c908b3d10291339c
1775051360728,2026-04-01T13:49:20.728000+00:00,BTC,A,67877.0,0.00017,Close Long,0.2941,0.005192,0x2540087e439d59b226b904382c4a52020a5f0063de907884c908b3d10291339c
1775051360728,2026-04-01T13:49:20.728000+00:00,BTC,A,67877.0,0.00567,Close Long,9.8091,0.173188,0x2540087e439d59b226b904382c4a52020a5f0063de907884c908b3d10291339c
1775051360728,2026-04-01T13:49:20.728000+00:00,BTC,A,67877.0,0.00017,Close Long,0.2941,0.005192,0x2540087e439d59b226b904382c4a52020a5f0063de907884c908b3d10291339c
1775051360728,2026-04-01T13:49:20.728000+00:00,BTC,A,67876.0,0.00573,Close Long,9.90717,0.175018,0x2540087e439d59b226b904382c4a52020a5f0063de907884c908b3d10291339c
1775051360728,2026-04-01T13:49:20.728000+00:00,BTC,A,67876.0,0.21931,Close Long,379.18699,6.698648,0x2540087e439d59b226b904382c4a52020a5f0063de907884c908b3d10291339c
1775051360728,2026-04-01T13:49:20.728000+00:00,BTC,A,67875.0,0.00578,Close Long,9.98784,0.176542,0x2540087e439d59b226b904382c4a52020a5f0063de907884c908b3d10291339c
1775051360728,2026-04-01T13:49:20.728000+00:00,BTC,A,67875.0,0.00045,Close Long,0.7776,0.013744,0x2540087e439d59b226b904382c4a52020a5f0063de907884c908b3d10291339c
1775051360728,2026-04-01T13:49:20.728000+00:00,BTC,A,67875.0,0.01157,Close Long,19.99296,0.353391,0x2540087e439d59b226b904382c4a52020a5f0063de907884c908b3d10291339c
1775051360728,2026-04-01T13:49:20.728000+00:00,BTC,A,67875.0,0.74279,Close Long,1283.54112,22.687592,0x2540087e439d59b226b904382c4a52020a5f0063de907884c908b3d10291339c
1775051360728,2026-04-01T13:49:20.728000+00:00,BTC,A,67875.0,1.24651,Close Long,2153.96928,38.073089,0x2540087e439d59b226b904382c4a52020a5f0063de907884c908b3d10291339c
1775081151714,2026-04-01T22:05:51.714000+00:00,xyz:SILVER,A,74.945,0.07,Close Long,0.285649,0.000472,0xda5ec9bed8f2f2cfdbd8043831d0ec0201a300a473f611a17e27751197f6ccba
1775081151714,2026-04-01T22:05:51.714000+00:00,xyz:SILVER,A,74.942,1.33,Close Long,5.423341,0.00897,0xda5ec9bed8f2f2cfdbd8043831d0ec0201a300a473f611a17e27751197f6ccba
1775081151714,2026-04-01T22:05:51.714000+00:00,xyz:SILVER,A,74.941,26.66,Close Long,108.684822,0.179813,0xda5ec9bed8f2f2cfdbd8043831d0ec0201a300a473f611a17e27751197f6ccba
1775081151714,2026-04-01T22:05:51.714000+00:00,xyz:SILVER,A,74.94,91.96,Close Long,374.801372,0.620233,0xda5ec9bed8f2f2cfdbd8043831d0ec0201a300a473f611a17e27751197f6ccba
1775081151714,2026-04-01T22:05:51.714000+00:00,xyz:SILVER,A,74.938,0.14,Close Long,0.570318,0.000944,0xda5ec9bed8f2f2cfdbd8043831d0ec0201a300a473f611a17e27751197f6ccba
1775081151714,2026-04-01T22:05:51.714000+00:00,xyz:SILVER,A,74.937,26.66,Close Long,108.578182,0.179803,0xda5ec9bed8f2f2cfdbd8043831d0ec0201a300a473f611a17e27751197f6ccba
1775081151714,2026-04-01T22:05:51.714000+00:00,xyz:SILVER,A,74.936,91.96,Close Long,374.433532,0.6202,0xda5ec9bed8f2f2cfdbd8043831d0ec0201a300a473f611a17e27751197f6ccba
1775081151714,2026-04-01T22:05:51.714000+00:00,xyz:SILVER,A,74.933,26.66,Close Long,108.471542,0.179794,0xda5ec9bed8f2f2cfdbd8043831d0ec0201a300a473f611a17e27751197f6ccba
1775081151714,2026-04-01T22:05:51.714000+00:00,xyz:SILVER,A,74.932,29.75,Close Long,121.014075,0.20063,0xda5ec9bed8f2f2cfdbd8043831d0ec0201a300a473f611a17e27751197f6ccba
1775081151714,2026-04-01T22:05:51.714000+00:00,xyz:SILVER,A,74.932,48.43,Close Long,196.998711,0.326606,0xda5ec9bed8f2f2cfdbd8043831d0ec0201a300a473f611a17e27751197f6ccba
1775081151714,2026-04-01T22:05:51.714000+00:00,xyz:SILVER,A,74.931,3.45,Close Long,14.030115,0.023266,0xda5ec9bed8f2f2cfdbd8043831d0ec0201a300a473f611a17e27751197f6ccba
1775081151714,2026-04-01T22:05:51.714000+00:00,xyz:SILVER,A,74.93,2.51,Close Long,10.204907,0.016926,0xda5ec9bed8f2f2cfdbd8043831d0ec0201a300a473f611a17e27751197f6ccba
1775081151714,2026-04-01T22:05:51.714000+00:00,xyz:SILVER,A,74.93,91.96,Close Long,373.881772,0.62015,0xda5ec9bed8f2f2cfdbd8043831d0ec0201a300a473f611a17e27751197f6ccba
1775081151714,2026-04-01T22:05:51.714000+00:00,xyz:SILVER,A,74.93,0.27,Close Long,1.097739,0.00182,0xda5ec9bed8f2f2cfdbd8043831d0ec0201a300a473f611a17e27751197f6ccba
1775081151714,2026-04-01T22:05:51.714000+00:00,xyz:SILVER,A,74.929,26.66,Close Long,108.364902,0.179784,0xda5ec9bed8f2f2cfdbd8043831d0ec0201a300a473f611a17e27751197f6ccba
1775081151714,2026-04-01T22:05:51.714000+00:00,xyz:SILVER,A,74.929,5.32,Close Long,21.624204,0.035876,0xda5ec9bed8f2f2cfdbd8043831d0ec0201a300a473f611a17e27751197f6ccba
1775081151714,2026-04-01T22:05:51.714000+00:00,xyz:SILVER,A,74.929,25.65,Close Long,104.259555,0.172973,0xda5ec9bed8f2f2cfdbd8043831d0ec0201a300a473f611a17e27751197f6ccba
1775081151714,2026-04-01T22:05:51.714000+00:00,xyz:SILVER,A,74.929,26.69,Close Long,108.486843,0.179986,0xda5ec9bed8f2f2cfdbd8043831d0ec0201a300a473f611a17e27751197f6ccba
1775081151714,2026-04-01T22:05:51.714000+00:00,xyz:SILVER,A,74.928,0.15,Close Long,0.609555,0.001011,0xda5ec9bed8f2f2cfdbd8043831d0ec0201a300a473f611a17e27751197f6ccba
1775081151714,2026-04-01T22:05:51.714000+00:00,xyz:SILVER,A,74.928,25.55,Close Long,103.827535,0.172296,0xda5ec9bed8f2f2cfdbd8043831d0ec0201a300a473f611a17e27751197f6ccba
1775081151714,2026-04-01T22:05:51.714000+00:00,xyz:SILVER,A,74.928,72.8,Close Long,295.83736,0.490928,0xda5ec9bed8f2f2cfdbd8043831d0ec0201a300a473f611a17e27751197f6ccba
1775081151714,2026-04-01T22:05:51.714000+00:00,xyz:SILVER,A,74.927,556.48,Close Long,2260.811296,3.752583,0xda5ec9bed8f2f2cfdbd8043831d0ec0201a300a473f611a17e27751197f6ccba
1775081151714,2026-04-01T22:05:51.714000+00:00,xyz:SILVER,A,74.926,91.96,Close Long,373.513932,0.620117,0xda5ec9bed8f2f2cfdbd8043831d0ec0201a300a473f611a17e27751197f6ccba
1775081151714,2026-04-01T22:05:51.714000+00:00,xyz:SILVER,A,74.925,26.66,Close Long,108.258262,0.179775,0xda5ec9bed8f2f2cfdbd8043831d0ec0201a300a473f611a17e27751197f6ccba
1775081151714,2026-04-01T22:05:51.714000+00:00,xyz:SILVER,A,74.924,2.51,Close Long,10.189847,0.016925,0xda5ec9bed8f2f2cfdbd8043831d0ec0201a300a473f611a17e27751197f6ccba
1775081151714,2026-04-01T22:05:51.714000+00:00,xyz:SILVER,A,74.922,6.67,Close Long,27.064859,0.044975,0xda5ec9bed8f2f2cfdbd8043831d0ec0201a300a473f611a17e27751197f6ccba
1775081151714,2026-04-01T22:05:51.714000+00:00,xyz:SILVER,A,74.922,40.04,Close Long,162.470308,0.269988,0xda5ec9bed8f2f2cfdbd8043831d0ec0201a300a473f611a17e27751197f6ccba
1775081151714,2026-04-01T22:05:51.714000+00:00,xyz:SILVER,A,74.921,26.66,Close Long,108.151622,0.179765,0xda5ec9bed8f2f2cfdbd8043831d0ec0201a300a473f611a17e27751197f6ccba
1775081151714,2026-04-01T22:05:51.714000+00:00,xyz:SILVER,A,74.921,84.47,Close Long,342.669449,0.569571,0xda5ec9bed8f2f2cfdbd8043831d0ec0201a300a473f611a17e27751197f6ccba
1775081151714,2026-04-01T22:05:51.714000+00:00,xyz:SILVER,A,74.92,48.04,Close Long,194.835828,0.323924,0xda5ec9bed8f2f2cfdbd8043831d0ec0201a300a473f611a17e27751197f6ccba
1775081151714,2026-04-01T22:05:51.714000+00:00,xyz:SILVER,A,74.918,38.54,Close Long,156.229598,0.25986,0xda5ec9bed8f2f2cfdbd8043831d0ec0201a300a473f611a17e27751197f6ccba
1775081151714,2026-04-01T22:05:51.714000+00:00,xyz:SILVER,A,74.918,80.08,Close Long,324.620296,0.539949,0xda5ec9bed8f2f2cfdbd8043831d0ec0201a300a473f611a17e27751197f6ccba
1775081151714,2026-04-01T22:05:51.714000+00:00,xyz:SILVER,A,74.917,26.66,Close Long,108.044982,0.179755,0xda5ec9bed8f2f2cfdbd8043831d0ec0201a300a473f611a17e27751197f6ccba
1775081151714,2026-04-01T22:05:51.714000+00:00,xyz:SILVER,A,74.916,2.51,Close Long,10.169767,0.016923,0xda5ec9bed8f2f2cfdbd8043831d0ec0201a300a473f611a17e27751197f6ccba
1775081151714,2026-04-01T22:05:51.714000+00:00,xyz:SILVER,A,74.916,399.04,Close Long,1616.790368,2.690503,0xda5ec9bed8f2f2cfdbd8043831d0ec0201a300a473f611a17e27751197f6ccba
1775081151714,2026-04-01T22:05:51.714000+00:00,xyz:SILVER,A,74.915,6.67,Close Long,27.018169,0.044971,0xda5ec9bed8f2f2cfdbd8043831d0ec0201a300a473f611a17e27751197f6ccba
1775081151714,2026-04-01T22:05:51.714000+00:00,xyz:SILVER,A,74.914,1.01,Close Long,4.090197,0.006809,0xda5ec9bed8f2f2cfdbd8043831d0ec0201a300a473f611a17e27751197f6ccba
1775081151714,2026-04-01T22:05:51.714000+00:00,xyz:SILVER,A,74.914,12.41,Close Long,50.256777,0.083671,0xda5ec9bed8f2f2cfdbd8043831d0ec0201a300a473f611a17e27751197f6ccba
1775081151714,2026-04-01T22:05:51.714000+00:00,xyz:SILVER,A,74.914,91.96,Close Long,372.410412,0.620018,0xda5ec9bed8f2f2cfdbd8043831d0ec0201a300a473f611a17e27751197f6ccba
1775081151714,2026-04-01T22:05:51.714000+00:00,xyz:SILVER,A,74.913,0.89,Close Long,3.603343,0.006,0xda5ec9bed8f2f2cfdbd8043831d0ec0201a300a473f611a17e27751197f6ccba
1775081151714,2026-04-01T22:05:51.714000+00:00,xyz:SILVER,A,74.913,26.66,Close Long,107.938342,0.179746,0xda5ec9bed8f2f2cfdbd8043831d0ec0201a300a473f611a17e27751197f6ccba
1775081151714,2026-04-01T22:05:51.714000+00:00,xyz:SILVER,A,74.912,116.28,Close Long,470.666556,0.783969,0xda5ec9bed8f2f2cfdbd8043831d0ec0201a300a473f611a17e27751197f6ccba
1775081151714,2026-04-01T22:05:51.714000+00:00,xyz:SILVER,A,74.911,6.67,Close Long,26.991489,0.044969,0xda5ec9bed8f2f2cfdbd8043831d0ec0201a300a473f611a17e27751197f6ccba
1775081151714,2026-04-01T22:05:51.714000+00:00,xyz:SILVER,A,74.911,39.89,Close Long,161.422863,0.268937,0xda5ec9bed8f2f2cfdbd8043831d0ec0201a300a473f611a17e27751197f6ccba
1775081151714,2026-04-01T22:05:51.714000+00:00,xyz:SILVER,A,74.911,397.87,Close Long,1610.060529,2.682435,0xda5ec9bed8f2f2cfdbd8043831d0ec0201a300a473f611a17e27751197f6ccba
1775081151714,2026-04-01T22:05:51.714000+00:00,xyz:SILVER,A,74.911,397.87,Close Long,1610.060529,2.682435,0xda5ec9bed8f2f2cfdbd8043831d0ec0201a300a473f611a17e27751197f6ccba
1775081151714,2026-04-01T22:05:51.714000+00:00,xyz:SILVER,A,74.909,26.67,Close Long,107.872149,0.179804,0xda5ec9bed8f2f2cfdbd8043831d0ec0201a300a473f611a17e27751197f6ccba
1775081151714,2026-04-01T22:05:51.714000+00:00,xyz:SILVER,A,74.908,91.96,Close Long,371.858652,0.619968,0xda5ec9bed8f2f2cfdbd8043831d0ec0201a300a473f611a17e27751197f6ccba
1775081151714,2026-04-01T22:05:51.714000+00:00,xyz:SILVER,A,74.908,800.39,Close Long,3236.537043,5.396005,0xda5ec9bed8f2f2cfdbd8043831d0ec0201a300a473f611a17e27751197f6ccba
1775081151714,2026-04-01T22:05:51.714000+00:00,xyz:SILVER,A,74.907,2.51,Close Long,10.147177,0.016921,0xda5ec9bed8f2f2cfdbd8043831d0ec0201a300a473f611a17e27751197f6ccba
1775081151714,2026-04-01T22:05:51.714000+00:00,xyz:SILVER,A,74.906,158.77,Close Long,641.700709,1.070354,0xda5ec9bed8f2f2cfdbd8043831d0ec0201a300a473f611a17e27751197f6ccba
1775107479957,2026-04-02T05:24:39.957000+00:00,xyz:SILVER,B,71.846,0.27,Open Long,0.0,0.001745,0x8b7729ddbcd48ba58cf0043836af2e0209c700c357d7aa772f3fd5307bd86590
1775107479957,2026-04-02T05:24:39.957000+00:00,xyz:SILVER,B,71.847,0.15,Open Long,0.0,0.000969,0x8b7729ddbcd48ba58cf0043836af2e0209c700c357d7aa772f3fd5307bd86590
1775107479957,2026-04-02T05:24:39.957000+00:00,xyz:SILVER,B,71.847,121.91,Open Long,0.0,0.788298,0x8b7729ddbcd48ba58cf0043836af2e0209c700c357d7aa772f3fd5307bd86590
1775107479957,2026-04-02T05:24:39.957000+00:00,xyz:SILVER,B,71.849,7.27,Open Long,0.0,0.04701,0x8b7729ddbcd48ba58cf0043836af2e0209c700c357d7aa772f3fd5307bd86590
1775107479957,2026-04-02T05:24:39.957000+00:00,xyz:SILVER,B,71.849,0.15,Open Long,0.0,0.000969,0x8b7729ddbcd48ba58cf0043836af2e0209c700c357d7aa772f3fd5307bd86590
1775107480273,2026-04-02T05:24:40.273000+00:00,xyz:SILVER,B,71.85,26.94,Open Long,0.0,0.058069,0x82b0d68ccd9e46d4842a043836af310205640072689165a6267981df8c9220bf
1775107480376,2026-04-02T05:24:40.376000+00:00,xyz:SILVER,B,71.85,4.32,Open Long,0.0,0.009311,0x1efc7d914a4451c22076043836af320206a20076e5477094c2c528e409482bac
1775107480376,2026-04-02T05:24:40.376000+00:00,xyz:SILVER,B,71.85,41.53,Open Long,0.0,0.089517,0x3776e16296f8193538f0043836af320206a5004831fb3807db3f8cb555fbf31f
1775107480376,2026-04-02T05:24:40.376000+00:00,xyz:SILVER,B,71.85,93.15,Open Long,0.0,0.200784,0x65054d79c47792a7667f043836af3202073d005f5f7ab17908cdf8cc837b6c92
1775107480376,2026-04-02T05:24:40.376000+00:00,xyz:SILVER,B,71.85,90.03,Open Long,0.0,0.194059,0x17d8c414de08d5231952043836af3202073e00fa790bf3f5bba16f679d0caf0d
1775107480376,2026-04-02T05:24:40.376000+00:00,xyz:SILVER,B,71.85,104.95,Open Long,0.0,0.226219,0xcaac3aaff79a179ecc25043836af3202073f0095929d36706e74e602b69df189
1775107480687,2026-04-02T05:24:40.687000+00:00,xyz:SILVER,B,71.85,17.09,Open Long,0.0,0.036837,0x630b8f75dd8606976485043836af350204a7005b7889256906d43ac89c89e082
1775107501345,2026-04-02T05:25:01.345000+00:00,xyz:SILVER,B,71.85,41.8,Open Long,0.0,0.090099,0xc264ab9b8f5bcfefc3de043836b01c02040900812a5eeec1662d56ee4e5fa9da
1775107567233,2026-04-02T05:26:07.233000+00:00,BTC,B,66398.0,1.50608,Open Long,0.0,45.000314,0x8abd0e440db254608c36043836b3350203a20029a8b573322e85b996ccb62e4b
1775107567233,2026-04-02T05:26:07.233000+00:00,BTC,B,66398.0,0.005,Open Long,0.0,0.149395,0x8abd0e440db254608c36043836b3350203a20029a8b573322e85b996ccb62e4b
1775107567233,2026-04-02T05:26:07.233000+00:00,BTC,B,66398.0,1.50055,Open Long,0.0,44.835083,0x8abd0e440db254608c36043836b3350203a20029a8b573322e85b996ccb62e4b
1775107698095,2026-04-02T05:28:18.095000+00:00,xyz:SILVER,B,71.93,0.27,Open Long,0.0,0.001747,0x5d7d0f4a75e2e2345ef6043836b94c02076a003010e601060145ba9d34e6bc1f
1775107708273,2026-04-02T05:28:28.273000+00:00,xyz:SILVER,B,71.93,14.26,Open Long,0.0,0.030771,0x81101845710ef1848289043836b9d60203ba002b0c02105624d8c3983002cb6f
1775107708273,2026-04-02T05:28:28.273000+00:00,xyz:SILVER,B,71.93,12.21,Open Long,0.0,0.026347,0x5d5d9aa12330f4905ed7043836b9d60203d50086be341362012645f3e234ce7b
1775107708273,2026-04-02T05:28:28.273000+00:00,xyz:SILVER,B,71.93,56.98,Open Long,0.0,0.122957,0x1031113c3cc2370c11aa043836b9d60203d60021d7c555deb3f9bc8efbc610f6
1775107708446,2026-04-02T05:28:28.446000+00:00,xyz:SILVER,B,71.93,9.35,Open Long,0.0,0.020176,0x555cc642282cad9256d6043836b9d80202720027c32fcc64f9257194e720877c
1775107709198,2026-04-02T05:28:29.198000+00:00,xyz:SILVER,B,71.93,57.05,Open Long,0.0,0.123108,0xd6675f22a70b86b0d7e1043836b9e10202a30008420ea5827a300a75660f609b
1775107709198,2026-04-02T05:28:29.198000+00:00,xyz:SILVER,B,71.93,100.0,Open Long,0.0,0.215789,0x893ad5bdc09cc92c8ab4043836b9e10202a400a35b9fe7fe2d0381107f90a317
1775107709198,2026-04-02T05:28:29.198000+00:00,xyz:SILVER,B,71.93,12.8,Open Long,0.0,0.027621,0x3c0e4c58da2e0ba83d88043836b9e10202a5003e75212a7adfd6f7ab9921e592
1775107709198,2026-04-02T05:28:29.198000+00:00,xyz:SILVER,B,71.93,100.0,Open Long,0.0,0.215789,0x5488b02a26d1d31b5602043836b9e10202a8000fc1d4f1edf8515b7ce5d5ad05
1775107709268,2026-04-02T05:28:29.268000+00:00,xyz:SILVER,B,71.93,7.89,Open Long,0.0,0.017025,0x19495bbe7ea6a9741ac3043836b9e202026800a419a9c846bd1207113daa835e
1775107709268,2026-04-02T05:28:29.268000+00:00,xyz:SILVER,B,71.93,6.5,Open Long,0.0,0.014026,0x7ef048f4b1c92e6b806a043836b9e202026a00da4ccc4d3d22b8f44770cd0856
1775107709268,2026-04-02T05:28:29.268000+00:00,xyz:SILVER,B,71.93,100.0,Open Long,0.0,0.215789,0x158bfdcd7e4342491705043836b9e202027200b31946611bb954a9203d471c33
1775107709343,2026-04-02T05:28:29.343000+00:00,xyz:SILVER,B,71.93,3.97,Open Long,0.0,0.008566,0xb1d7a4d1faf94d36b351043836b9e30203b000b795fc6c0855a05024b9fd2721
1775107709343,2026-04-02T05:28:29.343000+00:00,xyz:SILVER,B,71.93,3.73,Open Long,0.0,0.008048,0x64ab1b6d148a8fb26624043836b9e30203b10052af8dae840873c6bfd38e699d
1775107709343,2026-04-02T05:28:29.343000+00:00,xyz:SILVER,B,71.93,13.71,Open Long,0.0,0.029584,0x959fe30fade21e989719043836b9e30203b700f548e53d6a39688e626ce5f883
1775107709343,2026-04-02T05:28:29.343000+00:00,xyz:SILVER,B,71.93,7.89,Open Long,0.0,0.017025,0xfb46d045e104a38ffcc0043836b9e30203b9002b7c07c2629f0f7b98a0087d7a
1775107709343,2026-04-02T05:28:29.343000+00:00,xyz:SILVER,B,71.93,100.0,Open Long,0.0,0.215789,0x44b5fbb9c71ff9e9462f043836b9e30203c2009f621318bbe87ea70c8613d3d3
1775107709383,2026-04-02T05:28:29.383000+00:00,xyz:SILVER,B,71.93,100.0,Open Long,0.0,0.215789,0x41382607900c8a1042b1043836b9e402026400ed2b0fa8e2e500d15a4f0063fa
1775107709842,2026-04-02T05:28:29.842000+00:00,xyz:SILVER,B,71.93,2.95,Open Long,0.0,0.006365,0x23c4fb6a191cd10a253e043836b9ea02017f004fb41fefdcc78da6bcd810aaf4
1775107709842,2026-04-02T05:28:29.842000+00:00,xyz:SILVER,B,71.93,35.7,Open Long,0.0,0.077037,0xd698720532ae1385d812043836b9ea02018000eacda132577a611d57f1a1ed70
1775107709842,2026-04-02T05:28:29.842000+00:00,xyz:SILVER,B,71.93,98.27,Open Long,0.0,0.212056,0x896be8a04c3f56018ae5043836b9ea0201810085e73274d32d3493f30b332fec
1775107709842,2026-04-02T05:28:29.842000+00:00,xyz:SILVER,B,71.93,3.77,Open Long,0.0,0.008135,0x3c3f5f3b65c0987d3db9043836b9ea020182002100c3b74fe0080a8e24c47267
1775107709842,2026-04-02T05:28:29.842000+00:00,xyz:SILVER,B,71.93,1377.08,Open Long,0.0,2.9716,0x078d39a7cc05a26c0906043836b9ea020186008d6708c13eab55e4fa8b097c56
1775109265824,2026-04-02T05:54:25.824000+00:00,xyz:SILVER,B,70.8,11.95,Open Long,0.0,0.025381,0x83ce8c5b21b692e5854804383703e80202230040bcb9b1b7279737ade0ba6cd0
1775109280461,2026-04-02T05:54:40.461000+00:00,xyz:SILVER,B,70.8,42.28,Open Long,0.0,0.089802,0x36a89e42446e0d41382204383704990205510027df612c13da7149950361e72b
1775109314859,2026-04-02T05:55:14.859000+00:00,xyz:SILVER,B,70.8,1358.19,Open Long,0.0,2.884795,0x99573718a006c9889ad0043837063202055e00fe3b09e85a3d1fe26b5f0aa373
1775143248406,2026-04-02T15:20:48.406000+00:00,xyz:SILVER,A,72.186,108.49,Close Long,70.290671,0.704831,0x58ed23d14896d4ff5a6604383e113c02031d00b6e399f3d1fcb5cf24079aaee9
1775143248406,2026-04-02T15:20:48.406000+00:00,xyz:SILVER,A,72.185,64.15,Close Long,41.498635,0.41676,0x58ed23d14896d4ff5a6604383e113c02031d00b6e399f3d1fcb5cf24079aaee9
1775143248406,2026-04-02T15:20:48.406000+00:00,xyz:SILVER,A,72.185,28.21,Close Long,18.249049,0.18327,0x58ed23d14896d4ff5a6604383e113c02031d00b6e399f3d1fcb5cf24079aaee9
1775143248406,2026-04-02T15:20:48.406000+00:00,xyz:SILVER,A,72.183,1.38,Close Long,0.889962,0.008965,0x58ed23d14896d4ff5a6604383e113c02031d00b6e399f3d1fcb5cf24079aaee9
1775143248406,2026-04-02T15:20:48.406000+00:00,xyz:SILVER,A,72.181,64.15,Close Long,41.242035,0.416737,0x58ed23d14896d4ff5a6604383e113c02031d00b6e399f3d1fcb5cf24079aaee9
1775143248406,2026-04-02T15:20:48.406000+00:00,xyz:SILVER,A,72.18,0.15,Close Long,0.096285,0.000974,0x58ed23d14896d4ff5a6604383e113c02031d00b6e399f3d1fcb5cf24079aaee9
1775143248406,2026-04-02T15:20:48.406000+00:00,xyz:SILVER,A,72.179,27.7,Close Long,17.75293,0.179942,0x58ed23d14896d4ff5a6604383e113c02031d00b6e399f3d1fcb5cf24079aaee9
1775143248406,2026-04-02T15:20:48.406000+00:00,xyz:SILVER,A,72.178,2.71,Close Long,1.734129,0.017604,0x58ed23d14896d4ff5a6604383e113c02031d00b6e399f3d1fcb5cf24079aaee9
1775143248406,2026-04-02T15:20:48.406000+00:00,xyz:SILVER,A,72.176,0.27,Close Long,0.172233,0.001753,0x58ed23d14896d4ff5a6604383e113c02031d00b6e399f3d1fcb5cf24079aaee9
1775143248406,2026-04-02T15:20:48.406000+00:00,xyz:SILVER,A,72.176,3.51,Close Long,2.239029,0.0228,0x58ed23d14896d4ff5a6604383e113c02031d00b6e399f3d1fcb5cf24079aaee9
1775143248406,2026-04-02T15:20:48.406000+00:00,xyz:SILVER,A,72.176,1.38,Close Long,0.880302,0.008964,0x58ed23d14896d4ff5a6604383e113c02031d00b6e399f3d1fcb5cf24079aaee9
1775143248406,2026-04-02T15:20:48.406000+00:00,xyz:SILVER,A,72.175,27.7,Close Long,17.64213,0.179932,0x58ed23d14896d4ff5a6604383e113c02031d00b6e399f3d1fcb5cf24079aaee9
1775143248406,2026-04-02T15:20:48.406000+00:00,xyz:SILVER,A,72.175,49.33,Close Long,31.418277,0.320435,0x58ed23d14896d4ff5a6604383e113c02031d00b6e399f3d1fcb5cf24079aaee9
1775143248406,2026-04-02T15:20:48.406000+00:00,xyz:SILVER,A,72.174,221.37,Close Long,140.769183,1.437944,0x58ed23d14896d4ff5a6604383e113c02031d00b6e399f3d1fcb5cf24079aaee9
1775143248406,2026-04-02T15:20:48.406000+00:00,xyz:SILVER,A,72.172,2.71,Close Long,1.717869,0.017602,0x58ed23d14896d4ff5a6604383e113c02031d00b6e399f3d1fcb5cf24079aaee9
1775143248406,2026-04-02T15:20:48.406000+00:00,xyz:SILVER,A,72.172,42.27,Close Long,26.794953,0.274563,0x58ed23d14896d4ff5a6604383e113c02031d00b6e399f3d1fcb5cf24079aaee9
1775143248406,2026-04-02T15:20:48.406000+00:00,xyz:SILVER,A,72.172,64.15,Close Long,40.664685,0.416685,0x58ed23d14896d4ff5a6604383e113c02031d00b6e399f3d1fcb5cf24079aaee9
1775143248406,2026-04-02T15:20:48.406000+00:00,xyz:SILVER,A,72.172,117.69,Close Long,74.603691,0.764453,0x58ed23d14896d4ff5a6604383e113c02031d00b6e399f3d1fcb5cf24079aaee9
1775143248406,2026-04-02T15:20:48.406000+00:00,xyz:SILVER,A,72.171,27.7,Close Long,17.53133,0.179922,0x58ed23d14896d4ff5a6604383e113c02031d00b6e399f3d1fcb5cf24079aaee9
1775143248406,2026-04-02T15:20:48.406000+00:00,xyz:SILVER,A,72.171,106.3,Close Long,67.27727,0.690459,0x58ed23d14896d4ff5a6604383e113c02031d00b6e399f3d1fcb5cf24079aaee9
1775143248406,2026-04-02T15:20:48.406000+00:00,xyz:SILVER,A,72.171,825.16,Close Long,522.243764,5.359736,0x58ed23d14896d4ff5a6604383e113c02031d00b6e399f3d1fcb5cf24079aaee9
1775143248406,2026-04-02T15:20:48.406000+00:00,xyz:SILVER,A,72.17,68.82,Close Long,43.487358,0.447006,0x58ed23d14896d4ff5a6604383e113c02031d00b6e399f3d1fcb5cf24079aaee9
1775143248406,2026-04-02T15:20:48.406000+00:00,xyz:SILVER,A,72.169,0.42,Close Long,0.264978,0.002727,0x58ed23d14896d4ff5a6604383e113c02031d00b6e399f3d1fcb5cf24079aaee9
1775143248406,2026-04-02T15:20:48.406000+00:00,xyz:SILVER,A,72.169,30.0,Close Long,18.927,0.194856,0x58ed23d14896d4ff5a6604383e113c02031d00b6e399f3d1fcb5cf24079aaee9
1775143248406,2026-04-02T15:20:48.406000+00:00,xyz:SILVER,A,72.168,216.43,Close Long,136.329257,1.405738,0x58ed23d14896d4ff5a6604383e113c02031d00b6e399f3d1fcb5cf24079aaee9
1775143248406,2026-04-02T15:20:48.406000+00:00,xyz:SILVER,A,72.167,27.7,Close Long,17.42053,0.179912,0x58ed23d14896d4ff5a6604383e113c02031d00b6e399f3d1fcb5cf24079aaee9
1775143248406,2026-04-02T15:20:48.406000+00:00,xyz:SILVER,A,72.165,28.83,Close Long,18.073527,0.187246,0x58ed23d14896d4ff5a6604383e113c02031d00b6e399f3d1fcb5cf24079aaee9
1775143248406,2026-04-02T15:20:48.406000+00:00,xyz:SILVER,A,72.165,124.23,Close Long,77.879787,0.806855,0x58ed23d14896d4ff5a6604383e113c02031d00b6e399f3d1fcb5cf24079aaee9
1775143248406,2026-04-02T15:20:48.406000+00:00,xyz:SILVER,A,72.164,15.69,Close Long,9.820371,0.101902,0x58ed23d14896d4ff5a6604383e113c02031d00b6e399f3d1fcb5cf24079aaee9
1775143248406,2026-04-02T15:20:48.406000+00:00,xyz:SILVER,A,72.164,23.54,Close Long,14.733686,0.152886,0x58ed23d14896d4ff5a6604383e113c02031d00b6e399f3d1fcb5cf24079aaee9
1775143248406,2026-04-02T15:20:48.406000+00:00,xyz:SILVER,A,72.164,64.15,Close Long,40.151485,0.416638,0x58ed23d14896d4ff5a6604383e113c02031d00b6e399f3d1fcb5cf24079aaee9
1775143248406,2026-04-02T15:20:48.406000+00:00,xyz:SILVER,A,72.164,825.16,Close Long,516.467644,5.359216,0x58ed23d14896d4ff5a6604383e113c02031d00b6e399f3d1fcb5cf24079aaee9
1775143248406,2026-04-02T15:20:48.406000+00:00,xyz:SILVER,A,72.162,0.18,Close Long,0.112302,0.001169,0x58ed23d14896d4ff5a6604383e113c02031d00b6e399f3d1fcb5cf24079aaee9
1775143248406,2026-04-02T15:20:48.406000+00:00,xyz:SILVER,A,72.162,2.71,Close Long,1.690769,0.0176,0x58ed23d14896d4ff5a6604383e113c02031d00b6e399f3d1fcb5cf24079aaee9
1775143248406,2026-04-02T15:20:48.406000+00:00,xyz:SILVER,A,72.162,6.93,Close Long,4.323627,0.045007,0x58ed23d14896d4ff5a6604383e113c02031d00b6e399f3d1fcb5cf24079aaee9
1775143248406,2026-04-02T15:20:48.406000+00:00,xyz:SILVER,A,72.162,27.7,Close Long,17.28203,0.179899,0x58ed23d14896d4ff5a6604383e113c02031d00b6e399f3d1fcb5cf24079aaee9
1775143248406,2026-04-02T15:20:48.406000+00:00,xyz:SILVER,A,72.16,144.63,Close Long,89.945397,0.939285,0x58ed23d14896d4ff5a6604383e113c02031d00b6e399f3d1fcb5cf24079aaee9
1775143248406,2026-04-02T15:20:48.406000+00:00,xyz:SILVER,A,72.16,2.77,Close Long,1.722663,0.017989,0x58ed23d14896d4ff5a6604383e113c02031d00b6e399f3d1fcb5cf24079aaee9
1775143248406,2026-04-02T15:20:48.406000+00:00,xyz:SILVER,A,72.158,27.69,Close Long,17.165031,0.179824,0x58ed23d14896d4ff5a6604383e113c02031d00b6e399f3d1fcb5cf24079aaee9
1775143248406,2026-04-02T15:20:48.406000+00:00,xyz:SILVER,A,72.158,123.38,Close Long,76.483262,0.801256,0x58ed23d14896d4ff5a6604383e113c02031d00b6e399f3d1fcb5cf24079aaee9
1775143248406,2026-04-02T15:20:48.406000+00:00,xyz:SILVER,A,72.157,123.24,Close Long,76.273236,0.800336,0x58ed23d14896d4ff5a6604383e113c02031d00b6e399f3d1fcb5cf24079aaee9
1775143248406,2026-04-02T15:20:48.406000+00:00,xyz:SILVER,A,72.156,515.68,Close Long,318.638672,3.348846,0x58ed23d14896d4ff5a6604383e113c02031d00b6e399f3d1fcb5cf24079aaee9
1775153307330,2026-04-02T18:08:27.330000+00:00,BTC,A,66568.0,0.29337,Close Long,49.8729,8.788074,0x50349cfc68a630b251ae043840367d0203c100e203a94f84f3fd484f27aa0a9c
1775153307330,2026-04-02T18:08:27.330000+00:00,BTC,A,66568.0,0.00017,Close Long,0.0289,0.005092,0x50349cfc68a630b251ae043840367d0203c100e203a94f84f3fd484f27aa0a9c
1775153307330,2026-04-02T18:08:27.330000+00:00,BTC,A,66567.0,0.00018,Close Long,0.03042,0.005391,0x50349cfc68a630b251ae043840367d0203c100e203a94f84f3fd484f27aa0a9c
1775153307330,2026-04-02T18:08:27.330000+00:00,BTC,A,66567.0,0.00018,Close Long,0.03042,0.005391,0x50349cfc68a630b251ae043840367d0203c100e203a94f84f3fd484f27aa0a9c
1775153307330,2026-04-02T18:08:27.330000+00:00,BTC,A,66567.0,0.00018,Close Long,0.03042,0.005391,0x50349cfc68a630b251ae043840367d0203c100e203a94f84f3fd484f27aa0a9c
1775153307330,2026-04-02T18:08:27.330000+00:00,BTC,A,66567.0,0.00018,Close Long,0.03042,0.005391,0x50349cfc68a630b251ae043840367d0203c100e203a94f84f3fd484f27aa0a9c
1775153307330,2026-04-02T18:08:27.330000+00:00,BTC,A,66567.0,0.00018,Close Long,0.03042,0.005391,0x50349cfc68a630b251ae043840367d0203c100e203a94f84f3fd484f27aa0a9c
1775153307330,2026-04-02T18:08:27.330000+00:00,BTC,A,66567.0,0.00202,Close Long,0.34138,0.060509,0x50349cfc68a630b251ae043840367d0203c100e203a94f84f3fd484f27aa0a9c
1775153307330,2026-04-02T18:08:27.330000+00:00,BTC,A,66567.0,0.00015,Close Long,0.02535,0.004493,0x50349cfc68a630b251ae043840367d0203c100e203a94f84f3fd484f27aa0a9c
1775153307330,2026-04-02T18:08:27.330000+00:00,BTC,A,66567.0,0.00017,Close Long,0.02873,0.005092,0x50349cfc68a630b251ae043840367d0203c100e203a94f84f3fd484f27aa0a9c
1775153307330,2026-04-02T18:08:27.330000+00:00,BTC,A,66567.0,1.12683,Close Long,190.43427,33.754361,0x50349cfc68a630b251ae043840367d0203c100e203a94f84f3fd484f27aa0a9c
1775153307330,2026-04-02T18:08:27.330000+00:00,BTC,A,66566.0,0.00018,Close Long,0.030258,0.005391,0x50349cfc68a630b251ae043840367d0203c100e203a94f84f3fd484f27aa0a9c
1775153307330,2026-04-02T18:08:27.330000+00:00,BTC,A,66566.0,0.00017,Close Long,0.028577,0.005092,0x50349cfc68a630b251ae043840367d0203c100e203a94f84f3fd484f27aa0a9c
1775153307330,2026-04-02T18:08:27.330000+00:00,BTC,A,66566.0,0.00017,Close Long,0.028577,0.005092,0x50349cfc68a630b251ae043840367d0203c100e203a94f84f3fd484f27aa0a9c
1775153307330,2026-04-02T18:08:27.330000+00:00,BTC,A,66566.0,0.06141,Close Long,10.323021,1.839518,0x50349cfc68a630b251ae043840367d0203c100e203a94f84f3fd484f27aa0a9c
1775153307330,2026-04-02T18:08:27.330000+00:00,BTC,A,66566.0,0.0937,Close Long,15.75097,2.806755,0x50349cfc68a630b251ae043840367d0203c100e203a94f84f3fd484f27aa0a9c
1775153307330,2026-04-02T18:08:27.330000+00:00,BTC,A,66565.0,0.0005,Close Long,0.08355,0.014977,0x50349cfc68a630b251ae043840367d0203c100e203a94f84f3fd484f27aa0a9c
1775153307330,2026-04-02T18:08:27.330000+00:00,BTC,A,66565.0,0.00017,Close Long,0.028407,0.005092,0x50349cfc68a630b251ae043840367d0203c100e203a94f84f3fd484f27aa0a9c
1775153307330,2026-04-02T18:08:27.330000+00:00,BTC,A,66565.0,0.03004,Close Long,5.019684,0.899825,0x50349cfc68a630b251ae043840367d0203c100e203a94f84f3fd484f27aa0a9c
1775153307330,2026-04-02T18:08:27.330000+00:00,BTC,A,66565.0,0.09203,Close Long,15.378213,2.756689,0x50349cfc68a630b251ae043840367d0203c100e203a94f84f3fd484f27aa0a9c
1775153307330,2026-04-02T18:08:27.330000+00:00,BTC,A,66565.0,0.06034,Close Long,10.082814,1.807439,0x50349cfc68a630b251ae043840367d0203c100e203a94f84f3fd484f27aa0a9c
1775153307330,2026-04-02T18:08:27.330000+00:00,BTC,A,66564.0,0.00017,Close Long,0.028237,0.005092,0x50349cfc68a630b251ae043840367d0203c100e203a94f84f3fd484f27aa0a9c
1775153307330,2026-04-02T18:08:27.330000+00:00,BTC,A,66564.0,0.01679,Close Long,2.788819,0.502924,0x50349cfc68a630b251ae043840367d0203c100e203a94f84f3fd484f27aa0a9c
1775153307330,2026-04-02T18:08:27.330000+00:00,BTC,A,66563.0,0.00115,Close Long,0.189865,0.034446,0x50349cfc68a630b251ae043840367d0203c100e203a94f84f3fd484f27aa0a9c
1775153307330,2026-04-02T18:08:27.330000+00:00,BTC,A,66563.0,0.00017,Close Long,0.028067,0.005092,0x50349cfc68a630b251ae043840367d0203c100e203a94f84f3fd484f27aa0a9c
1775153307330,2026-04-02T18:08:27.330000+00:00,BTC,A,66563.0,0.13443,Close Long,22.194393,4.026628,0x50349cfc68a630b251ae043840367d0203c100e203a94f84f3fd484f27aa0a9c
1775153307330,2026-04-02T18:08:27.330000+00:00,BTC,A,66563.0,0.00017,Close Long,0.028067,0.005092,0x50349cfc68a630b251ae043840367d0203c100e203a94f84f3fd484f27aa0a9c
1775153307330,2026-04-02T18:08:27.330000+00:00,BTC,A,66563.0,0.02286,Close Long,3.774186,0.684733,0x50349cfc68a630b251ae043840367d0203c100e203a94f84f3fd484f27aa0a9c
1775153307330,2026-04-02T18:08:27.330000+00:00,BTC,A,66563.0,0.03071,Close Long,5.070221,0.919867,0x50349cfc68a630b251ae043840367d0203c100e203a94f84f3fd484f27aa0a9c
1775153307330,2026-04-02T18:08:27.330000+00:00,BTC,A,66563.0,0.52585,Close Long,86.817835,15.750969,0x50349cfc68a630b251ae043840367d0203c100e203a94f84f3fd484f27aa0a9c
1775153307330,2026-04-02T18:08:27.330000+00:00,BTC,A,66562.0,0.00015,Close Long,0.024615,0.004492,0x50349cfc68a630b251ae043840367d0203c100e203a94f84f3fd484f27aa0a9c
1775153307330,2026-04-02T18:08:27.330000+00:00,BTC,A,66562.0,0.15,Close Long,24.615,4.492935,0x50349cfc68a630b251ae043840367d0203c100e203a94f84f3fd484f27aa0a9c
1775153307330,2026-04-02T18:08:27.330000+00:00,BTC,A,66562.0,0.003,Close Long,0.4923,0.089858,0x50349cfc68a630b251ae043840367d0203c100e203a94f84f3fd484f27aa0a9c
1775153307330,2026-04-02T18:08:27.330000+00:00,BTC,A,66562.0,0.00017,Close Long,0.027897,0.005091,0x50349cfc68a630b251ae043840367d0203c100e203a94f84f3fd484f27aa0a9c
1775153307330,2026-04-02T18:08:27.330000+00:00,BTC,A,66562.0,0.36369,Close Long,59.681529,10.89357,0x50349cfc68a630b251ae043840367d0203c100e203a94f84f3fd484f27aa0a9c
1775405952806,2026-04-05T16:19:12.806000+00:00,BTC,B,67309.0,0.28252,Open Long,0.0,8.557262,0x759c0b82b385718f771504387719d602022200684e8890611964b6d572894b7a
1775405952806,2026-04-05T16:19:12.806000+00:00,BTC,B,67309.0,0.09465,Open Long,0.0,2.866858,0x759c0b82b385718f771504387719d602022200684e8890611964b6d572894b7a
1775405952806,2026-04-05T16:19:12.806000+00:00,BTC,B,67309.0,0.20331,Open Long,0.0,6.158066,0x759c0b82b385718f771504387719d602022200684e8890611964b6d572894b7a
1775405952806,2026-04-05T16:19:12.806000+00:00,BTC,B,67309.0,0.18741,Open Long,0.0,5.67647,0x759c0b82b385718f771504387719d602022200684e8890611964b6d572894b7a
1775405952806,2026-04-05T16:19:12.806000+00:00,BTC,B,67309.0,0.01633,Open Long,0.0,0.49462,0x759c0b82b385718f771504387719d602022200684e8890611964b6d572894b7a
1775405952806,2026-04-05T16:19:12.806000+00:00,BTC,B,67309.0,0.03267,Open Long,0.0,0.989543,0x759c0b82b385718f771504387719d602022200684e8890611964b6d572894b7a
1775405967413,2026-04-05T16:19:27.413000+00:00,BTC,B,67309.0,0.00087,Open Long,0.0,0.008783,0x90c39a07539fd5e1923d0438771aa902016c00ecee92f4b3348c455a1293afcc
1775405969490,2026-04-05T16:19:29.490000+00:00,BTC,B,67309.0,0.01226,Open Long,0.0,0.123781,0x3a1f012c2bae371f3b980438771ac60202440011c6a155f1dde7ac7eeaa21109
1775405969624,2026-04-05T16:19:29.624000+00:00,BTC,B,67309.0,0.00029,Open Long,0.0,0.002927,0x3bfa1b40104b6c9f3d730438771ac80201940025ab4e8b71dfc2c692cf4f4689
1775405969624,2026-04-05T16:19:29.624000+00:00,BTC,B,67309.0,0.00029,Open Long,0.0,0.002927,0x54747f115cff341255ee0438771ac802019700f6f7f252e4f83d2a641bf30dfc
1775405969624,2026-04-05T16:19:29.624000+00:00,BTC,B,67309.0,0.03588,Open Long,0.0,0.362257,0xae8c2e452b00bfaab0050438771ac8020420002ac603de7c5254d997ea049995
1775405969624,2026-04-05T16:19:29.624000+00:00,BTC,B,67309.0,0.00029,Open Long,0.0,0.002927,0x92546c82ddf9910c93ce0438771ac8020427006878fcafde361d17d59cfd6af7
1775405969745,2026-04-05T16:19:29.745000+00:00,BTC,B,67309.0,0.03593,Open Long,0.0,0.362761,0x5f26806763cbf0eb60a00438771aca010200984cfecf0fbd02ef2bba22cfcad6
1775405969969,2026-04-05T16:19:29.969000+00:00,BTC,B,67309.0,0.00062,Open Long,0.0,0.006259,0xab5e312f515fa55dacd70438771acd0201f40014ec52c42f4f26dc8210537f48
1775405969969,2026-04-05T16:19:29.969000+00:00,BTC,B,67309.0,0.00742,Open Long,0.0,0.074914,0x297f8236d125f1c82af90438771acd0201f9001c6c29109acd482d899029cbb2
1775405970022,2026-04-05T16:19:30.022000+00:00,BTC,B,67309.0,0.00742,Open Long,0.0,0.074914,0x02fd33ab754b286904760438771ace0201c60091104e473ba6c5defe344f0253
1775405970695,2026-04-05T16:19:30.695000+00:00,BTC,B,67309.0,0.00742,Open Long,0.0,0.074914,0x20aa75f6055b5e2c22240438771ad80203bd00dba05e7cfec4732148c45f3816
1775405973771,2026-04-05T16:19:33.771000+00:00,BTC,B,67309.0,0.03612,Open Long,0.0,0.36468,0xa0cd566433e95c0fa2470438771b010201010049ceec7ae1449601b6f2ed35fa
1775405973771,2026-04-05T16:19:33.771000+00:00,BTC,B,67309.0,0.01214,Open Long,0.0,0.122569,0x1b31497ab35c414f1cab0438771b0102011000604e5f6021bef9f4cd72501b39
1775405974060,2026-04-05T16:19:34.060000+00:00,BTC,B,67309.0,0.00018,Open Long,0.0,0.001817,0x0000000000000000000000000000000000000000000000000000000000000000
1775405974661,2026-04-05T16:19:34.661000+00:00,BTC,B,67309.0,0.00742,Open Long,0.0,0.074914,0x580e0abccd399ce159870438771b0c0202e700a2683cbbb3fbd6b60f8c3d76cb
1775405977818,2026-04-05T16:19:37.818000+00:00,BTC,B,67309.0,0.01239,Open Long,0.0,0.125093,0xa12de364172454c5a2a70438771b38010200fb49b227739744f68eb6d6282eb0
1775405977953,2026-04-05T16:19:37.953000+00:00,BTC,B,67309.0,0.00989,Open Long,0.0,0.099852,0xd1456e5a5247a725d2bf0438771b3a01fa00863fed4ac5f7750e19ad114b8110
1775405978019,2026-04-05T16:19:38.019000+00:00,BTC,B,67309.0,0.03278,Open Long,0.0,0.330958,0x0000000000000000000000000000000000000000000000000000000000000000
1775405978019,2026-04-05T16:19:38.019000+00:00,BTC,B,67309.0,0.00018,Open Long,0.0,0.001817,0x0000000000000000000000000000000000000000000000000000000000000000
1775405978924,2026-04-05T16:19:38.924000+00:00,BTC,B,67309.0,0.01887,Open Long,0.0,0.190518,0x9956b48ad1b2ba239ad00438771b4702020800706cb5d8f53d1f5fdd90b6940e
1775405978924,2026-04-05T16:19:38.924000+00:00,BTC,B,67309.0,0.0203,Open Long,0.0,0.204955,0x4c2a2b25eb43fc9f4da30438771b47020209000b86471b71eff2d678aa47d689
1775405978924,2026-04-05T16:19:38.924000+00:00,BTC,B,67309.0,0.00794,Open Long,0.0,0.080165,0xfefda1c104d53f1a00770438771b4702020a00a69fd85deda2c64d13c3d91905
1775405978924,2026-04-05T16:19:38.924000+00:00,BTC,B,67309.0,0.02745,Open Long,0.0,0.277144,0x64a48ef737f7c412661e0438771b4702020c00dcd2fae2e4086d3a49f6fb9dfd
1775405978924,2026-04-05T16:19:38.924000+00:00,BTC,B,67309.0,0.10149,Open Long,0.0,1.024678,0x177805925189068e18f10438771b4702020d0077ec8c2560bb40b0e5108ce078
1775405978924,2026-04-05T16:19:38.924000+00:00,BTC,B,67309.0,0.03995,Open Long,0.0,0.403349,0x2ff269639e3cce01316c0438771b470202100049393fecd3d3bb14b65d30a7eb
1775405978924,2026-04-05T16:19:38.924000+00:00,BTC,B,67309.0,0.01061,Open Long,0.0,0.107122,0x95995699d15f52f897130438771b47020212007f6c5271ca396201ec90532ce3
1775405978924,2026-04-05T16:19:38.924000+00:00,BTC,B,67309.0,0.0485,Open Long,0.0,0.489672,0x486ccd34eae0957449e60438771b47020213001a85e3b446ec357887a9e46f5e
1775405978924,2026-04-05T16:19:38.924000+00:00,BTC,B,67309.0,0.01758,Open Long,0.0,0.177493,0xfb4043d00471d7effcba0438771b4702021400b59f74f6c29f08ef22c375b1da
1775405978924,2026-04-05T16:19:38.924000+00:00,BTC,B,67309.0,0.15631,Open Long,0.0,1.57816,0xae13ba6b1e031a6baf8d0438771b470202150050b906393d51dc65bddd06f456
1775423587623,2026-04-05T21:13:07.623000+00:00,BTC,A,67391.0,0.57072,Close Long,46.79904,17.307626,0xff412d6de1e7578100ba04387af3a20201fc00537cea7654a309d8c0a0eb316c
1775423587623,2026-04-05T21:13:07.623000+00:00,BTC,A,67391.0,0.91496,Close Long,75.02672,27.747031,0xff412d6de1e7578100ba04387af3a20201fc00537cea7654a309d8c0a0eb316c
1775443087393,2026-04-06T02:38:07.393000+00:00,xyz:SILVER,B,72.447,27.6,Open Long,0.0,0.179958,0x09628e4eeb39e0530adc04387f319a0206810034863cff25ad2b39a1aa3dba3d
1775443087393,2026-04-06T02:38:07.393000+00:00,xyz:SILVER,B,72.45,57.65,Open Long,0.0,0.375906,0x09628e4eeb39e0530adc04387f319a0206810034863cff25ad2b39a1aa3dba3d
1775443087393,2026-04-06T02:38:07.393000+00:00,xyz:SILVER,B,72.45,0.27,Open Long,0.0,0.00176,0x09628e4eeb39e0530adc04387f319a0206810034863cff25ad2b39a1aa3dba3d
1775443087393,2026-04-06T02:38:07.393000+00:00,xyz:SILVER,B,72.451,796.02,Open Long,0.0,5.19052,0x09628e4eeb39e0530adc04387f319a0206810034863cff25ad2b39a1aa3dba3d
1775443087393,2026-04-06T02:38:07.393000+00:00,xyz:SILVER,B,72.454,57.65,Open Long,0.0,0.375927,0x09628e4eeb39e0530adc04387f319a0206810034863cff25ad2b39a1aa3dba3d
1775443087393,2026-04-06T02:38:07.393000+00:00,xyz:SILVER,B,72.454,27.6,Open Long,0.0,0.179975,0x09628e4eeb39e0530adc04387f319a0206810034863cff25ad2b39a1aa3dba3d
1775443087393,2026-04-06T02:38:07.393000+00:00,xyz:SILVER,B,72.458,27.6,Open Long,0.0,0.179985,0x09628e4eeb39e0530adc04387f319a0206810034863cff25ad2b39a1aa3dba3d
1775443087393,2026-04-06T02:38:07.393000+00:00,xyz:SILVER,B,72.458,57.65,Open Long,0.0,0.375948,0x09628e4eeb39e0530adc04387f319a0206810034863cff25ad2b39a1aa3dba3d
1775443087393,2026-04-06T02:38:07.393000+00:00,xyz:SILVER,B,72.458,109.91,Open Long,0.0,0.716747,0x09628e4eeb39e0530adc04387f319a0206810034863cff25ad2b39a1aa3dba3d
1775443087393,2026-04-06T02:38:07.393000+00:00,xyz:SILVER,B,72.46,2.69,Open Long,0.0,0.017542,0x09628e4eeb39e0530adc04387f319a0206810034863cff25ad2b39a1aa3dba3d
1775443087393,2026-04-06T02:38:07.393000+00:00,xyz:SILVER,B,72.46,208.57,Open Long,0.0,1.360168,0x09628e4eeb39e0530adc04387f319a0206810034863cff25ad2b39a1aa3dba3d
1775443087658,2026-04-06T02:38:07.658000+00:00,xyz:SILVER,B,72.46,6.86,Open Long,0.0,0.014912,0x059e285e8328ef24071704387f319e02024400441e2c0df6a966d3b1422cc90e
1775445752784,2026-04-06T03:22:32.784000+00:00,xyz:SILVER,B,71.794,5.47,Open Long,0.0,0.035344,0xbce4519eb2c2d770be5e04387fc60102021f00844dc5f64260acfcf171c6b15b
1775445752784,2026-04-06T03:22:32.784000+00:00,xyz:SILVER,B,71.794,27.86,Open Long,0.0,0.180016,0xbce4519eb2c2d770be5e04387fc60102021f00844dc5f64260acfcf171c6b15b
1775445752784,2026-04-06T03:22:32.784000+00:00,xyz:SILVER,B,71.799,27.85,Open Long,0.0,0.179964,0xbce4519eb2c2d770be5e04387fc60102021f00844dc5f64260acfcf171c6b15b
1775445753145,2026-04-06T03:22:33.145000+00:00,xyz:SILVER,B,71.8,1331.57,Open Long,0.0,2.868201,0x8263525bc7a0af7183dd04387fc605020389004162a3ce43262bfdae86a4895c
1775481336395,2026-04-06T13:15:36.395000+00:00,xyz:SILVER,A,72.791,8.62,Close Long,5.740058,0.056471,0x54c8785592438b48564204388785b002022c003b2d46aa1af89123a851476532
1775481336395,2026-04-06T13:15:36.395000+00:00,xyz:SILVER,A,72.79,27.45,Close Long,18.251505,0.179827,0x54c8785592438b48564204388785b002022c003b2d46aa1af89123a851476532
1775481336395,2026-04-06T13:15:36.395000+00:00,xyz:SILVER,A,72.789,61.46,Close Long,40.803294,0.402625,0x54c8785592438b48564204388785b002022c003b2d46aa1af89123a851476532
1775481336395,2026-04-06T13:15:36.395000+00:00,xyz:SILVER,A,72.788,27.46,Close Long,18.203234,0.179888,0x54c8785592438b48564204388785b002022c003b2d46aa1af89123a851476532
1775481336395,2026-04-06T13:15:36.395000+00:00,xyz:SILVER,A,72.788,3.51,Close Long,2.326779,0.022993,0x54c8785592438b48564204388785b002022c003b2d46aa1af89123a851476532
1775481336395,2026-04-06T13:15:36.395000+00:00,xyz:SILVER,A,72.786,27.46,Close Long,18.148314,0.179883,0x54c8785592438b48564204388785b002022c003b2d46aa1af89123a851476532
1775481336395,2026-04-06T13:15:36.395000+00:00,xyz:SILVER,A,72.786,17.34,Close Long,11.460006,0.113589,0x54c8785592438b48564204388785b002022c003b2d46aa1af89123a851476532
1775481336395,2026-04-06T13:15:36.395000+00:00,xyz:SILVER,A,72.785,21.63,Close Long,14.273637,0.14169,0x54c8785592438b48564204388785b002022c003b2d46aa1af89123a851476532
1775481336395,2026-04-06T13:15:36.395000+00:00,xyz:SILVER,A,72.785,61.46,Close Long,40.557454,0.402602,0x54c8785592438b48564204388785b002022c003b2d46aa1af89123a851476532
1775481336395,2026-04-06T13:15:36.395000+00:00,xyz:SILVER,A,72.784,27.46,Close Long,18.093394,0.179878,0x54c8785592438b48564204388785b002022c003b2d46aa1af89123a851476532
1775481336395,2026-04-06T13:15:36.395000+00:00,xyz:SILVER,A,72.784,5.49,Close Long,3.617361,0.035962,0x54c8785592438b48564204388785b002022c003b2d46aa1af89123a851476532
1775481336395,2026-04-06T13:15:36.395000+00:00,xyz:SILVER,A,72.784,0.15,Close Long,0.098835,0.000982,0x54c8785592438b48564204388785b002022c003b2d46aa1af89123a851476532
1775481336395,2026-04-06T13:15:36.395000+00:00,xyz:SILVER,A,72.783,177.55,Close Long,116.810145,1.163035,0x54c8785592438b48564204388785b002022c003b2d46aa1af89123a851476532
1775481336395,2026-04-06T13:15:36.395000+00:00,xyz:SILVER,A,72.783,111.17,Close Long,73.138743,0.728215,0x54c8785592438b48564204388785b002022c003b2d46aa1af89123a851476532
1775481336395,2026-04-06T13:15:36.395000+00:00,xyz:SILVER,A,72.782,27.46,Close Long,18.038474,0.179873,0x54c8785592438b48564204388785b002022c003b2d46aa1af89123a851476532
1775481336395,2026-04-06T13:15:36.395000+00:00,xyz:SILVER,A,72.781,61.46,Close Long,40.311614,0.40258,0x54c8785592438b48564204388785b002022c003b2d46aa1af89123a851476532
1775481336395,2026-04-06T13:15:36.395000+00:00,xyz:SILVER,A,72.78,27.46,Close Long,17.983554,0.179868,0x54c8785592438b48564204388785b002022c003b2d46aa1af89123a851476532
1775481336395,2026-04-06T13:15:36.395000+00:00,xyz:SILVER,A,72.78,628.22,Close Long,411.421278,4.114966,0x54c8785592438b48564204388785b002022c003b2d46aa1af89123a851476532
1775481336395,2026-04-06T13:15:36.395000+00:00,xyz:SILVER,A,72.78,17.18,Close Long,11.251182,0.112532,0x54c8785592438b48564204388785b002022c003b2d46aa1af89123a851476532
1775481336395,2026-04-06T13:15:36.395000+00:00,xyz:SILVER,A,72.78,0.27,Close Long,0.176823,0.001768,0x54c8785592438b48564204388785b002022c003b2d46aa1af89123a851476532
1775481336395,2026-04-06T13:15:36.395000+00:00,xyz:SILVER,A,72.78,148.57,Close Long,97.298493,0.973163,0x54c8785592438b48564204388785b002022c003b2d46aa1af89123a851476532
1775481336395,2026-04-06T13:15:36.395000+00:00,xyz:SILVER,A,72.779,2.66,Close Long,1.739374,0.017423,0x54c8785592438b48564204388785b002022c003b2d46aa1af89123a851476532
1775481336395,2026-04-06T13:15:36.395000+00:00,xyz:SILVER,A,72.779,26.58,Close Long,17.380662,0.174101,0x54c8785592438b48564204388785b002022c003b2d46aa1af89123a851476532
1775481336395,2026-04-06T13:15:36.395000+00:00,xyz:SILVER,A,72.779,209.37,Close Long,136.907043,1.371396,0x54c8785592438b48564204388785b002022c003b2d46aa1af89123a851476532
1775481336395,2026-04-06T13:15:36.395000+00:00,xyz:SILVER,A,72.779,824.19,Close Long,538.937841,5.398535,0x54c8785592438b48564204388785b002022c003b2d46aa1af89123a851476532
1775481336395,2026-04-06T13:15:36.395000+00:00,xyz:SILVER,A,72.779,0.15,Close Long,0.098085,0.000982,0x54c8785592438b48564204388785b002022c003b2d46aa1af89123a851476532
1775481336395,2026-04-06T13:15:36.395000+00:00,xyz:SILVER,A,72.778,27.46,Close Long,17.928634,0.179863,0x54c8785592438b48564204388785b002022c003b2d46aa1af89123a851476532
1775481336395,2026-04-06T13:15:36.395000+00:00,xyz:SILVER,A,72.778,7.4,Close Long,4.83146,0.04847,0x54c8785592438b48564204388785b002022c003b2d46aa1af89123a851476532
1775481336395,2026-04-06T13:15:36.395000+00:00,xyz:SILVER,A,72.776,143.91,Close Long,93.671019,0.942587,0x54c8785592438b48564204388785b002022c003b2d46aa1af89123a851476532
1775481336395,2026-04-06T13:15:36.395000+00:00,xyz:SILVER,A,72.776,27.46,Close Long,17.873714,0.179858,0x54c8785592438b48564204388785b002022c003b2d46aa1af89123a851476532
1775481336395,2026-04-06T13:15:36.395000+00:00,xyz:SILVER,A,72.775,14.81,Close Long,9.625019,0.097001,0x54c8785592438b48564204388785b002022c003b2d46aa1af89123a851476532
1775483271235,2026-04-06T13:47:51.235000+00:00,xyz:SILVER,B,72.496,61.46,Open Long,0.0,0.401004,0x8f6e75678fd98dbb90e8043887f0630203ae004d2adcac8d333720ba4edd67a6
1775483271235,2026-04-06T13:47:51.235000+00:00,xyz:SILVER,B,72.497,27.58,Open Long,0.0,0.179952,0x8f6e75678fd98dbb90e8043887f0630203ae004d2adcac8d333720ba4edd67a6
1775483271235,2026-04-06T13:47:51.235000+00:00,xyz:SILVER,B,72.499,27.58,Open Long,0.0,0.179957,0x8f6e75678fd98dbb90e8043887f0630203ae004d2adcac8d333720ba4edd67a6
1775483271235,2026-04-06T13:47:51.235000+00:00,xyz:SILVER,B,72.499,10.22,Open Long,0.0,0.066684,0x8f6e75678fd98dbb90e8043887f0630203ae004d2adcac8d333720ba4edd67a6
1775483271235,2026-04-06T13:47:51.235000+00:00,xyz:SILVER,B,72.5,17.41,Open Long,0.0,0.1136,0x8f6e75678fd98dbb90e8043887f0630203ae004d2adcac8d333720ba4edd67a6
1775483271308,2026-04-06T13:47:51.308000+00:00,xyz:SILVER,B,72.5,40.31,Open Long,0.0,0.087674,0x32ddd5e878cb15483457043887f06402045000ce13ce341ad6a6813b37ceef32
1775483271308,2026-04-06T13:47:51.308000+00:00,xyz:SILVER,B,72.5,9.49,Open Long,0.0,0.02064,0x4b5839b9c57edcbb4cd1043887f064020453009f6071fb8def20e50c8472b6a5
1775483271308,2026-04-06T13:47:51.308000+00:00,xyz:SILVER,B,72.5,92.7,Open Long,0.0,0.201622,0xfe2bb054df001f36ffa5043887f064020454003a7a033e09a1f45ba79e03f921
1775483271308,2026-04-06T13:47:51.308000+00:00,xyz:SILVER,B,72.5,30.83,Open Long,0.0,0.067055,0x63d29d8b1222a42e654c043887f0640204560070ad25c300079b48ddd1267e19
1775483271308,2026-04-06T13:47:51.308000+00:00,xyz:SILVER,B,72.5,27.58,Open Long,0.0,0.059986,0x16a614262bb3e6aa181f043887f064020457000bc6b7057cba6ebf78eab7c094
1775483271308,2026-04-06T13:47:51.308000+00:00,xyz:SILVER,B,72.5,40.31,Open Long,0.0,0.087674,0xc9798ac145452925caf3043887f06402045800a6e04847f76d42361404490310
1775483271308,2026-04-06T13:47:51.308000+00:00,xyz:SILVER,B,72.5,200.0,Open Long,0.0,0.434999,0x7c4d015c5ed66ba17dc6043887f0640204590041f9d98a732015acaf1dda458c
1775483271308,2026-04-06T13:47:51.308000+00:00,xyz:SILVER,B,72.5,100.0,Open Long,0.0,0.217499,0x94c7652dab8a33149641043887f06402045c0013468d51e6389010806a8e0cff
1775483271308,2026-04-06T13:47:51.308000+00:00,xyz:SILVER,B,72.5,3.02,Open Long,0.0,0.006568,0xfa6e5263deacb80bfbe8043887f06402045e004979afd6de9e36fdb69da091f6
1775483271308,2026-04-06T13:47:51.308000+00:00,xyz:SILVER,B,72.5,1.16,Open Long,0.0,0.002523,0x60153f9a11cf3d03618e043887f064020460007facc25bd503ddeaecd0c316ee
1775506689691,2026-04-06T20:18:09.691000+00:00,xyz:PALLADIUM,B,1491.0,3.352,Open Long,0.0,0.449804,0x8b7e1e130b8e04448cf704388d062f02022500f8a68123162f46c965ca81de2f
1775506824137,2026-04-06T20:20:24.137000+00:00,xyz:PALLADIUM,B,1492.4,3.3506,Open Long,0.0,0.450039,0x5bcf9a90bfc83b0f5d4904388d0dc302012500765acb59e1ff9845e37ecc14f9
1775506909975,2026-04-06T20:21:49.975000+00:00,xyz:PALLADIUM,B,1492.3,3.3511,Open Long,0.0,0.450076,0xd766073961bf3a0ed8df04388d128f01a0001f1efcb258e07b2eb28c20b313f9
1775507125614,2026-04-06T20:25:25.614000+00:00,xyz:PALLADIUM,B,1492.6,0.1806,Open Long,0.0,0.02426,0x88401905f072845189b904388d1e9e020de100eb8b75a3232c08c458af765e3c
1775507386308,2026-04-06T20:29:46.308000+00:00,xyz:PALLADIUM,B,1493.0,0.03,Open Long,0.0,0.001343,0xc57a36b4ee9064b2c6f304388d2d25020130009a899383846942e207ad943e9d
1775507393497,2026-04-06T20:29:53.497000+00:00,xyz:PALLADIUM,B,1493.0,1.6933,Open Long,0.0,0.075842,0xed8a69c50bb78ba2ef0404388d2d8d01ca0081aaa6baaa7491531517cabb658d
1775507396332,2026-04-06T20:29:56.332000+00:00,xyz:PALLADIUM,B,1493.0,0.4567,Open Long,0.0,0.020455,0x9e8a541b699ad9b9a00404388d2db70202060001049df88b4252ff6e289eb3a4
1775507396332,2026-04-06T20:29:56.332000+00:00,xyz:PALLADIUM,B,1493.0,0.0471,Open Long,0.0,0.002109,0x515dcab6832c1c3552d704388d2db7020207009c1e2f3b07f5267609422ff61f
1775507396332,2026-04-06T20:29:56.332000+00:00,xyz:PALLADIUM,B,1493.0,0.1103,Open Long,0.0,0.00494,0x043141519cbd5eb105aa04388d2db7020208003737b07d83a7f9eca45bb1389b
1775507396332,2026-04-06T20:29:56.332000+00:00,xyz:PALLADIUM,B,1493.0,0.1095,Open Long,0.0,0.004904,0x69d82e87cfdfe3a86b5104388d2db702020a006d6ad3027a0da0d9da8ed3bd93
1775507396332,2026-04-06T20:29:56.332000+00:00,xyz:PALLADIUM,B,1493.0,0.1095,Open Long,0.0,0.004904,0xcf7f1bbe02f2689fd0f804388d2db702020c00a39df587717347c710c1f6428a
1775507396332,2026-04-06T20:29:56.332000+00:00,xyz:PALLADIUM,B,1493.0,0.1095,Open Long,0.0,0.004904,0x825292591c83ab1b83cc04388d2db702020d003eb786c9ed261b3dabdb878506
1775507396332,2026-04-06T20:29:56.332000+00:00,xyz:PALLADIUM,B,1493.0,0.1095,Open Long,0.0,0.004904,0xe7f97f8f4fa63012e97304388d2db702020f0074eaa94ee48bc22ae20eaa09fd
1775507396332,2026-04-06T20:29:56.332000+00:00,xyz:PALLADIUM,B,1493.0,0.1095,Open Long,0.0,0.004904,0x4da06cc582c8b50a4f1a04388d2db702021100ab1dcbd3dcf169181841cc8ef4
1775507396332,2026-04-06T20:29:56.332000+00:00,xyz:PALLADIUM,B,1493.0,0.1095,Open Long,0.0,0.004904,0x0073e3609c59f78601ed04388d2db70202120046375d1658a43c8eb35b5dd170
1775507396398,2026-04-06T20:29:56.398000+00:00,xyz:PALLADIUM,B,1493.0,0.1095,Open Long,0.0,0.004904,0xf5d25431f90b0b0df74c04388d2db80201500017940e29e0999aff84b80ee4f8
1775507396398,2026-04-06T20:29:56.398000+00:00,xyz:PALLADIUM,B,1493.0,0.1095,Open Long,0.0,0.004904,0xa8a5cacd129c4d89aa1f04388d2db802015100b2ad9f6c5b4c6e761fd1902774
1775507396667,2026-04-06T20:29:56.667000+00:00,xyz:PALLADIUM,B,1493.0,0.1874,Open Long,0.0,0.008393,0x33ab17da42ec6bdd352404388d2dbc02028a00bfddef8aafd773c32d01e045c7
1775507398213,2026-04-06T20:29:58.213000+00:00,xyz:PALLADIUM,B,1493.0,6.702,Open Long,0.0,0.300182,0xcd4261b4c851d08ccebc04388d2dd3020146009a6354ef5e710b0d078755aa77
1775507400097,2026-04-06T20:30:00.097000+00:00,xyz:PALLADIUM,B,1493.0,0.067,Open Long,0.0,0.003,0xe1fbf3ce8a431c23e37504388d2ded0201bb00b425463af585c49f214946f60e
1775507400309,2026-04-06T20:30:00.309000+00:00,xyz:PALLADIUM,B,1493.0,6.701,Open Long,0.0,0.300137,0x0eecab7822de5062106604388d2df00201dd005dbdd16f34b2b556cae1d22a4c
1775507401136,2026-04-06T20:30:01.136000+00:00,xyz:PALLADIUM,B,1493.0,2.1403,Open Long,0.0,0.095864,0x244216fe235eed7025bb04388d2dfc0201e900e3be520c42c80ac250e252c75a
1775507402222,2026-04-06T20:30:02.222000+00:00,xyz:PALLADIUM,B,1493.0,0.067,Open Long,0.0,0.003,0xf0cf32122fa1db67f24804388d2e0c0201a600f7caa4fa3a9497dd64eea5b552
1775507404355,2026-04-06T20:30:04.355000+00:00,xyz:PALLADIUM,B,1493.0,0.067,Open Long,0.0,0.003,0xb33b87acb23f4d21b4b504388d2e2a0201a100924d326bf3570432ff7133270c
1775507405038,2026-04-06T20:30:05.038000+00:00,xyz:PALLADIUM,B,1493.0,3.762,Open Long,0.0,0.168499,0xe6830c83ecd41fb2e7fc04388d2e320202b3006987d73e848a4bb7d6abd7f99d
1775507406378,2026-04-06T20:30:06.378000+00:00,xyz:PALLADIUM,B,1493.0,0.067,Open Long,0.0,0.003,0x5da341954e5411d65f1c04388d2e43020276007ae95730a8016bece80d57ebc1
1775507406981,2026-04-06T20:30:06.981000+00:00,xyz:PALLADIUM,B,1493.0,0.0896,Open Long,0.0,0.004013,0xaebe3bcdc0c8c35ab03704388d2e4c02014800b35bcbe22c5286e7207fcc9d45
1775507408465,2026-04-06T20:30:08.465000+00:00,xyz:PALLADIUM,B,1493.0,0.067,Open Long,0.0,0.003,0x0ef8534fea5dbde7107204388d2e6202035b00358550dcb9b2c0fea2a95197d1
1775507419368,2026-04-06T20:30:19.368000+00:00,xyz:PALLADIUM,B,1493.0,0.067,Open Long,0.0,0.003,0xc8f268b0cc86cd67ca6c04388d2efd02042f00966789ec396cbb14038b8aa752
1775507421505,2026-04-06T20:30:21.505000+00:00,xyz:PALLADIUM,B,1493.0,0.0644,Open Long,0.0,0.002884,0x851117b209f402dd868a04388d2f1d02027e0097a4f721af28d9c304c8f7dcc8
1775508963337,2026-04-06T20:56:03.337000+00:00,xyz:SILVER,A,72.781,7.42,Close Long,2.089472,0.048603,0xf6d781f69f6fba5df85104388d85d402011a00dc3a62d9309aa02d495e639448
1775508963337,2026-04-06T20:56:03.337000+00:00,xyz:SILVER,A,72.781,82.2,Close Long,23.14752,0.538433,0xf6d781f69f6fba5df85104388d85d402011a00dc3a62d9309aa02d495e639448
1775508963337,2026-04-06T20:56:03.337000+00:00,xyz:SILVER,A,72.78,6.87,Close Long,1.927722,0.044999,0xf6d781f69f6fba5df85104388d85d402011a00dc3a62d9309aa02d495e639448
1775508963337,2026-04-06T20:56:03.337000+00:00,xyz:SILVER,A,72.78,27.47,Close Long,7.708082,0.179933,0xf6d781f69f6fba5df85104388d85d402011a00dc3a62d9309aa02d495e639448
1775508963337,2026-04-06T20:56:03.337000+00:00,xyz:SILVER,A,72.779,10.22,Close Long,2.857512,0.066942,0xf6d781f69f6fba5df85104388d85d402011a00dc3a62d9309aa02d495e639448
1775508963337,2026-04-06T20:56:03.337000+00:00,xyz:SILVER,A,72.778,27.47,Close Long,7.653142,0.179929,0xf6d781f69f6fba5df85104388d85d402011a00dc3a62d9309aa02d495e639448
1775508963337,2026-04-06T20:56:03.337000+00:00,xyz:SILVER,A,72.777,1.37,Close Long,0.380312,0.008973,0xf6d781f69f6fba5df85104388d85d402011a00dc3a62d9309aa02d495e639448
1775508963337,2026-04-06T20:56:03.337000+00:00,xyz:SILVER,A,72.776,10.22,Close Long,2.826852,0.066939,0xf6d781f69f6fba5df85104388d85d402011a00dc3a62d9309aa02d495e639448
1775508963337,2026-04-06T20:56:03.337000+00:00,xyz:SILVER,A,72.776,0.15,Close Long,0.04149,0.000982,0xf6d781f69f6fba5df85104388d85d402011a00dc3a62d9309aa02d495e639448
1775508963337,2026-04-06T20:56:03.337000+00:00,xyz:SILVER,A,72.776,0.28,Close Long,0.077448,0.001833,0xf6d781f69f6fba5df85104388d85d402011a00dc3a62d9309aa02d495e639448
1775508963337,2026-04-06T20:56:03.337000+00:00,xyz:SILVER,A,72.774,0.42,Close Long,0.115332,0.00275,0xf6d781f69f6fba5df85104388d85d402011a00dc3a62d9309aa02d495e639448
1775508963337,2026-04-06T20:56:03.337000+00:00,xyz:SILVER,A,72.774,223.45,Close Long,61.35937,1.463521,0xf6d781f69f6fba5df85104388d85d402011a00dc3a62d9309aa02d495e639448
1775508963337,2026-04-06T20:56:03.337000+00:00,xyz:SILVER,A,72.774,5.62,Close Long,1.543252,0.036809,0xf6d781f69f6fba5df85104388d85d402011a00dc3a62d9309aa02d495e639448
1775508963337,2026-04-06T20:56:03.337000+00:00,xyz:SILVER,A,72.774,0.28,Close Long,0.076888,0.001833,0xf6d781f69f6fba5df85104388d85d402011a00dc3a62d9309aa02d495e639448
1775508963337,2026-04-06T20:56:03.337000+00:00,xyz:SILVER,A,72.773,19.03,Close Long,5.206608,0.124638,0xf6d781f69f6fba5df85104388d85d402011a00dc3a62d9309aa02d495e639448
1775508963337,2026-04-06T20:56:03.337000+00:00,xyz:SILVER,A,72.772,82.2,Close Long,22.40772,0.538367,0xf6d781f69f6fba5df85104388d85d402011a00dc3a62d9309aa02d495e639448
1775508963337,2026-04-06T20:56:03.337000+00:00,xyz:SILVER,A,72.772,0.28,Close Long,0.076328,0.001833,0xf6d781f69f6fba5df85104388d85d402011a00dc3a62d9309aa02d495e639448
1775508963337,2026-04-06T20:56:03.337000+00:00,xyz:SILVER,A,72.77,0.27,Close Long,0.073062,0.001768,0xf6d781f69f6fba5df85104388d85d402011a00dc3a62d9309aa02d495e639448
1775508963337,2026-04-06T20:56:03.337000+00:00,xyz:SILVER,A,72.77,0.28,Close Long,0.075768,0.001833,0xf6d781f69f6fba5df85104388d85d402011a00dc3a62d9309aa02d495e639448
1775508963337,2026-04-06T20:56:03.337000+00:00,xyz:SILVER,A,72.769,2.67,Close Long,0.719832,0.017486,0xf6d781f69f6fba5df85104388d85d402011a00dc3a62d9309aa02d495e639448
1775508963337,2026-04-06T20:56:03.337000+00:00,xyz:SILVER,A,72.768,6.87,Close Long,1.845282,0.044992,0xf6d781f69f6fba5df85104388d85d402011a00dc3a62d9309aa02d495e639448
1775508963337,2026-04-06T20:56:03.337000+00:00,xyz:SILVER,A,72.768,1.11,Close Long,0.298146,0.007269,0xf6d781f69f6fba5df85104388d85d402011a00dc3a62d9309aa02d495e639448
1775508963337,2026-04-06T20:56:03.337000+00:00,xyz:SILVER,A,72.768,0.28,Close Long,0.075208,0.001833,0xf6d781f69f6fba5df85104388d85d402011a00dc3a62d9309aa02d495e639448
1775508963337,2026-04-06T20:56:03.337000+00:00,xyz:SILVER,A,72.767,3.51,Close Long,0.939276,0.022987,0xf6d781f69f6fba5df85104388d85d402011a00dc3a62d9309aa02d495e639448
1775508963337,2026-04-06T20:56:03.337000+00:00,xyz:SILVER,A,72.767,0.27,Close Long,0.072252,0.001768,0xf6d781f69f6fba5df85104388d85d402011a00dc3a62d9309aa02d495e639448
1775508963337,2026-04-06T20:56:03.337000+00:00,xyz:SILVER,A,72.766,6.87,Close Long,1.831542,0.044991,0xf6d781f69f6fba5df85104388d85d402011a00dc3a62d9309aa02d495e639448
1775508963337,2026-04-06T20:56:03.337000+00:00,xyz:SILVER,A,72.766,0.28,Close Long,0.074648,0.001833,0xf6d781f69f6fba5df85104388d85d402011a00dc3a62d9309aa02d495e639448
1775508963337,2026-04-06T20:56:03.337000+00:00,xyz:SILVER,A,72.765,10.22,Close Long,2.714432,0.066929,0xf6d781f69f6fba5df85104388d85d402011a00dc3a62d9309aa02d495e639448
1775508963337,2026-04-06T20:56:03.337000+00:00,xyz:SILVER,A,72.765,82.2,Close Long,21.83232,0.538315,0xf6d781f69f6fba5df85104388d85d402011a00dc3a62d9309aa02d495e639448
1775508963337,2026-04-06T20:56:03.337000+00:00,xyz:SILVER,A,72.764,0.28,Close Long,0.074088,0.001833,0xf6d781f69f6fba5df85104388d85d402011a00dc3a62d9309aa02d495e639448
1775508963337,2026-04-06T20:56:03.337000+00:00,xyz:SILVER,A,72.762,0.28,Close Long,0.073528,0.001833,0xf6d781f69f6fba5df85104388d85d402011a00dc3a62d9309aa02d495e639448
1775508963337,2026-04-06T20:56:03.337000+00:00,xyz:SILVER,A,72.761,2.67,Close Long,0.698472,0.017484,0xf6d781f69f6fba5df85104388d85d402011a00dc3a62d9309aa02d495e639448
1775508963337,2026-04-06T20:56:03.337000+00:00,xyz:SILVER,A,72.761,66.64,Close Long,17.433024,0.436391,0xf6d781f69f6fba5df85104388d85d402011a00dc3a62d9309aa02d495e639448
1775523603689,2026-04-07T01:00:03.689000+00:00,xyz:SILVER,B,72.2,128.18,Open Long,0.0,0.277637,0x026fa60c87e14a1603e9043890b4ba020be400f222e468e8a638515f46e52400
1775523603689,2026-04-07T01:00:03.689000+00:00,xyz:SILVER,B,72.2,200.0,Open Long,0.0,0.433199,0xc28566a5ed0c1e83c3ff043890b4ba020c06008b880f3d55664e11f8ac0ff86e
1775523603689,2026-04-07T01:00:03.689000+00:00,xyz:SILVER,B,72.2,200.0,Open Long,0.0,0.433199,0x40a6b7ad6cd26aee4220043890b4ba020c0b009307d589c0e46f63002bd644d8
1775523603689,2026-04-07T01:00:03.689000+00:00,xyz:SILVER,B,72.2,856.86,Open Long,0.0,1.855958,0xf37a2e488663ad69f4f3043890b4ba020c0c002e2166cc3c9742d99b45678754
1775525949423,2026-04-07T01:39:09.423000+00:00,xyz:SILVER,A,72.388,61.72,Close Long,11.60336,0.4021,0x890bb89ad6cc9d7d8a8504389136e10201ff008071cfbc4f2cd463ed95c07768
1775525949423,2026-04-07T01:39:09.423000+00:00,xyz:SILVER,A,72.388,715.54,Close Long,134.52152,4.661685,0x890bb89ad6cc9d7d8a8504389136e10201ff008071cfbc4f2cd463ed95c07768
1775525949423,2026-04-07T01:39:09.423000+00:00,xyz:SILVER,A,72.386,87.08,Close Long,16.19688,0.567303,0x890bb89ad6cc9d7d8a8504389136e10201ff008071cfbc4f2cd463ed95c07768
1775525949423,2026-04-07T01:39:09.423000+00:00,xyz:SILVER,A,72.384,61.72,Close Long,11.35648,0.402078,0x890bb89ad6cc9d7d8a8504389136e10201ff008071cfbc4f2cd463ed95c07768
1775525949423,2026-04-07T01:39:09.423000+00:00,xyz:SILVER,A,72.382,458.98,Close Long,83.53436,2.98997,0x890bb89ad6cc9d7d8a8504389136e10201ff008071cfbc4f2cd463ed95c07768
1775526517311,2026-04-07T01:48:37.311000+00:00,xyz:SILVER,B,72.58,39.01,Open Long,0.0,0.08494,0x2bd61c1610e500782d4f043891567e02032000fbabe81f4acf9ec768cfe8da62
1775526517311,2026-04-07T01:48:37.311000+00:00,xyz:SILVER,B,72.58,649.88,Open Long,0.0,1.415048,0xdaec34c02a12dbc8dc65043891567e02032b00a5c515fa9a7eb4e012e916b5b3
1775530260725,2026-04-07T02:51:00.725000+00:00,BTC,B,68577.0,0.08824,Open Long,0.0,2.723055,0x022d06cd320037f303a6043892264d0203b700b2cd0356c5a5f5b21ff10411dd
1775530260725,2026-04-07T02:51:00.725000+00:00,BTC,B,68577.0,0.0867,Open Long,0.0,2.675531,0x022d06cd320037f303a6043892264d0203b700b2cd0356c5a5f5b21ff10411dd
1775530260725,2026-04-07T02:51:00.725000+00:00,BTC,B,68577.0,0.12,Open Long,0.0,3.703158,0x022d06cd320037f303a6043892264d0203b700b2cd0356c5a5f5b21ff10411dd
1775530260725,2026-04-07T02:51:00.725000+00:00,BTC,B,68577.0,0.43405,Open Long,0.0,13.394631,0x022d06cd320037f303a6043892264d0203b700b2cd0356c5a5f5b21ff10411dd
1775539732569,2026-04-07T05:28:52.569000+00:00,xyz:SILVER,B,72.2,60.0,Open Long,0.0,0.129959,0xaaf9776c042bff71ac7304389435f802019200519f2f1e434ec222bec32fd95c
1775539732569,2026-04-07T05:28:52.569000+00:00,xyz:SILVER,B,72.2,29.36,Open Long,0.0,0.063593,0x5dccee071dbd41ed5f4604389435f802019300ecb8b060bf01959959dcb11bd8
1775539732569,2026-04-07T05:28:52.569000+00:00,xyz:SILVER,B,72.2,138.35,Open Long,0.0,0.299666,0x764751d86a61096077c104389435f802019600be056428321a0ffd2b2964e34b
1775539732569,2026-04-07T05:28:52.569000+00:00,xyz:SILVER,B,72.2,142.03,Open Long,0.0,0.307636,0xdbee3f0e9d838e57dd6704389435f802019800f43886ad297fb6ea615c876842
1775539732569,2026-04-07T05:28:52.569000+00:00,xyz:SILVER,B,72.2,9.89,Open Long,0.0,0.021421,0x8ec1b5a9b714d0d3903b04389435f8020199008f5217efa5328a60fc7618aabe
1775539732569,2026-04-07T05:28:52.569000+00:00,xyz:SILVER,B,72.2,312.89,Open Long,0.0,0.677719,0xa73c197b03c89846a8b504389435f802019c00609ecbb7184b04c4cdc2cc7231
1775557603533,2026-04-07T10:26:43.533000+00:00,BTC,A,68700.0,0.04567,Close Long,5.61741,0.470629,0x77219a82a1c664ff789b0438981751020bff00683cc983d11aea45d560ca3eea
1775557603747,2026-04-07T10:26:43.747000+00:00,BTC,A,68700.0,0.44378,Close Long,54.58494,4.573152,0x08cb908eabb2114e0a450438981753020f6c007446b53020ac943be16ab5eb38
1775557603747,2026-04-07T10:26:43.747000+00:00,BTC,A,68700.0,0.00029,Close Long,0.03567,0.002988,0xd4196afb11f71b3cd5930438981753020f7000e0acfa3a0e77e2164dd0faf527
1775557603792,2026-04-07T10:26:43.792000+00:00,BTC,A,68700.0,0.00029,Close Long,0.03567,0.002988,0x5f65f137807df5a960df04389817540204d3001d1b71147b032e9c8a3f71cf94
1775557604134,2026-04-07T10:26:44.134000+00:00,BTC,A,68700.0,0.20403,Close Long,25.09569,2.102529,0xd1036f33413f23f0d27d04389817570203700018dc3242c274cc1a860032fddb
1775557604134,2026-04-07T10:26:44.134000+00:00,BTC,A,68700.0,0.03493,Close Long,4.29639,0.359953,0x3343df14390e214d34bd04389817570206f500f9d401401fd70c8a66f801fb37
1775559159259,2026-04-07T10:52:39.259000+00:00,BTC,B,68260.0,0.01896,Open Long,0.0,0.194131,0x5545217096b27b3556be0438986d840204e7005631b59a07f90dccc355b6551f
1775559159259,2026-04-07T10:52:39.259000+00:00,BTC,B,68260.0,0.04354,Open Long,0.0,0.445806,0x5545217096b27b3556be0438986d840204e7005631b59a07f90dccc355b6551f
1775559159259,2026-04-07T10:52:39.259000+00:00,BTC,B,68260.0,0.00257,Open Long,0.0,0.026314,0x5545217096b27b3556be0438986d840204e7005631b59a07f90dccc355b6551f
1775559159259,2026-04-07T10:52:39.259000+00:00,BTC,B,68260.0,0.00931,Open Long,0.0,0.095325,0x5545217096b27b3556be0438986d840204e7005631b59a07f90dccc355b6551f
1775559159259,2026-04-07T10:52:39.259000+00:00,BTC,B,68260.0,0.00307,Open Long,0.0,0.031433,0x5545217096b27b3556be0438986d840204e7005631b59a07f90dccc355b6551f
1775559159259,2026-04-07T10:52:39.259000+00:00,BTC,B,68260.0,0.01152,Open Long,0.0,0.117953,0x5545217096b27b3556be0438986d840204e7005631b59a07f90dccc355b6551f
1775559159461,2026-04-07T10:52:39.461000+00:00,BTC,B,68260.0,0.00029,Open Long,0.0,0.002969,0x8440094579bd0be485b90438986d87020548002b14b02ab62808b49838b0e5cf
1775559159975,2026-04-07T10:52:39.975000+00:00,BTC,B,68260.0,0.36982,Open Long,0.0,3.786586,0x026a5f178701483703e40438986d8e02078200fd22046709a6330a6a46052221
1775559160151,2026-04-07T10:52:40.151000+00:00,BTC,B,68260.0,0.00029,Open Long,0.0,0.002969,0x379aec37a632f22939140438986d90021363001d413610fbdb63978a6536cc13
1775559160458,2026-04-07T10:52:40.458000+00:00,BTC,B,68260.0,0.27312,Open Long,0.0,2.796475,0x569c1fd2a6d29df158150438986d9301ae0037b841d5bcc3fa64cb2565d677db
1775566216520,2026-04-07T12:50:16.520000+00:00,xyz:SILVER,B,71.6,91.59,Open Long,0.0,0.196735,0x76f15852a8997c01786b043899f5270202460038439c9ad31aba03a5679d55ec
1775566220273,2026-04-07T12:50:20.273000+00:00,xyz:SILVER,B,71.6,400.4,Open Long,0.0,0.860059,0x0fe02e660827187a1159043899f55f02028f004ba32a374cb3a8d9b8c72af264
1775566222825,2026-04-07T12:50:22.825000+00:00,xyz:SILVER,B,71.6,904.65,Open Long,0.0,1.943188,0xd9b8ca864dcdee0cdb32043899f5850202bb006be8c10cde7d8175d90cc1c7f7
1775570848510,2026-04-07T14:07:28.510000+00:00,xyz:SILVER,B,70.2,68.86,Open Long,0.0,0.145019,0x83642fdee5ac512b84dd04389af4780206ea00c480af6ffd272cdb31a4a02b16
1775570848510,2026-04-07T14:07:28.510000+00:00,xyz:SILVER,B,70.2,774.98,Open Long,0.0,1.632107,0xe90b1d1518ced622ea8404389af4780206ec00fab3c1f4f48cd3c867d7c2b00d
1775570848510,2026-04-07T14:07:28.510000+00:00,xyz:SILVER,B,70.2,580.66,Open Long,0.0,1.222869,0x9bde93b03250189e9d5804389af4780206ed0095cd5337703fa73f02f153f289
1775633656046,2026-04-08T07:34:16.046000+00:00,xyz:PALLADIUM,A,1535.6,0.814,Close Long,34.95316,0.112498,0x2b259c457a957b222c9f0438a8895f02054e002b159899f4ceee47983999550c
1775633656046,2026-04-08T07:34:16.046000+00:00,xyz:PALLADIUM,A,1535.1,0.977,Close Long,41.46388,0.134981,0x2b259c457a957b222c9f0438a8895f02054e002b159899f4ceee47983999550c
1775633656046,2026-04-08T07:34:16.046000+00:00,xyz:PALLADIUM,A,1535.0,0.9771,Close Long,41.370414,0.134986,0x2b259c457a957b222c9f0438a8895f02054e002b159899f4ceee47983999550c
1775633656046,2026-04-08T07:34:16.046000+00:00,xyz:PALLADIUM,A,1534.8,0.9772,Close Long,41.179208,0.134982,0x2b259c457a957b222c9f0438a8895f02054e002b159899f4ceee47983999550c
1775633656046,2026-04-08T07:34:16.046000+00:00,xyz:PALLADIUM,A,1534.6,0.9774,Close Long,40.992156,0.134992,0x2b259c457a957b222c9f0438a8895f02054e002b159899f4ceee47983999550c
1775633656046,2026-04-08T07:34:16.046000+00:00,xyz:PALLADIUM,A,1534.4,1.5877,Close Long,66.270598,0.219255,0x2b259c457a957b222c9f0438a8895f02054e002b159899f4ceee47983999550c
1775633656046,2026-04-08T07:34:16.046000+00:00,xyz:PALLADIUM,A,1533.2,0.5304,Close Long,21.502416,0.073188,0x2b259c457a957b222c9f0438a8895f02054e002b159899f4ceee47983999550c
1775633656046,2026-04-08T07:34:16.046000+00:00,xyz:PALLADIUM,A,1533.1,3.9135,Close Long,158.26194,0.53998,0x2b259c457a957b222c9f0438a8895f02054e002b159899f4ceee47983999550c
1775633656046,2026-04-08T07:34:16.046000+00:00,xyz:PALLADIUM,A,1532.0,3.9162,Close Long,154.063308,0.539965,0x2b259c457a957b222c9f0438a8895f02054e002b159899f4ceee47983999550c
1775633656046,2026-04-08T07:34:16.046000+00:00,xyz:PALLADIUM,A,1531.6,2.1826,Close Long,84.990444,0.300858,0x2b259c457a957b222c9f0438a8895f02054e002b159899f4ceee47983999550c
1775633656046,2026-04-08T07:34:16.046000+00:00,xyz:PALLADIUM,A,1531.5,3.9174,Close Long,152.151816,0.539954,0x2b259c457a957b222c9f0438a8895f02054e002b159899f4ceee47983999550c
1775633656046,2026-04-08T07:34:16.046000+00:00,xyz:PALLADIUM,A,1530.9,3.9192,Close Long,149.870208,0.539991,0x2b259c457a957b222c9f0438a8895f02054e002b159899f4ceee47983999550c
1775633656046,2026-04-08T07:34:16.046000+00:00,xyz:PALLADIUM,A,1523.6,0.2764,Close Long,8.551816,0.037901,0x2b259c457a957b222c9f0438a8895f02054e002b159899f4ceee47983999550c
1775633656046,2026-04-08T07:34:16.046000+00:00,xyz:PALLADIUM,A,1522.7,0.2766,Close Long,8.309064,0.037906,0x2b259c457a957b222c9f0438a8895f02054e002b159899f4ceee47983999550c
1775633656046,2026-04-08T07:34:16.046000+00:00,xyz:PALLADIUM,A,1522.5,8.2537,Close Long,246.290408,1.130963,0x2b259c457a957b222c9f0438a8895f02054e002b159899f4ceee47983999550c
1775655772337,2026-04-08T13:42:52.337000+00:00,xyz:SILVER,A,76.34,84.03,Close Long,416.377053,0.577336,0x828adbe85bfbdaec84040438ad5c7202053500cdf6fef9be2653873b1affb4d7
1775655772337,2026-04-08T13:42:52.337000+00:00,xyz:SILVER,A,76.339,2.41,Close Long,11.939381,0.016557,0x828adbe85bfbdaec84040438ad5c7202053500cdf6fef9be2653873b1affb4d7
1775655772337,2026-04-08T13:42:52.337000+00:00,xyz:SILVER,A,76.339,26.18,Close Long,129.698338,0.179869,0x828adbe85bfbdaec84040438ad5c7202053500cdf6fef9be2653873b1affb4d7
1775655772337,2026-04-08T13:42:52.337000+00:00,xyz:SILVER,A,76.337,12.99,Close Long,64.327779,0.089245,0x828adbe85bfbdaec84040438ad5c7202053500cdf6fef9be2653873b1affb4d7
1775655772337,2026-04-08T13:42:52.337000+00:00,xyz:SILVER,A,76.337,26.18,Close Long,129.645978,0.179865,0x828adbe85bfbdaec84040438ad5c7202053500cdf6fef9be2653873b1affb4d7
1775655772337,2026-04-08T13:42:52.337000+00:00,xyz:SILVER,A,76.335,26.18,Close Long,129.593618,0.17986,0x828adbe85bfbdaec84040438ad5c7202053500cdf6fef9be2653873b1affb4d7
1775655772337,2026-04-08T13:42:52.337000+00:00,xyz:SILVER,A,76.333,1.82,Close Long,9.005542,0.012503,0x828adbe85bfbdaec84040438ad5c7202053500cdf6fef9be2653873b1affb4d7
1775655772337,2026-04-08T13:42:52.337000+00:00,xyz:SILVER,A,76.333,12.99,Close Long,64.275819,0.08924,0x828adbe85bfbdaec84040438ad5c7202053500cdf6fef9be2653873b1affb4d7
1775655772337,2026-04-08T13:42:52.337000+00:00,xyz:SILVER,A,76.333,26.18,Close Long,129.541258,0.179855,0x828adbe85bfbdaec84040438ad5c7202053500cdf6fef9be2653873b1affb4d7
1775655772337,2026-04-08T13:42:52.337000+00:00,xyz:SILVER,A,76.332,20.65,Close Long,102.157615,0.141863,0x828adbe85bfbdaec84040438ad5c7202053500cdf6fef9be2653873b1affb4d7
1775655772337,2026-04-08T13:42:52.337000+00:00,xyz:SILVER,A,76.331,2.41,Close Long,11.920101,0.016556,0x828adbe85bfbdaec84040438ad5c7202053500cdf6fef9be2653873b1affb4d7
1775655772337,2026-04-08T13:42:52.337000+00:00,xyz:SILVER,A,76.331,195.05,Close Long,964.736805,1.339952,0x828adbe85bfbdaec84040438ad5c7202053500cdf6fef9be2653873b1affb4d7
1775655772337,2026-04-08T13:42:52.337000+00:00,xyz:SILVER,A,76.331,26.18,Close Long,129.488898,0.179851,0x828adbe85bfbdaec84040438ad5c7202053500cdf6fef9be2653873b1affb4d7
1775655772337,2026-04-08T13:42:52.337000+00:00,xyz:SILVER,A,76.33,1.0,Close Long,4.9451,0.006869,0x828adbe85bfbdaec84040438ad5c7202053500cdf6fef9be2653873b1affb4d7
1775655772337,2026-04-08T13:42:52.337000+00:00,xyz:SILVER,A,76.33,149.61,Close Long,739.836411,1.027775,0x828adbe85bfbdaec84040438ad5c7202053500cdf6fef9be2653873b1affb4d7
1775655772337,2026-04-08T13:42:52.337000+00:00,xyz:SILVER,A,76.329,261.87,Close Long,1294.711467,1.798944,0x828adbe85bfbdaec84040438ad5c7202053500cdf6fef9be2653873b1affb4d7
1775655772337,2026-04-08T13:42:52.337000+00:00,xyz:SILVER,A,76.329,26.18,Close Long,129.436538,0.179846,0x828adbe85bfbdaec84040438ad5c7202053500cdf6fef9be2653873b1affb4d7
1775655772337,2026-04-08T13:42:52.337000+00:00,xyz:SILVER,A,76.328,12.99,Close Long,64.210869,0.089235,0x828adbe85bfbdaec84040438ad5c7202053500cdf6fef9be2653873b1affb4d7
1775655772337,2026-04-08T13:42:52.337000+00:00,xyz:SILVER,A,76.328,106.19,Close Long,524.907789,0.729474,0x828adbe85bfbdaec84040438ad5c7202053500cdf6fef9be2653873b1affb4d7
1775655772337,2026-04-08T13:42:52.337000+00:00,xyz:SILVER,A,76.327,2.41,Close Long,11.910461,0.016555,0x828adbe85bfbdaec84040438ad5c7202053500cdf6fef9be2653873b1affb4d7
1775655772337,2026-04-08T13:42:52.337000+00:00,xyz:SILVER,A,76.327,26.2,Close Long,129.48302,0.179979,0x828adbe85bfbdaec84040438ad5c7202053500cdf6fef9be2653873b1affb4d7
1775655772337,2026-04-08T13:42:52.337000+00:00,xyz:SILVER,A,76.327,26.18,Close Long,129.384178,0.179841,0x828adbe85bfbdaec84040438ad5c7202053500cdf6fef9be2653873b1affb4d7
1775655772337,2026-04-08T13:42:52.337000+00:00,xyz:SILVER,A,76.325,823.27,Close Long,4067.036127,5.655247,0x828adbe85bfbdaec84040438ad5c7202053500cdf6fef9be2653873b1affb4d7
1775655772337,2026-04-08T13:42:52.337000+00:00,xyz:SILVER,A,76.325,26.18,Close Long,129.331818,0.179836,0x828adbe85bfbdaec84040438ad5c7202053500cdf6fef9be2653873b1affb4d7
1775655772337,2026-04-08T13:42:52.337000+00:00,xyz:SILVER,A,76.323,0.27,Close Long,1.333287,0.001854,0x828adbe85bfbdaec84040438ad5c7202053500cdf6fef9be2653873b1affb4d7
1775655772337,2026-04-08T13:42:52.337000+00:00,xyz:SILVER,A,76.322,13.0,Close Long,64.1823,0.089296,0x828adbe85bfbdaec84040438ad5c7202053500cdf6fef9be2653873b1affb4d7
1775655772337,2026-04-08T13:42:52.337000+00:00,xyz:SILVER,A,76.32,3.93,Close Long,19.394943,0.026994,0x828adbe85bfbdaec84040438ad5c7202053500cdf6fef9be2653873b1affb4d7
1775655772337,2026-04-08T13:42:52.337000+00:00,xyz:SILVER,A,76.319,6.55,Close Long,32.318355,0.04499,0x828adbe85bfbdaec84040438ad5c7202053500cdf6fef9be2653873b1affb4d7
1775655772337,2026-04-08T13:42:52.337000+00:00,xyz:SILVER,A,76.318,2.41,Close Long,11.888771,0.016553,0x828adbe85bfbdaec84040438ad5c7202053500cdf6fef9be2653873b1affb4d7
1775655772337,2026-04-08T13:42:52.337000+00:00,xyz:SILVER,A,76.318,101.88,Close Long,502.584228,0.699775,0x828adbe85bfbdaec84040438ad5c7202053500cdf6fef9be2653873b1affb4d7
1775655772337,2026-04-08T13:42:52.337000+00:00,xyz:SILVER,A,76.317,13.0,Close Long,64.1173,0.08929,0x828adbe85bfbdaec84040438ad5c7202053500cdf6fef9be2653873b1affb4d7
1775655772337,2026-04-08T13:42:52.337000+00:00,xyz:SILVER,A,76.317,261.86,Close Long,1291.519706,1.798593,0x828adbe85bfbdaec84040438ad5c7202053500cdf6fef9be2653873b1affb4d7
1775655772337,2026-04-08T13:42:52.337000+00:00,xyz:SILVER,A,76.316,39.31,Close Long,193.841541,0.269998,0x828adbe85bfbdaec84040438ad5c7202053500cdf6fef9be2653873b1affb4d7
1775655772337,2026-04-08T13:42:52.337000+00:00,xyz:SILVER,A,76.316,10.44,Close Long,51.480684,0.071706,0x828adbe85bfbdaec84040438ad5c7202053500cdf6fef9be2653873b1affb4d7
1775655772337,2026-04-08T13:42:52.337000+00:00,xyz:SILVER,A,76.315,8.64,Close Long,42.596064,0.059342,0x828adbe85bfbdaec84040438ad5c7202053500cdf6fef9be2653873b1affb4d7
1775655772337,2026-04-08T13:42:52.337000+00:00,xyz:SILVER,A,76.315,124.42,Close Long,613.403042,0.85456,0x828adbe85bfbdaec84040438ad5c7202053500cdf6fef9be2653873b1affb4d7
1775655772337,2026-04-08T13:42:52.337000+00:00,xyz:SILVER,A,76.313,13.0,Close Long,64.0653,0.089286,0x828adbe85bfbdaec84040438ad5c7202053500cdf6fef9be2653873b1affb4d7
1775655772337,2026-04-08T13:42:52.337000+00:00,xyz:SILVER,A,76.31,2.41,Close Long,11.869491,0.016551,0x828adbe85bfbdaec84040438ad5c7202053500cdf6fef9be2653873b1affb4d7
1775655772337,2026-04-08T13:42:52.337000+00:00,xyz:SILVER,A,76.309,1.31,Close Long,6.450571,0.008996,0x828adbe85bfbdaec84040438ad5c7202053500cdf6fef9be2653873b1affb4d7
1775655772337,2026-04-08T13:42:52.337000+00:00,xyz:SILVER,A,76.309,101.88,Close Long,501.667308,0.699692,0x828adbe85bfbdaec84040438ad5c7202053500cdf6fef9be2653873b1affb4d7
1775655772337,2026-04-08T13:42:52.337000+00:00,xyz:SILVER,A,76.308,13.0,Close Long,64.0003,0.08928,0x828adbe85bfbdaec84040438ad5c7202053500cdf6fef9be2653873b1affb4d7
1775655772337,2026-04-08T13:42:52.337000+00:00,xyz:SILVER,A,76.308,785.63,Close Long,3867.735053,5.395486,0x828adbe85bfbdaec84040438ad5c7202053500cdf6fef9be2653873b1affb4d7
1775655772337,2026-04-08T13:42:52.337000+00:00,xyz:SILVER,A,76.307,129.8,Close Long,638.88858,0.891418,0x828adbe85bfbdaec84040438ad5c7202053500cdf6fef9be2653873b1affb4d7
1775655772337,2026-04-08T13:42:52.337000+00:00,xyz:SILVER,A,76.306,1.31,Close Long,6.446641,0.008996,0x828adbe85bfbdaec84040438ad5c7202053500cdf6fef9be2653873b1affb4d7
1775655772337,2026-04-08T13:42:52.337000+00:00,xyz:SILVER,A,76.306,643.17,Close Long,3165.103887,4.416995,0x828adbe85bfbdaec84040438ad5c7202053500cdf6fef9be2653873b1affb4d7
1775658763169,2026-04-08T14:32:43.169000+00:00,BTC,A,71084.0,0.03481,Close Long,98.30344,1.113495,0x0bea55442a92e5a10d640438ae042e0103006d29c5960473afb30096e996bf8b
1775658763169,2026-04-08T14:32:43.169000+00:00,BTC,A,71084.0,0.69768,Close Long,1970.24832,22.317248,0x0bea55442a92e5a10d640438ae042e0103006d29c5960473afb30096e996bf8b
1775672319935,2026-04-08T18:18:39.935000+00:00,xyz:SILVER,B,74.9,667.55,Open Long,0.0,1.499984,0x501f7f578f05d7ad51990438b10826020d0a003d2a08f67ff3e82aaa4e09b197
1775674866269,2026-04-08T19:01:06.269000+00:00,xyz:SILVER,B,73.5,145.06,Open Long,0.0,0.319857,0x5ba6cac82f4b50665d200438b199220203c200adca4e6f38ff6f761aee4f2a50
1775674866452,2026-04-08T19:01:06.452000+00:00,xyz:SILVER,B,73.5,16.87,Open Long,0.0,0.037198,0x27ca52ba4e59443b29440438b19924020a51009fe95c630dcb92fe0d0d5d1e25
1775674866452,2026-04-08T19:01:06.452000+00:00,xyz:SILVER,B,73.5,50.51,Open Long,0.0,0.111374,0xda9dc95567ea86b6dc170438b19924020a52003b02eda5887e6674a826ee60a1
1775674866452,2026-04-08T19:01:06.452000+00:00,xyz:SILVER,B,73.5,36.37,Open Long,0.0,0.080195,0x4044b68b9b0d0bae41be0438b19924020a54007136002a80e40d61de5a00e598
1775674866452,2026-04-08T19:01:06.452000+00:00,xyz:SILVER,B,73.5,108.39,Open Long,0.0,0.238999,0xa5eba3c1ce2f90a5a7650438b19924020a5600a76922af7749b44f148d236a90
1775674866919,2026-04-08T19:01:06.919000+00:00,xyz:SILVER,B,73.5,110.93,Open Long,0.0,0.2446,0xa7ff3e15146f3373a9780438b1992b0203f700faaf6252454bc7e967d3630d5e
1775674870098,2026-04-08T19:01:10.098000+00:00,xyz:SILVER,B,73.5,11.45,Open Long,0.0,0.025247,0xd8cc7d6f70e3dc83da460438b1995902039900550be6fb557c9528c22fe7b66e
1775674966005,2026-04-08T19:02:46.005000+00:00,xyz:SILVER,B,73.676,27.14,Open Long,0.0,0.17996,0xf32517e954261b43f49e0438b19ecf02021f00ceef293a1696edc33c1329f52e
1775674966005,2026-04-08T19:02:46.005000+00:00,xyz:SILVER,B,73.677,2.87,Open Long,0.0,0.01903,0xf32517e954261b43f49e0438b19ecf02021f00ceef293a1696edc33c1329f52e
1775674966005,2026-04-08T19:02:46.005000+00:00,xyz:SILVER,B,73.678,27.14,Open Long,0.0,0.179965,0xf32517e954261b43f49e0438b19ecf02021f00ceef293a1696edc33c1329f52e
1775674966005,2026-04-08T19:02:46.005000+00:00,xyz:SILVER,B,73.68,0.27,Open Long,0.0,0.00179,0xf32517e954261b43f49e0438b19ecf02021f00ceef293a1696edc33c1329f52e
1775674966005,2026-04-08T19:02:46.005000+00:00,xyz:SILVER,B,73.68,20.0,Open Long,0.0,0.132624,0xf32517e954261b43f49e0438b19ecf02021f00ceef293a1696edc33c1329f52e
1775674966005,2026-04-08T19:02:46.005000+00:00,xyz:SILVER,B,73.68,15.38,Open Long,0.0,0.101987,0xf32517e954261b43f49e0438b19ecf02021f00ceef293a1696edc33c1329f52e
1775674966355,2026-04-08T19:02:46.355000+00:00,xyz:SILVER,B,73.68,21.37,Open Long,0.0,0.047236,0xe515e19c3e6aab05e68f0438b19ed402038a0081d96dc9d788de8ceefd6e84f0
1775674968096,2026-04-08T19:02:48.096000+00:00,xyz:SILVER,B,73.68,36.28,Open Long,0.0,0.080193,0x67f645c8c122b13669700438b19eee02029400ae5c25d0080bbef11b80268b21
1775674968096,2026-04-08T19:02:48.096000+00:00,xyz:SILVER,B,73.68,30.24,Open Long,0.0,0.066842,0x1ac9bc63dab3f3b21c430438b19eee020295004975b71284be9267b699b7cd9c
1775674968096,2026-04-08T19:02:48.096000+00:00,xyz:SILVER,B,73.68,44.18,Open Long,0.0,0.097655,0x8070a99a0dd678a981ea0438b19eee020297007fa8d9977b243954ecccda5294
1775674968096,2026-04-08T19:02:48.096000+00:00,xyz:SILVER,B,73.68,1132.35,Open Long,0.0,2.502946,0x334420352767bb2534bd0438b19eee020298001ac26ad9f7d70ccb87e66b950f
1775674975064,2026-04-08T19:02:55.064000+00:00,xyz:SILVER,B,73.6,22.85,Open Long,0.0,0.050452,0x14b4f8b86c805827162e0438b19f55020277009e078376f9b87da40b2b843211
1775674975981,2026-04-08T19:02:55.981000+00:00,xyz:SILVER,B,73.6,426.33,Open Long,0.0,0.941336,0x9b402a1996e21d169cb90438b19f610208d100ff31e53be83f08d56c55e5f701
1775674975981,2026-04-08T19:02:55.981000+00:00,xyz:SILVER,B,73.6,27.63,Open Long,0.0,0.061007,0xab3a874486763cc0acb40438b19f61020d32002a21795b924f033297457a16ab
1775674976746,2026-04-08T19:02:56.746000+00:00,xyz:SILVER,B,73.6,283.74,Open Long,0.0,0.626497,0x5e6740a3f93a1b255fe00438b19f6c0205c70089943d39f7022febf6b83df510
1775674976810,2026-04-08T19:02:56.810000+00:00,xyz:SILVER,B,73.6,598.14,Open Long,0.0,1.320693,0x0284c7b9da9db84703fe0438b19f6d020488009f7590d719a64d730c99919231
1775686329118,2026-04-08T22:12:09.118000+00:00,xyz:SILVER,A,73.896,27.06,Close Long,1.509948,0.179966,0xf2853557dc3235dcf3fe0438b42c7e02029d003d773554af964de0aa9b360fc7
1775686329118,2026-04-08T22:12:09.118000+00:00,xyz:SILVER,A,73.896,1.35,Close Long,0.07533,0.008978,0xf2853557dc3235dcf3fe0438b42c7e02029d003d773554af964de0aa9b360fc7
1775686329118,2026-04-08T22:12:09.118000+00:00,xyz:SILVER,A,73.894,1803.38,Close Long,97.021844,11.993306,0xf2853557dc3235dcf3fe0438b42c7e02029d003d773554af964de0aa9b360fc7
1775686329118,2026-04-08T22:12:09.118000+00:00,xyz:SILVER,A,73.894,27.06,Close Long,1.455828,0.179961,0xf2853557dc3235dcf3fe0438b42c7e02029d003d773554af964de0aa9b360fc7
1775686329118,2026-04-08T22:12:09.118000+00:00,xyz:SILVER,A,73.892,27.06,Close Long,1.401708,0.179956,0xf2853557dc3235dcf3fe0438b42c7e02029d003d773554af964de0aa9b360fc7
1775686329118,2026-04-08T22:12:09.118000+00:00,xyz:SILVER,A,73.892,0.14,Close Long,0.007252,0.000931,0xf2853557dc3235dcf3fe0438b42c7e02029d003d773554af964de0aa9b360fc7
1775686329118,2026-04-08T22:12:09.118000+00:00,xyz:SILVER,A,73.892,2.69,Close Long,0.139342,0.017889,0xf2853557dc3235dcf3fe0438b42c7e02029d003d773554af964de0aa9b360fc7
1775686329118,2026-04-08T22:12:09.118000+00:00,xyz:SILVER,A,73.891,2.69,Close Long,0.136652,0.017889,0xf2853557dc3235dcf3fe0438b42c7e02029d003d773554af964de0aa9b360fc7
1775686329118,2026-04-08T22:12:09.118000+00:00,xyz:SILVER,A,73.89,27.06,Close Long,1.347588,0.179951,0xf2853557dc3235dcf3fe0438b42c7e02029d003d773554af964de0aa9b360fc7
1775686329118,2026-04-08T22:12:09.118000+00:00,xyz:SILVER,A,73.889,411.38,Close Long,20.075344,2.735681,0xf2853557dc3235dcf3fe0438b42c7e02029d003d773554af964de0aa9b360fc7
1775686329118,2026-04-08T22:12:09.118000+00:00,xyz:SILVER,A,73.888,27.06,Close Long,1.293468,0.179946,0xf2853557dc3235dcf3fe0438b42c7e02029d003d773554af964de0aa9b360fc7
1775686329118,2026-04-08T22:12:09.118000+00:00,xyz:SILVER,A,73.887,182.41,Close Long,8.536788,1.212995,0xf2853557dc3235dcf3fe0438b42c7e02029d003d773554af964de0aa9b360fc7
1775686329118,2026-04-08T22:12:09.118000+00:00,xyz:SILVER,A,73.886,27.06,Close Long,1.239348,0.179941,0xf2853557dc3235dcf3fe0438b42c7e02029d003d773554af964de0aa9b360fc7
1775686329118,2026-04-08T22:12:09.118000+00:00,xyz:SILVER,A,73.884,27.06,Close Long,1.185228,0.179937,0xf2853557dc3235dcf3fe0438b42c7e02029d003d773554af964de0aa9b360fc7
1775686329118,2026-04-08T22:12:09.118000+00:00,xyz:SILVER,A,73.884,10.35,Close Long,0.45333,0.068822,0xf2853557dc3235dcf3fe0438b42c7e02029d003d773554af964de0aa9b360fc7
1775686329118,2026-04-08T22:12:09.118000+00:00,xyz:SILVER,A,73.883,1259.23,Close Long,53.895044,8.373212,0xf2853557dc3235dcf3fe0438b42c7e02029d003d773554af964de0aa9b360fc7
1775803113669,2026-04-10T06:38:33.669000+00:00,xyz:NATGAS,B,2.7427,1093.6,Open Long,0.0,0.269947,0xe6e9fe55b978435ce8630438ce543b020220003b547b622e8ab2a9a8787c1d47
1775803113669,2026-04-10T06:38:33.669000+00:00,xyz:NATGAS,B,2.7427,7292.0,Open Long,0.0,1.799979,0xe6e9fe55b978435ce8630438ce543b020220003b547b622e8ab2a9a8787c1d47
1775803114011,2026-04-10T06:38:34.011000+00:00,xyz:NATGAS,B,2.7427,331.2,Open Long,0.0,0.027251,0xc36f9b935efa5d41c4e90438ce544002055f0078f9fd7c13673846e61dfe372c
1775803114361,2026-04-10T06:38:34.361000+00:00,xyz:NATGAS,B,2.7427,332.1,Open Long,0.0,0.027325,0x600af96a69974b9461840438ce54450208c00050049a6a6603d3a4bd289b257f
1775803114767,2026-04-10T06:38:34.767000+00:00,xyz:NATGAS,B,2.7427,201.2,Open Long,0.0,0.016554,0x73e3dc68bf615779755d0438ce544b020287004e5a64764b17ac87bb7e653164
1775803114898,2026-04-10T06:38:34.898000+00:00,xyz:NATGAS,B,2.7427,103.4,Open Long,0.0,0.008507,0x919fb5d95c9a69e093190438ce544d02014800bef79d88b23568612c1b9e43cb
1775803124031,2026-04-10T06:38:44.031000+00:00,xyz:NATGAS,B,2.7427,91.0,Open Long,0.0,0.007487,0x602b0cffe035554261a40438ce54d00203c300e57b38741403f3b8529f392f2d
1775803124031,2026-04-10T06:38:44.031000+00:00,xyz:NATGAS,B,2.7427,4001.2,Open Long,0.0,0.329222,0x12fe839af9c697be14780438ce54d00203c4008094c9b690b6c72eedb8ca71a8
1775803124031,2026-04-10T06:38:44.031000+00:00,xyz:NATGAS,B,2.7427,419.8,Open Long,0.0,0.034541,0xc5d1fa361357da39c74b0438ce54d00203c5001bae5af90b699aa588d25bb424
1775803124031,2026-04-10T06:38:44.031000+00:00,xyz:NATGAS,B,2.7427,409.5,Open Long,0.0,0.033694,0x78a570d12ce91cb57a1f0438ce54d00203c600b6c7ec3b871c6e1c23ebecf6a0
1775803124031,2026-04-10T06:38:44.031000+00:00,xyz:NATGAS,B,2.7427,912.6,Open Long,0.0,0.075089,0x2b78e76c467a5f312cf20438ce54d00203c70051e17d7e03cf4192bf057e391b
1775803124031,2026-04-10T06:38:44.031000+00:00,xyz:NATGAS,B,2.7427,85.0,Open Long,0.0,0.006993,0xde4c5e07600ba1acdfc60438ce54d00203c800ecfb0ec07e8215095a1f0f7b97
1775803124031,2026-04-10T06:38:44.031000+00:00,xyz:NATGAS,B,2.7427,1373.5,Open Long,0.0,0.113012,0x911fd4a2799ce42892990438ce54d00203c90088149002fa34e87ff53890be13
1775803124031,2026-04-10T06:38:44.031000+00:00,xyz:NATGAS,B,2.7427,3841.7,Open Long,0.0,0.316098,0x43f34b3d932e26a4456d0438ce54d00203ca00232e214576e7bbf6905222008e
1775803124031,2026-04-10T06:38:44.031000+00:00,xyz:NATGAS,B,2.7427,256.6,Open Long,0.0,0.021113,0xf6c6c1d8acbf691ff8400438ce54d00203cb00be47b287f29a8f6d2b6bb3430a
1775803124095,2026-04-10T06:38:44.095000+00:00,xyz:NATGAS,B,2.7427,300.2,Open Long,0.0,0.0247,0xc4b55714bb3f1888c62f0438ce54d102032e00fa5632375a687e02677a32f273
1775803124095,2026-04-10T06:38:44.095000+00:00,xyz:NATGAS,B,2.7427,170.2,Open Long,0.0,0.014004,0x7788cdafd4c05b0479020438ce54d102032f00956fc379d61b51790293c434ef
1775803124095,2026-04-10T06:38:44.095000+00:00,xyz:NATGAS,B,2.7427,118.8,Open Long,0.0,0.009774,0x2a5c444aee519d802bd60438ce54d102033000308954bc52ce24ef9dad55776a
1775803124095,2026-04-10T06:38:44.095000+00:00,xyz:NATGAS,B,2.7427,522.9,Open Long,0.0,0.043024,0xdd2fbae607e2dffbdea90438ce54d102033100cba2e5fecd80f86638c6e6b9e6
1775803124095,2026-04-10T06:38:44.095000+00:00,xyz:NATGAS,B,2.7427,50.3,Open Long,0.0,0.004138,0x9003318121742277917c0438ce54d10203320066bc77414933cbdcd3e077fc62
1775803124095,2026-04-10T06:38:44.095000+00:00,xyz:NATGAS,B,2.7427,744.4,Open Long,0.0,0.061249,0x42d6a81c3b0564f344500438ce54d10203330001d60883c5e69f536efa093edd
1775803124095,2026-04-10T06:38:44.095000+00:00,xyz:NATGAS,B,2.7427,1348.1,Open Long,0.0,0.110923,0xf5aa1eb75496a76ef7230438ce54d1020334009cef99c6419972ca0a139a8159
1775803124095,2026-04-10T06:38:44.095000+00:00,xyz:NATGAS,B,2.7427,38.0,Open Long,0.0,0.003126,0xa87d95526e27e9eaa9f70438ce54d10203350038092b08bc4c4640a52d2bc3d5
1775803124095,2026-04-10T06:38:44.095000+00:00,xyz:NATGAS,B,2.7427,1093.8,Open Long,0.0,0.089998,0x5b510bed87b92c665cca0438ce54d102033600d322bc4b38ff19b74046bd0650
1775803124095,2026-04-10T06:38:44.095000+00:00,xyz:NATGAS,B,2.7427,145.7,Open Long,0.0,0.011988,0x73cb6fbed46cf3d975450438ce54d102033900a46f6012ab17941b119360cdc4
1775803124095,2026-04-10T06:38:44.095000+00:00,xyz:NATGAS,B,2.7427,458.5,Open Long,0.0,0.037725,0x269ee659edfe365528180438ce54d102033a003f88f15527ca6791acacf2103f
1775803124095,2026-04-10T06:38:44.095000+00:00,xyz:NATGAS,B,2.7427,98.3,Open Long,0.0,0.008088,0xd9725cf5078f78d0daec0438ce54d102033b00daa28297a27d3b0847c68352bb
1775803124095,2026-04-10T06:38:44.095000+00:00,xyz:NATGAS,B,2.7427,267.7,Open Long,0.0,0.022026,0x8c45d3902110bb4c8dbf0438ce54d102033c0075bc13da1e300e7ee2e0149537
1775803124095,2026-04-10T06:38:44.095000+00:00,xyz:NATGAS,B,2.7427,1005.4,Open Long,0.0,0.082725,0xf1ecc0c654334043f3660438ce54d102033e00abef365f1695b56c1913371a2e
1775803124095,2026-04-10T06:38:44.095000+00:00,xyz:NATGAS,B,2.7427,115.8,Open Long,0.0,0.009528,0xa4c037616dc482bfa6390438ce54d102033f004708c7a1914888e2b42cc85caa
1775803124095,2026-04-10T06:38:44.095000+00:00,xyz:NATGAS,B,2.7427,51.8,Open Long,0.0,0.004262,0xbd3a9b32ba784a32beb40438ce54d10203420018557b690461034685797c241d
1775803124095,2026-04-10T06:38:44.095000+00:00,xyz:NATGAS,B,2.7427,139.3,Open Long,0.0,0.011461,0x700e11cdd4098cae71870438ce54d102034300b36f0cab8013d6bd20930d6699
1775803124304,2026-04-10T06:38:44.304000+00:00,xyz:NATGAS,B,2.7427,138.4,Open Long,0.0,0.011387,0xe202706559da9a85e37c0438ce54d4020559004af4ddb95785cb1bb818de7470
1775803124304,2026-04-10T06:38:44.304000+00:00,xyz:NATGAS,B,2.7427,559.2,Open Long,0.0,0.046011,0x0710f79ff9a5de56088a0438ce54d402075e008594a8fd28aad9a2f2b8a9b840
1775803124304,2026-04-10T06:38:44.304000+00:00,xyz:NATGAS,B,2.7427,748.7,Open Long,0.0,0.061603,0xb9e46e3b133720d1bb5e0438ce54d402075f0020ae3a3fa35dad198dd23afabc
1775803124437,2026-04-10T06:38:44.437000+00:00,xyz:NATGAS,B,2.7427,124.6,Open Long,0.0,0.010252,0x3932d48b4ea3ff4e3aac0438ce54d60205a40070e9a71e20dcfb7fde0da7d938
1775803124437,2026-04-10T06:38:44.437000+00:00,xyz:NATGAS,B,2.7427,7475.9,Open Long,0.0,0.615124,0x51ad385c9b57c6c153260438ce54d60205a70042365ae593f575e3af5a5ba0ab
1775809455093,2026-04-10T08:24:15.093000+00:00,xyz:NATGAS,A,2.7453,43.5,Close Long,0.1131,0.010747,0x46695898dc1047e647e30438cfc105020268007e771366b8ea3203eb9b1421d0
1775809455093,2026-04-10T08:24:15.093000+00:00,xyz:NATGAS,A,2.7449,94.9,Close Long,0.20878,0.023444,0x46695898dc1047e647e30438cfc105020268007e771366b8ea3203eb9b1421d0
1775809455093,2026-04-10T08:24:15.093000+00:00,xyz:NATGAS,A,2.7447,18.2,Close Long,0.0364,0.004495,0x46695898dc1047e647e30438cfc105020268007e771366b8ea3203eb9b1421d0
1775809455093,2026-04-10T08:24:15.093000+00:00,xyz:NATGAS,A,2.7445,105.8,Close Long,0.19044,0.026133,0x46695898dc1047e647e30438cfc105020268007e771366b8ea3203eb9b1421d0
1775809455093,2026-04-10T08:24:15.093000+00:00,xyz:NATGAS,A,2.7445,700.0,Close Long,1.26,0.172903,0x46695898dc1047e647e30438cfc105020268007e771366b8ea3203eb9b1421d0
1775809455093,2026-04-10T08:24:15.093000+00:00,xyz:NATGAS,A,2.7444,1118.3,Close Long,1.90111,0.276215,0x46695898dc1047e647e30438cfc105020268007e771366b8ea3203eb9b1421d0
1775809455093,2026-04-10T08:24:15.093000+00:00,xyz:NATGAS,A,2.7444,1119.6,Close Long,1.90332,0.276536,0x46695898dc1047e647e30438cfc105020268007e771366b8ea3203eb9b1421d0
1775809455093,2026-04-10T08:24:15.093000+00:00,xyz:NATGAS,A,2.7444,700.0,Close Long,1.19,0.172897,0x46695898dc1047e647e30438cfc105020268007e771366b8ea3203eb9b1421d0
1775809455093,2026-04-10T08:24:15.093000+00:00,xyz:NATGAS,A,2.7443,2202.1,Close Long,3.52336,0.54389,0x46695898dc1047e647e30438cfc105020268007e771366b8ea3203eb9b1421d0
1775809455093,2026-04-10T08:24:15.093000+00:00,xyz:NATGAS,A,2.7443,43.5,Close Long,0.0696,0.010743,0x46695898dc1047e647e30438cfc105020268007e771366b8ea3203eb9b1421d0
1775809455093,2026-04-10T08:24:15.093000+00:00,xyz:NATGAS,A,2.7442,700.0,Close Long,1.05,0.172884,0x46695898dc1047e647e30438cfc105020268007e771366b8ea3203eb9b1421d0
1775809455093,2026-04-10T08:24:15.093000+00:00,xyz:NATGAS,A,2.7441,47.4,Close Long,0.06636,0.011706,0x46695898dc1047e647e30438cfc105020268007e771366b8ea3203eb9b1421d0
1775809455093,2026-04-10T08:24:15.093000+00:00,xyz:NATGAS,A,2.7441,21850.3,Close Long,30.59042,5.396346,0x46695898dc1047e647e30438cfc105020268007e771366b8ea3203eb9b1421d0
1775809455093,2026-04-10T08:24:15.093000+00:00,xyz:NATGAS,A,2.744,1338.2,Close Long,1.73966,0.330481,0x46695898dc1047e647e30438cfc105020268007e771366b8ea3203eb9b1421d0
1775809455093,2026-04-10T08:24:15.093000+00:00,xyz:NATGAS,A,2.744,1119.2,Close Long,1.45496,0.276397,0x46695898dc1047e647e30438cfc105020268007e771366b8ea3203eb9b1421d0
1775809455093,2026-04-10T08:24:15.093000+00:00,xyz:NATGAS,A,2.744,1119.1,Close Long,1.45483,0.276372,0x46695898dc1047e647e30438cfc105020268007e771366b8ea3203eb9b1421d0
1775809455093,2026-04-10T08:24:15.093000+00:00,xyz:NATGAS,A,2.744,1118.6,Close Long,1.45418,0.276249,0x46695898dc1047e647e30438cfc105020268007e771366b8ea3203eb9b1421d0
1775809455093,2026-04-10T08:24:15.093000+00:00,xyz:NATGAS,A,2.7437,92.3,Close Long,0.093223,0.022791,0x46695898dc1047e647e30438cfc105020268007e771366b8ea3203eb9b1421d0
1775809455093,2026-04-10T08:24:15.093000+00:00,xyz:NATGAS,A,2.7435,15.3,Close Long,0.012393,0.003777,0x46695898dc1047e647e30438cfc105020268007e771366b8ea3203eb9b1421d0
1775809455093,2026-04-10T08:24:15.093000+00:00,xyz:NATGAS,A,2.7433,430.7,Close Long,0.262727,0.106338,0x46695898dc1047e647e30438cfc105020268007e771366b8ea3203eb9b1421d0
1775809455093,2026-04-10T08:24:15.093000+00:00,xyz:NATGAS,A,2.7432,111.2,Close Long,0.056712,0.027453,0x46695898dc1047e647e30438cfc105020268007e771366b8ea3203eb9b1421d0
1775809455093,2026-04-10T08:24:15.093000+00:00,xyz:NATGAS,A,2.7432,47.4,Close Long,0.024174,0.011702,0x46695898dc1047e647e30438cfc105020268007e771366b8ea3203eb9b1421d0
1775809455093,2026-04-10T08:24:15.093000+00:00,xyz:NATGAS,A,2.7431,698.5,Close Long,0.286385,0.172444,0x46695898dc1047e647e30438cfc105020268007e771366b8ea3203eb9b1421d0
1775809455093,2026-04-10T08:24:15.093000+00:00,xyz:NATGAS,A,2.7431,1626.3,Close Long,0.666783,0.401499,0x46695898dc1047e647e30438cfc105020268007e771366b8ea3203eb9b1421d0
1775822672032,2026-04-10T12:04:32.032000+00:00,xyz:NATGAS,B,2.7155,480.9,Open Long,0.0,0.039176,0x0000000000000000000000000000000000000000000000000000000000000000
1775822687048,2026-04-10T12:04:47.048000+00:00,xyz:NATGAS,B,2.7155,2801.0,Open Long,0.0,0.228183,0x9a56ae00e8f67b5e9bd00438d2ba7f02018400e683f99a303e1f5953a7fa5549
1775822687318,2026-04-10T12:04:47.318000+00:00,xyz:NATGAS,B,2.7155,1903.5,Open Long,0.0,0.155068,0x9afd8902dad422a19c770438d2ba8302013e00e875d741733ec6345599d7fc8c
1775822688259,2026-04-10T12:04:48.259000+00:00,xyz:NATGAS,B,2.7155,1915.9,Open Long,0.0,0.156078,0xc5e5eb827f54ee2bc75f0438d2ba9102020000681a580cfd69ae96d53e58c816
1775822688259,2026-04-10T12:04:48.259000+00:00,xyz:NATGAS,B,2.7155,81.1,Open Long,0.0,0.006606,0x78b9621d98e630a77a330438d2ba91020201000333e94f791c820d7057ea0a92
1775822688259,2026-04-10T12:04:48.259000+00:00,xyz:NATGAS,B,2.7155,98.8,Open Long,0.0,0.008048,0x2b8cd8b8b27773232d060438d2ba91020202009e4d7a91f5cf55840b717b4d0d
1775822688259,2026-04-10T12:04:48.259000+00:00,xyz:NATGAS,B,2.7155,177.1,Open Long,0.0,0.014427,0xde604f53cc08b59edfda0438d2ba910202030039670bd4708228faa68b0c8f89
1775822688259,2026-04-10T12:04:48.259000+00:00,xyz:NATGAS,B,2.7155,147.6,Open Long,0.0,0.012024,0x9133c5eee599f81a92ad0438d2ba9102020400d4809d16ec34fc7141a49dd205
1775822688259,2026-04-10T12:04:48.259000+00:00,xyz:NATGAS,B,2.7155,139.5,Open Long,0.0,0.011364,0x44073c89ff2b3a9645800438d2ba91020205006f9a2e5968e7cfe7dcbe2f1480
1775822688259,2026-04-10T12:04:48.259000+00:00,xyz:NATGAS,B,2.7155,703.1,Open Long,0.0,0.057278,0xf6dab32518bc7d11f8540438d2ba91020206000ab3bf9be49aa35e77d7b056fc
1775822688259,2026-04-10T12:04:48.259000+00:00,xyz:NATGAS,B,2.7155,378.3,Open Long,0.0,0.030818,0xa9ae29c0324dbf8dab270438d2ba9102020700a5cd40de5f4d76d512f1419978
1775822688259,2026-04-10T12:04:48.259000+00:00,xyz:NATGAS,B,2.7155,29.2,Open Long,0.0,0.002378,0x5c81a05b4bdf02095dfb0438d2ba910202080040e6d220db004a4bae0ad2dbf4
1775822688259,2026-04-10T12:04:48.259000+00:00,xyz:NATGAS,B,2.7155,1219.6,Open Long,0.0,0.099354,0x0f5516f66560448510ce0438d2ba9102020900dc00636357b31dc24924641e6f
1775822688259,2026-04-10T12:04:48.259000+00:00,xyz:NATGAS,B,2.7155,89.5,Open Long,0.0,0.007291,0xc2288d917ef18700c3a20438d2ba9102020a007719f4a5d265f138e43df560eb
1775822688259,2026-04-10T12:04:48.259000+00:00,xyz:NATGAS,B,2.7155,40.1,Open Long,0.0,0.003266,0x74fc042c9882c97c76750438d2ba9102020b00123385e84e18c4af7f5786a367
1775822688321,2026-04-10T12:04:48.321000+00:00,xyz:NATGAS,B,2.7155,475.0,Open Long,0.0,0.038695,0xca39d417dd839e5fcbb30438d2ba9202011600fd7886bd316e027f6a9c87784a
1775822688321,2026-04-10T12:04:48.321000+00:00,xyz:NATGAS,B,2.7155,68.8,Open Long,0.0,0.005604,0x2fe0c14e10a62357315a0438d2ba920201180033aba94229d3a96ca0cfa9fd41
1775822688321,2026-04-10T12:04:48.321000+00:00,xyz:NATGAS,B,2.7155,54.7,Open Long,0.0,0.004456,0x9587ae8443c8a84e97010438d2ba9202011a0069decbc720395059d702cc8239
1775822688458,2026-04-10T12:04:48.458000+00:00,xyz:NATGAS,B,2.7155,157.9,Open Long,0.0,0.012863,0x97b9cafdbce12f8599330438d2ba9401f200e2e357e44e573b8276507be50970
1775822689397,2026-04-10T12:04:49.397000+00:00,xyz:NATGAS,B,2.7155,173.6,Open Long,0.0,0.014142,0xf841e01aed738be0f9bb0438d2baa302015800008876aab39c0a8b6dac7765cb
1775822689397,2026-04-10T12:04:49.397000+00:00,xyz:NATGAS,B,2.7155,693.7,Open Long,0.0,0.056512,0xab1556b60704ce5cac8f0438d2baa3020159009ba207ed2e4ede0208c608a847
1775822689397,2026-04-10T12:04:49.397000+00:00,xyz:NATGAS,B,2.7155,339.6,Open Long,0.0,0.027665,0x5de8cd51209610d85f620438d2baa302015a0036bb992faa01b178a3df99eac3
1775822689397,2026-04-10T12:04:49.397000+00:00,xyz:NATGAS,B,2.7155,47.0,Open Long,0.0,0.003828,0x10bc43ec3a27535412360438d2baa302015b00d1d52a7226b484ef3ef92b2d3e
1775822689397,2026-04-10T12:04:49.397000+00:00,xyz:NATGAS,B,2.7155,712.4,Open Long,0.0,0.058035,0xc38fba8753b895cfc5090438d2baa302015c006ceebbb4a1675865da12bc6fba
1775822689397,2026-04-10T12:04:49.397000+00:00,xyz:NATGAS,B,2.7155,685.6,Open Long,0.0,0.055852,0x766331226d49d84b77dc0438d2baa302015d0008084cf71d1a2bdc752c4db236
1775822689397,2026-04-10T12:04:49.397000+00:00,xyz:NATGAS,B,2.7155,668.2,Open Long,0.0,0.054434,0x2936a7bd86db1ac72ab00438d2baa302015e00a321de3999ccff531045def4b1
1775822689397,2026-04-10T12:04:49.397000+00:00,xyz:NATGAS,B,2.7155,484.3,Open Long,0.0,0.039453,0xdc0a1e58a06c5d42dd830438d2baa302015f003e3b6f7c147fd2c9ab5f60372d
1775822689397,2026-04-10T12:04:49.397000+00:00,xyz:NATGAS,B,2.7155,254.1,Open Long,0.0,0.0207,0x8edd94f3b9fd9fbe90570438d2baa302016000d954f0be9032a6404678f179a9
1775822689397,2026-04-10T12:04:49.397000+00:00,xyz:NATGAS,B,2.7155,973.6,Open Long,0.0,0.079314,0x41b10b8ed38ee23a432a0438d2baa302016100746e82010ce579b6e19282bc24
1775822689397,2026-04-10T12:04:49.397000+00:00,xyz:NATGAS,B,2.7155,85.3,Open Long,0.0,0.006948,0xf4848229ed1024b5f5fe0438d2baa3020162000f88134388984d2d7cac13fea0
1775822689397,2026-04-10T12:04:49.397000+00:00,xyz:NATGAS,B,2.7155,527.7,Open Long,0.0,0.042989,0xa757f8c506a16731a8d10438d2baa302016300aaa1a486034b20a417c5a5411c
1775822689397,2026-04-10T12:04:49.397000+00:00,xyz:NATGAS,B,2.7155,299.7,Open Long,0.0,0.024415,0x5a2b6f602032a9ad5ba50438d2baa30201640045bb35c87ffdf41ab2df368397
1775822689397,2026-04-10T12:04:49.397000+00:00,xyz:NATGAS,B,2.7155,91.8,Open Long,0.0,0.007478,0x0cfee5fb39c3ec290e780438d2baa302016500e0d4c70afbb0c7914df8c7c613
1775822689397,2026-04-10T12:04:49.397000+00:00,xyz:NATGAS,B,2.7155,1052.7,Open Long,0.0,0.085758,0xbfd25c9653552ea4c14c0438d2baa3020166007bee584d76639b07e91259088f
1775822689397,2026-04-10T12:04:49.397000+00:00,xyz:NATGAS,B,2.7155,478.1,Open Long,0.0,0.038948,0x72a5d3316ce67120741f0438d2baa3020167001707e98ff2166e7e842bea4b0b
1775822689397,2026-04-10T12:04:49.397000+00:00,xyz:NATGAS,B,2.7155,89.1,Open Long,0.0,0.007258,0x257949cc8677b39c26f30438d2baa302016800b2217ad26ec941f51f457b8d86
1775822689397,2026-04-10T12:04:49.397000+00:00,xyz:NATGAS,B,2.7155,9200.0,Open Long,0.0,0.749477,0x8b203702b99a38938c990438d2baa302016a00e8549d57652ee8e255789e127e
1775822689397,2026-04-10T12:04:49.397000+00:00,xyz:NATGAS,B,2.7155,700.0,Open Long,0.0,0.057025,0x3df3ad9dd32b7b0f3f6d0438d2baa302016b00836e2e99e1e1bc58f0922f54f9
1775822689397,2026-04-10T12:04:49.397000+00:00,xyz:NATGAS,B,2.7155,4053.0,Open Long,0.0,0.330177,0xf0c72438ecbcbd8af2400438d2baa302016c001e87bfdc5d948fcf8babb09775
1775822689397,2026-04-10T12:04:49.397000+00:00,xyz:NATGAS,B,2.7155,447.3,Open Long,0.0,0.036439,0xa39a9ad4064e0006a5140438d2baa302016d00b9a1411ed847634626c541d9f1
1775822689397,2026-04-10T12:04:49.397000+00:00,xyz:NATGAS,B,2.7155,3807.2,Open Long,0.0,0.310153,0x566e116f1fdf428257e70438d2baa302016e0054bad26154fa36bcc1ded31c6c
1775833218356,2026-04-10T15:00:18.356000+00:00,xyz:NATGAS,A,2.7494,11.3,Close Long,0.38307,0.002796,0x07ad46d773de75d309270438d5111302047e00bd0ed194a5ab75f22a32d24fbd
1775833218356,2026-04-10T15:00:18.356000+00:00,xyz:NATGAS,A,2.7493,36.3,Close Long,1.22694,0.008981,0x07ad46d773de75d309270438d5111302047e00bd0ed194a5ab75f22a32d24fbd
1775833218356,2026-04-10T15:00:18.356000+00:00,xyz:NATGAS,A,2.7489,42.5,Close Long,1.4195,0.010514,0x07ad46d773de75d309270438d5111302047e00bd0ed194a5ab75f22a32d24fbd
1775833218356,2026-04-10T15:00:18.356000+00:00,xyz:NATGAS,A,2.7489,154.3,Close Long,5.15362,0.038173,0x07ad46d773de75d309270438d5111302047e00bd0ed194a5ab75f22a32d24fbd
1775833218356,2026-04-10T15:00:18.356000+00:00,xyz:NATGAS,A,2.7484,882.0,Close Long,29.0178,0.218167,0x07ad46d773de75d309270438d5111302047e00bd0ed194a5ab75f22a32d24fbd
1775833218356,2026-04-10T15:00:18.356000+00:00,xyz:NATGAS,A,2.7484,21820.9,Close Long,717.90761,5.39753,0x07ad46d773de75d309270438d5111302047e00bd0ed194a5ab75f22a32d24fbd
1775833218356,2026-04-10T15:00:18.356000+00:00,xyz:NATGAS,A,2.7482,47.3,Close Long,1.54671,0.011699,0x07ad46d773de75d309270438d5111302047e00bd0ed194a5ab75f22a32d24fbd
1775833218356,2026-04-10T15:00:18.356000+00:00,xyz:NATGAS,A,2.7481,127.5,Close Long,4.1565,0.031534,0x07ad46d773de75d309270438d5111302047e00bd0ed194a5ab75f22a32d24fbd
1775833218356,2026-04-10T15:00:18.356000+00:00,xyz:NATGAS,A,2.748,15.3,Close Long,0.49725,0.003783,0x07ad46d773de75d309270438d5111302047e00bd0ed194a5ab75f22a32d24fbd
1775833218356,2026-04-10T15:00:18.356000+00:00,xyz:NATGAS,A,2.748,334.4,Close Long,10.868,0.082703,0x07ad46d773de75d309270438d5111302047e00bd0ed194a5ab75f22a32d24fbd
1775833218356,2026-04-10T15:00:18.356000+00:00,xyz:NATGAS,A,2.748,139.0,Close Long,4.5175,0.034377,0x07ad46d773de75d309270438d5111302047e00bd0ed194a5ab75f22a32d24fbd
1775833218356,2026-04-10T15:00:18.356000+00:00,xyz:NATGAS,A,2.7477,4.1,Close Long,0.13202,0.001013,0x07ad46d773de75d309270438d5111302047e00bd0ed194a5ab75f22a32d24fbd
1775833218356,2026-04-10T15:00:18.356000+00:00,xyz:NATGAS,A,2.7477,600.0,Close Long,19.32,0.148375,0x07ad46d773de75d309270438d5111302047e00bd0ed194a5ab75f22a32d24fbd
1775833218356,2026-04-10T15:00:18.356000+00:00,xyz:NATGAS,A,2.7476,145.5,Close Long,4.67055,0.035979,0x07ad46d773de75d309270438d5111302047e00bd0ed194a5ab75f22a32d24fbd
1775833218356,2026-04-10T15:00:18.356000+00:00,xyz:NATGAS,A,2.7476,177.2,Close Long,5.68812,0.043818,0x07ad46d773de75d309270438d5111302047e00bd0ed194a5ab75f22a32d24fbd
1775833218356,2026-04-10T15:00:18.356000+00:00,xyz:NATGAS,A,2.7476,600.0,Close Long,19.26,0.14837,0x07ad46d773de75d309270438d5111302047e00bd0ed194a5ab75f22a32d24fbd
1775833218356,2026-04-10T15:00:18.356000+00:00,xyz:NATGAS,A,2.7475,1118.9,Close Long,35.8048,0.276675,0x07ad46d773de75d309270438d5111302047e00bd0ed194a5ab75f22a32d24fbd
1775833218356,2026-04-10T15:00:18.356000+00:00,xyz:NATGAS,A,2.7475,1119.0,Close Long,35.808,0.2767,0x07ad46d773de75d309270438d5111302047e00bd0ed194a5ab75f22a32d24fbd
1775833218356,2026-04-10T15:00:18.356000+00:00,xyz:NATGAS,A,2.7475,2128.1,Close Long,68.0992,0.526225,0x07ad46d773de75d309270438d5111302047e00bd0ed194a5ab75f22a32d24fbd
1775833218356,2026-04-10T15:00:18.356000+00:00,xyz:NATGAS,A,2.7474,38.1,Close Long,1.21539,0.00942,0x07ad46d773de75d309270438d5111302047e00bd0ed194a5ab75f22a32d24fbd
1775833218356,2026-04-10T15:00:18.356000+00:00,xyz:NATGAS,A,2.7474,376.7,Close Long,12.01673,0.093145,0x07ad46d773de75d309270438d5111302047e00bd0ed194a5ab75f22a32d24fbd
1775833218356,2026-04-10T15:00:18.356000+00:00,xyz:NATGAS,A,2.7471,814.8,Close Long,25.74768,0.20145,0x07ad46d773de75d309270438d5111302047e00bd0ed194a5ab75f22a32d24fbd
1775833218356,2026-04-10T15:00:18.356000+00:00,xyz:NATGAS,A,2.7471,2126.4,Close Long,67.19424,0.525729,0x07ad46d773de75d309270438d5111302047e00bd0ed194a5ab75f22a32d24fbd
1775833218356,2026-04-10T15:00:18.356000+00:00,xyz:NATGAS,A,2.7468,1115.1,Close Long,34.90263,0.275666,0x07ad46d773de75d309270438d5111302047e00bd0ed194a5ab75f22a32d24fbd
1775833218356,2026-04-10T15:00:18.356000+00:00,xyz:NATGAS,A,2.7465,72.6,Close Long,2.2506,0.017945,0x07ad46d773de75d309270438d5111302047e00bd0ed194a5ab75f22a32d24fbd
1775833218356,2026-04-10T15:00:18.356000+00:00,xyz:NATGAS,A,2.7465,2778.3,Close Long,86.1273,0.686754,0x07ad46d773de75d309270438d5111302047e00bd0ed194a5ab75f22a32d24fbd
1776014361940,2026-04-12T17:19:21.940000+00:00,xyz:NATGAS,B,2.756,28810.8,Open Long,0.0,2.382076,0x9f0eb2c0b34ee4a4a0880438fdcd0301dd00caa64e42037642d75e137242be8f
1776016332137,2026-04-12T17:52:12.137000+00:00,BTC,B,71149.0,0.05417,Open Long,0.0,1.734363,0xe345b33a523d24dae4bf0438fe3e46020a15001fed3043ac870e5e8d1130fec5
1776016332137,2026-04-12T17:52:12.137000+00:00,BTC,B,71149.0,0.05387,Open Long,0.0,1.724758,0xe345b33a523d24dae4bf0438fe3e46020a15001fed3043ac870e5e8d1130fec5
1776016332137,2026-04-12T17:52:12.137000+00:00,BTC,B,71149.0,0.0976,Open Long,0.0,3.124864,0xe345b33a523d24dae4bf0438fe3e46020a15001fed3043ac870e5e8d1130fec5
1776016332137,2026-04-12T17:52:12.137000+00:00,BTC,B,71149.0,0.1367,Open Long,0.0,4.37673,0xe345b33a523d24dae4bf0438fe3e46020a15001fed3043ac870e5e8d1130fec5
1776016332137,2026-04-12T17:52:12.137000+00:00,BTC,B,71149.0,0.0976,Open Long,0.0,3.124864,0xe345b33a523d24dae4bf0438fe3e46020a15001fed3043ac870e5e8d1130fec5
1776016332137,2026-04-12T17:52:12.137000+00:00,BTC,B,71149.0,0.22393,Open Long,0.0,7.169578,0xe345b33a523d24dae4bf0438fe3e46020a15001fed3043ac870e5e8d1130fec5
1776016332137,2026-04-12T17:52:12.137000+00:00,BTC,B,71149.0,0.03882,Open Long,0.0,1.242901,0xe345b33a523d24dae4bf0438fe3e46020a15001fed3043ac870e5e8d1130fec5
1776016446574,2026-04-12T17:54:06.574000+00:00,xyz:SILVER,B,74.82,7.88,Open Long,0.0,0.053062,0x206cc03b72f55f9a21e60438fe44d702056c00210df87e6cc4356b8e31f93984
1776016447385,2026-04-12T17:54:07.385000+00:00,xyz:SILVER,B,74.821,13.84,Open Long,0.0,0.031065,0x3a05c3f93d924ea23b7f0438fe44e10203f400ded8956d74ddce6f4bfc96288c
1776016448259,2026-04-12T17:54:08.259000+00:00,xyz:SILVER,B,74.821,13.1,Open Long,0.0,0.029404,0xf426bb60487d2c3ff5a00438fe44ee0203d10045e3704b1297ef66b30771062a
1776016449189,2026-04-12T17:54:09.189000+00:00,xyz:SILVER,B,74.821,26.23,Open Long,0.0,0.058876,0xbd25b06489aa4c24be9f0438fe44fc020196004a24ad6af660ee5bb748ae260f
1776016449392,2026-04-12T17:54:09.392000+00:00,xyz:SILVER,B,74.821,28.67,Open Long,0.0,0.064353,0xf90bbe085447aae7fa850438fe44ff02048100edef4ac9ba9cd4695b134b84d2
1776016459721,2026-04-12T17:54:19.721000+00:00,xyz:SILVER,B,74.821,124.83,Open Long,0.0,0.280197,0xdcee9f49cdaf0b62de680438fe4599020205002f68a22a3480b74a9c8ca2e54d
1776016487880,2026-04-12T17:54:47.880000+00:00,xyz:SILVER,B,74.821,4.78,Open Long,0.0,0.010729,0x9aeb23310fe947639c640438fe473b02021f0016aaec66353eb3ce83ceed214e
1776016493915,2026-04-12T17:54:53.915000+00:00,xyz:SILVER,B,74.821,4.79,Open Long,0.0,0.010751,0x8a22832e4483fb428b9c0438fe47950202b70013df871a142deb2e810387d52d
1776016499950,2026-04-12T17:54:59.950000+00:00,xyz:SILVER,B,74.821,4.79,Open Long,0.0,0.010751,0xe9e1e7cf18e017e2eb5b0438fe47ef0202ab00b4b3e336b48daa9321d7e3f1cd
1776016501836,2026-04-12T17:55:01.836000+00:00,xyz:SILVER,B,74.821,0.26,Open Long,0.0,0.000583,0x132969b1c15f9cd114a30438fe480b02023e00975c52bba3b6f21504805376bb
1776016514309,2026-04-12T17:55:14.309000+00:00,xyz:SILVER,B,74.821,48.63,Open Long,0.0,0.109156,0xa2e7aa62c37fd568a4610438fe48bd0201b600485e72f43a46b055b58273af53
1776016529278,2026-04-12T17:55:29.278000+00:00,xyz:SILVER,B,74.821,0.66,Open Long,0.0,0.001481,0x17925a41f990e22e190c0438fe499a020257002794940100bb5b0594b894bc18
1776016758375,2026-04-12T17:59:18.375000+00:00,xyz:SILVER,B,74.821,28.4,Open Long,0.0,0.063747,0xc795c4afbf7d3da0c90f0438fe56e10201c200955a705c726b5e70027e71178b
1776016832342,2026-04-12T18:00:32.342000+00:00,xyz:SILVER,B,74.821,33.45,Open Long,0.0,0.075082,0x54e1d8955dde6c6a565b0438fe5b24020409007af8d18b3cf8aa83e81cd24654
1776016832342,2026-04-12T18:00:32.342000+00:00,xyz:SILVER,B,74.821,52.64,Open Long,0.0,0.118157,0x6d5c3c66aa8233dd6ed50438fe5b2402040c004c458552af1124e7b969860dc8
1776016833142,2026-04-12T18:00:33.142000+00:00,xyz:SILVER,B,74.821,52.06,Open Long,0.0,0.116855,0x5744e627932e0e4f58be0438fe5b2f0205af000d2e212d21fb0d917a5221e839
1776017915516,2026-04-12T18:18:35.516000+00:00,xyz:SILVER,B,74.821,19.5,Open Long,0.0,0.04377,0x0d8dc21d5da6b2ef0f070438fe999c0201b60002f8a9d1c1b1566d701caa8cd9
1776017915580,2026-04-12T18:18:35.580000+00:00,xyz:SILVER,B,74.821,200.0,Open Long,0.0,0.448925,0xc8c981a46a455e80ca430438fe999d02014b008a05487d526c922cf72949386b
1776017915853,2026-04-12T18:18:35.853000+00:00,xyz:SILVER,B,74.821,3.75,Open Long,0.0,0.008417,0x8676c419e9e1167487f00438fe99a102024100ff84e435462a3f6f6ca8e4f05f
1776029421271,2026-04-12T21:30:21.271000+00:00,xyz:NATGAS,A,2.766,3.8,Close Long,0.038,0.000945,0x5be93576a524ba735d620439013112020120005c4027d945ffb1e0c96428945d
1776029421271,2026-04-12T21:30:21.271000+00:00,xyz:NATGAS,A,2.766,254.0,Close Long,2.54,0.06323,0x5be93576a524ba735d620439013112020120005c4027d945ffb1e0c96428945d
1776029421271,2026-04-12T21:30:21.271000+00:00,xyz:NATGAS,A,2.7659,108.4,Close Long,1.07316,0.026984,0x5be93576a524ba735d620439013112020120005c4027d945ffb1e0c96428945d
1776029421271,2026-04-12T21:30:21.271000+00:00,xyz:NATGAS,A,2.7659,14.5,Close Long,0.14355,0.003609,0x5be93576a524ba735d620439013112020120005c4027d945ffb1e0c96428945d
1776029421271,2026-04-12T21:30:21.271000+00:00,xyz:NATGAS,A,2.7659,12.9,Close Long,0.12771,0.003211,0x5be93576a524ba735d620439013112020120005c4027d945ffb1e0c96428945d
1776029421271,2026-04-12T21:30:21.271000+00:00,xyz:NATGAS,A,2.7654,12.5,Close Long,0.1175,0.003111,0x5be93576a524ba735d620439013112020120005c4027d945ffb1e0c96428945d
1776029421271,2026-04-12T21:30:21.271000+00:00,xyz:NATGAS,A,2.7648,596.8,Close Long,5.25184,0.148502,0x5be93576a524ba735d620439013112020120005c4027d945ffb1e0c96428945d
1776029421271,2026-04-12T21:30:21.271000+00:00,xyz:NATGAS,A,2.7644,596.8,Close Long,5.01312,0.148481,0x5be93576a524ba735d620439013112020120005c4027d945ffb1e0c96428945d
1776029421271,2026-04-12T21:30:21.271000+00:00,xyz:NATGAS,A,2.764,596.8,Close Long,4.7744,0.148459,0x5be93576a524ba735d620439013112020120005c4027d945ffb1e0c96428945d
1776029421271,2026-04-12T21:30:21.271000+00:00,xyz:NATGAS,A,2.764,33.5,Close Long,0.268,0.008333,0x5be93576a524ba735d620439013112020120005c4027d945ffb1e0c96428945d
1776029421271,2026-04-12T21:30:21.271000+00:00,xyz:NATGAS,A,2.7636,596.8,Close Long,4.53568,0.148438,0x5be93576a524ba735d620439013112020120005c4027d945ffb1e0c96428945d
1776029421271,2026-04-12T21:30:21.271000+00:00,xyz:NATGAS,A,2.7636,73.2,Close Long,0.55632,0.018206,0x5be93576a524ba735d620439013112020120005c4027d945ffb1e0c96428945d
1776029421271,2026-04-12T21:30:21.271000+00:00,xyz:NATGAS,A,2.7633,50.0,Close Long,0.365,0.012434,0x5be93576a524ba735d620439013112020120005c4027d945ffb1e0c96428945d
1776029421271,2026-04-12T21:30:21.271000+00:00,xyz:NATGAS,A,2.7632,596.8,Close Long,4.29696,0.148416,0x5be93576a524ba735d620439013112020120005c4027d945ffb1e0c96428945d
1776029421271,2026-04-12T21:30:21.271000+00:00,xyz:NATGAS,A,2.7632,50.3,Close Long,0.36216,0.012509,0x5be93576a524ba735d620439013112020120005c4027d945ffb1e0c96428945d
1776029421271,2026-04-12T21:30:21.271000+00:00,xyz:NATGAS,A,2.7632,50.0,Close Long,0.36,0.012434,0x5be93576a524ba735d620439013112020120005c4027d945ffb1e0c96428945d
1776029421271,2026-04-12T21:30:21.271000+00:00,xyz:NATGAS,A,2.7631,38.4,Close Long,0.27264,0.009549,0x5be93576a524ba735d620439013112020120005c4027d945ffb1e0c96428945d
1776029421271,2026-04-12T21:30:21.271000+00:00,xyz:NATGAS,A,2.7631,683.9,Close Long,4.85569,0.170071,0x5be93576a524ba735d620439013112020120005c4027d945ffb1e0c96428945d
1776029421271,2026-04-12T21:30:21.271000+00:00,xyz:NATGAS,A,2.7629,72.9,Close Long,0.50301,0.018127,0x5be93576a524ba735d620439013112020120005c4027d945ffb1e0c96428945d
1776029421271,2026-04-12T21:30:21.271000+00:00,xyz:NATGAS,A,2.7628,596.8,Close Long,4.05824,0.148395,0x5be93576a524ba735d620439013112020120005c4027d945ffb1e0c96428945d
1776029421271,2026-04-12T21:30:21.271000+00:00,xyz:NATGAS,A,2.7626,50.0,Close Long,0.33,0.012431,0x5be93576a524ba735d620439013112020120005c4027d945ffb1e0c96428945d
1776029421271,2026-04-12T21:30:21.271000+00:00,xyz:NATGAS,A,2.7625,172.0,Close Long,1.118,0.042763,0x5be93576a524ba735d620439013112020120005c4027d945ffb1e0c96428945d
1776029421271,2026-04-12T21:30:21.271000+00:00,xyz:NATGAS,A,2.7624,596.8,Close Long,3.81952,0.148374,0x5be93576a524ba735d620439013112020120005c4027d945ffb1e0c96428945d
1776029421271,2026-04-12T21:30:21.271000+00:00,xyz:NATGAS,A,2.7622,50.0,Close Long,0.31,0.012429,0x5be93576a524ba735d620439013112020120005c4027d945ffb1e0c96428945d
1776029421271,2026-04-12T21:30:21.271000+00:00,xyz:NATGAS,A,2.7621,348.6,Close Long,2.12646,0.086658,0x5be93576a524ba735d620439013112020120005c4027d945ffb1e0c96428945d
1776029421271,2026-04-12T21:30:21.271000+00:00,xyz:NATGAS,A,2.7621,50.0,Close Long,0.305,0.012429,0x5be93576a524ba735d620439013112020120005c4027d945ffb1e0c96428945d
1776029421271,2026-04-12T21:30:21.271000+00:00,xyz:NATGAS,A,2.762,15.0,Close Long,0.09,0.003728,0x5be93576a524ba735d620439013112020120005c4027d945ffb1e0c96428945d
1776029421271,2026-04-12T21:30:21.271000+00:00,xyz:NATGAS,A,2.762,596.8,Close Long,3.5808,0.148352,0x5be93576a524ba735d620439013112020120005c4027d945ffb1e0c96428945d
1776029421271,2026-04-12T21:30:21.271000+00:00,xyz:NATGAS,A,2.762,83.8,Close Long,0.5028,0.020831,0x5be93576a524ba735d620439013112020120005c4027d945ffb1e0c96428945d
1776029421271,2026-04-12T21:30:21.271000+00:00,xyz:NATGAS,A,2.7616,596.8,Close Long,3.34208,0.148331,0x5be93576a524ba735d620439013112020120005c4027d945ffb1e0c96428945d
1776029421271,2026-04-12T21:30:21.271000+00:00,xyz:NATGAS,A,2.7615,15.2,Close Long,0.0836,0.003777,0x5be93576a524ba735d620439013112020120005c4027d945ffb1e0c96428945d
1776029421271,2026-04-12T21:30:21.271000+00:00,xyz:NATGAS,A,2.7613,36.2,Close Long,0.19186,0.008996,0x5be93576a524ba735d620439013112020120005c4027d945ffb1e0c96428945d
1776029421271,2026-04-12T21:30:21.271000+00:00,xyz:NATGAS,A,2.7612,596.8,Close Long,3.10336,0.148309,0x5be93576a524ba735d620439013112020120005c4027d945ffb1e0c96428945d
1776029421271,2026-04-12T21:30:21.271000+00:00,xyz:NATGAS,A,2.7612,512.1,Close Long,2.66292,0.12726,0x5be93576a524ba735d620439013112020120005c4027d945ffb1e0c96428945d
1776029421271,2026-04-12T21:30:21.271000+00:00,xyz:NATGAS,A,2.7608,596.8,Close Long,2.86464,0.148288,0x5be93576a524ba735d620439013112020120005c4027d945ffb1e0c96428945d
1776029421271,2026-04-12T21:30:21.271000+00:00,xyz:NATGAS,A,2.7608,1162.0,Close Long,5.5776,0.288724,0x5be93576a524ba735d620439013112020120005c4027d945ffb1e0c96428945d
1776029421271,2026-04-12T21:30:21.271000+00:00,xyz:NATGAS,A,2.7608,72.3,Close Long,0.34704,0.017964,0x5be93576a524ba735d620439013112020120005c4027d945ffb1e0c96428945d
1776029421271,2026-04-12T21:30:21.271000+00:00,xyz:NATGAS,A,2.7605,406.8,Close Long,1.8306,0.101067,0x5be93576a524ba735d620439013112020120005c4027d945ffb1e0c96428945d
1776029421271,2026-04-12T21:30:21.271000+00:00,xyz:NATGAS,A,2.7604,596.8,Close Long,2.62592,0.148266,0x5be93576a524ba735d620439013112020120005c4027d945ffb1e0c96428945d
1776029421271,2026-04-12T21:30:21.271000+00:00,xyz:NATGAS,A,2.7604,37.9,Close Long,0.16676,0.009415,0x5be93576a524ba735d620439013112020120005c4027d945ffb1e0c96428945d
1776029421271,2026-04-12T21:30:21.271000+00:00,xyz:NATGAS,A,2.7601,40.4,Close Long,0.16564,0.010035,0x5be93576a524ba735d620439013112020120005c4027d945ffb1e0c96428945d
1776029421271,2026-04-12T21:30:21.271000+00:00,xyz:NATGAS,A,2.7601,808.6,Close Long,3.31526,0.200863,0x5be93576a524ba735d620439013112020120005c4027d945ffb1e0c96428945d
1776029421271,2026-04-12T21:30:21.271000+00:00,xyz:NATGAS,A,2.7601,467.0,Close Long,1.9147,0.116007,0x5be93576a524ba735d620439013112020120005c4027d945ffb1e0c96428945d
1776029421271,2026-04-12T21:30:21.271000+00:00,xyz:NATGAS,A,2.76,15.0,Close Long,0.06,0.003726,0x5be93576a524ba735d620439013112020120005c4027d945ffb1e0c96428945d
1776029421271,2026-04-12T21:30:21.271000+00:00,xyz:NATGAS,A,2.76,1100.0,Close Long,4.4,0.27324,0x5be93576a524ba735d620439013112020120005c4027d945ffb1e0c96428945d
1776029421271,2026-04-12T21:30:21.271000+00:00,xyz:NATGAS,A,2.76,596.8,Close Long,2.3872,0.148245,0x5be93576a524ba735d620439013112020120005c4027d945ffb1e0c96428945d
1776029421271,2026-04-12T21:30:21.271000+00:00,xyz:NATGAS,A,2.7599,36.2,Close Long,0.14118,0.008991,0x5be93576a524ba735d620439013112020120005c4027d945ffb1e0c96428945d
1776029421271,2026-04-12T21:30:21.271000+00:00,xyz:NATGAS,A,2.7596,596.8,Close Long,2.14848,0.148223,0x5be93576a524ba735d620439013112020120005c4027d945ffb1e0c96428945d
1776029421271,2026-04-12T21:30:21.271000+00:00,xyz:NATGAS,A,2.7593,4.0,Close Long,0.0132,0.000993,0x5be93576a524ba735d620439013112020120005c4027d945ffb1e0c96428945d
1776029421271,2026-04-12T21:30:21.271000+00:00,xyz:NATGAS,A,2.7592,596.8,Close Long,1.90976,0.148202,0x5be93576a524ba735d620439013112020120005c4027d945ffb1e0c96428945d
1776029421271,2026-04-12T21:30:21.271000+00:00,xyz:NATGAS,A,2.7591,407.4,Close Long,1.26294,0.101165,0x5be93576a524ba735d620439013112020120005c4027d945ffb1e0c96428945d
1776029421271,2026-04-12T21:30:21.271000+00:00,xyz:NATGAS,A,2.7588,596.8,Close Long,1.67104,0.14818,0x5be93576a524ba735d620439013112020120005c4027d945ffb1e0c96428945d
1776029421271,2026-04-12T21:30:21.271000+00:00,xyz:NATGAS,A,2.7587,36.2,Close Long,0.09774,0.008987,0x5be93576a524ba735d620439013112020120005c4027d945ffb1e0c96428945d
1776029421271,2026-04-12T21:30:21.271000+00:00,xyz:NATGAS,A,2.7587,583.4,Close Long,1.57518,0.144848,0x5be93576a524ba735d620439013112020120005c4027d945ffb1e0c96428945d
1776029421271,2026-04-12T21:30:21.271000+00:00,xyz:NATGAS,A,2.7585,11.5,Close Long,0.02875,0.002855,0x5be93576a524ba735d620439013112020120005c4027d945ffb1e0c96428945d
1776029421271,2026-04-12T21:30:21.271000+00:00,xyz:NATGAS,A,2.7584,596.8,Close Long,1.43232,0.148159,0x5be93576a524ba735d620439013112020120005c4027d945ffb1e0c96428945d
1776029421271,2026-04-12T21:30:21.271000+00:00,xyz:NATGAS,A,2.7583,72.3,Close Long,0.16629,0.017948,0x5be93576a524ba735d620439013112020120005c4027d945ffb1e0c96428945d
1776029421271,2026-04-12T21:30:21.271000+00:00,xyz:NATGAS,A,2.758,596.8,Close Long,1.1936,0.148137,0x5be93576a524ba735d620439013112020120005c4027d945ffb1e0c96428945d
1776029421271,2026-04-12T21:30:21.271000+00:00,xyz:NATGAS,A,2.7576,596.8,Close Long,0.95488,0.148116,0x5be93576a524ba735d620439013112020120005c4027d945ffb1e0c96428945d
1776029421271,2026-04-12T21:30:21.271000+00:00,xyz:NATGAS,A,2.7573,867.0,Close Long,1.1271,0.215152,0x5be93576a524ba735d620439013112020120005c4027d945ffb1e0c96428945d
1776029421271,2026-04-12T21:30:21.271000+00:00,xyz:NATGAS,A,2.7572,596.8,Close Long,0.71616,0.148094,0x5be93576a524ba735d620439013112020120005c4027d945ffb1e0c96428945d
1776029421271,2026-04-12T21:30:21.271000+00:00,xyz:NATGAS,A,2.7572,42.3,Close Long,0.05076,0.010496,0x5be93576a524ba735d620439013112020120005c4027d945ffb1e0c96428945d
1776029421271,2026-04-12T21:30:21.271000+00:00,xyz:NATGAS,A,2.7568,36.2,Close Long,0.02896,0.008981,0x5be93576a524ba735d620439013112020120005c4027d945ffb1e0c96428945d
1776029421271,2026-04-12T21:30:21.271000+00:00,xyz:NATGAS,A,2.7568,596.8,Close Long,0.47744,0.148073,0x5be93576a524ba735d620439013112020120005c4027d945ffb1e0c96428945d
1776029421271,2026-04-12T21:30:21.271000+00:00,xyz:NATGAS,A,2.7565,60.7,Close Long,0.03035,0.015058,0x5be93576a524ba735d620439013112020120005c4027d945ffb1e0c96428945d
1776029421271,2026-04-12T21:30:21.271000+00:00,xyz:NATGAS,A,2.7564,596.8,Close Long,0.23872,0.148051,0x5be93576a524ba735d620439013112020120005c4027d945ffb1e0c96428945d
1776029421271,2026-04-12T21:30:21.271000+00:00,xyz:NATGAS,A,2.7561,36.2,Close Long,0.00362,0.008979,0x5be93576a524ba735d620439013112020120005c4027d945ffb1e0c96428945d
1776029421271,2026-04-12T21:30:21.271000+00:00,xyz:NATGAS,A,2.756,596.8,Close Long,0.0,0.14803,0x5be93576a524ba735d620439013112020120005c4027d945ffb1e0c96428945d
1776029421271,2026-04-12T21:30:21.271000+00:00,xyz:NATGAS,A,2.7558,72.3,Close Long,-0.013737,0.017931,0x5be93576a524ba735d620439013112020120005c4027d945ffb1e0c96428945d
1776029421271,2026-04-12T21:30:21.271000+00:00,xyz:NATGAS,A,2.7556,596.8,Close Long,-0.232752,0.148008,0x5be93576a524ba735d620439013112020120005c4027d945ffb1e0c96428945d
1776029421271,2026-04-12T21:30:21.271000+00:00,xyz:NATGAS,A,2.7552,596.8,Close Long,-0.471472,0.147987,0x5be93576a524ba735d620439013112020120005c4027d945ffb1e0c96428945d
1776029421271,2026-04-12T21:30:21.271000+00:00,xyz:NATGAS,A,2.7547,596.8,Close Long,-0.769872,0.14796,0x5be93576a524ba735d620439013112020120005c4027d945ffb1e0c96428945d
1776029421271,2026-04-12T21:30:21.271000+00:00,xyz:NATGAS,A,2.7543,596.8,Close Long,-1.008592,0.147938,0x5be93576a524ba735d620439013112020120005c4027d945ffb1e0c96428945d
1776029421271,2026-04-12T21:30:21.271000+00:00,xyz:NATGAS,A,2.7542,44.2,Close Long,-0.079118,0.010956,0x5be93576a524ba735d620439013112020120005c4027d945ffb1e0c96428945d
1776029421271,2026-04-12T21:30:21.271000+00:00,xyz:NATGAS,A,2.7539,596.8,Close Long,-1.247312,0.147917,0x5be93576a524ba735d620439013112020120005c4027d945ffb1e0c96428945d
1776029421271,2026-04-12T21:30:21.271000+00:00,xyz:NATGAS,A,2.7535,596.8,Close Long,-1.486032,0.147895,0x5be93576a524ba735d620439013112020120005c4027d945ffb1e0c96428945d
1776029421271,2026-04-12T21:30:21.271000+00:00,xyz:NATGAS,A,2.7535,2079.5,Close Long,-5.177955,0.515331,0x5be93576a524ba735d620439013112020120005c4027d945ffb1e0c96428945d
1776029421271,2026-04-12T21:30:21.271000+00:00,xyz:NATGAS,A,2.7533,72.3,Close Long,-0.194487,0.017915,0x5be93576a524ba735d620439013112020120005c4027d945ffb1e0c96428945d
1776029421271,2026-04-12T21:30:21.271000+00:00,xyz:NATGAS,A,2.7531,140.7,Close Long,-0.406623,0.034862,0x5be93576a524ba735d620439013112020120005c4027d945ffb1e0c96428945d
1776031212065,2026-04-12T22:00:12.065000+00:00,xyz:SILVER,B,74.0,12.11,Open Long,0.0,0.026884,0xab2df96ac215ce37aca7043901986602092300505d18ed094ef6a4bd8119a822
1776031212065,2026-04-12T22:00:12.065000+00:00,xyz:SILVER,B,74.0,1339.24,Open Long,0.0,2.973112,0x72be75e627f770fb7438043901986602093100cbc2fa8fcd16872138e6fb4ae6
1776032610372,2026-04-12T22:23:30.372000+00:00,xyz:SILVER,B,73.0,144.96,Open Long,0.0,0.317462,0xff691d2fc15f02ef00e2043901e73c02088900155c5221c2a331c8828052dcda
1776032610496,2026-04-12T22:23:30.496000+00:00,xyz:SILVER,B,73.0,359.69,Open Long,0.0,0.787721,0x3857b131ee1d4ed039d1043901e73e0205ab001789106da2dc205c84ad1128ba
1776032610560,2026-04-12T22:23:30.560000+00:00,xyz:SILVER,B,73.0,14.16,Open Long,0.0,0.03101,0x59e88484264094ee5b62043901e73f0203610069c143b3c0fdb12fd6e5446ed8
1776032610700,2026-04-12T22:23:30.700000+00:00,xyz:SILVER,B,73.0,166.12,Open Long,0.0,0.363802,0xde4fcb34765058d5dfc9043901e741020f80001a115377a782187687355432c0
1776071349130,2026-04-13T09:09:09.130000+00:00,xyz:SILVER,A,74.3,1744.11,Close Long,611.136144,11.662863,0x30dd43f82f0d2660325704390a943e0192005bddca004532d4a5ef4aee01004a
1776071349130,2026-04-13T09:09:09.130000+00:00,xyz:SILVER,A,74.298,0.26,Close Long,0.090584,0.001738,0x30dd43f82f0d2660325704390a943e0192005bddca004532d4a5ef4aee01004a
1776071349130,2026-04-13T09:09:09.130000+00:00,xyz:SILVER,A,74.293,26.91,Close Long,9.240894,0.17993,0x30dd43f82f0d2660325704390a943e0192005bddca004532d4a5ef4aee01004a
1776071349130,2026-04-13T09:09:09.130000+00:00,xyz:SILVER,A,74.292,0.26,Close Long,0.089024,0.001738,0x30dd43f82f0d2660325704390a943e0192005bddca004532d4a5ef4aee01004a
1776071349130,2026-04-13T09:09:09.130000+00:00,xyz:SILVER,A,74.291,513.98,Close Long,175.472772,3.436567,0x30dd43f82f0d2660325704390a943e0192005bddca004532d4a5ef4aee01004a
1776071349130,2026-04-13T09:09:09.130000+00:00,xyz:SILVER,A,74.291,26.91,Close Long,9.187074,0.179925,0x30dd43f82f0d2660325704390a943e0192005bddca004532d4a5ef4aee01004a
1776071349130,2026-04-13T09:09:09.130000+00:00,xyz:SILVER,A,74.29,2.67,Close Long,0.908868,0.017851,0x30dd43f82f0d2660325704390a943e0192005bddca004532d4a5ef4aee01004a
1776071349130,2026-04-13T09:09:09.130000+00:00,xyz:SILVER,A,74.289,8.76,Close Long,2.973144,0.058569,0x30dd43f82f0d2660325704390a943e0192005bddca004532d4a5ef4aee01004a
1776071349130,2026-04-13T09:09:09.130000+00:00,xyz:SILVER,A,74.289,26.91,Close Long,9.133254,0.17992,0x30dd43f82f0d2660325704390a943e0192005bddca004532d4a5ef4aee01004a
1776071349130,2026-04-13T09:09:09.130000+00:00,xyz:SILVER,A,74.288,76.56,Close Long,25.907904,0.511874,0x30dd43f82f0d2660325704390a943e0192005bddca004532d4a5ef4aee01004a
1776071349130,2026-04-13T09:09:09.130000+00:00,xyz:SILVER,A,74.287,277.21,Close Long,93.530654,1.853378,0x30dd43f82f0d2660325704390a943e0192005bddca004532d4a5ef4aee01004a
1776073234171,2026-04-13T09:40:34.171000+00:00,xyz:SILVER,B,74.337,3.36,Open Long,0.0,0.022479,0x3c5b57adefc52a853dd504390b00100201e400938ac84957e0240300aec9046f
1776073234171,2026-04-13T09:40:34.171000+00:00,xyz:SILVER,B,74.348,1.34,Open Long,0.0,0.008966,0x3c5b57adefc52a853dd504390b00100201e400938ac84957e0240300aec9046f
1776073234171,2026-04-13T09:40:34.171000+00:00,xyz:SILVER,B,74.348,0.26,Open Long,0.0,0.001739,0x3c5b57adefc52a853dd504390b00100201e400938ac84957e0240300aec9046f
1776073234171,2026-04-13T09:40:34.171000+00:00,xyz:SILVER,B,74.348,20.0,Open Long,0.0,0.133826,0x3c5b57adefc52a853dd504390b00100201e400938ac84957e0240300aec9046f
1776073234171,2026-04-13T09:40:34.171000+00:00,xyz:SILVER,B,74.349,26.9,Open Long,0.0,0.179998,0x3c5b57adefc52a853dd504390b00100201e400938ac84957e0240300aec9046f
1776073234171,2026-04-13T09:40:34.171000+00:00,xyz:SILVER,B,74.35,1.34,Open Long,0.0,0.008966,0x3c5b57adefc52a853dd504390b00100201e400938ac84957e0240300aec9046f
1776073234171,2026-04-13T09:40:34.171000+00:00,xyz:SILVER,B,74.35,0.14,Open Long,0.0,0.000936,0x3c5b57adefc52a853dd504390b00100201e400938ac84957e0240300aec9046f
1776073234171,2026-04-13T09:40:34.171000+00:00,xyz:SILVER,B,74.351,0.14,Open Long,0.0,0.000936,0x3c5b57adefc52a853dd504390b00100201e400938ac84957e0240300aec9046f
1776073234171,2026-04-13T09:40:34.171000+00:00,xyz:SILVER,B,74.351,26.9,Open Long,0.0,0.180003,0x3c5b57adefc52a853dd504390b00100201e400938ac84957e0240300aec9046f
1776073234171,2026-04-13T09:40:34.171000+00:00,xyz:SILVER,B,74.353,26.9,Open Long,0.0,0.180008,0x3c5b57adefc52a853dd504390b00100201e400938ac84957e0240300aec9046f
1776073234171,2026-04-13T09:40:34.171000+00:00,xyz:SILVER,B,74.354,39.27,Open Long,0.0,0.262789,0x3c5b57adefc52a853dd504390b00100201e400938ac84957e0240300aec9046f
1776073234171,2026-04-13T09:40:34.171000+00:00,xyz:SILVER,B,74.355,26.9,Open Long,0.0,0.180013,0x3c5b57adefc52a853dd504390b00100201e400938ac84957e0240300aec9046f
1776073234171,2026-04-13T09:40:34.171000+00:00,xyz:SILVER,B,74.356,3.37,Open Long,0.0,0.022552,0x3c5b57adefc52a853dd504390b00100201e400938ac84957e0240300aec9046f
1776073234171,2026-04-13T09:40:34.171000+00:00,xyz:SILVER,B,74.356,13.44,Open Long,0.0,0.089941,0x3c5b57adefc52a853dd504390b00100201e400938ac84957e0240300aec9046f
1776073234171,2026-04-13T09:40:34.171000+00:00,xyz:SILVER,B,74.356,422.7,Open Long,0.0,2.828725,0x3c5b57adefc52a853dd504390b00100201e400938ac84957e0240300aec9046f
1776073234171,2026-04-13T09:40:34.171000+00:00,xyz:SILVER,B,74.357,26.6,Open Long,0.0,0.17801,0x3c5b57adefc52a853dd504390b00100201e400938ac84957e0240300aec9046f
1776073234171,2026-04-13T09:40:34.171000+00:00,xyz:SILVER,B,74.357,201.52,Open Long,0.0,1.348598,0x3c5b57adefc52a853dd504390b00100201e400938ac84957e0240300aec9046f
1776073234171,2026-04-13T09:40:34.171000+00:00,xyz:SILVER,B,74.358,26.89,Open Long,0.0,0.179953,0x3c5b57adefc52a853dd504390b00100201e400938ac84957e0240300aec9046f
1776073234171,2026-04-13T09:40:34.171000+00:00,xyz:SILVER,B,74.358,20.0,Open Long,0.0,0.133844,0x3c5b57adefc52a853dd504390b00100201e400938ac84957e0240300aec9046f
1776073234171,2026-04-13T09:40:34.171000+00:00,xyz:SILVER,B,74.36,26.89,Open Long,0.0,0.179958,0x3c5b57adefc52a853dd504390b00100201e400938ac84957e0240300aec9046f
1776073234171,2026-04-13T09:40:34.171000+00:00,xyz:SILVER,B,74.36,2.67,Open Long,0.0,0.017868,0x3c5b57adefc52a853dd504390b00100201e400938ac84957e0240300aec9046f
1776073234171,2026-04-13T09:40:34.171000+00:00,xyz:SILVER,B,74.36,0.14,Open Long,0.0,0.000936,0x3c5b57adefc52a853dd504390b00100201e400938ac84957e0240300aec9046f
1776073234171,2026-04-13T09:40:34.171000+00:00,xyz:SILVER,B,74.36,2.56,Open Long,0.0,0.017132,0x3c5b57adefc52a853dd504390b00100201e400938ac84957e0240300aec9046f
1776073234715,2026-04-13T09:40:34.715000+00:00,xyz:SILVER,B,74.36,10.0,Open Long,0.0,0.022307,0x9b7e1ad6a1f56bce9cf704390b00180203d700bc3cf88aa03f46c62960f945b9
1776073234846,2026-04-13T09:40:34.846000+00:00,xyz:SILVER,B,74.36,359.38,Open Long,0.0,0.801704,0x045c4d80db2ddf4905d604390b001a02025800667620fe1ba824f8d39a21b933
1776073234846,2026-04-13T09:40:34.846000+00:00,xyz:SILVER,B,74.36,55.19,Open Long,0.0,0.123117,0xb72fc41bf4bf21c4b8a904390b001a02025900018fb240965af86f6eb3b2fbaf
1776081560498,2026-04-13T11:59:20.498000+00:00,xyz:SILVER,B,74.0,426.1,Open Long,0.0,0.945941,0xda54b41e2b1f87cfdbce04390cdbd50202c80003c612a6a17e1d5f70ea1361ba
1776081560498,2026-04-13T11:59:20.498000+00:00,xyz:SILVER,B,74.0,23.88,Open Long,0.0,0.053013,0xa5a28e8a915491bea71c04390cdbd50202cc00702c57b090496b39dd50586ba9
1776081560498,2026-04-13T11:59:20.498000+00:00,xyz:SILVER,B,74.0,295.29,Open Long,0.0,0.655543,0xbe1cf25bde085931bf9604390cdbd50202cf0041790b780361e59dae9d0c331c
1776081560498,2026-04-13T11:59:20.498000+00:00,xyz:SILVER,B,74.0,8.6,Open Long,0.0,0.019092,0x23c3df92112ade29253d04390cdbd50202d10077ac2dfcfbc78c8ae4d02eb813
1776081560632,2026-04-13T11:59:20.632000+00:00,xyz:SILVER,B,74.0,0.6,Open Long,0.0,0.001331,0xe0442e88a49b7631e1bd04390cdbd7020296006e3f9e9503840cd9db639f501c
1776081561166,2026-04-13T11:59:21.166000+00:00,xyz:SILVER,B,74.0,50.0,Open Long,0.0,0.110999,0xb817d8cbefb60427b99104390cdbdf0201f000b18ab922f95be0841eaeb9de12
1776081561166,2026-04-13T11:59:21.166000+00:00,xyz:SILVER,B,74.0,200.0,Open Long,0.0,0.443999,0xb817d8cbefb60427b99104390cdbdf0201f000b18ab922f95be0841eaeb9de12
1776081571825,2026-04-13T11:59:31.825000+00:00,xyz:SILVER,B,74.0,284.49,Open Long,0.0,0.631567,0x64f7907cb50eac7c667104390cdc7c02023c00625001cb4e08c03bcf74028667
1776081571958,2026-04-13T11:59:31.958000+00:00,xyz:SILVER,B,74.0,17.32,Open Long,0.0,0.03845,0x2afccb8093a56f4c2c7604390cdc7e02022c00662ea88e1ecec576d352a94936
1776081571958,2026-04-13T11:59:31.958000+00:00,xyz:SILVER,B,74.0,45.07,Open Long,0.0,0.100055,0xddd0421bad36b1c7df4904390cdc7e02022d00014839d0998198ed6e6c3a8bb2
1776088659657,2026-04-13T13:57:39.657000+00:00,BTC,B,71541.0,0.11442,Open Long,0.0,3.683574,0x52d4dcbabd2ba03d544e04390e6e200204da00a0582ebf0ff69d880d7c2f7a27
1776088659657,2026-04-13T13:57:39.657000+00:00,BTC,B,71541.0,0.40534,Open Long,0.0,13.049293,0x52d4dcbabd2ba03d544e04390e6e200204da00a0582ebf0ff69d880d7c2f7a27
1776088659657,2026-04-13T13:57:39.657000+00:00,BTC,B,71541.0,0.14442,Open Long,0.0,4.649378,0x52d4dcbabd2ba03d544e04390e6e200204da00a0582ebf0ff69d880d7c2f7a27
1776088659657,2026-04-13T13:57:39.657000+00:00,BTC,B,71541.0,0.16,Open Long,0.0,5.150952,0x52d4dcbabd2ba03d544e04390e6e200204da00a0582ebf0ff69d880d7c2f7a27
1776088659657,2026-04-13T13:57:39.657000+00:00,BTC,B,71541.0,0.13713,Open Long,0.0,4.414687,0x52d4dcbabd2ba03d544e04390e6e200204da00a0582ebf0ff69d880d7c2f7a27
1776088659657,2026-04-13T13:57:39.657000+00:00,BTC,B,71541.0,0.26276,Open Long,0.0,8.45915,0x52d4dcbabd2ba03d544e04390e6e200204da00a0582ebf0ff69d880d7c2f7a27
1776088659657,2026-04-13T13:57:39.657000+00:00,BTC,B,71541.0,0.02148,Open Long,0.0,0.691515,0x52d4dcbabd2ba03d544e04390e6e200204da00a0582ebf0ff69d880d7c2f7a27
1776094235631,2026-04-13T15:30:35.631000+00:00,BTC,A,71783.0,1.94824,Close Long,746.955216,62.93273,0x0ed21ef85e47b2c0104b04390fa9ac00000d36ddf94ad192b29aca4b1d4b8caa
1776095993087,2026-04-13T15:59:53.087000+00:00,xyz:NATGAS,B,2.763,1338.5,Open Long,0.0,0.110948,0x64b8a18f6847dc9866320439100d540201580075034afb6a08814ce2274bb683
1776095994520,2026-04-13T15:59:54.520000+00:00,xyz:NATGAS,B,2.763,2179.8,Open Long,0.0,0.180683,0xdf37e6992f1b75dde0b10439100d69020224007eca1e94af830091ebee1f4fc8
1776095995804,2026-04-13T15:59:55.804000+00:00,xyz:NATGAS,B,2.763,2180.6,Open Long,0.0,0.180749,0x730ecc20a0d7131c74880439100d7c02020100063bda31ee16d777735fdaed07
1776095997577,2026-04-13T15:59:57.577000+00:00,xyz:NATGAS,B,2.763,2180.2,Open Long,0.0,0.180716,0x19a1adf1716d16411b1b0439100d9601f000c5d70c603513bd6a59443060f02b
1776095999427,2026-04-13T15:59:59.427000+00:00,xyz:NATGAS,B,2.763,2179.8,Open Long,0.0,0.180683,0xfa96a7818bea0686fc100439100db1020111006726ed25599e5f52d44aede071
1776096217134,2026-04-13T16:03:37.134000+00:00,xyz:NATGAS,B,2.768,370.5,Open Long,0.0,0.030766,0xc5adcbe0dd75fba1c7270439101a1802064f00c678791a73697677339c79d58c
1776096217134,2026-04-13T16:03:37.134000+00:00,xyz:NATGAS,B,2.768,1352.9,Open Long,0.0,0.112344,0x7881427bf7073e1d79fa0439101a180206500061920a5cef1c49edceb60b1808
1776096217134,2026-04-13T16:03:37.134000+00:00,xyz:NATGAS,B,2.768,73.4,Open Long,0.0,0.006095,0xde282fb22a29c314dfa10439101a180206520097c52ce1e681f0db04e92d9cff
1776096217134,2026-04-13T16:03:37.134000+00:00,xyz:NATGAS,B,2.768,1196.9,Open Long,0.0,0.09939,0x90fba64d43bb059092750439101a180206530032debe246234c451a002bedf7b
1776096217134,2026-04-13T16:03:37.134000+00:00,xyz:NATGAS,B,2.768,83.9,Open Long,0.0,0.006967,0xa7c298c53b93ddfba93c0439101a18020c8100aad696fccd4b8b4417fa97b7e6
1776096217134,2026-04-13T16:03:37.134000+00:00,xyz:NATGAS,B,2.768,173.3,Open Long,0.0,0.01439,0x5a960f60552520775c0f0439101a18020c820045f0283f49fe5ebab31428fa61
1776096217134,2026-04-13T16:03:37.134000+00:00,xyz:NATGAS,B,2.768,314.8,Open Long,0.0,0.02614,0x0d6985fb6eb662f30ee30439101a18020c8300e109b981c5b132314e2dba3cdd
1776096217134,2026-04-13T16:03:37.134000+00:00,xyz:NATGAS,B,2.768,79.0,Open Long,0.0,0.00656,0xc03cfc968847a56ec1b60439101a18020c84007c234ac4406405a7e9474b7f59
1776096217134,2026-04-13T16:03:37.134000+00:00,xyz:NATGAS,B,2.768,46.6,Open Long,0.0,0.003869,0x73107331a1d8e7ea748a0439101a18020c8500173cdc06bc16d91e8460dcc1d5
1776096217190,2026-04-13T16:03:37.190000+00:00,xyz:NATGAS,B,2.768,168.0,Open Long,0.0,0.01395,0xb43fa76531d25668b5b90439101a190203c0004accd5753a580852b7f0d63053
1776096217190,2026-04-13T16:03:37.190000+00:00,xyz:NATGAS,B,2.768,140.0,Open Long,0.0,0.011625,0x67131e004b6398e4688c0439101a190203c100e5e666b7b60adbc9530a6772cf
1776096217328,2026-04-13T16:03:37.328000+00:00,xyz:NATGAS,B,2.768,247.2,Open Long,0.0,0.020527,0xa72549b514f1ef3ca89f0439101a1b020338009aaff50e0e4aedf507d3f5c927
1776096217328,2026-04-13T16:03:37.328000+00:00,xyz:NATGAS,B,2.768,144.2,Open Long,0.0,0.011974,0x3dc0fe8de17c031a3f3a0439101a1b02034000737c7f21ece189a9e0a07fdd04
1776096217474,2026-04-13T16:03:37.474000+00:00,xyz:NATGAS,B,2.768,194.1,Open Long,0.0,0.016118,0xd73cd4ab5015419cd8b60439101a1d0204300090eb18606e7b057ffe0f191b87
1776096217474,2026-04-13T16:03:37.474000+00:00,xyz:NATGAS,B,2.768,380.3,Open Long,0.0,0.03158,0x8a104b4669a684188b8a0439101a1d020431002c04a9a2ea2dd8f69928aa5e03
1776096217474,2026-04-13T16:03:37.474000+00:00,xyz:NATGAS,B,2.768,74.5,Open Long,0.0,0.006186,0x3ce3c1e18337c6943e5d0439101a1d02043200c71e3ae566e0ac6d34423ba07e
1776096217474,2026-04-13T16:03:37.474000+00:00,xyz:NATGAS,B,2.768,194.1,Open Long,0.0,0.016118,0xefb7387c9cc9090ff1300439101a1d020433006237cc27e1937fe3cf5bcce2fa
1776096217474,2026-04-13T16:03:37.474000+00:00,xyz:NATGAS,B,2.768,145.1,Open Long,0.0,0.012049,0x20ac001f362097f622250439101a1d0204390004d123b6c8c474ab71f52471e0
1776096217474,2026-04-13T16:03:37.474000+00:00,xyz:NATGAS,B,2.768,910.0,Open Long,0.0,0.075566,0xa233691e82f81586a3ad0439101a1d02098e00041dfb345845fc147141fbef71
1776096217877,2026-04-13T16:03:37.877000+00:00,xyz:NATGAS,B,2.768,1266.0,Open Long,0.0,0.105128,0x5ca27fea644bc71a5e1c0439101a230204cd00cfff4ee5ec006b2b3d234fa105
1776096217939,2026-04-13T16:03:37.939000+00:00,xyz:NATGAS,B,2.768,361.3,Open Long,0.0,0.030002,0x5ad7d7fde32c61fb5c510439101a2402032600e37e2f80cdfea08350a2203be5
1776096217939,2026-04-13T16:03:37.939000+00:00,xyz:NATGAS,B,2.768,361.3,Open Long,0.0,0.030002,0x0dab4e98fcbda4770f250439101a24020327007e97b0c349b173f9ebbbb17e61
1776096218216,2026-04-13T16:03:38.216000+00:00,xyz:NATGAS,B,2.768,128.1,Open Long,0.0,0.010637,0x5f3c10f0d56d706960b50439101a280202d600d670608f3b0304bc4394614a54
1776096218379,2026-04-13T16:03:38.379000+00:00,xyz:NATGAS,B,2.768,910.0,Open Long,0.0,0.075566,0x26f479ba69f83df3286e0439101a2a02027d00a004fb5cc5cabd250d28fc17dd
1776096218379,2026-04-13T16:03:38.379000+00:00,xyz:NATGAS,B,2.768,181.1,Open Long,0.0,0.015038,0x5bfd7fe9c8c313945d770439101a2a0205f200cf63c63266ffc62b3c87c6ed7e
1776096218577,2026-04-13T16:03:38.577000+00:00,xyz:NATGAS,B,2.768,225.3,Open Long,0.0,0.018708,0x8aa18722e6bdc4b38c1b0439101a2d0202da000881b0e3852e6a3275a5b19e9e
1776096218643,2026-04-13T16:03:38.643000+00:00,xyz:NATGAS,B,2.768,41.8,Open Long,0.0,0.003471,0x9c37b9b6907606d99db10439101a2e020211009c2b7925ab400065094f79e0c4
1776096218643,2026-04-13T16:03:38.643000+00:00,xyz:NATGAS,B,2.768,361.3,Open Long,0.0,0.030002,0x4f0b3051aa07495550840439101a2e0202120037450a6827f2d3dba4690b233f
1776096218714,2026-04-13T16:03:38.714000+00:00,xyz:NATGAS,B,2.768,361.3,Open Long,0.0,0.030002,0x36222e2a2e31639f379b0439101a2f020288000fc9348271d9ead97ced353d89
1776096219312,2026-04-13T16:03:39.312000+00:00,xyz:NATGAS,B,2.768,345.1,Open Long,0.0,0.028657,0xa6842180f5ae9557a7fd0439101a3802032a006690a1b4294a4cccd3b4a26f42
1776096219380,2026-04-13T16:03:39.380000+00:00,xyz:NATGAS,B,2.768,890.0,Open Long,0.0,0.073905,0xff7f4f5d3b02d16500f90439101a3902022b0042d605f038a347faaffa06ab50
1776096219380,2026-04-13T16:03:39.380000+00:00,xyz:NATGAS,B,2.768,62.1,Open Long,0.0,0.005156,0x6168dea26dc1ef3262e20439101a39020237008808c50e04053189f52cc5c91d
1776096219380,2026-04-13T16:03:39.380000+00:00,xyz:NATGAS,B,2.768,288.3,Open Long,0.0,0.02394,0xc70fcbd8a0e47429c8890439101a3902023900be3be792fb6ad8772b5fe84e14
1776096221234,2026-04-13T16:03:41.234000+00:00,xyz:NATGAS,B,2.768,2690.0,Open Long,0.0,0.223377,0x461b362388a246a347940439101a5402024e000923a56575e9e3e17647a6208d
1776096221234,2026-04-13T16:03:41.234000+00:00,xyz:NATGAS,B,2.768,960.0,Open Long,0.0,0.079718,0xf8eeacbea233891efa680439101a5402024f00a43d36a7f19cb7581161376309
1776096222339,2026-04-13T16:03:42.339000+00:00,xyz:NATGAS,B,2.768,2690.0,Open Long,0.0,0.223377,0xbdaa098b19445709bf230439101a640201980070b44775db6172b4ddd84830f4
1776096222339,2026-04-13T16:03:42.339000+00:00,xyz:NATGAS,B,2.768,960.0,Open Long,0.0,0.079718,0x707d802632d5998571f70439101a64020199000bcdd8b85714462b78f1d97370
1776096226380,2026-04-13T16:03:46.380000+00:00,xyz:NATGAS,B,2.768,2690.0,Open Long,0.0,0.223377,0xc8361a069abc3d7bc9af0439101a9f02066000ec35bf5c4d6bfec55959b01766
1776096226380,2026-04-13T16:03:46.380000+00:00,xyz:NATGAS,B,2.768,960.0,Open Long,0.0,0.079718,0x2ddd073ccddec2732f560439101a9f020662002268d1e145d1a5b28f8cd29c5d
1776096227381,2026-04-13T16:03:47.381000+00:00,xyz:NATGAS,B,2.768,960.0,Open Long,0.0,0.079718,0x3f2e84939cfe770040a80439101aae020399007937f195d2e2f72fe65bf250ea
1776096227381,2026-04-13T16:03:47.381000+00:00,xyz:NATGAS,B,2.768,2690.0,Open Long,0.0,0.223377,0x57a8e864e9a23e7359220439101aae02039c004a84a55d45fb7193b7a8a6185d
1776096246574,2026-04-13T16:04:06.574000+00:00,xyz:NATGAS,B,2.768,105.7,Open Long,0.0,0.008777,0x230022f4627a700624790439101bca02032500d9fd7d8ed8c6c8ce47217e49f0
1776096246574,2026-04-13T16:04:06.574000+00:00,xyz:NATGAS,B,2.768,254.8,Open Long,0.0,0.021158,0x3b7a86c5af2e37793cf40439101bca02032800ab4a21564bdf4332186e221163
1776096246574,2026-04-13T16:04:06.574000+00:00,xyz:NATGAS,B,2.768,38.8,Open Long,0.0,0.003221,0xa12173fbe240bc70a29b0439101bca02032a00e17d43db4244ea1f4ea144965b
1776096246574,2026-04-13T16:04:06.574000+00:00,xyz:NATGAS,B,2.768,118.0,Open Long,0.0,0.009798,0xb99bd7cd2ef483e3bb150439101bca02032d00b2c9f7a2b55d64831fedf85dce
1776096246574,2026-04-13T16:04:06.574000+00:00,xyz:NATGAS,B,2.768,43.5,Open Long,0.0,0.003612,0x9d64160ae1ed55459edd0439101bca02033400f07ce07417412cc15da0e12f30
1776096246574,2026-04-13T16:04:06.574000+00:00,xyz:NATGAS,B,2.768,421.4,Open Long,0.0,0.034993,0xce58ddad7b44e42bcfd20439101bca02033a0093164802fd722189003a48be16
1776096246574,2026-04-13T16:04:06.574000+00:00,xyz:NATGAS,B,2.768,3060.9,Open Long,0.0,0.254177,0xfb90475f14490be6fd0a0439101bca02034a0044af4c2ab99f58f2b1d34ce5d1
1776096246574,2026-04-13T16:04:06.574000+00:00,xyz:NATGAS,B,2.768,5.7,Open Long,0.0,0.000473,0x61373495476b90de62b00439101bca02034c007ae26eafb004ffdfe8066f6ac9
1776096246574,2026-04-13T16:04:06.574000+00:00,xyz:NATGAS,B,2.768,376.8,Open Long,0.0,0.031289,0x28c7b110ad4d33a22a410439101bca02035a00f648405274cc905c636c410d8c
1776096246574,2026-04-13T16:04:06.574000+00:00,xyz:NATGAS,B,2.768,46.5,Open Long,0.0,0.003861,0x8e6e9e46e06fb8998fe80439101bca02035c002c7b62d76b323749999f639284
1776096246649,2026-04-13T16:04:06.649000+00:00,xyz:NATGAS,B,2.768,343.8,Open Long,0.0,0.028549,0xf6b62482ec5170e3f82f0439101bcb0205ae006887548fb69a7ecfd5ab554ace
1776096246649,2026-04-13T16:04:06.649000+00:00,xyz:NATGAS,B,2.768,72.6,Open Long,0.0,0.006028,0xa5cc3d2d058f4c34a7450439101bcb0205b90012a0826b064994e87fc483261f
1776096246904,2026-04-13T16:04:06.904000+00:00,xyz:NATGAS,B,2.768,890.0,Open Long,0.0,0.073905,0x6bf98648e24aabf16d730439101bcf020251002e7d4dcac30fc2319ba14e85dc
1776096247114,2026-04-13T16:04:07.114000+00:00,xyz:NATGAS,B,2.768,3676.8,Open Long,0.0,0.305321,0xdb8c9085b9b59979dd060439101bd2020691006b54b8b84b7f553bd878b97364
1776099234206,2026-04-13T16:53:54.206000+00:00,xyz:SILVER,A,75.371,9.17,Close Long,10.93981,0.062203,0x64f5483acb7459ab666f043910c4aa0203d500206677787d08bdf38d8a783396
1776099234206,2026-04-13T16:53:54.206000+00:00,xyz:SILVER,A,75.37,1821.22,Close Long,2170.89424,12.353881,0x64f5483acb7459ab666f043910c4aa0203d500206677787d08bdf38d8a783396
1776099234206,2026-04-13T16:53:54.206000+00:00,xyz:SILVER,A,75.369,26.53,Close Long,31.59723,0.179958,0x64f5483acb7459ab666f043910c4aa0203d500206677787d08bdf38d8a783396
1776099234206,2026-04-13T16:53:54.206000+00:00,xyz:SILVER,A,75.368,13.27,Close Long,15.7913,0.090012,0x64f5483acb7459ab666f043910c4aa0203d500206677787d08bdf38d8a783396
1776099234206,2026-04-13T16:53:54.206000+00:00,xyz:SILVER,A,75.368,203.22,Close Long,241.8318,1.378465,0x64f5483acb7459ab666f043910c4aa0203d500206677787d08bdf38d8a783396
1776099234206,2026-04-13T16:53:54.206000+00:00,xyz:SILVER,A,75.367,406.65,Close Long,483.50685,2.758319,0x64f5483acb7459ab666f043910c4aa0203d500206677787d08bdf38d8a783396
1776099234206,2026-04-13T16:53:54.206000+00:00,xyz:SILVER,A,75.367,3.37,Close Long,4.00693,0.022858,0x64f5483acb7459ab666f043910c4aa0203d500206677787d08bdf38d8a783396
1776099234206,2026-04-13T16:53:54.206000+00:00,xyz:SILVER,A,75.367,26.53,Close Long,31.54417,0.179953,0x64f5483acb7459ab666f043910c4aa0203d500206677787d08bdf38d8a783396
1776099234206,2026-04-13T16:53:54.206000+00:00,xyz:SILVER,A,75.365,112.71,Close Long,133.78677,0.764495,0x64f5483acb7459ab666f043910c4aa0203d500206677787d08bdf38d8a783396
1776099234206,2026-04-13T16:53:54.206000+00:00,xyz:SILVER,A,75.365,26.53,Close Long,31.49111,0.179949,0x64f5483acb7459ab666f043910c4aa0203d500206677787d08bdf38d8a783396
1776099234206,2026-04-13T16:53:54.206000+00:00,xyz:SILVER,A,75.364,0.26,Close Long,0.30836,0.001763,0x64f5483acb7459ab666f043910c4aa0203d500206677787d08bdf38d8a783396
1776099234206,2026-04-13T16:53:54.206000+00:00,xyz:SILVER,A,75.364,13.26,Close Long,15.72636,0.089939,0x64f5483acb7459ab666f043910c4aa0203d500206677787d08bdf38d8a783396
1776099234206,2026-04-13T16:53:54.206000+00:00,xyz:SILVER,A,75.363,26.53,Close Long,31.43805,0.179944,0x64f5483acb7459ab666f043910c4aa0203d500206677787d08bdf38d8a783396
1776099234206,2026-04-13T16:53:54.206000+00:00,xyz:SILVER,A,75.362,6.9,Close Long,8.1696,0.046799,0x64f5483acb7459ab666f043910c4aa0203d500206677787d08bdf38d8a783396
1776171118649,2026-04-14T12:51:58.649000+00:00,xyz:SILVER,B,77.4,309.74,Open Long,0.0,0.719216,0xaf7b453947851550b0f5043920be18020498001ee28834225343f08c0688ef3b
1776171118717,2026-04-14T12:51:58.717000+00:00,xyz:SILVER,B,77.4,982.24,Open Long,0.0,2.280761,0x097b9c1019d6b8ab0af5043920be1902024000f5b4d9d77dad444762d8da9295
1776179684561,2026-04-14T15:14:44.561000+00:00,BTC,B,74687.0,0.66946,Open Long,0.0,7.499993,0x3aed818382762c163c67043922a29202053d00691d794ae8deb62cd6417a0600
1776185522681,2026-04-14T16:52:02.681000+00:00,BTC,A,74900.0,0.0179,Close Long,3.8127,0.603319,0x95aeeb4e7e337daf9728043923ed5e02055d003419369c81397796a13d37579a
1776185522681,2026-04-14T16:52:02.681000+00:00,BTC,A,74900.0,0.01,Close Long,2.13,0.33705,0x95aeeb4e7e337daf9728043923ed5e02055d003419369c81397796a13d37579a
1776185522681,2026-04-14T16:52:02.681000+00:00,BTC,A,74900.0,0.00025,Close Long,0.05325,0.008426,0x95aeeb4e7e337daf9728043923ed5e02055d003419369c81397796a13d37579a
1776185522681,2026-04-14T16:52:02.681000+00:00,BTC,A,74899.0,0.01335,Close Long,2.8302,0.449955,0x95aeeb4e7e337daf9728043923ed5e02055d003419369c81397796a13d37579a
1776185522681,2026-04-14T16:52:02.681000+00:00,BTC,A,74899.0,0.00017,Close Long,0.03604,0.005729,0x95aeeb4e7e337daf9728043923ed5e02055d003419369c81397796a13d37579a
1776185522681,2026-04-14T16:52:02.681000+00:00,BTC,A,74898.0,0.03471,Close Long,7.32381,1.169869,0x95aeeb4e7e337daf9728043923ed5e02055d003419369c81397796a13d37579a
1776185522681,2026-04-14T16:52:02.681000+00:00,BTC,A,74898.0,0.10904,Close Long,23.00744,3.675095,0x95aeeb4e7e337daf9728043923ed5e02055d003419369c81397796a13d37579a
1776185522681,2026-04-14T16:52:02.681000+00:00,BTC,A,74898.0,0.09847,Close Long,20.77717,3.318842,0x95aeeb4e7e337daf9728043923ed5e02055d003419369c81397796a13d37579a
1776185522681,2026-04-14T16:52:02.681000+00:00,BTC,A,74898.0,0.13194,Close Long,27.83934,4.446918,0x95aeeb4e7e337daf9728043923ed5e02055d003419369c81397796a13d37579a
1776185522681,2026-04-14T16:52:02.681000+00:00,BTC,A,74897.0,0.01903,Close Long,3.9963,0.64138,0x95aeeb4e7e337daf9728043923ed5e02055d003419369c81397796a13d37579a
1776185522681,2026-04-14T16:52:02.681000+00:00,BTC,A,74897.0,0.20016,Close Long,42.0336,6.746122,0x95aeeb4e7e337daf9728043923ed5e02055d003419369c81397796a13d37579a
1776185522681,2026-04-14T16:52:02.681000+00:00,BTC,A,74897.0,0.03444,Close Long,7.2324,1.160753,0x95aeeb4e7e337daf9728043923ed5e02055d003419369c81397796a13d37579a
1776185964647,2026-04-14T16:59:24.647000+00:00,xyz:SILVER,A,79.055,24.16,Close Long,39.9848,0.171897,0x2a961c043fbe74492c0f043924067502038200e9dab1931bce5ec756feb24e33
1776185964647,2026-04-14T16:59:24.647000+00:00,xyz:SILVER,A,79.054,2.51,Close Long,4.15154,0.017858,0x2a961c043fbe74492c0f043924067502038200e9dab1931bce5ec756feb24e33
1776185964647,2026-04-14T16:59:24.647000+00:00,xyz:SILVER,A,79.053,2.51,Close Long,4.14903,0.017858,0x2a961c043fbe74492c0f043924067502038200e9dab1931bce5ec756feb24e33
1776185964647,2026-04-14T16:59:24.647000+00:00,xyz:SILVER,A,79.05,0.13,Close Long,0.2145,0.000924,0x2a961c043fbe74492c0f043924067502038200e9dab1931bce5ec756feb24e33
1776185964647,2026-04-14T16:59:24.647000+00:00,xyz:SILVER,A,79.049,10.0,Close Long,16.49,0.071144,0x2a961c043fbe74492c0f043924067502038200e9dab1931bce5ec756feb24e33
1776185964647,2026-04-14T16:59:24.647000+00:00,xyz:SILVER,A,79.048,37.26,Close Long,61.40448,0.265079,0x2a961c043fbe74492c0f043924067502038200e9dab1931bce5ec756feb24e33
1776185964647,2026-04-14T16:59:24.647000+00:00,xyz:SILVER,A,79.044,0.13,Close Long,0.21372,0.000924,0x2a961c043fbe74492c0f043924067502038200e9dab1931bce5ec756feb24e33
1776185964647,2026-04-14T16:59:24.647000+00:00,xyz:SILVER,A,79.043,252.95,Close Long,415.59685,1.799453,0x2a961c043fbe74492c0f043924067502038200e9dab1931bce5ec756feb24e33
1776185964647,2026-04-14T16:59:24.647000+00:00,xyz:SILVER,A,79.042,21.08,Close Long,34.61336,0.149958,0x2a961c043fbe74492c0f043924067502038200e9dab1931bce5ec756feb24e33
1776185964647,2026-04-14T16:59:24.647000+00:00,xyz:SILVER,A,79.041,399.09,Close Long,654.90669,2.839002,0x2a961c043fbe74492c0f043924067502038200e9dab1931bce5ec756feb24e33
1776185964647,2026-04-14T16:59:24.647000+00:00,xyz:SILVER,A,79.041,542.16,Close Long,889.68456,3.856758,0x2a961c043fbe74492c0f043924067502038200e9dab1931bce5ec756feb24e33
1776188143723,2026-04-14T17:35:43.723000+00:00,BTC,B,74256.0,0.0683,Open Long,0.0,2.282258,0x0e6e4c1b3af561bf0fe804392481bd0202ee0000d5f88091b236f76df9f93ba9
1776188143723,2026-04-14T17:35:43.723000+00:00,BTC,B,74256.0,0.23125,Open Long,0.0,7.727265,0x0e6e4c1b3af561bf0fe804392481bd0202ee0000d5f88091b236f76df9f93ba9
1776188143723,2026-04-14T17:35:43.723000+00:00,BTC,B,74256.0,0.00673,Open Long,0.0,0.224884,0x0e6e4c1b3af561bf0fe804392481bd0202ee0000d5f88091b236f76df9f93ba9
1776188143723,2026-04-14T17:35:43.723000+00:00,BTC,B,74256.0,0.088,Open Long,0.0,2.940537,0x0e6e4c1b3af561bf0fe804392481bd0202ee0000d5f88091b236f76df9f93ba9
1776188143723,2026-04-14T17:35:43.723000+00:00,BTC,B,74256.0,0.18754,Open Long,0.0,6.266686,0x0e6e4c1b3af561bf0fe804392481bd0202ee0000d5f88091b236f76df9f93ba9
1776188143723,2026-04-14T17:35:43.723000+00:00,BTC,B,74256.0,0.15847,Open Long,0.0,5.295306,0x0e6e4c1b3af561bf0fe804392481bd0202ee0000d5f88091b236f76df9f93ba9
1776188143723,2026-04-14T17:35:43.723000+00:00,BTC,B,74256.0,0.60623,Open Long,0.0,20.257296,0x0e6e4c1b3af561bf0fe804392481bd0202ee0000d5f88091b236f76df9f93ba9
1776192819636,2026-04-14T18:53:39.636000+00:00,xyz:NATGAS,A,2.7592,700.0,Close Long,-5.397,0.173829,0x98137b3a5a4cd7a4998d0439258ab4020298001ff54ff6763bdc268d1940b18f
1776192819636,2026-04-14T18:53:39.636000+00:00,xyz:NATGAS,A,2.7591,21730.3,Close Long,-169.713643,5.396046,0x98137b3a5a4cd7a4998d0439258ab4020298001ff54ff6763bdc268d1940b18f
1776192819636,2026-04-14T18:53:39.636000+00:00,xyz:NATGAS,A,2.7591,3802.2,Close Long,-29.695182,0.944158,0x98137b3a5a4cd7a4998d0439258ab4020298001ff54ff6763bdc268d1940b18f
1776192819636,2026-04-14T18:53:39.636000+00:00,xyz:NATGAS,A,2.759,97.0,Close Long,-0.76727,0.024086,0x98137b3a5a4cd7a4998d0439258ab4020298001ff54ff6763bdc268d1940b18f
1776192819636,2026-04-14T18:53:39.636000+00:00,xyz:NATGAS,A,2.7587,151.1,Close Long,-1.240531,0.037515,0x98137b3a5a4cd7a4998d0439258ab4020298001ff54ff6763bdc268d1940b18f
1776192819636,2026-04-14T18:53:39.636000+00:00,xyz:NATGAS,A,2.7586,174.2,Close Long,-1.447602,0.043249,0x98137b3a5a4cd7a4998d0439258ab4020298001ff54ff6763bdc268d1940b18f
1776192819636,2026-04-14T18:53:39.636000+00:00,xyz:NATGAS,A,2.7585,722.6,Close Long,-6.077066,0.179396,0x98137b3a5a4cd7a4998d0439258ab4020298001ff54ff6763bdc268d1940b18f
1776192819636,2026-04-14T18:53:39.636000+00:00,xyz:NATGAS,A,2.7585,181.8,Close Long,-1.528938,0.045134,0x98137b3a5a4cd7a4998d0439258ab4020298001ff54ff6763bdc268d1940b18f
1776192819636,2026-04-14T18:53:39.636000+00:00,xyz:NATGAS,A,2.7584,683.6,Close Long,-5.817436,0.169707,0x98137b3a5a4cd7a4998d0439258ab4020298001ff54ff6763bdc268d1940b18f
1776192819636,2026-04-14T18:53:39.636000+00:00,xyz:NATGAS,A,2.7581,7251.2,Close Long,-63.883072,1.799958,0x98137b3a5a4cd7a4998d0439258ab4020298001ff54ff6763bdc268d1940b18f
1776192819636,2026-04-14T18:53:39.636000+00:00,xyz:NATGAS,A,2.758,10692.0,Close Long,-95.26572,2.653968,0x98137b3a5a4cd7a4998d0439258ab4020298001ff54ff6763bdc268d1940b18f
1776232560390,2026-04-15T05:56:00.390000+00:00,xyz:SILVER,B,79.466,495.19,Open Long,0.0,3.541569,0xc2d82cc22438a070c45104392e60380202fb00a7bf3bbf4266a0d814e33c7a5b
1776232560390,2026-04-15T05:56:00.390000+00:00,xyz:SILVER,B,79.466,0.25,Open Long,0.0,0.001787,0xc2d82cc22438a070c45104392e60380202fb00a7bf3bbf4266a0d814e33c7a5b
1776232560390,2026-04-15T05:56:00.390000+00:00,xyz:SILVER,B,79.472,25.16,Open Long,0.0,0.179956,0xc2d82cc22438a070c45104392e60380202fb00a7bf3bbf4266a0d814e33c7a5b
1776232560390,2026-04-15T05:56:00.390000+00:00,xyz:SILVER,B,79.473,737.57,Open Long,0.0,5.275521,0xc2d82cc22438a070c45104392e60380202fb00a7bf3bbf4266a0d814e33c7a5b
1776232606914,2026-04-15T05:56:46.914000+00:00,BTC,B,73954.0,0.13759,Open Long,0.0,4.578898,0x54377ef16b42d80555b104392e62d60201fe00d70645f6d7f8002a442a46b1ef
1776232606914,2026-04-15T05:56:46.914000+00:00,BTC,B,73954.0,0.0676,Open Long,0.0,2.24968,0x54377ef16b42d80555b104392e62d60201fe00d70645f6d7f8002a442a46b1ef
1776232606914,2026-04-15T05:56:46.914000+00:00,BTC,B,73954.0,0.0676,Open Long,0.0,2.24968,0x54377ef16b42d80555b104392e62d60201fe00d70645f6d7f8002a442a46b1ef
1776232606914,2026-04-15T05:56:46.914000+00:00,BTC,B,73954.0,0.08101,Open Long,0.0,2.695956,0x54377ef16b42d80555b104392e62d60201fe00d70645f6d7f8002a442a46b1ef
1776232606914,2026-04-15T05:56:46.914000+00:00,BTC,B,73954.0,0.2679,Open Long,0.0,8.915524,0x54377ef16b42d80555b104392e62d60201fe00d70645f6d7f8002a442a46b1ef
1776232606914,2026-04-15T05:56:46.914000+00:00,BTC,B,73954.0,0.19487,Open Long,0.0,6.485137,0x54377ef16b42d80555b104392e62d60201fe00d70645f6d7f8002a442a46b1ef
1776232606914,2026-04-15T05:56:46.914000+00:00,BTC,B,73954.0,0.06296,Open Long,0.0,2.095264,0x54377ef16b42d80555b104392e62d60201fe00d70645f6d7f8002a442a46b1ef
1776232606914,2026-04-15T05:56:46.914000+00:00,BTC,B,73954.0,0.14597,Open Long,0.0,4.857779,0x54377ef16b42d80555b104392e62d60201fe00d70645f6d7f8002a442a46b1ef
1776232606914,2026-04-15T05:56:46.914000+00:00,BTC,B,73954.0,0.32669,Open Long,0.0,10.872014,0x54377ef16b42d80555b104392e62d60201fe00d70645f6d7f8002a442a46b1ef
1776232649887,2026-04-15T05:57:29.887000+00:00,xyz:SILVER,B,79.4,618.99,Open Long,0.0,1.474434,0x4bd5bff6a7d98c674d4f04392e65500201cd00dc42dcab39ef9e6b4966dd6651
1776232650592,2026-04-15T05:57:30.592000+00:00,xyz:SILVER,B,79.4,298.27,Open Long,0.0,0.710479,0xd239489d42690aded3b304392e655a0202ac0082dd6c29b07601f3f0016ce4c9
1776232650592,2026-04-15T05:57:30.592000+00:00,xyz:SILVER,B,79.4,27.75,Open Long,0.0,0.0661,0xeab3ac6e8f1cd251ec2d04392e655a0202af00542a1ff1238e7c57c14e10ac3c
1776232651064,2026-04-15T05:57:31.064000+00:00,xyz:SILVER,B,79.4,134.16,Open Long,0.0,0.319569,0x7ffc3ab1c7ac1d14817504392e65610205bd009762af3be623c4e60486aff6ff
1776232651064,2026-04-15T05:57:31.064000+00:00,xyz:SILVER,B,79.4,24.59,Open Long,0.0,0.058573,0x32cfb14ce13d5f90344904392e65610205be00327c307e62d6985c9fa031397a
1776232651064,2026-04-15T05:57:31.064000+00:00,xyz:SILVER,B,79.4,109.23,Open Long,0.0,0.260185,0xe5a327e7facea20be71c04392e65610205bf00cd95c1c0dd896bd33ab9c27bf6
1776232651064,2026-04-15T05:57:31.064000+00:00,xyz:SILVER,B,79.4,46.45,Open Long,0.0,0.110643,0x98769e83145fe48799f004392e65610205c00068af5303593c3f49d5d353be72
1776283714182,2026-04-15T20:08:34.182000+00:00,BTC,A,74671.0,0.31774,Close Long,179.967936,10.676683,0xc6c3a237530d0fd7c83d043939b18502062f001cee002ea96a8c4d8a1200e9c2
1776283714182,2026-04-15T20:08:34.182000+00:00,BTC,A,74671.0,0.36161,Close Long,204.815904,12.150801,0xc6c3a237530d0fd7c83d043939b18502062f001cee002ea96a8c4d8a1200e9c2
1776283714182,2026-04-15T20:08:34.182000+00:00,BTC,A,74671.0,0.08518,Close Long,48.245952,2.862214,0xc6c3a237530d0fd7c83d043939b18502062f001cee002ea96a8c4d8a1200e9c2
1776283714182,2026-04-15T20:08:34.182000+00:00,BTC,A,74671.0,0.66965,Close Long,379.28976,22.501545,0xc6c3a237530d0fd7c83d043939b18502062f001cee002ea96a8c4d8a1200e9c2
1776283714182,2026-04-15T20:08:34.182000+00:00,BTC,A,74671.0,0.53146,Close Long,301.018944,17.858092,0xc6c3a237530d0fd7c83d043939b18502062f001cee002ea96a8c4d8a1200e9c2
1776283714182,2026-04-15T20:08:34.182000+00:00,BTC,A,74671.0,0.04097,Close Long,23.205408,1.376671,0xc6c3a237530d0fd7c83d043939b18502062f001cee002ea96a8c4d8a1200e9c2
1776283714182,2026-04-15T20:08:34.182000+00:00,BTC,A,74671.0,0.66965,Close Long,379.28976,22.501545,0xc6c3a237530d0fd7c83d043939b18502062f001cee002ea96a8c4d8a1200e9c2
1776283714182,2026-04-15T20:08:34.182000+00:00,BTC,A,74671.0,0.02245,Close Long,12.71568,0.754363,0xc6c3a237530d0fd7c83d043939b18502062f001cee002ea96a8c4d8a1200e9c2
1776321276615,2026-04-16T06:34:36.615000+00:00,xyz:SILVER,A,80.286,95.31,Close Long,81.10881,0.688685,0xd89ee2fd791a83b2da18043942085602026300e3141da2847c678e50381e5d9d
1776321276615,2026-04-16T06:34:36.615000+00:00,xyz:SILVER,A,80.284,0.24,Close Long,0.20376,0.001734,0xd89ee2fd791a83b2da18043942085602026300e3141da2847c678e50381e5d9d
1776321276615,2026-04-16T06:34:36.615000+00:00,xyz:SILVER,A,80.283,1.62,Close Long,1.37376,0.011705,0xd89ee2fd791a83b2da18043942085602026300e3141da2847c678e50381e5d9d
1776321276615,2026-04-16T06:34:36.615000+00:00,xyz:SILVER,A,80.283,12.45,Close Long,10.5576,0.089957,0xd89ee2fd791a83b2da18043942085602026300e3141da2847c678e50381e5d9d
1776321276615,2026-04-16T06:34:36.615000+00:00,xyz:SILVER,A,80.282,24.89,Close Long,21.08183,0.179839,0xd89ee2fd791a83b2da18043942085602026300e3141da2847c678e50381e5d9d
1776321276615,2026-04-16T06:34:36.615000+00:00,xyz:SILVER,A,80.282,2.47,Close Long,2.09209,0.017846,0xd89ee2fd791a83b2da18043942085602026300e3141da2847c678e50381e5d9d
1776321276615,2026-04-16T06:34:36.615000+00:00,xyz:SILVER,A,80.282,4.55,Close Long,3.85385,0.032875,0xd89ee2fd791a83b2da18043942085602026300e3141da2847c678e50381e5d9d
1776321276615,2026-04-16T06:34:36.615000+00:00,xyz:SILVER,A,80.282,12.45,Close Long,10.54515,0.089955,0xd89ee2fd791a83b2da18043942085602026300e3141da2847c678e50381e5d9d
1776321276615,2026-04-16T06:34:36.615000+00:00,xyz:SILVER,A,80.281,31.14,Close Long,26.34444,0.224995,0xd89ee2fd791a83b2da18043942085602026300e3141da2847c678e50381e5d9d
1776321276615,2026-04-16T06:34:36.615000+00:00,xyz:SILVER,A,80.28,6.23,Close Long,5.26435,0.045012,0xd89ee2fd791a83b2da18043942085602026300e3141da2847c678e50381e5d9d
1776321276615,2026-04-16T06:34:36.615000+00:00,xyz:SILVER,A,80.28,12.45,Close Long,10.52025,0.089953,0xd89ee2fd791a83b2da18043942085602026300e3141da2847c678e50381e5d9d
1776321276615,2026-04-16T06:34:36.615000+00:00,xyz:SILVER,A,80.279,24.9,Close Long,21.0156,0.179905,0xd89ee2fd791a83b2da18043942085602026300e3141da2847c678e50381e5d9d
1776321276615,2026-04-16T06:34:36.615000+00:00,xyz:SILVER,A,80.279,1692.19,Close Long,1428.20836,12.226258,0xd89ee2fd791a83b2da18043942085602026300e3141da2847c678e50381e5d9d
1776321276615,2026-04-16T06:34:36.615000+00:00,xyz:SILVER,A,80.278,12.45,Close Long,10.49535,0.089951,0xd89ee2fd791a83b2da18043942085602026300e3141da2847c678e50381e5d9d
1776321276615,2026-04-16T06:34:36.615000+00:00,xyz:SILVER,A,80.278,377.52,Close Long,318.24936,2.727589,0xd89ee2fd791a83b2da18043942085602026300e3141da2847c678e50381e5d9d
1776321276615,2026-04-16T06:34:36.615000+00:00,xyz:SILVER,A,80.277,2.47,Close Long,2.07974,0.017845,0xd89ee2fd791a83b2da18043942085602026300e3141da2847c678e50381e5d9d
1776321276615,2026-04-16T06:34:36.615000+00:00,xyz:SILVER,A,80.277,39.75,Close Long,33.4695,0.28719,0xd89ee2fd791a83b2da18043942085602026300e3141da2847c678e50381e5d9d
1776321276615,2026-04-16T06:34:36.615000+00:00,xyz:SILVER,A,80.276,0.55,Close Long,0.46255,0.003973,0xd89ee2fd791a83b2da18043942085602026300e3141da2847c678e50381e5d9d
1776321276615,2026-04-16T06:34:36.615000+00:00,xyz:SILVER,A,80.276,24.9,Close Long,20.9409,0.179898,0xd89ee2fd791a83b2da18043942085602026300e3141da2847c678e50381e5d9d
1776321276615,2026-04-16T06:34:36.615000+00:00,xyz:SILVER,A,80.276,12.45,Close Long,10.47045,0.089949,0xd89ee2fd791a83b2da18043942085602026300e3141da2847c678e50381e5d9d
1776321276615,2026-04-16T06:34:36.615000+00:00,xyz:SILVER,A,80.275,12.45,Close Long,10.458,0.089948,0xd89ee2fd791a83b2da18043942085602026300e3141da2847c678e50381e5d9d
1776321276615,2026-04-16T06:34:36.615000+00:00,xyz:SILVER,A,80.274,0.2,Close Long,0.1678,0.001444,0xd89ee2fd791a83b2da18043942085602026300e3141da2847c678e50381e5d9d
1776321276615,2026-04-16T06:34:36.615000+00:00,xyz:SILVER,A,80.274,6.23,Close Long,5.22697,0.045009,0xd89ee2fd791a83b2da18043942085602026300e3141da2847c678e50381e5d9d
1776321276615,2026-04-16T06:34:36.615000+00:00,xyz:SILVER,A,80.273,24.9,Close Long,20.8662,0.179891,0xd89ee2fd791a83b2da18043942085602026300e3141da2847c678e50381e5d9d
1776321276615,2026-04-16T06:34:36.615000+00:00,xyz:SILVER,A,80.273,12.45,Close Long,10.4331,0.089945,0xd89ee2fd791a83b2da18043942085602026300e3141da2847c678e50381e5d9d
1776321276615,2026-04-16T06:34:36.615000+00:00,xyz:SILVER,A,80.273,62.28,Close Long,52.19064,0.449946,0xd89ee2fd791a83b2da18043942085602026300e3141da2847c678e50381e5d9d
1776321276615,2026-04-16T06:34:36.615000+00:00,xyz:SILVER,A,80.272,8.12,Close Long,6.79644,0.058662,0xd89ee2fd791a83b2da18043942085602026300e3141da2847c678e50381e5d9d
1776347657540,2026-04-16T13:54:17.540000+00:00,xyz:SILVER,B,78.578,3.14,Open Long,0.0,0.022206,0xbbdb267ea7629773bd54043947ddbf020ac300644265b6455fa3d1d16666715e
1776347657540,2026-04-16T13:54:17.540000+00:00,xyz:SILVER,B,78.579,38.17,Open Long,0.0,0.269942,0xbbdb267ea7629773bd54043947ddbf020ac300644265b6455fa3d1d16666715e
1776347657540,2026-04-16T13:54:17.540000+00:00,xyz:SILVER,B,78.581,594.33,Open Long,0.0,4.203274,0xbbdb267ea7629773bd54043947ddbf020ac300644265b6455fa3d1d16666715e
1776347809795,2026-04-16T13:56:49.795000+00:00,xyz:SILVER,B,78.435,250.0,Open Long,0.0,1.764787,0xcc47ec9815637971cdc1043947e641020699007db0669843701097ead467535c
1776347809795,2026-04-16T13:56:49.795000+00:00,xyz:SILVER,B,78.436,1023.88,Open Long,0.0,7.227814,0xcc47ec9815637971cdc1043947e641020699007db0669843701097ead467535c
1776350451856,2026-04-16T14:40:51.856000+00:00,xyz:SILVER,B,78.2,460.62,Open Long,0.0,1.080614,0x8e51c4136544b5268fcb04394879cf02140100f90047d3f8321a6f6624488f11
1776350451856,2026-04-16T14:40:51.856000+00:00,xyz:SILVER,B,78.2,515.08,Open Long,0.0,1.208377,0xd04633a54a993d29d1bf04394879cf02141e008ae59c5bfb740edef8099d1714
1776350452085,2026-04-16T14:40:52.085000+00:00,xyz:SILVER,B,78.2,152.46,Open Long,0.0,0.357671,0xc6635efcd2a5a8cec7dd04394879d3020c3300e26da8c7a06a2c0a4f91a982b9
1776350452287,2026-04-16T14:40:52.287000+00:00,xyz:SILVER,B,78.2,150.61,Open Long,0.0,0.353331,0x12440d5f2bbe0b8a13bd04394879d6020d9d0044c6b12a5cb60cb8b1eab1e574
1776357226553,2026-04-16T16:33:46.553000+00:00,xyz:SILVER,A,78.422,1.28,Close Long,0.066432,0.009034,0xdf007a129c4c2750e07a043949f5f50209b300f8374f462282c925655b40013b
1776357226553,2026-04-16T16:33:46.553000+00:00,xyz:SILVER,A,78.421,0.14,Close Long,0.007126,0.000988,0xdf007a129c4c2750e07a043949f5f50209b300f8374f462282c925655b40013b
1776357226553,2026-04-16T16:33:46.553000+00:00,xyz:SILVER,A,78.417,2.28,Close Long,0.106932,0.016091,0xdf007a129c4c2750e07a043949f5f50209b300f8374f462282c925655b40013b
1776357226553,2026-04-16T16:33:46.553000+00:00,xyz:SILVER,A,78.412,1.28,Close Long,0.053632,0.009033,0xdf007a129c4c2750e07a043949f5f50209b300f8374f462282c925655b40013b
1776357226553,2026-04-16T16:33:46.553000+00:00,xyz:SILVER,A,78.41,0.17,Close Long,0.006783,0.001199,0xdf007a129c4c2750e07a043949f5f50209b300f8374f462282c925655b40013b
1776357226553,2026-04-16T16:33:46.553000+00:00,xyz:SILVER,A,78.409,410.19,Close Long,15.956391,2.894632,0xdf007a129c4c2750e07a043949f5f50209b300f8374f462282c925655b40013b
1776357226553,2026-04-16T16:33:46.553000+00:00,xyz:SILVER,A,78.403,4.7,Close Long,0.15463,0.033164,0xdf007a129c4c2750e07a043949f5f50209b300f8374f462282c925655b40013b
1776357226553,2026-04-16T16:33:46.553000+00:00,xyz:SILVER,A,78.402,0.25,Close Long,0.007975,0.001764,0xdf007a129c4c2750e07a043949f5f50209b300f8374f462282c925655b40013b
1776357226553,2026-04-16T16:33:46.553000+00:00,xyz:SILVER,A,78.402,2.53,Close Long,0.080707,0.017852,0xdf007a129c4c2750e07a043949f5f50209b300f8374f462282c925655b40013b
1776357226553,2026-04-16T16:33:46.553000+00:00,xyz:SILVER,A,78.401,0.25,Close Long,0.007725,0.001764,0xdf007a129c4c2750e07a043949f5f50209b300f8374f462282c925655b40013b
1776357226553,2026-04-16T16:33:46.553000+00:00,xyz:SILVER,A,78.4,1.0,Close Long,0.0299,0.007056,0xdf007a129c4c2750e07a043949f5f50209b300f8374f462282c925655b40013b
1776357226553,2026-04-16T16:33:46.553000+00:00,xyz:SILVER,A,78.397,2.29,Close Long,0.061601,0.016157,0xdf007a129c4c2750e07a043949f5f50209b300f8374f462282c925655b40013b
1776357226553,2026-04-16T16:33:46.553000+00:00,xyz:SILVER,A,78.395,254.98,Close Long,6.349002,1.799024,0xdf007a129c4c2750e07a043949f5f50209b300f8374f462282c925655b40013b
1776357226553,2026-04-16T16:33:46.553000+00:00,xyz:SILVER,A,78.394,36.93,Close Long,0.882627,0.260558,0xdf007a129c4c2750e07a043949f5f50209b300f8374f462282c925655b40013b
1776357226553,2026-04-16T16:33:46.553000+00:00,xyz:SILVER,A,78.392,0.15,Close Long,0.003285,0.001058,0xdf007a129c4c2750e07a043949f5f50209b300f8374f462282c925655b40013b
1776357226553,2026-04-16T16:33:46.553000+00:00,xyz:SILVER,A,78.391,0.16,Close Long,0.003344,0.001128,0xdf007a129c4c2750e07a043949f5f50209b300f8374f462282c925655b40013b
1776357226553,2026-04-16T16:33:46.553000+00:00,xyz:SILVER,A,78.391,90.4,Close Long,1.88936,0.637789,0xdf007a129c4c2750e07a043949f5f50209b300f8374f462282c925655b40013b
1776357226553,2026-04-16T16:33:46.553000+00:00,xyz:SILVER,A,78.391,421.16,Close Long,8.802244,2.971363,0xdf007a129c4c2750e07a043949f5f50209b300f8374f462282c925655b40013b
1776357226553,2026-04-16T16:33:46.553000+00:00,xyz:SILVER,A,78.39,51.02,Close Long,1.015298,0.359951,0xdf007a129c4c2750e07a043949f5f50209b300f8374f462282c925655b40013b
1776357226553,2026-04-16T16:33:46.553000+00:00,xyz:SILVER,A,78.389,44.42,Close Long,0.839538,0.313383,0xdf007a129c4c2750e07a043949f5f50209b300f8374f462282c925655b40013b
1776357226553,2026-04-16T16:33:46.553000+00:00,xyz:SILVER,A,78.387,2.29,Close Long,0.038701,0.016155,0xdf007a129c4c2750e07a043949f5f50209b300f8374f462282c925655b40013b
1776357226553,2026-04-16T16:33:46.553000+00:00,xyz:SILVER,A,78.387,48.25,Close Long,0.815425,0.340395,0xdf007a129c4c2750e07a043949f5f50209b300f8374f462282c925655b40013b
1776357226553,2026-04-16T16:33:46.553000+00:00,xyz:SILVER,A,78.386,25.51,Close Long,0.405609,0.179966,0xdf007a129c4c2750e07a043949f5f50209b300f8374f462282c925655b40013b
1776357226553,2026-04-16T16:33:46.553000+00:00,xyz:SILVER,A,78.385,254.09,Close Long,3.785941,1.792516,0xdf007a129c4c2750e07a043949f5f50209b300f8374f462282c925655b40013b
1776357226553,2026-04-16T16:33:46.553000+00:00,xyz:SILVER,A,78.385,25.49,Close Long,0.379801,0.179823,0xdf007a129c4c2750e07a043949f5f50209b300f8374f462282c925655b40013b
1776357226553,2026-04-16T16:33:46.553000+00:00,xyz:SILVER,A,78.381,25.51,Close Long,0.278059,0.179954,0xdf007a129c4c2750e07a043949f5f50209b300f8374f462282c925655b40013b
1776357226553,2026-04-16T16:33:46.553000+00:00,xyz:SILVER,A,78.38,15.13,Close Long,0.149787,0.10673,0xdf007a129c4c2750e07a043949f5f50209b300f8374f462282c925655b40013b
1776357226553,2026-04-16T16:33:46.553000+00:00,xyz:SILVER,A,78.378,26.45,Close Long,0.208955,0.186578,0xdf007a129c4c2750e07a043949f5f50209b300f8374f462282c925655b40013b
1776357226553,2026-04-16T16:33:46.553000+00:00,xyz:SILVER,A,78.377,2.29,Close Long,0.015801,0.016153,0xdf007a129c4c2750e07a043949f5f50209b300f8374f462282c925655b40013b
1776357226553,2026-04-16T16:33:46.553000+00:00,xyz:SILVER,A,78.376,172.91,Close Long,1.020169,1.219679,0xdf007a129c4c2750e07a043949f5f50209b300f8374f462282c925655b40013b
1776357226553,2026-04-16T16:33:46.553000+00:00,xyz:SILVER,A,78.376,283.15,Close Long,1.670585,1.997294,0xdf007a129c4c2750e07a043949f5f50209b300f8374f462282c925655b40013b
1776357226553,2026-04-16T16:33:46.553000+00:00,xyz:SILVER,A,78.375,2.29,Close Long,0.011221,0.016153,0xdf007a129c4c2750e07a043949f5f50209b300f8374f462282c925655b40013b
1776357226553,2026-04-16T16:33:46.553000+00:00,xyz:SILVER,A,78.375,979.35,Close Long,4.798815,6.90809,0xdf007a129c4c2750e07a043949f5f50209b300f8374f462282c925655b40013b
1776360811553,2026-04-16T17:33:31.553000+00:00,xyz:SILVER,B,78.35,5.1,Open Long,0.0,0.011987,0xdf3e71f4a488b7d2e0b804394abf45020e4700da3f8bd6a483071d47638c91bd
1776360811553,2026-04-16T17:33:31.553000+00:00,xyz:SILVER,B,78.35,38.2,Open Long,0.0,0.089789,0xdf3e71f4a488b7d2e0b804394abf45020e4700da3f8bd6a483071d47638c91bd
1776360811744,2026-04-16T17:33:31.744000+00:00,xyz:SILVER,B,78.35,0.14,Open Long,0.0,0.000329,0x6bb7c9e62fcf40036d3104394abf480207cc00cbcac25ed50f807538eec319ee
1776360812761,2026-04-16T17:33:32.761000+00:00,xyz:SILVER,B,78.35,950.37,Open Long,0.0,2.233844,0xadfe0edf98468376af7704394abf5702050900c53349a24851c6ba32574a5d61
1776360812761,2026-04-16T17:33:32.761000+00:00,xyz:SILVER,B,78.35,0.68,Open Long,0.0,0.001598,0x794be94bfe8b8d657ac504394abf5702050d0031998eac371d14949ebd8f6750
1776360812761,2026-04-16T17:33:32.761000+00:00,xyz:SILVER,B,78.35,33.47,Open Long,0.0,0.078671,0x6746f6985635bad568c004394abf57020940007df138d9a70b0fa1eb153994c0
1776360812826,2026-04-16T17:33:32.826000+00:00,xyz:SILVER,B,78.35,153.62,Open Long,0.0,0.361083,0xd9c1d30a44a697c9db3b04394abf580203fa00efdfa9b69b7d8a7e5d03aa71b4
1776360813247,2026-04-16T17:33:33.247000+00:00,xyz:SILVER,B,78.35,4.15,Open Long,0.0,0.009754,0x5fd5614ab2684e8e614f04394abf5e02089800304d6b6d60039e0c9d716c2879
1776360813247,2026-04-16T17:33:33.247000+00:00,xyz:SILVER,B,78.35,1000.0,Open Long,0.0,2.3505,0xc57c4e80e58ad385c6f604394abf5e02089a0066808df2576944f9d3a48ead70
1776360813394,2026-04-16T17:33:33.394000+00:00,xyz:SILVER,B,78.35,60.85,Open Long,0.0,0.143027,0x9e348103957e0c539fae04394abf6002056700e930712b2541fd2c565471e63e
1776360813394,2026-04-16T17:33:33.394000+00:00,xyz:SILVER,B,78.35,9.04,Open Long,0.0,0.021248,0x5107f79eaf0f4ecf528104394abf6002056800844a026da1f4d0a2f16e0328b9
1776360813394,2026-04-16T17:33:33.394000+00:00,xyz:SILVER,B,78.35,4.55,Open Long,0.0,0.010694,0xb6aee4d4e221d3c6b82804394abf6002056a00ba7d24f2985a779027a125adb1
1776360813394,2026-04-16T17:33:33.394000+00:00,xyz:SILVER,B,78.35,11.85,Open Long,0.0,0.027853,0x69825b6ffbb316426afc04394abf6002056b005596b635140d4b06c2bab6f02d
1776360813394,2026-04-16T17:33:33.394000+00:00,xyz:SILVER,B,78.35,10.53,Open Long,0.0,0.02475,0x1c55d20b154458be1dcf04394abf6002056c00f0b0477790c01e7d5dd44832a8
1776360813394,2026-04-16T17:33:33.394000+00:00,xyz:SILVER,B,78.35,6.03,Open Long,0.0,0.014173,0xcf2948a62ed59b39d0a304394abf6002056d008bc9d8ba0b72f1f3f8edd97524
1776360813394,2026-04-16T17:33:33.394000+00:00,xyz:SILVER,B,78.35,5.42,Open Long,0.0,0.012739,0x81fcbf414866ddb5837604394abf6002056e0026e369fc8725c56a94076ab7a0
1776360813394,2026-04-16T17:33:33.394000+00:00,xyz:SILVER,B,78.35,5.22,Open Long,0.0,0.012269,0x34d035dc61f82031364904394abf6002056f00c1fcfb3f03d898e12f20fbfa1b
1776360813394,2026-04-16T17:33:33.394000+00:00,xyz:SILVER,B,78.35,1.43,Open Long,0.0,0.003361,0xe7a3ac777b8962ace91d04394abf60020570005d168c817e8b6c57ca3a8d3c97
1776360813394,2026-04-16T17:33:33.394000+00:00,xyz:SILVER,B,78.35,5.73,Open Long,0.0,0.013468,0x9a772312951aa5289bf004394abf6002057100f8301dc3fa3e3fce65541e7f13
1776360813394,2026-04-16T17:33:33.394000+00:00,xyz:SILVER,B,78.35,4.62,Open Long,0.0,0.010859,0x4d4a99adaeabe7a44ec404394abf60020572009349af0676f11345006dafc18e
1776360813394,2026-04-16T17:33:33.394000+00:00,xyz:SILVER,B,78.35,2.91,Open Long,0.0,0.006839,0x001e1048c83d2a20019704394abf60020573002e633048f2a3e6bb9b8731040a
1776360813394,2026-04-16T17:33:33.394000+00:00,xyz:SILVER,B,78.35,3.39,Open Long,0.0,0.007968,0xb2f186e3e1ce6c9bb46b04394abf6002057400c97cc18b6d56ba3236a0c24686
1776360813394,2026-04-16T17:33:33.394000+00:00,xyz:SILVER,B,78.35,4.15,Open Long,0.0,0.009754,0x30648f8c99b7314a31de04394abf60020a4b007234ba501cd42d3adf58bb0b34
