time,datetime,coin,side,px,sz,dir,closedPnl,fee,hash
1760454349066,2025-10-14T15:05:49.066000+00:00,@107,B,38.96,1.02,Buy,0.0,0.00068543,0x9e81d6bb80180a4b9ffb042d77f55a02043f00a11b1b291d424a820e3f1be436
1760512270198,2025-10-15T07:11:10.198000+00:00,XPL,B,0.4827,207.0,Open Long,0.0,0.043164,0x46b6587c9c070e7d4830042d82e2f801c0007062370a2d4fea7f03cf5b0ae867
1760512270198,2025-10-15T07:11:10.198000+00:00,XPL,B,0.48275,1853.0,Open Long,0.0,0.386439,0x46b6587c9c070e7d4830042d82e2f801c0007062370a2d4fea7f03cf5b0ae867
1760512270198,2025-10-15T07:11:10.198000+00:00,XPL,B,0.48276,5176.0,Open Long,0.0,1.079466,0x46b6587c9c070e7d4830042d82e2f801c0007062370a2d4fea7f03cf5b0ae867
1760512270198,2025-10-15T07:11:10.198000+00:00,XPL,B,0.48276,1031.0,Open Long,0.0,0.215017,0x46b6587c9c070e7d4830042d82e2f801c0007062370a2d4fea7f03cf5b0ae867
1760512270198,2025-10-15T07:11:10.198000+00:00,XPL,B,0.4828,2071.0,Open Long,0.0,0.431947,0x46b6587c9c070e7d4830042d82e2f801c0007062370a2d4fea7f03cf5b0ae867
1760512270198,2025-10-15T07:11:10.198000+00:00,XPL,B,0.48281,2836.0,Open Long,0.0,0.591515,0x46b6587c9c070e7d4830042d82e2f801c0007062370a2d4fea7f03cf5b0ae867
1760512270198,2025-10-15T07:11:10.198000+00:00,XPL,B,0.48282,20734.0,Open Long,0.0,4.324661,0x46b6587c9c070e7d4830042d82e2f801c0007062370a2d4fea7f03cf5b0ae867
1760512270198,2025-10-15T07:11:10.198000+00:00,XPL,B,0.48285,4142.0,Open Long,0.0,0.863984,0x46b6587c9c070e7d4830042d82e2f801c0007062370a2d4fea7f03cf5b0ae867
1760512270198,2025-10-15T07:11:10.198000+00:00,XPL,B,0.48285,1990.0,Open Long,0.0,0.415096,0x46b6587c9c070e7d4830042d82e2f801c0007062370a2d4fea7f03cf5b0ae867
1760512270198,2025-10-15T07:11:10.198000+00:00,XPL,B,0.48287,1614.0,Open Long,0.0,0.33668,0x46b6587c9c070e7d4830042d82e2f801c0007062370a2d4fea7f03cf5b0ae867
1760512270198,2025-10-15T07:11:10.198000+00:00,XPL,B,0.48287,390.0,Open Long,0.0,0.081353,0x46b6587c9c070e7d4830042d82e2f801c0007062370a2d4fea7f03cf5b0ae867
1760512270198,2025-10-15T07:11:10.198000+00:00,XPL,B,0.48288,1504.0,Open Long,0.0,0.31374,0x46b6587c9c070e7d4830042d82e2f801c0007062370a2d4fea7f03cf5b0ae867
1760512270198,2025-10-15T07:11:10.198000+00:00,XPL,B,0.48289,1990.0,Open Long,0.0,0.41513,0x46b6587c9c070e7d4830042d82e2f801c0007062370a2d4fea7f03cf5b0ae867
1760512270198,2025-10-15T07:11:10.198000+00:00,XPL,B,0.4829,390.0,Open Long,0.0,0.081358,0x46b6587c9c070e7d4830042d82e2f801c0007062370a2d4fea7f03cf5b0ae867
1760512270198,2025-10-15T07:11:10.198000+00:00,XPL,B,0.4829,390.0,Open Long,0.0,0.081358,0x46b6587c9c070e7d4830042d82e2f801c0007062370a2d4fea7f03cf5b0ae867
1760512270198,2025-10-15T07:11:10.198000+00:00,XPL,B,0.48292,5980.0,Open Long,0.0,1.247556,0x46b6587c9c070e7d4830042d82e2f801c0007062370a2d4fea7f03cf5b0ae867
1760512270198,2025-10-15T07:11:10.198000+00:00,XPL,B,0.48295,1989.0,Open Long,0.0,0.414973,0x46b6587c9c070e7d4830042d82e2f801c0007062370a2d4fea7f03cf5b0ae867
1760512270198,2025-10-15T07:11:10.198000+00:00,XPL,B,0.48298,16561.0,Open Long,0.0,3.455408,0x46b6587c9c070e7d4830042d82e2f801c0007062370a2d4fea7f03cf5b0ae867
1760512270198,2025-10-15T07:11:10.198000+00:00,XPL,B,0.48299,2308.0,Open Long,0.0,0.481568,0x46b6587c9c070e7d4830042d82e2f801c0007062370a2d4fea7f03cf5b0ae867
1760512270198,2025-10-15T07:11:10.198000+00:00,XPL,B,0.48299,5000.0,Open Long,0.0,1.043258,0x46b6587c9c070e7d4830042d82e2f801c0007062370a2d4fea7f03cf5b0ae867
1760512270198,2025-10-15T07:11:10.198000+00:00,XPL,B,0.48299,39717.0,Open Long,0.0,8.287018,0x46b6587c9c070e7d4830042d82e2f801c0007062370a2d4fea7f03cf5b0ae867
1760512695432,2025-10-15T07:18:15.432000+00:00,XPL,A,0.48649,3207.0,Close Long,11.458611,0.673994,0x907f76bbfc5423f691f9042d82f7ac02018900a1975742c83448220ebb57fde1
1760512695432,2025-10-15T07:18:15.432000+00:00,XPL,A,0.48649,4112.0,Close Long,14.692176,0.864193,0x907f76bbfc5423f691f9042d82f7ac02018900a1975742c83448220ebb57fde1
1760512695432,2025-10-15T07:18:15.432000+00:00,XPL,A,0.48648,3207.0,Close Long,11.426541,0.673981,0x907f76bbfc5423f691f9042d82f7ac02018900a1975742c83448220ebb57fde1
1760512695432,2025-10-15T07:18:15.432000+00:00,XPL,A,0.48648,4112.0,Close Long,14.651056,0.864175,0x907f76bbfc5423f691f9042d82f7ac02018900a1975742c83448220ebb57fde1
1760512695432,2025-10-15T07:18:15.432000+00:00,XPL,A,0.48647,3207.0,Close Long,11.394471,0.673967,0x907f76bbfc5423f691f9042d82f7ac02018900a1975742c83448220ebb57fde1
1760512695432,2025-10-15T07:18:15.432000+00:00,XPL,A,0.48647,4112.0,Close Long,14.609936,0.864157,0x907f76bbfc5423f691f9042d82f7ac02018900a1975742c83448220ebb57fde1
1760512695432,2025-10-15T07:18:15.432000+00:00,XPL,A,0.48647,4112.0,Close Long,14.609936,0.864157,0x907f76bbfc5423f691f9042d82f7ac02018900a1975742c83448220ebb57fde1
1760512695432,2025-10-15T07:18:15.432000+00:00,XPL,A,0.48646,3207.0,Close Long,11.362401,0.673953,0x907f76bbfc5423f691f9042d82f7ac02018900a1975742c83448220ebb57fde1
1760512695432,2025-10-15T07:18:15.432000+00:00,XPL,A,0.48646,4112.0,Close Long,14.568816,0.864139,0x907f76bbfc5423f691f9042d82f7ac02018900a1975742c83448220ebb57fde1
1760512695432,2025-10-15T07:18:15.432000+00:00,XPL,A,0.48646,4112.0,Close Long,14.568816,0.864139,0x907f76bbfc5423f691f9042d82f7ac02018900a1975742c83448220ebb57fde1
1760512695432,2025-10-15T07:18:15.432000+00:00,XPL,A,0.48645,3207.0,Close Long,11.330331,0.673939,0x907f76bbfc5423f691f9042d82f7ac02018900a1975742c83448220ebb57fde1
1760512695432,2025-10-15T07:18:15.432000+00:00,XPL,A,0.48645,4112.0,Close Long,14.527696,0.864121,0x907f76bbfc5423f691f9042d82f7ac02018900a1975742c83448220ebb57fde1
1760512695432,2025-10-15T07:18:15.432000+00:00,XPL,A,0.48645,4112.0,Close Long,14.527696,0.864121,0x907f76bbfc5423f691f9042d82f7ac02018900a1975742c83448220ebb57fde1
1760512695432,2025-10-15T07:18:15.432000+00:00,XPL,A,0.48644,2803.0,Close Long,9.874969,0.589028,0x907f76bbfc5423f691f9042d82f7ac02018900a1975742c83448220ebb57fde1
1760512695432,2025-10-15T07:18:15.432000+00:00,XPL,A,0.48644,2308.0,Close Long,8.131084,0.485007,0x907f76bbfc5423f691f9042d82f7ac02018900a1975742c83448220ebb57fde1
1760512695432,2025-10-15T07:18:15.432000+00:00,XPL,A,0.48644,5134.0,Close Long,18.087082,1.078869,0x907f76bbfc5423f691f9042d82f7ac02018900a1975742c83448220ebb57fde1
1760512695432,2025-10-15T07:18:15.432000+00:00,XPL,A,0.48644,3207.0,Close Long,11.298261,0.673925,0x907f76bbfc5423f691f9042d82f7ac02018900a1975742c83448220ebb57fde1
1760512695432,2025-10-15T07:18:15.432000+00:00,XPL,A,0.48644,8787.0,Close Long,30.956601,1.846518,0x907f76bbfc5423f691f9042d82f7ac02018900a1975742c83448220ebb57fde1
1760512695432,2025-10-15T07:18:15.432000+00:00,XPL,A,0.48644,1809.0,Close Long,6.373107,0.380147,0x907f76bbfc5423f691f9042d82f7ac02018900a1975742c83448220ebb57fde1
1760512695432,2025-10-15T07:18:15.432000+00:00,XPL,A,0.48644,8208.0,Close Long,28.916784,1.724846,0x907f76bbfc5423f691f9042d82f7ac02018900a1975742c83448220ebb57fde1
1760512695432,2025-10-15T07:18:15.432000+00:00,XPL,A,0.48635,962.0,Close Long,3.302546,0.202119,0x907f76bbfc5423f691f9042d82f7ac02018900a1975742c83448220ebb57fde1
1760512695432,2025-10-15T07:18:15.432000+00:00,XPL,A,0.48633,577.0,Close Long,1.969301,0.121224,0x907f76bbfc5423f691f9042d82f7ac02018900a1975742c83448220ebb57fde1
1760512695432,2025-10-15T07:18:15.432000+00:00,XPL,A,0.48633,11860.0,Close Long,40.47818,2.491721,0x907f76bbfc5423f691f9042d82f7ac02018900a1975742c83448220ebb57fde1
1760512695432,2025-10-15T07:18:15.432000+00:00,XPL,A,0.4863,205.0,Close Long,0.693515,0.043066,0x907f76bbfc5423f691f9042d82f7ac02018900a1975742c83448220ebb57fde1
1760512695432,2025-10-15T07:18:15.432000+00:00,XPL,A,0.48621,23082.0,Close Long,76.009026,4.848206,0x907f76bbfc5423f691f9042d82f7ac02018900a1975742c83448220ebb57fde1
1760512917112,2025-10-15T07:21:57.112000+00:00,XPL,B,0.48704,1819.0,Open Long,0.0,0.382719,0xed850e2cf9569ee8eefe042d8302c20203eb00129459bdba914db97fb85a78d3
1760512917112,2025-10-15T07:21:57.112000+00:00,XPL,B,0.48738,5000.0,Open Long,0.0,1.05274,0xed850e2cf9569ee8eefe042d8302c20203eb00129459bdba914db97fb85a78d3
1760512917112,2025-10-15T07:21:57.112000+00:00,XPL,B,0.48738,3402.0,Open Long,0.0,0.716284,0xed850e2cf9569ee8eefe042d8302c20203eb00129459bdba914db97fb85a78d3
1760512917112,2025-10-15T07:21:57.112000+00:00,XPL,B,0.48739,951.0,Open Long,0.0,0.200235,0xed850e2cf9569ee8eefe042d8302c20203eb00129459bdba914db97fb85a78d3
1760512917112,2025-10-15T07:21:57.112000+00:00,XPL,B,0.4874,2051.0,Open Long,0.0,0.431851,0xed850e2cf9569ee8eefe042d8302c20203eb00129459bdba914db97fb85a78d3
1760512917112,2025-10-15T07:21:57.112000+00:00,XPL,B,0.48742,11640.0,Open Long,0.0,2.450981,0xed850e2cf9569ee8eefe042d8302c20203eb00129459bdba914db97fb85a78d3
1760512917112,2025-10-15T07:21:57.112000+00:00,XPL,B,0.48743,577.0,Open Long,0.0,0.121498,0xed850e2cf9569ee8eefe042d8302c20203eb00129459bdba914db97fb85a78d3
1760512917112,2025-10-15T07:21:57.112000+00:00,XPL,B,0.48743,20088.0,Open Long,0.0,4.229925,0xed850e2cf9569ee8eefe042d8302c20203eb00129459bdba914db97fb85a78d3
1760512917112,2025-10-15T07:21:57.112000+00:00,XPL,B,0.4875,1266.0,Open Long,0.0,0.266619,0xed850e2cf9569ee8eefe042d8302c20203eb00129459bdba914db97fb85a78d3
1760512917112,2025-10-15T07:21:57.112000+00:00,XPL,B,0.48753,1128.0,Open Long,0.0,0.237571,0xed850e2cf9569ee8eefe042d8302c20203eb00129459bdba914db97fb85a78d3
1760512917112,2025-10-15T07:21:57.112000+00:00,XPL,B,0.48754,11638.0,Open Long,0.0,2.451163,0xed850e2cf9569ee8eefe042d8302c20203eb00129459bdba914db97fb85a78d3
1760512917112,2025-10-15T07:21:57.112000+00:00,XPL,B,0.48759,11636.0,Open Long,0.0,2.450994,0xed850e2cf9569ee8eefe042d8302c20203eb00129459bdba914db97fb85a78d3
1760512917112,2025-10-15T07:21:57.112000+00:00,XPL,B,0.48765,380.0,Open Long,0.0,0.080052,0xed850e2cf9569ee8eefe042d8302c20203eb00129459bdba914db97fb85a78d3
1760512917112,2025-10-15T07:21:57.112000+00:00,XPL,B,0.48766,17454.0,Open Long,0.0,3.677018,0xed850e2cf9569ee8eefe042d8302c20203eb00129459bdba914db97fb85a78d3
1760512917112,2025-10-15T07:21:57.112000+00:00,XPL,B,0.48767,2563.0,Open Long,0.0,0.539956,0xed850e2cf9569ee8eefe042d8302c20203eb00129459bdba914db97fb85a78d3
1760512917112,2025-10-15T07:21:57.112000+00:00,XPL,B,0.4877,11634.0,Open Long,0.0,2.451125,0xed850e2cf9569ee8eefe042d8302c20203eb00129459bdba914db97fb85a78d3
1760512917112,2025-10-15T07:21:57.112000+00:00,XPL,B,0.48771,1537.0,Open Long,0.0,0.323831,0xed850e2cf9569ee8eefe042d8302c20203eb00129459bdba914db97fb85a78d3
1760512917112,2025-10-15T07:21:57.112000+00:00,XPL,B,0.48772,5000.0,Open Long,0.0,1.053475,0xed850e2cf9569ee8eefe042d8302c20203eb00129459bdba914db97fb85a78d3
1760512917112,2025-10-15T07:21:57.112000+00:00,XPL,B,0.48773,1453.0,Open Long,0.0,0.306146,0xed850e2cf9569ee8eefe042d8302c20203eb00129459bdba914db97fb85a78d3
1760512917112,2025-10-15T07:21:57.112000+00:00,XPL,B,0.48774,2077.0,Open Long,0.0,0.437631,0xed850e2cf9569ee8eefe042d8302c20203eb00129459bdba914db97fb85a78d3
1760512917112,2025-10-15T07:21:57.112000+00:00,XPL,B,0.48778,3907.0,Open Long,0.0,0.823286,0xed850e2cf9569ee8eefe042d8302c20203eb00129459bdba914db97fb85a78d3
1760515052812,2025-10-15T07:57:32.812000+00:00,XPL,A,0.4906,203.0,Close Long,0.61915,0.043023,0xfa6be9e122e4a6fefbe5042d836abd0205c500c6bde7c5d19e349533e1e880e9
1760515052812,2025-10-15T07:57:32.812000+00:00,XPL,A,0.4905,2038.0,Close Long,6.0121,0.431844,0xfa6be9e122e4a6fefbe5042d836abd0205c500c6bde7c5d19e349533e1e880e9
1760515052812,2025-10-15T07:57:32.812000+00:00,XPL,A,0.49048,577.0,Close Long,1.69061,0.122259,0xfa6be9e122e4a6fefbe5042d836abd0205c500c6bde7c5d19e349533e1e880e9
1760515052812,2025-10-15T07:57:32.812000+00:00,XPL,A,0.49047,2242.0,Close Long,6.54664,0.475041,0xfa6be9e122e4a6fefbe5042d836abd0205c500c6bde7c5d19e349533e1e880e9
1760515052812,2025-10-15T07:57:32.812000+00:00,XPL,A,0.49032,13546.0,Close Long,37.52242,2.869289,0xfa6be9e122e4a6fefbe5042d836abd0205c500c6bde7c5d19e349533e1e880e9
1760515052812,2025-10-15T07:57:32.812000+00:00,XPL,A,0.49031,1637.0,Close Long,4.51812,0.346739,0xfa6be9e122e4a6fefbe5042d836abd0205c500c6bde7c5d19e349533e1e880e9
1760515052812,2025-10-15T07:57:32.812000+00:00,XPL,A,0.49031,1701.0,Close Long,4.69476,0.360295,0xfa6be9e122e4a6fefbe5042d836abd0205c500c6bde7c5d19e349533e1e880e9
1760515052812,2025-10-15T07:57:32.812000+00:00,XPL,A,0.4903,2208.0,Close Long,6.072,0.467675,0xfa6be9e122e4a6fefbe5042d836abd0205c500c6bde7c5d19e349533e1e880e9
1760515052812,2025-10-15T07:57:32.812000+00:00,XPL,A,0.4903,817.0,Close Long,2.24675,0.173048,0xfa6be9e122e4a6fefbe5042d836abd0205c500c6bde7c5d19e349533e1e880e9
1760515052812,2025-10-15T07:57:32.812000+00:00,XPL,A,0.49028,5096.0,Close Long,13.91208,1.079337,0xfa6be9e122e4a6fefbe5042d836abd0205c500c6bde7c5d19e349533e1e880e9
1760515052812,2025-10-15T07:57:32.812000+00:00,XPL,A,0.49027,1637.0,Close Long,4.45264,0.346711,0xfa6be9e122e4a6fefbe5042d836abd0205c500c6bde7c5d19e349533e1e880e9
1760515052812,2025-10-15T07:57:32.812000+00:00,XPL,A,0.49024,1637.0,Close Long,4.40353,0.346689,0xfa6be9e122e4a6fefbe5042d836abd0205c500c6bde7c5d19e349533e1e880e9
1760515052812,2025-10-15T07:57:32.812000+00:00,XPL,A,0.49021,1637.0,Close Long,4.35442,0.346668,0xfa6be9e122e4a6fefbe5042d836abd0205c500c6bde7c5d19e349533e1e880e9
1760515052812,2025-10-15T07:57:32.812000+00:00,XPL,A,0.49019,1637.0,Close Long,4.32168,0.346654,0xfa6be9e122e4a6fefbe5042d836abd0205c500c6bde7c5d19e349533e1e880e9
1760515052812,2025-10-15T07:57:32.812000+00:00,XPL,A,0.49017,4033.0,Close Long,10.56646,0.854001,0xfa6be9e122e4a6fefbe5042d836abd0205c500c6bde7c5d19e349533e1e880e9
1760515052812,2025-10-15T07:57:32.812000+00:00,XPL,A,0.49015,1637.0,Close Long,4.2562,0.346626,0xfa6be9e122e4a6fefbe5042d836abd0205c500c6bde7c5d19e349533e1e880e9
1760515052812,2025-10-15T07:57:32.812000+00:00,XPL,A,0.49012,20734.0,Close Long,53.28638,4.390047,0xfa6be9e122e4a6fefbe5042d836abd0205c500c6bde7c5d19e349533e1e880e9
1760515052812,2025-10-15T07:57:32.812000+00:00,XPL,A,0.49011,16729.0,Close Long,42.82624,3.541989,0xfa6be9e122e4a6fefbe5042d836abd0205c500c6bde7c5d19e349533e1e880e9
1760515052812,2025-10-15T07:57:32.812000+00:00,XPL,A,0.49011,1637.0,Close Long,4.19072,0.346597,0xfa6be9e122e4a6fefbe5042d836abd0205c500c6bde7c5d19e349533e1e880e9
1760515052812,2025-10-15T07:57:32.812000+00:00,XPL,A,0.49009,6035.0,Close Long,15.3289,1.277723,0xfa6be9e122e4a6fefbe5042d836abd0205c500c6bde7c5d19e349533e1e880e9
1760515052812,2025-10-15T07:57:32.812000+00:00,XPL,A,0.49009,16312.0,Close Long,41.43248,3.453558,0xfa6be9e122e4a6fefbe5042d836abd0205c500c6bde7c5d19e349533e1e880e9
1760515052812,2025-10-15T07:57:32.812000+00:00,XPL,A,0.49008,2144.0,Close Long,5.42432,0.453916,0xfa6be9e122e4a6fefbe5042d836abd0205c500c6bde7c5d19e349533e1e880e9
1760515052812,2025-10-15T07:57:32.812000+00:00,XPL,A,0.49007,1637.0,Close Long,4.12524,0.346569,0xfa6be9e122e4a6fefbe5042d836abd0205c500c6bde7c5d19e349533e1e880e9
1760515052812,2025-10-15T07:57:32.812000+00:00,XPL,A,0.49005,5000.0,Close Long,12.5,1.058508,0xfa6be9e122e4a6fefbe5042d836abd0205c500c6bde7c5d19e349533e1e880e9
1760515052812,2025-10-15T07:57:32.812000+00:00,XPL,A,0.49004,4690.0,Close Long,11.6781,0.99286,0xfa6be9e122e4a6fefbe5042d836abd0205c500c6bde7c5d19e349533e1e880e9
1760515869450,2025-10-15T08:11:09.450000+00:00,XPL,B,0.49136,1606.0,Open Long,0.0,0.340901,0x73a890b5cc0f81907522042d83930e0204d2009b6702a06217713c088b035b7b
1760515869450,2025-10-15T08:11:09.450000+00:00,XPL,B,0.49154,596.0,Open Long,0.0,0.126557,0x73a890b5cc0f81907522042d83930e0204d2009b6702a06217713c088b035b7b
1760515869450,2025-10-15T08:11:09.450000+00:00,XPL,B,0.49155,596.0,Open Long,0.0,0.12656,0x73a890b5cc0f81907522042d83930e0204d2009b6702a06217713c088b035b7b
1760515869450,2025-10-15T08:11:09.450000+00:00,XPL,B,0.49156,596.0,Open Long,0.0,0.126562,0x73a890b5cc0f81907522042d83930e0204d2009b6702a06217713c088b035b7b
1760515869450,2025-10-15T08:11:09.450000+00:00,XPL,B,0.49157,596.0,Open Long,0.0,0.126565,0x73a890b5cc0f81907522042d83930e0204d2009b6702a06217713c088b035b7b
1760515869450,2025-10-15T08:11:09.450000+00:00,XPL,B,0.49158,596.0,Open Long,0.0,0.126568,0x73a890b5cc0f81907522042d83930e0204d2009b6702a06217713c088b035b7b
1760515869450,2025-10-15T08:11:09.450000+00:00,XPL,B,0.49159,380.0,Open Long,0.0,0.080699,0x73a890b5cc0f81907522042d83930e0204d2009b6702a06217713c088b035b7b
1760515869450,2025-10-15T08:11:09.450000+00:00,XPL,B,0.49159,1530.0,Open Long,0.0,0.324921,0x73a890b5cc0f81907522042d83930e0204d2009b6702a06217713c088b035b7b
1760515869450,2025-10-15T08:11:09.450000+00:00,XPL,B,0.49159,1517.0,Open Long,0.0,0.32216,0x73a890b5cc0f81907522042d83930e0204d2009b6702a06217713c088b035b7b
1760515869450,2025-10-15T08:11:09.450000+00:00,XPL,B,0.49159,3011.0,Open Long,0.0,0.639436,0x73a890b5cc0f81907522042d83930e0204d2009b6702a06217713c088b035b7b
1760515869450,2025-10-15T08:11:09.450000+00:00,XPL,B,0.49159,1933.0,Open Long,0.0,0.410505,0x73a890b5cc0f81907522042d83930e0204d2009b6702a06217713c088b035b7b
1760515869450,2025-10-15T08:11:09.450000+00:00,XPL,B,0.49159,596.0,Open Long,0.0,0.12657,0x73a890b5cc0f81907522042d83930e0204d2009b6702a06217713c088b035b7b
1760515869450,2025-10-15T08:11:09.450000+00:00,XPL,B,0.49159,5000.0,Open Long,0.0,1.061834,0x73a890b5cc0f81907522042d83930e0204d2009b6702a06217713c088b035b7b
1760515869450,2025-10-15T08:11:09.450000+00:00,XPL,B,0.49159,2019.0,Open Long,0.0,0.428768,0x73a890b5cc0f81907522042d83930e0204d2009b6702a06217713c088b035b7b
1760515869450,2025-10-15T08:11:09.450000+00:00,XPL,B,0.49159,2374.0,Open Long,0.0,0.504158,0x73a890b5cc0f81907522042d83930e0204d2009b6702a06217713c088b035b7b
1760515869450,2025-10-15T08:11:09.450000+00:00,XPL,B,0.49159,2152.0,Open Long,0.0,0.457013,0x73a890b5cc0f81907522042d83930e0204d2009b6702a06217713c088b035b7b
1760515869450,2025-10-15T08:11:09.450000+00:00,XPL,B,0.4916,203.0,Open Long,0.0,0.043111,0x73a890b5cc0f81907522042d83930e0204d2009b6702a06217713c088b035b7b
1760515869450,2025-10-15T08:11:09.450000+00:00,XPL,B,0.49166,4119.0,Open Long,0.0,0.874863,0x73a890b5cc0f81907522042d83930e0204d2009b6702a06217713c088b035b7b
1760515869450,2025-10-15T08:11:09.450000+00:00,XPL,B,0.49166,12400.0,Open Long,0.0,2.633724,0x73a890b5cc0f81907522042d83930e0204d2009b6702a06217713c088b035b7b
1760515869450,2025-10-15T08:11:09.450000+00:00,XPL,B,0.49169,4068.0,Open Long,0.0,0.864084,0x73a890b5cc0f81907522042d83930e0204d2009b6702a06217713c088b035b7b
1760515869450,2025-10-15T08:11:09.450000+00:00,XPL,B,0.4917,2033.0,Open Long,0.0,0.431838,0x73a890b5cc0f81907522042d83930e0204d2009b6702a06217713c088b035b7b
1760515869450,2025-10-15T08:11:09.450000+00:00,XPL,B,0.49175,577.0,Open Long,0.0,0.122575,0x73a890b5cc0f81907522042d83930e0204d2009b6702a06217713c088b035b7b
1760515869450,2025-10-15T08:11:09.450000+00:00,XPL,B,0.49178,3000.0,Open Long,0.0,0.637346,0x73a890b5cc0f81907522042d83930e0204d2009b6702a06217713c088b035b7b
1760515869450,2025-10-15T08:11:09.450000+00:00,XPL,B,0.49178,12397.0,Open Long,0.0,2.633729,0x73a890b5cc0f81907522042d83930e0204d2009b6702a06217713c088b035b7b
1760515869450,2025-10-15T08:11:09.450000+00:00,XPL,B,0.49181,5000.0,Open Long,0.0,1.062309,0x73a890b5cc0f81907522042d83930e0204d2009b6702a06217713c088b035b7b
1760515869450,2025-10-15T08:11:09.450000+00:00,XPL,B,0.4919,2541.0,Open Long,0.0,0.539964,0x73a890b5cc0f81907522042d83930e0204d2009b6702a06217713c088b035b7b
1760515869450,2025-10-15T08:11:09.450000+00:00,XPL,B,0.49191,7297.0,Open Long,0.0,1.550649,0x73a890b5cc0f81907522042d83930e0204d2009b6702a06217713c088b035b7b
1760515869450,2025-10-15T08:11:09.450000+00:00,XPL,B,0.49191,2983.0,Open Long,0.0,0.633902,0x73a890b5cc0f81907522042d83930e0204d2009b6702a06217713c088b035b7b
1760515869450,2025-10-15T08:11:09.450000+00:00,XPL,B,0.49191,18592.0,Open Long,0.0,3.950895,0x73a890b5cc0f81907522042d83930e0204d2009b6702a06217713c088b035b7b
1760515869450,2025-10-15T08:11:09.450000+00:00,XPL,B,0.49196,16729.0,Open Long,0.0,3.555359,0x73a890b5cc0f81907522042d83930e0204d2009b6702a06217713c088b035b7b
1760515869450,2025-10-15T08:11:09.450000+00:00,XPL,B,0.49196,8881.0,Open Long,0.0,1.887449,0x73a890b5cc0f81907522042d83930e0204d2009b6702a06217713c088b035b7b
1760515869450,2025-10-15T08:11:09.450000+00:00,XPL,B,0.49203,18857.0,Open Long,0.0,4.008186,0x73a890b5cc0f81907522042d83930e0204d2009b6702a06217713c088b035b7b
1760516234024,2025-10-15T08:17:14.024000+00:00,XPL,A,0.49455,20734.0,Close Long,56.624554,4.429727,0x7d446d1f311c266e7ebe042d83a4fc0208250004cc1f4540210d1871f0100059
1760516234024,2025-10-15T08:17:14.024000+00:00,XPL,A,0.49453,4799.0,Close Long,13.010089,1.025243,0x7d446d1f311c266e7ebe042d83a4fc0208250004cc1f4540210d1871f0100059
1760516234024,2025-10-15T08:17:14.024000+00:00,XPL,A,0.49452,1664.0,Close Long,4.494464,0.355484,0x7d446d1f311c266e7ebe042d83a4fc0208250004cc1f4540210d1871f0100059
1760516234024,2025-10-15T08:17:14.024000+00:00,XPL,A,0.4945,202.0,Close Long,0.541562,0.043152,0x7d446d1f311c266e7ebe042d83a4fc0208250004cc1f4540210d1871f0100059
1760516234024,2025-10-15T08:17:14.024000+00:00,XPL,A,0.49448,5052.0,Close Long,13.443372,1.079184,0x7d446d1f311c266e7ebe042d83a4fc0208250004cc1f4540210d1871f0100059
1760516234024,2025-10-15T08:17:14.024000+00:00,XPL,A,0.49441,428.0,Close Long,1.108948,0.091414,0x7d446d1f311c266e7ebe042d83a4fc0208250004cc1f4540210d1871f0100059
1760516234024,2025-10-15T08:17:14.024000+00:00,XPL,A,0.4944,16171.0,Close Long,41.737351,3.453815,0x7d446d1f311c266e7ebe042d83a4fc0208250004cc1f4540210d1871f0100059
1760516234024,2025-10-15T08:17:14.024000+00:00,XPL,A,0.49435,1663.0,Close Long,4.209053,0.355148,0x7d446d1f311c266e7ebe042d83a4fc0208250004cc1f4540210d1871f0100059
1760516234024,2025-10-15T08:17:14.024000+00:00,XPL,A,0.49433,1662.0,Close Long,4.173282,0.354921,0x7d446d1f311c266e7ebe042d83a4fc0208250004cc1f4540210d1871f0100059
1760516234024,2025-10-15T08:17:14.024000+00:00,XPL,A,0.49431,4033.0,Close Long,10.046203,0.861214,0x7d446d1f311c266e7ebe042d83a4fc0208250004cc1f4540210d1871f0100059
1760516234024,2025-10-15T08:17:14.024000+00:00,XPL,A,0.4943,1663.0,Close Long,4.125903,0.355113,0x7d446d1f311c266e7ebe042d83a4fc0208250004cc1f4540210d1871f0100059
1760516234024,2025-10-15T08:17:14.024000+00:00,XPL,A,0.49427,2077.0,Close Long,5.090727,0.44349,0x7d446d1f311c266e7ebe042d83a4fc0208250004cc1f4540210d1871f0100059
1760516234024,2025-10-15T08:17:14.024000+00:00,XPL,A,0.49426,1663.0,Close Long,4.059383,0.355084,0x7d446d1f311c266e7ebe042d83a4fc0208250004cc1f4540210d1871f0100059
1760516234024,2025-10-15T08:17:14.024000+00:00,XPL,A,0.49425,5822.0,Close Long,14.153282,1.24309,0x7d446d1f311c266e7ebe042d83a4fc0208250004cc1f4540210d1871f0100059
1760516234024,2025-10-15T08:17:14.024000+00:00,XPL,A,0.49424,50553.0,Close Long,122.388813,10.793655,0x7d446d1f311c266e7ebe042d83a4fc0208250004cc1f4540210d1871f0100059
1760516234024,2025-10-15T08:17:14.024000+00:00,XPL,A,0.49422,1663.0,Close Long,3.992863,0.355055,0x7d446d1f311c266e7ebe042d83a4fc0208250004cc1f4540210d1871f0100059
1760516234024,2025-10-15T08:17:14.024000+00:00,XPL,A,0.4942,2910.0,Close Long,6.92871,0.621268,0x7d446d1f311c266e7ebe042d83a4fc0208250004cc1f4540210d1871f0100059
1760516234024,2025-10-15T08:17:14.024000+00:00,XPL,A,0.49419,2777.0,Close Long,6.584267,0.592861,0x7d446d1f311c266e7ebe042d83a4fc0208250004cc1f4540210d1871f0100059
1760516234024,2025-10-15T08:17:14.024000+00:00,XPL,A,0.49418,1663.0,Close Long,3.926343,0.355026,0x7d446d1f311c266e7ebe042d83a4fc0208250004cc1f4540210d1871f0100059
1760516234024,2025-10-15T08:17:14.024000+00:00,XPL,A,0.49416,1662.0,Close Long,3.890742,0.354798,0x7d446d1f311c266e7ebe042d83a4fc0208250004cc1f4540210d1871f0100059
1760516234024,2025-10-15T08:17:14.024000+00:00,XPL,A,0.49413,5000.0,Close Long,11.555,1.06732,0x7d446d1f311c266e7ebe042d83a4fc0208250004cc1f4540210d1871f0100059
1760516234024,2025-10-15T08:17:14.024000+00:00,XPL,A,0.49413,1746.0,Close Long,4.035006,0.372708,0x7d446d1f311c266e7ebe042d83a4fc0208250004cc1f4540210d1871f0100059
1760516234024,2025-10-15T08:17:14.024000+00:00,XPL,A,0.49413,2655.0,Close Long,6.135705,0.566747,0x7d446d1f311c266e7ebe042d83a4fc0208250004cc1f4540210d1871f0100059
1760516234024,2025-10-15T08:17:14.024000+00:00,XPL,A,0.49413,3061.0,Close Long,7.073971,0.653413,0x7d446d1f311c266e7ebe042d83a4fc0208250004cc1f4540210d1871f0100059
1760516234024,2025-10-15T08:17:14.024000+00:00,XPL,A,0.49412,1659.0,Close Long,3.817359,0.354129,0x7d446d1f311c266e7ebe042d83a4fc0208250004cc1f4540210d1871f0100059
1760516234024,2025-10-15T08:17:14.024000+00:00,XPL,A,0.49412,1793.0,Close Long,4.125693,0.382733,0x7d446d1f311c266e7ebe042d83a4fc0208250004cc1f4540210d1871f0100059
1760516527044,2025-10-15T08:22:07.044000+00:00,BTC,B,113138.0,0.05954,Open Long,0.0,2.910054,0xf1a8b57fe26ddc2ff322042d83b3520204d400657d60fb02957160d2a161b61a
1760516527044,2025-10-15T08:22:07.044000+00:00,BTC,B,113138.0,0.00972,Open Long,0.0,0.47507,0xf1a8b57fe26ddc2ff322042d83b3520204d400657d60fb02957160d2a161b61a
1760516527044,2025-10-15T08:22:07.044000+00:00,BTC,B,113138.0,0.2298,Open Long,0.0,11.231616,0xf1a8b57fe26ddc2ff322042d83b3520204d400657d60fb02957160d2a161b61a
1760516527044,2025-10-15T08:22:07.044000+00:00,BTC,B,113138.0,0.01297,Open Long,0.0,0.633916,0xf1a8b57fe26ddc2ff322042d83b3520204d400657d60fb02957160d2a161b61a
1760516527044,2025-10-15T08:22:07.044000+00:00,BTC,B,113138.0,0.04674,Open Long,0.0,2.284446,0xf1a8b57fe26ddc2ff322042d83b3520204d400657d60fb02957160d2a161b61a
1760516527044,2025-10-15T08:22:07.044000+00:00,BTC,B,113138.0,1.32504,Open Long,0.0,64.762146,0xf1a8b57fe26ddc2ff322042d83b3520204d400657d60fb02957160d2a161b61a
1760516527044,2025-10-15T08:22:07.044000+00:00,BTC,B,113138.0,0.19576,Open Long,0.0,9.56789,0xf1a8b57fe26ddc2ff322042d83b3520204d400657d60fb02957160d2a161b61a
1760516527044,2025-10-15T08:22:07.044000+00:00,BTC,B,113138.0,0.1,Open Long,0.0,4.887561,0xf1a8b57fe26ddc2ff322042d83b3520204d400657d60fb02957160d2a161b61a
1760516527044,2025-10-15T08:22:07.044000+00:00,BTC,B,113138.0,0.20593,Open Long,0.0,10.064955,0xf1a8b57fe26ddc2ff322042d83b3520204d400657d60fb02957160d2a161b61a
1760516527044,2025-10-15T08:22:07.044000+00:00,BTC,B,113138.0,1.32506,Open Long,0.0,64.763123,0xf1a8b57fe26ddc2ff322042d83b3520204d400657d60fb02957160d2a161b61a
1760516527044,2025-10-15T08:22:07.044000+00:00,BTC,B,113138.0,0.18669,Open Long,0.0,9.124588,0xf1a8b57fe26ddc2ff322042d83b3520204d400657d60fb02957160d2a161b61a
1760516527044,2025-10-15T08:22:07.044000+00:00,BTC,B,113138.0,0.0368,Open Long,0.0,1.798622,0xf1a8b57fe26ddc2ff322042d83b3520204d400657d60fb02957160d2a161b61a
1760516527044,2025-10-15T08:22:07.044000+00:00,BTC,B,113138.0,0.018,Open Long,0.0,0.879761,0xf1a8b57fe26ddc2ff322042d83b3520204d400657d60fb02957160d2a161b61a
1760516527044,2025-10-15T08:22:07.044000+00:00,BTC,B,113138.0,0.14766,Open Long,0.0,7.216973,0xf1a8b57fe26ddc2ff322042d83b3520204d400657d60fb02957160d2a161b61a
1760516527044,2025-10-15T08:22:07.044000+00:00,BTC,B,113138.0,0.05486,Open Long,0.0,2.681316,0xf1a8b57fe26ddc2ff322042d83b3520204d400657d60fb02957160d2a161b61a
1760516527044,2025-10-15T08:22:07.044000+00:00,BTC,B,113138.0,0.06885,Open Long,0.0,3.365086,0xf1a8b57fe26ddc2ff322042d83b3520204d400657d60fb02957160d2a161b61a
1760516527044,2025-10-15T08:22:07.044000+00:00,BTC,B,113138.0,0.64391,Open Long,0.0,31.471497,0xf1a8b57fe26ddc2ff322042d83b3520204d400657d60fb02957160d2a161b61a
1760516527044,2025-10-15T08:22:07.044000+00:00,BTC,B,113138.0,0.53004,Open Long,0.0,25.906031,0xf1a8b57fe26ddc2ff322042d83b3520204d400657d60fb02957160d2a161b61a
1760516527044,2025-10-15T08:22:07.044000+00:00,BTC,B,113138.0,0.00883,Open Long,0.0,0.431571,0xf1a8b57fe26ddc2ff322042d83b3520204d400657d60fb02957160d2a161b61a
1760516527044,2025-10-15T08:22:07.044000+00:00,BTC,B,113138.0,0.08838,Open Long,0.0,4.319626,0xf1a8b57fe26ddc2ff322042d83b3520204d400657d60fb02957160d2a161b61a
1760516527044,2025-10-15T08:22:07.044000+00:00,BTC,B,113138.0,0.00883,Open Long,0.0,0.431571,0xf1a8b57fe26ddc2ff322042d83b3520204d400657d60fb02957160d2a161b61a
1760516527044,2025-10-15T08:22:07.044000+00:00,BTC,B,113138.0,0.08837,Open Long,0.0,4.319138,0xf1a8b57fe26ddc2ff322042d83b3520204d400657d60fb02957160d2a161b61a
1760516527044,2025-10-15T08:22:07.044000+00:00,BTC,B,113138.0,0.00902,Open Long,0.0,0.440858,0xf1a8b57fe26ddc2ff322042d83b3520204d400657d60fb02957160d2a161b61a
1760516527044,2025-10-15T08:22:07.044000+00:00,BTC,B,113138.0,0.00883,Open Long,0.0,0.431571,0xf1a8b57fe26ddc2ff322042d83b3520204d400657d60fb02957160d2a161b61a
1760516527044,2025-10-15T08:22:07.044000+00:00,BTC,B,113138.0,0.00884,Open Long,0.0,0.43206,0xf1a8b57fe26ddc2ff322042d83b3520204d400657d60fb02957160d2a161b61a
1760516527044,2025-10-15T08:22:07.044000+00:00,BTC,B,113138.0,0.10157,Open Long,0.0,4.964296,0xf1a8b57fe26ddc2ff322042d83b3520204d400657d60fb02957160d2a161b61a
1760516527044,2025-10-15T08:22:07.044000+00:00,BTC,B,113138.0,0.88337,Open Long,0.0,43.175252,0xf1a8b57fe26ddc2ff322042d83b3520204d400657d60fb02957160d2a161b61a
1760516527044,2025-10-15T08:22:07.044000+00:00,BTC,B,113138.0,0.0199,Open Long,0.0,0.972624,0xf1a8b57fe26ddc2ff322042d83b3520204d400657d60fb02957160d2a161b61a
1760517873233,2025-10-15T08:44:33.233000+00:00,BTC,B,113192.0,0.19518,Open Long,0.0,9.544095,0xcfa35b2d6c3eae95d11d042d83f50a0203e100130731cd67736c06802b328880
1760517873233,2025-10-15T08:44:33.233000+00:00,BTC,B,113192.0,0.24405,Open Long,0.0,11.933787,0xcfa35b2d6c3eae95d11d042d83f50a0203e100130731cd67736c06802b328880
1760517873233,2025-10-15T08:44:33.233000+00:00,BTC,B,113192.0,0.1682,Open Long,0.0,8.224802,0xcfa35b2d6c3eae95d11d042d83f50a0203e100130731cd67736c06802b328880
1760517873233,2025-10-15T08:44:33.233000+00:00,BTC,B,113192.0,0.14091,Open Long,0.0,6.89035,0xcfa35b2d6c3eae95d11d042d83f50a0203e100130731cd67736c06802b328880
1760517873233,2025-10-15T08:44:33.233000+00:00,BTC,B,113192.0,0.21155,Open Long,0.0,10.344571,0xcfa35b2d6c3eae95d11d042d83f50a0203e100130731cd67736c06802b328880
1760517873233,2025-10-15T08:44:33.233000+00:00,BTC,B,113192.0,0.23144,Open Long,0.0,11.317171,0xcfa35b2d6c3eae95d11d042d83f50a0203e100130731cd67736c06802b328880
1760517873233,2025-10-15T08:44:33.233000+00:00,BTC,B,113192.0,0.21203,Open Long,0.0,10.368043,0xcfa35b2d6c3eae95d11d042d83f50a0203e100130731cd67736c06802b328880
1760517873233,2025-10-15T08:44:33.233000+00:00,BTC,B,113192.0,0.17399,Open Long,0.0,8.507927,0xcfa35b2d6c3eae95d11d042d83f50a0203e100130731cd67736c06802b328880
1760517873233,2025-10-15T08:44:33.233000+00:00,BTC,B,113192.0,0.12577,Open Long,0.0,6.15002,0xcfa35b2d6c3eae95d11d042d83f50a0203e100130731cd67736c06802b328880
1760517873233,2025-10-15T08:44:33.233000+00:00,BTC,B,113192.0,0.44174,Open Long,0.0,21.600619,0xcfa35b2d6c3eae95d11d042d83f50a0203e100130731cd67736c06802b328880
1760517873233,2025-10-15T08:44:33.233000+00:00,BTC,B,113192.0,0.44,Open Long,0.0,21.515535,0xcfa35b2d6c3eae95d11d042d83f50a0203e100130731cd67736c06802b328880
1760517873233,2025-10-15T08:44:33.233000+00:00,BTC,B,113192.0,0.582,Open Long,0.0,28.459185,0xcfa35b2d6c3eae95d11d042d83f50a0203e100130731cd67736c06802b328880
1760517873233,2025-10-15T08:44:33.233000+00:00,BTC,B,113192.0,0.19507,Open Long,0.0,9.538717,0xcfa35b2d6c3eae95d11d042d83f50a0203e100130731cd67736c06802b328880
1760517873233,2025-10-15T08:44:33.233000+00:00,BTC,B,113192.0,0.18734,Open Long,0.0,9.160728,0xcfa35b2d6c3eae95d11d042d83f50a0203e100130731cd67736c06802b328880
1760517873233,2025-10-15T08:44:33.233000+00:00,BTC,B,113192.0,0.582,Open Long,0.0,28.459185,0xcfa35b2d6c3eae95d11d042d83f50a0203e100130731cd67736c06802b328880
1760517873233,2025-10-15T08:44:33.233000+00:00,BTC,B,113192.0,0.582,Open Long,0.0,28.459185,0xcfa35b2d6c3eae95d11d042d83f50a0203e100130731cd67736c06802b328880
1760517873233,2025-10-15T08:44:33.233000+00:00,BTC,B,113192.0,0.1,Open Long,0.0,4.889894,0xcfa35b2d6c3eae95d11d042d83f50a0203e100130731cd67736c06802b328880
1760517873233,2025-10-15T08:44:33.233000+00:00,BTC,B,113192.0,0.11098,Open Long,0.0,5.426804,0xcfa35b2d6c3eae95d11d042d83f50a0203e100130731cd67736c06802b328880
1760517873233,2025-10-15T08:44:33.233000+00:00,BTC,B,113192.0,0.22,Open Long,0.0,10.757767,0xcfa35b2d6c3eae95d11d042d83f50a0203e100130731cd67736c06802b328880
1760517873233,2025-10-15T08:44:33.233000+00:00,BTC,B,113192.0,0.22,Open Long,0.0,10.757767,0xcfa35b2d6c3eae95d11d042d83f50a0203e100130731cd67736c06802b328880
1760517873233,2025-10-15T08:44:33.233000+00:00,BTC,B,113192.0,0.09863,Open Long,0.0,4.822902,0xcfa35b2d6c3eae95d11d042d83f50a0203e100130731cd67736c06802b328880
1760517873233,2025-10-15T08:44:33.233000+00:00,BTC,B,113192.0,0.21203,Open Long,0.0,10.368043,0xcfa35b2d6c3eae95d11d042d83f50a0203e100130731cd67736c06802b328880
1760517873233,2025-10-15T08:44:33.233000+00:00,BTC,B,113192.0,0.21203,Open Long,0.0,10.368043,0xcfa35b2d6c3eae95d11d042d83f50a0203e100130731cd67736c06802b328880
1760517873233,2025-10-15T08:44:33.233000+00:00,BTC,B,113192.0,0.19087,Open Long,0.0,9.333341,0xcfa35b2d6c3eae95d11d042d83f50a0203e100130731cd67736c06802b328880
1760517873233,2025-10-15T08:44:33.233000+00:00,BTC,B,113192.0,0.07005,Open Long,0.0,3.425371,0xcfa35b2d6c3eae95d11d042d83f50a0203e100130731cd67736c06802b328880
1760531344670,2025-10-15T12:29:04.670000+00:00,BTC,A,111541.0,0.09836,Close Long,-159.677624,4.739546,0xc4f7f9be8a61cf2fc671042d868879020d5100a42564ee0168c0a5114965a91a
1760531344670,2025-10-15T12:29:04.670000+00:00,BTC,A,111541.0,0.01165,Close Long,-18.91261,0.561363,0xc4f7f9be8a61cf2fc671042d868879020d5100a42564ee0168c0a5114965a91a
1760531344670,2025-10-15T12:29:04.670000+00:00,BTC,A,111541.0,1.30112,Close Long,-2112.238208,62.695393,0xc4f7f9be8a61cf2fc671042d868879020d5100a42564ee0168c0a5114965a91a
1760531344670,2025-10-15T12:29:04.670000+00:00,BTC,A,111541.0,0.00899,Close Long,-14.594366,0.433189,0xc4f7f9be8a61cf2fc671042d868879020d5100a42564ee0168c0a5114965a91a
1760531344670,2025-10-15T12:29:04.670000+00:00,BTC,A,111541.0,0.01165,Close Long,-18.91261,0.561363,0xc4f7f9be8a61cf2fc671042d868879020d5100a42564ee0168c0a5114965a91a
1760531344670,2025-10-15T12:29:04.670000+00:00,BTC,A,111541.0,2.23912,Close Long,-3634.987408,107.893591,0xc4f7f9be8a61cf2fc671042d868879020d5100a42564ee0168c0a5114965a91a
1760531344670,2025-10-15T12:29:04.670000+00:00,BTC,A,111538.0,0.37608,Close Long,-611.656512,18.121195,0xc4f7f9be8a61cf2fc671042d868879020d5100a42564ee0168c0a5114965a91a
1760531344670,2025-10-15T12:29:04.670000+00:00,BTC,A,111537.0,0.37608,Close Long,-612.032592,18.121032,0xc4f7f9be8a61cf2fc671042d868879020d5100a42564ee0168c0a5114965a91a
1760531344670,2025-10-15T12:29:04.670000+00:00,BTC,A,111536.0,0.11236,Close Long,-182.967024,5.413903,0xc4f7f9be8a61cf2fc671042d868879020d5100a42564ee0168c0a5114965a91a
1760531344670,2025-10-15T12:29:04.670000+00:00,BTC,A,111534.0,0.37608,Close Long,-613.160832,18.120545,0xc4f7f9be8a61cf2fc671042d868879020d5100a42564ee0168c0a5114965a91a
1760531344670,2025-10-15T12:29:04.670000+00:00,BTC,A,111533.0,0.61063,Close Long,-996.181782,29.42153,0xc4f7f9be8a61cf2fc671042d868879020d5100a42564ee0168c0a5114965a91a
1760531344670,2025-10-15T12:29:04.670000+00:00,BTC,A,111529.0,0.40356,Close Long,-659.982024,19.443733,0xc4f7f9be8a61cf2fc671042d868879020d5100a42564ee0168c0a5114965a91a
1760531344670,2025-10-15T12:29:04.670000+00:00,BTC,A,111528.0,0.21521,Close Long,-352.169644,10.368838,0xc4f7f9be8a61cf2fc671042d868879020d5100a42564ee0168c0a5114965a91a
1760531344670,2025-10-15T12:29:04.670000+00:00,BTC,A,111528.0,0.21521,Close Long,-352.169644,10.368838,0xc4f7f9be8a61cf2fc671042d868879020d5100a42564ee0168c0a5114965a91a
1760531344670,2025-10-15T12:29:04.670000+00:00,BTC,A,111528.0,0.21521,Close Long,-352.169644,10.368838,0xc4f7f9be8a61cf2fc671042d868879020d5100a42564ee0168c0a5114965a91a
1760531344670,2025-10-15T12:29:04.670000+00:00,BTC,A,111528.0,0.00052,Close Long,-0.850928,0.025053,0xc4f7f9be8a61cf2fc671042d868879020d5100a42564ee0168c0a5114965a91a
1760531344670,2025-10-15T12:29:04.670000+00:00,BTC,A,111527.0,0.21521,Close Long,-352.384854,10.368745,0xc4f7f9be8a61cf2fc671042d868879020d5100a42564ee0168c0a5114965a91a
1760531344670,2025-10-15T12:29:04.670000+00:00,BTC,A,111527.0,0.21521,Close Long,-352.384854,10.368745,0xc4f7f9be8a61cf2fc671042d868879020d5100a42564ee0168c0a5114965a91a
1760531344670,2025-10-15T12:29:04.670000+00:00,BTC,A,111527.0,0.08081,Close Long,-132.318294,3.893398,0xc4f7f9be8a61cf2fc671042d868879020d5100a42564ee0168c0a5114965a91a
1760531344670,2025-10-15T12:29:04.670000+00:00,BTC,A,111527.0,0.1344,Close Long,-220.06656,6.475346,0xc4f7f9be8a61cf2fc671042d868879020d5100a42564ee0168c0a5114965a91a
1760531344670,2025-10-15T12:29:04.670000+00:00,BTC,A,111527.0,0.01801,Close Long,-29.489574,0.867715,0xc4f7f9be8a61cf2fc671042d868879020d5100a42564ee0168c0a5114965a91a
1760531344670,2025-10-15T12:29:04.670000+00:00,BTC,A,111526.0,0.44838,Close Long,-734.625792,21.602604,0xc4f7f9be8a61cf2fc671042d868879020d5100a42564ee0168c0a5114965a91a
1760531344670,2025-10-15T12:29:04.670000+00:00,BTC,A,111526.0,0.21521,Close Long,-352.600064,10.368652,0xc4f7f9be8a61cf2fc671042d868879020d5100a42564ee0168c0a5114965a91a
1760531344670,2025-10-15T12:29:04.670000+00:00,BTC,A,111526.0,0.01801,Close Long,-29.507584,0.867707,0xc4f7f9be8a61cf2fc671042d868879020d5100a42564ee0168c0a5114965a91a
1760531344670,2025-10-15T12:29:04.670000+00:00,BTC,A,111525.0,0.44838,Close Long,-735.074172,21.60241,0xc4f7f9be8a61cf2fc671042d868879020d5100a42564ee0168c0a5114965a91a
1760531344670,2025-10-15T12:29:04.670000+00:00,BTC,A,111525.0,0.40356,Close Long,-661.596264,19.443036,0xc4f7f9be8a61cf2fc671042d868879020d5100a42564ee0168c0a5114965a91a
1760531344670,2025-10-15T12:29:04.670000+00:00,BTC,A,111525.0,0.01801,Close Long,-29.525594,0.8677,0xc4f7f9be8a61cf2fc671042d868879020d5100a42564ee0168c0a5114965a91a
1760531344670,2025-10-15T12:29:04.670000+00:00,BTC,A,111524.0,0.53762,Close Long,-881.911848,25.901654,0xc4f7f9be8a61cf2fc671042d868879020d5100a42564ee0168c0a5114965a91a
1760531344670,2025-10-15T12:29:04.670000+00:00,BTC,A,111524.0,0.01801,Close Long,-29.543604,0.867692,0xc4f7f9be8a61cf2fc671042d868879020d5100a42564ee0168c0a5114965a91a
1760531344670,2025-10-15T12:29:04.670000+00:00,BTC,A,111523.0,0.21479,Close Long,-352.556306,10.348138,0xc4f7f9be8a61cf2fc671042d868879020d5100a42564ee0168c0a5114965a91a
1760531344670,2025-10-15T12:29:04.670000+00:00,BTC,A,111523.0,0.21479,Close Long,-352.556306,10.348138,0xc4f7f9be8a61cf2fc671042d868879020d5100a42564ee0168c0a5114965a91a
1760531344670,2025-10-15T12:29:04.670000+00:00,BTC,A,111523.0,0.01801,Close Long,-29.561614,0.867684,0xc4f7f9be8a61cf2fc671042d868879020d5100a42564ee0168c0a5114965a91a
1760531344670,2025-10-15T12:29:04.670000+00:00,BTC,A,111522.0,0.21479,Close Long,-352.771096,10.348046,0xc4f7f9be8a61cf2fc671042d868879020d5100a42564ee0168c0a5114965a91a
1760531344670,2025-10-15T12:29:04.670000+00:00,BTC,A,111522.0,0.21479,Close Long,-352.771096,10.348046,0xc4f7f9be8a61cf2fc671042d868879020d5100a42564ee0168c0a5114965a91a
1760531344670,2025-10-15T12:29:04.670000+00:00,BTC,A,111522.0,0.03601,Close Long,-59.142824,1.734871,0xc4f7f9be8a61cf2fc671042d868879020d5100a42564ee0168c0a5114965a91a
1760531344670,2025-10-15T12:29:04.670000+00:00,BTC,A,111521.0,0.21479,Close Long,-352.985886,10.347953,0xc4f7f9be8a61cf2fc671042d868879020d5100a42564ee0168c0a5114965a91a
1760531344670,2025-10-15T12:29:04.670000+00:00,BTC,A,111521.0,0.21479,Close Long,-352.985886,10.347953,0xc4f7f9be8a61cf2fc671042d868879020d5100a42564ee0168c0a5114965a91a
1760531344670,2025-10-15T12:29:04.670000+00:00,BTC,A,111521.0,0.03601,Close Long,-59.178834,1.734856,0xc4f7f9be8a61cf2fc671042d868879020d5100a42564ee0168c0a5114965a91a
1760531344670,2025-10-15T12:29:04.670000+00:00,BTC,A,111520.0,0.21479,Close Long,-353.200676,10.34786,0xc4f7f9be8a61cf2fc671042d868879020d5100a42564ee0168c0a5114965a91a
1760531344670,2025-10-15T12:29:04.670000+00:00,BTC,A,111520.0,0.21479,Close Long,-353.200676,10.34786,0xc4f7f9be8a61cf2fc671042d868879020d5100a42564ee0168c0a5114965a91a
1760531344670,2025-10-15T12:29:04.670000+00:00,BTC,A,111520.0,0.03601,Close Long,-59.214844,1.73484,0xc4f7f9be8a61cf2fc671042d868879020d5100a42564ee0168c0a5114965a91a
1760531344670,2025-10-15T12:29:04.670000+00:00,BTC,A,111520.0,0.53763,Close Long,-884.078772,25.901206,0xc4f7f9be8a61cf2fc671042d868879020d5100a42564ee0168c0a5114965a91a
1760531344670,2025-10-15T12:29:04.670000+00:00,BTC,A,111519.0,0.44845,Close Long,-737.87963,21.60462,0xc4f7f9be8a61cf2fc671042d868879020d5100a42564ee0168c0a5114965a91a
1760531344670,2025-10-15T12:29:04.670000+00:00,BTC,A,111519.0,0.21481,Close Long,-353.448374,10.348731,0xc4f7f9be8a61cf2fc671042d868879020d5100a42564ee0168c0a5114965a91a
1760531344670,2025-10-15T12:29:04.670000+00:00,BTC,A,111519.0,0.18327,Close Long,-301.552458,8.829253,0xc4f7f9be8a61cf2fc671042d868879020d5100a42564ee0168c0a5114965a91a
1760532499431,2025-10-15T12:48:19.431000+00:00,BTC,A,111592.0,0.24919,Open Short,0.0,12.012887,0x5b6eb3669a93e0765ce8042d86c084020ad5004c3596ff48ff375eb95997ba60
1760532499431,2025-10-15T12:48:19.431000+00:00,BTC,A,111592.0,0.11579,Open Short,0.0,5.581974,0x5b6eb3669a93e0765ce8042d86c084020ad5004c3596ff48ff375eb95997ba60
1760532499431,2025-10-15T12:48:19.431000+00:00,BTC,A,111592.0,0.02688,Open Short,0.0,1.295824,0x5b6eb3669a93e0765ce8042d86c084020ad5004c3596ff48ff375eb95997ba60
1760532499431,2025-10-15T12:48:19.431000+00:00,BTC,A,111592.0,0.25743,Open Short,0.0,12.410119,0x5b6eb3669a93e0765ce8042d86c084020ad5004c3596ff48ff375eb95997ba60
1760532499431,2025-10-15T12:48:19.431000+00:00,BTC,A,111592.0,0.15682,Open Short,0.0,7.559938,0x5b6eb3669a93e0765ce8042d86c084020ad5004c3596ff48ff375eb95997ba60
1760532499431,2025-10-15T12:48:19.431000+00:00,BTC,A,111592.0,0.06014,Open Short,0.0,2.899213,0x5b6eb3669a93e0765ce8042d86c084020ad5004c3596ff48ff375eb95997ba60
1760532499431,2025-10-15T12:48:19.431000+00:00,BTC,A,111592.0,0.44806,Open Short,0.0,21.599961,0x5b6eb3669a93e0765ce8042d86c084020ad5004c3596ff48ff375eb95997ba60
1760532499431,2025-10-15T12:48:19.431000+00:00,BTC,A,111592.0,0.37407,Open Short,0.0,18.03307,0x5b6eb3669a93e0765ce8042d86c084020ad5004c3596ff48ff375eb95997ba60
1760532499431,2025-10-15T12:48:19.431000+00:00,BTC,A,111592.0,0.2,Open Short,0.0,9.641548,0x5b6eb3669a93e0765ce8042d86c084020ad5004c3596ff48ff375eb95997ba60
1760532499431,2025-10-15T12:48:19.431000+00:00,BTC,A,111592.0,0.42885,Open Short,0.0,20.673891,0x5b6eb3669a93e0765ce8042d86c084020ad5004c3596ff48ff375eb95997ba60
1760532499431,2025-10-15T12:48:19.431000+00:00,BTC,A,111592.0,0.16905,Open Short,0.0,8.149519,0x5b6eb3669a93e0765ce8042d86c084020ad5004c3596ff48ff375eb95997ba60
1760532499431,2025-10-15T12:48:19.431000+00:00,BTC,A,111592.0,0.44806,Open Short,0.0,21.599961,0x5b6eb3669a93e0765ce8042d86c084020ad5004c3596ff48ff375eb95997ba60
1760532499431,2025-10-15T12:48:19.431000+00:00,BTC,A,111592.0,0.17901,Open Short,0.0,8.629668,0x5b6eb3669a93e0765ce8042d86c084020ad5004c3596ff48ff375eb95997ba60
1760535281584,2025-10-15T13:34:41.584000+00:00,BTC,A,111639.0,0.00883,Open Short,0.0,0.425853,0xdfedcfa53d43ce43e167042d87482b0204b5008ad846ed1583b67af7fc47a82e
1760535281584,2025-10-15T13:34:41.584000+00:00,BTC,A,111638.0,0.00011,Open Short,0.0,0.005305,0xdfedcfa53d43ce43e167042d87482b0204b5008ad846ed1583b67af7fc47a82e
1760535281584,2025-10-15T13:34:41.584000+00:00,BTC,A,111637.0,0.00011,Open Short,0.0,0.005304,0xdfedcfa53d43ce43e167042d87482b0204b5008ad846ed1583b67af7fc47a82e
1760535281584,2025-10-15T13:34:41.584000+00:00,BTC,A,111636.0,0.00011,Open Short,0.0,0.005304,0xdfedcfa53d43ce43e167042d87482b0204b5008ad846ed1583b67af7fc47a82e
1760535281584,2025-10-15T13:34:41.584000+00:00,BTC,A,111635.0,0.00011,Open Short,0.0,0.005304,0xdfedcfa53d43ce43e167042d87482b0204b5008ad846ed1583b67af7fc47a82e
1760535281584,2025-10-15T13:34:41.584000+00:00,BTC,A,111634.0,0.00011,Open Short,0.0,0.005304,0xdfedcfa53d43ce43e167042d87482b0204b5008ad846ed1583b67af7fc47a82e
1760535281584,2025-10-15T13:34:41.584000+00:00,BTC,A,111633.0,0.00011,Open Short,0.0,0.005304,0xdfedcfa53d43ce43e167042d87482b0204b5008ad846ed1583b67af7fc47a82e
1760535281584,2025-10-15T13:34:41.584000+00:00,BTC,A,111632.0,0.00011,Open Short,0.0,0.005304,0xdfedcfa53d43ce43e167042d87482b0204b5008ad846ed1583b67af7fc47a82e
1760535281584,2025-10-15T13:34:41.584000+00:00,BTC,A,111632.0,0.5,Open Short,0.0,24.112512,0xdfedcfa53d43ce43e167042d87482b0204b5008ad846ed1583b67af7fc47a82e
1760535281584,2025-10-15T13:34:41.584000+00:00,BTC,A,111632.0,0.00018,Open Short,0.0,0.00868,0xdfedcfa53d43ce43e167042d87482b0204b5008ad846ed1583b67af7fc47a82e
1760535281584,2025-10-15T13:34:41.584000+00:00,BTC,A,111631.0,0.00011,Open Short,0.0,0.005304,0xdfedcfa53d43ce43e167042d87482b0204b5008ad846ed1583b67af7fc47a82e
1760535281584,2025-10-15T13:34:41.584000+00:00,BTC,A,111629.0,0.00018,Open Short,0.0,0.00868,0xdfedcfa53d43ce43e167042d87482b0204b5008ad846ed1583b67af7fc47a82e
1760535281584,2025-10-15T13:34:41.584000+00:00,BTC,A,111629.0,0.00011,Open Short,0.0,0.005304,0xdfedcfa53d43ce43e167042d87482b0204b5008ad846ed1583b67af7fc47a82e
1760535281584,2025-10-15T13:34:41.584000+00:00,BTC,A,111628.0,0.00449,Open Short,0.0,0.216522,0xdfedcfa53d43ce43e167042d87482b0204b5008ad846ed1583b67af7fc47a82e
1760535281584,2025-10-15T13:34:41.584000+00:00,BTC,A,111628.0,0.00011,Open Short,0.0,0.005304,0xdfedcfa53d43ce43e167042d87482b0204b5008ad846ed1583b67af7fc47a82e
1760535281584,2025-10-15T13:34:41.584000+00:00,BTC,A,111627.0,0.00011,Open Short,0.0,0.005304,0xdfedcfa53d43ce43e167042d87482b0204b5008ad846ed1583b67af7fc47a82e
1760535281584,2025-10-15T13:34:41.584000+00:00,BTC,A,111626.0,0.00018,Open Short,0.0,0.00868,0xdfedcfa53d43ce43e167042d87482b0204b5008ad846ed1583b67af7fc47a82e
1760535281584,2025-10-15T13:34:41.584000+00:00,BTC,A,111626.0,0.00011,Open Short,0.0,0.005304,0xdfedcfa53d43ce43e167042d87482b0204b5008ad846ed1583b67af7fc47a82e
1760535281584,2025-10-15T13:34:41.584000+00:00,BTC,A,111625.0,0.00011,Open Short,0.0,0.005304,0xdfedcfa53d43ce43e167042d87482b0204b5008ad846ed1583b67af7fc47a82e
1760535281584,2025-10-15T13:34:41.584000+00:00,BTC,A,111624.0,0.00011,Open Short,0.0,0.005304,0xdfedcfa53d43ce43e167042d87482b0204b5008ad846ed1583b67af7fc47a82e
1760535281584,2025-10-15T13:34:41.584000+00:00,BTC,A,111623.0,0.00018,Open Short,0.0,0.008679,0xdfedcfa53d43ce43e167042d87482b0204b5008ad846ed1583b67af7fc47a82e
1760535281584,2025-10-15T13:34:41.584000+00:00,BTC,A,111623.0,0.00334,Open Short,0.0,0.161058,0xdfedcfa53d43ce43e167042d87482b0204b5008ad846ed1583b67af7fc47a82e
1760535281584,2025-10-15T13:34:41.584000+00:00,BTC,A,111623.0,0.00011,Open Short,0.0,0.005304,0xdfedcfa53d43ce43e167042d87482b0204b5008ad846ed1583b67af7fc47a82e
1760535281584,2025-10-15T13:34:41.584000+00:00,BTC,A,111622.0,0.00011,Open Short,0.0,0.005304,0xdfedcfa53d43ce43e167042d87482b0204b5008ad846ed1583b67af7fc47a82e
1760535281584,2025-10-15T13:34:41.584000+00:00,BTC,A,111621.0,0.00011,Open Short,0.0,0.005304,0xdfedcfa53d43ce43e167042d87482b0204b5008ad846ed1583b67af7fc47a82e
1760535281584,2025-10-15T13:34:41.584000+00:00,BTC,A,111620.0,0.00018,Open Short,0.0,0.008679,0xdfedcfa53d43ce43e167042d87482b0204b5008ad846ed1583b67af7fc47a82e
1760535281584,2025-10-15T13:34:41.584000+00:00,BTC,A,111620.0,0.00011,Open Short,0.0,0.005304,0xdfedcfa53d43ce43e167042d87482b0204b5008ad846ed1583b67af7fc47a82e
1760535281584,2025-10-15T13:34:41.584000+00:00,BTC,A,111619.0,0.00011,Open Short,0.0,0.005304,0xdfedcfa53d43ce43e167042d87482b0204b5008ad846ed1583b67af7fc47a82e
1760535281584,2025-10-15T13:34:41.584000+00:00,BTC,A,111618.0,0.002,Open Short,0.0,0.096437,0xdfedcfa53d43ce43e167042d87482b0204b5008ad846ed1583b67af7fc47a82e
1760535281584,2025-10-15T13:34:41.584000+00:00,BTC,A,111618.0,0.00011,Open Short,0.0,0.005304,0xdfedcfa53d43ce43e167042d87482b0204b5008ad846ed1583b67af7fc47a82e
1760535281584,2025-10-15T13:34:41.584000+00:00,BTC,A,111617.0,0.00018,Open Short,0.0,0.008679,0xdfedcfa53d43ce43e167042d87482b0204b5008ad846ed1583b67af7fc47a82e
1760535281584,2025-10-15T13:34:41.584000+00:00,BTC,A,111617.0,0.00011,Open Short,0.0,0.005304,0xdfedcfa53d43ce43e167042d87482b0204b5008ad846ed1583b67af7fc47a82e
1760535281584,2025-10-15T13:34:41.584000+00:00,BTC,A,111616.0,0.00018,Open Short,0.0,0.008679,0xdfedcfa53d43ce43e167042d87482b0204b5008ad846ed1583b67af7fc47a82e
1760535281584,2025-10-15T13:34:41.584000+00:00,BTC,A,111616.0,0.00011,Open Short,0.0,0.005303,0xdfedcfa53d43ce43e167042d87482b0204b5008ad846ed1583b67af7fc47a82e
1760535281584,2025-10-15T13:34:41.584000+00:00,BTC,A,111615.0,0.00011,Open Short,0.0,0.005303,0xdfedcfa53d43ce43e167042d87482b0204b5008ad846ed1583b67af7fc47a82e
1760535281584,2025-10-15T13:34:41.584000+00:00,BTC,A,111614.0,0.00013,Open Short,0.0,0.006268,0xdfedcfa53d43ce43e167042d87482b0204b5008ad846ed1583b67af7fc47a82e
1760535281584,2025-10-15T13:34:41.584000+00:00,BTC,A,111614.0,0.00011,Open Short,0.0,0.005303,0xdfedcfa53d43ce43e167042d87482b0204b5008ad846ed1583b67af7fc47a82e
1760535281584,2025-10-15T13:34:41.584000+00:00,BTC,A,111613.0,0.00011,Open Short,0.0,0.005303,0xdfedcfa53d43ce43e167042d87482b0204b5008ad846ed1583b67af7fc47a82e
1760535281584,2025-10-15T13:34:41.584000+00:00,BTC,A,111612.0,0.00018,Open Short,0.0,0.008678,0xdfedcfa53d43ce43e167042d87482b0204b5008ad846ed1583b67af7fc47a82e
1760535281584,2025-10-15T13:34:41.584000+00:00,BTC,A,111612.0,0.00011,Open Short,0.0,0.005303,0xdfedcfa53d43ce43e167042d87482b0204b5008ad846ed1583b67af7fc47a82e
1760535281584,2025-10-15T13:34:41.584000+00:00,BTC,A,111612.0,0.00052,Open Short,0.0,0.025072,0xdfedcfa53d43ce43e167042d87482b0204b5008ad846ed1583b67af7fc47a82e
1760535281584,2025-10-15T13:34:41.584000+00:00,BTC,A,111611.0,0.00011,Open Short,0.0,0.005303,0xdfedcfa53d43ce43e167042d87482b0204b5008ad846ed1583b67af7fc47a82e
1760535281584,2025-10-15T13:34:41.584000+00:00,BTC,A,111611.0,1.12505,Open Short,0.0,54.245356,0xdfedcfa53d43ce43e167042d87482b0204b5008ad846ed1583b67af7fc47a82e
1760562368276,2025-10-15T21:06:08.276000+00:00,BTC,B,111003.0,0.03684,Close Short,22.022952,1.766599,0x7254e52bd9779c5a73ce042d8c67e70204c40011747abb2c161d907e987b7645
1760562368276,2025-10-15T21:06:08.276000+00:00,BTC,B,111003.0,0.03698,Close Short,22.106644,1.773312,0x7254e52bd9779c5a73ce042d8c67e70204c40011747abb2c161d907e987b7645
1760562368276,2025-10-15T21:06:08.276000+00:00,BTC,B,111005.0,0.00014,Close Short,0.083412,0.006713,0x7254e52bd9779c5a73ce042d8c67e70204c40011747abb2c161d907e987b7645
1760562368276,2025-10-15T21:06:08.276000+00:00,BTC,B,111006.0,0.0045,Close Short,2.6766,0.215795,0x7254e52bd9779c5a73ce042d8c67e70204c40011747abb2c161d907e987b7645
1760562368276,2025-10-15T21:06:08.276000+00:00,BTC,B,111009.0,0.00014,Close Short,0.082852,0.006713,0x7254e52bd9779c5a73ce042d8c67e70204c40011747abb2c161d907e987b7645
1760562368276,2025-10-15T21:06:08.276000+00:00,BTC,B,111011.0,0.13505,Close Short,79.65249,6.476559,0x7254e52bd9779c5a73ce042d8c67e70204c40011747abb2c161d907e987b7645
1760562368276,2025-10-15T21:06:08.276000+00:00,BTC,B,111012.0,0.90031,Close Short,530.102528,43.176332,0x7254e52bd9779c5a73ce042d8c67e70204c40011747abb2c161d907e987b7645
1760562368276,2025-10-15T21:06:08.276000+00:00,BTC,B,111012.0,1.35047,Close Short,795.156736,64.764738,0x7254e52bd9779c5a73ce042d8c67e70204c40011747abb2c161d907e987b7645
1760562368276,2025-10-15T21:06:08.276000+00:00,BTC,B,111013.0,0.00014,Close Short,0.082292,0.006714,0x7254e52bd9779c5a73ce042d8c67e70204c40011747abb2c161d907e987b7645
1760562368276,2025-10-15T21:06:08.276000+00:00,BTC,B,111013.0,0.13574,Close Short,79.787972,6.509766,0x7254e52bd9779c5a73ce042d8c67e70204c40011747abb2c161d907e987b7645
1760562368276,2025-10-15T21:06:08.276000+00:00,BTC,B,111014.0,0.04505,Close Short,26.43534,2.16051,0x7254e52bd9779c5a73ce042d8c67e70204c40011747abb2c161d907e987b7645
1760562368276,2025-10-15T21:06:08.276000+00:00,BTC,B,111014.0,1.35046,Close Short,792.449928,64.765425,0x7254e52bd9779c5a73ce042d8c67e70204c40011747abb2c161d907e987b7645
1760562368276,2025-10-15T21:06:08.276000+00:00,BTC,B,111016.0,0.00011,Close Short,0.064328,0.005275,0x7254e52bd9779c5a73ce042d8c67e70204c40011747abb2c161d907e987b7645
1760562368276,2025-10-15T21:06:08.276000+00:00,BTC,B,111016.0,0.04958,Close Short,28.994384,2.377802,0x7254e52bd9779c5a73ce042d8c67e70204c40011747abb2c161d907e987b7645
1760562368276,2025-10-15T21:06:08.276000+00:00,BTC,B,111016.0,0.67533,Close Short,394.932984,32.388092,0x7254e52bd9779c5a73ce042d8c67e70204c40011747abb2c161d907e987b7645
1760562368276,2025-10-15T21:06:08.276000+00:00,BTC,B,111016.0,0.04128,Close Short,24.140544,1.979743,0x7254e52bd9779c5a73ce042d8c67e70204c40011747abb2c161d907e987b7645
1760569453512,2025-10-15T23:04:13.512000+00:00,BTC,A,110609.0,0.03384,Open Short,0.0,1.616979,0x28bf436385617c5d2a38042d8dc32702029b004920649b2fcc87eeb644655647
1760569453512,2025-10-15T23:04:13.512000+00:00,BTC,A,110609.0,0.00011,Open Short,0.0,0.005256,0x28bf436385617c5d2a38042d8dc32702029b004920649b2fcc87eeb644655647
1760569453512,2025-10-15T23:04:13.512000+00:00,BTC,A,110607.0,0.00011,Open Short,0.0,0.005256,0x28bf436385617c5d2a38042d8dc32702029b004920649b2fcc87eeb644655647
1760569453512,2025-10-15T23:04:13.512000+00:00,BTC,A,110606.0,0.00011,Open Short,0.0,0.005255,0x28bf436385617c5d2a38042d8dc32702029b004920649b2fcc87eeb644655647
1760569453512,2025-10-15T23:04:13.512000+00:00,BTC,A,110605.0,0.00011,Open Short,0.0,0.005255,0x28bf436385617c5d2a38042d8dc32702029b004920649b2fcc87eeb644655647
1760569453512,2025-10-15T23:04:13.512000+00:00,BTC,A,110604.0,0.00011,Open Short,0.0,0.005255,0x28bf436385617c5d2a38042d8dc32702029b004920649b2fcc87eeb644655647
1760569453512,2025-10-15T23:04:13.512000+00:00,BTC,A,110603.0,0.0003,Open Short,0.0,0.014334,0x28bf436385617c5d2a38042d8dc32702029b004920649b2fcc87eeb644655647
1760569453512,2025-10-15T23:04:13.512000+00:00,BTC,A,110603.0,0.00011,Open Short,0.0,0.005255,0x28bf436385617c5d2a38042d8dc32702029b004920649b2fcc87eeb644655647
1760569453512,2025-10-15T23:04:13.512000+00:00,BTC,A,110602.0,0.00014,Open Short,0.0,0.006689,0x28bf436385617c5d2a38042d8dc32702029b004920649b2fcc87eeb644655647
1760569453512,2025-10-15T23:04:13.512000+00:00,BTC,A,110602.0,0.00011,Open Short,0.0,0.005255,0x28bf436385617c5d2a38042d8dc32702029b004920649b2fcc87eeb644655647
1760569453512,2025-10-15T23:04:13.512000+00:00,BTC,A,110601.0,0.00011,Open Short,0.0,0.005255,0x28bf436385617c5d2a38042d8dc32702029b004920649b2fcc87eeb644655647
1760569453512,2025-10-15T23:04:13.512000+00:00,BTC,A,110601.0,0.0452,Open Short,0.0,2.159639,0x28bf436385617c5d2a38042d8dc32702029b004920649b2fcc87eeb644655647
1760569453512,2025-10-15T23:04:13.512000+00:00,BTC,A,110601.0,0.87985,Open Short,0.0,42.038909,0x28bf436385617c5d2a38042d8dc32702029b004920649b2fcc87eeb644655647
1760569785408,2025-10-15T23:09:45.408000+00:00,BTC,A,110723.0,0.43154,Open Short,0.0,20.641566,0xf439c003d05192f7f5b3042d8dd30f02029a00e96b54b1ca98026b568f556ce2
1760569823305,2025-10-15T23:10:23.305000+00:00,BTC,A,110757.0,0.34201,Open Short,0.0,16.36416,0x9b6a231d8cee4ec19ce3042d8dd4f0020126000327e16d933f32ce704be228ac
1760569823305,2025-10-15T23:10:23.305000+00:00,BTC,A,110757.0,0.00011,Open Short,0.0,0.005263,0x9b6a231d8cee4ec19ce3042d8dd4f0020126000327e16d933f32ce704be228ac
1760569823305,2025-10-15T23:10:23.305000+00:00,BTC,A,110756.0,0.00011,Open Short,0.0,0.005263,0x9b6a231d8cee4ec19ce3042d8dd4f0020126000327e16d933f32ce704be228ac
1760569823305,2025-10-15T23:10:23.305000+00:00,BTC,A,110755.0,0.00011,Open Short,0.0,0.005263,0x9b6a231d8cee4ec19ce3042d8dd4f0020126000327e16d933f32ce704be228ac
1760569823305,2025-10-15T23:10:23.305000+00:00,BTC,A,110754.0,0.00011,Open Short,0.0,0.005263,0x9b6a231d8cee4ec19ce3042d8dd4f0020126000327e16d933f32ce704be228ac
1760569823305,2025-10-15T23:10:23.305000+00:00,BTC,A,110753.0,0.00011,Open Short,0.0,0.005262,0x9b6a231d8cee4ec19ce3042d8dd4f0020126000327e16d933f32ce704be228ac
1760569823305,2025-10-15T23:10:23.305000+00:00,BTC,A,110752.0,0.00011,Open Short,0.0,0.005262,0x9b6a231d8cee4ec19ce3042d8dd4f0020126000327e16d933f32ce704be228ac
1760569823305,2025-10-15T23:10:23.305000+00:00,BTC,A,110751.0,0.00449,Open Short,0.0,0.214821,0x9b6a231d8cee4ec19ce3042d8dd4f0020126000327e16d933f32ce704be228ac
1760569823305,2025-10-15T23:10:23.305000+00:00,BTC,A,110751.0,0.00011,Open Short,0.0,0.005262,0x9b6a231d8cee4ec19ce3042d8dd4f0020126000327e16d933f32ce704be228ac
1760569823305,2025-10-15T23:10:23.305000+00:00,BTC,A,110750.0,0.00011,Open Short,0.0,0.005262,0x9b6a231d8cee4ec19ce3042d8dd4f0020126000327e16d933f32ce704be228ac
1760569823305,2025-10-15T23:10:23.305000+00:00,BTC,A,110749.0,0.00014,Open Short,0.0,0.006698,0x9b6a231d8cee4ec19ce3042d8dd4f0020126000327e16d933f32ce704be228ac
1760569823305,2025-10-15T23:10:23.305000+00:00,BTC,A,110749.0,0.00011,Open Short,0.0,0.005262,0x9b6a231d8cee4ec19ce3042d8dd4f0020126000327e16d933f32ce704be228ac
1760569823305,2025-10-15T23:10:23.305000+00:00,BTC,A,110749.0,0.9024,Open Short,0.0,43.174035,0x9b6a231d8cee4ec19ce3042d8dd4f0020126000327e16d933f32ce704be228ac
1760569823305,2025-10-15T23:10:23.305000+00:00,BTC,A,110748.0,0.00011,Open Short,0.0,0.005262,0x9b6a231d8cee4ec19ce3042d8dd4f0020126000327e16d933f32ce704be228ac
1760569823305,2025-10-15T23:10:23.305000+00:00,BTC,A,110748.0,0.03596,Open Short,0.0,1.720439,0x9b6a231d8cee4ec19ce3042d8dd4f0020126000327e16d933f32ce704be228ac
1760569823305,2025-10-15T23:10:23.305000+00:00,BTC,A,110748.0,0.106,Open Short,0.0,5.071372,0x9b6a231d8cee4ec19ce3042d8dd4f0020126000327e16d933f32ce704be228ac
1760576968903,2025-10-16T01:09:28.903000+00:00,BTC,A,110777.0,0.00886,Open Short,0.0,0.141333,0x8a46f2d09c13e99a8bc0042d8f2fe602024300b63717086c2e0f9e235b17c385
1760576968903,2025-10-16T01:09:28.903000+00:00,BTC,A,110777.0,0.009,Open Short,0.0,0.143566,0x3d1a696bb5a52c163e94042d8f2fe6020244005150a84ae8e0e314be74a90600
1760576968903,2025-10-16T01:09:28.903000+00:00,BTC,A,110777.0,0.009,Open Short,0.0,0.143566,0xa2c156a1e8c7b10da43b042d8f2fe6020246008783cacfdf468a01f4a7cb8af8
1760576968971,2025-10-16T01:09:28.971000+00:00,BTC,A,110777.0,0.018,Open Short,0.0,0.287133,0xffd0c30af39f33d6014a042d8f2fe70204b600f08e9252a9a3996e5db2930dc1
1760576968971,2025-10-16T01:09:28.971000+00:00,BTC,A,110777.0,0.018,Open Short,0.0,0.287133,0xb2a439a60d207652b41d042d8f2fe70204b7008ba8239524566ce4f8cc24503d
1760576968971,2025-10-16T01:09:28.971000+00:00,BTC,A,110777.0,0.018,Open Short,0.0,0.287133,0x184b26dc4042fb4a19c4042d8f2fe70204b900c1db461a1cbc13d22eff46d534
1760576968971,2025-10-16T01:09:28.971000+00:00,BTC,A,110777.0,0.018,Open Short,0.0,0.287133,0x7df21412736580417f6b042d8f2fe70204bb00f80e689f1321babf6532695a2c
1760576968971,2025-10-16T01:09:28.971000+00:00,BTC,A,110777.0,0.009,Open Short,0.0,0.143566,0x30c58aad8cf6c2bd323f042d8f2fe70204bc009327f9e18fd48e36004bfa9ca7
1760576968971,2025-10-16T01:09:28.971000+00:00,BTC,A,110777.0,0.009,Open Short,0.0,0.143566,0xe3990148a6880538e512042d8f2fe70204bd002e418b240a8761ac9b658bdf23
1760576968971,2025-10-16T01:09:28.971000+00:00,BTC,A,110777.0,0.009,Open Short,0.0,0.143566,0x966c77e3c01947b497e6042d8f2fe70204be00c95b1c66863a3523367f1d219f
1760576969049,2025-10-16T01:09:29.049000+00:00,BTC,A,110777.0,0.013,Open Short,0.0,0.207374,0x0da997ad9cf40ed20f23042d8f2fe80203f7009337f72da4b17243005bf7e8bc
1760576969049,2025-10-16T01:09:29.049000+00:00,BTC,A,110777.0,0.018,Open Short,0.0,0.287133,0xd8f7721a033918c0da71042d8f2fe80203fb00ff9e3c37927cc01d6cc23cf2ab
1760576969173,2025-10-16T01:09:29.173000+00:00,BTC,A,110777.0,0.018,Open Short,0.0,0.287133,0x4436b58b4be0c83c45b0042d8f2fea0206340070e6e3e70ee7ff60de0ae4a226
1760576969173,2025-10-16T01:09:29.173000+00:00,BTC,A,110777.0,0.018,Open Short,0.0,0.287133,0xc2580692cbb714a6c3d1042d8f2fea020639007866ba33786620b1e58abaee91
1760576969255,2025-10-16T01:09:29.255000+00:00,BTC,A,110777.0,0.009,Open Short,0.0,0.143566,0x75c2299c128f1252773b042d8f2feb0202690081ad823124198ad4eed182ec3d
1760576970945,2025-10-16T01:09:30.945000+00:00,BTC,A,110777.0,0.20265,Open Short,0.0,3.23265,0xc5c239eab3c483bbc73b042d8f300002047400d04ec7a28d698ae53d72c85da6
1760576970945,2025-10-16T01:09:30.945000+00:00,BTC,A,110777.0,0.20673,Open Short,0.0,3.297733,0x911014571a098daa9289042d8f3000020478003cb50cac7c34d8bfa9d90d6795
1760576970945,2025-10-16T01:09:30.945000+00:00,BTC,A,110777.0,0.2108,Open Short,0.0,3.362657,0xf6b7018d4d2c12a1f830042d8f300002047a0072e82f31749a7face00c2fec8c
1760576970945,2025-10-16T01:09:30.945000+00:00,BTC,A,110777.0,0.22152,Open Short,0.0,3.533662,0xc204dbf9b3611c90c37e042d8f300002047e00df4e643b6265cd874c7264f67b
1760576970945,2025-10-16T01:09:30.945000+00:00,BTC,A,110777.0,0.0095,Open Short,0.0,0.151542,0x8d52b66619a6267f8ecc042d8f3000020482004bb4a94551311b61b8d8aa006a
1760576970999,2025-10-16T01:09:30.999000+00:00,BTC,A,110777.0,0.28708,Open Short,0.0,4.579468,0x53c68fc0276f07925540042d8f30010203f900a5c2622664f78f3b12e662e17c
1760576970999,2025-10-16T01:09:30.999000+00:00,BTC,A,110777.0,0.35911,Open Short,0.0,5.728482,0xd1e7e0c7a73553fcd361042d8f30010203fe00ad423872ce75b08c1a66392de7
1760577195402,2025-10-16T01:13:15.402000+00:00,BTC,A,110994.0,0.00011,Open Short,0.0,0.005274,0x4c9a360aef825f204e13042d8f3ac102040b00f08a857df2f062e15dae86390a
1760577195402,2025-10-16T01:13:15.402000+00:00,BTC,A,110993.0,0.00014,Open Short,0.0,0.006712,0x4c9a360aef825f204e13042d8f3ac102040b00f08a857df2f062e15dae86390a
1760577195402,2025-10-16T01:13:15.402000+00:00,BTC,A,110993.0,0.00011,Open Short,0.0,0.005274,0x4c9a360aef825f204e13042d8f3ac102040b00f08a857df2f062e15dae86390a
1760577195402,2025-10-16T01:13:15.402000+00:00,BTC,A,110992.0,0.00011,Open Short,0.0,0.005274,0x4c9a360aef825f204e13042d8f3ac102040b00f08a857df2f062e15dae86390a
1760577195402,2025-10-16T01:13:15.402000+00:00,BTC,A,110991.0,0.00011,Open Short,0.0,0.005274,0x4c9a360aef825f204e13042d8f3ac102040b00f08a857df2f062e15dae86390a
1760577195402,2025-10-16T01:13:15.402000+00:00,BTC,A,110990.0,0.00011,Open Short,0.0,0.005274,0x4c9a360aef825f204e13042d8f3ac102040b00f08a857df2f062e15dae86390a
1760577195402,2025-10-16T01:13:15.402000+00:00,BTC,A,110990.0,0.03596,Open Short,0.0,1.724198,0x4c9a360aef825f204e13042d8f3ac102040b00f08a857df2f062e15dae86390a
1760577195402,2025-10-16T01:13:15.402000+00:00,BTC,A,110990.0,0.9005,Open Short,0.0,43.176885,0x4c9a360aef825f204e13042d8f3ac102040b00f08a857df2f062e15dae86390a
1760577195402,2025-10-16T01:13:15.402000+00:00,BTC,A,110989.0,0.00014,Open Short,0.0,0.006712,0x4c9a360aef825f204e13042d8f3ac102040b00f08a857df2f062e15dae86390a
1760577195402,2025-10-16T01:13:15.402000+00:00,BTC,A,110989.0,0.00011,Open Short,0.0,0.005274,0x4c9a360aef825f204e13042d8f3ac102040b00f08a857df2f062e15dae86390a
1760577195402,2025-10-16T01:13:15.402000+00:00,BTC,A,110989.0,0.06745,Open Short,0.0,3.234041,0x4c9a360aef825f204e13042d8f3ac102040b00f08a857df2f062e15dae86390a
1760579083111,2025-10-16T01:44:43.111000+00:00,BTC,A,110992.0,0.35891,Open Short,0.0,17.209211,0x82bb43617c82984c8434042d8f95fa02017e00471785b71e2683eeb43b867237
1760579083111,2025-10-16T01:44:43.111000+00:00,BTC,A,110992.0,0.13506,Open Short,0.0,6.47593,0x82bb43617c82984c8434042d8f95fa02017e00471785b71e2683eeb43b867237
1760579083111,2025-10-16T01:44:43.111000+00:00,BTC,A,110992.0,0.00901,Open Short,0.0,0.432016,0x82bb43617c82984c8434042d8f95fa02017e00471785b71e2683eeb43b867237
1760579083111,2025-10-16T01:44:43.111000+00:00,BTC,A,110991.0,0.00011,Open Short,0.0,0.005274,0x82bb43617c82984c8434042d8f95fa02017e00471785b71e2683eeb43b867237
1760579083111,2025-10-16T01:44:43.111000+00:00,BTC,A,110990.0,0.00011,Open Short,0.0,0.005274,0x82bb43617c82984c8434042d8f95fa02017e00471785b71e2683eeb43b867237
1760579083111,2025-10-16T01:44:43.111000+00:00,BTC,A,110989.0,0.00011,Open Short,0.0,0.005274,0x82bb43617c82984c8434042d8f95fa02017e00471785b71e2683eeb43b867237
1760579083111,2025-10-16T01:44:43.111000+00:00,BTC,A,110989.0,0.04504,Open Short,0.0,2.159544,0x82bb43617c82984c8434042d8f95fa02017e00471785b71e2683eeb43b867237
1760579083111,2025-10-16T01:44:43.111000+00:00,BTC,A,110988.0,0.00011,Open Short,0.0,0.005274,0x82bb43617c82984c8434042d8f95fa02017e00471785b71e2683eeb43b867237
1760579083111,2025-10-16T01:44:43.111000+00:00,BTC,A,110987.0,0.00011,Open Short,0.0,0.005274,0x82bb43617c82984c8434042d8f95fa02017e00471785b71e2683eeb43b867237
1760579083111,2025-10-16T01:44:43.111000+00:00,BTC,A,110987.0,0.04505,Open Short,0.0,2.159984,0x82bb43617c82984c8434042d8f95fa02017e00471785b71e2683eeb43b867237
1760579083111,2025-10-16T01:44:43.111000+00:00,BTC,A,110986.0,0.00429,Open Short,0.0,0.205688,0x82bb43617c82984c8434042d8f95fa02017e00471785b71e2683eeb43b867237
1760579083111,2025-10-16T01:44:43.111000+00:00,BTC,A,110986.0,0.03596,Open Short,0.0,1.724136,0x82bb43617c82984c8434042d8f95fa02017e00471785b71e2683eeb43b867237
1760579083111,2025-10-16T01:44:43.111000+00:00,BTC,A,110986.0,0.00011,Open Short,0.0,0.005274,0x82bb43617c82984c8434042d8f95fa02017e00471785b71e2683eeb43b867237
1760579083111,2025-10-16T01:44:43.111000+00:00,BTC,A,110986.0,0.04505,Open Short,0.0,2.159965,0x82bb43617c82984c8434042d8f95fa02017e00471785b71e2683eeb43b867237
1760579083111,2025-10-16T01:44:43.111000+00:00,BTC,A,110986.0,0.32534,Open Short,0.0,15.598736,0x82bb43617c82984c8434042d8f95fa02017e00471785b71e2683eeb43b867237
1760580843954,2025-10-16T02:14:03.954000+00:00,BTC,A,111344.0,0.00011,Open Short,0.0,0.005291,0x4eb1b0676859da12502b042d8feb460206c7004d035cf8e4f27a5bba275db3fc
1760580843954,2025-10-16T02:14:03.954000+00:00,BTC,A,111344.0,0.13462,Open Short,0.0,6.475303,0x4eb1b0676859da12502b042d8feb460206c7004d035cf8e4f27a5bba275db3fc
1760580843954,2025-10-16T02:14:03.954000+00:00,BTC,A,111344.0,0.53855,Open Short,0.0,25.904582,0x4eb1b0676859da12502b042d8feb460206c7004d035cf8e4f27a5bba275db3fc
1760580843954,2025-10-16T02:14:03.954000+00:00,BTC,A,111344.0,0.89757,Open Short,0.0,43.173662,0x4eb1b0676859da12502b042d8feb460206c7004d035cf8e4f27a5bba275db3fc
1760580843954,2025-10-16T02:14:03.954000+00:00,BTC,A,111344.0,1.33017,Open Short,0.0,63.981985,0x4eb1b0676859da12502b042d8feb460206c7004d035cf8e4f27a5bba275db3fc
1760593984272,2025-10-16T05:53:04.272000+00:00,BTC,B,110732.0,0.00011,Close Short,0.026532,0.005261,0x7380cc031d4c32cc74fa042d9269bc02052000e8b84f519e17497755dc400cb7
1760593984272,2025-10-16T05:53:04.272000+00:00,BTC,B,110733.0,0.00011,Close Short,0.026422,0.005262,0x7380cc031d4c32cc74fa042d9269bc02052000e8b84f519e17497755dc400cb7
1760593984272,2025-10-16T05:53:04.272000+00:00,BTC,B,110734.0,0.00011,Close Short,0.026312,0.005262,0x7380cc031d4c32cc74fa042d9269bc02052000e8b84f519e17497755dc400cb7
1760593984272,2025-10-16T05:53:04.272000+00:00,BTC,B,110735.0,0.00011,Close Short,0.026202,0.005262,0x7380cc031d4c32cc74fa042d9269bc02052000e8b84f519e17497755dc400cb7
1760593984272,2025-10-16T05:53:04.272000+00:00,BTC,B,110735.0,0.00014,Close Short,0.033348,0.006697,0x7380cc031d4c32cc74fa042d9269bc02052000e8b84f519e17497755dc400cb7
1760593984272,2025-10-16T05:53:04.272000+00:00,BTC,B,110735.0,0.58802,Close Short,140.066364,28.129418,0x7380cc031d4c32cc74fa042d9269bc02052000e8b84f519e17497755dc400cb7
1760593984272,2025-10-16T05:53:04.272000+00:00,BTC,B,110735.0,0.00135,Close Short,0.32157,0.06458,0x7380cc031d4c32cc74fa042d9269bc02052000e8b84f519e17497755dc400cb7
1760593984272,2025-10-16T05:53:04.272000+00:00,BTC,B,110736.0,0.00011,Close Short,0.026092,0.005262,0x7380cc031d4c32cc74fa042d9269bc02052000e8b84f519e17497755dc400cb7
1760593984272,2025-10-16T05:53:04.272000+00:00,BTC,B,110737.0,0.00011,Close Short,0.025982,0.005262,0x7380cc031d4c32cc74fa042d9269bc02052000e8b84f519e17497755dc400cb7
1760593984272,2025-10-16T05:53:04.272000+00:00,BTC,B,110738.0,0.00011,Close Short,0.025872,0.005262,0x7380cc031d4c32cc74fa042d9269bc02052000e8b84f519e17497755dc400cb7
1760593984272,2025-10-16T05:53:04.272000+00:00,BTC,B,110739.0,0.00014,Close Short,0.032788,0.006697,0x7380cc031d4c32cc74fa042d9269bc02052000e8b84f519e17497755dc400cb7
1760593984272,2025-10-16T05:53:04.272000+00:00,BTC,B,110739.0,0.00011,Close Short,0.025762,0.005262,0x7380cc031d4c32cc74fa042d9269bc02052000e8b84f519e17497755dc400cb7
1760593984272,2025-10-16T05:53:04.272000+00:00,BTC,B,110740.0,0.0045,Close Short,1.0494,0.215278,0x7380cc031d4c32cc74fa042d9269bc02052000e8b84f519e17497755dc400cb7
1760593984272,2025-10-16T05:53:04.272000+00:00,BTC,B,110740.0,0.00011,Close Short,0.025652,0.005262,0x7380cc031d4c32cc74fa042d9269bc02052000e8b84f519e17497755dc400cb7
1760593984272,2025-10-16T05:53:04.272000+00:00,BTC,B,110740.0,3.60532,Close Short,840.760624,172.477355,0x7380cc031d4c32cc74fa042d9269bc02052000e8b84f519e17497755dc400cb7
1760593984272,2025-10-16T05:53:04.272000+00:00,BTC,B,110741.0,0.00011,Close Short,0.025542,0.005262,0x7380cc031d4c32cc74fa042d9269bc02052000e8b84f519e17497755dc400cb7
1760593984272,2025-10-16T05:53:04.272000+00:00,BTC,B,110742.0,0.00011,Close Short,0.025432,0.005262,0x7380cc031d4c32cc74fa042d9269bc02052000e8b84f519e17497755dc400cb7
1760593984272,2025-10-16T05:53:04.272000+00:00,BTC,B,110742.0,0.13538,Close Short,31.299856,6.476652,0x7380cc031d4c32cc74fa042d9269bc02052000e8b84f519e17497755dc400cb7
1760593984272,2025-10-16T05:53:04.272000+00:00,BTC,B,110743.0,0.00011,Close Short,0.025322,0.005262,0x7380cc031d4c32cc74fa042d9269bc02052000e8b84f519e17497755dc400cb7
1760593984272,2025-10-16T05:53:04.272000+00:00,BTC,B,110744.0,0.00014,Close Short,0.032088,0.006697,0x7380cc031d4c32cc74fa042d9269bc02052000e8b84f519e17497755dc400cb7
1760593984272,2025-10-16T05:53:04.272000+00:00,BTC,B,110744.0,0.00011,Close Short,0.025212,0.005262,0x7380cc031d4c32cc74fa042d9269bc02052000e8b84f519e17497755dc400cb7
1760593984272,2025-10-16T05:53:04.272000+00:00,BTC,B,110744.0,1.35384,Close Short,310.300128,64.769611,0x7380cc031d4c32cc74fa042d9269bc02052000e8b84f519e17497755dc400cb7
1760593984272,2025-10-16T05:53:04.272000+00:00,BTC,B,110744.0,0.90257,Close Short,206.869044,43.180219,0x7380cc031d4c32cc74fa042d9269bc02052000e8b84f519e17497755dc400cb7
1760593984272,2025-10-16T05:53:04.272000+00:00,BTC,B,110744.0,0.54152,Close Short,124.116384,25.907079,0x7380cc031d4c32cc74fa042d9269bc02052000e8b84f519e17497755dc400cb7
1760593984272,2025-10-16T05:53:04.272000+00:00,BTC,B,110745.0,0.00011,Close Short,0.025102,0.005262,0x7380cc031d4c32cc74fa042d9269bc02052000e8b84f519e17497755dc400cb7
1760593984272,2025-10-16T05:53:04.272000+00:00,BTC,B,110745.0,1.35382,Close Short,308.941724,64.769239,0x7380cc031d4c32cc74fa042d9269bc02052000e8b84f519e17497755dc400cb7
1760593984272,2025-10-16T05:53:04.272000+00:00,BTC,B,110746.0,0.00011,Close Short,0.024992,0.005262,0x7380cc031d4c32cc74fa042d9269bc02052000e8b84f519e17497755dc400cb7
1760593984272,2025-10-16T05:53:04.272000+00:00,BTC,B,110747.0,0.00011,Close Short,0.024882,0.005262,0x7380cc031d4c32cc74fa042d9269bc02052000e8b84f519e17497755dc400cb7
1760593984272,2025-10-16T05:53:04.272000+00:00,BTC,B,110748.0,0.00014,Close Short,0.031528,0.006698,0x7380cc031d4c32cc74fa042d9269bc02052000e8b84f519e17497755dc400cb7
1760593984272,2025-10-16T05:53:04.272000+00:00,BTC,B,110748.0,0.6432,Close Short,144.84864,30.772705,0x7380cc031d4c32cc74fa042d9269bc02052000e8b84f519e17497755dc400cb7
1760593984272,2025-10-16T05:53:04.272000+00:00,BTC,B,110748.0,0.00011,Close Short,0.024772,0.005262,0x7380cc031d4c32cc74fa042d9269bc02052000e8b84f519e17497755dc400cb7
1760593984272,2025-10-16T05:53:04.272000+00:00,BTC,B,110749.0,0.00011,Close Short,0.024662,0.005262,0x7380cc031d4c32cc74fa042d9269bc02052000e8b84f519e17497755dc400cb7
1760593984272,2025-10-16T05:53:04.272000+00:00,BTC,B,110749.0,0.26128,Close Short,58.578976,12.500567,0x7380cc031d4c32cc74fa042d9269bc02052000e8b84f519e17497755dc400cb7
1760597535827,2025-10-16T06:52:15.827000+00:00,BTC,A,111537.0,0.1,Open Short,0.0,4.818398,0x36abcedefb7dfbe63825042d93156c02078b00c496711ab8da747a31ba71d5d0
1760597535827,2025-10-16T06:52:15.827000+00:00,BTC,A,111537.0,0.06637,Open Short,0.0,3.197971,0x36abcedefb7dfbe63825042d93156c02078b00c496711ab8da747a31ba71d5d0
1760597535827,2025-10-16T06:52:15.827000+00:00,BTC,A,111537.0,0.2,Open Short,0.0,9.636796,0x36abcedefb7dfbe63825042d93156c02078b00c496711ab8da747a31ba71d5d0
1760597535827,2025-10-16T06:52:15.827000+00:00,BTC,A,111537.0,0.1,Open Short,0.0,4.818398,0x36abcedefb7dfbe63825042d93156c02078b00c496711ab8da747a31ba71d5d0
1760597535827,2025-10-16T06:52:15.827000+00:00,BTC,A,111537.0,0.26732,Open Short,0.0,12.880542,0x36abcedefb7dfbe63825042d93156c02078b00c496711ab8da747a31ba71d5d0
1760597535827,2025-10-16T06:52:15.827000+00:00,BTC,A,111537.0,0.13442,Open Short,0.0,6.476891,0x36abcedefb7dfbe63825042d93156c02078b00c496711ab8da747a31ba71d5d0
1760597535827,2025-10-16T06:52:15.827000+00:00,BTC,A,111537.0,0.30498,Open Short,0.0,14.695151,0x36abcedefb7dfbe63825042d93156c02078b00c496711ab8da747a31ba71d5d0
1760597535827,2025-10-16T06:52:15.827000+00:00,BTC,A,111537.0,0.53768,Open Short,0.0,25.907564,0x36abcedefb7dfbe63825042d93156c02078b00c496711ab8da747a31ba71d5d0
1760597535827,2025-10-16T06:52:15.827000+00:00,BTC,A,111537.0,1.04569,Open Short,0.0,50.38551,0x36abcedefb7dfbe63825042d93156c02078b00c496711ab8da747a31ba71d5d0
1760599294582,2025-10-16T07:21:34.582000+00:00,BTC,B,110911.0,1.08586,Close Short,679.74836,52.027409,0x771e2a9b2ffd22367897042d9369cd020a6e0080caf041081ae6d5edeef0fc21
1760599294582,2025-10-16T07:21:34.582000+00:00,BTC,B,110912.0,0.00011,Close Short,0.06875,0.00527,0x771e2a9b2ffd22367897042d9369cd020a6e0080caf041081ae6d5edeef0fc21
1760599294582,2025-10-16T07:21:34.582000+00:00,BTC,B,110912.0,0.00014,Close Short,0.0875,0.006707,0x771e2a9b2ffd22367897042d9369cd020a6e0080caf041081ae6d5edeef0fc21
1760599294582,2025-10-16T07:21:34.582000+00:00,BTC,B,110913.0,0.00011,Close Short,0.06864,0.00527,0x771e2a9b2ffd22367897042d9369cd020a6e0080caf041081ae6d5edeef0fc21
1760599294582,2025-10-16T07:21:34.582000+00:00,BTC,B,110913.0,0.54071,Close Short,337.40304,25.907803,0x771e2a9b2ffd22367897042d9369cd020a6e0080caf041081ae6d5edeef0fc21
1760599294582,2025-10-16T07:21:34.582000+00:00,BTC,B,110914.0,0.00011,Close Short,0.06853,0.00527,0x771e2a9b2ffd22367897042d9369cd020a6e0080caf041081ae6d5edeef0fc21
1760599294582,2025-10-16T07:21:34.582000+00:00,BTC,B,110914.0,0.90132,Close Short,561.52236,43.18661,0x771e2a9b2ffd22367897042d9369cd020a6e0080caf041081ae6d5edeef0fc21
1760599294582,2025-10-16T07:21:34.582000+00:00,BTC,B,110915.0,0.00011,Close Short,0.06842,0.00527,0x771e2a9b2ffd22367897042d9369cd020a6e0080caf041081ae6d5edeef0fc21
1760599294582,2025-10-16T07:21:34.582000+00:00,BTC,B,110916.0,0.00011,Close Short,0.06831,0.00527,0x771e2a9b2ffd22367897042d9369cd020a6e0080caf041081ae6d5edeef0fc21
1760599294582,2025-10-16T07:21:34.582000+00:00,BTC,B,110916.0,0.00014,Close Short,0.08694,0.006708,0x771e2a9b2ffd22367897042d9369cd020a6e0080caf041081ae6d5edeef0fc21
1760599294582,2025-10-16T07:21:34.582000+00:00,BTC,B,110917.0,0.00011,Close Short,0.0682,0.00527,0x771e2a9b2ffd22367897042d9369cd020a6e0080caf041081ae6d5edeef0fc21
1760599294582,2025-10-16T07:21:34.582000+00:00,BTC,B,110918.0,0.00018,Close Short,0.11142,0.008624,0x771e2a9b2ffd22367897042d9369cd020a6e0080caf041081ae6d5edeef0fc21
1760599294582,2025-10-16T07:21:34.582000+00:00,BTC,B,110918.0,0.00011,Close Short,0.06809,0.00527,0x771e2a9b2ffd22367897042d9369cd020a6e0080caf041081ae6d5edeef0fc21
1760599294582,2025-10-16T07:21:34.582000+00:00,BTC,B,110919.0,0.00011,Close Short,0.06798,0.00527,0x771e2a9b2ffd22367897042d9369cd020a6e0080caf041081ae6d5edeef0fc21
1760599294582,2025-10-16T07:21:34.582000+00:00,BTC,B,110919.0,0.13517,Close Short,83.53506,6.476941,0x771e2a9b2ffd22367897042d9369cd020a6e0080caf041081ae6d5edeef0fc21
1760599294582,2025-10-16T07:21:34.582000+00:00,BTC,B,110920.0,0.00011,Close Short,0.06787,0.00527,0x771e2a9b2ffd22367897042d9369cd020a6e0080caf041081ae6d5edeef0fc21
1760599294582,2025-10-16T07:21:34.582000+00:00,BTC,B,110920.0,0.09195,Close Short,56.73315,4.406008,0x771e2a9b2ffd22367897042d9369cd020a6e0080caf041081ae6d5edeef0fc21
1760609338466,2025-10-16T10:08:58.466000+00:00,BTC,B,111170.0,0.75515,Open Long,0.0,36.266411,0x76499dc428e5e3a577c3042d954a0402048200a9c3e902771a124916e7e9bd90
1760609338466,2025-10-16T10:08:58.466000+00:00,BTC,B,111170.0,0.01255,Open Long,0.0,0.602719,0x76499dc428e5e3a577c3042d954a0402048200a9c3e902771a124916e7e9bd90
1760609338466,2025-10-16T10:08:58.466000+00:00,BTC,B,111170.0,0.03909,Open Long,0.0,1.877314,0x76499dc428e5e3a577c3042d954a0402048200a9c3e902771a124916e7e9bd90
1760609338466,2025-10-16T10:08:58.466000+00:00,BTC,B,111170.0,0.05549,Open Long,0.0,2.664931,0x76499dc428e5e3a577c3042d954a0402048200a9c3e902771a124916e7e9bd90
1760609338466,2025-10-16T10:08:58.466000+00:00,BTC,B,111170.0,0.25,Open Long,0.0,12.00636,0x76499dc428e5e3a577c3042d954a0402048200a9c3e902771a124916e7e9bd90
1760609338466,2025-10-16T10:08:58.466000+00:00,BTC,B,111170.0,0.30601,Open Long,0.0,14.696264,0x76499dc428e5e3a577c3042d954a0402048200a9c3e902771a124916e7e9bd90
1760609338466,2025-10-16T10:08:58.466000+00:00,BTC,B,111170.0,0.22051,Open Long,0.0,10.590089,0x76499dc428e5e3a577c3042d954a0402048200a9c3e902771a124916e7e9bd90
1760609338466,2025-10-16T10:08:58.466000+00:00,BTC,B,111170.0,0.25,Open Long,0.0,12.00636,0x76499dc428e5e3a577c3042d954a0402048200a9c3e902771a124916e7e9bd90
1760609338466,2025-10-16T10:08:58.466000+00:00,BTC,B,111170.0,0.28369,Open Long,0.0,13.624337,0x76499dc428e5e3a577c3042d954a0402048200a9c3e902771a124916e7e9bd90
1760609338466,2025-10-16T10:08:58.466000+00:00,BTC,B,111170.0,0.08132,Open Long,0.0,3.905428,0x76499dc428e5e3a577c3042d954a0402048200a9c3e902771a124916e7e9bd90
1760609338466,2025-10-16T10:08:58.466000+00:00,BTC,B,111170.0,0.23375,Open Long,0.0,11.225946,0x76499dc428e5e3a577c3042d954a0402048200a9c3e902771a124916e7e9bd90
1760609338466,2025-10-16T10:08:58.466000+00:00,BTC,B,111170.0,0.14833,Open Long,0.0,7.123613,0x76499dc428e5e3a577c3042d954a0402048200a9c3e902771a124916e7e9bd90
1760609338466,2025-10-16T10:08:58.466000+00:00,BTC,B,111170.0,0.19152,Open Long,0.0,9.197832,0x76499dc428e5e3a577c3042d954a0402048200a9c3e902771a124916e7e9bd90
1760609338466,2025-10-16T10:08:58.466000+00:00,BTC,B,111170.0,0.91849,Open Long,0.0,44.110886,0x76499dc428e5e3a577c3042d954a0402048200a9c3e902771a124916e7e9bd90
1760609981839,2025-10-16T10:19:41.839000+00:00,BTC,A,111483.0,0.34354,Close Long,107.52802,16.545111,0x8f8d4389ec723e129106042d95689902027a006f87755ce43355eedcab7617fd
1760609981839,2025-10-16T10:19:41.839000+00:00,BTC,A,111483.0,0.34354,Close Long,107.52802,16.545111,0x8f8d4389ec723e129106042d95689902027a006f87755ce43355eedcab7617fd
1760609981839,2025-10-16T10:19:41.839000+00:00,BTC,A,111483.0,0.225,Close Long,70.425,10.836147,0x8f8d4389ec723e129106042d95689902027a006f87755ce43355eedcab7617fd
1760609981839,2025-10-16T10:19:41.839000+00:00,BTC,A,111483.0,0.45,Close Long,140.85,21.672295,0x8f8d4389ec723e129106042d95689902027a006f87755ce43355eedcab7617fd
1760609981839,2025-10-16T10:19:41.839000+00:00,BTC,A,111483.0,0.225,Close Long,70.425,10.836147,0x8f8d4389ec723e129106042d95689902027a006f87755ce43355eedcab7617fd
1760609981839,2025-10-16T10:19:41.839000+00:00,BTC,A,111483.0,0.45,Close Long,140.85,21.672295,0x8f8d4389ec723e129106042d95689902027a006f87755ce43355eedcab7617fd
1760609981839,2025-10-16T10:19:41.839000+00:00,BTC,A,111483.0,0.225,Close Long,70.425,10.836147,0x8f8d4389ec723e129106042d95689902027a006f87755ce43355eedcab7617fd
1760609981839,2025-10-16T10:19:41.839000+00:00,BTC,A,111483.0,0.35475,Close Long,111.03675,17.084992,0x8f8d4389ec723e129106042d95689902027a006f87755ce43355eedcab7617fd
1760609981839,2025-10-16T10:19:41.839000+00:00,BTC,A,111483.0,0.225,Close Long,70.425,10.836147,0x8f8d4389ec723e129106042d95689902027a006f87755ce43355eedcab7617fd
1760609981839,2025-10-16T10:19:41.839000+00:00,BTC,A,111483.0,0.45,Close Long,140.85,21.672295,0x8f8d4389ec723e129106042d95689902027a006f87755ce43355eedcab7617fd
1760609981839,2025-10-16T10:19:41.839000+00:00,BTC,A,111483.0,0.00449,Close Long,1.40537,0.216241,0x8f8d4389ec723e129106042d95689902027a006f87755ce43355eedcab7617fd
1760609981839,2025-10-16T10:19:41.839000+00:00,BTC,A,111483.0,0.44851,Close Long,140.38363,21.600535,0x8f8d4389ec723e129106042d95689902027a006f87755ce43355eedcab7617fd
1760609981839,2025-10-16T10:19:41.839000+00:00,BTC,A,111483.0,0.00107,Close Long,0.335017,0.051531,0x8f8d4389ec723e129106042d95689902027a006f87755ce43355eedcab7617fd
1760678081626,2025-10-17T05:14:41.626000+00:00,BTC,B,108815.0,0.03647,Open Long,0.0,1.523897,0xbb2496103b253567bc9e042da23abb02017300f5d62854395eed4162fa290f52
1760678081626,2025-10-17T05:14:41.626000+00:00,BTC,B,108815.0,0.11236,Open Long,0.0,4.694958,0xbb2496103b253567bc9e042da23abb02017300f5d62854395eed4162fa290f52
1760678081626,2025-10-17T05:14:41.626000+00:00,BTC,B,108815.0,1.03928,Open Long,0.0,43.426273,0xbb2496103b253567bc9e042da23abb02017300f5d62854395eed4162fa290f52
1760678081626,2025-10-17T05:14:41.626000+00:00,BTC,B,108815.0,1.37816,Open Long,0.0,57.58636,0xbb2496103b253567bc9e042da23abb02017300f5d62854395eed4162fa290f52
1760678081626,2025-10-17T05:14:41.626000+00:00,BTC,B,108815.0,0.91884,Open Long,0.0,38.393692,0xbb2496103b253567bc9e042da23abb02017300f5d62854395eed4162fa290f52
1760678081626,2025-10-17T05:14:41.626000+00:00,BTC,B,108815.0,0.13782,Open Long,0.0,5.758803,0xbb2496103b253567bc9e042da23abb02017300f5d62854395eed4162fa290f52
1760678081626,2025-10-17T05:14:41.626000+00:00,BTC,B,108815.0,1.83751,Open Long,0.0,76.780281,0xbb2496103b253567bc9e042da23abb02017300f5d62854395eed4162fa290f52
1760678081626,2025-10-17T05:14:41.626000+00:00,BTC,B,108815.0,0.68909,Open Long,0.0,28.793598,0xbb2496103b253567bc9e042da23abb02017300f5d62854395eed4162fa290f52
1760678081626,2025-10-17T05:14:41.626000+00:00,BTC,B,108815.0,1.20321,Open Long,0.0,50.276081,0xbb2496103b253567bc9e042da23abb02017300f5d62854395eed4162fa290f52
1760741556899,2025-10-17T22:52:36.899000+00:00,BTC,A,106928.0,0.03751,Close Long,-70.78137,1.540173,0xa1bc116cb9533624a335042dae359e019f002952545654f64584bcbf7857100f
1760741556899,2025-10-17T22:52:36.899000+00:00,BTC,A,106928.0,0.04676,Close Long,-88.23612,1.919982,0xa1bc116cb9533624a335042dae359e019f002952545654f64584bcbf7857100f
1760741556899,2025-10-17T22:52:36.899000+00:00,BTC,A,106928.0,1.18684,Close Long,-2239.56708,48.732068,0xa1bc116cb9533624a335042dae359e019f002952545654f64584bcbf7857100f
1760741556899,2025-10-17T22:52:36.899000+00:00,BTC,A,106928.0,0.70098,Close Long,-1322.74926,28.782485,0xa1bc116cb9533624a335042dae359e019f002952545654f64584bcbf7857100f
1760741556899,2025-10-17T22:52:36.899000+00:00,BTC,A,106928.0,0.14021,Close Long,-264.57627,5.757071,0xa1bc116cb9533624a335042dae359e019f002952545654f64584bcbf7857100f
1760741556899,2025-10-17T22:52:36.899000+00:00,BTC,A,106928.0,0.00935,Close Long,-17.64345,0.383914,0xa1bc116cb9533624a335042dae359e019f002952545654f64584bcbf7857100f
1760741556899,2025-10-17T22:52:36.899000+00:00,BTC,A,106928.0,0.93476,Close Long,-1763.89212,38.381574,0xa1bc116cb9533624a335042dae359e019f002952545654f64584bcbf7857100f
1760741556899,2025-10-17T22:52:36.899000+00:00,BTC,A,106928.0,0.31526,Close Long,-594.89562,12.944686,0xa1bc116cb9533624a335042dae359e019f002952545654f64584bcbf7857100f
1760741556899,2025-10-17T22:52:36.899000+00:00,BTC,A,106928.0,0.03297,Close Long,-62.21439,1.353759,0xa1bc116cb9533624a335042dae359e019f002952545654f64584bcbf7857100f
1760741556899,2025-10-17T22:52:36.899000+00:00,BTC,A,106928.0,0.46751,Close Long,-882.19137,19.196125,0xa1bc116cb9533624a335042dae359e019f002952545654f64584bcbf7857100f
1760741556899,2025-10-17T22:52:36.899000+00:00,BTC,A,106928.0,1.40221,Close Long,-2645.97027,57.575236,0xa1bc116cb9533624a335042dae359e019f002952545654f64584bcbf7857100f
1760741556899,2025-10-17T22:52:36.899000+00:00,BTC,A,106928.0,0.00011,Close Long,-0.20757,0.004516,0xa1bc116cb9533624a335042dae359e019f002952545654f64584bcbf7857100f
1760741556899,2025-10-17T22:52:36.899000+00:00,BTC,A,106927.0,0.00011,Close Long,-0.20768,0.004516,0xa1bc116cb9533624a335042dae359e019f002952545654f64584bcbf7857100f
1760741556899,2025-10-17T22:52:36.899000+00:00,BTC,A,106927.0,0.04676,Close Long,-88.28288,1.919964,0xa1bc116cb9533624a335042dae359e019f002952545654f64584bcbf7857100f
1760741556899,2025-10-17T22:52:36.899000+00:00,BTC,A,106927.0,0.32722,Close Long,-617.79136,13.435642,0xa1bc116cb9533624a335042dae359e019f002952545654f64584bcbf7857100f
1760741556899,2025-10-17T22:52:36.899000+00:00,BTC,A,106926.0,0.00011,Close Long,-0.20779,0.004516,0xa1bc116cb9533624a335042dae359e019f002952545654f64584bcbf7857100f
1760741556899,2025-10-17T22:52:36.899000+00:00,BTC,A,106926.0,0.0014,Close Long,-2.6446,0.057483,0xa1bc116cb9533624a335042dae359e019f002952545654f64584bcbf7857100f
1760741556899,2025-10-17T22:52:36.899000+00:00,BTC,A,106925.0,0.00011,Close Long,-0.2079,0.004516,0xa1bc116cb9533624a335042dae359e019f002952545654f64584bcbf7857100f
1760741556899,2025-10-17T22:52:36.899000+00:00,BTC,A,106925.0,0.5609,Close Long,-1060.101,23.030105,0xa1bc116cb9533624a335042dae359e019f002952545654f64584bcbf7857100f
1760741556899,2025-10-17T22:52:36.899000+00:00,BTC,A,106924.0,0.00011,Close Long,-0.20801,0.004516,0xa1bc116cb9533624a335042dae359e019f002952545654f64584bcbf7857100f
1760741556899,2025-10-17T22:52:36.899000+00:00,BTC,A,106924.0,0.36369,Close Long,-687.73779,14.93268,0xa1bc116cb9533624a335042dae359e019f002952545654f64584bcbf7857100f
1760741556899,2025-10-17T22:52:36.899000+00:00,BTC,A,106924.0,0.77786,Close Long,-1470.93326,31.93801,0xa1bc116cb9533624a335042dae359e019f002952545654f64584bcbf7857100f
1760746019996,2025-10-18T00:06:59.996000+00:00,BTC,B,106398.0,0.30288,Open Long,0.0,12.374717,0x8753e6c65f3cc11088cd042daf10a70205c000abfa3fdfe22b1c92191e309afb
1760746019996,2025-10-18T00:06:59.996000+00:00,BTC,B,106398.0,0.22466,Open Long,0.0,9.178895,0x8753e6c65f3cc11088cd042daf10a70205c000abfa3fdfe22b1c92191e309afb
1760746019996,2025-10-18T00:06:59.996000+00:00,BTC,B,106398.0,0.58555,Open Long,0.0,23.923717,0x8753e6c65f3cc11088cd042daf10a70205c000abfa3fdfe22b1c92191e309afb
1760746019996,2025-10-18T00:06:59.996000+00:00,BTC,B,106398.0,0.22466,Open Long,0.0,9.178895,0x8753e6c65f3cc11088cd042daf10a70205c000abfa3fdfe22b1c92191e309afb
1760746019996,2025-10-18T00:06:59.996000+00:00,BTC,B,106398.0,0.30176,Open Long,0.0,12.328957,0x8753e6c65f3cc11088cd042daf10a70205c000abfa3fdfe22b1c92191e309afb
1760746019996,2025-10-18T00:06:59.996000+00:00,BTC,B,106398.0,0.13928,Open Long,0.0,5.690539,0x8753e6c65f3cc11088cd042daf10a70205c000abfa3fdfe22b1c92191e309afb
1760746019996,2025-10-18T00:06:59.996000+00:00,BTC,B,106398.0,0.10548,Open Long,0.0,4.309578,0x8753e6c65f3cc11088cd042daf10a70205c000abfa3fdfe22b1c92191e309afb
1760746019996,2025-10-18T00:06:59.996000+00:00,BTC,B,106398.0,0.13928,Open Long,0.0,5.690539,0x8753e6c65f3cc11088cd042daf10a70205c000abfa3fdfe22b1c92191e309afb
1760746019996,2025-10-18T00:06:59.996000+00:00,BTC,B,106398.0,0.32486,Open Long,0.0,13.27275,0x8753e6c65f3cc11088cd042daf10a70205c000abfa3fdfe22b1c92191e309afb
1760746019996,2025-10-18T00:06:59.996000+00:00,BTC,B,106398.0,0.46994,Open Long,0.0,19.200259,0x8753e6c65f3cc11088cd042daf10a70205c000abfa3fdfe22b1c92191e309afb
1760746019996,2025-10-18T00:06:59.996000+00:00,BTC,B,106398.0,0.11578,Open Long,0.0,4.730404,0x8753e6c65f3cc11088cd042daf10a70205c000abfa3fdfe22b1c92191e309afb
1760746019996,2025-10-18T00:06:59.996000+00:00,BTC,B,106398.0,0.13928,Open Long,0.0,5.690539,0x8753e6c65f3cc11088cd042daf10a70205c000abfa3fdfe22b1c92191e309afb
1760746019996,2025-10-18T00:06:59.996000+00:00,BTC,B,106398.0,0.13928,Open Long,0.0,5.690539,0x8753e6c65f3cc11088cd042daf10a70205c000abfa3fdfe22b1c92191e309afb
1760746019996,2025-10-18T00:06:59.996000+00:00,BTC,B,106398.0,0.10548,Open Long,0.0,4.309578,0x8753e6c65f3cc11088cd042daf10a70205c000abfa3fdfe22b1c92191e309afb
1760746019996,2025-10-18T00:06:59.996000+00:00,BTC,B,106398.0,0.45,Open Long,0.0,18.385574,0x8753e6c65f3cc11088cd042daf10a70205c000abfa3fdfe22b1c92191e309afb
1760746019996,2025-10-18T00:06:59.996000+00:00,BTC,B,106398.0,0.46994,Open Long,0.0,19.200259,0x8753e6c65f3cc11088cd042daf10a70205c000abfa3fdfe22b1c92191e309afb
1760746019996,2025-10-18T00:06:59.996000+00:00,BTC,B,106398.0,0.11578,Open Long,0.0,4.730404,0x8753e6c65f3cc11088cd042daf10a70205c000abfa3fdfe22b1c92191e309afb
1760746019996,2025-10-18T00:06:59.996000+00:00,BTC,B,106398.0,0.46994,Open Long,0.0,19.200259,0x8753e6c65f3cc11088cd042daf10a70205c000abfa3fdfe22b1c92191e309afb
1760746019996,2025-10-18T00:06:59.996000+00:00,BTC,B,106398.0,0.30176,Open Long,0.0,12.328957,0x8753e6c65f3cc11088cd042daf10a70205c000abfa3fdfe22b1c92191e309afb
1760746019996,2025-10-18T00:06:59.996000+00:00,BTC,B,106398.0,0.18095,Open Long,0.0,7.393043,0x8753e6c65f3cc11088cd042daf10a70205c000abfa3fdfe22b1c92191e309afb
1760746019996,2025-10-18T00:06:59.996000+00:00,BTC,B,106398.0,0.10548,Open Long,0.0,4.309578,0x8753e6c65f3cc11088cd042daf10a70205c000abfa3fdfe22b1c92191e309afb
1760746019996,2025-10-18T00:06:59.996000+00:00,BTC,B,106398.0,0.45,Open Long,0.0,18.385574,0x8753e6c65f3cc11088cd042daf10a70205c000abfa3fdfe22b1c92191e309afb
1760746019996,2025-10-18T00:06:59.996000+00:00,BTC,B,106398.0,0.10961,Open Long,0.0,4.478317,0x8753e6c65f3cc11088cd042daf10a70205c000abfa3fdfe22b1c92191e309afb
1760746019996,2025-10-18T00:06:59.996000+00:00,BTC,B,106398.0,0.125,Open Long,0.0,5.107104,0x8753e6c65f3cc11088cd042daf10a70205c000abfa3fdfe22b1c92191e309afb
1760746019996,2025-10-18T00:06:59.996000+00:00,BTC,B,106398.0,0.125,Open Long,0.0,5.107104,0x8753e6c65f3cc11088cd042daf10a70205c000abfa3fdfe22b1c92191e309afb
1760746019996,2025-10-18T00:06:59.996000+00:00,BTC,B,106398.0,0.225,Open Long,0.0,9.192787,0x8753e6c65f3cc11088cd042daf10a70205c000abfa3fdfe22b1c92191e309afb
1760746019996,2025-10-18T00:06:59.996000+00:00,BTC,B,106398.0,0.46994,Open Long,0.0,19.200259,0x8753e6c65f3cc11088cd042daf10a70205c000abfa3fdfe22b1c92191e309afb
1760746019996,2025-10-18T00:06:59.996000+00:00,BTC,B,106398.0,0.11578,Open Long,0.0,4.730404,0x8753e6c65f3cc11088cd042daf10a70205c000abfa3fdfe22b1c92191e309afb
1760746019996,2025-10-18T00:06:59.996000+00:00,BTC,B,106398.0,0.06128,Open Long,0.0,2.503706,0x8753e6c65f3cc11088cd042daf10a70205c000abfa3fdfe22b1c92191e309afb
1760747048833,2025-10-18T00:24:08.833000+00:00,BTC,A,106565.0,0.51406,Close Long,85.84802,21.035828,0xaf872310257cc239b100042daf421f02026c00f5c07fe10b534fce62e4709c24
1760747048833,2025-10-18T00:24:08.833000+00:00,BTC,A,106565.0,0.125,Close Long,20.875,5.11512,0xaf872310257cc239b100042daf421f02026c00f5c07fe10b534fce62e4709c24
1760747048833,2025-10-18T00:24:08.833000+00:00,BTC,A,106565.0,0.51345,Close Long,85.74615,21.010866,0xaf872310257cc239b100042daf421f02026c00f5c07fe10b534fce62e4709c24
1760747048833,2025-10-18T00:24:08.833000+00:00,BTC,A,106565.0,0.31769,Close Long,53.05423,13.000179,0xaf872310257cc239b100042daf421f02026c00f5c07fe10b534fce62e4709c24
1760747048833,2025-10-18T00:24:08.833000+00:00,BTC,A,106565.0,0.25,Close Long,41.75,10.23024,0xaf872310257cc239b100042daf421f02026c00f5c07fe10b534fce62e4709c24
1760747048833,2025-10-18T00:24:08.833000+00:00,BTC,A,106565.0,0.125,Close Long,20.875,5.11512,0xaf872310257cc239b100042daf421f02026c00f5c07fe10b534fce62e4709c24
1760747048833,2025-10-18T00:24:08.833000+00:00,BTC,A,106565.0,0.25,Close Long,41.75,10.23024,0xaf872310257cc239b100042daf421f02026c00f5c07fe10b534fce62e4709c24
1760747048833,2025-10-18T00:24:08.833000+00:00,BTC,A,106565.0,0.4322,Close Long,72.1774,17.686038,0xaf872310257cc239b100042daf421f02026c00f5c07fe10b534fce62e4709c24
1760747048833,2025-10-18T00:24:08.833000+00:00,BTC,A,106565.0,0.225,Close Long,37.575,9.207216,0xaf872310257cc239b100042daf421f02026c00f5c07fe10b534fce62e4709c24
1760747048833,2025-10-18T00:24:08.833000+00:00,BTC,A,106565.0,0.125,Close Long,20.875,5.11512,0xaf872310257cc239b100042daf421f02026c00f5c07fe10b534fce62e4709c24
1760747048833,2025-10-18T00:24:08.833000+00:00,BTC,A,106565.0,0.0563,Close Long,9.4021,2.30385,0xaf872310257cc239b100042daf421f02026c00f5c07fe10b534fce62e4709c24
1760747048833,2025-10-18T00:24:08.833000+00:00,BTC,A,106565.0,0.20455,Close Long,34.15985,8.370382,0xaf872310257cc239b100042daf421f02026c00f5c07fe10b534fce62e4709c24
1760747048833,2025-10-18T00:24:08.833000+00:00,BTC,A,106565.0,0.45,Close Long,75.15,18.414432,0xaf872310257cc239b100042daf421f02026c00f5c07fe10b534fce62e4709c24
1760747048833,2025-10-18T00:24:08.833000+00:00,BTC,A,106565.0,0.4432,Close Long,74.0144,18.136169,0xaf872310257cc239b100042daf421f02026c00f5c07fe10b534fce62e4709c24
1760747048833,2025-10-18T00:24:08.833000+00:00,BTC,A,106565.0,0.18768,Close Long,31.34256,7.680045,0xaf872310257cc239b100042daf421f02026c00f5c07fe10b534fce62e4709c24
1760747048833,2025-10-18T00:24:08.833000+00:00,BTC,A,106565.0,0.18768,Close Long,31.34256,7.680045,0xaf872310257cc239b100042daf421f02026c00f5c07fe10b534fce62e4709c24
1760747048833,2025-10-18T00:24:08.833000+00:00,BTC,A,106565.0,0.4692,Close Long,78.3564,19.200114,0xaf872310257cc239b100042daf421f02026c00f5c07fe10b534fce62e4709c24
1760747048833,2025-10-18T00:24:08.833000+00:00,BTC,A,106565.0,0.4432,Close Long,74.0144,18.136169,0xaf872310257cc239b100042daf421f02026c00f5c07fe10b534fce62e4709c24
1760747048833,2025-10-18T00:24:08.833000+00:00,BTC,A,106565.0,0.4432,Close Long,74.0144,18.136169,0xaf872310257cc239b100042daf421f02026c00f5c07fe10b534fce62e4709c24
1760747048833,2025-10-18T00:24:08.833000+00:00,BTC,A,106565.0,0.0729,Close Long,12.1743,2.983137,0xaf872310257cc239b100042daf421f02026c00f5c07fe10b534fce62e4709c24
1760747048833,2025-10-18T00:24:08.833000+00:00,BTC,A,106565.0,0.05741,Close Long,9.58747,2.349272,0xaf872310257cc239b100042daf421f02026c00f5c07fe10b534fce62e4709c24
1760747048833,2025-10-18T00:24:08.833000+00:00,BTC,A,106565.0,0.05741,Close Long,9.58747,2.349272,0xaf872310257cc239b100042daf421f02026c00f5c07fe10b534fce62e4709c24
1760747048833,2025-10-18T00:24:08.833000+00:00,BTC,A,106565.0,0.18768,Close Long,31.34256,7.680045,0xaf872310257cc239b100042daf421f02026c00f5c07fe10b534fce62e4709c24
1760747048833,2025-10-18T00:24:08.833000+00:00,BTC,A,106565.0,0.18768,Close Long,31.34256,7.680045,0xaf872310257cc239b100042daf421f02026c00f5c07fe10b534fce62e4709c24
1760747048833,2025-10-18T00:24:08.833000+00:00,BTC,A,106565.0,0.32025,Close Long,53.48175,13.104937,0xaf872310257cc239b100042daf421f02026c00f5c07fe10b534fce62e4709c24
1760747048833,2025-10-18T00:24:08.833000+00:00,BTC,A,106565.0,0.057,Close Long,9.519,2.332494,0xaf872310257cc239b100042daf421f02026c00f5c07fe10b534fce62e4709c24
1760747048833,2025-10-18T00:24:08.833000+00:00,BTC,A,106565.0,0.39089,Close Long,65.27863,15.995594,0xaf872310257cc239b100042daf421f02026c00f5c07fe10b534fce62e4709c24
1760777968167,2025-10-18T08:59:28.167000+00:00,XPL,B,0.41085,2434.0,Open Long,0.0,0.384003,0xdc41e6465dcfb175ddbb042db51c890201a7002bf8c2d047800a91991cc38b60
1760777968167,2025-10-18T08:59:28.167000+00:00,XPL,B,0.41086,2925.0,Open Long,0.0,0.461477,0xdc41e6465dcfb175ddbb042db51c890201a7002bf8c2d047800a91991cc38b60
1760777968167,2025-10-18T08:59:28.167000+00:00,XPL,B,0.41086,2867.0,Open Long,0.0,0.452327,0xdc41e6465dcfb175ddbb042db51c890201a7002bf8c2d047800a91991cc38b60
1760777968167,2025-10-18T08:59:28.167000+00:00,XPL,B,0.41088,935.0,Open Long,0.0,0.147522,0xdc41e6465dcfb175ddbb042db51c890201a7002bf8c2d047800a91991cc38b60
1760777968167,2025-10-18T08:59:28.167000+00:00,XPL,B,0.41092,6081.0,Open Long,0.0,0.95954,0xdc41e6465dcfb175ddbb042db51c890201a7002bf8c2d047800a91991cc38b60
1760777968167,2025-10-18T08:59:28.167000+00:00,XPL,B,0.41095,1704.0,Open Long,0.0,0.268899,0xdc41e6465dcfb175ddbb042db51c890201a7002bf8c2d047800a91991cc38b60
1760777968167,2025-10-18T08:59:28.167000+00:00,XPL,B,0.41095,21931.0,Open Long,0.0,3.460817,0xdc41e6465dcfb175ddbb042db51c890201a7002bf8c2d047800a91991cc38b60
1760777968167,2025-10-18T08:59:28.167000+00:00,XPL,B,0.41096,1522.0,Open Long,0.0,0.240184,0xdc41e6465dcfb175ddbb042db51c890201a7002bf8c2d047800a91991cc38b60
1760777968167,2025-10-18T08:59:28.167000+00:00,XPL,B,0.411,6307.0,Open Long,0.0,0.995395,0xdc41e6465dcfb175ddbb042db51c890201a7002bf8c2d047800a91991cc38b60
1760777968167,2025-10-18T08:59:28.167000+00:00,XPL,B,0.411,6044.0,Open Long,0.0,0.953888,0xdc41e6465dcfb175ddbb042db51c890201a7002bf8c2d047800a91991cc38b60
1760777968167,2025-10-18T08:59:28.167000+00:00,XPL,B,0.411,243.0,Open Long,0.0,0.038351,0xdc41e6465dcfb175ddbb042db51c890201a7002bf8c2d047800a91991cc38b60
1760777968167,2025-10-18T08:59:28.167000+00:00,XPL,B,0.41104,8519.0,Open Long,0.0,1.344633,0xdc41e6465dcfb175ddbb042db51c890201a7002bf8c2d047800a91991cc38b60
1760778499252,2025-10-18T09:08:19.252000+00:00,XPL,B,0.41062,3000.0,Open Long,0.0,0.473034,0xeaf40bead34d6d84ec6d042db5375e0207d600d06e408c568ebcb73d9241476f
1760778499252,2025-10-18T09:08:19.252000+00:00,XPL,B,0.41063,3417.0,Open Long,0.0,0.538799,0xeaf40bead34d6d84ec6d042db5375e0207d600d06e408c568ebcb73d9241476f
1760778499252,2025-10-18T09:08:19.252000+00:00,XPL,B,0.41063,3168.0,Open Long,0.0,0.499536,0xeaf40bead34d6d84ec6d042db5375e0207d600d06e408c568ebcb73d9241476f
1760778499252,2025-10-18T09:08:19.252000+00:00,XPL,B,0.41065,3000.0,Open Long,0.0,0.473068,0xeaf40bead34d6d84ec6d042db5375e0207d600d06e408c568ebcb73d9241476f
1760778499252,2025-10-18T09:08:19.252000+00:00,XPL,B,0.41066,1687.0,Open Long,0.0,0.266028,0xeaf40bead34d6d84ec6d042db5375e0207d600d06e408c568ebcb73d9241476f
1760778499252,2025-10-18T09:08:19.252000+00:00,XPL,B,0.41066,3690.0,Open Long,0.0,0.581888,0xeaf40bead34d6d84ec6d042db5375e0207d600d06e408c568ebcb73d9241476f
1760778499252,2025-10-18T09:08:19.252000+00:00,XPL,B,0.41071,3000.0,Open Long,0.0,0.473137,0xeaf40bead34d6d84ec6d042db5375e0207d600d06e408c568ebcb73d9241476f
1760778499252,2025-10-18T09:08:19.252000+00:00,XPL,B,0.41072,1801.0,Open Long,0.0,0.284047,0xeaf40bead34d6d84ec6d042db5375e0207d600d06e408c568ebcb73d9241476f
1760778499252,2025-10-18T09:08:19.252000+00:00,XPL,B,0.41072,1538.0,Open Long,0.0,0.242567,0xeaf40bead34d6d84ec6d042db5375e0207d600d06e408c568ebcb73d9241476f
1760778499252,2025-10-18T09:08:19.252000+00:00,XPL,B,0.41072,6083.0,Open Long,0.0,0.959389,0xeaf40bead34d6d84ec6d042db5375e0207d600d06e408c568ebcb73d9241476f
1760778499252,2025-10-18T09:08:19.252000+00:00,XPL,B,0.41072,1375.0,Open Long,0.0,0.21686,0xeaf40bead34d6d84ec6d042db5375e0207d600d06e408c568ebcb73d9241476f
1760778499252,2025-10-18T09:08:19.252000+00:00,XPL,B,0.41073,3000.0,Open Long,0.0,0.47316,0xeaf40bead34d6d84ec6d042db5375e0207d600d06e408c568ebcb73d9241476f
1760778499252,2025-10-18T09:08:19.252000+00:00,XPL,B,0.41074,6986.0,Open Long,0.0,1.10186,0xeaf40bead34d6d84ec6d042db5375e0207d600d06e408c568ebcb73d9241476f
1760778499252,2025-10-18T09:08:19.252000+00:00,XPL,B,0.41074,6426.0,Open Long,0.0,1.013535,0xeaf40bead34d6d84ec6d042db5375e0207d600d06e408c568ebcb73d9241476f
1760778499252,2025-10-18T09:08:19.252000+00:00,XPL,B,0.41075,24421.0,Open Long,0.0,3.851875,0xeaf40bead34d6d84ec6d042db5375e0207d600d06e408c568ebcb73d9241476f
1760778499252,2025-10-18T09:08:19.252000+00:00,XPL,B,0.41079,935.0,Open Long,0.0,0.14749,0xeaf40bead34d6d84ec6d042db5375e0207d600d06e408c568ebcb73d9241476f
1760778499252,2025-10-18T09:08:19.252000+00:00,XPL,B,0.4108,243.0,Open Long,0.0,0.038332,0xeaf40bead34d6d84ec6d042db5375e0207d600d06e408c568ebcb73d9241476f
1760778499252,2025-10-18T09:08:19.252000+00:00,XPL,B,0.41085,2488.0,Open Long,0.0,0.392522,0xeaf40bead34d6d84ec6d042db5375e0207d600d06e408c568ebcb73d9241476f
1760778499252,2025-10-18T09:08:19.252000+00:00,XPL,B,0.41089,3000.0,Open Long,0.0,0.473345,0xeaf40bead34d6d84ec6d042db5375e0207d600d06e408c568ebcb73d9241476f
1760778499252,2025-10-18T09:08:19.252000+00:00,XPL,B,0.4109,2433.0,Open Long,0.0,0.383892,0xeaf40bead34d6d84ec6d042db5375e0207d600d06e408c568ebcb73d9241476f
1760778499252,2025-10-18T09:08:19.252000+00:00,XPL,B,0.4109,7127.0,Open Long,0.0,1.124537,0xeaf40bead34d6d84ec6d042db5375e0207d600d06e408c568ebcb73d9241476f
1760778499252,2025-10-18T09:08:19.252000+00:00,XPL,B,0.41092,7028.0,Open Long,0.0,1.108971,0xeaf40bead34d6d84ec6d042db5375e0207d600d06e408c568ebcb73d9241476f
1760778499252,2025-10-18T09:08:19.252000+00:00,XPL,B,0.41092,14654.0,Open Long,0.0,2.312302,0xeaf40bead34d6d84ec6d042db5375e0207d600d06e408c568ebcb73d9241476f
1760778499252,2025-10-18T09:08:19.252000+00:00,XPL,B,0.41094,273.0,Open Long,0.0,0.043079,0xeaf40bead34d6d84ec6d042db5375e0207d600d06e408c568ebcb73d9241476f
1760781335385,2025-10-18T09:55:35.385000+00:00,XPL,A,0.41533,4816.0,Close Long,21.614208,0.768088,0x46a0f56a8befabc7481a042db5c47202058c005026e2ca99ea69a0bd4ae385b1
1760781335385,2025-10-18T09:55:35.385000+00:00,XPL,A,0.41532,4816.0,Close Long,21.566048,0.768069,0x46a0f56a8befabc7481a042db5c47202058c005026e2ca99ea69a0bd4ae385b1
1760781335385,2025-10-18T09:55:35.385000+00:00,XPL,A,0.41531,4816.0,Close Long,21.517888,0.768051,0x46a0f56a8befabc7481a042db5c47202058c005026e2ca99ea69a0bd4ae385b1
1760781335385,2025-10-18T09:55:35.385000+00:00,XPL,A,0.4153,4816.0,Close Long,21.469728,0.768032,0x46a0f56a8befabc7481a042db5c47202058c005026e2ca99ea69a0bd4ae385b1
1760781335385,2025-10-18T09:55:35.385000+00:00,XPL,A,0.41529,4816.0,Close Long,21.421568,0.768014,0x46a0f56a8befabc7481a042db5c47202058c005026e2ca99ea69a0bd4ae385b1
1760781335385,2025-10-18T09:55:35.385000+00:00,XPL,A,0.41528,9553.0,Close Long,42.396214,1.523393,0x46a0f56a8befabc7481a042db5c47202058c005026e2ca99ea69a0bd4ae385b1
1760781335385,2025-10-18T09:55:35.385000+00:00,XPL,A,0.41521,686.0,Close Long,2.996448,0.109376,0x46a0f56a8befabc7481a042db5c47202058c005026e2ca99ea69a0bd4ae385b1
1760781335385,2025-10-18T09:55:35.385000+00:00,XPL,A,0.41512,1281.0,Close Long,5.480118,0.204199,0x46a0f56a8befabc7481a042db5c47202058c005026e2ca99ea69a0bd4ae385b1
1760781335385,2025-10-18T09:55:35.385000+00:00,XPL,A,0.41512,6017.0,Close Long,25.740726,0.959146,0x46a0f56a8befabc7481a042db5c47202058c005026e2ca99ea69a0bd4ae385b1
1760781335385,2025-10-18T09:55:35.385000+00:00,XPL,A,0.41509,656.0,Close Long,2.786688,0.104562,0x46a0f56a8befabc7481a042db5c47202058c005026e2ca99ea69a0bd4ae385b1
1760781335385,2025-10-18T09:55:35.385000+00:00,XPL,A,0.41502,1533.0,Close Long,6.404874,0.24431,0x46a0f56a8befabc7481a042db5c47202058c005026e2ca99ea69a0bd4ae385b1
1760781335385,2025-10-18T09:55:35.385000+00:00,XPL,A,0.41501,883.0,Close Long,3.680344,0.140718,0x46a0f56a8befabc7481a042db5c47202058c005026e2ca99ea69a0bd4ae385b1
1760781335385,2025-10-18T09:55:35.385000+00:00,XPL,A,0.41493,19668.0,Close Long,80.402784,3.133763,0x46a0f56a8befabc7481a042db5c47202058c005026e2ca99ea69a0bd4ae385b1
1760781335385,2025-10-18T09:55:35.385000+00:00,XPL,A,0.41493,19262.0,Close Long,78.743056,3.069074,0x46a0f56a8befabc7481a042db5c47202058c005026e2ca99ea69a0bd4ae385b1
1760781335385,2025-10-18T09:55:35.385000+00:00,XPL,A,0.41492,2624.0,Close Long,10.700672,0.41808,0x46a0f56a8befabc7481a042db5c47202058c005026e2ca99ea69a0bd4ae385b1
1760781335385,2025-10-18T09:55:35.385000+00:00,XPL,A,0.41491,60216.0,Close Long,244.958688,9.59394,0x46a0f56a8befabc7481a042db5c47202058c005026e2ca99ea69a0bd4ae385b1
1760781335385,2025-10-18T09:55:35.385000+00:00,XPL,A,0.4149,1516.0,Close Long,6.151928,0.241531,0x46a0f56a8befabc7481a042db5c47202058c005026e2ca99ea69a0bd4ae385b1
1760781335385,2025-10-18T09:55:35.385000+00:00,XPL,A,0.41489,2624.0,Close Long,10.621952,0.418049,0x46a0f56a8befabc7481a042db5c47202058c005026e2ca99ea69a0bd4ae385b1
1760781335385,2025-10-18T09:55:35.385000+00:00,XPL,A,0.41489,8517.0,Close Long,34.476816,1.356909,0x46a0f56a8befabc7481a042db5c47202058c005026e2ca99ea69a0bd4ae385b1
1760781335385,2025-10-18T09:55:35.385000+00:00,XPL,A,0.41486,6000.0,Close Long,24.108,0.955837,0x46a0f56a8befabc7481a042db5c47202058c005026e2ca99ea69a0bd4ae385b1
1760781335385,2025-10-18T09:55:35.385000+00:00,XPL,A,0.41482,7169.0,Close Long,28.518282,1.141956,0x46a0f56a8befabc7481a042db5c47202058c005026e2ca99ea69a0bd4ae385b1
1760874790575,2025-10-19T11:53:10.575000+00:00,XPL,B,0.41898,2387.0,Open Long,0.0,0.38404,0xe498d40715d4da4ce612042dc7b3c302022e00ecb0d7f91e88617f59d4d8b437
1760874790575,2025-10-19T11:53:10.575000+00:00,XPL,B,0.41898,5964.0,Open Long,0.0,0.959537,0xe498d40715d4da4ce612042dc7b3c302022e00ecb0d7f91e88617f59d4d8b437
1760874790575,2025-10-19T11:53:10.575000+00:00,XPL,B,0.419,3554.0,Open Long,0.0,0.571824,0xe498d40715d4da4ce612042dc7b3c302022e00ecb0d7f91e88617f59d4d8b437
1760874790575,2025-10-19T11:53:10.575000+00:00,XPL,B,0.419,3480.0,Open Long,0.0,0.559918,0xe498d40715d4da4ce612042dc7b3c302022e00ecb0d7f91e88617f59d4d8b437
1760874790575,2025-10-19T11:53:10.575000+00:00,XPL,B,0.41904,2075.0,Open Long,0.0,0.333891,0xe498d40715d4da4ce612042dc7b3c302022e00ecb0d7f91e88617f59d4d8b437
1760874790575,2025-10-19T11:53:10.575000+00:00,XPL,B,0.41905,2631.0,Open Long,0.0,0.423367,0xe498d40715d4da4ce612042dc7b3c302022e00ecb0d7f91e88617f59d4d8b437
1760874790575,2025-10-19T11:53:10.575000+00:00,XPL,B,0.41906,13496.0,Open Long,0.0,2.171763,0xe498d40715d4da4ce612042dc7b3c302022e00ecb0d7f91e88617f59d4d8b437
1760874790575,2025-10-19T11:53:10.575000+00:00,XPL,B,0.41908,658.0,Open Long,0.0,0.105889,0xe498d40715d4da4ce612042dc7b3c302022e00ecb0d7f91e88617f59d4d8b437
1760874790575,2025-10-19T11:53:10.575000+00:00,XPL,B,0.41908,2447.0,Open Long,0.0,0.393787,0xe498d40715d4da4ce612042dc7b3c302022e00ecb0d7f91e88617f59d4d8b437
1760874790575,2025-10-19T11:53:10.575000+00:00,XPL,B,0.41909,3000.0,Open Long,0.0,0.482791,0xe498d40715d4da4ce612042dc7b3c302022e00ecb0d7f91e88617f59d4d8b437
1760874790575,2025-10-19T11:53:10.575000+00:00,XPL,B,0.4191,238.0,Open Long,0.0,0.038302,0xe498d40715d4da4ce612042dc7b3c302022e00ecb0d7f91e88617f59d4d8b437
1760874790575,2025-10-19T11:53:10.575000+00:00,XPL,B,0.41911,3000.0,Open Long,0.0,0.482814,0xe498d40715d4da4ce612042dc7b3c302022e00ecb0d7f91e88617f59d4d8b437
1760874790575,2025-10-19T11:53:10.575000+00:00,XPL,B,0.41912,7098.0,Open Long,0.0,1.142366,0xe498d40715d4da4ce612042dc7b3c302022e00ecb0d7f91e88617f59d4d8b437
1760874790575,2025-10-19T11:53:10.575000+00:00,XPL,B,0.41912,6693.0,Open Long,0.0,1.077185,0xe498d40715d4da4ce612042dc7b3c302022e00ecb0d7f91e88617f59d4d8b437
1760874790575,2025-10-19T11:53:10.575000+00:00,XPL,B,0.41914,884.0,Open Long,0.0,0.142279,0xe498d40715d4da4ce612042dc7b3c302022e00ecb0d7f91e88617f59d4d8b437
1760874790575,2025-10-19T11:53:10.575000+00:00,XPL,B,0.41914,884.0,Open Long,0.0,0.142279,0xe498d40715d4da4ce612042dc7b3c302022e00ecb0d7f91e88617f59d4d8b437
1760874790575,2025-10-19T11:53:10.575000+00:00,XPL,B,0.41914,19081.0,Open Long,0.0,3.071082,0xe498d40715d4da4ce612042dc7b3c302022e00ecb0d7f91e88617f59d4d8b437
1760874790575,2025-10-19T11:53:10.575000+00:00,XPL,B,0.41915,884.0,Open Long,0.0,0.142282,0xe498d40715d4da4ce612042dc7b3c302022e00ecb0d7f91e88617f59d4d8b437
1760874790575,2025-10-19T11:53:10.575000+00:00,XPL,B,0.41915,884.0,Open Long,0.0,0.142282,0xe498d40715d4da4ce612042dc7b3c302022e00ecb0d7f91e88617f59d4d8b437
1760874790575,2025-10-19T11:53:10.575000+00:00,XPL,B,0.41915,884.0,Open Long,0.0,0.142282,0xe498d40715d4da4ce612042dc7b3c302022e00ecb0d7f91e88617f59d4d8b437
1760874790575,2025-10-19T11:53:10.575000+00:00,XPL,B,0.41915,884.0,Open Long,0.0,0.142282,0xe498d40715d4da4ce612042dc7b3c302022e00ecb0d7f91e88617f59d4d8b437
1760874790575,2025-10-19T11:53:10.575000+00:00,XPL,B,0.41915,884.0,Open Long,0.0,0.142282,0xe498d40715d4da4ce612042dc7b3c302022e00ecb0d7f91e88617f59d4d8b437
1760874790575,2025-10-19T11:53:10.575000+00:00,XPL,B,0.41915,884.0,Open Long,0.0,0.142282,0xe498d40715d4da4ce612042dc7b3c302022e00ecb0d7f91e88617f59d4d8b437
1760874790575,2025-10-19T11:53:10.575000+00:00,XPL,B,0.41915,884.0,Open Long,0.0,0.142282,0xe498d40715d4da4ce612042dc7b3c302022e00ecb0d7f91e88617f59d4d8b437
1760874790575,2025-10-19T11:53:10.575000+00:00,XPL,B,0.41915,884.0,Open Long,0.0,0.142282,0xe498d40715d4da4ce612042dc7b3c302022e00ecb0d7f91e88617f59d4d8b437
1760874790575,2025-10-19T11:53:10.575000+00:00,XPL,B,0.41915,884.0,Open Long,0.0,0.142282,0xe498d40715d4da4ce612042dc7b3c302022e00ecb0d7f91e88617f59d4d8b437
1760874790575,2025-10-19T11:53:10.575000+00:00,XPL,B,0.41916,884.0,Open Long,0.0,0.142286,0xe498d40715d4da4ce612042dc7b3c302022e00ecb0d7f91e88617f59d4d8b437
1760874790575,2025-10-19T11:53:10.575000+00:00,XPL,B,0.41916,884.0,Open Long,0.0,0.142286,0xe498d40715d4da4ce612042dc7b3c302022e00ecb0d7f91e88617f59d4d8b437
1760874790575,2025-10-19T11:53:10.575000+00:00,XPL,B,0.41916,884.0,Open Long,0.0,0.142286,0xe498d40715d4da4ce612042dc7b3c302022e00ecb0d7f91e88617f59d4d8b437
1760874790575,2025-10-19T11:53:10.575000+00:00,XPL,B,0.41917,928.0,Open Long,0.0,0.149372,0xe498d40715d4da4ce612042dc7b3c302022e00ecb0d7f91e88617f59d4d8b437
1760874790575,2025-10-19T11:53:10.575000+00:00,XPL,B,0.41917,928.0,Open Long,0.0,0.149372,0xe498d40715d4da4ce612042dc7b3c302022e00ecb0d7f91e88617f59d4d8b437
1760874790575,2025-10-19T11:53:10.575000+00:00,XPL,B,0.41917,928.0,Open Long,0.0,0.149372,0xe498d40715d4da4ce612042dc7b3c302022e00ecb0d7f91e88617f59d4d8b437
1760874790575,2025-10-19T11:53:10.575000+00:00,XPL,B,0.41917,1592.0,Open Long,0.0,0.25625,0xe498d40715d4da4ce612042dc7b3c302022e00ecb0d7f91e88617f59d4d8b437
1760874790575,2025-10-19T11:53:10.575000+00:00,XPL,B,0.41917,693.0,Open Long,0.0,0.111546,0xe498d40715d4da4ce612042dc7b3c302022e00ecb0d7f91e88617f59d4d8b437
1760874790575,2025-10-19T11:53:10.575000+00:00,XPL,B,0.41918,928.0,Open Long,0.0,0.149375,0xe498d40715d4da4ce612042dc7b3c302022e00ecb0d7f91e88617f59d4d8b437
1760874790575,2025-10-19T11:53:10.575000+00:00,XPL,B,0.41918,928.0,Open Long,0.0,0.149375,0xe498d40715d4da4ce612042dc7b3c302022e00ecb0d7f91e88617f59d4d8b437
1760874790575,2025-10-19T11:53:10.575000+00:00,XPL,B,0.41918,928.0,Open Long,0.0,0.149375,0xe498d40715d4da4ce612042dc7b3c302022e00ecb0d7f91e88617f59d4d8b437
1760874790575,2025-10-19T11:53:10.575000+00:00,XPL,B,0.41918,928.0,Open Long,0.0,0.149375,0xe498d40715d4da4ce612042dc7b3c302022e00ecb0d7f91e88617f59d4d8b437
1760874790575,2025-10-19T11:53:10.575000+00:00,XPL,B,0.41919,884.0,Open Long,0.0,0.142296,0xe498d40715d4da4ce612042dc7b3c302022e00ecb0d7f91e88617f59d4d8b437
1760874790575,2025-10-19T11:53:10.575000+00:00,XPL,B,0.41919,23412.0,Open Long,0.0,3.768605,0xe498d40715d4da4ce612042dc7b3c302022e00ecb0d7f91e88617f59d4d8b437
1760878949237,2025-10-19T13:02:29.237000+00:00,XPL,B,0.41644,2756.0,Open Long,0.0,0.44072,0x47f64886fdb3b70c4970042dc881c50205d2006c98b6d5deebbef3d9bcb790f6
1760878949237,2025-10-19T13:02:29.237000+00:00,XPL,B,0.41644,2402.0,Open Long,0.0,0.38411,0x47f64886fdb3b70c4970042dc881c50205d2006c98b6d5deebbef3d9bcb790f6
1760878949237,2025-10-19T13:02:29.237000+00:00,XPL,B,0.41647,6000.0,Open Long,0.0,0.959546,0x47f64886fdb3b70c4970042dc881c50205d2006c98b6d5deebbef3d9bcb790f6
1760878949237,2025-10-19T13:02:29.237000+00:00,XPL,B,0.41647,3698.0,Open Long,0.0,0.5914,0x47f64886fdb3b70c4970042dc881c50205d2006c98b6d5deebbef3d9bcb790f6
1760878949237,2025-10-19T13:02:29.237000+00:00,XPL,B,0.41648,844.0,Open Long,0.0,0.134979,0x47f64886fdb3b70c4970042dc881c50205d2006c98b6d5deebbef3d9bcb790f6
1760878949237,2025-10-19T13:02:29.237000+00:00,XPL,B,0.41649,4086.0,Open Long,0.0,0.653482,0x47f64886fdb3b70c4970042dc881c50205d2006c98b6d5deebbef3d9bcb790f6
1760878949237,2025-10-19T13:02:29.237000+00:00,XPL,B,0.41651,731.0,Open Long,0.0,0.116916,0x47f64886fdb3b70c4970042dc881c50205d2006c98b6d5deebbef3d9bcb790f6
1760878949237,2025-10-19T13:02:29.237000+00:00,XPL,B,0.41655,1472.0,Open Long,0.0,0.235454,0x47f64886fdb3b70c4970042dc881c50205d2006c98b6d5deebbef3d9bcb790f6
1760878949237,2025-10-19T13:02:29.237000+00:00,XPL,B,0.41656,890.0,Open Long,0.0,0.142363,0x47f64886fdb3b70c4970042dc881c50205d2006c98b6d5deebbef3d9bcb790f6
1760878949237,2025-10-19T13:02:29.237000+00:00,XPL,B,0.41658,24585.0,Open Long,0.0,3.932781,0x47f64886fdb3b70c4970042dc881c50205d2006c98b6d5deebbef3d9bcb790f6
1760878949237,2025-10-19T13:02:29.237000+00:00,XPL,B,0.41658,7826.0,Open Long,0.0,1.251899,0x47f64886fdb3b70c4970042dc881c50205d2006c98b6d5deebbef3d9bcb790f6
1760878949237,2025-10-19T13:02:29.237000+00:00,XPL,B,0.41659,20103.0,Open Long,0.0,3.215888,0x47f64886fdb3b70c4970042dc881c50205d2006c98b6d5deebbef3d9bcb790f6
1760878949237,2025-10-19T13:02:29.237000+00:00,XPL,B,0.41659,7475.0,Open Long,0.0,1.195779,0x47f64886fdb3b70c4970042dc881c50205d2006c98b6d5deebbef3d9bcb790f6
1760878949237,2025-10-19T13:02:29.237000+00:00,XPL,B,0.4166,2336.0,Open Long,0.0,0.3737,0x47f64886fdb3b70c4970042dc881c50205d2006c98b6d5deebbef3d9bcb790f6
1760910324087,2025-10-19T21:45:24.087000+00:00,XPL,A,0.42188,4741.0,Close Long,18.115361,0.768051,0x92077d3b071efd7b9381042dce818c0201b50020a2121c4d35d0288dc612d766
1760910324087,2025-10-19T21:45:24.087000+00:00,XPL,A,0.42188,2787.0,Close Long,10.649127,0.451499,0x92077d3b071efd7b9381042dce818c0201b50020a2121c4d35d0288dc612d766
1760910324087,2025-10-19T21:45:24.087000+00:00,XPL,A,0.42182,2118.0,Close Long,7.965798,0.343071,0x92077d3b071efd7b9381042dce818c0201b50020a2121c4d35d0288dc612d766
1760910324087,2025-10-19T21:45:24.087000+00:00,XPL,A,0.42176,757.0,Close Long,2.801657,0.1226,0x92077d3b071efd7b9381042dce818c0201b50020a2121c4d35d0288dc612d766
1760910324087,2025-10-19T21:45:24.087000+00:00,XPL,A,0.42175,658.0,Close Long,2.428678,0.106564,0x92077d3b071efd7b9381042dce818c0201b50020a2121c4d35d0288dc612d766
1760910324087,2025-10-19T21:45:24.087000+00:00,XPL,A,0.42172,5925.0,Close Long,21.691425,0.959497,0x92077d3b071efd7b9381042dce818c0201b50020a2121c4d35d0288dc612d766
1760910324087,2025-10-19T21:45:24.087000+00:00,XPL,A,0.42171,4000.0,Close Long,14.604,0.647746,0x92077d3b071efd7b9381042dce818c0201b50020a2121c4d35d0288dc612d766
1760910324087,2025-10-19T21:45:24.087000+00:00,XPL,A,0.4217,237.0,Close Long,0.862917,0.038378,0x92077d3b071efd7b9381042dce818c0201b50020a2121c4d35d0288dc612d766
1760910324087,2025-10-19T21:45:24.087000+00:00,XPL,A,0.42168,4000.0,Close Long,14.484,0.6477,0x92077d3b071efd7b9381042dce818c0201b50020a2121c4d35d0288dc612d766
1760910324087,2025-10-19T21:45:24.087000+00:00,XPL,A,0.42167,4000.0,Close Long,14.444,0.647685,0x92077d3b071efd7b9381042dce818c0201b50020a2121c4d35d0288dc612d766
1760910324087,2025-10-19T21:45:24.087000+00:00,XPL,A,0.42166,23585.0,Close Long,84.929585,3.818822,0x92077d3b071efd7b9381042dce818c0201b50020a2121c4d35d0288dc612d766
1760910324087,2025-10-19T21:45:24.087000+00:00,XPL,A,0.42165,23893.0,Close Long,85.799763,3.868601,0x92077d3b071efd7b9381042dce818c0201b50020a2121c4d35d0288dc612d766
1760910324087,2025-10-19T21:45:24.087000+00:00,XPL,A,0.42161,4000.0,Close Long,14.204,0.647592,0x92077d3b071efd7b9381042dce818c0201b50020a2121c4d35d0288dc612d766
1760910324087,2025-10-19T21:45:24.087000+00:00,XPL,A,0.42161,18966.0,Close Long,67.348266,3.070562,0x92077d3b071efd7b9381042dce818c0201b50020a2121c4d35d0288dc612d766
1760910324087,2025-10-19T21:45:24.087000+00:00,XPL,A,0.4216,2268.0,Close Long,8.030988,0.367176,0x92077d3b071efd7b9381042dce818c0201b50020a2121c4d35d0288dc612d766
1760910324087,2025-10-19T21:45:24.087000+00:00,XPL,A,0.4216,2371.0,Close Long,8.395711,0.383851,0x92077d3b071efd7b9381042dce818c0201b50020a2121c4d35d0288dc612d766
1760910324087,2025-10-19T21:45:24.087000+00:00,XPL,A,0.42157,5000.0,Close Long,17.555,0.809414,0x92077d3b071efd7b9381042dce818c0201b50020a2121c4d35d0288dc612d766
1760910324087,2025-10-19T21:45:24.087000+00:00,XPL,A,0.42157,6850.0,Close Long,24.05035,1.108897,0x92077d3b071efd7b9381042dce818c0201b50020a2121c4d35d0288dc612d766
1760910324087,2025-10-19T21:45:24.087000+00:00,XPL,A,0.42156,3868.0,Close Long,13.541868,0.626148,0x92077d3b071efd7b9381042dce818c0201b50020a2121c4d35d0288dc612d766
1760910324087,2025-10-19T21:45:24.087000+00:00,XPL,A,0.42156,4144.0,Close Long,14.508144,0.670826,0x92077d3b071efd7b9381042dce818c0201b50020a2121c4d35d0288dc612d766
1760910324087,2025-10-19T21:45:24.087000+00:00,XPL,A,0.4215,13831.0,Close Long,47.592471,2.23863,0x92077d3b071efd7b9381042dce818c0201b50020a2121c4d35d0288dc612d766
1760910324087,2025-10-19T21:45:24.087000+00:00,XPL,A,0.4215,880.0,Close Long,3.02808,0.142433,0x92077d3b071efd7b9381042dce818c0201b50020a2121c4d35d0288dc612d766
1760910324087,2025-10-19T21:45:24.087000+00:00,XPL,A,0.4215,880.0,Close Long,3.02808,0.142433,0x92077d3b071efd7b9381042dce818c0201b50020a2121c4d35d0288dc612d766
1760910324087,2025-10-19T21:45:24.087000+00:00,XPL,A,0.42147,2209.0,Close Long,7.534899,0.357514,0x92077d3b071efd7b9381042dce818c0201b50020a2121c4d35d0288dc612d766
1760910324087,2025-10-19T21:45:24.087000+00:00,XPL,A,0.42147,4751.0,Close Long,16.205661,0.768923,0x92077d3b071efd7b9381042dce818c0201b50020a2121c4d35d0288dc612d766
1760910324087,2025-10-19T21:45:24.087000+00:00,XPL,A,0.42147,440.0,Close Long,1.50084,0.071211,0x92077d3b071efd7b9381042dce818c0201b50020a2121c4d35d0288dc612d766
1760910324087,2025-10-19T21:45:24.087000+00:00,XPL,A,0.42146,658.0,Close Long,2.237858,0.106491,0x92077d3b071efd7b9381042dce818c0201b50020a2121c4d35d0288dc612d766
1760910324087,2025-10-19T21:45:24.087000+00:00,XPL,A,0.42146,23580.0,Close Long,80.19558,3.816202,0x92077d3b071efd7b9381042dce818c0201b50020a2121c4d35d0288dc612d766
1760910324087,2025-10-19T21:45:24.087000+00:00,XPL,A,0.42143,1839.0,Close Long,6.199269,0.297603,0x92077d3b071efd7b9381042dce818c0201b50020a2121c4d35d0288dc612d766
1760910324087,2025-10-19T21:45:24.087000+00:00,XPL,A,0.42143,712.0,Close Long,2.400152,0.115222,0x92077d3b071efd7b9381042dce818c0201b50020a2121c4d35d0288dc612d766
1760910324087,2025-10-19T21:45:24.087000+00:00,XPL,A,0.42143,712.0,Close Long,2.400152,0.115222,0x92077d3b071efd7b9381042dce818c0201b50020a2121c4d35d0288dc612d766
1760910324087,2025-10-19T21:45:24.087000+00:00,XPL,A,0.42142,712.0,Close Long,2.393032,0.115219,0x92077d3b071efd7b9381042dce818c0201b50020a2121c4d35d0288dc612d766
1760910324087,2025-10-19T21:45:24.087000+00:00,XPL,A,0.42142,712.0,Close Long,2.393032,0.115219,0x92077d3b071efd7b9381042dce818c0201b50020a2121c4d35d0288dc612d766
1760910324087,2025-10-19T21:45:24.087000+00:00,XPL,A,0.42142,712.0,Close Long,2.393032,0.115219,0x92077d3b071efd7b9381042dce818c0201b50020a2121c4d35d0288dc612d766
1760910324087,2025-10-19T21:45:24.087000+00:00,XPL,A,0.42142,712.0,Close Long,2.393032,0.115219,0x92077d3b071efd7b9381042dce818c0201b50020a2121c4d35d0288dc612d766
1760910324087,2025-10-19T21:45:24.087000+00:00,XPL,A,0.42142,28951.0,Close Long,97.304311,4.685003,0x92077d3b071efd7b9381042dce818c0201b50020a2121c4d35d0288dc612d766
1760925116914,2025-10-20T01:51:56.914000+00:00,BTC,A,108092.0,0.00258,Open Short,0.0,0.107088,0x701e3f3f77b1df2c7197042dd15a3d02021a002512b4fdfe13e6ea9236b5b917
1760925116914,2025-10-20T01:51:56.914000+00:00,BTC,A,108092.0,0.00925,Open Short,0.0,0.383942,0x701e3f3f77b1df2c7197042dd15a3d02021a002512b4fdfe13e6ea9236b5b917
1760925116914,2025-10-20T01:51:56.914000+00:00,BTC,A,108091.0,0.00011,Open Short,0.0,0.004565,0x701e3f3f77b1df2c7197042dd15a3d02021a002512b4fdfe13e6ea9236b5b917
1760925116914,2025-10-20T01:51:56.914000+00:00,BTC,A,108091.0,0.03672,Open Short,0.0,1.524134,0x701e3f3f77b1df2c7197042dd15a3d02021a002512b4fdfe13e6ea9236b5b917
1760925116914,2025-10-20T01:51:56.914000+00:00,BTC,A,108090.0,0.00011,Open Short,0.0,0.004565,0x701e3f3f77b1df2c7197042dd15a3d02021a002512b4fdfe13e6ea9236b5b917
1760925116914,2025-10-20T01:51:56.914000+00:00,BTC,A,108089.0,0.00011,Open Short,0.0,0.004565,0x701e3f3f77b1df2c7197042dd15a3d02021a002512b4fdfe13e6ea9236b5b917
1760925116914,2025-10-20T01:51:56.914000+00:00,BTC,A,108089.0,0.03762,Open Short,0.0,1.561462,0x701e3f3f77b1df2c7197042dd15a3d02021a002512b4fdfe13e6ea9236b5b917
1760925116914,2025-10-20T01:51:56.914000+00:00,BTC,A,108088.0,0.00014,Open Short,0.0,0.00581,0x701e3f3f77b1df2c7197042dd15a3d02021a002512b4fdfe13e6ea9236b5b917
1760925116914,2025-10-20T01:51:56.914000+00:00,BTC,A,108088.0,0.00011,Open Short,0.0,0.004565,0x701e3f3f77b1df2c7197042dd15a3d02021a002512b4fdfe13e6ea9236b5b917
1760925116914,2025-10-20T01:51:56.914000+00:00,BTC,A,108088.0,0.13871,Open Short,0.0,5.757268,0x701e3f3f77b1df2c7197042dd15a3d02021a002512b4fdfe13e6ea9236b5b917
1760925116914,2025-10-20T01:51:56.914000+00:00,BTC,A,108087.0,0.00011,Open Short,0.0,0.004565,0x701e3f3f77b1df2c7197042dd15a3d02021a002512b4fdfe13e6ea9236b5b917
1760925116914,2025-10-20T01:51:56.914000+00:00,BTC,A,108087.0,0.13868,Open Short,0.0,5.755969,0x701e3f3f77b1df2c7197042dd15a3d02021a002512b4fdfe13e6ea9236b5b917
1760925116914,2025-10-20T01:51:56.914000+00:00,BTC,A,108087.0,0.03545,Open Short,0.0,1.471366,0x701e3f3f77b1df2c7197042dd15a3d02021a002512b4fdfe13e6ea9236b5b917
1760925116914,2025-10-20T01:51:56.914000+00:00,BTC,A,108086.0,0.00011,Open Short,0.0,0.004565,0x701e3f3f77b1df2c7197042dd15a3d02021a002512b4fdfe13e6ea9236b5b917
1760925116914,2025-10-20T01:51:56.914000+00:00,BTC,A,108086.0,0.73384,Open Short,0.0,30.458046,0x701e3f3f77b1df2c7197042dd15a3d02021a002512b4fdfe13e6ea9236b5b917
1760925116914,2025-10-20T01:51:56.914000+00:00,BTC,A,108086.0,0.13744,Open Short,0.0,5.70445,0x701e3f3f77b1df2c7197042dd15a3d02021a002512b4fdfe13e6ea9236b5b917
1760925116914,2025-10-20T01:51:56.914000+00:00,BTC,A,108085.0,0.0139,Open Short,0.0,0.576914,0x701e3f3f77b1df2c7197042dd15a3d02021a002512b4fdfe13e6ea9236b5b917
1760925116914,2025-10-20T01:51:56.914000+00:00,BTC,A,108085.0,0.00011,Open Short,0.0,0.004565,0x701e3f3f77b1df2c7197042dd15a3d02021a002512b4fdfe13e6ea9236b5b917
1760925116914,2025-10-20T01:51:56.914000+00:00,BTC,A,108085.0,1.10641,Open Short,0.0,45.921148,0x701e3f3f77b1df2c7197042dd15a3d02021a002512b4fdfe13e6ea9236b5b917
1760925116914,2025-10-20T01:51:56.914000+00:00,BTC,A,108085.0,0.71594,Open Short,0.0,29.714831,0x701e3f3f77b1df2c7197042dd15a3d02021a002512b4fdfe13e6ea9236b5b917
1760925977851,2025-10-20T02:06:17.851000+00:00,BTC,B,107861.0,0.37831,Close Short,84.968426,15.669079,0xec9cd82f61d7ff56ee16042dd1846c0201e10014fcdb1e289065838220dbd941
1760925977851,2025-10-20T02:06:17.851000+00:00,BTC,B,107861.0,0.225,Close Short,50.535,9.31919,0xec9cd82f61d7ff56ee16042dd1846c0201e10014fcdb1e289065838220dbd941
1760925977851,2025-10-20T02:06:17.851000+00:00,BTC,B,107861.0,0.31008,Close Short,69.643968,12.843086,0xec9cd82f61d7ff56ee16042dd1846c0201e10014fcdb1e289065838220dbd941
1760925977851,2025-10-20T02:06:17.851000+00:00,BTC,B,107861.0,0.1125,Close Short,25.2675,4.659595,0xec9cd82f61d7ff56ee16042dd1846c0201e10014fcdb1e289065838220dbd941
1760925977851,2025-10-20T02:06:17.851000+00:00,BTC,B,107861.0,0.12135,Close Short,27.25521,5.02615,0xec9cd82f61d7ff56ee16042dd1846c0201e10014fcdb1e289065838220dbd941
1760925977851,2025-10-20T02:06:17.851000+00:00,BTC,B,107861.0,0.066,Close Short,14.8236,2.733629,0xec9cd82f61d7ff56ee16042dd1846c0201e10014fcdb1e289065838220dbd941
1760925977851,2025-10-20T02:06:17.851000+00:00,BTC,B,107861.0,0.40902,Close Short,91.865892,16.941045,0xec9cd82f61d7ff56ee16042dd1846c0201e10014fcdb1e289065838220dbd941
1760925977851,2025-10-20T02:06:17.851000+00:00,BTC,B,107861.0,0.15991,Close Short,35.915786,6.623252,0xec9cd82f61d7ff56ee16042dd1846c0201e10014fcdb1e289065838220dbd941
1760925977851,2025-10-20T02:06:17.851000+00:00,BTC,B,107861.0,0.125,Close Short,28.075,5.177328,0xec9cd82f61d7ff56ee16042dd1846c0201e10014fcdb1e289065838220dbd941
1760925977851,2025-10-20T02:06:17.851000+00:00,BTC,B,107861.0,0.11234,Close Short,25.231564,4.652968,0xec9cd82f61d7ff56ee16042dd1846c0201e10014fcdb1e289065838220dbd941
1760925977851,2025-10-20T02:06:17.851000+00:00,BTC,B,107861.0,0.12367,Close Short,27.776282,5.122241,0xec9cd82f61d7ff56ee16042dd1846c0201e10014fcdb1e289065838220dbd941
1760925977851,2025-10-20T02:06:17.851000+00:00,BTC,B,107861.0,0.37547,Close Short,84.330562,15.55145,0xec9cd82f61d7ff56ee16042dd1846c0201e10014fcdb1e289065838220dbd941
1760925977851,2025-10-20T02:06:17.851000+00:00,BTC,B,107861.0,0.5888,Close Short,132.24448,24.387285,0xec9cd82f61d7ff56ee16042dd1846c0201e10014fcdb1e289065838220dbd941
1760926982371,2025-10-20T02:23:02.371000+00:00,BTC,A,108369.0,0.2412,Open Short,0.0,10.037223,0x526ec7ca491de04153e8042dd1b5230208a200afe410ff13f637731d0811ba2b
1760926982371,2025-10-20T02:23:02.371000+00:00,BTC,A,108369.0,0.41892,Open Short,0.0,17.432809,0x526ec7ca491de04153e8042dd1b5230208a200afe410ff13f637731d0811ba2b
1760926982371,2025-10-20T02:23:02.371000+00:00,BTC,A,108369.0,0.07956,Open Short,0.0,3.310785,0x526ec7ca491de04153e8042dd1b5230208a200afe410ff13f637731d0811ba2b
1760926982371,2025-10-20T02:23:02.371000+00:00,BTC,A,108369.0,0.25,Open Short,0.0,10.403424,0x526ec7ca491de04153e8042dd1b5230208a200afe410ff13f637731d0811ba2b
1760926982371,2025-10-20T02:23:02.371000+00:00,BTC,A,108369.0,0.12766,Open Short,0.0,5.312404,0x526ec7ca491de04153e8042dd1b5230208a200afe410ff13f637731d0811ba2b
1760926982371,2025-10-20T02:23:02.371000+00:00,BTC,A,108369.0,0.09518,Open Short,0.0,3.960791,0x526ec7ca491de04153e8042dd1b5230208a200afe410ff13f637731d0811ba2b
1760926982371,2025-10-20T02:23:02.371000+00:00,BTC,A,108369.0,0.5,Open Short,0.0,20.806848,0x526ec7ca491de04153e8042dd1b5230208a200afe410ff13f637731d0811ba2b
1760926982371,2025-10-20T02:23:02.371000+00:00,BTC,A,108369.0,0.25,Open Short,0.0,10.403424,0x526ec7ca491de04153e8042dd1b5230208a200afe410ff13f637731d0811ba2b
1760926982371,2025-10-20T02:23:02.371000+00:00,BTC,A,108369.0,0.25,Open Short,0.0,10.403424,0x526ec7ca491de04153e8042dd1b5230208a200afe410ff13f637731d0811ba2b
1760926982371,2025-10-20T02:23:02.371000+00:00,BTC,A,108369.0,0.23615,Open Short,0.0,9.827074,0x526ec7ca491de04153e8042dd1b5230208a200afe410ff13f637731d0811ba2b
1760926982371,2025-10-20T02:23:02.371000+00:00,BTC,A,108369.0,0.225,Open Short,0.0,9.363081,0x526ec7ca491de04153e8042dd1b5230208a200afe410ff13f637731d0811ba2b
1760926982371,2025-10-20T02:23:02.371000+00:00,BTC,A,108369.0,0.26697,Open Short,0.0,11.109608,0x526ec7ca491de04153e8042dd1b5230208a200afe410ff13f637731d0811ba2b
1760926982371,2025-10-20T02:23:02.371000+00:00,BTC,A,108369.0,0.16469,Open Short,0.0,6.853359,0x526ec7ca491de04153e8042dd1b5230208a200afe410ff13f637731d0811ba2b
1760928034907,2025-10-20T02:40:34.907000+00:00,BTC,A,108707.0,0.225,Open Short,0.0,9.392284,0xd7f7ceee1eb16a7fd971042dd1e8330201bc00d3b9b489517bc07a40ddb5446a
1760928034907,2025-10-20T02:40:34.907000+00:00,BTC,A,108707.0,0.225,Open Short,0.0,9.392284,0xd7f7ceee1eb16a7fd971042dd1e8330201bc00d3b9b489517bc07a40ddb5446a
1760928034907,2025-10-20T02:40:34.907000+00:00,BTC,A,108707.0,0.17617,Open Short,0.0,7.35395,0xd7f7ceee1eb16a7fd971042dd1e8330201bc00d3b9b489517bc07a40ddb5446a
1760928078036,2025-10-20T02:41:18.036000+00:00,BTC,A,108664.0,0.00011,Open Short,0.0,0.004589,0x2a6ee1d45c90a91a2be8042dd1ea360203fb00b9f793c7ecce378d271b948304
1760928078036,2025-10-20T02:41:18.036000+00:00,BTC,A,108663.0,0.00011,Open Short,0.0,0.004589,0x2a6ee1d45c90a91a2be8042dd1ea360203fb00b9f793c7ecce378d271b948304
1760928078036,2025-10-20T02:41:18.036000+00:00,BTC,A,108662.0,0.00011,Open Short,0.0,0.004589,0x2a6ee1d45c90a91a2be8042dd1ea360203fb00b9f793c7ecce378d271b948304
1760928078036,2025-10-20T02:41:18.036000+00:00,BTC,A,108661.0,0.00011,Open Short,0.0,0.004589,0x2a6ee1d45c90a91a2be8042dd1ea360203fb00b9f793c7ecce378d271b948304
1760928078036,2025-10-20T02:41:18.036000+00:00,BTC,A,108660.0,0.00014,Open Short,0.0,0.005841,0x2a6ee1d45c90a91a2be8042dd1ea360203fb00b9f793c7ecce378d271b948304
1760928078036,2025-10-20T02:41:18.036000+00:00,BTC,A,108660.0,0.00011,Open Short,0.0,0.004589,0x2a6ee1d45c90a91a2be8042dd1ea360203fb00b9f793c7ecce378d271b948304
1760928078036,2025-10-20T02:41:18.036000+00:00,BTC,A,108659.0,0.00011,Open Short,0.0,0.004589,0x2a6ee1d45c90a91a2be8042dd1ea360203fb00b9f793c7ecce378d271b948304
1760928078036,2025-10-20T02:41:18.036000+00:00,BTC,A,108658.0,0.00011,Open Short,0.0,0.004589,0x2a6ee1d45c90a91a2be8042dd1ea360203fb00b9f793c7ecce378d271b948304
1760928078036,2025-10-20T02:41:18.036000+00:00,BTC,A,108657.0,0.00011,Open Short,0.0,0.004589,0x2a6ee1d45c90a91a2be8042dd1ea360203fb00b9f793c7ecce378d271b948304
1760928078036,2025-10-20T02:41:18.036000+00:00,BTC,A,108656.0,0.00014,Open Short,0.0,0.005841,0x2a6ee1d45c90a91a2be8042dd1ea360203fb00b9f793c7ecce378d271b948304
1760928078036,2025-10-20T02:41:18.036000+00:00,BTC,A,108656.0,0.00011,Open Short,0.0,0.004589,0x2a6ee1d45c90a91a2be8042dd1ea360203fb00b9f793c7ecce378d271b948304
1760928078036,2025-10-20T02:41:18.036000+00:00,BTC,A,108655.0,0.00011,Open Short,0.0,0.004589,0x2a6ee1d45c90a91a2be8042dd1ea360203fb00b9f793c7ecce378d271b948304
1760928078036,2025-10-20T02:41:18.036000+00:00,BTC,A,108654.0,0.00011,Open Short,0.0,0.004589,0x2a6ee1d45c90a91a2be8042dd1ea360203fb00b9f793c7ecce378d271b948304
1760928078036,2025-10-20T02:41:18.036000+00:00,BTC,A,108653.0,0.00011,Open Short,0.0,0.004589,0x2a6ee1d45c90a91a2be8042dd1ea360203fb00b9f793c7ecce378d271b948304
1760928078036,2025-10-20T02:41:18.036000+00:00,BTC,A,108652.0,0.00014,Open Short,0.0,0.005841,0x2a6ee1d45c90a91a2be8042dd1ea360203fb00b9f793c7ecce378d271b948304
1760928078036,2025-10-20T02:41:18.036000+00:00,BTC,A,108652.0,0.00011,Open Short,0.0,0.004589,0x2a6ee1d45c90a91a2be8042dd1ea360203fb00b9f793c7ecce378d271b948304
1760928078036,2025-10-20T02:41:18.036000+00:00,BTC,A,108651.0,0.00011,Open Short,0.0,0.004589,0x2a6ee1d45c90a91a2be8042dd1ea360203fb00b9f793c7ecce378d271b948304
1760928078036,2025-10-20T02:41:18.036000+00:00,BTC,A,108650.0,0.00011,Open Short,0.0,0.004589,0x2a6ee1d45c90a91a2be8042dd1ea360203fb00b9f793c7ecce378d271b948304
1760928078036,2025-10-20T02:41:18.036000+00:00,BTC,A,108650.0,0.039,Open Short,0.0,1.627142,0x2a6ee1d45c90a91a2be8042dd1ea360203fb00b9f793c7ecce378d271b948304
1760928078036,2025-10-20T02:41:18.036000+00:00,BTC,A,108649.0,0.00011,Open Short,0.0,0.004589,0x2a6ee1d45c90a91a2be8042dd1ea360203fb00b9f793c7ecce378d271b948304
1760928078036,2025-10-20T02:41:18.036000+00:00,BTC,A,108648.0,0.00014,Open Short,0.0,0.00584,0x2a6ee1d45c90a91a2be8042dd1ea360203fb00b9f793c7ecce378d271b948304
1760928078036,2025-10-20T02:41:18.036000+00:00,BTC,A,108648.0,0.00011,Open Short,0.0,0.004589,0x2a6ee1d45c90a91a2be8042dd1ea360203fb00b9f793c7ecce378d271b948304
1760928078036,2025-10-20T02:41:18.036000+00:00,BTC,A,108647.0,0.00011,Open Short,0.0,0.004589,0x2a6ee1d45c90a91a2be8042dd1ea360203fb00b9f793c7ecce378d271b948304
1760928078036,2025-10-20T02:41:18.036000+00:00,BTC,A,108646.0,0.00011,Open Short,0.0,0.004589,0x2a6ee1d45c90a91a2be8042dd1ea360203fb00b9f793c7ecce378d271b948304
1760928078036,2025-10-20T02:41:18.036000+00:00,BTC,A,108646.0,0.00018,Open Short,0.0,0.007509,0x2a6ee1d45c90a91a2be8042dd1ea360203fb00b9f793c7ecce378d271b948304
1760928078036,2025-10-20T02:41:18.036000+00:00,BTC,A,108645.0,0.00011,Open Short,0.0,0.004589,0x2a6ee1d45c90a91a2be8042dd1ea360203fb00b9f793c7ecce378d271b948304
1760928078036,2025-10-20T02:41:18.036000+00:00,BTC,A,108644.0,0.00014,Open Short,0.0,0.00584,0x2a6ee1d45c90a91a2be8042dd1ea360203fb00b9f793c7ecce378d271b948304
1760928078036,2025-10-20T02:41:18.036000+00:00,BTC,A,108644.0,0.00128,Open Short,0.0,0.0534,0x2a6ee1d45c90a91a2be8042dd1ea360203fb00b9f793c7ecce378d271b948304
1760928078036,2025-10-20T02:41:18.036000+00:00,BTC,A,108644.0,0.00011,Open Short,0.0,0.004589,0x2a6ee1d45c90a91a2be8042dd1ea360203fb00b9f793c7ecce378d271b948304
1760928078036,2025-10-20T02:41:18.036000+00:00,BTC,A,108643.0,0.00011,Open Short,0.0,0.004589,0x2a6ee1d45c90a91a2be8042dd1ea360203fb00b9f793c7ecce378d271b948304
1760928078036,2025-10-20T02:41:18.036000+00:00,BTC,A,108642.0,0.0055,Open Short,0.0,0.229451,0x2a6ee1d45c90a91a2be8042dd1ea360203fb00b9f793c7ecce378d271b948304
1760928078036,2025-10-20T02:41:18.036000+00:00,BTC,A,108642.0,0.00011,Open Short,0.0,0.004589,0x2a6ee1d45c90a91a2be8042dd1ea360203fb00b9f793c7ecce378d271b948304
1760928078036,2025-10-20T02:41:18.036000+00:00,BTC,A,108641.0,0.00011,Open Short,0.0,0.004588,0x2a6ee1d45c90a91a2be8042dd1ea360203fb00b9f793c7ecce378d271b948304
1760928078036,2025-10-20T02:41:18.036000+00:00,BTC,A,108640.0,0.00014,Open Short,0.0,0.00584,0x2a6ee1d45c90a91a2be8042dd1ea360203fb00b9f793c7ecce378d271b948304
1760928078036,2025-10-20T02:41:18.036000+00:00,BTC,A,108640.0,0.00685,Open Short,0.0,0.285766,0x2a6ee1d45c90a91a2be8042dd1ea360203fb00b9f793c7ecce378d271b948304
1760928078036,2025-10-20T02:41:18.036000+00:00,BTC,A,108640.0,0.00011,Open Short,0.0,0.004588,0x2a6ee1d45c90a91a2be8042dd1ea360203fb00b9f793c7ecce378d271b948304
1760928078036,2025-10-20T02:41:18.036000+00:00,BTC,A,108639.0,0.00011,Open Short,0.0,0.004588,0x2a6ee1d45c90a91a2be8042dd1ea360203fb00b9f793c7ecce378d271b948304
1760928078036,2025-10-20T02:41:18.036000+00:00,BTC,A,108639.0,0.13801,Open Short,0.0,5.757415,0x2a6ee1d45c90a91a2be8042dd1ea360203fb00b9f793c7ecce378d271b948304
1760928078036,2025-10-20T02:41:18.036000+00:00,BTC,A,108638.0,0.00011,Open Short,0.0,0.004588,0x2a6ee1d45c90a91a2be8042dd1ea360203fb00b9f793c7ecce378d271b948304
1760928078036,2025-10-20T02:41:18.036000+00:00,BTC,A,108638.0,0.43154,Open Short,0.0,18.00255,0x2a6ee1d45c90a91a2be8042dd1ea360203fb00b9f793c7ecce378d271b948304
1760929103647,2025-10-20T02:58:23.647000+00:00,BTC,A,108747.0,0.00011,Open Short,0.0,0.004593,0x34cac843021a647b3644042dd21c7c02023500289d1d834dd8937395c11e3e65
1760929103647,2025-10-20T02:58:23.647000+00:00,BTC,A,108746.0,0.00011,Open Short,0.0,0.004593,0x34cac843021a647b3644042dd21c7c02023500289d1d834dd8937395c11e3e65
1760929103647,2025-10-20T02:58:23.647000+00:00,BTC,A,108745.0,0.00011,Open Short,0.0,0.004593,0x34cac843021a647b3644042dd21c7c02023500289d1d834dd8937395c11e3e65
1760929103647,2025-10-20T02:58:23.647000+00:00,BTC,A,108744.0,0.00011,Open Short,0.0,0.004593,0x34cac843021a647b3644042dd21c7c02023500289d1d834dd8937395c11e3e65
1760929103647,2025-10-20T02:58:23.647000+00:00,BTC,A,108743.0,0.03672,Open Short,0.0,1.533328,0x34cac843021a647b3644042dd21c7c02023500289d1d834dd8937395c11e3e65
1760929103647,2025-10-20T02:58:23.647000+00:00,BTC,A,108743.0,0.00014,Open Short,0.0,0.005846,0x34cac843021a647b3644042dd21c7c02023500289d1d834dd8937395c11e3e65
1760929103647,2025-10-20T02:58:23.647000+00:00,BTC,A,108743.0,0.00011,Open Short,0.0,0.004593,0x34cac843021a647b3644042dd21c7c02023500289d1d834dd8937395c11e3e65
1760929103647,2025-10-20T02:58:23.647000+00:00,BTC,A,108742.0,0.00011,Open Short,0.0,0.004593,0x34cac843021a647b3644042dd21c7c02023500289d1d834dd8937395c11e3e65
1760929103647,2025-10-20T02:58:23.647000+00:00,BTC,A,108742.0,0.03619,Open Short,0.0,1.511183,0x34cac843021a647b3644042dd21c7c02023500289d1d834dd8937395c11e3e65
1760929103647,2025-10-20T02:58:23.647000+00:00,BTC,A,108742.0,0.04005,Open Short,0.0,1.672364,0x34cac843021a647b3644042dd21c7c02023500289d1d834dd8937395c11e3e65
1760929103647,2025-10-20T02:58:23.647000+00:00,BTC,A,108741.0,0.00011,Open Short,0.0,0.004593,0x34cac843021a647b3644042dd21c7c02023500289d1d834dd8937395c11e3e65
1760929103647,2025-10-20T02:58:23.647000+00:00,BTC,A,108740.0,0.00011,Open Short,0.0,0.004593,0x34cac843021a647b3644042dd21c7c02023500289d1d834dd8937395c11e3e65
1760929103647,2025-10-20T02:58:23.647000+00:00,BTC,A,108740.0,0.91922,Open Short,0.0,38.383097,0x34cac843021a647b3644042dd21c7c02023500289d1d834dd8937395c11e3e65
1760929103647,2025-10-20T02:58:23.647000+00:00,BTC,A,108740.0,0.21132,Open Short,0.0,8.823911,0x34cac843021a647b3644042dd21c7c02023500289d1d834dd8937395c11e3e65
1760930955208,2025-10-20T03:29:15.208000+00:00,BTC,A,108664.0,0.00011,Open Short,0.0,0.004589,0xb16e87aa0e192564b2e8042dd277f6020213008fa91c4436553732fccd1cff4f
1760930955208,2025-10-20T03:29:15.208000+00:00,BTC,A,108663.0,0.00011,Open Short,0.0,0.004589,0xb16e87aa0e192564b2e8042dd277f6020213008fa91c4436553732fccd1cff4f
1760930955208,2025-10-20T03:29:15.208000+00:00,BTC,A,108662.0,0.00011,Open Short,0.0,0.004589,0xb16e87aa0e192564b2e8042dd277f6020213008fa91c4436553732fccd1cff4f
1760930955208,2025-10-20T03:29:15.208000+00:00,BTC,A,108661.0,0.00011,Open Short,0.0,0.004589,0xb16e87aa0e192564b2e8042dd277f6020213008fa91c4436553732fccd1cff4f
1760930955208,2025-10-20T03:29:15.208000+00:00,BTC,A,108660.0,0.00014,Open Short,0.0,0.005841,0xb16e87aa0e192564b2e8042dd277f6020213008fa91c4436553732fccd1cff4f
1760930955208,2025-10-20T03:29:15.208000+00:00,BTC,A,108660.0,0.00011,Open Short,0.0,0.004589,0xb16e87aa0e192564b2e8042dd277f6020213008fa91c4436553732fccd1cff4f
1760930955208,2025-10-20T03:29:15.208000+00:00,BTC,A,108659.0,0.00011,Open Short,0.0,0.004589,0xb16e87aa0e192564b2e8042dd277f6020213008fa91c4436553732fccd1cff4f
1760930955208,2025-10-20T03:29:15.208000+00:00,BTC,A,108658.0,0.00011,Open Short,0.0,0.004589,0xb16e87aa0e192564b2e8042dd277f6020213008fa91c4436553732fccd1cff4f
1760930955208,2025-10-20T03:29:15.208000+00:00,BTC,A,108657.0,0.00011,Open Short,0.0,0.004589,0xb16e87aa0e192564b2e8042dd277f6020213008fa91c4436553732fccd1cff4f
1760930955208,2025-10-20T03:29:15.208000+00:00,BTC,A,108657.0,0.91994,Open Short,0.0,38.383841,0xb16e87aa0e192564b2e8042dd277f6020213008fa91c4436553732fccd1cff4f
1760930955208,2025-10-20T03:29:15.208000+00:00,BTC,A,108656.0,0.00014,Open Short,0.0,0.005841,0xb16e87aa0e192564b2e8042dd277f6020213008fa91c4436553732fccd1cff4f
1760930955208,2025-10-20T03:29:15.208000+00:00,BTC,A,108656.0,0.00011,Open Short,0.0,0.004589,0xb16e87aa0e192564b2e8042dd277f6020213008fa91c4436553732fccd1cff4f
1760930955208,2025-10-20T03:29:15.208000+00:00,BTC,A,108656.0,1.37987,Open Short,0.0,57.573563,0xb16e87aa0e192564b2e8042dd277f6020213008fa91c4436553732fccd1cff4f
1760930955208,2025-10-20T03:29:15.208000+00:00,BTC,A,108656.0,0.13799,Open Short,0.0,5.757481,0xb16e87aa0e192564b2e8042dd277f6020213008fa91c4436553732fccd1cff4f
1760930955208,2025-10-20T03:29:15.208000+00:00,BTC,A,108655.0,0.00018,Open Short,0.0,0.00751,0xb16e87aa0e192564b2e8042dd277f6020213008fa91c4436553732fccd1cff4f
1760930955208,2025-10-20T03:29:15.208000+00:00,BTC,A,108655.0,0.00011,Open Short,0.0,0.004589,0xb16e87aa0e192564b2e8042dd277f6020213008fa91c4436553732fccd1cff4f
1760930955208,2025-10-20T03:29:15.208000+00:00,BTC,A,108655.0,0.03672,Open Short,0.0,1.532087,0xb16e87aa0e192564b2e8042dd277f6020213008fa91c4436553732fccd1cff4f
1760930955208,2025-10-20T03:29:15.208000+00:00,BTC,A,108654.0,0.00011,Open Short,0.0,0.004589,0xb16e87aa0e192564b2e8042dd277f6020213008fa91c4436553732fccd1cff4f
1760930955208,2025-10-20T03:29:15.208000+00:00,BTC,A,108653.0,0.00011,Open Short,0.0,0.004589,0xb16e87aa0e192564b2e8042dd277f6020213008fa91c4436553732fccd1cff4f
1760930955208,2025-10-20T03:29:15.208000+00:00,BTC,A,108653.0,0.25166,Open Short,0.0,10.499947,0xb16e87aa0e192564b2e8042dd277f6020213008fa91c4436553732fccd1cff4f
1760930955208,2025-10-20T03:29:15.208000+00:00,BTC,A,108653.0,0.00925,Open Short,0.0,0.385935,0xb16e87aa0e192564b2e8042dd277f6020213008fa91c4436553732fccd1cff4f
1760930955208,2025-10-20T03:29:15.208000+00:00,BTC,A,108652.0,0.00014,Open Short,0.0,0.005841,0xb16e87aa0e192564b2e8042dd277f6020213008fa91c4436553732fccd1cff4f
1760930955208,2025-10-20T03:29:15.208000+00:00,BTC,A,108652.0,0.00011,Open Short,0.0,0.004589,0xb16e87aa0e192564b2e8042dd277f6020213008fa91c4436553732fccd1cff4f
1760930955208,2025-10-20T03:29:15.208000+00:00,BTC,A,108652.0,0.001,Open Short,0.0,0.041722,0xb16e87aa0e192564b2e8042dd277f6020213008fa91c4436553732fccd1cff4f
1760930955208,2025-10-20T03:29:15.208000+00:00,BTC,A,108652.0,0.01388,Open Short,0.0,0.579106,0xb16e87aa0e192564b2e8042dd277f6020213008fa91c4436553732fccd1cff4f
1760930955208,2025-10-20T03:29:15.208000+00:00,BTC,A,108651.0,0.00011,Open Short,0.0,0.004589,0xb16e87aa0e192564b2e8042dd277f6020213008fa91c4436553732fccd1cff4f
1760930955208,2025-10-20T03:29:15.208000+00:00,BTC,A,108651.0,0.0185,Open Short,0.0,0.771856,0xb16e87aa0e192564b2e8042dd277f6020213008fa91c4436553732fccd1cff4f
1760930955208,2025-10-20T03:29:15.208000+00:00,BTC,A,108650.0,0.00011,Open Short,0.0,0.004589,0xb16e87aa0e192564b2e8042dd277f6020213008fa91c4436553732fccd1cff4f
1760930955208,2025-10-20T03:29:15.208000+00:00,BTC,A,108650.0,0.00152,Open Short,0.0,0.063416,0xb16e87aa0e192564b2e8042dd277f6020213008fa91c4436553732fccd1cff4f
1760930955208,2025-10-20T03:29:15.208000+00:00,BTC,A,108650.0,0.4276,Open Short,0.0,17.840156,0xb16e87aa0e192564b2e8042dd277f6020213008fa91c4436553732fccd1cff4f
1760930955208,2025-10-20T03:29:15.208000+00:00,BTC,A,108650.0,0.53346,Open Short,0.0,22.256804,0xb16e87aa0e192564b2e8042dd277f6020213008fa91c4436553732fccd1cff4f
1760934488317,2025-10-20T04:28:08.317000+00:00,BTC,B,110038.0,0.13525,Close Short,-198.08715,5.714933,0x3bb30a22a9bd9ad03d2c042dd3240002042b000844b0b9a2df7bb57568b174ba
1760934488317,2025-10-20T04:28:08.317000+00:00,BTC,B,110039.0,0.00014,Close Short,-0.205184,0.005915,0x3bb30a22a9bd9ad03d2c042dd3240002042b000844b0b9a2df7bb57568b174ba
1760934488317,2025-10-20T04:28:08.317000+00:00,BTC,B,110039.0,0.00127,Close Short,-1.861312,0.053663,0x3bb30a22a9bd9ad03d2c042dd3240002042b000844b0b9a2df7bb57568b174ba
1760934488317,2025-10-20T04:28:08.317000+00:00,BTC,B,110040.0,0.00099,Close Short,-1.451934,0.041832,0x3bb30a22a9bd9ad03d2c042dd3240002042b000844b0b9a2df7bb57568b174ba
1760934488317,2025-10-20T04:28:08.317000+00:00,BTC,B,110042.0,0.0005,Close Short,-0.7343,0.021128,0x3bb30a22a9bd9ad03d2c042dd3240002042b000844b0b9a2df7bb57568b174ba
1760934488317,2025-10-20T04:28:08.317000+00:00,BTC,B,110043.0,0.00014,Close Short,-0.205744,0.005915,0x3bb30a22a9bd9ad03d2c042dd3240002042b000844b0b9a2df7bb57568b174ba
1760934488317,2025-10-20T04:28:08.317000+00:00,BTC,B,110044.0,0.68164,Close Short,-1002.419784,28.80399,0x3bb30a22a9bd9ad03d2c042dd3240002042b000844b0b9a2df7bb57568b174ba
1760934488317,2025-10-20T04:28:08.317000+00:00,BTC,B,110045.0,0.13625,Close Short,-200.5055,5.757554,0x3bb30a22a9bd9ad03d2c042dd3240002042b000844b0b9a2df7bb57568b174ba
1760934488317,2025-10-20T04:28:08.317000+00:00,BTC,B,110046.0,0.00014,Close Short,-0.206164,0.005916,0x3bb30a22a9bd9ad03d2c042dd3240002042b000844b0b9a2df7bb57568b174ba
1760934488317,2025-10-20T04:28:08.317000+00:00,BTC,B,110047.0,0.00014,Close Short,-0.206304,0.005916,0x3bb30a22a9bd9ad03d2c042dd3240002042b000844b0b9a2df7bb57568b174ba
1760934488317,2025-10-20T04:28:08.317000+00:00,BTC,B,110048.0,0.68164,Close Short,-1005.146344,28.805037,0x3bb30a22a9bd9ad03d2c042dd3240002042b000844b0b9a2df7bb57568b174ba
1760934488317,2025-10-20T04:28:08.317000+00:00,BTC,B,110048.0,0.00018,Close Short,-0.265428,0.007606,0x3bb30a22a9bd9ad03d2c042dd3240002042b000844b0b9a2df7bb57568b174ba
1760934488317,2025-10-20T04:28:08.317000+00:00,BTC,B,110049.0,0.13624,Close Short,-201.035744,5.757341,0x3bb30a22a9bd9ad03d2c042dd3240002042b000844b0b9a2df7bb57568b174ba
1760934488317,2025-10-20T04:28:08.317000+00:00,BTC,B,110049.0,0.04546,Close Short,-67.080776,1.921085,0x3bb30a22a9bd9ad03d2c042dd3240002042b000844b0b9a2df7bb57568b174ba
1760934488317,2025-10-20T04:28:08.317000+00:00,BTC,B,110050.0,0.09086,Close Short,-134.163876,3.83967,0x3bb30a22a9bd9ad03d2c042dd3240002042b000844b0b9a2df7bb57568b174ba
1760934488317,2025-10-20T04:28:08.317000+00:00,BTC,B,110051.0,0.00014,Close Short,-0.206864,0.005916,0x3bb30a22a9bd9ad03d2c042dd3240002042b000844b0b9a2df7bb57568b174ba
1760934488317,2025-10-20T04:28:08.317000+00:00,BTC,B,110051.0,0.07251,Close Short,-107.140776,3.064242,0x3bb30a22a9bd9ad03d2c042dd3240002042b000844b0b9a2df7bb57568b174ba
1760934488317,2025-10-20T04:28:08.317000+00:00,BTC,B,110051.0,0.9083,Close Short,-1342.10408,38.38438,0x3bb30a22a9bd9ad03d2c042dd3240002042b000844b0b9a2df7bb57568b174ba
1760934488317,2025-10-20T04:28:08.317000+00:00,BTC,B,110053.0,0.68164,Close Short,-1008.554544,28.806346,0x3bb30a22a9bd9ad03d2c042dd3240002042b000844b0b9a2df7bb57568b174ba
1760934488317,2025-10-20T04:28:08.317000+00:00,BTC,B,110053.0,0.0327,Close Short,-48.38292,1.381913,0x3bb30a22a9bd9ad03d2c042dd3240002042b000844b0b9a2df7bb57568b174ba
1760934488317,2025-10-20T04:28:08.317000+00:00,BTC,B,110053.0,0.03901,Close Short,-57.719196,1.648576,0x3bb30a22a9bd9ad03d2c042dd3240002042b000844b0b9a2df7bb57568b174ba
1760934488317,2025-10-20T04:28:08.317000+00:00,BTC,B,110054.0,0.03468,Close Short,-51.347208,1.465602,0x3bb30a22a9bd9ad03d2c042dd3240002042b000844b0b9a2df7bb57568b174ba
1760934488317,2025-10-20T04:28:08.317000+00:00,BTC,B,110054.0,0.09086,Close Short,-134.527316,3.83981,0x3bb30a22a9bd9ad03d2c042dd3240002042b000844b0b9a2df7bb57568b174ba
1760934488317,2025-10-20T04:28:08.317000+00:00,BTC,B,110054.0,0.54496,Close Short,-806.867776,23.03041,0x3bb30a22a9bd9ad03d2c042dd3240002042b000844b0b9a2df7bb57568b174ba
1760934488317,2025-10-20T04:28:08.317000+00:00,BTC,B,110055.0,0.35335,Close Short,-523.52336,14.932966,0x3bb30a22a9bd9ad03d2c042dd3240002042b000844b0b9a2df7bb57568b174ba
1760934488317,2025-10-20T04:28:08.317000+00:00,BTC,B,110056.0,0.0001,Close Short,-0.14826,0.004226,0x3bb30a22a9bd9ad03d2c042dd3240002042b000844b0b9a2df7bb57568b174ba
1760934488317,2025-10-20T04:28:08.317000+00:00,BTC,B,110056.0,0.00014,Close Short,-0.207564,0.005916,0x3bb30a22a9bd9ad03d2c042dd3240002042b000844b0b9a2df7bb57568b174ba
1760934488317,2025-10-20T04:28:08.317000+00:00,BTC,B,110057.0,0.68164,Close Short,-1011.281104,28.807393,0x3bb30a22a9bd9ad03d2c042dd3240002042b000844b0b9a2df7bb57568b174ba
1760934488317,2025-10-20T04:28:08.317000+00:00,BTC,B,110057.0,0.00018,Close Short,-0.267048,0.007607,0x3bb30a22a9bd9ad03d2c042dd3240002042b000844b0b9a2df7bb57568b174ba
1760934488317,2025-10-20T04:28:08.317000+00:00,BTC,B,110057.0,0.00454,Close Short,-6.735544,0.191868,0x3bb30a22a9bd9ad03d2c042dd3240002042b000844b0b9a2df7bb57568b174ba
1760934488317,2025-10-20T04:28:08.317000+00:00,BTC,B,110058.0,0.01566,Close Short,-23.248836,0.661827,0x3bb30a22a9bd9ad03d2c042dd3240002042b000844b0b9a2df7bb57568b174ba
1760934488317,2025-10-20T04:28:08.317000+00:00,BTC,B,110058.0,1.83793,Close Short,-2728.590878,77.675097,0x3bb30a22a9bd9ad03d2c042dd3240002042b000844b0b9a2df7bb57568b174ba
1760934488317,2025-10-20T04:28:08.317000+00:00,BTC,B,110058.0,0.95745,Close Short,-1421.43027,40.464012,0x3bb30a22a9bd9ad03d2c042dd3240002042b000844b0b9a2df7bb57568b174ba
1760934488317,2025-10-20T04:28:08.317000+00:00,BTC,B,110058.0,1.1692,Close Short,-1735.79432,49.413048,0x3bb30a22a9bd9ad03d2c042dd3240002042b000844b0b9a2df7bb57568b174ba
1760934537398,2025-10-20T04:28:57.398000+00:00,XPL,B,0.41979,918.0,Open Long,0.0,0.147981,0x387b24d69c22cd9a39f4042dd3267d0203b900bc3725ec6cdc43d0295b26a784
1760934537398,2025-10-20T04:28:57.398000+00:00,XPL,B,0.41979,1463.0,Open Long,0.0,0.235834,0x387b24d69c22cd9a39f4042dd3267d0203b900bc3725ec6cdc43d0295b26a784
1760934537398,2025-10-20T04:28:57.398000+00:00,XPL,B,0.41988,5953.0,Open Long,0.0,0.959825,0x387b24d69c22cd9a39f4042dd3267d0203b900bc3725ec6cdc43d0295b26a784
1760934537398,2025-10-20T04:28:57.398000+00:00,XPL,B,0.4199,883.0,Open Long,0.0,0.142376,0x387b24d69c22cd9a39f4042dd3267d0203b900bc3725ec6cdc43d0295b26a784
1760934537398,2025-10-20T04:28:57.398000+00:00,XPL,B,0.4199,883.0,Open Long,0.0,0.142376,0x387b24d69c22cd9a39f4042dd3267d0203b900bc3725ec6cdc43d0295b26a784
1760934537398,2025-10-20T04:28:57.398000+00:00,XPL,B,0.4199,883.0,Open Long,0.0,0.142376,0x387b24d69c22cd9a39f4042dd3267d0203b900bc3725ec6cdc43d0295b26a784
1760934537398,2025-10-20T04:28:57.398000+00:00,XPL,B,0.41991,927.0,Open Long,0.0,0.149474,0x387b24d69c22cd9a39f4042dd3267d0203b900bc3725ec6cdc43d0295b26a784
1760934537398,2025-10-20T04:28:57.398000+00:00,XPL,B,0.41992,927.0,Open Long,0.0,0.149478,0x387b24d69c22cd9a39f4042dd3267d0203b900bc3725ec6cdc43d0295b26a784
1760934537398,2025-10-20T04:28:57.398000+00:00,XPL,B,0.41992,3039.0,Open Long,0.0,0.490036,0x387b24d69c22cd9a39f4042dd3267d0203b900bc3725ec6cdc43d0295b26a784
1760934537398,2025-10-20T04:28:57.398000+00:00,XPL,B,0.41992,14293.0,Open Long,0.0,2.304735,0x387b24d69c22cd9a39f4042dd3267d0203b900bc3725ec6cdc43d0295b26a784
1760934537398,2025-10-20T04:28:57.398000+00:00,XPL,B,0.41992,4719.0,Open Long,0.0,0.760935,0x387b24d69c22cd9a39f4042dd3267d0203b900bc3725ec6cdc43d0295b26a784
1760934537398,2025-10-20T04:28:57.398000+00:00,XPL,B,0.41993,927.0,Open Long,0.0,0.149481,0x387b24d69c22cd9a39f4042dd3267d0203b900bc3725ec6cdc43d0295b26a784
1760934537398,2025-10-20T04:28:57.398000+00:00,XPL,B,0.41993,2808.0,Open Long,0.0,0.452798,0x387b24d69c22cd9a39f4042dd3267d0203b900bc3725ec6cdc43d0295b26a784
1760934537398,2025-10-20T04:28:57.398000+00:00,XPL,B,0.41994,930.0,Open Long,0.0,0.149968,0x387b24d69c22cd9a39f4042dd3267d0203b900bc3725ec6cdc43d0295b26a784
1760934537398,2025-10-20T04:28:57.398000+00:00,XPL,B,0.41995,930.0,Open Long,0.0,0.149972,0x387b24d69c22cd9a39f4042dd3267d0203b900bc3725ec6cdc43d0295b26a784
1760934537398,2025-10-20T04:28:57.398000+00:00,XPL,B,0.41995,2833.0,Open Long,0.0,0.456851,0x387b24d69c22cd9a39f4042dd3267d0203b900bc3725ec6cdc43d0295b26a784
1760934537398,2025-10-20T04:28:57.398000+00:00,XPL,B,0.41998,450.0,Open Long,0.0,0.072572,0x387b24d69c22cd9a39f4042dd3267d0203b900bc3725ec6cdc43d0295b26a784
1760934537398,2025-10-20T04:28:57.398000+00:00,XPL,B,0.41998,2299.0,Open Long,0.0,0.370765,0x387b24d69c22cd9a39f4042dd3267d0203b900bc3725ec6cdc43d0295b26a784
1760934537398,2025-10-20T04:28:57.398000+00:00,XPL,B,0.41999,450.0,Open Long,0.0,0.072574,0x387b24d69c22cd9a39f4042dd3267d0203b900bc3725ec6cdc43d0295b26a784
1760934537398,2025-10-20T04:28:57.398000+00:00,XPL,B,0.41999,450.0,Open Long,0.0,0.072574,0x387b24d69c22cd9a39f4042dd3267d0203b900bc3725ec6cdc43d0295b26a784
1760934537398,2025-10-20T04:28:57.398000+00:00,XPL,B,0.41999,450.0,Open Long,0.0,0.072574,0x387b24d69c22cd9a39f4042dd3267d0203b900bc3725ec6cdc43d0295b26a784
1760934537398,2025-10-20T04:28:57.398000+00:00,XPL,B,0.41999,882.0,Open Long,0.0,0.142245,0x387b24d69c22cd9a39f4042dd3267d0203b900bc3725ec6cdc43d0295b26a784
1760934537398,2025-10-20T04:28:57.398000+00:00,XPL,B,0.41999,882.0,Open Long,0.0,0.142245,0x387b24d69c22cd9a39f4042dd3267d0203b900bc3725ec6cdc43d0295b26a784
1760934537398,2025-10-20T04:28:57.398000+00:00,XPL,B,0.41999,882.0,Open Long,0.0,0.142245,0x387b24d69c22cd9a39f4042dd3267d0203b900bc3725ec6cdc43d0295b26a784
1760934537398,2025-10-20T04:28:57.398000+00:00,XPL,B,0.41999,882.0,Open Long,0.0,0.142245,0x387b24d69c22cd9a39f4042dd3267d0203b900bc3725ec6cdc43d0295b26a784
1760934537398,2025-10-20T04:28:57.398000+00:00,XPL,B,0.41999,882.0,Open Long,0.0,0.142245,0x387b24d69c22cd9a39f4042dd3267d0203b900bc3725ec6cdc43d0295b26a784
1760934537398,2025-10-20T04:28:57.398000+00:00,XPL,B,0.41999,882.0,Open Long,0.0,0.142245,0x387b24d69c22cd9a39f4042dd3267d0203b900bc3725ec6cdc43d0295b26a784
1760934537398,2025-10-20T04:28:57.398000+00:00,XPL,B,0.41999,882.0,Open Long,0.0,0.142245,0x387b24d69c22cd9a39f4042dd3267d0203b900bc3725ec6cdc43d0295b26a784
1760934537398,2025-10-20T04:28:57.398000+00:00,XPL,B,0.41999,882.0,Open Long,0.0,0.142245,0x387b24d69c22cd9a39f4042dd3267d0203b900bc3725ec6cdc43d0295b26a784
1760934537398,2025-10-20T04:28:57.398000+00:00,XPL,B,0.41999,882.0,Open Long,0.0,0.142245,0x387b24d69c22cd9a39f4042dd3267d0203b900bc3725ec6cdc43d0295b26a784
1760934537398,2025-10-20T04:28:57.398000+00:00,XPL,B,0.41999,23834.0,Open Long,0.0,3.843855,0x387b24d69c22cd9a39f4042dd3267d0203b900bc3725ec6cdc43d0295b26a784
1760934537398,2025-10-20T04:28:57.398000+00:00,XPL,B,0.42,882.0,Open Long,0.0,0.142248,0x387b24d69c22cd9a39f4042dd3267d0203b900bc3725ec6cdc43d0295b26a784
1760934537398,2025-10-20T04:28:57.398000+00:00,XPL,B,0.42,470.0,Open Long,0.0,0.075801,0x387b24d69c22cd9a39f4042dd3267d0203b900bc3725ec6cdc43d0295b26a784
1760934537398,2025-10-20T04:28:57.398000+00:00,XPL,B,0.42,450.0,Open Long,0.0,0.072576,0x387b24d69c22cd9a39f4042dd3267d0203b900bc3725ec6cdc43d0295b26a784
1760934537398,2025-10-20T04:28:57.398000+00:00,XPL,B,0.42,238.0,Open Long,0.0,0.038384,0x387b24d69c22cd9a39f4042dd3267d0203b900bc3725ec6cdc43d0295b26a784
1760934537398,2025-10-20T04:28:57.398000+00:00,XPL,B,0.42001,470.0,Open Long,0.0,0.075803,0x387b24d69c22cd9a39f4042dd3267d0203b900bc3725ec6cdc43d0295b26a784
1760934537398,2025-10-20T04:28:57.398000+00:00,XPL,B,0.42001,470.0,Open Long,0.0,0.075803,0x387b24d69c22cd9a39f4042dd3267d0203b900bc3725ec6cdc43d0295b26a784
1760934537398,2025-10-20T04:28:57.398000+00:00,XPL,B,0.42001,19039.0,Open Long,0.0,3.070683,0x387b24d69c22cd9a39f4042dd3267d0203b900bc3725ec6cdc43d0295b26a784
1760934537398,2025-10-20T04:28:57.398000+00:00,XPL,B,0.42001,882.0,Open Long,0.0,0.142252,0x387b24d69c22cd9a39f4042dd3267d0203b900bc3725ec6cdc43d0295b26a784
1760934537398,2025-10-20T04:28:57.398000+00:00,XPL,B,0.42002,470.0,Open Long,0.0,0.075805,0x387b24d69c22cd9a39f4042dd3267d0203b900bc3725ec6cdc43d0295b26a784
1760934537398,2025-10-20T04:28:57.398000+00:00,XPL,B,0.42002,882.0,Open Long,0.0,0.142255,0x387b24d69c22cd9a39f4042dd3267d0203b900bc3725ec6cdc43d0295b26a784
1760934537398,2025-10-20T04:28:57.398000+00:00,XPL,B,0.42002,882.0,Open Long,0.0,0.142255,0x387b24d69c22cd9a39f4042dd3267d0203b900bc3725ec6cdc43d0295b26a784
1760934537398,2025-10-20T04:28:57.398000+00:00,XPL,B,0.42002,882.0,Open Long,0.0,0.142255,0x387b24d69c22cd9a39f4042dd3267d0203b900bc3725ec6cdc43d0295b26a784
1760934537398,2025-10-20T04:28:57.398000+00:00,XPL,B,0.42002,882.0,Open Long,0.0,0.142255,0x387b24d69c22cd9a39f4042dd3267d0203b900bc3725ec6cdc43d0295b26a784
1760934537398,2025-10-20T04:28:57.398000+00:00,XPL,B,0.42002,882.0,Open Long,0.0,0.142255,0x387b24d69c22cd9a39f4042dd3267d0203b900bc3725ec6cdc43d0295b26a784
1760934537398,2025-10-20T04:28:57.398000+00:00,XPL,B,0.42002,882.0,Open Long,0.0,0.142255,0x387b24d69c22cd9a39f4042dd3267d0203b900bc3725ec6cdc43d0295b26a784
1760934537398,2025-10-20T04:28:57.398000+00:00,XPL,B,0.42002,882.0,Open Long,0.0,0.142255,0x387b24d69c22cd9a39f4042dd3267d0203b900bc3725ec6cdc43d0295b26a784
1760934537398,2025-10-20T04:28:57.398000+00:00,XPL,B,0.42002,882.0,Open Long,0.0,0.142255,0x387b24d69c22cd9a39f4042dd3267d0203b900bc3725ec6cdc43d0295b26a784
1760934537398,2025-10-20T04:28:57.398000+00:00,XPL,B,0.42002,882.0,Open Long,0.0,0.142255,0x387b24d69c22cd9a39f4042dd3267d0203b900bc3725ec6cdc43d0295b26a784
1760934537398,2025-10-20T04:28:57.398000+00:00,XPL,B,0.42004,926.0,Open Long,0.0,0.149359,0x387b24d69c22cd9a39f4042dd3267d0203b900bc3725ec6cdc43d0295b26a784
1760934537398,2025-10-20T04:28:57.398000+00:00,XPL,B,0.42004,926.0,Open Long,0.0,0.149359,0x387b24d69c22cd9a39f4042dd3267d0203b900bc3725ec6cdc43d0295b26a784
1760934537398,2025-10-20T04:28:57.398000+00:00,XPL,B,0.42004,926.0,Open Long,0.0,0.149359,0x387b24d69c22cd9a39f4042dd3267d0203b900bc3725ec6cdc43d0295b26a784
1760934537398,2025-10-20T04:28:57.398000+00:00,XPL,B,0.42004,926.0,Open Long,0.0,0.149359,0x387b24d69c22cd9a39f4042dd3267d0203b900bc3725ec6cdc43d0295b26a784
1760934537398,2025-10-20T04:28:57.398000+00:00,XPL,B,0.42004,926.0,Open Long,0.0,0.149359,0x387b24d69c22cd9a39f4042dd3267d0203b900bc3725ec6cdc43d0295b26a784
1760934537398,2025-10-20T04:28:57.398000+00:00,XPL,B,0.42004,926.0,Open Long,0.0,0.149359,0x387b24d69c22cd9a39f4042dd3267d0203b900bc3725ec6cdc43d0295b26a784
1760934537398,2025-10-20T04:28:57.398000+00:00,XPL,B,0.42004,926.0,Open Long,0.0,0.149359,0x387b24d69c22cd9a39f4042dd3267d0203b900bc3725ec6cdc43d0295b26a784
1760934537398,2025-10-20T04:28:57.398000+00:00,XPL,B,0.42005,2223.0,Open Long,0.0,0.358568,0x387b24d69c22cd9a39f4042dd3267d0203b900bc3725ec6cdc43d0295b26a784
1760934537398,2025-10-20T04:28:57.398000+00:00,XPL,B,0.42005,28579.0,Open Long,0.0,4.609769,0x387b24d69c22cd9a39f4042dd3267d0203b900bc3725ec6cdc43d0295b26a784
1760934537398,2025-10-20T04:28:57.398000+00:00,XPL,B,0.42008,41168.0,Open Long,0.0,6.640839,0x387b24d69c22cd9a39f4042dd3267d0203b900bc3725ec6cdc43d0295b26a784
1760934537398,2025-10-20T04:28:57.398000+00:00,XPL,B,0.42008,470.0,Open Long,0.0,0.075816,0x387b24d69c22cd9a39f4042dd3267d0203b900bc3725ec6cdc43d0295b26a784
1760934537398,2025-10-20T04:28:57.398000+00:00,XPL,B,0.42008,470.0,Open Long,0.0,0.075816,0x387b24d69c22cd9a39f4042dd3267d0203b900bc3725ec6cdc43d0295b26a784
1760934537398,2025-10-20T04:28:57.398000+00:00,XPL,B,0.42009,523.0,Open Long,0.0,0.084367,0x387b24d69c22cd9a39f4042dd3267d0203b900bc3725ec6cdc43d0295b26a784
1760934537398,2025-10-20T04:28:57.398000+00:00,XPL,B,0.42009,470.0,Open Long,0.0,0.075817,0x387b24d69c22cd9a39f4042dd3267d0203b900bc3725ec6cdc43d0295b26a784
1760934537398,2025-10-20T04:28:57.398000+00:00,XPL,B,0.42009,470.0,Open Long,0.0,0.075817,0x387b24d69c22cd9a39f4042dd3267d0203b900bc3725ec6cdc43d0295b26a784
1760934537398,2025-10-20T04:28:57.398000+00:00,XPL,B,0.4201,22309.0,Open Long,0.0,3.598852,0x387b24d69c22cd9a39f4042dd3267d0203b900bc3725ec6cdc43d0295b26a784
1760934537398,2025-10-20T04:28:57.398000+00:00,XPL,B,0.4201,926.0,Open Long,0.0,0.14938,0x387b24d69c22cd9a39f4042dd3267d0203b900bc3725ec6cdc43d0295b26a784
1760934537398,2025-10-20T04:28:57.398000+00:00,XPL,B,0.4201,926.0,Open Long,0.0,0.14938,0x387b24d69c22cd9a39f4042dd3267d0203b900bc3725ec6cdc43d0295b26a784
1760934537398,2025-10-20T04:28:57.398000+00:00,XPL,B,0.4201,926.0,Open Long,0.0,0.14938,0x387b24d69c22cd9a39f4042dd3267d0203b900bc3725ec6cdc43d0295b26a784
1760934537398,2025-10-20T04:28:57.398000+00:00,XPL,B,0.4201,926.0,Open Long,0.0,0.14938,0x387b24d69c22cd9a39f4042dd3267d0203b900bc3725ec6cdc43d0295b26a784
1760934537398,2025-10-20T04:28:57.398000+00:00,XPL,B,0.4201,926.0,Open Long,0.0,0.14938,0x387b24d69c22cd9a39f4042dd3267d0203b900bc3725ec6cdc43d0295b26a784
1760934537398,2025-10-20T04:28:57.398000+00:00,XPL,B,0.4201,926.0,Open Long,0.0,0.14938,0x387b24d69c22cd9a39f4042dd3267d0203b900bc3725ec6cdc43d0295b26a784
1760934537398,2025-10-20T04:28:57.398000+00:00,XPL,B,0.4201,2380.0,Open Long,0.0,0.383937,0x387b24d69c22cd9a39f4042dd3267d0203b900bc3725ec6cdc43d0295b26a784
1760934537398,2025-10-20T04:28:57.398000+00:00,XPL,B,0.42011,926.0,Open Long,0.0,0.149384,0x387b24d69c22cd9a39f4042dd3267d0203b900bc3725ec6cdc43d0295b26a784
1760934537398,2025-10-20T04:28:57.398000+00:00,XPL,B,0.42011,926.0,Open Long,0.0,0.149384,0x387b24d69c22cd9a39f4042dd3267d0203b900bc3725ec6cdc43d0295b26a784
1760934537398,2025-10-20T04:28:57.398000+00:00,XPL,B,0.42011,926.0,Open Long,0.0,0.149384,0x387b24d69c22cd9a39f4042dd3267d0203b900bc3725ec6cdc43d0295b26a784
1760934537398,2025-10-20T04:28:57.398000+00:00,XPL,B,0.42011,926.0,Open Long,0.0,0.149384,0x387b24d69c22cd9a39f4042dd3267d0203b900bc3725ec6cdc43d0295b26a784
1760934537398,2025-10-20T04:28:57.398000+00:00,XPL,B,0.42011,926.0,Open Long,0.0,0.149384,0x387b24d69c22cd9a39f4042dd3267d0203b900bc3725ec6cdc43d0295b26a784
1760934537398,2025-10-20T04:28:57.398000+00:00,XPL,B,0.42011,926.0,Open Long,0.0,0.149384,0x387b24d69c22cd9a39f4042dd3267d0203b900bc3725ec6cdc43d0295b26a784
1760934537398,2025-10-20T04:28:57.398000+00:00,XPL,B,0.42011,926.0,Open Long,0.0,0.149384,0x387b24d69c22cd9a39f4042dd3267d0203b900bc3725ec6cdc43d0295b26a784
1760934537398,2025-10-20T04:28:57.398000+00:00,XPL,B,0.42011,926.0,Open Long,0.0,0.149384,0x387b24d69c22cd9a39f4042dd3267d0203b900bc3725ec6cdc43d0295b26a784
1760934537398,2025-10-20T04:28:57.398000+00:00,XPL,B,0.42011,926.0,Open Long,0.0,0.149384,0x387b24d69c22cd9a39f4042dd3267d0203b900bc3725ec6cdc43d0295b26a784
1760934537398,2025-10-20T04:28:57.398000+00:00,XPL,B,0.42011,926.0,Open Long,0.0,0.149384,0x387b24d69c22cd9a39f4042dd3267d0203b900bc3725ec6cdc43d0295b26a784
1760934537398,2025-10-20T04:28:57.398000+00:00,XPL,B,0.42013,926.0,Open Long,0.0,0.149391,0x387b24d69c22cd9a39f4042dd3267d0203b900bc3725ec6cdc43d0295b26a784
1760934537398,2025-10-20T04:28:57.398000+00:00,XPL,B,0.42013,70150.0,Open Long,0.0,11.317293,0x387b24d69c22cd9a39f4042dd3267d0203b900bc3725ec6cdc43d0295b26a784
1760934537398,2025-10-20T04:28:57.398000+00:00,XPL,B,0.42014,660.0,Open Long,0.0,0.10648,0x387b24d69c22cd9a39f4042dd3267d0203b900bc3725ec6cdc43d0295b26a784
1760934537398,2025-10-20T04:28:57.398000+00:00,XPL,B,0.42014,926.0,Open Long,0.0,0.149395,0x387b24d69c22cd9a39f4042dd3267d0203b900bc3725ec6cdc43d0295b26a784
1760934537398,2025-10-20T04:28:57.398000+00:00,XPL,B,0.42014,340.0,Open Long,0.0,0.054853,0x387b24d69c22cd9a39f4042dd3267d0203b900bc3725ec6cdc43d0295b26a784
1760934553355,2025-10-20T04:29:13.355000+00:00,XPL,B,0.41989,890.0,Open Long,0.0,0.143501,0x395481091170a34b3ace042dd3274a02021500eeac73c21ddd1d2c5bd0747d35
1760934553355,2025-10-20T04:29:13.355000+00:00,XPL,B,0.41989,780.0,Open Long,0.0,0.125765,0x395481091170a34b3ace042dd3274a02021500eeac73c21ddd1d2c5bd0747d35
1760934553355,2025-10-20T04:29:13.355000+00:00,XPL,B,0.41993,5951.0,Open Long,0.0,0.959617,0x395481091170a34b3ace042dd3274a02021500eeac73c21ddd1d2c5bd0747d35
1760934553355,2025-10-20T04:29:13.355000+00:00,XPL,B,0.41997,882.0,Open Long,0.0,0.142238,0x395481091170a34b3ace042dd3274a02021500eeac73c21ddd1d2c5bd0747d35
1760934553355,2025-10-20T04:29:13.355000+00:00,XPL,B,0.41997,882.0,Open Long,0.0,0.142238,0x395481091170a34b3ace042dd3274a02021500eeac73c21ddd1d2c5bd0747d35
1760934553355,2025-10-20T04:29:13.355000+00:00,XPL,B,0.41997,882.0,Open Long,0.0,0.142238,0x395481091170a34b3ace042dd3274a02021500eeac73c21ddd1d2c5bd0747d35
1760934553355,2025-10-20T04:29:13.355000+00:00,XPL,B,0.41998,882.0,Open Long,0.0,0.142242,0x395481091170a34b3ace042dd3274a02021500eeac73c21ddd1d2c5bd0747d35
1760934553355,2025-10-20T04:29:13.355000+00:00,XPL,B,0.41998,882.0,Open Long,0.0,0.142242,0x395481091170a34b3ace042dd3274a02021500eeac73c21ddd1d2c5bd0747d35
1760934553355,2025-10-20T04:29:13.355000+00:00,XPL,B,0.41998,882.0,Open Long,0.0,0.142242,0x395481091170a34b3ace042dd3274a02021500eeac73c21ddd1d2c5bd0747d35
1760934553355,2025-10-20T04:29:13.355000+00:00,XPL,B,0.41998,882.0,Open Long,0.0,0.142242,0x395481091170a34b3ace042dd3274a02021500eeac73c21ddd1d2c5bd0747d35
1760934553355,2025-10-20T04:29:13.355000+00:00,XPL,B,0.41998,882.0,Open Long,0.0,0.142242,0x395481091170a34b3ace042dd3274a02021500eeac73c21ddd1d2c5bd0747d35
1760934553355,2025-10-20T04:29:13.355000+00:00,XPL,B,0.41998,882.0,Open Long,0.0,0.142242,0x395481091170a34b3ace042dd3274a02021500eeac73c21ddd1d2c5bd0747d35
1760934553355,2025-10-20T04:29:13.355000+00:00,XPL,B,0.41998,882.0,Open Long,0.0,0.142242,0x395481091170a34b3ace042dd3274a02021500eeac73c21ddd1d2c5bd0747d35
1760934553355,2025-10-20T04:29:13.355000+00:00,XPL,B,0.41998,882.0,Open Long,0.0,0.142242,0x395481091170a34b3ace042dd3274a02021500eeac73c21ddd1d2c5bd0747d35
1760934553355,2025-10-20T04:29:13.355000+00:00,XPL,B,0.41998,882.0,Open Long,0.0,0.142242,0x395481091170a34b3ace042dd3274a02021500eeac73c21ddd1d2c5bd0747d35
1760934553355,2025-10-20T04:29:13.355000+00:00,XPL,B,0.41998,882.0,Open Long,0.0,0.142242,0x395481091170a34b3ace042dd3274a02021500eeac73c21ddd1d2c5bd0747d35
1760934553355,2025-10-20T04:29:13.355000+00:00,XPL,B,0.41998,882.0,Open Long,0.0,0.142242,0x395481091170a34b3ace042dd3274a02021500eeac73c21ddd1d2c5bd0747d35
1760934553355,2025-10-20T04:29:13.355000+00:00,XPL,B,0.41998,882.0,Open Long,0.0,0.142242,0x395481091170a34b3ace042dd3274a02021500eeac73c21ddd1d2c5bd0747d35
1760934553355,2025-10-20T04:29:13.355000+00:00,XPL,B,0.41998,882.0,Open Long,0.0,0.142242,0x395481091170a34b3ace042dd3274a02021500eeac73c21ddd1d2c5bd0747d35
1760934553355,2025-10-20T04:29:13.355000+00:00,XPL,B,0.41998,882.0,Open Long,0.0,0.142242,0x395481091170a34b3ace042dd3274a02021500eeac73c21ddd1d2c5bd0747d35
1760934553355,2025-10-20T04:29:13.355000+00:00,XPL,B,0.41998,882.0,Open Long,0.0,0.142242,0x395481091170a34b3ace042dd3274a02021500eeac73c21ddd1d2c5bd0747d35
1760934553355,2025-10-20T04:29:13.355000+00:00,XPL,B,0.41998,882.0,Open Long,0.0,0.142242,0x395481091170a34b3ace042dd3274a02021500eeac73c21ddd1d2c5bd0747d35
1760934553355,2025-10-20T04:29:13.355000+00:00,XPL,B,0.41998,882.0,Open Long,0.0,0.142242,0x395481091170a34b3ace042dd3274a02021500eeac73c21ddd1d2c5bd0747d35
1760934553355,2025-10-20T04:29:13.355000+00:00,XPL,B,0.41998,882.0,Open Long,0.0,0.142242,0x395481091170a34b3ace042dd3274a02021500eeac73c21ddd1d2c5bd0747d35
1760934553355,2025-10-20T04:29:13.355000+00:00,XPL,B,0.41998,882.0,Open Long,0.0,0.142242,0x395481091170a34b3ace042dd3274a02021500eeac73c21ddd1d2c5bd0747d35
1760934553355,2025-10-20T04:29:13.355000+00:00,XPL,B,0.41998,882.0,Open Long,0.0,0.142242,0x395481091170a34b3ace042dd3274a02021500eeac73c21ddd1d2c5bd0747d35
1760934553355,2025-10-20T04:29:13.355000+00:00,XPL,B,0.41998,882.0,Open Long,0.0,0.142242,0x395481091170a34b3ace042dd3274a02021500eeac73c21ddd1d2c5bd0747d35
1760934553355,2025-10-20T04:29:13.355000+00:00,XPL,B,0.41998,882.0,Open Long,0.0,0.142242,0x395481091170a34b3ace042dd3274a02021500eeac73c21ddd1d2c5bd0747d35
1760934553355,2025-10-20T04:29:13.355000+00:00,XPL,B,0.41998,882.0,Open Long,0.0,0.142242,0x395481091170a34b3ace042dd3274a02021500eeac73c21ddd1d2c5bd0747d35
1760934553355,2025-10-20T04:29:13.355000+00:00,XPL,B,0.41999,882.0,Open Long,0.0,0.142245,0x395481091170a34b3ace042dd3274a02021500eeac73c21ddd1d2c5bd0747d35
1760934553355,2025-10-20T04:29:13.355000+00:00,XPL,B,0.41999,882.0,Open Long,0.0,0.142245,0x395481091170a34b3ace042dd3274a02021500eeac73c21ddd1d2c5bd0747d35
1760934553355,2025-10-20T04:29:13.355000+00:00,XPL,B,0.42003,450.0,Open Long,0.0,0.072581,0x395481091170a34b3ace042dd3274a02021500eeac73c21ddd1d2c5bd0747d35
1760934553355,2025-10-20T04:29:13.355000+00:00,XPL,B,0.42003,23332.0,Open Long,0.0,3.763253,0x395481091170a34b3ace042dd3274a02021500eeac73c21ddd1d2c5bd0747d35
1760934553355,2025-10-20T04:29:13.355000+00:00,XPL,B,0.42004,450.0,Open Long,0.0,0.072582,0x395481091170a34b3ace042dd3274a02021500eeac73c21ddd1d2c5bd0747d35
1760934553355,2025-10-20T04:29:13.355000+00:00,XPL,B,0.42005,19039.0,Open Long,0.0,3.070975,0x395481091170a34b3ace042dd3274a02021500eeac73c21ddd1d2c5bd0747d35
1760934553355,2025-10-20T04:29:13.355000+00:00,XPL,B,0.42005,3262.0,Open Long,0.0,0.526157,0x395481091170a34b3ace042dd3274a02021500eeac73c21ddd1d2c5bd0747d35
1760934553355,2025-10-20T04:29:13.355000+00:00,XPL,B,0.42005,3203.0,Open Long,0.0,0.516641,0x395481091170a34b3ace042dd3274a02021500eeac73c21ddd1d2c5bd0747d35
1760934553355,2025-10-20T04:29:13.355000+00:00,XPL,B,0.42006,3424.0,Open Long,0.0,0.552301,0x395481091170a34b3ace042dd3274a02021500eeac73c21ddd1d2c5bd0747d35
1760934553355,2025-10-20T04:29:13.355000+00:00,XPL,B,0.42007,882.0,Open Long,0.0,0.142272,0x395481091170a34b3ace042dd3274a02021500eeac73c21ddd1d2c5bd0747d35
1760934553355,2025-10-20T04:29:13.355000+00:00,XPL,B,0.42007,882.0,Open Long,0.0,0.142272,0x395481091170a34b3ace042dd3274a02021500eeac73c21ddd1d2c5bd0747d35
1760934553355,2025-10-20T04:29:13.355000+00:00,XPL,B,0.42007,3101.0,Open Long,0.0,0.500212,0x395481091170a34b3ace042dd3274a02021500eeac73c21ddd1d2c5bd0747d35
1760934553355,2025-10-20T04:29:13.355000+00:00,XPL,B,0.42008,930.0,Open Long,0.0,0.150018,0x395481091170a34b3ace042dd3274a02021500eeac73c21ddd1d2c5bd0747d35
1760934553355,2025-10-20T04:29:13.355000+00:00,XPL,B,0.42008,882.0,Open Long,0.0,0.142276,0x395481091170a34b3ace042dd3274a02021500eeac73c21ddd1d2c5bd0747d35
1760934553355,2025-10-20T04:29:13.355000+00:00,XPL,B,0.42008,882.0,Open Long,0.0,0.142276,0x395481091170a34b3ace042dd3274a02021500eeac73c21ddd1d2c5bd0747d35
1760934553355,2025-10-20T04:29:13.355000+00:00,XPL,B,0.42008,882.0,Open Long,0.0,0.142276,0x395481091170a34b3ace042dd3274a02021500eeac73c21ddd1d2c5bd0747d35
1760934553355,2025-10-20T04:29:13.355000+00:00,XPL,B,0.42009,882.0,Open Long,0.0,0.142279,0x395481091170a34b3ace042dd3274a02021500eeac73c21ddd1d2c5bd0747d35
1760934553355,2025-10-20T04:29:13.355000+00:00,XPL,B,0.42009,882.0,Open Long,0.0,0.142279,0x395481091170a34b3ace042dd3274a02021500eeac73c21ddd1d2c5bd0747d35
1760934553355,2025-10-20T04:29:13.355000+00:00,XPL,B,0.42009,882.0,Open Long,0.0,0.142279,0x395481091170a34b3ace042dd3274a02021500eeac73c21ddd1d2c5bd0747d35
1760934553355,2025-10-20T04:29:13.355000+00:00,XPL,B,0.42009,882.0,Open Long,0.0,0.142279,0x395481091170a34b3ace042dd3274a02021500eeac73c21ddd1d2c5bd0747d35
1760934553355,2025-10-20T04:29:13.355000+00:00,XPL,B,0.42009,882.0,Open Long,0.0,0.142279,0x395481091170a34b3ace042dd3274a02021500eeac73c21ddd1d2c5bd0747d35
1760934553355,2025-10-20T04:29:13.355000+00:00,XPL,B,0.42009,882.0,Open Long,0.0,0.142279,0x395481091170a34b3ace042dd3274a02021500eeac73c21ddd1d2c5bd0747d35
1760934553355,2025-10-20T04:29:13.355000+00:00,XPL,B,0.42009,882.0,Open Long,0.0,0.142279,0x395481091170a34b3ace042dd3274a02021500eeac73c21ddd1d2c5bd0747d35
1760934553355,2025-10-20T04:29:13.355000+00:00,XPL,B,0.42009,882.0,Open Long,0.0,0.142279,0x395481091170a34b3ace042dd3274a02021500eeac73c21ddd1d2c5bd0747d35
1760934553355,2025-10-20T04:29:13.355000+00:00,XPL,B,0.42009,882.0,Open Long,0.0,0.142279,0x395481091170a34b3ace042dd3274a02021500eeac73c21ddd1d2c5bd0747d35
1760934553355,2025-10-20T04:29:13.355000+00:00,XPL,B,0.42009,882.0,Open Long,0.0,0.142279,0x395481091170a34b3ace042dd3274a02021500eeac73c21ddd1d2c5bd0747d35
1760934553355,2025-10-20T04:29:13.355000+00:00,XPL,B,0.42009,882.0,Open Long,0.0,0.142279,0x395481091170a34b3ace042dd3274a02021500eeac73c21ddd1d2c5bd0747d35
1760934553355,2025-10-20T04:29:13.355000+00:00,XPL,B,0.42009,882.0,Open Long,0.0,0.142279,0x395481091170a34b3ace042dd3274a02021500eeac73c21ddd1d2c5bd0747d35
1760934553355,2025-10-20T04:29:13.355000+00:00,XPL,B,0.42009,882.0,Open Long,0.0,0.142279,0x395481091170a34b3ace042dd3274a02021500eeac73c21ddd1d2c5bd0747d35
1760934553355,2025-10-20T04:29:13.355000+00:00,XPL,B,0.42009,882.0,Open Long,0.0,0.142279,0x395481091170a34b3ace042dd3274a02021500eeac73c21ddd1d2c5bd0747d35
1760934553355,2025-10-20T04:29:13.355000+00:00,XPL,B,0.42009,882.0,Open Long,0.0,0.142279,0x395481091170a34b3ace042dd3274a02021500eeac73c21ddd1d2c5bd0747d35
1760934553355,2025-10-20T04:29:13.355000+00:00,XPL,B,0.42009,882.0,Open Long,0.0,0.142279,0x395481091170a34b3ace042dd3274a02021500eeac73c21ddd1d2c5bd0747d35
1760934553355,2025-10-20T04:29:13.355000+00:00,XPL,B,0.42009,882.0,Open Long,0.0,0.142279,0x395481091170a34b3ace042dd3274a02021500eeac73c21ddd1d2c5bd0747d35
1760934553355,2025-10-20T04:29:13.355000+00:00,XPL,B,0.42009,882.0,Open Long,0.0,0.142279,0x395481091170a34b3ace042dd3274a02021500eeac73c21ddd1d2c5bd0747d35
1760934553355,2025-10-20T04:29:13.355000+00:00,XPL,B,0.42009,882.0,Open Long,0.0,0.142279,0x395481091170a34b3ace042dd3274a02021500eeac73c21ddd1d2c5bd0747d35
1760934553355,2025-10-20T04:29:13.355000+00:00,XPL,B,0.42009,882.0,Open Long,0.0,0.142279,0x395481091170a34b3ace042dd3274a02021500eeac73c21ddd1d2c5bd0747d35
1760934553355,2025-10-20T04:29:13.355000+00:00,XPL,B,0.42009,882.0,Open Long,0.0,0.142279,0x395481091170a34b3ace042dd3274a02021500eeac73c21ddd1d2c5bd0747d35
1760934553355,2025-10-20T04:29:13.355000+00:00,XPL,B,0.42009,882.0,Open Long,0.0,0.142279,0x395481091170a34b3ace042dd3274a02021500eeac73c21ddd1d2c5bd0747d35
1760934553355,2025-10-20T04:29:13.355000+00:00,XPL,B,0.42009,882.0,Open Long,0.0,0.142279,0x395481091170a34b3ace042dd3274a02021500eeac73c21ddd1d2c5bd0747d35
1760934553355,2025-10-20T04:29:13.355000+00:00,XPL,B,0.42009,882.0,Open Long,0.0,0.142279,0x395481091170a34b3ace042dd3274a02021500eeac73c21ddd1d2c5bd0747d35
1760934553355,2025-10-20T04:29:13.355000+00:00,XPL,B,0.42009,882.0,Open Long,0.0,0.142279,0x395481091170a34b3ace042dd3274a02021500eeac73c21ddd1d2c5bd0747d35
1760934553355,2025-10-20T04:29:13.355000+00:00,XPL,B,0.42009,882.0,Open Long,0.0,0.142279,0x395481091170a34b3ace042dd3274a02021500eeac73c21ddd1d2c5bd0747d35
1760934553355,2025-10-20T04:29:13.355000+00:00,XPL,B,0.42009,882.0,Open Long,0.0,0.142279,0x395481091170a34b3ace042dd3274a02021500eeac73c21ddd1d2c5bd0747d35
1760934553355,2025-10-20T04:29:13.355000+00:00,XPL,B,0.42009,882.0,Open Long,0.0,0.142279,0x395481091170a34b3ace042dd3274a02021500eeac73c21ddd1d2c5bd0747d35
1760934553355,2025-10-20T04:29:13.355000+00:00,XPL,B,0.42009,882.0,Open Long,0.0,0.142279,0x395481091170a34b3ace042dd3274a02021500eeac73c21ddd1d2c5bd0747d35
1760934553355,2025-10-20T04:29:13.355000+00:00,XPL,B,0.42009,882.0,Open Long,0.0,0.142279,0x395481091170a34b3ace042dd3274a02021500eeac73c21ddd1d2c5bd0747d35
1760934553355,2025-10-20T04:29:13.355000+00:00,XPL,B,0.42009,882.0,Open Long,0.0,0.142279,0x395481091170a34b3ace042dd3274a02021500eeac73c21ddd1d2c5bd0747d35
1760934553355,2025-10-20T04:29:13.355000+00:00,XPL,B,0.42009,882.0,Open Long,0.0,0.142279,0x395481091170a34b3ace042dd3274a02021500eeac73c21ddd1d2c5bd0747d35
1760934553355,2025-10-20T04:29:13.355000+00:00,XPL,B,0.42009,882.0,Open Long,0.0,0.142279,0x395481091170a34b3ace042dd3274a02021500eeac73c21ddd1d2c5bd0747d35
1760934553355,2025-10-20T04:29:13.355000+00:00,XPL,B,0.42009,882.0,Open Long,0.0,0.142279,0x395481091170a34b3ace042dd3274a02021500eeac73c21ddd1d2c5bd0747d35
1760934553355,2025-10-20T04:29:13.355000+00:00,XPL,B,0.42009,882.0,Open Long,0.0,0.142279,0x395481091170a34b3ace042dd3274a02021500eeac73c21ddd1d2c5bd0747d35
1760934553355,2025-10-20T04:29:13.355000+00:00,XPL,B,0.42009,882.0,Open Long,0.0,0.142279,0x395481091170a34b3ace042dd3274a02021500eeac73c21ddd1d2c5bd0747d35
1760934553355,2025-10-20T04:29:13.355000+00:00,XPL,B,0.4201,926.0,Open Long,0.0,0.14938,0x395481091170a34b3ace042dd3274a02021500eeac73c21ddd1d2c5bd0747d35
1760934553355,2025-10-20T04:29:13.355000+00:00,XPL,B,0.4201,926.0,Open Long,0.0,0.14938,0x395481091170a34b3ace042dd3274a02021500eeac73c21ddd1d2c5bd0747d35
1760934553355,2025-10-20T04:29:13.355000+00:00,XPL,B,0.4201,926.0,Open Long,0.0,0.14938,0x395481091170a34b3ace042dd3274a02021500eeac73c21ddd1d2c5bd0747d35
1760934553355,2025-10-20T04:29:13.355000+00:00,XPL,B,0.4201,926.0,Open Long,0.0,0.14938,0x395481091170a34b3ace042dd3274a02021500eeac73c21ddd1d2c5bd0747d35
1760934553355,2025-10-20T04:29:13.355000+00:00,XPL,B,0.4201,926.0,Open Long,0.0,0.14938,0x395481091170a34b3ace042dd3274a02021500eeac73c21ddd1d2c5bd0747d35
1760934553355,2025-10-20T04:29:13.355000+00:00,XPL,B,0.4201,926.0,Open Long,0.0,0.14938,0x395481091170a34b3ace042dd3274a02021500eeac73c21ddd1d2c5bd0747d35
1760934553355,2025-10-20T04:29:13.355000+00:00,XPL,B,0.4201,926.0,Open Long,0.0,0.14938,0x395481091170a34b3ace042dd3274a02021500eeac73c21ddd1d2c5bd0747d35
1760934553355,2025-10-20T04:29:13.355000+00:00,XPL,B,0.4201,926.0,Open Long,0.0,0.14938,0x395481091170a34b3ace042dd3274a02021500eeac73c21ddd1d2c5bd0747d35
1760934553355,2025-10-20T04:29:13.355000+00:00,XPL,B,0.4201,926.0,Open Long,0.0,0.14938,0x395481091170a34b3ace042dd3274a02021500eeac73c21ddd1d2c5bd0747d35
1760934553355,2025-10-20T04:29:13.355000+00:00,XPL,B,0.4201,926.0,Open Long,0.0,0.14938,0x395481091170a34b3ace042dd3274a02021500eeac73c21ddd1d2c5bd0747d35
1760934553355,2025-10-20T04:29:13.355000+00:00,XPL,B,0.4201,926.0,Open Long,0.0,0.14938,0x395481091170a34b3ace042dd3274a02021500eeac73c21ddd1d2c5bd0747d35
1760934553355,2025-10-20T04:29:13.355000+00:00,XPL,B,0.4201,926.0,Open Long,0.0,0.14938,0x395481091170a34b3ace042dd3274a02021500eeac73c21ddd1d2c5bd0747d35
1760934553355,2025-10-20T04:29:13.355000+00:00,XPL,B,0.4201,926.0,Open Long,0.0,0.14938,0x395481091170a34b3ace042dd3274a02021500eeac73c21ddd1d2c5bd0747d35
1760934553355,2025-10-20T04:29:13.355000+00:00,XPL,B,0.4201,926.0,Open Long,0.0,0.14938,0x395481091170a34b3ace042dd3274a02021500eeac73c21ddd1d2c5bd0747d35
1760934553355,2025-10-20T04:29:13.355000+00:00,XPL,B,0.4201,926.0,Open Long,0.0,0.14938,0x395481091170a34b3ace042dd3274a02021500eeac73c21ddd1d2c5bd0747d35
1760934553355,2025-10-20T04:29:13.355000+00:00,XPL,B,0.4201,238.0,Open Long,0.0,0.038393,0x395481091170a34b3ace042dd3274a02021500eeac73c21ddd1d2c5bd0747d35
1760934553355,2025-10-20T04:29:13.355000+00:00,XPL,B,0.42011,495.0,Open Long,0.0,0.079854,0x395481091170a34b3ace042dd3274a02021500eeac73c21ddd1d2c5bd0747d35
1760934553355,2025-10-20T04:29:13.355000+00:00,XPL,B,0.42013,59483.0,Open Long,0.0,9.596387,0x395481091170a34b3ace042dd3274a02021500eeac73c21ddd1d2c5bd0747d35
1760934553355,2025-10-20T04:29:13.355000+00:00,XPL,B,0.42015,3314.0,Open Long,0.0,0.534672,0x395481091170a34b3ace042dd3274a02021500eeac73c21ddd1d2c5bd0747d35
1760934553355,2025-10-20T04:29:13.355000+00:00,XPL,B,0.42015,6873.0,Open Long,0.0,1.108873,0x395481091170a34b3ace042dd3274a02021500eeac73c21ddd1d2c5bd0747d35
1760934553355,2025-10-20T04:29:13.355000+00:00,XPL,B,0.42015,4775.0,Open Long,0.0,0.770387,0x395481091170a34b3ace042dd3274a02021500eeac73c21ddd1d2c5bd0747d35
1760934553355,2025-10-20T04:29:13.355000+00:00,XPL,B,0.42016,53404.0,Open Long,0.0,8.616278,0x395481091170a34b3ace042dd3274a02021500eeac73c21ddd1d2c5bd0747d35
1760940071087,2025-10-20T06:01:11.087000+00:00,XPL,A,0.42302,4021.0,Close Long,11.865971,0.653169,0x78bc36eba215b4fe7a35042dd4354402024d00d13d18d3d01c84e23e61198ee9
1760940071087,2025-10-20T06:01:11.087000+00:00,XPL,A,0.42299,660.0,Close Long,1.92786,0.107202,0x78bc36eba215b4fe7a35042dd4354402024d00d13d18d3d01c84e23e61198ee9
1760940071087,2025-10-20T06:01:11.087000+00:00,XPL,A,0.42298,3864.0,Close Long,11.248104,0.627607,0x78bc36eba215b4fe7a35042dd4354402024d00d13d18d3d01c84e23e61198ee9
1760940071087,2025-10-20T06:01:11.087000+00:00,XPL,A,0.42296,1520.0,Close Long,4.39432,0.246873,0x78bc36eba215b4fe7a35042dd4354402024d00d13d18d3d01c84e23e61198ee9
1760940071087,2025-10-20T06:01:11.087000+00:00,XPL,A,0.42295,5908.0,Close Long,17.020948,0.959534,0x78bc36eba215b4fe7a35042dd4354402024d00d13d18d3d01c84e23e61198ee9
1760940071087,2025-10-20T06:01:11.087000+00:00,XPL,A,0.42295,18907.0,Close Long,54.471067,3.070738,0x78bc36eba215b4fe7a35042dd4354402024d00d13d18d3d01c84e23e61198ee9
1760940071087,2025-10-20T06:01:11.087000+00:00,XPL,A,0.42294,24063.0,Close Long,69.084873,3.908046,0x78bc36eba215b4fe7a35042dd4354402024d00d13d18d3d01c84e23e61198ee9
1760940071087,2025-10-20T06:01:11.087000+00:00,XPL,A,0.42293,4224.0,Close Long,12.084864,0.685999,0x78bc36eba215b4fe7a35042dd4354402024d00d13d18d3d01c84e23e61198ee9
1760940071087,2025-10-20T06:01:11.087000+00:00,XPL,A,0.42291,6935.0,Close Long,19.702335,1.126226,0x78bc36eba215b4fe7a35042dd4354402024d00d13d18d3d01c84e23e61198ee9
1760940071087,2025-10-20T06:01:11.087000+00:00,XPL,A,0.4229,2364.0,Close Long,6.692484,0.383898,0x78bc36eba215b4fe7a35042dd4354402024d00d13d18d3d01c84e23e61198ee9
1760940071087,2025-10-20T06:01:11.087000+00:00,XPL,A,0.4229,13575.0,Close Long,38.430825,2.204493,0x78bc36eba215b4fe7a35042dd4354402024d00d13d18d3d01c84e23e61198ee9
1760940071087,2025-10-20T06:01:11.087000+00:00,XPL,A,0.4229,236.0,Close Long,0.668116,0.038324,0x78bc36eba215b4fe7a35042dd4354402024d00d13d18d3d01c84e23e61198ee9
1760940071087,2025-10-20T06:01:11.087000+00:00,XPL,A,0.42288,2376.0,Close Long,6.678936,0.385828,0x78bc36eba215b4fe7a35042dd4354402024d00d13d18d3d01c84e23e61198ee9
1760940071087,2025-10-20T06:01:11.087000+00:00,XPL,A,0.42286,21219.0,Close Long,59.222229,3.445503,0x78bc36eba215b4fe7a35042dd4354402024d00d13d18d3d01c84e23e61198ee9
1760940071087,2025-10-20T06:01:11.087000+00:00,XPL,A,0.42286,7734.0,Close Long,21.585594,1.255833,0x78bc36eba215b4fe7a35042dd4354402024d00d13d18d3d01c84e23e61198ee9
1760940071087,2025-10-20T06:01:11.087000+00:00,XPL,A,0.42283,1446.0,Close Long,3.992406,0.234782,0x78bc36eba215b4fe7a35042dd4354402024d00d13d18d3d01c84e23e61198ee9
1760940071087,2025-10-20T06:01:11.087000+00:00,XPL,A,0.42281,144797.0,Close Long,396.888577,23.509101,0x78bc36eba215b4fe7a35042dd4354402024d00d13d18d3d01c84e23e61198ee9
1760940071087,2025-10-20T06:01:11.087000+00:00,XPL,A,0.4228,72640.0,Close Long,198.37984,11.793481,0x78bc36eba215b4fe7a35042dd4354402024d00d13d18d3d01c84e23e61198ee9
1760940071087,2025-10-20T06:01:11.087000+00:00,XPL,A,0.42279,59103.0,Close Long,160.819263,9.595452,0x78bc36eba215b4fe7a35042dd4354402024d00d13d18d3d01c84e23e61198ee9
1760940071087,2025-10-20T06:01:11.087000+00:00,XPL,A,0.42279,880.0,Close Long,2.39448,0.142869,0x78bc36eba215b4fe7a35042dd4354402024d00d13d18d3d01c84e23e61198ee9
1760940071087,2025-10-20T06:01:11.087000+00:00,XPL,A,0.42278,2358.0,Close Long,6.392538,0.382815,0x78bc36eba215b4fe7a35042dd4354402024d00d13d18d3d01c84e23e61198ee9
1760940071087,2025-10-20T06:01:11.087000+00:00,XPL,A,0.42277,1210.0,Close Long,3.26821,0.196435,0x78bc36eba215b4fe7a35042dd4354402024d00d13d18d3d01c84e23e61198ee9
1760940071087,2025-10-20T06:01:11.087000+00:00,XPL,A,0.42276,2356.0,Close Long,6.339996,0.382472,0x78bc36eba215b4fe7a35042dd4354402024d00d13d18d3d01c84e23e61198ee9
1760940071087,2025-10-20T06:01:11.087000+00:00,XPL,A,0.42276,828.0,Close Long,2.228148,0.134417,0x78bc36eba215b4fe7a35042dd4354402024d00d13d18d3d01c84e23e61198ee9
1760940071087,2025-10-20T06:01:11.087000+00:00,XPL,A,0.42276,50437.0,Close Long,135.725967,8.187934,0x78bc36eba215b4fe7a35042dd4354402024d00d13d18d3d01c84e23e61198ee9
1760940071087,2025-10-20T06:01:11.087000+00:00,XPL,A,0.42275,828.0,Close Long,2.219868,0.134414,0x78bc36eba215b4fe7a35042dd4354402024d00d13d18d3d01c84e23e61198ee9
1760940071087,2025-10-20T06:01:11.087000+00:00,XPL,A,0.42275,828.0,Close Long,2.219868,0.134414,0x78bc36eba215b4fe7a35042dd4354402024d00d13d18d3d01c84e23e61198ee9
1760940071087,2025-10-20T06:01:11.087000+00:00,XPL,A,0.42275,828.0,Close Long,2.219868,0.134414,0x78bc36eba215b4fe7a35042dd4354402024d00d13d18d3d01c84e23e61198ee9
1760940071087,2025-10-20T06:01:11.087000+00:00,XPL,A,0.42275,828.0,Close Long,2.219868,0.134414,0x78bc36eba215b4fe7a35042dd4354402024d00d13d18d3d01c84e23e61198ee9
1760940071087,2025-10-20T06:01:11.087000+00:00,XPL,A,0.42275,828.0,Close Long,2.219868,0.134414,0x78bc36eba215b4fe7a35042dd4354402024d00d13d18d3d01c84e23e61198ee9
1760940071087,2025-10-20T06:01:11.087000+00:00,XPL,A,0.42275,828.0,Close Long,2.219868,0.134414,0x78bc36eba215b4fe7a35042dd4354402024d00d13d18d3d01c84e23e61198ee9
1760940071087,2025-10-20T06:01:11.087000+00:00,XPL,A,0.42275,72491.0,Close Long,194.348371,11.767898,0x78bc36eba215b4fe7a35042dd4354402024d00d13d18d3d01c84e23e61198ee9
1760940071087,2025-10-20T06:01:11.087000+00:00,XPL,A,0.42274,2120.0,Close Long,5.66252,0.344144,0x78bc36eba215b4fe7a35042dd4354402024d00d13d18d3d01c84e23e61198ee9
1760940071087,2025-10-20T06:01:11.087000+00:00,XPL,A,0.42274,1607.0,Close Long,4.292297,0.260867,0x78bc36eba215b4fe7a35042dd4354402024d00d13d18d3d01c84e23e61198ee9
1760940071087,2025-10-20T06:01:11.087000+00:00,XPL,A,0.42273,789.0,Close Long,2.099529,0.128077,0x78bc36eba215b4fe7a35042dd4354402024d00d13d18d3d01c84e23e61198ee9
1760940071087,2025-10-20T06:01:11.087000+00:00,XPL,A,0.42273,440.0,Close Long,1.17084,0.071424,0x78bc36eba215b4fe7a35042dd4354402024d00d13d18d3d01c84e23e61198ee9
1760940071087,2025-10-20T06:01:11.087000+00:00,XPL,A,0.42272,2357.0,Close Long,6.248407,0.382598,0x78bc36eba215b4fe7a35042dd4354402024d00d13d18d3d01c84e23e61198ee9
1760940071087,2025-10-20T06:01:11.087000+00:00,XPL,A,0.42272,789.0,Close Long,2.091639,0.128074,0x78bc36eba215b4fe7a35042dd4354402024d00d13d18d3d01c84e23e61198ee9
1760940071087,2025-10-20T06:01:11.087000+00:00,XPL,A,0.42272,789.0,Close Long,2.091639,0.128074,0x78bc36eba215b4fe7a35042dd4354402024d00d13d18d3d01c84e23e61198ee9
1760940071087,2025-10-20T06:01:11.087000+00:00,XPL,A,0.42272,789.0,Close Long,2.091639,0.128074,0x78bc36eba215b4fe7a35042dd4354402024d00d13d18d3d01c84e23e61198ee9
1760940071087,2025-10-20T06:01:11.087000+00:00,XPL,A,0.42272,789.0,Close Long,2.091639,0.128074,0x78bc36eba215b4fe7a35042dd4354402024d00d13d18d3d01c84e23e61198ee9
1760940071087,2025-10-20T06:01:11.087000+00:00,XPL,A,0.42272,789.0,Close Long,2.091639,0.128074,0x78bc36eba215b4fe7a35042dd4354402024d00d13d18d3d01c84e23e61198ee9
1760940071087,2025-10-20T06:01:11.087000+00:00,XPL,A,0.42272,789.0,Close Long,2.091639,0.128074,0x78bc36eba215b4fe7a35042dd4354402024d00d13d18d3d01c84e23e61198ee9
1760940071087,2025-10-20T06:01:11.087000+00:00,XPL,A,0.42272,789.0,Close Long,2.091639,0.128074,0x78bc36eba215b4fe7a35042dd4354402024d00d13d18d3d01c84e23e61198ee9
1760940071087,2025-10-20T06:01:11.087000+00:00,XPL,A,0.42272,789.0,Close Long,2.091639,0.128074,0x78bc36eba215b4fe7a35042dd4354402024d00d13d18d3d01c84e23e61198ee9
1760940071087,2025-10-20T06:01:11.087000+00:00,XPL,A,0.42272,789.0,Close Long,2.091639,0.128074,0x78bc36eba215b4fe7a35042dd4354402024d00d13d18d3d01c84e23e61198ee9
1760940071087,2025-10-20T06:01:11.087000+00:00,XPL,A,0.42272,789.0,Close Long,2.091639,0.128074,0x78bc36eba215b4fe7a35042dd4354402024d00d13d18d3d01c84e23e61198ee9
1760940071087,2025-10-20T06:01:11.087000+00:00,XPL,A,0.42272,789.0,Close Long,2.091639,0.128074,0x78bc36eba215b4fe7a35042dd4354402024d00d13d18d3d01c84e23e61198ee9
1760940071087,2025-10-20T06:01:11.087000+00:00,XPL,A,0.42272,789.0,Close Long,2.091639,0.128074,0x78bc36eba215b4fe7a35042dd4354402024d00d13d18d3d01c84e23e61198ee9
1760940071087,2025-10-20T06:01:11.087000+00:00,XPL,A,0.42272,789.0,Close Long,2.091639,0.128074,0x78bc36eba215b4fe7a35042dd4354402024d00d13d18d3d01c84e23e61198ee9
1760940071087,2025-10-20T06:01:11.087000+00:00,XPL,A,0.42272,440.0,Close Long,1.16644,0.071422,0x78bc36eba215b4fe7a35042dd4354402024d00d13d18d3d01c84e23e61198ee9
1760940071087,2025-10-20T06:01:11.087000+00:00,XPL,A,0.42272,789.0,Close Long,2.091639,0.128074,0x78bc36eba215b4fe7a35042dd4354402024d00d13d18d3d01c84e23e61198ee9
1760940071087,2025-10-20T06:01:11.087000+00:00,XPL,A,0.42271,828.0,Close Long,2.186748,0.134401,0x78bc36eba215b4fe7a35042dd4354402024d00d13d18d3d01c84e23e61198ee9
1760940071087,2025-10-20T06:01:11.087000+00:00,XPL,A,0.42271,877.0,Close Long,2.316157,0.142355,0x78bc36eba215b4fe7a35042dd4354402024d00d13d18d3d01c84e23e61198ee9
1760940071087,2025-10-20T06:01:11.087000+00:00,XPL,A,0.42271,877.0,Close Long,2.316157,0.142355,0x78bc36eba215b4fe7a35042dd4354402024d00d13d18d3d01c84e23e61198ee9
1760940071087,2025-10-20T06:01:11.087000+00:00,XPL,A,0.42271,877.0,Close Long,2.316157,0.142355,0x78bc36eba215b4fe7a35042dd4354402024d00d13d18d3d01c84e23e61198ee9
1760940071087,2025-10-20T06:01:11.087000+00:00,XPL,A,0.42271,877.0,Close Long,2.316157,0.142355,0x78bc36eba215b4fe7a35042dd4354402024d00d13d18d3d01c84e23e61198ee9
1760940071087,2025-10-20T06:01:11.087000+00:00,XPL,A,0.42271,877.0,Close Long,2.316157,0.142355,0x78bc36eba215b4fe7a35042dd4354402024d00d13d18d3d01c84e23e61198ee9
1760940071087,2025-10-20T06:01:11.087000+00:00,XPL,A,0.42271,877.0,Close Long,2.316157,0.142355,0x78bc36eba215b4fe7a35042dd4354402024d00d13d18d3d01c84e23e61198ee9
1760940071087,2025-10-20T06:01:11.087000+00:00,XPL,A,0.42271,877.0,Close Long,2.316157,0.142355,0x78bc36eba215b4fe7a35042dd4354402024d00d13d18d3d01c84e23e61198ee9
1760940071087,2025-10-20T06:01:11.087000+00:00,XPL,A,0.4227,6832.0,Close Long,17.974992,1.108948,0x78bc36eba215b4fe7a35042dd4354402024d00d13d18d3d01c84e23e61198ee9
1760940071087,2025-10-20T06:01:11.087000+00:00,XPL,A,0.42269,8282.0,Close Long,21.707122,1.344275,0x78bc36eba215b4fe7a35042dd4354402024d00d13d18d3d01c84e23e61198ee9
1760940149392,2025-10-20T06:02:29.392000+00:00,XPL,B,0.42309,2146.0,Open Long,0.0,0.348653,0xdc5e82b72dd2e48dddd8042dd43929020230009cc8d6035f80272e09ecd6be78
1760940149392,2025-10-20T06:02:29.392000+00:00,XPL,B,0.42318,3152.0,Open Long,0.0,0.512203,0xdc5e82b72dd2e48dddd8042dd43929020230009cc8d6035f80272e09ecd6be78
1760940149392,2025-10-20T06:02:29.392000+00:00,XPL,B,0.42318,3375.0,Open Long,0.0,0.548441,0xdc5e82b72dd2e48dddd8042dd43929020230009cc8d6035f80272e09ecd6be78
1760940149392,2025-10-20T06:02:29.392000+00:00,XPL,B,0.42322,5645.0,Open Long,0.0,0.917405,0xdc5e82b72dd2e48dddd8042dd43929020230009cc8d6035f80272e09ecd6be78
1760940149392,2025-10-20T06:02:29.392000+00:00,XPL,B,0.42322,5879.0,Open Long,0.0,0.955434,0xdc5e82b72dd2e48dddd8042dd43929020230009cc8d6035f80272e09ecd6be78
1760940149392,2025-10-20T06:02:29.392000+00:00,XPL,B,0.42322,5000.0,Open Long,0.0,0.812582,0xdc5e82b72dd2e48dddd8042dd43929020230009cc8d6035f80272e09ecd6be78
1760940149392,2025-10-20T06:02:29.392000+00:00,XPL,B,0.42322,3053.0,Open Long,0.0,0.496162,0xdc5e82b72dd2e48dddd8042dd43929020230009cc8d6035f80272e09ecd6be78
1760940149392,2025-10-20T06:02:29.392000+00:00,XPL,B,0.42322,5904.0,Open Long,0.0,0.959497,0xdc5e82b72dd2e48dddd8042dd43929020230009cc8d6035f80272e09ecd6be78
1760940149392,2025-10-20T06:02:29.392000+00:00,XPL,B,0.42325,660.0,Open Long,0.0,0.107268,0xdc5e82b72dd2e48dddd8042dd43929020230009cc8d6035f80272e09ecd6be78
1760940149392,2025-10-20T06:02:29.392000+00:00,XPL,B,0.42326,3000.0,Open Long,0.0,0.487595,0xdc5e82b72dd2e48dddd8042dd43929020230009cc8d6035f80272e09ecd6be78
1760940149392,2025-10-20T06:02:29.392000+00:00,XPL,B,0.42327,4734.0,Open Long,0.0,0.769443,0xdc5e82b72dd2e48dddd8042dd43929020230009cc8d6035f80272e09ecd6be78
1760940149392,2025-10-20T06:02:29.392000+00:00,XPL,B,0.42329,14021.0,Open Long,0.0,2.27902,0xdc5e82b72dd2e48dddd8042dd43929020230009cc8d6035f80272e09ecd6be78
1760940149392,2025-10-20T06:02:29.392000+00:00,XPL,B,0.4233,236.0,Open Long,0.0,0.038361,0xdc5e82b72dd2e48dddd8042dd43929020230009cc8d6035f80272e09ecd6be78
1760940149392,2025-10-20T06:02:29.392000+00:00,XPL,B,0.4233,5590.0,Open Long,0.0,0.908638,0xdc5e82b72dd2e48dddd8042dd43929020230009cc8d6035f80272e09ecd6be78
1760940149392,2025-10-20T06:02:29.392000+00:00,XPL,B,0.4233,5875.0,Open Long,0.0,0.954964,0xdc5e82b72dd2e48dddd8042dd43929020230009cc8d6035f80272e09ecd6be78
1760940149392,2025-10-20T06:02:29.392000+00:00,XPL,B,0.42332,880.0,Open Long,0.0,0.143048,0xdc5e82b72dd2e48dddd8042dd43929020230009cc8d6035f80272e09ecd6be78
1760940149392,2025-10-20T06:02:29.392000+00:00,XPL,B,0.42332,788.0,Open Long,0.0,0.128093,0xdc5e82b72dd2e48dddd8042dd43929020230009cc8d6035f80272e09ecd6be78
1760940149392,2025-10-20T06:02:29.392000+00:00,XPL,B,0.42333,1185.0,Open Long,0.0,0.192632,0xdc5e82b72dd2e48dddd8042dd43929020230009cc8d6035f80272e09ecd6be78
1760940149392,2025-10-20T06:02:29.392000+00:00,XPL,B,0.42337,18891.0,Open Long,0.0,3.071186,0xdc5e82b72dd2e48dddd8042dd43929020230009cc8d6035f80272e09ecd6be78
1760940149392,2025-10-20T06:02:29.392000+00:00,XPL,B,0.42339,2923.0,Open Long,0.0,0.475226,0xdc5e82b72dd2e48dddd8042dd43929020230009cc8d6035f80272e09ecd6be78
1760940149392,2025-10-20T06:02:29.392000+00:00,XPL,B,0.4234,660.0,Open Long,0.0,0.107306,0xdc5e82b72dd2e48dddd8042dd43929020230009cc8d6035f80272e09ecd6be78
1760940149392,2025-10-20T06:02:29.392000+00:00,XPL,B,0.4234,788.0,Open Long,0.0,0.128117,0xdc5e82b72dd2e48dddd8042dd43929020230009cc8d6035f80272e09ecd6be78
1760940149392,2025-10-20T06:02:29.392000+00:00,XPL,B,0.4234,2361.0,Open Long,0.0,0.383864,0xdc5e82b72dd2e48dddd8042dd43929020230009cc8d6035f80272e09ecd6be78
1760940149392,2025-10-20T06:02:29.392000+00:00,XPL,B,0.42341,788.0,Open Long,0.0,0.12812,0xdc5e82b72dd2e48dddd8042dd43929020230009cc8d6035f80272e09ecd6be78
1760940149392,2025-10-20T06:02:29.392000+00:00,XPL,B,0.42342,28033.0,Open Long,0.0,4.557977,0xdc5e82b72dd2e48dddd8042dd43929020230009cc8d6035f80272e09ecd6be78
1760940149392,2025-10-20T06:02:29.392000+00:00,XPL,B,0.42342,6456.0,Open Long,0.0,1.049702,0xdc5e82b72dd2e48dddd8042dd43929020230009cc8d6035f80272e09ecd6be78
1760940149392,2025-10-20T06:02:29.392000+00:00,XPL,B,0.42342,6075.0,Open Long,0.0,0.987754,0xdc5e82b72dd2e48dddd8042dd43929020230009cc8d6035f80272e09ecd6be78
1760940149392,2025-10-20T06:02:29.392000+00:00,XPL,B,0.42342,2471.0,Open Long,0.0,0.401767,0xdc5e82b72dd2e48dddd8042dd43929020230009cc8d6035f80272e09ecd6be78
1760940149392,2025-10-20T06:02:29.392000+00:00,XPL,B,0.42342,6820.0,Open Long,0.0,1.108886,0xdc5e82b72dd2e48dddd8042dd43929020230009cc8d6035f80272e09ecd6be78
1760940149392,2025-10-20T06:02:29.392000+00:00,XPL,B,0.42342,788.0,Open Long,0.0,0.128123,0xdc5e82b72dd2e48dddd8042dd43929020230009cc8d6035f80272e09ecd6be78
1760940149392,2025-10-20T06:02:29.392000+00:00,XPL,B,0.42342,788.0,Open Long,0.0,0.128123,0xdc5e82b72dd2e48dddd8042dd43929020230009cc8d6035f80272e09ecd6be78
1760940149392,2025-10-20T06:02:29.392000+00:00,XPL,B,0.42342,788.0,Open Long,0.0,0.128123,0xdc5e82b72dd2e48dddd8042dd43929020230009cc8d6035f80272e09ecd6be78
1760940149392,2025-10-20T06:02:29.392000+00:00,XPL,B,0.42343,2363.0,Open Long,0.0,0.384216,0xdc5e82b72dd2e48dddd8042dd43929020230009cc8d6035f80272e09ecd6be78
1760940149392,2025-10-20T06:02:29.392000+00:00,XPL,B,0.42347,21219.0,Open Long,0.0,3.450474,0xdc5e82b72dd2e48dddd8042dd43929020230009cc8d6035f80272e09ecd6be78
1760940149392,2025-10-20T06:02:29.392000+00:00,XPL,B,0.42347,2363.0,Open Long,0.0,0.384253,0xdc5e82b72dd2e48dddd8042dd43929020230009cc8d6035f80272e09ecd6be78
1760940149392,2025-10-20T06:02:29.392000+00:00,XPL,B,0.42349,440.0,Open Long,0.0,0.071552,0xdc5e82b72dd2e48dddd8042dd43929020230009cc8d6035f80272e09ecd6be78
1760940149392,2025-10-20T06:02:29.392000+00:00,XPL,B,0.42349,440.0,Open Long,0.0,0.071552,0xdc5e82b72dd2e48dddd8042dd43929020230009cc8d6035f80272e09ecd6be78
1760940149392,2025-10-20T06:02:29.392000+00:00,XPL,B,0.4235,788.0,Open Long,0.0,0.128147,0xdc5e82b72dd2e48dddd8042dd43929020230009cc8d6035f80272e09ecd6be78
1760940149392,2025-10-20T06:02:29.392000+00:00,XPL,B,0.4235,440.0,Open Long,0.0,0.071554,0xdc5e82b72dd2e48dddd8042dd43929020230009cc8d6035f80272e09ecd6be78
1760940149392,2025-10-20T06:02:29.392000+00:00,XPL,B,0.4235,59009.0,Open Long,0.0,9.596279,0xdc5e82b72dd2e48dddd8042dd43929020230009cc8d6035f80272e09ecd6be78
1760940149392,2025-10-20T06:02:29.392000+00:00,XPL,B,0.4235,440.0,Open Long,0.0,0.071554,0xdc5e82b72dd2e48dddd8042dd43929020230009cc8d6035f80272e09ecd6be78
1760940149392,2025-10-20T06:02:29.392000+00:00,XPL,B,0.42351,788.0,Open Long,0.0,0.12815,0xdc5e82b72dd2e48dddd8042dd43929020230009cc8d6035f80272e09ecd6be78
1760940149392,2025-10-20T06:02:29.392000+00:00,XPL,B,0.42351,788.0,Open Long,0.0,0.12815,0xdc5e82b72dd2e48dddd8042dd43929020230009cc8d6035f80272e09ecd6be78
1760940149392,2025-10-20T06:02:29.392000+00:00,XPL,B,0.42351,2363.0,Open Long,0.0,0.384289,0xdc5e82b72dd2e48dddd8042dd43929020230009cc8d6035f80272e09ecd6be78
1760940149392,2025-10-20T06:02:29.392000+00:00,XPL,B,0.42351,440.0,Open Long,0.0,0.071556,0xdc5e82b72dd2e48dddd8042dd43929020230009cc8d6035f80272e09ecd6be78
1760940149392,2025-10-20T06:02:29.392000+00:00,XPL,B,0.42351,788.0,Open Long,0.0,0.12815,0xdc5e82b72dd2e48dddd8042dd43929020230009cc8d6035f80272e09ecd6be78
1760940149392,2025-10-20T06:02:29.392000+00:00,XPL,B,0.42351,788.0,Open Long,0.0,0.12815,0xdc5e82b72dd2e48dddd8042dd43929020230009cc8d6035f80272e09ecd6be78
1760940149392,2025-10-20T06:02:29.392000+00:00,XPL,B,0.42352,788.0,Open Long,0.0,0.128153,0xdc5e82b72dd2e48dddd8042dd43929020230009cc8d6035f80272e09ecd6be78
1760940149392,2025-10-20T06:02:29.392000+00:00,XPL,B,0.42352,788.0,Open Long,0.0,0.128153,0xdc5e82b72dd2e48dddd8042dd43929020230009cc8d6035f80272e09ecd6be78
1760940149392,2025-10-20T06:02:29.392000+00:00,XPL,B,0.42352,788.0,Open Long,0.0,0.128153,0xdc5e82b72dd2e48dddd8042dd43929020230009cc8d6035f80272e09ecd6be78
1760940149392,2025-10-20T06:02:29.392000+00:00,XPL,B,0.42352,788.0,Open Long,0.0,0.128153,0xdc5e82b72dd2e48dddd8042dd43929020230009cc8d6035f80272e09ecd6be78
1760940149392,2025-10-20T06:02:29.392000+00:00,XPL,B,0.42352,788.0,Open Long,0.0,0.128153,0xdc5e82b72dd2e48dddd8042dd43929020230009cc8d6035f80272e09ecd6be78
1760940149392,2025-10-20T06:02:29.392000+00:00,XPL,B,0.42352,788.0,Open Long,0.0,0.128153,0xdc5e82b72dd2e48dddd8042dd43929020230009cc8d6035f80272e09ecd6be78
1760940149392,2025-10-20T06:02:29.392000+00:00,XPL,B,0.42352,788.0,Open Long,0.0,0.128153,0xdc5e82b72dd2e48dddd8042dd43929020230009cc8d6035f80272e09ecd6be78
1760940149392,2025-10-20T06:02:29.392000+00:00,XPL,B,0.42352,788.0,Open Long,0.0,0.128153,0xdc5e82b72dd2e48dddd8042dd43929020230009cc8d6035f80272e09ecd6be78
1760940149392,2025-10-20T06:02:29.392000+00:00,XPL,B,0.42352,788.0,Open Long,0.0,0.128153,0xdc5e82b72dd2e48dddd8042dd43929020230009cc8d6035f80272e09ecd6be78
1760940149392,2025-10-20T06:02:29.392000+00:00,XPL,B,0.42352,788.0,Open Long,0.0,0.128153,0xdc5e82b72dd2e48dddd8042dd43929020230009cc8d6035f80272e09ecd6be78
1760940149392,2025-10-20T06:02:29.392000+00:00,XPL,B,0.42352,788.0,Open Long,0.0,0.128153,0xdc5e82b72dd2e48dddd8042dd43929020230009cc8d6035f80272e09ecd6be78
1760940149392,2025-10-20T06:02:29.392000+00:00,XPL,B,0.42352,788.0,Open Long,0.0,0.128153,0xdc5e82b72dd2e48dddd8042dd43929020230009cc8d6035f80272e09ecd6be78
1760940149392,2025-10-20T06:02:29.392000+00:00,XPL,B,0.42352,788.0,Open Long,0.0,0.128153,0xdc5e82b72dd2e48dddd8042dd43929020230009cc8d6035f80272e09ecd6be78
1760940149392,2025-10-20T06:02:29.392000+00:00,XPL,B,0.42352,788.0,Open Long,0.0,0.128153,0xdc5e82b72dd2e48dddd8042dd43929020230009cc8d6035f80272e09ecd6be78
1760940149392,2025-10-20T06:02:29.392000+00:00,XPL,B,0.42352,788.0,Open Long,0.0,0.128153,0xdc5e82b72dd2e48dddd8042dd43929020230009cc8d6035f80272e09ecd6be78
1760940149392,2025-10-20T06:02:29.392000+00:00,XPL,B,0.42353,920.0,Open Long,0.0,0.149624,0xdc5e82b72dd2e48dddd8042dd43929020230009cc8d6035f80272e09ecd6be78
1760940149392,2025-10-20T06:02:29.392000+00:00,XPL,B,0.42353,788.0,Open Long,0.0,0.128156,0xdc5e82b72dd2e48dddd8042dd43929020230009cc8d6035f80272e09ecd6be78
1760940149392,2025-10-20T06:02:29.392000+00:00,XPL,B,0.42355,788.0,Open Long,0.0,0.128162,0xdc5e82b72dd2e48dddd8042dd43929020230009cc8d6035f80272e09ecd6be78
1760940149392,2025-10-20T06:02:29.392000+00:00,XPL,B,0.42355,2363.0,Open Long,0.0,0.384325,0xdc5e82b72dd2e48dddd8042dd43929020230009cc8d6035f80272e09ecd6be78
1760940149392,2025-10-20T06:02:29.392000+00:00,XPL,B,0.42356,787.0,Open Long,0.0,0.128003,0xdc5e82b72dd2e48dddd8042dd43929020230009cc8d6035f80272e09ecd6be78
1760940149392,2025-10-20T06:02:29.392000+00:00,XPL,B,0.42356,23447.0,Open Long,0.0,3.813585,0xdc5e82b72dd2e48dddd8042dd43929020230009cc8d6035f80272e09ecd6be78
1760940149392,2025-10-20T06:02:29.392000+00:00,XPL,B,0.42356,1695.0,Open Long,0.0,0.275686,0xdc5e82b72dd2e48dddd8042dd43929020230009cc8d6035f80272e09ecd6be78
1760940877397,2025-10-20T06:14:37.397000+00:00,XPL,A,0.4248,235.0,Close Long,0.325475,0.038333,0x446ce329509bd29745e6042dd45c1e0205b3000eeb9ef169e8358e7c0f9fac81
1760940877397,2025-10-20T06:14:37.397000+00:00,XPL,A,0.42479,2469.0,Close Long,3.394875,0.402741,0x446ce329509bd29745e6042dd45c1e0205b3000eeb9ef169e8358e7c0f9fac81
1760940877397,2025-10-20T06:14:37.397000+00:00,XPL,A,0.42478,2306.0,Close Long,3.14769,0.376144,0x446ce329509bd29745e6042dd45c1e0205b3000eeb9ef169e8358e7c0f9fac81
1760940877397,2025-10-20T06:14:37.397000+00:00,XPL,A,0.42477,2353.0,Close Long,3.188315,0.383801,0x446ce329509bd29745e6042dd45c1e0205b3000eeb9ef169e8358e7c0f9fac81
1760940877397,2025-10-20T06:14:37.397000+00:00,XPL,A,0.42475,4656.0,Close Long,6.21576,0.759412,0x446ce329509bd29745e6042dd45c1e0205b3000eeb9ef169e8358e7c0f9fac81
1760940877397,2025-10-20T06:14:37.397000+00:00,XPL,A,0.42474,2354.0,Close Long,3.11905,0.383937,0x446ce329509bd29745e6042dd45c1e0205b3000eeb9ef169e8358e7c0f9fac81
1760940877397,2025-10-20T06:14:37.397000+00:00,XPL,A,0.42473,440.0,Close Long,0.5786,0.071762,0x446ce329509bd29745e6042dd45c1e0205b3000eeb9ef169e8358e7c0f9fac81
1760940877397,2025-10-20T06:14:37.397000+00:00,XPL,A,0.42472,1226.0,Close Long,1.59993,0.199951,0x446ce329509bd29745e6042dd45c1e0205b3000eeb9ef169e8358e7c0f9fac81
1760940877397,2025-10-20T06:14:37.397000+00:00,XPL,A,0.42472,440.0,Close Long,0.5742,0.07176,0x446ce329509bd29745e6042dd45c1e0205b3000eeb9ef169e8358e7c0f9fac81
1760940877397,2025-10-20T06:14:37.397000+00:00,XPL,A,0.42472,440.0,Close Long,0.5742,0.07176,0x446ce329509bd29745e6042dd45c1e0205b3000eeb9ef169e8358e7c0f9fac81
1760940877397,2025-10-20T06:14:37.397000+00:00,XPL,A,0.42472,440.0,Close Long,0.5742,0.07176,0x446ce329509bd29745e6042dd45c1e0205b3000eeb9ef169e8358e7c0f9fac81
1760940877397,2025-10-20T06:14:37.397000+00:00,XPL,A,0.42472,1449.0,Close Long,1.890945,0.236321,0x446ce329509bd29745e6042dd45c1e0205b3000eeb9ef169e8358e7c0f9fac81
1760940877397,2025-10-20T06:14:37.397000+00:00,XPL,A,0.4247,2354.0,Close Long,3.02489,0.383901,0x446ce329509bd29745e6042dd45c1e0205b3000eeb9ef169e8358e7c0f9fac81
1760940877397,2025-10-20T06:14:37.397000+00:00,XPL,A,0.4247,2354.0,Close Long,3.02489,0.383901,0x446ce329509bd29745e6042dd45c1e0205b3000eeb9ef169e8358e7c0f9fac81
1760940877397,2025-10-20T06:14:37.397000+00:00,XPL,A,0.42468,2140.0,Close Long,2.7071,0.348985,0x446ce329509bd29745e6042dd45c1e0205b3000eeb9ef169e8358e7c0f9fac81
1760940877397,2025-10-20T06:14:37.397000+00:00,XPL,A,0.42468,2322.0,Close Long,2.93733,0.378665,0x446ce329509bd29745e6042dd45c1e0205b3000eeb9ef169e8358e7c0f9fac81
1760940877397,2025-10-20T06:14:37.397000+00:00,XPL,A,0.42466,2354.0,Close Long,2.93073,0.383865,0x446ce329509bd29745e6042dd45c1e0205b3000eeb9ef169e8358e7c0f9fac81
1760940877397,2025-10-20T06:14:37.397000+00:00,XPL,A,0.42466,1840.0,Close Long,2.2908,0.300047,0x446ce329509bd29745e6042dd45c1e0205b3000eeb9ef169e8358e7c0f9fac81
1760940877397,2025-10-20T06:14:37.397000+00:00,XPL,A,0.42464,873.0,Close Long,1.069425,0.142352,0x446ce329509bd29745e6042dd45c1e0205b3000eeb9ef169e8358e7c0f9fac81
1760940877397,2025-10-20T06:14:37.397000+00:00,XPL,A,0.42464,873.0,Close Long,1.069425,0.142352,0x446ce329509bd29745e6042dd45c1e0205b3000eeb9ef169e8358e7c0f9fac81
1760940877397,2025-10-20T06:14:37.397000+00:00,XPL,A,0.42464,873.0,Close Long,1.069425,0.142352,0x446ce329509bd29745e6042dd45c1e0205b3000eeb9ef169e8358e7c0f9fac81
1760940877397,2025-10-20T06:14:37.397000+00:00,XPL,A,0.42464,873.0,Close Long,1.069425,0.142352,0x446ce329509bd29745e6042dd45c1e0205b3000eeb9ef169e8358e7c0f9fac81
1760940877397,2025-10-20T06:14:37.397000+00:00,XPL,A,0.42464,873.0,Close Long,1.069425,0.142352,0x446ce329509bd29745e6042dd45c1e0205b3000eeb9ef169e8358e7c0f9fac81
1760940877397,2025-10-20T06:14:37.397000+00:00,XPL,A,0.42464,873.0,Close Long,1.069425,0.142352,0x446ce329509bd29745e6042dd45c1e0205b3000eeb9ef169e8358e7c0f9fac81
1760940877397,2025-10-20T06:14:37.397000+00:00,XPL,A,0.42463,2354.0,Close Long,2.86011,0.383838,0x446ce329509bd29745e6042dd45c1e0205b3000eeb9ef169e8358e7c0f9fac81
1760940877397,2025-10-20T06:14:37.397000+00:00,XPL,A,0.42459,2355.0,Close Long,2.767125,0.383965,0x446ce329509bd29745e6042dd45c1e0205b3000eeb9ef169e8358e7c0f9fac81
1760940877397,2025-10-20T06:14:37.397000+00:00,XPL,A,0.42458,49931.0,Close Long,58.169615,8.140686,0x446ce329509bd29745e6042dd45c1e0205b3000eeb9ef169e8358e7c0f9fac81
1760940877397,2025-10-20T06:14:37.397000+00:00,XPL,A,0.42458,460.0,Close Long,0.5359,0.074997,0x446ce329509bd29745e6042dd45c1e0205b3000eeb9ef169e8358e7c0f9fac81
1760940877397,2025-10-20T06:14:37.397000+00:00,XPL,A,0.42457,2354.0,Close Long,2.71887,0.383784,0x446ce329509bd29745e6042dd45c1e0205b3000eeb9ef169e8358e7c0f9fac81
1760940877397,2025-10-20T06:14:37.397000+00:00,XPL,A,0.42457,460.0,Close Long,0.5313,0.074996,0x446ce329509bd29745e6042dd45c1e0205b3000eeb9ef169e8358e7c0f9fac81
1760940877397,2025-10-20T06:14:37.397000+00:00,XPL,A,0.42457,460.0,Close Long,0.5313,0.074996,0x446ce329509bd29745e6042dd45c1e0205b3000eeb9ef169e8358e7c0f9fac81
1760940877397,2025-10-20T06:14:37.397000+00:00,XPL,A,0.42457,460.0,Close Long,0.5313,0.074996,0x446ce329509bd29745e6042dd45c1e0205b3000eeb9ef169e8358e7c0f9fac81
1760940877397,2025-10-20T06:14:37.397000+00:00,XPL,A,0.42455,21219.0,Close Long,24.083565,3.459274,0x446ce329509bd29745e6042dd45c1e0205b3000eeb9ef169e8358e7c0f9fac81
1760940877397,2025-10-20T06:14:37.397000+00:00,XPL,A,0.42454,2355.0,Close Long,2.649375,0.38392,0x446ce329509bd29745e6042dd45c1e0205b3000eeb9ef169e8358e7c0f9fac81
1760940877397,2025-10-20T06:14:37.397000+00:00,XPL,A,0.42454,873.0,Close Long,0.982125,0.142319,0x446ce329509bd29745e6042dd45c1e0205b3000eeb9ef169e8358e7c0f9fac81
1760940877397,2025-10-20T06:14:37.397000+00:00,XPL,A,0.42454,873.0,Close Long,0.982125,0.142319,0x446ce329509bd29745e6042dd45c1e0205b3000eeb9ef169e8358e7c0f9fac81
1760940877397,2025-10-20T06:14:37.397000+00:00,XPL,A,0.42454,873.0,Close Long,0.982125,0.142319,0x446ce329509bd29745e6042dd45c1e0205b3000eeb9ef169e8358e7c0f9fac81
1760940877397,2025-10-20T06:14:37.397000+00:00,XPL,A,0.42454,873.0,Close Long,0.982125,0.142319,0x446ce329509bd29745e6042dd45c1e0205b3000eeb9ef169e8358e7c0f9fac81
1760940877397,2025-10-20T06:14:37.397000+00:00,XPL,A,0.42454,873.0,Close Long,0.982125,0.142319,0x446ce329509bd29745e6042dd45c1e0205b3000eeb9ef169e8358e7c0f9fac81
1760940877397,2025-10-20T06:14:37.397000+00:00,XPL,A,0.42454,873.0,Close Long,0.982125,0.142319,0x446ce329509bd29745e6042dd45c1e0205b3000eeb9ef169e8358e7c0f9fac81
1760940877397,2025-10-20T06:14:37.397000+00:00,XPL,A,0.42454,873.0,Close Long,0.982125,0.142319,0x446ce329509bd29745e6042dd45c1e0205b3000eeb9ef169e8358e7c0f9fac81
1760940877397,2025-10-20T06:14:37.397000+00:00,XPL,A,0.42454,873.0,Close Long,0.982125,0.142319,0x446ce329509bd29745e6042dd45c1e0205b3000eeb9ef169e8358e7c0f9fac81
1760940877397,2025-10-20T06:14:37.397000+00:00,XPL,A,0.42454,873.0,Close Long,0.982125,0.142319,0x446ce329509bd29745e6042dd45c1e0205b3000eeb9ef169e8358e7c0f9fac81
1760940877397,2025-10-20T06:14:37.397000+00:00,XPL,A,0.42454,873.0,Close Long,0.982125,0.142319,0x446ce329509bd29745e6042dd45c1e0205b3000eeb9ef169e8358e7c0f9fac81
1760940877397,2025-10-20T06:14:37.397000+00:00,XPL,A,0.42454,873.0,Close Long,0.982125,0.142319,0x446ce329509bd29745e6042dd45c1e0205b3000eeb9ef169e8358e7c0f9fac81
1760940877397,2025-10-20T06:14:37.397000+00:00,XPL,A,0.42454,873.0,Close Long,0.982125,0.142319,0x446ce329509bd29745e6042dd45c1e0205b3000eeb9ef169e8358e7c0f9fac81
1760940877397,2025-10-20T06:14:37.397000+00:00,XPL,A,0.42454,873.0,Close Long,0.982125,0.142319,0x446ce329509bd29745e6042dd45c1e0205b3000eeb9ef169e8358e7c0f9fac81
1760940877397,2025-10-20T06:14:37.397000+00:00,XPL,A,0.42454,873.0,Close Long,0.982125,0.142319,0x446ce329509bd29745e6042dd45c1e0205b3000eeb9ef169e8358e7c0f9fac81
1760940877397,2025-10-20T06:14:37.397000+00:00,XPL,A,0.42454,873.0,Close Long,0.982125,0.142319,0x446ce329509bd29745e6042dd45c1e0205b3000eeb9ef169e8358e7c0f9fac81
1760940877397,2025-10-20T06:14:37.397000+00:00,XPL,A,0.42454,873.0,Close Long,0.982125,0.142319,0x446ce329509bd29745e6042dd45c1e0205b3000eeb9ef169e8358e7c0f9fac81
1760940877397,2025-10-20T06:14:37.397000+00:00,XPL,A,0.42454,873.0,Close Long,0.982125,0.142319,0x446ce329509bd29745e6042dd45c1e0205b3000eeb9ef169e8358e7c0f9fac81
1760940877397,2025-10-20T06:14:37.397000+00:00,XPL,A,0.42454,873.0,Close Long,0.982125,0.142319,0x446ce329509bd29745e6042dd45c1e0205b3000eeb9ef169e8358e7c0f9fac81
1760940877397,2025-10-20T06:14:37.397000+00:00,XPL,A,0.42454,873.0,Close Long,0.982125,0.142319,0x446ce329509bd29745e6042dd45c1e0205b3000eeb9ef169e8358e7c0f9fac81
1760940877397,2025-10-20T06:14:37.397000+00:00,XPL,A,0.42454,873.0,Close Long,0.982125,0.142319,0x446ce329509bd29745e6042dd45c1e0205b3000eeb9ef169e8358e7c0f9fac81
1760940877397,2025-10-20T06:14:37.397000+00:00,XPL,A,0.42454,873.0,Close Long,0.982125,0.142319,0x446ce329509bd29745e6042dd45c1e0205b3000eeb9ef169e8358e7c0f9fac81
1760940877397,2025-10-20T06:14:37.397000+00:00,XPL,A,0.42453,873.0,Close Long,0.973395,0.142316,0x446ce329509bd29745e6042dd45c1e0205b3000eeb9ef169e8358e7c0f9fac81
1760940877397,2025-10-20T06:14:37.397000+00:00,XPL,A,0.42453,873.0,Close Long,0.973395,0.142316,0x446ce329509bd29745e6042dd45c1e0205b3000eeb9ef169e8358e7c0f9fac81
1760940877397,2025-10-20T06:14:37.397000+00:00,XPL,A,0.42453,873.0,Close Long,0.973395,0.142316,0x446ce329509bd29745e6042dd45c1e0205b3000eeb9ef169e8358e7c0f9fac81
1760940877397,2025-10-20T06:14:37.397000+00:00,XPL,A,0.42452,2353.0,Close Long,2.600065,0.383575,0x446ce329509bd29745e6042dd45c1e0205b3000eeb9ef169e8358e7c0f9fac81
1760940877397,2025-10-20T06:14:37.397000+00:00,XPL,A,0.42451,873.0,Close Long,0.955935,0.142309,0x446ce329509bd29745e6042dd45c1e0205b3000eeb9ef169e8358e7c0f9fac81
1760940877397,2025-10-20T06:14:37.397000+00:00,XPL,A,0.42451,873.0,Close Long,0.955935,0.142309,0x446ce329509bd29745e6042dd45c1e0205b3000eeb9ef169e8358e7c0f9fac81
1760940877397,2025-10-20T06:14:37.397000+00:00,XPL,A,0.42451,873.0,Close Long,0.955935,0.142309,0x446ce329509bd29745e6042dd45c1e0205b3000eeb9ef169e8358e7c0f9fac81
1760940877397,2025-10-20T06:14:37.397000+00:00,XPL,A,0.42451,873.0,Close Long,0.955935,0.142309,0x446ce329509bd29745e6042dd45c1e0205b3000eeb9ef169e8358e7c0f9fac81
1760940877397,2025-10-20T06:14:37.397000+00:00,XPL,A,0.42451,873.0,Close Long,0.955935,0.142309,0x446ce329509bd29745e6042dd45c1e0205b3000eeb9ef169e8358e7c0f9fac81
1760940877397,2025-10-20T06:14:37.397000+00:00,XPL,A,0.42451,873.0,Close Long,0.955935,0.142309,0x446ce329509bd29745e6042dd45c1e0205b3000eeb9ef169e8358e7c0f9fac81
1760940877397,2025-10-20T06:14:37.397000+00:00,XPL,A,0.42451,873.0,Close Long,0.955935,0.142309,0x446ce329509bd29745e6042dd45c1e0205b3000eeb9ef169e8358e7c0f9fac81
1760940877397,2025-10-20T06:14:37.397000+00:00,XPL,A,0.42451,873.0,Close Long,0.955935,0.142309,0x446ce329509bd29745e6042dd45c1e0205b3000eeb9ef169e8358e7c0f9fac81
1760940877397,2025-10-20T06:14:37.397000+00:00,XPL,A,0.42451,873.0,Close Long,0.955935,0.142309,0x446ce329509bd29745e6042dd45c1e0205b3000eeb9ef169e8358e7c0f9fac81
1760940877397,2025-10-20T06:14:37.397000+00:00,XPL,A,0.42451,873.0,Close Long,0.955935,0.142309,0x446ce329509bd29745e6042dd45c1e0205b3000eeb9ef169e8358e7c0f9fac81
1760940877397,2025-10-20T06:14:37.397000+00:00,XPL,A,0.42451,873.0,Close Long,0.955935,0.142309,0x446ce329509bd29745e6042dd45c1e0205b3000eeb9ef169e8358e7c0f9fac81
1760940877397,2025-10-20T06:14:37.397000+00:00,XPL,A,0.42451,873.0,Close Long,0.955935,0.142309,0x446ce329509bd29745e6042dd45c1e0205b3000eeb9ef169e8358e7c0f9fac81
1760940877397,2025-10-20T06:14:37.397000+00:00,XPL,A,0.42451,873.0,Close Long,0.955935,0.142309,0x446ce329509bd29745e6042dd45c1e0205b3000eeb9ef169e8358e7c0f9fac81
1760940877397,2025-10-20T06:14:37.397000+00:00,XPL,A,0.42451,873.0,Close Long,0.955935,0.142309,0x446ce329509bd29745e6042dd45c1e0205b3000eeb9ef169e8358e7c0f9fac81
1760940877397,2025-10-20T06:14:37.397000+00:00,XPL,A,0.42451,873.0,Close Long,0.955935,0.142309,0x446ce329509bd29745e6042dd45c1e0205b3000eeb9ef169e8358e7c0f9fac81
1760940877397,2025-10-20T06:14:37.397000+00:00,XPL,A,0.42451,873.0,Close Long,0.955935,0.142309,0x446ce329509bd29745e6042dd45c1e0205b3000eeb9ef169e8358e7c0f9fac81
1760940877397,2025-10-20T06:14:37.397000+00:00,XPL,A,0.42451,873.0,Close Long,0.955935,0.142309,0x446ce329509bd29745e6042dd45c1e0205b3000eeb9ef169e8358e7c0f9fac81
1760940877397,2025-10-20T06:14:37.397000+00:00,XPL,A,0.42451,6803.0,Close Long,7.449285,1.108969,0x446ce329509bd29745e6042dd45c1e0205b3000eeb9ef169e8358e7c0f9fac81
1760940877397,2025-10-20T06:14:37.397000+00:00,XPL,A,0.4245,917.0,Close Long,0.994945,0.149478,0x446ce329509bd29745e6042dd45c1e0205b3000eeb9ef169e8358e7c0f9fac81
1760940877397,2025-10-20T06:14:37.397000+00:00,XPL,A,0.4245,917.0,Close Long,0.994945,0.149478,0x446ce329509bd29745e6042dd45c1e0205b3000eeb9ef169e8358e7c0f9fac81
1760940877397,2025-10-20T06:14:37.397000+00:00,XPL,A,0.42449,2355.0,Close Long,2.531625,0.383874,0x446ce329509bd29745e6042dd45c1e0205b3000eeb9ef169e8358e7c0f9fac81
1760940877397,2025-10-20T06:14:37.397000+00:00,XPL,A,0.42449,917.0,Close Long,0.985775,0.149474,0x446ce329509bd29745e6042dd45c1e0205b3000eeb9ef169e8358e7c0f9fac81
1760940877397,2025-10-20T06:14:37.397000+00:00,XPL,A,0.42449,917.0,Close Long,0.985775,0.149474,0x446ce329509bd29745e6042dd45c1e0205b3000eeb9ef169e8358e7c0f9fac81
1760940877397,2025-10-20T06:14:37.397000+00:00,XPL,A,0.42449,917.0,Close Long,0.985775,0.149474,0x446ce329509bd29745e6042dd45c1e0205b3000eeb9ef169e8358e7c0f9fac81
1760940877397,2025-10-20T06:14:37.397000+00:00,XPL,A,0.42449,880.0,Close Long,0.946,0.143443,0x446ce329509bd29745e6042dd45c1e0205b3000eeb9ef169e8358e7c0f9fac81
1760940877397,2025-10-20T06:14:37.397000+00:00,XPL,A,0.42448,5000.0,Close Long,5.325,0.815001,0x446ce329509bd29745e6042dd45c1e0205b3000eeb9ef169e8358e7c0f9fac81
1760940877397,2025-10-20T06:14:37.397000+00:00,XPL,A,0.42447,38121.0,Close Long,40.217655,6.213588,0x446ce329509bd29745e6042dd45c1e0205b3000eeb9ef169e8358e7c0f9fac81
1760940877397,2025-10-20T06:14:37.397000+00:00,XPL,A,0.42445,2355.0,Close Long,2.437425,0.383838,0x446ce329509bd29745e6042dd45c1e0205b3000eeb9ef169e8358e7c0f9fac81
1760940877397,2025-10-20T06:14:37.397000+00:00,XPL,A,0.42444,2638.0,Close Long,2.70395,0.429954,0x446ce329509bd29745e6042dd45c1e0205b3000eeb9ef169e8358e7c0f9fac81
1760940877397,2025-10-20T06:14:37.397000+00:00,XPL,A,0.42444,1574.0,Close Long,1.61335,0.256538,0x446ce329509bd29745e6042dd45c1e0205b3000eeb9ef169e8358e7c0f9fac81
1760940877397,2025-10-20T06:14:37.397000+00:00,XPL,A,0.42444,49948.0,Close Long,51.1967,8.140772,0x446ce329509bd29745e6042dd45c1e0205b3000eeb9ef169e8358e7c0f9fac81
1760940877397,2025-10-20T06:14:37.397000+00:00,XPL,A,0.42443,3630.0,Close Long,3.68445,0.591621,0x446ce329509bd29745e6042dd45c1e0205b3000eeb9ef169e8358e7c0f9fac81
1760940877397,2025-10-20T06:14:37.397000+00:00,XPL,A,0.42442,9965.0,Close Long,10.014825,1.624068,0x446ce329509bd29745e6042dd45c1e0205b3000eeb9ef169e8358e7c0f9fac81
1760941802894,2025-10-20T06:30:02.894000+00:00,BTC,A,111024.0,0.225,Open Short,0.0,9.592473,0x0e4ba00e240581970fc5042dd489a00205f800f3bf08a069b2144b60e3095b81
1760941802894,2025-10-20T06:30:02.894000+00:00,BTC,A,111024.0,0.1133,Open Short,0.0,4.830343,0x0e4ba00e240581970fc5042dd489a00205f800f3bf08a069b2144b60e3095b81
1760941802894,2025-10-20T06:30:02.894000+00:00,BTC,A,111024.0,0.03536,Open Short,0.0,1.50751,0x0e4ba00e240581970fc5042dd489a00205f800f3bf08a069b2144b60e3095b81
1760941802894,2025-10-20T06:30:02.894000+00:00,BTC,A,111024.0,0.07082,Open Short,0.0,3.019284,0x0e4ba00e240581970fc5042dd489a00205f800f3bf08a069b2144b60e3095b81
1760941802894,2025-10-20T06:30:02.894000+00:00,BTC,A,111024.0,0.727,Open Short,0.0,30.994348,0x0e4ba00e240581970fc5042dd489a00205f800f3bf08a069b2144b60e3095b81
1760941802894,2025-10-20T06:30:02.894000+00:00,BTC,A,111024.0,0.0045,Open Short,0.0,0.191849,0x0e4ba00e240581970fc5042dd489a00205f800f3bf08a069b2144b60e3095b81
1760941802894,2025-10-20T06:30:02.894000+00:00,BTC,A,111024.0,0.00011,Open Short,0.0,0.004689,0x0e4ba00e240581970fc5042dd489a00205f800f3bf08a069b2144b60e3095b81
1760941802894,2025-10-20T06:30:02.894000+00:00,BTC,A,111024.0,0.12798,Open Short,0.0,5.456198,0x0e4ba00e240581970fc5042dd489a00205f800f3bf08a069b2144b60e3095b81
1760941802894,2025-10-20T06:30:02.894000+00:00,BTC,A,111024.0,0.001,Open Short,0.0,0.042633,0x0e4ba00e240581970fc5042dd489a00205f800f3bf08a069b2144b60e3095b81
1760941802894,2025-10-20T06:30:02.894000+00:00,BTC,A,111024.0,0.54018,Open Short,0.0,23.02961,0x0e4ba00e240581970fc5042dd489a00205f800f3bf08a069b2144b60e3095b81
1760941802894,2025-10-20T06:30:02.894000+00:00,BTC,A,111024.0,0.68022,Open Short,0.0,28.999966,0x0e4ba00e240581970fc5042dd489a00205f800f3bf08a069b2144b60e3095b81
1760941802894,2025-10-20T06:30:02.894000+00:00,BTC,A,111024.0,0.767,Open Short,0.0,32.699676,0x0e4ba00e240581970fc5042dd489a00205f800f3bf08a069b2144b60e3095b81
1760941802894,2025-10-20T06:30:02.894000+00:00,BTC,A,111024.0,1.06663,Open Short,0.0,45.473867,0x0e4ba00e240581970fc5042dd489a00205f800f3bf08a069b2144b60e3095b81
1760948811242,2025-10-20T08:26:51.242000+00:00,BTC,A,111081.0,0.21105,Open Short,0.0,9.002359,0xcc4a8eb5a6dbfc22cdc4042dd5e23b020366009b41df1af470133a0865dfd60d
1760948811242,2025-10-20T08:26:51.242000+00:00,BTC,A,111081.0,0.125,Open Short,0.0,5.331888,0xcc4a8eb5a6dbfc22cdc4042dd5e23b020366009b41df1af470133a0865dfd60d
1760948811242,2025-10-20T08:26:51.242000+00:00,BTC,A,111081.0,0.10239,Open Short,0.0,4.367456,0xcc4a8eb5a6dbfc22cdc4042dd5e23b020366009b41df1af470133a0865dfd60d
1760948811242,2025-10-20T08:26:51.242000+00:00,BTC,A,111081.0,0.125,Open Short,0.0,5.331888,0xcc4a8eb5a6dbfc22cdc4042dd5e23b020366009b41df1af470133a0865dfd60d
1760948811242,2025-10-20T08:26:51.242000+00:00,BTC,A,111081.0,0.12225,Open Short,0.0,5.214586,0xcc4a8eb5a6dbfc22cdc4042dd5e23b020366009b41df1af470133a0865dfd60d
1760948811242,2025-10-20T08:26:51.242000+00:00,BTC,A,111081.0,0.0348,Open Short,0.0,1.484397,0xcc4a8eb5a6dbfc22cdc4042dd5e23b020366009b41df1af470133a0865dfd60d
1760948811242,2025-10-20T08:26:51.242000+00:00,BTC,A,111081.0,0.4698,Open Short,0.0,20.039367,0xcc4a8eb5a6dbfc22cdc4042dd5e23b020366009b41df1af470133a0865dfd60d
1760948811242,2025-10-20T08:26:51.242000+00:00,BTC,A,111081.0,0.11191,Open Short,0.0,4.773532,0xcc4a8eb5a6dbfc22cdc4042dd5e23b020366009b41df1af470133a0865dfd60d
1760952176231,2025-10-20T09:22:56.231000+00:00,BTC,B,110775.0,0.0001,Close Short,0.02621,0.004253,0xfcdf9a6ca36d2d15fe59042dd688050202a500523e604be8a0a845bf62610700
1760952176231,2025-10-20T09:22:56.231000+00:00,BTC,B,110777.0,0.00014,Close Short,0.036414,0.005955,0xfcdf9a6ca36d2d15fe59042dd688050202a500523e604be8a0a845bf62610700
1760952176231,2025-10-20T09:22:56.231000+00:00,BTC,B,110780.0,0.00221,Close Short,0.568191,0.094012,0xfcdf9a6ca36d2d15fe59042dd688050202a500523e604be8a0a845bf62610700
1760952176231,2025-10-20T09:22:56.231000+00:00,BTC,B,110780.0,0.0027,Close Short,0.69417,0.114856,0xfcdf9a6ca36d2d15fe59042dd688050202a500523e604be8a0a845bf62610700
1760952176231,2025-10-20T09:22:56.231000+00:00,BTC,B,110781.0,0.13534,Close Short,34.660574,5.75735,0xfcdf9a6ca36d2d15fe59042dd688050202a500523e604be8a0a845bf62610700
1760952176231,2025-10-20T09:22:56.231000+00:00,BTC,B,110782.0,0.00014,Close Short,0.035714,0.005955,0xfcdf9a6ca36d2d15fe59042dd688050202a500523e604be8a0a845bf62610700
1760952176231,2025-10-20T09:22:56.231000+00:00,BTC,B,110782.0,0.71097,Close Short,181.368447,30.244868,0xfcdf9a6ca36d2d15fe59042dd688050202a500523e604be8a0a845bf62610700
1760952176231,2025-10-20T09:22:56.231000+00:00,BTC,B,110783.0,0.03315,Close Short,8.423415,1.410223,0xfcdf9a6ca36d2d15fe59042dd688050202a500523e604be8a0a845bf62610700
1760952176231,2025-10-20T09:22:56.231000+00:00,BTC,B,110783.0,0.03464,Close Short,8.802024,1.473608,0xfcdf9a6ca36d2d15fe59042dd688050202a500523e604be8a0a845bf62610700
1760952176231,2025-10-20T09:22:56.231000+00:00,BTC,B,110784.0,0.03599,Close Short,9.109069,1.531052,0xfcdf9a6ca36d2d15fe59042dd688050202a500523e604be8a0a845bf62610700
1760952176231,2025-10-20T09:22:56.231000+00:00,BTC,B,110785.0,0.00018,Close Short,0.045378,0.007657,0xfcdf9a6ca36d2d15fe59042dd688050202a500523e604be8a0a845bf62610700
1760952176231,2025-10-20T09:22:56.231000+00:00,BTC,B,110785.0,0.00052,Close Short,0.131092,0.022121,0xfcdf9a6ca36d2d15fe59042dd688050202a500523e604be8a0a845bf62610700
1760952176231,2025-10-20T09:22:56.231000+00:00,BTC,B,110785.0,1.0681,Close Short,269.26801,45.438512,0xfcdf9a6ca36d2d15fe59042dd688050202a500523e604be8a0a845bf62610700
1760952176231,2025-10-20T09:22:56.231000+00:00,BTC,B,110786.0,0.00014,Close Short,0.035154,0.005955,0xfcdf9a6ca36d2d15fe59042dd688050202a500523e604be8a0a845bf62610700
1760952176231,2025-10-20T09:22:56.231000+00:00,BTC,B,110786.0,0.04513,Close Short,11.332143,1.919912,0xfcdf9a6ca36d2d15fe59042dd688050202a500523e604be8a0a845bf62610700
1760952176231,2025-10-20T09:22:56.231000+00:00,BTC,B,110787.0,0.0181,Close Short,4.52681,0.770013,0xfcdf9a6ca36d2d15fe59042dd688050202a500523e604be8a0a845bf62610700
1760952176231,2025-10-20T09:22:56.231000+00:00,BTC,B,110787.0,0.58616,Close Short,146.598616,24.93654,0xfcdf9a6ca36d2d15fe59042dd688050202a500523e604be8a0a845bf62610700
1760952176231,2025-10-20T09:22:56.231000+00:00,BTC,B,110788.0,2.0,Close Short,498.2,85.085184,0xfcdf9a6ca36d2d15fe59042dd688050202a500523e604be8a0a845bf62610700
1760952176231,2025-10-20T09:22:56.231000+00:00,BTC,B,110788.0,0.04513,Close Short,11.241883,1.919947,0xfcdf9a6ca36d2d15fe59042dd688050202a500523e604be8a0a845bf62610700
1760952176231,2025-10-20T09:22:56.231000+00:00,BTC,B,110788.0,0.31581,Close Short,78.668271,13.435375,0xfcdf9a6ca36d2d15fe59042dd688050202a500523e604be8a0a845bf62610700
1760952176231,2025-10-20T09:22:56.231000+00:00,BTC,B,110789.0,0.62665,Close Short,155.471865,26.659555,0xfcdf9a6ca36d2d15fe59042dd688050202a500523e604be8a0a845bf62610700
1760952320055,2025-10-20T09:25:20.055000+00:00,BTC,A,110814.0,0.10666,Open Short,0.0,4.538657,0x769ed3e5565996707818042dd68edf0202ea00caf15cb5421a677f38155d705b
1760952320055,2025-10-20T09:25:20.055000+00:00,BTC,A,110814.0,0.04852,Open Short,0.0,2.06465,0x769ed3e5565996707818042dd68edf0202ea00caf15cb5421a677f38155d705b
1760952320055,2025-10-20T09:25:20.055000+00:00,BTC,A,110814.0,0.05129,Open Short,0.0,2.182521,0x769ed3e5565996707818042dd68edf0202ea00caf15cb5421a677f38155d705b
1760952320055,2025-10-20T09:25:20.055000+00:00,BTC,A,110814.0,0.134,Open Short,0.0,5.702045,0x769ed3e5565996707818042dd68edf0202ea00caf15cb5421a677f38155d705b
1760952320055,2025-10-20T09:25:20.055000+00:00,BTC,A,110814.0,0.018,Open Short,0.0,0.765946,0x769ed3e5565996707818042dd68edf0202ea00caf15cb5421a677f38155d705b
1760952320055,2025-10-20T09:25:20.055000+00:00,BTC,A,110814.0,0.05263,Open Short,0.0,2.239542,0x769ed3e5565996707818042dd68edf0202ea00caf15cb5421a677f38155d705b
1760952320055,2025-10-20T09:25:20.055000+00:00,BTC,A,110814.0,0.08176,Open Short,0.0,3.479098,0x769ed3e5565996707818042dd68edf0202ea00caf15cb5421a677f38155d705b
1760952320055,2025-10-20T09:25:20.055000+00:00,BTC,A,110814.0,0.00933,Open Short,0.0,0.397015,0x769ed3e5565996707818042dd68edf0202ea00caf15cb5421a677f38155d705b
1760952320055,2025-10-20T09:25:20.055000+00:00,BTC,A,110812.0,0.90205,Open Short,0.0,38.383858,0x769ed3e5565996707818042dd68edf0202ea00caf15cb5421a677f38155d705b
1760952320055,2025-10-20T09:25:20.055000+00:00,BTC,A,110809.0,1.3531,Open Short,0.0,57.575292,0x769ed3e5565996707818042dd68edf0202ea00caf15cb5421a677f38155d705b
1760952320055,2025-10-20T09:25:20.055000+00:00,BTC,A,110807.0,1.35313,Open Short,0.0,57.575529,0x769ed3e5565996707818042dd68edf0202ea00caf15cb5421a677f38155d705b
1760952320055,2025-10-20T09:25:20.055000+00:00,BTC,A,110806.0,0.00902,Open Short,0.0,0.383796,0x769ed3e5565996707818042dd68edf0202ea00caf15cb5421a677f38155d705b
1760952320055,2025-10-20T09:25:20.055000+00:00,BTC,A,110806.0,0.00902,Open Short,0.0,0.383796,0x769ed3e5565996707818042dd68edf0202ea00caf15cb5421a677f38155d705b
1760952320055,2025-10-20T09:25:20.055000+00:00,BTC,A,110806.0,0.25688,Open Short,0.0,10.930116,0x769ed3e5565996707818042dd68edf0202ea00caf15cb5421a677f38155d705b
1760966363463,2025-10-20T13:19:23.463000+00:00,BTC,B,110650.0,0.08928,Close Short,14.222304,3.793471,0x8bc22d71aa5a643a8d3b042dd93cb30202060057455d830c2f8ad8c4695e3e25
1760966363463,2025-10-20T13:19:23.463000+00:00,BTC,B,110650.0,0.00011,Close Short,0.017523,0.004673,0x8bc22d71aa5a643a8d3b042dd93cb30202060057455d830c2f8ad8c4695e3e25
1760966363463,2025-10-20T13:19:23.463000+00:00,BTC,B,110651.0,0.00014,Close Short,0.022162,0.005948,0x8bc22d71aa5a643a8d3b042dd93cb30202060057455d830c2f8ad8c4695e3e25
1760966363463,2025-10-20T13:19:23.463000+00:00,BTC,B,110651.0,0.00011,Close Short,0.017413,0.004673,0x8bc22d71aa5a643a8d3b042dd93cb30202060057455d830c2f8ad8c4695e3e25
1760966363463,2025-10-20T13:19:23.463000+00:00,BTC,B,110652.0,0.00011,Close Short,0.017303,0.004673,0x8bc22d71aa5a643a8d3b042dd93cb30202060057455d830c2f8ad8c4695e3e25
1760966363463,2025-10-20T13:19:23.463000+00:00,BTC,B,110653.0,0.00413,Close Short,0.645519,0.175486,0x8bc22d71aa5a643a8d3b042dd93cb30202060057455d830c2f8ad8c4695e3e25
1760966363463,2025-10-20T13:19:23.463000+00:00,BTC,B,110653.0,0.00011,Close Short,0.017193,0.004673,0x8bc22d71aa5a643a8d3b042dd93cb30202060057455d830c2f8ad8c4695e3e25
1760966363463,2025-10-20T13:19:23.463000+00:00,BTC,B,110654.0,0.00011,Close Short,0.017083,0.004674,0x8bc22d71aa5a643a8d3b042dd93cb30202060057455d830c2f8ad8c4695e3e25
1760966363463,2025-10-20T13:19:23.463000+00:00,BTC,B,110655.0,0.00014,Close Short,0.021602,0.005948,0x8bc22d71aa5a643a8d3b042dd93cb30202060057455d830c2f8ad8c4695e3e25
1760966363463,2025-10-20T13:19:23.463000+00:00,BTC,B,110655.0,0.00011,Close Short,0.016973,0.004674,0x8bc22d71aa5a643a8d3b042dd93cb30202060057455d830c2f8ad8c4695e3e25
1760966363463,2025-10-20T13:19:23.463000+00:00,BTC,B,110656.0,0.00011,Close Short,0.016863,0.004674,0x8bc22d71aa5a643a8d3b042dd93cb30202060057455d830c2f8ad8c4695e3e25
1760966363463,2025-10-20T13:19:23.463000+00:00,BTC,B,110657.0,0.00011,Close Short,0.016753,0.004674,0x8bc22d71aa5a643a8d3b042dd93cb30202060057455d830c2f8ad8c4695e3e25
1760966363463,2025-10-20T13:19:23.463000+00:00,BTC,B,110658.0,0.00011,Close Short,0.016643,0.004674,0x8bc22d71aa5a643a8d3b042dd93cb30202060057455d830c2f8ad8c4695e3e25
1760966363463,2025-10-20T13:19:23.463000+00:00,BTC,B,110658.0,0.22612,Close Short,34.211956,9.608442,0x8bc22d71aa5a643a8d3b042dd93cb30202060057455d830c2f8ad8c4695e3e25
1760966363463,2025-10-20T13:19:23.463000+00:00,BTC,B,110659.0,0.00014,Close Short,0.021042,0.005949,0x8bc22d71aa5a643a8d3b042dd93cb30202060057455d830c2f8ad8c4695e3e25
1760966363463,2025-10-20T13:19:23.463000+00:00,BTC,B,110659.0,0.00011,Close Short,0.016533,0.004674,0x8bc22d71aa5a643a8d3b042dd93cb30202060057455d830c2f8ad8c4695e3e25
1760966363463,2025-10-20T13:19:23.463000+00:00,BTC,B,110659.0,0.13551,Close Short,20.367153,5.758234,0x8bc22d71aa5a643a8d3b042dd93cb30202060057455d830c2f8ad8c4695e3e25
1760966363463,2025-10-20T13:19:23.463000+00:00,BTC,B,110660.0,0.00018,Close Short,0.026874,0.007648,0x8bc22d71aa5a643a8d3b042dd93cb30202060057455d830c2f8ad8c4695e3e25
1760966363463,2025-10-20T13:19:23.463000+00:00,BTC,B,110660.0,0.00011,Close Short,0.016423,0.004674,0x8bc22d71aa5a643a8d3b042dd93cb30202060057455d830c2f8ad8c4695e3e25
1760966363463,2025-10-20T13:19:23.463000+00:00,BTC,B,110660.0,0.03599,Close Short,5.373307,1.529338,0x8bc22d71aa5a643a8d3b042dd93cb30202060057455d830c2f8ad8c4695e3e25
1760966363463,2025-10-20T13:19:23.463000+00:00,BTC,B,110661.0,0.0001,Close Short,0.01483,0.004249,0x8bc22d71aa5a643a8d3b042dd93cb30202060057455d830c2f8ad8c4695e3e25
1760966363463,2025-10-20T13:19:23.463000+00:00,BTC,B,110661.0,0.00011,Close Short,0.016313,0.004674,0x8bc22d71aa5a643a8d3b042dd93cb30202060057455d830c2f8ad8c4695e3e25
1760966363463,2025-10-20T13:19:23.463000+00:00,BTC,B,110662.0,0.00011,Close Short,0.016203,0.004674,0x8bc22d71aa5a643a8d3b042dd93cb30202060057455d830c2f8ad8c4695e3e25
1760966363463,2025-10-20T13:19:23.463000+00:00,BTC,B,110662.0,0.22612,Close Short,33.307476,9.60879,0x8bc22d71aa5a643a8d3b042dd93cb30202060057455d830c2f8ad8c4695e3e25
1760966363463,2025-10-20T13:19:23.463000+00:00,BTC,B,110663.0,0.00011,Close Short,0.016093,0.004674,0x8bc22d71aa5a643a8d3b042dd93cb30202060057455d830c2f8ad8c4695e3e25
1760966363463,2025-10-20T13:19:23.463000+00:00,BTC,B,110664.0,0.00014,Close Short,0.020342,0.005949,0x8bc22d71aa5a643a8d3b042dd93cb30202060057455d830c2f8ad8c4695e3e25
1760966363463,2025-10-20T13:19:23.463000+00:00,BTC,B,110664.0,0.00018,Close Short,0.026154,0.007649,0x8bc22d71aa5a643a8d3b042dd93cb30202060057455d830c2f8ad8c4695e3e25
1760966363463,2025-10-20T13:19:23.463000+00:00,BTC,B,110664.0,0.00011,Close Short,0.015983,0.004674,0x8bc22d71aa5a643a8d3b042dd93cb30202060057455d830c2f8ad8c4695e3e25
1760966363463,2025-10-20T13:19:23.463000+00:00,BTC,B,110664.0,0.90337,Close Short,131.259661,38.388686,0x8bc22d71aa5a643a8d3b042dd93cb30202060057455d830c2f8ad8c4695e3e25
1760966363463,2025-10-20T13:19:23.463000+00:00,BTC,B,110665.0,0.00011,Close Short,0.015873,0.004674,0x8bc22d71aa5a643a8d3b042dd93cb30202060057455d830c2f8ad8c4695e3e25
1760966363463,2025-10-20T13:19:23.463000+00:00,BTC,B,110665.0,0.00452,Close Short,0.652236,0.192079,0x8bc22d71aa5a643a8d3b042dd93cb30202060057455d830c2f8ad8c4695e3e25
1760966363463,2025-10-20T13:19:23.463000+00:00,BTC,B,110666.0,0.00245,Close Short,0.351085,0.104114,0x8bc22d71aa5a643a8d3b042dd93cb30202060057455d830c2f8ad8c4695e3e25
1760966363463,2025-10-20T13:19:23.463000+00:00,BTC,B,110666.0,0.00011,Close Short,0.015763,0.004674,0x8bc22d71aa5a643a8d3b042dd93cb30202060057455d830c2f8ad8c4695e3e25
1760966363463,2025-10-20T13:19:23.463000+00:00,BTC,B,110666.0,1.35502,Close Short,194.174366,57.582583,0x8bc22d71aa5a643a8d3b042dd93cb30202060057455d830c2f8ad8c4695e3e25
1760966363463,2025-10-20T13:19:23.463000+00:00,BTC,B,110666.0,1.35503,Close Short,194.175799,57.583007,0x8bc22d71aa5a643a8d3b042dd93cb30202060057455d830c2f8ad8c4695e3e25
1760966363463,2025-10-20T13:19:23.463000+00:00,BTC,B,110667.0,0.00904,Close Short,1.286392,0.384164,0x8bc22d71aa5a643a8d3b042dd93cb30202060057455d830c2f8ad8c4695e3e25
1760966363463,2025-10-20T13:19:23.463000+00:00,BTC,B,110667.0,0.03592,Close Short,5.111416,1.52646,0x8bc22d71aa5a643a8d3b042dd93cb30202060057455d830c2f8ad8c4695e3e25
1760994945088,2025-10-20T21:15:45.088000+00:00,BTC,A,110954.0,0.00011,Open Short,0.0,0.004686,0x3b5f3c667bd51fc83cd8042ddebd5c0203d1004c16d83e9adf27e7b93ad8f9b2
1760994945088,2025-10-20T21:15:45.088000+00:00,BTC,A,110953.0,0.00011,Open Short,0.0,0.004686,0x3b5f3c667bd51fc83cd8042ddebd5c0203d1004c16d83e9adf27e7b93ad8f9b2
1760994945088,2025-10-20T21:15:45.088000+00:00,BTC,A,110952.0,0.00011,Open Short,0.0,0.004686,0x3b5f3c667bd51fc83cd8042ddebd5c0203d1004c16d83e9adf27e7b93ad8f9b2
1760994945088,2025-10-20T21:15:45.088000+00:00,BTC,A,110951.0,0.00011,Open Short,0.0,0.004686,0x3b5f3c667bd51fc83cd8042ddebd5c0203d1004c16d83e9adf27e7b93ad8f9b2
1760994945088,2025-10-20T21:15:45.088000+00:00,BTC,A,110950.0,0.00011,Open Short,0.0,0.004686,0x3b5f3c667bd51fc83cd8042ddebd5c0203d1004c16d83e9adf27e7b93ad8f9b2
1760994945088,2025-10-20T21:15:45.088000+00:00,BTC,A,110949.0,0.00011,Open Short,0.0,0.004686,0x3b5f3c667bd51fc83cd8042ddebd5c0203d1004c16d83e9adf27e7b93ad8f9b2
1760994945088,2025-10-20T21:15:45.088000+00:00,BTC,A,110948.0,0.00011,Open Short,0.0,0.004686,0x3b5f3c667bd51fc83cd8042ddebd5c0203d1004c16d83e9adf27e7b93ad8f9b2
1760994945088,2025-10-20T21:15:45.088000+00:00,BTC,A,110947.0,0.00014,Open Short,0.0,0.005964,0x3b5f3c667bd51fc83cd8042ddebd5c0203d1004c16d83e9adf27e7b93ad8f9b2
1760994945088,2025-10-20T21:15:45.088000+00:00,BTC,A,110947.0,0.00011,Open Short,0.0,0.004686,0x3b5f3c667bd51fc83cd8042ddebd5c0203d1004c16d83e9adf27e7b93ad8f9b2
1760994945088,2025-10-20T21:15:45.088000+00:00,BTC,A,110946.0,0.00011,Open Short,0.0,0.004686,0x3b5f3c667bd51fc83cd8042ddebd5c0203d1004c16d83e9adf27e7b93ad8f9b2
1760994945088,2025-10-20T21:15:45.088000+00:00,BTC,A,110945.0,0.00011,Open Short,0.0,0.004686,0x3b5f3c667bd51fc83cd8042ddebd5c0203d1004c16d83e9adf27e7b93ad8f9b2
1760994945088,2025-10-20T21:15:45.088000+00:00,BTC,A,110944.0,0.00011,Open Short,0.0,0.004686,0x3b5f3c667bd51fc83cd8042ddebd5c0203d1004c16d83e9adf27e7b93ad8f9b2
1760994945088,2025-10-20T21:15:45.088000+00:00,BTC,A,110943.0,0.00014,Open Short,0.0,0.005964,0x3b5f3c667bd51fc83cd8042ddebd5c0203d1004c16d83e9adf27e7b93ad8f9b2
1760994945088,2025-10-20T21:15:45.088000+00:00,BTC,A,110943.0,0.00011,Open Short,0.0,0.004686,0x3b5f3c667bd51fc83cd8042ddebd5c0203d1004c16d83e9adf27e7b93ad8f9b2
1760994945088,2025-10-20T21:15:45.088000+00:00,BTC,A,110942.0,0.00011,Open Short,0.0,0.004686,0x3b5f3c667bd51fc83cd8042ddebd5c0203d1004c16d83e9adf27e7b93ad8f9b2
1760994945088,2025-10-20T21:15:45.088000+00:00,BTC,A,110941.0,0.00011,Open Short,0.0,0.004686,0x3b5f3c667bd51fc83cd8042ddebd5c0203d1004c16d83e9adf27e7b93ad8f9b2
1760994945088,2025-10-20T21:15:45.088000+00:00,BTC,A,110940.0,0.00011,Open Short,0.0,0.004686,0x3b5f3c667bd51fc83cd8042ddebd5c0203d1004c16d83e9adf27e7b93ad8f9b2
1760994945088,2025-10-20T21:15:45.088000+00:00,BTC,A,110939.0,0.00011,Open Short,0.0,0.004686,0x3b5f3c667bd51fc83cd8042ddebd5c0203d1004c16d83e9adf27e7b93ad8f9b2
1760994945088,2025-10-20T21:15:45.088000+00:00,BTC,A,110938.0,0.00014,Open Short,0.0,0.005964,0x3b5f3c667bd51fc83cd8042ddebd5c0203d1004c16d83e9adf27e7b93ad8f9b2
1760994945088,2025-10-20T21:15:45.088000+00:00,BTC,A,110938.0,0.00011,Open Short,0.0,0.004686,0x3b5f3c667bd51fc83cd8042ddebd5c0203d1004c16d83e9adf27e7b93ad8f9b2
1760994945088,2025-10-20T21:15:45.088000+00:00,BTC,A,110937.0,0.00011,Open Short,0.0,0.004685,0x3b5f3c667bd51fc83cd8042ddebd5c0203d1004c16d83e9adf27e7b93ad8f9b2
1760994945088,2025-10-20T21:15:45.088000+00:00,BTC,A,110936.0,0.00011,Open Short,0.0,0.004685,0x3b5f3c667bd51fc83cd8042ddebd5c0203d1004c16d83e9adf27e7b93ad8f9b2
1760994945088,2025-10-20T21:15:45.088000+00:00,BTC,A,110935.0,0.00011,Open Short,0.0,0.004685,0x3b5f3c667bd51fc83cd8042ddebd5c0203d1004c16d83e9adf27e7b93ad8f9b2
1760994945088,2025-10-20T21:15:45.088000+00:00,BTC,A,110934.0,0.00014,Open Short,0.0,0.005963,0x3b5f3c667bd51fc83cd8042ddebd5c0203d1004c16d83e9adf27e7b93ad8f9b2
1760994945088,2025-10-20T21:15:45.088000+00:00,BTC,A,110934.0,0.00011,Open Short,0.0,0.004685,0x3b5f3c667bd51fc83cd8042ddebd5c0203d1004c16d83e9adf27e7b93ad8f9b2
1760994945088,2025-10-20T21:15:45.088000+00:00,BTC,A,110934.0,0.90115,Open Short,0.0,38.387778,0x3b5f3c667bd51fc83cd8042ddebd5c0203d1004c16d83e9adf27e7b93ad8f9b2
1760994945088,2025-10-20T21:15:45.088000+00:00,BTC,A,110933.0,0.00011,Open Short,0.0,0.004685,0x3b5f3c667bd51fc83cd8042ddebd5c0203d1004c16d83e9adf27e7b93ad8f9b2
1760994945088,2025-10-20T21:15:45.088000+00:00,BTC,A,110933.0,0.00902,Open Short,0.0,0.384236,0x3b5f3c667bd51fc83cd8042ddebd5c0203d1004c16d83e9adf27e7b93ad8f9b2
1760994945088,2025-10-20T21:15:45.088000+00:00,BTC,A,110933.0,0.2749,Open Short,0.0,11.710264,0x3b5f3c667bd51fc83cd8042ddebd5c0203d1004c16d83e9adf27e7b93ad8f9b2
1760994945088,2025-10-20T21:15:45.088000+00:00,BTC,A,110932.0,0.00011,Open Short,0.0,0.004685,0x3b5f3c667bd51fc83cd8042ddebd5c0203d1004c16d83e9adf27e7b93ad8f9b2
1760994945088,2025-10-20T21:15:45.088000+00:00,BTC,A,110931.0,0.00011,Open Short,0.0,0.004685,0x3b5f3c667bd51fc83cd8042ddebd5c0203d1004c16d83e9adf27e7b93ad8f9b2
1760994945088,2025-10-20T21:15:45.088000+00:00,BTC,A,110930.0,0.00014,Open Short,0.0,0.005963,0x3b5f3c667bd51fc83cd8042ddebd5c0203d1004c16d83e9adf27e7b93ad8f9b2
1760994945088,2025-10-20T21:15:45.088000+00:00,BTC,A,110930.0,0.00011,Open Short,0.0,0.004685,0x3b5f3c667bd51fc83cd8042ddebd5c0203d1004c16d83e9adf27e7b93ad8f9b2
1760994945088,2025-10-20T21:15:45.088000+00:00,BTC,A,110930.0,0.008,Open Short,0.0,0.340776,0x3b5f3c667bd51fc83cd8042ddebd5c0203d1004c16d83e9adf27e7b93ad8f9b2
1760994945088,2025-10-20T21:15:45.088000+00:00,BTC,A,110930.0,0.05,Open Short,0.0,2.129856,0x3b5f3c667bd51fc83cd8042ddebd5c0203d1004c16d83e9adf27e7b93ad8f9b2
1760994945088,2025-10-20T21:15:45.088000+00:00,BTC,A,110929.0,0.00011,Open Short,0.0,0.004685,0x3b5f3c667bd51fc83cd8042ddebd5c0203d1004c16d83e9adf27e7b93ad8f9b2
1760994945088,2025-10-20T21:15:45.088000+00:00,BTC,A,110928.0,0.00011,Open Short,0.0,0.004685,0x3b5f3c667bd51fc83cd8042ddebd5c0203d1004c16d83e9adf27e7b93ad8f9b2
1760994945088,2025-10-20T21:15:45.088000+00:00,BTC,A,110928.0,0.57936,Open Short,0.0,24.678622,0x3b5f3c667bd51fc83cd8042ddebd5c0203d1004c16d83e9adf27e7b93ad8f9b2
1760994945088,2025-10-20T21:15:45.088000+00:00,BTC,A,110928.0,0.12182,Open Short,0.0,5.189087,0x3b5f3c667bd51fc83cd8042ddebd5c0203d1004c16d83e9adf27e7b93ad8f9b2
1760994945088,2025-10-20T21:15:45.088000+00:00,BTC,A,110927.0,0.00011,Open Short,0.0,0.004685,0x3b5f3c667bd51fc83cd8042ddebd5c0203d1004c16d83e9adf27e7b93ad8f9b2
1760994945088,2025-10-20T21:15:45.088000+00:00,BTC,A,110927.0,0.54072,Open Short,0.0,23.032491,0x3b5f3c667bd51fc83cd8042ddebd5c0203d1004c16d83e9adf27e7b93ad8f9b2
1760994945088,2025-10-20T21:15:45.088000+00:00,BTC,A,110926.0,0.00014,Open Short,0.0,0.005963,0x3b5f3c667bd51fc83cd8042ddebd5c0203d1004c16d83e9adf27e7b93ad8f9b2
1760994945088,2025-10-20T21:15:45.088000+00:00,BTC,A,110926.0,0.00011,Open Short,0.0,0.004685,0x3b5f3c667bd51fc83cd8042ddebd5c0203d1004c16d83e9adf27e7b93ad8f9b2
1760994945088,2025-10-20T21:15:45.088000+00:00,BTC,A,110926.0,0.14147,Open Short,0.0,6.025997,0x3b5f3c667bd51fc83cd8042ddebd5c0203d1004c16d83e9adf27e7b93ad8f9b2
1760996998991,2025-10-20T21:49:58.991000+00:00,BTC,B,110428.0,0.53874,Close Short,270.609102,22.84492,0x72b27b34cc58e60a742c042ddf24e9020198001a675c04dc167b26878b5cbff5
1760996998991,2025-10-20T21:49:58.991000+00:00,BTC,B,110428.0,0.00011,Close Short,0.055253,0.004664,0x72b27b34cc58e60a742c042ddf24e9020198001a675c04dc167b26878b5cbff5
1760996998991,2025-10-20T21:49:58.991000+00:00,BTC,B,110428.0,0.0676,Close Short,33.95548,2.866534,0x72b27b34cc58e60a742c042ddf24e9020198001a675c04dc167b26878b5cbff5
1760996998991,2025-10-20T21:49:58.991000+00:00,BTC,B,110428.0,0.01811,Close Short,9.096653,0.767942,0x72b27b34cc58e60a742c042ddf24e9020198001a675c04dc167b26878b5cbff5
1760996998991,2025-10-20T21:49:58.991000+00:00,BTC,B,110428.0,0.09055,Close Short,45.483265,3.839714,0x72b27b34cc58e60a742c042ddf24e9020198001a675c04dc167b26878b5cbff5
1760996998991,2025-10-20T21:49:58.991000+00:00,BTC,B,110428.0,0.90533,Close Short,454.747259,38.389931,0x72b27b34cc58e60a742c042ddf24e9020198001a675c04dc167b26878b5cbff5
1760996998991,2025-10-20T21:49:58.991000+00:00,BTC,B,110428.0,0.09055,Close Short,45.483265,3.839714,0x72b27b34cc58e60a742c042ddf24e9020198001a675c04dc167b26878b5cbff5
1760996998991,2025-10-20T21:49:58.991000+00:00,BTC,B,110428.0,0.91948,Close Short,461.854804,38.989953,0x72b27b34cc58e60a742c042ddf24e9020198001a675c04dc167b26878b5cbff5
1760998909519,2025-10-20T22:21:49.519000+00:00,@107,B,37.97,1.05,Buy,0.0,0.00060479,0xade4762a6fadbbedaf5e042ddf835a0202a000100aa0dabf51ad217d2ea195d8
1760999422579,2025-10-20T22:30:22.579000+00:00,@107,A,37.859,0.38,Sell,-0.02281014,0.00828657,0x2141bb1b0db395cb22bb042ddf9c3c02023f0000a8b6b49dc50a666dccb76fb5
1760999422579,2025-10-20T22:30:22.579000+00:00,@107,A,37.859,200.0,Sell,-12.0053409,4.36135679,0x2141bb1b0db395cb22bb042ddf9c3c02023f0000a8b6b49dc50a666dccb76fb5
1760999422579,2025-10-20T22:30:22.579000+00:00,@107,A,37.859,52.82,Sell,-3.17061053,1.15183433,0x2141bb1b0db395cb22bb042ddf9c3c02023f0000a8b6b49dc50a666dccb76fb5
1760999422579,2025-10-20T22:30:22.579000+00:00,@107,A,37.857,48.54,Sell,-3.01077623,1.05844537,0x2141bb1b0db395cb22bb042ddf9c3c02023f0000a8b6b49dc50a666dccb76fb5
1760999422579,2025-10-20T22:30:22.579000+00:00,@107,A,37.857,26.41,Sell,-1.63812526,0.57588674,0x2141bb1b0db395cb22bb042ddf9c3c02023f0000a8b6b49dc50a666dccb76fb5
1760999422579,2025-10-20T22:30:22.579000+00:00,@107,A,37.855,127.29,Sell,-8.14995921,2.77549225,0x2141bb1b0db395cb22bb042ddf9c3c02023f0000a8b6b49dc50a666dccb76fb5
1760999422579,2025-10-20T22:30:22.579000+00:00,@107,A,37.854,0.39,Sell,-0.02536041,0.00850352,0x2141bb1b0db395cb22bb042ddf9c3c02023f0000a8b6b49dc50a666dccb76fb5
1760999422579,2025-10-20T22:30:22.579000+00:00,@107,A,37.853,26.42,Sell,-1.74442553,0.57604392,0x2141bb1b0db395cb22bb042ddf9c3c02023f0000a8b6b49dc50a666dccb76fb5
1760999422579,2025-10-20T22:30:22.579000+00:00,@107,A,37.849,0.42,Sell,-0.02941121,0.00915643,0x2141bb1b0db395cb22bb042ddf9c3c02023f0000a8b6b49dc50a666dccb76fb5
1760999422579,2025-10-20T22:30:22.579000+00:00,@107,A,37.848,39.34,Sell,-2.79419055,0.85762962,0x2141bb1b0db395cb22bb042ddf9c3c02023f0000a8b6b49dc50a666dccb76fb5
1760999422579,2025-10-20T22:30:22.579000+00:00,@107,A,37.846,211.28,Sell,-15.42908212,4.60575525,0x2141bb1b0db395cb22bb042ddf9c3c02023f0000a8b6b49dc50a666dccb76fb5
1760999422579,2025-10-20T22:30:22.579000+00:00,@107,A,37.844,46.37,Sell,-3.47898828,1.01077993,0x2141bb1b0db395cb22bb042ddf9c3c02023f0000a8b6b49dc50a666dccb76fb5
1760999422579,2025-10-20T22:30:22.579000+00:00,@107,A,37.844,0.48,Sell,-0.03601281,0.0104631,0x2141bb1b0db395cb22bb042ddf9c3c02023f0000a8b6b49dc50a666dccb76fb5
1760999422579,2025-10-20T22:30:22.579000+00:00,@107,A,37.839,0.56,Sell,-0.04481495,0.01220534,0x2141bb1b0db395cb22bb042ddf9c3c02023f0000a8b6b49dc50a666dccb76fb5
1760999422579,2025-10-20T22:30:22.579000+00:00,@107,A,37.837,10.0,Sell,-0.82026704,0.21794111,0x2141bb1b0db395cb22bb042ddf9c3c02023f0000a8b6b49dc50a666dccb76fb5
1760999422579,2025-10-20T22:30:22.579000+00:00,@107,A,37.834,0.67,Sell,-0.05696789,0.01460089,0x2141bb1b0db395cb22bb042ddf9c3c02023f0000a8b6b49dc50a666dccb76fb5
1760999422579,2025-10-20T22:30:22.579000+00:00,@107,A,37.833,316.92,Sell,-27.26358318,6.90625979,0x2141bb1b0db395cb22bb042ddf9c3c02023f0000a8b6b49dc50a666dccb76fb5
1760999422579,2025-10-20T22:30:22.579000+00:00,@107,A,37.832,3.05,Sell,-0.26543144,0.06646325,0x2141bb1b0db395cb22bb042ddf9c3c02023f0000a8b6b49dc50a666dccb76fb5
1760999422579,2025-10-20T22:30:22.579000+00:00,@107,A,37.829,0.8,Sell,-0.07202136,0.0174316,0x2141bb1b0db395cb22bb042ddf9c3c02023f0000a8b6b49dc50a666dccb76fb5
1760999422579,2025-10-20T22:30:22.579000+00:00,@107,A,37.828,786.56,Sell,-71.59796466,17.1382992,0x2141bb1b0db395cb22bb042ddf9c3c02023f0000a8b6b49dc50a666dccb76fb5
1760999422579,2025-10-20T22:30:22.579000+00:00,@107,A,37.828,11.39,Sell,-1.03679416,0.24817588,0x2141bb1b0db395cb22bb042ddf9c3c02023f0000a8b6b49dc50a666dccb76fb5
1760999422579,2025-10-20T22:30:22.579000+00:00,@107,A,37.826,17.85,Sell,-1.66052667,0.3889118,0x2141bb1b0db395cb22bb042ddf9c3c02023f0000a8b6b49dc50a666dccb76fb5
1760999422579,2025-10-20T22:30:22.579000+00:00,@107,A,37.824,0.96,Sell,-0.09122563,0.02091515,0x2141bb1b0db395cb22bb042ddf9c3c02023f0000a8b6b49dc50a666dccb76fb5
1760999422579,2025-10-20T22:30:22.579000+00:00,@107,A,37.822,65.15,Sell,-6.32128979,1.4193235,0x2141bb1b0db395cb22bb042ddf9c3c02023f0000a8b6b49dc50a666dccb76fb5
1760999422579,2025-10-20T22:30:22.579000+00:00,@107,A,37.819,1.13,Sell,-0.11303017,0.02461563,0x2141bb1b0db395cb22bb042ddf9c3c02023f0000a8b6b49dc50a666dccb76fb5
1760999422579,2025-10-20T22:30:22.579000+00:00,@107,A,37.817,25.0,Sell,-2.55066761,0.54456479,0x2141bb1b0db395cb22bb042ddf9c3c02023f0000a8b6b49dc50a666dccb76fb5
1760999422579,2025-10-20T22:30:22.579000+00:00,@107,A,37.817,10.0,Sell,-1.02026704,0.21782591,0x2141bb1b0db395cb22bb042ddf9c3c02023f0000a8b6b49dc50a666dccb76fb5
1760999422579,2025-10-20T22:30:22.579000+00:00,@107,A,37.814,1.34,Sell,-0.14073578,0.02918635,0x2141bb1b0db395cb22bb042ddf9c3c02023f0000a8b6b49dc50a666dccb76fb5
1760999422579,2025-10-20T22:30:22.579000+00:00,@107,A,37.813,5.51,Sell,-0.58420714,0.12000938,0x2141bb1b0db395cb22bb042ddf9c3c02023f0000a8b6b49dc50a666dccb76fb5
1760999422579,2025-10-20T22:30:22.579000+00:00,@107,A,37.812,10.0,Sell,-1.07026704,0.21779711,0x2141bb1b0db395cb22bb042ddf9c3c02023f0000a8b6b49dc50a666dccb76fb5
1760999422579,2025-10-20T22:30:22.579000+00:00,@107,A,37.811,794.29,Sell,-85.80453102,17.29894993,0x2141bb1b0db395cb22bb042ddf9c3c02023f0000a8b6b49dc50a666dccb76fb5
1760999422579,2025-10-20T22:30:22.579000+00:00,@107,A,37.809,1.56,Sell,-0.17164165,0.03397365,0x2141bb1b0db395cb22bb042ddf9c3c02023f0000a8b6b49dc50a666dccb76fb5
1760999422579,2025-10-20T22:30:22.579000+00:00,@107,A,37.808,21.16,Sell,-2.34932506,0.46080995,0x2141bb1b0db395cb22bb042ddf9c3c02023f0000a8b6b49dc50a666dccb76fb5
1761002474445,2025-10-20T23:21:14.445000+00:00,BTC,A,110524.0,0.01707,Open Short,0.0,0.724471,0x426684c7e0e23c3c43e0042de0330a02046400ad7be55b0ee62f301a9fe61626
1761002474445,2025-10-20T23:21:14.445000+00:00,BTC,A,110524.0,0.02353,Open Short,0.0,0.998641,0x426684c7e0e23c3c43e0042de0330a02046400ad7be55b0ee62f301a9fe61626
1761002474445,2025-10-20T23:21:14.445000+00:00,BTC,A,110524.0,0.02,Open Short,0.0,0.848824,0x426684c7e0e23c3c43e0042de0330a02046400ad7be55b0ee62f301a9fe61626
1761002474445,2025-10-20T23:21:14.445000+00:00,BTC,A,110524.0,0.90446,Open Short,0.0,38.386382,0x426684c7e0e23c3c43e0042de0330a02046400ad7be55b0ee62f301a9fe61626
1761002474445,2025-10-20T23:21:14.445000+00:00,BTC,A,110524.0,0.00177,Open Short,0.0,0.07512,0x426684c7e0e23c3c43e0042de0330a02046400ad7be55b0ee62f301a9fe61626
1761002474445,2025-10-20T23:21:14.445000+00:00,BTC,A,110524.0,0.00266,Open Short,0.0,0.112893,0x426684c7e0e23c3c43e0042de0330a02046400ad7be55b0ee62f301a9fe61626
1761002474445,2025-10-20T23:21:14.445000+00:00,BTC,A,110524.0,0.00355,Open Short,0.0,0.150666,0x426684c7e0e23c3c43e0042de0330a02046400ad7be55b0ee62f301a9fe61626
1761002474445,2025-10-20T23:21:14.445000+00:00,BTC,A,110524.0,0.00444,Open Short,0.0,0.188438,0x426684c7e0e23c3c43e0042de0330a02046400ad7be55b0ee62f301a9fe61626
1761002474445,2025-10-20T23:21:14.445000+00:00,BTC,A,110524.0,0.00532,Open Short,0.0,0.225787,0x426684c7e0e23c3c43e0042de0330a02046400ad7be55b0ee62f301a9fe61626
1761002474445,2025-10-20T23:21:14.445000+00:00,BTC,A,110524.0,0.00621,Open Short,0.0,0.263559,0x426684c7e0e23c3c43e0042de0330a02046400ad7be55b0ee62f301a9fe61626
1761002474445,2025-10-20T23:21:14.445000+00:00,BTC,A,110524.0,0.0071,Open Short,0.0,0.301332,0x426684c7e0e23c3c43e0042de0330a02046400ad7be55b0ee62f301a9fe61626
1761002474445,2025-10-20T23:21:14.445000+00:00,BTC,A,110524.0,0.35435,Open Short,0.0,15.039044,0x426684c7e0e23c3c43e0042de0330a02046400ad7be55b0ee62f301a9fe61626
1761002474445,2025-10-20T23:21:14.445000+00:00,BTC,A,110524.0,0.5427,Open Short,0.0,23.032847,0x426684c7e0e23c3c43e0042de0330a02046400ad7be55b0ee62f301a9fe61626
1761002474445,2025-10-20T23:21:14.445000+00:00,BTC,A,110524.0,0.00904,Open Short,0.0,0.383668,0x426684c7e0e23c3c43e0042de0330a02046400ad7be55b0ee62f301a9fe61626
1761002474445,2025-10-20T23:21:14.445000+00:00,BTC,A,110524.0,0.01809,Open Short,0.0,0.767761,0x426684c7e0e23c3c43e0042de0330a02046400ad7be55b0ee62f301a9fe61626
1761002474445,2025-10-20T23:21:14.445000+00:00,BTC,A,110524.0,0.02714,Open Short,0.0,1.151854,0x426684c7e0e23c3c43e0042de0330a02046400ad7be55b0ee62f301a9fe61626
1761002474445,2025-10-20T23:21:14.445000+00:00,BTC,A,110524.0,0.03619,Open Short,0.0,1.535947,0x426684c7e0e23c3c43e0042de0330a02046400ad7be55b0ee62f301a9fe61626
1761002474445,2025-10-20T23:21:14.445000+00:00,BTC,A,110524.0,0.1125,Open Short,0.0,4.774636,0x426684c7e0e23c3c43e0042de0330a02046400ad7be55b0ee62f301a9fe61626
1761002474445,2025-10-20T23:21:14.445000+00:00,BTC,A,110524.0,0.5427,Open Short,0.0,23.032847,0x426684c7e0e23c3c43e0042de0330a02046400ad7be55b0ee62f301a9fe61626
1761002474445,2025-10-20T23:21:14.445000+00:00,BTC,A,110524.0,0.14925,Open Short,0.0,6.334351,0x426684c7e0e23c3c43e0042de0330a02046400ad7be55b0ee62f301a9fe61626
1761002474445,2025-10-20T23:21:14.445000+00:00,BTC,A,110524.0,0.4027,Open Short,0.0,17.091077,0x426684c7e0e23c3c43e0042de0330a02046400ad7be55b0ee62f301a9fe61626
1761002775481,2025-10-20T23:26:15.481000+00:00,BTC,A,110654.0,0.15402,Open Short,0.0,6.544484,0xc0efacaaba899aa5c269042de041980201c80090558cb97764b857fd798d7490
1761002775481,2025-10-20T23:26:15.481000+00:00,BTC,A,110654.0,0.47881,Open Short,0.0,20.34518,0xc0efacaaba899aa5c269042de041980201c80090558cb97764b857fd798d7490
1761005737931,2025-10-21T00:15:37.931000+00:00,BTC,B,110214.0,0.84776,Close Short,281.03244,35.879047,0x03c06451b7b749d4053a042de0d3a302049c003752ba68a6a7890fa476bb23be
1761005737931,2025-10-21T00:15:37.931000+00:00,BTC,B,110214.0,0.54424,Close Short,180.41556,23.033421,0x03c06451b7b749d4053a042de0d3a302049c003752ba68a6a7890fa476bb23be
1761005737931,2025-10-21T00:15:37.931000+00:00,BTC,B,110214.0,0.67993,Close Short,225.396795,28.776117,0x03c06451b7b749d4053a042de0d3a302049c003752ba68a6a7890fa476bb23be
1761005737931,2025-10-21T00:15:37.931000+00:00,BTC,B,110214.0,0.3628,Close Short,120.2682,15.354485,0x03c06451b7b749d4053a042de0d3a302049c003752ba68a6a7890fa476bb23be
1761005737931,2025-10-21T00:15:37.931000+00:00,BTC,B,110214.0,0.45964,Close Short,152.37066,19.452964,0x03c06451b7b749d4053a042de0d3a302049c003752ba68a6a7890fa476bb23be
1761005737931,2025-10-21T00:15:37.931000+00:00,BTC,B,110214.0,0.36288,Close Short,120.29472,15.357871,0x03c06451b7b749d4053a042de0d3a302049c003752ba68a6a7890fa476bb23be
1761005737931,2025-10-21T00:15:37.931000+00:00,BTC,B,110214.0,0.18147,Close Short,60.157305,7.680205,0x03c06451b7b749d4053a042de0d3a302049c003752ba68a6a7890fa476bb23be
1761005737931,2025-10-21T00:15:37.931000+00:00,BTC,B,110214.0,0.18147,Close Short,60.157305,7.680205,0x03c06451b7b749d4053a042de0d3a302049c003752ba68a6a7890fa476bb23be
1761005737931,2025-10-21T00:15:37.931000+00:00,BTC,B,110214.0,0.00907,Close Short,3.006705,0.383862,0x03c06451b7b749d4053a042de0d3a302049c003752ba68a6a7890fa476bb23be
1761005737931,2025-10-21T00:15:37.931000+00:00,BTC,B,110214.0,0.03176,Close Short,10.52844,1.344152,0x03c06451b7b749d4053a042de0d3a302049c003752ba68a6a7890fa476bb23be
1761005737931,2025-10-21T00:15:37.931000+00:00,BTC,B,110214.0,0.005,Close Short,1.6575,0.21161,0x03c06451b7b749d4053a042de0d3a302049c003752ba68a6a7890fa476bb23be
1761005737931,2025-10-21T00:15:37.931000+00:00,BTC,B,110214.0,0.15758,Close Short,52.23777,6.669128,0x03c06451b7b749d4053a042de0d3a302049c003752ba68a6a7890fa476bb23be
1761091517471,2025-10-22T00:05:17.471000+00:00,ASTER,B,1.0448,2391.0,Open Long,0.0,0.959276,0x536936120b61ecd854e2042df1338f0201f300f7a6650baaf731e164ca65c6c2
1761091517471,2025-10-22T00:05:17.471000+00:00,ASTER,B,1.0448,500.0,Open Long,0.0,0.200601,0x536936120b61ecd854e2042df1338f0201f300f7a6650baaf731e164ca65c6c2
1761091517471,2025-10-22T00:05:17.471000+00:00,ASTER,B,1.0448,2500.0,Open Long,0.0,1.003008,0x536936120b61ecd854e2042df1338f0201f300f7a6650baaf731e164ca65c6c2
1761091517471,2025-10-22T00:05:17.471000+00:00,ASTER,B,1.0449,2981.0,Open Long,0.0,1.196101,0x536936120b61ecd854e2042df1338f0201f300f7a6650baaf731e164ca65c6c2
1761091517471,2025-10-22T00:05:17.471000+00:00,ASTER,B,1.0449,10546.0,Open Long,0.0,4.231493,0x536936120b61ecd854e2042df1338f0201f300f7a6650baaf731e164ca65c6c2
1761091517471,2025-10-22T00:05:17.471000+00:00,ASTER,B,1.0449,500.0,Open Long,0.0,0.20062,0x536936120b61ecd854e2042df1338f0201f300f7a6650baaf731e164ca65c6c2
1761091517471,2025-10-22T00:05:17.471000+00:00,ASTER,B,1.045,9128.0,Open Long,0.0,3.662883,0x536936120b61ecd854e2042df1338f0201f300f7a6650baaf731e164ca65c6c2
1761091517471,2025-10-22T00:05:17.471000+00:00,ASTER,B,1.045,522.0,Open Long,0.0,0.209468,0x536936120b61ecd854e2042df1338f0201f300f7a6650baaf731e164ca65c6c2
1761091517471,2025-10-22T00:05:17.471000+00:00,ASTER,B,1.045,750.0,Open Long,0.0,0.30096,0x536936120b61ecd854e2042df1338f0201f300f7a6650baaf731e164ca65c6c2
1761091517471,2025-10-22T00:05:17.471000+00:00,ASTER,B,1.045,1518.0,Open Long,0.0,0.609143,0x536936120b61ecd854e2042df1338f0201f300f7a6650baaf731e164ca65c6c2
1761091517471,2025-10-22T00:05:17.471000+00:00,ASTER,B,1.045,835.0,Open Long,0.0,0.335068,0x536936120b61ecd854e2042df1338f0201f300f7a6650baaf731e164ca65c6c2
1761091517471,2025-10-22T00:05:17.471000+00:00,ASTER,B,1.045,1685.0,Open Long,0.0,0.676156,0x536936120b61ecd854e2042df1338f0201f300f7a6650baaf731e164ca65c6c2
1761091517471,2025-10-22T00:05:17.471000+00:00,ASTER,B,1.0451,3200.0,Open Long,0.0,1.284218,0x536936120b61ecd854e2042df1338f0201f300f7a6650baaf731e164ca65c6c2
1761091517471,2025-10-22T00:05:17.471000+00:00,ASTER,B,1.0451,1579.0,Open Long,0.0,0.633681,0x536936120b61ecd854e2042df1338f0201f300f7a6650baaf731e164ca65c6c2
1761091517471,2025-10-22T00:05:17.471000+00:00,ASTER,B,1.0451,7651.0,Open Long,0.0,3.070487,0x536936120b61ecd854e2042df1338f0201f300f7a6650baaf731e164ca65c6c2
1761091517471,2025-10-22T00:05:17.471000+00:00,ASTER,B,1.0451,4186.0,Open Long,0.0,1.679918,0x536936120b61ecd854e2042df1338f0201f300f7a6650baaf731e164ca65c6c2
1761091517471,2025-10-22T00:05:17.471000+00:00,ASTER,B,1.0452,1513.0,Open Long,0.0,0.607252,0x536936120b61ecd854e2042df1338f0201f300f7a6650baaf731e164ca65c6c2
1761091517471,2025-10-22T00:05:17.471000+00:00,ASTER,B,1.0452,956.0,Open Long,0.0,0.383697,0x536936120b61ecd854e2042df1338f0201f300f7a6650baaf731e164ca65c6c2
1761091517471,2025-10-22T00:05:17.471000+00:00,ASTER,B,1.0453,10546.0,Open Long,0.0,4.233113,0x536936120b61ecd854e2042df1338f0201f300f7a6650baaf731e164ca65c6c2
1761091517471,2025-10-22T00:05:17.471000+00:00,ASTER,B,1.0453,4103.0,Open Long,0.0,1.646924,0x536936120b61ecd854e2042df1338f0201f300f7a6650baaf731e164ca65c6c2
1761092066026,2025-10-22T00:14:26.026000+00:00,ASTER,A,1.052,400.0,Close Long,2.776,0.161587,0x42a1fa840b215f38441b042df14e800202da0069a6247e0ae66aa5d6ca253922
1761092066026,2025-10-22T00:14:26.026000+00:00,ASTER,A,1.052,483.0,Close Long,3.35202,0.195116,0x42a1fa840b215f38441b042df14e800202da0069a6247e0ae66aa5d6ca253922
1761092066026,2025-10-22T00:14:26.026000+00:00,ASTER,A,1.0518,2004.0,Close Long,13.50696,0.809397,0x42a1fa840b215f38441b042df14e800202da0069a6247e0ae66aa5d6ca253922
1761092066026,2025-10-22T00:14:26.026000+00:00,ASTER,A,1.0517,191.0,Close Long,1.26824,0.077135,0x42a1fa840b215f38441b042df14e800202da0069a6247e0ae66aa5d6ca253922
1761092066026,2025-10-22T00:14:26.026000+00:00,ASTER,A,1.0517,949.0,Close Long,6.30136,0.383256,0x42a1fa840b215f38441b042df14e800202da0069a6247e0ae66aa5d6ca253922
1761092066026,2025-10-22T00:14:26.026000+00:00,ASTER,A,1.0517,838.0,Close Long,5.56432,0.338428,0x42a1fa840b215f38441b042df14e800202da0069a6247e0ae66aa5d6ca253922
1761092066026,2025-10-22T00:14:26.026000+00:00,ASTER,A,1.0517,2537.0,Close Long,16.84568,1.024574,0x42a1fa840b215f38441b042df14e800202da0069a6247e0ae66aa5d6ca253922
1761092066026,2025-10-22T00:14:26.026000+00:00,ASTER,A,1.0517,1705.0,Close Long,11.3212,0.688569,0x42a1fa840b215f38441b042df14e800202da0069a6247e0ae66aa5d6ca253922
1761092066026,2025-10-22T00:14:26.026000+00:00,ASTER,A,1.0517,273.0,Close Long,1.81272,0.110251,0x42a1fa840b215f38441b042df14e800202da0069a6247e0ae66aa5d6ca253922
1761092066026,2025-10-22T00:14:26.026000+00:00,ASTER,A,1.0517,2375.0,Close Long,15.77,0.95915,0x42a1fa840b215f38441b042df14e800202da0069a6247e0ae66aa5d6ca253922
1761092066026,2025-10-22T00:14:26.026000+00:00,ASTER,A,1.0516,9149.0,Close Long,59.83446,3.694497,0x42a1fa840b215f38441b042df14e800202da0069a6247e0ae66aa5d6ca253922
1761092066026,2025-10-22T00:14:26.026000+00:00,ASTER,A,1.0516,950.0,Close Long,6.213,0.383623,0x42a1fa840b215f38441b042df14e800202da0069a6247e0ae66aa5d6ca253922
1761092066026,2025-10-22T00:14:26.026000+00:00,ASTER,A,1.0516,180.0,Close Long,1.1772,0.072686,0x42a1fa840b215f38441b042df14e800202da0069a6247e0ae66aa5d6ca253922
1761092066026,2025-10-22T00:14:26.026000+00:00,ASTER,A,1.0516,180.0,Close Long,1.1772,0.072686,0x42a1fa840b215f38441b042df14e800202da0069a6247e0ae66aa5d6ca253922
1761092066026,2025-10-22T00:14:26.026000+00:00,ASTER,A,1.0516,180.0,Close Long,1.1772,0.072686,0x42a1fa840b215f38441b042df14e800202da0069a6247e0ae66aa5d6ca253922
1761092066026,2025-10-22T00:14:26.026000+00:00,ASTER,A,1.0516,180.0,Close Long,1.1772,0.072686,0x42a1fa840b215f38441b042df14e800202da0069a6247e0ae66aa5d6ca253922
1761092066026,2025-10-22T00:14:26.026000+00:00,ASTER,A,1.0516,180.0,Close Long,1.1772,0.072686,0x42a1fa840b215f38441b042df14e800202da0069a6247e0ae66aa5d6ca253922
1761092066026,2025-10-22T00:14:26.026000+00:00,ASTER,A,1.0516,180.0,Close Long,1.1772,0.072686,0x42a1fa840b215f38441b042df14e800202da0069a6247e0ae66aa5d6ca253922
1761092066026,2025-10-22T00:14:26.026000+00:00,ASTER,A,1.0516,180.0,Close Long,1.1772,0.072686,0x42a1fa840b215f38441b042df14e800202da0069a6247e0ae66aa5d6ca253922
1761092066026,2025-10-22T00:14:26.026000+00:00,ASTER,A,1.0515,3771.0,Close Long,24.28524,1.522639,0x42a1fa840b215f38441b042df14e800202da0069a6247e0ae66aa5d6ca253922
1761092066026,2025-10-22T00:14:26.026000+00:00,ASTER,A,1.0514,180.0,Close Long,1.1412,0.072672,0x42a1fa840b215f38441b042df14e800202da0069a6247e0ae66aa5d6ca253922
1761092066026,2025-10-22T00:14:26.026000+00:00,ASTER,A,1.0513,48.0,Close Long,0.29952,0.019377,0x42a1fa840b215f38441b042df14e800202da0069a6247e0ae66aa5d6ca253922
1761092066026,2025-10-22T00:14:26.026000+00:00,ASTER,A,1.0513,2537.0,Close Long,15.83088,1.024184,0x42a1fa840b215f38441b042df14e800202da0069a6247e0ae66aa5d6ca253922
1761092066026,2025-10-22T00:14:26.026000+00:00,ASTER,A,1.0513,9149.0,Close Long,57.08976,3.693443,0x42a1fa840b215f38441b042df14e800202da0069a6247e0ae66aa5d6ca253922
1761092066026,2025-10-22T00:14:26.026000+00:00,ASTER,A,1.0513,7605.0,Close Long,47.4552,3.070132,0x42a1fa840b215f38441b042df14e800202da0069a6247e0ae66aa5d6ca253922
1761092066026,2025-10-22T00:14:26.026000+00:00,ASTER,A,1.0513,538.0,Close Long,3.35712,0.21719,0x42a1fa840b215f38441b042df14e800202da0069a6247e0ae66aa5d6ca253922
1761092066026,2025-10-22T00:14:26.026000+00:00,ASTER,A,1.0513,1210.0,Close Long,7.5504,0.488476,0x42a1fa840b215f38441b042df14e800202da0069a6247e0ae66aa5d6ca253922
1761092066026,2025-10-22T00:14:26.026000+00:00,ASTER,A,1.0513,500.0,Close Long,3.12,0.201849,0x42a1fa840b215f38441b042df14e800202da0069a6247e0ae66aa5d6ca253922
1761092066026,2025-10-22T00:14:26.026000+00:00,ASTER,A,1.0513,8596.0,Close Long,53.63904,3.470198,0x42a1fa840b215f38441b042df14e800202da0069a6247e0ae66aa5d6ca253922
1761092066026,2025-10-22T00:14:26.026000+00:00,ASTER,A,1.0512,10342.0,Close Long,63.49988,4.174659,0x42a1fa840b215f38441b042df14e800202da0069a6247e0ae66aa5d6ca253922
1761094960261,2025-10-22T01:02:40.261000+00:00,ASTER,B,1.0411,1166.0,Open Long,0.0,0.466146,0xbfdedc97c25c2dcbc158042df1dd2f02041a007d5d5f4c9d63a787ea815007b6
1761094969429,2025-10-22T01:02:49.429000+00:00,ASTER,B,1.0411,851.0,Open Long,0.0,0.102064,0x54648ef640baf85855de042df1dda202037100dbdbbe172af82d3a48ffbed242
1761095043196,2025-10-22T01:04:03.196000+00:00,ASTER,B,1.0411,270.0,Open Long,0.0,0.032382,0x0ca276d96fa234b80e1c042df1e1450209c900bf0aa5538ab06b222c2ea60ea2
1761095043196,2025-10-22T01:04:03.196000+00:00,ASTER,B,1.0411,513.0,Open Long,0.0,0.061526,0xbf75ed7489337733c0ef042df1e1450209ca005a24369605633e98c74837511e
1761095043196,2025-10-22T01:04:03.196000+00:00,ASTER,B,1.0411,8828.0,Open Long,0.0,1.058783,0x7249640fa2c4b9af73c3042df1e1450209cb00f53dc7d88116120f6261c8939a
1761095124015,2025-10-22T01:05:24.015000+00:00,ASTER,B,1.0411,2275.0,Open Long,0.0,0.272851,0x62ba0d6728735d426433042df1e5220205cd004cc3767c140682b8b9e777372d
1761095124015,2025-10-22T01:05:24.015000+00:00,ASTER,B,1.0411,1311.0,Open Long,0.0,0.157234,0x268d2bf18df198db2806042df1e5220205e500d728f4b7adca55d7444cf572c5
1761095124015,2025-10-22T01:05:24.015000+00:00,ASTER,B,1.0411,748.0,Open Long,0.0,0.089711,0xa0f11f080d647e1aa26a042df1e5220205f400eda8679cec44b9ca5acc685805
1761095124015,2025-10-22T01:05:24.015000+00:00,ASTER,B,1.0411,1158.0,Open Long,0.0,0.138884,0xb96b82d95a18458dbae5042df1e5220205f700bef51b645f5d342e2c191c1f78
1761095124207,2025-10-22T01:05:24.207000+00:00,ASTER,B,1.0411,1236.0,Open Long,0.0,0.148239,0xf9268a5ebfbfd807faa0042df1e5240207d700445ab2f6da9cef35b17eb3b1f2
1761095124207,2025-10-22T01:05:24.207000+00:00,ASTER,B,1.0411,16526.0,Open Long,0.0,1.982041,0xabfa00f9d9411a83ad73042df1e5240207d800df744439554fc2ac4c9844f46e
1761095124207,2025-10-22T01:05:24.207000+00:00,ASTER,B,1.0411,2716.0,Open Long,0.0,0.325742,0xc47464cb25f4e1f6c5ee042df1e5240207db00b0c0f800c8683d101de4f8bbe1
1761095124207,2025-10-22T01:05:24.207000+00:00,ASTER,B,1.0411,1905.0,Open Long,0.0,0.228475,0xa47f4517d88a4c2da5f9042df1e5240207ec00fd738d6aff4847f06a978e2618
1761095124207,2025-10-22T01:05:24.207000+00:00,ASTER,B,1.0411,2172.0,Open Long,0.0,0.260498,0x0a26324e0bacd1250b9f042df1e5240207ee0033a6afeff7adeedda0caa0ab0f
1761095124207,2025-10-22T01:05:24.207000+00:00,ASTER,B,1.0411,2933.0,Open Long,0.0,0.351768,0x22a0961f58509898241a042df1e5240207f10004f353b76ac669417217547282
1761095124207,2025-10-22T01:05:24.207000+00:00,ASTER,B,1.0411,23372.0,Open Long,0.0,2.803114,0x3b1af9f0a504600b3c94042df1e5240207f400d640077edddee3a543640839f5
1761099353877,2025-10-22T02:15:53.877000+00:00,ASTER,A,1.0431,3875.0,Close Long,7.75,1.552132,0xddd2a8116961154adf4c042df2b29102044900f70464341c819b53642864ef35
1761099353877,2025-10-22T02:15:53.877000+00:00,ASTER,A,1.043,2000.0,Close Long,3.8,0.801024,0xddd2a8116961154adf4c042df2b29102044900f70464341c819b53642864ef35
1761099353877,2025-10-22T02:15:53.877000+00:00,ASTER,A,1.0429,8643.0,Close Long,15.5574,3.461293,0xddd2a8116961154adf4c042df2b29102044900f70464341c819b53642864ef35
1761099353877,2025-10-22T02:15:53.877000+00:00,ASTER,A,1.0429,2812.0,Close Long,5.0616,1.126131,0xddd2a8116961154adf4c042df2b29102044900f70464341c819b53642864ef35
1761099353877,2025-10-22T02:15:53.877000+00:00,ASTER,A,1.0429,958.0,Close Long,1.7244,0.383653,0xddd2a8116961154adf4c042df2b29102044900f70464341c819b53642864ef35
1761099353877,2025-10-22T02:15:53.877000+00:00,ASTER,A,1.0428,2401.0,Close Long,4.0817,0.961444,0xddd2a8116961154adf4c042df2b29102044900f70464341c819b53642864ef35
1761099353877,2025-10-22T02:15:53.877000+00:00,ASTER,A,1.0428,712.0,Close Long,1.2104,0.285109,0xddd2a8116961154adf4c042df2b29102044900f70464341c819b53642864ef35
1761099353877,2025-10-22T02:15:53.877000+00:00,ASTER,A,1.0428,2395.0,Close Long,4.0715,0.959042,0xddd2a8116961154adf4c042df2b29102044900f70464341c819b53642864ef35
1761099353877,2025-10-22T02:15:53.877000+00:00,ASTER,A,1.0427,190.0,Close Long,0.304,0.076075,0xddd2a8116961154adf4c042df2b29102044900f70464341c819b53642864ef35
1761099353877,2025-10-22T02:15:53.877000+00:00,ASTER,A,1.0427,2000.0,Close Long,3.2,0.800793,0xddd2a8116961154adf4c042df2b29102044900f70464341c819b53642864ef35
1761099353877,2025-10-22T02:15:53.877000+00:00,ASTER,A,1.0427,180.0,Close Long,0.288,0.072071,0xddd2a8116961154adf4c042df2b29102044900f70464341c819b53642864ef35
1761099353877,2025-10-22T02:15:53.877000+00:00,ASTER,A,1.0427,180.0,Close Long,0.288,0.072071,0xddd2a8116961154adf4c042df2b29102044900f70464341c819b53642864ef35
1761099353877,2025-10-22T02:15:53.877000+00:00,ASTER,A,1.0426,12.0,Close Long,0.018,0.004804,0xddd2a8116961154adf4c042df2b29102044900f70464341c819b53642864ef35
1761099353877,2025-10-22T02:15:53.877000+00:00,ASTER,A,1.0426,8643.0,Close Long,12.9645,3.460297,0xddd2a8116961154adf4c042df2b29102044900f70464341c819b53642864ef35
1761099353877,2025-10-22T02:15:53.877000+00:00,ASTER,A,1.0426,190.0,Close Long,0.285,0.076068,0xddd2a8116961154adf4c042df2b29102044900f70464341c819b53642864ef35
1761099353877,2025-10-22T02:15:53.877000+00:00,ASTER,A,1.0426,190.0,Close Long,0.285,0.076068,0xddd2a8116961154adf4c042df2b29102044900f70464341c819b53642864ef35
1761099353877,2025-10-22T02:15:53.877000+00:00,ASTER,A,1.0425,190.0,Close Long,0.266,0.07606,0xddd2a8116961154adf4c042df2b29102044900f70464341c819b53642864ef35
1761099353877,2025-10-22T02:15:53.877000+00:00,ASTER,A,1.0425,190.0,Close Long,0.266,0.07606,0xddd2a8116961154adf4c042df2b29102044900f70464341c819b53642864ef35
1761099353877,2025-10-22T02:15:53.877000+00:00,ASTER,A,1.0425,500.0,Close Long,0.7,0.20016,0xddd2a8116961154adf4c042df2b29102044900f70464341c819b53642864ef35
1761099353877,2025-10-22T02:15:53.877000+00:00,ASTER,A,1.0425,7669.0,Close Long,10.7366,3.070054,0xddd2a8116961154adf4c042df2b29102044900f70464341c819b53642864ef35
1761099353877,2025-10-22T02:15:53.877000+00:00,ASTER,A,1.0424,741.0,Close Long,0.9633,0.296608,0xddd2a8116961154adf4c042df2b29102044900f70464341c819b53642864ef35
1761099353877,2025-10-22T02:15:53.877000+00:00,ASTER,A,1.0424,9675.0,Close Long,12.5775,3.872724,0xddd2a8116961154adf4c042df2b29102044900f70464341c819b53642864ef35
1761099353877,2025-10-22T02:15:53.877000+00:00,ASTER,A,1.0423,8643.0,Close Long,10.3716,3.459301,0xddd2a8116961154adf4c042df2b29102044900f70464341c819b53642864ef35
1761099353877,2025-10-22T02:15:53.877000+00:00,ASTER,A,1.0423,4991.0,Close Long,5.9892,1.997613,0xddd2a8116961154adf4c042df2b29102044900f70464341c819b53642864ef35
1761100396859,2025-10-22T02:33:16.859000+00:00,ASTER,B,1.0464,483.0,Open Long,0.0,0.194077,0x6e78090a1dbabd5b6ff1042df2e67102037600efb8bddc2d1240b45cdcbe9746
1761100396859,2025-10-22T02:33:16.859000+00:00,ASTER,B,1.0465,8254.0,Open Long,0.0,3.316919,0x6e78090a1dbabd5b6ff1042df2e67102037600efb8bddc2d1240b45cdcbe9746
1761100396859,2025-10-22T02:33:16.859000+00:00,ASTER,B,1.0466,384.0,Open Long,0.0,0.154327,0x6e78090a1dbabd5b6ff1042df2e67102037600efb8bddc2d1240b45cdcbe9746
1761100396859,2025-10-22T02:33:16.859000+00:00,ASTER,B,1.0466,500.0,Open Long,0.0,0.200947,0x6e78090a1dbabd5b6ff1042df2e67102037600efb8bddc2d1240b45cdcbe9746
1761100396859,2025-10-22T02:33:16.859000+00:00,ASTER,B,1.0467,161.0,Open Long,0.0,0.064711,0x6e78090a1dbabd5b6ff1042df2e67102037600efb8bddc2d1240b45cdcbe9746
1761100396859,2025-10-22T02:33:16.859000+00:00,ASTER,B,1.0467,9328.0,Open Long,0.0,3.749229,0x6e78090a1dbabd5b6ff1042df2e67102037600efb8bddc2d1240b45cdcbe9746
1761100396859,2025-10-22T02:33:16.859000+00:00,ASTER,B,1.0467,3189.0,Open Long,0.0,1.281763,0x6e78090a1dbabd5b6ff1042df2e67102037600efb8bddc2d1240b45cdcbe9746
1761100396859,2025-10-22T02:33:16.859000+00:00,ASTER,B,1.0467,646.0,Open Long,0.0,0.259648,0x6e78090a1dbabd5b6ff1042df2e67102037600efb8bddc2d1240b45cdcbe9746
1761100396859,2025-10-22T02:33:16.859000+00:00,ASTER,B,1.0467,610.0,Open Long,0.0,0.245179,0x6e78090a1dbabd5b6ff1042df2e67102037600efb8bddc2d1240b45cdcbe9746
1761100396859,2025-10-22T02:33:16.859000+00:00,ASTER,B,1.0468,1661.0,Open Long,0.0,0.667674,0x6e78090a1dbabd5b6ff1042df2e67102037600efb8bddc2d1240b45cdcbe9746
1761100396859,2025-10-22T02:33:16.859000+00:00,ASTER,B,1.0468,548.0,Open Long,0.0,0.22028,0x6e78090a1dbabd5b6ff1042df2e67102037600efb8bddc2d1240b45cdcbe9746
1761100396859,2025-10-22T02:33:16.859000+00:00,ASTER,B,1.0469,2758.0,Open Long,0.0,1.108742,0x6e78090a1dbabd5b6ff1042df2e67102037600efb8bddc2d1240b45cdcbe9746
1761100396859,2025-10-22T02:33:16.859000+00:00,ASTER,B,1.0469,2401.0,Open Long,0.0,0.965225,0x6e78090a1dbabd5b6ff1042df2e67102037600efb8bddc2d1240b45cdcbe9746
1761100396859,2025-10-22T02:33:16.859000+00:00,ASTER,B,1.0469,682.0,Open Long,0.0,0.27417,0x6e78090a1dbabd5b6ff1042df2e67102037600efb8bddc2d1240b45cdcbe9746
1761100396859,2025-10-22T02:33:16.859000+00:00,ASTER,B,1.0469,653.0,Open Long,0.0,0.262512,0x6e78090a1dbabd5b6ff1042df2e67102037600efb8bddc2d1240b45cdcbe9746
1761100396859,2025-10-22T02:33:16.859000+00:00,ASTER,B,1.0469,2386.0,Open Long,0.0,0.959194,0x6e78090a1dbabd5b6ff1042df2e67102037600efb8bddc2d1240b45cdcbe9746
1761100396859,2025-10-22T02:33:16.859000+00:00,ASTER,B,1.047,391.0,Open Long,0.0,0.1572,0x6e78090a1dbabd5b6ff1042df2e67102037600efb8bddc2d1240b45cdcbe9746
1761100396859,2025-10-22T02:33:16.859000+00:00,ASTER,B,1.047,391.0,Open Long,0.0,0.1572,0x6e78090a1dbabd5b6ff1042df2e67102037600efb8bddc2d1240b45cdcbe9746
1761100396859,2025-10-22T02:33:16.859000+00:00,ASTER,B,1.047,391.0,Open Long,0.0,0.1572,0x6e78090a1dbabd5b6ff1042df2e67102037600efb8bddc2d1240b45cdcbe9746
1761100396859,2025-10-22T02:33:16.859000+00:00,ASTER,B,1.047,823.0,Open Long,0.0,0.330885,0x6e78090a1dbabd5b6ff1042df2e67102037600efb8bddc2d1240b45cdcbe9746
1761100396859,2025-10-22T02:33:16.859000+00:00,ASTER,B,1.047,180.0,Open Long,0.0,0.072368,0x6e78090a1dbabd5b6ff1042df2e67102037600efb8bddc2d1240b45cdcbe9746
1761100396859,2025-10-22T02:33:16.859000+00:00,ASTER,B,1.047,2959.0,Open Long,0.0,1.18966,0x6e78090a1dbabd5b6ff1042df2e67102037600efb8bddc2d1240b45cdcbe9746
1761100396859,2025-10-22T02:33:16.859000+00:00,ASTER,B,1.047,180.0,Open Long,0.0,0.072368,0x6e78090a1dbabd5b6ff1042df2e67102037600efb8bddc2d1240b45cdcbe9746
1761100396859,2025-10-22T02:33:16.859000+00:00,ASTER,B,1.047,180.0,Open Long,0.0,0.072368,0x6e78090a1dbabd5b6ff1042df2e67102037600efb8bddc2d1240b45cdcbe9746
1761100396859,2025-10-22T02:33:16.859000+00:00,ASTER,B,1.047,10518.0,Open Long,0.0,4.22874,0x6e78090a1dbabd5b6ff1042df2e67102037600efb8bddc2d1240b45cdcbe9746
1761100396859,2025-10-22T02:33:16.859000+00:00,ASTER,B,1.0471,8643.0,Open Long,0.0,3.475232,0x6e78090a1dbabd5b6ff1042df2e67102037600efb8bddc2d1240b45cdcbe9746
1761100396859,2025-10-22T02:33:16.859000+00:00,ASTER,B,1.0471,484.0,Open Long,0.0,0.194609,0x6e78090a1dbabd5b6ff1042df2e67102037600efb8bddc2d1240b45cdcbe9746
1761100396859,2025-10-22T02:33:16.859000+00:00,ASTER,B,1.0471,742.0,Open Long,0.0,0.298348,0x6e78090a1dbabd5b6ff1042df2e67102037600efb8bddc2d1240b45cdcbe9746
1761100396859,2025-10-22T02:33:16.859000+00:00,ASTER,B,1.0471,3409.0,Open Long,0.0,1.370712,0x6e78090a1dbabd5b6ff1042df2e67102037600efb8bddc2d1240b45cdcbe9746
1761100396859,2025-10-22T02:33:16.859000+00:00,ASTER,B,1.0471,810.0,Open Long,0.0,0.325689,0x6e78090a1dbabd5b6ff1042df2e67102037600efb8bddc2d1240b45cdcbe9746
1761100396859,2025-10-22T02:33:16.859000+00:00,ASTER,B,1.0471,180.0,Open Long,0.0,0.072375,0x6e78090a1dbabd5b6ff1042df2e67102037600efb8bddc2d1240b45cdcbe9746
1761100396859,2025-10-22T02:33:16.859000+00:00,ASTER,B,1.0471,548.0,Open Long,0.0,0.220343,0x6e78090a1dbabd5b6ff1042df2e67102037600efb8bddc2d1240b45cdcbe9746
1761100396859,2025-10-22T02:33:16.859000+00:00,ASTER,B,1.0472,354.0,Open Long,0.0,0.142352,0x6e78090a1dbabd5b6ff1042df2e67102037600efb8bddc2d1240b45cdcbe9746
1761100396859,2025-10-22T02:33:16.859000+00:00,ASTER,B,1.0472,12.0,Open Long,0.0,0.004825,0x6e78090a1dbabd5b6ff1042df2e67102037600efb8bddc2d1240b45cdcbe9746
1761100396859,2025-10-22T02:33:16.859000+00:00,ASTER,B,1.0472,1927.0,Open Long,0.0,0.774894,0x6e78090a1dbabd5b6ff1042df2e67102037600efb8bddc2d1240b45cdcbe9746
1761107773987,2025-10-22T04:36:13.987000+00:00,ASTER,A,1.0514,670.0,Close Long,3.03108,0.270504,0x248aff1eb354b1ae2604042df44fdc02018900044e57d080c853aa7172588b98
1761107773987,2025-10-22T04:36:13.987000+00:00,ASTER,A,1.0514,728.0,Close Long,3.293472,0.29392,0x248aff1eb354b1ae2604042df44fdc02018900044e57d080c853aa7172588b98
1761107773987,2025-10-22T04:36:13.987000+00:00,ASTER,A,1.0513,498.0,Close Long,2.203152,0.201042,0x248aff1eb354b1ae2604042df44fdc02018900044e57d080c853aa7172588b98
1761107773987,2025-10-22T04:36:13.987000+00:00,ASTER,A,1.0513,2376.0,Close Long,10.511424,0.959189,0x248aff1eb354b1ae2604042df44fdc02018900044e57d080c853aa7172588b98
1761107773987,2025-10-22T04:36:13.987000+00:00,ASTER,A,1.0512,2500.0,Close Long,10.81,1.009152,0x248aff1eb354b1ae2604042df44fdc02018900044e57d080c853aa7172588b98
1761107773987,2025-10-22T04:36:13.987000+00:00,ASTER,A,1.0512,950.0,Close Long,4.1078,0.383477,0x248aff1eb354b1ae2604042df44fdc02018900044e57d080c853aa7172588b98
1761107773987,2025-10-22T04:36:13.987000+00:00,ASTER,A,1.0511,1912.0,Close Long,8.076288,0.771726,0x248aff1eb354b1ae2604042df44fdc02018900044e57d080c853aa7172588b98
1761107773987,2025-10-22T04:36:13.987000+00:00,ASTER,A,1.0511,10039.0,Close Long,42.404736,4.051965,0x248aff1eb354b1ae2604042df44fdc02018900044e57d080c853aa7172588b98
1761107773987,2025-10-22T04:36:13.987000+00:00,ASTER,A,1.0511,1451.0,Close Long,6.129024,0.585656,0x248aff1eb354b1ae2604042df44fdc02018900044e57d080c853aa7172588b98
1761107773987,2025-10-22T04:36:13.987000+00:00,ASTER,A,1.0511,4096.0,Close Long,17.301504,1.653237,0x248aff1eb354b1ae2604042df44fdc02018900044e57d080c853aa7172588b98
1761107773987,2025-10-22T04:36:13.987000+00:00,ASTER,A,1.0511,1468.0,Close Long,6.200832,0.592517,0x248aff1eb354b1ae2604042df44fdc02018900044e57d080c853aa7172588b98
1761107773987,2025-10-22T04:36:13.987000+00:00,ASTER,A,1.0511,2500.0,Close Long,10.56,1.009056,0x248aff1eb354b1ae2604042df44fdc02018900044e57d080c853aa7172588b98
1761107773987,2025-10-22T04:36:13.987000+00:00,ASTER,A,1.051,488.0,Close Long,2.012512,0.196948,0x248aff1eb354b1ae2604042df44fdc02018900044e57d080c853aa7172588b98
1761107773987,2025-10-22T04:36:13.987000+00:00,ASTER,A,1.051,10023.0,Close Long,41.334852,4.045122,0x248aff1eb354b1ae2604042df44fdc02018900044e57d080c853aa7172588b98
1761107773987,2025-10-22T04:36:13.987000+00:00,ASTER,A,1.0509,12.0,Close Long,0.048288,0.004842,0x248aff1eb354b1ae2604042df44fdc02018900044e57d080c853aa7172588b98
1761107773987,2025-10-22T04:36:13.987000+00:00,ASTER,A,1.0508,10039.0,Close Long,39.393036,4.050808,0x248aff1eb354b1ae2604042df44fdc02018900044e57d080c853aa7172588b98
1761107773987,2025-10-22T04:36:13.987000+00:00,ASTER,A,1.0508,536.0,Close Long,2.103264,0.216279,0x248aff1eb354b1ae2604042df44fdc02018900044e57d080c853aa7172588b98
1761107773987,2025-10-22T04:36:13.987000+00:00,ASTER,A,1.0508,500.0,Close Long,1.962,0.201753,0x248aff1eb354b1ae2604042df44fdc02018900044e57d080c853aa7172588b98
1761107773987,2025-10-22T04:36:13.987000+00:00,ASTER,A,1.0508,334.0,Close Long,1.310616,0.134771,0x248aff1eb354b1ae2604042df44fdc02018900044e57d080c853aa7172588b98
1761107773987,2025-10-22T04:36:13.987000+00:00,ASTER,A,1.0507,1912.0,Close Long,7.311488,0.771432,0x248aff1eb354b1ae2604042df44fdc02018900044e57d080c853aa7172588b98
1761107773987,2025-10-22T04:36:13.987000+00:00,ASTER,A,1.0507,223.0,Close Long,0.852752,0.089973,0x248aff1eb354b1ae2604042df44fdc02018900044e57d080c853aa7172588b98
1761107773987,2025-10-22T04:36:13.987000+00:00,ASTER,A,1.0507,7609.0,Close Long,29.096816,3.069994,0x248aff1eb354b1ae2604042df44fdc02018900044e57d080c853aa7172588b98
1761107773987,2025-10-22T04:36:13.987000+00:00,ASTER,A,1.0507,180.0,Close Long,0.68832,0.072624,0x248aff1eb354b1ae2604042df44fdc02018900044e57d080c853aa7172588b98
1761107773987,2025-10-22T04:36:13.987000+00:00,ASTER,A,1.0507,180.0,Close Long,0.68832,0.072624,0x248aff1eb354b1ae2604042df44fdc02018900044e57d080c853aa7172588b98
1761107773987,2025-10-22T04:36:13.987000+00:00,ASTER,A,1.0507,180.0,Close Long,0.68832,0.072624,0x248aff1eb354b1ae2604042df44fdc02018900044e57d080c853aa7172588b98
1761107773987,2025-10-22T04:36:13.987000+00:00,ASTER,A,1.0507,180.0,Close Long,0.68832,0.072624,0x248aff1eb354b1ae2604042df44fdc02018900044e57d080c853aa7172588b98
1761107773987,2025-10-22T04:36:13.987000+00:00,ASTER,A,1.0506,6182.0,Close Long,23.021768,2.494006,0x248aff1eb354b1ae2604042df44fdc02018900044e57d080c853aa7172588b98
1761111693751,2025-10-22T05:41:33.751000+00:00,ASTER,B,1.0448,956.0,Open Long,0.0,0.38355,0x57a649a9ade1ce4b5920042df510de020190008f48e4ed1dfb6ef4fc6ce5a835
1761111693751,2025-10-22T05:41:33.751000+00:00,ASTER,B,1.0449,12.0,Open Long,0.0,0.004814,0x57a649a9ade1ce4b5920042df510de020190008f48e4ed1dfb6ef4fc6ce5a835
1761111693751,2025-10-22T05:41:33.751000+00:00,ASTER,B,1.0449,489.0,Open Long,0.0,0.196207,0x57a649a9ade1ce4b5920042df510de020190008f48e4ed1dfb6ef4fc6ce5a835
1761111693751,2025-10-22T05:41:33.751000+00:00,ASTER,B,1.0449,2391.0,Open Long,0.0,0.959368,0x57a649a9ade1ce4b5920042df510de020190008f48e4ed1dfb6ef4fc6ce5a835
1761111693751,2025-10-22T05:41:33.751000+00:00,ASTER,B,1.045,2013.0,Open Long,0.0,0.807776,0x57a649a9ade1ce4b5920042df510de020190008f48e4ed1dfb6ef4fc6ce5a835
1761111693751,2025-10-22T05:41:33.751000+00:00,ASTER,B,1.045,2000.0,Open Long,0.0,0.80256,0x57a649a9ade1ce4b5920042df510de020190008f48e4ed1dfb6ef4fc6ce5a835
1761111693751,2025-10-22T05:41:33.751000+00:00,ASTER,B,1.045,591.0,Open Long,0.0,0.237156,0x57a649a9ade1ce4b5920042df510de020190008f48e4ed1dfb6ef4fc6ce5a835
1761111693751,2025-10-22T05:41:33.751000+00:00,ASTER,B,1.0451,2000.0,Open Long,0.0,0.802636,0x57a649a9ade1ce4b5920042df510de020190008f48e4ed1dfb6ef4fc6ce5a835
1761111693751,2025-10-22T05:41:33.751000+00:00,ASTER,B,1.0451,1642.0,Open Long,0.0,0.658964,0x57a649a9ade1ce4b5920042df510de020190008f48e4ed1dfb6ef4fc6ce5a835
1761111693751,2025-10-22T05:41:33.751000+00:00,ASTER,B,1.0451,745.0,Open Long,0.0,0.298982,0x57a649a9ade1ce4b5920042df510de020190008f48e4ed1dfb6ef4fc6ce5a835
1761111693751,2025-10-22T05:41:33.751000+00:00,ASTER,B,1.0451,781.0,Open Long,0.0,0.313429,0x57a649a9ade1ce4b5920042df510de020190008f48e4ed1dfb6ef4fc6ce5a835
1761111693751,2025-10-22T05:41:33.751000+00:00,ASTER,B,1.0452,10039.0,Open Long,0.0,4.02922,0x57a649a9ade1ce4b5920042df510de020190008f48e4ed1dfb6ef4fc6ce5a835
1761111693751,2025-10-22T05:41:33.751000+00:00,ASTER,B,1.0452,193.0,Open Long,0.0,0.077461,0x57a649a9ade1ce4b5920042df510de020190008f48e4ed1dfb6ef4fc6ce5a835
1761111693751,2025-10-22T05:41:33.751000+00:00,ASTER,B,1.0452,2000.0,Open Long,0.0,0.802713,0x57a649a9ade1ce4b5920042df510de020190008f48e4ed1dfb6ef4fc6ce5a835
1761111693751,2025-10-22T05:41:33.751000+00:00,ASTER,B,1.0452,180.0,Open Long,0.0,0.072244,0x57a649a9ade1ce4b5920042df510de020190008f48e4ed1dfb6ef4fc6ce5a835
1761111693751,2025-10-22T05:41:33.751000+00:00,ASTER,B,1.0452,180.0,Open Long,0.0,0.072244,0x57a649a9ade1ce4b5920042df510de020190008f48e4ed1dfb6ef4fc6ce5a835
1761111693751,2025-10-22T05:41:33.751000+00:00,ASTER,B,1.0453,157.0,Open Long,0.0,0.063019,0x57a649a9ade1ce4b5920042df510de020190008f48e4ed1dfb6ef4fc6ce5a835
1761111693751,2025-10-22T05:41:33.751000+00:00,ASTER,B,1.0453,355.0,Open Long,0.0,0.142495,0x57a649a9ade1ce4b5920042df510de020190008f48e4ed1dfb6ef4fc6ce5a835
1761111693751,2025-10-22T05:41:33.751000+00:00,ASTER,B,1.0453,355.0,Open Long,0.0,0.142495,0x57a649a9ade1ce4b5920042df510de020190008f48e4ed1dfb6ef4fc6ce5a835
1761111693751,2025-10-22T05:41:33.751000+00:00,ASTER,B,1.0453,7648.0,Open Long,0.0,3.06987,0x57a649a9ade1ce4b5920042df510de020190008f48e4ed1dfb6ef4fc6ce5a835
1761111693751,2025-10-22T05:41:33.751000+00:00,ASTER,B,1.0454,9088.0,Open Long,0.0,3.648228,0x57a649a9ade1ce4b5920042df510de020190008f48e4ed1dfb6ef4fc6ce5a835
1761111693751,2025-10-22T05:41:33.751000+00:00,ASTER,B,1.0454,2013.0,Open Long,0.0,0.808085,0x57a649a9ade1ce4b5920042df510de020190008f48e4ed1dfb6ef4fc6ce5a835
1761111693751,2025-10-22T05:41:33.751000+00:00,ASTER,B,1.0454,249.0,Open Long,0.0,0.099956,0x57a649a9ade1ce4b5920042df510de020190008f48e4ed1dfb6ef4fc6ce5a835
1761111693751,2025-10-22T05:41:33.751000+00:00,ASTER,B,1.0454,180.0,Open Long,0.0,0.072258,0x57a649a9ade1ce4b5920042df510de020190008f48e4ed1dfb6ef4fc6ce5a835
1761111693751,2025-10-22T05:41:33.751000+00:00,ASTER,B,1.0454,180.0,Open Long,0.0,0.072258,0x57a649a9ade1ce4b5920042df510de020190008f48e4ed1dfb6ef4fc6ce5a835
1761111693751,2025-10-22T05:41:33.751000+00:00,ASTER,B,1.0454,180.0,Open Long,0.0,0.072258,0x57a649a9ade1ce4b5920042df510de020190008f48e4ed1dfb6ef4fc6ce5a835
1761111693751,2025-10-22T05:41:33.751000+00:00,ASTER,B,1.0454,4870.0,Open Long,0.0,1.954981,0x57a649a9ade1ce4b5920042df510de020190008f48e4ed1dfb6ef4fc6ce5a835
1761111693751,2025-10-22T05:41:33.751000+00:00,ASTER,B,1.0454,591.0,Open Long,0.0,0.237247,0x57a649a9ade1ce4b5920042df510de020190008f48e4ed1dfb6ef4fc6ce5a835
1761111693751,2025-10-22T05:41:33.751000+00:00,ASTER,B,1.0455,10039.0,Open Long,0.0,4.030377,0x57a649a9ade1ce4b5920042df510de020190008f48e4ed1dfb6ef4fc6ce5a835
1761111693751,2025-10-22T05:41:33.751000+00:00,ASTER,B,1.0455,1627.0,Open Long,0.0,0.653194,0x57a649a9ade1ce4b5920042df510de020190008f48e4ed1dfb6ef4fc6ce5a835
1761111693751,2025-10-22T05:41:33.751000+00:00,ASTER,B,1.0455,1660.0,Open Long,0.0,0.666443,0x57a649a9ade1ce4b5920042df510de020190008f48e4ed1dfb6ef4fc6ce5a835
1761111693751,2025-10-22T05:41:33.751000+00:00,ASTER,B,1.0455,355.0,Open Long,0.0,0.142522,0x57a649a9ade1ce4b5920042df510de020190008f48e4ed1dfb6ef4fc6ce5a835
1761111693751,2025-10-22T05:41:33.751000+00:00,ASTER,B,1.0455,2762.0,Open Long,0.0,1.108865,0x57a649a9ade1ce4b5920042df510de020190008f48e4ed1dfb6ef4fc6ce5a835
1761111693751,2025-10-22T05:41:33.751000+00:00,ASTER,B,1.0455,593.0,Open Long,0.0,0.238072,0x57a649a9ade1ce4b5920042df510de020190008f48e4ed1dfb6ef4fc6ce5a835
1761111693751,2025-10-22T05:41:33.751000+00:00,ASTER,B,1.0455,5609.0,Open Long,0.0,2.251856,0x57a649a9ade1ce4b5920042df510de020190008f48e4ed1dfb6ef4fc6ce5a835
1761111693751,2025-10-22T05:41:33.751000+00:00,ASTER,B,1.0455,7726.0,Open Long,0.0,3.101772,0x57a649a9ade1ce4b5920042df510de020190008f48e4ed1dfb6ef4fc6ce5a835
1761111693751,2025-10-22T05:41:33.751000+00:00,ASTER,B,1.0456,329.0,Open Long,0.0,0.132096,0x57a649a9ade1ce4b5920042df510de020190008f48e4ed1dfb6ef4fc6ce5a835
1761111693751,2025-10-22T05:41:33.751000+00:00,ASTER,B,1.0456,12916.0,Open Long,0.0,5.185908,0x57a649a9ade1ce4b5920042df510de020190008f48e4ed1dfb6ef4fc6ce5a835
1761111693751,2025-10-22T05:41:33.751000+00:00,ASTER,B,1.0456,355.0,Open Long,0.0,0.142536,0x57a649a9ade1ce4b5920042df510de020190008f48e4ed1dfb6ef4fc6ce5a835
1761111693751,2025-10-22T05:41:33.751000+00:00,ASTER,B,1.0456,355.0,Open Long,0.0,0.142536,0x57a649a9ade1ce4b5920042df510de020190008f48e4ed1dfb6ef4fc6ce5a835
1761111693751,2025-10-22T05:41:33.751000+00:00,ASTER,B,1.0456,355.0,Open Long,0.0,0.142536,0x57a649a9ade1ce4b5920042df510de020190008f48e4ed1dfb6ef4fc6ce5a835
1761111693751,2025-10-22T05:41:33.751000+00:00,ASTER,B,1.0456,190.0,Open Long,0.0,0.076286,0x57a649a9ade1ce4b5920042df510de020190008f48e4ed1dfb6ef4fc6ce5a835
1761111693751,2025-10-22T05:41:33.751000+00:00,ASTER,B,1.0456,190.0,Open Long,0.0,0.076286,0x57a649a9ade1ce4b5920042df510de020190008f48e4ed1dfb6ef4fc6ce5a835
1761111693751,2025-10-22T05:41:33.751000+00:00,ASTER,B,1.0457,355.0,Open Long,0.0,0.142549,0x57a649a9ade1ce4b5920042df510de020190008f48e4ed1dfb6ef4fc6ce5a835
1761111693751,2025-10-22T05:41:33.751000+00:00,ASTER,B,1.0457,19117.0,Open Long,0.0,7.676408,0x57a649a9ade1ce4b5920042df510de020190008f48e4ed1dfb6ef4fc6ce5a835
1761111693751,2025-10-22T05:41:33.751000+00:00,ASTER,B,1.0458,2013.0,Open Long,0.0,0.808395,0x57a649a9ade1ce4b5920042df510de020190008f48e4ed1dfb6ef4fc6ce5a835
1761111693751,2025-10-22T05:41:33.751000+00:00,ASTER,B,1.0458,9088.0,Open Long,0.0,3.649624,0x57a649a9ade1ce4b5920042df510de020190008f48e4ed1dfb6ef4fc6ce5a835
1761111693751,2025-10-22T05:41:33.751000+00:00,ASTER,B,1.0458,355.0,Open Long,0.0,0.142563,0x57a649a9ade1ce4b5920042df510de020190008f48e4ed1dfb6ef4fc6ce5a835
1761111693751,2025-10-22T05:41:33.751000+00:00,ASTER,B,1.0458,372.0,Open Long,0.0,0.14939,0x57a649a9ade1ce4b5920042df510de020190008f48e4ed1dfb6ef4fc6ce5a835
1761111693751,2025-10-22T05:41:33.751000+00:00,ASTER,B,1.0458,372.0,Open Long,0.0,0.14939,0x57a649a9ade1ce4b5920042df510de020190008f48e4ed1dfb6ef4fc6ce5a835
1761111693751,2025-10-22T05:41:33.751000+00:00,ASTER,B,1.0458,957.0,Open Long,0.0,0.384318,0x57a649a9ade1ce4b5920042df510de020190008f48e4ed1dfb6ef4fc6ce5a835
1761111693751,2025-10-22T05:41:33.751000+00:00,ASTER,B,1.0458,1000.0,Open Long,0.0,0.401587,0x57a649a9ade1ce4b5920042df510de020190008f48e4ed1dfb6ef4fc6ce5a835
1761111693751,2025-10-22T05:41:33.751000+00:00,ASTER,B,1.0458,887.0,Open Long,0.0,0.356207,0x57a649a9ade1ce4b5920042df510de020190008f48e4ed1dfb6ef4fc6ce5a835
1761111693751,2025-10-22T05:41:33.751000+00:00,ASTER,B,1.0459,10039.0,Open Long,0.0,4.031919,0x57a649a9ade1ce4b5920042df510de020190008f48e4ed1dfb6ef4fc6ce5a835
1761111693751,2025-10-22T05:41:33.751000+00:00,ASTER,B,1.0459,372.0,Open Long,0.0,0.149404,0x57a649a9ade1ce4b5920042df510de020190008f48e4ed1dfb6ef4fc6ce5a835
1761111693751,2025-10-22T05:41:33.751000+00:00,ASTER,B,1.0459,28330.0,Open Long,0.0,11.378053,0x57a649a9ade1ce4b5920042df510de020190008f48e4ed1dfb6ef4fc6ce5a835
1761111693751,2025-10-22T05:41:33.751000+00:00,ASTER,B,1.046,12.0,Open Long,0.0,0.004819,0x57a649a9ade1ce4b5920042df510de020190008f48e4ed1dfb6ef4fc6ce5a835
1761111693751,2025-10-22T05:41:33.751000+00:00,ASTER,B,1.046,1396.0,Open Long,0.0,0.560722,0x57a649a9ade1ce4b5920042df510de020190008f48e4ed1dfb6ef4fc6ce5a835
1761111693751,2025-10-22T05:41:33.751000+00:00,ASTER,B,1.046,2842.0,Open Long,0.0,1.141529,0x57a649a9ade1ce4b5920042df510de020190008f48e4ed1dfb6ef4fc6ce5a835
1761111693751,2025-10-22T05:41:33.751000+00:00,ASTER,B,1.046,786.0,Open Long,0.0,0.315707,0x57a649a9ade1ce4b5920042df510de020190008f48e4ed1dfb6ef4fc6ce5a835
1761111693751,2025-10-22T05:41:33.751000+00:00,ASTER,B,1.046,372.0,Open Long,0.0,0.149419,0x57a649a9ade1ce4b5920042df510de020190008f48e4ed1dfb6ef4fc6ce5a835
1761111693751,2025-10-22T05:41:33.751000+00:00,ASTER,B,1.046,190.0,Open Long,0.0,0.076316,0x57a649a9ade1ce4b5920042df510de020190008f48e4ed1dfb6ef4fc6ce5a835
1761111693751,2025-10-22T05:41:33.751000+00:00,ASTER,B,1.046,372.0,Open Long,0.0,0.149419,0x57a649a9ade1ce4b5920042df510de020190008f48e4ed1dfb6ef4fc6ce5a835
1761111693751,2025-10-22T05:41:33.751000+00:00,ASTER,B,1.046,14627.0,Open Long,0.0,5.875139,0x57a649a9ade1ce4b5920042df510de020190008f48e4ed1dfb6ef4fc6ce5a835
1761111693751,2025-10-22T05:41:33.751000+00:00,ASTER,B,1.046,4835.0,Open Long,0.0,1.942045,0x57a649a9ade1ce4b5920042df510de020190008f48e4ed1dfb6ef4fc6ce5a835
1761111693751,2025-10-22T05:41:33.751000+00:00,ASTER,B,1.0461,372.0,Open Long,0.0,0.149433,0x57a649a9ade1ce4b5920042df510de020190008f48e4ed1dfb6ef4fc6ce5a835
1761111693751,2025-10-22T05:41:33.751000+00:00,ASTER,B,1.0461,1774.0,Open Long,0.0,0.71262,0x57a649a9ade1ce4b5920042df510de020190008f48e4ed1dfb6ef4fc6ce5a835
1761111693751,2025-10-22T05:41:33.751000+00:00,ASTER,B,1.0462,9088.0,Open Long,0.0,3.65102,0x57a649a9ade1ce4b5920042df510de020190008f48e4ed1dfb6ef4fc6ce5a835
1761111693751,2025-10-22T05:41:33.751000+00:00,ASTER,B,1.0462,2013.0,Open Long,0.0,0.808704,0x57a649a9ade1ce4b5920042df510de020190008f48e4ed1dfb6ef4fc6ce5a835
1761111693751,2025-10-22T05:41:33.751000+00:00,ASTER,B,1.0462,1414.0,Open Long,0.0,0.568061,0x57a649a9ade1ce4b5920042df510de020190008f48e4ed1dfb6ef4fc6ce5a835
1761111693751,2025-10-22T05:41:33.751000+00:00,ASTER,B,1.0462,1406.0,Open Long,0.0,0.564847,0x57a649a9ade1ce4b5920042df510de020190008f48e4ed1dfb6ef4fc6ce5a835
1761111693751,2025-10-22T05:41:33.751000+00:00,ASTER,B,1.0462,372.0,Open Long,0.0,0.149447,0x57a649a9ade1ce4b5920042df510de020190008f48e4ed1dfb6ef4fc6ce5a835
1761111693751,2025-10-22T05:41:33.751000+00:00,ASTER,B,1.0462,190.0,Open Long,0.0,0.07633,0x57a649a9ade1ce4b5920042df510de020190008f48e4ed1dfb6ef4fc6ce5a835
1761111693751,2025-10-22T05:41:33.751000+00:00,ASTER,B,1.0463,200.0,Open Long,0.0,0.080355,0x57a649a9ade1ce4b5920042df510de020190008f48e4ed1dfb6ef4fc6ce5a835
1761111693751,2025-10-22T05:41:33.751000+00:00,ASTER,B,1.0463,200.0,Open Long,0.0,0.080355,0x57a649a9ade1ce4b5920042df510de020190008f48e4ed1dfb6ef4fc6ce5a835
1761111693751,2025-10-22T05:41:33.751000+00:00,ASTER,B,1.0463,372.0,Open Long,0.0,0.149461,0x57a649a9ade1ce4b5920042df510de020190008f48e4ed1dfb6ef4fc6ce5a835
1761111693751,2025-10-22T05:41:33.751000+00:00,ASTER,B,1.0463,372.0,Open Long,0.0,0.149461,0x57a649a9ade1ce4b5920042df510de020190008f48e4ed1dfb6ef4fc6ce5a835
1761111693751,2025-10-22T05:41:33.751000+00:00,ASTER,B,1.0464,10039.0,Open Long,0.0,4.033846,0x57a649a9ade1ce4b5920042df510de020190008f48e4ed1dfb6ef4fc6ce5a835
1761111693751,2025-10-22T05:41:33.751000+00:00,ASTER,B,1.0464,1195.0,Open Long,0.0,0.480172,0x57a649a9ade1ce4b5920042df510de020190008f48e4ed1dfb6ef4fc6ce5a835
1761111693751,2025-10-22T05:41:33.751000+00:00,ASTER,B,1.0464,372.0,Open Long,0.0,0.149476,0x57a649a9ade1ce4b5920042df510de020190008f48e4ed1dfb6ef4fc6ce5a835
1761111693751,2025-10-22T05:41:33.751000+00:00,ASTER,B,1.0465,2842.0,Open Long,0.0,1.142074,0x57a649a9ade1ce4b5920042df510de020190008f48e4ed1dfb6ef4fc6ce5a835
1761111693751,2025-10-22T05:41:33.751000+00:00,ASTER,B,1.0465,200.0,Open Long,0.0,0.080371,0x57a649a9ade1ce4b5920042df510de020190008f48e4ed1dfb6ef4fc6ce5a835
1761111693751,2025-10-22T05:41:33.751000+00:00,ASTER,B,1.0465,42981.0,Open Long,0.0,17.272172,0x57a649a9ade1ce4b5920042df510de020190008f48e4ed1dfb6ef4fc6ce5a835
1761111693751,2025-10-22T05:41:33.751000+00:00,ASTER,B,1.0466,3.0,Open Long,0.0,0.001205,0x57a649a9ade1ce4b5920042df510de020190008f48e4ed1dfb6ef4fc6ce5a835
1761111693751,2025-10-22T05:41:33.751000+00:00,ASTER,B,1.0466,2013.0,Open Long,0.0,0.809013,0x57a649a9ade1ce4b5920042df510de020190008f48e4ed1dfb6ef4fc6ce5a835
1761111693751,2025-10-22T05:41:33.751000+00:00,ASTER,B,1.0466,9088.0,Open Long,0.0,3.652416,0x57a649a9ade1ce4b5920042df510de020190008f48e4ed1dfb6ef4fc6ce5a835
1761111693751,2025-10-22T05:41:33.751000+00:00,ASTER,B,1.0466,878.0,Open Long,0.0,0.352863,0x57a649a9ade1ce4b5920042df510de020190008f48e4ed1dfb6ef4fc6ce5a835
1761111693751,2025-10-22T05:41:33.751000+00:00,ASTER,B,1.0467,10039.0,Open Long,0.0,4.035003,0x57a649a9ade1ce4b5920042df510de020190008f48e4ed1dfb6ef4fc6ce5a835
1761111693751,2025-10-22T05:41:33.751000+00:00,ASTER,B,1.0467,28.0,Open Long,0.0,0.011254,0x57a649a9ade1ce4b5920042df510de020190008f48e4ed1dfb6ef4fc6ce5a835
1761111693751,2025-10-22T05:41:33.751000+00:00,ASTER,B,1.0467,2054.0,Open Long,0.0,0.825569,0x57a649a9ade1ce4b5920042df510de020190008f48e4ed1dfb6ef4fc6ce5a835
1761111693751,2025-10-22T05:41:33.751000+00:00,ASTER,B,1.0467,9197.0,Open Long,0.0,3.696575,0x57a649a9ade1ce4b5920042df510de020190008f48e4ed1dfb6ef4fc6ce5a835
1761111693751,2025-10-22T05:41:33.751000+00:00,ASTER,B,1.0468,34005.0,Open Long,0.0,13.66903,0x57a649a9ade1ce4b5920042df510de020190008f48e4ed1dfb6ef4fc6ce5a835
1761111804752,2025-10-22T05:43:24.752000+00:00,ASTER,A,1.0457,3825.0,Close Long,-1.220175,1.535924,0x104bf8c4ed26574b11c5042df5167e02018400aa8829761db414a417ac2a3135
1761111804752,2025-10-22T05:43:24.752000+00:00,ASTER,A,1.0455,2389.0,Close Long,-1.239891,0.959116,0x104bf8c4ed26574b11c5042df5167e02018400aa8829761db414a417ac2a3135
1761111804752,2025-10-22T05:43:24.752000+00:00,ASTER,A,1.0454,2002.0,Close Long,-1.239238,0.80367,0x104bf8c4ed26574b11c5042df5167e02018400aa8829761db414a417ac2a3135
1761111804752,2025-10-22T05:43:24.752000+00:00,ASTER,A,1.0454,1653.0,Close Long,-1.023207,0.663569,0x104bf8c4ed26574b11c5042df5167e02018400aa8829761db414a417ac2a3135
1761111804752,2025-10-22T05:43:24.752000+00:00,ASTER,A,1.0454,698.0,Close Long,-0.432062,0.2802,0x104bf8c4ed26574b11c5042df5167e02018400aa8829761db414a417ac2a3135
1761111804752,2025-10-22T05:43:24.752000+00:00,ASTER,A,1.0454,632.0,Close Long,-0.391208,0.253706,0x104bf8c4ed26574b11c5042df5167e02018400aa8829761db414a417ac2a3135
1761111804752,2025-10-22T05:43:24.752000+00:00,ASTER,A,1.0453,640.0,Close Long,-0.46016,0.256892,0x104bf8c4ed26574b11c5042df5167e02018400aa8829761db414a417ac2a3135
1761111804752,2025-10-22T05:43:24.752000+00:00,ASTER,A,1.0453,634.0,Close Long,-0.455846,0.254484,0x104bf8c4ed26574b11c5042df5167e02018400aa8829761db414a417ac2a3135
1761111804752,2025-10-22T05:43:24.752000+00:00,ASTER,A,1.0453,2703.0,Close Long,-1.943457,1.084971,0x104bf8c4ed26574b11c5042df5167e02018400aa8829761db414a417ac2a3135
1761111804752,2025-10-22T05:43:24.752000+00:00,ASTER,A,1.0453,7648.0,Close Long,-5.498912,3.06987,0x104bf8c4ed26574b11c5042df5167e02018400aa8829761db414a417ac2a3135
1761111804752,2025-10-22T05:43:24.752000+00:00,ASTER,A,1.0452,688.0,Close Long,-0.563472,0.276133,0x104bf8c4ed26574b11c5042df5167e02018400aa8829761db414a417ac2a3135
1761111804752,2025-10-22T05:43:24.752000+00:00,ASTER,A,1.0452,2000.0,Close Long,-1.638,0.802713,0x104bf8c4ed26574b11c5042df5167e02018400aa8829761db414a417ac2a3135
1761111804752,2025-10-22T05:43:24.752000+00:00,ASTER,A,1.0451,2013.0,Close Long,-1.849947,0.807853,0x104bf8c4ed26574b11c5042df5167e02018400aa8829761db414a417ac2a3135
1761111804752,2025-10-22T05:43:24.752000+00:00,ASTER,A,1.0451,575.0,Close Long,-0.528425,0.230758,0x104bf8c4ed26574b11c5042df5167e02018400aa8829761db414a417ac2a3135
1761111804752,2025-10-22T05:43:24.752000+00:00,ASTER,A,1.0451,1316.0,Close Long,-1.209404,0.528135,0x104bf8c4ed26574b11c5042df5167e02018400aa8829761db414a417ac2a3135
1761111804752,2025-10-22T05:43:24.752000+00:00,ASTER,A,1.0451,1642.0,Close Long,-1.508998,0.658964,0x104bf8c4ed26574b11c5042df5167e02018400aa8829761db414a417ac2a3135
1761111804752,2025-10-22T05:43:24.752000+00:00,ASTER,A,1.0451,1307.0,Close Long,-1.201133,0.524523,0x104bf8c4ed26574b11c5042df5167e02018400aa8829761db414a417ac2a3135
1761111804752,2025-10-22T05:43:24.752000+00:00,ASTER,A,1.045,10039.0,Close Long,-10.229741,4.028449,0x104bf8c4ed26574b11c5042df5167e02018400aa8829761db414a417ac2a3135
1761111804752,2025-10-22T05:43:24.752000+00:00,ASTER,A,1.045,355.0,Close Long,-0.361745,0.142454,0x104bf8c4ed26574b11c5042df5167e02018400aa8829761db414a417ac2a3135
1761111804752,2025-10-22T05:43:24.752000+00:00,ASTER,A,1.045,1125.0,Close Long,-1.146375,0.45144,0x104bf8c4ed26574b11c5042df5167e02018400aa8829761db414a417ac2a3135
1761111804752,2025-10-22T05:43:24.752000+00:00,ASTER,A,1.045,826.0,Close Long,-0.841694,0.331457,0x104bf8c4ed26574b11c5042df5167e02018400aa8829761db414a417ac2a3135
1761111804752,2025-10-22T05:43:24.752000+00:00,ASTER,A,1.045,500.0,Close Long,-0.5095,0.20064,0x104bf8c4ed26574b11c5042df5167e02018400aa8829761db414a417ac2a3135
1761111804752,2025-10-22T05:43:24.752000+00:00,ASTER,A,1.0449,12.0,Close Long,-0.013428,0.004814,0x104bf8c4ed26574b11c5042df5167e02018400aa8829761db414a417ac2a3135
1761111804752,2025-10-22T05:43:24.752000+00:00,ASTER,A,1.0449,180.0,Close Long,-0.20142,0.072223,0x104bf8c4ed26574b11c5042df5167e02018400aa8829761db414a417ac2a3135
1761111804752,2025-10-22T05:43:24.752000+00:00,ASTER,A,1.0449,1409.0,Close Long,-1.576671,0.565349,0x104bf8c4ed26574b11c5042df5167e02018400aa8829761db414a417ac2a3135
1761111804752,2025-10-22T05:43:24.752000+00:00,ASTER,A,1.0449,5063.0,Close Long,-5.665497,2.031486,0x104bf8c4ed26574b11c5042df5167e02018400aa8829761db414a417ac2a3135
1761111804752,2025-10-22T05:43:24.752000+00:00,ASTER,A,1.0449,180.0,Close Long,-0.20142,0.072223,0x104bf8c4ed26574b11c5042df5167e02018400aa8829761db414a417ac2a3135
1761111804752,2025-10-22T05:43:24.752000+00:00,ASTER,A,1.0448,19129.0,Close Long,-23.318251,7.674616,0x104bf8c4ed26574b11c5042df5167e02018400aa8829761db414a417ac2a3135
1761111804752,2025-10-22T05:43:24.752000+00:00,ASTER,A,1.0448,180.0,Close Long,-0.21942,0.072216,0x104bf8c4ed26574b11c5042df5167e02018400aa8829761db414a417ac2a3135
1761111804752,2025-10-22T05:43:24.752000+00:00,ASTER,A,1.0447,2013.0,Close Long,-2.655147,0.807544,0x104bf8c4ed26574b11c5042df5167e02018400aa8829761db414a417ac2a3135
1761111804752,2025-10-22T05:43:24.752000+00:00,ASTER,A,1.0447,10039.0,Close Long,-13.241441,4.027293,0x104bf8c4ed26574b11c5042df5167e02018400aa8829761db414a417ac2a3135
1761111804752,2025-10-22T05:43:24.752000+00:00,ASTER,A,1.0447,157.0,Close Long,-0.207083,0.062982,0x104bf8c4ed26574b11c5042df5167e02018400aa8829761db414a417ac2a3135
1761111804752,2025-10-22T05:43:24.752000+00:00,ASTER,A,1.0447,180.0,Close Long,-0.23742,0.072209,0x104bf8c4ed26574b11c5042df5167e02018400aa8829761db414a417ac2a3135
1761111804752,2025-10-22T05:43:24.752000+00:00,ASTER,A,1.0447,1151.0,Close Long,-1.518169,0.46174,0x104bf8c4ed26574b11c5042df5167e02018400aa8829761db414a417ac2a3135
1761111804752,2025-10-22T05:43:24.752000+00:00,ASTER,A,1.0447,2764.0,Close Long,-3.645716,1.108819,0x104bf8c4ed26574b11c5042df5167e02018400aa8829761db414a417ac2a3135
1761111804752,2025-10-22T05:43:24.752000+00:00,ASTER,A,1.0447,355.0,Close Long,-0.468245,0.142413,0x104bf8c4ed26574b11c5042df5167e02018400aa8829761db414a417ac2a3135
1761111804752,2025-10-22T05:43:24.752000+00:00,ASTER,A,1.0447,355.0,Close Long,-0.468245,0.142413,0x104bf8c4ed26574b11c5042df5167e02018400aa8829761db414a417ac2a3135
1761111804752,2025-10-22T05:43:24.752000+00:00,ASTER,A,1.0446,2842.0,Close Long,-4.032798,1.140001,0x104bf8c4ed26574b11c5042df5167e02018400aa8829761db414a417ac2a3135
1761111804752,2025-10-22T05:43:24.752000+00:00,ASTER,A,1.0446,1568.0,Close Long,-2.224992,0.628966,0x104bf8c4ed26574b11c5042df5167e02018400aa8829761db414a417ac2a3135
1761111804752,2025-10-22T05:43:24.752000+00:00,ASTER,A,1.0446,355.0,Close Long,-0.503745,0.142399,0x104bf8c4ed26574b11c5042df5167e02018400aa8829761db414a417ac2a3135
1761111804752,2025-10-22T05:43:24.752000+00:00,ASTER,A,1.0446,355.0,Close Long,-0.503745,0.142399,0x104bf8c4ed26574b11c5042df5167e02018400aa8829761db414a417ac2a3135
1761111804752,2025-10-22T05:43:24.752000+00:00,ASTER,A,1.0446,534.0,Close Long,-0.757746,0.214201,0x104bf8c4ed26574b11c5042df5167e02018400aa8829761db414a417ac2a3135
1761111804752,2025-10-22T05:43:24.752000+00:00,ASTER,A,1.0446,355.0,Close Long,-0.503745,0.142399,0x104bf8c4ed26574b11c5042df5167e02018400aa8829761db414a417ac2a3135
1761111804752,2025-10-22T05:43:24.752000+00:00,ASTER,A,1.0444,1102.0,Close Long,-1.784138,0.441956,0x104bf8c4ed26574b11c5042df5167e02018400aa8829761db414a417ac2a3135
1761111804752,2025-10-22T05:43:24.752000+00:00,ASTER,A,1.0443,10039.0,Close Long,-17.257041,4.025751,0x104bf8c4ed26574b11c5042df5167e02018400aa8829761db414a417ac2a3135
1761111804752,2025-10-22T05:43:24.752000+00:00,ASTER,A,1.0443,1728.0,Close Long,-2.970432,0.692947,0x104bf8c4ed26574b11c5042df5167e02018400aa8829761db414a417ac2a3135
1761111804752,2025-10-22T05:43:24.752000+00:00,ASTER,A,1.0442,2013.0,Close Long,-3.661647,0.807158,0x104bf8c4ed26574b11c5042df5167e02018400aa8829761db414a417ac2a3135
1761111804752,2025-10-22T05:43:24.752000+00:00,ASTER,A,1.0442,7166.0,Close Long,-13.034954,2.873371,0x104bf8c4ed26574b11c5042df5167e02018400aa8829761db414a417ac2a3135
1761111804752,2025-10-22T05:43:24.752000+00:00,ASTER,A,1.0442,4723.0,Close Long,-8.591137,1.893794,0x104bf8c4ed26574b11c5042df5167e02018400aa8829761db414a417ac2a3135
1761111804752,2025-10-22T05:43:24.752000+00:00,ASTER,A,1.0441,2842.0,Close Long,-5.453798,1.139455,0x104bf8c4ed26574b11c5042df5167e02018400aa8829761db414a417ac2a3135
1761111804752,2025-10-22T05:43:24.752000+00:00,ASTER,A,1.0441,43067.0,Close Long,-82.645573,17.267041,0x104bf8c4ed26574b11c5042df5167e02018400aa8829761db414a417ac2a3135
1761111804752,2025-10-22T05:43:24.752000+00:00,ASTER,A,1.0441,1000.0,Close Long,-1.919,0.400934,0x104bf8c4ed26574b11c5042df5167e02018400aa8829761db414a417ac2a3135
1761111804752,2025-10-22T05:43:24.752000+00:00,ASTER,A,1.044,10039.0,Close Long,-20.268741,4.024594,0x104bf8c4ed26574b11c5042df5167e02018400aa8829761db414a417ac2a3135
1761111804752,2025-10-22T05:43:24.752000+00:00,ASTER,A,1.044,2305.0,Close Long,-4.653795,0.924065,0x104bf8c4ed26574b11c5042df5167e02018400aa8829761db414a417ac2a3135
1761111804752,2025-10-22T05:43:24.752000+00:00,ASTER,A,1.044,1365.0,Close Long,-2.755935,0.547223,0x104bf8c4ed26574b11c5042df5167e02018400aa8829761db414a417ac2a3135
1761111804752,2025-10-22T05:43:24.752000+00:00,ASTER,A,1.044,1358.0,Close Long,-2.741802,0.544416,0x104bf8c4ed26574b11c5042df5167e02018400aa8829761db414a417ac2a3135
1761111804752,2025-10-22T05:43:24.752000+00:00,ASTER,A,1.0439,392.0,Close Long,-0.830648,0.157136,0x104bf8c4ed26574b11c5042df5167e02018400aa8829761db414a417ac2a3135
1761111804752,2025-10-22T05:43:24.752000+00:00,ASTER,A,1.0438,12.0,Close Long,-0.026628,0.004809,0x104bf8c4ed26574b11c5042df5167e02018400aa8829761db414a417ac2a3135
1761111804752,2025-10-22T05:43:24.752000+00:00,ASTER,A,1.0438,29073.0,Close Long,-64.512987,11.653016,0x104bf8c4ed26574b11c5042df5167e02018400aa8829761db414a417ac2a3135
1761111804752,2025-10-22T05:43:24.752000+00:00,ASTER,A,1.0437,2013.0,Close Long,-4.668147,0.806771,0x104bf8c4ed26574b11c5042df5167e02018400aa8829761db414a417ac2a3135
1761111804752,2025-10-22T05:43:24.752000+00:00,ASTER,A,1.0437,10039.0,Close Long,-23.280441,4.023438,0x104bf8c4ed26574b11c5042df5167e02018400aa8829761db414a417ac2a3135
1761111804752,2025-10-22T05:43:24.752000+00:00,ASTER,A,1.0437,7166.0,Close Long,-16.617954,2.871995,0x104bf8c4ed26574b11c5042df5167e02018400aa8829761db414a417ac2a3135
1761111804752,2025-10-22T05:43:24.752000+00:00,ASTER,A,1.0437,1895.0,Close Long,-4.394505,0.759479,0x104bf8c4ed26574b11c5042df5167e02018400aa8829761db414a417ac2a3135
1761111804752,2025-10-22T05:43:24.752000+00:00,ASTER,A,1.0436,1279.0,Close Long,-3.093901,0.512549,0x104bf8c4ed26574b11c5042df5167e02018400aa8829761db414a417ac2a3135
1761111804752,2025-10-22T05:43:24.752000+00:00,ASTER,A,1.0436,1492.0,Close Long,-3.609148,0.597907,0x104bf8c4ed26574b11c5042df5167e02018400aa8829761db414a417ac2a3135
1761111804752,2025-10-22T05:43:24.752000+00:00,ASTER,A,1.0435,47893.0,Close Long,-120.642467,19.190916,0x104bf8c4ed26574b11c5042df5167e02018400aa8829761db414a417ac2a3135
1761111804752,2025-10-22T05:43:24.752000+00:00,ASTER,A,1.0435,872.0,Close Long,-2.196568,0.349413,0x104bf8c4ed26574b11c5042df5167e02018400aa8829761db414a417ac2a3135
1761111804752,2025-10-22T05:43:24.752000+00:00,ASTER,A,1.0434,157.0,Close Long,-0.411183,0.062904,0x104bf8c4ed26574b11c5042df5167e02018400aa8829761db414a417ac2a3135
1761111804752,2025-10-22T05:43:24.752000+00:00,ASTER,A,1.0434,2842.0,Close Long,-7.443198,1.138691,0x104bf8c4ed26574b11c5042df5167e02018400aa8829761db414a417ac2a3135
1761111804752,2025-10-22T05:43:24.752000+00:00,ASTER,A,1.0433,2013.0,Close Long,-5.473347,0.806462,0x104bf8c4ed26574b11c5042df5167e02018400aa8829761db414a417ac2a3135
1761111804752,2025-10-22T05:43:24.752000+00:00,ASTER,A,1.0433,10039.0,Close Long,-27.296041,4.021896,0x104bf8c4ed26574b11c5042df5167e02018400aa8829761db414a417ac2a3135
1761111804752,2025-10-22T05:43:24.752000+00:00,ASTER,A,1.0433,41.0,Close Long,-0.111479,0.016425,0x104bf8c4ed26574b11c5042df5167e02018400aa8829761db414a417ac2a3135
1761111804752,2025-10-22T05:43:24.752000+00:00,ASTER,A,1.0433,641.0,Close Long,-1.742879,0.256802,0x104bf8c4ed26574b11c5042df5167e02018400aa8829761db414a417ac2a3135
1761111804752,2025-10-22T05:43:24.752000+00:00,ASTER,A,1.0432,210.0,Close Long,-0.59199,0.084123,0x104bf8c4ed26574b11c5042df5167e02018400aa8829761db414a417ac2a3135
1761111804752,2025-10-22T05:43:24.752000+00:00,ASTER,A,1.0432,2307.0,Close Long,-6.503433,0.924158,0x104bf8c4ed26574b11c5042df5167e02018400aa8829761db414a417ac2a3135
1761111804752,2025-10-22T05:43:24.752000+00:00,ASTER,A,1.0432,9197.0,Close Long,-25.926343,3.684215,0x104bf8c4ed26574b11c5042df5167e02018400aa8829761db414a417ac2a3135
1761111804752,2025-10-22T05:43:24.752000+00:00,ASTER,A,1.0431,7166.0,Close Long,-20.917554,2.870344,0x104bf8c4ed26574b11c5042df5167e02018400aa8829761db414a417ac2a3135
1761111804752,2025-10-22T05:43:24.752000+00:00,ASTER,A,1.0431,1909.0,Close Long,-5.572371,0.76465,0x104bf8c4ed26574b11c5042df5167e02018400aa8829761db414a417ac2a3135
1761111804752,2025-10-22T05:43:24.752000+00:00,ASTER,A,1.0431,9300.0,Close Long,-27.1467,3.725118,0x104bf8c4ed26574b11c5042df5167e02018400aa8829761db414a417ac2a3135
1761111804752,2025-10-22T05:43:24.752000+00:00,ASTER,A,1.0431,7454.0,Close Long,-21.758226,2.985702,0x104bf8c4ed26574b11c5042df5167e02018400aa8829761db414a417ac2a3135
1761111887021,2025-10-22T05:44:47.021000+00:00,ASTER,B,1.0445,4085.0,Open Long,0.0,1.638444,0x7cad8fe2007c41a77e27042df51a6402018300c79b7f607920763b34bf701b92
1761111887021,2025-10-22T05:44:47.021000+00:00,ASTER,B,1.0445,548.0,Open Long,0.0,0.219796,0x7cad8fe2007c41a77e27042df51a6402018300c79b7f607920763b34bf701b92
1761111887021,2025-10-22T05:44:47.021000+00:00,ASTER,B,1.0445,956.0,Open Long,0.0,0.38344,0x7cad8fe2007c41a77e27042df51a6402018300c79b7f607920763b34bf701b92
1761111887021,2025-10-22T05:44:47.021000+00:00,ASTER,B,1.0445,479.0,Open Long,0.0,0.192121,0x7cad8fe2007c41a77e27042df51a6402018300c79b7f607920763b34bf701b92
1761111887021,2025-10-22T05:44:47.021000+00:00,ASTER,B,1.0446,2013.0,Open Long,0.0,0.807467,0x7cad8fe2007c41a77e27042df51a6402018300c79b7f607920763b34bf701b92
1761111887021,2025-10-22T05:44:47.021000+00:00,ASTER,B,1.0446,7659.0,Open Long,0.0,3.072227,0x7cad8fe2007c41a77e27042df51a6402018300c79b7f607920763b34bf701b92
1761111887021,2025-10-22T05:44:47.021000+00:00,ASTER,B,1.0447,10039.0,Open Long,0.0,4.027293,0x7cad8fe2007c41a77e27042df51a6402018300c79b7f607920763b34bf701b92
1761111887021,2025-10-22T05:44:47.021000+00:00,ASTER,B,1.0447,1575.0,Open Long,0.0,0.631834,0x7cad8fe2007c41a77e27042df51a6402018300c79b7f607920763b34bf701b92
1761111887021,2025-10-22T05:44:47.021000+00:00,ASTER,B,1.0447,1239.0,Open Long,0.0,0.497043,0x7cad8fe2007c41a77e27042df51a6402018300c79b7f607920763b34bf701b92
1761111887021,2025-10-22T05:44:47.021000+00:00,ASTER,B,1.0447,500.0,Open Long,0.0,0.200582,0x7cad8fe2007c41a77e27042df51a6402018300c79b7f607920763b34bf701b92
1761111887021,2025-10-22T05:44:47.021000+00:00,ASTER,B,1.0447,2391.0,Open Long,0.0,0.959185,0x7cad8fe2007c41a77e27042df51a6402018300c79b7f607920763b34bf701b92
1761111887021,2025-10-22T05:44:47.021000+00:00,ASTER,B,1.0448,180.0,Open Long,0.0,0.072216,0x7cad8fe2007c41a77e27042df51a6402018300c79b7f607920763b34bf701b92
1761111887021,2025-10-22T05:44:47.021000+00:00,ASTER,B,1.0448,1671.0,Open Long,0.0,0.67041,0x7cad8fe2007c41a77e27042df51a6402018300c79b7f607920763b34bf701b92
1761111887021,2025-10-22T05:44:47.021000+00:00,ASTER,B,1.0448,1955.0,Open Long,0.0,0.784352,0x7cad8fe2007c41a77e27042df51a6402018300c79b7f607920763b34bf701b92
1761111887021,2025-10-22T05:44:47.021000+00:00,ASTER,B,1.0448,1509.0,Open Long,0.0,0.605415,0x7cad8fe2007c41a77e27042df51a6402018300c79b7f607920763b34bf701b92
1761111887021,2025-10-22T05:44:47.021000+00:00,ASTER,B,1.0448,730.0,Open Long,0.0,0.292878,0x7cad8fe2007c41a77e27042df51a6402018300c79b7f607920763b34bf701b92
1761111887021,2025-10-22T05:44:47.021000+00:00,ASTER,B,1.0448,180.0,Open Long,0.0,0.072216,0x7cad8fe2007c41a77e27042df51a6402018300c79b7f607920763b34bf701b92
1761111887021,2025-10-22T05:44:47.021000+00:00,ASTER,B,1.0449,2014.0,Open Long,0.0,0.8081,0x7cad8fe2007c41a77e27042df51a6402018300c79b7f607920763b34bf701b92
1761111887021,2025-10-22T05:44:47.021000+00:00,ASTER,B,1.0449,355.0,Open Long,0.0,0.14244,0x7cad8fe2007c41a77e27042df51a6402018300c79b7f607920763b34bf701b92
1761111887021,2025-10-22T05:44:47.021000+00:00,ASTER,B,1.0449,355.0,Open Long,0.0,0.14244,0x7cad8fe2007c41a77e27042df51a6402018300c79b7f607920763b34bf701b92
1761111887021,2025-10-22T05:44:47.021000+00:00,ASTER,B,1.0449,355.0,Open Long,0.0,0.14244,0x7cad8fe2007c41a77e27042df51a6402018300c79b7f607920763b34bf701b92
1761111887021,2025-10-22T05:44:47.021000+00:00,ASTER,B,1.0449,355.0,Open Long,0.0,0.14244,0x7cad8fe2007c41a77e27042df51a6402018300c79b7f607920763b34bf701b92
1761111887021,2025-10-22T05:44:47.021000+00:00,ASTER,B,1.0449,355.0,Open Long,0.0,0.14244,0x7cad8fe2007c41a77e27042df51a6402018300c79b7f607920763b34bf701b92
1761111887021,2025-10-22T05:44:47.021000+00:00,ASTER,B,1.0449,529.0,Open Long,0.0,0.212256,0x7cad8fe2007c41a77e27042df51a6402018300c79b7f607920763b34bf701b92
1761111887021,2025-10-22T05:44:47.021000+00:00,ASTER,B,1.0449,180.0,Open Long,0.0,0.072223,0x7cad8fe2007c41a77e27042df51a6402018300c79b7f607920763b34bf701b92
1761111887021,2025-10-22T05:44:47.021000+00:00,ASTER,B,1.0449,1642.0,Open Long,0.0,0.658838,0x7cad8fe2007c41a77e27042df51a6402018300c79b7f607920763b34bf701b92
1761111887021,2025-10-22T05:44:47.021000+00:00,ASTER,B,1.0449,748.0,Open Long,0.0,0.300128,0x7cad8fe2007c41a77e27042df51a6402018300c79b7f607920763b34bf701b92
1761111887021,2025-10-22T05:44:47.021000+00:00,ASTER,B,1.0449,180.0,Open Long,0.0,0.072223,0x7cad8fe2007c41a77e27042df51a6402018300c79b7f607920763b34bf701b92
1761111887021,2025-10-22T05:44:47.021000+00:00,ASTER,B,1.0449,180.0,Open Long,0.0,0.072223,0x7cad8fe2007c41a77e27042df51a6402018300c79b7f607920763b34bf701b92
1761111887021,2025-10-22T05:44:47.021000+00:00,ASTER,B,1.0449,180.0,Open Long,0.0,0.072223,0x7cad8fe2007c41a77e27042df51a6402018300c79b7f607920763b34bf701b92
1761111887021,2025-10-22T05:44:47.021000+00:00,ASTER,B,1.0449,180.0,Open Long,0.0,0.072223,0x7cad8fe2007c41a77e27042df51a6402018300c79b7f607920763b34bf701b92
1761111887021,2025-10-22T05:44:47.021000+00:00,ASTER,B,1.0449,180.0,Open Long,0.0,0.072223,0x7cad8fe2007c41a77e27042df51a6402018300c79b7f607920763b34bf701b92
1761111887021,2025-10-22T05:44:47.021000+00:00,ASTER,B,1.0449,180.0,Open Long,0.0,0.072223,0x7cad8fe2007c41a77e27042df51a6402018300c79b7f607920763b34bf701b92
1761111887021,2025-10-22T05:44:47.021000+00:00,ASTER,B,1.0449,180.0,Open Long,0.0,0.072223,0x7cad8fe2007c41a77e27042df51a6402018300c79b7f607920763b34bf701b92
1761111887021,2025-10-22T05:44:47.021000+00:00,ASTER,B,1.0449,180.0,Open Long,0.0,0.072223,0x7cad8fe2007c41a77e27042df51a6402018300c79b7f607920763b34bf701b92
1761111887021,2025-10-22T05:44:47.021000+00:00,ASTER,B,1.0449,548.0,Open Long,0.0,0.21988,0x7cad8fe2007c41a77e27042df51a6402018300c79b7f607920763b34bf701b92
1761111887021,2025-10-22T05:44:47.021000+00:00,ASTER,B,1.045,5266.0,Open Long,0.0,2.11314,0x7cad8fe2007c41a77e27042df51a6402018300c79b7f607920763b34bf701b92
1761111887021,2025-10-22T05:44:47.021000+00:00,ASTER,B,1.045,7659.0,Open Long,0.0,3.073403,0x7cad8fe2007c41a77e27042df51a6402018300c79b7f607920763b34bf701b92
1761111887021,2025-10-22T05:44:47.021000+00:00,ASTER,B,1.045,2013.0,Open Long,0.0,0.807776,0x7cad8fe2007c41a77e27042df51a6402018300c79b7f607920763b34bf701b92
1761111887021,2025-10-22T05:44:47.021000+00:00,ASTER,B,1.045,1905.0,Open Long,0.0,0.764438,0x7cad8fe2007c41a77e27042df51a6402018300c79b7f607920763b34bf701b92
1761111887021,2025-10-22T05:44:47.021000+00:00,ASTER,B,1.045,2763.0,Open Long,0.0,1.108736,0x7cad8fe2007c41a77e27042df51a6402018300c79b7f607920763b34bf701b92
1761111887021,2025-10-22T05:44:47.021000+00:00,ASTER,B,1.045,7651.0,Open Long,0.0,3.070193,0x7cad8fe2007c41a77e27042df51a6402018300c79b7f607920763b34bf701b92
1761111887021,2025-10-22T05:44:47.021000+00:00,ASTER,B,1.045,180.0,Open Long,0.0,0.07223,0x7cad8fe2007c41a77e27042df51a6402018300c79b7f607920763b34bf701b92
1761111887021,2025-10-22T05:44:47.021000+00:00,ASTER,B,1.0451,1000.0,Open Long,0.0,0.401318,0x7cad8fe2007c41a77e27042df51a6402018300c79b7f607920763b34bf701b92
1761111887021,2025-10-22T05:44:47.021000+00:00,ASTER,B,1.0451,190.0,Open Long,0.0,0.07625,0x7cad8fe2007c41a77e27042df51a6402018300c79b7f607920763b34bf701b92
1761111887021,2025-10-22T05:44:47.021000+00:00,ASTER,B,1.0451,737.0,Open Long,0.0,0.295771,0x7cad8fe2007c41a77e27042df51a6402018300c79b7f607920763b34bf701b92
1761111887021,2025-10-22T05:44:47.021000+00:00,ASTER,B,1.0451,1539.0,Open Long,0.0,0.617629,0x7cad8fe2007c41a77e27042df51a6402018300c79b7f607920763b34bf701b92
1761111887021,2025-10-22T05:44:47.021000+00:00,ASTER,B,1.0452,2431.0,Open Long,0.0,0.975698,0x7cad8fe2007c41a77e27042df51a6402018300c79b7f607920763b34bf701b92
1761111887021,2025-10-22T05:44:47.021000+00:00,ASTER,B,1.0452,729.0,Open Long,0.0,0.292589,0x7cad8fe2007c41a77e27042df51a6402018300c79b7f607920763b34bf701b92
1761111887021,2025-10-22T05:44:47.021000+00:00,ASTER,B,1.0452,2822.0,Open Long,0.0,1.132628,0x7cad8fe2007c41a77e27042df51a6402018300c79b7f607920763b34bf701b92
1761111887021,2025-10-22T05:44:47.021000+00:00,ASTER,B,1.0452,9197.0,Open Long,0.0,3.691278,0x7cad8fe2007c41a77e27042df51a6402018300c79b7f607920763b34bf701b92
1761111887021,2025-10-22T05:44:47.021000+00:00,ASTER,B,1.0453,19124.0,Open Long,0.0,7.676281,0x7cad8fe2007c41a77e27042df51a6402018300c79b7f607920763b34bf701b92
1761111887021,2025-10-22T05:44:47.021000+00:00,ASTER,B,1.0453,190.0,Open Long,0.0,0.076265,0x7cad8fe2007c41a77e27042df51a6402018300c79b7f607920763b34bf701b92
1761111887021,2025-10-22T05:44:47.021000+00:00,ASTER,B,1.0453,822.0,Open Long,0.0,0.329946,0x7cad8fe2007c41a77e27042df51a6402018300c79b7f607920763b34bf701b92
1761111887021,2025-10-22T05:44:47.021000+00:00,ASTER,B,1.0454,157.0,Open Long,0.0,0.063025,0x7cad8fe2007c41a77e27042df51a6402018300c79b7f607920763b34bf701b92
1761111887021,2025-10-22T05:44:47.021000+00:00,ASTER,B,1.0454,2013.0,Open Long,0.0,0.808085,0x7cad8fe2007c41a77e27042df51a6402018300c79b7f607920763b34bf701b92
1761111887021,2025-10-22T05:44:47.021000+00:00,ASTER,B,1.0454,1646.0,Open Long,0.0,0.660759,0x7cad8fe2007c41a77e27042df51a6402018300c79b7f607920763b34bf701b92
1761111887021,2025-10-22T05:44:47.021000+00:00,ASTER,B,1.0454,190.0,Open Long,0.0,0.076272,0x7cad8fe2007c41a77e27042df51a6402018300c79b7f607920763b34bf701b92
1761111887021,2025-10-22T05:44:47.021000+00:00,ASTER,B,1.0454,190.0,Open Long,0.0,0.076272,0x7cad8fe2007c41a77e27042df51a6402018300c79b7f607920763b34bf701b92
1761111887021,2025-10-22T05:44:47.021000+00:00,ASTER,B,1.0454,190.0,Open Long,0.0,0.076272,0x7cad8fe2007c41a77e27042df51a6402018300c79b7f607920763b34bf701b92
1761111887021,2025-10-22T05:44:47.021000+00:00,ASTER,B,1.0455,200.0,Open Long,0.0,0.080294,0x7cad8fe2007c41a77e27042df51a6402018300c79b7f607920763b34bf701b92
1761111887021,2025-10-22T05:44:47.021000+00:00,ASTER,B,1.0455,200.0,Open Long,0.0,0.080294,0x7cad8fe2007c41a77e27042df51a6402018300c79b7f607920763b34bf701b92
1761111887021,2025-10-22T05:44:47.021000+00:00,ASTER,B,1.0455,200.0,Open Long,0.0,0.080294,0x7cad8fe2007c41a77e27042df51a6402018300c79b7f607920763b34bf701b92
1761111887021,2025-10-22T05:44:47.021000+00:00,ASTER,B,1.0455,200.0,Open Long,0.0,0.080294,0x7cad8fe2007c41a77e27042df51a6402018300c79b7f607920763b34bf701b92
1761111887021,2025-10-22T05:44:47.021000+00:00,ASTER,B,1.0455,200.0,Open Long,0.0,0.080294,0x7cad8fe2007c41a77e27042df51a6402018300c79b7f607920763b34bf701b92
1761111887021,2025-10-22T05:44:47.021000+00:00,ASTER,B,1.0455,1557.0,Open Long,0.0,0.625091,0x7cad8fe2007c41a77e27042df51a6402018300c79b7f607920763b34bf701b92
1761111887021,2025-10-22T05:44:47.021000+00:00,ASTER,B,1.0455,10039.0,Open Long,0.0,4.030377,0x7cad8fe2007c41a77e27042df51a6402018300c79b7f607920763b34bf701b92
1761111887021,2025-10-22T05:44:47.021000+00:00,ASTER,B,1.0455,355.0,Open Long,0.0,0.142522,0x7cad8fe2007c41a77e27042df51a6402018300c79b7f607920763b34bf701b92
1761111887021,2025-10-22T05:44:47.021000+00:00,ASTER,B,1.0455,4862.0,Open Long,0.0,1.951956,0x7cad8fe2007c41a77e27042df51a6402018300c79b7f607920763b34bf701b92
1761111887021,2025-10-22T05:44:47.021000+00:00,ASTER,B,1.0456,184.0,Open Long,0.0,0.073877,0x7cad8fe2007c41a77e27042df51a6402018300c79b7f607920763b34bf701b92
1761112362862,2025-10-22T05:52:42.862000+00:00,ASTER,A,1.0539,157.0,Close Long,1.389921,0.063537,0xab740294638b86d9aced042df531700201a00079fe8ea5ab4f3cade7228f60c4
1761112362862,2025-10-22T05:52:42.862000+00:00,ASTER,A,1.0539,1043.0,Close Long,9.233679,0.422099,0xab740294638b86d9aced042df531700201a00079fe8ea5ab4f3cade7228f60c4
1761112362862,2025-10-22T05:52:42.862000+00:00,ASTER,A,1.0538,814.0,Close Long,7.124942,0.329392,0xab740294638b86d9aced042df531700201a00079fe8ea5ab4f3cade7228f60c4
1761112362862,2025-10-22T05:52:42.862000+00:00,ASTER,A,1.0538,948.0,Close Long,8.297844,0.383616,0xab740294638b86d9aced042df531700201a00079fe8ea5ab4f3cade7228f60c4
1761112362862,2025-10-22T05:52:42.862000+00:00,ASTER,A,1.0537,10039.0,Close Long,86.867467,4.061988,0xab740294638b86d9aced042df531700201a00079fe8ea5ab4f3cade7228f60c4
1761112362862,2025-10-22T05:52:42.862000+00:00,ASTER,A,1.0537,2371.0,Close Long,20.516263,0.959355,0xab740294638b86d9aced042df531700201a00079fe8ea5ab4f3cade7228f60c4
1761112362862,2025-10-22T05:52:42.862000+00:00,ASTER,A,1.0536,2013.0,Close Long,17.217189,0.814424,0xab740294638b86d9aced042df531700201a00079fe8ea5ab4f3cade7228f60c4
1761112362862,2025-10-22T05:52:42.862000+00:00,ASTER,A,1.0536,973.0,Close Long,8.322069,0.393658,0xab740294638b86d9aced042df531700201a00079fe8ea5ab4f3cade7228f60c4
1761112362862,2025-10-22T05:52:42.862000+00:00,ASTER,A,1.0535,1337.0,Close Long,11.301661,0.540875,0xab740294638b86d9aced042df531700201a00079fe8ea5ab4f3cade7228f60c4
1761112362862,2025-10-22T05:52:42.862000+00:00,ASTER,A,1.0535,553.0,Close Long,4.674509,0.223712,0xab740294638b86d9aced042df531700201a00079fe8ea5ab4f3cade7228f60c4
1761112362862,2025-10-22T05:52:42.862000+00:00,ASTER,A,1.0534,10039.0,Close Long,83.855767,4.060831,0xab740294638b86d9aced042df531700201a00079fe8ea5ab4f3cade7228f60c4
1761112362862,2025-10-22T05:52:42.862000+00:00,ASTER,A,1.0534,370.0,Close Long,3.09061,0.149667,0xab740294638b86d9aced042df531700201a00079fe8ea5ab4f3cade7228f60c4
1761112362862,2025-10-22T05:52:42.862000+00:00,ASTER,A,1.0534,1629.0,Close Long,13.607037,0.658939,0xab740294638b86d9aced042df531700201a00079fe8ea5ab4f3cade7228f60c4
1761112362862,2025-10-22T05:52:42.862000+00:00,ASTER,A,1.0534,1286.0,Close Long,10.741958,0.520194,0xab740294638b86d9aced042df531700201a00079fe8ea5ab4f3cade7228f60c4
1761112362862,2025-10-22T05:52:42.862000+00:00,ASTER,A,1.0534,180.0,Close Long,1.50354,0.072811,0xab740294638b86d9aced042df531700201a00079fe8ea5ab4f3cade7228f60c4
1761112362862,2025-10-22T05:52:42.862000+00:00,ASTER,A,1.0534,180.0,Close Long,1.50354,0.072811,0xab740294638b86d9aced042df531700201a00079fe8ea5ab4f3cade7228f60c4
1761112362862,2025-10-22T05:52:42.862000+00:00,ASTER,A,1.0533,7589.0,Close Long,62.632017,3.069501,0xab740294638b86d9aced042df531700201a00079fe8ea5ab4f3cade7228f60c4
1761112362862,2025-10-22T05:52:42.862000+00:00,ASTER,A,1.0532,2013.0,Close Long,16.411989,0.814115,0xab740294638b86d9aced042df531700201a00079fe8ea5ab4f3cade7228f60c4
1761112362862,2025-10-22T05:52:42.862000+00:00,ASTER,A,1.0532,12.0,Close Long,0.097836,0.004853,0xab740294638b86d9aced042df531700201a00079fe8ea5ab4f3cade7228f60c4
1761112362862,2025-10-22T05:52:42.862000+00:00,ASTER,A,1.0532,370.0,Close Long,3.01661,0.149638,0xab740294638b86d9aced042df531700201a00079fe8ea5ab4f3cade7228f60c4
1761112362862,2025-10-22T05:52:42.862000+00:00,ASTER,A,1.0532,352.0,Close Long,2.869856,0.142358,0xab740294638b86d9aced042df531700201a00079fe8ea5ab4f3cade7228f60c4
1761112362862,2025-10-22T05:52:42.862000+00:00,ASTER,A,1.0532,2742.0,Close Long,22.355526,1.108943,0xab740294638b86d9aced042df531700201a00079fe8ea5ab4f3cade7228f60c4
1761112362862,2025-10-22T05:52:42.862000+00:00,ASTER,A,1.0532,352.0,Close Long,2.869856,0.142358,0xab740294638b86d9aced042df531700201a00079fe8ea5ab4f3cade7228f60c4
1761112362862,2025-10-22T05:52:42.862000+00:00,ASTER,A,1.0532,180.0,Close Long,1.46754,0.072797,0xab740294638b86d9aced042df531700201a00079fe8ea5ab4f3cade7228f60c4
1761112362862,2025-10-22T05:52:42.862000+00:00,ASTER,A,1.0532,180.0,Close Long,1.46754,0.072797,0xab740294638b86d9aced042df531700201a00079fe8ea5ab4f3cade7228f60c4
1761112362862,2025-10-22T05:52:42.862000+00:00,ASTER,A,1.0532,180.0,Close Long,1.46754,0.072797,0xab740294638b86d9aced042df531700201a00079fe8ea5ab4f3cade7228f60c4
1761112362862,2025-10-22T05:52:42.862000+00:00,ASTER,A,1.0532,180.0,Close Long,1.46754,0.072797,0xab740294638b86d9aced042df531700201a00079fe8ea5ab4f3cade7228f60c4
1761112362862,2025-10-22T05:52:42.862000+00:00,ASTER,A,1.0532,180.0,Close Long,1.46754,0.072797,0xab740294638b86d9aced042df531700201a00079fe8ea5ab4f3cade7228f60c4
1761112362862,2025-10-22T05:52:42.862000+00:00,ASTER,A,1.0532,180.0,Close Long,1.46754,0.072797,0xab740294638b86d9aced042df531700201a00079fe8ea5ab4f3cade7228f60c4
1761112362862,2025-10-22T05:52:42.862000+00:00,ASTER,A,1.0532,180.0,Close Long,1.46754,0.072797,0xab740294638b86d9aced042df531700201a00079fe8ea5ab4f3cade7228f60c4
1761112362862,2025-10-22T05:52:42.862000+00:00,ASTER,A,1.0532,180.0,Close Long,1.46754,0.072797,0xab740294638b86d9aced042df531700201a00079fe8ea5ab4f3cade7228f60c4
1761112362862,2025-10-22T05:52:42.862000+00:00,ASTER,A,1.0532,500.0,Close Long,4.0765,0.202214,0xab740294638b86d9aced042df531700201a00079fe8ea5ab4f3cade7228f60c4
1761112362862,2025-10-22T05:52:42.862000+00:00,ASTER,A,1.0531,10039.0,Close Long,80.844067,4.059675,0xab740294638b86d9aced042df531700201a00079fe8ea5ab4f3cade7228f60c4
1761112362862,2025-10-22T05:52:42.862000+00:00,ASTER,A,1.0531,1108.0,Close Long,8.922724,0.448064,0xab740294638b86d9aced042df531700201a00079fe8ea5ab4f3cade7228f60c4
1761112362862,2025-10-22T05:52:42.862000+00:00,ASTER,A,1.053,7659.0,Close Long,60.912027,3.096931,0xab740294638b86d9aced042df531700201a00079fe8ea5ab4f3cade7228f60c4
1761112362862,2025-10-22T05:52:42.862000+00:00,ASTER,A,1.053,2842.0,Close Long,22.602426,1.149168,0xab740294638b86d9aced042df531700201a00079fe8ea5ab4f3cade7228f60c4
1761112362862,2025-10-22T05:52:42.862000+00:00,ASTER,A,1.053,352.0,Close Long,2.799456,0.142331,0xab740294638b86d9aced042df531700201a00079fe8ea5ab4f3cade7228f60c4
1761112362862,2025-10-22T05:52:42.862000+00:00,ASTER,A,1.053,352.0,Close Long,2.799456,0.142331,0xab740294638b86d9aced042df531700201a00079fe8ea5ab4f3cade7228f60c4
1761112362862,2025-10-22T05:52:42.862000+00:00,ASTER,A,1.0529,285.0,Close Long,2.238105,0.115229,0xab740294638b86d9aced042df531700201a00079fe8ea5ab4f3cade7228f60c4
1761112362862,2025-10-22T05:52:42.862000+00:00,ASTER,A,1.0529,18980.0,Close Long,149.04994,7.673872,0xab740294638b86d9aced042df531700201a00079fe8ea5ab4f3cade7228f60c4
1761112362862,2025-10-22T05:52:42.862000+00:00,ASTER,A,1.0529,285.0,Close Long,2.238105,0.115229,0xab740294638b86d9aced042df531700201a00079fe8ea5ab4f3cade7228f60c4
1761112362862,2025-10-22T05:52:42.862000+00:00,ASTER,A,1.0528,2013.0,Close Long,15.606789,0.813805,0xab740294638b86d9aced042df531700201a00079fe8ea5ab4f3cade7228f60c4
1761112362862,2025-10-22T05:52:42.862000+00:00,ASTER,A,1.0528,300.0,Close Long,2.3259,0.121282,0xab740294638b86d9aced042df531700201a00079fe8ea5ab4f3cade7228f60c4
1761112362862,2025-10-22T05:52:42.862000+00:00,ASTER,A,1.0528,340.0,Close Long,2.63602,0.137453,0xab740294638b86d9aced042df531700201a00079fe8ea5ab4f3cade7228f60c4
1761112362862,2025-10-22T05:52:42.862000+00:00,ASTER,A,1.0528,1663.0,Close Long,12.893239,0.672309,0xab740294638b86d9aced042df531700201a00079fe8ea5ab4f3cade7228f60c4
1761112362862,2025-10-22T05:52:42.862000+00:00,ASTER,A,1.0528,180.0,Close Long,1.39554,0.072769,0xab740294638b86d9aced042df531700201a00079fe8ea5ab4f3cade7228f60c4
1761112362862,2025-10-22T05:52:42.862000+00:00,ASTER,A,1.0527,1871.0,Close Long,14.318763,0.756327,0xab740294638b86d9aced042df531700201a00079fe8ea5ab4f3cade7228f60c4
1761112362862,2025-10-22T05:52:42.862000+00:00,ASTER,A,1.0527,4815.0,Close Long,36.849195,1.9464,0xab740294638b86d9aced042df531700201a00079fe8ea5ab4f3cade7228f60c4
1761112362862,2025-10-22T05:52:42.862000+00:00,ASTER,A,1.0526,157.0,Close Long,1.185821,0.063459,0xab740294638b86d9aced042df531700201a00079fe8ea5ab4f3cade7228f60c4
1761112362862,2025-10-22T05:52:42.862000+00:00,ASTER,A,1.0526,10039.0,Close Long,75.824567,4.057747,0xab740294638b86d9aced042df531700201a00079fe8ea5ab4f3cade7228f60c4
1761112362862,2025-10-22T05:52:42.862000+00:00,ASTER,A,1.0526,1000.0,Close Long,7.553,0.404198,0xab740294638b86d9aced042df531700201a00079fe8ea5ab4f3cade7228f60c4
1761112362862,2025-10-22T05:52:42.862000+00:00,ASTER,A,1.0525,7659.0,Close Long,57.082527,3.095461,0xab740294638b86d9aced042df531700201a00079fe8ea5ab4f3cade7228f60c4
1761112362862,2025-10-22T05:52:42.862000+00:00,ASTER,A,1.0525,286.0,Close Long,2.131558,0.115589,0xab740294638b86d9aced042df531700201a00079fe8ea5ab4f3cade7228f60c4
1761112362862,2025-10-22T05:52:42.862000+00:00,ASTER,A,1.0524,2013.0,Close Long,14.801589,0.813496,0xab740294638b86d9aced042df531700201a00079fe8ea5ab4f3cade7228f60c4
1761112362862,2025-10-22T05:52:42.862000+00:00,ASTER,A,1.0524,1923.0,Close Long,14.139819,0.777125,0xab740294638b86d9aced042df531700201a00079fe8ea5ab4f3cade7228f60c4
1761112362862,2025-10-22T05:52:42.862000+00:00,ASTER,A,1.0524,9723.0,Close Long,71.493219,3.929274,0xab740294638b86d9aced042df531700201a00079fe8ea5ab4f3cade7228f60c4
1761140270153,2025-10-22T13:37:50.153000+00:00,BTC,B,108170.0,0.6,Open Long,0.0,24.922368,0xe94fbdc1276607aaeac9042dfa882e02045800a6c269267c8d186913e669e195
1761140270153,2025-10-22T13:37:50.153000+00:00,BTC,B,108170.0,0.0388,Open Long,0.0,1.611646,0xe94fbdc1276607aaeac9042dfa882e02045800a6c269267c8d186913e669e195
1761140270153,2025-10-22T13:37:50.153000+00:00,BTC,B,108170.0,0.0388,Open Long,0.0,1.611646,0xe94fbdc1276607aaeac9042dfa882e02045800a6c269267c8d186913e669e195
1761140270153,2025-10-22T13:37:50.153000+00:00,BTC,B,108170.0,0.0388,Open Long,0.0,1.611646,0xe94fbdc1276607aaeac9042dfa882e02045800a6c269267c8d186913e669e195
1761140270153,2025-10-22T13:37:50.153000+00:00,BTC,B,108170.0,0.29753,Open Long,0.0,12.358586,0xe94fbdc1276607aaeac9042dfa882e02045800a6c269267c8d186913e669e195
1761140270153,2025-10-22T13:37:50.153000+00:00,BTC,B,108170.0,0.01845,Open Long,0.0,0.766362,0xe94fbdc1276607aaeac9042dfa882e02045800a6c269267c8d186913e669e195
1761140270153,2025-10-22T13:37:50.153000+00:00,BTC,B,108170.0,0.29753,Open Long,0.0,12.358586,0xe94fbdc1276607aaeac9042dfa882e02045800a6c269267c8d186913e669e195
1761140270153,2025-10-22T13:37:50.153000+00:00,BTC,B,108170.0,0.27092,Open Long,0.0,11.253279,0xe94fbdc1276607aaeac9042dfa882e02045800a6c269267c8d186913e669e195
1761140270153,2025-10-22T13:37:50.153000+00:00,BTC,B,108170.0,0.50919,Open Long,0.0,21.150367,0xe94fbdc1276607aaeac9042dfa882e02045800a6c269267c8d186913e669e195
1761140270153,2025-10-22T13:37:50.153000+00:00,BTC,B,108170.0,0.13967,Open Long,0.0,5.801511,0xe94fbdc1276607aaeac9042dfa882e02045800a6c269267c8d186913e669e195
1761140270153,2025-10-22T13:37:50.153000+00:00,BTC,B,108171.0,0.6,Open Long,0.0,24.922598,0xe94fbdc1276607aaeac9042dfa882e02045800a6c269267c8d186913e669e195
1761140270153,2025-10-22T13:37:50.153000+00:00,BTC,B,108171.0,0.0388,Open Long,0.0,1.611661,0xe94fbdc1276607aaeac9042dfa882e02045800a6c269267c8d186913e669e195
1761140270153,2025-10-22T13:37:50.153000+00:00,BTC,B,108171.0,0.0388,Open Long,0.0,1.611661,0xe94fbdc1276607aaeac9042dfa882e02045800a6c269267c8d186913e669e195
1761140270153,2025-10-22T13:37:50.153000+00:00,BTC,B,108171.0,0.0388,Open Long,0.0,1.611661,0xe94fbdc1276607aaeac9042dfa882e02045800a6c269267c8d186913e669e195
1761140270153,2025-10-22T13:37:50.153000+00:00,BTC,B,108171.0,0.29753,Open Long,0.0,12.358701,0xe94fbdc1276607aaeac9042dfa882e02045800a6c269267c8d186913e669e195
1761140270153,2025-10-22T13:37:50.153000+00:00,BTC,B,108171.0,0.29753,Open Long,0.0,12.358701,0xe94fbdc1276607aaeac9042dfa882e02045800a6c269267c8d186913e669e195
1761140270153,2025-10-22T13:37:50.153000+00:00,BTC,B,108171.0,0.01845,Open Long,0.0,0.766369,0xe94fbdc1276607aaeac9042dfa882e02045800a6c269267c8d186913e669e195
1761140270153,2025-10-22T13:37:50.153000+00:00,BTC,B,108172.0,0.0388,Open Long,0.0,1.611676,0xe94fbdc1276607aaeac9042dfa882e02045800a6c269267c8d186913e669e195
1761140270153,2025-10-22T13:37:50.153000+00:00,BTC,B,108172.0,0.0388,Open Long,0.0,1.611676,0xe94fbdc1276607aaeac9042dfa882e02045800a6c269267c8d186913e669e195
1761140270153,2025-10-22T13:37:50.153000+00:00,BTC,B,108172.0,0.0388,Open Long,0.0,1.611676,0xe94fbdc1276607aaeac9042dfa882e02045800a6c269267c8d186913e669e195
1761140270153,2025-10-22T13:37:50.153000+00:00,BTC,B,108172.0,0.29753,Open Long,0.0,12.358815,0xe94fbdc1276607aaeac9042dfa882e02045800a6c269267c8d186913e669e195
1761140270153,2025-10-22T13:37:50.153000+00:00,BTC,B,108172.0,0.01845,Open Long,0.0,0.766376,0xe94fbdc1276607aaeac9042dfa882e02045800a6c269267c8d186913e669e195
1761140270153,2025-10-22T13:37:50.153000+00:00,BTC,B,108172.0,0.29753,Open Long,0.0,12.358815,0xe94fbdc1276607aaeac9042dfa882e02045800a6c269267c8d186913e669e195
1761140270153,2025-10-22T13:37:50.153000+00:00,BTC,B,108173.0,0.0388,Open Long,0.0,1.611691,0xe94fbdc1276607aaeac9042dfa882e02045800a6c269267c8d186913e669e195
1761140270153,2025-10-22T13:37:50.153000+00:00,BTC,B,108173.0,0.0388,Open Long,0.0,1.611691,0xe94fbdc1276607aaeac9042dfa882e02045800a6c269267c8d186913e669e195
1761140270153,2025-10-22T13:37:50.153000+00:00,BTC,B,108173.0,0.0388,Open Long,0.0,1.611691,0xe94fbdc1276607aaeac9042dfa882e02045800a6c269267c8d186913e669e195
1761140270153,2025-10-22T13:37:50.153000+00:00,BTC,B,108173.0,0.29752,Open Long,0.0,12.358514,0xe94fbdc1276607aaeac9042dfa882e02045800a6c269267c8d186913e669e195
1761140270153,2025-10-22T13:37:50.153000+00:00,BTC,B,108173.0,0.29752,Open Long,0.0,12.358514,0xe94fbdc1276607aaeac9042dfa882e02045800a6c269267c8d186913e669e195
1761140270153,2025-10-22T13:37:50.153000+00:00,BTC,B,108173.0,0.03689,Open Long,0.0,1.532352,0xe94fbdc1276607aaeac9042dfa882e02045800a6c269267c8d186913e669e195
1761140270153,2025-10-22T13:37:50.153000+00:00,BTC,B,108174.0,0.0388,Open Long,0.0,1.611706,0xe94fbdc1276607aaeac9042dfa882e02045800a6c269267c8d186913e669e195
1761140270153,2025-10-22T13:37:50.153000+00:00,BTC,B,108174.0,0.0388,Open Long,0.0,1.611706,0xe94fbdc1276607aaeac9042dfa882e02045800a6c269267c8d186913e669e195
