time,datetime,coin,side,px,sz,dir,closedPnl,fee,hash
1775050597592,2026-04-01T13:36:37.592000+00:00,xyz:MU,B,354.53,20.596,Open Long,0.0,0.210294,0xa232beca19a275c2a3ac04382c24f202044800afb4a5949445fb6a1cd8a64fad
1775050597592,2026-04-01T13:36:37.592000+00:00,xyz:MU,B,354.53,4.058,Open Long,0.0,0.041434,0x550635653333b83e567f04382c24f2020449004ace36d710f8cee0b7f2379228
1775050597592,2026-04-01T13:36:37.592000+00:00,xyz:MU,B,354.53,36.962,Open Long,0.0,0.377399,0x07d9ac004cc4faba095304382c24f202044a00e5e7c8198caba257530bc8d4a4
1775050597695,2026-04-01T13:36:37.695000+00:00,xyz:MU,B,354.53,36.849,Open Long,0.0,0.376245,0xdae1a8c3ada55829dc5b04382c24f30205c300a948a876fb7eaa54166ca93214
1775050597695,2026-04-01T13:36:37.695000+00:00,xyz:MU,B,354.53,8.724,Open Long,0.0,0.089076,0xbea9e701609e298bc02304382c24f30205ca00e6fb91485d627292541f920376
1775050597827,2026-04-01T13:36:37.827000+00:00,xyz:MU,B,354.53,27.23,Open Long,0.0,0.27803,0xbfbf3e8fb2227ceac13804382c24f60207fc00754d259bbc6387e9e2712656d5
1775050597827,2026-04-01T13:36:37.827000+00:00,xyz:MU,B,354.53,13.377,Open Long,0.0,0.136585,0x7292b52acbb3bf66740c04382c24f60207fd001066b6de38165b607d8ab79951
1775050599079,2026-04-01T13:36:39.079000+00:00,xyz:MU,B,354.53,2.908,Open Long,0.0,0.029692,0xda6691dc66a6354ddbe004382c250702046f00c201a9541f7e2f3d2f25aa0f38
1775050599323,2026-04-01T13:36:39.323000+00:00,xyz:MU,B,354.53,9.132,Open Long,0.0,0.093241,0xffc4f1b363d3cea9013e04382c250b0205a60098fed6ed7ca38d9d0622d7a894
1775050599323,2026-04-01T13:36:39.323000+00:00,xyz:MU,B,354.53,40.164,Open Long,0.0,0.410093,0xb298684e7d651125b41204382c250b0205a7003418682ff7566113a13c68eb10
1775050684874,2026-04-01T13:38:04.874000+00:00,xyz:MU,B,354.91,34.806,Open Long,0.0,1.067298,0x73094312b5868f86748204382c29150204c700f85089ae5816d1ee65748a6971
1775050684874,2026-04-01T13:38:04.874000+00:00,xyz:MU,B,354.95,34.806,Open Long,0.0,1.067419,0x73094312b5868f86748204382c29150204c700f85089ae5816d1ee65748a6971
1775050684874,2026-04-01T13:38:04.874000+00:00,xyz:MU,B,354.98,2.909,Open Long,0.0,0.089219,0x73094312b5868f86748204382c29150204c700f85089ae5816d1ee65748a6971
1775050684874,2026-04-01T13:38:04.874000+00:00,xyz:MU,B,354.99,34.806,Open Long,0.0,1.067539,0x73094312b5868f86748204382c29150204c700f85089ae5816d1ee65748a6971
1775050684874,2026-04-01T13:38:04.874000+00:00,xyz:MU,B,354.99,14.23,Open Long,0.0,0.43645,0x73094312b5868f86748204382c29150204c700f85089ae5816d1ee65748a6971
1775050684874,2026-04-01T13:38:04.874000+00:00,xyz:MU,B,355.0,178.443,Open Long,0.0,5.473203,0x73094312b5868f86748204382c29150204c700f85089ae5816d1ee65748a6971
1775050826499,2026-04-01T13:40:26.499000+00:00,xyz:MU,B,354.56,98.358,Open Long,0.0,1.004365,0xcc09a0bc3c5eb52ecd8304382c2fda020c2300a1d751d4006fd24c0efb528f19
1775050827042,2026-04-01T13:40:27.042000+00:00,xyz:MU,B,354.56,1.642,Open Long,0.0,0.016767,0x0000000000000000000000000000000000000000000000000000000000000000
1775050874329,2026-04-01T13:41:14.329000+00:00,xyz:MU,B,354.71,34.806,Open Long,0.0,1.066697,0xbc1cb50f912cdc5ebd9604382c322102065500f52c2ffb305fe560625020b649
1775050874329,2026-04-01T13:41:14.329000+00:00,xyz:MU,B,354.75,34.806,Open Long,0.0,1.066817,0xbc1cb50f912cdc5ebd9604382c322102065500f52c2ffb305fe560625020b649
1775050874531,2026-04-01T13:41:14.531000+00:00,xyz:MU,B,354.76,6.662,Open Long,0.0,0.068066,0xd56ce8306614ffded6e604382c32230209f2001601181eb0793593832518d9c9
1775050874822,2026-04-01T13:41:14.822000+00:00,xyz:MU,B,354.76,23.726,Open Long,0.0,0.24241,0x9fc64f5d41c15730a14004382c32260203160042dcc47602438efab000c5311b
1775050971729,2026-04-01T13:42:51.729000+00:00,xyz:MU,B,355.03,28.785,Open Long,0.0,0.294322,0x328cfe0c29ff4470340604382c37000207cf00f1c4f26342d655a95ee8f31e5a
1775050971729,2026-04-01T13:42:51.729000+00:00,xyz:MU,B,355.03,8.758,Open Long,0.0,0.089549,0x6381c5aec356d35664fb04382c37000207d500945e59f228074a7101825aad41
1775050971814,2026-04-01T13:42:51.814000+00:00,xyz:MU,B,355.03,2.908,Open Long,0.0,0.029733,0xac82749649bb7d93adfc04382c3701020566007be4be9c65504b1fe908bf577e
1775050971814,2026-04-01T13:42:51.814000+00:00,xyz:MU,B,355.03,2.908,Open Long,0.0,0.029733,0x77d04f02aff08782794a04382c370102056a00e84af3a6541b98fa556ef4616d
1775050971814,2026-04-01T13:42:51.814000+00:00,xyz:MU,B,355.03,6.641,Open Long,0.0,0.067903,0xf23442192f636cc1f3ad04382c370102057900feca668b9495fced6bee6746ac
1775052260169,2026-04-01T14:04:20.169000+00:00,xyz:INTC,B,47.201,75.93,Open Long,0.0,0.103218,0x08add4169461d2c50a2704382c7498020c1600fc2f64f197ac767f695365acaf
1775052260350,2026-04-01T14:04:20.350000+00:00,xyz:INTC,B,47.201,150.0,Open Long,0.0,0.203908,0xe98e61e8ffc026e1eb0804382c749a0212b200ce9ac345b38d570d3bbec400cc
1775052260350,2026-04-01T14:04:20.350000+00:00,xyz:INTC,B,47.201,19.28,Open Long,0.0,0.026209,0x4f354f1f32e2abd950af04382c749a0212b40004cde5caabf2fdfa71f1e685c3
1775052260350,2026-04-01T14:04:20.350000+00:00,xyz:INTC,B,47.201,26.33,Open Long,0.0,0.035792,0x18cffbc5e333ab0e1a4904382c749a02130100ab7e36c9e0bc98a718a23784f8
1775054880727,2026-04-01T14:48:00.727000+00:00,xyz:INTC,A,48.412,13.4,Close Long,16.2274,0.018683,0x7d8561df0ab7e21d7eff04382cf07d02038a00c4a5bb00ef214e0d31c9bbbc08
1775054882159,2026-04-01T14:48:02.159000+00:00,xyz:INTC,A,48.412,19.96,Close Long,24.17156,0.027829,0x9108b81bb4193993928204382cf08e02067b00014f1c586534d1636e731d137e
1775054882159,2026-04-01T14:48:02.159000+00:00,xyz:INTC,A,48.412,122.1,Close Long,147.8631,0.170239,0x43dc2eb6cdaa7c0f455504382cf08e02067c009c68ad9ae1e7a4da098cae55f9
1775054882159,2026-04-01T14:48:02.159000+00:00,xyz:INTC,A,48.412,116.08,Close Long,140.57288,0.161846,0xf6afa551e73bbe8af82904382cf08e02067d0037823edd5d9a7850a4a63f9875
1775055360604,2026-04-01T14:56:00.604000+00:00,xyz:INTC,B,48.245,177.79,Open Long,0.0,0.247031,0xbea07cc02787cbbfc01a04382d07bd02099f00a5c28aea9162692812e68ba5aa
1775055360846,2026-04-01T14:56:00.846000+00:00,xyz:INTC,B,48.245,3.19,Open Long,0.0,0.004432,0xe3106308865eab4ae48a04382d07c0021fc500ee2151ca1c86d90e5b45528535
1775055360846,2026-04-01T14:56:00.846000+00:00,xyz:INTC,B,48.245,6.62,Open Long,0.0,0.009198,0xfb8ac6d9d30272bdfd0404382d07c0021fc800bf6e0591909f53722c92064ca8
1775055360846,2026-04-01T14:56:00.846000+00:00,xyz:INTC,B,48.245,124.4,Open Long,0.0,0.172848,0xf7cd68e8d2af0b92f94704382d07c0021fd200ce6da22a659b96143b91a2e57d
1775055923927,2026-04-01T15:05:23.927000+00:00,xyz:INTC,A,48.5,12.65,Close Long,3.22575,0.017669,0xeaa54e10bb4bf687ec1f04382d2286020c8e00f6564f15598e6df9637a4fd072
1775055923927,2026-04-01T15:05:23.927000+00:00,xyz:INTC,A,48.5,107.94,Close Long,27.5247,0.15077,0x504c3b46ee6e7b7f51c504382d2286020c90002c89619a51f414e699ad625569
1775055923927,2026-04-01T15:05:23.927000+00:00,xyz:INTC,A,48.5,12.65,Close Long,3.22575,0.017669,0x031fb1e207ffbdfb049904382d2286020c9100c7a2f2dccda6e85d34c6f397e5
1775055923927,2026-04-01T15:05:23.927000+00:00,xyz:INTC,A,48.5,145.5,Close Long,37.1025,0.203234,0xb5f3287d21810076b76c04382d2286020c920062bc841f4859bbd3cfe084da61
1775055923927,2026-04-01T15:05:23.927000+00:00,xyz:INTC,A,48.5,9.91,Close Long,2.52705,0.013842,0x68c69f183b1242f26a4004382d2286020c9300fdd61561c40c8f4a6afa161cdd
1775055923927,2026-04-01T15:05:23.927000+00:00,xyz:INTC,A,48.5,23.35,Close Long,5.95425,0.032615,0xce6d8c4e6e34c7e9cfe704382d2286020c9500340937e6bb723637a12d38a1d4
1775056233354,2026-04-01T15:10:33.354000+00:00,xyz:INTC,B,48.608,32.94,Open Long,0.0,0.046113,0x722d4983e5cc071073a704382d31160208a6006980cf25e215f5f4d6a4cfe0fb
1775056234446,2026-04-01T15:10:34.446000+00:00,xyz:INTC,B,48.608,18.76,Open Long,0.0,0.026262,0xa0e35a521eb297ffa25d04382d31270209f80037b9b5b6d144ac05a4ddb671ea
1775056234446,2026-04-01T15:10:34.446000+00:00,xyz:INTC,B,48.608,53.69,Open Long,0.0,0.075161,0x53b6d0ed3843da7b553004382d31270209f900d2d346f94df77f7c3ff747b465
1775056234446,2026-04-01T15:10:34.446000+00:00,xyz:INTC,B,48.608,58.34,Open Long,0.0,0.08167,0xb95dbe236b665f72bad704382d31270209fb000906697e445d2669762a6a395d
1775056237749,2026-04-01T15:10:37.749000+00:00,xyz:INTC,B,48.608,28.74,Open Long,0.0,0.040233,0xd593e72084736d1cd70d04382d314c020b3b00061f768bee795c927343774707
1775056237749,2026-04-01T15:10:37.749000+00:00,xyz:INTC,B,48.608,7.35,Open Long,0.0,0.010289,0x88675dbb9e04af9889e104382d314c020b3c00a13907ce6a2c30090e5d088983
1775056237749,2026-04-01T15:10:37.749000+00:00,xyz:INTC,B,48.608,7.5,Open Long,0.0,0.010499,0xf0187b1d1b969100f19204382d314c020b7d0002b699afd393e1266fda9a6aeb
1775056237749,2026-04-01T15:10:37.749000+00:00,xyz:INTC,B,48.608,12.22,Open Long,0.0,0.017106,0xbb66558981db9aefbce004382d314c020b81006f1cdeb9c15f2f00dc40df74da
1775056237749,2026-04-01T15:10:37.749000+00:00,xyz:INTC,B,48.608,77.64,Open Long,0.0,0.108689,0x210d42bfb4fe1fe7228604382d314c020b8300a54ff13eb9c4d5ee1273f1f9d1
1775056237828,2026-04-01T15:10:37.828000+00:00,xyz:INTC,B,48.608,18.52,Open Long,0.0,0.025926,0x81da2ee38f947c02835304382d314d020af800c92a979ad425a2da364e9855ed
1775092855872,2026-04-02T01:20:55.872000+00:00,xyz:INTC,A,47.306,93.94,Close Long,-122.30988,0.383955,0x71a4fba3506bc8c2731e043833f8760206000088eb6ee794156da6f60f6fa2ad
1775092855872,2026-04-02T01:20:55.872000+00:00,xyz:INTC,A,47.301,93.94,Close Long,-122.77958,0.383914,0x71a4fba3506bc8c2731e043833f8760206000088eb6ee794156da6f60f6fa2ad
1775092855872,2026-04-02T01:20:55.872000+00:00,xyz:INTC,A,47.297,3.53,Close Long,-4.627477,0.014425,0x71a4fba3506bc8c2731e043833f8760206000088eb6ee794156da6f60f6fa2ad
1775092856200,2026-04-02T01:20:56.200000+00:00,xyz:INTC,A,47.297,15.08,Close Long,-19.768372,0.020541,0x10a16a416a87f316121b043833f87b020d190027058b11e8b46a1594298bcd00
1775092856200,2026-04-02T01:20:56.200000+00:00,xyz:INTC,A,47.297,21.38,Close Long,-28.027042,0.029122,0xb893c96f177a51c7ba0d043833f87b020dc00054b27d70995c5c74c1d67e2bb2
1775092856274,2026-04-02T01:20:56.274000+00:00,xyz:INTC,A,47.297,8.6,Close Long,-11.27374,0.011714,0x31847c5c189b7a1432fe043833f87c0203dd0041b39e98e6d54d27aed79f53fe
1775092856274,2026-04-02T01:20:56.274000+00:00,xyz:INTC,A,47.297,4.77,Close Long,-6.252993,0.006497,0xe457f2f7322cbc8fe5d1043833f87c0203de00dccd2fdb6188209e49f120967a
1775092856590,2026-04-02T01:20:56.590000+00:00,xyz:INTC,A,47.297,74.46,Close Long,-97.609614,0.101425,0x94c26447287119f5963c043833f880021077002cc37438c7388b0f99e774f3e0
1775092916572,2026-04-02T01:21:56.572000+00:00,xyz:MU,A,361.57,0.394,Close Long,2.67723,0.012308,0xf53742d1850c0507f6b0043833fb8502044f00b7200f23da98ffee24440fdef2
1775092916572,2026-04-02T01:21:56.572000+00:00,xyz:MU,A,361.56,13.826,Close Long,93.80941,0.431907,0xf53742d1850c0507f6b0043833fb8502044f00b7200f23da98ffee24440fdef2
1775092916572,2026-04-02T01:21:56.572000+00:00,xyz:MU,A,361.51,17.973,Close Long,121.048155,0.561377,0xf53742d1850c0507f6b0043833fb8502044f00b7200f23da98ffee24440fdef2
1775092916572,2026-04-02T01:21:56.572000+00:00,xyz:MU,A,361.26,2.759,Close Long,17.892115,0.086116,0xf53742d1850c0507f6b0043833fb8502044f00b7200f23da98ffee24440fdef2
1775092916572,2026-04-02T01:21:56.572000+00:00,xyz:MU,A,361.08,18.013,Close Long,113.571965,0.561957,0xf53742d1850c0507f6b0043833fb8502044f00b7200f23da98ffee24440fdef2
1775092916572,2026-04-02T01:21:56.572000+00:00,xyz:MU,A,360.96,134.434,Close Long,831.47429,4.192585,0xf53742d1850c0507f6b0043833fb8502044f00b7200f23da98ffee24440fdef2
1775092999681,2026-04-02T01:23:19.681000+00:00,xyz:MU,A,360.96,0.394,Close Long,2.43689,0.012287,0xa1c522d7671d1dbea33e043833ffd70204fe00bd02103c90458dce2a2610f7a9
1775092999681,2026-04-02T01:23:19.681000+00:00,xyz:MU,A,360.95,17.969,Close Long,110.958575,0.560382,0xa1c522d7671d1dbea33e043833ffd70204fe00bd02103c90458dce2a2610f7a9
1775092999681,2026-04-02T01:23:19.681000+00:00,xyz:MU,A,360.5,17.97,Close Long,102.87825,0.559715,0xa1c522d7671d1dbea33e043833ffd70204fe00bd02103c90458dce2a2610f7a9
1775092999681,2026-04-02T01:23:19.681000+00:00,xyz:MU,A,360.45,0.328,Close Long,1.8614,0.010214,0xa1c522d7671d1dbea33e043833ffd70204fe00bd02103c90458dce2a2610f7a9
1775092999681,2026-04-02T01:23:19.681000+00:00,xyz:MU,A,360.39,2.766,Close Long,15.53109,0.086126,0xa1c522d7671d1dbea33e043833ffd70204fe00bd02103c90458dce2a2610f7a9
1775092999681,2026-04-02T01:23:19.681000+00:00,xyz:MU,A,360.27,18.078,Close Long,99.33861,0.562719,0xa1c522d7671d1dbea33e043833ffd70204fe00bd02103c90458dce2a2610f7a9
1775092999681,2026-04-02T01:23:19.681000+00:00,xyz:MU,A,360.27,13.826,Close Long,75.97387,0.430366,0xa1c522d7671d1dbea33e043833ffd70204fe00bd02103c90458dce2a2610f7a9
1775092999681,2026-04-02T01:23:19.681000+00:00,xyz:MU,A,360.24,0.825,Close Long,4.508625,0.025677,0xa1c522d7671d1dbea33e043833ffd70204fe00bd02103c90458dce2a2610f7a9
1775092999681,2026-04-02T01:23:19.681000+00:00,xyz:MU,A,360.22,0.031,Close Long,0.168795,0.000964,0xa1c522d7671d1dbea33e043833ffd70204fe00bd02103c90458dce2a2610f7a9
1775092999681,2026-04-02T01:23:19.681000+00:00,xyz:MU,A,360.15,0.41,Close Long,2.20375,0.012757,0xa1c522d7671d1dbea33e043833ffd70204fe00bd02103c90458dce2a2610f7a9
1775093000062,2026-04-02T01:23:20.062000+00:00,xyz:MU,A,360.15,15.0,Close Long,80.625,0.155584,0x42cc26fe39fafaf84445043833ffdc02038300e3d4fe19cae694d250f8fed4e2
1775093000062,2026-04-02T01:23:20.062000+00:00,xyz:MU,A,360.15,13.826,Close Long,74.31475,0.143407,0x5b468acf86aec26b5cc0043833ffdc02038600b521a1e13dff0f362245a29c55
1775093000062,2026-04-02T01:23:20.062000+00:00,xyz:MU,A,360.15,167.884,Close Long,902.3765,1.741346,0xc0ed7805b9c14762c267043833ffdc02038800eb54c4663464b6235878c5214d
1775093000151,2026-04-02T01:23:20.151000+00:00,xyz:MU,A,360.15,2.766,Close Long,14.86725,0.028689,0xa18e9f632b4b1654a308043833ffdd02089b0048c64e352645574ab5ea4ef03f
1775093000151,2026-04-02T01:23:20.151000+00:00,xyz:MU,A,360.15,13.826,Close Long,74.31475,0.143407,0xeafdcad711566cadec77043833ffdd0208a400bcac598b7f8ec67629d05a4698
1775093000270,2026-04-02T01:23:20.270000+00:00,xyz:MU,A,360.15,29.157,Close Long,156.718875,0.302425,0x1ce0414d6c70087b1e59043833ffde02056100330773274dc0a8eca02b73e265
1775093053992,2026-04-02T01:24:13.992000+00:00,xyz:MU,A,358.98,79.214,Close Long,333.09487,0.818963,0x0776b4076863ec9808f0043834029802055600ed03670b6aab3f5f5a2767c682
1775093109547,2026-04-02T01:25:09.547000+00:00,xyz:MU,A,359.25,13.826,Close Long,61.87135,0.429147,0xa25937b4f73ebbd8a3d2043834055b0208bc009a9231daaa4621e307b63295c3
1775093109598,2026-04-02T01:25:09.598000+00:00,xyz:MU,A,359.08,14.0,Close Long,60.27,0.144781,0x2ca0516339e14aab2e1a043834055c02055a0048d4e4697dd068fcb5f8e52495
1775093109721,2026-04-02T01:25:09.721000+00:00,xyz:MU,A,359.08,56.339,Close Long,242.539395,0.582629,0x80d8b4c0531dd3f48252043834055d020ba000a5ee10f2c624a160131211addf
1775093133551,2026-04-02T01:25:33.551000+00:00,xyz:MU,A,357.66,14.717,Close Long,42.458545,0.454782,0x3b90922440d932573d0a04383406800207ed0009dbdc5129df593d76ffdd0c41
1775093134413,2026-04-02T01:25:34.413000+00:00,xyz:MU,A,357.64,69.448,Close Long,198.96852,0.715316,0x346eb3a92af2a97535e8043834068b020968008ec5f5c847d8375efbe9f6835f
1775093214393,2026-04-02T01:26:54.393000+00:00,xyz:MU,A,356.52,0.001,Close Long,0.001745,0.00003,0xbb48a9c55c65976abcc20438340a840201fa00aaf768b63c5f1155181b697155
1775124979641,2026-04-02T10:16:19.641000+00:00,xyz:CL,B,107.8,2.918,Open Long,0.0,0.027178,0x94ab396bcfd72305962404383a2e9202068300516ada41d73873e4be8edafcf0
1775124979641,2026-04-02T10:16:19.641000+00:00,xyz:CL,B,107.8,0.108,Open Long,0.0,0.001005,0x94ab396bcfd72305962404383a2e9202068300516ada41d73873e4be8edafcf0
1775124979641,2026-04-02T10:16:19.641000+00:00,xyz:CL,B,107.8,30.0,Open Long,0.0,0.279417,0x94ab396bcfd72305962404383a2e9202068300516ada41d73873e4be8edafcf0
1775124979641,2026-04-02T10:16:19.641000+00:00,xyz:CL,B,107.8,4.63,Open Long,0.0,0.014374,0x12cc8a734fad6f70144604383a2e920206880058eaa08e42b69535c60ea1495a
1775124979862,2026-04-02T10:16:19.862000+00:00,xyz:CL,B,107.8,0.25,Open Long,0.0,0.000776,0x6c46a703583627fb6dc004383a2e950205aa00e8f33946cd100f5256173a01e6
1775124979941,2026-04-02T10:16:19.941000+00:00,xyz:CL,B,107.8,4.63,Open Long,0.0,0.014374,0x66bea125d6b35bb1683804383a2e9602040d000b71b67a830a874c7895b7359c
1775124980328,2026-04-02T10:16:20.328000+00:00,xyz:CL,B,107.8,4.63,Open Long,0.0,0.014374,0x4b15fcab117795a34c8f04383a2e9b0207c00090ac7ab475eedea7fdd07b6f8d
1775124980328,2026-04-02T10:16:20.328000+00:00,xyz:CL,B,107.8,0.2,Open Long,0.0,0.00062,0xfde973462b08d81eff6304383a2e9b0207c1002bc60bf6f1a1b21e98ea0cb209
1775124980660,2026-04-02T10:16:20.660000+00:00,xyz:CL,B,107.8,0.381,Open Long,0.0,0.001182,0x7ae6f7631b9d66ad7c6004383a2ea00205d90048b690857f1eafa2b5da914098
1775124980660,2026-04-02T10:16:20.660000+00:00,xyz:CL,B,107.8,4.63,Open Long,0.0,0.014374,0x736c3b811ad6985774e504383a2ea00205ed0066b5d9b7291734e6d3d9da7242
1775124980937,2026-04-02T10:16:20.937000+00:00,xyz:CL,B,107.8,4.63,Open Long,0.0,0.014374,0xce820bb00e280137cffb04383a2ea40202d60095a92b2009724ab702cd2bdb22
1775124981125,2026-04-02T10:16:21.125000+00:00,xyz:CL,B,107.8,4.63,Open Long,0.0,0.014374,0x2e1ab8c1f60ecf162f9404383a2ea70202b500a79101ede8d1e36414b502a900
1775124981430,2026-04-02T10:16:21.430000+00:00,xyz:CL,B,107.8,4.63,Open Long,0.0,0.014374,0x6aee7539826e3ac06c6804383a2eab020257001f1d6159920eb7208c416214ab
1775124981621,2026-04-02T10:16:21.621000+00:00,xyz:CL,B,107.8,99.665,Open Long,0.0,0.309423,0x1f2e6792517a947920a804383a2eae0202210077ec7db34bc2f712e5107e6e63
1775124982268,2026-04-02T10:16:22.268000+00:00,xyz:CL,B,107.8,334.068,Open Long,0.0,1.03716,0x3887e31152c78c2f3a0104383a2eb702021100f6edcaab01dc508e6411cb6619
1775125019593,2026-04-02T10:16:59.593000+00:00,xyz:CL,B,107.84,500.0,Open Long,0.0,4.658688,0xebe37e0c05e3f370ed5d04383a30ba0202c400f1a0e712428fac295ec4e7cd5b
1775125061762,2026-04-02T10:17:41.762000+00:00,xyz:CL,B,107.84,13.376,Open Long,0.0,0.124629,0x571a93d61e27831e589404383a330f02027f00bbb92aa1f0fae33f28dd2b5d08
1775125062021,2026-04-02T10:17:42.021000+00:00,xyz:CL,B,107.84,0.165,Open Long,0.0,0.000512,0x0000000000000000000000000000000000000000000000000000000000000000
1775125062904,2026-04-02T10:17:42.904000+00:00,xyz:CL,B,107.84,0.25,Open Long,0.0,0.000776,0x4c73b5df9a148e384ded04383a331f02014600c53517ad0af03c613259186822
1775125064783,2026-04-02T10:17:44.783000+00:00,xyz:CL,B,107.84,0.093,Open Long,0.0,0.000288,0xb23f1b9d71812944b3b804383a333b02014900830c8448165607c6f03085032f
1775125064994,2026-04-02T10:17:44.994000+00:00,xyz:CL,B,107.84,24.192,Open Long,0.0,0.075135,0x7313315f93b4ff5a748c04383a333e02031500452eb81e2c16dbdcb252b8d945
1775125065065,2026-04-02T10:17:45.065000+00:00,xyz:CL,B,107.84,10.133,Open Long,0.0,0.03147,0x996669d389cda1c89ae004383a333f02025900b924c0c09a3d2f152648c17bb3
1775125065566,2026-04-02T10:17:45.566000+00:00,xyz:CL,B,107.84,0.25,Open Long,0.0,0.000776,0x876abf7e0ddca36e88e404383a33460202df0063a8dfc2402b336ad0ccd07d59
1775125068448,2026-04-02T10:17:48.448000+00:00,xyz:CL,B,107.84,0.25,Open Long,0.0,0.000776,0x28afb31e760057062a2904383a33710201430004110375d8cc785e71350430f0
1775125070000,2026-04-02T10:17:50+00:00,xyz:CL,B,107.84,9.272,Open Long,0.0,0.028796,0xe203be36b6b95657e37d04383a33830202ac001c51bc752985cc698975bd3042
1775125070000,2026-04-02T10:17:50+00:00,xyz:CL,B,107.84,10.514,Open Long,0.0,0.032654,0x94d734d1d04a98d3965004383a33830202ad00b76b4db7a5389fe0248f4e72be
1775125070000,2026-04-02T10:17:50+00:00,xyz:CL,B,107.84,7.942,Open Long,0.0,0.024666,0x47aaab6ce9dbdb4f492404383a33830202ae005284defa21eb7356bfa8dfb539
1775125070000,2026-04-02T10:17:50+00:00,xyz:CL,B,107.84,341.637,Open Long,0.0,1.061053,0xfa7e2208036d1dcafbf704383a33830202af00ed9e603c9d9e46cd5ac260f7b5
1775125070000,2026-04-02T10:17:50+00:00,xyz:CL,B,107.84,5.706,Open Long,0.0,0.017721,0xad5198a31cfe6046aecb04383a33830202b00088b7f17f18511a43f5dbf23a31
1775125070000,2026-04-02T10:17:50+00:00,xyz:CL,B,107.84,76.22,Open Long,0.0,0.236723,0x12f885d95010e53e147204383a33830202b200beeb140410b6c1312c0f14bf28
1775125186327,2026-04-02T10:19:46.327000+00:00,xyz:CL,B,107.77,250.0,Open Long,0.0,2.327832,0x9364e8a3256126e994de04383a3a020203140088c06445bb372d93f5e46500d4
1775125443929,2026-04-02T10:24:03.929000+00:00,xyz:CL,B,107.83,3.71,Open Long,0.0,0.034564,0x601b230d1292c6a2619404383a481a0201e700f2ad95e57403e3ce5fd196a08d
1775125443929,2026-04-02T10:24:03.929000+00:00,xyz:CL,B,107.83,125.0,Open Long,0.0,1.164564,0x601b230d1292c6a2619404383a481a0201e700f2ad95e57403e3ce5fd196a08d
1775125444202,2026-04-02T10:24:04.202000+00:00,xyz:CL,B,107.83,104.115,Open Long,0.0,0.323329,0xd972a195fe83d643daec04383a481e0204ea007b9986f5157d3b4ce8bd87b02e
1775125444202,2026-04-02T10:24:04.202000+00:00,xyz:CL,B,107.83,17.175,Open Long,0.0,0.053337,0xdf3a2fb2495699dfe0b304383a481e02051f0097e459b8b18302db05085a73ca
1775125768369,2026-04-02T10:29:28.369000+00:00,xyz:CL,B,107.95,4.0,Open Long,0.0,0.012435,0x529a5fca806e7e04541404383a59e302031f00b01b619cd6f6630b1d3f6257ee
1775125768437,2026-04-02T10:29:28.437000+00:00,xyz:CL,B,107.95,117.188,Open Long,0.0,0.364332,0x5a54a3eb4a7543ac5bce04383a59e40201a300d0e578627efe1d4f3e09791d96
1775125768437,2026-04-02T10:29:28.437000+00:00,xyz:CL,B,107.95,128.812,Open Long,0.0,0.400471,0x72cf07bc97290b1f744804383a59e40201a600a2322c29f11697b30f562ce50a
1775126129340,2026-04-02T10:35:29.340000+00:00,xyz:CL,B,107.96,77.701,Open Long,0.0,0.241591,0x5c30dc112b35000c5daa04383a6daa02023100f6c6381edefff98763ea38d9f6
1775126129473,2026-04-02T10:35:29.473000+00:00,xyz:CL,B,107.96,140.536,Open Long,0.0,0.436961,0x2d170cb8a70f347f2e9004383a6dac02046c009e42025351d0dfb80b66030e69
1775126130086,2026-04-02T10:35:30.086000+00:00,xyz:CL,B,107.96,9.26,Open Long,0.0,0.028791,0xc15ab594f187fc43c2d404383a6db30202f1007a8c8b1b15652360e7b08bd62e
1775126130376,2026-04-02T10:35:30.376000+00:00,xyz:CL,B,107.96,22.503,Open Long,0.0,0.069967,0x66fc328f53920b07687504383a6db602036b0074ee9529d90ac4dde21295e4f2
1775127073722,2026-04-02T10:51:13.722000+00:00,xyz:CL,B,108.2,20.0,Open Long,0.0,0.062323,0x5ba7a0213efcf1735d2104383aa1a402016b0006d9f01045ff704b73fdf0cb5d
1775127075786,2026-04-02T10:51:15.786000+00:00,xyz:CL,B,108.2,9.596,Open Long,0.0,0.029902,0x184c679f76b79f9119c604383aa1c2020131008511babe63bc1512f235bb797b
1775127080126,2026-04-02T10:51:20.126000+00:00,xyz:CL,B,108.2,10.391,Open Long,0.0,0.03238,0xfe19c97cb5b697beff9304383aa201020326006250b9b691a1e274cf74ba71a9
1775127082706,2026-04-02T10:51:22.706000+00:00,xyz:CL,B,108.2,10.392,Open Long,0.0,0.032383,0x24c28d5adbbbdd17263c04383aa227020148004076befbe9c88b38ad9abfb701
1775127084797,2026-04-02T10:51:24.797000+00:00,xyz:CL,B,108.2,10.02,Open Long,0.0,0.031223,0x446d6575cee2f88b45e704383aa2440204a2005b69e6175de83610c88de6d275
1775127085280,2026-04-02T10:51:25.280000+00:00,xyz:CL,B,108.2,6.287,Open Long,0.0,0.019591,0x5488a6ef8572b8f7560204383aa24a02045500d52075d7c9f8515242447692e1
1775127085280,2026-04-02T10:51:25.280000+00:00,xyz:CL,B,108.2,70.258,Open Long,0.0,0.218935,0x075c1d8a9f03fb7308d504383aa24a02045600703a071a45ab24c8dd5e07d55d
1775127085369,2026-04-02T10:51:25.369000+00:00,xyz:CL,B,108.2,9.931,Open Long,0.0,0.030946,0x562438c4a0cff725579d04383aa24b02050d00aa3bc315f7f9ece4175fc3d10f
1775127085747,2026-04-02T10:51:25.747000+00:00,xyz:CL,B,108.2,18.129,Open Long,0.0,0.056492,0xac486bf0a0fe6a9dadc204383aa25102026a00d63bf1896f501117435ff24488
1775127085747,2026-04-02T10:51:25.747000+00:00,xyz:CL,B,108.2,136.318,Open Long,0.0,0.424788,0x5f1be28bba8fad19609504383aa25102026b00715582cbeb02e48dde79838704
1775127085747,2026-04-02T10:51:25.747000+00:00,xyz:CL,B,108.2,198.678,Open Long,0.0,0.619112,0x11ef5926d410ef95136904383aa25102026c000c6f140e67b5b804799314c97f
1775129438514,2026-04-02T11:30:38.514000+00:00,xyz:CL,B,109.0,106.415,Open Long,0.0,0.334057,0x94af4f60411e0ec9962904383b23c80202290045dc112d9b3877fab30011e8b4
1775129439196,2026-04-02T11:30:39.196000+00:00,xyz:CL,B,109.0,0.377,Open Long,0.0,0.001183,0x72725244364918fa73ec04383b23d20204420029d14c37cc163afd96f54cf2e5
1775129439406,2026-04-02T11:30:39.406000+00:00,xyz:CL,B,109.0,111.0,Open Long,0.0,0.348451,0x3bc64ce2e62124b23d4004383b23d50204a100c881244384df8ef835a524fe9c
1775129440406,2026-04-02T11:30:40.406000+00:00,xyz:CL,B,109.0,111.0,Open Long,0.0,0.348451,0x35b9e7bff14a6156373304383b23e302055d00a58c4d8028d9829312b04e3b40
1775129440965,2026-04-02T11:30:40.965000+00:00,xyz:CL,B,109.0,111.0,Open Long,0.0,0.348451,0xfd2474b84e433f37fe9e04383b23ec0203c0009de9465e0aa0ed200b0d471922
1775129441991,2026-04-02T11:30:41.991000+00:00,xyz:CL,B,109.0,60.208,Open Long,0.0,0.189004,0xd1b285f52515e654d32c04383b23fa0201ef00dac0190526757b3147e419c03f
1775132700854,2026-04-02T12:25:00.854000+00:00,xyz:CL,A,109.28,274.032,Close Long,333.770976,0.862451,0x2de507ec339ec86f2f5e04383bd74402092500d1ce91e741d1adb33ef292a259
1775132700854,2026-04-02T12:25:00.854000+00:00,xyz:CL,A,109.28,100.95,Close Long,122.9571,0.317716,0xe0b87e874d200aeae23204383bd744020926006ce82329bc848129da0c23e4d5
1775132702068,2026-04-02T12:25:02.068000+00:00,xyz:CL,A,109.28,109.81,Close Long,133.74858,0.345601,0x8491506053eb1a73860b04383bd7530205e70045eeee39452859fbb312eef45e
1775132703055,2026-04-02T12:25:03.055000+00:00,xyz:CL,A,109.28,3.361,Close Long,4.093698,0.010577,0x0000000000000000000000000000000000000000000000000000000000000000
1775132704216,2026-04-02T12:25:04.216000+00:00,xyz:CL,A,109.28,41.085,Close Long,50.04153,0.129305,0x44b40f5a9224aa91462d04383bd77002041a00402d27c963e87cbaad5128847b
1775132706679,2026-04-02T12:25:06.679000+00:00,xyz:CL,A,109.28,26.378,Close Long,32.128404,0.083018,0xb0fdeb009b7d2a68b27704383bd793020a8800e63670493a54c696535a710453
1775132706679,2026-04-02T12:25:06.679000+00:00,xyz:CL,A,109.28,318.328,Close Long,387.723504,1.001862,0x63d1619bb50e6ce4654b04383bd793020a89008150018bb6079a0cee740246cf
1775132706679,2026-04-02T12:25:06.679000+00:00,xyz:CL,A,109.28,876.056,Close Long,1067.036208,2.757179,0x16a4d836ce9faf60181e04383bd793020a8a001c6992ce32ba6d83898d93894a
1775132760867,2026-04-02T12:26:00.867000+00:00,xyz:CL,A,109.61,38.963,Close Long,60.314724,0.368991,0xf3abccbad8153b20f52504383bda8402026d00a0731859f39774780d9719150b
1775132760867,2026-04-02T12:26:00.867000+00:00,xyz:CL,A,109.61,3.245,Close Long,5.02326,0.030731,0xf3abccbad8153b20f52504383bda8402026d00a0731859f39774780d9719150b
1775132760867,2026-04-02T12:26:00.867000+00:00,xyz:CL,A,109.61,115.0,Close Long,178.02,1.089084,0xf3abccbad8153b20f52504383bda8402026d00a0731859f39774780d9719150b
1775132761008,2026-04-02T12:26:01.008000+00:00,xyz:CL,A,109.61,717.792,Close Long,1111.142016,2.265902,0x13c8b6f284cd8989154204383bda860204e600d81fc0a85bb791624543c16373
1775132864616,2026-04-02T12:27:44.616000+00:00,xyz:CL,A,109.92,302.044,Close Long,561.197752,2.868538,0x37ba43d9f40238c4393404383be0150205ef00bf8f055796db82ef2cb30612ae
1775132864616,2026-04-02T12:27:44.616000+00:00,xyz:CL,A,109.92,18.778,Close Long,34.889524,0.178336,0x37ba43d9f40238c4393404383be0150205ef00bf8f055796db82ef2cb30612ae
1775132864616,2026-04-02T12:27:44.616000+00:00,xyz:CL,A,109.92,0.455,Close Long,0.84539,0.004321,0x37ba43d9f40238c4393404383be0150205ef00bf8f055796db82ef2cb30612ae
1775132864616,2026-04-02T12:27:44.616000+00:00,xyz:CL,A,109.91,553.723,Close Long,1023.280104,5.258277,0x37ba43d9f40238c4393404383be0150205ef00bf8f055796db82ef2cb30612ae
1775137273784,2026-04-02T13:41:13.784000+00:00,xyz:MU,B,343.54,24.778,Open Long,0.0,0.735457,0xff7651bdeea53b1500f004383ccf5f02033700a389a859e8a33efd10ada91500
1775137273784,2026-04-02T13:41:13.784000+00:00,xyz:MU,B,343.58,24.778,Open Long,0.0,0.735542,0xff7651bdeea53b1500f004383ccf5f02033700a389a859e8a33efd10ada91500
1775137274120,2026-04-02T13:41:14.120000+00:00,xyz:MU,B,343.58,11.035,Open Long,0.0,0.109192,0xb5a8d8516d8a24b3b72204383ccf630204410037088d4385597183a42c8dfe9e
1775137274120,2026-04-02T13:41:14.120000+00:00,xyz:MU,B,343.58,189.409,Open Long,0.0,1.874221,0x687c4eec871b672f69f604383ccf6302044200d2221e86010c44fa3f461f411a
1775137361638,2026-04-02T13:42:41.638000+00:00,xyz:MU,B,344.39,37.036,Open Long,0.0,0.367339,0x9a418c25fb2d68529bbb04383cd41d020309000b962087243e0a3778ba21423d
1775137361822,2026-04-02T13:42:41.822000+00:00,xyz:MU,B,344.39,145.024,Open Long,0.0,1.43841,0x8707b16f52eeccc2888104383cd41f02165b0054ede1eb942ad05cc211e2a6ad
1775137362238,2026-04-02T13:42:42.238000+00:00,xyz:MU,B,344.39,0.474,Open Long,0.0,0.004701,0xf04d58a684106254f1c704383cd42402130d008c1f138127941603f943143c3f
1775137362587,2026-04-02T13:42:42.587000+00:00,xyz:MU,B,344.39,2.795,Open Long,0.0,0.027722,0x7ea230096246767a801b04383cd42902030f00eefd49954c226adb5c214a5065
1775137363268,2026-04-02T13:42:43.268000+00:00,xyz:MU,B,344.39,2.795,Open Long,0.0,0.027722,0xeeec65a5bfa1697ff06604383cd4330207a3008b5aa4885192b510f87ea5436a
1775137396392,2026-04-02T13:43:16.392000+00:00,xyz:MU,B,344.39,2.795,Open Long,0.0,0.027722,0x7b3d16fd358371bf7cb604383cd5fe020c7a00e2d08690911f05c24ff4874baa
1775137397356,2026-04-02T13:43:17.356000+00:00,xyz:MU,B,344.39,1.0,Open Long,0.0,0.009918,0xb77c892f28cede92b8f604383cd60c0205080014c3c1fd645b453481e7c2b87d
1775137397628,2026-04-02T13:43:17.628000+00:00,xyz:MU,B,344.39,58.081,Open Long,0.0,0.576072,0xb66ff2d7c5d196cdb7e904383cd610020aed00bd60d4b59f5a389e2a84d570b8
1775137565817,2026-04-02T13:46:05.817000+00:00,xyz:MU,B,345.5,82.859,Open Long,0.0,0.82448,0xea3e8d3fd3e0891febb804383cdf1302072700256ee3a7f18e07389292e4630a
1775137565997,2026-04-02T13:46:05.997000+00:00,xyz:MU,B,345.5,15.988,Open Long,0.0,0.159086,0x3cac8c440ad491983e2604383cdf150205e40029a5d7b06ae0753796c9d86b82
1775137565997,2026-04-02T13:46:05.997000+00:00,xyz:MU,B,345.5,1.153,Open Long,0.0,0.011472,0xef8002df2465d413f0f904383cdf150205e500c4bf68f2e59348ae31e369adfe
1775137588490,2026-04-02T13:46:28.490000+00:00,xyz:MU,B,346.38,7.61,Open Long,0.0,0.075915,0xcb3ce6f300f0a109ccb604383ce04a0206cd00d89bf3bfdb6f059245bff47af4
1775137588490,2026-04-02T13:46:28.490000+00:00,xyz:MU,B,346.38,43.575,Open Long,0.0,0.434693,0x7e105d8e1a81e3857f8a04383ce04a0206ce0073b585025721d908e0d985bd70
1775137588490,2026-04-02T13:46:28.490000+00:00,xyz:MU,B,346.38,22.686,Open Long,0.0,0.226309,0x968ac15f6735aaf8980404383ce04a0206d100450238c9ca3a536cb2263984e3
1775137588490,2026-04-02T13:46:28.490000+00:00,xyz:MU,B,346.38,5.436,Open Long,0.0,0.054228,0x495e37fa80c6ed744ad704383ce04a0206d200e01bca0c46ed26e34d3fcac75e
1775137588490,2026-04-02T13:46:28.490000+00:00,xyz:MU,B,346.38,12.142,Open Long,0.0,0.121125,0xaf052530b3e9726bb07e04383ce04a0206d400164eec913d52cdd08372ed4c56
1775137588490,2026-04-02T13:46:28.490000+00:00,xyz:MU,B,346.38,6.847,Open Long,0.0,0.068303,0x61d89bcbcd7ab4e7635204383ce04a0206d500b1687dd3b905a1471e8c7e8ed2
1775137588905,2026-04-02T13:46:28.905000+00:00,xyz:MU,B,346.38,2.795,Open Long,0.0,0.027882,0x3a49fa7cad8988113bc304383ce04f0206a50062488ca6e3de12a5cf6c8d61fb
1775137590002,2026-04-02T13:46:30.002000+00:00,xyz:MU,B,346.38,1.0,Open Long,0.0,0.009975,0x4ac5215cb6a717f54c3e04383ce05c020c06004251aa36c7ee8dccaf75aaf1df
1775137590486,2026-04-02T13:46:30.486000+00:00,xyz:MU,B,346.38,1.0,Open Long,0.0,0.009975,0xd4d61cf42bd9f5d2d64f04383ce06302036e00d9c6dd14a4789ec846eaddcfbd
1775137590990,2026-04-02T13:46:30.990000+00:00,xyz:MU,B,346.38,17.813,Open Long,0.0,0.177697,0xc29b0c29b604724dc41404383ce06902026b000f5107911f6663b77c75084c38
1775137590990,2026-04-02T13:46:30.990000+00:00,xyz:MU,B,346.38,3.652,Open Long,0.0,0.036431,0x756e82c4cf95b4c976e804383ce06902026c00aa6a98d39b19372e178e998eb4
1775137591459,2026-04-02T13:46:31.459000+00:00,xyz:MU,B,346.38,1.0,Open Long,0.0,0.009975,0xdac72ecc5cd3f3a3dc4004383ce0700209fd00b1f7d712757e8fda1f1bd7cd8e
1775137592009,2026-04-02T13:46:32.009000+00:00,xyz:MU,B,346.38,1.0,Open Long,0.0,0.009975,0x8c6f8ce9e09f09f18de904383ce0790209ac00cf7b9228c33038383c9f92e3dc
1775137592525,2026-04-02T13:46:32.525000+00:00,xyz:MU,B,346.38,1.0,Open Long,0.0,0.009975,0x7bb8b5978a56dc5c7d3204383ce081020480007d2559fb2e1f8160ea495ab647
1775137592951,2026-04-02T13:46:32.951000+00:00,xyz:MU,B,346.38,1.0,Open Long,0.0,0.009975,0x156cc860bbbba3df16e604383ce0880205a3004656bec2b1b93573b37abf7dc9
1775137593436,2026-04-02T13:46:33.436000+00:00,xyz:MU,B,346.38,1.0,Open Long,0.0,0.009975,0x0523e673876c59ca069d04383ce08f020eb30059226f789ca8ec91c6466033b4
1775137593914,2026-04-02T13:46:33.914000+00:00,xyz:MU,B,346.38,1.0,Open Long,0.0,0.009975,0x614f2ffa9bbd883062c804383ce096020add00e036b0a7020517db4d5ab1621b
1775137594370,2026-04-02T13:46:34.370000+00:00,xyz:MU,B,346.38,1.0,Open Long,0.0,0.009975,0x59de000a6632725e5b5704383ce09d02016200f001359130fda6ab5d25364c48
1775137594944,2026-04-02T13:46:34.944000+00:00,xyz:MU,B,346.38,1.0,Open Long,0.0,0.009975,0x4617486afadfb870479104383ce0a5020914005095d2d742e9dff3bdb9d3925a
1775137595441,2026-04-02T13:46:35.441000+00:00,xyz:MU,B,346.38,1.0,Open Long,0.0,0.009975,0x3d49442996b2aed83ec304383ce0ac020f1f000f31b5cdaae111ef7c55b688c2
1775137596371,2026-04-02T13:46:36.371000+00:00,xyz:MU,B,346.38,3.515,Open Long,0.0,0.035064,0x14a7264d7b922260162004383ce0b9020d9c003316954132b86fd1a03a95fc4a
1775137596371,2026-04-02T13:46:36.371000+00:00,xyz:MU,B,346.38,14.432,Open Long,0.0,0.143969,0xdff500b9e1d72c4ee16e04383ce0b9020da0009f7cda4b2083bdac0ca0db0639
1775137596371,2026-04-02T13:46:36.371000+00:00,xyz:MU,B,346.38,11.986,Open Long,0.0,0.119569,0x29642c2dc7e282a82add04383ce0b9020da9001362e5a17acd2cd78086e65c92
1775137596371,2026-04-02T13:46:36.371000+00:00,xyz:MU,B,346.38,5.677,Open Long,0.0,0.056632,0x25a6ce3cc78f1b7d272004383ce0b9020db3002262823a4fc96f798f8682f567
1775137596430,2026-04-02T13:46:36.430000+00:00,xyz:MU,B,346.38,7.537,Open Long,0.0,0.075187,0xeabee19422219a01ec3804383ce0ba0205280079bd24b8d38e878ce6e12573ec
1775137596430,2026-04-02T13:46:36.430000+00:00,xyz:MU,B,346.38,0.799,Open Long,0.0,0.00797,0x5065ceca55441ef951df04383ce0ba02052a00aff0473dcbf42e7a1d1447f8e3
1775137596430,2026-04-02T13:46:36.430000+00:00,xyz:MU,B,346.38,2.053,Open Long,0.0,0.02048,0x68e0329ba1f7e66c6a5904383ce0ba02052d00813cfb053e0ca8ddee60fbc057
1775137596430,2026-04-02T13:46:36.430000+00:00,xyz:MU,B,346.38,2.766,Open Long,0.0,0.027592,0x1bb3a936bb8928e81d2d04383ce0ba02052e001c568c47babf7c54897a8d02d2
1775137596430,2026-04-02T13:46:36.430000+00:00,xyz:MU,B,346.38,1.419,Open Long,0.0,0.014155,0x815a966ceeabaddf82d404383ce0ba020530005289aeccb1252341bfadaf87ca
1775137596430,2026-04-02T13:46:36.430000+00:00,xyz:MU,B,346.38,3.481,Open Long,0.0,0.034725,0xb24f5e0f88033cc5b3c904383ce0ba02053600f523065b9756180962470716b0
1775137596430,2026-04-02T13:46:36.430000+00:00,xyz:MU,B,346.38,0.457,Open Long,0.0,0.004558,0x7d9d387bee4846b47f1604383ce0ba02053a0061894b65862165e3cead4c209f
1775137596430,2026-04-02T13:46:36.430000+00:00,xyz:MU,B,346.38,5.889,Open Long,0.0,0.058747,0xe34425b2216acbabe4bd04383ce0ba02053c0097bc6dea7d870cd104e06ea596
1775137596430,2026-04-02T13:46:36.430000+00:00,xyz:MU,B,346.38,3.503,Open Long,0.0,0.034945,0x96179c4d3afc0e27979104383ce0ba02053d0032d5ff2cf939e0479ff9ffe812
1775137596430,2026-04-02T13:46:36.430000+00:00,xyz:MU,B,346.38,0.962,Open Long,0.0,0.009596,0xae92001e87afd59ab00b04383ce0ba020540000422a2f46c525aab7146a3af85
1775137596430,2026-04-02T13:46:36.430000+00:00,xyz:MU,B,346.38,1.611,Open Long,0.0,0.01607,0x79dfda8aede4df897b5904383ce0ba020544007088e7fe5b1da885ddace8b974
1775137596564,2026-04-02T13:46:36.564000+00:00,xyz:MU,B,346.38,0.357,Open Long,0.0,0.003561,0x166ae804647f6fa217e404383ce0bc02080b00e9ff728e74ba3393572373498c
1775137645093,2026-04-02T13:47:25.093000+00:00,xyz:MU,B,349.69,81.554,Open Long,0.0,2.464008,0xb8b9b38f32dfb440ba3304383ce35702039a0074cdd2d3125c825ee1f1d38e2b
1775137645093,2026-04-02T13:47:25.093000+00:00,xyz:MU,B,349.71,0.858,Open Long,0.0,0.025924,0xb8b9b38f32dfb440ba3304383ce35702039a0074cdd2d3125c825ee1f1d38e2b
1775137645093,2026-04-02T13:47:25.093000+00:00,xyz:MU,B,349.73,33.358,Open Long,0.0,1.007967,0xb8b9b38f32dfb440ba3304383ce35702039a0074cdd2d3125c825ee1f1d38e2b
1775137645093,2026-04-02T13:47:25.093000+00:00,xyz:MU,B,349.75,2.829,Open Long,0.0,0.085487,0xb8b9b38f32dfb440ba3304383ce35702039a0074cdd2d3125c825ee1f1d38e2b
1775137645289,2026-04-02T13:47:25.289000+00:00,xyz:MU,B,349.76,3.653,Open Long,0.0,0.036796,0xacfb5f7567fc93f0ae7504383ce359020532005b02ffb2c250c40ac826f06ddb
1775137645425,2026-04-02T13:47:25.425000+00:00,xyz:MU,B,349.76,3.223,Open Long,0.0,0.032465,0x97613eb28cd3694998da04383ce35b020326009827d6881b3b29ea054bd74334
1775137645773,2026-04-02T13:47:25.773000+00:00,xyz:MU,B,349.76,1.0,Open Long,0.0,0.010073,0x9228cdddc9dc0e3d93a204383ce36002069d00c364df2d0f35f1793088dfe828
1775137646252,2026-04-02T13:47:26.252000+00:00,xyz:MU,B,349.76,2.795,Open Long,0.0,0.028154,0x204de6383506c0af21c704383ce367020465001dd009df81c416918af40a9a99
1775137646742,2026-04-02T13:47:26.742000+00:00,xyz:MU,B,349.76,1.0,Open Long,0.0,0.010073,0x24c26f88bb5a2d57263c04383ce36e0204af006e565d4c29c88b1adb7a5e0741
1775137647182,2026-04-02T13:47:27.182000+00:00,xyz:MU,B,349.76,1.0,Open Long,0.0,0.010073,0x0dad3be21d9d0ecf0f2604383ce37502061000c7b8902da1b175e734dc90e8b9
1775137681343,2026-04-02T13:48:01.343000+00:00,xyz:MU,B,349.76,5.59,Open Long,0.0,0.056308,0xbf6ebc0319fae6afc0e804383ce5520207b500e8b4fe058163376755d8fec09a
1775137685106,2026-04-02T13:48:05.106000+00:00,xyz:MU,B,349.76,0.474,Open Long,0.0,0.004774,0x7a3c6303b8b92b157bb604383ce58402040700e953bc49e71e050e5677bd0500
1775137685337,2026-04-02T13:48:05.337000+00:00,xyz:MU,B,349.76,2.795,Open Long,0.0,0.028154,0x0144c9e11f55eaec02be04383ce5870206b200c6ba5909bea50d7533de59c4d6
1775137686896,2026-04-02T13:48:06.896000+00:00,xyz:MU,B,349.76,1.0,Open Long,0.0,0.010073,0x19b2718db545c9781b2c04383ce59a020aca00735048e84abd7b1ce07449a362
1775137687466,2026-04-02T13:48:07.466000+00:00,xyz:MU,B,349.76,1.0,Open Long,0.0,0.010073,0x03e1ef206dc6098e055b04383ce5a202096a000608c92860a7aa9a732cc9e378
1775137688718,2026-04-02T13:48:08.718000+00:00,xyz:MU,B,349.76,1.0,Open Long,0.0,0.010073,0xd945f1769c487ededabf04383ce5b2020842005c374b9db07d0e9cc95b4c58c9
1775137697130,2026-04-02T13:48:17.130000+00:00,xyz:MU,B,349.76,2.795,Open Long,0.0,0.028154,0xbee43be4f8f93e96c05d04383ce62302115000ca93fc5d6862ace737b7fd1881
1775137697193,2026-04-02T13:48:17.193000+00:00,xyz:MU,B,349.76,3.222,Open Long,0.0,0.032455,0xc0d75746e68f9717c25104383ce6240206cc002c8182b5e964a00299a5837102
1775137697544,2026-04-02T13:48:17.544000+00:00,xyz:MU,B,349.76,8.385,Open Long,0.0,0.084462,0xcb59dd281937d68accd304383ce628020d1b000db43af55c6f22887ad83bb075
1775137698347,2026-04-02T13:48:18.347000+00:00,xyz:MU,B,349.76,2.795,Open Long,0.0,0.028154,0x72cf4a6d28c61ea3744904383ce631020b8f0052c3c93d751697f5bfe7c9f88e
1775137702039,2026-04-02T13:48:22.039000+00:00,xyz:MU,B,349.76,2.795,Open Long,0.0,0.028154,0x20e0bfec764849bf225a04383ce66102093700d2114b6891c4a96b3f354c23a9
1775137704324,2026-04-02T13:48:24.324000+00:00,xyz:MU,B,349.76,36.879,Open Long,0.0,0.371485,0xa7decccdba43dd07a95804383ce68202051200b35546fbd94ba778207947b6f2
1775139908781,2026-04-02T14:25:08.781000+00:00,xyz:INTC,B,49.711,100.0,Open Long,0.0,0.143167,0x91a7d01ba0badb38932104383d5db302035c00013bbdfa0a35707b6e5fbeb523
1775140042147,2026-04-02T14:27:22.147000+00:00,xyz:INTC,B,49.25,75.0,Open Long,0.0,0.106379,0x0c987b21d038d5d80e1204383d65050204fa00076b3bf4aab06126748f3cafc2
1775140042147,2026-04-02T14:27:22.147000+00:00,xyz:INTC,B,49.25,25.0,Open Long,0.0,0.035459,0x2512def31cec9d4b268c04383d65050204fd00d8b7efbc1dc8db8a45dbe07735
1775140063319,2026-04-02T14:27:43.319000+00:00,xyz:INTC,B,49.301,17.93,Open Long,0.0,0.025458,0x60ea8eff900ae4ff626404383d6625020b5f00e52b0e03d104b33a524f0ebeea
1775140063319,2026-04-02T14:27:43.319000+00:00,xyz:INTC,B,49.301,75.0,Open Long,0.0,0.10649,0x7964f2d0dcbeac727ade04383d6625020b6200b677b1cb441d2d9e239bb2865d
1775140063319,2026-04-02T14:27:43.319000+00:00,xyz:INTC,B,49.301,7.07,Open Long,0.0,0.010038,0x91df56a2296273e5935904383d6625020b650087c46592b735a801f4e8664dd0
1775140142469,2026-04-02T14:29:02.469000+00:00,xyz:INTC,B,49.405,100.0,Open Long,0.0,0.142286,0x8f3da70c0149f10290b704383d6a6d020c2b00f19c4d0fd43306525ec04dcaed
1775140637474,2026-04-02T14:37:17.474000+00:00,xyz:MU,A,365.73,4.178,Close Long,83.426304,0.044006,0xf13fd1592b724366f2b904383d8503021458003ec675623995087cabea761d51
1775140638116,2026-04-02T14:37:18.116000+00:00,xyz:MU,A,365.73,0.164,Close Long,3.274752,0.001727,0x0000000000000000000000000000000000000000000000000000000000000000
1775140643317,2026-04-02T14:37:23.317000+00:00,xyz:MU,A,365.73,33.821,Close Long,675.337728,0.356237,0xaa093e8ff1325d07ab8204383d8556020a3500758c357bd94dd1e9e2b03636f2
1775140643806,2026-04-02T14:37:23.806000+00:00,xyz:MU,A,365.73,5.478,Close Long,109.384704,0.057699,0x3aa703a2068318063c2004383d855c020ab40087a18636d8de6faef4c586f1f0
1775140643806,2026-04-02T14:37:23.806000+00:00,xyz:MU,A,365.73,17.84,Close Long,356.22912,0.187909,0x1ab1e3eeb918823d1c2b04383d855c020ac500d4541ba10fbe7a8f41781c5c27
1775140643806,2026-04-02T14:37:23.806000+00:00,xyz:MU,A,365.73,8.528,Close Long,170.287104,0.089825,0x332c47c005cc49b034a604383d855c020ac800a5a0cf6882d6f4f312c4c0239a
1775140643806,2026-04-02T14:37:23.806000+00:00,xyz:MU,A,365.73,6.677,Close Long,133.326336,0.070329,0x9515d705388b677c968f04383d855c020ad400ead38e864e38de8257f78f4167
1775140643910,2026-04-02T14:37:23.910000+00:00,xyz:MU,A,365.73,6.587,Close Long,131.529216,0.069381,0x9b74118fb094e6489ced04383d855d02073800754b98051a3f3cbce26f98c033
1775140644812,2026-04-02T14:37:24.812000+00:00,xyz:MU,A,365.73,16.727,Close Long,334.004736,0.176185,0xe1d60272b48f50efe34f04383d856802035800584f826fc1859eadc573832ada
1775140651168,2026-04-02T14:37:31.168000+00:00,xyz:MU,A,366.52,0.608,Close Long,12.620864,0.006417,0x4b57576d39d361294cd104383d85b8020fe50052d4d67ffbef2002bff8d73b13
1775140796592,2026-04-02T14:39:56.592000+00:00,xyz:INTC,B,49.682,200.0,Open Long,0.0,0.286168,0xa0dc5aa980653844a25604383d8d6e020628008f1b68571644a505fc3f69122f
1775140852816,2026-04-02T14:40:52.816000+00:00,xyz:INTC,B,49.492,10.09,Open Long,0.0,0.014381,0xb990bac8237a4353bb0a04383d905d02099600adbe7d62255d59661ae27e1d3e
1775140852816,2026-04-02T14:40:52.816000+00:00,xyz:INTC,B,49.492,17.95,Open Long,0.0,0.025585,0x02ffe63c098599ad047904383d905d02099f0021a488b87fa6c8918ec8897397
1775140852816,2026-04-02T14:40:52.816000+00:00,xyz:INTC,B,49.492,17.95,Open Long,0.0,0.025585,0x79a67b61889517c17b2004383d905d0209b80047239836931d6f26b44798f1ac
1775140852816,2026-04-02T14:40:52.816000+00:00,xyz:INTC,B,49.492,17.95,Open Long,0.0,0.025585,0x2c79f1fca2265a3d2df304383d905d0209b900e23d29790fd0429d4f612a3427
1775140872536,2026-04-02T14:41:12.536000+00:00,xyz:INTC,B,49.492,7.87,Open Long,0.0,0.011217,0x82fa06f3c004b2ac847304383d916902170b00d95b07d17e26c2b2467f088c97
1775140872536,2026-04-02T14:41:12.536000+00:00,xyz:INTC,B,49.492,15.92,Open Long,0.0,0.022691,0x430fc78d252f871a448904383d916902172d0072c022a5ece6d872dfe4236104
1775140872536,2026-04-02T14:41:12.536000+00:00,xyz:INTC,B,49.492,2.43,Open Long,0.0,0.003463,0x1f5d49e8d7518a2620d704383d916902174800ce7254a8f8c325f53b96556410
1775140872536,2026-04-02T14:41:12.536000+00:00,xyz:INTC,B,49.492,7.02,Open Long,0.0,0.010006,0x0caa7433d570864f0e2404383d916902177a00197073a521b0731f8694746039
1775140872536,2026-04-02T14:41:12.536000+00:00,xyz:INTC,B,49.492,7.49,Open Long,0.0,0.010676,0x7251616a08930b4673cb04383d916902177c004fa3962a18161a0cbcc796e531
1775140872536,2026-04-02T14:41:12.536000+00:00,xyz:INTC,B,49.492,95.33,Open Long,0.0,0.13588,0xf072b271886957b0f1ec04383d91690217810057236c7683943b5dc4476d319b
1775141036004,2026-04-02T14:43:56.004000+00:00,xyz:INTC,B,49.901,200.0,Open Long,0.0,0.287429,0x41f9719f03638675437304383d9a280208b600849e66a547e5c21cf1c267605f
1775143179621,2026-04-02T15:19:39.621000+00:00,xyz:INTC,B,49.873,182.71,Open Long,0.0,0.787302,0x3272231c53554e2033eb04383e0d750203cc0001ee586cf2d63ace6f1259280a
1775143179621,2026-04-02T15:19:39.621000+00:00,xyz:INTC,B,49.878,67.29,Open Long,0.0,0.289983,0x3272231c53554e2033eb04383e0d750203cc0001ee586cf2d63ace6f1259280a
1775143982971,2026-04-02T15:33:02.971000+00:00,xyz:INTC,B,49.58,17.92,Open Long,0.0,0.025588,0x4c23a4cac2ade3964d9d04383e394f020cc700b05da10268efec501d81a1bd80
1775143982971,2026-04-02T15:33:02.971000+00:00,xyz:INTC,B,49.58,17.92,Open Long,0.0,0.025588,0x2febe3087596b4f8316504383e394f020cce00ee1099d3cad3b48e5b349a8ee2
1775143982971,2026-04-02T15:33:02.971000+00:00,xyz:INTC,B,49.58,127.57,Open Long,0.0,0.182157,0x9592d03ea8b939ef970c04383e394f020cd0002443bc58c1395b7b9167bd13da
1775143982971,2026-04-02T15:33:02.971000+00:00,xyz:INTC,B,49.58,55.15,Open Long,0.0,0.078748,0xf001a3a1dab18965f17b04383e394f020cf0008775b4a83893ca4ef499b56350
1775143982971,2026-04-02T15:33:02.971000+00:00,xyz:INTC,B,49.58,31.44,Open Long,0.0,0.044893,0xa2d51a3cf442cbe1a44e04383e394f020cf100228f45eab3469dc58fb346a5cc
1775155755677,2026-04-02T18:49:15.677000+00:00,xyz:MU,A,366.52,99.392,Close Long,2063.179136,1.049159,0x98bae14c325551bb9a34043840bcfe0201cf0031cd58708d3c838c9ef1592ba6
1775157011577,2026-04-02T19:10:11.577000+00:00,xyz:INTC,A,50.0,92.97,Close Long,34.389603,0.133876,0x40e5d22bb7259c2a425f043841021b02025300115228bafce4ae7d7e76297614
1775157016503,2026-04-02T19:10:16.503000+00:00,xyz:INTC,A,50.0,4.46,Close Long,1.649754,0.006422,0x72753e7b4ce8a08373ee043841026202026c0060e7ebbf55163de9ce0bec7a6e
1775157016503,2026-04-02T19:10:16.503000+00:00,xyz:INTC,A,50.0,179.23,Close Long,66.297177,0.258091,0x2548b5166679e2ff26c2043841026202026d00fc017d01d1c9116069257dbce9
1775157016503,2026-04-02T19:10:16.503000+00:00,xyz:INTC,A,50.0,0.34,Close Long,0.125766,0.000489,0xd81c2bb1800b257ad995043841026202026e00971b0e444c7be4d7043f0eff65
1775157016503,2026-04-02T19:10:16.503000+00:00,xyz:INTC,A,50.0,4.46,Close Long,1.649754,0.006422,0x8aefa24c999c67f68c69043841026202026f0032349f86c82eb84d9f589041e1
1775157016503,2026-04-02T19:10:16.503000+00:00,xyz:INTC,A,50.0,88.7,Close Long,32.81013,0.127727,0xa36a061de6402f69a4e30438410262020272000381434e3b4732b170a5440954
1775157016503,2026-04-02T19:10:16.503000+00:00,xyz:INTC,A,50.0,20.54,Close Long,7.597746,0.029577,0xd45ecdc07fa7be4fd5d8043841026202027800a61aaadd21782779133eab983a
1775157016503,2026-04-02T19:10:16.503000+00:00,xyz:INTC,A,50.0,20.54,Close Long,7.597746,0.029577,0x8732445b993900cb88ac04384102620202790041343c1f9d2afaefae583cdab6
1775157016565,2026-04-02T19:10:16.565000+00:00,xyz:INTC,A,50.0,9.99,Close Long,3.695301,0.014385,0xa60ac0ed8e8ad4e3a78404384102630201d100d3298df3b549d36c404d8eaece
1775157016818,2026-04-02T19:10:16.818000+00:00,xyz:INTC,A,50.0,851.0,Close Long,314.7849,1.225439,0x400585bec0588fe3417f04384102670202e200a45b5baeb5e3ce31117f5c69cd
1775157016818,2026-04-02T19:10:16.818000+00:00,xyz:INTC,A,50.0,66.0,Close Long,24.4134,0.095039,0xbe26d6c6402edc4dbfa004384102670202e700abdb21fb1f61ef8218ff22b638
1775157017086,2026-04-02T19:10:17.086000+00:00,xyz:INTC,A,50.0,4.46,Close Long,1.649754,0.006422,0xa0e2c2402f014a38a25c043841026b0202f10025ca04690a44ab6d92ee052423
1775157017377,2026-04-02T19:10:17.377000+00:00,xyz:INTC,A,50.0,4.46,Close Long,1.649754,0.006422,0x576c6d0311dcf7b458e6043841026f02019200e8acd01686fb351855d0d0d19e
1775157017377,2026-04-02T19:10:17.377000+00:00,xyz:INTC,A,50.0,9.14,Close Long,3.380886,0.013161,0xbd135a3944ff7cabbe8d043841026f020194001edff29b7d60dc058c03f35696
1775157017377,2026-04-02T19:10:17.377000+00:00,xyz:INTC,A,50.0,4.46,Close Long,1.649754,0.006422,0x6c2972e35e2d57fc6da3043841026f02019f00c8f92076ce0ff21e361d2131e7
1775157017504,2026-04-02T19:10:17.504000+00:00,xyz:INTC,A,50.0,10.0,Close Long,3.699,0.014399,0x936a16977711230394e3043841027102037c007d121441d53732c1ea3614fcee
1775157017504,2026-04-02T19:10:17.504000+00:00,xyz:INTC,A,50.0,5.0,Close Long,1.8495,0.007199,0xa3f68c07462f5427a57004384102710203880101e12272f947bf375a05232e12
1775157017634,2026-04-02T19:10:17.634000+00:00,xyz:INTC,A,50.0,0.67,Close Long,0.247833,0.000964,0x198533fe8a4e2c681afe0438410273019d004be425414b3abd4ddf5149420652
1775157018231,2026-04-02T19:10:18.231000+00:00,xyz:INTC,A,50.0,1.38,Close Long,0.510462,0.001987,0x10883b6f8fca6e061201043841027c0202c800552acd8cd8b450e6c24ece47f0
1775157018918,2026-04-02T19:10:18.918000+00:00,xyz:INTC,A,50.0,4.46,Close Long,1.649754,0.006422,0x9742e8458e40b05b98bc043841028602013e002b2943cf2d3b0b93984d448a46
1775157019512,2026-04-02T19:10:19.512000+00:00,xyz:INTC,A,50.0,1.54,Close Long,0.569646,0.002217,0x59eaee525df8bfc65b64043841028f0201040037f8fbde98fdb399a51cfc99b0
1775157019650,2026-04-02T19:10:19.650000+00:00,xyz:INTC,A,50.0,1.85,Close Long,0.684315,0.002663,0x774fa393973b0e4f78c9043841029102022e0079323e2d211b184ee6563ee83a
1775157019650,2026-04-02T19:10:19.650000+00:00,xyz:INTC,A,50.0,20.54,Close Long,7.597746,0.029577,0xf570f49b17015ab9f6ea04384102910202330080b204798c99399fedd60534a4
1775157019650,2026-04-02T19:10:19.650000+00:00,xyz:INTC,A,50.0,93.81,Close Long,34.700319,0.135086,0x0deb586c63b5222d0f6504384102910202360051feb840ffb1b403bf22b8fc17
1775167943834,2026-04-02T22:12:23.834000+00:00,xyz:MU,A,365.25,13.681,Close Long,266.615328,0.431739,0x05ef99cf22d8365d07690438435f6c02017100b4bddb552fa9b84521e1dc1047
1775167943834,2026-04-02T22:12:23.834000+00:00,xyz:MU,A,365.11,186.319,Close Long,3604.900012,5.877526,0x05ef99cf22d8365d07690438435f6c02017100b4bddb552fa9b84521e1dc1047
1775171861269,2026-04-02T23:17:41.269000+00:00,xyz:MU,A,365.22,13.679,Close Long,266.165982,0.43164,0x3a88a1ccc6d3fbc83c0204384438e10201a800b261d71a9ade514d1f85d7d5b2
1775171861269,2026-04-02T23:17:41.269000+00:00,xyz:MU,A,365.15,19.392,Close Long,375.972096,0.611797,0x3a88a1ccc6d3fbc83c0204384438e10201a800b261d71a9ade514d1f85d7d5b2
1775171861269,2026-04-02T23:17:41.269000+00:00,xyz:MU,A,365.14,364.265,Close Long,7058.72717,11.491867,0x3a88a1ccc6d3fbc83c0204384438e10201a800b261d71a9ade514d1f85d7d5b2
1775171861551,2026-04-02T23:17:41.551000+00:00,xyz:MU,A,365.14,5.655,Close Long,109.58259,0.059468,0x0a91b791b3d565dc0c0b04384438e50201e400774ed884aeae5a62e472d93fc6
1775171861551,2026-04-02T23:17:41.551000+00:00,xyz:MU,A,365.14,17.009,Close Long,329.600402,0.178867,0xee59f5cf66ce373defd304384438e50201eb00b501c1560f9222a12225c21128
1775172585585,2026-04-02T23:29:45.585000+00:00,xyz:MU,A,365.33,45.0,Close Long,880.56,0.473467,0x8a95a4eb8480f0c08c0f043844614502024700d11f840f922e5e503e4384caab
1775172807838,2026-04-02T23:33:27.838000+00:00,xyz:MU,A,365.41,33.75,Close Long,663.12,0.355178,0x85e7355afe0c3ee187600438446dbf0201bd0040990f5db329afe0adbd0018cc
1775173296054,2026-04-02T23:41:36.054000+00:00,xyz:MU,A,365.35,101.25,Close Long,1983.285,1.06536,0x519b1b44b1312c71531404384488d3020204002a4c344b43f563c6977035065b
1775464383828,2026-04-06T08:33:03.828000+00:00,xyz:CRWV,B,83.347,60.13,Open Long,0.0,0.433007,0xb8eae5c9d8277480ba64043883d3a202030000af732a93525cb3911c972b4e6b
1775464383828,2026-04-06T08:33:03.828000+00:00,xyz:CRWV,B,83.369,10.25,Open Long,0.0,0.073831,0xb8eae5c9d8277480ba64043883d3a202030000af732a93525cb3911c972b4e6b
1775464383828,2026-04-06T08:33:03.828000+00:00,xyz:CRWV,B,83.384,59.16,Open Long,0.0,0.42621,0xb8eae5c9d8277480ba64043883d3a202030000af732a93525cb3911c972b4e6b
1775464383828,2026-04-06T08:33:03.828000+00:00,xyz:CRWV,B,83.384,54.23,Open Long,0.0,0.390693,0xb8eae5c9d8277480ba64043883d3a202030000af732a93525cb3911c972b4e6b
1775464383828,2026-04-06T08:33:03.828000+00:00,xyz:CRWV,B,83.384,64.6,Open Long,0.0,0.465402,0xb8eae5c9d8277480ba64043883d3a202030000af732a93525cb3911c972b4e6b
1775464406751,2026-04-06T08:33:26.751000+00:00,xyz:INTC,B,51.47,81.69,Open Long,0.0,0.121092,0x30991c7fe1f958233212043883d4f202021500657cfc76f5d461c7d2a0fd320d
1775464406816,2026-04-06T08:33:26.816000+00:00,xyz:INTC,B,51.47,4.47,Open Long,0.0,0.006626,0x7af5d4fdba5b493c7c6f043883d4f30201c600e3555e680e1ebe8050795f2327
1775464406816,2026-04-06T08:33:26.816000+00:00,xyz:INTC,B,51.47,37.36,Open Long,0.0,0.05538,0x937038cf070f10af94e9043883d4f30201c900b4a2022f813738e421c602ea9a
1775464406885,2026-04-06T08:33:26.885000+00:00,xyz:INTC,B,51.47,0.49,Open Long,0.0,0.000726,0x8eed3a22430e398a9066043883d4f40201c40007de01585c32b5e57502021375
1775464406885,2026-04-06T08:33:26.885000+00:00,xyz:INTC,B,51.47,4.47,Open Long,0.0,0.006626,0xf49427587620be81f60d043883d4f40201c6003e1123dd54985cd2ab3524986c
1775464406885,2026-04-06T08:33:26.885000+00:00,xyz:INTC,B,51.47,4.47,Open Long,0.0,0.006626,0xa7679df38fb200fda8e1043883d4f40201c700d92ab51fcf4b3049464eb5dae8
1775464407686,2026-04-06T08:33:27.686000+00:00,xyz:INTC,B,51.47,0.49,Open Long,0.0,0.000726,0x1888083ce3a3a6851a01043883d50002012200227ea6c557bc50b38fa2a7806f
1775464408357,2026-04-06T08:33:28.357000+00:00,xyz:INTC,B,51.47,0.49,Open Long,0.0,0.000726,0x3bfcd8a3be869fe43d76043883d50a02034e00895989beb6dfc583f67d8a79ce
1775464408759,2026-04-06T08:33:28.759000+00:00,xyz:INTC,B,51.47,0.49,Open Long,0.0,0.000726,0x3a6a6d630022c3c53be4043883d5100201da00489b25e297de3318b5bf269daf
1775464410231,2026-04-06T08:33:30.231000+00:00,xyz:INTC,B,51.47,0.49,Open Long,0.0,0.000726,0x6a06e171f446f3496b80043883d52602017e00578f4a121b0dcf8cc4b34acd34
1775464410976,2026-04-06T08:33:30.976000+00:00,xyz:INTC,B,51.47,0.49,Open Long,0.0,0.000726,0xc62abd9c32984136c7a4043883d5310202340081cd9b600869f368eef19c1b21
1775464411584,2026-04-06T08:33:31.584000+00:00,xyz:INTC,B,51.47,0.46,Open Long,0.0,0.000681,0x3133c12cde54cd9632ad043883d53902022800127957ec68d4fc6c7f9d58a780
1775464412516,2026-04-06T08:33:32.516000+00:00,xyz:INTC,B,51.47,23.68,Open Long,0.0,0.035101,0xd0792231bd913598d1f2043883d54602013b00175894546a7441cd847c950f83
1775464412717,2026-04-06T08:33:32.717000+00:00,xyz:INTC,B,51.47,0.49,Open Long,0.0,0.000726,0x6367c9771dca408564e1043883d5490201e7005cb8cd5f57073074c9dcce1a70
1775464412717,2026-04-06T08:33:32.717000+00:00,xyz:INTC,B,51.47,19.27,Open Long,0.0,0.028564,0xc90eb6ad50ecc57cca88043883d5490201e90092ebefe44e6cd762000fe09f67
1775464412717,2026-04-06T08:33:32.717000+00:00,xyz:INTC,B,51.47,11.29,Open Long,0.0,0.016735,0x2eb5a3e3840f4a74302f043883d5490201eb00c91f026946d27e4f364303245e
1775464412717,2026-04-06T08:33:32.717000+00:00,xyz:INTC,B,51.47,809.41,Open Long,0.0,1.199817,0x945c9119b721cf6b95d6043883d5490201ed00ff5224ee3d38253c6c7625a956
1775464492597,2026-04-06T08:34:52.597000+00:00,xyz:CRWV,B,83.384,2.52,Open Long,0.0,0.006051,0x5846990a59c3ccf059c0043883d9c102034f00eff4c6ebc2fc0f445d18c7a6da
1775464758498,2026-04-06T08:39:18.498000+00:00,xyz:INTC,B,51.6,77.78,Open Long,0.0,0.115587,0x01894f919474a2bc0303043883e88f0202ac00772f77c18ea551fae453787ca6
1775464805630,2026-04-06T08:40:05.630000+00:00,xyz:INTC,B,51.6,482.52,Open Long,0.0,0.717063,0xab83a64d50575e37acfd043883eb330202e60032eb5a7d094f4c51a00f5b3822
1775464805630,2026-04-06T08:40:05.630000+00:00,xyz:INTC,B,51.6,4.47,Open Long,0.0,0.006642,0x112a93838379e32f12a4043883eb330202e800691e7d0201b4f33ed6427dbd19
1775464805702,2026-04-06T08:40:05.702000+00:00,xyz:INTC,B,51.6,4.47,Open Long,0.0,0.006642,0x3c4031193767e1ed3db9043883eb340203ba00fed26b00bfe008dc6bf66bbbd7
1775464805702,2026-04-06T08:40:05.702000+00:00,xyz:INTC,B,51.6,967.96,Open Long,0.0,1.438465,0x078e0b859dacebdc0907043883eb340203be006b38a00aaeab56b6d85ca0c5c6
1775464805767,2026-04-06T08:40:05.767000+00:00,xyz:INTC,B,51.6,0.49,Open Long,0.0,0.000728,0x6f7eb125e48ec49670f8043883eb35020297000b7f81e36813475c78a3829e81
1775464805833,2026-04-06T08:40:05.833000+00:00,xyz:INTC,B,51.6,83.67,Open Long,0.0,0.12434,0xe1a2479e9f9d6b85e31c043883eb360202ab00843a908a57856af2f15e914570
1775464805833,2026-04-06T08:40:05.833000+00:00,xyz:INTC,B,51.6,4.47,Open Long,0.0,0.006642,0x2b11731285a8c1df2c8b043883eb360202b400f820abe0b1ceda1e6544ac9bc9
1775464806232,2026-04-06T08:40:06.232000+00:00,xyz:INTC,B,51.6,0.49,Open Long,0.0,0.000728,0xc8437d57bd8c6b61c9bd043883eb3c020244003d588f8a336c0c28aa7c80454c
1775464806573,2026-04-06T08:40:06.573000+00:00,xyz:INTC,B,51.6,112.86,Open Long,0.0,0.167718,0x134710d787cc03be14c0043883eb410201af00bd22cf2290b70fbc2a46cfdda8
1775464806771,2026-04-06T08:40:06.771000+00:00,xyz:INTC,B,51.6,0.49,Open Long,0.0,0.000728,0xbaf2bdfd34456ef2bc6c043883eb4402026800e2cf488dc45ebb694ff34948dd
1775464807044,2026-04-06T08:40:07.044000+00:00,xyz:INTC,B,51.6,0.49,Open Long,0.0,0.000728,0xdc3cbd7d9c944f6cddb6043883eb48020321006337976e3e800568d05b982957
1775464807510,2026-04-06T08:40:07.510000+00:00,xyz:INTC,B,51.6,96.79,Open Long,0.0,0.143837,0x55fbb093808e81265775043883eb4f02045500791b819ff8f9c45be63f825b10
1775464807510,2026-04-06T08:40:07.510000+00:00,xyz:INTC,B,51.6,163.05,Open Long,0.0,0.242305,0x6e761464cd3248996fef043883eb4f020458004a6835676b123ebfb78c362284
1775470682319,2026-04-06T10:18:02.319000+00:00,xyz:CRWV,B,83.384,59.0,Open Long,0.0,0.141686,0x5cba06a2404637855e3304388532d50205930087db4956570082b1f4ff4a1170
1775472408170,2026-04-06T10:46:48.170000+00:00,xyz:CRWV,B,83.384,59.92,Open Long,0.0,0.143895,0x2dc2045a12f596e42f3b04388593110202ca003fadf8b5b6d18aafacd1f970ce
1775472408527,2026-04-06T10:46:48.527000+00:00,xyz:CRWV,B,83.384,59.92,Open Long,0.0,0.143895,0xefc32f64f0cfff0bf13c04388593160202d6004a8bc31ddd938bdab7afc3d8f6
1775472409683,2026-04-06T10:46:49.683000+00:00,xyz:CRWV,B,83.384,59.92,Open Long,0.0,0.143895,0x95374f7f73f1687496b1043885932602063100650ef4874638fffad232f5425f
1775472420487,2026-04-06T10:47:00.487000+00:00,xyz:CRWV,B,83.384,10.35,Open Long,0.0,0.024855,0x0ca68c73e27619100e2004388593c00204d700597d7937e2b06f37c6a179f2fa
1775482345052,2026-04-06T13:32:25.052000+00:00,xyz:INTC,B,51.921,49.57,Open Long,0.0,0.074123,0xf48f53ce38c34181f609043887bdcc02074800b3d3c660549857ff20f7c71b6c
1775482345052,2026-04-06T13:32:25.052000+00:00,xyz:INTC,B,51.921,47.97,Open Long,0.0,0.07173,0xd2e706553564a0fed460043887bdcc0207a2003ad067bfd076afb1a7f4687ae9
1775482487655,2026-04-06T13:34:47.655000+00:00,xyz:INTC,B,52.035,69.16,Open Long,0.0,0.103643,0x2d1a66fb7c837d312e94043887c59902052300e117869c03d0e3124e3b87571b
1775482487655,2026-04-06T13:34:47.655000+00:00,xyz:INTC,B,52.035,357.64,Open Long,0.0,0.535962,0xf8684167e2c8871ff9e1043887c599020527004d7dcba5f29c30ecbaa1cc610a
1775482487655,2026-04-06T13:34:47.655000+00:00,xyz:INTC,B,52.035,167.7,Open Long,0.0,0.251316,0x8b46984faeef33d28cc0043887c599020539003549e252a42f0f43a26de30dbd
1775482544554,2026-04-06T13:35:44.554000+00:00,xyz:INTC,B,52.035,10.37,Open Long,0.0,0.01554,0x446bf7c088488a2945e5043887c8bc02045000a6234ba8fbe834a313474c6413
1775482544554,2026-04-06T13:35:44.554000+00:00,xyz:INTC,B,52.035,18.23,Open Long,0.0,0.027319,0xf73f6e5ba1d9cca4f8b9043887c8bc02045100413cdceb779b0819ae60dda68f
1775482544554,2026-04-06T13:35:44.554000+00:00,xyz:INTC,B,52.035,376.9,Open Long,0.0,0.564825,0xc28d48c8081ed693c407043887c8bc02045500ada311f5656655f41ac712b07e
1775482560046,2026-04-06T13:36:00.046000+00:00,xyz:INTC,B,51.921,7.6,Open Long,0.0,0.011364,0xfd3d33ab1cd6a628feb6043887c99b0204e60090b7d9c4fba105defddbda8013
1775482560046,2026-04-06T13:36:00.046000+00:00,xyz:INTC,B,51.921,3.71,Open Long,0.0,0.005547,0x15b7977c698a6d9c1731043887c99b0204e90062048d8c6eb98042cf288e4786
1775482560046,2026-04-06T13:36:00.046000+00:00,xyz:INTC,B,51.921,181.14,Open Long,0.0,0.270863,0xc88b0e17831bb017ca04043887c99b0204ea00fd1e1ecee96c53b96a421f8a02
1775482560046,2026-04-06T13:36:00.046000+00:00,xyz:INTC,B,51.921,523.64,Open Long,0.0,0.783011,0x7b5e84b29cacf2937cd8043887c99b0204eb009837a011651f2730055ba0cc7e
1775482560046,2026-04-06T13:36:00.046000+00:00,xyz:INTC,B,51.921,14.19,Open Long,0.0,0.021218,0xe10571e8cfcf778ae27f043887c99b0204ed00ce6ac2965c84ce1d3b8ec35175
1775482560046,2026-04-06T13:36:00.046000+00:00,xyz:INTC,B,51.921,54.77,Open Long,0.0,0.081898,0x93d8e883e950ba069552043887c99b0204ee00698453d8d837a193d6a85493f1
1775482560046,2026-04-06T13:36:00.046000+00:00,xyz:INTC,B,51.921,41.56,Open Long,0.0,0.062145,0xf97fd5ba1c733efdfaf9043887c99b0204f0009fb7765dd09d48810cdb7718e8
1775482560309,2026-04-06T13:36:00.309000+00:00,xyz:INTC,B,51.921,9.6,Open Long,0.0,0.014355,0x08c4e286dc7c4ce80a3e043887c99f0209dc006c777f6bbaac8d8dd99b7026d2
1775482560309,2026-04-06T13:36:00.309000+00:00,xyz:INTC,B,51.921,66.25,Open Long,0.0,0.099065,0xbb985921f60d8f63bd12043887c99f0209dd00079100ae355f610474b501694e
1775482605831,2026-04-06T13:36:45.831000+00:00,xyz:INTC,B,51.564,17.9,Open Long,0.0,0.026582,0x837f382ae8e5a52b84f8043887cc1e020880001083e8c3fd2747e37da7e97f16
1775482606225,2026-04-06T13:36:46.225000+00:00,xyz:INTC,B,51.564,59.35,Open Long,0.0,0.088137,0x745380864a7ce56375cd043887cc24020663006be5700435181c2bd90970bf4e
1775482606914,2026-04-06T13:36:46.914000+00:00,xyz:INTC,B,51.564,17.91,Open Long,0.0,0.026597,0x2d1f76566b0806292e99043887cc2d020867003c060b24fbd0e821a92a0be013
1775482606914,2026-04-06T13:36:46.914000+00:00,xyz:INTC,B,51.564,77.98,Open Long,0.0,0.115803,0xdff2ecf1849948a4e16c043887cc2d02086800d71f9c677683bb9844439d228f
1775482606914,2026-04-06T13:36:46.914000+00:00,xyz:INTC,B,51.564,17.91,Open Long,0.0,0.026597,0xab40c75deade5293acba043887cc2d02086c004385d171654f0972b0a9d22c7e
1775482606914,2026-04-06T13:36:46.914000+00:00,xyz:INTC,B,51.564,7.61,Open Long,0.0,0.011301,0x5e143df9046f950f5f8d043887cc2d02086d00de9f62b3e101dce94bc3636efa
1775482606914,2026-04-06T13:36:46.914000+00:00,xyz:INTC,B,51.564,14.9,Open Long,0.0,0.022127,0x10e7b4941df0d78b1261043887cc2d02086e0079b8f3f65db4b05fe6dcf4b175
1775482606914,2026-04-06T13:36:46.914000+00:00,xyz:INTC,B,51.564,2.73,Open Long,0.0,0.004054,0xc3bb2b2f37821a06c534043887cc2d02086f0014d28538d86783d681f685f3f1
1775482606914,2026-04-06T13:36:46.914000+00:00,xyz:INTC,B,51.564,783.71,Open Long,0.0,1.163843,0x768ea1ca51135c827808043887cc2d02087000afec167b541a574d1d1017366d
1775484408084,2026-04-06T14:06:48.084000+00:00,xyz:CRWV,A,79.763,500.0,Close Long,-1808.1,1.148587,0xaf89f7471e135872b1030438882ecf020516002cb91677445352a299dd17325d
1775486151902,2026-04-06T14:35:51.902000+00:00,xyz:INTC,B,50.987,58.68,Open Long,0.0,0.258501,0xc80be7d37087ef23c9850438888ecf0209d500b90b8b0df56bd493262f8bc90e
1775486151902,2026-04-06T14:35:51.902000+00:00,xyz:INTC,B,50.992,12.58,Open Long,0.0,0.055423,0xc80be7d37087ef23c9850438888ecf0209d500b90b8b0df56bd493262f8bc90e
1775486151902,2026-04-06T14:35:51.902000+00:00,xyz:INTC,B,50.993,58.68,Open Long,0.0,0.258532,0xc80be7d37087ef23c9850438888ecf0209d500b90b8b0df56bd493262f8bc90e
1775486152190,2026-04-06T14:35:52.190000+00:00,xyz:INTC,B,50.994,9.81,Open Long,0.0,0.014407,0x596f6f6b18e18c435ae90438888ed40207720050b3e4ab15fd381abdd7e5662d
1775486152274,2026-04-06T14:35:52.274000+00:00,xyz:INTC,B,50.994,9.8,Open Long,0.0,0.014392,0x334423455182149b34bd0438888ed50207c7002aec85336dd70cce981085ee85
1775486152274,2026-04-06T14:35:52.274000+00:00,xyz:INTC,B,50.994,19.6,Open Long,0.0,0.028785,0xa9eab86ad09192afab640438888ed50207e000506b94b1814db363bd8f956c9a
1775486152274,2026-04-06T14:35:52.274000+00:00,xyz:INTC,B,50.994,950.8,Open Long,0.0,1.39637,0xdadf800d69f92195dc590438888ed50207e600f304fc40677ea82b6028fcfb80
1775486152411,2026-04-06T14:35:52.411000+00:00,xyz:INTC,B,50.994,5.12,Open Long,0.0,0.007519,0xf5e3248793bc341df75c0438888ed7020558006d2ebf52f099abcfda52b00e08
1775486152411,2026-04-06T14:35:52.411000+00:00,xyz:INTC,B,50.994,19.61,Open Long,0.0,0.028799,0x3f524ffb79c78a7740cc0438888ed702056100e114caa949e31afb4e38cb6461
1775486152467,2026-04-06T14:35:52.467000+00:00,xyz:INTC,B,50.994,3.46,Open Long,0.0,0.005081,0x7443ba3a3dfb938c75bd0438888ed80209d7001fd8feb25e180c658cfcff6d77
1775486152467,2026-04-06T14:35:52.467000+00:00,xyz:INTC,B,50.994,851.86,Open Long,0.0,1.251064,0xd62d497f70bab158d7a70438888ed80209e300650bbdd02a79f5f4d22fbe8b43
1775486258376,2026-04-06T14:37:38.376000+00:00,xyz:INTC,B,51.026,65.3,Open Long,0.0,0.095961,0xca6b6ca965657c3ccbe504388894b2020da4008f00689b0e6e3417fc24695627
1775486258376,2026-04-06T14:37:38.376000+00:00,xyz:INTC,B,51.026,2.56,Open Long,0.0,0.003762,0x95b94715cbaa862b973304388894b2020da800fb66ada4fd3981f2688aae6016
1775486258376,2026-04-06T14:37:38.376000+00:00,xyz:INTC,B,51.026,5.06,Open Long,0.0,0.007435,0x2c54fbee98249a092dce04388894b2020db000d43327b8dbd01da741572873f3
1775486258376,2026-04-06T14:37:38.376000+00:00,xyz:INTC,B,51.026,7.55,Open Long,0.0,0.011095,0x86c3cf51ca2ce97f883d04388894b2020dd00037652008512a8c7aa48920c36a
1775486258436,2026-04-06T14:37:38.436000+00:00,xyz:INTC,B,51.026,32.74,Open Long,0.0,0.048113,0xc0cf4a08edeadb5ec24904388894b30205a700ee88edfa306497f55baceeb549
1775486258436,2026-04-06T14:37:38.436000+00:00,xyz:INTC,B,51.026,8.54,Open Long,0.0,0.012549,0x5f3c7995b0c02afb60b604388894b3020c05007b4bc349cd030524e86fc404e6
1775486258436,2026-04-06T14:37:38.436000+00:00,xyz:INTC,B,51.026,3.0,Open Long,0.0,0.004408,0x903141384a27b9e191aa04388894b3020c0b001de52ad8b333f9ec8b092b93cc
1775486258436,2026-04-06T14:37:38.436000+00:00,xyz:INTC,B,51.026,3.96,Open Long,0.0,0.005819,0xf5d82e6e7d4a3ed8f75104388894b3020c0d0054184d5dab99a0d9c13c4e18c3
1775486258436,2026-04-06T14:37:38.436000+00:00,xyz:INTC,B,51.026,13.35,Open Long,0.0,0.019618,0xa4ee471896781a29a66804388894b3020c1800fe317b38fb48b6f26b557bf414
1775486258436,2026-04-06T14:37:38.436000+00:00,xyz:INTC,B,51.026,3.67,Open Long,0.0,0.005393,0x0a95344ec99a9f210c0e04388894b3020c1a0034649dbdf3ae5ddfa1889e790b
1775486258436,2026-04-06T14:37:38.436000+00:00,xyz:INTC,B,51.026,5.7,Open Long,0.0,0.008376,0xeaa0149b7c200957ec1904388894b3020c2b0081172328298e68bfee3b23e342
1775486258436,2026-04-06T14:37:38.436000+00:00,xyz:INTC,B,51.026,12.29,Open Long,0.0,0.01806,0x1b94dc3e1587983e1d0e04388894b3020c310023b08ab710bf5d8790d48b7228
1775486258436,2026-04-06T14:37:38.436000+00:00,xyz:INTC,B,51.026,6.08,Open Long,0.0,0.008934,0x340f400f623b5fb1358804388894b3020c3400f4fd3e7e83d7d7eb62213f399b
1775486258530,2026-04-06T14:37:38.530000+00:00,xyz:INTC,B,51.026,15.41,Open Long,0.0,0.022645,0xe3bc48bb4786da7fe53604388894b402028c00a0e289f9518784f40e068ab46a
1775486258530,2026-04-06T14:37:38.530000+00:00,xyz:INTC,B,51.026,6.42,Open Long,0.0,0.009434,0x968fbf5661181cfb980904388894b402028d003bfc1b3bcd3a586aa9201bf6e6
1775486258595,2026-04-06T14:37:38.595000+00:00,xyz:INTC,B,51.026,7.35,Open Long,0.0,0.010801,0x86d4a6d69bfd1055884e04388894b50202a600bc36f02f272a9d52295af0ea40
1775486258595,2026-04-06T14:37:38.595000+00:00,xyz:INTC,B,51.026,2.13,Open Long,0.0,0.00313,0xb7c96e7935549f3bb94304388894b50202ac005ed057be0d5b9219cbf4587926
1775486258663,2026-04-06T14:37:38.663000+00:00,xyz:INTC,B,51.026,9.71,Open Long,0.0,0.014269,0x3cf6bb42b75429923e7004388894b6020607002852574864e0bf66957658037c
1775486258663,2026-04-06T14:37:38.663000+00:00,xyz:INTC,B,51.026,18.2,Open Long,0.0,0.026745,0xefca31ddd0e56c0df14304388894b602060800c36be88ae09392dd308fe945f8
1775486258732,2026-04-06T14:37:38.732000+00:00,xyz:INTC,B,51.026,61.55,Open Long,0.0,0.09045,0xdfb7b19b08fcb73be13104388894b7020e6c0080a3ffd60d83805cedc7f09126
1775486258732,2026-04-06T14:37:38.732000+00:00,xyz:INTC,B,51.026,23.84,Open Long,0.0,0.035034,0x41a140e03bbbd508431a04388894b7020e7800c5d6bef3dae569ec32fabfaef2
1775486258732,2026-04-06T14:37:38.732000+00:00,xyz:INTC,B,51.026,31.53,Open Long,0.0,0.046334,0x8b106c5421c72b618c8a04388894b7020e810039bcca4a332ed917a6e0cb054c
1775486258732,2026-04-06T14:37:38.732000+00:00,xyz:INTC,B,51.026,88.7,Open Long,0.0,0.130348,0xa38ad0256e7af2d4a50404388894b7020e84000b097e11a647537b782d7eccbf
1775486258732,2026-04-06T14:37:38.732000+00:00,xyz:INTC,B,51.026,78.15,Open Long,0.0,0.114845,0x32abc91c3a3e385c342504388894b7020ea00001d531572ed674746ef9321246
1775486258796,2026-04-06T14:37:38.796000+00:00,xyz:INTC,B,51.026,19.39,Open Long,0.0,0.028494,0x06b9760165c9c5b4083304388894b80202fc00e700cce486aa82215424cd9f9e
1775486258925,2026-04-06T14:37:38.925000+00:00,xyz:INTC,B,51.026,18.2,Open Long,0.0,0.026745,0x566e538a7d37af3c57e804388894ba0215010070183ace0efa36fedd3c3b8926
1775486258925,2026-04-06T14:37:38.925000+00:00,xyz:INTC,B,51.026,18.2,Open Long,0.0,0.026745,0x6ee8b75bc9eb76af706204388894ba021504004164ee958112b162ae88ef509a
1775486258985,2026-04-06T14:37:38.985000+00:00,xyz:INTC,B,51.026,2.96,Open Long,0.0,0.004349,0xd31ca7fc1d932301d49604388894bb02053200e1b89641d376e5534edc96fcec
1775486259184,2026-04-06T14:37:39.184000+00:00,xyz:INTC,B,51.026,5.31,Open Long,0.0,0.007803,0xc53c65fc9e3e678dc6b604388894be020a7d00e23931865f6905114f5d324178
1775486259664,2026-04-06T14:37:39.664000+00:00,xyz:INTC,B,51.026,21.79,Open Long,0.0,0.032021,0x992b0994592347e09aa404388894c40204660079f42666b23cf3b4e7182721cb
1775486261554,2026-04-06T14:37:41.554000+00:00,xyz:INTC,B,51.026,22.13,Open Long,0.0,0.032521,0x232f273d4826cab024a804388894de0202d40022e329e982c6f7d290072aa49a
1775486261554,2026-04-06T14:37:41.554000+00:00,xyz:INTC,B,51.026,8.48,Open Long,0.0,0.012461,0xb91c93b74cc356d1ba9604388894de0207ae009ce7c675a35ce53f0a0bc730bc
1775486261554,2026-04-06T14:37:41.554000+00:00,xyz:INTC,B,51.026,55.07,Open Long,0.0,0.080928,0x1b0622fc7f82749e1c7f04388894de0207ba00e21a859370becece4f3e864e88
1775486261554,2026-04-06T14:37:41.554000+00:00,xyz:INTC,B,51.026,9.86,Open Long,0.0,0.014489,0x338086cdcc363c1134fa04388894de0207bd00b367395ae3d74932208b3a15fb
1775486261634,2026-04-06T14:37:41.634000+00:00,xyz:INTC,B,51.026,1000.0,Open Long,0.0,1.469548,0xb33d8b7436c538d0b4b704388894df0205890059d1c857a2570636c6f5c912bb
1775486261634,2026-04-06T14:37:41.634000+00:00,xyz:INTC,B,51.026,263.23,Open Long,0.0,0.386829,0xe4325316d02cc7b6e5ac04388894df02058f00fc6b2fe68887fafe698f20a1a1
1775486261634,2026-04-06T14:37:41.634000+00:00,xyz:INTC,B,51.026,9.57,Open Long,0.0,0.014063,0x93486bc0e95aa30794c204388894df02059a00a6845dc1d937111713a85e7cf2
1775486261634,2026-04-06T14:37:41.634000+00:00,xyz:INTC,B,51.026,33.02,Open Long,0.0,0.048524,0xdcb79734cf65f960de3104388894df0205a3001a6a691832808042878e69d34b
1775489569817,2026-04-06T15:32:49.817000+00:00,xyz:INTC,B,50.499,26.75,Open Long,0.0,0.038904,0xc187d9ac64f023e6c3010438894b400201bf0091fff342b8655084ff23f3fdd1
1775489569817,2026-04-06T15:32:49.817000+00:00,xyz:INTC,B,50.499,29.86,Open Long,0.0,0.043427,0x272ec6e29812a8de28a80438894b400201c100c83315c7b0caf77235571682c8
1775489574698,2026-04-06T15:32:54.698000+00:00,xyz:INTC,B,50.499,180.12,Open Long,0.0,0.261961,0x6f2e017ac1c7c1c470a70438894b87020a7100605ccae09612f6accd80cb9baf
1775489574698,2026-04-06T15:32:54.698000+00:00,xyz:INTC,B,50.499,29.75,Open Long,0.0,0.043267,0x3a7bdbe7280ccbb33bf50438894b87020a7500ccc30fea85de448739e700a59d
1775489574698,2026-04-06T15:32:54.698000+00:00,xyz:INTC,B,50.499,46.54,Open Long,0.0,0.067686,0xed4f5282419e0e2eeec90438894b87020a760067dc912d009117fdd50091e819
1775489574698,2026-04-06T15:32:54.698000+00:00,xyz:INTC,B,50.499,52.49,Open Long,0.0,0.076339,0x67b34598c100f36e692d0438894b87020a85007e5c0412400b7bf0eb8004cd59
1775489574698,2026-04-06T15:32:54.698000+00:00,xyz:INTC,B,50.499,88.7,Open Long,0.0,0.129002,0x47be25e573965da549370438894b87020a9600cb0e997c77eb86d138329a378f
1775489574698,2026-04-06T15:32:54.698000+00:00,xyz:INTC,B,50.499,18.39,Open Long,0.0,0.026745,0xc5df76ecf36caa0fc7590438894b87020a9b00d28e6fc8e169a8223fb26083fa
1775489574698,2026-04-06T15:32:54.698000+00:00,xyz:INTC,B,50.499,18.39,Open Long,0.0,0.026745,0x2b866423268f2f072d000438894b87020a9d0008c1824dd9cf4f0f75e58308f1
1775489574698,2026-04-06T15:32:54.698000+00:00,xyz:INTC,B,50.499,9.01,Open Long,0.0,0.013103,0x4400c7f47332f67a457a0438894b87020aa000da0e36154ce7c973473236d064
1775499215588,2026-04-06T18:13:35.588000+00:00,xyz:INTC,B,50.623,29.63,Open Long,0.0,0.043198,0xe3bf75bf2b5699a8e53904388b645a02021300a4c659b87a87882111ea5a7393
1775499215588,2026-04-06T18:13:35.588000+00:00,xyz:INTC,B,50.623,2.53,Open Long,0.0,0.003688,0xfc39d990780a611bfdb304388b645a0202160076130d7feea00284e3370e3b06
1775499215588,2026-04-06T18:13:35.588000+00:00,xyz:INTC,B,50.623,2.53,Open Long,0.0,0.003688,0x61e0c6c6ab2ce613635a04388b645a02021800ac462004e505a972196a20bffe
1775499215588,2026-04-06T18:13:35.588000+00:00,xyz:INTC,B,50.623,59.03,Open Long,0.0,0.086062,0xf87c7b9f77a6f9f0f9f604388b645a020220008512aa18c39c4526f236aad3db
1775499215588,2026-04-06T18:13:35.588000+00:00,xyz:INTC,B,50.623,20.63,Open Long,0.0,0.030077,0xab4ff23a91383c6cacc904388b645a02022100202c3b5b3e4f189d8d503c1657
1775499215588,2026-04-06T18:13:35.588000+00:00,xyz:INTC,B,50.623,60.65,Open Long,0.0,0.088424,0x5e2368d5aac97ee85f9d04388b645a02022200bb45cc9dba01ec142869cd58d3
1775567239025,2026-04-07T13:07:19.025000+00:00,xyz:INTC,A,51.81,0.39,Close Long,0.172965,0.001745,0x7a819d6f1936c9aa7bfb04389a2deb02090c0054b439e87c1e4a48c1d83aa395
1775567239025,2026-04-07T13:07:19.025000+00:00,xyz:INTC,A,51.807,0.39,Close Long,0.171795,0.001745,0x7a819d6f1936c9aa7bfb04389a2deb02090c0054b439e87c1e4a48c1d83aa395
1775567239025,2026-04-07T13:07:19.025000+00:00,xyz:INTC,A,51.804,0.39,Close Long,0.170625,0.001745,0x7a819d6f1936c9aa7bfb04389a2deb02090c0054b439e87c1e4a48c1d83aa395
1775567239025,2026-04-07T13:07:19.025000+00:00,xyz:INTC,A,51.801,0.39,Close Long,0.169455,0.001745,0x7a819d6f1936c9aa7bfb04389a2deb02090c0054b439e87c1e4a48c1d83aa395
1775567239025,2026-04-07T13:07:19.025000+00:00,xyz:INTC,A,51.798,0.39,Close Long,0.168285,0.001745,0x7a819d6f1936c9aa7bfb04389a2deb02090c0054b439e87c1e4a48c1d83aa395
1775567239025,2026-04-07T13:07:19.025000+00:00,xyz:INTC,A,51.795,0.39,Close Long,0.167115,0.001745,0x7a819d6f1936c9aa7bfb04389a2deb02090c0054b439e87c1e4a48c1d83aa395
1775567239025,2026-04-07T13:07:19.025000+00:00,xyz:INTC,A,51.792,0.39,Close Long,0.165945,0.001745,0x7a819d6f1936c9aa7bfb04389a2deb02090c0054b439e87c1e4a48c1d83aa395
1775567239025,2026-04-07T13:07:19.025000+00:00,xyz:INTC,A,51.789,0.39,Close Long,0.164775,0.001745,0x7a819d6f1936c9aa7bfb04389a2deb02090c0054b439e87c1e4a48c1d83aa395
1775567239025,2026-04-07T13:07:19.025000+00:00,xyz:INTC,A,51.786,0.39,Close Long,0.163605,0.001744,0x7a819d6f1936c9aa7bfb04389a2deb02090c0054b439e87c1e4a48c1d83aa395
1775567239025,2026-04-07T13:07:19.025000+00:00,xyz:INTC,A,51.783,0.39,Close Long,0.162435,0.001744,0x7a819d6f1936c9aa7bfb04389a2deb02090c0054b439e87c1e4a48c1d83aa395
1775567239025,2026-04-07T13:07:19.025000+00:00,xyz:INTC,A,51.78,0.39,Close Long,0.161265,0.001744,0x7a819d6f1936c9aa7bfb04389a2deb02090c0054b439e87c1e4a48c1d83aa395
1775567239025,2026-04-07T13:07:19.025000+00:00,xyz:INTC,A,51.777,0.39,Close Long,0.160095,0.001744,0x7a819d6f1936c9aa7bfb04389a2deb02090c0054b439e87c1e4a48c1d83aa395
1775567239025,2026-04-07T13:07:19.025000+00:00,xyz:INTC,A,51.774,0.39,Close Long,0.158925,0.001744,0x7a819d6f1936c9aa7bfb04389a2deb02090c0054b439e87c1e4a48c1d83aa395
1775567239025,2026-04-07T13:07:19.025000+00:00,xyz:INTC,A,51.771,0.39,Close Long,0.157755,0.001744,0x7a819d6f1936c9aa7bfb04389a2deb02090c0054b439e87c1e4a48c1d83aa395
1775567239025,2026-04-07T13:07:19.025000+00:00,xyz:INTC,A,51.768,0.39,Close Long,0.156585,0.001744,0x7a819d6f1936c9aa7bfb04389a2deb02090c0054b439e87c1e4a48c1d83aa395
1775567239025,2026-04-07T13:07:19.025000+00:00,xyz:INTC,A,51.765,9.65,Close Long,3.845525,0.043159,0x7a819d6f1936c9aa7bfb04389a2deb02090c0054b439e87c1e4a48c1d83aa395
1775567239025,2026-04-07T13:07:19.025000+00:00,xyz:INTC,A,51.762,9.65,Close Long,3.816575,0.043157,0x7a819d6f1936c9aa7bfb04389a2deb02090c0054b439e87c1e4a48c1d83aa395
1775567239025,2026-04-07T13:07:19.025000+00:00,xyz:INTC,A,51.759,0.39,Close Long,0.153075,0.001744,0x7a819d6f1936c9aa7bfb04389a2deb02090c0054b439e87c1e4a48c1d83aa395
1775567239025,2026-04-07T13:07:19.025000+00:00,xyz:INTC,A,51.758,13.27,Close Long,5.195205,0.059341,0x7a819d6f1936c9aa7bfb04389a2deb02090c0054b439e87c1e4a48c1d83aa395
1775567239025,2026-04-07T13:07:19.025000+00:00,xyz:INTC,A,51.756,0.39,Close Long,0.151905,0.001743,0x7a819d6f1936c9aa7bfb04389a2deb02090c0054b439e87c1e4a48c1d83aa395
1775567239025,2026-04-07T13:07:19.025000+00:00,xyz:INTC,A,51.753,0.39,Close Long,0.150735,0.001743,0x7a819d6f1936c9aa7bfb04389a2deb02090c0054b439e87c1e4a48c1d83aa395
1775567239025,2026-04-07T13:07:19.025000+00:00,xyz:INTC,A,51.728,24.16,Close Long,8.73384,0.107978,0x7a819d6f1936c9aa7bfb04389a2deb02090c0054b439e87c1e4a48c1d83aa395
1775567239025,2026-04-07T13:07:19.025000+00:00,xyz:INTC,A,51.72,18.97,Close Long,6.705895,0.084769,0x7a819d6f1936c9aa7bfb04389a2deb02090c0054b439e87c1e4a48c1d83aa395
1775567239025,2026-04-07T13:07:19.025000+00:00,xyz:INTC,A,51.716,17.7,Close Long,6.18615,0.079088,0x7a819d6f1936c9aa7bfb04389a2deb02090c0054b439e87c1e4a48c1d83aa395
1775567239025,2026-04-07T13:07:19.025000+00:00,xyz:INTC,A,51.715,1.65,Close Long,0.575025,0.007372,0x7a819d6f1936c9aa7bfb04389a2deb02090c0054b439e87c1e4a48c1d83aa395
1775567239025,2026-04-07T13:07:19.025000+00:00,xyz:INTC,A,51.71,5.68,Close Long,1.95108,0.025376,0x7a819d6f1936c9aa7bfb04389a2deb02090c0054b439e87c1e4a48c1d83aa395
1775567239025,2026-04-07T13:07:19.025000+00:00,xyz:INTC,A,51.698,3.86,Close Long,1.27959,0.017241,0x7a819d6f1936c9aa7bfb04389a2deb02090c0054b439e87c1e4a48c1d83aa395
1775567239025,2026-04-07T13:07:19.025000+00:00,xyz:INTC,A,51.684,11.59,Close Long,3.679825,0.051755,0x7a819d6f1936c9aa7bfb04389a2deb02090c0054b439e87c1e4a48c1d83aa395
1775567239025,2026-04-07T13:07:19.025000+00:00,xyz:INTC,A,51.665,15.46,Close Long,4.61481,0.069011,0x7a819d6f1936c9aa7bfb04389a2deb02090c0054b439e87c1e4a48c1d83aa395
1775567239025,2026-04-07T13:07:19.025000+00:00,xyz:INTC,A,51.63,18.67,Close Long,4.919545,0.083283,0x7a819d6f1936c9aa7bfb04389a2deb02090c0054b439e87c1e4a48c1d83aa395
1775567239025,2026-04-07T13:07:19.025000+00:00,xyz:INTC,A,51.63,196.86,Close Long,51.87261,0.878159,0x7a819d6f1936c9aa7bfb04389a2deb02090c0054b439e87c1e4a48c1d83aa395
1775567239025,2026-04-07T13:07:19.025000+00:00,xyz:INTC,A,51.623,145.81,Close Long,37.400265,0.650345,0x7a819d6f1936c9aa7bfb04389a2deb02090c0054b439e87c1e4a48c1d83aa395
1775567240098,2026-04-07T13:07:20.098000+00:00,xyz:INTC,A,52.0,175.0,Close Long,110.8625,0.262079,0xcf7a52c0154cba7fd0f404389a2dfa020eea00a5b04fd9517342fe12d440946a
1775567440783,2026-04-07T13:10:40.783000+00:00,xyz:INTC,B,52.0,7.52,Open Long,0.0,0.011261,0xd3f81da4a7c67ed3d57104389a3954020410008a42c99da577c0c8f766ca58be
1775567440783,2026-04-07T13:10:40.783000+00:00,xyz:INTC,B,52.0,150.0,Open Long,0.0,0.224639,0xe8b52384f416df1bea2e04389a395402041d006a8f19fded8c7dced7b31ab906
1775567440783,2026-04-07T13:10:40.783000+00:00,xyz:INTC,B,52.0,542.48,Open Long,0.0,0.812418,0x4e5c10bb273964134fd504389a395402041f00a0c23c82e5f224bc0de63d3dfd
1775574767048,2026-04-07T15:12:47.048000+00:00,@107,A,36.058,0.41,Sell,-0.00163999,0.00567697,0x0000000000000000000000000000000000000000000000000000000000000000
1775574768054,2026-04-07T15:12:48.054000+00:00,@107,A,36.058,0.32,Sell,-0.00127999,0.0044308,0x0000000000000000000000000000000000000000000000000000000000000000
1775574851382,2026-04-07T15:14:11.382000+00:00,@107,A,36.058,195.89,Sell,-0.78355999,2.71234622,0xdc8a3dc52236b80bde0304389bcf4a02030100aabd39d6dd8052e917e13a91f6
1775574851382,2026-04-07T15:14:11.382000+00:00,@107,A,36.058,99.27,Sell,-0.39707999,1.37451942,0x8f5db4603bc7fa8790d704389bcf4a0203020045d6cb195933265fb2facbd472
1775574851382,2026-04-07T15:14:11.382000+00:00,@107,A,36.058,162.2,Sell,-0.64879999,2.24586531,0x42312afb55593d0343aa04389bcf4a02030300e0f05c5bd5e5f9d64e145d16ed
1775574851382,2026-04-07T15:14:11.382000+00:00,@107,A,36.058,49.24,Sell,-0.19695999,0.68179043,0xf504a1966eea7f7ef67e04389bcf4a020304007c09ed9e5198cd4ce92dee5969
1775574851461,2026-04-07T15:14:11.461000+00:00,@107,A,36.058,109.43,Sell,-0.43771999,1.51519754,0xbb787af07ca36091bcf204389bcf4b02027b00d617a67f635f4126433ba73a7c
1775574876380,2026-04-07T15:14:36.380000+00:00,xyz:AAPL,B,247.1,400.0,Open Long,0.0,2.846591,0x642ba7dce473bf2d65a504389bd09e02052100c27f76ddff07f4532fa3779918
1775574876773,2026-04-07T15:14:36.773000+00:00,xyz:AAPL,B,247.1,15.0,Open Long,0.0,0.106747,0x61abaf9233c9484e632504389bd0a30204050077cecc672005745ae4f2cd2239
1775574876839,2026-04-07T15:14:36.839000+00:00,xyz:AAPL,B,247.1,9.577,Open Long,0.0,0.068154,0x17ce0791ee0745d9194704389bd0a40201840077890a64abbb96b2e4ad0b1fc3
1775574877108,2026-04-07T15:14:37.108000+00:00,xyz:AAPL,B,247.1,0.8,Open Long,0.0,0.005693,0xf30f3729dc22e56df48804389bd0a80201a2000f7726044096d7e27c9b26bf58
1775574877980,2026-04-07T15:14:37.980000+00:00,xyz:AAPL,B,247.1,15.0,Open Long,0.0,0.106747,0xa2a619890eea30f8a41f04389bd0b50202ad006ea9ed4fca466ec4dbcdee0ae3
1775574878252,2026-04-07T15:14:38.252000+00:00,xyz:AAPL,B,247.1,0.736,Open Long,0.0,0.005237,0x216e4592809e24a622e804389bd0b902026c00781b914378c536f0e53f91fe90
1775574879058,2026-04-07T15:14:39.058000+00:00,xyz:AAPL,B,247.1,15.0,Open Long,0.0,0.106747,0x9132847bb317112a92ac04389bd0c502029800614e1a2ffc34fb2fce721aeb15
1775574880472,2026-04-07T15:14:40.472000+00:00,xyz:AAPL,B,247.1,15.0,Open Long,0.0,0.106747,0x04e534387195f1af065e04389bd0da020197001e0c991081a8addf8b3099cb99
1775574880606,2026-04-07T15:14:40.606000+00:00,xyz:AAPL,B,247.1,0.25,Open Long,0.0,0.001779,0x85387fef9b19532986b204389bd0dc02046500d5361c71fb29012b425a1d2d14
1775574881621,2026-04-07T15:14:41.621000+00:00,xyz:AAPL,B,247.1,15.0,Open Long,0.0,0.106747,0xfc30ea7c9d5b8cadfdaa04389bd0eb02019e0062385eab809ff995cf5c5f6698
1775574882677,2026-04-07T15:14:42.677000+00:00,xyz:AAPL,B,247.1,15.0,Open Long,0.0,0.106747,0x99d36e195ab648309b4d04389bd0fb02019400fef5b967023d9c196c19ba221b
1775574884906,2026-04-07T15:14:44.906000+00:00,xyz:AAPL,B,247.1,15.0,Open Long,0.0,0.106747,0x21ae74135e1f33b1232804389bd11a02025f00f8f9125283c5771f661d130d9b
1775574891978,2026-04-07T15:14:51.978000+00:00,xyz:AAPL,B,247.1,15.0,Open Long,0.0,0.106747,0xf554ed5037806034f6ce04389bd1780202b80035d2837f07991d98a2f6843a1f
1775574892915,2026-04-07T15:14:52.915000+00:00,xyz:AAPL,B,247.1,30.404,Open Long,0.0,0.216369,0x51e01c3d9e6f5e13535904389bd186020490002339627ce5f5a8c7905d6337fd
1775574892915,2026-04-07T15:14:52.915000+00:00,xyz:AAPL,B,247.1,32.841,Open Long,0.0,0.233712,0xb7870973d181e30ab90004389bd18602049200596c8501dc5b4fb4c69085bcf5
1775574893462,2026-04-07T15:14:53.462000+00:00,xyz:AAPL,B,247.1,35.132,Open Long,0.0,0.250016,0x3e19a831d1e388733f9304389bd18e02066000176ce6a745e1e2538490e7625d
1775574893462,2026-04-07T15:14:53.462000+00:00,xyz:AAPL,B,247.1,4.008,Open Long,0.0,0.028522,0x56940c031e974fe6580d04389bd18e02066300e8b99a6eb8fa5cb755dd9b29d0
1775574893521,2026-04-07T15:14:53.521000+00:00,xyz:AAPL,B,247.1,49.295,Open Long,0.0,0.350806,0x7d956b0c0d1207e97f0f04389bd18f0203c600f1a81526bb215e165ecc15e1d4
1775574893583,2026-04-07T15:14:53.583000+00:00,xyz:AAPL,B,247.1,20.284,Open Long,0.0,0.14435,0x305167805b77f00031cb04389bd1900201d70065f67b0ed2d41a12d31a7bc9ea
1775574893583,2026-04-07T15:14:53.583000+00:00,xyz:AAPL,B,247.1,15.0,Open Long,0.0,0.106747,0xae72b887db4e3c6aafec04389bd1900201dc006d76415b3c523b63da9a421655
1775574893793,2026-04-07T15:14:53.793000+00:00,xyz:AAPL,B,247.1,4.198,Open Long,0.0,0.029874,0x53660eed44e6359954df04389bd19302043700d2dfe9546bf72eba4003ea0f83
1775574893793,2026-04-07T15:14:53.793000+00:00,xyz:AAPL,B,247.1,25.0,Open Long,0.0,0.177911,0x063985885e77781507b304389bd193020438006df97a96e7aa0230db1d7b51ff
1775574894121,2026-04-07T15:14:54.121000+00:00,xyz:AAPL,B,247.1,16.45,Open Long,0.0,0.117066,0x3e8a435326d60c9a400304389bd1980203d50038c1d92b6ce252eea5e5d9e684
1775574894252,2026-04-07T15:14:54.252000+00:00,xyz:AAPL,B,247.1,7.45,Open Long,0.0,0.053017,0xc6016a508c005cdac77b04389bd19a020316003627037bac69ca15a34b0436c5
1775574894483,2026-04-07T15:14:54.483000+00:00,xyz:AAPL,B,247.1,0.8,Open Long,0.0,0.005693,0xd3c23da52c7c14d4d53b04389bd19c020c2b008ac77f33a6778ae8f7eb7feebf
1775574894774,2026-04-07T15:14:54.774000+00:00,xyz:AAPL,B,247.1,15.0,Open Long,0.0,0.106747,0x5dc2e8df0d9c94785f3c04389bd1a00202f900c4a89fb34a018b9431cc906e63
1775574894774,2026-04-07T15:14:54.774000+00:00,xyz:AAPL,B,247.1,86.214,Open Long,0.0,0.61354,0x10965f7a272dd6f4121004389bd1a00202fa005fc220f5c6b45f0acce621b0de
1775574895283,2026-04-07T15:14:55.283000+00:00,xyz:AAPL,B,247.1,12.291,Open Long,0.0,0.087468,0x1e8f914459c08a15200904389bd1a70209510029f4c3a8e7c2583c9718c463ff
1775574895555,2026-04-07T15:14:55.555000+00:00,xyz:AAPL,B,247.1,15.0,Open Long,0.0,0.106747,0x34f8deb4c3c2dd3a367204389bd1ab0201dd009a5ec5fc0cd8c18a0782c6b724
1775574895626,2026-04-07T15:14:55.626000+00:00,xyz:AAPL,B,247.1,0.736,Open Long,0.0,0.005237,0x6b46961d78db11796cc004389bd1ac020291000313de304b0f0f417037deeb64
1775574895695,2026-04-07T15:14:55.695000+00:00,xyz:AAPL,B,247.1,4.097,Open Long,0.0,0.029156,0x43681c31fb878f1744e104389bd1ad02032f0017968aade9e730c784ba8b6901
1775574896025,2026-04-07T15:14:56.025000+00:00,xyz:AAPL,B,247.1,17.789,Open Long,0.0,0.126595,0xb83cbdd7f2e339bab9b604389bd1b202033c00bd8de6588c5c05692ab1e713a5
1775574896564,2026-04-07T15:14:56.564000+00:00,xyz:AAPL,B,247.1,3.818,Open Long,0.0,0.02717,0x45cae63091f04cae474404389bd1b8020ab700162cf36b80e993918350f42698
1775574896904,2026-04-07T15:14:56.904000+00:00,xyz:AAPL,B,247.1,15.0,Open Long,0.0,0.106747,0x061948d328290091079304389bd1bd02023900b8c32c1f63a9e1f425e72cda7b
1775574898348,2026-04-07T15:14:58.348000+00:00,xyz:AAPL,B,247.1,15.0,Open Long,0.0,0.106747,0xeda2793ab8c3ae70ef1c04389bd1d30206e5002053c6cd42916b248d77c7885b
1775574899492,2026-04-07T15:14:59.492000+00:00,xyz:AAPL,B,247.1,15.0,Open Long,0.0,0.106747,0xa86a6d6d84f7a578a9e404389bd1e402038b00531ffac44a4c3318c043fb7f63
1775574900785,2026-04-07T15:15:00.785000+00:00,xyz:AAPL,B,247.1,15.0,Open Long,0.0,0.106747,0xe39d05b4766ee638e51604389bd1f60207e0009a1162050a8765b1073562c023
1775574901600,2026-04-07T15:15:01.600000+00:00,xyz:AAPL,B,247.1,15.0,Open Long,0.0,0.106747,0x7f7c0b2de9c338c780f504389bd203020785001384c657992344b680a8c712b2
1775575803480,2026-04-07T15:30:03.480000+00:00,xyz:AAPL,B,247.55,497.83,Open Long,0.0,3.549249,0xf400d3378068f39bf57a04389c03b8020536001d1b6c126e97c97e8a3f6ccd86
1775578766694,2026-04-07T16:19:26.694000+00:00,xyz:INTC,B,52.127,17.22,Open Long,0.0,0.025851,0x4167b0768bbdcb4f42e104389ca79f0206f0005c26b0ea21e5305bc94ab1a539
1775578766694,2026-04-07T16:19:26.694000+00:00,xyz:INTC,B,52.127,13.78,Open Long,0.0,0.020687,0xa70e9dacbed05046a88804389ca79f0206f2009259d36f184ad748ff7dd42a31
1775578766694,2026-04-07T16:19:26.694000+00:00,xyz:INTC,B,52.127,17.52,Open Long,0.0,0.026302,0xd088a96d577110d6d20204389ca79f02070c0052f2742fa8745154c01674eac1
1775578766694,2026-04-07T16:19:26.694000+00:00,xyz:INTC,B,52.127,17.39,Open Long,0.0,0.026106,0x9bd683d9bdb61ac59d5004389ca79f02071000bf58b939973f9f2f2c7cb9f4b0
1775578766694,2026-04-07T16:19:26.694000+00:00,xyz:INTC,B,52.127,3.05,Open Long,0.0,0.004578,0x4ea9fa74d7475d41502304389ca79f020711005a724a7c13f272a5c7964b372b
1775578766694,2026-04-07T16:19:26.694000+00:00,xyz:INTC,B,52.127,2.82,Open Long,0.0,0.004233,0xc90ded8b56ba4280ca8704389ca79f0207200070f1bd61526cd698de15be1c6b
1775578766694,2026-04-07T16:19:26.694000+00:00,xyz:INTC,B,52.127,18.55,Open Long,0.0,0.027848,0xacd62bc909a313e2ae4f04389ca79f02072700aea4a632b4509ed71bc8a6edcd
1775578766694,2026-04-07T16:19:26.694000+00:00,xyz:INTC,B,52.127,3.45,Open Long,0.0,0.005179,0xf645573cefbe6a3bf7bf04389ca79f02073000228ab1890e9a0e028faeb24426
1775578766694,2026-04-07T16:19:26.694000+00:00,xyz:INTC,B,52.127,3.35,Open Long,0.0,0.005029,0x0ebfbb0e3c6231af103904389ca79f02073300f3d7655081b2886660fb660b99
1775578766694,2026-04-07T16:19:26.694000+00:00,xyz:INTC,B,52.127,3.31,Open Long,0.0,0.004969,0x3fb482b0d5c9c095412e04389ca79f020739009670ccdf67e37d2e0394cd9a7f
1775578766760,2026-04-07T16:19:26.760000+00:00,xyz:INTC,B,52.127,2.42,Open Long,0.0,0.003633,0x151dd3cee5003e54169704389ca7a002068800b480035d26b8e67f21a404183e
1775578766760,2026-04-07T16:19:26.760000+00:00,xyz:INTC,B,52.127,5.43,Open Long,0.0,0.008151,0xf8e6120c97f90fb5fa5f04389ca7a002068f00f232fc2e889caebd5f56fce9a0
1775578766760,2026-04-07T16:19:26.760000+00:00,xyz:INTC,B,52.127,3.99,Open Long,0.0,0.00599,0x116075dde4acd72912da04389ca7a002069200c37faff5fbb5292130a3a0b113
1775578766760,2026-04-07T16:19:26.760000+00:00,xyz:INTC,B,52.127,4.06,Open Long,0.0,0.006095,0xc433ec78fe3e19a4c5ad04389ca7a0020693005e9931387667fc97cbbd31f38f
1775578766760,2026-04-07T16:19:26.760000+00:00,xyz:INTC,B,52.127,14.59,Open Long,0.0,0.021903,0x5acfa151cab82d825c4904389ca7a002069b003765bb4c54fe984ca489bc076c
1775578766760,2026-04-07T16:19:26.760000+00:00,xyz:INTC,B,52.127,2.56,Open Long,0.0,0.003843,0x0da317ece4496ffe0f1c04389ca7a002069c00d27f4c8ed0b16bc33fa34d49e8
1775578766760,2026-04-07T16:19:26.760000+00:00,xyz:INTC,B,52.127,3.1,Open Long,0.0,0.004653,0xc0768e87fddab279c1f004389ca7a002069d006d98ddd14b643f39dabcde8c64
1775578766760,2026-04-07T16:19:26.760000+00:00,xyz:INTC,B,52.127,2.08,Open Long,0.0,0.003122,0x261d7bbe30fd3771279704389ca7a002069f00a3cbf05643c9e62710eff1115b
1775578766760,2026-04-07T16:19:26.760000+00:00,xyz:INTC,B,52.127,4.5,Open Long,0.0,0.006755,0x8bc468f4641fbc688d3e04389ca7a00206a100d9ff12db3a2f8d144723139653
1775578766760,2026-04-07T16:19:26.760000+00:00,xyz:INTC,B,52.127,2.19,Open Long,0.0,0.003287,0x3e97df8f7da0fee4401104389ca7a00206a2007518a41db6e2608ae23ca4d8ce
1775578766760,2026-04-07T16:19:26.760000+00:00,xyz:INTC,B,52.127,4.21,Open Long,0.0,0.00632,0x22601dcd3099d04623d904389ca7a00206a900b2cb9cef18c628c91fef9daa30
1775578766760,2026-04-07T16:19:26.760000+00:00,xyz:INTC,B,52.127,6.95,Open Long,0.0,0.010433,0xa0816ed4b0601cb0a1fb04389ca7a00206ae00ba4b633b82444a1a276f63f69b
1775578766814,2026-04-07T16:19:26.814000+00:00,xyz:INTC,B,52.127,4.66,Open Long,0.0,0.006995,0x6028b2e1b5d4450261a204389ca7a102045800c750d763d403f15e3474d81eed
1775578766882,2026-04-07T16:19:26.882000+00:00,xyz:INTC,B,52.127,130.65,Open Long,0.0,0.196139,0x3387d3d47aab6650350104389ca7a202036800ba15ae8522d7507f2739af403a
1775578766882,2026-04-07T16:19:26.882000+00:00,xyz:INTC,B,52.127,8.17,Open Long,0.0,0.012265,0x7cf6ff4860b6bca97e7004389ca7a2020371002dfbb9db7b20bfaa9b1fba9694
1775580415881,2026-04-07T16:46:55.881000+00:00,xyz:INTC,B,52.855,174.22,Open Long,0.0,0.265201,0x06e2153976a8452a085b04389d02dd0201c1001f11ab63fcaaaac08c35ac1f14
1775580415881,2026-04-07T16:46:55.881000+00:00,xyz:INTC,B,52.855,124.37,Open Long,0.0,0.189318,0x85036640f67e9194867d04389d02dd0201c600269171b06628cc1193b5726b7f
1775580416082,2026-04-07T16:46:56.082000+00:00,xyz:INTC,B,52.855,60.52,Open Long,0.0,0.092124,0x5c47afa91ae6d2ac5dc104389d02e0020356008eb5e9f17e00105afbd9eaac97
1775580416685,2026-04-07T16:46:56.685000+00:00,xyz:INTC,B,52.855,84.84,Open Long,0.0,0.129145,0x4fe47d5883f670fd515e04389d02e9020322003e1ef98fcff3ad28ab42fa4ae7
1775580416685,2026-04-07T16:46:56.685000+00:00,xyz:INTC,B,52.855,17.22,Open Long,0.0,0.026212,0xb58b6a8eb718f5f4b70504389d02e90203240074521c14c6595415e1761ccfdf
1775580416685,2026-04-07T16:46:56.685000+00:00,xyz:INTC,B,52.855,58.07,Open Long,0.0,0.088395,0xce05ce6003ccbd67cf7f04389d02e902032700459ecfdc3971ce79b2c2c09752
1775580416685,2026-04-07T16:46:56.685000+00:00,xyz:INTC,B,52.855,17.22,Open Long,0.0,0.026212,0x9953a8cc6a01c7569acd04389d02e902032b00b20504e6283d1c541f2905a141
1775580416685,2026-04-07T16:46:56.685000+00:00,xyz:INTC,B,52.855,17.22,Open Long,0.0,0.026212,0x7d1be70a1cfa98b87e9504389d02e902033200efb7fdb78a20e4925cdbfe72a3
1775580416685,2026-04-07T16:46:56.685000+00:00,xyz:INTC,B,52.855,425.95,Open Long,0.0,0.648391,0x11ad49edcf99ddfe132704389d02e90205ec00d36a9cfcd0b575f5408e9db7e8
1775580417380,2026-04-07T16:46:57.380000+00:00,xyz:INTC,B,52.855,15.18,Open Long,0.0,0.023107,0xb8b418dcb00607d3ba2d04389d02f30204d900c24b0926a55c7cc42f6f09e1be
1775580417970,2026-04-07T16:46:57.970000+00:00,xyz:INTC,B,52.855,5.19,Open Long,0.0,0.0079,0xb55705af7082c695b6d004389d02fa0201be00950b85e567591fb1022f86a080
1775601166085,2026-04-07T22:32:46.085000+00:00,xyz:INTC,B,53.757,28.65,Open Long,0.0,0.133067,0x5b2bcc140e94c7ea5ca50438a184050208d000f9a997e6bcfef47766cd98a1d4
1775601166085,2026-04-07T22:32:46.085000+00:00,xyz:INTC,B,53.763,28.65,Open Long,0.0,0.133082,0x5b2bcc140e94c7ea5ca50438a184050208d000f9a997e6bcfef47766cd98a1d4
1775601166085,2026-04-07T22:32:46.085000+00:00,xyz:INTC,B,53.792,7.06,Open Long,0.0,0.032812,0x5b2bcc140e94c7ea5ca50438a184050208d000f9a997e6bcfef47766cd98a1d4
1775601166085,2026-04-07T22:32:46.085000+00:00,xyz:INTC,B,53.792,7.49,Open Long,0.0,0.03481,0x5b2bcc140e94c7ea5ca50438a184050208d000f9a997e6bcfef47766cd98a1d4
1775601166085,2026-04-07T22:32:46.085000+00:00,xyz:INTC,B,53.8,36.88,Open Long,0.0,0.17143,0x5b2bcc140e94c7ea5ca50438a184050208d000f9a997e6bcfef47766cd98a1d4
1775601166085,2026-04-07T22:32:46.085000+00:00,xyz:INTC,B,53.81,18.78,Open Long,0.0,0.087311,0x5b2bcc140e94c7ea5ca50438a184050208d000f9a997e6bcfef47766cd98a1d4
1775601166085,2026-04-07T22:32:46.085000+00:00,xyz:INTC,B,53.835,13.5,Open Long,0.0,0.062793,0x5b2bcc140e94c7ea5ca50438a184050208d000f9a997e6bcfef47766cd98a1d4
1775601166085,2026-04-07T22:32:46.085000+00:00,xyz:INTC,B,53.837,0.92,Open Long,0.0,0.004279,0x5b2bcc140e94c7ea5ca50438a184050208d000f9a997e6bcfef47766cd98a1d4
1775601166085,2026-04-07T22:32:46.085000+00:00,xyz:INTC,B,53.839,22.58,Open Long,0.0,0.105035,0x5b2bcc140e94c7ea5ca50438a184050208d000f9a997e6bcfef47766cd98a1d4
1775601166085,2026-04-07T22:32:46.085000+00:00,xyz:INTC,B,53.84,35.06,Open Long,0.0,0.163091,0x5b2bcc140e94c7ea5ca50438a184050208d000f9a997e6bcfef47766cd98a1d4
1775601166085,2026-04-07T22:32:46.085000+00:00,xyz:INTC,B,53.842,7.49,Open Long,0.0,0.034843,0x5b2bcc140e94c7ea5ca50438a184050208d000f9a997e6bcfef47766cd98a1d4
1775601166085,2026-04-07T22:32:46.085000+00:00,xyz:INTC,B,53.846,93.1,Open Long,0.0,0.433128,0x5b2bcc140e94c7ea5ca50438a184050208d000f9a997e6bcfef47766cd98a1d4
1775601166085,2026-04-07T22:32:46.085000+00:00,xyz:INTC,B,53.86,54.01,Open Long,0.0,0.251335,0x5b2bcc140e94c7ea5ca50438a184050208d000f9a997e6bcfef47766cd98a1d4
1775601166743,2026-04-07T22:32:46.743000+00:00,xyz:INTC,B,53.861,345.83,Open Long,0.0,0.53645,0xdb094fabd1dd0ef6dc830438a1840c020ac100916cd02dc87ed1fafe90d0e8e1
1775601417406,2026-04-07T22:36:57.406000+00:00,xyz:INTC,B,53.922,248.04,Open Long,0.0,1.155583,0x66743e91fd00255567ed0438a1914e0203220077980344270a3ce9e4bc03ff40
1775601417406,2026-04-07T22:36:57.406000+00:00,xyz:INTC,B,53.929,92.76,Open Long,0.0,0.432212,0x66743e91fd00255567ed0438a1914e0203220077980344270a3ce9e4bc03ff40
1775601417872,2026-04-07T22:36:57.872000+00:00,xyz:INTC,B,53.931,459.2,Open Long,0.0,0.713235,0xd43577191c32b193d5af0438a1915602046500feb735d06577fe226bdb368b7e
1775604108626,2026-04-07T23:21:48.626000+00:00,xyz:INTC,B,54.966,3.05,Open Long,0.0,0.014484,0x1f83cbe7f228508320fd0438a2240b0203d300cd8d2b6f55c34c773ab12c2a6d
1775604117287,2026-04-07T23:21:57.287000+00:00,xyz:INTC,B,54.966,0.49,Open Long,0.0,0.000775,0x438aa0372dbf145d45040438a22485020312001cc8b2332fe7534b89ecb2ee47
1775604117560,2026-04-07T23:21:57.560000+00:00,xyz:INTC,B,54.966,182.44,Open Long,0.0,0.288806,0x78a4188df007ba5f7a1d0438a2248802043000738b0ad9311c6cc3e0af0b944a
1775604118870,2026-04-07T23:21:58.870000+00:00,xyz:INTC,B,54.966,0.49,Open Long,0.0,0.000775,0x632c51bdc3fccdc264a60438a2249b02072800a35effec9406f4fd1082f0a7ad
1775604120698,2026-04-07T23:22:00.698000+00:00,xyz:INTC,B,54.966,0.49,Open Long,0.0,0.000775,0x20dd6bffbfcddf5722570438a224b50206eb00e55ac0fe29c4a617527ec1b941
1775604120698,2026-04-07T23:22:00.698000+00:00,xyz:INTC,B,54.966,4.36,Open Long,0.0,0.006901,0x3957cfd10c71a6ca3ad10438a224b50206ee00b6a774c59cdd207b23cb7580b4
1775604120698,2026-04-07T23:22:00.698000+00:00,xyz:INTC,B,54.966,4.36,Open Long,0.0,0.006901,0xe86de87b25af821ae9e70438a224b50206f90060c0a2a0ec8c3693cde4a35c05
1775604120756,2026-04-07T23:22:00.756000+00:00,xyz:INTC,B,54.966,4.36,Open Long,0.0,0.006901,0x60590d102b80eca661d20438a224b602074200f5c6840b780421b862ea84c691
1775604819155,2026-04-07T23:33:39.155000+00:00,xyz:INTC,B,54.966,61.42,Open Long,0.0,0.097229,0x914ddbd45e3f6f5892c70438a24aee02038d00b9f9328e2a351687271d334943
1775604842081,2026-04-07T23:34:02.081000+00:00,xyz:INTC,B,54.966,238.54,Open Long,0.0,0.377613,0x2a4b60d2b1143be32bc50438a24c330203d200b84c175ab5ce140c25701815cd
1775655426284,2026-04-08T13:37:06.284000+00:00,xyz:AAPL,A,257.52,51.564,Close Long,529.613844,0.382428,0x3c1886ddcdd3e7d43d920438ad49300207cd00c368d706a6dfe132308cd7c1be
1775655859007,2026-04-08T13:44:19.007000+00:00,xyz:AAPL,A,257.52,173.091,Close Long,1777.817661,1.283742,0x3336e91b4406264d34b00438ad612b0207010000df09451fd6ff946e030a0037
1775655859140,2026-04-08T13:44:19.140000+00:00,xyz:AAPL,A,257.52,56.386,Close Long,579.140606,0.418191,0x8d76a667103c4ed28ef00438ad612d020632004cab3f6da4313f51b9cf3028bd
1775655859140,2026-04-08T13:44:19.140000+00:00,xyz:AAPL,A,257.52,211.661,Close Long,2173.970131,1.569799,0xd32873e9f5e43e00d4a20438ad612d02064500cf90e75cd276f11f3cb4e817eb
1775655958051,2026-04-08T13:45:58.051000+00:00,xyz:AAPL,A,257.52,30.16,Close Long,309.77336,0.223683,0xdb3526149180d265dcae0438ad66a6020ef200fa2c83f1377efdd1675084ac50
1775655958051,2026-04-08T13:45:58.051000+00:00,xyz:AAPL,A,257.52,60.32,Close Long,619.54672,0.447367,0x35a3f977c38921dc371d0438ad66a6020f12005d5e8c40aed96ca4ca828cfbc6
1775655958051,2026-04-08T13:45:58.051000+00:00,xyz:AAPL,A,257.52,30.16,Close Long,309.77336,0.223683,0x196c37b57671f33e1ae50438ad66a6020f19009b11751210bd34e3083575cd28
1775655958051,2026-04-08T13:45:58.051000+00:00,xyz:AAPL,A,257.52,7.886,Close Long,80.997106,0.058487,0x5f1e05385c29e26c60970438ad66a6020f2c001df72d013e02e6b08b1b2dbc57
1775655958153,2026-04-08T13:45:58.153000+00:00,xyz:AAPL,A,257.52,80.044,Close Long,822.131924,0.593652,0x58d0a232b5e08a765a4a0438ad66a802079e001850e3a948fc994d8574e46460
1775655958182,2026-04-08T13:45:58.182000+00:00,xyz:AAPL,A,257.52,48.728,Close Long,500.485288,0.361394,0x0826431b986e5d19099f0438ad66a9020641000133617bebabeeee6e57623703
1775656175846,2026-04-08T13:49:35.846000+00:00,xyz:TSLA,B,356.74,23.571,Open Long,0.0,0.242171,0xf2ada3707f4b4b58f4270438ad72bd02097b00561a4e6a2b96764ec33e4f2543
1775656175905,2026-04-08T13:49:35.905000+00:00,xyz:TSLA,B,356.74,28.871,Open Long,0.0,0.296623,0xad3b7ff6325ec5a3aeb50438ad72be02050f00dbcd51e47551042b48f1529f8e
1775656175969,2026-04-08T13:49:35.969000+00:00,xyz:TSLA,B,356.74,0.3,Open Long,0.0,0.003082,0xa8b881496e5dee7eaa320438ad72bf02050a002f09510d504c812c9c2d51c869
1775656176171,2026-04-08T13:49:36.171000+00:00,xyz:TSLA,B,356.74,0.321,Open Long,0.0,0.003297,0xcd40f00713dbb9a6ceba0438ad72c102059800ecaeded87871099b59d2df9391
1775656176171,2026-04-08T13:49:36.171000+00:00,xyz:TSLA,B,356.74,6.707,Open Long,0.0,0.068908,0xb1092e44c6c48b08b2820438ad72c102059f002a61c7a9da54d1d99785c864f3
1775656176171,2026-04-08T13:49:36.171000+00:00,xyz:TSLA,B,356.74,0.729,Open Long,0.0,0.007489,0xc98392161378527bcafd0438ad72c10205a200fbae7b714d6d4c3d68d27c2c66
1775656176171,2026-04-08T13:49:36.171000+00:00,xyz:TSLA,B,356.74,0.5,Open Long,0.0,0.005137,0xe1fdf5e7602c19eee3770438ad72c10205a500ccfb2f38c085c6a13a1f2ff3d9
1775656176171,2026-04-08T13:49:36.171000+00:00,xyz:TSLA,B,356.74,0.693,Open Long,0.0,0.007119,0x601f46eedff2665961990438ad72c10205aa00d47af5852b03e7f2419ef64044
1775656176171,2026-04-08T13:49:36.171000+00:00,xyz:TSLA,B,356.74,9.217,Open Long,0.0,0.094696,0x12f2bd89f983a8d5146c0438ad72c10205ab006f9486c7a7b6bb68dcb88782bf
1775656176171,2026-04-08T13:49:36.171000+00:00,xyz:TSLA,B,356.74,4.091,Open Long,0.0,0.042031,0x7899aac02ca62dcc7a130438ad72c10205ad00a5c7a94c9e1c625612ebaa07b7
1775656421112,2026-04-08T13:53:41.112000+00:00,xyz:INTC,B,56.855,15.29,Open Long,0.0,0.025036,0xb91adfc6f3ef9f82ba940438ad80680205be00ac8ee2be545ce38b19b2e3796d
1775656742501,2026-04-08T13:59:02.501000+00:00,xyz:INTC,B,57.246,79.97,Open Long,0.0,0.131845,0x990f331d8e837dd39a880438ad92330206c1000329869ca53cd7de704d8757be
1775656742501,2026-04-08T13:59:02.501000+00:00,xyz:INTC,B,57.246,75.0,Open Long,0.0,0.123651,0xb18996eedb374546b3030438ad92330206c400d4763a6418555242419a3b1f31
1775656742501,2026-04-08T13:59:02.501000+00:00,xyz:INTC,B,57.246,75.76,Open Long,0.0,0.124904,0xca03fac027eb0cb9cb7d0438ad92330206c700a5c2ee2b8b6dcca612e6eee6a4
1775656742501,2026-04-08T13:59:02.501000+00:00,xyz:INTC,B,57.246,0.49,Open Long,0.0,0.000807,0x2faae7f65b0d91b131240438ad92330206c900dbf600b083d37393491a016b9b
1775656742501,2026-04-08T13:59:02.501000+00:00,xyz:INTC,B,57.246,75.0,Open Long,0.0,0.123651,0xc6469ccf2787a58ec7c00438ad92330206d100b4c28ac4606a0f4821e68b7f79
1775656742501,2026-04-08T13:59:02.501000+00:00,xyz:INTC,B,57.246,75.0,Open Long,0.0,0.123651,0x2bed8a055aaa2a862d670438ad92330206d300eaf5ad4958cfb6355819ae0470
1775656742559,2026-04-08T13:59:02.559000+00:00,xyz:INTC,B,57.246,75.0,Open Long,0.0,0.123651,0x5192bdae27bc2986530c0438ad92340205070093c2bf4858f55b6900e6b00370
1775656742961,2026-04-08T13:59:02.961000+00:00,xyz:INTC,B,57.246,75.0,Open Long,0.0,0.123651,0xb808506aabfa0e5fb9820438ad923a02074d005046fd2d315bd0fbbd6afde84a
1775656742961,2026-04-08T13:59:02.961000+00:00,xyz:INTC,B,57.246,75.0,Open Long,0.0,0.123651,0xb44af279ab96a734b5c40438ad923a020757005f4699c60658139dcc6a9a811f
1775656743165,2026-04-08T13:59:03.165000+00:00,xyz:INTC,B,57.246,75.0,Open Long,0.0,0.123651,0xc8134186ce777091c98c0438ad923d020666006c697a8f636bdbecd98d7b4a7c
1775656779183,2026-04-08T13:59:39.183000+00:00,xyz:TSLA,A,353.0,8.497,Close Long,-31.77878,0.259151,0xb9ff0f1cf04c226dbb780438ad944b0202c500028b4f413f5dc7ba6faf4ffc58
1775656779183,2026-04-08T13:59:39.183000+00:00,xyz:TSLA,A,352.99,8.242,Close Long,-30.9075,0.251367,0xb9ff0f1cf04c226dbb780438ad944b0202c500028b4f413f5dc7ba6faf4ffc58
1775656779183,2026-04-08T13:59:39.183000+00:00,xyz:TSLA,A,352.96,1.416,Close Long,-5.35248,0.043181,0xb9ff0f1cf04c226dbb780438ad944b0202c500028b4f413f5dc7ba6faf4ffc58
1775656779183,2026-04-08T13:59:39.183000+00:00,xyz:TSLA,A,352.95,8.242,Close Long,-31.23718,0.251338,0xb9ff0f1cf04c226dbb780438ad944b0202c500028b4f413f5dc7ba6faf4ffc58
1775656779183,2026-04-08T13:59:39.183000+00:00,xyz:TSLA,A,352.94,1.416,Close Long,-5.3808,0.043179,0xb9ff0f1cf04c226dbb780438ad944b0202c500028b4f413f5dc7ba6faf4ffc58
1775656779183,2026-04-08T13:59:39.183000+00:00,xyz:TSLA,A,352.94,1.422,Close Long,-5.4036,0.043362,0xb9ff0f1cf04c226dbb780438ad944b0202c500028b4f413f5dc7ba6faf4ffc58
1775656779183,2026-04-08T13:59:39.183000+00:00,xyz:TSLA,A,352.93,8.27,Close Long,-31.5087,0.252178,0xb9ff0f1cf04c226dbb780438ad944b0202c500028b4f413f5dc7ba6faf4ffc58
1775656779183,2026-04-08T13:59:39.183000+00:00,xyz:TSLA,A,352.92,1.416,Close Long,-5.40912,0.043177,0xb9ff0f1cf04c226dbb780438ad944b0202c500028b4f413f5dc7ba6faf4ffc58
1775656779183,2026-04-08T13:59:39.183000+00:00,xyz:TSLA,A,352.92,14.133,Close Long,-53.98806,0.430947,0xb9ff0f1cf04c226dbb780438ad944b0202c500028b4f413f5dc7ba6faf4ffc58
1775656779183,2026-04-08T13:59:39.183000+00:00,xyz:TSLA,A,352.92,21.946,Close Long,-83.83372,0.669183,0xb9ff0f1cf04c226dbb780438ad944b0202c500028b4f413f5dc7ba6faf4ffc58
1775657010580,2026-04-08T14:03:30.580000+00:00,xyz:INTC,B,57.538,75.0,Open Long,0.0,0.124282,0xe9437d7426a05bbceabd0438ada14702032f0059c1a37a8e8d0c28c6e5a435a7
1775657010580,2026-04-08T14:03:30.580000+00:00,xyz:INTC,B,57.538,16.85,Open Long,0.0,0.027922,0x01bde1457354233003370438ada147020332002b0e574202a5868c983257fd1a
1775657010651,2026-04-08T14:03:30.651000+00:00,xyz:INTC,B,57.538,10.0,Open Long,0.0,0.01657,0xf2b0cd90d73fb9f7f42a0438ada14802045b00767232d8ca967978e3963393e2
1775657010651,2026-04-08T14:03:30.651000+00:00,xyz:INTC,B,57.538,168.22,Open Long,0.0,0.278756,0xa584442bf0c0fc73a6fe0438ada14802045c00118bc41b45494cef7eafc4d65e
1775657010651,2026-04-08T14:03:30.651000+00:00,xyz:INTC,B,57.538,33.42,Open Long,0.0,0.05538,0x858f2478a35666aa87080438ada14802046d005e3e59857c2957cfcb625a4095
1775657053507,2026-04-08T14:04:13.507000+00:00,xyz:AAPL,B,258.88,2.279,Open Long,0.0,0.016991,0x6b7b59cfb1065c446cf50438ada3ac02100c00b54c097b160f440522700a362f
1775657053507,2026-04-08T14:04:13.507000+00:00,xyz:AAPL,B,258.88,0.578,Open Long,0.0,0.004309,0x7c7b01befcf355617df40438ada3ac02102300a497f674332043ad11bbf72f4c
1775657053507,2026-04-08T14:04:13.507000+00:00,xyz:AAPL,B,258.88,0.88,Open Long,0.0,0.006561,0x2f4e785a168497dd30c80438ada3ac021024003fb187b6afd31723acd58871c7
1775657053507,2026-04-08T14:04:13.507000+00:00,xyz:AAPL,B,258.88,1.563,Open Long,0.0,0.011653,0xe221eef53015da58e39b0438ada3ac02102500dacb18f92a85ea9a47ef19b443
1775657053507,2026-04-08T14:04:13.507000+00:00,xyz:AAPL,B,258.88,1.904,Open Long,0.0,0.014195,0xc5ea2d32e30eabbac7630438ada3ac02102c00187e01ca8c69b2d885a20285a5
1775657053507,2026-04-08T14:04:13.507000+00:00,xyz:AAPL,B,258.88,0.772,Open Long,0.0,0.005755,0x78bda3cdfc9fee367a370438ada3ac02102d00b397930d081c864f20bb93c821
1775657053507,2026-04-08T14:04:13.507000+00:00,xyz:AAPL,B,258.88,0.561,Open Long,0.0,0.004182,0x440b7e3a62d4f82545850438ada3ac021031001ffdd816f7e7d4298d21d8d20f
1775657053507,2026-04-08T14:04:13.507000+00:00,xyz:AAPL,B,258.88,0.737,Open Long,0.0,0.005494,0xc22ccf41e2ab448fc3a60438ada3ac02103600277dae636165f57a94a1af1e7a
1775657053507,2026-04-08T14:04:13.507000+00:00,xyz:AAPL,B,258.88,0.477,Open Long,0.0,0.003556,0xdaa733132f5f0c02dc200438ada3ac02103900f8ca522ad47e6fde65ee52e5ed
1775657053507,2026-04-08T14:04:13.507000+00:00,xyz:AAPL,B,258.88,0.664,Open Long,0.0,0.00495,0x04213ed3c7ffcc93059a0438ada3ac02105300b962f2eb65a7e9ea2686f3a67d
1775657053571,2026-04-08T14:04:13.571000+00:00,xyz:AAPL,B,258.88,0.767,Open Long,0.0,0.005718,0xb5d877aaf7baa3d2b7520438ada3ad0206ea009092bdc2a459a122fdb6be7dbd
1775657053781,2026-04-08T14:04:13.781000+00:00,xyz:AAPL,B,258.88,40.336,Open Long,0.0,0.300734,0x1c3dba09e7e62a721db70438ada3b002089600ef82e94944c006655ca6ea045c
1775657053781,2026-04-08T14:04:13.781000+00:00,xyz:AAPL,B,258.88,29.85,Open Long,0.0,0.222553,0x41fa67d9802383d743740438ada3b00208ba00bf1b26a2a9e5c3132c3f275dc1
1775657053844,2026-04-08T14:04:13.844000+00:00,xyz:AAPL,B,258.88,47.111,Open Long,0.0,0.351247,0x6180c76ccf00893662fa0438ada3b1020c1300526a03a808054972bf8e046321
1775657054598,2026-04-08T14:04:14.598000+00:00,xyz:AAPL,B,258.88,1.0,Open Long,0.0,0.007455,0xd94661dc3a5b8554dac00438ada3bb0201de00c1d55ea4267d0f0d2ef95f5f3f
1775657121820,2026-04-08T14:05:21.820000+00:00,xyz:AAPL,B,258.88,120.521,Open Long,0.0,0.898573,0xc0acf27a1cfc3caec2260438ada7840204eb005fb7ff5b8064759dccdbf01699
1775664409030,2026-04-08T16:06:49.030000+00:00,xyz:AAPL,A,258.03,20.0,Close Long,157.46,0.445875,0xb99b78684a14287dbb150438af441d0202d0004de517474f5d6423bb09180268
1775664409030,2026-04-08T16:06:49.030000+00:00,xyz:AAPL,A,258.03,45.902,Close Long,361.386446,1.023329,0xb99b78684a14287dbb150438af441d0202d0004de517474f5d6423bb09180268
1775664409030,2026-04-08T16:06:49.030000+00:00,xyz:AAPL,A,258.03,4.527,Close Long,35.641071,0.100923,0xb99b78684a14287dbb150438af441d0202d0004de517474f5d6423bb09180268
1775664409030,2026-04-08T16:06:49.030000+00:00,xyz:AAPL,A,258.03,46.579,Close Long,366.716467,1.038422,0xb99b78684a14287dbb150438af441d0202d0004de517474f5d6423bb09180268
1775664409030,2026-04-08T16:06:49.030000+00:00,xyz:AAPL,A,258.03,21.335,Close Long,167.970455,0.475638,0xb99b78684a14287dbb150438af441d0202d0004de517474f5d6423bb09180268
1775664409363,2026-04-08T16:06:49.363000+00:00,xyz:AAPL,A,258.02,3.499,Close Long,27.512637,0.026,0x090a6ea43dbdcb730a840438af44220203410089d8b0ea45acd319f6fcb1a55d
1775664409363,2026-04-08T16:06:49.363000+00:00,xyz:AAPL,A,258.02,4.199,Close Long,33.016737,0.031202,0xecd2ace1f0a69cd4ee4c0438af442202034800c78ba9bba6909b5834afaa76bf
1775664409363,2026-04-08T16:06:49.363000+00:00,xyz:AAPL,A,258.02,1.846,Close Long,14.515098,0.013717,0x054d10b33d5a644806c60438af442202034b0098d85d831aa915bc05fc5e3e32
1775664409363,2026-04-08T16:06:49.363000+00:00,xyz:AAPL,A,258.02,0.831,Close Long,6.534153,0.006175,0xb820874e56eba6c3b99a0438af442202034c0033f1eec5955be932a115ef80ae
1775664409363,2026-04-08T16:06:49.363000+00:00,xyz:AAPL,A,258.02,0.558,Close Long,4.387554,0.004146,0x6af3fde9707ce93f6c6d0438af442202034d00cf0b7008110ebca93c2f70c32a
1775664409363,2026-04-08T16:06:49.363000+00:00,xyz:AAPL,A,258.02,0.682,Close Long,5.362566,0.005067,0x1dc774848a0e2bbb1f410438af442202034e006a25014a8dc1901fd7490205a5
1775664409431,2026-04-08T16:06:49.431000+00:00,xyz:AAPL,A,258.02,0.809,Close Long,6.361167,0.006011,0x498b38af366e400e4b040438af442302023f0094d1615ee0ed53e401f56219f8
1775664409431,2026-04-08T16:06:49.431000+00:00,xyz:AAPL,A,258.02,0.49,Close Long,3.85287,0.003641,0xfc5eaf4a4fff8289fdd80438af4423020240002feaf2a15ca0275a9d0ef35c74
1775664409431,2026-04-08T16:06:49.431000+00:00,xyz:AAPL,A,258.02,98.743,Close Long,776.416209,0.733756,0xaf3225e56980c505b0ab0438af442302024100cb0483e3d752fad13828849ef0
1775664451447,2026-04-08T16:07:31.447000+00:00,xyz:AAPL,A,257.91,3.877,Close Long,30.058381,0.086392,0xa6eb11445ccb042fa8640438af468202097a0029f7ce23014ab3bc971bcede1a
1775664451447,2026-04-08T16:07:31.447000+00:00,xyz:AAPL,A,257.89,1.425,Close Long,11.019525,0.031751,0xa6eb11445ccb042fa8640438af468202097a0029f7ce23014ab3bc971bcede1a
1775664451447,2026-04-08T16:07:31.447000+00:00,xyz:AAPL,A,257.89,53.971,Close Long,417.357743,1.202565,0xa6eb11445ccb042fa8640438af468202097a0029f7ce23014ab3bc971bcede1a
1775664451447,2026-04-08T16:07:31.447000+00:00,xyz:AAPL,A,257.89,3.405,Close Long,26.330865,0.075869,0xa6eb11445ccb042fa8640438af468202097a0029f7ce23014ab3bc971bcede1a
1775664451447,2026-04-08T16:07:31.447000+00:00,xyz:AAPL,A,257.89,12.026,Close Long,92.997058,0.267959,0xa6eb11445ccb042fa8640438af468202097a0029f7ce23014ab3bc971bcede1a
1775664451447,2026-04-08T16:07:31.447000+00:00,xyz:AAPL,A,257.89,10.615,Close Long,82.085795,0.23652,0xa6eb11445ccb042fa8640438af468202097a0029f7ce23014ab3bc971bcede1a
1775664451447,2026-04-08T16:07:31.447000+00:00,xyz:AAPL,A,257.89,3.366,Close Long,26.029278,0.075,0xa6eb11445ccb042fa8640438af468202097a0029f7ce23014ab3bc971bcede1a
1775664451787,2026-04-08T16:07:31.787000+00:00,xyz:AAPL,A,257.88,7.04,Close Long,54.36992,0.052285,0x259bc32703439d7827150438af4687020749000c9e46bc4ac9646e79c2477762
1775664451787,2026-04-08T16:07:31.787000+00:00,xyz:AAPL,A,257.88,0.617,Close Long,4.765091,0.004582,0x09640164b63c6eda0add0438af4687020750004a513f8dacad2cacb7753048c4
1775664451787,2026-04-08T16:07:31.787000+00:00,xyz:AAPL,A,257.88,2.842,Close Long,21.948766,0.021107,0xbc3777ffcfcdb155bdb10438af468702075100e56ac0d027600023528ec18b40
1775664451854,2026-04-08T16:07:31.854000+00:00,xyz:AAPL,A,257.88,1.466,Close Long,11.321918,0.010887,0x8668d114ad556bba87e20438af46880203cd00fa48588a8c2a317c676c5945a5
1775664451854,2026-04-08T16:07:31.854000+00:00,xyz:AAPL,A,257.88,1.008,Close Long,7.784784,0.007486,0x9ee334e5fa09332da05c0438af46880203d000cb950c51ff42abe038b90d0d18
1775664451854,2026-04-08T16:07:31.854000+00:00,xyz:AAPL,A,257.88,0.553,Close Long,4.270819,0.004107,0x51b6ab81139a75a953300438af46880203d10066ae9d947bf57f56d3d29e4f93
1775664451915,2026-04-08T16:07:31.915000+00:00,xyz:AAPL,A,257.88,1.263,Close Long,9.754149,0.00938,0xe4d48aa7a90119ade64e0438af468902027b008d4404387f889d35fa6804f398
1775664451915,2026-04-08T16:07:31.915000+00:00,xyz:AAPL,A,257.88,2.207,Close Long,17.044661,0.016391,0xc89cc8e55bf9eb0fca160438af468902028200caf6fd09e16c6574381afdc4fa
1775664452072,2026-04-08T16:07:32.072000+00:00,xyz:AAPL,A,257.88,100.608,Close Long,776.995584,0.747209,0x58936f61e0861a7d5a0d0438af468b02092900477b89394ffc5c1ab49f89f467
1775664452155,2026-04-08T16:07:32.155000+00:00,xyz:AAPL,A,257.88,0.549,Close Long,4.239927,0.004077,0xafdb4daea08ad9aab1550438af468c020b6400943b8df87c53a3f9015f8eb395
1775664453197,2026-04-08T16:07:33.197000+00:00,xyz:AAPL,A,257.88,0.701,Close Long,5.413823,0.005206,0x3a34d64f6c8b9ec23bae0438af469b0203990035078ebd94ddfd81a22b8f78ac
1775664453260,2026-04-08T16:07:33.260000+00:00,xyz:AAPL,A,257.88,0.503,Close Long,3.884669,0.003735,0x6e215b2742a924d96f9b0438af469c020386000cddac43ab11ea067a01acfec4
1775664453260,2026-04-08T16:07:33.260000+00:00,xyz:AAPL,A,257.88,0.648,Close Long,5.004504,0.004812,0x869bbef88f5cec4c88150438af469c02038900de2a500b1e2a646a4b4e50c637
1775664453260,2026-04-08T16:07:33.260000+00:00,xyz:AAPL,A,257.88,8.961,Close Long,69.205803,0.066552,0xec42ac2ec27f7143edbc0438af469c02038b00145d729015900b578181734b2e
1775664454481,2026-04-08T16:07:34.481000+00:00,xyz:AAPL,A,257.88,0.805,Close Long,6.217015,0.005978,0xea9a7ffebfd9bc55ec140438af46ae0203f700e45adcdb278e632b517edd9640
1775664454820,2026-04-08T16:07:34.820000+00:00,xyz:AAPL,A,257.88,0.723,Close Long,5.583729,0.005369,0xa98c73ad95b2d2e7ab060438af46b302022c009330b5f1b94d551f0054b6acd2
1775664455226,2026-04-08T16:07:35.226000+00:00,xyz:AAPL,A,257.88,0.428,Close Long,3.305444,0.003178,0xa1db562128956f4ea3550438af46b90202ec0006c3988e2045a40173e7994939
1775664456050,2026-04-08T16:07:36.050000+00:00,xyz:AAPL,A,257.88,1.384,Close Long,10.688632,0.010278,0x43b0ffce4c9eac6a452a0438af46c40203b500b3e791cb3ce779ab210b928654
1775664456120,2026-04-08T16:07:36.120000+00:00,xyz:AAPL,A,257.88,0.659,Close Long,5.089457,0.004894,0x6850e8b2bd47d1f769ca0438af46c50206330098584af0c90c1994057c4babe2
1775664461919,2026-04-08T16:07:41.919000+00:00,xyz:AAPL,A,257.88,1.987,Close Long,15.345601,0.014757,0xec67ecc24a661138ede10438af47180201f600a7e569300a903098150969eb23
1775664461991,2026-04-08T16:07:41.991000+00:00,xyz:AAPL,A,257.88,26.363,Close Long,203.601449,0.195796,0xc8f4d592f67c996fca6e0438af471902039a0078917fb8416cbd80e5b570735a
1775665775944,2026-04-08T16:29:35.944000+00:00,xyz:AAPL,A,257.36,22.733,Close Long,163.745799,0.505488,0xa7b9ef851cb0cb04a9330438af921302033c006ab7b3e9d64b829ad7dbb4a4ef
1775665775944,2026-04-08T16:29:35.944000+00:00,xyz:AAPL,A,257.35,20.0,Close Long,143.86,0.4447,0xa7b9ef851cb0cb04a9330438af921302033c006ab7b3e9d64b829ad7dbb4a4ef
1775665776214,2026-04-08T16:29:36.214000+00:00,xyz:AAPL,A,257.35,8.268,Close Long,59.471724,0.061279,0xed0d09b1f906a3b4ee860438af9217020d3500979409c28690d5b504b80a7d9f
1775665776214,2026-04-08T16:29:36.214000+00:00,xyz:AAPL,A,257.35,1.281,Close Long,9.214233,0.009494,0xb85ae41e5f4bada3b9d40438af9217020d390003fa4ecc755c238f711e4f878e
1775665776292,2026-04-08T16:29:36.292000+00:00,xyz:AAPL,A,257.35,0.941,Close Long,6.768613,0.006974,0xf51eb595c5eb1188f6980438af921802036e007b60ee305b98e760e884eeeb73
1775665776292,2026-04-08T16:29:36.292000+00:00,xyz:AAPL,A,257.35,0.778,Close Long,5.596154,0.005766,0x5ac5a2cbf90d96805c3f0438af921802037000b19400b552fe8e4e1eb801706a
1775665776409,2026-04-08T16:29:36.409000+00:00,xyz:AAPL,A,257.35,3.879,Close Long,27.901647,0.028749,0x1e12437bf5ec02fc1f8b0438af921a020ae4006190ef21cec1daeeceb4efdce6
1775665776409,2026-04-08T16:29:36.409000+00:00,xyz:AAPL,A,257.35,0.924,Close Long,6.646332,0.006848,0x4f070b1e8f4391e250800438af921a020aea00042a46b0b4f2cfb6714e476bcc
1775665776634,2026-04-08T16:29:36.634000+00:00,xyz:AAPL,A,257.35,58.84,Close Long,423.23612,0.436103,0x0fdb20e0b17767f811540438af921d020cb600c64c7a86cab3a3cc33707b41e2
1775665776852,2026-04-08T16:29:36.852000+00:00,xyz:AAPL,A,257.35,33.588,Close Long,241.598484,0.248943,0x8a4fc9b2334f01e68bc90438af922002048c0097ce4220b82e187504f242dbd1
1775665779983,2026-04-08T16:29:39.983000+00:00,xyz:AAPL,A,257.35,1.491,Close Long,10.724763,0.01105,0x072cef501e19a6ca08a60438af924f0203960035b91cc59caaf59aa2dd1d80b4
1775665779983,2026-04-08T16:29:39.983000+00:00,xyz:AAPL,A,257.35,0.717,Close Long,5.157381,0.005314,0x6cd3dc86513c2bc16e4d0438af924f020398006bec3f4a93109c87d9103005ac
1775665779983,2026-04-08T16:29:39.983000+00:00,xyz:AAPL,A,257.35,1.632,Close Long,11.738976,0.012095,0x1fa753216acd6e3d21210438af924f020399000705c08d0fc36ffe7429c14827
1775665779983,2026-04-08T16:29:39.983000+00:00,xyz:AAPL,A,257.35,3.768,Close Long,27.103224,0.027927,0xd27ac9bc845eb0b8d3f40438af924f02039a00a21f51cf8a7643750f43528aa3
1775665779983,2026-04-08T16:29:39.983000+00:00,xyz:AAPL,A,257.35,0.437,Close Long,3.143341,0.003238,0x854e40579deff33486c70438af924f02039b003d38e312062916ebaa5ce3cd1f
1775665779983,2026-04-08T16:29:39.983000+00:00,xyz:AAPL,A,257.35,2.359,Close Long,16.968287,0.017484,0x3821b6f2b77135b0399b0438af924f02039c00d852745482dbea624576750f9a
1775665779983,2026-04-08T16:29:39.983000+00:00,xyz:AAPL,A,257.35,0.502,Close Long,3.610886,0.00372,0x9dc8a428ea93baa79f420438af924f02039e000e8596d97941914f7ba9979492
1775665780045,2026-04-08T16:29:40.045000+00:00,xyz:AAPL,A,257.35,12.679,Close Long,91.200047,0.093972,0x0715752952ee4c65088f0438af92500201a6000eede16b37aade207c11e2264f
1775665780045,2026-04-08T16:29:40.045000+00:00,xyz:AAPL,A,257.35,42.849,Close Long,308.212857,0.317583,0x1f8fd8fa9f9213d821090438af92500201a900e03a9532aac358844d5e95edc2
1775665780179,2026-04-08T16:29:40.179000+00:00,xyz:AAPL,A,257.35,1.194,Close Long,8.588442,0.008849,0xf2805b97354716e2f3fa0438af9252020132007cd04a35b5964906e9f44af0cd
1775665780179,2026-04-08T16:29:40.179000+00:00,xyz:AAPL,A,257.35,31.14,Close Long,223.99002,0.230799,0x582748cd68699bda59a10438af925202013400b3036cbaacfbeff420276d75c4
1775665826605,2026-04-08T16:30:26.605000+00:00,xyz:CRWV,B,89.43,500.0,Open Long,0.0,3.863376,0xce84d183dc15b4a3cffe0438af94f90203a400697718d375724d7cd69b198e8e
1775665878868,2026-04-08T16:31:18.868000+00:00,xyz:CRWV,B,89.721,225.72,Open Long,0.0,1.749757,0x1f144917b0b9abf1208e0438af97f20202e100fd4bbccac3c2dcf46a6fbd85db
1775665885178,2026-04-08T16:31:25.178000+00:00,xyz:CRWV,B,89.747,274.28,Open Long,0.0,2.126805,0x9ec1a3a29b67622fa03b0438af985002016e0088366a8101428a4ef55a6b3c1a
1775665928186,2026-04-08T16:32:08.186000+00:00,xyz:AAPL,A,257.6,10.524,Close Long,78.330132,0.078076,0xa6d02bbbfd38c2d0a8490438af9ac502038a00a1983be1a24a98d70ebc3c9cbb
1775665932239,2026-04-08T16:32:12.239000+00:00,xyz:AAPL,A,257.6,7.879,Close Long,58.643397,0.058453,0x8a146eba2e93e2108b8e0438af9b0202051f009fc99700e22ddd1a0ced97bbfb
1775665933315,2026-04-08T16:32:13.315000+00:00,xyz:AAPL,A,257.6,0.834,Close Long,6.207462,0.006187,0x3c741a0107ba70023ded0438af9b1202023100e6a2bd8ed4e03cc553c6be49ec
1775665938854,2026-04-08T16:32:18.854000+00:00,xyz:AAPL,A,257.6,0.493,Close Long,3.669399,0.003657,0x0d77fd6ce28c034f0ef10438af9b6402024c00527d8f2221b140a8bfa18fdd39
1775665938968,2026-04-08T16:32:18.968000+00:00,xyz:AAPL,A,257.6,0.882,Close Long,6.564726,0.006543,0xe52ac36166aaf082e6a40438af9b66020654004701ae0f5488f36eb425aeca6d
1775665939055,2026-04-08T16:32:19.055000+00:00,xyz:AAPL,A,257.6,1.166,Close Long,8.678538,0.00865,0x9942c96c070e1f759abc0438af9b670206850051a2013e473d0b74bec601f960
1775665939363,2026-04-08T16:32:19.363000+00:00,xyz:AAPL,A,257.6,0.431,Close Long,3.207933,0.003197,0x6ae7b499ae33ac056c610438af9b6c020197007f4936cad70eb05fec6d3785f0
1775665939363,2026-04-08T16:32:19.363000+00:00,xyz:AAPL,A,257.6,1.276,Close Long,9.497268,0.009466,0xccd143dee0f2c9d1ce4b0438af9b6c0201a300c47bf5e8a37099ef319ff6a3bc
1775665939428,2026-04-08T16:32:19.428000+00:00,xyz:AAPL,A,257.6,194.176,Close Long,1445.251968,1.440568,0xff0a575d624560e000840438af9b6d0207bb0042fd487fb3a2d302b021493acb
1775665939428,2026-04-08T16:32:19.428000+00:00,xyz:AAPL,A,257.6,29.304,Close Long,218.109672,0.217402,0x9f2af84379f59f85a0a40438af9b6d0207ee002914f8be5742f3a39638f97970
1775665939483,2026-04-08T16:32:19.483000+00:00,xyz:AAPL,A,257.6,3.035,Close Long,22.589505,0.022516,0x963cb8a45c062fee97b60438af9b6e0203f20089f7094ec03a0563f71b0a09d9
1775665949555,2026-04-08T16:32:29.555000+00:00,xyz:CRWV,B,89.9,250.0,Open Long,0.0,1.94184,0xb94b6259e3ce482cbac50438af9c0502029b003f7ec166fe5d140daca2c22217
1775666042685,2026-04-08T16:34:02.685000+00:00,xyz:CRWV,B,89.731,55.71,Open Long,0.0,0.431906,0x34539a393475c91e35cd0438afa15c0201eb001ecf78e7f0d81c458bf379a308
1775666043096,2026-04-08T16:34:03.096000+00:00,xyz:CRWV,B,89.731,194.29,Open Long,0.0,0.502094,0x0eb78d24c45d2c2d10310438afa1620202fb000a5f504affb280387783510617
1775671478862,2026-04-08T18:04:38.862000+00:00,xyz:INTC,A,59.0,75.0,Close Long,503.9925,0.127439,0x09d1eb2ee0979a8f0b4b0438b0d81a0201c700147b9ab961ad9a96819f9b7479
1775671478862,2026-04-08T18:04:38.862000+00:00,xyz:INTC,A,59.0,75.0,Close Long,503.9925,0.127439,0x224c4f002d4b620223c60438b0d81a0201ca00e5c84e80d4c614fa52ec4f3bec
1775671478862,2026-04-08T18:04:38.862000+00:00,xyz:INTC,A,59.0,2.74,Close Long,18.412526,0.004655,0x6b645644af6ff47d6cde0438b0d81a02043c002a4a63134f0f2d01976e63ce68
1775671478862,2026-04-08T18:04:38.862000+00:00,xyz:INTC,A,59.0,547.26,Close Long,3677.532474,0.929904,0x1e37ccdfc8f136f91fb10438b0d81a02043d00c563f455cbc200783287f510e3
1775674308129,2026-04-08T18:51:48.129000+00:00,xyz:CRWV,A,88.407,259.69,Close Long,-325.443508,1.983606,0x50e07ddad897ec1c525a0438b1794202017f00c0739b0aeef4a9292d979bc606
1775674308129,2026-04-08T18:51:48.129000+00:00,xyz:CRWV,A,88.396,235.31,Close Long,-297.478902,1.797159,0x50e07ddad897ec1c525a0438b1794202017f00c0739b0aeef4a9292d979bc606
1775674549501,2026-04-08T18:55:49.501000+00:00,xyz:CRWV,A,88.082,56.6,Close Long,-89.32612,0.430742,0x4a79c9f3f488db254bf30438b1871002091000d98f8bf9f7ee427546b38cb50f
1775674549501,2026-04-08T18:55:49.501000+00:00,xyz:CRWV,A,88.081,63.02,Close Long,-99.521184,0.479594,0x4a79c9f3f488db254bf30438b1871002091000d98f8bf9f7ee427546b38cb50f
1775674549501,2026-04-08T18:55:49.501000+00:00,xyz:CRWV,A,88.081,64.5,Close Long,-101.8584,0.490857,0x4a79c9f3f488db254bf30438b1871002091000d98f8bf9f7ee427546b38cb50f
1775674549501,2026-04-08T18:55:49.501000+00:00,xyz:CRWV,A,88.081,69.41,Close Long,-109.612272,0.528223,0x4a79c9f3f488db254bf30438b1871002091000d98f8bf9f7ee427546b38cb50f
1775674550370,2026-04-08T18:55:50.370000+00:00,xyz:CRWV,A,88.045,56.6,Close Long,-91.42032,0.14352,0x71d449f76ccabcea734e0438b1871c0201f800dd07cddbbc159cf54a2bce96d5
1775674550370,2026-04-08T18:55:50.370000+00:00,xyz:CRWV,A,88.045,192.37,Close Long,-310.716024,0.487791,0xd77b372d9fed41e1d8f40438b1871c0201fa00133ae060b37b43e2805ee11bcc
1775674779415,2026-04-08T18:59:39.415000+00:00,xyz:CRWV,A,87.941,37.63,Close Long,-64.693496,0.095305,0x0b37e4d8095ecf530cb10438b1943502046c00bda451ee25af00902ac852a93d
1775674784773,2026-04-08T18:59:44.773000+00:00,xyz:CRWV,A,87.941,12.61,Close Long,-21.679112,0.031937,0x0653aa3be120da8b07cd0438b1948402022600217c23f95daa1c558ea024b475
1775674811915,2026-04-08T19:00:11.915000+00:00,xyz:CRWV,A,87.941,389.23,Close Long,-669.164216,0.985803,0xf07c7878be00a54ef1f60438b196050209df005e5903c421944523cb7d047f39
1775674910354,2026-04-08T19:01:50.354000+00:00,xyz:CRWV,A,88.023,63.03,Close Long,-103.192716,0.159784,0x3fed57e19de3bf9241670438b19ba30201f700c738e6de64e3b603345ce7997c
1775675703987,2026-04-08T19:15:03.987000+00:00,xyz:INTC,B,58.368,51.49,Open Long,0.0,0.259663,0xccd99295133e3a30ce530438b1c926020245007aae31590270a23de7d232141b
1775675704054,2026-04-08T19:15:04.054000+00:00,xyz:INTC,B,58.372,16.27,Open Long,0.0,0.027351,0xdf1dc9f3e5fd1fc4e0970438b1c92702028c00d980f03e9682e67546a4f0f9af
1775675704054,2026-04-08T19:15:04.054000+00:00,xyz:INTC,B,58.372,8.56,Open Long,0.0,0.01439,0x44c4b72a191fa4bc463e0438b1c92702028e000fb412c38ee88d627cd8137ea6
1775675704125,2026-04-08T19:15:04.125000+00:00,xyz:INTC,B,58.372,75.0,Open Long,0.0,0.126083,0xa79bd3793e255d48a9150438b1c928020242005ed9287c1a4b647ecbfd293733
1775675704125,2026-04-08T19:15:04.125000+00:00,xyz:INTC,B,58.372,8.56,Open Long,0.0,0.01439,0x72e9ade5a46a673774630438b1c92802024600cb3f6d860916b25938636e4122
1775675704125,2026-04-08T19:15:04.125000+00:00,xyz:INTC,B,58.372,8.56,Open Long,0.0,0.01439,0xf10afeed2430b3a1f2840438b1c92802024b00d2bf33d27494d3aa3fe3348d8c
1775675704125,2026-04-08T19:15:04.125000+00:00,xyz:INTC,B,58.372,8.56,Open Long,0.0,0.01439,0x56b1ec2357533899582b0438b1c92802024d0008f256576bfa7a977616571283
1775675704125,2026-04-08T19:15:04.125000+00:00,xyz:INTC,B,58.372,17.4,Open Long,0.0,0.029251,0xbc58d9598a75bd90bdd20438b1c92802024f003f2578dc62602184ac4979977b
1775675704125,2026-04-08T19:15:04.125000+00:00,xyz:INTC,B,58.372,90.22,Open Long,0.0,0.15167,0x87a6b3c5f0bac77f89200438b1c92802025300ab8bbde6512b6f5f18afbea16a
1775675704125,2026-04-08T19:15:04.125000+00:00,xyz:INTC,B,58.372,34.24,Open Long,0.0,0.057561,0xa02117973d6e8ef2a19a0438b1c928020256007cd861adc443e9c2e9fc6268dd
1775675704125,2026-04-08T19:15:04.125000+00:00,xyz:INTC,B,58.372,75.0,Open Long,0.0,0.126083,0x52f48e3256ffd16e546e0438b1c9280202570017f1f2f040f6bd398515f3ab58
1775675704187,2026-04-08T19:15:04.187000+00:00,xyz:INTC,B,58.372,857.55,Open Long,0.0,1.441638,0xf402bc2260f6aad2f57c0438b1c9290202320007fbf9c9a597cb67751ffa84bd
1775675704187,2026-04-08T19:15:04.187000+00:00,xyz:INTC,B,58.372,75.0,Open Long,0.0,0.126083,0xa6d632bd7a87ed4ea84f0438b1c92902023300a3158b0c204a9ede10398bc739
1775675704321,2026-04-08T19:15:04.321000+00:00,xyz:INTC,B,58.372,75.0,Open Long,0.0,0.126083,0xab127f623e1fd0f6ac8c0438b1c92b02024a0047d912efc84edb2ab4fd13aae1
1775675704321,2026-04-08T19:15:04.321000+00:00,xyz:INTC,B,58.372,10.28,Open Long,0.0,0.017281,0x766059cea454dae577da0438b1c92b02024e00b43f57f9b71a2905216358b4d0
1775675704321,2026-04-08T19:15:04.321000+00:00,xyz:INTC,B,58.372,288.31,Open Long,0.0,0.484681,0x2933d069bde61d612aad0438b1c92b02024f004f58e93c33ccfc7bbc7ce9f74b
1775734687687,2026-04-09T11:38:07.687000+00:00,xyz:CRWV,B,93.155,500.0,Open Long,0.0,1.341431,0x8d276554965aef388ea10438bf09c3020176003a315e0e0a30f010a7555ec923
1775734941004,2026-04-09T11:42:21.004000+00:00,xyz:CRWV,B,91.532,500.0,Open Long,0.0,1.31806,0x64d73b9ac15e29c966500438bf186a02022300805c51489b089fe6ed805203b4
1775739950241,2026-04-09T13:05:50.241000+00:00,xyz:INTC,B,59.976,807.36,Open Long,0.0,1.39456,0x6dbf5b2b3d98c7516f390438c038190201dc0010d89be6231188067dfc9ca13c
1775739950241,2026-04-09T13:05:50.241000+00:00,xyz:INTC,B,59.976,84.04,Open Long,0.0,0.145163,0x8639befc8a4c8ec487b30438c038190201df00e2254fad962a026a4f494068af
1775739951118,2026-04-09T13:05:51.118000+00:00,xyz:INTC,B,59.976,15.87,Open Long,0.0,0.027412,0xeac5e412bbab45c7ec3f0438c0382502022900f856ae64998e8e8f657aaf1fb2
1775739951924,2026-04-09T13:05:51.924000+00:00,xyz:INTC,B,59.976,15.87,Open Long,0.0,0.027412,0x270c3c7a4728ca7828850438c0382f0201ef005fe22be94acad4e7cd062ca462
1775739952805,2026-04-09T13:05:52.805000+00:00,xyz:INTC,B,59.976,15.87,Open Long,0.0,0.027412,0x69f014177528e0f86b690438c0383b02029300fd102bffca0db8bf6a342cbae3
1775739957636,2026-04-09T13:05:57.636000+00:00,xyz:INTC,B,59.976,15.87,Open Long,0.0,0.027412,0x3fcc1d945211a96441450438c0388102025c0079ed14c836e394c8e71115834e
1775739957636,2026-04-09T13:05:57.636000+00:00,xyz:INTC,B,59.976,405.7,Open Long,0.0,0.700769,0xf29f942f6ba2ebdff4190438c0388102025d001506a60ab296683f822aa6c5ca
1775739957636,2026-04-09T13:05:57.636000+00:00,xyz:INTC,B,59.976,2.49,Open Long,0.0,0.0043,0x816968f6d37f6d8982e30438c038810204e200dc6e728c5b2532144992734774
1775739957636,2026-04-09T13:05:57.636000+00:00,xyz:INTC,B,59.976,15.8,Open Long,0.0,0.027291,0xe710562d0691f280e88a0438c038810204e40012a19511528ad9017fc595cc6b
1775739957636,2026-04-09T13:05:57.636000+00:00,xyz:INTC,B,59.976,2.4,Open Long,0.0,0.004145,0x99e3ccc8202334fc9b5d0438c038810204e500adbb2653ce3dac781adf270ee7
1775739957636,2026-04-09T13:05:57.636000+00:00,xyz:INTC,B,59.976,13.79,Open Long,0.0,0.023819,0x6531a73486683eeb66ab0438c038810204e9001a216b5dbd08fa5287456c18d6
1775739957636,2026-04-09T13:05:57.636000+00:00,xyz:INTC,B,59.976,10.21,Open Long,0.0,0.017635,0xcad8946ab98ac3e2cc520438c038810204eb0050548de2b46ea13fbd788e9dcd
1775739957636,2026-04-09T13:05:57.636000+00:00,xyz:INTC,B,59.976,15.8,Open Long,0.0,0.027291,0x79eead14d2b89f337b680438c038810204f600fa6dbbbe051db7586791bc791e
1775739957636,2026-04-09T13:05:57.636000+00:00,xyz:INTC,B,59.976,1.81,Open Long,0.0,0.003126,0xdf959a4b05db242ae10f0438c038810204f80030a0de42fc835e459dc4defe15
1775739957703,2026-04-09T13:05:57.703000+00:00,xyz:INTC,B,59.976,1.71,Open Long,0.0,0.002953,0xb9136d89796bccf2ba8d0438c038820201d4006f146eebc45cdc18dc386fa6dd
1775739957960,2026-04-09T13:05:57.960000+00:00,xyz:INTC,B,59.976,14.67,Open Long,0.0,0.025339,0x448758ecd8de098946010438c0388502029400d273d1285be850043f97d1e373
1775739957960,2026-04-09T13:05:57.960000+00:00,xyz:INTC,B,59.976,43.59,Open Long,0.0,0.075293,0xdb230dc5a5581d66dc9c0438c0388502029c00ab405b3c387eebb918645bf751
1775739957960,2026-04-09T13:05:57.960000+00:00,xyz:INTC,B,59.976,517.15,Open Long,0.0,0.893277,0x8df68460bee95fe28f700438c0388502029d004659ec7eb431bf2fb37ded39cd
1775741104611,2026-04-09T13:25:04.611000+00:00,xyz:INTC,B,58.902,996.82,Open Long,0.0,1.690983,0xba6babb3354f111bbbe50438c07a750203430098d0422fed5e345705f442eb06
1775741104947,2026-04-09T13:25:04.947000+00:00,xyz:INTC,B,58.902,1003.18,Open Long,0.0,1.701772,0x76fc4b075cc2075e78760438c07a7a0203a200ecf7c526301ac4f65a1bc5e149
1775742128558,2026-04-09T13:42:08.558000+00:00,xyz:CRWV,B,92.39,500.0,Open Long,0.0,1.330415,0x4441d720d76dd62145bb0438c0b4bd02064d00067260f4f3e80a82739661b00b
1775742458300,2026-04-09T13:47:38.300000+00:00,xyz:CRWV,B,90.377,360.17,Open Long,0.0,0.937471,0x404591e0b55c54a141bf0438c0c76b020e9e00c6505f7373e40e3d3374502e8b
1775742458300,2026-04-09T13:47:38.300000+00:00,xyz:CRWV,B,90.377,139.83,Open Long,0.0,0.363957,0xa22f2125e81b726da3a80438c0c76b020eaa000b831e913f45f7cc78a71f4c58
1775742790742,2026-04-09T13:53:10.742000+00:00,xyz:CRWV,A,87.776,500.0,Close Long,-2043.75,3.791923,0xe345c2eacd91e1ede4bf0438c0da1102070400d0689500bf870e6e3d8c95bbd8
1775742804988,2026-04-09T13:53:24.988000+00:00,xyz:CRWV,A,87.657,500.0,Close Long,-2103.25,1.26226,0xa3ee4f78770d0ab6a5680438c0dae10202a3005e1200298847b6facb3600e4a1
1775742805189,2026-04-09T13:53:25.189000+00:00,xyz:CRWV,A,87.607,500.0,Close Long,-2128.25,3.784622,0x9c2ce18e75dd48e39da60438c0dae40202c9007410d067b53ff58ce134d122ce
1775742826767,2026-04-09T13:53:46.767000+00:00,xyz:CRWV,A,88.0,111.37,Close Long,-430.277995,0.282256,0x52bc351a41f6250454350438c0dc1e02073900ffdcf943d6f684e06d00f9feee
1775742826830,2026-04-09T13:53:46.830000+00:00,xyz:CRWV,A,88.0,369.23,Close Long,-1426.520105,0.935776,0x670abe6e2e9fd93068840438c0dc1f0204ce0053c992f8020ad369c0ed93b31b
1775742828575,2026-04-09T13:53:48.575000+00:00,xyz:CRWV,A,88.0,19.4,Close Long,-74.9519,0.049167,0x046fd86117e6756c05e90438c0dc390201290046b2e9943ea83883b3d6ea4f56
1775747266781,2026-04-09T15:07:46.781000+00:00,xyz:CRWV,B,89.29,233.5,Open Long,0.0,1.801372,0x880ab8a4de54365089840438c1d8030202b6008a795755222bd363f79d58103b
1775747266781,2026-04-09T15:07:46.781000+00:00,xyz:CRWV,B,89.308,55.96,Open Long,0.0,0.431799,0x880ab8a4de54365089840438c1d8030202b6008a795755222bd363f79d58103b
1775747267186,2026-04-09T15:07:47.186000+00:00,xyz:CRWV,B,89.329,110.4,Open Long,0.0,0.284023,0x6217a92ad9b047a863910438c1d80902033e001074b3667a05e0547d98b42193
1775747267244,2026-04-09T15:07:47.244000+00:00,xyz:CRWV,B,89.329,100.14,Open Long,0.0,0.257627,0xad226673db18dc2fae9c0438c1d80a0203ff0059761bfb0150eb11c69a1cb61a
1775747719526,2026-04-09T15:15:19.526000+00:00,xyz:CRWV,B,89.178,79.02,Open Long,0.0,0.202949,0xd01f04110b612d34d1980438c1f1b50208b500f6a6644c0673e7af63ca65071f
1775747722952,2026-04-09T15:15:22.952000+00:00,xyz:CRWV,B,89.178,16.78,Open Long,0.0,0.043096,0xf22f4be6c80aa6e6f3a90438c1f1e80202d000cc630dc5b995f7f739870e80d1
1775747726781,2026-04-09T15:15:26.781000+00:00,xyz:CRWV,B,89.178,251.94,Open Long,0.0,0.647064,0x35a0c9d01947772a371a0438c1f21e02057600b5b44a95fcd9697522d84b5114
1775747726857,2026-04-09T15:15:26.857000+00:00,xyz:CRWV,B,89.178,152.26,Open Long,0.0,0.391053,0x10d1a90a7350b885124b0438c1f21f0204fa00f00e53d757b49a545d3254926f
1775747760265,2026-04-09T15:16:00.265000+00:00,xyz:CRWV,B,89.16,2.26,Open Long,0.0,0.017409,0xcd9c0b1d3b9b2ccecf150438c1f3fe0208830002d69e4ba07164b66ffa9f06b9
1775747760265,2026-04-09T15:16:00.265000+00:00,xyz:CRWV,B,89.222,3.02,Open Long,0.0,0.02328,0xcd9c0b1d3b9b2ccecf150438c1f3fe0208830002d69e4ba07164b66ffa9f06b9
1775747761179,2026-04-09T15:16:01.179000+00:00,xyz:CRWV,B,89.222,494.72,Open Long,0.0,1.271229,0xc4294a6edadc53fec5a30438c1f40c0209d1005475df72d067f1f5c199d02de9
1775747781204,2026-04-09T15:16:21.204000+00:00,xyz:CRWV,B,89.382,0.87,Open Long,0.0,0.002239,0x868216cb711e29e787fb0438c1f5260201d300b10c1148b92a4ac21e301203d2
1775747788944,2026-04-09T15:16:28.944000+00:00,xyz:CRWV,B,89.382,55.55,Open Long,0.0,0.142996,0x164c4a3dc9d9b00117c60438c1f5950206d4002364dcced3ba14f59088dd89eb
1775747801468,2026-04-09T15:16:41.468000+00:00,xyz:CRWV,B,89.382,55.55,Open Long,0.0,0.142996,0x032a8b4909baadea04a40438c1f64b020374002ea4bdccbca6f3369bc8be87d4
1775747801468,2026-04-09T15:16:41.468000+00:00,xyz:CRWV,B,89.382,388.03,Open Long,0.0,0.998867,0xff6d2d58095746be00e60438c1f64b02037e003da45a6591a335d8aac85b20a9
1775748050040,2026-04-09T15:20:50.040000+00:00,xyz:CRWV,B,89.845,500.0,Open Long,0.0,1.293767,0xafd22f0db875f790b14b0438c2045902027a00f353791662539ada607779d17b
1775755003772,2026-04-09T17:16:43.772000+00:00,HYPE,B,39.879,2.0,Open Long,0.0,0.034455,0xd0508f0537c61570d1ca0438c38e7902029700ead2c9344274193a57f6c9ef5b
1775755004266,2026-04-09T17:16:44.266000+00:00,HYPE,B,39.879,6.03,Open Long,0.0,0.034627,0xd002b334003425c8d17c0438c38e8002015300199b37449a73cb5e86bf37ffb3
1775755004405,2026-04-09T17:16:44.405000+00:00,HYPE,B,39.879,19.37,Open Long,0.0,0.111233,0x1d173b4addb9c04c1e900438c38e81020b26003078bcdf1ec0dfe69d9cbd9a36
1775755004470,2026-04-09T17:16:44.470000+00:00,HYPE,B,39.879,7.42,Open Long,0.0,0.042609,0xc29131547f6cfabec40a0438c38e82020334003a1a6019906659dca73e60d4a9
1775755006559,2026-04-09T17:16:46.559000+00:00,HYPE,B,39.879,3.29,Open Long,0.0,0.018893,0xeae3da9a2ef1769aec5d0438c38ea10204ba007fc9f4956c8eac85ecedf55085
1775755006712,2026-04-09T17:16:46.712000+00:00,HYPE,B,39.879,31.85,Open Long,0.0,0.182901,0x80a274906ca2c019821c0438c38ea30202c3007607a5deeb246b1fe32ba69a04
1775755006712,2026-04-09T17:16:46.712000+00:00,HYPE,B,39.879,27.29,Open Long,0.0,0.156714,0xf334879587681324f4ae0438c38ea302054f007b226b31f796fd32e8466bed0f
1775755011097,2026-04-09T17:16:51.097000+00:00,HYPE,B,39.879,0.57,Open Long,0.0,0.003273,0x0000000000000000000000000000000000000000000000000000000000000000
1775755017026,2026-04-09T17:16:57.026000+00:00,HYPE,B,39.879,225.79,Open Long,0.0,1.296616,0x0000000000000000000000000000000000000000000000000000000000000000
1775755028387,2026-04-09T17:17:08.387000+00:00,HYPE,B,39.879,3.18,Open Long,0.0,0.018261,0x7eae5f556f0e62ae80280438c38fdc0205fc003b0a01818022770aa82e023c99
1775755028988,2026-04-09T17:17:08.988000+00:00,HYPE,B,39.879,239.13,Open Long,0.0,1.373222,0xdc069c5b6f8ab0ffdd800438c38fe502035700410a8dcfd17fcf47ae2e8e8aea
1775755028988,2026-04-09T17:17:08.988000+00:00,HYPE,B,39.879,25.84,Open Long,0.0,0.148388,0x8eda12f6891bf37b90530438c38fe502035800dc241f124d32a2be49481fcd66
1775755028988,2026-04-09T17:17:08.988000+00:00,HYPE,B,39.879,52.47,Open Long,0.0,0.301312,0xf481002cbc3e7872f5fa0438c38fe502035a0012573197459849ab7f7b32525d
1775755028988,2026-04-09T17:17:08.988000+00:00,HYPE,B,39.879,149.02,Open Long,0.0,0.855758,0xa75476c7d5cfbaeea8ce0438c38fe502035b00ad70c2d9c04b1d221a94c394d9
1775755028988,2026-04-09T17:17:08.988000+00:00,HYPE,B,39.879,94.26,Open Long,0.0,0.541295,0x5a27ed62ef50fd6a5ba10438c38fe502035c00488a541c3cfdf098b5ae54d754
1775755028988,2026-04-09T17:17:08.988000+00:00,HYPE,B,39.879,26.5,Open Long,0.0,0.152178,0x0cfb63fe08e23fe60e750438c38fe502035d00e3a3e55eb8b0c40f50c7e619d0
1775755028988,2026-04-09T17:17:08.988000+00:00,HYPE,B,39.879,85.99,Open Long,0.0,0.493804,0x72a251343c04c4dd741c0438c38fe502035f0019d707e3af166afc86fb089ec8
1775755236651,2026-04-09T17:20:36.651000+00:00,HYPE,B,39.901,250.0,Open Long,0.0,1.436435,0x32e0be0616cabfe2345a0438c39bc302021500ebb1cddeb4d6a96958d5ce99cc
1775757662861,2026-04-09T18:01:02.861000+00:00,HYPE,B,40.057,1.0,Open Long,0.0,0.005768,0x71af4693a626c20673290438c426240202d600794129e0d81577f1e6652a9bf1
1775757663850,2026-04-09T18:01:03.850000+00:00,HYPE,B,40.057,0.27,Open Long,0.0,0.001557,0x5bff4317b7504c695d780438c4263202059b00fd52536b3bffc7ee6a76542653
1775757664137,2026-04-09T18:01:04.137000+00:00,HYPE,B,40.057,11.26,Open Long,0.0,0.06495,0x587a0008aa4cfc1759f30438c426370208c900ee45401ae9fc42ab5b6940d601
1775757664137,2026-04-09T18:01:04.137000+00:00,HYPE,B,40.057,14.8,Open Long,0.0,0.085369,0xd69b51102a134881d8150438c426370208ce00f5c51667537a63fc62e917226c
1775757664137,2026-04-09T18:01:04.137000+00:00,HYPE,B,40.057,16.72,Open Long,0.0,0.096444,0x896ec7ab43a48afd8ae80438c426370208cf0090dea7a9cf2d3772fe02a864e8
1775757664137,2026-04-09T18:01:04.137000+00:00,HYPE,B,40.057,105.95,Open Long,0.0,0.611141,0x85b169ba434123d2872b0438c426370208d9009fde4442a4297a150d0244fdbd
1775762815347,2026-04-09T19:26:55.347000+00:00,HYPE,A,40.001,420.72,Close Long,41.65128,2.423407,0xb803d5fa22383b4eb97d0438c54c01020b2e00dfbd3b5a205bcc814ce13c1539
1775762856518,2026-04-09T19:27:36.518000+00:00,HYPE,A,40.001,50.21,Close Long,4.97079,0.289216,0xd1bcba28ba85a775d3360438c54e600203e0000e5588c6477585657b79898160
1775762856518,2026-04-09T19:27:36.518000+00:00,HYPE,A,40.001,229.11,Close Long,22.68189,1.319706,0xca41fe46b9ced91fcbbb0438c54e600203f4002c54c1f7f16e0aa99978c2b30a
1775762856588,2026-04-09T19:27:36.588000+00:00,HYPE,A,40.001,132.78,Close Long,13.14522,0.764831,0x831c69731807646284960438c54e610205b30058b30a833426e514c5d70b3e4d
1775762857968,2026-04-09T19:27:37.968000+00:00,HYPE,A,40.001,125.62,Close Long,12.43638,0.723589,0x1dff0728ed155b3f1f780438c54e75020ec8000e88187a11c1c7b27bac193529
1775762857968,2026-04-09T19:27:37.968000+00:00,HYPE,A,40.001,45.73,Close Long,4.52727,0.263411,0x83a5f45f2037e036851f0438c54e75020eca0044bb3aff08276e9fb1df3bba21
1775762858013,2026-04-09T19:27:38.013000+00:00,HYPE,A,40.001,109.53,Close Long,10.84347,0.630908,0x3a1fb421dd4385ed3b990438c54e760203fe00077846a4bfdde85f749c475fd7
1775762858155,2026-04-09T19:27:38.155000+00:00,HYPE,A,40.001,11.57,Close Long,1.14543,0.066644,0x1433ce710fc8937015ad0438c54e780205dc0056aacbb242b7fc79c3cecc6d5a
1775762858155,2026-04-09T19:27:38.155000+00:00,HYPE,A,40.001,274.73,Close Long,27.19827,1.582484,0x107670800f652c4511f00438c54e780205e60065aa684b17b43f1bd2ce69062f
1775762952741,2026-04-09T19:29:12.741000+00:00,xyz:CRWV,B,92.274,69.02,Open Long,0.0,0.18342,0x1978826ee1aa92581af20438c553ee01dc009a547cadb12abd412dc1a0ae6c42
1775762953890,2026-04-09T19:29:13.890000+00:00,xyz:CRWV,B,92.274,87.48,Open Long,0.0,0.232477,0x85607be37294dcd386da0438c553ff0203ae00c90d97fba5292927363198b6be
1775762954619,2026-04-09T19:29:14.619000+00:00,xyz:CRWV,B,92.274,34.78,Open Long,0.0,0.092427,0xb39ee990eeeb5f97b5180438c5540a020344007689ee7e69576794e3adef3982
1775762978658,2026-04-09T19:29:38.658000+00:00,xyz:CRWV,B,92.274,58.72,Open Long,0.0,0.156047,0x032261f7fb55e09f049c0438c5556d02087400dd9658ff71a6eb0d4aba59ba89
1775763375418,2026-04-09T19:36:15.418000+00:00,xyz:CRWV,B,92.182,250.0,Open Long,0.0,0.66371,0x0acc2505a505cb4d0c450438c56c3302026900eb4008ea1fae94d0586409a537
1775822405537,2026-04-10T12:00:05.537000+00:00,xyz:CRWV,B,94.524,500.0,Open Long,0.0,1.361145,0xf34aa35c9146b88bf4c40438d2aa5f0205f100422c49d75e97134eaf504a9276
1775828521679,2026-04-10T13:42:01.679000+00:00,xyz:CRWV,B,95.389,461.61,Open Long,0.0,1.268136,0x479f9cd98610dbf349190438d4075102018c00bf2113fac5eb68482c4514b5dd
1775828521679,2026-04-10T13:42:01.679000+00:00,xyz:CRWV,B,95.389,33.5,Open Long,0.0,0.092031,0x12ed7745ec55e5e214670438d40751020190002b875904b4b6b62298ab59bfcc
1775828521679,2026-04-10T13:42:01.679000+00:00,xyz:CRWV,B,95.389,4.89,Open Long,0.0,0.013433,0x7894647c1f786ad97a0e0438d407510201920061ba7b89ab1c5d0fcede7c44c4
1775831887799,2026-04-10T14:38:07.799000+00:00,xyz:CRWV,A,103.0,250.0,Close Long,2966.375,0.741599,0x9911a1542fe11a2d9a8b0438d4c5ed0203250039cae438ff3cda4ca6eee4f418
1776087216237,2026-04-13T13:33:36.237000+00:00,xyz:CRWV,B,106.14,5.0,Open Long,0.0,0.015284,0x1c9dac5246a5d9fc1e1704390e1d2a0204800037e1a8f8cec06657a505a9b3e6
1776087217194,2026-04-13T13:33:37.194000+00:00,xyz:CRWV,B,106.14,245.0,Open Long,0.0,0.748923,0x0b592d5c50a4e11f0cd204390e1d3802055a0041eba7fff1af21d8af0fa8bb09
1776088418233,2026-04-13T13:53:38.233000+00:00,xyz:HIMS,B,19.9,1000.0,Open Long,0.0,1.71936,0x981629f04099c540998f04390e60a00202a900d5db9ce4123bded542ff9d9f2b
1776089015363,2026-04-13T14:03:35.363000+00:00,xyz:HIMS,B,20.007,500.0,Open Long,0.0,0.2881,0x88dd84a5b2a30d718a5704390e8248020b2a008b4da62c432ca62ff871a6e75c
1776091584195,2026-04-13T14:46:24.195000+00:00,xyz:CRWV,A,114.0,18.37,Close Long,402.811849,0.060312,0x6dd0769e5f85cb766f4a04390f136702054d0083fa88ea48119921f11e89a561
1776092308615,2026-04-13T14:58:28.615000+00:00,xyz:HIMS,B,20.501,977.44,Open Long,0.0,1.731326,0x624a6cbbfd6160f863c404390f3c850202c500a198647fca0613180ebc653ae3
1776092346320,2026-04-13T14:59:06.320000+00:00,xyz:HIMS,B,20.501,394.52,Open Long,0.0,0.232935,0x2d19cb920bb579942e9304390f3ead02032a0077a6b89866d0e276e4cab9537e
1776092346451,2026-04-13T14:59:06.451000+00:00,xyz:HIMS,B,20.501,128.04,Open Long,0.0,0.075598,0x8abfc29f745845668c3904390f3eaf0204ba00850f5b64382e886df2335c1f51
1776092883227,2026-04-13T15:08:03.227000+00:00,xyz:HIMS,B,20.588,972.36,Open Long,0.0,1.729637,0xe6c08873796f6791e83a04390f5cf90203410059146286638a8933c63863417c
1776092898181,2026-04-13T15:08:18.181000+00:00,xyz:HIMS,B,20.59,522.73,Open Long,0.0,0.309974,0xa08da4fa6e8616a7a20704390f5dd102062b00e0098935794456504d2d89f092
1776092898251,2026-04-13T15:08:18.251000+00:00,xyz:HIMS,B,20.59,504.91,Open Long,0.0,0.299407,0x0ce98b8d0f5687d40e6304390f5dd20208fb0072aa59a6a6b0b236dfce5a61be
1776093705219,2026-04-13T15:21:45.219000+00:00,xyz:PLTR,B,133.26,30.995,Open Long,0.0,0.118955,0xceb9a6503abbae96d03304390f8b8e0201750035d5becd68728251a2f9bf8881
1776093705219,2026-04-13T15:21:45.219000+00:00,xyz:PLTR,B,133.26,2.105,Open Long,0.0,0.008078,0xffae6df2d4133d7c012804390f8b8e02017b00d86f165c4fa377194593171767
1776093705305,2026-04-13T15:21:45.305000+00:00,xyz:PLTR,B,133.26,1.668,Open Long,0.0,0.006401,0x0bd414cfc7840dbe0d4d04390f8b8f02010500b562872c90af9cc0228687e7a8
1776093705305,2026-04-13T15:21:45.305000+00:00,xyz:PLTR,B,133.26,1.354,Open Long,0.0,0.005196,0x244e78a11437d53125c804390f8b8f0201080086af3af403c81723f3d33baf1b
1776093705305,2026-04-13T15:21:45.305000+00:00,xyz:PLTR,B,133.26,3.297,Open Long,0.0,0.012653,0xef9c530d7a7cdf1ff11604390f8b8f02010c00f3157ffdf19364fe603970b90a
1776093705777,2026-04-13T15:21:45.777000+00:00,xyz:PLTR,B,133.26,12.043,Open Long,0.0,0.046219,0xeced22e19484cf28ee6604390f8b960201f200c72f87edfa90b5ce345388a913
1776093706381,2026-04-13T15:21:46.381000+00:00,xyz:PLTR,B,133.26,32.782,Open Long,0.0,0.125813,0x7ae3035aca71e8827c5c04390f8b9f0201bc0040657507541eabaead8975c26d
1776093708557,2026-04-13T15:21:48.557000+00:00,xyz:PLTR,B,133.26,15.729,Open Long,0.0,0.060366,0x543e7b4f127841bb55b804390f8bbf02019c0034ad7b608df80726a1d17c1ba5
1776093708557,2026-04-13T15:21:48.557000+00:00,xyz:PLTR,B,133.26,5.693,Open Long,0.0,0.021849,0x6cb8df205f2c092e6e3204390f8bbf02019f0005fa2f280010818a731e2fe319
1776093708557,2026-04-13T15:21:48.557000+00:00,xyz:PLTR,B,133.26,12.489,Open Long,0.0,0.047931,0x1f8c55bb78bd4baa210604390f8bbf0201a000a113b06a7cc355010e37b12594
1776093709374,2026-04-13T15:21:49.374000+00:00,xyz:PLTR,B,133.26,19.421,Open Long,0.0,0.074535,0xfe256b8295039635ff9f04390f8bcb02017100683006b508a1ee16d554077020
1776093709374,2026-04-13T15:21:49.374000+00:00,xyz:PLTR,B,133.26,10.179,Open Long,0.0,0.039065,0xb0f8e21dae94d8b1b27204390f8bcb02017200034997f78354c18d706d98b29c
1776093709374,2026-04-13T15:21:49.374000+00:00,xyz:PLTR,B,133.26,2.858,Open Long,0.0,0.010968,0x63cc58b8c8261b2d654604390f8bcb020173009e632939ff0795040b8729f518
1776093710291,2026-04-13T15:21:50.291000+00:00,xyz:PLTR,B,133.26,2.62,Open Long,0.0,0.010055,0xf60ed63455bd7668f78804390f8bd90201ee0019f0b0953b99d7818714b15053
1776093710413,2026-04-13T15:21:50.413000+00:00,xyz:PLTR,B,133.26,8.978,Open Long,0.0,0.034456,0x3f4ec9c7068b33aa40c804390f8bdb0203f900aca18e527ce3177519c58f0d94
1776093710413,2026-04-13T15:21:50.413000+00:00,xyz:PLTR,B,133.26,46.049,Open Long,0.0,0.17673,0xf2224062201c7625f39b04390f8bdb0203fa0047bb1f94f895eaebb4df105010
1776093710612,2026-04-13T15:21:50.612000+00:00,xyz:PLTR,B,133.26,41.74,Open Long,0.0,0.160193,0x77ce9da934bbef20794804390f8bde020485008ecfbf0df21b9748fbf3bfc90b
1776107407917,2026-04-13T19:10:07.917000+00:00,xyz:PLTR,A,131.99,6.268,Close Long,-7.96036,0.023826,0x71c51c6fc140c400733e04391294ce02028600555c43e2d2158dc7c280449deb
1776107407991,2026-04-13T19:10:07.991000+00:00,xyz:PLTR,A,131.99,1.011,Close Long,-1.28397,0.003843,0xfa01e428ea18843afb7b04391294cf0201d6000e851ba30d9dca8f7ba91c5e25
1776107408188,2026-04-13T19:10:08.188000+00:00,xyz:PLTR,A,131.99,0.882,Close Long,-1.12014,0.003352,0xb04c06ad03943a64b1c504391294d20201df00929e9759365414b1ffc298144f
1776107408323,2026-04-13T19:10:08.323000+00:00,xyz:PLTR,A,131.99,1.093,Close Long,-1.38811,0.004154,0x1671e296f9eb3bd917eb04391294d4020202007c94ee5aabba3a8de9b8ef15c3
1776107408323,2026-04-13T19:10:08.323000+00:00,xyz:PLTR,A,131.99,3.865,Close Long,-4.90855,0.014692,0x2eec4668469f034c306604391294d4020205004de192221ed2b4f1bb0592dd36
1776107408522,2026-04-13T19:10:08.522000+00:00,xyz:PLTR,A,131.99,0.806,Close Long,-1.02362,0.003063,0xb28e738410cf1fd5b40804391294d70202510069abc23ea756571ed6cfc2f9c0
1776107408522,2026-04-13T19:10:08.522000+00:00,xyz:PLTR,A,131.99,1.092,Close Long,-1.38684,0.004151,0x6561ea1f2a50625166db04391294d70202520004c5538123092a9571e9543c3c
1776107409339,2026-04-13T19:10:09.339000+00:00,xyz:PLTR,A,131.99,6.182,Close Long,-7.85114,0.023499,0xe7d8febd5eba52ace95204391294e302024c00a2f9bd717e8ba1aa101dbe2c97
1776107409339,2026-04-13T19:10:09.339000+00:00,xyz:PLTR,A,131.99,4.804,Close Long,-6.10108,0.018261,0x0053628eab6e1a2001cd04391294e302024f0074466138f2a41c0de16a61f40a
1776107409339,2026-04-13T19:10:09.339000+00:00,xyz:PLTR,A,131.99,58.669,Close Long,-74.50963,0.223019,0xb326d929c4ff5c9bb4a004391294e3020250000f5ff27b6d56ef847c83f33686
1776107409339,2026-04-13T19:10:09.339000+00:00,xyz:PLTR,A,131.99,4.225,Close Long,-5.36575,0.01606,0x18cdc65ff811e1931a4704391294e3020252004593150065bc9671b2b715bb7d
1776107409379,2026-04-13T19:10:09.379000+00:00,xyz:PLTR,A,131.99,20.805,Close Long,-26.42235,0.079086,0x80be6c003ef3ba4d823804391294e402012b00e5d9f6d91f24871752fdf79438
1776107409379,2026-04-13T19:10:09.379000+00:00,xyz:PLTR,A,131.99,0.854,Close Long,-1.08458,0.003246,0x3391e29b5884fcc9350b04391294e402012c0080f3881b9bd75a8dee1788d6b3
1776107409379,2026-04-13T19:10:09.379000+00:00,xyz:PLTR,A,131.99,8.69,Close Long,-11.0363,0.033033,0xe665593672163f44e7df04391294e402012d001c0d195e168a2e0489311a192f
1776107409379,2026-04-13T19:10:09.379000+00:00,xyz:PLTR,A,131.99,3.66,Close Long,-4.6482,0.013912,0xb1b333a2d85b4933b32c04391294e40201310088735e6805557bdef5975f231e
1776107409379,2026-04-13T19:10:09.379000+00:00,xyz:PLTR,A,131.99,1.146,Close Long,-1.45542,0.004356,0x6486aa3df1ec8baf660004391294e402013200238cefaa81084f5590b0e0659a
1776107409430,2026-04-13T19:10:09.430000+00:00,xyz:PLTR,A,131.99,2.958,Close Long,-3.75666,0.011244,0x02857f082486a15703ff04391294e502022700edbf89c029a64e2a5ae38a7b41
1776107409430,2026-04-13T19:10:09.430000+00:00,xyz:PLTR,A,131.99,1.497,Close Long,-1.90119,0.00569,0xb558f5a33e17e3d2b6d204391294e50202280088d91b02a45921a0f5fd1bbdbd
1776107409614,2026-04-13T19:10:09.614000+00:00,xyz:PLTR,A,131.99,13.669,Close Long,-17.35963,0.05196,0x3aae5084be3c0b163c2804391294e802022b006a593f29e8de76fbd77d3fe500
1776107409614,2026-04-13T19:10:09.614000+00:00,xyz:PLTR,A,131.99,59.532,Close Long,-75.60564,0.226299,0x5328b4560aefd28954a204391294e802022e003ba5e2f15bf6f15fa8c9e3ac73
1776107409878,2026-04-13T19:10:09.878000+00:00,xyz:PLTR,A,131.99,3.65,Close Long,-4.6355,0.013874,0x51c55f2cb25e1d5b533f04391294ec0201a900124d513c2df58e0a7f7151f745
1776107410812,2026-04-13T19:10:10.812000+00:00,xyz:PLTR,A,131.99,5.112,Close Long,-6.49224,0.019432,0x6ac06ae9492fe2e16c3a04391294f902059d00cee42301b30e89163c0823bccc
1776107411341,2026-04-13T19:10:11.341000+00:00,xyz:PLTR,A,131.99,3.649,Close Long,-4.63423,0.01387,0xe94206b489d65538eabb043912950002027d009a24d9740a8d0ab20748da2f23
1776107411625,2026-04-13T19:10:11.625000+00:00,xyz:PLTR,A,131.99,3.649,Close Long,-4.63423,0.01387,0x3d33fb9d4170cf533ead04391295040202f30082dc73ee25e0fca6f00074a93d
1776107414482,2026-04-13T19:10:14.482000+00:00,xyz:PLTR,A,131.99,3.852,Close Long,-4.89204,0.014642,0x77fb89c6e11467237975043912952d020c7000ac7c1785f51bc43519a018410e
1776107414482,2026-04-13T19:10:14.482000+00:00,xyz:PLTR,A,131.99,7.61,Close Long,-9.6647,0.028927,0x2acf0061faa5a99f2c48043912952d020c71004795a8c871ce97abb4b9a98389
1776107414482,2026-04-13T19:10:14.482000+00:00,xyz:PLTR,A,131.99,11.488,Close Long,-14.58976,0.043669,0xdda276fd1436ec1adf1c043912952d020c7200e2af3a0aec816b224fd33ac605
1776107414482,2026-04-13T19:10:14.482000+00:00,xyz:PLTR,A,131.99,0.796,Close Long,-1.01092,0.003025,0x9075ed982dc82e9691ef043912952d020c73007dc8cb4d68343e98eaeccc0881
1776107414482,2026-04-13T19:10:14.482000+00:00,xyz:PLTR,A,131.99,0.83,Close Long,-1.0541,0.003155,0x434964334759711244c3043912952d020c740018e25c8fe4e7120f86065d4afc
1776107414482,2026-04-13T19:10:14.482000+00:00,xyz:PLTR,A,131.99,1.104,Close Long,-1.40208,0.004196,0xf61cdace60eab38df796043912952d020c7500b3fbedd26099e586211fee8d78
1776107415385,2026-04-13T19:10:15.385000+00:00,xyz:PLTR,A,131.99,6.552,Close Long,-8.32104,0.024906,0xc75c70040552f610c8d6043912953a02045300e9a05614e26b251b56c456cffb
1776108213232,2026-04-13T19:23:33.232000+00:00,xyz:CRWV,B,111.96,250.0,Open Long,0.0,0.806111,0xc2318d50a62e54eac3ab043912c2970203570036412173bc65fa38a365222ed5
1776108485641,2026-04-13T19:28:05.641000+00:00,xyz:CRWV,B,111.99,250.0,Open Long,0.0,0.806327,0xf89ace83c832adbbfa14043912d21d02050200696335cc8e9c6379d6873687a6
1776174264148,2026-04-14T13:44:24.148000+00:00,xyz:CRWV,A,118.55,25.78,Close Long,625.350616,0.088019,0x04f0154a667a0cd0066904392170750202ce0030017d2ba2a8b8c09d257de6ba
1776174264148,2026-04-14T13:44:24.148000+00:00,xyz:CRWV,A,118.55,17.74,Close Long,430.322728,0.060568,0x04f0154a667a0cd0066904392170750202ce0030017d2ba2a8b8c09d257de6ba
1776174264148,2026-04-14T13:44:24.148000+00:00,xyz:CRWV,A,118.55,25.43,Close Long,616.860596,0.086824,0x04f0154a667a0cd0066904392170750202ce0030017d2ba2a8b8c09d257de6ba
1776174264148,2026-04-14T13:44:24.148000+00:00,xyz:CRWV,A,118.55,12.68,Close Long,307.581296,0.043292,0x04f0154a667a0cd0066904392170750202ce0030017d2ba2a8b8c09d257de6ba
1776175247501,2026-04-14T14:00:47.501000+00:00,xyz:CRWV,B,117.5,250.0,Open Long,0.0,0.845999,0x1c3d9019607b7a9c1db7043921a81502054e00fefb7e996ec0063b6c1f7f5486
1776187034238,2026-04-14T17:17:14.238000+00:00,xyz:CRWV,B,118.3,272.05,Open Long,0.0,0.926885,0x016c2aa7f38dc0f002e504392442f402040c008d8e80dfc2a534d5fab2819ada
1776187035045,2026-04-14T17:17:15.045000+00:00,xyz:CRWV,B,118.3,77.95,Open Long,0.0,0.265578,0xc067232156e4c769c1e004392443000204760006f1e7e63b642fce7415e8a154
1776187091289,2026-04-14T17:18:11.289000+00:00,xyz:CRWV,B,118.14,250.0,Open Long,0.0,0.850607,0x6b59598d377a4e846cd3043924463c02013b0072d27d6d560f2204dff67e286f
1776187144636,2026-04-14T17:19:04.636000+00:00,xyz:CRWV,B,118.06,250.0,Open Long,0.0,2.550096,0xb1596d515336ab50b2d3043924494402012f0036ee39ca22552218a4123a853b
1776187355617,2026-04-14T17:22:35.617000+00:00,xyz:CRWV,B,118.15,250.0,Open Long,0.0,0.850679,0xe3526349bd080a38e4cc043924554502030f002f580b290a871b0e9c7c0be423
1776187427985,2026-04-14T17:23:47.985000+00:00,xyz:CRWV,B,117.97,250.0,Open Long,0.0,2.548152,0x950f298a1350d6fc9688043924595b0201ce006fae53f5ce38d7d4dcd254b0e7
1776261181738,2026-04-15T13:53:01.738000+00:00,xyz:HOOD,B,85.152,16.055,Open Long,0.0,0.039372,0x789cae9485c7587e7a16043934b92202056a007a20ca77501c6559e744cb3269
1776261181738,2026-04-15T13:53:01.738000+00:00,xyz:HOOD,B,85.152,56.7,Open Long,0.0,0.139049,0x2b70252f9f589afa2ce9043934b92202056b00153a5bb9cccf38d0825e5c74e4
1776261181817,2026-04-15T13:53:01.817000+00:00,xyz:HOOD,B,85.152,51.009,Open Long,0.0,0.125093,0x75ccbbe3a84f19ec7746043934b92302080d00c9434238be199567366742f3d7
1776261181817,2026-04-15T13:53:01.817000+00:00,xyz:HOOD,B,85.152,126.236,Open Long,0.0,0.309578,0x5994fa215b37eb4e5b0e043934b9230208140006f63b0a20fd5da5741a3bc538
1776261315634,2026-04-15T13:55:15.634000+00:00,xyz:HOOD,B,85.302,0.338,Open Long,0.0,0.00083,0x6ac92432fd0cdd956c42043934c09a0201a60018980ffc670e91cf85bc00b780
1776261315771,2026-04-15T13:55:15.771000+00:00,xyz:HOOD,B,85.302,199.662,Open Long,0.0,0.490509,0xe5abe4337038cd2ae725043934c09c0204c700190b3bebfc89748f862f3ca715
1776270178937,2026-04-15T16:22:58.937000+00:00,xyz:HOOD,B,86.699,176.784,Open Long,0.0,0.441417,0x9c0a16d61976e1499d83043936b3650202ce00bbb47a001b3fd2c228d87abb34
1776270178937,2026-04-15T16:22:58.937000+00:00,xyz:HOOD,B,86.699,87.667,Open Long,0.0,0.218898,0x4edd8d71330823c55057043936b3650202cf0056ce0b4297f2a638c3f20bfdaf
1776270178937,2026-04-15T16:22:58.937000+00:00,xyz:HOOD,B,86.699,2.847,Open Long,0.0,0.007108,0x01b1040c4c996641032a043936b3650202d000f1e79c8513a579af5f0b9d402b
1776270179004,2026-04-15T16:22:59.004000+00:00,xyz:HOOD,B,86.699,54.591,Open Long,0.0,0.136309,0x15ff6b9669c7a8461779043936b366020356007c04cac718b9c816e928cb8230
1776270179004,2026-04-15T16:22:59.004000+00:00,xyz:HOOD,B,86.699,40.265,Open Long,0.0,0.100538,0x7ba658cc9cea2d3d7d20043936b36602035800b237ed4c0f1f6f041f5bee0728
1776270179004,2026-04-15T16:22:59.004000+00:00,xyz:HOOD,B,86.699,39.91,Open Long,0.0,0.099652,0x2e79cf67b67b6fb92ff3043936b366020359004d517e8e8bd2427aba757f49a3
1776270179004,2026-04-15T16:22:59.004000+00:00,xyz:HOOD,B,86.699,29.901,Open Long,0.0,0.07466,0xf9c7a9d41cb079a7fb41043936b36602035d00b9b7b3987a9d905526dbb45392
1776270179004,2026-04-15T16:22:59.004000+00:00,xyz:HOOD,B,86.699,2.847,Open Long,0.0,0.007108,0xac9b206f3641bc23ae14043936b36602035e0054d144daf55063cbc1f545960e
1776270179074,2026-04-15T16:22:59.074000+00:00,xyz:HOOD,B,86.699,2.847,Open Long,0.0,0.007108,0x2db42eabf2ddffbf2f2d043936b36702034a00918dd11e91d17cd9feb1d1d9a9
1776270179074,2026-04-15T16:22:59.074000+00:00,xyz:HOOD,B,86.699,38.409,Open Long,0.0,0.095904,0xe087a5470c6f423ae201043936b36702034b002ca762610c84505099cb631c25
1776270179202,2026-04-15T16:22:59.202000+00:00,xyz:HOOD,B,86.699,2.102,Open Long,0.0,0.005248,0xd7d8aa5318e8e5a7d952043936b3690203c90038b3ec04797ba155a5d7ecbf92
1776270179471,2026-04-15T16:22:59.471000+00:00,xyz:HOOD,B,86.699,11.76,Open Long,0.0,0.029363,0x35a6af787fa04e673720043936b36d020201005e1aa36d39d96f5acb3ea42851
1776270179608,2026-04-15T16:22:59.608000+00:00,xyz:HOOD,B,86.699,2.847,Open Long,0.0,0.007108,0xc7a7c9b3ed82be93c921043936b36f02030500998885dd656b707506ac86987e
1776270180749,2026-04-15T16:23:00.749000+00:00,xyz:HOOD,B,86.699,14.506,Open Long,0.0,0.03622,0x83748183d851c67284ee043936b38002072500697354e544273d2cd69755a05d
1776270180749,2026-04-15T16:23:00.749000+00:00,xyz:HOOD,B,86.699,40.84,Open Long,0.0,0.101974,0x3647f81ef1e308ee37c1043936b38002072600048ce627c0da10a371b0e6e2d8
1776270180749,2026-04-15T16:23:00.749000+00:00,xyz:HOOD,B,86.699,135.713,Open Long,0.0,0.338866,0xe91b6eba0b744b69ea95043936b380020727009fa6776a3b8ce41a0cca782554
1776270180749,2026-04-15T16:23:00.749000+00:00,xyz:HOOD,B,86.699,3.845,Open Long,0.0,0.0096,0x9beee55525058de59d68043936b380020728003ac008acb73fb790a7e40967d0
1776270180813,2026-04-15T16:23:00.813000+00:00,xyz:HOOD,B,86.699,362.319,Open Long,0.0,0.904685,0x96be03a7077985799837043936b381020322008ca27ca44b3a86aef9c67d5f64
1776279101653,2026-04-15T18:51:41.653000+00:00,xyz:HIMS,B,22.776,0.48,Open Long,0.0,0.000314,0x77d923bee61d25907952043938ac2e02047b00a4811044621ba1cf11a510ff7b
1776279107904,2026-04-15T18:51:47.904000+00:00,xyz:HIMS,B,22.776,0.48,Open Long,0.0,0.000314,0x010b6a571bf106960285043938ac8c020333003cb6f42568a4d415a9daf4e080
1776279110124,2026-04-15T18:51:50.124000+00:00,xyz:HIMS,B,22.776,0.48,Open Long,0.0,0.000314,0x509efae4835031c75218043938acad01b40012ca1e535099f467a63742540bb1
1776279129787,2026-04-15T18:52:09.787000+00:00,xyz:HIMS,B,22.776,0.48,Open Long,0.0,0.000314,0x7c14d9390ee137b97d8e043938adca020484001ea9e4568b1fdd848bcde511a4
1776281507831,2026-04-15T19:31:47.831000+00:00,xyz:HOOD,B,87.024,2.904,Open Long,0.0,0.007278,0xa6eaa9b3e08be117a864043939348b02032900997b8effe94ab355069f8fbb02
1776281507831,2026-04-15T19:31:47.831000+00:00,xyz:HOOD,B,87.024,72.043,Open Long,0.0,0.18056,0xd73128f7b205e841d8aa043939348b02080100dd4d0907137af9d44a7109c22c
1776281507831,2026-04-15T19:31:47.831000+00:00,xyz:HOOD,B,87.024,225.053,Open Long,0.0,0.564048,0xd373cb06b1a28116d4ed043939348b02080b00ec4ca59fe8773c765970a65b01
1776347417728,2026-04-16T13:50:17.728000+00:00,xyz:HIMS,B,25.726,7.78,Open Long,0.0,0.017292,0xdadd8534147b440adc57043947d0570205c40019af7e62dc7ea63086d37f1df5
1776347417728,2026-04-16T13:50:17.728000+00:00,xyz:HIMS,B,25.746,777.33,Open Long,0.0,1.729135,0xdadd8534147b440adc57043947d0570205c40019af7e62dc7ea63086d37f1df5
1776347417728,2026-04-16T13:50:17.728000+00:00,xyz:HIMS,B,25.755,214.89,Open Long,0.0,0.47818,0xdadd8534147b440adc57043947d0570205c40019af7e62dc7ea63086d37f1df5
1776347461268,2026-04-16T13:51:01.268000+00:00,xyz:HOOD,A,86.62,17.171,Close Long,4.069527,0.042835,0x5e92d69bf597f4cc600c043947d2c202044f0081909b139e025b81eeb49bceb7
1776347461990,2026-04-16T13:51:01.990000+00:00,xyz:HOOD,A,86.62,17.171,Close Long,4.069527,0.042835,0x90d5544272bad238924f043947d2ca0203c900280dbdf10a349dff9531beac23
1776347465372,2026-04-16T13:51:05.372000+00:00,xyz:HOOD,A,86.62,46.654,Close Long,11.056998,0.116385,0xa3fe3452fd31c346a577043947d2f502069a00389834e21847c6dfa5bc359d31
1776347465697,2026-04-16T13:51:05.697000+00:00,xyz:HOOD,A,86.62,923.134,Close Long,218.782758,2.302901,0x59d9da4ab706cd545b53043947d2f902042b00305209ec26fda2859d760aa73e
1776347465765,2026-04-16T13:51:05.765000+00:00,xyz:HOOD,A,86.62,2.051,Close Long,0.486087,0.005116,0xf5ce7ee99f31868af748043947d2fa0204e100cf3a34a55d99972a3c5e356075
1776347465765,2026-04-16T13:51:05.765000+00:00,xyz:HOOD,A,86.62,6.176,Close Long,1.463712,0.015406,0xa8a1f584b8c2c906aa1b043947d2fa0204e2006a53c5e7d84c6aa0d777c6a2f1
1776347465831,2026-04-16T13:51:05.831000+00:00,xyz:HOOD,A,86.62,575.046,Close Long,136.285902,1.434541,0x364f48f497e1fb2637c9043947d2fb0203df00da32e519f8da17f44756e5d510
1776347465831,2026-04-16T13:51:05.831000+00:00,xyz:HOOD,A,86.62,57.207,Close Long,13.558059,0.142711,0x165a29414a77655d17d3043947d2fb0203f00026e57a842fba22d494097b3f47
1776347465980,2026-04-16T13:51:05.980000+00:00,xyz:HOOD,A,86.62,155.39,Close Long,36.82743,0.387644,0x47cdbdcdd797fe994947043947d2fd02070800b3729b1d6beb966920969bd883
1776347779736,2026-04-16T13:56:19.736000+00:00,xyz:HIMS,B,25.238,1000.0,Open Long,0.0,0.726854,0x450d2f0167830a884686043947e49002044000e70286295ae8d5da542686e472
1776347858107,2026-04-16T13:57:38.107000+00:00,xyz:HIMS,B,25.15,797.31,Open Long,0.0,1.732522,0x463d05865005a6ab47b6043947e8f1020463006beb08c57dea05b0d90f098095
1776347861638,2026-04-16T13:57:41.638000+00:00,xyz:HIMS,B,25.15,202.69,Open Long,0.0,0.146812,0x8c2e59f082817ba68da8043947e922020b1600d61d849a782ff7054341855591
1776347887794,2026-04-16T13:58:07.794000+00:00,xyz:HIMS,B,25.248,10.0,Open Long,0.0,0.007271,0x2c4fdaa7640c97992dc9043947ea97020ce5008cff0fb66bd01885fa23007183
1776347889238,2026-04-16T13:58:09.238000+00:00,xyz:HIMS,B,25.248,10.0,Open Long,0.0,0.007271,0xa9701e1471f1baa6aae9043947eaad02072e00fa0cf4d9784d38c96730f59491
1776347890607,2026-04-16T13:58:10.607000+00:00,xyz:HIMS,B,25.248,10.0,Open Long,0.0,0.007271,0x43bc96835786beef4536043947eac00208500068f289ddc1e78541d6168a98d9
1776347892124,2026-04-16T13:58:12.124000+00:00,xyz:HIMS,B,25.248,10.0,Open Long,0.0,0.007271,0x9e1783f89ba229539f91043947ead7020b2f00de36a5482541e02f4b5aa6033e
1776347893893,2026-04-16T13:58:13.893000+00:00,xyz:HIMS,B,25.248,10.0,Open Long,0.0,0.007271,0x538f6b660a37f8c35509043947eaee020c4d004ba53b1795f75816b8c93bd2ad
1776347895451,2026-04-16T13:58:15.451000+00:00,xyz:HIMS,B,25.248,10.0,Open Long,0.0,0.007271,0x0252bed47962327303cc043947eb040201ca00ba14655145a61b6a2738660c5d
1776347896765,2026-04-16T13:58:16.765000+00:00,xyz:HIMS,B,25.248,10.0,Open Long,0.0,0.007271,0x5ff3455031d583b0616d043947eb150205d40035ccd8a28203bbf0a2f0d95d9b
1776347898641,2026-04-16T13:58:18.641000+00:00,xyz:HIMS,B,25.248,372.59,Open Long,0.0,0.270925,0x4ac42d532c03f0744c3d043947eb300206a80038c7070f46ee8cd8a5eb07ca5e
1776347898697,2026-04-16T13:58:18.697000+00:00,xyz:HIMS,B,25.248,557.41,Open Long,0.0,0.405316,0x7a452da5095bf9cb7bbe043947eb31020880008aa45f189d1e0dd8f7c85fd3b6
1776348762160,2026-04-16T14:12:42.160000+00:00,xyz:HIMS,B,25.775,41.08,Open Long,0.0,0.091483,0xcb91d0ea9ec36f60cd0b0439481b5d02031300d039c68e326f5a7c3d5dc7494b
1776348917707,2026-04-16T14:15:17.707000+00:00,xyz:HIMS,B,25.995,640.11,Open Long,0.0,0.479222,0x61768e145e51897562f0043948242302061600f9f954a847053f39671d556360
1776348917827,2026-04-16T14:15:17.827000+00:00,xyz:HIMS,B,25.995,293.93,Open Long,0.0,0.220052,0x68140d4a00d41b45698d04394824250206f4002f9bd73a170bdcb89cbfd7f530
1776348917894,2026-04-16T14:15:17.894000+00:00,xyz:HIMS,B,25.995,24.88,Open Long,0.0,0.018626,0x9db3e1b15c511e3d9f2d04394824260203a70096f7543d0f417c8d041b54f828
1776385387552,2026-04-17T00:23:07.552000+00:00,xyz:INTC,A,69.69,274.49,Close Long,4243.697747,0.550921,0x4cc2e1b5f7daf4524e3c0439502d8302048e009b92de1324f08b8d08b6dece3c
1776385390034,2026-04-17T00:23:10.034000+00:00,xyz:INTC,A,69.69,72.04,Close Long,1113.760012,0.144589,0xe6c37b1ecbae6ed6e83d0439502da802025a000466a18da88a8c26718aa248c1
1776385396000,2026-04-17T00:23:16+00:00,xyz:INTC,A,69.69,9.98,Close Long,154.293794,0.02003,0x0000000000000000000000000000000000000000000000000000000000000000
