time,datetime,coin,side,px,sz,dir,closedPnl,fee,hash
1749577921481,2025-06-10T17:52:01.481000+00:00,@107,B,40.025,24.98,Buy,0.0,0.017486,0x92d3de99afa675738b0204253c7204020150006a680ccc1ffeb407b1c73a93b1
1749578342406,2025-06-10T17:59:02.406000+00:00,HYPE,B,40.023,12.05,Open Long,0.0,0.217024,0xa5ece6b156bec667537a04253c878001a600de22be176f951b4569bb47f6a04f
1749578342406,2025-06-10T17:59:02.406000+00:00,HYPE,B,40.027,12.43,Open Long,0.0,0.223891,0xa5ece6b156bec667537a04253c878001a600de22be176f951b4569bb47f6a04f
1749578342406,2025-06-10T17:59:02.406000+00:00,HYPE,B,40.029,0.6,Open Long,0.0,0.010807,0xa5ece6b156bec667537a04253c878001a600de22be176f951b4569bb47f6a04f
1749578342406,2025-06-10T17:59:02.406000+00:00,HYPE,B,40.03,23.04,Open Long,0.0,0.415031,0xa5ece6b156bec667537a04253c878001a600de22be176f951b4569bb47f6a04f
1749578342406,2025-06-10T17:59:02.406000+00:00,HYPE,B,40.03,12.72,Open Long,0.0,0.229131,0xa5ece6b156bec667537a04253c878001a600de22be176f951b4569bb47f6a04f
1749578342406,2025-06-10T17:59:02.406000+00:00,HYPE,B,40.031,0.57,Open Long,0.0,0.010267,0xa5ece6b156bec667537a04253c878001a600de22be176f951b4569bb47f6a04f
1749578342406,2025-06-10T17:59:02.406000+00:00,HYPE,B,40.032,0.57,Open Long,0.0,0.010268,0xa5ece6b156bec667537a04253c878001a600de22be176f951b4569bb47f6a04f
1749578342406,2025-06-10T17:59:02.406000+00:00,HYPE,B,40.033,0.57,Open Long,0.0,0.010268,0xa5ece6b156bec667537a04253c878001a600de22be176f951b4569bb47f6a04f
1749578342406,2025-06-10T17:59:02.406000+00:00,HYPE,B,40.034,0.5,Open Long,0.0,0.009007,0xa5ece6b156bec667537a04253c878001a600de22be176f951b4569bb47f6a04f
1749578342406,2025-06-10T17:59:02.406000+00:00,HYPE,B,40.034,0.57,Open Long,0.0,0.010268,0xa5ece6b156bec667537a04253c878001a600de22be176f951b4569bb47f6a04f
1749578342406,2025-06-10T17:59:02.406000+00:00,HYPE,B,40.034,24.08,Open Long,0.0,0.433808,0xa5ece6b156bec667537a04253c878001a600de22be176f951b4569bb47f6a04f
1749578342406,2025-06-10T17:59:02.406000+00:00,HYPE,B,40.035,0.57,Open Long,0.0,0.010268,0xa5ece6b156bec667537a04253c878001a600de22be176f951b4569bb47f6a04f
1749578342406,2025-06-10T17:59:02.406000+00:00,HYPE,B,40.035,1.14,Open Long,0.0,0.020537,0xa5ece6b156bec667537a04253c878001a600de22be176f951b4569bb47f6a04f
1749578342406,2025-06-10T17:59:02.406000+00:00,HYPE,B,40.036,0.57,Open Long,0.0,0.010269,0xa5ece6b156bec667537a04253c878001a600de22be176f951b4569bb47f6a04f
1749578342406,2025-06-10T17:59:02.406000+00:00,HYPE,B,40.036,1.14,Open Long,0.0,0.020538,0xa5ece6b156bec667537a04253c878001a600de22be176f951b4569bb47f6a04f
1749578342406,2025-06-10T17:59:02.406000+00:00,HYPE,B,40.036,36.0,Open Long,0.0,0.648583,0xa5ece6b156bec667537a04253c878001a600de22be176f951b4569bb47f6a04f
1749578342406,2025-06-10T17:59:02.406000+00:00,HYPE,B,40.036,21.46,Open Long,0.0,0.386627,0xa5ece6b156bec667537a04253c878001a600de22be176f951b4569bb47f6a04f
1749578342406,2025-06-10T17:59:02.406000+00:00,HYPE,B,40.037,0.57,Open Long,0.0,0.010269,0xa5ece6b156bec667537a04253c878001a600de22be176f951b4569bb47f6a04f
1749578342406,2025-06-10T17:59:02.406000+00:00,HYPE,B,40.037,1.14,Open Long,0.0,0.020538,0xa5ece6b156bec667537a04253c878001a600de22be176f951b4569bb47f6a04f
1749578342406,2025-06-10T17:59:02.406000+00:00,HYPE,B,40.038,168.47,Open Long,0.0,3.03534,0xa5ece6b156bec667537a04253c878001a600de22be176f951b4569bb47f6a04f
1749578342406,2025-06-10T17:59:02.406000+00:00,HYPE,B,40.038,0.57,Open Long,0.0,0.010269,0xa5ece6b156bec667537a04253c878001a600de22be176f951b4569bb47f6a04f
1749578342406,2025-06-10T17:59:02.406000+00:00,HYPE,B,40.038,24.97,Open Long,0.0,0.449886,0xa5ece6b156bec667537a04253c878001a600de22be176f951b4569bb47f6a04f
1749578342406,2025-06-10T17:59:02.406000+00:00,HYPE,B,40.039,21.5,Open Long,0.0,0.387377,0xa5ece6b156bec667537a04253c878001a600de22be176f951b4569bb47f6a04f
1749578342406,2025-06-10T17:59:02.406000+00:00,HYPE,B,40.039,0.57,Open Long,0.0,0.01027,0xa5ece6b156bec667537a04253c878001a600de22be176f951b4569bb47f6a04f
1749578342406,2025-06-10T17:59:02.406000+00:00,HYPE,B,40.039,1.14,Open Long,0.0,0.02054,0xa5ece6b156bec667537a04253c878001a600de22be176f951b4569bb47f6a04f
1749578342406,2025-06-10T17:59:02.406000+00:00,HYPE,B,40.039,136.09,Open Long,0.0,2.452008,0xa5ece6b156bec667537a04253c878001a600de22be176f951b4569bb47f6a04f
1749578342406,2025-06-10T17:59:02.406000+00:00,HYPE,B,40.04,1658.27,Open Long,0.0,29.878708,0xa5ece6b156bec667537a04253c878001a600de22be176f951b4569bb47f6a04f
1749578550480,2025-06-10T18:02:30.480000+00:00,HYPE,B,39.944,12.52,Open Long,0.0,0.225044,0x68f8b99a3d606283ece104253c9209020121002f27b9f3a782bb04ced4ffd9b7
1749578550480,2025-06-10T18:02:30.480000+00:00,HYPE,B,39.946,12.52,Open Long,0.0,0.225055,0x68f8b99a3d606283ece104253c9209020121002f27b9f3a782bb04ced4ffd9b7
1749578550480,2025-06-10T18:02:30.480000+00:00,HYPE,B,39.947,0.57,Open Long,0.0,0.010246,0x68f8b99a3d606283ece104253c9209020121002f27b9f3a782bb04ced4ffd9b7
1749578550480,2025-06-10T18:02:30.480000+00:00,HYPE,B,39.947,1.14,Open Long,0.0,0.020492,0x68f8b99a3d606283ece104253c9209020121002f27b9f3a782bb04ced4ffd9b7
1749578550480,2025-06-10T18:02:30.480000+00:00,HYPE,B,39.948,0.57,Open Long,0.0,0.010246,0x68f8b99a3d606283ece104253c9209020121002f27b9f3a782bb04ced4ffd9b7
1749578550480,2025-06-10T18:02:30.480000+00:00,HYPE,B,39.949,0.57,Open Long,0.0,0.010246,0x68f8b99a3d606283ece104253c9209020121002f27b9f3a782bb04ced4ffd9b7
1749578550480,2025-06-10T18:02:30.480000+00:00,HYPE,B,39.949,1.14,Open Long,0.0,0.020493,0x68f8b99a3d606283ece104253c9209020121002f27b9f3a782bb04ced4ffd9b7
1749578550480,2025-06-10T18:02:30.480000+00:00,HYPE,B,39.949,12.02,Open Long,0.0,0.216084,0x68f8b99a3d606283ece104253c9209020121002f27b9f3a782bb04ced4ffd9b7
1749578550480,2025-06-10T18:02:30.480000+00:00,HYPE,B,39.95,0.57,Open Long,0.0,0.010247,0x68f8b99a3d606283ece104253c9209020121002f27b9f3a782bb04ced4ffd9b7
1749578550480,2025-06-10T18:02:30.480000+00:00,HYPE,B,39.95,1.14,Open Long,0.0,0.020494,0x68f8b99a3d606283ece104253c9209020121002f27b9f3a782bb04ced4ffd9b7
1749578550480,2025-06-10T18:02:30.480000+00:00,HYPE,B,39.951,0.57,Open Long,0.0,0.010247,0x68f8b99a3d606283ece104253c9209020121002f27b9f3a782bb04ced4ffd9b7
1749578550480,2025-06-10T18:02:30.480000+00:00,HYPE,B,39.951,1.14,Open Long,0.0,0.020494,0x68f8b99a3d606283ece104253c9209020121002f27b9f3a782bb04ced4ffd9b7
1749578550480,2025-06-10T18:02:30.480000+00:00,HYPE,B,39.951,3.75,Open Long,0.0,0.067417,0x68f8b99a3d606283ece104253c9209020121002f27b9f3a782bb04ced4ffd9b7
1749578550480,2025-06-10T18:02:30.480000+00:00,HYPE,B,39.952,0.57,Open Long,0.0,0.010247,0x68f8b99a3d606283ece104253c9209020121002f27b9f3a782bb04ced4ffd9b7
1749578550480,2025-06-10T18:02:30.480000+00:00,HYPE,B,39.952,1.14,Open Long,0.0,0.020495,0x68f8b99a3d606283ece104253c9209020121002f27b9f3a782bb04ced4ffd9b7
1749578550480,2025-06-10T18:02:30.480000+00:00,HYPE,B,39.952,22.5,Open Long,0.0,0.404514,0x68f8b99a3d606283ece104253c9209020121002f27b9f3a782bb04ced4ffd9b7
1749578550480,2025-06-10T18:02:30.480000+00:00,HYPE,B,39.952,11.24,Open Long,0.0,0.202077,0x68f8b99a3d606283ece104253c9209020121002f27b9f3a782bb04ced4ffd9b7
1749578550480,2025-06-10T18:02:30.480000+00:00,HYPE,B,39.953,0.5,Open Long,0.0,0.008989,0x68f8b99a3d606283ece104253c9209020121002f27b9f3a782bb04ced4ffd9b7
1749578550480,2025-06-10T18:02:30.480000+00:00,HYPE,B,39.953,0.57,Open Long,0.0,0.010247,0x68f8b99a3d606283ece104253c9209020121002f27b9f3a782bb04ced4ffd9b7
1749578550480,2025-06-10T18:02:30.480000+00:00,HYPE,B,39.953,1.14,Open Long,0.0,0.020495,0x68f8b99a3d606283ece104253c9209020121002f27b9f3a782bb04ced4ffd9b7
1749578550480,2025-06-10T18:02:30.480000+00:00,HYPE,B,39.954,0.57,Open Long,0.0,0.010248,0x68f8b99a3d606283ece104253c9209020121002f27b9f3a782bb04ced4ffd9b7
1749578550480,2025-06-10T18:02:30.480000+00:00,HYPE,B,39.954,36.0,Open Long,0.0,0.647254,0x68f8b99a3d606283ece104253c9209020121002f27b9f3a782bb04ced4ffd9b7
1749578550480,2025-06-10T18:02:30.480000+00:00,HYPE,B,39.954,22.5,Open Long,0.0,0.404534,0x68f8b99a3d606283ece104253c9209020121002f27b9f3a782bb04ced4ffd9b7
1749578550480,2025-06-10T18:02:30.480000+00:00,HYPE,B,39.955,0.57,Open Long,0.0,0.010248,0x68f8b99a3d606283ece104253c9209020121002f27b9f3a782bb04ced4ffd9b7
1749578550480,2025-06-10T18:02:30.480000+00:00,HYPE,B,39.955,1.14,Open Long,0.0,0.020496,0x68f8b99a3d606283ece104253c9209020121002f27b9f3a782bb04ced4ffd9b7
1749578550480,2025-06-10T18:02:30.480000+00:00,HYPE,B,39.955,2.5,Open Long,0.0,0.044949,0x68f8b99a3d606283ece104253c9209020121002f27b9f3a782bb04ced4ffd9b7
1749578550480,2025-06-10T18:02:30.480000+00:00,HYPE,B,39.956,0.3,Open Long,0.0,0.005394,0x68f8b99a3d606283ece104253c9209020121002f27b9f3a782bb04ced4ffd9b7
1749578550480,2025-06-10T18:02:30.480000+00:00,HYPE,B,39.956,0.57,Open Long,0.0,0.010248,0x68f8b99a3d606283ece104253c9209020121002f27b9f3a782bb04ced4ffd9b7
1749578550480,2025-06-10T18:02:30.480000+00:00,HYPE,B,39.956,1.14,Open Long,0.0,0.020497,0x68f8b99a3d606283ece104253c9209020121002f27b9f3a782bb04ced4ffd9b7
1749578550480,2025-06-10T18:02:30.480000+00:00,HYPE,B,39.957,0.57,Open Long,0.0,0.010248,0x68f8b99a3d606283ece104253c9209020121002f27b9f3a782bb04ced4ffd9b7
1749578550480,2025-06-10T18:02:30.480000+00:00,HYPE,B,39.957,1.14,Open Long,0.0,0.020497,0x68f8b99a3d606283ece104253c9209020121002f27b9f3a782bb04ced4ffd9b7
1749578550480,2025-06-10T18:02:30.480000+00:00,HYPE,B,39.957,22.5,Open Long,0.0,0.404564,0x68f8b99a3d606283ece104253c9209020121002f27b9f3a782bb04ced4ffd9b7
1749578550480,2025-06-10T18:02:30.480000+00:00,HYPE,B,39.958,0.57,Open Long,0.0,0.010249,0x68f8b99a3d606283ece104253c9209020121002f27b9f3a782bb04ced4ffd9b7
1749578550480,2025-06-10T18:02:30.480000+00:00,HYPE,B,39.958,1.14,Open Long,0.0,0.020498,0x68f8b99a3d606283ece104253c9209020121002f27b9f3a782bb04ced4ffd9b7
1749578550480,2025-06-10T18:02:30.480000+00:00,HYPE,B,39.959,12.02,Open Long,0.0,0.216138,0x68f8b99a3d606283ece104253c9209020121002f27b9f3a782bb04ced4ffd9b7
1749578550480,2025-06-10T18:02:30.480000+00:00,HYPE,B,39.959,0.57,Open Long,0.0,0.010249,0x68f8b99a3d606283ece104253c9209020121002f27b9f3a782bb04ced4ffd9b7
1749578550480,2025-06-10T18:02:30.480000+00:00,HYPE,B,39.959,1.14,Open Long,0.0,0.020498,0x68f8b99a3d606283ece104253c9209020121002f27b9f3a782bb04ced4ffd9b7
1749578550480,2025-06-10T18:02:30.480000+00:00,HYPE,B,39.96,0.57,Open Long,0.0,0.010249,0x68f8b99a3d606283ece104253c9209020121002f27b9f3a782bb04ced4ffd9b7
1749578550480,2025-06-10T18:02:30.480000+00:00,HYPE,B,39.96,22.5,Open Long,0.0,0.404595,0x68f8b99a3d606283ece104253c9209020121002f27b9f3a782bb04ced4ffd9b7
1749578550480,2025-06-10T18:02:30.480000+00:00,HYPE,B,39.961,0.57,Open Long,0.0,0.010249,0x68f8b99a3d606283ece104253c9209020121002f27b9f3a782bb04ced4ffd9b7
1749578550480,2025-06-10T18:02:30.480000+00:00,HYPE,B,39.961,1.14,Open Long,0.0,0.020499,0x68f8b99a3d606283ece104253c9209020121002f27b9f3a782bb04ced4ffd9b7
1749578550480,2025-06-10T18:02:30.480000+00:00,HYPE,B,39.961,7.5,Open Long,0.0,0.134868,0x68f8b99a3d606283ece104253c9209020121002f27b9f3a782bb04ced4ffd9b7
1749578550480,2025-06-10T18:02:30.480000+00:00,HYPE,B,39.962,0.57,Open Long,0.0,0.01025,0x68f8b99a3d606283ece104253c9209020121002f27b9f3a782bb04ced4ffd9b7
1749578550480,2025-06-10T18:02:30.480000+00:00,HYPE,B,39.962,1.14,Open Long,0.0,0.0205,0x68f8b99a3d606283ece104253c9209020121002f27b9f3a782bb04ced4ffd9b7
1749578550480,2025-06-10T18:02:30.480000+00:00,HYPE,B,39.963,0.57,Open Long,0.0,0.01025,0x68f8b99a3d606283ece104253c9209020121002f27b9f3a782bb04ced4ffd9b7
1749578550480,2025-06-10T18:02:30.480000+00:00,HYPE,B,39.963,1.14,Open Long,0.0,0.020501,0x68f8b99a3d606283ece104253c9209020121002f27b9f3a782bb04ced4ffd9b7
1749578550480,2025-06-10T18:02:30.480000+00:00,HYPE,B,39.963,22.5,Open Long,0.0,0.404625,0x68f8b99a3d606283ece104253c9209020121002f27b9f3a782bb04ced4ffd9b7
1749578550480,2025-06-10T18:02:30.480000+00:00,HYPE,B,39.964,0.57,Open Long,0.0,0.01025,0x68f8b99a3d606283ece104253c9209020121002f27b9f3a782bb04ced4ffd9b7
1749578550480,2025-06-10T18:02:30.480000+00:00,HYPE,B,39.964,1.14,Open Long,0.0,0.020501,0x68f8b99a3d606283ece104253c9209020121002f27b9f3a782bb04ced4ffd9b7
1749578550480,2025-06-10T18:02:30.480000+00:00,HYPE,B,39.965,0.57,Open Long,0.0,0.010251,0x68f8b99a3d606283ece104253c9209020121002f27b9f3a782bb04ced4ffd9b7
1749578550480,2025-06-10T18:02:30.480000+00:00,HYPE,B,39.965,1.14,Open Long,0.0,0.020502,0x68f8b99a3d606283ece104253c9209020121002f27b9f3a782bb04ced4ffd9b7
1749578550480,2025-06-10T18:02:30.480000+00:00,HYPE,B,39.966,0.57,Open Long,0.0,0.010251,0x68f8b99a3d606283ece104253c9209020121002f27b9f3a782bb04ced4ffd9b7
1749578550480,2025-06-10T18:02:30.480000+00:00,HYPE,B,39.966,120.33,Open Long,0.0,2.164098,0x68f8b99a3d606283ece104253c9209020121002f27b9f3a782bb04ced4ffd9b7
1749578550480,2025-06-10T18:02:30.480000+00:00,HYPE,B,39.966,22.5,Open Long,0.0,0.404655,0x68f8b99a3d606283ece104253c9209020121002f27b9f3a782bb04ced4ffd9b7
1749578550480,2025-06-10T18:02:30.480000+00:00,HYPE,B,39.967,87.57,Open Long,0.0,1.574959,0x68f8b99a3d606283ece104253c9209020121002f27b9f3a782bb04ced4ffd9b7
1749578550480,2025-06-10T18:02:30.480000+00:00,HYPE,B,39.967,0.57,Open Long,0.0,0.010251,0x68f8b99a3d606283ece104253c9209020121002f27b9f3a782bb04ced4ffd9b7
1749578550480,2025-06-10T18:02:30.480000+00:00,HYPE,B,39.967,1.14,Open Long,0.0,0.020503,0x68f8b99a3d606283ece104253c9209020121002f27b9f3a782bb04ced4ffd9b7
1749578550480,2025-06-10T18:02:30.480000+00:00,HYPE,B,39.968,0.57,Open Long,0.0,0.010251,0x68f8b99a3d606283ece104253c9209020121002f27b9f3a782bb04ced4ffd9b7
1749578550480,2025-06-10T18:02:30.480000+00:00,HYPE,B,39.968,1.14,Open Long,0.0,0.020503,0x68f8b99a3d606283ece104253c9209020121002f27b9f3a782bb04ced4ffd9b7
1749578550480,2025-06-10T18:02:30.480000+00:00,HYPE,B,39.969,0.57,Open Long,0.0,0.010252,0x68f8b99a3d606283ece104253c9209020121002f27b9f3a782bb04ced4ffd9b7
1749578550480,2025-06-10T18:02:30.480000+00:00,HYPE,B,39.969,1.14,Open Long,0.0,0.020504,0x68f8b99a3d606283ece104253c9209020121002f27b9f3a782bb04ced4ffd9b7
1749578550480,2025-06-10T18:02:30.480000+00:00,HYPE,B,39.969,22.5,Open Long,0.0,0.404686,0x68f8b99a3d606283ece104253c9209020121002f27b9f3a782bb04ced4ffd9b7
1749578550480,2025-06-10T18:02:30.480000+00:00,HYPE,B,39.97,0.57,Open Long,0.0,0.010252,0x68f8b99a3d606283ece104253c9209020121002f27b9f3a782bb04ced4ffd9b7
1749578550480,2025-06-10T18:02:30.480000+00:00,HYPE,B,39.97,1.14,Open Long,0.0,0.020504,0x68f8b99a3d606283ece104253c9209020121002f27b9f3a782bb04ced4ffd9b7
1749578550480,2025-06-10T18:02:30.480000+00:00,HYPE,B,39.971,48.06,Open Long,0.0,0.864452,0x68f8b99a3d606283ece104253c9209020121002f27b9f3a782bb04ced4ffd9b7
1749578550480,2025-06-10T18:02:30.480000+00:00,HYPE,B,39.971,0.57,Open Long,0.0,0.010252,0x68f8b99a3d606283ece104253c9209020121002f27b9f3a782bb04ced4ffd9b7
1749578550480,2025-06-10T18:02:30.480000+00:00,HYPE,B,39.971,1.14,Open Long,0.0,0.020505,0x68f8b99a3d606283ece104253c9209020121002f27b9f3a782bb04ced4ffd9b7
1749578550480,2025-06-10T18:02:30.480000+00:00,HYPE,B,39.971,11.01,Open Long,0.0,0.198036,0x68f8b99a3d606283ece104253c9209020121002f27b9f3a782bb04ced4ffd9b7
1749578550480,2025-06-10T18:02:30.480000+00:00,HYPE,B,39.971,47.23,Open Long,0.0,0.849523,0x68f8b99a3d606283ece104253c9209020121002f27b9f3a782bb04ced4ffd9b7
1749578550480,2025-06-10T18:02:30.480000+00:00,HYPE,B,39.972,0.57,Open Long,0.0,0.010252,0x68f8b99a3d606283ece104253c9209020121002f27b9f3a782bb04ced4ffd9b7
1749578550480,2025-06-10T18:02:30.480000+00:00,HYPE,B,39.972,205.64,Open Long,0.0,3.698928,0x68f8b99a3d606283ece104253c9209020121002f27b9f3a782bb04ced4ffd9b7
1749578550480,2025-06-10T18:02:30.480000+00:00,HYPE,B,39.972,22.5,Open Long,0.0,0.404716,0x68f8b99a3d606283ece104253c9209020121002f27b9f3a782bb04ced4ffd9b7
1749578550480,2025-06-10T18:02:30.480000+00:00,HYPE,B,39.973,0.57,Open Long,0.0,0.010253,0x68f8b99a3d606283ece104253c9209020121002f27b9f3a782bb04ced4ffd9b7
1749578550480,2025-06-10T18:02:30.480000+00:00,HYPE,B,39.973,1.14,Open Long,0.0,0.020506,0x68f8b99a3d606283ece104253c9209020121002f27b9f3a782bb04ced4ffd9b7
1749578550480,2025-06-10T18:02:30.480000+00:00,HYPE,B,39.974,0.57,Open Long,0.0,0.010253,0x68f8b99a3d606283ece104253c9209020121002f27b9f3a782bb04ced4ffd9b7
1749578550480,2025-06-10T18:02:30.480000+00:00,HYPE,B,39.974,1.14,Open Long,0.0,0.020506,0x68f8b99a3d606283ece104253c9209020121002f27b9f3a782bb04ced4ffd9b7
1749578550480,2025-06-10T18:02:30.480000+00:00,HYPE,B,39.975,0.57,Open Long,0.0,0.010253,0x68f8b99a3d606283ece104253c9209020121002f27b9f3a782bb04ced4ffd9b7
1749578550480,2025-06-10T18:02:30.480000+00:00,HYPE,B,39.975,1.14,Open Long,0.0,0.020507,0x68f8b99a3d606283ece104253c9209020121002f27b9f3a782bb04ced4ffd9b7
1749578550480,2025-06-10T18:02:30.480000+00:00,HYPE,B,39.975,22.5,Open Long,0.0,0.404746,0x68f8b99a3d606283ece104253c9209020121002f27b9f3a782bb04ced4ffd9b7
1749578550480,2025-06-10T18:02:30.480000+00:00,HYPE,B,39.976,0.3,Open Long,0.0,0.005396,0x68f8b99a3d606283ece104253c9209020121002f27b9f3a782bb04ced4ffd9b7
1749578550480,2025-06-10T18:02:30.480000+00:00,HYPE,B,39.976,0.57,Open Long,0.0,0.010253,0x68f8b99a3d606283ece104253c9209020121002f27b9f3a782bb04ced4ffd9b7
1749578550480,2025-06-10T18:02:30.480000+00:00,HYPE,B,39.976,1.14,Open Long,0.0,0.020507,0x68f8b99a3d606283ece104253c9209020121002f27b9f3a782bb04ced4ffd9b7
1749578550480,2025-06-10T18:02:30.480000+00:00,HYPE,B,39.976,12.4,Open Long,0.0,0.223066,0x68f8b99a3d606283ece104253c9209020121002f27b9f3a782bb04ced4ffd9b7
1749578550480,2025-06-10T18:02:30.480000+00:00,HYPE,B,39.976,10.01,Open Long,0.0,0.180071,0x68f8b99a3d606283ece104253c9209020121002f27b9f3a782bb04ced4ffd9b7
1749578550480,2025-06-10T18:02:30.480000+00:00,HYPE,B,39.977,0.57,Open Long,0.0,0.010254,0x68f8b99a3d606283ece104253c9209020121002f27b9f3a782bb04ced4ffd9b7
1749578550480,2025-06-10T18:02:30.480000+00:00,HYPE,B,39.977,1.14,Open Long,0.0,0.020508,0x68f8b99a3d606283ece104253c9209020121002f27b9f3a782bb04ced4ffd9b7
1749578550480,2025-06-10T18:02:30.480000+00:00,HYPE,B,39.978,0.57,Open Long,0.0,0.010254,0x68f8b99a3d606283ece104253c9209020121002f27b9f3a782bb04ced4ffd9b7
1749578550480,2025-06-10T18:02:30.480000+00:00,HYPE,B,39.978,22.5,Open Long,0.0,0.404777,0x68f8b99a3d606283ece104253c9209020121002f27b9f3a782bb04ced4ffd9b7
1749578550480,2025-06-10T18:02:30.480000+00:00,HYPE,B,39.979,0.57,Open Long,0.0,0.010254,0x68f8b99a3d606283ece104253c9209020121002f27b9f3a782bb04ced4ffd9b7
1749578550480,2025-06-10T18:02:30.480000+00:00,HYPE,B,39.979,1.14,Open Long,0.0,0.020509,0x68f8b99a3d606283ece104253c9209020121002f27b9f3a782bb04ced4ffd9b7
1749578550480,2025-06-10T18:02:30.480000+00:00,HYPE,B,39.979,111.42,Open Long,0.0,2.004507,0x68f8b99a3d606283ece104253c9209020121002f27b9f3a782bb04ced4ffd9b7
1749578905084,2025-06-10T18:08:25.084000+00:00,ETH,B,2745.0,23.2481,Open Long,0.0,28.717215,0xac65efeadff307a5b58704253ca40c01b5001dd4b04d6325c441da0b5d5a38f8
1749578905084,2025-06-10T18:08:25.084000+00:00,ETH,B,2745.0,8.3383,Open Long,0.0,10.299885,0xac65efeadff307a5b58704253ca40c01b5001dd4b04d6325c441da0b5d5a38f8
1749578905084,2025-06-10T18:08:25.084000+00:00,ETH,B,2745.0,2.9144,Open Long,0.0,3.600012,0xac65efeadff307a5b58704253ca40c01b5001dd4b04d6325c441da0b5d5a38f8
1749578905084,2025-06-10T18:08:25.084000+00:00,ETH,B,2745.0,3.385,Open Long,0.0,4.181321,0xac65efeadff307a5b58704253ca40c01b5001dd4b04d6325c441da0b5d5a38f8
1749680783847,2025-06-11T22:26:23.847000+00:00,ETH,A,2742.6,37.8858,Close Long,-90.92592,44.419641,0x81ed7fdcabd841452c21042550f03601d300b577b56fdccb45f072baa6ece163
1749683841965,2025-06-11T23:17:21.965000+00:00,@107,B,41.353,24.18,Buy,0.0,0.01607969,0xbb308a5cf76cab76b14f0425518b4501a100ff6fbd39f3d8eb632e8e61cb3b7e
1749683956192,2025-06-11T23:19:16.192000+00:00,BTC,B,108570.0,0.11043,Open Long,0.0,5.125462,0x060cc6d024f3c2ad54f904255190ff0201950005adf2cb735f2ffd73c5ec04f0
1749683956192,2025-06-11T23:19:16.192000+00:00,BTC,B,108570.0,0.46052,Open Long,0.0,21.374425,0x060cc6d024f3c2ad54f904255190ff0201950005adf2cb735f2ffd73c5ec04f0
1749683956192,2025-06-11T23:19:16.192000+00:00,BTC,B,108570.0,0.03684,Open Long,0.0,1.709879,0x060cc6d024f3c2ad54f904255190ff0201950005adf2cb735f2ffd73c5ec04f0
1749683956192,2025-06-11T23:19:16.192000+00:00,BTC,B,108570.0,0.50495,Open Long,0.0,23.436585,0x060cc6d024f3c2ad54f904255190ff0201950005adf2cb735f2ffd73c5ec04f0
1749683956192,2025-06-11T23:19:16.192000+00:00,BTC,B,108570.0,0.08454,Open Long,0.0,3.923812,0x060cc6d024f3c2ad54f904255190ff0201950005adf2cb735f2ffd73c5ec04f0
1749683982692,2025-06-11T23:19:42.692000+00:00,BTC,A,108555.0,0.04605,Close Long,-0.69075,2.137054,0x81c902b0513d0cffde25042551925402013a004ce33cf1ffa848bf9cf576edea
1749683982692,2025-06-11T23:19:42.692000+00:00,BTC,A,108554.0,0.00011,Close Long,-0.00176,0.005104,0x81c902b0513d0cffde25042551925402013a004ce33cf1ffa848bf9cf576edea
1749683982692,2025-06-11T23:19:42.692000+00:00,BTC,A,108554.0,0.00921,Close Long,-0.14736,0.427406,0x81c902b0513d0cffde25042551925402013a004ce33cf1ffa848bf9cf576edea
1749683982692,2025-06-11T23:19:42.692000+00:00,BTC,A,108554.0,0.04606,Close Long,-0.73696,2.137498,0x81c902b0513d0cffde25042551925402013a004ce33cf1ffa848bf9cf576edea
1749683982692,2025-06-11T23:19:42.692000+00:00,BTC,A,108553.0,0.00011,Close Long,-0.00187,0.005104,0x81c902b0513d0cffde25042551925402013a004ce33cf1ffa848bf9cf576edea
1749683982692,2025-06-11T23:19:42.692000+00:00,BTC,A,108553.0,0.09209,Close Long,-1.56553,4.273566,0x81c902b0513d0cffde25042551925402013a004ce33cf1ffa848bf9cf576edea
1749683982692,2025-06-11T23:19:42.692000+00:00,BTC,A,108553.0,0.97327,Close Long,-16.54559,45.165964,0x81c902b0513d0cffde25042551925402013a004ce33cf1ffa848bf9cf576edea
1749683982692,2025-06-11T23:19:42.692000+00:00,BTC,A,108552.0,0.00011,Close Long,-0.00198,0.005104,0x81c902b0513d0cffde25042551925402013a004ce33cf1ffa848bf9cf576edea
1749683982692,2025-06-11T23:19:42.692000+00:00,BTC,A,108552.0,0.03027,Close Long,-0.54486,1.404709,0x81c902b0513d0cffde25042551925402013a004ce33cf1ffa848bf9cf576edea
1749684006100,2025-06-11T23:20:06.100000+00:00,BTC,B,108544.0,0.03685,Open Long,0.0,1.709934,0xcb5bd49f953c6ceae89404255193780202df00cb266130e5da7e8dc399b3c55c
1749684006100,2025-06-11T23:20:06.100000+00:00,BTC,B,108544.0,0.49968,Open Long,0.0,23.186431,0xcb5bd49f953c6ceae89404255193780202df00cb266130e5da7e8dc399b3c55c
1749684006100,2025-06-11T23:20:06.100000+00:00,BTC,B,108544.0,0.11055,Open Long,0.0,5.129803,0xcb5bd49f953c6ceae89404255193780202df00cb266130e5da7e8dc399b3c55c
1749684006100,2025-06-11T23:20:06.100000+00:00,BTC,B,108544.0,0.39049,Open Long,0.0,18.119735,0xcb5bd49f953c6ceae89404255193780202df00cb266130e5da7e8dc399b3c55c
1749684006100,2025-06-11T23:20:06.100000+00:00,BTC,B,108544.0,0.11055,Open Long,0.0,5.129803,0xcb5bd49f953c6ceae89404255193780202df00cb266130e5da7e8dc399b3c55c
1749684006100,2025-06-11T23:20:06.100000+00:00,BTC,B,108544.0,0.37452,Open Long,0.0,17.378686,0xcb5bd49f953c6ceae89404255193780202df00cb266130e5da7e8dc399b3c55c
1749684006100,2025-06-11T23:20:06.100000+00:00,BTC,B,108544.0,0.75364,Open Long,0.0,34.970825,0xcb5bd49f953c6ceae89404255193780202df00cb266130e5da7e8dc399b3c55c
1749684006100,2025-06-11T23:20:06.100000+00:00,BTC,B,108544.0,0.00921,Open Long,0.0,0.427367,0xcb5bd49f953c6ceae89404255193780202df00cb266130e5da7e8dc399b3c55c
1749684006100,2025-06-11T23:20:06.100000+00:00,BTC,B,108544.0,0.13476,Open Long,0.0,6.253208,0xcb5bd49f953c6ceae89404255193780202df00cb266130e5da7e8dc399b3c55c
1749764458520,2025-06-12T21:40:58.520000+00:00,HYPE,A,40.917,2.44,Close Long,2.198684,0.04268,0x291303c11534b39a8c560425619984017f004b4e14a730edf839260a221d28ac
1749764458520,2025-06-12T21:40:58.520000+00:00,HYPE,A,40.917,4.88,Close Long,4.397368,0.085361,0x291303c11534b39a8c560425619984017f004b4e14a730edf839260a221d28ac
1749764458520,2025-06-12T21:40:58.520000+00:00,HYPE,A,40.917,32.08,Close Long,28.907288,0.561143,0x291303c11534b39a8c560425619984017f004b4e14a730edf839260a221d28ac
1749764458520,2025-06-12T21:40:58.520000+00:00,HYPE,A,40.907,9.06,Close Long,8.073366,0.158438,0x291303c11534b39a8c560425619984017f004b4e14a730edf839260a221d28ac
1749764458520,2025-06-12T21:40:58.520000+00:00,HYPE,A,40.907,2.4,Close Long,2.13864,0.04197,0x291303c11534b39a8c560425619984017f004b4e14a730edf839260a221d28ac
1749764458520,2025-06-12T21:40:58.520000+00:00,HYPE,A,40.906,11.93,Close Long,10.618893,0.208623,0x291303c11534b39a8c560425619984017f004b4e14a730edf839260a221d28ac
1749764458520,2025-06-12T21:40:58.520000+00:00,HYPE,A,40.906,39.28,Close Long,34.963128,0.686901,0x291303c11534b39a8c560425619984017f004b4e14a730edf839260a221d28ac
1749764458520,2025-06-12T21:40:58.520000+00:00,HYPE,A,40.905,3.06,Close Long,2.720646,0.053509,0x291303c11534b39a8c560425619984017f004b4e14a730edf839260a221d28ac
1749764458520,2025-06-12T21:40:58.520000+00:00,HYPE,A,40.905,7.34,Close Long,6.525994,0.128353,0x291303c11534b39a8c560425619984017f004b4e14a730edf839260a221d28ac
1749764458520,2025-06-12T21:40:58.520000+00:00,HYPE,A,40.905,7.34,Close Long,6.525994,0.128353,0x291303c11534b39a8c560425619984017f004b4e14a730edf839260a221d28ac
1749764458520,2025-06-12T21:40:58.520000+00:00,HYPE,A,40.905,7.33,Close Long,6.517103,0.128178,0x291303c11534b39a8c560425619984017f004b4e14a730edf839260a221d28ac
1749764458520,2025-06-12T21:40:58.520000+00:00,HYPE,A,40.904,7.34,Close Long,6.518654,0.12835,0x291303c11534b39a8c560425619984017f004b4e14a730edf839260a221d28ac
1749764458520,2025-06-12T21:40:58.520000+00:00,HYPE,A,40.904,7.34,Close Long,6.518654,0.12835,0x291303c11534b39a8c560425619984017f004b4e14a730edf839260a221d28ac
1749764458520,2025-06-12T21:40:58.520000+00:00,HYPE,A,40.904,7.34,Close Long,6.518654,0.12835,0x291303c11534b39a8c560425619984017f004b4e14a730edf839260a221d28ac
1749764458520,2025-06-12T21:40:58.520000+00:00,HYPE,A,40.904,119.53,Close Long,106.154593,2.090156,0x291303c11534b39a8c560425619984017f004b4e14a730edf839260a221d28ac
1749764458520,2025-06-12T21:40:58.520000+00:00,HYPE,A,40.904,8.7,Close Long,7.72647,0.152132,0x291303c11534b39a8c560425619984017f004b4e14a730edf839260a221d28ac
1749764458520,2025-06-12T21:40:58.520000+00:00,HYPE,A,40.903,7.34,Close Long,6.511314,0.128347,0x291303c11534b39a8c560425619984017f004b4e14a730edf839260a221d28ac
1749764458520,2025-06-12T21:40:58.520000+00:00,HYPE,A,40.903,7.33,Close Long,6.502443,0.128172,0x291303c11534b39a8c560425619984017f004b4e14a730edf839260a221d28ac
1749764458520,2025-06-12T21:40:58.520000+00:00,HYPE,A,40.902,7.34,Close Long,6.503974,0.128344,0x291303c11534b39a8c560425619984017f004b4e14a730edf839260a221d28ac
1749764458520,2025-06-12T21:40:58.520000+00:00,HYPE,A,40.902,8.26,Close Long,7.319186,0.144431,0x291303c11534b39a8c560425619984017f004b4e14a730edf839260a221d28ac
1749764458520,2025-06-12T21:40:58.520000+00:00,HYPE,A,40.901,7.34,Close Long,6.496634,0.128341,0x291303c11534b39a8c560425619984017f004b4e14a730edf839260a221d28ac
1749764458520,2025-06-12T21:40:58.520000+00:00,HYPE,A,40.901,7.34,Close Long,6.496634,0.128341,0x291303c11534b39a8c560425619984017f004b4e14a730edf839260a221d28ac
1749764458520,2025-06-12T21:40:58.520000+00:00,HYPE,A,40.9,7.34,Close Long,6.489294,0.128338,0x291303c11534b39a8c560425619984017f004b4e14a730edf839260a221d28ac
1749764458520,2025-06-12T21:40:58.520000+00:00,HYPE,A,40.9,7.34,Close Long,6.489294,0.128338,0x291303c11534b39a8c560425619984017f004b4e14a730edf839260a221d28ac
1749764458520,2025-06-12T21:40:58.520000+00:00,HYPE,A,40.9,7.34,Close Long,6.489294,0.128338,0x291303c11534b39a8c560425619984017f004b4e14a730edf839260a221d28ac
1749764458520,2025-06-12T21:40:58.520000+00:00,HYPE,A,40.9,19.82,Close Long,17.522862,0.346547,0x291303c11534b39a8c560425619984017f004b4e14a730edf839260a221d28ac
1749764458520,2025-06-12T21:40:58.520000+00:00,HYPE,A,40.899,7.34,Close Long,6.481954,0.128334,0x291303c11534b39a8c560425619984017f004b4e14a730edf839260a221d28ac
1749764458520,2025-06-12T21:40:58.520000+00:00,HYPE,A,40.899,7.34,Close Long,6.481954,0.128334,0x291303c11534b39a8c560425619984017f004b4e14a730edf839260a221d28ac
1749764458520,2025-06-12T21:40:58.520000+00:00,HYPE,A,40.898,7.34,Close Long,6.474614,0.128331,0x291303c11534b39a8c560425619984017f004b4e14a730edf839260a221d28ac
1749764458520,2025-06-12T21:40:58.520000+00:00,HYPE,A,40.898,7.34,Close Long,6.474614,0.128331,0x291303c11534b39a8c560425619984017f004b4e14a730edf839260a221d28ac
1749764458520,2025-06-12T21:40:58.520000+00:00,HYPE,A,40.898,7.34,Close Long,6.474614,0.128331,0x291303c11534b39a8c560425619984017f004b4e14a730edf839260a221d28ac
1749764458520,2025-06-12T21:40:58.520000+00:00,HYPE,A,40.898,7.34,Close Long,6.474614,0.128331,0x291303c11534b39a8c560425619984017f004b4e14a730edf839260a221d28ac
1749764458520,2025-06-12T21:40:58.520000+00:00,HYPE,A,40.898,7.34,Close Long,6.474614,0.128331,0x291303c11534b39a8c560425619984017f004b4e14a730edf839260a221d28ac
1749764458520,2025-06-12T21:40:58.520000+00:00,HYPE,A,40.898,7.34,Close Long,6.474614,0.128331,0x291303c11534b39a8c560425619984017f004b4e14a730edf839260a221d28ac
1749764458520,2025-06-12T21:40:58.520000+00:00,HYPE,A,40.898,30.66,Close Long,27.045186,0.536056,0x291303c11534b39a8c560425619984017f004b4e14a730edf839260a221d28ac
1749764458520,2025-06-12T21:40:58.520000+00:00,HYPE,A,40.898,7.33,Close Long,6.465793,0.128156,0x291303c11534b39a8c560425619984017f004b4e14a730edf839260a221d28ac
1749764458520,2025-06-12T21:40:58.520000+00:00,HYPE,A,40.897,7.34,Close Long,6.467274,0.128328,0x291303c11534b39a8c560425619984017f004b4e14a730edf839260a221d28ac
1749764458520,2025-06-12T21:40:58.520000+00:00,HYPE,A,40.897,87.51,Close Long,77.105061,1.529978,0x291303c11534b39a8c560425619984017f004b4e14a730edf839260a221d28ac
1749764458520,2025-06-12T21:40:58.520000+00:00,HYPE,A,40.896,7.34,Close Long,6.459934,0.128325,0x291303c11534b39a8c560425619984017f004b4e14a730edf839260a221d28ac
1749764458520,2025-06-12T21:40:58.520000+00:00,HYPE,A,40.895,29.72,Close Long,26.126852,0.519583,0x291303c11534b39a8c560425619984017f004b4e14a730edf839260a221d28ac
1749764458520,2025-06-12T21:40:58.520000+00:00,HYPE,A,40.894,7.71,Close Long,6.770151,0.134787,0x291303c11534b39a8c560425619984017f004b4e14a730edf839260a221d28ac
1749764458520,2025-06-12T21:40:58.520000+00:00,HYPE,A,40.894,7.71,Close Long,6.770151,0.134787,0x291303c11534b39a8c560425619984017f004b4e14a730edf839260a221d28ac
1749764458520,2025-06-12T21:40:58.520000+00:00,HYPE,A,40.894,83.66,Close Long,73.461846,1.462559,0x291303c11534b39a8c560425619984017f004b4e14a730edf839260a221d28ac
1749764458520,2025-06-12T21:40:58.520000+00:00,HYPE,A,40.893,19.56,Close Long,17.156076,0.341943,0x291303c11534b39a8c560425619984017f004b4e14a730edf839260a221d28ac
1749764458520,2025-06-12T21:40:58.520000+00:00,HYPE,A,40.892,7.34,Close Long,6.430574,0.128312,0x291303c11534b39a8c560425619984017f004b4e14a730edf839260a221d28ac
1749764458520,2025-06-12T21:40:58.520000+00:00,HYPE,A,40.892,7.34,Close Long,6.430574,0.128312,0x291303c11534b39a8c560425619984017f004b4e14a730edf839260a221d28ac
1749764458520,2025-06-12T21:40:58.520000+00:00,HYPE,A,40.892,116.94,Close Long,102.451134,2.044266,0x291303c11534b39a8c560425619984017f004b4e14a730edf839260a221d28ac
1749764458520,2025-06-12T21:40:58.520000+00:00,HYPE,A,40.892,7.71,Close Long,6.754731,0.134781,0x291303c11534b39a8c560425619984017f004b4e14a730edf839260a221d28ac
1749764458520,2025-06-12T21:40:58.520000+00:00,HYPE,A,40.892,7.71,Close Long,6.754731,0.134781,0x291303c11534b39a8c560425619984017f004b4e14a730edf839260a221d28ac
1749764458520,2025-06-12T21:40:58.520000+00:00,HYPE,A,40.892,7.71,Close Long,6.754731,0.134781,0x291303c11534b39a8c560425619984017f004b4e14a730edf839260a221d28ac
1749764458520,2025-06-12T21:40:58.520000+00:00,HYPE,A,40.892,7.71,Close Long,6.754731,0.134781,0x291303c11534b39a8c560425619984017f004b4e14a730edf839260a221d28ac
1749764458520,2025-06-12T21:40:58.520000+00:00,HYPE,A,40.891,7.34,Close Long,6.423234,0.128309,0x291303c11534b39a8c560425619984017f004b4e14a730edf839260a221d28ac
1749764458520,2025-06-12T21:40:58.520000+00:00,HYPE,A,40.891,9.06,Close Long,7.928406,0.158376,0x291303c11534b39a8c560425619984017f004b4e14a730edf839260a221d28ac
1749764458520,2025-06-12T21:40:58.520000+00:00,HYPE,A,40.89,83.98,Close Long,73.406918,1.46801,0x291303c11534b39a8c560425619984017f004b4e14a730edf839260a221d28ac
1749764458520,2025-06-12T21:40:58.520000+00:00,HYPE,A,40.888,7.34,Close Long,6.401214,0.1283,0x291303c11534b39a8c560425619984017f004b4e14a730edf839260a221d28ac
1749764458520,2025-06-12T21:40:58.520000+00:00,HYPE,A,40.888,0.47,Close Long,0.409887,0.008215,0x291303c11534b39a8c560425619984017f004b4e14a730edf839260a221d28ac
1749764458520,2025-06-12T21:40:58.520000+00:00,HYPE,A,40.888,7.34,Close Long,6.401214,0.1283,0x291303c11534b39a8c560425619984017f004b4e14a730edf839260a221d28ac
1749764458520,2025-06-12T21:40:58.520000+00:00,HYPE,A,40.886,7.34,Close Long,6.386534,0.128294,0x291303c11534b39a8c560425619984017f004b4e14a730edf839260a221d28ac
1749764458520,2025-06-12T21:40:58.520000+00:00,HYPE,A,40.886,9.06,Close Long,7.883106,0.158357,0x291303c11534b39a8c560425619984017f004b4e14a730edf839260a221d28ac
1749764458520,2025-06-12T21:40:58.520000+00:00,HYPE,A,40.884,36.0,Close Long,31.2516,0.629204,0x291303c11534b39a8c560425619984017f004b4e14a730edf839260a221d28ac
1749764458520,2025-06-12T21:40:58.520000+00:00,HYPE,A,40.883,7.34,Close Long,6.364514,0.128284,0x291303c11534b39a8c560425619984017f004b4e14a730edf839260a221d28ac
1749764458520,2025-06-12T21:40:58.520000+00:00,HYPE,A,40.883,7.34,Close Long,6.364514,0.128284,0x291303c11534b39a8c560425619984017f004b4e14a730edf839260a221d28ac
1749764458520,2025-06-12T21:40:58.520000+00:00,HYPE,A,40.883,7.34,Close Long,6.364514,0.128284,0x291303c11534b39a8c560425619984017f004b4e14a730edf839260a221d28ac
1749764458520,2025-06-12T21:40:58.520000+00:00,HYPE,A,40.882,46.18,Close Long,39.996498,0.80709,0x291303c11534b39a8c560425619984017f004b4e14a730edf839260a221d28ac
1749764458520,2025-06-12T21:40:58.520000+00:00,HYPE,A,40.881,9.06,Close Long,7.837806,0.158338,0x291303c11534b39a8c560425619984017f004b4e14a730edf839260a221d28ac
1749764458520,2025-06-12T21:40:58.520000+00:00,HYPE,A,40.881,7.34,Close Long,6.349834,0.128278,0x291303c11534b39a8c560425619984017f004b4e14a730edf839260a221d28ac
1749764458520,2025-06-12T21:40:58.520000+00:00,HYPE,A,40.88,7.34,Close Long,6.342494,0.128275,0x291303c11534b39a8c560425619984017f004b4e14a730edf839260a221d28ac
1749764458520,2025-06-12T21:40:58.520000+00:00,HYPE,A,40.88,9.06,Close Long,7.828746,0.158334,0x291303c11534b39a8c560425619984017f004b4e14a730edf839260a221d28ac
1749764458520,2025-06-12T21:40:58.520000+00:00,HYPE,A,40.88,9.06,Close Long,7.828746,0.158334,0x291303c11534b39a8c560425619984017f004b4e14a730edf839260a221d28ac
1749764458520,2025-06-12T21:40:58.520000+00:00,HYPE,A,40.88,9.06,Close Long,7.828746,0.158334,0x291303c11534b39a8c560425619984017f004b4e14a730edf839260a221d28ac
1749764458520,2025-06-12T21:40:58.520000+00:00,HYPE,A,40.88,9.06,Close Long,7.828746,0.158334,0x291303c11534b39a8c560425619984017f004b4e14a730edf839260a221d28ac
1749764458520,2025-06-12T21:40:58.520000+00:00,HYPE,A,40.88,9.06,Close Long,7.828746,0.158334,0x291303c11534b39a8c560425619984017f004b4e14a730edf839260a221d28ac
1749764458520,2025-06-12T21:40:58.520000+00:00,HYPE,A,40.88,9.06,Close Long,7.828746,0.158334,0x291303c11534b39a8c560425619984017f004b4e14a730edf839260a221d28ac
1749764458520,2025-06-12T21:40:58.520000+00:00,HYPE,A,40.88,9.06,Close Long,7.828746,0.158334,0x291303c11534b39a8c560425619984017f004b4e14a730edf839260a221d28ac
1749764458520,2025-06-12T21:40:58.520000+00:00,HYPE,A,40.88,7.34,Close Long,6.342494,0.128275,0x291303c11534b39a8c560425619984017f004b4e14a730edf839260a221d28ac
1749764458520,2025-06-12T21:40:58.520000+00:00,HYPE,A,40.88,6.98,Close Long,6.031418,0.121983,0x291303c11534b39a8c560425619984017f004b4e14a730edf839260a221d28ac
1749764458520,2025-06-12T21:40:58.520000+00:00,HYPE,A,40.879,87.51,Close Long,75.529881,1.529304,0x291303c11534b39a8c560425619984017f004b4e14a730edf839260a221d28ac
1749764458520,2025-06-12T21:40:58.520000+00:00,HYPE,A,40.879,0.57,Close Long,0.491967,0.009961,0x291303c11534b39a8c560425619984017f004b4e14a730edf839260a221d28ac
1749764458520,2025-06-12T21:40:58.520000+00:00,HYPE,A,40.879,36.69,Close Long,31.667139,0.641186,0x291303c11534b39a8c560425619984017f004b4e14a730edf839260a221d28ac
1749764458520,2025-06-12T21:40:58.520000+00:00,HYPE,A,40.879,10.4,Close Long,8.97624,0.181748,0x291303c11534b39a8c560425619984017f004b4e14a730edf839260a221d28ac
1749764458520,2025-06-12T21:40:58.520000+00:00,HYPE,A,40.878,7.34,Close Long,6.327814,0.128269,0x291303c11534b39a8c560425619984017f004b4e14a730edf839260a221d28ac
1749764458520,2025-06-12T21:40:58.520000+00:00,HYPE,A,40.878,0.57,Close Long,0.491397,0.00996,0x291303c11534b39a8c560425619984017f004b4e14a730edf839260a221d28ac
1749764458520,2025-06-12T21:40:58.520000+00:00,HYPE,A,40.878,12.61,Close Long,10.871081,0.220364,0x291303c11534b39a8c560425619984017f004b4e14a730edf839260a221d28ac
1749764458520,2025-06-12T21:40:58.520000+00:00,HYPE,A,40.878,14.92,Close Long,12.862532,0.260732,0x291303c11534b39a8c560425619984017f004b4e14a730edf839260a221d28ac
1749764458520,2025-06-12T21:40:58.520000+00:00,HYPE,A,40.878,715.88,Close Long,617.160148,12.510249,0x291303c11534b39a8c560425619984017f004b4e14a730edf839260a221d28ac
1749764458520,2025-06-12T21:40:58.520000+00:00,HYPE,A,40.877,83.98,Close Long,72.315178,1.467543,0x291303c11534b39a8c560425619984017f004b4e14a730edf839260a221d28ac
1749764458520,2025-06-12T21:40:58.520000+00:00,HYPE,A,40.877,83.66,Close Long,72.039626,1.461951,0x291303c11534b39a8c560425619984017f004b4e14a730edf839260a221d28ac
1749764458520,2025-06-12T21:40:58.520000+00:00,HYPE,A,40.877,7.34,Close Long,6.320474,0.128265,0x291303c11534b39a8c560425619984017f004b4e14a730edf839260a221d28ac
1749764458520,2025-06-12T21:40:58.520000+00:00,HYPE,A,40.877,7.34,Close Long,6.320474,0.128265,0x291303c11534b39a8c560425619984017f004b4e14a730edf839260a221d28ac
1749764458520,2025-06-12T21:40:58.520000+00:00,HYPE,A,40.877,0.57,Close Long,0.490827,0.00996,0x291303c11534b39a8c560425619984017f004b4e14a730edf839260a221d28ac
1749764458520,2025-06-12T21:40:58.520000+00:00,HYPE,A,40.876,7.34,Close Long,6.313134,0.128262,0x291303c11534b39a8c560425619984017f004b4e14a730edf839260a221d28ac
1749764458520,2025-06-12T21:40:58.520000+00:00,HYPE,A,40.876,4.1,Close Long,3.52641,0.071645,0x291303c11534b39a8c560425619984017f004b4e14a730edf839260a221d28ac
1749764458520,2025-06-12T21:40:58.520000+00:00,HYPE,A,40.876,4.1,Close Long,3.52641,0.071645,0x291303c11534b39a8c560425619984017f004b4e14a730edf839260a221d28ac
1749764458520,2025-06-12T21:40:58.520000+00:00,HYPE,A,40.876,0.57,Close Long,0.490257,0.00996,0x291303c11534b39a8c560425619984017f004b4e14a730edf839260a221d28ac
1749764458520,2025-06-12T21:40:58.520000+00:00,HYPE,A,40.876,83.66,Close Long,71.955966,1.461915,0x291303c11534b39a8c560425619984017f004b4e14a730edf839260a221d28ac
1749764458520,2025-06-12T21:40:58.520000+00:00,HYPE,A,40.876,9.07,Close Long,7.801107,0.158493,0x291303c11534b39a8c560425619984017f004b4e14a730edf839260a221d28ac
1749764458520,2025-06-12T21:40:58.520000+00:00,HYPE,A,40.876,9.07,Close Long,7.801107,0.158493,0x291303c11534b39a8c560425619984017f004b4e14a730edf839260a221d28ac
1749764458520,2025-06-12T21:40:58.520000+00:00,HYPE,A,40.876,9.07,Close Long,7.801107,0.158493,0x291303c11534b39a8c560425619984017f004b4e14a730edf839260a221d28ac
1749764458520,2025-06-12T21:40:58.520000+00:00,HYPE,A,40.876,9.07,Close Long,7.801107,0.158493,0x291303c11534b39a8c560425619984017f004b4e14a730edf839260a221d28ac
1749764458520,2025-06-12T21:40:58.520000+00:00,HYPE,A,40.875,116.94,Close Long,100.463154,2.043416,0x291303c11534b39a8c560425619984017f004b4e14a730edf839260a221d28ac
1749764458520,2025-06-12T21:40:58.520000+00:00,HYPE,A,40.875,4.1,Close Long,3.52231,0.071643,0x291303c11534b39a8c560425619984017f004b4e14a730edf839260a221d28ac
1749764458520,2025-06-12T21:40:58.520000+00:00,HYPE,A,40.875,0.57,Close Long,0.489687,0.00996,0x291303c11534b39a8c560425619984017f004b4e14a730edf839260a221d28ac
1749764458520,2025-06-12T21:40:58.520000+00:00,HYPE,A,40.874,9.07,Close Long,7.782967,0.158485,0x291303c11534b39a8c560425619984017f004b4e14a730edf839260a221d28ac
1749764458520,2025-06-12T21:40:58.520000+00:00,HYPE,A,40.874,0.57,Close Long,0.489117,0.009959,0x291303c11534b39a8c560425619984017f004b4e14a730edf839260a221d28ac
1749764458520,2025-06-12T21:40:58.520000+00:00,HYPE,A,40.874,7.71,Close Long,6.615951,0.134721,0x291303c11534b39a8c560425619984017f004b4e14a730edf839260a221d28ac
1749764458520,2025-06-12T21:40:58.520000+00:00,HYPE,A,40.874,645.4,Close Long,553.81774,11.277484,0x291303c11534b39a8c560425619984017f004b4e14a730edf839260a221d28ac
1749764465036,2025-06-12T21:41:05.036000+00:00,BTC,A,106057.0,0.00011,Close Long,-0.27357,0.004987,0x1e275e9b3ed4ad8c7d4e04256199db017600f454fdbb095a690224a026089909
1749764465036,2025-06-12T21:41:05.036000+00:00,BTC,A,106057.0,0.04714,Close Long,-117.23718,2.137297,0x1e275e9b3ed4ad8c7d4e04256199db017600f454fdbb095a690224a026089909
1749764465036,2025-06-12T21:41:05.036000+00:00,BTC,A,106056.0,0.00011,Close Long,-0.27368,0.004987,0x1e275e9b3ed4ad8c7d4e04256199db017600f454fdbb095a690224a026089909
1749764465036,2025-06-12T21:41:05.036000+00:00,BTC,A,106055.0,0.00011,Close Long,-0.27379,0.004987,0x1e275e9b3ed4ad8c7d4e04256199db017600f454fdbb095a690224a026089909
1749764465036,2025-06-12T21:41:05.036000+00:00,BTC,A,106054.0,0.00011,Close Long,-0.2739,0.004987,0x1e275e9b3ed4ad8c7d4e04256199db017600f454fdbb095a690224a026089909
1749764465036,2025-06-12T21:41:05.036000+00:00,BTC,A,106054.0,0.01885,Close Long,-46.9365,0.854622,0x1e275e9b3ed4ad8c7d4e04256199db017600f454fdbb095a690224a026089909
1749764465036,2025-06-12T21:41:05.036000+00:00,BTC,A,106053.0,0.00011,Close Long,-0.27401,0.004987,0x1e275e9b3ed4ad8c7d4e04256199db017600f454fdbb095a690224a026089909
1749764465036,2025-06-12T21:41:05.036000+00:00,BTC,A,106052.0,0.00011,Close Long,-0.27412,0.004987,0x1e275e9b3ed4ad8c7d4e04256199db017600f454fdbb095a690224a026089909
1749764465036,2025-06-12T21:41:05.036000+00:00,BTC,A,106051.0,0.00011,Close Long,-0.27423,0.004987,0x1e275e9b3ed4ad8c7d4e04256199db017600f454fdbb095a690224a026089909
1749764465036,2025-06-12T21:41:05.036000+00:00,BTC,A,106051.0,0.01885,Close Long,-46.99305,0.854598,0x1e275e9b3ed4ad8c7d4e04256199db017600f454fdbb095a690224a026089909
1749764465036,2025-06-12T21:41:05.036000+00:00,BTC,A,106051.0,0.04714,Close Long,-117.52002,2.137176,0x1e275e9b3ed4ad8c7d4e04256199db017600f454fdbb095a690224a026089909
1749764465036,2025-06-12T21:41:05.036000+00:00,BTC,A,106050.0,0.00011,Close Long,-0.27434,0.004987,0x1e275e9b3ed4ad8c7d4e04256199db017600f454fdbb095a690224a026089909
1749764465036,2025-06-12T21:41:05.036000+00:00,BTC,A,106050.0,0.01885,Close Long,-47.0119,0.85459,0x1e275e9b3ed4ad8c7d4e04256199db017600f454fdbb095a690224a026089909
1749764465036,2025-06-12T21:41:05.036000+00:00,BTC,A,106049.0,0.00011,Close Long,-0.27445,0.004986,0x1e275e9b3ed4ad8c7d4e04256199db017600f454fdbb095a690224a026089909
1749764465036,2025-06-12T21:41:05.036000+00:00,BTC,A,106049.0,0.04714,Close Long,-117.6143,2.137136,0x1e275e9b3ed4ad8c7d4e04256199db017600f454fdbb095a690224a026089909
1749764465036,2025-06-12T21:41:05.036000+00:00,BTC,A,106048.0,0.00011,Close Long,-0.27456,0.004986,0x1e275e9b3ed4ad8c7d4e04256199db017600f454fdbb095a690224a026089909
1749764465036,2025-06-12T21:41:05.036000+00:00,BTC,A,106048.0,0.01885,Close Long,-47.0496,0.854574,0x1e275e9b3ed4ad8c7d4e04256199db017600f454fdbb095a690224a026089909
1749764465036,2025-06-12T21:41:05.036000+00:00,BTC,A,106048.0,0.04714,Close Long,-117.66144,2.137116,0x1e275e9b3ed4ad8c7d4e04256199db017600f454fdbb095a690224a026089909
1749764465036,2025-06-12T21:41:05.036000+00:00,BTC,A,106048.0,0.09425,Close Long,-235.248,4.272872,0x1e275e9b3ed4ad8c7d4e04256199db017600f454fdbb095a690224a026089909
1749764465036,2025-06-12T21:41:05.036000+00:00,BTC,A,106047.0,0.00011,Close Long,-0.27467,0.004986,0x1e275e9b3ed4ad8c7d4e04256199db017600f454fdbb095a690224a026089909
1749764465036,2025-06-12T21:41:05.036000+00:00,BTC,A,106046.0,0.00011,Close Long,-0.27478,0.004986,0x1e275e9b3ed4ad8c7d4e04256199db017600f454fdbb095a690224a026089909
1749764465036,2025-06-12T21:41:05.036000+00:00,BTC,A,106045.0,0.00011,Close Long,-0.27489,0.004986,0x1e275e9b3ed4ad8c7d4e04256199db017600f454fdbb095a690224a026089909
1749764465036,2025-06-12T21:41:05.036000+00:00,BTC,A,106044.0,0.00011,Close Long,-0.275,0.004986,0x1e275e9b3ed4ad8c7d4e04256199db017600f454fdbb095a690224a026089909
1749764465036,2025-06-12T21:41:05.036000+00:00,BTC,A,106043.0,0.00011,Close Long,-0.27511,0.004986,0x1e275e9b3ed4ad8c7d4e04256199db017600f454fdbb095a690224a026089909
1749764465036,2025-06-12T21:41:05.036000+00:00,BTC,A,106043.0,0.0943,Close Long,-235.8443,4.274937,0x1e275e9b3ed4ad8c7d4e04256199db017600f454fdbb095a690224a026089909
1749764465036,2025-06-12T21:41:05.036000+00:00,BTC,A,106042.0,0.00011,Close Long,-0.27522,0.004986,0x1e275e9b3ed4ad8c7d4e04256199db017600f454fdbb095a690224a026089909
1749764465036,2025-06-12T21:41:05.036000+00:00,BTC,A,106041.0,0.00011,Close Long,-0.27533,0.004986,0x1e275e9b3ed4ad8c7d4e04256199db017600f454fdbb095a690224a026089909
1749764465036,2025-06-12T21:41:05.036000+00:00,BTC,A,106040.0,0.00917,Close Long,-22.96168,0.415695,0x1e275e9b3ed4ad8c7d4e04256199db017600f454fdbb095a690224a026089909
1749764465036,2025-06-12T21:41:05.036000+00:00,BTC,A,106040.0,0.00917,Close Long,-22.96168,0.415695,0x1e275e9b3ed4ad8c7d4e04256199db017600f454fdbb095a690224a026089909
1749764465036,2025-06-12T21:41:05.036000+00:00,BTC,A,106040.0,0.0016,Close Long,-4.0064,0.072531,0x1e275e9b3ed4ad8c7d4e04256199db017600f454fdbb095a690224a026089909
1749764465036,2025-06-12T21:41:05.036000+00:00,BTC,A,106040.0,0.01,Close Long,-25.04,0.453321,0x1e275e9b3ed4ad8c7d4e04256199db017600f454fdbb095a690224a026089909
1749764465036,2025-06-12T21:41:05.036000+00:00,BTC,A,106040.0,0.0001,Close Long,-0.2504,0.004533,0x1e275e9b3ed4ad8c7d4e04256199db017600f454fdbb095a690224a026089909
1749764465036,2025-06-12T21:41:05.036000+00:00,BTC,A,106040.0,0.00011,Close Long,-0.27544,0.004986,0x1e275e9b3ed4ad8c7d4e04256199db017600f454fdbb095a690224a026089909
1749764465036,2025-06-12T21:41:05.036000+00:00,BTC,A,106040.0,0.09,Close Long,-225.36,4.079889,0x1e275e9b3ed4ad8c7d4e04256199db017600f454fdbb095a690224a026089909
1749764465036,2025-06-12T21:41:05.036000+00:00,BTC,A,106040.0,0.043,Close Long,-107.672,1.94928,0x1e275e9b3ed4ad8c7d4e04256199db017600f454fdbb095a690224a026089909
1749764465036,2025-06-12T21:41:05.036000+00:00,BTC,A,106040.0,0.043,Close Long,-107.672,1.94928,0x1e275e9b3ed4ad8c7d4e04256199db017600f454fdbb095a690224a026089909
1749764465036,2025-06-12T21:41:05.036000+00:00,BTC,A,106040.0,0.043,Close Long,-107.672,1.94928,0x1e275e9b3ed4ad8c7d4e04256199db017600f454fdbb095a690224a026089909
1749764465036,2025-06-12T21:41:05.036000+00:00,BTC,A,106040.0,0.043,Close Long,-107.672,1.94928,0x1e275e9b3ed4ad8c7d4e04256199db017600f454fdbb095a690224a026089909
1749764465036,2025-06-12T21:41:05.036000+00:00,BTC,A,106040.0,0.043,Close Long,-107.672,1.94928,0x1e275e9b3ed4ad8c7d4e04256199db017600f454fdbb095a690224a026089909
1749764465036,2025-06-12T21:41:05.036000+00:00,BTC,A,106040.0,0.0272,Close Long,-68.1088,1.233033,0x1e275e9b3ed4ad8c7d4e04256199db017600f454fdbb095a690224a026089909
1749764465036,2025-06-12T21:41:05.036000+00:00,BTC,A,106040.0,0.043,Close Long,-107.672,1.94928,0x1e275e9b3ed4ad8c7d4e04256199db017600f454fdbb095a690224a026089909
1749764465036,2025-06-12T21:41:05.036000+00:00,BTC,A,106040.0,0.043,Close Long,-107.672,1.94928,0x1e275e9b3ed4ad8c7d4e04256199db017600f454fdbb095a690224a026089909
1749764465036,2025-06-12T21:41:05.036000+00:00,BTC,A,106040.0,0.043,Close Long,-107.672,1.94928,0x1e275e9b3ed4ad8c7d4e04256199db017600f454fdbb095a690224a026089909
1749764465036,2025-06-12T21:41:05.036000+00:00,BTC,A,106040.0,0.043,Close Long,-107.672,1.94928,0x1e275e9b3ed4ad8c7d4e04256199db017600f454fdbb095a690224a026089909
1749764465036,2025-06-12T21:41:05.036000+00:00,BTC,A,106040.0,0.043,Close Long,-107.672,1.94928,0x1e275e9b3ed4ad8c7d4e04256199db017600f454fdbb095a690224a026089909
1749764465036,2025-06-12T21:41:05.036000+00:00,BTC,A,106040.0,0.043,Close Long,-107.672,1.94928,0x1e275e9b3ed4ad8c7d4e04256199db017600f454fdbb095a690224a026089909
1749764465036,2025-06-12T21:41:05.036000+00:00,BTC,A,106040.0,0.043,Close Long,-107.672,1.94928,0x1e275e9b3ed4ad8c7d4e04256199db017600f454fdbb095a690224a026089909
1749764465036,2025-06-12T21:41:05.036000+00:00,BTC,A,106040.0,0.043,Close Long,-107.672,1.94928,0x1e275e9b3ed4ad8c7d4e04256199db017600f454fdbb095a690224a026089909
1749764465036,2025-06-12T21:41:05.036000+00:00,BTC,A,106040.0,0.043,Close Long,-107.672,1.94928,0x1e275e9b3ed4ad8c7d4e04256199db017600f454fdbb095a690224a026089909
1749764465036,2025-06-12T21:41:05.036000+00:00,BTC,A,106040.0,0.043,Close Long,-107.672,1.94928,0x1e275e9b3ed4ad8c7d4e04256199db017600f454fdbb095a690224a026089909
1749764465036,2025-06-12T21:41:05.036000+00:00,BTC,A,106040.0,0.043,Close Long,-107.672,1.94928,0x1e275e9b3ed4ad8c7d4e04256199db017600f454fdbb095a690224a026089909
1749764465036,2025-06-12T21:41:05.036000+00:00,BTC,A,106040.0,0.0943,Close Long,-236.1272,4.274817,0x1e275e9b3ed4ad8c7d4e04256199db017600f454fdbb095a690224a026089909
1749764465036,2025-06-12T21:41:05.036000+00:00,BTC,A,106040.0,0.043,Close Long,-107.672,1.94928,0x1e275e9b3ed4ad8c7d4e04256199db017600f454fdbb095a690224a026089909
1749764465036,2025-06-12T21:41:05.036000+00:00,BTC,A,106040.0,0.043,Close Long,-107.672,1.94928,0x1e275e9b3ed4ad8c7d4e04256199db017600f454fdbb095a690224a026089909
1749764465036,2025-06-12T21:41:05.036000+00:00,BTC,A,106040.0,0.043,Close Long,-107.672,1.94928,0x1e275e9b3ed4ad8c7d4e04256199db017600f454fdbb095a690224a026089909
1749764465036,2025-06-12T21:41:05.036000+00:00,BTC,A,106040.0,0.043,Close Long,-107.672,1.94928,0x1e275e9b3ed4ad8c7d4e04256199db017600f454fdbb095a690224a026089909
1749764465036,2025-06-12T21:41:05.036000+00:00,BTC,A,106040.0,0.043,Close Long,-107.672,1.94928,0x1e275e9b3ed4ad8c7d4e04256199db017600f454fdbb095a690224a026089909
1749764465036,2025-06-12T21:41:05.036000+00:00,BTC,A,106040.0,0.043,Close Long,-107.672,1.94928,0x1e275e9b3ed4ad8c7d4e04256199db017600f454fdbb095a690224a026089909
1749764465036,2025-06-12T21:41:05.036000+00:00,BTC,A,106040.0,0.0161,Close Long,-40.3144,0.729846,0x1e275e9b3ed4ad8c7d4e04256199db017600f454fdbb095a690224a026089909
1749764465036,2025-06-12T21:41:05.036000+00:00,BTC,A,106040.0,0.0161,Close Long,-40.3144,0.729846,0x1e275e9b3ed4ad8c7d4e04256199db017600f454fdbb095a690224a026089909
1749764465036,2025-06-12T21:41:05.036000+00:00,BTC,A,106040.0,0.043,Close Long,-107.672,1.94928,0x1e275e9b3ed4ad8c7d4e04256199db017600f454fdbb095a690224a026089909
1749764465036,2025-06-12T21:41:05.036000+00:00,BTC,A,106040.0,0.043,Close Long,-107.672,1.94928,0x1e275e9b3ed4ad8c7d4e04256199db017600f454fdbb095a690224a026089909
1749764465036,2025-06-12T21:41:05.036000+00:00,BTC,A,106040.0,0.043,Close Long,-107.672,1.94928,0x1e275e9b3ed4ad8c7d4e04256199db017600f454fdbb095a690224a026089909
1749764465036,2025-06-12T21:41:05.036000+00:00,BTC,A,106040.0,0.043,Close Long,-107.672,1.94928,0x1e275e9b3ed4ad8c7d4e04256199db017600f454fdbb095a690224a026089909
1749764465036,2025-06-12T21:41:05.036000+00:00,BTC,A,106040.0,0.0156,Close Long,-39.0624,0.70718,0x1e275e9b3ed4ad8c7d4e04256199db017600f454fdbb095a690224a026089909
1749764465036,2025-06-12T21:41:05.036000+00:00,BTC,A,106040.0,0.016,Close Long,-40.064,0.725313,0x1e275e9b3ed4ad8c7d4e04256199db017600f454fdbb095a690224a026089909
1749764465036,2025-06-12T21:41:05.036000+00:00,BTC,A,106040.0,0.043,Close Long,-107.672,1.94928,0x1e275e9b3ed4ad8c7d4e04256199db017600f454fdbb095a690224a026089909
1749764465036,2025-06-12T21:41:05.036000+00:00,BTC,A,106040.0,0.0095,Close Long,-23.788,0.430654,0x1e275e9b3ed4ad8c7d4e04256199db017600f454fdbb095a690224a026089909
1749764465036,2025-06-12T21:41:05.036000+00:00,BTC,A,106040.0,0.043,Close Long,-107.672,1.94928,0x1e275e9b3ed4ad8c7d4e04256199db017600f454fdbb095a690224a026089909
1749764465036,2025-06-12T21:41:05.036000+00:00,BTC,A,106040.0,0.043,Close Long,-107.672,1.94928,0x1e275e9b3ed4ad8c7d4e04256199db017600f454fdbb095a690224a026089909
1749764465036,2025-06-12T21:41:05.036000+00:00,BTC,A,106040.0,0.0161,Close Long,-40.3144,0.729846,0x1e275e9b3ed4ad8c7d4e04256199db017600f454fdbb095a690224a026089909
1749764465036,2025-06-12T21:41:05.036000+00:00,BTC,A,106040.0,0.043,Close Long,-107.672,1.94928,0x1e275e9b3ed4ad8c7d4e04256199db017600f454fdbb095a690224a026089909
1749764465036,2025-06-12T21:41:05.036000+00:00,BTC,A,106040.0,0.0161,Close Long,-40.3144,0.729846,0x1e275e9b3ed4ad8c7d4e04256199db017600f454fdbb095a690224a026089909
1749764465036,2025-06-12T21:41:05.036000+00:00,BTC,A,106039.0,0.00011,Close Long,-0.27555,0.004986,0x1e275e9b3ed4ad8c7d4e04256199db017600f454fdbb095a690224a026089909
1749764465036,2025-06-12T21:41:05.036000+00:00,BTC,A,106038.0,0.00011,Close Long,-0.27566,0.004986,0x1e275e9b3ed4ad8c7d4e04256199db017600f454fdbb095a690224a026089909
1749764465036,2025-06-12T21:41:05.036000+00:00,BTC,A,106038.0,0.0943,Close Long,-236.3158,4.274736,0x1e275e9b3ed4ad8c7d4e04256199db017600f454fdbb095a690224a026089909
1749764465036,2025-06-12T21:41:05.036000+00:00,BTC,A,106037.0,0.00011,Close Long,-0.27577,0.004986,0x1e275e9b3ed4ad8c7d4e04256199db017600f454fdbb095a690224a026089909
1749764465036,2025-06-12T21:41:05.036000+00:00,BTC,A,106037.0,0.0943,Close Long,-236.4101,4.274696,0x1e275e9b3ed4ad8c7d4e04256199db017600f454fdbb095a690224a026089909
1749764465036,2025-06-12T21:41:05.036000+00:00,BTC,A,106037.0,0.00377,Close Long,-9.45139,0.170897,0x1e275e9b3ed4ad8c7d4e04256199db017600f454fdbb095a690224a026089909
1749764465036,2025-06-12T21:41:05.036000+00:00,BTC,A,106036.0,0.00011,Close Long,-0.27588,0.004986,0x1e275e9b3ed4ad8c7d4e04256199db017600f454fdbb095a690224a026089909
1749764465036,2025-06-12T21:41:05.036000+00:00,BTC,A,106036.0,0.0943,Close Long,-236.5044,4.274655,0x1e275e9b3ed4ad8c7d4e04256199db017600f454fdbb095a690224a026089909
1749764465036,2025-06-12T21:41:05.036000+00:00,BTC,A,106036.0,0.04161,Close Long,-104.35788,1.886197,0x1e275e9b3ed4ad8c7d4e04256199db017600f454fdbb095a690224a026089909
1749764915823,2025-06-12T21:48:35.823000+00:00,BTC,A,106079.0,0.91,Open Short,0.0,41.267382,0x0b1277198d40ab755853042561b13e01d4001d95a23fd5d43d50314963536221
1749764915823,2025-06-12T21:48:35.823000+00:00,BTC,A,106079.0,0.51,Open Short,0.0,23.127873,0x0b1277198d40ab755853042561b13e01d4001d95a23fd5d43d50314963536221
1749764915823,2025-06-12T21:48:35.823000+00:00,BTC,A,106079.0,0.09423,Open Short,0.0,4.273214,0x0b1277198d40ab755853042561b13e01d4001d95a23fd5d43d50314963536221
1749764915823,2025-06-12T21:48:35.823000+00:00,BTC,A,106079.0,0.14134,Open Short,0.0,6.409595,0x0b1277198d40ab755853042561b13e01d4001d95a23fd5d43d50314963536221
1749764915823,2025-06-12T21:48:35.823000+00:00,BTC,A,106079.0,0.00072,Open Short,0.0,0.032651,0x0b1277198d40ab755853042561b13e01d4001d95a23fd5d43d50314963536221
1749764915823,2025-06-12T21:48:35.823000+00:00,BTC,A,106077.0,0.04713,Open Short,0.0,2.137247,0x0b1277198d40ab755853042561b13e01d4001d95a23fd5d43d50314963536221
1749764915823,2025-06-12T21:48:35.823000+00:00,BTC,A,106076.0,0.53967,Open Short,0.0,24.472679,0x0b1277198d40ab755853042561b13e01d4001d95a23fd5d43d50314963536221
1749776989816,2025-06-13T01:09:49.816000+00:00,SOL,A,144.02,3.01,Open Short,0.0,0.185321,0x94258615d359bfca3108042564088102047d002af11fabb98d8ab0e2a460e482
1749776989816,2025-06-13T01:09:49.816000+00:00,SOL,A,144.02,6.95,Open Short,0.0,0.427901,0x94258615d359bfca3108042564088102047d002af11fabb98d8ab0e2a460e482
1749776989816,2025-06-13T01:09:49.816000+00:00,SOL,A,144.02,6.95,Open Short,0.0,0.427901,0x94258615d359bfca3108042564088102047d002af11fabb98d8ab0e2a460e482
1749776989816,2025-06-13T01:09:49.816000+00:00,SOL,A,144.02,6.95,Open Short,0.0,0.427901,0x94258615d359bfca3108042564088102047d002af11fabb98d8ab0e2a460e482
1749776989816,2025-06-13T01:09:49.816000+00:00,SOL,A,144.02,6.95,Open Short,0.0,0.427901,0x94258615d359bfca3108042564088102047d002af11fabb98d8ab0e2a460e482
1749776989816,2025-06-13T01:09:49.816000+00:00,SOL,A,144.02,6.95,Open Short,0.0,0.427901,0x94258615d359bfca3108042564088102047d002af11fabb98d8ab0e2a460e482
1749776989816,2025-06-13T01:09:49.816000+00:00,SOL,A,144.02,6.95,Open Short,0.0,0.427901,0x94258615d359bfca3108042564088102047d002af11fabb98d8ab0e2a460e482
1749776989816,2025-06-13T01:09:49.816000+00:00,SOL,A,144.02,6.95,Open Short,0.0,0.427901,0x94258615d359bfca3108042564088102047d002af11fabb98d8ab0e2a460e482
1749776989816,2025-06-13T01:09:49.816000+00:00,SOL,A,144.02,6.95,Open Short,0.0,0.427901,0x94258615d359bfca3108042564088102047d002af11fabb98d8ab0e2a460e482
1749776989816,2025-06-13T01:09:49.816000+00:00,SOL,A,144.02,6.95,Open Short,0.0,0.427901,0x94258615d359bfca3108042564088102047d002af11fabb98d8ab0e2a460e482
1749776989816,2025-06-13T01:09:49.816000+00:00,SOL,A,144.02,6.95,Open Short,0.0,0.427901,0x94258615d359bfca3108042564088102047d002af11fabb98d8ab0e2a460e482
1749776989816,2025-06-13T01:09:49.816000+00:00,SOL,A,144.02,6.95,Open Short,0.0,0.427901,0x94258615d359bfca3108042564088102047d002af11fabb98d8ab0e2a460e482
1749776989816,2025-06-13T01:09:49.816000+00:00,SOL,A,144.02,6.95,Open Short,0.0,0.427901,0x94258615d359bfca3108042564088102047d002af11fabb98d8ab0e2a460e482
1749776989816,2025-06-13T01:09:49.816000+00:00,SOL,A,144.02,48.21,Open Short,0.0,2.968219,0x94258615d359bfca3108042564088102047d002af11fabb98d8ab0e2a460e482
1749776989816,2025-06-13T01:09:49.816000+00:00,SOL,A,144.02,25.0,Open Short,0.0,1.539213,0x94258615d359bfca3108042564088102047d002af11fabb98d8ab0e2a460e482
1749776989816,2025-06-13T01:09:49.816000+00:00,SOL,A,144.02,20.0,Open Short,0.0,1.231371,0x94258615d359bfca3108042564088102047d002af11fabb98d8ab0e2a460e482
1749776989816,2025-06-13T01:09:49.816000+00:00,SOL,A,144.02,54.53,Open Short,0.0,3.357333,0x94258615d359bfca3108042564088102047d002af11fabb98d8ab0e2a460e482
1749776989816,2025-06-13T01:09:49.816000+00:00,SOL,A,144.02,11.91,Open Short,0.0,0.733281,0x94258615d359bfca3108042564088102047d002af11fabb98d8ab0e2a460e482
1749776989816,2025-06-13T01:09:49.816000+00:00,SOL,A,144.02,7.11,Open Short,0.0,0.437752,0x94258615d359bfca3108042564088102047d002af11fabb98d8ab0e2a460e482
1749776989816,2025-06-13T01:09:49.816000+00:00,SOL,A,144.02,20.0,Open Short,0.0,1.231371,0x94258615d359bfca3108042564088102047d002af11fabb98d8ab0e2a460e482
1749776989816,2025-06-13T01:09:49.816000+00:00,SOL,A,144.02,27.77,Open Short,0.0,1.709758,0x94258615d359bfca3108042564088102047d002af11fabb98d8ab0e2a460e482
1749776989816,2025-06-13T01:09:49.816000+00:00,SOL,A,144.02,13.87,Open Short,0.0,0.853955,0x94258615d359bfca3108042564088102047d002af11fabb98d8ab0e2a460e482
1749776989816,2025-06-13T01:09:49.816000+00:00,SOL,A,144.02,27.77,Open Short,0.0,1.709758,0x94258615d359bfca3108042564088102047d002af11fabb98d8ab0e2a460e482
1749776989816,2025-06-13T01:09:49.816000+00:00,SOL,A,144.02,74.22,Open Short,0.0,4.569617,0x94258615d359bfca3108042564088102047d002af11fabb98d8ab0e2a460e482
1749776989816,2025-06-13T01:09:49.816000+00:00,SOL,A,144.02,7.14,Open Short,0.0,0.439599,0x94258615d359bfca3108042564088102047d002af11fabb98d8ab0e2a460e482
1749776989816,2025-06-13T01:09:49.816000+00:00,SOL,A,144.01,6.95,Open Short,0.0,0.427871,0x94258615d359bfca3108042564088102047d002af11fabb98d8ab0e2a460e482
1749776989816,2025-06-13T01:09:49.816000+00:00,SOL,A,144.01,6.95,Open Short,0.0,0.427871,0x94258615d359bfca3108042564088102047d002af11fabb98d8ab0e2a460e482
1749776989816,2025-06-13T01:09:49.816000+00:00,SOL,A,144.01,6.95,Open Short,0.0,0.427871,0x94258615d359bfca3108042564088102047d002af11fabb98d8ab0e2a460e482
1749776989816,2025-06-13T01:09:49.816000+00:00,SOL,A,144.01,6.95,Open Short,0.0,0.427871,0x94258615d359bfca3108042564088102047d002af11fabb98d8ab0e2a460e482
1749776989816,2025-06-13T01:09:49.816000+00:00,SOL,A,144.01,6.95,Open Short,0.0,0.427871,0x94258615d359bfca3108042564088102047d002af11fabb98d8ab0e2a460e482
1749776989816,2025-06-13T01:09:49.816000+00:00,SOL,A,144.01,6.95,Open Short,0.0,0.427871,0x94258615d359bfca3108042564088102047d002af11fabb98d8ab0e2a460e482
1749776989816,2025-06-13T01:09:49.816000+00:00,SOL,A,144.01,6.95,Open Short,0.0,0.427871,0x94258615d359bfca3108042564088102047d002af11fabb98d8ab0e2a460e482
1749776989816,2025-06-13T01:09:49.816000+00:00,SOL,A,144.01,6.95,Open Short,0.0,0.427871,0x94258615d359bfca3108042564088102047d002af11fabb98d8ab0e2a460e482
1749776989816,2025-06-13T01:09:49.816000+00:00,SOL,A,144.01,6.95,Open Short,0.0,0.427871,0x94258615d359bfca3108042564088102047d002af11fabb98d8ab0e2a460e482
1749776989816,2025-06-13T01:09:49.816000+00:00,SOL,A,144.01,6.95,Open Short,0.0,0.427871,0x94258615d359bfca3108042564088102047d002af11fabb98d8ab0e2a460e482
1749776989816,2025-06-13T01:09:49.816000+00:00,SOL,A,144.01,6.95,Open Short,0.0,0.427871,0x94258615d359bfca3108042564088102047d002af11fabb98d8ab0e2a460e482
1749776989816,2025-06-13T01:09:49.816000+00:00,SOL,A,144.01,6.95,Open Short,0.0,0.427871,0x94258615d359bfca3108042564088102047d002af11fabb98d8ab0e2a460e482
1749776989816,2025-06-13T01:09:49.816000+00:00,SOL,A,144.01,6.95,Open Short,0.0,0.427871,0x94258615d359bfca3108042564088102047d002af11fabb98d8ab0e2a460e482
1749776989816,2025-06-13T01:09:49.816000+00:00,SOL,A,144.01,6.95,Open Short,0.0,0.427871,0x94258615d359bfca3108042564088102047d002af11fabb98d8ab0e2a460e482
1749776989816,2025-06-13T01:09:49.816000+00:00,SOL,A,144.01,6.95,Open Short,0.0,0.427871,0x94258615d359bfca3108042564088102047d002af11fabb98d8ab0e2a460e482
1749776989816,2025-06-13T01:09:49.816000+00:00,SOL,A,144.01,6.95,Open Short,0.0,0.427871,0x94258615d359bfca3108042564088102047d002af11fabb98d8ab0e2a460e482
1749776989816,2025-06-13T01:09:49.816000+00:00,SOL,A,144.01,15.44,Open Short,0.0,0.950552,0x94258615d359bfca3108042564088102047d002af11fabb98d8ab0e2a460e482
1749776989816,2025-06-13T01:09:49.816000+00:00,SOL,A,144.01,6.69,Open Short,0.0,0.411864,0x94258615d359bfca3108042564088102047d002af11fabb98d8ab0e2a460e482
1749776989816,2025-06-13T01:09:49.816000+00:00,SOL,A,144.01,6.94,Open Short,0.0,0.427256,0x94258615d359bfca3108042564088102047d002af11fabb98d8ab0e2a460e482
1749776989816,2025-06-13T01:09:49.816000+00:00,SOL,A,144.0,6.95,Open Short,0.0,0.427842,0x94258615d359bfca3108042564088102047d002af11fabb98d8ab0e2a460e482
1749776989816,2025-06-13T01:09:49.816000+00:00,SOL,A,144.0,6.95,Open Short,0.0,0.427842,0x94258615d359bfca3108042564088102047d002af11fabb98d8ab0e2a460e482
1749776989816,2025-06-13T01:09:49.816000+00:00,SOL,A,144.0,6.95,Open Short,0.0,0.427842,0x94258615d359bfca3108042564088102047d002af11fabb98d8ab0e2a460e482
1749776989816,2025-06-13T01:09:49.816000+00:00,SOL,A,144.0,6.95,Open Short,0.0,0.427842,0x94258615d359bfca3108042564088102047d002af11fabb98d8ab0e2a460e482
1749776989816,2025-06-13T01:09:49.816000+00:00,SOL,A,144.0,6.95,Open Short,0.0,0.427842,0x94258615d359bfca3108042564088102047d002af11fabb98d8ab0e2a460e482
1749776989816,2025-06-13T01:09:49.816000+00:00,SOL,A,144.0,6.95,Open Short,0.0,0.427842,0x94258615d359bfca3108042564088102047d002af11fabb98d8ab0e2a460e482
1749776989816,2025-06-13T01:09:49.816000+00:00,SOL,A,144.0,6.95,Open Short,0.0,0.427842,0x94258615d359bfca3108042564088102047d002af11fabb98d8ab0e2a460e482
1749776989816,2025-06-13T01:09:49.816000+00:00,SOL,A,144.0,6.95,Open Short,0.0,0.427842,0x94258615d359bfca3108042564088102047d002af11fabb98d8ab0e2a460e482
1749776989816,2025-06-13T01:09:49.816000+00:00,SOL,A,144.0,6.95,Open Short,0.0,0.427842,0x94258615d359bfca3108042564088102047d002af11fabb98d8ab0e2a460e482
1749776989816,2025-06-13T01:09:49.816000+00:00,SOL,A,144.0,6.95,Open Short,0.0,0.427842,0x94258615d359bfca3108042564088102047d002af11fabb98d8ab0e2a460e482
1749776989816,2025-06-13T01:09:49.816000+00:00,SOL,A,144.0,6.95,Open Short,0.0,0.427842,0x94258615d359bfca3108042564088102047d002af11fabb98d8ab0e2a460e482
1749776989816,2025-06-13T01:09:49.816000+00:00,SOL,A,144.0,6.95,Open Short,0.0,0.427842,0x94258615d359bfca3108042564088102047d002af11fabb98d8ab0e2a460e482
1749776989816,2025-06-13T01:09:49.816000+00:00,SOL,A,144.0,2.0,Open Short,0.0,0.12312,0x94258615d359bfca3108042564088102047d002af11fabb98d8ab0e2a460e482
1749776989816,2025-06-13T01:09:49.816000+00:00,SOL,A,144.0,7.0,Open Short,0.0,0.43092,0x94258615d359bfca3108042564088102047d002af11fabb98d8ab0e2a460e482
1749776989816,2025-06-13T01:09:49.816000+00:00,SOL,A,144.0,6.95,Open Short,0.0,0.427842,0x94258615d359bfca3108042564088102047d002af11fabb98d8ab0e2a460e482
1749776989816,2025-06-13T01:09:49.816000+00:00,SOL,A,144.0,7.0,Open Short,0.0,0.43092,0x94258615d359bfca3108042564088102047d002af11fabb98d8ab0e2a460e482
1749776989816,2025-06-13T01:09:49.816000+00:00,SOL,A,144.0,94.28,Open Short,0.0,5.803876,0x94258615d359bfca3108042564088102047d002af11fabb98d8ab0e2a460e482
1749776989816,2025-06-13T01:09:49.816000+00:00,SOL,A,144.0,6.95,Open Short,0.0,0.427842,0x94258615d359bfca3108042564088102047d002af11fabb98d8ab0e2a460e482
1749776989816,2025-06-13T01:09:49.816000+00:00,SOL,A,144.0,6.95,Open Short,0.0,0.427842,0x94258615d359bfca3108042564088102047d002af11fabb98d8ab0e2a460e482
1749776989816,2025-06-13T01:09:49.816000+00:00,SOL,A,144.0,6.95,Open Short,0.0,0.427842,0x94258615d359bfca3108042564088102047d002af11fabb98d8ab0e2a460e482
1749776989816,2025-06-13T01:09:49.816000+00:00,SOL,A,144.0,6.95,Open Short,0.0,0.427842,0x94258615d359bfca3108042564088102047d002af11fabb98d8ab0e2a460e482
1749776989816,2025-06-13T01:09:49.816000+00:00,SOL,A,144.0,1.92,Open Short,0.0,0.118195,0x94258615d359bfca3108042564088102047d002af11fabb98d8ab0e2a460e482
1749776989816,2025-06-13T01:09:49.816000+00:00,SOL,A,144.0,59.43,Open Short,0.0,3.65851,0x94258615d359bfca3108042564088102047d002af11fabb98d8ab0e2a460e482
1749831888339,2025-06-13T16:24:48.339000+00:00,BTC,B,105855.0,2.24309,Close Short,500.657688,101.506579,0xb815892399e17815f9da04256eb7ab0203220052ba6e08146ec655b0563853c6
1749831897287,2025-06-13T16:24:57.287000+00:00,SOL,B,147.72,10.83,Close Short,-40.163055,0.683917,0xfe72e01e3e32ef81d1e404256eb81502011c00b1a67395a7cc9043ac3cfc6aa1
1749831897287,2025-06-13T16:24:57.287000+00:00,SOL,B,147.72,4.55,Close Short,-16.873675,0.287333,0xfe72e01e3e32ef81d1e404256eb81502011c00b1a67395a7cc9043ac3cfc6aa1
1749831897287,2025-06-13T16:24:57.287000+00:00,SOL,B,147.72,10.83,Close Short,-40.163055,0.683917,0xfe72e01e3e32ef81d1e404256eb81502011c00b1a67395a7cc9043ac3cfc6aa1
1749831897287,2025-06-13T16:24:57.287000+00:00,SOL,B,147.72,108.3,Close Short,-401.63055,6.839177,0xfe72e01e3e32ef81d1e404256eb81502011c00b1a67395a7cc9043ac3cfc6aa1
1749831897287,2025-06-13T16:24:57.287000+00:00,SOL,B,147.72,1.92,Close Short,-7.12032,0.121248,0xfe72e01e3e32ef81d1e404256eb81502011c00b1a67395a7cc9043ac3cfc6aa1
1749831897287,2025-06-13T16:24:57.287000+00:00,SOL,B,147.72,10.83,Close Short,-40.163055,0.683917,0xfe72e01e3e32ef81d1e404256eb81502011c00b1a67395a7cc9043ac3cfc6aa1
1749831897287,2025-06-13T16:24:57.287000+00:00,SOL,B,147.72,27.08,Close Short,-100.42618,1.71011,0xfe72e01e3e32ef81d1e404256eb81502011c00b1a67395a7cc9043ac3cfc6aa1
1749831897287,2025-06-13T16:24:57.287000+00:00,SOL,B,147.72,15.1,Close Short,-55.99835,0.953569,0xfe72e01e3e32ef81d1e404256eb81502011c00b1a67395a7cc9043ac3cfc6aa1
1749831897287,2025-06-13T16:24:57.287000+00:00,SOL,B,147.72,0.25,Close Short,-0.927125,0.015787,0xfe72e01e3e32ef81d1e404256eb81502011c00b1a67395a7cc9043ac3cfc6aa1
1749831897287,2025-06-13T16:24:57.287000+00:00,SOL,B,147.72,12.12,Close Short,-44.94702,0.765381,0xfe72e01e3e32ef81d1e404256eb81502011c00b1a67395a7cc9043ac3cfc6aa1
1749831897287,2025-06-13T16:24:57.287000+00:00,SOL,B,147.72,108.3,Close Short,-401.63055,6.839177,0xfe72e01e3e32ef81d1e404256eb81502011c00b1a67395a7cc9043ac3cfc6aa1
1749831897287,2025-06-13T16:24:57.287000+00:00,SOL,B,147.72,216.77,Close Short,-803.891545,13.68909,0xfe72e01e3e32ef81d1e404256eb81502011c00b1a67395a7cc9043ac3cfc6aa1
1749831897287,2025-06-13T16:24:57.287000+00:00,SOL,B,147.72,40.94,Close Short,-151.82599,2.585373,0xfe72e01e3e32ef81d1e404256eb81502011c00b1a67395a7cc9043ac3cfc6aa1
1749831897287,2025-06-13T16:24:57.287000+00:00,SOL,B,147.72,53.03,Close Short,-196.661755,3.34886,0xfe72e01e3e32ef81d1e404256eb81502011c00b1a67395a7cc9043ac3cfc6aa1
1749831897287,2025-06-13T16:24:57.287000+00:00,SOL,B,147.72,4.55,Close Short,-16.873675,0.287333,0xfe72e01e3e32ef81d1e404256eb81502011c00b1a67395a7cc9043ac3cfc6aa1
1749831897287,2025-06-13T16:24:57.287000+00:00,SOL,B,147.72,27.08,Close Short,-100.42618,1.71011,0xfe72e01e3e32ef81d1e404256eb81502011c00b1a67395a7cc9043ac3cfc6aa1
1749831897287,2025-06-13T16:24:57.287000+00:00,SOL,B,147.72,69.44,Close Short,-257.51824,4.385156,0xfe72e01e3e32ef81d1e404256eb81502011c00b1a67395a7cc9043ac3cfc6aa1
1749831897287,2025-06-13T16:24:57.287000+00:00,SOL,B,147.72,16.59,Close Short,-61.524015,1.047663,0xfe72e01e3e32ef81d1e404256eb81502011c00b1a67395a7cc9043ac3cfc6aa1
1749831897287,2025-06-13T16:24:57.287000+00:00,SOL,B,147.72,20.0,Close Short,-74.17,1.263006,0xfe72e01e3e32ef81d1e404256eb81502011c00b1a67395a7cc9043ac3cfc6aa1
1749831897287,2025-06-13T16:24:57.287000+00:00,SOL,B,147.72,25.0,Close Short,-92.7125,1.578757,0xfe72e01e3e32ef81d1e404256eb81502011c00b1a67395a7cc9043ac3cfc6aa1
1749831897287,2025-06-13T16:24:57.287000+00:00,SOL,B,147.72,13.53,Close Short,-50.176005,0.854423,0xfe72e01e3e32ef81d1e404256eb81502011c00b1a67395a7cc9043ac3cfc6aa1
1749831897287,2025-06-13T16:24:57.287000+00:00,SOL,B,147.72,12.54,Close Short,-46.50459,0.791904,0xfe72e01e3e32ef81d1e404256eb81502011c00b1a67395a7cc9043ac3cfc6aa1
1749831897287,2025-06-13T16:24:57.287000+00:00,SOL,B,147.72,2.71,Close Short,-10.050035,0.171137,0xfe72e01e3e32ef81d1e404256eb81502011c00b1a67395a7cc9043ac3cfc6aa1
1749831897287,2025-06-13T16:24:57.287000+00:00,SOL,B,147.72,41.7,Close Short,-154.64445,2.633367,0xfe72e01e3e32ef81d1e404256eb81502011c00b1a67395a7cc9043ac3cfc6aa1
1749864920208,2025-06-14T01:35:20.208000+00:00,BTC,A,105451.0,0.4272,Open Short,0.0,19.258305,0xaf6e8aa7f6f4d3698d500425752e5e020258000cc63c5816fa67095049a80a55
1749864920208,2025-06-14T01:35:20.208000+00:00,BTC,A,105451.0,0.06,Open Short,0.0,2.704818,0xaf6e8aa7f6f4d3698d500425752e5e020258000cc63c5816fa67095049a80a55
1749864920208,2025-06-14T01:35:20.208000+00:00,BTC,A,105451.0,0.37242,Open Short,0.0,16.788806,0xaf6e8aa7f6f4d3698d500425752e5e020258000cc63c5816fa67095049a80a55
1749864920208,2025-06-14T01:35:20.208000+00:00,BTC,A,105451.0,0.37931,Open Short,0.0,17.099409,0xaf6e8aa7f6f4d3698d500425752e5e020258000cc63c5816fa67095049a80a55
1749864920208,2025-06-14T01:35:20.208000+00:00,BTC,A,105451.0,0.45519,Open Short,0.0,20.520102,0xaf6e8aa7f6f4d3698d500425752e5e020258000cc63c5816fa67095049a80a55
1749864920208,2025-06-14T01:35:20.208000+00:00,BTC,A,105451.0,0.1138,Open Short,0.0,5.130138,0xaf6e8aa7f6f4d3698d500425752e5e020258000cc63c5816fa67095049a80a55
1749864920208,2025-06-14T01:35:20.208000+00:00,BTC,A,105451.0,0.91032,Open Short,0.0,41.0375,0xaf6e8aa7f6f4d3698d500425752e5e020258000cc63c5816fa67095049a80a55
1749864920208,2025-06-14T01:35:20.208000+00:00,BTC,A,105451.0,0.11,Open Short,0.0,4.958833,0xaf6e8aa7f6f4d3698d500425752e5e020258000cc63c5816fa67095049a80a55
1749864920208,2025-06-14T01:35:20.208000+00:00,BTC,A,105451.0,0.1138,Open Short,0.0,5.130138,0xaf6e8aa7f6f4d3698d500425752e5e020258000cc63c5816fa67095049a80a55
1749864920208,2025-06-14T01:35:20.208000+00:00,BTC,A,105451.0,0.28,Open Short,0.0,12.622484,0xaf6e8aa7f6f4d3698d500425752e5e020258000cc63c5816fa67095049a80a55
1749864920208,2025-06-14T01:35:20.208000+00:00,BTC,A,105451.0,0.14481,Open Short,0.0,6.528078,0xaf6e8aa7f6f4d3698d500425752e5e020258000cc63c5816fa67095049a80a55
1750014061611,2025-06-15T19:01:01.611000+00:00,BTC,B,105501.0,0.49404,Close Short,-24.702,22.282032,0x2551b4a94adf6a9047e104259258fc02011a00a76bb72f2f112acc8d7a8985c6
1750014061611,2025-06-15T19:01:01.611000+00:00,BTC,B,105501.0,0.5,Close Short,-25.0,22.550838,0x2551b4a94adf6a9047e104259258fc02011a00a76bb72f2f112acc8d7a8985c6
1750014061611,2025-06-15T19:01:01.611000+00:00,BTC,B,105501.0,0.18957,Close Short,-9.4785,8.549925,0x2551b4a94adf6a9047e104259258fc02011a00a76bb72f2f112acc8d7a8985c6
1750014061611,2025-06-15T19:01:01.611000+00:00,BTC,B,105501.0,0.07867,Close Short,-3.9335,3.548148,0x2551b4a94adf6a9047e104259258fc02011a00a76bb72f2f112acc8d7a8985c6
1750014061611,2025-06-15T19:01:01.611000+00:00,BTC,B,105501.0,0.11374,Close Short,-5.687,5.129864,0x2551b4a94adf6a9047e104259258fc02011a00a76bb72f2f112acc8d7a8985c6
1750014061611,2025-06-15T19:01:01.611000+00:00,BTC,B,105501.0,0.04739,Close Short,-2.3695,2.137368,0x2551b4a94adf6a9047e104259258fc02011a00a76bb72f2f112acc8d7a8985c6
1750014061611,2025-06-15T19:01:01.611000+00:00,BTC,B,105501.0,0.01801,Close Short,-0.9005,0.812281,0x2551b4a94adf6a9047e104259258fc02011a00a76bb72f2f112acc8d7a8985c6
1750014061611,2025-06-15T19:01:01.611000+00:00,BTC,B,105501.0,0.009,Close Short,-0.45,0.405915,0x2551b4a94adf6a9047e104259258fc02011a00a76bb72f2f112acc8d7a8985c6
1750014061611,2025-06-15T19:01:01.611000+00:00,BTC,B,105501.0,0.75828,Close Short,-37.914,34.1997,0x2551b4a94adf6a9047e104259258fc02011a00a76bb72f2f112acc8d7a8985c6
1750014061611,2025-06-15T19:01:01.611000+00:00,BTC,B,105501.0,0.00947,Close Short,-0.4735,0.427112,0x2551b4a94adf6a9047e104259258fc02011a00a76bb72f2f112acc8d7a8985c6
1750014061611,2025-06-15T19:01:01.611000+00:00,BTC,B,105501.0,0.06,Close Short,-3.0,2.7061,0x2551b4a94adf6a9047e104259258fc02011a00a76bb72f2f112acc8d7a8985c6
1750014061611,2025-06-15T19:01:01.611000+00:00,BTC,B,105501.0,0.37914,Close Short,-18.957,17.09985,0x2551b4a94adf6a9047e104259258fc02011a00a76bb72f2f112acc8d7a8985c6
1750014061611,2025-06-15T19:01:01.611000+00:00,BTC,B,105501.0,0.00337,Close Short,-0.1685,0.151992,0x2551b4a94adf6a9047e104259258fc02011a00a76bb72f2f112acc8d7a8985c6
1750014061611,2025-06-15T19:01:01.611000+00:00,BTC,B,105501.0,0.44,Close Short,-22.0,19.844738,0x2551b4a94adf6a9047e104259258fc02011a00a76bb72f2f112acc8d7a8985c6
1750014061611,2025-06-15T19:01:01.611000+00:00,BTC,B,105502.0,0.26617,Close Short,-13.57467,12.004827,0x2551b4a94adf6a9047e104259258fc02011a00a76bb72f2f112acc8d7a8985c6
1750014097874,2025-06-15T19:01:37.874000+00:00,SOL,A,152.46,2.28,Open Short,0.0,0.148602,0x0a0bdc2e7d793f13cb410425925abc01ba0054615ffad624161aded24370f68d
1750014097874,2025-06-15T19:01:37.874000+00:00,SOL,A,152.46,2.16,Open Short,0.0,0.140781,0x0a0bdc2e7d793f13cb410425925abc01ba0054615ffad624161aded24370f68d
1750014097874,2025-06-15T19:01:37.874000+00:00,SOL,A,152.44,2.34,Open Short,0.0,0.152493,0x0a0bdc2e7d793f13cb410425925abc01ba0054615ffad624161aded24370f68d
1750014097874,2025-06-15T19:01:37.874000+00:00,SOL,A,152.44,134.2,Open Short,0.0,8.745559,0x0a0bdc2e7d793f13cb410425925abc01ba0054615ffad624161aded24370f68d
1750014097874,2025-06-15T19:01:37.874000+00:00,SOL,A,152.44,45.72,Open Short,0.0,2.979485,0x0a0bdc2e7d793f13cb410425925abc01ba0054615ffad624161aded24370f68d
1750014097874,2025-06-15T19:01:37.874000+00:00,SOL,A,152.44,32.79,Open Short,0.0,2.136861,0x0a0bdc2e7d793f13cb410425925abc01ba0054615ffad624161aded24370f68d
1750014097874,2025-06-15T19:01:37.874000+00:00,SOL,A,152.44,5.0,Open Short,0.0,0.32584,0x0a0bdc2e7d793f13cb410425925abc01ba0054615ffad624161aded24370f68d
1750014097874,2025-06-15T19:01:37.874000+00:00,SOL,A,152.44,13.11,Open Short,0.0,0.854353,0x0a0bdc2e7d793f13cb410425925abc01ba0054615ffad624161aded24370f68d
1750014097874,2025-06-15T19:01:37.874000+00:00,SOL,A,152.44,110.08,Open Short,0.0,7.173704,0x0a0bdc2e7d793f13cb410425925abc01ba0054615ffad624161aded24370f68d
1750014097874,2025-06-15T19:01:37.874000+00:00,SOL,A,152.44,82.63,Open Short,0.0,5.38484,0x0a0bdc2e7d793f13cb410425925abc01ba0054615ffad624161aded24370f68d
1750014097874,2025-06-15T19:01:37.874000+00:00,SOL,A,152.44,127.43,Open Short,0.0,8.30437,0x0a0bdc2e7d793f13cb410425925abc01ba0054615ffad624161aded24370f68d
1750014097874,2025-06-15T19:01:37.874000+00:00,SOL,A,152.43,2.4,Open Short,0.0,0.156393,0x0a0bdc2e7d793f13cb410425925abc01ba0054615ffad624161aded24370f68d
1750014097874,2025-06-15T19:01:37.874000+00:00,SOL,A,152.43,32.8,Open Short,0.0,2.137373,0x0a0bdc2e7d793f13cb410425925abc01ba0054615ffad624161aded24370f68d
1750014097874,2025-06-15T19:01:37.874000+00:00,SOL,A,152.43,459.22,Open Short,0.0,29.924531,0x0a0bdc2e7d793f13cb410425925abc01ba0054615ffad624161aded24370f68d
1750014097874,2025-06-15T19:01:37.874000+00:00,SOL,A,152.43,2.06,Open Short,0.0,0.134237,0x0a0bdc2e7d793f13cb410425925abc01ba0054615ffad624161aded24370f68d
1750014097874,2025-06-15T19:01:37.874000+00:00,SOL,A,152.43,69.82,Open Short,0.0,4.549738,0x0a0bdc2e7d793f13cb410425925abc01ba0054615ffad624161aded24370f68d
1750030242280,2025-06-15T23:30:42.280000+00:00,SOL,B,152.44,2.0,Close Short,-0.01,0.130336,0x457f61672f5a70f224bd042595843901210033b2f47a133bf5e2924e44670dfb
1750030242280,2025-06-15T23:30:42.280000+00:00,SOL,B,152.44,2.0,Close Short,-0.01,0.130336,0x457f61672f5a70f224bd042595843901210033b2f47a133bf5e2924e44670dfb
1750030242280,2025-06-15T23:30:42.280000+00:00,SOL,B,152.44,2.0,Close Short,-0.01,0.130336,0x457f61672f5a70f224bd042595843901210033b2f47a133bf5e2924e44670dfb
1750030242280,2025-06-15T23:30:42.280000+00:00,SOL,B,152.44,2.0,Close Short,-0.01,0.130336,0x457f61672f5a70f224bd042595843901210033b2f47a133bf5e2924e44670dfb
1750030242280,2025-06-15T23:30:42.280000+00:00,SOL,B,152.45,8.47,Close Short,-0.12705,0.55201,0x457f61672f5a70f224bd042595843901210033b2f47a133bf5e2924e44670dfb
1750030242280,2025-06-15T23:30:42.280000+00:00,SOL,B,152.45,2.0,Close Short,-0.03,0.130344,0x457f61672f5a70f224bd042595843901210033b2f47a133bf5e2924e44670dfb
1750030242280,2025-06-15T23:30:42.280000+00:00,SOL,B,152.45,13.11,Close Short,-0.19665,0.854409,0x457f61672f5a70f224bd042595843901210033b2f47a133bf5e2924e44670dfb
1750030242280,2025-06-15T23:30:42.280000+00:00,SOL,B,152.46,2.62,Close Short,-0.0655,0.170762,0x457f61672f5a70f224bd042595843901210033b2f47a133bf5e2924e44670dfb
1750030242280,2025-06-15T23:30:42.280000+00:00,SOL,B,152.46,123.88,Close Short,-3.097,8.074083,0x457f61672f5a70f224bd042595843901210033b2f47a133bf5e2924e44670dfb
1750030242280,2025-06-15T23:30:42.280000+00:00,SOL,B,152.46,32.79,Close Short,-0.81975,2.137142,0x457f61672f5a70f224bd042595843901210033b2f47a133bf5e2924e44670dfb
1750030242280,2025-06-15T23:30:42.280000+00:00,SOL,B,152.47,12.09,Close Short,-0.42315,0.788037,0x457f61672f5a70f224bd042595843901210033b2f47a133bf5e2924e44670dfb
1750030242280,2025-06-15T23:30:42.280000+00:00,SOL,B,152.47,40.34,Close Short,-1.4119,2.629398,0x457f61672f5a70f224bd042595843901210033b2f47a133bf5e2924e44670dfb
1750030242280,2025-06-15T23:30:42.280000+00:00,SOL,B,152.47,40.37,Close Short,-1.41295,2.631353,0x457f61672f5a70f224bd042595843901210033b2f47a133bf5e2924e44670dfb
1750030242280,2025-06-15T23:30:42.280000+00:00,SOL,B,152.47,297.21,Close Short,-10.40235,19.372422,0x457f61672f5a70f224bd042595843901210033b2f47a133bf5e2924e44670dfb
1750030242280,2025-06-15T23:30:42.280000+00:00,SOL,B,152.47,168.75,Close Short,-5.90625,10.999281,0x457f61672f5a70f224bd042595843901210033b2f47a133bf5e2924e44670dfb
1750030242280,2025-06-15T23:30:42.280000+00:00,SOL,B,152.47,19.35,Close Short,-0.67725,1.26125,0x457f61672f5a70f224bd042595843901210033b2f47a133bf5e2924e44670dfb
1750030242280,2025-06-15T23:30:42.280000+00:00,SOL,B,152.47,5.0,Close Short,-0.175,0.325904,0x457f61672f5a70f224bd042595843901210033b2f47a133bf5e2924e44670dfb
1750030242280,2025-06-15T23:30:42.280000+00:00,SOL,B,152.47,350.06,Close Short,-12.2521,22.817234,0x457f61672f5a70f224bd042595843901210033b2f47a133bf5e2924e44670dfb
1750030292598,2025-06-15T23:31:32.598000+00:00,SOL,B,152.44,20.0,Open Long,0.0,1.303362,0x2a33799424b83cd9d4ae04259586a201ef0058c0f0001b710497ca4a23a075f2
1750030292598,2025-06-15T23:31:32.598000+00:00,SOL,B,152.44,26.48,Open Long,0.0,1.725651,0x2a33799424b83cd9d4ae04259586a201ef0058c0f0001b710497ca4a23a075f2
1750030292598,2025-06-15T23:31:32.598000+00:00,SOL,B,152.44,131.7,Open Long,0.0,8.582638,0x2a33799424b83cd9d4ae04259586a201ef0058c0f0001b710497ca4a23a075f2
1750030292598,2025-06-15T23:31:32.598000+00:00,SOL,B,152.44,24.67,Open Long,0.0,1.607697,0x2a33799424b83cd9d4ae04259586a201ef0058c0f0001b710497ca4a23a075f2
1750030292598,2025-06-15T23:31:32.598000+00:00,SOL,B,152.45,5.27,Open Long,0.0,0.343458,0x2a33799424b83cd9d4ae04259586a201ef0058c0f0001b710497ca4a23a075f2
1750030292598,2025-06-15T23:31:32.598000+00:00,SOL,B,152.45,8.22,Open Long,0.0,0.535716,0x2a33799424b83cd9d4ae04259586a201ef0058c0f0001b710497ca4a23a075f2
1750030292598,2025-06-15T23:31:32.598000+00:00,SOL,B,152.45,9.55,Open Long,0.0,0.622396,0x2a33799424b83cd9d4ae04259586a201ef0058c0f0001b710497ca4a23a075f2
1750030292598,2025-06-15T23:31:32.598000+00:00,SOL,B,152.45,124.12,Open Long,0.0,8.089195,0x2a33799424b83cd9d4ae04259586a201ef0058c0f0001b710497ca4a23a075f2
1750030292598,2025-06-15T23:31:32.598000+00:00,SOL,B,152.45,320.55,Open Long,0.0,20.891004,0x2a33799424b83cd9d4ae04259586a201ef0058c0f0001b710497ca4a23a075f2
1750030292598,2025-06-15T23:31:32.598000+00:00,SOL,B,152.46,124.12,Open Long,0.0,8.089725,0x2a33799424b83cd9d4ae04259586a201ef0058c0f0001b710497ca4a23a075f2
1750030292598,2025-06-15T23:31:32.598000+00:00,SOL,B,152.46,128.38,Open Long,0.0,8.367378,0x2a33799424b83cd9d4ae04259586a201ef0058c0f0001b710497ca4a23a075f2
1750030292598,2025-06-15T23:31:32.598000+00:00,SOL,B,152.46,32.79,Open Long,0.0,2.137142,0x2a33799424b83cd9d4ae04259586a201ef0058c0f0001b710497ca4a23a075f2
1750030292598,2025-06-15T23:31:32.598000+00:00,SOL,B,152.46,113.79,Open Long,0.0,7.416451,0x2a33799424b83cd9d4ae04259586a201ef0058c0f0001b710497ca4a23a075f2
1750104567026,2025-06-16T20:09:27.026000+00:00,SOL,A,156.94,25.49,Close Long,114.404218,1.710171,0x468d08b9ba1075151d3f0425a40206020324007074b3ba62f3a74c9da9be098a
1750104567026,2025-06-16T20:09:27.026000+00:00,SOL,A,156.94,25.49,Close Long,114.404218,1.710171,0x468d08b9ba1075151d3f0425a40206020324007074b3ba62f3a74c9da9be098a
1750104567026,2025-06-16T20:09:27.026000+00:00,SOL,A,156.92,12.72,Close Long,56.835504,0.853299,0x468d08b9ba1075151d3f0425a40206020324007074b3ba62f3a74c9da9be098a
1750104567026,2025-06-16T20:09:27.026000+00:00,SOL,A,156.92,69.97,Close Long,312.639954,4.693818,0x468d08b9ba1075151d3f0425a40206020324007074b3ba62f3a74c9da9be098a
1750104567026,2025-06-16T20:09:27.026000+00:00,SOL,A,156.92,76.38,Close Long,341.281116,5.123822,0x468d08b9ba1075151d3f0425a40206020324007074b3ba62f3a74c9da9be098a
1750104567026,2025-06-16T20:09:27.026000+00:00,SOL,A,156.92,147.15,Close Long,657.49563,9.871307,0x468d08b9ba1075151d3f0425a40206020324007074b3ba62f3a74c9da9be098a
1750104567026,2025-06-16T20:09:27.026000+00:00,SOL,A,156.92,290.0,Close Long,1295.778,19.454157,0x468d08b9ba1075151d3f0425a40206020324007074b3ba62f3a74c9da9be098a
1750104567026,2025-06-16T20:09:27.026000+00:00,SOL,A,156.91,295.78,Close Long,1318.646396,19.840634,0x468d08b9ba1075151d3f0425a40206020324007074b3ba62f3a74c9da9be098a
1750104567026,2025-06-16T20:09:27.026000+00:00,SOL,A,156.91,1.88,Close Long,8.381416,0.126108,0x468d08b9ba1075151d3f0425a40206020324007074b3ba62f3a74c9da9be098a
1750104567026,2025-06-16T20:09:27.026000+00:00,SOL,A,156.9,124.78,Close Long,555.046396,8.369587,0x468d08b9ba1075151d3f0425a40206020324007074b3ba62f3a74c9da9be098a
1750115263520,2025-06-16T23:07:43.520000+00:00,BTC,A,107627.0,0.28297,Open Short,0.0,13.019603,0xcadcded73c7b1bd1c50a0425a61bfd020257007007ba44bbadd57f3ca4115571
1750115263520,2025-06-16T23:07:43.520000+00:00,BTC,A,107621.0,0.0051,Open Short,0.0,0.23464,0xcadcded73c7b1bd1c50a0425a61bfd020257007007ba44bbadd57f3ca4115571
1750115263520,2025-06-16T23:07:43.520000+00:00,BTC,A,107620.0,0.00028,Open Short,0.0,0.012882,0xcadcded73c7b1bd1c50a0425a61bfd020257007007ba44bbadd57f3ca4115571
1750115263520,2025-06-16T23:07:43.520000+00:00,BTC,A,107618.0,0.00286,Open Short,0.0,0.131579,0xcadcded73c7b1bd1c50a0425a61bfd020257007007ba44bbadd57f3ca4115571
1750115263520,2025-06-16T23:07:43.520000+00:00,BTC,A,107613.0,0.0001,Open Short,0.0,0.0046,0xcadcded73c7b1bd1c50a0425a61bfd020257007007ba44bbadd57f3ca4115571
1750115263520,2025-06-16T23:07:43.520000+00:00,BTC,A,107610.0,0.87821,Open Short,0.0,40.400536,0xcadcded73c7b1bd1c50a0425a61bfd020257007007ba44bbadd57f3ca4115571
1750115263520,2025-06-16T23:07:43.520000+00:00,BTC,A,107608.0,0.25322,Open Short,0.0,11.648732,0xcadcded73c7b1bd1c50a0425a61bfd020257007007ba44bbadd57f3ca4115571
1750115263520,2025-06-16T23:07:43.520000+00:00,BTC,A,107607.0,0.6,Open Short,0.0,27.601195,0xcadcded73c7b1bd1c50a0425a61bfd020257007007ba44bbadd57f3ca4115571
1750115263520,2025-06-16T23:07:43.520000+00:00,BTC,A,107605.0,0.18939,Open Short,0.0,8.712155,0xcadcded73c7b1bd1c50a0425a61bfd020257007007ba44bbadd57f3ca4115571
1750115263520,2025-06-16T23:07:43.520000+00:00,BTC,A,107605.0,0.6,Open Short,0.0,27.600682,0xcadcded73c7b1bd1c50a0425a61bfd020257007007ba44bbadd57f3ca4115571
1750115263520,2025-06-16T23:07:43.520000+00:00,BTC,A,107603.0,0.04865,Open Short,0.0,2.237913,0xcadcded73c7b1bd1c50a0425a61bfd020257007007ba44bbadd57f3ca4115571
1750115263520,2025-06-16T23:07:43.520000+00:00,BTC,A,107602.0,0.0001,Open Short,0.0,0.004599,0xcadcded73c7b1bd1c50a0425a61bfd020257007007ba44bbadd57f3ca4115571
1750115263520,2025-06-16T23:07:43.520000+00:00,BTC,A,107602.0,0.57271,Open Short,0.0,26.344576,0xcadcded73c7b1bd1c50a0425a61bfd020257007007ba44bbadd57f3ca4115571
1750115263520,2025-06-16T23:07:43.520000+00:00,BTC,A,107602.0,0.0009,Open Short,0.0,0.041399,0xcadcded73c7b1bd1c50a0425a61bfd020257007007ba44bbadd57f3ca4115571
1750115263520,2025-06-16T23:07:43.520000+00:00,BTC,A,107602.0,0.06,Open Short,0.0,2.759991,0xcadcded73c7b1bd1c50a0425a61bfd020257007007ba44bbadd57f3ca4115571
1750115263520,2025-06-16T23:07:43.520000+00:00,BTC,A,107602.0,1.23026,Open Short,0.0,56.591781,0xcadcded73c7b1bd1c50a0425a61bfd020257007007ba44bbadd57f3ca4115571
1750115263520,2025-06-16T23:07:43.520000+00:00,BTC,A,107600.0,0.0051,Open Short,0.0,0.234594,0xcadcded73c7b1bd1c50a0425a61bfd020257007007ba44bbadd57f3ca4115571
1750115263520,2025-06-16T23:07:43.520000+00:00,BTC,A,107600.0,0.025,Open Short,0.0,1.149975,0xcadcded73c7b1bd1c50a0425a61bfd020257007007ba44bbadd57f3ca4115571
1750190878605,2025-06-17T20:07:58.605000+00:00,SOL,A,148.86,8.06,Open Short,0.0,0.512919,0xb34747567e6ecdc7c3d50425b4f81102017900a24ee58eacef5b74a647f64ed9
1750190878605,2025-06-17T20:07:58.605000+00:00,SOL,A,148.86,13.96,Open Short,0.0,0.888381,0xb34747567e6ecdc7c3d50425b4f81102017900a24ee58eacef5b74a647f64ed9
1750190878605,2025-06-17T20:07:58.605000+00:00,SOL,A,148.86,26.87,Open Short,0.0,1.709943,0xb34747567e6ecdc7c3d50425b4f81102017900a24ee58eacef5b74a647f64ed9
1750190878605,2025-06-17T20:07:58.605000+00:00,SOL,A,148.86,33.72,Open Short,0.0,2.145861,0xb34747567e6ecdc7c3d50425b4f81102017900a24ee58eacef5b74a647f64ed9
1750190878605,2025-06-17T20:07:58.605000+00:00,SOL,A,148.86,80.52,Open Short,0.0,5.124103,0xb34747567e6ecdc7c3d50425b4f81102017900a24ee58eacef5b74a647f64ed9
1750190878605,2025-06-17T20:07:58.605000+00:00,SOL,A,148.86,26.87,Open Short,0.0,1.709943,0xb34747567e6ecdc7c3d50425b4f81102017900a24ee58eacef5b74a647f64ed9
1750190878605,2025-06-17T20:07:58.605000+00:00,SOL,A,148.86,8.06,Open Short,0.0,0.512919,0xb34747567e6ecdc7c3d50425b4f81102017900a24ee58eacef5b74a647f64ed9
1750190878605,2025-06-17T20:07:58.605000+00:00,SOL,A,148.86,110.56,Open Short,0.0,7.035778,0xb34747567e6ecdc7c3d50425b4f81102017900a24ee58eacef5b74a647f64ed9
1750190878605,2025-06-17T20:07:58.605000+00:00,SOL,A,148.86,130.28,Open Short,0.0,8.290713,0xb34747567e6ecdc7c3d50425b4f81102017900a24ee58eacef5b74a647f64ed9
1750190878605,2025-06-17T20:07:58.605000+00:00,SOL,A,148.86,13.43,Open Short,0.0,0.854653,0xb34747567e6ecdc7c3d50425b4f81102017900a24ee58eacef5b74a647f64ed9
1750190878605,2025-06-17T20:07:58.605000+00:00,SOL,A,148.86,120.51,Open Short,0.0,7.668973,0xb34747567e6ecdc7c3d50425b4f81102017900a24ee58eacef5b74a647f64ed9
1750190878605,2025-06-17T20:07:58.605000+00:00,SOL,A,148.86,13.46,Open Short,0.0,0.856562,0xb34747567e6ecdc7c3d50425b4f81102017900a24ee58eacef5b74a647f64ed9
1750190878605,2025-06-17T20:07:58.605000+00:00,SOL,A,148.86,140.41,Open Short,0.0,8.935362,0xb34747567e6ecdc7c3d50425b4f81102017900a24ee58eacef5b74a647f64ed9
1750190878605,2025-06-17T20:07:58.605000+00:00,SOL,A,148.86,8.06,Open Short,0.0,0.512919,0xb34747567e6ecdc7c3d50425b4f81102017900a24ee58eacef5b74a647f64ed9
1750190878605,2025-06-17T20:07:58.605000+00:00,SOL,A,148.86,2.69,Open Short,0.0,0.171185,0xb34747567e6ecdc7c3d50425b4f81102017900a24ee58eacef5b74a647f64ed9
1750190878605,2025-06-17T20:07:58.605000+00:00,SOL,A,148.86,1.03,Open Short,0.0,0.065546,0xb34747567e6ecdc7c3d50425b4f81102017900a24ee58eacef5b74a647f64ed9
1750190878605,2025-06-17T20:07:58.605000+00:00,SOL,A,148.85,73.66,Open Short,0.0,4.687234,0xb34747567e6ecdc7c3d50425b4f81102017900a24ee58eacef5b74a647f64ed9
1750190878605,2025-06-17T20:07:58.605000+00:00,SOL,A,148.85,7.12,Open Short,0.0,0.453069,0xb34747567e6ecdc7c3d50425b4f81102017900a24ee58eacef5b74a647f64ed9
1750190878605,2025-06-17T20:07:58.605000+00:00,SOL,A,148.85,7.63,Open Short,0.0,0.485522,0xb34747567e6ecdc7c3d50425b4f81102017900a24ee58eacef5b74a647f64ed9
1750190878605,2025-06-17T20:07:58.605000+00:00,SOL,A,148.85,56.99,Open Short,0.0,3.626466,0xb34747567e6ecdc7c3d50425b4f81102017900a24ee58eacef5b74a647f64ed9
1750190878605,2025-06-17T20:07:58.605000+00:00,SOL,A,148.85,21.83,Open Short,0.0,1.389116,0xb34747567e6ecdc7c3d50425b4f81102017900a24ee58eacef5b74a647f64ed9
1750190878605,2025-06-17T20:07:58.605000+00:00,SOL,A,148.85,56.99,Open Short,0.0,3.626466,0xb34747567e6ecdc7c3d50425b4f81102017900a24ee58eacef5b74a647f64ed9
1750190878605,2025-06-17T20:07:58.605000+00:00,SOL,A,148.85,109.97,Open Short,0.0,6.997762,0xb34747567e6ecdc7c3d50425b4f81102017900a24ee58eacef5b74a647f64ed9
1750190878605,2025-06-17T20:07:58.605000+00:00,SOL,A,148.85,130.28,Open Short,0.0,8.290156,0xb34747567e6ecdc7c3d50425b4f81102017900a24ee58eacef5b74a647f64ed9
1750190878605,2025-06-17T20:07:58.605000+00:00,SOL,A,148.85,48.21,Open Short,0.0,3.067765,0xb34747567e6ecdc7c3d50425b4f81102017900a24ee58eacef5b74a647f64ed9
1750190878605,2025-06-17T20:07:58.605000+00:00,SOL,A,148.84,20.83,Open Short,0.0,1.325394,0xb34747567e6ecdc7c3d50425b4f81102017900a24ee58eacef5b74a647f64ed9
1750190878605,2025-06-17T20:07:58.605000+00:00,SOL,A,148.84,26.18,Open Short,0.0,1.665809,0xb34747567e6ecdc7c3d50425b4f81102017900a24ee58eacef5b74a647f64ed9
1750190878605,2025-06-17T20:07:58.605000+00:00,SOL,A,148.84,13.43,Open Short,0.0,0.854538,0xb34747567e6ecdc7c3d50425b4f81102017900a24ee58eacef5b74a647f64ed9
1750190878605,2025-06-17T20:07:58.605000+00:00,SOL,A,148.84,39.11,Open Short,0.0,2.488534,0xb34747567e6ecdc7c3d50425b4f81102017900a24ee58eacef5b74a647f64ed9
1750190878605,2025-06-17T20:07:58.605000+00:00,SOL,A,148.84,67.18,Open Short,0.0,4.274602,0xb34747567e6ecdc7c3d50425b4f81102017900a24ee58eacef5b74a647f64ed9
1750190878605,2025-06-17T20:07:58.605000+00:00,SOL,A,148.84,33.59,Open Short,0.0,2.137301,0xb34747567e6ecdc7c3d50425b4f81102017900a24ee58eacef5b74a647f64ed9
1750190878605,2025-06-17T20:07:58.605000+00:00,SOL,A,148.84,48.21,Open Short,0.0,3.067558,0xb34747567e6ecdc7c3d50425b4f81102017900a24ee58eacef5b74a647f64ed9
1750190878605,2025-06-17T20:07:58.605000+00:00,SOL,A,148.84,13.02,Open Short,0.0,0.82845,0xb34747567e6ecdc7c3d50425b4f81102017900a24ee58eacef5b74a647f64ed9
1750190878605,2025-06-17T20:07:58.605000+00:00,SOL,A,148.84,19.76,Open Short,0.0,1.257311,0xb34747567e6ecdc7c3d50425b4f81102017900a24ee58eacef5b74a647f64ed9
1750190878605,2025-06-17T20:07:58.605000+00:00,SOL,A,148.84,126.9,Open Short,0.0,8.074532,0xb34747567e6ecdc7c3d50425b4f81102017900a24ee58eacef5b74a647f64ed9
1750190878605,2025-06-17T20:07:58.605000+00:00,SOL,A,148.84,133.16,Open Short,0.0,8.47285,0xb34747567e6ecdc7c3d50425b4f81102017900a24ee58eacef5b74a647f64ed9
1750190878605,2025-06-17T20:07:58.605000+00:00,SOL,A,148.84,40.85,Open Short,0.0,2.599248,0xb34747567e6ecdc7c3d50425b4f81102017900a24ee58eacef5b74a647f64ed9
1750190878605,2025-06-17T20:07:58.605000+00:00,SOL,A,148.84,40.48,Open Short,0.0,2.575705,0xb34747567e6ecdc7c3d50425b4f81102017900a24ee58eacef5b74a647f64ed9
1750190878605,2025-06-17T20:07:58.605000+00:00,SOL,A,148.84,39.32,Open Short,0.0,2.501896,0xb34747567e6ecdc7c3d50425b4f81102017900a24ee58eacef5b74a647f64ed9
1750190878605,2025-06-17T20:07:58.605000+00:00,SOL,A,148.84,2.05,Open Short,0.0,0.130439,0xb34747567e6ecdc7c3d50425b4f81102017900a24ee58eacef5b74a647f64ed9
1750440126881,2025-06-20T17:22:06.881000+00:00,SOL,B,137.68,1.0,Close Short,11.1703,0.058858,0xd137ebc421c574d2c4130425e5cc65020815005181c3214997e0c798da8831bc
1750440126881,2025-06-20T17:22:06.881000+00:00,SOL,B,137.68,2.0,Close Short,22.3406,0.117716,0xd137ebc421c574d2c4130425e5cc65020815005181c3214997e0c798da8831bc
1750440126881,2025-06-20T17:22:06.881000+00:00,SOL,B,137.68,15.91,Close Short,177.719473,0.936433,0xd137ebc421c574d2c4130425e5cc65020815005181c3214997e0c798da8831bc
1750440126881,2025-06-20T17:22:06.881000+00:00,SOL,B,137.71,7.27,Close Short,80.989981,0.427992,0xd137ebc421c574d2c4130425e5cc65020815005181c3214997e0c798da8831bc
1750440126881,2025-06-20T17:22:06.881000+00:00,SOL,B,137.73,7.27,Close Short,80.844581,0.428054,0xd137ebc421c574d2c4130425e5cc65020815005181c3214997e0c798da8831bc
1750440126881,2025-06-20T17:22:06.881000+00:00,SOL,B,137.74,71.58,Close Short,795.275274,4.214905,0xd137ebc421c574d2c4130425e5cc65020815005181c3214997e0c798da8831bc
1750440126881,2025-06-20T17:22:06.881000+00:00,SOL,B,137.74,5.0,Close Short,55.5515,0.294419,0xd137ebc421c574d2c4130425e5cc65020815005181c3214997e0c798da8831bc
1750440126881,2025-06-20T17:22:06.881000+00:00,SOL,B,137.74,7.27,Close Short,80.771881,0.428085,0xd137ebc421c574d2c4130425e5cc65020815005181c3214997e0c798da8831bc
1750440126881,2025-06-20T17:22:06.881000+00:00,SOL,B,137.76,5.0,Close Short,55.4515,0.294462,0xd137ebc421c574d2c4130425e5cc65020815005181c3214997e0c798da8831bc
1750440126881,2025-06-20T17:22:06.881000+00:00,SOL,B,137.77,32.66,Close Short,361.882598,1.923565,0xd137ebc421c574d2c4130425e5cc65020815005181c3214997e0c798da8831bc
1750440126881,2025-06-20T17:22:06.881000+00:00,SOL,B,137.78,7.26,Close Short,80.370378,0.42762,0xd137ebc421c574d2c4130425e5cc65020815005181c3214997e0c798da8831bc
1750440126881,2025-06-20T17:22:06.881000+00:00,SOL,B,137.78,7.26,Close Short,80.370378,0.42762,0xd137ebc421c574d2c4130425e5cc65020815005181c3214997e0c798da8831bc
1750440126881,2025-06-20T17:22:06.881000+00:00,SOL,B,137.79,71.58,Close Short,791.696274,4.216436,0xd137ebc421c574d2c4130425e5cc65020815005181c3214997e0c798da8831bc
1750440126881,2025-06-20T17:22:06.881000+00:00,SOL,B,137.79,635.55,Close Short,7029.373665,37.437215,0xd137ebc421c574d2c4130425e5cc65020815005181c3214997e0c798da8831bc
1750440126881,2025-06-20T17:22:06.881000+00:00,SOL,B,137.79,7.26,Close Short,80.297778,0.427651,0xd137ebc421c574d2c4130425e5cc65020815005181c3214997e0c798da8831bc
1750440126881,2025-06-20T17:22:06.881000+00:00,SOL,B,137.8,5.0,Close Short,55.2515,0.294547,0xd137ebc421c574d2c4130425e5cc65020815005181c3214997e0c798da8831bc
1750440126881,2025-06-20T17:22:06.881000+00:00,SOL,B,137.81,7.26,Close Short,80.152578,0.427714,0xd137ebc421c574d2c4130425e5cc65020815005181c3214997e0c798da8831bc
1750440126881,2025-06-20T17:22:06.881000+00:00,SOL,B,137.81,7.26,Close Short,80.152578,0.427714,0xd137ebc421c574d2c4130425e5cc65020815005181c3214997e0c798da8831bc
1750440126881,2025-06-20T17:22:06.881000+00:00,SOL,B,137.81,2.0,Close Short,22.0806,0.117827,0xd137ebc421c574d2c4130425e5cc65020815005181c3214997e0c798da8831bc
1750440126881,2025-06-20T17:22:06.881000+00:00,SOL,B,137.81,7.26,Close Short,80.152578,0.427714,0xd137ebc421c574d2c4130425e5cc65020815005181c3214997e0c798da8831bc
1750440126881,2025-06-20T17:22:06.881000+00:00,SOL,B,137.82,847.41,Close Short,9347.186523,49.927744,0xd137ebc421c574d2c4130425e5cc65020815005181c3214997e0c798da8831bc
1750440126881,2025-06-20T17:22:06.881000+00:00,SOL,B,137.82,27.12,Close Short,299.141736,1.597857,0xd137ebc421c574d2c4130425e5cc65020815005181c3214997e0c798da8831bc
1750440126881,2025-06-20T17:22:06.881000+00:00,SOL,B,137.84,36.27,Close Short,399.343581,2.137267,0xd137ebc421c574d2c4130425e5cc65020815005181c3214997e0c798da8831bc
1750440126881,2025-06-20T17:22:06.881000+00:00,SOL,B,137.85,91.79,Close Short,1009.717537,5.409265,0xd137ebc421c574d2c4130425e5cc65020815005181c3214997e0c798da8831bc
1750440175439,2025-06-20T17:22:55.439000+00:00,BTC,B,102851.0,4.75485,Close Short,22611.21369,209.06506,0x5b33a8a6c7a8fdbaafb20425e5ceca02029300c156f50286608ee61243c94509
1750441930266,2025-06-20T17:52:10.266000+00:00,@107,B,33.877,30.0,Buy,0.0,0.01995,0x60751fbb28c48027f2280425e62344020977004067b4bbb1f2bda32fbf3337c3
1750441930266,2025-06-20T17:52:10.266000+00:00,@107,B,33.878,37.5,Buy,0.0,0.02493749,0x60751fbb28c48027f2280425e62344020977004067b4bbb1f2bda32fbf3337c3
1750441930266,2025-06-20T17:52:10.266000+00:00,@107,B,33.884,21.02,Buy,0.0,0.01397829,0x60751fbb28c48027f2280425e62344020977004067b4bbb1f2bda32fbf3337c3
1750441983039,2025-06-20T17:53:03.039000+00:00,@107,B,33.887,29.47,Buy,0.0,0.01959754,0x4e67b6b22b7a329807120425e625df02033000a2fba32846ea9a423d9a2f6354
1750442013200,2025-06-20T17:53:33.200000+00:00,@107,B,34.017,14.59,Buy,0.0,0.00970234,0x0406ae4e8b604cfd2f6f0425e627590203940024a94531b64569fc1caafb268c
1750442013200,2025-06-20T17:53:33.200000+00:00,@107,B,34.02,39.65,Buy,0.0,0.02636724,0x0406ae4e8b604cfd2f6f0425e627590203940024a94531b64569fc1caafb268c
1750442013200,2025-06-20T17:53:33.200000+00:00,@107,B,34.022,14.59,Buy,0.0,0.00970234,0x0406ae4e8b604cfd2f6f0425e627590203940024a94531b64569fc1caafb268c
1750442013200,2025-06-20T17:53:33.200000+00:00,@107,B,34.026,10.01,Buy,0.0,0.00665664,0x0406ae4e8b604cfd2f6f0425e627590203940024a94531b64569fc1caafb268c
1750541505028,2025-06-21T21:31:45.028000+00:00,SOL,B,133.0,206.45,Open Long,0.0,3.706809,0xd4d3add1ec47379799000425f96824020b590073dc77a96fee1c5ff235fa1a81
1750541505178,2025-06-21T21:31:45.178000+00:00,SOL,B,133.0,0.88,Open Long,0.0,0.0158,0x269d67b315c9c3b2dbeb0425f96825020af50084f6da0c4d3320f9eb4d0feb80
1750541505178,2025-06-21T21:31:45.178000+00:00,SOL,B,133.0,3.42,Open Long,0.0,0.061406,0x00c4f220dc4a3928c80d0425f96825020af800bd9746724aed18af2dbbd5d640
1750541505178,2025-06-21T21:31:45.178000+00:00,SOL,B,133.0,321.44,Open Long,0.0,5.771455,0x6d110e34dc212cfe25680425f96825020b8000632feb276766a91d4eef06fd00
1750541505178,2025-06-21T21:31:45.178000+00:00,SOL,B,132.64,528.39,Open Long,0.0,9.461562,0x6d110e34dc212cfe25680425f96825020b8000632feb276766a91d4eef06fd00
1750541510842,2025-06-21T21:31:50.842000+00:00,SOL,B,132.29,34.8,Open Long,0.0,0.621498,0x045747509064b79d32df0425f9686c0214af00d25d8f2b2f4cabb3c8e2050eb1
1750541510842,2025-06-21T21:31:50.842000+00:00,SOL,B,132.29,97.05,Open Long,0.0,1.73323,0x8e8f26ccd05aef42852f0425f9686c0214b00059532630c51a53918a01f113ef
1750541510898,2025-06-21T21:31:50.898000+00:00,SOL,B,132.29,78.0,Open Long,0.0,1.393013,0x594423e76cc3d09fadf20425f9686d0205940046302e8d2f257fc703e41d04ca
1750541511032,2025-06-21T21:31:51.032000+00:00,SOL,B,132.29,22.62,Open Long,0.0,0.403973,0xe69acec13c8242f25ed30425f9686f0202b7007a1c00e91e86523477c80d71c0
1750541511087,2025-06-21T21:31:51.087000+00:00,SOL,B,132.29,7.56,Open Long,0.0,0.135015,0xa3df3eb0638320340f510425f9687002055b0050d74338357b3adaef79fcf189
1750541511087,2025-06-21T21:31:51.087000+00:00,SOL,B,132.29,4.54,Open Long,0.0,0.08108,0x2455a7904a1004d6a0f40425f9687002055e00cefa4ccf9e370726690f994792
1750541511167,2025-06-21T21:31:51.167000+00:00,SOL,B,132.29,60.0,Open Long,0.0,1.071549,0x48bef42c072829b1891a0425f96871020592008c52f012e73a1cacf220e44bec
1750541511309,2025-06-21T21:31:51.309000+00:00,SOL,B,132.29,0.93,Open Long,0.0,0.016609,0xb6b306a38682d082f0c30425f96873011300626e06b475abf181fa8ce627dfad
1750541511309,2025-06-21T21:31:51.309000+00:00,SOL,B,132.29,1.8,Open Long,0.0,0.032146,0xb6b306a38682d082f0c30425f96873011300626e06b475abf181fa8ce627dfad
1750541511309,2025-06-21T21:31:51.309000+00:00,SOL,B,132.29,2.14,Open Long,0.0,0.038218,0xb6b306a38682d082f0c30425f96873011300626e06b475abf181fa8ce627dfad
1750541511309,2025-06-21T21:31:51.309000+00:00,SOL,B,132.29,8.57,Open Long,0.0,0.153052,0xb6b306a38682d082f0c30425f96873011300626e06b475abf181fa8ce627dfad
1750541511309,2025-06-21T21:31:51.309000+00:00,SOL,B,132.29,44.63,Open Long,0.0,0.797053,0xb6b306a38682d082f0c30425f96873011300626e06b475abf181fa8ce627dfad
1750541511309,2025-06-21T21:31:51.309000+00:00,SOL,B,132.29,161.95,Open Long,0.0,2.892289,0xb6b306a38682d082f0c30425f96873011300626e06b475abf181fa8ce627dfad
1750541511309,2025-06-21T21:31:51.309000+00:00,SOL,B,131.93,520.79,Open Long,0.0,9.275556,0xb6b306a38682d082f0c30425f96873011300626e06b475abf181fa8ce627dfad
1750541511309,2025-06-21T21:31:51.309000+00:00,SOL,B,131.57,19.43,Open Long,0.0,0.345114,0xb6b306a38682d082f0c30425f96873011300626e06b475abf181fa8ce627dfad
1750541511309,2025-06-21T21:31:51.309000+00:00,SOL,B,131.57,6.48,Open Long,0.0,0.115097,0xb6b306a38682d082f0c30425f96873011300626e06b475abf181fa8ce627dfad
1750541511309,2025-06-21T21:31:51.309000+00:00,SOL,B,131.57,24.17,Open Long,0.0,0.429306,0xb6b306a38682d082f0c30425f96873011300626e06b475abf181fa8ce627dfad
1750541511309,2025-06-21T21:31:51.309000+00:00,SOL,B,131.57,32.9,Open Long,0.0,0.584368,0xb6b306a38682d082f0c30425f96873011300626e06b475abf181fa8ce627dfad
1750541511309,2025-06-21T21:31:51.309000+00:00,SOL,B,131.57,111.89,Open Long,0.0,1.987384,0xb6b306a38682d082f0c30425f96873011300626e06b475abf181fa8ce627dfad
1750541511309,2025-06-21T21:31:51.309000+00:00,SOL,B,131.57,14.52,Open Long,0.0,0.257903,0xb6b306a38682d082f0c30425f96873011300626e06b475abf181fa8ce627dfad
1750541511309,2025-06-21T21:31:51.309000+00:00,SOL,B,131.57,37.73,Open Long,0.0,0.670158,0xb6b306a38682d082f0c30425f96873011300626e06b475abf181fa8ce627dfad
1750541511309,2025-06-21T21:31:51.309000+00:00,SOL,B,131.57,106.77,Open Long,0.0,1.896443,0xb6b306a38682d082f0c30425f96873011300626e06b475abf181fa8ce627dfad
1750541511309,2025-06-21T21:31:51.309000+00:00,SOL,B,131.57,163.1,Open Long,0.0,2.896974,0xb6b306a38682d082f0c30425f96873011300626e06b475abf181fa8ce627dfad
1750541518462,2025-06-21T21:31:58.462000+00:00,SOL,B,131.21,203.83,Open Long,0.0,3.610512,0x0dc5d25de8d857ab26e50425f968ad01010089d0ae8c8942c7089c05a3595bd2
1750541518462,2025-06-21T21:31:58.462000+00:00,SOL,B,131.21,6.28,Open Long,0.0,0.111239,0x0dc5d25de8d857ab26e50425f968ad01010089d0ae8c8942c7089c05a3595bd2
1750541518462,2025-06-21T21:31:58.462000+00:00,SOL,B,131.21,3.98,Open Long,0.0,0.070499,0x0dc5d25de8d857ab26e50425f968ad01010089d0ae8c8942c7089c05a3595bd2
1750541518462,2025-06-21T21:31:58.462000+00:00,SOL,B,131.21,80.14,Open Long,0.0,1.419547,0x0dc5d25de8d857ab26e50425f968ad01010089d0ae8c8942c7089c05a3595bd2
1750541518462,2025-06-21T21:31:58.462000+00:00,SOL,B,131.21,32.33,Open Long,0.0,0.572672,0x0dc5d25de8d857ab26e50425f968ad01010089d0ae8c8942c7089c05a3595bd2
1750541518462,2025-06-21T21:31:58.462000+00:00,SOL,B,131.21,25.77,Open Long,0.0,0.456473,0x0dc5d25de8d857ab26e50425f968ad01010089d0ae8c8942c7089c05a3595bd2
1750541518462,2025-06-21T21:31:58.462000+00:00,SOL,B,131.21,160.86,Open Long,0.0,2.849369,0x0dc5d25de8d857ab26e50425f968ad01010089d0ae8c8942c7089c05a3595bd2
1750541518462,2025-06-21T21:31:58.462000+00:00,SOL,B,130.86,509.39,Open Long,0.0,8.998934,0x0dc5d25de8d857ab26e50425f968ad01010089d0ae8c8942c7089c05a3595bd2
1750552716282,2025-06-22T00:38:36.282000+00:00,SOL,A,137.01,265.0,Close Long,1343.8415,13.070754,0xd1c2ad0c7293ac17b3640425fb8e530216870097353d1235de378f7121b32c7e
1750552716282,2025-06-22T00:38:36.282000+00:00,SOL,A,137.01,116.78,Close Long,592.203058,5.76001,0xd1c2ad0c7293ac17b3640425fb8e530216870097353d1235de378f7121b32c7e
1750552716282,2025-06-22T00:38:36.282000+00:00,SOL,A,137.01,58.42,Close Long,296.253662,2.881484,0xd1c2ad0c7293ac17b3640425fb8e530216870097353d1235de378f7121b32c7e
1750552716282,2025-06-22T00:38:36.282000+00:00,SOL,A,137.01,5.0,Close Long,25.3555,0.246618,0xd1c2ad0c7293ac17b3640425fb8e530216870097353d1235de378f7121b32c7e
1750552716282,2025-06-22T00:38:36.282000+00:00,SOL,A,137.01,4.25,Close Long,21.552175,0.209625,0xd1c2ad0c7293ac17b3640425fb8e530216870097353d1235de378f7121b32c7e
1750552716282,2025-06-22T00:38:36.282000+00:00,SOL,A,137.01,233.65,Close Long,1184.862515,11.524459,0xd1c2ad0c7293ac17b3640425fb8e530216870097353d1235de378f7121b32c7e
1750552716282,2025-06-22T00:38:36.282000+00:00,SOL,A,137.01,20.0,Close Long,101.422,0.986472,0xd1c2ad0c7293ac17b3640425fb8e530216870097353d1235de378f7121b32c7e
1750552716282,2025-06-22T00:38:36.282000+00:00,SOL,A,137.01,62.5,Close Long,316.94375,3.082725,0xd1c2ad0c7293ac17b3640425fb8e530216870097353d1235de378f7121b32c7e
1750552716282,2025-06-22T00:38:36.282000+00:00,SOL,A,137.01,62.5,Close Long,316.94375,3.082725,0xd1c2ad0c7293ac17b3640425fb8e530216870097353d1235de378f7121b32c7e
1750552716282,2025-06-22T00:38:36.282000+00:00,SOL,A,137.01,255.45,Close Long,1295.412495,12.599713,0xd1c2ad0c7293ac17b3640425fb8e530216870097353d1235de378f7121b32c7e
1750552716282,2025-06-22T00:38:36.282000+00:00,SOL,A,137.01,62.5,Close Long,316.94375,3.082725,0xd1c2ad0c7293ac17b3640425fb8e530216870097353d1235de378f7121b32c7e
1750552716282,2025-06-22T00:38:36.282000+00:00,SOL,A,137.01,28.98,Close Long,146.960478,1.429397,0xd1c2ad0c7293ac17b3640425fb8e530216870097353d1235de378f7121b32c7e
1750552716282,2025-06-22T00:38:36.282000+00:00,SOL,A,137.01,14.46,Close Long,73.328106,0.713219,0xd1c2ad0c7293ac17b3640425fb8e530216870097353d1235de378f7121b32c7e
1750552716282,2025-06-22T00:38:36.282000+00:00,SOL,A,137.01,5.0,Close Long,25.3555,0.246618,0xd1c2ad0c7293ac17b3640425fb8e530216870097353d1235de378f7121b32c7e
1750552716282,2025-06-22T00:38:36.282000+00:00,SOL,A,137.01,145.97,Close Long,740.228467,7.199765,0xd1c2ad0c7293ac17b3640425fb8e530216870097353d1235de378f7121b32c7e
1750552716282,2025-06-22T00:38:36.282000+00:00,SOL,A,137.01,116.78,Close Long,592.203058,5.76001,0xd1c2ad0c7293ac17b3640425fb8e530216870097353d1235de378f7121b32c7e
1750552716282,2025-06-22T00:38:36.282000+00:00,SOL,A,137.01,127.72,Close Long,647.680892,6.29961,0xd1c2ad0c7293ac17b3640425fb8e530216870097353d1235de378f7121b32c7e
1750552716282,2025-06-22T00:38:36.282000+00:00,SOL,A,137.01,36.49,Close Long,185.044439,1.799818,0xd1c2ad0c7293ac17b3640425fb8e530216870097353d1235de378f7121b32c7e
1750552716282,2025-06-22T00:38:36.282000+00:00,SOL,A,137.01,6.52,Close Long,33.063572,0.321589,0xd1c2ad0c7293ac17b3640425fb8e530216870097353d1235de378f7121b32c7e
1750552716282,2025-06-22T00:38:36.282000+00:00,SOL,A,137.01,2017.56,Close Long,10231.248516,99.513322,0xd1c2ad0c7293ac17b3640425fb8e530216870097353d1235de378f7121b32c7e
1750553015260,2025-06-22T00:43:35.260000+00:00,SOL,A,136.8,19.75,Open Short,0.0,0.972648,0x7a3fd5300a865f4da46d0425fb9c750202500051fca502f5316c1bebd36ac215
1750553015260,2025-06-22T00:43:35.260000+00:00,SOL,A,136.79,10.68,Open Short,0.0,0.52593,0x7a3fd5300a865f4da46d0425fb9c750202500051fca502f5316c1bebd36ac215
1750553015260,2025-06-22T00:43:35.260000+00:00,SOL,A,136.79,16.75,Open Short,0.0,0.824843,0x7a3fd5300a865f4da46d0425fb9c750202500051fca502f5316c1bebd36ac215
1750553015260,2025-06-22T00:43:35.260000+00:00,SOL,A,136.79,298.53,Open Short,0.0,14.70093,0x7a3fd5300a865f4da46d0425fb9c750202500051fca502f5316c1bebd36ac215
1750553015260,2025-06-22T00:43:35.260000+00:00,SOL,A,136.79,121.55,Open Short,0.0,5.985656,0x7a3fd5300a865f4da46d0425fb9c750202500051fca502f5316c1bebd36ac215
1750553015260,2025-06-22T00:43:35.260000+00:00,SOL,A,136.78,121.55,Open Short,0.0,5.985219,0x7a3fd5300a865f4da46d0425fb9c750202500051fca502f5316c1bebd36ac215
1750553015260,2025-06-22T00:43:35.260000+00:00,SOL,A,136.78,365.56,Open Short,0.0,18.000466,0x7a3fd5300a865f4da46d0425fb9c750202500051fca502f5316c1bebd36ac215
1750553015260,2025-06-22T00:43:35.260000+00:00,SOL,A,136.78,365.52,Open Short,0.0,17.998497,0x7a3fd5300a865f4da46d0425fb9c750202500051fca502f5316c1bebd36ac215
1750553015260,2025-06-22T00:43:35.260000+00:00,SOL,A,136.78,48.21,Open Short,0.0,2.373898,0x7a3fd5300a865f4da46d0425fb9c750202500051fca502f5316c1bebd36ac215
1750553015260,2025-06-22T00:43:35.260000+00:00,SOL,A,136.78,29.87,Open Short,0.0,1.470822,0x7a3fd5300a865f4da46d0425fb9c750202500051fca502f5316c1bebd36ac215
1750553015260,2025-06-22T00:43:35.260000+00:00,SOL,A,136.78,181.74,Open Short,0.0,8.949022,0x7a3fd5300a865f4da46d0425fb9c750202500051fca502f5316c1bebd36ac215
1750553015260,2025-06-22T00:43:35.260000+00:00,SOL,A,136.78,2.52,Open Short,0.0,0.124086,0x7a3fd5300a865f4da46d0425fb9c750202500051fca502f5316c1bebd36ac215
1750553015260,2025-06-22T00:43:35.260000+00:00,SOL,A,136.78,9.5,Open Short,0.0,0.467787,0x7a3fd5300a865f4da46d0425fb9c750202500051fca502f5316c1bebd36ac215
1750553015260,2025-06-22T00:43:35.260000+00:00,SOL,A,136.78,45.79,Open Short,0.0,2.254736,0x7a3fd5300a865f4da46d0425fb9c750202500051fca502f5316c1bebd36ac215
1750553015260,2025-06-22T00:43:35.260000+00:00,SOL,A,136.78,291.43,Open Short,0.0,14.350246,0x7a3fd5300a865f4da46d0425fb9c750202500051fca502f5316c1bebd36ac215
1750553015260,2025-06-22T00:43:35.260000+00:00,SOL,A,136.78,2.52,Open Short,0.0,0.124086,0x7a3fd5300a865f4da46d0425fb9c750202500051fca502f5316c1bebd36ac215
1750553015260,2025-06-22T00:43:35.260000+00:00,SOL,A,136.78,14.61,Open Short,0.0,0.719408,0x7a3fd5300a865f4da46d0425fb9c750202500051fca502f5316c1bebd36ac215
1750553015260,2025-06-22T00:43:35.260000+00:00,SOL,A,136.78,10.79,Open Short,0.0,0.531308,0x7a3fd5300a865f4da46d0425fb9c750202500051fca502f5316c1bebd36ac215
1750553015260,2025-06-22T00:43:35.260000+00:00,SOL,A,136.78,4537.76,Open Short,0.0,223.442932,0x7a3fd5300a865f4da46d0425fb9c750202500051fca502f5316c1bebd36ac215
1750553015260,2025-06-22T00:43:35.260000+00:00,SOL,A,136.78,12.35,Open Short,0.0,0.608123,0x7a3fd5300a865f4da46d0425fb9c750202500051fca502f5316c1bebd36ac215
1750553015260,2025-06-22T00:43:35.260000+00:00,SOL,A,136.78,103.75,Open Short,0.0,5.108733,0x7a3fd5300a865f4da46d0425fb9c750202500051fca502f5316c1bebd36ac215
1750553015260,2025-06-22T00:43:35.260000+00:00,SOL,A,136.77,83.75,Open Short,0.0,4.123615,0x7a3fd5300a865f4da46d0425fb9c750202500051fca502f5316c1bebd36ac215
1750553015260,2025-06-22T00:43:35.260000+00:00,SOL,A,136.77,109.56,Open Short,0.0,5.394427,0x7a3fd5300a865f4da46d0425fb9c750202500051fca502f5316c1bebd36ac215
1750553015260,2025-06-22T00:43:35.260000+00:00,SOL,A,136.77,7.57,Open Short,0.0,0.372725,0x7a3fd5300a865f4da46d0425fb9c750202500051fca502f5316c1bebd36ac215
1750553015260,2025-06-22T00:43:35.260000+00:00,SOL,A,136.77,121.55,Open Short,0.0,5.984781,0x7a3fd5300a865f4da46d0425fb9c750202500051fca502f5316c1bebd36ac215
1750553015260,2025-06-22T00:43:35.260000+00:00,SOL,A,136.77,36.55,Open Short,0.0,1.799619,0x7a3fd5300a865f4da46d0425fb9c750202500051fca502f5316c1bebd36ac215
1750553015260,2025-06-22T00:43:35.260000+00:00,SOL,A,136.77,36.55,Open Short,0.0,1.799619,0x7a3fd5300a865f4da46d0425fb9c750202500051fca502f5316c1bebd36ac215
1750553015260,2025-06-22T00:43:35.260000+00:00,SOL,A,136.77,6.32,Open Short,0.0,0.311179,0x7a3fd5300a865f4da46d0425fb9c750202500051fca502f5316c1bebd36ac215
1750553015260,2025-06-22T00:43:35.260000+00:00,SOL,A,136.77,129.75,Open Short,0.0,6.388526,0x7a3fd5300a865f4da46d0425fb9c750202500051fca502f5316c1bebd36ac215
1750553015260,2025-06-22T00:43:35.260000+00:00,SOL,A,136.77,199.03,Open Short,0.0,9.799679,0x7a3fd5300a865f4da46d0425fb9c750202500051fca502f5316c1bebd36ac215
1750553015260,2025-06-22T00:43:35.260000+00:00,SOL,A,136.77,197.42,Open Short,0.0,9.720408,0x7a3fd5300a865f4da46d0425fb9c750202500051fca502f5316c1bebd36ac215
1750553015260,2025-06-22T00:43:35.260000+00:00,SOL,A,136.77,48.21,Open Short,0.0,2.373725,0x7a3fd5300a865f4da46d0425fb9c750202500051fca502f5316c1bebd36ac215
1750553015260,2025-06-22T00:43:35.260000+00:00,SOL,A,136.77,138.1,Open Short,0.0,6.799657,0x7a3fd5300a865f4da46d0425fb9c750202500051fca502f5316c1bebd36ac215
1750553015260,2025-06-22T00:43:35.260000+00:00,SOL,A,136.77,17.0,Open Short,0.0,0.837032,0x7a3fd5300a865f4da46d0425fb9c750202500051fca502f5316c1bebd36ac215
1750553015260,2025-06-22T00:43:35.260000+00:00,SOL,A,136.77,41.9,Open Short,0.0,2.063038,0x7a3fd5300a865f4da46d0425fb9c750202500051fca502f5316c1bebd36ac215
1750553015260,2025-06-22T00:43:35.260000+00:00,SOL,A,136.76,306.67,Open Short,0.0,15.098468,0x7a3fd5300a865f4da46d0425fb9c750202500051fca502f5316c1bebd36ac215
1750586555758,2025-06-22T10:02:35.758000+00:00,SOL,B,132.05,5.93,Close Short,28.038819,0.2819,0x6e413bc9445c75e99fea0426021701010a005d2d8aee7dcc7eca09c1d31bb160
1750586555758,2025-06-22T10:02:35.758000+00:00,SOL,B,132.05,15.16,Close Short,71.681028,0.720676,0x6e413bc9445c75e99fea0426021701010a005d2d8aee7dcc7eca09c1d31bb160
1750586555758,2025-06-22T10:02:35.758000+00:00,SOL,B,132.06,60.52,Close Short,285.551516,2.877217,0x6e413bc9445c75e99fea0426021701010a005d2d8aee7dcc7eca09c1d31bb160
1750586555758,2025-06-22T10:02:35.758000+00:00,SOL,B,132.06,121.13,Close Short,571.527679,5.758714,0x6e413bc9445c75e99fea0426021701010a005d2d8aee7dcc7eca09c1d31bb160
1750586555758,2025-06-22T10:02:35.758000+00:00,SOL,B,132.06,64.1,Close Short,302.44303,3.047416,0x6e413bc9445c75e99fea0426021701010a005d2d8aee7dcc7eca09c1d31bb160
1750586555758,2025-06-22T10:02:35.758000+00:00,SOL,B,132.06,45.08,Close Short,212.700964,2.143175,0x6e413bc9445c75e99fea0426021701010a005d2d8aee7dcc7eca09c1d31bb160
1750586555758,2025-06-22T10:02:35.758000+00:00,SOL,B,132.06,241.66,Close Short,1140.224378,11.488903,0x6e413bc9445c75e99fea0426021701010a005d2d8aee7dcc7eca09c1d31bb160
1750586555758,2025-06-22T10:02:35.758000+00:00,SOL,B,132.06,118.18,Close Short,557.608694,5.618466,0x6e413bc9445c75e99fea0426021701010a005d2d8aee7dcc7eca09c1d31bb160
1750586555758,2025-06-22T10:02:35.758000+00:00,SOL,B,132.06,5.0,Close Short,23.5915,0.237708,0x6e413bc9445c75e99fea0426021701010a005d2d8aee7dcc7eca09c1d31bb160
1750586555758,2025-06-22T10:02:35.758000+00:00,SOL,B,132.07,5.0,Close Short,23.5415,0.237726,0x6e413bc9445c75e99fea0426021701010a005d2d8aee7dcc7eca09c1d31bb160
1750586555758,2025-06-22T10:02:35.758000+00:00,SOL,B,132.07,5.0,Close Short,23.5415,0.237726,0x6e413bc9445c75e99fea0426021701010a005d2d8aee7dcc7eca09c1d31bb160
1750586555758,2025-06-22T10:02:35.758000+00:00,SOL,B,132.07,5.0,Close Short,23.5415,0.237726,0x6e413bc9445c75e99fea0426021701010a005d2d8aee7dcc7eca09c1d31bb160
1750586555758,2025-06-22T10:02:35.758000+00:00,SOL,B,132.07,6.52,Close Short,30.698116,0.309994,0x6e413bc9445c75e99fea0426021701010a005d2d8aee7dcc7eca09c1d31bb160
1750586555758,2025-06-22T10:02:35.758000+00:00,SOL,B,132.07,747.8,Close Short,3520.86674,35.5543,0x6e413bc9445c75e99fea0426021701010a005d2d8aee7dcc7eca09c1d31bb160
1750586555758,2025-06-22T10:02:35.758000+00:00,SOL,B,132.07,132.49,Close Short,623.802667,6.299263,0x6e413bc9445c75e99fea0426021701010a005d2d8aee7dcc7eca09c1d31bb160
1750586555758,2025-06-22T10:02:35.758000+00:00,SOL,B,132.07,127.4,Close Short,599.83742,6.057258,0x6e413bc9445c75e99fea0426021701010a005d2d8aee7dcc7eca09c1d31bb160
1750586555758,2025-06-22T10:02:35.758000+00:00,SOL,B,132.07,60.52,Close Short,284.946316,2.877435,0x6e413bc9445c75e99fea0426021701010a005d2d8aee7dcc7eca09c1d31bb160
1750586555758,2025-06-22T10:02:35.758000+00:00,SOL,B,132.07,121.13,Close Short,570.316379,5.75915,0x6e413bc9445c75e99fea0426021701010a005d2d8aee7dcc7eca09c1d31bb160
1750586555758,2025-06-22T10:02:35.758000+00:00,SOL,B,132.07,15.14,Close Short,71.283662,0.719834,0x6e413bc9445c75e99fea0426021701010a005d2d8aee7dcc7eca09c1d31bb160
1750586555758,2025-06-22T10:02:35.758000+00:00,SOL,B,132.07,908.3,Close Short,4276.54889,43.185305,0x6e413bc9445c75e99fea0426021701010a005d2d8aee7dcc7eca09c1d31bb160
1750586555758,2025-06-22T10:02:35.758000+00:00,SOL,B,132.07,20.0,Close Short,94.166,0.950904,0x6e413bc9445c75e99fea0426021701010a005d2d8aee7dcc7eca09c1d31bb160
1750586555758,2025-06-22T10:02:35.758000+00:00,SOL,B,132.07,20.0,Close Short,94.166,0.950904,0x6e413bc9445c75e99fea0426021701010a005d2d8aee7dcc7eca09c1d31bb160
1750586555758,2025-06-22T10:02:35.758000+00:00,SOL,B,132.07,64.1,Close Short,301.80203,3.047647,0x6e413bc9445c75e99fea0426021701010a005d2d8aee7dcc7eca09c1d31bb160
1750586555758,2025-06-22T10:02:35.758000+00:00,SOL,B,132.07,45.08,Close Short,212.250164,2.143337,0x6e413bc9445c75e99fea0426021701010a005d2d8aee7dcc7eca09c1d31bb160
1750586555758,2025-06-22T10:02:35.758000+00:00,SOL,B,132.07,241.66,Close Short,1137.807778,11.489773,0x6e413bc9445c75e99fea0426021701010a005d2d8aee7dcc7eca09c1d31bb160
1750586555758,2025-06-22T10:02:35.758000+00:00,SOL,B,132.07,25.0,Close Short,117.7075,1.18863,0x6e413bc9445c75e99fea0426021701010a005d2d8aee7dcc7eca09c1d31bb160
1750586555758,2025-06-22T10:02:35.758000+00:00,SOL,B,132.07,149.0,Close Short,701.5367,7.084234,0x6e413bc9445c75e99fea0426021701010a005d2d8aee7dcc7eca09c1d31bb160
1750586555758,2025-06-22T10:02:35.758000+00:00,SOL,B,132.07,5.0,Close Short,23.5415,0.237726,0x6e413bc9445c75e99fea0426021701010a005d2d8aee7dcc7eca09c1d31bb160
1750586555758,2025-06-22T10:02:35.758000+00:00,SOL,B,132.07,5.0,Close Short,23.5415,0.237726,0x6e413bc9445c75e99fea0426021701010a005d2d8aee7dcc7eca09c1d31bb160
1750586555758,2025-06-22T10:02:35.758000+00:00,SOL,B,132.07,6.52,Close Short,30.698116,0.309994,0x6e413bc9445c75e99fea0426021701010a005d2d8aee7dcc7eca09c1d31bb160
1750586555758,2025-06-22T10:02:35.758000+00:00,SOL,B,132.07,1313.66,Close Short,6185.105378,62.458227,0x6e413bc9445c75e99fea0426021701010a005d2d8aee7dcc7eca09c1d31bb160
1750586555758,2025-06-22T10:02:35.758000+00:00,SOL,B,132.07,37.0,Close Short,174.2071,1.759172,0x6e413bc9445c75e99fea0426021701010a005d2d8aee7dcc7eca09c1d31bb160
1750586555758,2025-06-22T10:02:35.758000+00:00,SOL,B,132.07,378.6,Close Short,1782.56238,18.000612,0x6e413bc9445c75e99fea0426021701010a005d2d8aee7dcc7eca09c1d31bb160
1750586555758,2025-06-22T10:02:35.758000+00:00,SOL,B,132.08,5.0,Close Short,23.4915,0.237744,0x6e413bc9445c75e99fea0426021701010a005d2d8aee7dcc7eca09c1d31bb160
1750586555758,2025-06-22T10:02:35.758000+00:00,SOL,B,132.08,32.71,Close Short,153.681393,1.555321,0x6e413bc9445c75e99fea0426021701010a005d2d8aee7dcc7eca09c1d31bb160
1750586555758,2025-06-22T10:02:35.758000+00:00,SOL,B,132.08,5.0,Close Short,23.4915,0.237744,0x6e413bc9445c75e99fea0426021701010a005d2d8aee7dcc7eca09c1d31bb160
1750586555758,2025-06-22T10:02:35.758000+00:00,SOL,B,132.08,5.0,Close Short,23.4915,0.237744,0x6e413bc9445c75e99fea0426021701010a005d2d8aee7dcc7eca09c1d31bb160
1750586555758,2025-06-22T10:02:35.758000+00:00,SOL,B,132.08,63.84,Close Short,299.939472,3.035515,0x6e413bc9445c75e99fea0426021701010a005d2d8aee7dcc7eca09c1d31bb160
1750586555758,2025-06-22T10:02:35.758000+00:00,SOL,B,132.08,5.0,Close Short,23.4915,0.237744,0x6e413bc9445c75e99fea0426021701010a005d2d8aee7dcc7eca09c1d31bb160
1750586555758,2025-06-22T10:02:35.758000+00:00,SOL,B,132.08,5.0,Close Short,23.4915,0.237744,0x6e413bc9445c75e99fea0426021701010a005d2d8aee7dcc7eca09c1d31bb160
1750586555758,2025-06-22T10:02:35.758000+00:00,SOL,B,132.08,83.75,Close Short,393.482625,3.982212,0x6e413bc9445c75e99fea0426021701010a005d2d8aee7dcc7eca09c1d31bb160
1750586555758,2025-06-22T10:02:35.758000+00:00,SOL,B,132.09,96.47,Close Short,452.280301,4.58738,0x6e413bc9445c75e99fea0426021701010a005d2d8aee7dcc7eca09c1d31bb160
1750586555758,2025-06-22T10:02:35.758000+00:00,SOL,B,132.09,5.0,Close Short,23.4415,0.237762,0x6e413bc9445c75e99fea0426021701010a005d2d8aee7dcc7eca09c1d31bb160
1750586555758,2025-06-22T10:02:35.758000+00:00,SOL,B,132.09,5.0,Close Short,23.4415,0.237762,0x6e413bc9445c75e99fea0426021701010a005d2d8aee7dcc7eca09c1d31bb160
1750586555758,2025-06-22T10:02:35.758000+00:00,SOL,B,132.09,5.0,Close Short,23.4415,0.237762,0x6e413bc9445c75e99fea0426021701010a005d2d8aee7dcc7eca09c1d31bb160
1750586555758,2025-06-22T10:02:35.758000+00:00,SOL,B,132.09,5.0,Close Short,23.4415,0.237762,0x6e413bc9445c75e99fea0426021701010a005d2d8aee7dcc7eca09c1d31bb160
1750586555758,2025-06-22T10:02:35.758000+00:00,SOL,B,132.09,5.0,Close Short,23.4415,0.237762,0x6e413bc9445c75e99fea0426021701010a005d2d8aee7dcc7eca09c1d31bb160
1750586555758,2025-06-22T10:02:35.758000+00:00,SOL,B,132.09,1313.66,Close Short,6158.832178,62.467685,0x6e413bc9445c75e99fea0426021701010a005d2d8aee7dcc7eca09c1d31bb160
1750586555758,2025-06-22T10:02:35.758000+00:00,SOL,B,132.09,23.56,Close Short,110.456348,1.120334,0x6e413bc9445c75e99fea0426021701010a005d2d8aee7dcc7eca09c1d31bb160
1750586555758,2025-06-22T10:02:35.758000+00:00,SOL,B,132.09,2.95,Close Short,13.830485,0.140279,0x6e413bc9445c75e99fea0426021701010a005d2d8aee7dcc7eca09c1d31bb160
1750586555758,2025-06-22T10:02:35.758000+00:00,SOL,B,132.1,166.77,Close Short,780.200091,7.930914,0x6e413bc9445c75e99fea0426021701010a005d2d8aee7dcc7eca09c1d31bb160
1750586555758,2025-06-22T10:02:35.758000+00:00,SOL,B,132.1,143.93,Close Short,673.347719,6.844735,0x6e413bc9445c75e99fea0426021701010a005d2d8aee7dcc7eca09c1d31bb160
1750586555758,2025-06-22T10:02:35.758000+00:00,SOL,B,132.1,45.74,Close Short,213.985442,2.175211,0x6e413bc9445c75e99fea0426021701010a005d2d8aee7dcc7eca09c1d31bb160
1750586555758,2025-06-22T10:02:35.758000+00:00,SOL,B,132.1,45.44,Close Short,212.581952,2.160944,0x6e413bc9445c75e99fea0426021701010a005d2d8aee7dcc7eca09c1d31bb160
1750586555758,2025-06-22T10:02:35.758000+00:00,SOL,B,132.1,12.68,Close Short,59.320844,0.60301,0x6e413bc9445c75e99fea0426021701010a005d2d8aee7dcc7eca09c1d31bb160
1750586555758,2025-06-22T10:02:35.758000+00:00,SOL,B,132.1,747.8,Close Short,3498.43274,35.562376,0x6e413bc9445c75e99fea0426021701010a005d2d8aee7dcc7eca09c1d31bb160
1750586555758,2025-06-22T10:02:35.758000+00:00,SOL,B,132.1,9.55,Close Short,44.677765,0.454159,0x6e413bc9445c75e99fea0426021701010a005d2d8aee7dcc7eca09c1d31bb160
1750586555758,2025-06-22T10:02:35.758000+00:00,SOL,B,132.1,83.75,Close Short,391.807625,3.982815,0x6e413bc9445c75e99fea0426021701010a005d2d8aee7dcc7eca09c1d31bb160
1750586555758,2025-06-22T10:02:35.758000+00:00,SOL,B,132.1,46.38,Close Short,216.979554,2.205647,0x6e413bc9445c75e99fea0426021701010a005d2d8aee7dcc7eca09c1d31bb160
1750598741221,2025-06-22T13:25:41.221000+00:00,SOL,B,130.0,59.04,Open Long,0.0,0.828921,0x51f3d465acb99ce40c3c042604774c020b2600cc88c3a4a1b9853b615011ddbe
1750598741221,2025-06-22T13:25:41.221000+00:00,SOL,B,130.0,28.02,Open Long,0.0,0.3934,0x51f3d465acb99ce40c3c042604774c020b2600cc88c3a4a1b9853b615011ddbe
1750598741221,2025-06-22T13:25:41.221000+00:00,SOL,B,130.0,6.72,Open Long,0.0,0.094348,0x51f3d465acb99ce40c3c042604774c020b2600cc88c3a4a1b9853b615011ddbe
1750598741221,2025-06-22T13:25:41.221000+00:00,SOL,B,130.0,0.8,Open Long,0.0,0.011232,0x51f3d465acb99ce40c3c042604774c020b2600cc88c3a4a1b9853b615011ddbe
1750598741221,2025-06-22T13:25:41.221000+00:00,SOL,B,130.0,1.2,Open Long,0.0,0.016848,0x51f3d465acb99ce40c3c042604774c020b2600cc88c3a4a1b9853b615011ddbe
1750598741221,2025-06-22T13:25:41.221000+00:00,SOL,B,130.0,23.86,Open Long,0.0,0.334994,0x51f3d465acb99ce40c3c042604774c020b2600cc88c3a4a1b9853b615011ddbe
1750598741221,2025-06-22T13:25:41.221000+00:00,SOL,B,130.0,125.0,Open Long,0.0,1.755,0x51f3d465acb99ce40c3c042604774c020b2600cc88c3a4a1b9853b615011ddbe
1750598741221,2025-06-22T13:25:41.221000+00:00,SOL,B,130.0,197.92,Open Long,0.0,2.778796,0x51f3d465acb99ce40c3c042604774c020b2600cc88c3a4a1b9853b615011ddbe
1750598741221,2025-06-22T13:25:41.221000+00:00,SOL,B,130.0,46.22,Open Long,0.0,0.648928,0x51f3d465acb99ce40c3c042604774c020b2600cc88c3a4a1b9853b615011ddbe
1750598741221,2025-06-22T13:25:41.221000+00:00,SOL,B,130.0,245.0,Open Long,0.0,3.4398,0x51f3d465acb99ce40c3c042604774c020b2600cc88c3a4a1b9853b615011ddbe
1750598741221,2025-06-22T13:25:41.221000+00:00,SOL,B,130.0,16.79,Open Long,0.0,0.235731,0x51f3d465acb99ce40c3c042604774c020b2600cc88c3a4a1b9853b615011ddbe
1750598741221,2025-06-22T13:25:41.221000+00:00,SOL,B,130.0,4.43,Open Long,0.0,0.062197,0x51f3d465acb99ce40c3c042604774c020b2600cc88c3a4a1b9853b615011ddbe
1750598741221,2025-06-22T13:25:41.221000+00:00,SOL,B,130.0,4.78,Open Long,0.0,0.067111,0x51f3d465acb99ce40c3c042604774c020b2600cc88c3a4a1b9853b615011ddbe
1750598741221,2025-06-22T13:25:41.221000+00:00,SOL,B,130.0,0.5,Open Long,0.0,0.00702,0x51f3d465acb99ce40c3c042604774c020b2600cc88c3a4a1b9853b615011ddbe
1750598741221,2025-06-22T13:25:41.221000+00:00,SOL,B,130.0,157.74,Open Long,0.0,2.214669,0x51f3d465acb99ce40c3c042604774c020b2600cc88c3a4a1b9853b615011ddbe
1750598742703,2025-06-22T13:25:42.703000+00:00,SOL,B,129.78,938.42,Open Long,0.0,13.153119,0x99d295e6d413a3adcc4c04260477600203b800db0ab5d6136cc5cbfe0fd18765
1750598788688,2025-06-22T13:26:28.688000+00:00,SOL,B,129.56,51.92,Open Long,0.0,0.726489,0xf9578f0ed671bb59e828042604799802020000120f53f0326ab5995f3954a6da
1750598788688,2025-06-22T13:26:28.688000+00:00,SOL,B,129.56,169.25,Open Long,0.0,2.368227,0xf9578f0ed671bb59e828042604799802020000120f53f0326ab5995f3954a6da
1750598788688,2025-06-22T13:26:28.688000+00:00,SOL,B,129.56,10.28,Open Long,0.0,0.143842,0xf9578f0ed671bb59e828042604799802020000120f53f0326ab5995f3954a6da
1750598789125,2025-06-22T13:26:29.125000+00:00,SOL,B,129.56,0.26,Open Long,0.0,0.003638,0x5ea9706bee0af7ab614a042604799f0203a80041426a8af974e7835d53b54fbf
1750598789184,2025-06-22T13:26:29.184000+00:00,SOL,B,129.56,11.44,Open Long,0.0,0.160073,0x29b188f1903b16210e1204260479a0020502007419d1eabe72fb9bdc1b800f99
1750598789769,2025-06-22T13:26:29.769000+00:00,SOL,B,129.56,189.0,Open Long,0.0,2.644578,0xb5563046c2ae55153d3904260479a80201ce0073f3c0b70e0fe4e328675100db
1750598789769,2025-06-22T13:26:29.769000+00:00,SOL,B,129.56,4.44,Open Long,0.0,0.062126,0xa3a3655b30d05089c36b04260479a80201cf0059f91a2047642ba894a3947372
1750598789769,2025-06-22T13:26:29.769000+00:00,SOL,B,129.56,10.0,Open Long,0.0,0.139924,0xa55e5ab79871ea00b1fb04260479a80201d0000d0705f24ba49aed15099b5c35
1750598789769,2025-06-22T13:26:29.769000+00:00,SOL,B,129.56,23.78,Open Long,0.0,0.332741,0x87542f799a35168fad6804260479a80201d300297cf43e7bc209bae6cd1fdbb6
1750598789769,2025-06-22T13:26:29.769000+00:00,SOL,B,129.56,30.32,Open Long,0.0,0.424251,0x3e42d856c2eeb88d8cc904260479a80201d40097e8faf252cd5ef2d95de84851
1750598789769,2025-06-22T13:26:29.769000+00:00,SOL,B,129.56,10.0,Open Long,0.0,0.139924,0x24c56684328e991e470c04260479a80201d500437a8a1368226b2b58c1b1dbc8
1750598789848,2025-06-22T13:26:29.848000+00:00,SOL,B,129.56,175.64,Open Long,0.0,2.457639,0x1fb2c623bd18d8926d0604260479a90203b800a831862e2e9f9a71abcca602d1
1750598789848,2025-06-22T13:26:29.848000+00:00,SOL,B,129.56,25.08,Open Long,0.0,0.350931,0x16e0585b69784fae921f04260479a90203df009a1ce3be704987d247077355d1
1750598789848,2025-06-22T13:26:29.848000+00:00,SOL,B,129.56,30.32,Open Long,0.0,0.424251,0xb074c78883a4e3f48bdf04260479a90203e0008fc303d29706550e801c741e50
1750598789848,2025-06-22T13:26:29.848000+00:00,SOL,B,129.56,100.71,Open Long,0.0,1.409182,0xbe3b47e22db55e0dd80d04260479a90203e100368f9ffdcba46da95db9eb78fe
1750598789848,2025-06-22T13:26:29.848000+00:00,SOL,B,129.56,116.38,Open Long,0.0,1.628444,0x1e4e21f67a617799dcf704260479a90203e200d013455c3adaf73be92d31e574
1750598807398,2025-06-22T13:26:47.398000+00:00,SOL,B,129.33,979.23,Open Long,0.0,13.677532,0x2d47a75c81f0cc8d38920426047a8e020378005364eef8cb10beeb9f605c546f
1750598869584,2025-06-22T13:27:49.584000+00:00,SOL,B,129.11,2.6,Open Long,0.0,0.036254,0xcb2d19aee29e3e423e050426047d620205cb00bb460c677c8b58b6cbc5fa21a6
1750598870135,2025-06-22T13:27:50.135000+00:00,SOL,B,129.11,0.71,Open Long,0.0,0.0099,0x6974515cc36a0ffe6c270426047d660203d500be8ab2d114c50377c45051452f
1750598870135,2025-06-22T13:27:50.135000+00:00,SOL,B,129.11,0.76,Open Long,0.0,0.010597,0x6974515cc36a0ffe6c270426047d660203d500be8ab2d114c50377c45051452f
1750598870135,2025-06-22T13:27:50.135000+00:00,SOL,B,129.11,3.65,Open Long,0.0,0.050895,0x6974515cc36a0ffe6c270426047d660203d500be8ab2d114c50377c45051452f
1750598870135,2025-06-22T13:27:50.135000+00:00,SOL,B,129.11,4.1,Open Long,0.0,0.057169,0x6974515cc36a0ffe6c270426047d660203d500be8ab2d114c50377c45051452f
1750598870135,2025-06-22T13:27:50.135000+00:00,SOL,B,129.11,24.19,Open Long,0.0,0.337302,0x6974515cc36a0ffe6c270426047d660203d500be8ab2d114c50377c45051452f
1750598870135,2025-06-22T13:27:50.135000+00:00,SOL,B,129.11,6.88,Open Long,0.0,0.095933,0x6974515cc36a0ffe6c270426047d660203d500be8ab2d114c50377c45051452f
1750598870135,2025-06-22T13:27:50.135000+00:00,SOL,B,129.11,0.19,Open Long,0.0,0.002649,0x6974515cc36a0ffe6c270426047d660203d500be8ab2d114c50377c45051452f
1750598870135,2025-06-22T13:27:50.135000+00:00,SOL,B,129.11,22.64,Open Long,0.0,0.315689,0x6974515cc36a0ffe6c270426047d660203d500be8ab2d114c50377c45051452f
1750598870135,2025-06-22T13:27:50.135000+00:00,SOL,B,129.11,186.15,Open Long,0.0,2.595653,0x6974515cc36a0ffe6c270426047d660203d500be8ab2d114c50377c45051452f
1750598870135,2025-06-22T13:27:50.135000+00:00,SOL,B,129.11,5.41,Open Long,0.0,0.075436,0x6974515cc36a0ffe6c270426047d660203d500be8ab2d114c50377c45051452f
1750598870135,2025-06-22T13:27:50.135000+00:00,SOL,B,129.11,277.73,Open Long,0.0,3.872633,0x6974515cc36a0ffe6c270426047d660203d500be8ab2d114c50377c45051452f
1750598870135,2025-06-22T13:27:50.135000+00:00,SOL,B,129.11,2.56,Open Long,0.0,0.035696,0x6974515cc36a0ffe6c270426047d660203d500be8ab2d114c50377c45051452f
1750598870135,2025-06-22T13:27:50.135000+00:00,SOL,B,129.11,0.25,Open Long,0.0,0.003485,0x6974515cc36a0ffe6c270426047d660203d500be8ab2d114c50377c45051452f
1750598870135,2025-06-22T13:27:50.135000+00:00,SOL,B,129.11,3.97,Open Long,0.0,0.055357,0x6974515cc36a0ffe6c270426047d660203d500be8ab2d114c50377c45051452f
1750598870135,2025-06-22T13:27:50.135000+00:00,SOL,B,129.11,10.0,Open Long,0.0,0.139438,0x6974515cc36a0ffe6c270426047d660203d500be8ab2d114c50377c45051452f
1750598870135,2025-06-22T13:27:50.135000+00:00,SOL,B,129.11,0.74,Open Long,0.0,0.010318,0x6974515cc36a0ffe6c270426047d660203d500be8ab2d114c50377c45051452f
1750598870135,2025-06-22T13:27:50.135000+00:00,SOL,B,129.11,7.25,Open Long,0.0,0.101093,0x6974515cc36a0ffe6c270426047d660203d500be8ab2d114c50377c45051452f
1750598870135,2025-06-22T13:27:50.135000+00:00,SOL,B,129.11,217.86,Open Long,0.0,3.037813,0x6974515cc36a0ffe6c270426047d660203d500be8ab2d114c50377c45051452f
1750598870135,2025-06-22T13:27:50.135000+00:00,SOL,B,129.11,20.1,Open Long,0.0,0.280271,0xe7474e5d150d7e6b6c100426047d660205e000a62b7b434a357db41f11be4509
1750598870135,2025-06-22T13:27:50.135000+00:00,SOL,B,129.11,2.0,Open Long,0.0,0.027887,0x94d0d0b14f0eaf5242ab0426047d660205ec009224b5e4dacfdb0914b0ac2d18
1750598870135,2025-06-22T13:27:50.135000+00:00,SOL,B,129.11,2.85,Open Long,0.0,0.03974,0xadb2dc29a961725865a10426047d660205f900ded21d99fb07c70e640ad3e6e5
1750598870197,2025-06-22T13:27:50.197000+00:00,SOL,B,129.11,168.28,Open Long,0.0,2.346476,0x76a0a706ffd70b823fe10426047d67020b07005741612914587eec15e1756421
1750598870197,2025-06-22T13:27:50.197000+00:00,SOL,B,129.11,28.76,Open Long,0.0,0.401025,0x78f139cd6f0b0c894ea10426047d67020b6e0054bd5c92886cdb34fe4a5d7f5f
1750598872574,2025-06-22T13:27:52.574000+00:00,SOL,B,128.89,1020.03,Open Long,0.0,14.19894,0x2b9e2beeb5412228a31c0426047d79022c1a00fb00f94b1bb811ca74846c6544
1750598872674,2025-06-22T13:27:52.674000+00:00,SOL,B,128.67,1040.43,Open Long,0.0,14.458189,0xd268aa2e861c19ac82bc0426047d7b0209bf0082ef88f707e8b21b491f30dad9
1750598891072,2025-06-22T13:28:11.072000+00:00,SOL,B,128.44,1060.83,Open Long,0.0,14.715324,0xb14afa4928cd106d6cc60426047e3d014e00b5065eb64610117f56e1a4d536ad
1750598891072,2025-06-22T13:28:11.072000+00:00,SOL,B,128.22,1081.23,Open Long,0.0,14.972613,0xb14afa4928cd106d6cc60426047e3d014e00b5065eb64610117f56e1a4d536ad
1750598894572,2025-06-22T13:28:14.572000+00:00,SOL,B,128.0,639.58,Open Long,0.0,8.841553,0x8c110588511d60540b870426047e60021b2000f14bfcdb1e9dd6025a41773b4c
1750598894572,2025-06-22T13:28:14.572000+00:00,SOL,B,128.0,2.0,Open Long,0.0,0.027648,0x8c110588511d60540b870426047e60021b2000f14bfcdb1e9dd6025a41773b4c
1750598894572,2025-06-22T13:28:14.572000+00:00,SOL,B,128.0,460.05,Open Long,0.0,6.359731,0x8c110588511d60540b870426047e60021b2000f14bfcdb1e9dd6025a41773b4c
1750623194869,2025-06-22T20:13:14.869000+00:00,SOL,B,127.0,288.76,Open Long,0.0,3.960632,0x3c95d65533804d4378e6042609245d020377003facae2021400e25960e1c7cf0
1750623203510,2025-06-22T20:13:23.510000+00:00,SOL,B,126.56,20.77,Open Long,0.0,0.283894,0x2ebcccbc10cfa9368e0d04260924c6020b2000c1af954d1280b43ac8d0539fa7
1750623203510,2025-06-22T20:13:23.510000+00:00,SOL,B,126.56,49.0,Open Long,0.0,0.669755,0x8454c43528f91f06d11904260924c6020b25009ecb81703acd460e797f3fcfb7
1750623203753,2025-06-22T20:13:23.753000+00:00,SOL,B,126.56,37.25,Open Long,0.0,0.50915,0x2cff914752eafa0ba17e04260924ca02042300f740ef6bb99474d8a9edbe5bd9
1750623203892,2025-06-22T20:13:23.892000+00:00,SOL,B,126.56,2.8,Open Long,0.0,0.038271,0x5600d31ad41c6ae4ada704260924cc02067e002fffc593d19977ecc087d62abd
1750623203892,2025-06-22T20:13:23.892000+00:00,SOL,B,126.56,8.0,Open Long,0.0,0.109347,0x6877f4b7da658c14802804260924cc0206e000c43718f376bff5e894fa275c52
1750623203892,2025-06-22T20:13:23.892000+00:00,SOL,B,126.56,4.99,Open Long,0.0,0.068205,0xd0574187b430f66746d604260924cc0206e1009b71590fcef33c50d6605430a3
1750623203892,2025-06-22T20:13:23.892000+00:00,SOL,B,126.56,14.67,Open Long,0.0,0.200516,0x01eca231266c9e95672304260924cc0206e700ad73ef18d3716267e331504a0d
1750623203949,2025-06-22T20:13:23.949000+00:00,SOL,B,126.56,31.45,Open Long,0.0,0.429873,0x986cf79c2a9832fe35e304260924cd0203b200d5ae2a031d9ff357ac33a93267
1750623204090,2025-06-22T20:13:24.090000+00:00,SOL,B,126.56,25.3,Open Long,0.0,0.345812,0x78073da147def23b6c9d04260924cf0205f8003a38c5dbb78d0a905ad0735dd6
1750623204090,2025-06-22T20:13:24.090000+00:00,SOL,B,126.56,12.24,Open Long,0.0,0.167302,0x8329e38b37f84c2904be04260924cf0205fa00db9cea4f24169221c4977b0992
1750623204090,2025-06-22T20:13:24.090000+00:00,SOL,B,126.56,16.78,Open Long,0.0,0.229357,0xedb20118004a71a42afa04260924cf02066200eb53576e76f0e66ac1abfac82d
1750623204090,2025-06-22T20:13:24.090000+00:00,SOL,B,126.56,49.12,Open Long,0.0,0.671395,0xaffdfaa388cd477e048804260924cf020663010325efd010bf869c29cf33fead
1750623204218,2025-06-22T20:13:24.218000+00:00,SOL,B,126.56,6.5,Open Long,0.0,0.088845,0x6b9a374a47723ae2da2604260924d102055b006b024c065eff782bb758817f95
1750623204218,2025-06-22T20:13:24.218000+00:00,SOL,B,126.56,6.68,Open Long,0.0,0.091305,0x870f2690a043ed573d1704260924d102056400bc3a434bb75064b386808ad2ba
1750633342597,2025-06-22T23:02:22.597000+00:00,SOL,A,132.18,2.61,Close Long,8.703045,0.124196,0xe7bc2dd3a871481ed5a104260b137b020180001d83fd3bb4b6908f5a84fe0eec
1750633342597,2025-06-22T23:02:22.597000+00:00,SOL,A,132.18,149.24,Close Long,497.64078,7.101555,0xe7bc2dd3a871481ed5a104260b137b020180001d83fd3bb4b6908f5a84fe0eec
1750633342597,2025-06-22T23:02:22.597000+00:00,SOL,A,132.18,37.82,Close Long,126.11079,1.799657,0xe7bc2dd3a871481ed5a104260b137b020180001d83fd3bb4b6908f5a84fe0eec
1750633342597,2025-06-22T23:02:22.597000+00:00,SOL,A,132.18,302.19,Close Long,1007.652555,14.37965,0xe7bc2dd3a871481ed5a104260b137b020180001d83fd3bb4b6908f5a84fe0eec
1750633342597,2025-06-22T23:02:22.597000+00:00,SOL,A,132.18,0.5,Close Long,1.66725,0.023792,0xe7bc2dd3a871481ed5a104260b137b020180001d83fd3bb4b6908f5a84fe0eec
1750633342597,2025-06-22T23:02:22.597000+00:00,SOL,A,132.18,25.0,Close Long,83.3625,1.18962,0xe7bc2dd3a871481ed5a104260b137b020180001d83fd3bb4b6908f5a84fe0eec
1750633342597,2025-06-22T23:02:22.597000+00:00,SOL,A,132.18,15.12,Close Long,50.41764,0.719482,0xe7bc2dd3a871481ed5a104260b137b020180001d83fd3bb4b6908f5a84fe0eec
1750633342597,2025-06-22T23:02:22.597000+00:00,SOL,A,132.18,20.0,Close Long,66.69,0.951696,0xe7bc2dd3a871481ed5a104260b137b020180001d83fd3bb4b6908f5a84fe0eec
1750633342597,2025-06-22T23:02:22.597000+00:00,SOL,A,132.18,2.26,Close Long,7.53597,0.107541,0xe7bc2dd3a871481ed5a104260b137b020180001d83fd3bb4b6908f5a84fe0eec
1750633342597,2025-06-22T23:02:22.597000+00:00,SOL,A,132.18,3.03,Close Long,10.103535,0.144181,0xe7bc2dd3a871481ed5a104260b137b020180001d83fd3bb4b6908f5a84fe0eec
1750633342597,2025-06-22T23:02:22.597000+00:00,SOL,A,132.18,20.0,Close Long,66.69,0.951696,0xe7bc2dd3a871481ed5a104260b137b020180001d83fd3bb4b6908f5a84fe0eec
1750633342597,2025-06-22T23:02:22.597000+00:00,SOL,A,132.18,9.12,Close Long,30.41064,0.433973,0xe7bc2dd3a871481ed5a104260b137b020180001d83fd3bb4b6908f5a84fe0eec
1750633342597,2025-06-22T23:02:22.597000+00:00,SOL,A,132.18,397.17,Close Long,1324.363365,18.899255,0xe7bc2dd3a871481ed5a104260b137b020180001d83fd3bb4b6908f5a84fe0eec
1750633342597,2025-06-22T23:02:22.597000+00:00,SOL,A,132.18,83.84,Close Long,279.56448,3.989509,0xe7bc2dd3a871481ed5a104260b137b020180001d83fd3bb4b6908f5a84fe0eec
1750639539130,2025-06-23T00:45:39.130000+00:00,@107,B,35.783,27.95,Buy,0.0,0.01509299,0x96e76d6638ae001636a604260c4516020195000a8dc69ed5aeafc076b0a584b0
1750639805364,2025-06-23T00:50:05.364000+00:00,@107,B,35.766,136.35,Buy,0.0,0.07362899,0xc08dc17e7d3d5891d0a204260c527202039800086e3fe978cd171a1ed9089dfe
1750639805364,2025-06-23T00:50:05.364000+00:00,@107,B,35.774,3.28,Buy,0.0,0.00177119,0xc08dc17e7d3d5891d0a204260c527202039800086e3fe978cd171a1ed9089dfe
1750698100783,2025-06-23T17:01:40.783000+00:00,SOL,B,132.6,2.26,Open Long,0.0,0.107883,0x7a54e8bb6cd9c6a80f6d042617b9b70203a20082225d3f4cda7a96ad346b0278
1750698100783,2025-06-23T17:01:40.783000+00:00,SOL,B,132.6,241.55,Open Long,0.0,11.53063,0x7a54e8bb6cd9c6a80f6d042617b9b70203a20082225d3f4cda7a96ad346b0278
1750698100783,2025-06-23T17:01:40.783000+00:00,SOL,B,132.6,90.63,Open Long,0.0,4.326313,0x7a54e8bb6cd9c6a80f6d042617b9b70203a20082225d3f4cda7a96ad346b0278
1750698100783,2025-06-23T17:01:40.783000+00:00,SOL,B,132.6,246.36,Open Long,0.0,11.76024,0x7a54e8bb6cd9c6a80f6d042617b9b70203a20082225d3f4cda7a96ad346b0278
1750698100783,2025-06-23T17:01:40.783000+00:00,SOL,B,132.6,51.99,Open Long,0.0,2.481794,0x7a54e8bb6cd9c6a80f6d042617b9b70203a20082225d3f4cda7a96ad346b0278
1750698100783,2025-06-23T17:01:40.783000+00:00,SOL,B,132.6,120.66,Open Long,0.0,5.759825,0x7a54e8bb6cd9c6a80f6d042617b9b70203a20082225d3f4cda7a96ad346b0278
1750698100783,2025-06-23T17:01:40.783000+00:00,SOL,B,132.6,30.16,Open Long,0.0,1.439717,0x7a54e8bb6cd9c6a80f6d042617b9b70203a20082225d3f4cda7a96ad346b0278
1750698100783,2025-06-23T17:01:40.783000+00:00,SOL,B,132.6,1.0,Open Long,0.0,0.047736,0x7a54e8bb6cd9c6a80f6d042617b9b70203a20082225d3f4cda7a96ad346b0278
1750698100783,2025-06-23T17:01:40.783000+00:00,SOL,B,132.6,83.75,Open Long,0.0,3.99789,0x7a54e8bb6cd9c6a80f6d042617b9b70203a20082225d3f4cda7a96ad346b0278
1750698100783,2025-06-23T17:01:40.783000+00:00,SOL,B,132.6,20.0,Open Long,0.0,0.95472,0x7a54e8bb6cd9c6a80f6d042617b9b70203a20082225d3f4cda7a96ad346b0278
1750698100783,2025-06-23T17:01:40.783000+00:00,SOL,B,132.6,188.54,Open Long,0.0,9.000145,0x7a54e8bb6cd9c6a80f6d042617b9b70203a20082225d3f4cda7a96ad346b0278
1750698100783,2025-06-23T17:01:40.783000+00:00,SOL,B,132.6,44.79,Open Long,0.0,2.138095,0x7a54e8bb6cd9c6a80f6d042617b9b70203a20082225d3f4cda7a96ad346b0278
1750698100783,2025-06-23T17:01:40.783000+00:00,SOL,B,132.61,0.44,Open Long,0.0,0.021005,0x7a54e8bb6cd9c6a80f6d042617b9b70203a20082225d3f4cda7a96ad346b0278
1750698100783,2025-06-23T17:01:40.783000+00:00,SOL,B,132.61,0.44,Open Long,0.0,0.021005,0x7a54e8bb6cd9c6a80f6d042617b9b70203a20082225d3f4cda7a96ad346b0278
1750698100783,2025-06-23T17:01:40.783000+00:00,SOL,B,132.61,5.0,Open Long,0.0,0.238698,0x7a54e8bb6cd9c6a80f6d042617b9b70203a20082225d3f4cda7a96ad346b0278
1750698100783,2025-06-23T17:01:40.783000+00:00,SOL,B,132.61,20.0,Open Long,0.0,0.954792,0x7a54e8bb6cd9c6a80f6d042617b9b70203a20082225d3f4cda7a96ad346b0278
1750698100783,2025-06-23T17:01:40.783000+00:00,SOL,B,132.61,20.0,Open Long,0.0,0.954792,0x7a54e8bb6cd9c6a80f6d042617b9b70203a20082225d3f4cda7a96ad346b0278
1750698100783,2025-06-23T17:01:40.783000+00:00,SOL,B,132.61,83.75,Open Long,0.0,3.998191,0x7a54e8bb6cd9c6a80f6d042617b9b70203a20082225d3f4cda7a96ad346b0278
1750698100783,2025-06-23T17:01:40.783000+00:00,SOL,B,132.61,188.53,Open Long,0.0,9.000346,0x7a54e8bb6cd9c6a80f6d042617b9b70203a20082225d3f4cda7a96ad346b0278
1750698100783,2025-06-23T17:01:40.783000+00:00,SOL,B,132.61,15.07,Open Long,0.0,0.719435,0x7a54e8bb6cd9c6a80f6d042617b9b70203a20082225d3f4cda7a96ad346b0278
1750698100783,2025-06-23T17:01:40.783000+00:00,SOL,B,132.61,25.0,Open Long,0.0,1.19349,0x7a54e8bb6cd9c6a80f6d042617b9b70203a20082225d3f4cda7a96ad346b0278
1750698100783,2025-06-23T17:01:40.783000+00:00,SOL,B,132.61,24.58,Open Long,0.0,1.173439,0x7a54e8bb6cd9c6a80f6d042617b9b70203a20082225d3f4cda7a96ad346b0278
1750698100783,2025-06-23T17:01:40.783000+00:00,SOL,B,132.61,13.1,Open Long,0.0,0.625388,0x7a54e8bb6cd9c6a80f6d042617b9b70203a20082225d3f4cda7a96ad346b0278
1750698100783,2025-06-23T17:01:40.783000+00:00,SOL,B,132.61,44.78,Open Long,0.0,2.137779,0x7a54e8bb6cd9c6a80f6d042617b9b70203a20082225d3f4cda7a96ad346b0278
1750698100783,2025-06-23T17:01:40.783000+00:00,SOL,B,132.62,0.44,Open Long,0.0,0.021007,0x7a54e8bb6cd9c6a80f6d042617b9b70203a20082225d3f4cda7a96ad346b0278
1750698100783,2025-06-23T17:01:40.783000+00:00,SOL,B,132.62,25.0,Open Long,0.0,1.19358,0x7a54e8bb6cd9c6a80f6d042617b9b70203a20082225d3f4cda7a96ad346b0278
1750698100783,2025-06-23T17:01:40.783000+00:00,SOL,B,132.62,20.0,Open Long,0.0,0.954864,0x7a54e8bb6cd9c6a80f6d042617b9b70203a20082225d3f4cda7a96ad346b0278
1750698100783,2025-06-23T17:01:40.783000+00:00,SOL,B,132.62,188.52,Open Long,0.0,9.000548,0x7a54e8bb6cd9c6a80f6d042617b9b70203a20082225d3f4cda7a96ad346b0278
1750698100783,2025-06-23T17:01:40.783000+00:00,SOL,B,132.62,20.0,Open Long,0.0,0.954864,0x7a54e8bb6cd9c6a80f6d042617b9b70203a20082225d3f4cda7a96ad346b0278
1750698100783,2025-06-23T17:01:40.783000+00:00,SOL,B,132.62,44.78,Open Long,0.0,2.13794,0x7a54e8bb6cd9c6a80f6d042617b9b70203a20082225d3f4cda7a96ad346b0278
1750698100783,2025-06-23T17:01:40.783000+00:00,SOL,B,132.62,43.48,Open Long,0.0,2.075874,0x7a54e8bb6cd9c6a80f6d042617b9b70203a20082225d3f4cda7a96ad346b0278
1750698100783,2025-06-23T17:01:40.783000+00:00,SOL,B,132.62,553.65,Open Long,0.0,26.433022,0x7a54e8bb6cd9c6a80f6d042617b9b70203a20082225d3f4cda7a96ad346b0278
1750712552999,2025-06-23T21:02:32.999000+00:00,SOL,A,140.99,20.0,Close Long,227.552,1.015128,0x4b71dd1afeae20ab75f404261a7bb802016a0038286615d8305c2d3d50a419bc
1750712552999,2025-06-23T21:02:32.999000+00:00,SOL,A,140.99,20.0,Close Long,227.552,1.015128,0x4b71dd1afeae20ab75f404261a7bb802016a0038286615d8305c2d3d50a419bc
1750712552999,2025-06-23T21:02:32.999000+00:00,SOL,A,140.99,25.0,Close Long,284.44,1.26891,0x4b71dd1afeae20ab75f404261a7bb802016a0038286615d8305c2d3d50a419bc
1750712552999,2025-06-23T21:02:32.999000+00:00,SOL,A,140.99,13.15,Close Long,149.61544,0.667446,0x4b71dd1afeae20ab75f404261a7bb802016a0038286615d8305c2d3d50a419bc
1750712552999,2025-06-23T21:02:32.999000+00:00,SOL,A,140.99,35.46,Close Long,403.449696,1.799821,0x4b71dd1afeae20ab75f404261a7bb802016a0038286615d8305c2d3d50a419bc
1750712552999,2025-06-23T21:02:32.999000+00:00,SOL,A,140.99,71.78,Close Long,816.684128,3.643294,0x4b71dd1afeae20ab75f404261a7bb802016a0038286615d8305c2d3d50a419bc
1750712552999,2025-06-23T21:02:32.999000+00:00,SOL,A,140.99,7.31,Close Long,83.170256,0.371029,0x4b71dd1afeae20ab75f404261a7bb802016a0038286615d8305c2d3d50a419bc
1750712552999,2025-06-23T21:02:32.999000+00:00,SOL,A,140.99,48.69,Close Long,553.975344,2.471329,0x4b71dd1afeae20ab75f404261a7bb802016a0038286615d8305c2d3d50a419bc
1750712552999,2025-06-23T21:02:32.999000+00:00,SOL,A,140.99,42.48,Close Long,483.320448,2.156131,0x4b71dd1afeae20ab75f404261a7bb802016a0038286615d8305c2d3d50a419bc
1750712552999,2025-06-23T21:02:32.999000+00:00,SOL,A,140.99,28.36,Close Long,322.668736,1.439451,0x4b71dd1afeae20ab75f404261a7bb802016a0038286615d8305c2d3d50a419bc
1750712552999,2025-06-23T21:02:32.999000+00:00,SOL,A,140.99,42.94,Close Long,488.554144,2.179479,0x4b71dd1afeae20ab75f404261a7bb802016a0038286615d8305c2d3d50a419bc
1750712552999,2025-06-23T21:02:32.999000+00:00,SOL,A,140.99,227.07,Close Long,2583.511632,11.525255,0x4b71dd1afeae20ab75f404261a7bb802016a0038286615d8305c2d3d50a419bc
1750712552999,2025-06-23T21:02:32.999000+00:00,SOL,A,140.99,126.04,Close Long,1434.032704,6.397336,0x4b71dd1afeae20ab75f404261a7bb802016a0038286615d8305c2d3d50a419bc
1750712552999,2025-06-23T21:02:32.999000+00:00,SOL,A,140.99,2.84,Close Long,32.312384,0.144148,0x4b71dd1afeae20ab75f404261a7bb802016a0038286615d8305c2d3d50a419bc
1750712552999,2025-06-23T21:02:32.999000+00:00,SOL,A,140.99,133.96,Close Long,1524.143296,6.799327,0x4b71dd1afeae20ab75f404261a7bb802016a0038286615d8305c2d3d50a419bc
1750712552999,2025-06-23T21:02:32.999000+00:00,SOL,A,140.99,5.0,Close Long,56.888,0.253782,0x4b71dd1afeae20ab75f404261a7bb802016a0038286615d8305c2d3d50a419bc
1750712552999,2025-06-23T21:02:32.999000+00:00,SOL,A,140.98,13.54,Close Long,153.917304,0.687192,0x4b71dd1afeae20ab75f404261a7bb802016a0038286615d8305c2d3d50a419bc
1750712552999,2025-06-23T21:02:32.999000+00:00,SOL,A,140.98,87.14,Close Long,990.572664,4.422598,0x4b71dd1afeae20ab75f404261a7bb802016a0038286615d8305c2d3d50a419bc
1750712552999,2025-06-23T21:02:32.999000+00:00,SOL,A,140.98,255.53,Close Long,2904.762828,12.968862,0x4b71dd1afeae20ab75f404261a7bb802016a0038286615d8305c2d3d50a419bc
1750712653030,2025-06-23T21:04:13.030000+00:00,@107,B,37.607,132.52,Buy,0.0,0.07156079,0x332354918908192a504604261a80c602031700136fbc6c1d360ef4173ddd2e37
1750712653030,2025-06-23T21:04:13.030000+00:00,@107,B,37.607,0.35,Buy,0.0,0.00018899,0x332354918908192a504604261a80c602031700136fbc6c1d360ef4173ddd2e37
1750729564225,2025-06-24T01:46:04.225000+00:00,SOL,A,143.19,5.68,Close Long,77.120768,0.292794,0x26294729ede10a5645e104261dd32e0202950084342a05759589ac1b1ba0135b
1750729564225,2025-06-24T01:46:04.225000+00:00,SOL,A,143.19,13.96,Close Long,189.543296,0.719615,0x26294729ede10a5645e104261dd32e0202950084342a05759589ac1b1ba0135b
1750729564225,2025-06-24T01:46:04.225000+00:00,SOL,A,143.18,51.74,Close Long,701.987624,2.666927,0x26294729ede10a5645e104261dd32e0202950084342a05759589ac1b1ba0135b
1750729564225,2025-06-24T01:46:04.225000+00:00,SOL,A,143.18,6.74,Close Long,91.445624,0.347411,0x26294729ede10a5645e104261dd32e0202950084342a05759589ac1b1ba0135b
1750729564225,2025-06-24T01:46:04.225000+00:00,SOL,A,143.18,40.15,Close Long,544.73914,2.069523,0x26294729ede10a5645e104261dd32e0202950084342a05759589ac1b1ba0135b
1750729564225,2025-06-24T01:46:04.225000+00:00,SOL,A,143.17,2.29,Close Long,31.046904,0.118029,0x26294729ede10a5645e104261dd32e0202950084342a05759589ac1b1ba0135b
1750729564225,2025-06-24T01:46:04.225000+00:00,SOL,A,143.16,2.21,Close Long,29.940196,0.113898,0x26294729ede10a5645e104261dd32e0202950084342a05759589ac1b1ba0135b
1750729564225,2025-06-24T01:46:04.225000+00:00,SOL,A,143.16,34.92,Close Long,473.082192,1.799692,0x26294729ede10a5645e104261dd32e0202950084342a05759589ac1b1ba0135b
1750729564225,2025-06-24T01:46:04.225000+00:00,SOL,A,143.16,21.73,Close Long,294.389348,1.119912,0x26294729ede10a5645e104261dd32e0202950084342a05759589ac1b1ba0135b
1750729564225,2025-06-24T01:46:04.225000+00:00,SOL,A,143.16,48.8,Close Long,661.12288,2.515034,0x26294729ede10a5645e104261dd32e0202950084342a05759589ac1b1ba0135b
1750729564225,2025-06-24T01:46:04.225000+00:00,SOL,A,143.16,140.82,Close Long,1907.773032,7.257524,0x26294729ede10a5645e104261dd32e0202950084342a05759589ac1b1ba0135b
1750729564225,2025-06-24T01:46:04.225000+00:00,SOL,A,143.16,73.86,Close Long,1000.625736,3.806567,0x26294729ede10a5645e104261dd32e0202950084342a05759589ac1b1ba0135b
1750729564225,2025-06-24T01:46:04.225000+00:00,SOL,A,143.16,34.92,Close Long,473.082192,1.799692,0x26294729ede10a5645e104261dd32e0202950084342a05759589ac1b1ba0135b
1750729564225,2025-06-24T01:46:04.225000+00:00,SOL,A,143.16,5.0,Close Long,67.738,0.257688,0x26294729ede10a5645e104261dd32e0202950084342a05759589ac1b1ba0135b
1750729564225,2025-06-24T01:46:04.225000+00:00,SOL,A,143.16,13.95,Close Long,188.98902,0.718949,0x26294729ede10a5645e104261dd32e0202950084342a05759589ac1b1ba0135b
1750729564225,2025-06-24T01:46:04.225000+00:00,SOL,A,143.15,5.66,Close Long,76.622816,0.291682,0x26294729ede10a5645e104261dd32e0202950084342a05759589ac1b1ba0135b
1750729564225,2025-06-24T01:46:04.225000+00:00,SOL,A,143.15,23.37,Close Long,316.373712,1.204349,0x26294729ede10a5645e104261dd32e0202950084342a05759589ac1b1ba0135b
1750729564225,2025-06-24T01:46:04.225000+00:00,SOL,A,143.15,7.0,Close Long,94.7632,0.360738,0x26294729ede10a5645e104261dd32e0202950084342a05759589ac1b1ba0135b
1750729564225,2025-06-24T01:46:04.225000+00:00,SOL,A,143.15,7.0,Close Long,94.7632,0.360738,0x26294729ede10a5645e104261dd32e0202950084342a05759589ac1b1ba0135b
1750729564225,2025-06-24T01:46:04.225000+00:00,SOL,A,143.15,7.0,Close Long,94.7632,0.360738,0x26294729ede10a5645e104261dd32e0202950084342a05759589ac1b1ba0135b
1750729564225,2025-06-24T01:46:04.225000+00:00,SOL,A,143.15,3.39,Close Long,45.892464,0.1747,0x26294729ede10a5645e104261dd32e0202950084342a05759589ac1b1ba0135b
1750729564225,2025-06-24T01:46:04.225000+00:00,SOL,A,143.15,3.05,Close Long,41.28968,0.157178,0x26294729ede10a5645e104261dd32e0202950084342a05759589ac1b1ba0135b
1750729564225,2025-06-24T01:46:04.225000+00:00,SOL,A,143.15,3.09,Close Long,41.831184,0.15924,0x26294729ede10a5645e104261dd32e0202950084342a05759589ac1b1ba0135b
1750729564225,2025-06-24T01:46:04.225000+00:00,SOL,A,143.15,4.32,Close Long,58.482432,0.222626,0x26294729ede10a5645e104261dd32e0202950084342a05759589ac1b1ba0135b
1750729564225,2025-06-24T01:46:04.225000+00:00,SOL,A,143.15,3.02,Close Long,40.883552,0.155632,0x26294729ede10a5645e104261dd32e0202950084342a05759589ac1b1ba0135b
1750729564225,2025-06-24T01:46:04.225000+00:00,SOL,A,143.15,3.09,Close Long,41.831184,0.15924,0x26294729ede10a5645e104261dd32e0202950084342a05759589ac1b1ba0135b
1750729564225,2025-06-24T01:46:04.225000+00:00,SOL,A,143.15,3.06,Close Long,41.425056,0.157694,0x26294729ede10a5645e104261dd32e0202950084342a05759589ac1b1ba0135b
1750729564225,2025-06-24T01:46:04.225000+00:00,SOL,A,143.15,3.02,Close Long,40.883552,0.155632,0x26294729ede10a5645e104261dd32e0202950084342a05759589ac1b1ba0135b
1750729564225,2025-06-24T01:46:04.225000+00:00,SOL,A,143.15,4.38,Close Long,59.294688,0.225718,0x26294729ede10a5645e104261dd32e0202950084342a05759589ac1b1ba0135b
1750729564225,2025-06-24T01:46:04.225000+00:00,SOL,A,143.15,3.02,Close Long,40.883552,0.155632,0x26294729ede10a5645e104261dd32e0202950084342a05759589ac1b1ba0135b
1750729564225,2025-06-24T01:46:04.225000+00:00,SOL,A,143.15,3.37,Close Long,45.621712,0.173669,0x26294729ede10a5645e104261dd32e0202950084342a05759589ac1b1ba0135b
1750729564225,2025-06-24T01:46:04.225000+00:00,SOL,A,143.15,3.1,Close Long,41.96656,0.159755,0x26294729ede10a5645e104261dd32e0202950084342a05759589ac1b1ba0135b
1750729564225,2025-06-24T01:46:04.225000+00:00,SOL,A,143.15,3.01,Close Long,40.748176,0.155117,0x26294729ede10a5645e104261dd32e0202950084342a05759589ac1b1ba0135b
1750729564225,2025-06-24T01:46:04.225000+00:00,SOL,A,143.15,3.1,Close Long,41.96656,0.159755,0x26294729ede10a5645e104261dd32e0202950084342a05759589ac1b1ba0135b
1750729564225,2025-06-24T01:46:04.225000+00:00,SOL,A,143.15,3.39,Close Long,45.892464,0.1747,0x26294729ede10a5645e104261dd32e0202950084342a05759589ac1b1ba0135b
1750729564225,2025-06-24T01:46:04.225000+00:00,SOL,A,143.15,4.32,Close Long,58.482432,0.222626,0x26294729ede10a5645e104261dd32e0202950084342a05759589ac1b1ba0135b
1750729564225,2025-06-24T01:46:04.225000+00:00,SOL,A,143.15,3.02,Close Long,40.883552,0.155632,0x26294729ede10a5645e104261dd32e0202950084342a05759589ac1b1ba0135b
1750729564225,2025-06-24T01:46:04.225000+00:00,SOL,A,143.15,6.8,Close Long,92.05568,0.350431,0x26294729ede10a5645e104261dd32e0202950084342a05759589ac1b1ba0135b
1750729564225,2025-06-24T01:46:04.225000+00:00,SOL,A,143.15,131.94,Close Long,1786.150944,6.799395,0x26294729ede10a5645e104261dd32e0202950084342a05759589ac1b1ba0135b
1750729564225,2025-06-24T01:46:04.225000+00:00,SOL,A,143.15,4.49,Close Long,60.783824,0.231387,0x26294729ede10a5645e104261dd32e0202950084342a05759589ac1b1ba0135b
1750729564225,2025-06-24T01:46:04.225000+00:00,SOL,A,143.14,0.21,Close Long,2.840796,0.010821,0x26294729ede10a5645e104261dd32e0202950084342a05759589ac1b1ba0135b
1750729564225,2025-06-24T01:46:04.225000+00:00,SOL,A,143.14,178.92,Close Long,2420.358192,9.219819,0x26294729ede10a5645e104261dd32e0202950084342a05759589ac1b1ba0135b
1750729564225,2025-06-24T01:46:04.225000+00:00,SOL,A,143.14,15.19,Close Long,205.484244,0.782746,0x26294729ede10a5645e104261dd32e0202950084342a05759589ac1b1ba0135b
1750729564225,2025-06-24T01:46:04.225000+00:00,SOL,A,143.14,349.31,Close Long,4725.325956,18.000084,0x26294729ede10a5645e104261dd32e0202950084342a05759589ac1b1ba0135b
1750729564225,2025-06-24T01:46:04.225000+00:00,SOL,A,143.14,7.0,Close Long,94.6932,0.360712,0x26294729ede10a5645e104261dd32e0202950084342a05759589ac1b1ba0135b
1750729564225,2025-06-24T01:46:04.225000+00:00,SOL,A,143.14,2.67,Close Long,36.118692,0.137586,0x26294729ede10a5645e104261dd32e0202950084342a05759589ac1b1ba0135b
1750729564225,2025-06-24T01:46:04.225000+00:00,SOL,A,143.14,7.0,Close Long,94.6932,0.360712,0x26294729ede10a5645e104261dd32e0202950084342a05759589ac1b1ba0135b
1750729564225,2025-06-24T01:46:04.225000+00:00,SOL,A,143.14,6.99,Close Long,94.557924,0.360197,0x26294729ede10a5645e104261dd32e0202950084342a05759589ac1b1ba0135b
1750729564225,2025-06-24T01:46:04.225000+00:00,SOL,A,143.14,7.0,Close Long,94.6932,0.360712,0x26294729ede10a5645e104261dd32e0202950084342a05759589ac1b1ba0135b
1750729564225,2025-06-24T01:46:04.225000+00:00,SOL,A,143.14,7.0,Close Long,94.6932,0.360712,0x26294729ede10a5645e104261dd32e0202950084342a05759589ac1b1ba0135b
1750729564225,2025-06-24T01:46:04.225000+00:00,SOL,A,143.14,3.98,Close Long,53.839848,0.20509,0x26294729ede10a5645e104261dd32e0202950084342a05759589ac1b1ba0135b
1750729564225,2025-06-24T01:46:04.225000+00:00,SOL,A,143.14,2.67,Close Long,36.118692,0.137586,0x26294729ede10a5645e104261dd32e0202950084342a05759589ac1b1ba0135b
1750729564225,2025-06-24T01:46:04.225000+00:00,SOL,A,143.14,3.23,Close Long,43.694148,0.166443,0x26294729ede10a5645e104261dd32e0202950084342a05759589ac1b1ba0135b
1750729564225,2025-06-24T01:46:04.225000+00:00,SOL,A,143.14,3.94,Close Long,53.298744,0.203029,0x26294729ede10a5645e104261dd32e0202950084342a05759589ac1b1ba0135b
1750729564225,2025-06-24T01:46:04.225000+00:00,SOL,A,143.14,2.62,Close Long,35.442312,0.135009,0x26294729ede10a5645e104261dd32e0202950084342a05759589ac1b1ba0135b
1750729564225,2025-06-24T01:46:04.225000+00:00,SOL,A,143.14,7.0,Close Long,94.6932,0.360712,0x26294729ede10a5645e104261dd32e0202950084342a05759589ac1b1ba0135b
1750729564225,2025-06-24T01:46:04.225000+00:00,SOL,A,143.14,3.3,Close Long,44.64108,0.17005,0x26294729ede10a5645e104261dd32e0202950084342a05759589ac1b1ba0135b
1750729564225,2025-06-24T01:46:04.225000+00:00,SOL,A,143.14,3.94,Close Long,53.298744,0.203029,0x26294729ede10a5645e104261dd32e0202950084342a05759589ac1b1ba0135b
1750729564225,2025-06-24T01:46:04.225000+00:00,SOL,A,143.14,3.2,Close Long,43.28832,0.164897,0x26294729ede10a5645e104261dd32e0202950084342a05759589ac1b1ba0135b
1750729564225,2025-06-24T01:46:04.225000+00:00,SOL,A,143.14,3.23,Close Long,43.694148,0.166443,0x26294729ede10a5645e104261dd32e0202950084342a05759589ac1b1ba0135b
1750729564225,2025-06-24T01:46:04.225000+00:00,SOL,A,143.14,6.99,Close Long,94.557924,0.360197,0x26294729ede10a5645e104261dd32e0202950084342a05759589ac1b1ba0135b
1750729564225,2025-06-24T01:46:04.225000+00:00,SOL,A,143.14,7.0,Close Long,94.6932,0.360712,0x26294729ede10a5645e104261dd32e0202950084342a05759589ac1b1ba0135b
1750729564225,2025-06-24T01:46:04.225000+00:00,SOL,A,143.14,247.21,Close Long,3344.157996,12.73883,0x26294729ede10a5645e104261dd32e0202950084342a05759589ac1b1ba0135b
1750729564225,2025-06-24T01:46:04.225000+00:00,SOL,A,143.14,4.88,Close Long,66.014688,0.251468,0x26294729ede10a5645e104261dd32e0202950084342a05759589ac1b1ba0135b
1750729564225,2025-06-24T01:46:04.225000+00:00,SOL,A,143.14,20.95,Close Long,283.40322,1.079561,0x26294729ede10a5645e104261dd32e0202950084342a05759589ac1b1ba0135b
1750729564225,2025-06-24T01:46:04.225000+00:00,SOL,A,143.13,698.45,Close Long,9441.36772,35.988893,0x26294729ede10a5645e104261dd32e0202950084342a05759589ac1b1ba0135b
1750729564225,2025-06-24T01:46:04.225000+00:00,SOL,A,143.13,0.21,Close Long,2.838696,0.01082,0x26294729ede10a5645e104261dd32e0202950084342a05759589ac1b1ba0135b
1750729564225,2025-06-24T01:46:04.225000+00:00,SOL,A,143.13,178.92,Close Long,2418.568992,9.219175,0x26294729ede10a5645e104261dd32e0202950084342a05759589ac1b1ba0135b
1750729564225,2025-06-24T01:46:04.225000+00:00,SOL,A,143.13,104.77,Close Long,1416.238952,5.398462,0x26294729ede10a5645e104261dd32e0202950084342a05759589ac1b1ba0135b
1750729564225,2025-06-24T01:46:04.225000+00:00,SOL,A,143.13,279.38,Close Long,3776.547088,14.395557,0x26294729ede10a5645e104261dd32e0202950084342a05759589ac1b1ba0135b
1750729564225,2025-06-24T01:46:04.225000+00:00,SOL,A,143.13,6.84,Close Long,92.460384,0.352443,0x26294729ede10a5645e104261dd32e0202950084342a05759589ac1b1ba0135b
1750729564225,2025-06-24T01:46:04.225000+00:00,SOL,A,143.13,682.98,Close Long,9232.250448,35.191773,0x26294729ede10a5645e104261dd32e0202950084342a05759589ac1b1ba0135b
1750729564225,2025-06-24T01:46:04.225000+00:00,SOL,A,143.13,34.93,Close Long,472.169768,1.799831,0x26294729ede10a5645e104261dd32e0202950084342a05759589ac1b1ba0135b
1750729564225,2025-06-24T01:46:04.225000+00:00,SOL,A,143.13,34.93,Close Long,472.169768,1.799831,0x26294729ede10a5645e104261dd32e0202950084342a05759589ac1b1ba0135b
1750729564225,2025-06-24T01:46:04.225000+00:00,SOL,A,143.13,7.0,Close Long,94.6232,0.360687,0x26294729ede10a5645e104261dd32e0202950084342a05759589ac1b1ba0135b
1750729564225,2025-06-24T01:46:04.225000+00:00,SOL,A,143.13,2.67,Close Long,36.091992,0.137576,0x26294729ede10a5645e104261dd32e0202950084342a05759589ac1b1ba0135b
1750729564225,2025-06-24T01:46:04.225000+00:00,SOL,A,143.13,7.0,Close Long,94.6232,0.360687,0x26294729ede10a5645e104261dd32e0202950084342a05759589ac1b1ba0135b
1750729564225,2025-06-24T01:46:04.225000+00:00,SOL,A,143.13,621.02,Close Long,8394.699952,31.999173,0x26294729ede10a5645e104261dd32e0202950084342a05759589ac1b1ba0135b
1750729564225,2025-06-24T01:46:04.225000+00:00,SOL,A,143.13,3.03,Close Long,40.958328,0.156126,0x26294729ede10a5645e104261dd32e0202950084342a05759589ac1b1ba0135b
1750729564225,2025-06-24T01:46:04.225000+00:00,SOL,A,143.13,3.03,Close Long,40.958328,0.156126,0x26294729ede10a5645e104261dd32e0202950084342a05759589ac1b1ba0135b
1750729564225,2025-06-24T01:46:04.225000+00:00,SOL,A,143.13,2.62,Close Long,35.416112,0.135,0x26294729ede10a5645e104261dd32e0202950084342a05759589ac1b1ba0135b
1750729564225,2025-06-24T01:46:04.225000+00:00,SOL,A,143.13,3.04,Close Long,41.093504,0.156641,0x26294729ede10a5645e104261dd32e0202950084342a05759589ac1b1ba0135b
1750729564225,2025-06-24T01:46:04.225000+00:00,SOL,A,143.13,139.7,Close Long,1888.40872,7.198293,0x26294729ede10a5645e104261dd32e0202950084342a05759589ac1b1ba0135b
1750729564225,2025-06-24T01:46:04.225000+00:00,SOL,A,143.13,7.0,Close Long,94.6232,0.360687,0x26294729ede10a5645e104261dd32e0202950084342a05759589ac1b1ba0135b
1750729564225,2025-06-24T01:46:04.225000+00:00,SOL,A,143.13,7.0,Close Long,94.6232,0.360687,0x26294729ede10a5645e104261dd32e0202950084342a05759589ac1b1ba0135b
1750729564225,2025-06-24T01:46:04.225000+00:00,SOL,A,143.13,3.2,Close Long,43.25632,0.164885,0x26294729ede10a5645e104261dd32e0202950084342a05759589ac1b1ba0135b
1750729564225,2025-06-24T01:46:04.225000+00:00,SOL,A,143.13,17.0,Close Long,229.7992,0.875955,0x26294729ede10a5645e104261dd32e0202950084342a05759589ac1b1ba0135b
1750729564225,2025-06-24T01:46:04.225000+00:00,SOL,A,143.13,349.34,Close Long,4722.238384,18.000372,0x26294729ede10a5645e104261dd32e0202950084342a05759589ac1b1ba0135b
1750729564225,2025-06-24T01:46:04.225000+00:00,SOL,A,143.13,27.93,Close Long,377.546568,1.439143,0x26294729ede10a5645e104261dd32e0202950084342a05759589ac1b1ba0135b
1750729564225,2025-06-24T01:46:04.225000+00:00,SOL,A,143.13,13.97,Close Long,188.840872,0.719829,0x26294729ede10a5645e104261dd32e0202950084342a05759589ac1b1ba0135b
1750729564225,2025-06-24T01:46:04.225000+00:00,SOL,A,143.13,6.28,Close Long,84.890528,0.323588,0x26294729ede10a5645e104261dd32e0202950084342a05759589ac1b1ba0135b
1750729564225,2025-06-24T01:46:04.225000+00:00,SOL,A,143.13,3.1,Close Long,41.90456,0.159733,0x26294729ede10a5645e104261dd32e0202950084342a05759589ac1b1ba0135b
1750729564225,2025-06-24T01:46:04.225000+00:00,SOL,A,143.13,3.03,Close Long,40.958328,0.156126,0x26294729ede10a5645e104261dd32e0202950084342a05759589ac1b1ba0135b
1750729564225,2025-06-24T01:46:04.225000+00:00,SOL,A,143.13,3.09,Close Long,41.769384,0.159217,0x26294729ede10a5645e104261dd32e0202950084342a05759589ac1b1ba0135b
1750729564225,2025-06-24T01:46:04.225000+00:00,SOL,A,143.13,3.05,Close Long,41.22868,0.157156,0x26294729ede10a5645e104261dd32e0202950084342a05759589ac1b1ba0135b
1750729564225,2025-06-24T01:46:04.225000+00:00,SOL,A,143.13,3.04,Close Long,41.093504,0.156641,0x26294729ede10a5645e104261dd32e0202950084342a05759589ac1b1ba0135b
1750729564225,2025-06-24T01:46:04.225000+00:00,SOL,A,143.13,3.09,Close Long,41.769384,0.159217,0x26294729ede10a5645e104261dd32e0202950084342a05759589ac1b1ba0135b
1750729564225,2025-06-24T01:46:04.225000+00:00,SOL,A,143.13,3.1,Close Long,41.90456,0.159733,0x26294729ede10a5645e104261dd32e0202950084342a05759589ac1b1ba0135b
1750729564225,2025-06-24T01:46:04.225000+00:00,SOL,A,143.13,3.1,Close Long,41.90456,0.159733,0x26294729ede10a5645e104261dd32e0202950084342a05759589ac1b1ba0135b
1750729564225,2025-06-24T01:46:04.225000+00:00,SOL,A,143.13,3.39,Close Long,45.824664,0.174675,0x26294729ede10a5645e104261dd32e0202950084342a05759589ac1b1ba0135b
1750729564225,2025-06-24T01:46:04.225000+00:00,SOL,A,143.13,41.88,Close Long,566.117088,2.157942,0x26294729ede10a5645e104261dd32e0202950084342a05759589ac1b1ba0135b
1750729564225,2025-06-24T01:46:04.225000+00:00,SOL,A,143.13,132.65,Close Long,1793.10964,6.83503,0x26294729ede10a5645e104261dd32e0202950084342a05759589ac1b1ba0135b
1750729564225,2025-06-24T01:46:04.225000+00:00,SOL,A,143.12,3.0,Close Long,40.5228,0.154569,0x26294729ede10a5645e104261dd32e0202950084342a05759589ac1b1ba0135b
1750729564225,2025-06-24T01:46:04.225000+00:00,SOL,A,143.12,0.11,Close Long,1.485836,0.005667,0x26294729ede10a5645e104261dd32e0202950084342a05759589ac1b1ba0135b
1750729564225,2025-06-24T01:46:04.225000+00:00,SOL,A,143.12,179.12,Close Long,2419.481312,9.228835,0x26294729ede10a5645e104261dd32e0202950084342a05759589ac1b1ba0135b
1750729564225,2025-06-24T01:46:04.225000+00:00,SOL,A,143.12,6.84,Close Long,92.391984,0.352418,0x26294729ede10a5645e104261dd32e0202950084342a05759589ac1b1ba0135b
1750729564225,2025-06-24T01:46:04.225000+00:00,SOL,A,143.12,6.84,Close Long,92.391984,0.352418,0x26294729ede10a5645e104261dd32e0202950084342a05759589ac1b1ba0135b
1750729564225,2025-06-24T01:46:04.225000+00:00,SOL,A,143.12,6.99,Close Long,94.418124,0.360147,0x26294729ede10a5645e104261dd32e0202950084342a05759589ac1b1ba0135b
1750729564225,2025-06-24T01:46:04.225000+00:00,SOL,A,143.12,6.84,Close Long,92.391984,0.352418,0x26294729ede10a5645e104261dd32e0202950084342a05759589ac1b1ba0135b
1750729564225,2025-06-24T01:46:04.225000+00:00,SOL,A,143.12,1.55,Close Long,20.93678,0.07986,0x26294729ede10a5645e104261dd32e0202950084342a05759589ac1b1ba0135b
1750729564225,2025-06-24T01:46:04.225000+00:00,SOL,A,143.12,349.36,Close Long,4719.015136,18.000145,0x26294729ede10a5645e104261dd32e0202950084342a05759589ac1b1ba0135b
1750729564225,2025-06-24T01:46:04.225000+00:00,SOL,A,143.12,44.63,Close Long,602.844188,2.29948,0x26294729ede10a5645e104261dd32e0202950084342a05759589ac1b1ba0135b
1750729564225,2025-06-24T01:46:04.225000+00:00,SOL,A,143.12,139.8,Close Long,1888.36248,7.202943,0x26294729ede10a5645e104261dd32e0202950084342a05759589ac1b1ba0135b
1750729564225,2025-06-24T01:46:04.225000+00:00,SOL,A,143.12,2.0,Close Long,27.0152,0.103046,0x26294729ede10a5645e104261dd32e0202950084342a05759589ac1b1ba0135b
1750729564225,2025-06-24T01:46:04.225000+00:00,SOL,A,143.12,2.0,Close Long,27.0152,0.103046,0x26294729ede10a5645e104261dd32e0202950084342a05759589ac1b1ba0135b
1750729564225,2025-06-24T01:46:04.225000+00:00,SOL,A,143.12,2.0,Close Long,27.0152,0.103046,0x26294729ede10a5645e104261dd32e0202950084342a05759589ac1b1ba0135b
1750729564225,2025-06-24T01:46:04.225000+00:00,SOL,A,143.12,2.0,Close Long,27.0152,0.103046,0x26294729ede10a5645e104261dd32e0202950084342a05759589ac1b1ba0135b
1750729564225,2025-06-24T01:46:04.225000+00:00,SOL,A,143.12,2.0,Close Long,27.0152,0.103046,0x26294729ede10a5645e104261dd32e0202950084342a05759589ac1b1ba0135b
1750729564225,2025-06-24T01:46:04.225000+00:00,SOL,A,143.12,70.82,Close Long,956.608232,3.648873,0x26294729ede10a5645e104261dd32e0202950084342a05759589ac1b1ba0135b
1750729564225,2025-06-24T01:46:04.225000+00:00,SOL,A,143.12,7.0,Close Long,94.5532,0.360662,0x26294729ede10a5645e104261dd32e0202950084342a05759589ac1b1ba0135b
1750729564225,2025-06-24T01:46:04.225000+00:00,SOL,A,143.12,7.0,Close Long,94.5532,0.360662,0x26294729ede10a5645e104261dd32e0202950084342a05759589ac1b1ba0135b
1750729564225,2025-06-24T01:46:04.225000+00:00,SOL,A,143.12,2.43,Close Long,32.823468,0.125201,0x26294729ede10a5645e104261dd32e0202950084342a05759589ac1b1ba0135b
1750729564225,2025-06-24T01:46:04.225000+00:00,SOL,A,143.12,7.0,Close Long,94.5532,0.360662,0x26294729ede10a5645e104261dd32e0202950084342a05759589ac1b1ba0135b
1750729564225,2025-06-24T01:46:04.225000+00:00,SOL,A,143.12,2.67,Close Long,36.065292,0.137566,0x26294729ede10a5645e104261dd32e0202950084342a05759589ac1b1ba0135b
1750729564225,2025-06-24T01:46:04.225000+00:00,SOL,A,143.12,7.0,Close Long,94.5532,0.360662,0x26294729ede10a5645e104261dd32e0202950084342a05759589ac1b1ba0135b
1750729564225,2025-06-24T01:46:04.225000+00:00,SOL,A,143.12,7.0,Close Long,94.5532,0.360662,0x26294729ede10a5645e104261dd32e0202950084342a05759589ac1b1ba0135b
1750729564225,2025-06-24T01:46:04.225000+00:00,SOL,A,143.12,7.0,Close Long,94.5532,0.360662,0x26294729ede10a5645e104261dd32e0202950084342a05759589ac1b1ba0135b
1750729564225,2025-06-24T01:46:04.225000+00:00,SOL,A,143.12,7.0,Close Long,94.5532,0.360662,0x26294729ede10a5645e104261dd32e0202950084342a05759589ac1b1ba0135b
1750729564225,2025-06-24T01:46:04.225000+00:00,SOL,A,143.12,7.0,Close Long,94.5532,0.360662,0x26294729ede10a5645e104261dd32e0202950084342a05759589ac1b1ba0135b
1750729564225,2025-06-24T01:46:04.225000+00:00,SOL,A,143.12,7.0,Close Long,94.5532,0.360662,0x26294729ede10a5645e104261dd32e0202950084342a05759589ac1b1ba0135b
1750729564225,2025-06-24T01:46:04.225000+00:00,SOL,A,143.12,7.0,Close Long,94.5532,0.360662,0x26294729ede10a5645e104261dd32e0202950084342a05759589ac1b1ba0135b
1750729564225,2025-06-24T01:46:04.225000+00:00,SOL,A,143.12,7.0,Close Long,94.5532,0.360662,0x26294729ede10a5645e104261dd32e0202950084342a05759589ac1b1ba0135b
1750729564225,2025-06-24T01:46:04.225000+00:00,SOL,A,143.12,7.0,Close Long,94.5532,0.360662,0x26294729ede10a5645e104261dd32e0202950084342a05759589ac1b1ba0135b
1750729564225,2025-06-24T01:46:04.225000+00:00,SOL,A,143.12,2.0,Close Long,27.0152,0.103046,0x26294729ede10a5645e104261dd32e0202950084342a05759589ac1b1ba0135b
1750729564225,2025-06-24T01:46:04.225000+00:00,SOL,A,143.12,7.0,Close Long,94.5532,0.360662,0x26294729ede10a5645e104261dd32e0202950084342a05759589ac1b1ba0135b
1750729564225,2025-06-24T01:46:04.225000+00:00,SOL,A,143.12,2.0,Close Long,27.0152,0.103046,0x26294729ede10a5645e104261dd32e0202950084342a05759589ac1b1ba0135b
1750729564225,2025-06-24T01:46:04.225000+00:00,SOL,A,143.12,7.0,Close Long,94.5532,0.360662,0x26294729ede10a5645e104261dd32e0202950084342a05759589ac1b1ba0135b
1750729564225,2025-06-24T01:46:04.225000+00:00,SOL,A,143.12,7.0,Close Long,94.5532,0.360662,0x26294729ede10a5645e104261dd32e0202950084342a05759589ac1b1ba0135b
1750729564225,2025-06-24T01:46:04.225000+00:00,SOL,A,143.12,4.05,Close Long,54.70578,0.208668,0x26294729ede10a5645e104261dd32e0202950084342a05759589ac1b1ba0135b
1750729564225,2025-06-24T01:46:04.225000+00:00,SOL,A,143.12,4.47,Close Long,60.378972,0.230308,0x26294729ede10a5645e104261dd32e0202950084342a05759589ac1b1ba0135b
1750729564225,2025-06-24T01:46:04.225000+00:00,SOL,A,143.11,2.32,Close Long,31.314432,0.119525,0x26294729ede10a5645e104261dd32e0202950084342a05759589ac1b1ba0135b
1750729564225,2025-06-24T01:46:04.225000+00:00,SOL,A,143.11,2.32,Close Long,31.314432,0.119525,0x26294729ede10a5645e104261dd32e0202950084342a05759589ac1b1ba0135b
1750729564225,2025-06-24T01:46:04.225000+00:00,SOL,A,143.11,179.23,Close Long,2419.174848,9.233857,0x26294729ede10a5645e104261dd32e0202950084342a05759589ac1b1ba0135b
1750729564225,2025-06-24T01:46:04.225000+00:00,SOL,A,143.11,2.86,Close Long,38.603136,0.147346,0x26294729ede10a5645e104261dd32e0202950084342a05759589ac1b1ba0135b
1750729564225,2025-06-24T01:46:04.225000+00:00,SOL,A,143.11,2.0,Close Long,26.9952,0.103039,0x26294729ede10a5645e104261dd32e0202950084342a05759589ac1b1ba0135b
1750729564225,2025-06-24T01:46:04.225000+00:00,SOL,A,143.11,4.59,Close Long,61.953984,0.236474,0x26294729ede10a5645e104261dd32e0202950084342a05759589ac1b1ba0135b
1750729564225,2025-06-24T01:46:04.225000+00:00,SOL,A,143.11,23.35,Close Long,315.16896,1.202982,0x26294729ede10a5645e104261dd32e0202950084342a05759589ac1b1ba0135b
1750729564225,2025-06-24T01:46:04.225000+00:00,SOL,A,143.11,34.93,Close Long,471.471168,1.799579,0x26294729ede10a5645e104261dd32e0202950084342a05759589ac1b1ba0135b
1750729564225,2025-06-24T01:46:04.225000+00:00,SOL,A,143.11,3.03,Close Long,40.897728,0.156104,0x26294729ede10a5645e104261dd32e0202950084342a05759589ac1b1ba0135b
1750729564225,2025-06-24T01:46:04.225000+00:00,SOL,A,143.11,16.93,Close Long,228.514368,0.872226,0x26294729ede10a5645e104261dd32e0202950084342a05759589ac1b1ba0135b
1750729564225,2025-06-24T01:46:04.225000+00:00,SOL,A,143.11,4.86,Close Long,65.598336,0.250385,0x26294729ede10a5645e104261dd32e0202950084342a05759589ac1b1ba0135b
1750729564225,2025-06-24T01:46:04.225000+00:00,SOL,A,143.11,41.89,Close Long,565.414464,2.158156,0x26294729ede10a5645e104261dd32e0202950084342a05759589ac1b1ba0135b
1750729564225,2025-06-24T01:46:04.225000+00:00,SOL,A,143.1,698.26,Close Long,9417.851576,35.971562,0x26294729ede10a5645e104261dd32e0202950084342a05759589ac1b1ba0135b
1750729564225,2025-06-24T01:46:04.225000+00:00,SOL,A,143.1,179.14,Close Long,2416.168664,9.228576,0x26294729ede10a5645e104261dd32e0202950084342a05759589ac1b1ba0135b
1750729564225,2025-06-24T01:46:04.225000+00:00,SOL,A,143.1,3.6,Close Long,48.55536,0.185457,0x26294729ede10a5645e104261dd32e0202950084342a05759589ac1b1ba0135b
1750729564225,2025-06-24T01:46:04.225000+00:00,SOL,A,143.1,2.57,Close Long,34.663132,0.132396,0x26294729ede10a5645e104261dd32e0202950084342a05759589ac1b1ba0135b
1750729564225,2025-06-24T01:46:04.225000+00:00,SOL,A,143.1,104.77,Close Long,1413.095852,5.397331,0x26294729ede10a5645e104261dd32e0202950084342a05759589ac1b1ba0135b
1750729564225,2025-06-24T01:46:04.225000+00:00,SOL,A,143.1,698.45,Close Long,9420.41422,35.98135,0x26294729ede10a5645e104261dd32e0202950084342a05759589ac1b1ba0135b
1750729564225,2025-06-24T01:46:04.225000+00:00,SOL,A,143.1,279.38,Close Long,3768.165688,14.39254,0x26294729ede10a5645e104261dd32e0202950084342a05759589ac1b1ba0135b
1750729564225,2025-06-24T01:46:04.225000+00:00,SOL,A,143.1,349.41,Close Long,4712.702316,18.000205,0x26294729ede10a5645e104261dd32e0202950084342a05759589ac1b1ba0135b
1750729564225,2025-06-24T01:46:04.225000+00:00,SOL,A,143.1,0.54,Close Long,7.283304,0.027818,0x26294729ede10a5645e104261dd32e0202950084342a05759589ac1b1ba0135b
1750729564225,2025-06-24T01:46:04.225000+00:00,SOL,A,143.1,1028.0,Close Long,13865.2528,52.958448,0x26294729ede10a5645e104261dd32e0202950084342a05759589ac1b1ba0135b
1750729564225,2025-06-24T01:46:04.225000+00:00,SOL,A,143.1,20.95,Close Long,282.56522,1.07926,0x26294729ede10a5645e104261dd32e0202950084342a05759589ac1b1ba0135b
1750729564225,2025-06-24T01:46:04.225000+00:00,SOL,A,143.09,5.25,Close Long,70.7574,0.27044,0x26294729ede10a5645e104261dd32e0202950084342a05759589ac1b1ba0135b
1750729564225,2025-06-24T01:46:04.225000+00:00,SOL,A,143.09,179.13,Close Long,2414.242488,9.227416,0x26294729ede10a5645e104261dd32e0202950084342a05759589ac1b1ba0135b
1750729564225,2025-06-24T01:46:04.225000+00:00,SOL,A,143.09,621.2,Close Long,8372.28512,31.999502,0x26294729ede10a5645e104261dd32e0202950084342a05759589ac1b1ba0135b
1750729564225,2025-06-24T01:46:04.225000+00:00,SOL,A,143.09,3.12,Close Long,42.050112,0.160718,0x26294729ede10a5645e104261dd32e0202950084342a05759589ac1b1ba0135b
1750729564225,2025-06-24T01:46:04.225000+00:00,SOL,A,143.09,2.0,Close Long,26.9552,0.103024,0x26294729ede10a5645e104261dd32e0202950084342a05759589ac1b1ba0135b
1750729564225,2025-06-24T01:46:04.225000+00:00,SOL,A,143.09,317.07,Close Long,4273.342632,16.333036,0x26294729ede10a5645e104261dd32e0202950084342a05759589ac1b1ba0135b
1750729719668,2025-06-24T01:48:39.668000+00:00,SOL,A,143.26,22.0,Open Short,0.0,1.134619,0xe5c56c63d3f1b84719bb04261ddb2e01fe00490401360d255bc9d09b4c09979d
1750729719668,2025-06-24T01:48:39.668000+00:00,SOL,A,143.26,40.93,Open Short,0.0,2.110907,0xe5c56c63d3f1b84719bb04261ddb2e01fe00490401360d255bc9d09b4c09979d
1750729719668,2025-06-24T01:48:39.668000+00:00,SOL,A,143.26,0.43,Open Short,0.0,0.022176,0xe5c56c63d3f1b84719bb04261ddb2e01fe00490401360d255bc9d09b4c09979d
1750729719668,2025-06-24T01:48:39.668000+00:00,SOL,A,143.26,5.0,Open Short,0.0,0.257868,0xe5c56c63d3f1b84719bb04261ddb2e01fe00490401360d255bc9d09b4c09979d
1750729719668,2025-06-24T01:48:39.668000+00:00,SOL,A,143.26,13.95,Open Short,0.0,0.719451,0xe5c56c63d3f1b84719bb04261ddb2e01fe00490401360d255bc9d09b4c09979d
1750729719668,2025-06-24T01:48:39.668000+00:00,SOL,A,143.26,55.82,Open Short,0.0,2.878838,0xe5c56c63d3f1b84719bb04261ddb2e01fe00490401360d255bc9d09b4c09979d
1750729719668,2025-06-24T01:48:39.668000+00:00,SOL,A,143.26,223.3,Open Short,0.0,11.516384,0xe5c56c63d3f1b84719bb04261ddb2e01fe00490401360d255bc9d09b4c09979d
1750729719668,2025-06-24T01:48:39.668000+00:00,SOL,A,143.26,27.89,Open Short,0.0,1.438387,0xe5c56c63d3f1b84719bb04261ddb2e01fe00490401360d255bc9d09b4c09979d
1750729719668,2025-06-24T01:48:39.668000+00:00,SOL,A,143.26,111.68,Open Short,0.0,5.759739,0xe5c56c63d3f1b84719bb04261ddb2e01fe00490401360d255bc9d09b4c09979d
1750729719668,2025-06-24T01:48:39.668000+00:00,SOL,A,143.26,13.95,Open Short,0.0,0.719451,0xe5c56c63d3f1b84719bb04261ddb2e01fe00490401360d255bc9d09b4c09979d
1750729719668,2025-06-24T01:48:39.668000+00:00,SOL,A,143.26,63.49,Open Short,0.0,3.274407,0xe5c56c63d3f1b84719bb04261ddb2e01fe00490401360d255bc9d09b4c09979d
1750729719668,2025-06-24T01:48:39.668000+00:00,SOL,A,143.26,41.85,Open Short,0.0,2.158355,0xe5c56c63d3f1b84719bb04261ddb2e01fe00490401360d255bc9d09b4c09979d
1750729719668,2025-06-24T01:48:39.668000+00:00,SOL,A,143.26,174.5,Open Short,0.0,8.999593,0xe5c56c63d3f1b84719bb04261ddb2e01fe00490401360d255bc9d09b4c09979d
1750729719668,2025-06-24T01:48:39.668000+00:00,SOL,A,143.26,223.36,Open Short,0.0,11.519479,0xe5c56c63d3f1b84719bb04261ddb2e01fe00490401360d255bc9d09b4c09979d
1750729719668,2025-06-24T01:48:39.668000+00:00,SOL,A,143.26,20.0,Open Short,0.0,1.031472,0xe5c56c63d3f1b84719bb04261ddb2e01fe00490401360d255bc9d09b4c09979d
1750729719668,2025-06-24T01:48:39.668000+00:00,SOL,A,143.26,104.7,Open Short,0.0,5.399755,0xe5c56c63d3f1b84719bb04261ddb2e01fe00490401360d255bc9d09b4c09979d
1750729719668,2025-06-24T01:48:39.668000+00:00,SOL,A,143.26,69.8,Open Short,0.0,3.599837,0xe5c56c63d3f1b84719bb04261ddb2e01fe00490401360d255bc9d09b4c09979d
1750729719668,2025-06-24T01:48:39.668000+00:00,SOL,A,143.26,19.3,Open Short,0.0,0.99537,0xe5c56c63d3f1b84719bb04261ddb2e01fe00490401360d255bc9d09b4c09979d
1750729719668,2025-06-24T01:48:39.668000+00:00,SOL,A,143.26,185.48,Open Short,0.0,9.565871,0xe5c56c63d3f1b84719bb04261ddb2e01fe00490401360d255bc9d09b4c09979d
1750729719668,2025-06-24T01:48:39.668000+00:00,SOL,A,143.26,500.0,Open Short,0.0,25.7868,0xe5c56c63d3f1b84719bb04261ddb2e01fe00490401360d255bc9d09b4c09979d
1750729719668,2025-06-24T01:48:39.668000+00:00,SOL,A,143.26,141.65,Open Short,0.0,7.3054,0xe5c56c63d3f1b84719bb04261ddb2e01fe00490401360d255bc9d09b4c09979d
1750729719668,2025-06-24T01:48:39.668000+00:00,SOL,A,143.25,15.19,Open Short,0.0,0.783348,0xe5c56c63d3f1b84719bb04261ddb2e01fe00490401360d255bc9d09b4c09979d
1750729719668,2025-06-24T01:48:39.668000+00:00,SOL,A,143.25,131.85,Open Short,0.0,6.799504,0xe5c56c63d3f1b84719bb04261ddb2e01fe00490401360d255bc9d09b4c09979d
1750729719668,2025-06-24T01:48:39.668000+00:00,SOL,A,143.25,12.06,Open Short,0.0,0.621934,0xe5c56c63d3f1b84719bb04261ddb2e01fe00490401360d255bc9d09b4c09979d
1750729719668,2025-06-24T01:48:39.668000+00:00,SOL,A,143.25,2.29,Open Short,0.0,0.118095,0xe5c56c63d3f1b84719bb04261ddb2e01fe00490401360d255bc9d09b4c09979d
1750729719668,2025-06-24T01:48:39.668000+00:00,SOL,A,143.25,166.05,Open Short,0.0,8.563198,0xe5c56c63d3f1b84719bb04261ddb2e01fe00490401360d255bc9d09b4c09979d
1750729719668,2025-06-24T01:48:39.668000+00:00,SOL,A,143.25,7.6,Open Short,0.0,0.391932,0xe5c56c63d3f1b84719bb04261ddb2e01fe00490401360d255bc9d09b4c09979d
1750729719668,2025-06-24T01:48:39.668000+00:00,SOL,A,143.25,6.83,Open Short,0.0,0.352223,0xe5c56c63d3f1b84719bb04261ddb2e01fe00490401360d255bc9d09b4c09979d
1750729719668,2025-06-24T01:48:39.668000+00:00,SOL,A,143.25,83.7,Open Short,0.0,4.316409,0xe5c56c63d3f1b84719bb04261ddb2e01fe00490401360d255bc9d09b4c09979d
1750729719668,2025-06-24T01:48:39.668000+00:00,SOL,A,143.25,12.48,Open Short,0.0,0.643593,0xe5c56c63d3f1b84719bb04261ddb2e01fe00490401360d255bc9d09b4c09979d
1750729719668,2025-06-24T01:48:39.668000+00:00,SOL,A,143.24,34.9,Open Short,0.0,1.799667,0xe5c56c63d3f1b84719bb04261ddb2e01fe00490401360d255bc9d09b4c09979d
1750729719668,2025-06-24T01:48:39.668000+00:00,SOL,A,143.24,2.4,Open Short,0.0,0.123759,0xe5c56c63d3f1b84719bb04261ddb2e01fe00490401360d255bc9d09b4c09979d
1750729719668,2025-06-24T01:48:39.668000+00:00,SOL,A,143.24,20.0,Open Short,0.0,1.031328,0xe5c56c63d3f1b84719bb04261ddb2e01fe00490401360d255bc9d09b4c09979d
1750729719668,2025-06-24T01:48:39.668000+00:00,SOL,A,143.24,34.98,Open Short,0.0,1.803792,0xe5c56c63d3f1b84719bb04261ddb2e01fe00490401360d255bc9d09b4c09979d
1750729719668,2025-06-24T01:48:39.668000+00:00,SOL,A,143.24,247.34,Open Short,0.0,12.754433,0xe5c56c63d3f1b84719bb04261ddb2e01fe00490401360d255bc9d09b4c09979d
1750729719668,2025-06-24T01:48:39.668000+00:00,SOL,A,143.24,139.66,Open Short,0.0,7.201763,0xe5c56c63d3f1b84719bb04261ddb2e01fe00490401360d255bc9d09b4c09979d
1750729719668,2025-06-24T01:48:39.668000+00:00,SOL,A,143.24,34.0,Open Short,0.0,1.753257,0xe5c56c63d3f1b84719bb04261ddb2e01fe00490401360d255bc9d09b4c09979d
1750729719668,2025-06-24T01:48:39.668000+00:00,SOL,A,143.24,6.52,Open Short,0.0,0.336212,0xe5c56c63d3f1b84719bb04261ddb2e01fe00490401360d255bc9d09b4c09979d
1750729719668,2025-06-24T01:48:39.668000+00:00,SOL,A,143.24,173.5,Open Short,0.0,8.94677,0xe5c56c63d3f1b84719bb04261ddb2e01fe00490401360d255bc9d09b4c09979d
1750729719668,2025-06-24T01:48:39.668000+00:00,SOL,A,143.24,5.07,Open Short,0.0,0.261441,0xe5c56c63d3f1b84719bb04261ddb2e01fe00490401360d255bc9d09b4c09979d
1750729719668,2025-06-24T01:48:39.668000+00:00,SOL,A,143.23,2.6,Open Short,0.0,0.134063,0xe5c56c63d3f1b84719bb04261ddb2e01fe00490401360d255bc9d09b4c09979d
1750729719668,2025-06-24T01:48:39.668000+00:00,SOL,A,143.23,6.6,Open Short,0.0,0.340314,0xe5c56c63d3f1b84719bb04261ddb2e01fe00490401360d255bc9d09b4c09979d
1750729719668,2025-06-24T01:48:39.668000+00:00,SOL,A,143.23,12.79,Open Short,0.0,0.659488,0xe5c56c63d3f1b84719bb04261ddb2e01fe00490401360d255bc9d09b4c09979d
1750729719668,2025-06-24T01:48:39.668000+00:00,SOL,A,143.23,698.45,Open Short,0.0,36.014037,0xe5c56c63d3f1b84719bb04261ddb2e01fe00490401360d255bc9d09b4c09979d
1750729719668,2025-06-24T01:48:39.668000+00:00,SOL,A,143.23,5.03,Open Short,0.0,0.25936,0xe5c56c63d3f1b84719bb04261ddb2e01fe00490401360d255bc9d09b4c09979d
1750729719668,2025-06-24T01:48:39.668000+00:00,SOL,A,143.23,104.77,Open Short,0.0,5.402234,0xe5c56c63d3f1b84719bb04261ddb2e01fe00490401360d255bc9d09b4c09979d
1750729719668,2025-06-24T01:48:39.668000+00:00,SOL,A,143.23,132.47,Open Short,0.0,6.830524,0xe5c56c63d3f1b84719bb04261ddb2e01fe00490401360d255bc9d09b4c09979d
1750729719668,2025-06-24T01:48:39.668000+00:00,SOL,A,143.23,139.7,Open Short,0.0,7.203323,0xe5c56c63d3f1b84719bb04261ddb2e01fe00490401360d255bc9d09b4c09979d
1750729719668,2025-06-24T01:48:39.668000+00:00,SOL,A,143.23,7.0,Open Short,0.0,0.360939,0xe5c56c63d3f1b84719bb04261ddb2e01fe00490401360d255bc9d09b4c09979d
1750729719668,2025-06-24T01:48:39.668000+00:00,SOL,A,143.23,7.0,Open Short,0.0,0.360939,0xe5c56c63d3f1b84719bb04261ddb2e01fe00490401360d255bc9d09b4c09979d
1750729719668,2025-06-24T01:48:39.668000+00:00,SOL,A,143.23,7.0,Open Short,0.0,0.360939,0xe5c56c63d3f1b84719bb04261ddb2e01fe00490401360d255bc9d09b4c09979d
1750729719668,2025-06-24T01:48:39.668000+00:00,SOL,A,143.23,7.0,Open Short,0.0,0.360939,0xe5c56c63d3f1b84719bb04261ddb2e01fe00490401360d255bc9d09b4c09979d
1750729719668,2025-06-24T01:48:39.668000+00:00,SOL,A,143.22,12.79,Open Short,0.0,0.659442,0xe5c56c63d3f1b84719bb04261ddb2e01fe00490401360d255bc9d09b4c09979d
1750729719668,2025-06-24T01:48:39.668000+00:00,SOL,A,143.22,5.35,Open Short,0.0,0.275841,0xe5c56c63d3f1b84719bb04261ddb2e01fe00490401360d255bc9d09b4c09979d
1750729719668,2025-06-24T01:48:39.668000+00:00,SOL,A,143.22,147.45,Open Short,0.0,7.602404,0xe5c56c63d3f1b84719bb04261ddb2e01fe00490401360d255bc9d09b4c09979d
1750729719668,2025-06-24T01:48:39.668000+00:00,SOL,A,143.22,34.91,Open Short,0.0,1.799931,0xe5c56c63d3f1b84719bb04261ddb2e01fe00490401360d255bc9d09b4c09979d
1750729719668,2025-06-24T01:48:39.668000+00:00,SOL,A,143.22,21.74,Open Short,0.0,1.120897,0xe5c56c63d3f1b84719bb04261ddb2e01fe00490401360d255bc9d09b4c09979d
1750729719668,2025-06-24T01:48:39.668000+00:00,SOL,A,143.22,246.97,Open Short,0.0,12.733575,0xe5c56c63d3f1b84719bb04261ddb2e01fe00490401360d255bc9d09b4c09979d
1750729719668,2025-06-24T01:48:39.668000+00:00,SOL,A,143.22,1.25,Open Short,0.0,0.064449,0xe5c56c63d3f1b84719bb04261ddb2e01fe00490401360d255bc9d09b4c09979d
1750729719668,2025-06-24T01:48:39.668000+00:00,SOL,A,143.22,620.63,Open Short,0.0,31.999186,0xe5c56c63d3f1b84719bb04261ddb2e01fe00490401360d255bc9d09b4c09979d
1750729719668,2025-06-24T01:48:39.668000+00:00,SOL,A,143.22,139.54,Open Short,0.0,7.19457,0xe5c56c63d3f1b84719bb04261ddb2e01fe00490401360d255bc9d09b4c09979d
1750729719668,2025-06-24T01:48:39.668000+00:00,SOL,A,143.22,349.11,Open Short,0.0,17.999832,0xe5c56c63d3f1b84719bb04261ddb2e01fe00490401360d255bc9d09b4c09979d
1750729719668,2025-06-24T01:48:39.668000+00:00,SOL,A,143.22,27.91,Open Short,0.0,1.439017,0xe5c56c63d3f1b84719bb04261ddb2e01fe00490401360d255bc9d09b4c09979d
1750729719668,2025-06-24T01:48:39.668000+00:00,SOL,A,143.22,13.96,Open Short,0.0,0.719766,0xe5c56c63d3f1b84719bb04261ddb2e01fe00490401360d255bc9d09b4c09979d
1750729719668,2025-06-24T01:48:39.668000+00:00,SOL,A,143.22,6.99,Open Short,0.0,0.360398,0xe5c56c63d3f1b84719bb04261ddb2e01fe00490401360d255bc9d09b4c09979d
1750729719668,2025-06-24T01:48:39.668000+00:00,SOL,A,143.22,2.59,Open Short,0.0,0.133538,0xe5c56c63d3f1b84719bb04261ddb2e01fe00490401360d255bc9d09b4c09979d
1750729719668,2025-06-24T01:48:39.668000+00:00,SOL,A,143.22,385.07,Open Short,0.0,19.853901,0xe5c56c63d3f1b84719bb04261ddb2e01fe00490401360d255bc9d09b4c09979d
1750729719668,2025-06-24T01:48:39.668000+00:00,SOL,A,143.22,2.59,Open Short,0.0,0.133538,0xe5c56c63d3f1b84719bb04261ddb2e01fe00490401360d255bc9d09b4c09979d
1750729719668,2025-06-24T01:48:39.668000+00:00,SOL,A,143.21,68.36,Open Short,0.0,3.52434,0xe5c56c63d3f1b84719bb04261ddb2e01fe00490401360d255bc9d09b4c09979d
1750729719668,2025-06-24T01:48:39.668000+00:00,SOL,A,143.21,5.35,Open Short,0.0,0.275822,0xe5c56c63d3f1b84719bb04261ddb2e01fe00490401360d255bc9d09b4c09979d
1750729719668,2025-06-24T01:48:39.668000+00:00,SOL,A,143.21,7.0,Open Short,0.0,0.360889,0xe5c56c63d3f1b84719bb04261ddb2e01fe00490401360d255bc9d09b4c09979d
1750729719668,2025-06-24T01:48:39.668000+00:00,SOL,A,143.21,7.0,Open Short,0.0,0.360889,0xe5c56c63d3f1b84719bb04261ddb2e01fe00490401360d255bc9d09b4c09979d
1750729719668,2025-06-24T01:48:39.668000+00:00,SOL,A,143.21,7.0,Open Short,0.0,0.360889,0xe5c56c63d3f1b84719bb04261ddb2e01fe00490401360d255bc9d09b4c09979d
1750729719668,2025-06-24T01:48:39.668000+00:00,SOL,A,143.21,7.0,Open Short,0.0,0.360889,0xe5c56c63d3f1b84719bb04261ddb2e01fe00490401360d255bc9d09b4c09979d
1750729719668,2025-06-24T01:48:39.668000+00:00,SOL,A,143.21,7.0,Open Short,0.0,0.360889,0xe5c56c63d3f1b84719bb04261ddb2e01fe00490401360d255bc9d09b4c09979d
1750729719668,2025-06-24T01:48:39.668000+00:00,SOL,A,143.21,7.0,Open Short,0.0,0.360889,0xe5c56c63d3f1b84719bb04261ddb2e01fe00490401360d255bc9d09b4c09979d
1750729719668,2025-06-24T01:48:39.668000+00:00,SOL,A,143.21,7.0,Open Short,0.0,0.360889,0xe5c56c63d3f1b84719bb04261ddb2e01fe00490401360d255bc9d09b4c09979d
1750729719668,2025-06-24T01:48:39.668000+00:00,SOL,A,143.21,7.0,Open Short,0.0,0.360889,0xe5c56c63d3f1b84719bb04261ddb2e01fe00490401360d255bc9d09b4c09979d
1750729719668,2025-06-24T01:48:39.668000+00:00,SOL,A,143.21,7.0,Open Short,0.0,0.360889,0xe5c56c63d3f1b84719bb04261ddb2e01fe00490401360d255bc9d09b4c09979d
1750729719668,2025-06-24T01:48:39.668000+00:00,SOL,A,143.21,7.0,Open Short,0.0,0.360889,0xe5c56c63d3f1b84719bb04261ddb2e01fe00490401360d255bc9d09b4c09979d
1750729719668,2025-06-24T01:48:39.668000+00:00,SOL,A,143.21,7.0,Open Short,0.0,0.360889,0xe5c56c63d3f1b84719bb04261ddb2e01fe00490401360d255bc9d09b4c09979d
1750729719668,2025-06-24T01:48:39.668000+00:00,SOL,A,143.21,7.0,Open Short,0.0,0.360889,0xe5c56c63d3f1b84719bb04261ddb2e01fe00490401360d255bc9d09b4c09979d
1750729719668,2025-06-24T01:48:39.668000+00:00,SOL,A,143.21,7.0,Open Short,0.0,0.360889,0xe5c56c63d3f1b84719bb04261ddb2e01fe00490401360d255bc9d09b4c09979d
1750729719668,2025-06-24T01:48:39.668000+00:00,SOL,A,143.21,2.59,Open Short,0.0,0.133529,0xe5c56c63d3f1b84719bb04261ddb2e01fe00490401360d255bc9d09b4c09979d
1750729719668,2025-06-24T01:48:39.668000+00:00,SOL,A,143.21,5.06,Open Short,0.0,0.260871,0xe5c56c63d3f1b84719bb04261ddb2e01fe00490401360d255bc9d09b4c09979d
1750729719668,2025-06-24T01:48:39.668000+00:00,SOL,A,143.21,2.59,Open Short,0.0,0.133529,0xe5c56c63d3f1b84719bb04261ddb2e01fe00490401360d255bc9d09b4c09979d
1750729719668,2025-06-24T01:48:39.668000+00:00,SOL,A,143.21,4.32,Open Short,0.0,0.22272,0xe5c56c63d3f1b84719bb04261ddb2e01fe00490401360d255bc9d09b4c09979d
1750729719668,2025-06-24T01:48:39.668000+00:00,SOL,A,143.21,104.77,Open Short,0.0,5.40148,0xe5c56c63d3f1b84719bb04261ddb2e01fe00490401360d255bc9d09b4c09979d
1750729719668,2025-06-24T01:48:39.668000+00:00,SOL,A,143.21,20.94,Open Short,0.0,1.079574,0xe5c56c63d3f1b84719bb04261ddb2e01fe00490401360d255bc9d09b4c09979d
1750729719668,2025-06-24T01:48:39.668000+00:00,SOL,A,143.21,2.59,Open Short,0.0,0.133529,0xe5c56c63d3f1b84719bb04261ddb2e01fe00490401360d255bc9d09b4c09979d
1750729719668,2025-06-24T01:48:39.668000+00:00,SOL,A,143.21,2.59,Open Short,0.0,0.133529,0xe5c56c63d3f1b84719bb04261ddb2e01fe00490401360d255bc9d09b4c09979d
1750729719668,2025-06-24T01:48:39.668000+00:00,SOL,A,143.21,139.8,Open Short,0.0,7.207472,0xe5c56c63d3f1b84719bb04261ddb2e01fe00490401360d255bc9d09b4c09979d
1750729719668,2025-06-24T01:48:39.668000+00:00,SOL,A,143.21,17.0,Open Short,0.0,0.876445,0xe5c56c63d3f1b84719bb04261ddb2e01fe00490401360d255bc9d09b4c09979d
1750729719668,2025-06-24T01:48:39.668000+00:00,SOL,A,143.21,234.38,Open Short,0.0,12.083601,0xe5c56c63d3f1b84719bb04261ddb2e01fe00490401360d255bc9d09b4c09979d
1750729719668,2025-06-24T01:48:39.668000+00:00,SOL,A,143.21,6.27,Open Short,0.0,0.323253,0xe5c56c63d3f1b84719bb04261ddb2e01fe00490401360d255bc9d09b4c09979d
1750729719668,2025-06-24T01:48:39.668000+00:00,SOL,A,143.2,698.45,Open Short,0.0,36.006494,0xe5c56c63d3f1b84719bb04261ddb2e01fe00490401360d255bc9d09b4c09979d
1750729719668,2025-06-24T01:48:39.668000+00:00,SOL,A,143.2,5.1,Open Short,0.0,0.262915,0xe5c56c63d3f1b84719bb04261ddb2e01fe00490401360d255bc9d09b4c09979d
1750729719668,2025-06-24T01:48:39.668000+00:00,SOL,A,143.2,6.99,Open Short,0.0,0.360348,0xe5c56c63d3f1b84719bb04261ddb2e01fe00490401360d255bc9d09b4c09979d
1750729719668,2025-06-24T01:48:39.668000+00:00,SOL,A,143.2,3.31,Open Short,0.0,0.170637,0xe5c56c63d3f1b84719bb04261ddb2e01fe00490401360d255bc9d09b4c09979d
1750729719668,2025-06-24T01:48:39.668000+00:00,SOL,A,143.2,7.0,Open Short,0.0,0.360864,0xe5c56c63d3f1b84719bb04261ddb2e01fe00490401360d255bc9d09b4c09979d
1750729719668,2025-06-24T01:48:39.668000+00:00,SOL,A,143.2,7.0,Open Short,0.0,0.360864,0xe5c56c63d3f1b84719bb04261ddb2e01fe00490401360d255bc9d09b4c09979d
1750729719668,2025-06-24T01:48:39.668000+00:00,SOL,A,143.2,7.0,Open Short,0.0,0.360864,0xe5c56c63d3f1b84719bb04261ddb2e01fe00490401360d255bc9d09b4c09979d
1750729719668,2025-06-24T01:48:39.668000+00:00,SOL,A,143.2,2.76,Open Short,0.0,0.142283,0xe5c56c63d3f1b84719bb04261ddb2e01fe00490401360d255bc9d09b4c09979d
1750729719668,2025-06-24T01:48:39.668000+00:00,SOL,A,143.2,12.79,Open Short,0.0,0.65935,0xe5c56c63d3f1b84719bb04261ddb2e01fe00490401360d255bc9d09b4c09979d
1750729719668,2025-06-24T01:48:39.668000+00:00,SOL,A,143.2,2.72,Open Short,0.0,0.140221,0xe5c56c63d3f1b84719bb04261ddb2e01fe00490401360d255bc9d09b4c09979d
1750729719668,2025-06-24T01:48:39.668000+00:00,SOL,A,143.2,2.72,Open Short,0.0,0.140221,0xe5c56c63d3f1b84719bb04261ddb2e01fe00490401360d255bc9d09b4c09979d
1750729719668,2025-06-24T01:48:39.668000+00:00,SOL,A,143.2,2.72,Open Short,0.0,0.140221,0xe5c56c63d3f1b84719bb04261ddb2e01fe00490401360d255bc9d09b4c09979d
1750729719668,2025-06-24T01:48:39.668000+00:00,SOL,A,143.2,2.72,Open Short,0.0,0.140221,0xe5c56c63d3f1b84719bb04261ddb2e01fe00490401360d255bc9d09b4c09979d
1750729719668,2025-06-24T01:48:39.668000+00:00,SOL,A,143.2,2.72,Open Short,0.0,0.140221,0xe5c56c63d3f1b84719bb04261ddb2e01fe00490401360d255bc9d09b4c09979d
1750729719668,2025-06-24T01:48:39.668000+00:00,SOL,A,143.2,2.72,Open Short,0.0,0.140221,0xe5c56c63d3f1b84719bb04261ddb2e01fe00490401360d255bc9d09b4c09979d
1750729719668,2025-06-24T01:48:39.668000+00:00,SOL,A,143.2,2.72,Open Short,0.0,0.140221,0xe5c56c63d3f1b84719bb04261ddb2e01fe00490401360d255bc9d09b4c09979d
1750729719668,2025-06-24T01:48:39.668000+00:00,SOL,A,143.2,2.72,Open Short,0.0,0.140221,0xe5c56c63d3f1b84719bb04261ddb2e01fe00490401360d255bc9d09b4c09979d
1750729719668,2025-06-24T01:48:39.668000+00:00,SOL,A,143.2,2.72,Open Short,0.0,0.140221,0xe5c56c63d3f1b84719bb04261ddb2e01fe00490401360d255bc9d09b4c09979d
1750729719668,2025-06-24T01:48:39.668000+00:00,SOL,A,143.2,2.72,Open Short,0.0,0.140221,0xe5c56c63d3f1b84719bb04261ddb2e01fe00490401360d255bc9d09b4c09979d
1750729719668,2025-06-24T01:48:39.668000+00:00,SOL,A,143.2,4.53,Open Short,0.0,0.23353,0xe5c56c63d3f1b84719bb04261ddb2e01fe00490401360d255bc9d09b4c09979d
1750729719668,2025-06-24T01:48:39.668000+00:00,SOL,A,143.2,2.72,Open Short,0.0,0.140221,0xe5c56c63d3f1b84719bb04261ddb2e01fe00490401360d255bc9d09b4c09979d
1750729719668,2025-06-24T01:48:39.668000+00:00,SOL,A,143.2,2.72,Open Short,0.0,0.140221,0xe5c56c63d3f1b84719bb04261ddb2e01fe00490401360d255bc9d09b4c09979d
1750729719668,2025-06-24T01:48:39.668000+00:00,SOL,A,143.2,2.72,Open Short,0.0,0.140221,0xe5c56c63d3f1b84719bb04261ddb2e01fe00490401360d255bc9d09b4c09979d
1750729719668,2025-06-24T01:48:39.668000+00:00,SOL,A,143.2,2.72,Open Short,0.0,0.140221,0xe5c56c63d3f1b84719bb04261ddb2e01fe00490401360d255bc9d09b4c09979d
1750729719668,2025-06-24T01:48:39.668000+00:00,SOL,A,143.2,2.72,Open Short,0.0,0.140221,0xe5c56c63d3f1b84719bb04261ddb2e01fe00490401360d255bc9d09b4c09979d
1750729719668,2025-06-24T01:48:39.668000+00:00,SOL,A,143.2,209.7,Open Short,0.0,10.810454,0xe5c56c63d3f1b84719bb04261ddb2e01fe00490401360d255bc9d09b4c09979d
1750729719668,2025-06-24T01:48:39.668000+00:00,SOL,A,143.2,2.59,Open Short,0.0,0.133519,0xe5c56c63d3f1b84719bb04261ddb2e01fe00490401360d255bc9d09b4c09979d
1750729719668,2025-06-24T01:48:39.668000+00:00,SOL,A,143.2,2.1,Open Short,0.0,0.108259,0xe5c56c63d3f1b84719bb04261ddb2e01fe00490401360d255bc9d09b4c09979d
1750729719668,2025-06-24T01:48:39.668000+00:00,SOL,A,143.2,2.1,Open Short,0.0,0.108259,0xe5c56c63d3f1b84719bb04261ddb2e01fe00490401360d255bc9d09b4c09979d
1750729719668,2025-06-24T01:48:39.668000+00:00,SOL,A,143.2,2.59,Open Short,0.0,0.133519,0xe5c56c63d3f1b84719bb04261ddb2e01fe00490401360d255bc9d09b4c09979d
1750729719668,2025-06-24T01:48:39.668000+00:00,SOL,A,143.2,349.15,Open Short,0.0,17.99938,0xe5c56c63d3f1b84719bb04261ddb2e01fe00490401360d255bc9d09b4c09979d
1750729719668,2025-06-24T01:48:39.668000+00:00,SOL,A,143.2,2.1,Open Short,0.0,0.108259,0xe5c56c63d3f1b84719bb04261ddb2e01fe00490401360d255bc9d09b4c09979d
1750729719668,2025-06-24T01:48:39.668000+00:00,SOL,A,143.2,2.1,Open Short,0.0,0.108259,0xe5c56c63d3f1b84719bb04261ddb2e01fe00490401360d255bc9d09b4c09979d
1750729719668,2025-06-24T01:48:39.668000+00:00,SOL,A,143.2,15.0,Open Short,0.0,0.77328,0xe5c56c63d3f1b84719bb04261ddb2e01fe00490401360d255bc9d09b4c09979d
1750729719668,2025-06-24T01:48:39.668000+00:00,SOL,A,143.2,1204.36,Open Short,0.0,62.087166,0xe5c56c63d3f1b84719bb04261ddb2e01fe00490401360d255bc9d09b4c09979d
1750730403852,2025-06-24T02:00:03.852000+00:00,SOL,A,143.63,20.0,Open Short,0.0,1.034136,0xefac287ba4660723e98804261dfe49020641002413d8321970b1cc040d945482
1750730403852,2025-06-24T02:00:03.852000+00:00,SOL,A,143.63,5.0,Open Short,0.0,0.258534,0xefac287ba4660723e98804261dfe49020641002413d8321970b1cc040d945482
1750730403852,2025-06-24T02:00:03.852000+00:00,SOL,A,143.62,5.0,Open Short,0.0,0.258516,0xefac287ba4660723e98804261dfe49020641002413d8321970b1cc040d945482
1750730403852,2025-06-24T02:00:03.852000+00:00,SOL,A,143.61,413.29,Open Short,0.0,21.366927,0xefac287ba4660723e98804261dfe49020641002413d8321970b1cc040d945482
1750730403852,2025-06-24T02:00:03.852000+00:00,SOL,A,143.6,234.38,Open Short,0.0,12.116508,0xefac287ba4660723e98804261dfe49020641002413d8321970b1cc040d945482
1750730403852,2025-06-24T02:00:03.852000+00:00,SOL,A,143.6,96.3,Open Short,0.0,4.978324,0xefac287ba4660723e98804261dfe49020641002413d8321970b1cc040d945482
1750730403852,2025-06-24T02:00:03.852000+00:00,SOL,A,143.6,5.0,Open Short,0.0,0.25848,0xefac287ba4660723e98804261dfe49020641002413d8321970b1cc040d945482
1750730403852,2025-06-24T02:00:03.852000+00:00,SOL,A,143.59,10.24,Open Short,0.0,0.52933,0xefac287ba4660723e98804261dfe49020641002413d8321970b1cc040d945482
1750730403852,2025-06-24T02:00:03.852000+00:00,SOL,A,143.59,25.0,Open Short,0.0,1.29231,0xefac287ba4660723e98804261dfe49020641002413d8321970b1cc040d945482
1750730403852,2025-06-24T02:00:03.852000+00:00,SOL,A,143.58,15.19,Open Short,0.0,0.785152,0xefac287ba4660723e98804261dfe49020641002413d8321970b1cc040d945482
1750730403852,2025-06-24T02:00:03.852000+00:00,SOL,A,143.58,20.93,Open Short,0.0,1.081846,0xefac287ba4660723e98804261dfe49020641002413d8321970b1cc040d945482
1750730403852,2025-06-24T02:00:03.852000+00:00,SOL,A,143.58,10.57,Open Short,0.0,0.54635,0xefac287ba4660723e98804261dfe49020641002413d8321970b1cc040d945482
1750730403852,2025-06-24T02:00:03.852000+00:00,SOL,A,143.58,9.54,Open Short,0.0,0.493111,0xefac287ba4660723e98804261dfe49020641002413d8321970b1cc040d945482
1750730403852,2025-06-24T02:00:03.852000+00:00,SOL,A,143.56,6.97,Open Short,0.0,0.36022,0xefac287ba4660723e98804261dfe49020641002413d8321970b1cc040d945482
1750730403852,2025-06-24T02:00:03.852000+00:00,SOL,A,143.56,209.66,Open Short,0.0,10.835564,0xefac287ba4660723e98804261dfe49020641002413d8321970b1cc040d945482
1750730403852,2025-06-24T02:00:03.852000+00:00,SOL,A,143.56,19.84,Open Short,0.0,1.025362,0xefac287ba4660723e98804261dfe49020641002413d8321970b1cc040d945482
1750730403852,2025-06-24T02:00:03.852000+00:00,SOL,A,143.56,17.72,Open Short,0.0,0.915797,0xefac287ba4660723e98804261dfe49020641002413d8321970b1cc040d945482
1750730403852,2025-06-24T02:00:03.852000+00:00,SOL,A,143.55,127.55,Open Short,0.0,6.591528,0xefac287ba4660723e98804261dfe49020641002413d8321970b1cc040d945482
1750730403852,2025-06-24T02:00:03.852000+00:00,SOL,A,143.55,18.33,Open Short,0.0,0.947257,0xefac287ba4660723e98804261dfe49020641002413d8321970b1cc040d945482
1750730403852,2025-06-24T02:00:03.852000+00:00,SOL,A,143.54,6.84,Open Short,0.0,0.353452,0xefac287ba4660723e98804261dfe49020641002413d8321970b1cc040d945482
1750730403852,2025-06-24T02:00:03.852000+00:00,SOL,A,143.54,2.36,Open Short,0.0,0.121951,0xefac287ba4660723e98804261dfe49020641002413d8321970b1cc040d945482
1750730403852,2025-06-24T02:00:03.852000+00:00,SOL,A,143.54,3.53,Open Short,0.0,0.18241,0xefac287ba4660723e98804261dfe49020641002413d8321970b1cc040d945482
1750730403852,2025-06-24T02:00:03.852000+00:00,SOL,A,143.54,2.59,Open Short,0.0,0.133836,0xefac287ba4660723e98804261dfe49020641002413d8321970b1cc040d945482
1750730403852,2025-06-24T02:00:03.852000+00:00,SOL,A,143.54,2.33,Open Short,0.0,0.120401,0xefac287ba4660723e98804261dfe49020641002413d8321970b1cc040d945482
1750730403852,2025-06-24T02:00:03.852000+00:00,SOL,A,143.54,5.0,Open Short,0.0,0.258372,0xefac287ba4660723e98804261dfe49020641002413d8321970b1cc040d945482
1750730403852,2025-06-24T02:00:03.852000+00:00,SOL,A,143.54,104.77,Open Short,0.0,5.413926,0xefac287ba4660723e98804261dfe49020641002413d8321970b1cc040d945482
1750730403852,2025-06-24T02:00:03.852000+00:00,SOL,A,143.53,2.2,Open Short,0.0,0.113675,0xefac287ba4660723e98804261dfe49020641002413d8321970b1cc040d945482
1750730403852,2025-06-24T02:00:03.852000+00:00,SOL,A,143.53,348.35,Open Short,0.0,17.999523,0xefac287ba4660723e98804261dfe49020641002413d8321970b1cc040d945482
1750730403852,2025-06-24T02:00:03.852000+00:00,SOL,A,143.53,23.44,Open Short,0.0,1.211163,0xefac287ba4660723e98804261dfe49020641002413d8321970b1cc040d945482
1750730403852,2025-06-24T02:00:03.852000+00:00,SOL,A,143.52,15.19,Open Short,0.0,0.784824,0xefac287ba4660723e98804261dfe49020641002413d8321970b1cc040d945482
1750730403852,2025-06-24T02:00:03.852000+00:00,SOL,A,143.52,4.58,Open Short,0.0,0.236635,0xefac287ba4660723e98804261dfe49020641002413d8321970b1cc040d945482
1750730403852,2025-06-24T02:00:03.852000+00:00,SOL,A,143.52,20.88,Open Short,0.0,1.078811,0xefac287ba4660723e98804261dfe49020641002413d8321970b1cc040d945482
1750730403852,2025-06-24T02:00:03.852000+00:00,SOL,A,143.52,2.85,Open Short,0.0,0.147251,0xefac287ba4660723e98804261dfe49020641002413d8321970b1cc040d945482
1750730403852,2025-06-24T02:00:03.852000+00:00,SOL,A,143.52,2.2,Open Short,0.0,0.113667,0xefac287ba4660723e98804261dfe49020641002413d8321970b1cc040d945482
1750730403852,2025-06-24T02:00:03.852000+00:00,SOL,A,143.52,5.34,Open Short,0.0,0.275902,0xefac287ba4660723e98804261dfe49020641002413d8321970b1cc040d945482
1750730403852,2025-06-24T02:00:03.852000+00:00,SOL,A,143.52,698.45,Open Short,0.0,36.086955,0xefac287ba4660723e98804261dfe49020641002413d8321970b1cc040d945482
1750730403852,2025-06-24T02:00:03.852000+00:00,SOL,A,143.52,10.07,Open Short,0.0,0.520288,0xefac287ba4660723e98804261dfe49020641002413d8321970b1cc040d945482
1750730403852,2025-06-24T02:00:03.852000+00:00,SOL,A,143.52,348.38,Open Short,0.0,17.999819,0xefac287ba4660723e98804261dfe49020641002413d8321970b1cc040d945482
1750730403852,2025-06-24T02:00:03.852000+00:00,SOL,A,143.52,6.97,Open Short,0.0,0.36012,0xefac287ba4660723e98804261dfe49020641002413d8321970b1cc040d945482
1750730403852,2025-06-24T02:00:03.852000+00:00,SOL,A,143.52,7.0,Open Short,0.0,0.36167,0xefac287ba4660723e98804261dfe49020641002413d8321970b1cc040d945482
1750730403852,2025-06-24T02:00:03.852000+00:00,SOL,A,143.52,7.67,Open Short,0.0,0.396287,0xefac287ba4660723e98804261dfe49020641002413d8321970b1cc040d945482
1750730403852,2025-06-24T02:00:03.852000+00:00,SOL,A,143.52,7.0,Open Short,0.0,0.36167,0xefac287ba4660723e98804261dfe49020641002413d8321970b1cc040d945482
1750730403852,2025-06-24T02:00:03.852000+00:00,SOL,A,143.52,7.0,Open Short,0.0,0.36167,0xefac287ba4660723e98804261dfe49020641002413d8321970b1cc040d945482
1750730403852,2025-06-24T02:00:03.852000+00:00,SOL,A,143.52,104.77,Open Short,0.0,5.413172,0xefac287ba4660723e98804261dfe49020641002413d8321970b1cc040d945482
1750730403852,2025-06-24T02:00:03.852000+00:00,SOL,A,143.51,374.07,Open Short,0.0,19.325802,0xefac287ba4660723e98804261dfe49020641002413d8321970b1cc040d945482
1750742179875,2025-06-24T05:16:19.875000+00:00,SOL,B,144.06,18.19,Close Short,-13.646138,0.943362,0xf0030fa1b29300fd5077042620562101df00cea07f7867ff24cf51c5edf92eb9
1750742179875,2025-06-24T05:16:19.875000+00:00,SOL,B,144.06,34.71,Close Short,-26.039442,1.800116,0xf0030fa1b29300fd5077042620562101df00cea07f7867ff24cf51c5edf92eb9
1750742179875,2025-06-24T05:16:19.875000+00:00,SOL,B,144.06,13.87,Close Short,-10.405274,0.71932,0xf0030fa1b29300fd5077042620562101df00cea07f7867ff24cf51c5edf92eb9
1750742179875,2025-06-24T05:16:19.875000+00:00,SOL,B,144.07,2.18,Close Short,-1.657236,0.113066,0xf0030fa1b29300fd5077042620562101df00cea07f7867ff24cf51c5edf92eb9
1750742179875,2025-06-24T05:16:19.875000+00:00,SOL,B,144.07,2.39,Close Short,-1.816878,0.123957,0xf0030fa1b29300fd5077042620562101df00cea07f7867ff24cf51c5edf92eb9
1750742179875,2025-06-24T05:16:19.875000+00:00,SOL,B,144.08,8.92,Close Short,-6.870184,0.462669,0xf0030fa1b29300fd5077042620562101df00cea07f7867ff24cf51c5edf92eb9
1750742179875,2025-06-24T05:16:19.875000+00:00,SOL,B,144.08,1.0,Close Short,-0.7702,0.051868,0xf0030fa1b29300fd5077042620562101df00cea07f7867ff24cf51c5edf92eb9
1750742179875,2025-06-24T05:16:19.875000+00:00,SOL,B,144.08,41.61,Close Short,-32.048022,2.15826,0xf0030fa1b29300fd5077042620562101df00cea07f7867ff24cf51c5edf92eb9
1750742179875,2025-06-24T05:16:19.875000+00:00,SOL,B,144.08,105.25,Close Short,-81.06355,5.459191,0xf0030fa1b29300fd5077042620562101df00cea07f7867ff24cf51c5edf92eb9
1750742179875,2025-06-24T05:16:19.875000+00:00,SOL,B,144.08,18.8,Close Short,-14.47976,0.975133,0xf0030fa1b29300fd5077042620562101df00cea07f7867ff24cf51c5edf92eb9
1750742179875,2025-06-24T05:16:19.875000+00:00,SOL,B,144.09,6.84,Close Short,-5.336568,0.354807,0xf0030fa1b29300fd5077042620562101df00cea07f7867ff24cf51c5edf92eb9
1750742179875,2025-06-24T05:16:19.875000+00:00,SOL,B,144.09,6.84,Close Short,-5.336568,0.354807,0xf0030fa1b29300fd5077042620562101df00cea07f7867ff24cf51c5edf92eb9
1750742179875,2025-06-24T05:16:19.875000+00:00,SOL,B,144.09,34.7,Close Short,-27.07294,1.799972,0xf0030fa1b29300fd5077042620562101df00cea07f7867ff24cf51c5edf92eb9
1750742179875,2025-06-24T05:16:19.875000+00:00,SOL,B,144.09,34.7,Close Short,-27.07294,1.799972,0xf0030fa1b29300fd5077042620562101df00cea07f7867ff24cf51c5edf92eb9
1750742179875,2025-06-24T05:16:19.875000+00:00,SOL,B,144.09,7.0,Close Short,-5.4614,0.363106,0xf0030fa1b29300fd5077042620562101df00cea07f7867ff24cf51c5edf92eb9
1750742179875,2025-06-24T05:16:19.875000+00:00,SOL,B,144.09,4.29,Close Short,-3.347058,0.222532,0xf0030fa1b29300fd5077042620562101df00cea07f7867ff24cf51c5edf92eb9
1750742179875,2025-06-24T05:16:19.875000+00:00,SOL,B,144.09,141.93,Close Short,-110.733786,7.362249,0xf0030fa1b29300fd5077042620562101df00cea07f7867ff24cf51c5edf92eb9
1750742179875,2025-06-24T05:16:19.875000+00:00,SOL,B,144.09,2.58,Close Short,-2.012916,0.13383,0xf0030fa1b29300fd5077042620562101df00cea07f7867ff24cf51c5edf92eb9
1750742179875,2025-06-24T05:16:19.875000+00:00,SOL,B,144.09,12.0,Close Short,-9.3624,0.622468,0xf0030fa1b29300fd5077042620562101df00cea07f7867ff24cf51c5edf92eb9
1750742179875,2025-06-24T05:16:19.875000+00:00,SOL,B,144.09,53.74,Close Short,-41.927948,2.787622,0xf0030fa1b29300fd5077042620562101df00cea07f7867ff24cf51c5edf92eb9
1750742179875,2025-06-24T05:16:19.875000+00:00,SOL,B,144.09,131.08,Close Short,-102.268616,6.799434,0xf0030fa1b29300fd5077042620562101df00cea07f7867ff24cf51c5edf92eb9
1750742179875,2025-06-24T05:16:19.875000+00:00,SOL,B,144.1,7.0,Close Short,-5.5314,0.363132,0xf0030fa1b29300fd5077042620562101df00cea07f7867ff24cf51c5edf92eb9
1750742179875,2025-06-24T05:16:19.875000+00:00,SOL,B,144.1,2.84,Close Short,-2.244168,0.147327,0xf0030fa1b29300fd5077042620562101df00cea07f7867ff24cf51c5edf92eb9
1750742179875,2025-06-24T05:16:19.875000+00:00,SOL,B,144.1,2.7,Close Short,-2.13354,0.140065,0xf0030fa1b29300fd5077042620562101df00cea07f7867ff24cf51c5edf92eb9
1750742179875,2025-06-24T05:16:19.875000+00:00,SOL,B,144.1,6.94,Close Short,-5.483988,0.360019,0xf0030fa1b29300fd5077042620562101df00cea07f7867ff24cf51c5edf92eb9
1750742179875,2025-06-24T05:16:19.875000+00:00,SOL,B,144.1,6.95,Close Short,-5.49189,0.360538,0xf0030fa1b29300fd5077042620562101df00cea07f7867ff24cf51c5edf92eb9
1750742179875,2025-06-24T05:16:19.875000+00:00,SOL,B,144.1,141.93,Close Short,-112.153086,7.36276,0xf0030fa1b29300fd5077042620562101df00cea07f7867ff24cf51c5edf92eb9
1750742179875,2025-06-24T05:16:19.875000+00:00,SOL,B,144.1,346.98,Close Short,-274.183596,17.999934,0xf0030fa1b29300fd5077042620562101df00cea07f7867ff24cf51c5edf92eb9
1750742179875,2025-06-24T05:16:19.875000+00:00,SOL,B,144.1,209.13,Close Short,-165.254526,10.848827,0xf0030fa1b29300fd5077042620562101df00cea07f7867ff24cf51c5edf92eb9
1750742179875,2025-06-24T05:16:19.875000+00:00,SOL,B,144.1,83.22,Close Short,-65.760444,4.31712,0xf0030fa1b29300fd5077042620562101df00cea07f7867ff24cf51c5edf92eb9
1750742179875,2025-06-24T05:16:19.875000+00:00,SOL,B,144.1,7.95,Close Short,-6.28209,0.412414,0xf0030fa1b29300fd5077042620562101df00cea07f7867ff24cf51c5edf92eb9
1750742179875,2025-06-24T05:16:19.875000+00:00,SOL,B,144.1,53.59,Close Short,-42.346818,2.780034,0xf0030fa1b29300fd5077042620562101df00cea07f7867ff24cf51c5edf92eb9
1750742179875,2025-06-24T05:16:19.875000+00:00,SOL,B,144.1,201.89,Close Short,-159.533478,10.473245,0xf0030fa1b29300fd5077042620562101df00cea07f7867ff24cf51c5edf92eb9
1750742179875,2025-06-24T05:16:19.875000+00:00,SOL,B,144.1,170.37,Close Short,-134.626374,8.838114,0xf0030fa1b29300fd5077042620562101df00cea07f7867ff24cf51c5edf92eb9
1750742179875,2025-06-24T05:16:19.875000+00:00,SOL,B,144.11,4.16,Close Short,-3.328832,0.215819,0xf0030fa1b29300fd5077042620562101df00cea07f7867ff24cf51c5edf92eb9
1750742179875,2025-06-24T05:16:19.875000+00:00,SOL,B,144.11,2.87,Close Short,-2.296574,0.148894,0xf0030fa1b29300fd5077042620562101df00cea07f7867ff24cf51c5edf92eb9
1750742179875,2025-06-24T05:16:19.875000+00:00,SOL,B,144.11,2.93,Close Short,-2.344586,0.152007,0xf0030fa1b29300fd5077042620562101df00cea07f7867ff24cf51c5edf92eb9
1750742179875,2025-06-24T05:16:19.875000+00:00,SOL,B,144.11,2.94,Close Short,-2.352588,0.152526,0xf0030fa1b29300fd5077042620562101df00cea07f7867ff24cf51c5edf92eb9
1750742179875,2025-06-24T05:16:19.875000+00:00,SOL,B,144.11,3.99,Close Short,-3.192798,0.206999,0xf0030fa1b29300fd5077042620562101df00cea07f7867ff24cf51c5edf92eb9
1750742179875,2025-06-24T05:16:19.875000+00:00,SOL,B,144.11,3.35,Close Short,-2.68067,0.173796,0xf0030fa1b29300fd5077042620562101df00cea07f7867ff24cf51c5edf92eb9
1750742179875,2025-06-24T05:16:19.875000+00:00,SOL,B,144.11,13.28,Close Short,-10.626656,0.688961,0xf0030fa1b29300fd5077042620562101df00cea07f7867ff24cf51c5edf92eb9
1750742179875,2025-06-24T05:16:19.875000+00:00,SOL,B,144.11,7.05,Close Short,-5.64141,0.365751,0xf0030fa1b29300fd5077042620562101df00cea07f7867ff24cf51c5edf92eb9
1750742179875,2025-06-24T05:16:19.875000+00:00,SOL,B,144.11,68.36,Close Short,-54.701672,3.546489,0xf0030fa1b29300fd5077042620562101df00cea07f7867ff24cf51c5edf92eb9
1750742179875,2025-06-24T05:16:19.875000+00:00,SOL,B,144.11,7.0,Close Short,-5.6014,0.363157,0xf0030fa1b29300fd5077042620562101df00cea07f7867ff24cf51c5edf92eb9
1750742179875,2025-06-24T05:16:19.875000+00:00,SOL,B,144.11,7.0,Close Short,-5.6014,0.363157,0xf0030fa1b29300fd5077042620562101df00cea07f7867ff24cf51c5edf92eb9
1750742179875,2025-06-24T05:16:19.875000+00:00,SOL,B,144.11,7.0,Close Short,-5.6014,0.363157,0xf0030fa1b29300fd5077042620562101df00cea07f7867ff24cf51c5edf92eb9
1750742179875,2025-06-24T05:16:19.875000+00:00,SOL,B,144.11,6.94,Close Short,-5.553388,0.360044,0xf0030fa1b29300fd5077042620562101df00cea07f7867ff24cf51c5edf92eb9
1750742179875,2025-06-24T05:16:19.875000+00:00,SOL,B,144.11,7.0,Close Short,-5.6014,0.363157,0xf0030fa1b29300fd5077042620562101df00cea07f7867ff24cf51c5edf92eb9
1750742179875,2025-06-24T05:16:19.875000+00:00,SOL,B,144.11,2.7,Close Short,-2.16054,0.140074,0xf0030fa1b29300fd5077042620562101df00cea07f7867ff24cf51c5edf92eb9
1750742179875,2025-06-24T05:16:19.875000+00:00,SOL,B,144.11,6.94,Close Short,-5.553388,0.360044,0xf0030fa1b29300fd5077042620562101df00cea07f7867ff24cf51c5edf92eb9
1750742179875,2025-06-24T05:16:19.875000+00:00,SOL,B,144.11,6.94,Close Short,-5.553388,0.360044,0xf0030fa1b29300fd5077042620562101df00cea07f7867ff24cf51c5edf92eb9
1750742179875,2025-06-24T05:16:19.875000+00:00,SOL,B,144.11,6.94,Close Short,-5.553388,0.360044,0xf0030fa1b29300fd5077042620562101df00cea07f7867ff24cf51c5edf92eb9
1750742179875,2025-06-24T05:16:19.875000+00:00,SOL,B,144.11,73.32,Close Short,-58.670664,3.803812,0xf0030fa1b29300fd5077042620562101df00cea07f7867ff24cf51c5edf92eb9
1750742179875,2025-06-24T05:16:19.875000+00:00,SOL,B,144.11,346.97,Close Short,-277.645394,18.000664,0xf0030fa1b29300fd5077042620562101df00cea07f7867ff24cf51c5edf92eb9
1750742179875,2025-06-24T05:16:19.875000+00:00,SOL,B,144.11,692.46,Close Short,-554.106492,35.924547,0xf0030fa1b29300fd5077042620562101df00cea07f7867ff24cf51c5edf92eb9
1750742179875,2025-06-24T05:16:19.875000+00:00,SOL,B,144.11,21.53,Close Short,-17.228306,1.116967,0xf0030fa1b29300fd5077042620562101df00cea07f7867ff24cf51c5edf92eb9
1750742179875,2025-06-24T05:16:19.875000+00:00,SOL,B,144.11,74.3,Close Short,-59.45486,3.854654,0xf0030fa1b29300fd5077042620562101df00cea07f7867ff24cf51c5edf92eb9
1750742179875,2025-06-24T05:16:19.875000+00:00,SOL,B,144.11,141.93,Close Short,-113.572386,7.363271,0xf0030fa1b29300fd5077042620562101df00cea07f7867ff24cf51c5edf92eb9
1750742179875,2025-06-24T05:16:19.875000+00:00,SOL,B,144.11,104.64,Close Short,-83.732928,5.428681,0xf0030fa1b29300fd5077042620562101df00cea07f7867ff24cf51c5edf92eb9
1750742179875,2025-06-24T05:16:19.875000+00:00,SOL,B,144.12,4.3,Close Short,-3.48386,0.223097,0xf0030fa1b29300fd5077042620562101df00cea07f7867ff24cf51c5edf92eb9
1750742179875,2025-06-24T05:16:19.875000+00:00,SOL,B,144.12,2.91,Close Short,-2.357682,0.15098,0xf0030fa1b29300fd5077042620562101df00cea07f7867ff24cf51c5edf92eb9
1750742179875,2025-06-24T05:16:19.875000+00:00,SOL,B,144.12,34.04,Close Short,-27.579208,1.766104,0xf0030fa1b29300fd5077042620562101df00cea07f7867ff24cf51c5edf92eb9
1750742179875,2025-06-24T05:16:19.875000+00:00,SOL,B,144.12,34.69,Close Short,-28.105838,1.799828,0xf0030fa1b29300fd5077042620562101df00cea07f7867ff24cf51c5edf92eb9
1750742179875,2025-06-24T05:16:19.875000+00:00,SOL,B,144.12,34.69,Close Short,-28.105838,1.799828,0xf0030fa1b29300fd5077042620562101df00cea07f7867ff24cf51c5edf92eb9
1750742179875,2025-06-24T05:16:19.875000+00:00,SOL,B,144.12,7.0,Close Short,-5.6714,0.363182,0xf0030fa1b29300fd5077042620562101df00cea07f7867ff24cf51c5edf92eb9
1750742179875,2025-06-24T05:16:19.875000+00:00,SOL,B,144.12,2.7,Close Short,-2.18754,0.140084,0xf0030fa1b29300fd5077042620562101df00cea07f7867ff24cf51c5edf92eb9
1750742179875,2025-06-24T05:16:19.875000+00:00,SOL,B,144.12,7.0,Close Short,-5.6714,0.363182,0xf0030fa1b29300fd5077042620562101df00cea07f7867ff24cf51c5edf92eb9
1750742179875,2025-06-24T05:16:19.875000+00:00,SOL,B,144.12,7.0,Close Short,-5.6714,0.363182,0xf0030fa1b29300fd5077042620562101df00cea07f7867ff24cf51c5edf92eb9
1750742179875,2025-06-24T05:16:19.875000+00:00,SOL,B,144.12,7.0,Close Short,-5.6714,0.363182,0xf0030fa1b29300fd5077042620562101df00cea07f7867ff24cf51c5edf92eb9
1750742179875,2025-06-24T05:16:19.875000+00:00,SOL,B,144.12,7.0,Close Short,-5.6714,0.363182,0xf0030fa1b29300fd5077042620562101df00cea07f7867ff24cf51c5edf92eb9
1750742179875,2025-06-24T05:16:19.875000+00:00,SOL,B,144.12,346.94,Close Short,-281.090788,18.000357,0xf0030fa1b29300fd5077042620562101df00cea07f7867ff24cf51c5edf92eb9
1750742179875,2025-06-24T05:16:19.875000+00:00,SOL,B,144.12,209.18,Close Short,-169.477636,10.852927,0xf0030fa1b29300fd5077042620562101df00cea07f7867ff24cf51c5edf92eb9
1750742179875,2025-06-24T05:16:19.875000+00:00,SOL,B,144.12,7.0,Close Short,-5.6714,0.363182,0xf0030fa1b29300fd5077042620562101df00cea07f7867ff24cf51c5edf92eb9
1750742179875,2025-06-24T05:16:19.875000+00:00,SOL,B,144.12,141.93,Close Short,-114.991686,7.363782,0xf0030fa1b29300fd5077042620562101df00cea07f7867ff24cf51c5edf92eb9
1750742179875,2025-06-24T05:16:19.875000+00:00,SOL,B,144.12,7.0,Close Short,-5.6714,0.363182,0xf0030fa1b29300fd5077042620562101df00cea07f7867ff24cf51c5edf92eb9
1750742179875,2025-06-24T05:16:19.875000+00:00,SOL,B,144.12,7.0,Close Short,-5.6714,0.363182,0xf0030fa1b29300fd5077042620562101df00cea07f7867ff24cf51c5edf92eb9
1750742179875,2025-06-24T05:16:19.875000+00:00,SOL,B,144.12,7.0,Close Short,-5.6714,0.363182,0xf0030fa1b29300fd5077042620562101df00cea07f7867ff24cf51c5edf92eb9
1750742179875,2025-06-24T05:16:19.875000+00:00,SOL,B,144.12,7.0,Close Short,-5.6714,0.363182,0xf0030fa1b29300fd5077042620562101df00cea07f7867ff24cf51c5edf92eb9
1750742179875,2025-06-24T05:16:19.875000+00:00,SOL,B,144.12,7.0,Close Short,-5.6714,0.363182,0xf0030fa1b29300fd5077042620562101df00cea07f7867ff24cf51c5edf92eb9
1750742179875,2025-06-24T05:16:19.875000+00:00,SOL,B,144.12,57.81,Close Short,-46.837662,2.999367,0xf0030fa1b29300fd5077042620562101df00cea07f7867ff24cf51c5edf92eb9
1750742179875,2025-06-24T05:16:19.875000+00:00,SOL,B,144.12,7.0,Close Short,-5.6714,0.363182,0xf0030fa1b29300fd5077042620562101df00cea07f7867ff24cf51c5edf92eb9
1750742179875,2025-06-24T05:16:19.875000+00:00,SOL,B,144.12,7.0,Close Short,-5.6714,0.363182,0xf0030fa1b29300fd5077042620562101df00cea07f7867ff24cf51c5edf92eb9
1750742179875,2025-06-24T05:16:19.875000+00:00,SOL,B,144.12,7.0,Close Short,-5.6714,0.363182,0xf0030fa1b29300fd5077042620562101df00cea07f7867ff24cf51c5edf92eb9
1750742179875,2025-06-24T05:16:19.875000+00:00,SOL,B,144.13,3.35,Close Short,-2.74767,0.17382,0xf0030fa1b29300fd5077042620562101df00cea07f7867ff24cf51c5edf92eb9
1750742179875,2025-06-24T05:16:19.875000+00:00,SOL,B,144.13,13.28,Close Short,-10.892256,0.689056,0xf0030fa1b29300fd5077042620562101df00cea07f7867ff24cf51c5edf92eb9
1750742179875,2025-06-24T05:16:19.875000+00:00,SOL,B,144.13,2.7,Close Short,-2.21454,0.140094,0xf0030fa1b29300fd5077042620562101df00cea07f7867ff24cf51c5edf92eb9
1750742179875,2025-06-24T05:16:19.875000+00:00,SOL,B,144.13,20.84,Close Short,-17.092968,1.08132,0xf0030fa1b29300fd5077042620562101df00cea07f7867ff24cf51c5edf92eb9
1750742179875,2025-06-24T05:16:19.875000+00:00,SOL,B,144.13,141.93,Close Short,-116.410986,7.364293,0xf0030fa1b29300fd5077042620562101df00cea07f7867ff24cf51c5edf92eb9
1750742179875,2025-06-24T05:16:19.875000+00:00,SOL,B,144.13,2.7,Close Short,-2.21454,0.140094,0xf0030fa1b29300fd5077042620562101df00cea07f7867ff24cf51c5edf92eb9
1750742179875,2025-06-24T05:16:19.875000+00:00,SOL,B,144.13,7.0,Close Short,-5.7414,0.363207,0xf0030fa1b29300fd5077042620562101df00cea07f7867ff24cf51c5edf92eb9
1750742179875,2025-06-24T05:16:19.875000+00:00,SOL,B,144.13,7.0,Close Short,-5.7414,0.363207,0xf0030fa1b29300fd5077042620562101df00cea07f7867ff24cf51c5edf92eb9
1750742179875,2025-06-24T05:16:19.875000+00:00,SOL,B,144.13,2.7,Close Short,-2.21454,0.140094,0xf0030fa1b29300fd5077042620562101df00cea07f7867ff24cf51c5edf92eb9
1750742179875,2025-06-24T05:16:19.875000+00:00,SOL,B,144.13,7.0,Close Short,-5.7414,0.363207,0xf0030fa1b29300fd5077042620562101df00cea07f7867ff24cf51c5edf92eb9
1750742179875,2025-06-24T05:16:19.875000+00:00,SOL,B,144.13,2.7,Close Short,-2.21454,0.140094,0xf0030fa1b29300fd5077042620562101df00cea07f7867ff24cf51c5edf92eb9
1750742179875,2025-06-24T05:16:19.875000+00:00,SOL,B,144.13,7.0,Close Short,-5.7414,0.363207,0xf0030fa1b29300fd5077042620562101df00cea07f7867ff24cf51c5edf92eb9
1750742179875,2025-06-24T05:16:19.875000+00:00,SOL,B,144.13,2.7,Close Short,-2.21454,0.140094,0xf0030fa1b29300fd5077042620562101df00cea07f7867ff24cf51c5edf92eb9
1750742179875,2025-06-24T05:16:19.875000+00:00,SOL,B,144.13,2.7,Close Short,-2.21454,0.140094,0xf0030fa1b29300fd5077042620562101df00cea07f7867ff24cf51c5edf92eb9
1750742179875,2025-06-24T05:16:19.875000+00:00,SOL,B,144.13,233.67,Close Short,-191.656134,12.124388,0xf0030fa1b29300fd5077042620562101df00cea07f7867ff24cf51c5edf92eb9
1750742179875,2025-06-24T05:16:19.875000+00:00,SOL,B,144.13,3.53,Close Short,-2.895306,0.18316,0xf0030fa1b29300fd5077042620562101df00cea07f7867ff24cf51c5edf92eb9
1750742179875,2025-06-24T05:16:19.875000+00:00,SOL,B,144.13,346.92,Close Short,-284.543784,18.000568,0xf0030fa1b29300fd5077042620562101df00cea07f7867ff24cf51c5edf92eb9
1750742179875,2025-06-24T05:16:19.875000+00:00,SOL,B,144.13,138.68,Close Short,-113.745336,7.195661,0xf0030fa1b29300fd5077042620562101df00cea07f7867ff24cf51c5edf92eb9
1750742179875,2025-06-24T05:16:19.875000+00:00,SOL,B,144.13,104.64,Close Short,-85.825728,5.429434,0xf0030fa1b29300fd5077042620562101df00cea07f7867ff24cf51c5edf92eb9
1750742179875,2025-06-24T05:16:19.875000+00:00,SOL,B,144.13,2.57,Close Short,-2.107914,0.133349,0xf0030fa1b29300fd5077042620562101df00cea07f7867ff24cf51c5edf92eb9
1750742179875,2025-06-24T05:16:19.875000+00:00,SOL,B,144.13,607.24,Close Short,-498.058248,31.50774,0xf0030fa1b29300fd5077042620562101df00cea07f7867ff24cf51c5edf92eb9
1750742179875,2025-06-24T05:16:19.875000+00:00,SOL,B,144.13,0.73,Close Short,-0.598746,0.037877,0xf0030fa1b29300fd5077042620562101df00cea07f7867ff24cf51c5edf92eb9
1750742179875,2025-06-24T05:16:19.875000+00:00,SOL,B,144.13,597.83,Close Short,-490.340166,31.019485,0xf0030fa1b29300fd5077042620562101df00cea07f7867ff24cf51c5edf92eb9
1750742179875,2025-06-24T05:16:19.875000+00:00,SOL,B,144.14,697.57,Close Short,-579.122614,36.197186,0xf0030fa1b29300fd5077042620562101df00cea07f7867ff24cf51c5edf92eb9
1750742179875,2025-06-24T05:16:19.875000+00:00,SOL,B,144.14,4.02,Close Short,-3.337404,0.208599,0xf0030fa1b29300fd5077042620562101df00cea07f7867ff24cf51c5edf92eb9
1750742179875,2025-06-24T05:16:19.875000+00:00,SOL,B,144.14,693.33,Close Short,-575.602566,35.977171,0xf0030fa1b29300fd5077042620562101df00cea07f7867ff24cf51c5edf92eb9
1750742179875,2025-06-24T05:16:19.875000+00:00,SOL,B,144.14,7.0,Close Short,-5.8114,0.363232,0xf0030fa1b29300fd5077042620562101df00cea07f7867ff24cf51c5edf92eb9
1750742179875,2025-06-24T05:16:19.875000+00:00,SOL,B,144.14,41.3,Close Short,-34.28726,2.143073,0xf0030fa1b29300fd5077042620562101df00cea07f7867ff24cf51c5edf92eb9
1750742179875,2025-06-24T05:16:19.875000+00:00,SOL,B,144.14,6.94,Close Short,-5.761588,0.360119,0xf0030fa1b29300fd5077042620562101df00cea07f7867ff24cf51c5edf92eb9
1750742179875,2025-06-24T05:16:19.875000+00:00,SOL,B,144.14,616.67,Close Short,-511.959434,31.999252,0xf0030fa1b29300fd5077042620562101df00cea07f7867ff24cf51c5edf92eb9
1750742179875,2025-06-24T05:16:19.875000+00:00,SOL,B,144.14,7.0,Close Short,-5.8114,0.363232,0xf0030fa1b29300fd5077042620562101df00cea07f7867ff24cf51c5edf92eb9
1750742179875,2025-06-24T05:16:19.875000+00:00,SOL,B,144.14,7.0,Close Short,-5.8114,0.363232,0xf0030fa1b29300fd5077042620562101df00cea07f7867ff24cf51c5edf92eb9
1750742179875,2025-06-24T05:16:19.875000+00:00,SOL,B,144.14,68.26,Close Short,-56.669452,3.542038,0xf0030fa1b29300fd5077042620562101df00cea07f7867ff24cf51c5edf92eb9
1750742179875,2025-06-24T05:16:19.875000+00:00,SOL,B,144.14,45.07,Close Short,-37.417114,2.3387,0xf0030fa1b29300fd5077042620562101df00cea07f7867ff24cf51c5edf92eb9
1750742179875,2025-06-24T05:16:19.875000+00:00,SOL,B,144.14,5.13,Close Short,-4.258926,0.266197,0xf0030fa1b29300fd5077042620562101df00cea07f7867ff24cf51c5edf92eb9
1750742179875,2025-06-24T05:16:19.875000+00:00,SOL,B,144.14,346.89,Close Short,-287.988078,18.00026,0xf0030fa1b29300fd5077042620562101df00cea07f7867ff24cf51c5edf92eb9
1750742179875,2025-06-24T05:16:19.875000+00:00,SOL,B,144.14,1092.13,Close Short,-906.686326,56.671062,0xf0030fa1b29300fd5077042620562101df00cea07f7867ff24cf51c5edf92eb9
1750742179875,2025-06-24T05:16:19.875000+00:00,SOL,B,144.14,141.93,Close Short,-117.830286,7.364804,0xf0030fa1b29300fd5077042620562101df00cea07f7867ff24cf51c5edf92eb9
1750742179875,2025-06-24T05:16:19.875000+00:00,SOL,B,144.14,1019.59,Close Short,-846.463618,52.906932,0xf0030fa1b29300fd5077042620562101df00cea07f7867ff24cf51c5edf92eb9
1750742179875,2025-06-24T05:16:19.875000+00:00,SOL,B,144.14,2.32,Close Short,-1.926064,0.120385,0xf0030fa1b29300fd5077042620562101df00cea07f7867ff24cf51c5edf92eb9
1750742179875,2025-06-24T05:16:19.875000+00:00,SOL,B,144.15,279.2,Close Short,-234.58384,14.488804,0xf0030fa1b29300fd5077042620562101df00cea07f7867ff24cf51c5edf92eb9
1750742179875,2025-06-24T05:16:19.875000+00:00,SOL,B,144.15,6.94,Close Short,-5.830988,0.360144,0xf0030fa1b29300fd5077042620562101df00cea07f7867ff24cf51c5edf92eb9
1750742179875,2025-06-24T05:16:19.875000+00:00,SOL,B,144.15,6.94,Close Short,-5.830988,0.360144,0xf0030fa1b29300fd5077042620562101df00cea07f7867ff24cf51c5edf92eb9
1750742179875,2025-06-24T05:16:19.875000+00:00,SOL,B,144.15,6.94,Close Short,-5.830988,0.360144,0xf0030fa1b29300fd5077042620562101df00cea07f7867ff24cf51c5edf92eb9
1750742179875,2025-06-24T05:16:19.875000+00:00,SOL,B,144.15,2.9,Close Short,-2.43658,0.150492,0xf0030fa1b29300fd5077042620562101df00cea07f7867ff24cf51c5edf92eb9
1750742179875,2025-06-24T05:16:19.875000+00:00,SOL,B,144.15,2.98,Close Short,-2.503796,0.154644,0xf0030fa1b29300fd5077042620562101df00cea07f7867ff24cf51c5edf92eb9
1750742179875,2025-06-24T05:16:19.875000+00:00,SOL,B,144.15,4.73,Close Short,-3.974146,0.245458,0xf0030fa1b29300fd5077042620562101df00cea07f7867ff24cf51c5edf92eb9
1750742179875,2025-06-24T05:16:19.875000+00:00,SOL,B,144.15,104.64,Close Short,-87.918528,5.430188,0xf0030fa1b29300fd5077042620562101df00cea07f7867ff24cf51c5edf92eb9
1750742179875,2025-06-24T05:16:19.875000+00:00,SOL,B,144.15,6.94,Close Short,-5.830988,0.360144,0xf0030fa1b29300fd5077042620562101df00cea07f7867ff24cf51c5edf92eb9
1750742179875,2025-06-24T05:16:19.875000+00:00,SOL,B,144.15,13.28,Close Short,-11.157856,0.689152,0xf0030fa1b29300fd5077042620562101df00cea07f7867ff24cf51c5edf92eb9
1750742179875,2025-06-24T05:16:19.875000+00:00,SOL,B,144.15,6.94,Close Short,-5.830988,0.360144,0xf0030fa1b29300fd5077042620562101df00cea07f7867ff24cf51c5edf92eb9
1750742179875,2025-06-24T05:16:19.875000+00:00,SOL,B,144.15,6.94,Close Short,-5.830988,0.360144,0xf0030fa1b29300fd5077042620562101df00cea07f7867ff24cf51c5edf92eb9
1750742179875,2025-06-24T05:16:19.875000+00:00,SOL,B,144.15,6.94,Close Short,-5.830988,0.360144,0xf0030fa1b29300fd5077042620562101df00cea07f7867ff24cf51c5edf92eb9
1750742179875,2025-06-24T05:16:19.875000+00:00,SOL,B,144.15,6.94,Close Short,-5.830988,0.360144,0xf0030fa1b29300fd5077042620562101df00cea07f7867ff24cf51c5edf92eb9
1750742179875,2025-06-24T05:16:19.875000+00:00,SOL,B,144.15,2.7,Close Short,-2.26854,0.140113,0xf0030fa1b29300fd5077042620562101df00cea07f7867ff24cf51c5edf92eb9
1750742179875,2025-06-24T05:16:19.875000+00:00,SOL,B,144.15,2.7,Close Short,-2.26854,0.140113,0xf0030fa1b29300fd5077042620562101df00cea07f7867ff24cf51c5edf92eb9
1750742179875,2025-06-24T05:16:19.875000+00:00,SOL,B,144.15,2.7,Close Short,-2.26854,0.140113,0xf0030fa1b29300fd5077042620562101df00cea07f7867ff24cf51c5edf92eb9
1750742179875,2025-06-24T05:16:19.875000+00:00,SOL,B,144.15,2.7,Close Short,-2.26854,0.140113,0xf0030fa1b29300fd5077042620562101df00cea07f7867ff24cf51c5edf92eb9
1750742179875,2025-06-24T05:16:19.875000+00:00,SOL,B,144.15,7.0,Close Short,-5.8814,0.363258,0xf0030fa1b29300fd5077042620562101df00cea07f7867ff24cf51c5edf92eb9
1750742179875,2025-06-24T05:16:19.875000+00:00,SOL,B,144.15,27.77,Close Short,-23.332354,1.441096,0xf0030fa1b29300fd5077042620562101df00cea07f7867ff24cf51c5edf92eb9
1750742179875,2025-06-24T05:16:19.875000+00:00,SOL,B,144.15,13.88,Close Short,-11.661976,0.720288,0xf0030fa1b29300fd5077042620562101df00cea07f7867ff24cf51c5edf92eb9
1750742179875,2025-06-24T05:16:19.875000+00:00,SOL,B,144.15,7.0,Close Short,-5.8814,0.363258,0xf0030fa1b29300fd5077042620562101df00cea07f7867ff24cf51c5edf92eb9
1750742179875,2025-06-24T05:16:19.875000+00:00,SOL,B,144.15,7.0,Close Short,-5.8814,0.363258,0xf0030fa1b29300fd5077042620562101df00cea07f7867ff24cf51c5edf92eb9
1750742179875,2025-06-24T05:16:19.875000+00:00,SOL,B,144.15,19.74,Close Short,-16.585548,1.024387,0xf0030fa1b29300fd5077042620562101df00cea07f7867ff24cf51c5edf92eb9
1750742179875,2025-06-24T05:16:19.875000+00:00,SOL,B,144.15,7.0,Close Short,-5.8814,0.363258,0xf0030fa1b29300fd5077042620562101df00cea07f7867ff24cf51c5edf92eb9
1750742179875,2025-06-24T05:16:19.875000+00:00,SOL,B,144.15,6.94,Close Short,-5.830988,0.360144,0xf0030fa1b29300fd5077042620562101df00cea07f7867ff24cf51c5edf92eb9
1750742179875,2025-06-24T05:16:19.875000+00:00,SOL,B,144.15,6.94,Close Short,-5.830988,0.360144,0xf0030fa1b29300fd5077042620562101df00cea07f7867ff24cf51c5edf92eb9
1750742179875,2025-06-24T05:16:19.875000+00:00,SOL,B,144.15,6.94,Close Short,-5.830988,0.360144,0xf0030fa1b29300fd5077042620562101df00cea07f7867ff24cf51c5edf92eb9
1750742179875,2025-06-24T05:16:19.875000+00:00,SOL,B,144.15,6.94,Close Short,-5.830988,0.360144,0xf0030fa1b29300fd5077042620562101df00cea07f7867ff24cf51c5edf92eb9
1750742179875,2025-06-24T05:16:19.875000+00:00,SOL,B,144.15,6.94,Close Short,-5.830988,0.360144,0xf0030fa1b29300fd5077042620562101df00cea07f7867ff24cf51c5edf92eb9
1750742179875,2025-06-24T05:16:19.875000+00:00,SOL,B,144.15,6.94,Close Short,-5.830988,0.360144,0xf0030fa1b29300fd5077042620562101df00cea07f7867ff24cf51c5edf92eb9
1750742179875,2025-06-24T05:16:19.875000+00:00,SOL,B,144.15,6.94,Close Short,-5.830988,0.360144,0xf0030fa1b29300fd5077042620562101df00cea07f7867ff24cf51c5edf92eb9
1750742179875,2025-06-24T05:16:19.875000+00:00,SOL,B,144.15,6.94,Close Short,-5.830988,0.360144,0xf0030fa1b29300fd5077042620562101df00cea07f7867ff24cf51c5edf92eb9
1750742179875,2025-06-24T05:16:19.875000+00:00,SOL,B,144.15,6.94,Close Short,-5.830988,0.360144,0xf0030fa1b29300fd5077042620562101df00cea07f7867ff24cf51c5edf92eb9
1750742179875,2025-06-24T05:16:19.875000+00:00,SOL,B,144.15,128.84,Close Short,-108.251368,6.686022,0xf0030fa1b29300fd5077042620562101df00cea07f7867ff24cf51c5edf92eb9
1750742179875,2025-06-24T05:16:19.875000+00:00,SOL,B,144.15,13.09,Close Short,-10.998218,0.679292,0xf0030fa1b29300fd5077042620562101df00cea07f7867ff24cf51c5edf92eb9
1750742179875,2025-06-24T05:16:19.875000+00:00,SOL,B,144.16,0.28,Close Short,-0.238056,0.014531,0xf0030fa1b29300fd5077042620562101df00cea07f7867ff24cf51c5edf92eb9
1750742179875,2025-06-24T05:16:19.875000+00:00,SOL,B,144.16,68.36,Close Short,-58.119672,3.547719,0xf0030fa1b29300fd5077042620562101df00cea07f7867ff24cf51c5edf92eb9
1750742179875,2025-06-24T05:16:19.875000+00:00,SOL,B,144.16,6.84,Close Short,-5.815368,0.354979,0xf0030fa1b29300fd5077042620562101df00cea07f7867ff24cf51c5edf92eb9
1750742179875,2025-06-24T05:16:19.875000+00:00,SOL,B,144.16,6.84,Close Short,-5.815368,0.354979,0xf0030fa1b29300fd5077042620562101df00cea07f7867ff24cf51c5edf92eb9
1750742179875,2025-06-24T05:16:19.875000+00:00,SOL,B,144.16,12.99,Close Short,-11.044098,0.674149,0xf0030fa1b29300fd5077042620562101df00cea07f7867ff24cf51c5edf92eb9
1750742179875,2025-06-24T05:16:19.875000+00:00,SOL,B,144.16,6.94,Close Short,-5.900388,0.360169,0xf0030fa1b29300fd5077042620562101df00cea07f7867ff24cf51c5edf92eb9
1750742179875,2025-06-24T05:16:19.875000+00:00,SOL,B,144.16,58.1,Close Short,-49.39662,3.01525,0xf0030fa1b29300fd5077042620562101df00cea07f7867ff24cf51c5edf92eb9
1750742179875,2025-06-24T05:16:19.875000+00:00,SOL,B,144.16,530.65,Close Short,-451.15863,27.539461,0xf0030fa1b29300fd5077042620562101df00cea07f7867ff24cf51c5edf92eb9
1750749573207,2025-06-24T07:19:33.207000+00:00,SOL,A,146.12,0.14,Open Short,0.0,0.007364,0xc6f54ccf83e7b6a11b6e042621ce1402092500f46ec54f49f57ee4f47a054f69
1750749573207,2025-06-24T07:19:33.207000+00:00,SOL,A,146.12,7.46,Open Short,0.0,0.392419,0xc6f54ccf83e7b6a11b6e042621ce1402092500f46ec54f49f57ee4f47a054f69
1750749573207,2025-06-24T07:19:33.207000+00:00,SOL,A,146.1,0.14,Open Short,0.0,0.007363,0xc6f54ccf83e7b6a11b6e042621ce1402092500f46ec54f49f57ee4f47a054f69
1750749573207,2025-06-24T07:19:33.207000+00:00,SOL,A,146.06,66.86,Open Short,0.0,3.515605,0xc6f54ccf83e7b6a11b6e042621ce1402092500f46ec54f49f57ee4f47a054f69
1750749573207,2025-06-24T07:19:33.207000+00:00,SOL,A,146.06,34.23,Open Short,0.0,1.799868,0xc6f54ccf83e7b6a11b6e042621ce1402092500f46ec54f49f57ee4f47a054f69
1750749573207,2025-06-24T07:19:33.207000+00:00,SOL,A,146.06,13.68,Open Short,0.0,0.719316,0xc6f54ccf83e7b6a11b6e042621ce1402092500f46ec54f49f57ee4f47a054f69
1750749573207,2025-06-24T07:19:33.207000+00:00,SOL,A,146.06,24.68,Open Short,0.0,1.297713,0xc6f54ccf83e7b6a11b6e042621ce1402092500f46ec54f49f57ee4f47a054f69
1750749573207,2025-06-24T07:19:33.207000+00:00,SOL,A,146.06,2.28,Open Short,0.0,0.119886,0xc6f54ccf83e7b6a11b6e042621ce1402092500f46ec54f49f57ee4f47a054f69
1750749573207,2025-06-24T07:19:33.207000+00:00,SOL,A,146.06,167.12,Open Short,0.0,8.787436,0xc6f54ccf83e7b6a11b6e042621ce1402092500f46ec54f49f57ee4f47a054f69
1750749573207,2025-06-24T07:19:33.207000+00:00,SOL,A,146.05,682.52,Open Short,0.0,35.885536,0xc6f54ccf83e7b6a11b6e042621ce1402092500f46ec54f49f57ee4f47a054f69
1750749573207,2025-06-24T07:19:33.207000+00:00,SOL,A,146.05,6.84,Open Short,0.0,0.359633,0xc6f54ccf83e7b6a11b6e042621ce1402092500f46ec54f49f57ee4f47a054f69
1750749573207,2025-06-24T07:19:33.207000+00:00,SOL,A,146.05,102.92,Open Short,0.0,5.411327,0xc6f54ccf83e7b6a11b6e042621ce1402092500f46ec54f49f57ee4f47a054f69
1750749573207,2025-06-24T07:19:33.207000+00:00,SOL,A,146.05,133.11,Open Short,0.0,6.998657,0xc6f54ccf83e7b6a11b6e042621ce1402092500f46ec54f49f57ee4f47a054f69
1750749573207,2025-06-24T07:19:33.207000+00:00,SOL,A,146.05,34.23,Open Short,0.0,1.799744,0xc6f54ccf83e7b6a11b6e042621ce1402092500f46ec54f49f57ee4f47a054f69
1750749573207,2025-06-24T07:19:33.207000+00:00,SOL,A,146.05,12.0,Open Short,0.0,0.630936,0xc6f54ccf83e7b6a11b6e042621ce1402092500f46ec54f49f57ee4f47a054f69
1750749573207,2025-06-24T07:19:33.207000+00:00,SOL,A,146.05,2.36,Open Short,0.0,0.124084,0xc6f54ccf83e7b6a11b6e042621ce1402092500f46ec54f49f57ee4f47a054f69
1750749573207,2025-06-24T07:19:33.207000+00:00,SOL,A,146.05,2.74,Open Short,0.0,0.144063,0xc6f54ccf83e7b6a11b6e042621ce1402092500f46ec54f49f57ee4f47a054f69
1750749573207,2025-06-24T07:19:33.207000+00:00,SOL,A,146.04,6.84,Open Short,0.0,0.359608,0xc6f54ccf83e7b6a11b6e042621ce1402092500f46ec54f49f57ee4f47a054f69
1750749573207,2025-06-24T07:19:33.207000+00:00,SOL,A,146.04,70.16,Open Short,0.0,3.688619,0xc6f54ccf83e7b6a11b6e042621ce1402092500f46ec54f49f57ee4f47a054f69
1750749573207,2025-06-24T07:19:33.207000+00:00,SOL,A,146.04,129.33,Open Short,0.0,6.799447,0xc6f54ccf83e7b6a11b6e042621ce1402092500f46ec54f49f57ee4f47a054f69
1750749573207,2025-06-24T07:19:33.207000+00:00,SOL,A,146.04,41.05,Open Short,0.0,2.158179,0xc6f54ccf83e7b6a11b6e042621ce1402092500f46ec54f49f57ee4f47a054f69
1750749573207,2025-06-24T07:19:33.207000+00:00,SOL,A,146.04,132.21,Open Short,0.0,6.950861,0xc6f54ccf83e7b6a11b6e042621ce1402092500f46ec54f49f57ee4f47a054f69
1750749573207,2025-06-24T07:19:33.207000+00:00,SOL,A,146.04,129.87,Open Short,0.0,6.827837,0xc6f54ccf83e7b6a11b6e042621ce1402092500f46ec54f49f57ee4f47a054f69
1750749573207,2025-06-24T07:19:33.207000+00:00,SOL,A,146.03,20.53,Open Short,0.0,1.079278,0xc6f54ccf83e7b6a11b6e042621ce1402092500f46ec54f49f57ee4f47a054f69
1750749573207,2025-06-24T07:19:33.207000+00:00,SOL,A,146.03,10.83,Open Short,0.0,0.569341,0xc6f54ccf83e7b6a11b6e042621ce1402092500f46ec54f49f57ee4f47a054f69
1750749573207,2025-06-24T07:19:33.207000+00:00,SOL,A,146.03,130.36,Open Short,0.0,6.853129,0xc6f54ccf83e7b6a11b6e042621ce1402092500f46ec54f49f57ee4f47a054f69
1750749573207,2025-06-24T07:19:33.207000+00:00,SOL,A,146.03,7.05,Open Short,0.0,0.370624,0xc6f54ccf83e7b6a11b6e042621ce1402092500f46ec54f49f57ee4f47a054f69
1750749573207,2025-06-24T07:19:33.207000+00:00,SOL,A,146.03,34.23,Open Short,0.0,1.799498,0xc6f54ccf83e7b6a11b6e042621ce1402092500f46ec54f49f57ee4f47a054f69
1750749573207,2025-06-24T07:19:33.207000+00:00,SOL,A,146.03,218.95,Open Short,0.0,11.510376,0xc6f54ccf83e7b6a11b6e042621ce1402092500f46ec54f49f57ee4f47a054f69
1750749573207,2025-06-24T07:19:33.207000+00:00,SOL,A,146.03,18.03,Open Short,0.0,0.947851,0xc6f54ccf83e7b6a11b6e042621ce1402092500f46ec54f49f57ee4f47a054f69
1750749573207,2025-06-24T07:19:33.207000+00:00,SOL,A,146.03,4.28,Open Short,0.0,0.225003,0xc6f54ccf83e7b6a11b6e042621ce1402092500f46ec54f49f57ee4f47a054f69
1750749573207,2025-06-24T07:19:33.207000+00:00,SOL,A,146.03,133.11,Open Short,0.0,6.997699,0xc6f54ccf83e7b6a11b6e042621ce1402092500f46ec54f49f57ee4f47a054f69
1750749573207,2025-06-24T07:19:33.207000+00:00,SOL,A,146.03,217.98,Open Short,0.0,11.459382,0xc6f54ccf83e7b6a11b6e042621ce1402092500f46ec54f49f57ee4f47a054f69
1750749573207,2025-06-24T07:19:33.207000+00:00,SOL,A,146.03,44.31,Open Short,0.0,2.329412,0xc6f54ccf83e7b6a11b6e042621ce1402092500f46ec54f49f57ee4f47a054f69
1750749573207,2025-06-24T07:19:33.207000+00:00,SOL,A,146.03,342.39,Open Short,0.0,17.999716,0xc6f54ccf83e7b6a11b6e042621ce1402092500f46ec54f49f57ee4f47a054f69
1750749573207,2025-06-24T07:19:33.207000+00:00,SOL,A,146.02,6.84,Open Short,0.0,0.359559,0xc6f54ccf83e7b6a11b6e042621ce1402092500f46ec54f49f57ee4f47a054f69
1750749573207,2025-06-24T07:19:33.207000+00:00,SOL,A,146.02,6.84,Open Short,0.0,0.359559,0xc6f54ccf83e7b6a11b6e042621ce1402092500f46ec54f49f57ee4f47a054f69
1750749573207,2025-06-24T07:19:33.207000+00:00,SOL,A,146.02,102.92,Open Short,0.0,5.410216,0xc6f54ccf83e7b6a11b6e042621ce1402092500f46ec54f49f57ee4f47a054f69
1750749573207,2025-06-24T07:19:33.207000+00:00,SOL,A,146.02,133.11,Open Short,0.0,6.997219,0xc6f54ccf83e7b6a11b6e042621ce1402092500f46ec54f49f57ee4f47a054f69
1750749573207,2025-06-24T07:19:33.207000+00:00,SOL,A,146.02,19.25,Open Short,0.0,1.011918,0xc6f54ccf83e7b6a11b6e042621ce1402092500f46ec54f49f57ee4f47a054f69
1750749573207,2025-06-24T07:19:33.207000+00:00,SOL,A,146.02,6.61,Open Short,0.0,0.347469,0xc6f54ccf83e7b6a11b6e042621ce1402092500f46ec54f49f57ee4f47a054f69
1750749573207,2025-06-24T07:19:33.207000+00:00,SOL,A,146.02,342.42,Open Short,0.0,18.00006,0xc6f54ccf83e7b6a11b6e042621ce1402092500f46ec54f49f57ee4f47a054f69
1750749573207,2025-06-24T07:19:33.207000+00:00,SOL,A,146.02,608.73,Open Short,0.0,31.999231,0xc6f54ccf83e7b6a11b6e042621ce1402092500f46ec54f49f57ee4f47a054f69
1750749573207,2025-06-24T07:19:33.207000+00:00,SOL,A,146.02,488.65,Open Short,0.0,25.686962,0xc6f54ccf83e7b6a11b6e042621ce1402092500f46ec54f49f57ee4f47a054f69
1750749573207,2025-06-24T07:19:33.207000+00:00,SOL,A,146.02,696.61,Open Short,0.0,36.618837,0xc6f54ccf83e7b6a11b6e042621ce1402092500f46ec54f49f57ee4f47a054f69
1750749573207,2025-06-24T07:19:33.207000+00:00,SOL,A,146.02,0.72,Open Short,0.0,0.037848,0xc6f54ccf83e7b6a11b6e042621ce1402092500f46ec54f49f57ee4f47a054f69
1750749573207,2025-06-24T07:19:33.207000+00:00,SOL,A,146.01,682.52,Open Short,0.0,35.875708,0xc6f54ccf83e7b6a11b6e042621ce1402092500f46ec54f49f57ee4f47a054f69
1750749573207,2025-06-24T07:19:33.207000+00:00,SOL,A,146.01,3.65,Open Short,0.0,0.191857,0xc6f54ccf83e7b6a11b6e042621ce1402092500f46ec54f49f57ee4f47a054f69
1750749573207,2025-06-24T07:19:33.207000+00:00,SOL,A,146.01,273.03,Open Short,0.0,14.351439,0xc6f54ccf83e7b6a11b6e042621ce1402092500f46ec54f49f57ee4f47a054f69
1750749573207,2025-06-24T07:19:33.207000+00:00,SOL,A,146.01,12.63,Open Short,0.0,0.663878,0xc6f54ccf83e7b6a11b6e042621ce1402092500f46ec54f49f57ee4f47a054f69
1750749573207,2025-06-24T07:19:33.207000+00:00,SOL,A,146.01,28.09,Open Short,0.0,1.476511,0xc6f54ccf83e7b6a11b6e042621ce1402092500f46ec54f49f57ee4f47a054f69
1750749573207,2025-06-24T07:19:33.207000+00:00,SOL,A,146.01,34.24,Open Short,0.0,1.799777,0xc6f54ccf83e7b6a11b6e042621ce1402092500f46ec54f49f57ee4f47a054f69
1750749573207,2025-06-24T07:19:33.207000+00:00,SOL,A,146.01,27.37,Open Short,0.0,1.438665,0xc6f54ccf83e7b6a11b6e042621ce1402092500f46ec54f49f57ee4f47a054f69
1750749573207,2025-06-24T07:19:33.207000+00:00,SOL,A,146.01,6.79,Open Short,0.0,0.356906,0xc6f54ccf83e7b6a11b6e042621ce1402092500f46ec54f49f57ee4f47a054f69
1750749573207,2025-06-24T07:19:33.207000+00:00,SOL,A,146.01,342.44,Open Short,0.0,17.999879,0xc6f54ccf83e7b6a11b6e042621ce1402092500f46ec54f49f57ee4f47a054f69
1750749573207,2025-06-24T07:19:33.207000+00:00,SOL,A,146.01,136.88,Open Short,0.0,7.194905,0xc6f54ccf83e7b6a11b6e042621ce1402092500f46ec54f49f57ee4f47a054f69
1750749573207,2025-06-24T07:19:33.207000+00:00,SOL,A,146.01,6.0,Open Short,0.0,0.315381,0xc6f54ccf83e7b6a11b6e042621ce1402092500f46ec54f49f57ee4f47a054f69
1750749573207,2025-06-24T07:19:33.207000+00:00,SOL,A,146.01,17.44,Open Short,0.0,0.916709,0xc6f54ccf83e7b6a11b6e042621ce1402092500f46ec54f49f57ee4f47a054f69
1750749573207,2025-06-24T07:19:33.207000+00:00,SOL,A,146.01,9.91,Open Short,0.0,0.520905,0xc6f54ccf83e7b6a11b6e042621ce1402092500f46ec54f49f57ee4f47a054f69
1750749573207,2025-06-24T07:19:33.207000+00:00,SOL,A,146.0,3.74,Open Short,0.0,0.196574,0xc6f54ccf83e7b6a11b6e042621ce1402092500f46ec54f49f57ee4f47a054f69
1750749573207,2025-06-24T07:19:33.207000+00:00,SOL,A,146.0,3.86,Open Short,0.0,0.202881,0xc6f54ccf83e7b6a11b6e042621ce1402092500f46ec54f49f57ee4f47a054f69
1750749573207,2025-06-24T07:19:33.207000+00:00,SOL,A,146.0,3.85,Open Short,0.0,0.202356,0xc6f54ccf83e7b6a11b6e042621ce1402092500f46ec54f49f57ee4f47a054f69
1750749573207,2025-06-24T07:19:33.207000+00:00,SOL,A,146.0,3.38,Open Short,0.0,0.177652,0xc6f54ccf83e7b6a11b6e042621ce1402092500f46ec54f49f57ee4f47a054f69
1750749573207,2025-06-24T07:19:33.207000+00:00,SOL,A,146.0,4.67,Open Short,0.0,0.245455,0xc6f54ccf83e7b6a11b6e042621ce1402092500f46ec54f49f57ee4f47a054f69
1750749573207,2025-06-24T07:19:33.207000+00:00,SOL,A,146.0,2.97,Open Short,0.0,0.156103,0xc6f54ccf83e7b6a11b6e042621ce1402092500f46ec54f49f57ee4f47a054f69
1750749573207,2025-06-24T07:19:33.207000+00:00,SOL,A,146.0,69.8,Open Short,0.0,3.668688,0xc6f54ccf83e7b6a11b6e042621ce1402092500f46ec54f49f57ee4f47a054f69
1750749573207,2025-06-24T07:19:33.207000+00:00,SOL,A,146.0,10.44,Open Short,0.0,0.548726,0xc6f54ccf83e7b6a11b6e042621ce1402092500f46ec54f49f57ee4f47a054f69
1750749573207,2025-06-24T07:19:33.207000+00:00,SOL,A,146.0,4.12,Open Short,0.0,0.216547,0xc6f54ccf83e7b6a11b6e042621ce1402092500f46ec54f49f57ee4f47a054f69
1750749573207,2025-06-24T07:19:33.207000+00:00,SOL,A,146.0,342.46,Open Short,0.0,17.999697,0xc6f54ccf83e7b6a11b6e042621ce1402092500f46ec54f49f57ee4f47a054f69
1750749573207,2025-06-24T07:19:33.207000+00:00,SOL,A,146.0,133.11,Open Short,0.0,6.996261,0xc6f54ccf83e7b6a11b6e042621ce1402092500f46ec54f49f57ee4f47a054f69
1750749573207,2025-06-24T07:19:33.207000+00:00,SOL,A,146.0,637.4,Open Short,0.0,33.501744,0xc6f54ccf83e7b6a11b6e042621ce1402092500f46ec54f49f57ee4f47a054f69
1750749573207,2025-06-24T07:19:33.207000+00:00,SOL,A,146.0,3615.01,Open Short,0.0,190.004925,0xc6f54ccf83e7b6a11b6e042621ce1402092500f46ec54f49f57ee4f47a054f69
1750772282685,2025-06-24T13:38:02.685000+00:00,SOL,B,144.55,25.93,Close Short,38.010787,1.349345,0x325f41a81646328037c404262647a202049a0079a40bfea256cff54468b83953
1750772282685,2025-06-24T13:38:02.685000+00:00,SOL,B,144.55,27.67,Close Short,40.561453,1.439891,0x325f41a81646328037c404262647a202049a0079a40bfea256cff54468b83953
1750772282685,2025-06-24T13:38:02.685000+00:00,SOL,B,144.55,5.18,Close Short,7.593362,0.269556,0x325f41a81646328037c404262647a202049a0079a40bfea256cff54468b83953
1750772282685,2025-06-24T13:38:02.685000+00:00,SOL,B,144.55,5.18,Close Short,7.593362,0.269556,0x325f41a81646328037c404262647a202049a0079a40bfea256cff54468b83953
1750772282685,2025-06-24T13:38:02.685000+00:00,SOL,B,144.55,5.18,Close Short,7.593362,0.269556,0x325f41a81646328037c404262647a202049a0079a40bfea256cff54468b83953
1750772282685,2025-06-24T13:38:02.685000+00:00,SOL,B,144.55,5.18,Close Short,7.593362,0.269556,0x325f41a81646328037c404262647a202049a0079a40bfea256cff54468b83953
1750772282685,2025-06-24T13:38:02.685000+00:00,SOL,B,144.56,5.0,Close Short,7.2795,0.260208,0x325f41a81646328037c404262647a202049a0079a40bfea256cff54468b83953
1750772282685,2025-06-24T13:38:02.685000+00:00,SOL,B,144.56,0.15,Close Short,0.218385,0.007806,0x325f41a81646328037c404262647a202049a0079a40bfea256cff54468b83953
1750772282685,2025-06-24T13:38:02.685000+00:00,SOL,B,144.56,25.93,Close Short,37.751487,1.349438,0x325f41a81646328037c404262647a202049a0079a40bfea256cff54468b83953
1750772282685,2025-06-24T13:38:02.685000+00:00,SOL,B,144.56,27.67,Close Short,40.284753,1.439991,0x325f41a81646328037c404262647a202049a0079a40bfea256cff54468b83953
1750772282685,2025-06-24T13:38:02.685000+00:00,SOL,B,144.56,318.91,Close Short,464.301069,16.596586,0x325f41a81646328037c404262647a202049a0079a40bfea256cff54468b83953
1750772282685,2025-06-24T13:38:02.685000+00:00,SOL,B,144.56,345.89,Close Short,503.581251,18.000669,0x325f41a81646328037c404262647a202049a0079a40bfea256cff54468b83953
1750772282685,2025-06-24T13:38:02.685000+00:00,SOL,B,144.56,13.79,Close Short,20.076861,0.717653,0x325f41a81646328037c404262647a202049a0079a40bfea256cff54468b83953
1750772282685,2025-06-24T13:38:02.685000+00:00,SOL,B,144.57,15.19,Close Short,21.963221,0.790566,0x325f41a81646328037c404262647a202049a0079a40bfea256cff54468b83953
1750772282685,2025-06-24T13:38:02.685000+00:00,SOL,B,144.57,13.82,Close Short,19.982338,0.719264,0x325f41a81646328037c404262647a202049a0079a40bfea256cff54468b83953
1750772282685,2025-06-24T13:38:02.685000+00:00,SOL,B,144.57,5.0,Close Short,7.2295,0.260226,0x325f41a81646328037c404262647a202049a0079a40bfea256cff54468b83953
1750772282685,2025-06-24T13:38:02.685000+00:00,SOL,B,144.58,25.92,Close Short,37.218528,1.349104,0x325f41a81646328037c404262647a202049a0079a40bfea256cff54468b83953
1750772282685,2025-06-24T13:38:02.685000+00:00,SOL,B,144.58,5.0,Close Short,7.1795,0.260244,0x325f41a81646328037c404262647a202049a0079a40bfea256cff54468b83953
1750772282685,2025-06-24T13:38:02.685000+00:00,SOL,B,144.58,4.12,Close Short,5.915908,0.214441,0x325f41a81646328037c404262647a202049a0079a40bfea256cff54468b83953
1750772282685,2025-06-24T13:38:02.685000+00:00,SOL,B,144.59,12.0,Close Short,17.1108,0.624628,0x325f41a81646328037c404262647a202049a0079a40bfea256cff54468b83953
1750772282685,2025-06-24T13:38:02.685000+00:00,SOL,B,144.59,25.92,Close Short,36.959328,1.349198,0x325f41a81646328037c404262647a202049a0079a40bfea256cff54468b83953
1750772282685,2025-06-24T13:38:02.685000+00:00,SOL,B,144.59,27.66,Close Short,39.440394,1.439769,0x325f41a81646328037c404262647a202049a0079a40bfea256cff54468b83953
1750772282685,2025-06-24T13:38:02.685000+00:00,SOL,B,144.59,694.08,Close Short,989.688672,36.128529,0x325f41a81646328037c404262647a202049a0079a40bfea256cff54468b83953
1750772282685,2025-06-24T13:38:02.685000+00:00,SOL,B,144.59,34.58,Close Short,49.307622,1.799971,0x325f41a81646328037c404262647a202049a0079a40bfea256cff54468b83953
1750772282685,2025-06-24T13:38:02.685000+00:00,SOL,B,144.59,5.0,Close Short,7.1295,0.260262,0x325f41a81646328037c404262647a202049a0079a40bfea256cff54468b83953
1750772282685,2025-06-24T13:38:02.685000+00:00,SOL,B,144.59,3.82,Close Short,5.446938,0.19884,0x325f41a81646328037c404262647a202049a0079a40bfea256cff54468b83953
1750772282685,2025-06-24T13:38:02.685000+00:00,SOL,B,144.59,18.99,Close Short,27.077841,0.988475,0x325f41a81646328037c404262647a202049a0079a40bfea256cff54468b83953
1750772282685,2025-06-24T13:38:02.685000+00:00,SOL,B,144.59,40.1,Close Short,57.17859,2.087301,0x325f41a81646328037c404262647a202049a0079a40bfea256cff54468b83953
1750772282685,2025-06-24T13:38:02.685000+00:00,SOL,B,144.6,75.96,Close Short,107.551764,3.954173,0x325f41a81646328037c404262647a202049a0079a40bfea256cff54468b83953
1750772282685,2025-06-24T13:38:02.685000+00:00,SOL,B,144.6,13.79,Close Short,19.525261,0.717852,0x325f41a81646328037c404262647a202049a0079a40bfea256cff54468b83953
1750772282685,2025-06-24T13:38:02.685000+00:00,SOL,B,144.6,34.57,Close Short,48.947663,1.799575,0x325f41a81646328037c404262647a202049a0079a40bfea256cff54468b83953
1750772282685,2025-06-24T13:38:02.685000+00:00,SOL,B,144.6,20.0,Close Short,28.318,1.04112,0x325f41a81646328037c404262647a202049a0079a40bfea256cff54468b83953
1750772282685,2025-06-24T13:38:02.685000+00:00,SOL,B,144.6,7.73,Close Short,10.944907,0.402392,0x325f41a81646328037c404262647a202049a0079a40bfea256cff54468b83953
1750772282685,2025-06-24T13:38:02.685000+00:00,SOL,B,144.6,5.0,Close Short,7.0795,0.26028,0x325f41a81646328037c404262647a202049a0079a40bfea256cff54468b83953
1750772282685,2025-06-24T13:38:02.685000+00:00,SOL,B,144.6,20.0,Close Short,28.318,1.04112,0x325f41a81646328037c404262647a202049a0079a40bfea256cff54468b83953
1750772282685,2025-06-24T13:38:02.685000+00:00,SOL,B,144.6,130.62,Close Short,184.944858,6.799554,0x325f41a81646328037c404262647a202049a0079a40bfea256cff54468b83953
1750772282685,2025-06-24T13:38:02.685000+00:00,SOL,B,144.6,48.21,Close Short,68.260539,2.509619,0x325f41a81646328037c404262647a202049a0079a40bfea256cff54468b83953
1750772282685,2025-06-24T13:38:02.685000+00:00,SOL,B,144.6,8.3,Close Short,11.75197,0.432064,0x325f41a81646328037c404262647a202049a0079a40bfea256cff54468b83953
1750772282685,2025-06-24T13:38:02.685000+00:00,SOL,B,144.6,103.73,Close Short,146.871307,5.399768,0x325f41a81646328037c404262647a202049a0079a40bfea256cff54468b83953
1750772282685,2025-06-24T13:38:02.685000+00:00,SOL,B,144.6,345.78,Close Short,489.589902,17.999923,0x325f41a81646328037c404262647a202049a0079a40bfea256cff54468b83953
1750772282685,2025-06-24T13:38:02.685000+00:00,SOL,B,144.6,34.39,Close Short,48.692801,1.790205,0x325f41a81646328037c404262647a202049a0079a40bfea256cff54468b83953
1750772282685,2025-06-24T13:38:02.685000+00:00,SOL,B,144.6,6.92,Close Short,9.798028,0.360227,0x325f41a81646328037c404262647a202049a0079a40bfea256cff54468b83953
1750772282685,2025-06-24T13:38:02.685000+00:00,SOL,B,144.6,73.95,Close Short,104.705805,3.849541,0x325f41a81646328037c404262647a202049a0079a40bfea256cff54468b83953
1750772282685,2025-06-24T13:38:02.685000+00:00,SOL,B,144.6,0.15,Close Short,0.212385,0.007808,0x325f41a81646328037c404262647a202049a0079a40bfea256cff54468b83953
1750772282685,2025-06-24T13:38:02.685000+00:00,SOL,B,144.6,1.0,Close Short,1.4159,0.052056,0x325f41a81646328037c404262647a202049a0079a40bfea256cff54468b83953
1750772282685,2025-06-24T13:38:02.685000+00:00,SOL,B,144.6,17.82,Close Short,25.231338,0.927637,0x325f41a81646328037c404262647a202049a0079a40bfea256cff54468b83953
1750772282685,2025-06-24T13:38:02.685000+00:00,SOL,B,144.61,6.92,Close Short,9.728828,0.360252,0x325f41a81646328037c404262647a202049a0079a40bfea256cff54468b83953
1750772282685,2025-06-24T13:38:02.685000+00:00,SOL,B,144.61,104.11,Close Short,146.368249,5.419924,0x325f41a81646328037c404262647a202049a0079a40bfea256cff54468b83953
1750772282685,2025-06-24T13:38:02.685000+00:00,SOL,B,144.61,140.19,Close Short,197.093121,7.298235,0x325f41a81646328037c404262647a202049a0079a40bfea256cff54468b83953
1750772282685,2025-06-24T13:38:02.685000+00:00,SOL,B,144.61,6.92,Close Short,9.728828,0.360252,0x325f41a81646328037c404262647a202049a0079a40bfea256cff54468b83953
1750772282685,2025-06-24T13:38:02.685000+00:00,SOL,B,144.61,6.92,Close Short,9.728828,0.360252,0x325f41a81646328037c404262647a202049a0079a40bfea256cff54468b83953
1750772282685,2025-06-24T13:38:02.685000+00:00,SOL,B,144.61,203.36,Close Short,285.903824,10.58684,0x325f41a81646328037c404262647a202049a0079a40bfea256cff54468b83953
1750772282685,2025-06-24T13:38:02.685000+00:00,SOL,B,144.61,2.38,Close Short,3.346042,0.123901,0x325f41a81646328037c404262647a202049a0079a40bfea256cff54468b83953
1750772282685,2025-06-24T13:38:02.685000+00:00,SOL,B,144.61,48.21,Close Short,67.778439,2.509793,0x325f41a81646328037c404262647a202049a0079a40bfea256cff54468b83953
1750772282685,2025-06-24T13:38:02.685000+00:00,SOL,B,144.61,6.92,Close Short,9.728828,0.360252,0x325f41a81646328037c404262647a202049a0079a40bfea256cff54468b83953
1750772282685,2025-06-24T13:38:02.685000+00:00,SOL,B,144.61,22.79,Close Short,32.040461,1.186438,0x325f41a81646328037c404262647a202049a0079a40bfea256cff54468b83953
1750772282685,2025-06-24T13:38:02.685000+00:00,SOL,B,144.61,6.97,Close Short,9.799123,0.362855,0x325f41a81646328037c404262647a202049a0079a40bfea256cff54468b83953
1750772282685,2025-06-24T13:38:02.685000+00:00,SOL,B,144.61,20.53,Close Short,28.863127,1.068783,0x325f41a81646328037c404262647a202049a0079a40bfea256cff54468b83953
1750772282685,2025-06-24T13:38:02.685000+00:00,SOL,B,144.62,20.0,Close Short,27.918,1.041264,0x325f41a81646328037c404262647a202049a0079a40bfea256cff54468b83953
1750772282685,2025-06-24T13:38:02.685000+00:00,SOL,B,144.62,20.0,Close Short,27.918,1.041264,0x325f41a81646328037c404262647a202049a0079a40bfea256cff54468b83953
1750772282685,2025-06-24T13:38:02.685000+00:00,SOL,B,144.62,694.08,Close Short,968.866272,36.136025,0x325f41a81646328037c404262647a202049a0079a40bfea256cff54468b83953
1750772282685,2025-06-24T13:38:02.685000+00:00,SOL,B,144.62,6.92,Close Short,9.659628,0.360277,0x325f41a81646328037c404262647a202049a0079a40bfea256cff54468b83953
1750772282685,2025-06-24T13:38:02.685000+00:00,SOL,B,144.62,6.92,Close Short,9.659628,0.360277,0x325f41a81646328037c404262647a202049a0079a40bfea256cff54468b83953
1750772282685,2025-06-24T13:38:02.685000+00:00,SOL,B,144.62,6.92,Close Short,9.659628,0.360277,0x325f41a81646328037c404262647a202049a0079a40bfea256cff54468b83953
1750772282685,2025-06-24T13:38:02.685000+00:00,SOL,B,144.62,6.92,Close Short,9.659628,0.360277,0x325f41a81646328037c404262647a202049a0079a40bfea256cff54468b83953
1750772282685,2025-06-24T13:38:02.685000+00:00,SOL,B,144.62,6.92,Close Short,9.659628,0.360277,0x325f41a81646328037c404262647a202049a0079a40bfea256cff54468b83953
1750772282685,2025-06-24T13:38:02.685000+00:00,SOL,B,144.62,6.92,Close Short,9.659628,0.360277,0x325f41a81646328037c404262647a202049a0079a40bfea256cff54468b83953
1750772282685,2025-06-24T13:38:02.685000+00:00,SOL,B,144.62,6.92,Close Short,9.659628,0.360277,0x325f41a81646328037c404262647a202049a0079a40bfea256cff54468b83953
1750772282685,2025-06-24T13:38:02.685000+00:00,SOL,B,144.62,6.92,Close Short,9.659628,0.360277,0x325f41a81646328037c404262647a202049a0079a40bfea256cff54468b83953
1750772282685,2025-06-24T13:38:02.685000+00:00,SOL,B,144.62,6.92,Close Short,9.659628,0.360277,0x325f41a81646328037c404262647a202049a0079a40bfea256cff54468b83953
1750772282685,2025-06-24T13:38:02.685000+00:00,SOL,B,144.62,34.57,Close Short,48.256263,1.799824,0x325f41a81646328037c404262647a202049a0079a40bfea256cff54468b83953
1750772282685,2025-06-24T13:38:02.685000+00:00,SOL,B,144.62,345.73,Close Short,482.604507,17.99981,0x325f41a81646328037c404262647a202049a0079a40bfea256cff54468b83953
1750772282685,2025-06-24T13:38:02.685000+00:00,SOL,B,144.62,6.92,Close Short,9.659628,0.360277,0x325f41a81646328037c404262647a202049a0079a40bfea256cff54468b83953
1750772282685,2025-06-24T13:38:02.685000+00:00,SOL,B,144.62,12.62,Close Short,17.616258,0.657037,0x325f41a81646328037c404262647a202049a0079a40bfea256cff54468b83953
1750772282685,2025-06-24T13:38:02.685000+00:00,SOL,B,144.62,6.92,Close Short,9.659628,0.360277,0x325f41a81646328037c404262647a202049a0079a40bfea256cff54468b83953
1750772282685,2025-06-24T13:38:02.685000+00:00,SOL,B,144.62,14.33,Close Short,20.003247,0.746065,0x325f41a81646328037c404262647a202049a0079a40bfea256cff54468b83953
1750772282685,2025-06-24T13:38:02.685000+00:00,SOL,B,144.62,24.83,Close Short,34.660197,1.292729,0x325f41a81646328037c404262647a202049a0079a40bfea256cff54468b83953
1750772282685,2025-06-24T13:38:02.685000+00:00,SOL,B,144.63,15.19,Close Short,21.051821,0.790894,0x325f41a81646328037c404262647a202049a0079a40bfea256cff54468b83953
1750772282685,2025-06-24T13:38:02.685000+00:00,SOL,B,144.63,104.11,Close Short,144.286049,5.420674,0x325f41a81646328037c404262647a202049a0079a40bfea256cff54468b83953
1750772282685,2025-06-24T13:38:02.685000+00:00,SOL,B,144.63,6.92,Close Short,9.590428,0.360302,0x325f41a81646328037c404262647a202049a0079a40bfea256cff54468b83953
1750772282685,2025-06-24T13:38:02.685000+00:00,SOL,B,144.63,6.92,Close Short,9.590428,0.360302,0x325f41a81646328037c404262647a202049a0079a40bfea256cff54468b83953
1750772282685,2025-06-24T13:38:02.685000+00:00,SOL,B,144.63,6.92,Close Short,9.590428,0.360302,0x325f41a81646328037c404262647a202049a0079a40bfea256cff54468b83953
1750772282685,2025-06-24T13:38:02.685000+00:00,SOL,B,144.63,15.4,Close Short,21.34286,0.801828,0x325f41a81646328037c404262647a202049a0079a40bfea256cff54468b83953
1750772282685,2025-06-24T13:38:02.685000+00:00,SOL,B,144.63,6.92,Close Short,9.590428,0.360302,0x325f41a81646328037c404262647a202049a0079a40bfea256cff54468b83953
1750772282685,2025-06-24T13:38:02.685000+00:00,SOL,B,144.63,6.92,Close Short,9.590428,0.360302,0x325f41a81646328037c404262647a202049a0079a40bfea256cff54468b83953
1750772282685,2025-06-24T13:38:02.685000+00:00,SOL,B,144.63,6.92,Close Short,9.590428,0.360302,0x325f41a81646328037c404262647a202049a0079a40bfea256cff54468b83953
1750772282685,2025-06-24T13:38:02.685000+00:00,SOL,B,144.63,82.92,Close Short,114.918828,4.317379,0x325f41a81646328037c404262647a202049a0079a40bfea256cff54468b83953
1750772282685,2025-06-24T13:38:02.685000+00:00,SOL,B,144.63,12.85,Close Short,17.808815,0.669058,0x325f41a81646328037c404262647a202049a0079a40bfea256cff54468b83953
1750772282685,2025-06-24T13:38:02.685000+00:00,SOL,B,144.63,56.63,Close Short,78.483517,2.948542,0x325f41a81646328037c404262647a202049a0079a40bfea256cff54468b83953
1750772282685,2025-06-24T13:38:02.685000+00:00,SOL,B,144.63,177.87,Close Short,246.510033,9.261121,0x325f41a81646328037c404262647a202049a0079a40bfea256cff54468b83953
1750772282685,2025-06-24T13:38:02.685000+00:00,SOL,B,144.63,277.56,Close Short,384.670404,14.451661,0x325f41a81646328037c404262647a202049a0079a40bfea256cff54468b83953
1750772282685,2025-06-24T13:38:02.685000+00:00,SOL,B,144.63,17.46,Close Short,24.197814,0.909086,0x325f41a81646328037c404262647a202049a0079a40bfea256cff54468b83953
1750772282685,2025-06-24T13:38:02.685000+00:00,SOL,B,144.63,8.65,Close Short,11.988035,0.450377,0x325f41a81646328037c404262647a202049a0079a40bfea256cff54468b83953
1750772282685,2025-06-24T13:38:02.685000+00:00,SOL,B,144.64,34.56,Close Short,47.551104,1.799553,0x325f41a81646328037c404262647a202049a0079a40bfea256cff54468b83953
1750772282685,2025-06-24T13:38:02.685000+00:00,SOL,B,144.64,6.92,Close Short,9.521228,0.360327,0x325f41a81646328037c404262647a202049a0079a40bfea256cff54468b83953
1750772282685,2025-06-24T13:38:02.685000+00:00,SOL,B,144.64,6.92,Close Short,9.521228,0.360327,0x325f41a81646328037c404262647a202049a0079a40bfea256cff54468b83953
1750772282685,2025-06-24T13:38:02.685000+00:00,SOL,B,144.64,345.67,Close Short,475.607353,17.999175,0x325f41a81646328037c404262647a202049a0079a40bfea256cff54468b83953
1750772282685,2025-06-24T13:38:02.685000+00:00,SOL,B,144.64,13.84,Close Short,19.042456,0.720654,0x325f41a81646328037c404262647a202049a0079a40bfea256cff54468b83953
1750772282685,2025-06-24T13:38:02.685000+00:00,SOL,B,144.64,27.68,Close Short,38.084912,1.441308,0x325f41a81646328037c404262647a202049a0079a40bfea256cff54468b83953
1750772282685,2025-06-24T13:38:02.685000+00:00,SOL,B,144.64,6.92,Close Short,9.521228,0.360327,0x325f41a81646328037c404262647a202049a0079a40bfea256cff54468b83953
1750772282685,2025-06-24T13:38:02.685000+00:00,SOL,B,144.64,6.92,Close Short,9.521228,0.360327,0x325f41a81646328037c404262647a202049a0079a40bfea256cff54468b83953
1750772282685,2025-06-24T13:38:02.685000+00:00,SOL,B,144.64,6.92,Close Short,9.521228,0.360327,0x325f41a81646328037c404262647a202049a0079a40bfea256cff54468b83953
1750772282685,2025-06-24T13:38:02.685000+00:00,SOL,B,144.64,6.92,Close Short,9.521228,0.360327,0x325f41a81646328037c404262647a202049a0079a40bfea256cff54468b83953
1750772282685,2025-06-24T13:38:02.685000+00:00,SOL,B,144.64,169.96,Close Short,233.847964,8.849885,0x325f41a81646328037c404262647a202049a0079a40bfea256cff54468b83953
1750772282685,2025-06-24T13:38:02.685000+00:00,SOL,B,144.64,6.84,Close Short,9.411156,0.356161,0x325f41a81646328037c404262647a202049a0079a40bfea256cff54468b83953
1750772282685,2025-06-24T13:38:02.685000+00:00,SOL,B,144.65,104.11,Close Short,142.203849,5.421424,0x325f41a81646328037c404262647a202049a0079a40bfea256cff54468b83953
1750772282685,2025-06-24T13:38:02.685000+00:00,SOL,B,144.65,6.92,Close Short,9.452028,0.360352,0x325f41a81646328037c404262647a202049a0079a40bfea256cff54468b83953
1750772282685,2025-06-24T13:38:02.685000+00:00,SOL,B,144.65,6.92,Close Short,9.452028,0.360352,0x325f41a81646328037c404262647a202049a0079a40bfea256cff54468b83953
1750772282685,2025-06-24T13:38:02.685000+00:00,SOL,B,144.65,6.92,Close Short,9.452028,0.360352,0x325f41a81646328037c404262647a202049a0079a40bfea256cff54468b83953
1750772282685,2025-06-24T13:38:02.685000+00:00,SOL,B,144.65,6.92,Close Short,9.452028,0.360352,0x325f41a81646328037c404262647a202049a0079a40bfea256cff54468b83953
1750772282685,2025-06-24T13:38:02.685000+00:00,SOL,B,144.65,6.92,Close Short,9.452028,0.360352,0x325f41a81646328037c404262647a202049a0079a40bfea256cff54468b83953
1750772282685,2025-06-24T13:38:02.685000+00:00,SOL,B,144.65,6.92,Close Short,9.452028,0.360352,0x325f41a81646328037c404262647a202049a0079a40bfea256cff54468b83953
1750772282685,2025-06-24T13:38:02.685000+00:00,SOL,B,144.65,6.92,Close Short,9.452028,0.360352,0x325f41a81646328037c404262647a202049a0079a40bfea256cff54468b83953
1750772282685,2025-06-24T13:38:02.685000+00:00,SOL,B,144.65,6.92,Close Short,9.452028,0.360352,0x325f41a81646328037c404262647a202049a0079a40bfea256cff54468b83953
1750772282685,2025-06-24T13:38:02.685000+00:00,SOL,B,144.65,6.92,Close Short,9.452028,0.360352,0x325f41a81646328037c404262647a202049a0079a40bfea256cff54468b83953
1750772282685,2025-06-24T13:38:02.685000+00:00,SOL,B,144.65,10.44,Close Short,14.259996,0.543652,0x325f41a81646328037c404262647a202049a0079a40bfea256cff54468b83953
1750772282685,2025-06-24T13:38:02.685000+00:00,SOL,B,144.65,12.54,Close Short,17.128386,0.653007,0x325f41a81646328037c404262647a202049a0079a40bfea256cff54468b83953
1750772282685,2025-06-24T13:38:02.685000+00:00,SOL,B,144.65,690.96,Close Short,943.782264,35.981051,0x325f41a81646328037c404262647a202049a0079a40bfea256cff54468b83953
1750772282685,2025-06-24T13:38:02.685000+00:00,SOL,B,144.65,9.67,Close Short,13.208253,0.503555,0x325f41a81646328037c404262647a202049a0079a40bfea256cff54468b83953
1750772282685,2025-06-24T13:38:02.685000+00:00,SOL,B,144.65,5.52,Close Short,7.539768,0.287448,0x325f41a81646328037c404262647a202049a0079a40bfea256cff54468b83953
1750772282685,2025-06-24T13:38:02.685000+00:00,SOL,B,144.65,6.92,Close Short,9.452028,0.360352,0x325f41a81646328037c404262647a202049a0079a40bfea256cff54468b83953
1750772282685,2025-06-24T13:38:02.685000+00:00,SOL,B,144.65,177.89,Close Short,242.979951,9.263443,0x325f41a81646328037c404262647a202049a0079a40bfea256cff54468b83953
1750772282685,2025-06-24T13:38:02.685000+00:00,SOL,B,144.65,6.92,Close Short,9.452028,0.360352,0x325f41a81646328037c404262647a202049a0079a40bfea256cff54468b83953
1750772282685,2025-06-24T13:38:02.685000+00:00,SOL,B,144.65,6.92,Close Short,9.452028,0.360352,0x325f41a81646328037c404262647a202049a0079a40bfea256cff54468b83953
1750772282685,2025-06-24T13:38:02.685000+00:00,SOL,B,144.65,2.06,Close Short,2.813754,0.107272,0x325f41a81646328037c404262647a202049a0079a40bfea256cff54468b83953
1750772282685,2025-06-24T13:38:02.685000+00:00,SOL,B,144.65,7.0,Close Short,9.5613,0.364518,0x325f41a81646328037c404262647a202049a0079a40bfea256cff54468b83953
1750772282685,2025-06-24T13:38:02.685000+00:00,SOL,B,144.65,0.73,Close Short,0.997107,0.038014,0x325f41a81646328037c404262647a202049a0079a40bfea256cff54468b83953
1750772282685,2025-06-24T13:38:02.685000+00:00,SOL,B,144.65,43.17,Close Short,58.965903,2.248034,0x325f41a81646328037c404262647a202049a0079a40bfea256cff54468b83953
1750772282685,2025-06-24T13:38:02.685000+00:00,SOL,B,144.65,8.26,Close Short,11.282334,0.430131,0x325f41a81646328037c404262647a202049a0079a40bfea256cff54468b83953
1750772282685,2025-06-24T13:38:02.685000+00:00,SOL,B,144.65,22.82,Close Short,31.169838,1.188328,0x325f41a81646328037c404262647a202049a0079a40bfea256cff54468b83953
1750772282685,2025-06-24T13:38:02.685000+00:00,SOL,B,144.65,6.21,Close Short,8.482239,0.323379,0x325f41a81646328037c404262647a202049a0079a40bfea256cff54468b83953
1750772282685,2025-06-24T13:38:02.685000+00:00,SOL,B,144.65,1133.76,Close Short,1548.602784,59.039418,0x325f41a81646328037c404262647a202049a0079a40bfea256cff54468b83953
1750772282685,2025-06-24T13:38:02.685000+00:00,SOL,B,144.65,26.0,Close Short,35.5134,1.353924,0x325f41a81646328037c404262647a202049a0079a40bfea256cff54468b83953
1750772282685,2025-06-24T13:38:02.685000+00:00,SOL,B,144.66,34.56,Close Short,46.859904,1.799801,0x325f41a81646328037c404262647a202049a0079a40bfea256cff54468b83953
1750772282685,2025-06-24T13:38:02.685000+00:00,SOL,B,144.66,20.0,Close Short,27.118,1.041552,0x325f41a81646328037c404262647a202049a0079a40bfea256cff54468b83953
1750772282685,2025-06-24T13:38:02.685000+00:00,SOL,B,144.66,694.08,Close Short,941.103072,36.14602,0x325f41a81646328037c404262647a202049a0079a40bfea256cff54468b83953
1750772282685,2025-06-24T13:38:02.685000+00:00,SOL,B,144.66,345.64,Close Short,468.653276,18.000101,0x325f41a81646328037c404262647a202049a0079a40bfea256cff54468b83953
1750772282685,2025-06-24T13:38:02.685000+00:00,SOL,B,144.66,6.92,Close Short,9.382828,0.360376,0x325f41a81646328037c404262647a202049a0079a40bfea256cff54468b83953
1750772282685,2025-06-24T13:38:02.685000+00:00,SOL,B,144.66,6.92,Close Short,9.382828,0.360376,0x325f41a81646328037c404262647a202049a0079a40bfea256cff54468b83953
1750772282685,2025-06-24T13:38:02.685000+00:00,SOL,B,144.66,6.92,Close Short,9.382828,0.360376,0x325f41a81646328037c404262647a202049a0079a40bfea256cff54468b83953
1750772282685,2025-06-24T13:38:02.685000+00:00,SOL,B,144.66,6.92,Close Short,9.382828,0.360376,0x325f41a81646328037c404262647a202049a0079a40bfea256cff54468b83953
1750772282685,2025-06-24T13:38:02.685000+00:00,SOL,B,144.66,6.92,Close Short,9.382828,0.360376,0x325f41a81646328037c404262647a202049a0079a40bfea256cff54468b83953
1750772282685,2025-06-24T13:38:02.685000+00:00,SOL,B,144.66,6.92,Close Short,9.382828,0.360376,0x325f41a81646328037c404262647a202049a0079a40bfea256cff54468b83953
1750772282685,2025-06-24T13:38:02.685000+00:00,SOL,B,144.66,6.92,Close Short,9.382828,0.360376,0x325f41a81646328037c404262647a202049a0079a40bfea256cff54468b83953
1750772282685,2025-06-24T13:38:02.685000+00:00,SOL,B,144.66,6.92,Close Short,9.382828,0.360376,0x325f41a81646328037c404262647a202049a0079a40bfea256cff54468b83953
1750772282685,2025-06-24T13:38:02.685000+00:00,SOL,B,144.66,6.92,Close Short,9.382828,0.360376,0x325f41a81646328037c404262647a202049a0079a40bfea256cff54468b83953
1750772282685,2025-06-24T13:38:02.685000+00:00,SOL,B,144.66,6.92,Close Short,9.382828,0.360376,0x325f41a81646328037c404262647a202049a0079a40bfea256cff54468b83953
1750772282685,2025-06-24T13:38:02.685000+00:00,SOL,B,144.66,6.92,Close Short,9.382828,0.360376,0x325f41a81646328037c404262647a202049a0079a40bfea256cff54468b83953
1750772282685,2025-06-24T13:38:02.685000+00:00,SOL,B,144.66,6.92,Close Short,9.382828,0.360376,0x325f41a81646328037c404262647a202049a0079a40bfea256cff54468b83953
1750772282685,2025-06-24T13:38:02.685000+00:00,SOL,B,144.66,6.92,Close Short,9.382828,0.360376,0x325f41a81646328037c404262647a202049a0079a40bfea256cff54468b83953
1750772282685,2025-06-24T13:38:02.685000+00:00,SOL,B,144.66,6.92,Close Short,9.382828,0.360376,0x325f41a81646328037c404262647a202049a0079a40bfea256cff54468b83953
1750772282685,2025-06-24T13:38:02.685000+00:00,SOL,B,144.66,6.92,Close Short,9.382828,0.360376,0x325f41a81646328037c404262647a202049a0079a40bfea256cff54468b83953
1750772282685,2025-06-24T13:38:02.685000+00:00,SOL,B,144.66,614.46,Close Short,833.146314,31.999602,0x325f41a81646328037c404262647a202049a0079a40bfea256cff54468b83953
1750772282685,2025-06-24T13:38:02.685000+00:00,SOL,B,144.66,3.53,Close Short,4.786327,0.183833,0x325f41a81646328037c404262647a202049a0079a40bfea256cff54468b83953
1750772282685,2025-06-24T13:38:02.685000+00:00,SOL,B,144.66,6.92,Close Short,9.382828,0.360376,0x325f41a81646328037c404262647a202049a0079a40bfea256cff54468b83953
1750772282685,2025-06-24T13:38:02.685000+00:00,SOL,B,144.66,6.92,Close Short,9.382828,0.360376,0x325f41a81646328037c404262647a202049a0079a40bfea256cff54468b83953
1750772282685,2025-06-24T13:38:02.685000+00:00,SOL,B,144.66,6.92,Close Short,9.382828,0.360376,0x325f41a81646328037c404262647a202049a0079a40bfea256cff54468b83953
1750772282685,2025-06-24T13:38:02.685000+00:00,SOL,B,144.66,6.92,Close Short,9.382828,0.360376,0x325f41a81646328037c404262647a202049a0079a40bfea256cff54468b83953
1750772282685,2025-06-24T13:38:02.685000+00:00,SOL,B,144.66,6.92,Close Short,9.382828,0.360376,0x325f41a81646328037c404262647a202049a0079a40bfea256cff54468b83953
1750772282685,2025-06-24T13:38:02.685000+00:00,SOL,B,144.66,6.92,Close Short,9.382828,0.360376,0x325f41a81646328037c404262647a202049a0079a40bfea256cff54468b83953
1750772282685,2025-06-24T13:38:02.685000+00:00,SOL,B,144.66,6.92,Close Short,9.382828,0.360376,0x325f41a81646328037c404262647a202049a0079a40bfea256cff54468b83953
1750772282685,2025-06-24T13:38:02.685000+00:00,SOL,B,144.66,277.56,Close Short,376.343604,14.454658,0x325f41a81646328037c404262647a202049a0079a40bfea256cff54468b83953
1750772282685,2025-06-24T13:38:02.685000+00:00,SOL,B,144.66,5.18,Close Short,7.023562,0.269761,0x325f41a81646328037c404262647a202049a0079a40bfea256cff54468b83953
1750772282685,2025-06-24T13:38:02.685000+00:00,SOL,B,144.66,20.76,Close Short,28.148484,1.08113,0x325f41a81646328037c404262647a202049a0079a40bfea256cff54468b83953
1750772282685,2025-06-24T13:38:02.685000+00:00,SOL,B,144.66,1.19,Close Short,1.613521,0.061972,0x325f41a81646328037c404262647a202049a0079a40bfea256cff54468b83953
1750772282685,2025-06-24T13:38:02.685000+00:00,SOL,B,144.66,69.9,Close Short,94.77741,3.640224,0x325f41a81646328037c404262647a202049a0079a40bfea256cff54468b83953
1750772282685,2025-06-24T13:38:02.685000+00:00,SOL,B,144.66,7.0,Close Short,9.4913,0.364543,0x325f41a81646328037c404262647a202049a0079a40bfea256cff54468b83953
1750772282685,2025-06-24T13:38:02.685000+00:00,SOL,B,144.66,177.84,Close Short,241.133256,9.26148,0x325f41a81646328037c404262647a202049a0079a40bfea256cff54468b83953
1750772282685,2025-06-24T13:38:02.685000+00:00,SOL,B,144.66,6.92,Close Short,9.382828,0.360376,0x325f41a81646328037c404262647a202049a0079a40bfea256cff54468b83953
1750772282685,2025-06-24T13:38:02.685000+00:00,SOL,B,144.66,1078.77,Close Short,1462.704243,56.179752,0x325f41a81646328037c404262647a202049a0079a40bfea256cff54468b83953
1750796210366,2025-06-24T20:16:50.366000+00:00,SOL,A,143.36,4.73,Open Short,0.0,0.244113,0xec2f177dc8f7163f196004262af94001e60082fe1a6f3dbd8c98558dc2776c85
1750796210366,2025-06-24T20:16:50.366000+00:00,SOL,A,143.34,25.0,Open Short,0.0,1.29006,0xec2f177dc8f7163f196004262af94001e60082fe1a6f3dbd8c98558dc2776c85
1750796210366,2025-06-24T20:16:50.366000+00:00,SOL,A,143.34,9.04,Open Short,0.0,0.466485,0xec2f177dc8f7163f196004262af94001e60082fe1a6f3dbd8c98558dc2776c85
1750796210366,2025-06-24T20:16:50.366000+00:00,SOL,A,143.34,9.83,Open Short,0.0,0.507251,0xec2f177dc8f7163f196004262af94001e60082fe1a6f3dbd8c98558dc2776c85
1750796210366,2025-06-24T20:16:50.366000+00:00,SOL,A,143.34,89.77,Open Short,0.0,4.632347,0xec2f177dc8f7163f196004262af94001e60082fe1a6f3dbd8c98558dc2776c85
1750796210366,2025-06-24T20:16:50.366000+00:00,SOL,A,143.33,34.88,Open Short,0.0,1.799766,0xec2f177dc8f7163f196004262af94001e60082fe1a6f3dbd8c98558dc2776c85
1750796210366,2025-06-24T20:16:50.366000+00:00,SOL,A,143.33,0.25,Open Short,0.0,0.012899,0xec2f177dc8f7163f196004262af94001e60082fe1a6f3dbd8c98558dc2776c85
1750796210366,2025-06-24T20:16:50.366000+00:00,SOL,A,143.33,20.0,Open Short,0.0,1.031976,0xec2f177dc8f7163f196004262af94001e60082fe1a6f3dbd8c98558dc2776c85
1750796210366,2025-06-24T20:16:50.366000+00:00,SOL,A,143.33,20.0,Open Short,0.0,1.031976,0xec2f177dc8f7163f196004262af94001e60082fe1a6f3dbd8c98558dc2776c85
1750796210366,2025-06-24T20:16:50.366000+00:00,SOL,A,143.32,75.96,Open Short,0.0,3.919171,0xec2f177dc8f7163f196004262af94001e60082fe1a6f3dbd8c98558dc2776c85
1750796210366,2025-06-24T20:16:50.366000+00:00,SOL,A,143.32,34.88,Open Short,0.0,1.79964,0xec2f177dc8f7163f196004262af94001e60082fe1a6f3dbd8c98558dc2776c85
1750796210366,2025-06-24T20:16:50.366000+00:00,SOL,A,143.32,348.87,Open Short,0.0,18.000017,0xec2f177dc8f7163f196004262af94001e60082fe1a6f3dbd8c98558dc2776c85
1750796210366,2025-06-24T20:16:50.366000+00:00,SOL,A,143.32,115.37,Open Short,0.0,5.952538,0xec2f177dc8f7163f196004262af94001e60082fe1a6f3dbd8c98558dc2776c85
1750796210366,2025-06-24T20:16:50.366000+00:00,SOL,A,143.32,7.73,Open Short,0.0,0.39883,0xec2f177dc8f7163f196004262af94001e60082fe1a6f3dbd8c98558dc2776c85
1750796210366,2025-06-24T20:16:50.366000+00:00,SOL,A,143.32,41.48,Open Short,0.0,2.140168,0xec2f177dc8f7163f196004262af94001e60082fe1a6f3dbd8c98558dc2776c85
1750796210366,2025-06-24T20:16:50.366000+00:00,SOL,A,143.32,27.87,Open Short,0.0,1.437958,0xec2f177dc8f7163f196004262af94001e60082fe1a6f3dbd8c98558dc2776c85
1750796210366,2025-06-24T20:16:50.366000+00:00,SOL,A,143.32,2.06,Open Short,0.0,0.106286,0xec2f177dc8f7163f196004262af94001e60082fe1a6f3dbd8c98558dc2776c85
1750796210366,2025-06-24T20:16:50.366000+00:00,SOL,A,143.31,179.42,Open Short,0.0,9.256564,0xec2f177dc8f7163f196004262af94001e60082fe1a6f3dbd8c98558dc2776c85
1750796210366,2025-06-24T20:16:50.366000+00:00,SOL,A,143.31,2.0,Open Short,0.0,0.103183,0xec2f177dc8f7163f196004262af94001e60082fe1a6f3dbd8c98558dc2776c85
1750796210366,2025-06-24T20:16:50.366000+00:00,SOL,A,143.31,7.0,Open Short,0.0,0.361141,0xec2f177dc8f7163f196004262af94001e60082fe1a6f3dbd8c98558dc2776c85
1750796210366,2025-06-24T20:16:50.366000+00:00,SOL,A,143.31,7.0,Open Short,0.0,0.361141,0xec2f177dc8f7163f196004262af94001e60082fe1a6f3dbd8c98558dc2776c85
1750796210366,2025-06-24T20:16:50.366000+00:00,SOL,A,143.31,7.0,Open Short,0.0,0.361141,0xec2f177dc8f7163f196004262af94001e60082fe1a6f3dbd8c98558dc2776c85
1750796210366,2025-06-24T20:16:50.366000+00:00,SOL,A,143.31,7.0,Open Short,0.0,0.361141,0xec2f177dc8f7163f196004262af94001e60082fe1a6f3dbd8c98558dc2776c85
1750796210366,2025-06-24T20:16:50.366000+00:00,SOL,A,143.31,7.0,Open Short,0.0,0.361141,0xec2f177dc8f7163f196004262af94001e60082fe1a6f3dbd8c98558dc2776c85
1750796210366,2025-06-24T20:16:50.366000+00:00,SOL,A,143.31,5.88,Open Short,0.0,0.303358,0xec2f177dc8f7163f196004262af94001e60082fe1a6f3dbd8c98558dc2776c85
1750796210366,2025-06-24T20:16:50.366000+00:00,SOL,A,143.31,348.88,Open Short,0.0,17.999277,0xec2f177dc8f7163f196004262af94001e60082fe1a6f3dbd8c98558dc2776c85
1750796210366,2025-06-24T20:16:50.366000+00:00,SOL,A,143.31,2.0,Open Short,0.0,0.103183,0xec2f177dc8f7163f196004262af94001e60082fe1a6f3dbd8c98558dc2776c85
1750796210366,2025-06-24T20:16:50.366000+00:00,SOL,A,143.31,2.0,Open Short,0.0,0.103183,0xec2f177dc8f7163f196004262af94001e60082fe1a6f3dbd8c98558dc2776c85
1750796210366,2025-06-24T20:16:50.366000+00:00,SOL,A,143.31,2.0,Open Short,0.0,0.103183,0xec2f177dc8f7163f196004262af94001e60082fe1a6f3dbd8c98558dc2776c85
1750796210366,2025-06-24T20:16:50.366000+00:00,SOL,A,143.31,48.21,Open Short,0.0,2.487231,0xec2f177dc8f7163f196004262af94001e60082fe1a6f3dbd8c98558dc2776c85
1750796210366,2025-06-24T20:16:50.366000+00:00,SOL,A,143.31,3.79,Open Short,0.0,0.195532,0xec2f177dc8f7163f196004262af94001e60082fe1a6f3dbd8c98558dc2776c85
1750796210366,2025-06-24T20:16:50.366000+00:00,SOL,A,143.31,22.23,Open Short,0.0,1.146881,0xec2f177dc8f7163f196004262af94001e60082fe1a6f3dbd8c98558dc2776c85
1750796210366,2025-06-24T20:16:50.366000+00:00,SOL,A,143.31,1.78,Open Short,0.0,0.091833,0xec2f177dc8f7163f196004262af94001e60082fe1a6f3dbd8c98558dc2776c85
1750796210366,2025-06-24T20:16:50.366000+00:00,SOL,A,143.31,12.48,Open Short,0.0,0.643863,0xec2f177dc8f7163f196004262af94001e60082fe1a6f3dbd8c98558dc2776c85
1750796210366,2025-06-24T20:16:50.366000+00:00,SOL,A,143.31,46.99,Open Short,0.0,2.424289,0xec2f177dc8f7163f196004262af94001e60082fe1a6f3dbd8c98558dc2776c85
1750796210366,2025-06-24T20:16:50.366000+00:00,SOL,A,143.31,31.06,Open Short,0.0,1.602435,0xec2f177dc8f7163f196004262af94001e60082fe1a6f3dbd8c98558dc2776c85
1750796210366,2025-06-24T20:16:50.366000+00:00,SOL,A,143.31,131.79,Open Short,0.0,6.799256,0xec2f177dc8f7163f196004262af94001e60082fe1a6f3dbd8c98558dc2776c85
1750796210366,2025-06-24T20:16:50.366000+00:00,SOL,A,143.31,26.86,Open Short,0.0,1.38575,0xec2f177dc8f7163f196004262af94001e60082fe1a6f3dbd8c98558dc2776c85
1750796210366,2025-06-24T20:16:50.366000+00:00,SOL,A,143.3,75.96,Open Short,0.0,3.918624,0xec2f177dc8f7163f196004262af94001e60082fe1a6f3dbd8c98558dc2776c85
1750796210366,2025-06-24T20:16:50.366000+00:00,SOL,A,143.3,12.93,Open Short,0.0,0.667032,0xec2f177dc8f7163f196004262af94001e60082fe1a6f3dbd8c98558dc2776c85
1750796210366,2025-06-24T20:16:50.366000+00:00,SOL,A,143.3,699.67,Open Short,0.0,36.094575,0xec2f177dc8f7163f196004262af94001e60082fe1a6f3dbd8c98558dc2776c85
1750796210366,2025-06-24T20:16:50.366000+00:00,SOL,A,143.3,50.96,Open Short,0.0,2.628924,0xec2f177dc8f7163f196004262af94001e60082fe1a6f3dbd8c98558dc2776c85
1750796210366,2025-06-24T20:16:50.366000+00:00,SOL,A,143.3,128.46,Open Short,0.0,6.626994,0xec2f177dc8f7163f196004262af94001e60082fe1a6f3dbd8c98558dc2776c85
1750796210366,2025-06-24T20:16:50.366000+00:00,SOL,A,143.3,34.89,Open Short,0.0,1.799905,0xec2f177dc8f7163f196004262af94001e60082fe1a6f3dbd8c98558dc2776c85
1750796210366,2025-06-24T20:16:50.366000+00:00,SOL,A,143.3,0.25,Open Short,0.0,0.012897,0xec2f177dc8f7163f196004262af94001e60082fe1a6f3dbd8c98558dc2776c85
1750796210366,2025-06-24T20:16:50.366000+00:00,SOL,A,143.3,18.16,Open Short,0.0,0.936838,0xec2f177dc8f7163f196004262af94001e60082fe1a6f3dbd8c98558dc2776c85
1750796210366,2025-06-24T20:16:50.366000+00:00,SOL,A,143.3,19.23,Open Short,0.0,0.992037,0xec2f177dc8f7163f196004262af94001e60082fe1a6f3dbd8c98558dc2776c85
1750796210366,2025-06-24T20:16:50.366000+00:00,SOL,A,143.3,348.91,Open Short,0.0,17.999569,0xec2f177dc8f7163f196004262af94001e60082fe1a6f3dbd8c98558dc2776c85
1750796210366,2025-06-24T20:16:50.366000+00:00,SOL,A,143.3,7.0,Open Short,0.0,0.361116,0xec2f177dc8f7163f196004262af94001e60082fe1a6f3dbd8c98558dc2776c85
1750796210366,2025-06-24T20:16:50.366000+00:00,SOL,A,143.3,620.29,Open Short,0.0,31.99952,0xec2f177dc8f7163f196004262af94001e60082fe1a6f3dbd8c98558dc2776c85
1750796210366,2025-06-24T20:16:50.366000+00:00,SOL,A,143.3,4.36,Open Short,0.0,0.224923,0xec2f177dc8f7163f196004262af94001e60082fe1a6f3dbd8c98558dc2776c85
1750796210366,2025-06-24T20:16:50.366000+00:00,SOL,A,143.3,83.62,Open Short,0.0,4.313788,0xec2f177dc8f7163f196004262af94001e60082fe1a6f3dbd8c98558dc2776c85
1750796210366,2025-06-24T20:16:50.366000+00:00,SOL,A,143.3,36.03,Open Short,0.0,1.858715,0xec2f177dc8f7163f196004262af94001e60082fe1a6f3dbd8c98558dc2776c85
1750796210366,2025-06-24T20:16:50.366000+00:00,SOL,A,143.3,18.07,Open Short,0.0,0.932195,0xec2f177dc8f7163f196004262af94001e60082fe1a6f3dbd8c98558dc2776c85
1750796210366,2025-06-24T20:16:50.366000+00:00,SOL,A,143.3,18.95,Open Short,0.0,0.977592,0xec2f177dc8f7163f196004262af94001e60082fe1a6f3dbd8c98558dc2776c85
1750796210366,2025-06-24T20:16:50.366000+00:00,SOL,A,143.29,280.12,Open Short,0.0,14.449822,0xec2f177dc8f7163f196004262af94001e60082fe1a6f3dbd8c98558dc2776c85
1750796210366,2025-06-24T20:16:50.366000+00:00,SOL,A,143.29,12.93,Open Short,0.0,0.666986,0xec2f177dc8f7163f196004262af94001e60082fe1a6f3dbd8c98558dc2776c85
1750796210366,2025-06-24T20:16:50.366000+00:00,SOL,A,143.29,102.61,Open Short,0.0,5.293075,0xec2f177dc8f7163f196004262af94001e60082fe1a6f3dbd8c98558dc2776c85
1750796210366,2025-06-24T20:16:50.366000+00:00,SOL,A,143.29,179.42,Open Short,0.0,9.255273,0xec2f177dc8f7163f196004262af94001e60082fe1a6f3dbd8c98558dc2776c85
1750796210366,2025-06-24T20:16:50.366000+00:00,SOL,A,143.29,6.84,Open Short,0.0,0.352837,0xec2f177dc8f7163f196004262af94001e60082fe1a6f3dbd8c98558dc2776c85
1750796210366,2025-06-24T20:16:50.366000+00:00,SOL,A,143.29,9.98,Open Short,0.0,0.514812,0xec2f177dc8f7163f196004262af94001e60082fe1a6f3dbd8c98558dc2776c85
1750796210366,2025-06-24T20:16:50.366000+00:00,SOL,A,143.29,7.0,Open Short,0.0,0.36109,0xec2f177dc8f7163f196004262af94001e60082fe1a6f3dbd8c98558dc2776c85
1750796210366,2025-06-24T20:16:50.366000+00:00,SOL,A,143.29,6.98,Open Short,0.0,0.360059,0xec2f177dc8f7163f196004262af94001e60082fe1a6f3dbd8c98558dc2776c85
1750796210366,2025-06-24T20:16:50.366000+00:00,SOL,A,143.29,2.0,Open Short,0.0,0.103168,0xec2f177dc8f7163f196004262af94001e60082fe1a6f3dbd8c98558dc2776c85
1750796210366,2025-06-24T20:16:50.366000+00:00,SOL,A,143.29,2.0,Open Short,0.0,0.103168,0xec2f177dc8f7163f196004262af94001e60082fe1a6f3dbd8c98558dc2776c85
1750796210366,2025-06-24T20:16:50.366000+00:00,SOL,A,143.29,4.59,Open Short,0.0,0.236772,0xec2f177dc8f7163f196004262af94001e60082fe1a6f3dbd8c98558dc2776c85
1750796210366,2025-06-24T20:16:50.366000+00:00,SOL,A,143.29,6.98,Open Short,0.0,0.360059,0xec2f177dc8f7163f196004262af94001e60082fe1a6f3dbd8c98558dc2776c85
1750796210366,2025-06-24T20:16:50.366000+00:00,SOL,A,143.29,6.98,Open Short,0.0,0.360059,0xec2f177dc8f7163f196004262af94001e60082fe1a6f3dbd8c98558dc2776c85
1750796210366,2025-06-24T20:16:50.366000+00:00,SOL,A,143.29,6.98,Open Short,0.0,0.360059,0xec2f177dc8f7163f196004262af94001e60082fe1a6f3dbd8c98558dc2776c85
1750796210366,2025-06-24T20:16:50.366000+00:00,SOL,A,143.29,6.98,Open Short,0.0,0.360059,0xec2f177dc8f7163f196004262af94001e60082fe1a6f3dbd8c98558dc2776c85
1750796210366,2025-06-24T20:16:50.366000+00:00,SOL,A,143.29,6.98,Open Short,0.0,0.360059,0xec2f177dc8f7163f196004262af94001e60082fe1a6f3dbd8c98558dc2776c85
1750796210366,2025-06-24T20:16:50.366000+00:00,SOL,A,143.29,6.98,Open Short,0.0,0.360059,0xec2f177dc8f7163f196004262af94001e60082fe1a6f3dbd8c98558dc2776c85
1750796210366,2025-06-24T20:16:50.366000+00:00,SOL,A,143.29,6.98,Open Short,0.0,0.360059,0xec2f177dc8f7163f196004262af94001e60082fe1a6f3dbd8c98558dc2776c85
1750796210366,2025-06-24T20:16:50.366000+00:00,SOL,A,143.29,405.78,Open Short,0.0,20.931917,0xec2f177dc8f7163f196004262af94001e60082fe1a6f3dbd8c98558dc2776c85
1750796210366,2025-06-24T20:16:50.366000+00:00,SOL,A,143.29,348.94,Open Short,0.0,17.99986,0xec2f177dc8f7163f196004262af94001e60082fe1a6f3dbd8c98558dc2776c85
1750796210366,2025-06-24T20:16:50.366000+00:00,SOL,A,143.29,4.19,Open Short,0.0,0.216138,0xec2f177dc8f7163f196004262af94001e60082fe1a6f3dbd8c98558dc2776c85
1750796210366,2025-06-24T20:16:50.366000+00:00,SOL,A,143.29,139.51,Open Short,0.0,7.196539,0xec2f177dc8f7163f196004262af94001e60082fe1a6f3dbd8c98558dc2776c85
1750796210366,2025-06-24T20:16:50.366000+00:00,SOL,A,143.29,28.53,Open Short,0.0,1.471702,0xec2f177dc8f7163f196004262af94001e60082fe1a6f3dbd8c98558dc2776c85
1750796210366,2025-06-24T20:16:50.366000+00:00,SOL,A,143.29,41.62,Open Short,0.0,2.146942,0xec2f177dc8f7163f196004262af94001e60082fe1a6f3dbd8c98558dc2776c85
1750796210366,2025-06-24T20:16:50.366000+00:00,SOL,A,143.28,4.18,Open Short,0.0,0.215607,0xec2f177dc8f7163f196004262af94001e60082fe1a6f3dbd8c98558dc2776c85
1750796210366,2025-06-24T20:16:50.366000+00:00,SOL,A,143.28,179.48,Open Short,0.0,9.257721,0xec2f177dc8f7163f196004262af94001e60082fe1a6f3dbd8c98558dc2776c85
1750796210366,2025-06-24T20:16:50.366000+00:00,SOL,A,143.28,42.01,Open Short,0.0,2.166909,0xec2f177dc8f7163f196004262af94001e60082fe1a6f3dbd8c98558dc2776c85
1750796210366,2025-06-24T20:16:50.366000+00:00,SOL,A,143.28,34.89,Open Short,0.0,1.799654,0xec2f177dc8f7163f196004262af94001e60082fe1a6f3dbd8c98558dc2776c85
1750796210366,2025-06-24T20:16:50.366000+00:00,SOL,A,143.28,2.59,Open Short,0.0,0.133594,0xec2f177dc8f7163f196004262af94001e60082fe1a6f3dbd8c98558dc2776c85
1750796210366,2025-06-24T20:16:50.366000+00:00,SOL,A,143.28,2.59,Open Short,0.0,0.133594,0xec2f177dc8f7163f196004262af94001e60082fe1a6f3dbd8c98558dc2776c85
1750796210366,2025-06-24T20:16:50.366000+00:00,SOL,A,143.28,2.59,Open Short,0.0,0.133594,0xec2f177dc8f7163f196004262af94001e60082fe1a6f3dbd8c98558dc2776c85
1750796210366,2025-06-24T20:16:50.366000+00:00,SOL,A,143.28,2.59,Open Short,0.0,0.133594,0xec2f177dc8f7163f196004262af94001e60082fe1a6f3dbd8c98558dc2776c85
1750796210366,2025-06-24T20:16:50.366000+00:00,SOL,A,143.28,2.59,Open Short,0.0,0.133594,0xec2f177dc8f7163f196004262af94001e60082fe1a6f3dbd8c98558dc2776c85
1750796210366,2025-06-24T20:16:50.366000+00:00,SOL,A,143.28,2.59,Open Short,0.0,0.133594,0xec2f177dc8f7163f196004262af94001e60082fe1a6f3dbd8c98558dc2776c85
1750796210366,2025-06-24T20:16:50.366000+00:00,SOL,A,143.28,2.59,Open Short,0.0,0.133594,0xec2f177dc8f7163f196004262af94001e60082fe1a6f3dbd8c98558dc2776c85
1750796210366,2025-06-24T20:16:50.366000+00:00,SOL,A,143.28,2.59,Open Short,0.0,0.133594,0xec2f177dc8f7163f196004262af94001e60082fe1a6f3dbd8c98558dc2776c85
1750796210366,2025-06-24T20:16:50.366000+00:00,SOL,A,143.28,2.59,Open Short,0.0,0.133594,0xec2f177dc8f7163f196004262af94001e60082fe1a6f3dbd8c98558dc2776c85
1750796210366,2025-06-24T20:16:50.366000+00:00,SOL,A,143.28,2.59,Open Short,0.0,0.133594,0xec2f177dc8f7163f196004262af94001e60082fe1a6f3dbd8c98558dc2776c85
1750796210366,2025-06-24T20:16:50.366000+00:00,SOL,A,143.28,2.59,Open Short,0.0,0.133594,0xec2f177dc8f7163f196004262af94001e60082fe1a6f3dbd8c98558dc2776c85
1750796210366,2025-06-24T20:16:50.366000+00:00,SOL,A,143.28,2.59,Open Short,0.0,0.133594,0xec2f177dc8f7163f196004262af94001e60082fe1a6f3dbd8c98558dc2776c85
1750796210366,2025-06-24T20:16:50.366000+00:00,SOL,A,143.28,2.59,Open Short,0.0,0.133594,0xec2f177dc8f7163f196004262af94001e60082fe1a6f3dbd8c98558dc2776c85
1750796210366,2025-06-24T20:16:50.366000+00:00,SOL,A,143.28,4.31,Open Short,0.0,0.222313,0xec2f177dc8f7163f196004262af94001e60082fe1a6f3dbd8c98558dc2776c85
1750796210366,2025-06-24T20:16:50.366000+00:00,SOL,A,143.28,2.59,Open Short,0.0,0.133594,0xec2f177dc8f7163f196004262af94001e60082fe1a6f3dbd8c98558dc2776c85
1750796210366,2025-06-24T20:16:50.366000+00:00,SOL,A,143.28,2.59,Open Short,0.0,0.133594,0xec2f177dc8f7163f196004262af94001e60082fe1a6f3dbd8c98558dc2776c85
1750796210366,2025-06-24T20:16:50.366000+00:00,SOL,A,143.28,2.59,Open Short,0.0,0.133594,0xec2f177dc8f7163f196004262af94001e60082fe1a6f3dbd8c98558dc2776c85
1750796210366,2025-06-24T20:16:50.366000+00:00,SOL,A,143.28,2.59,Open Short,0.0,0.133594,0xec2f177dc8f7163f196004262af94001e60082fe1a6f3dbd8c98558dc2776c85
1750796210366,2025-06-24T20:16:50.366000+00:00,SOL,A,143.28,2.59,Open Short,0.0,0.133594,0xec2f177dc8f7163f196004262af94001e60082fe1a6f3dbd8c98558dc2776c85
1750796210366,2025-06-24T20:16:50.366000+00:00,SOL,A,143.28,2.59,Open Short,0.0,0.133594,0xec2f177dc8f7163f196004262af94001e60082fe1a6f3dbd8c98558dc2776c85
1750796210366,2025-06-24T20:16:50.366000+00:00,SOL,A,143.28,2.59,Open Short,0.0,0.133594,0xec2f177dc8f7163f196004262af94001e60082fe1a6f3dbd8c98558dc2776c85
1750796210366,2025-06-24T20:16:50.366000+00:00,SOL,A,143.28,2.59,Open Short,0.0,0.133594,0xec2f177dc8f7163f196004262af94001e60082fe1a6f3dbd8c98558dc2776c85
1750796210366,2025-06-24T20:16:50.366000+00:00,SOL,A,143.28,2.59,Open Short,0.0,0.133594,0xec2f177dc8f7163f196004262af94001e60082fe1a6f3dbd8c98558dc2776c85
1750796210366,2025-06-24T20:16:50.366000+00:00,SOL,A,143.28,2.59,Open Short,0.0,0.133594,0xec2f177dc8f7163f196004262af94001e60082fe1a6f3dbd8c98558dc2776c85
1750796210366,2025-06-24T20:16:50.366000+00:00,SOL,A,143.28,2.59,Open Short,0.0,0.133594,0xec2f177dc8f7163f196004262af94001e60082fe1a6f3dbd8c98558dc2776c85
1750796210366,2025-06-24T20:16:50.366000+00:00,SOL,A,143.28,2.59,Open Short,0.0,0.133594,0xec2f177dc8f7163f196004262af94001e60082fe1a6f3dbd8c98558dc2776c85
1750796210366,2025-06-24T20:16:50.366000+00:00,SOL,A,143.28,2.59,Open Short,0.0,0.133594,0xec2f177dc8f7163f196004262af94001e60082fe1a6f3dbd8c98558dc2776c85
1750796210366,2025-06-24T20:16:50.366000+00:00,SOL,A,143.28,2.59,Open Short,0.0,0.133594,0xec2f177dc8f7163f196004262af94001e60082fe1a6f3dbd8c98558dc2776c85
1750796210366,2025-06-24T20:16:50.366000+00:00,SOL,A,143.28,2.59,Open Short,0.0,0.133594,0xec2f177dc8f7163f196004262af94001e60082fe1a6f3dbd8c98558dc2776c85
1750796210366,2025-06-24T20:16:50.366000+00:00,SOL,A,143.28,2.59,Open Short,0.0,0.133594,0xec2f177dc8f7163f196004262af94001e60082fe1a6f3dbd8c98558dc2776c85
1750796210366,2025-06-24T20:16:50.366000+00:00,SOL,A,143.28,2.59,Open Short,0.0,0.133594,0xec2f177dc8f7163f196004262af94001e60082fe1a6f3dbd8c98558dc2776c85
1750796210366,2025-06-24T20:16:50.366000+00:00,SOL,A,143.28,2.59,Open Short,0.0,0.133594,0xec2f177dc8f7163f196004262af94001e60082fe1a6f3dbd8c98558dc2776c85
1750796210366,2025-06-24T20:16:50.366000+00:00,SOL,A,143.28,2.59,Open Short,0.0,0.133594,0xec2f177dc8f7163f196004262af94001e60082fe1a6f3dbd8c98558dc2776c85
1750796210366,2025-06-24T20:16:50.366000+00:00,SOL,A,143.28,4.59,Open Short,0.0,0.236755,0xec2f177dc8f7163f196004262af94001e60082fe1a6f3dbd8c98558dc2776c85
1750796210366,2025-06-24T20:16:50.366000+00:00,SOL,A,143.28,4.57,Open Short,0.0,0.235724,0xec2f177dc8f7163f196004262af94001e60082fe1a6f3dbd8c98558dc2776c85
1750796210366,2025-06-24T20:16:50.366000+00:00,SOL,A,143.28,2.0,Open Short,0.0,0.103161,0xec2f177dc8f7163f196004262af94001e60082fe1a6f3dbd8c98558dc2776c85
1750796210366,2025-06-24T20:16:50.366000+00:00,SOL,A,143.28,13.77,Open Short,0.0,0.710267,0xec2f177dc8f7163f196004262af94001e60082fe1a6f3dbd8c98558dc2776c85
1750796210366,2025-06-24T20:16:50.366000+00:00,SOL,A,143.28,7.0,Open Short,0.0,0.361065,0xec2f177dc8f7163f196004262af94001e60082fe1a6f3dbd8c98558dc2776c85
1750796210366,2025-06-24T20:16:50.366000+00:00,SOL,A,143.28,7.0,Open Short,0.0,0.361065,0xec2f177dc8f7163f196004262af94001e60082fe1a6f3dbd8c98558dc2776c85
1750796210366,2025-06-24T20:16:50.366000+00:00,SOL,A,143.28,7.0,Open Short,0.0,0.361065,0xec2f177dc8f7163f196004262af94001e60082fe1a6f3dbd8c98558dc2776c85
1750796210366,2025-06-24T20:16:50.366000+00:00,SOL,A,143.28,7.0,Open Short,0.0,0.361065,0xec2f177dc8f7163f196004262af94001e60082fe1a6f3dbd8c98558dc2776c85
1750796210366,2025-06-24T20:16:50.366000+00:00,SOL,A,143.28,7.0,Open Short,0.0,0.361065,0xec2f177dc8f7163f196004262af94001e60082fe1a6f3dbd8c98558dc2776c85
1750796210366,2025-06-24T20:16:50.366000+00:00,SOL,A,143.28,7.0,Open Short,0.0,0.361065,0xec2f177dc8f7163f196004262af94001e60082fe1a6f3dbd8c98558dc2776c85
1750796210366,2025-06-24T20:16:50.366000+00:00,SOL,A,143.28,7.0,Open Short,0.0,0.361065,0xec2f177dc8f7163f196004262af94001e60082fe1a6f3dbd8c98558dc2776c85
1750796210366,2025-06-24T20:16:50.366000+00:00,SOL,A,143.28,7.0,Open Short,0.0,0.361065,0xec2f177dc8f7163f196004262af94001e60082fe1a6f3dbd8c98558dc2776c85
1750796210366,2025-06-24T20:16:50.366000+00:00,SOL,A,143.28,3.48,Open Short,0.0,0.179501,0xec2f177dc8f7163f196004262af94001e60082fe1a6f3dbd8c98558dc2776c85
1750796210366,2025-06-24T20:16:50.366000+00:00,SOL,A,143.28,3.48,Open Short,0.0,0.179501,0xec2f177dc8f7163f196004262af94001e60082fe1a6f3dbd8c98558dc2776c85
1750796210366,2025-06-24T20:16:50.366000+00:00,SOL,A,143.28,3.49,Open Short,0.0,0.180016,0xec2f177dc8f7163f196004262af94001e60082fe1a6f3dbd8c98558dc2776c85
1750796210366,2025-06-24T20:16:50.366000+00:00,SOL,A,143.28,3.49,Open Short,0.0,0.180016,0xec2f177dc8f7163f196004262af94001e60082fe1a6f3dbd8c98558dc2776c85
1750796210366,2025-06-24T20:16:50.366000+00:00,SOL,A,143.28,4.31,Open Short,0.0,0.222313,0xec2f177dc8f7163f196004262af94001e60082fe1a6f3dbd8c98558dc2776c85
1750796210366,2025-06-24T20:16:50.366000+00:00,SOL,A,143.28,8.18,Open Short,0.0,0.42193,0xec2f177dc8f7163f196004262af94001e60082fe1a6f3dbd8c98558dc2776c85
1750796210366,2025-06-24T20:16:50.366000+00:00,SOL,A,143.28,0.73,Open Short,0.0,0.037653,0xec2f177dc8f7163f196004262af94001e60082fe1a6f3dbd8c98558dc2776c85
1750796210366,2025-06-24T20:16:50.366000+00:00,SOL,A,143.28,348.97,Open Short,0.0,18.000151,0xec2f177dc8f7163f196004262af94001e60082fe1a6f3dbd8c98558dc2776c85
1750796210366,2025-06-24T20:16:50.366000+00:00,SOL,A,143.28,6.27,Open Short,0.0,0.323411,0xec2f177dc8f7163f196004262af94001e60082fe1a6f3dbd8c98558dc2776c85
1750796210366,2025-06-24T20:16:50.366000+00:00,SOL,A,143.28,17.44,Open Short,0.0,0.899569,0xec2f177dc8f7163f196004262af94001e60082fe1a6f3dbd8c98558dc2776c85
1750796210366,2025-06-24T20:16:50.366000+00:00,SOL,A,143.27,0.25,Open Short,0.0,0.012894,0xec2f177dc8f7163f196004262af94001e60082fe1a6f3dbd8c98558dc2776c85
1750796210366,2025-06-24T20:16:50.366000+00:00,SOL,A,143.27,699.67,Open Short,0.0,36.087019,0xec2f177dc8f7163f196004262af94001e60082fe1a6f3dbd8c98558dc2776c85
1750796210366,2025-06-24T20:16:50.366000+00:00,SOL,A,143.27,12.93,Open Short,0.0,0.666893,0xec2f177dc8f7163f196004262af94001e60082fe1a6f3dbd8c98558dc2776c85
1750796210366,2025-06-24T20:16:50.366000+00:00,SOL,A,143.27,2.59,Open Short,0.0,0.133584,0xec2f177dc8f7163f196004262af94001e60082fe1a6f3dbd8c98558dc2776c85
1750796210366,2025-06-24T20:16:50.366000+00:00,SOL,A,143.27,179.48,Open Short,0.0,9.257075,0xec2f177dc8f7163f196004262af94001e60082fe1a6f3dbd8c98558dc2776c85
1750796210366,2025-06-24T20:16:50.366000+00:00,SOL,A,143.27,6.98,Open Short,0.0,0.360008,0xec2f177dc8f7163f196004262af94001e60082fe1a6f3dbd8c98558dc2776c85
1750796210366,2025-06-24T20:16:50.366000+00:00,SOL,A,143.27,6.98,Open Short,0.0,0.360008,0xec2f177dc8f7163f196004262af94001e60082fe1a6f3dbd8c98558dc2776c85
1750796210366,2025-06-24T20:16:50.366000+00:00,SOL,A,143.27,6.98,Open Short,0.0,0.360008,0xec2f177dc8f7163f196004262af94001e60082fe1a6f3dbd8c98558dc2776c85
1750796210366,2025-06-24T20:16:50.366000+00:00,SOL,A,143.27,6.98,Open Short,0.0,0.360008,0xec2f177dc8f7163f196004262af94001e60082fe1a6f3dbd8c98558dc2776c85
1750796210366,2025-06-24T20:16:50.366000+00:00,SOL,A,143.27,6.98,Open Short,0.0,0.360008,0xec2f177dc8f7163f196004262af94001e60082fe1a6f3dbd8c98558dc2776c85
1750796210366,2025-06-24T20:16:50.366000+00:00,SOL,A,143.27,6.98,Open Short,0.0,0.360008,0xec2f177dc8f7163f196004262af94001e60082fe1a6f3dbd8c98558dc2776c85
1750796210366,2025-06-24T20:16:50.366000+00:00,SOL,A,143.27,6.98,Open Short,0.0,0.360008,0xec2f177dc8f7163f196004262af94001e60082fe1a6f3dbd8c98558dc2776c85
1750796210366,2025-06-24T20:16:50.366000+00:00,SOL,A,143.27,6.98,Open Short,0.0,0.360008,0xec2f177dc8f7163f196004262af94001e60082fe1a6f3dbd8c98558dc2776c85
1750796210366,2025-06-24T20:16:50.366000+00:00,SOL,A,143.27,10.01,Open Short,0.0,0.516287,0xec2f177dc8f7163f196004262af94001e60082fe1a6f3dbd8c98558dc2776c85
1750796210366,2025-06-24T20:16:50.366000+00:00,SOL,A,143.27,34.89,Open Short,0.0,1.799528,0xec2f177dc8f7163f196004262af94001e60082fe1a6f3dbd8c98558dc2776c85
1750796210366,2025-06-24T20:16:50.366000+00:00,SOL,A,143.27,7.0,Open Short,0.0,0.36104,0xec2f177dc8f7163f196004262af94001e60082fe1a6f3dbd8c98558dc2776c85
1750796210366,2025-06-24T20:16:50.366000+00:00,SOL,A,143.27,7.05,Open Short,0.0,0.363619,0xec2f177dc8f7163f196004262af94001e60082fe1a6f3dbd8c98558dc2776c85
1750796210366,2025-06-24T20:16:50.366000+00:00,SOL,A,143.27,7.0,Open Short,0.0,0.36104,0xec2f177dc8f7163f196004262af94001e60082fe1a6f3dbd8c98558dc2776c85
1750796210366,2025-06-24T20:16:50.366000+00:00,SOL,A,143.27,2.0,Open Short,0.0,0.103154,0xec2f177dc8f7163f196004262af94001e60082fe1a6f3dbd8c98558dc2776c85
1750796210366,2025-06-24T20:16:50.366000+00:00,SOL,A,143.27,2.0,Open Short,0.0,0.103154,0xec2f177dc8f7163f196004262af94001e60082fe1a6f3dbd8c98558dc2776c85
1750796210366,2025-06-24T20:16:50.366000+00:00,SOL,A,143.27,2.0,Open Short,0.0,0.103154,0xec2f177dc8f7163f196004262af94001e60082fe1a6f3dbd8c98558dc2776c85
1750796210366,2025-06-24T20:16:50.366000+00:00,SOL,A,143.27,2.0,Open Short,0.0,0.103154,0xec2f177dc8f7163f196004262af94001e60082fe1a6f3dbd8c98558dc2776c85
1750796210366,2025-06-24T20:16:50.366000+00:00,SOL,A,143.27,2.0,Open Short,0.0,0.103154,0xec2f177dc8f7163f196004262af94001e60082fe1a6f3dbd8c98558dc2776c85
1750796210366,2025-06-24T20:16:50.366000+00:00,SOL,A,143.27,96.72,Open Short,0.0,4.988546,0xec2f177dc8f7163f196004262af94001e60082fe1a6f3dbd8c98558dc2776c85
1750796210366,2025-06-24T20:16:50.366000+00:00,SOL,A,143.27,131.08,Open Short,0.0,6.760739,0xec2f177dc8f7163f196004262af94001e60082fe1a6f3dbd8c98558dc2776c85
1750796210366,2025-06-24T20:16:50.366000+00:00,SOL,A,143.27,19.37,Open Short,0.0,0.99905,0xec2f177dc8f7163f196004262af94001e60082fe1a6f3dbd8c98558dc2776c85
1750796210366,2025-06-24T20:16:50.366000+00:00,SOL,A,143.27,17.33,Open Short,0.0,0.893832,0xec2f177dc8f7163f196004262af94001e60082fe1a6f3dbd8c98558dc2776c85
1750796210366,2025-06-24T20:16:50.366000+00:00,SOL,A,143.27,17.44,Open Short,0.0,0.899506,0xec2f177dc8f7163f196004262af94001e60082fe1a6f3dbd8c98558dc2776c85
1750796210366,2025-06-24T20:16:50.366000+00:00,SOL,A,143.27,2.69,Open Short,0.0,0.138742,0xec2f177dc8f7163f196004262af94001e60082fe1a6f3dbd8c98558dc2776c85
1750796210366,2025-06-24T20:16:50.366000+00:00,SOL,A,143.26,15.19,Open Short,0.0,0.783402,0xec2f177dc8f7163f196004262af94001e60082fe1a6f3dbd8c98558dc2776c85
1750796210366,2025-06-24T20:16:50.366000+00:00,SOL,A,143.26,35.42,Open Short,0.0,1.826736,0xec2f177dc8f7163f196004262af94001e60082fe1a6f3dbd8c98558dc2776c85
1750796210366,2025-06-24T20:16:50.366000+00:00,SOL,A,143.26,6.99,Open Short,0.0,0.360499,0xec2f177dc8f7163f196004262af94001e60082fe1a6f3dbd8c98558dc2776c85
1750796210366,2025-06-24T20:16:50.366000+00:00,SOL,A,143.26,144.06,Open Short,0.0,7.429692,0xec2f177dc8f7163f196004262af94001e60082fe1a6f3dbd8c98558dc2776c85
1750796210366,2025-06-24T20:16:50.366000+00:00,SOL,A,143.26,102.61,Open Short,0.0,5.291967,0xec2f177dc8f7163f196004262af94001e60082fe1a6f3dbd8c98558dc2776c85
1750796210366,2025-06-24T20:16:50.366000+00:00,SOL,A,143.26,6.84,Open Short,0.0,0.352763,0xec2f177dc8f7163f196004262af94001e60082fe1a6f3dbd8c98558dc2776c85
1750796210366,2025-06-24T20:16:50.366000+00:00,SOL,A,143.26,6.84,Open Short,0.0,0.352763,0xec2f177dc8f7163f196004262af94001e60082fe1a6f3dbd8c98558dc2776c85
1750796210366,2025-06-24T20:16:50.366000+00:00,SOL,A,143.26,6.99,Open Short,0.0,0.360499,0xec2f177dc8f7163f196004262af94001e60082fe1a6f3dbd8c98558dc2776c85
1750796210366,2025-06-24T20:16:50.366000+00:00,SOL,A,143.26,6.99,Open Short,0.0,0.360499,0xec2f177dc8f7163f196004262af94001e60082fe1a6f3dbd8c98558dc2776c85
1750796210366,2025-06-24T20:16:50.366000+00:00,SOL,A,143.26,6.99,Open Short,0.0,0.360499,0xec2f177dc8f7163f196004262af94001e60082fe1a6f3dbd8c98558dc2776c85
1750796210366,2025-06-24T20:16:50.366000+00:00,SOL,A,143.26,42.44,Open Short,0.0,2.188783,0xec2f177dc8f7163f196004262af94001e60082fe1a6f3dbd8c98558dc2776c85
1750796210366,2025-06-24T20:16:50.366000+00:00,SOL,A,143.26,4.5,Open Short,0.0,0.232081,0xec2f177dc8f7163f196004262af94001e60082fe1a6f3dbd8c98558dc2776c85
1750796210366,2025-06-24T20:16:50.366000+00:00,SOL,A,143.26,7.0,Open Short,0.0,0.361015,0xec2f177dc8f7163f196004262af94001e60082fe1a6f3dbd8c98558dc2776c85
1750796210366,2025-06-24T20:16:50.366000+00:00,SOL,A,143.26,7.0,Open Short,0.0,0.361015,0xec2f177dc8f7163f196004262af94001e60082fe1a6f3dbd8c98558dc2776c85
1750796210366,2025-06-24T20:16:50.366000+00:00,SOL,A,143.26,7.0,Open Short,0.0,0.361015,0xec2f177dc8f7163f196004262af94001e60082fe1a6f3dbd8c98558dc2776c85
1750796210366,2025-06-24T20:16:50.366000+00:00,SOL,A,143.26,0.84,Open Short,0.0,0.043321,0xec2f177dc8f7163f196004262af94001e60082fe1a6f3dbd8c98558dc2776c85
1750796210366,2025-06-24T20:16:50.366000+00:00,SOL,A,143.26,697.7,Open Short,0.0,35.9829,0xec2f177dc8f7163f196004262af94001e60082fe1a6f3dbd8c98558dc2776c85
1750796210366,2025-06-24T20:16:50.366000+00:00,SOL,A,143.26,2.0,Open Short,0.0,0.103147,0xec2f177dc8f7163f196004262af94001e60082fe1a6f3dbd8c98558dc2776c85
1750796210366,2025-06-24T20:16:50.366000+00:00,SOL,A,143.26,2.0,Open Short,0.0,0.103147,0xec2f177dc8f7163f196004262af94001e60082fe1a6f3dbd8c98558dc2776c85
1750796210366,2025-06-24T20:16:50.366000+00:00,SOL,A,143.26,4.82,Open Short,0.0,0.248584,0xec2f177dc8f7163f196004262af94001e60082fe1a6f3dbd8c98558dc2776c85
1750796210366,2025-06-24T20:16:50.366000+00:00,SOL,A,143.26,221.26,Open Short,0.0,11.411174,0xec2f177dc8f7163f196004262af94001e60082fe1a6f3dbd8c98558dc2776c85
1750796210366,2025-06-24T20:16:50.366000+00:00,SOL,A,143.26,27.91,Open Short,0.0,1.439419,0xec2f177dc8f7163f196004262af94001e60082fe1a6f3dbd8c98558dc2776c85
1750796210366,2025-06-24T20:16:50.366000+00:00,SOL,A,143.25,280.12,Open Short,0.0,14.445788,0xec2f177dc8f7163f196004262af94001e60082fe1a6f3dbd8c98558dc2776c85
1750796210366,2025-06-24T20:16:50.366000+00:00,SOL,A,143.25,179.48,Open Short,0.0,9.255783,0xec2f177dc8f7163f196004262af94001e60082fe1a6f3dbd8c98558dc2776c85
1750796210366,2025-06-24T20:16:50.366000+00:00,SOL,A,143.25,7.0,Open Short,0.0,0.36099,0xec2f177dc8f7163f196004262af94001e60082fe1a6f3dbd8c98558dc2776c85
1750796210366,2025-06-24T20:16:50.366000+00:00,SOL,A,143.25,7.0,Open Short,0.0,0.36099,0xec2f177dc8f7163f196004262af94001e60082fe1a6f3dbd8c98558dc2776c85
1750796210366,2025-06-24T20:16:50.366000+00:00,SOL,A,143.25,7.0,Open Short,0.0,0.36099,0xec2f177dc8f7163f196004262af94001e60082fe1a6f3dbd8c98558dc2776c85
1750796210366,2025-06-24T20:16:50.366000+00:00,SOL,A,143.25,7.0,Open Short,0.0,0.36099,0xec2f177dc8f7163f196004262af94001e60082fe1a6f3dbd8c98558dc2776c85
1750796210366,2025-06-24T20:16:50.366000+00:00,SOL,A,143.25,7.0,Open Short,0.0,0.36099,0xec2f177dc8f7163f196004262af94001e60082fe1a6f3dbd8c98558dc2776c85
1750796210366,2025-06-24T20:16:50.366000+00:00,SOL,A,143.25,7.0,Open Short,0.0,0.36099,0xec2f177dc8f7163f196004262af94001e60082fe1a6f3dbd8c98558dc2776c85
1750796210366,2025-06-24T20:16:50.366000+00:00,SOL,A,143.25,7.0,Open Short,0.0,0.36099,0xec2f177dc8f7163f196004262af94001e60082fe1a6f3dbd8c98558dc2776c85
1750796210366,2025-06-24T20:16:50.366000+00:00,SOL,A,143.25,34.9,Open Short,0.0,1.799793,0xec2f177dc8f7163f196004262af94001e60082fe1a6f3dbd8c98558dc2776c85
1750796210366,2025-06-24T20:16:50.366000+00:00,SOL,A,143.25,7.0,Open Short,0.0,0.36099,0xec2f177dc8f7163f196004262af94001e60082fe1a6f3dbd8c98558dc2776c85
1750796210366,2025-06-24T20:16:50.366000+00:00,SOL,A,143.25,271.34,Open Short,0.0,13.993003,0xec2f177dc8f7163f196004262af94001e60082fe1a6f3dbd8c98558dc2776c85
1750796210366,2025-06-24T20:16:50.366000+00:00,SOL,A,143.25,2.72,Open Short,0.0,0.14027,0xec2f177dc8f7163f196004262af94001e60082fe1a6f3dbd8c98558dc2776c85
1750796210366,2025-06-24T20:16:50.366000+00:00,SOL,A,143.25,2.72,Open Short,0.0,0.14027,0xec2f177dc8f7163f196004262af94001e60082fe1a6f3dbd8c98558dc2776c85
1750796210366,2025-06-24T20:16:50.366000+00:00,SOL,A,143.25,2.72,Open Short,0.0,0.14027,0xec2f177dc8f7163f196004262af94001e60082fe1a6f3dbd8c98558dc2776c85
1750796210366,2025-06-24T20:16:50.366000+00:00,SOL,A,143.25,2.72,Open Short,0.0,0.14027,0xec2f177dc8f7163f196004262af94001e60082fe1a6f3dbd8c98558dc2776c85
1750796210366,2025-06-24T20:16:50.366000+00:00,SOL,A,143.25,2.72,Open Short,0.0,0.14027,0xec2f177dc8f7163f196004262af94001e60082fe1a6f3dbd8c98558dc2776c85
1750796210366,2025-06-24T20:16:50.366000+00:00,SOL,A,143.25,2.72,Open Short,0.0,0.14027,0xec2f177dc8f7163f196004262af94001e60082fe1a6f3dbd8c98558dc2776c85
1750796210366,2025-06-24T20:16:50.366000+00:00,SOL,A,143.25,2.72,Open Short,0.0,0.14027,0xec2f177dc8f7163f196004262af94001e60082fe1a6f3dbd8c98558dc2776c85
1750796210366,2025-06-24T20:16:50.366000+00:00,SOL,A,143.25,2.72,Open Short,0.0,0.14027,0xec2f177dc8f7163f196004262af94001e60082fe1a6f3dbd8c98558dc2776c85
1750796210366,2025-06-24T20:16:50.366000+00:00,SOL,A,143.25,2.72,Open Short,0.0,0.14027,0xec2f177dc8f7163f196004262af94001e60082fe1a6f3dbd8c98558dc2776c85
1750796210366,2025-06-24T20:16:50.366000+00:00,SOL,A,143.25,4.64,Open Short,0.0,0.239284,0xec2f177dc8f7163f196004262af94001e60082fe1a6f3dbd8c98558dc2776c85
1750796210366,2025-06-24T20:16:50.366000+00:00,SOL,A,143.25,4.53,Open Short,0.0,0.233612,0xec2f177dc8f7163f196004262af94001e60082fe1a6f3dbd8c98558dc2776c85
1750796210366,2025-06-24T20:16:50.366000+00:00,SOL,A,143.25,7.0,Open Short,0.0,0.36099,0xec2f177dc8f7163f196004262af94001e60082fe1a6f3dbd8c98558dc2776c85
1750796210366,2025-06-24T20:16:50.366000+00:00,SOL,A,143.25,1.93,Open Short,0.0,0.09953,0xec2f177dc8f7163f196004262af94001e60082fe1a6f3dbd8c98558dc2776c85
1750796531770,2025-06-24T20:22:11.770000+00:00,SOL,A,143.62,5.0,Open Short,0.0,0.258516,0xac8e0c596d2c8de7aaad04262b09a50202fb00b46de931d0706521f8c337f8b3
1750796531770,2025-06-24T20:22:11.770000+00:00,SOL,A,143.6,2.4,Open Short,0.0,0.12407,0xac8e0c596d2c8de7aaad04262b09a50202fb00b46de931d0706521f8c337f8b3
1750796531770,2025-06-24T20:22:11.770000+00:00,SOL,A,143.59,151.62,Open Short,0.0,7.837601,0xac8e0c596d2c8de7aaad04262b09a50202fb00b46de931d0706521f8c337f8b3
1750796531770,2025-06-24T20:22:11.770000+00:00,SOL,A,143.59,41.62,Open Short,0.0,2.151437,0xac8e0c596d2c8de7aaad04262b09a50202fb00b46de931d0706521f8c337f8b3
1750796531770,2025-06-24T20:22:11.770000+00:00,SOL,A,143.59,2.79,Open Short,0.0,0.144221,0xac8e0c596d2c8de7aaad04262b09a50202fb00b46de931d0706521f8c337f8b3
1750796531770,2025-06-24T20:22:11.770000+00:00,SOL,A,143.59,39.99,Open Short,0.0,2.067179,0xac8e0c596d2c8de7aaad04262b09a50202fb00b46de931d0706521f8c337f8b3
1750796531770,2025-06-24T20:22:11.770000+00:00,SOL,A,143.58,19.93,Open Short,0.0,1.030157,0xac8e0c596d2c8de7aaad04262b09a50202fb00b46de931d0706521f8c337f8b3
1750796531770,2025-06-24T20:22:11.770000+00:00,SOL,A,143.58,10.09,Open Short,0.0,0.521539,0xac8e0c596d2c8de7aaad04262b09a50202fb00b46de931d0706521f8c337f8b3
1750796531770,2025-06-24T20:22:11.770000+00:00,SOL,A,143.58,41.38,Open Short,0.0,2.138882,0xac8e0c596d2c8de7aaad04262b09a50202fb00b46de931d0706521f8c337f8b3
1750796531770,2025-06-24T20:22:11.770000+00:00,SOL,A,143.58,25.0,Open Short,0.0,1.29222,0xac8e0c596d2c8de7aaad04262b09a50202fb00b46de931d0706521f8c337f8b3
1750796531770,2025-06-24T20:22:11.770000+00:00,SOL,A,143.58,9.88,Open Short,0.0,0.510685,0xac8e0c596d2c8de7aaad04262b09a50202fb00b46de931d0706521f8c337f8b3
1750796531770,2025-06-24T20:22:11.770000+00:00,SOL,A,143.58,162.36,Open Short,0.0,8.392193,0xac8e0c596d2c8de7aaad04262b09a50202fb00b46de931d0706521f8c337f8b3
1750796531770,2025-06-24T20:22:11.770000+00:00,SOL,A,143.58,2.06,Open Short,0.0,0.106478,0xac8e0c596d2c8de7aaad04262b09a50202fb00b46de931d0706521f8c337f8b3
1750796531770,2025-06-24T20:22:11.770000+00:00,SOL,A,143.58,13.92,Open Short,0.0,0.719508,0xac8e0c596d2c8de7aaad04262b09a50202fb00b46de931d0706521f8c337f8b3
1750796531770,2025-06-24T20:22:11.770000+00:00,SOL,A,143.57,0.55,Open Short,0.0,0.028426,0xac8e0c596d2c8de7aaad04262b09a50202fb00b46de931d0706521f8c337f8b3
1750796531770,2025-06-24T20:22:11.770000+00:00,SOL,A,143.57,34.82,Open Short,0.0,1.799678,0xac8e0c596d2c8de7aaad04262b09a50202fb00b46de931d0706521f8c337f8b3
1750796531770,2025-06-24T20:22:11.770000+00:00,SOL,A,143.57,12.62,Open Short,0.0,0.652267,0xac8e0c596d2c8de7aaad04262b09a50202fb00b46de931d0706521f8c337f8b3
1750796531770,2025-06-24T20:22:11.770000+00:00,SOL,A,143.57,19.0,Open Short,0.0,0.982018,0xac8e0c596d2c8de7aaad04262b09a50202fb00b46de931d0706521f8c337f8b3
1750796531770,2025-06-24T20:22:11.770000+00:00,SOL,A,143.57,136.02,Open Short,0.0,7.03022,0xac8e0c596d2c8de7aaad04262b09a50202fb00b46de931d0706521f8c337f8b3
1750796531770,2025-06-24T20:22:11.770000+00:00,SOL,A,143.57,20.0,Open Short,0.0,1.033704,0xac8e0c596d2c8de7aaad04262b09a50202fb00b46de931d0706521f8c337f8b3
1750796531770,2025-06-24T20:22:11.770000+00:00,SOL,A,143.57,20.0,Open Short,0.0,1.033704,0xac8e0c596d2c8de7aaad04262b09a50202fb00b46de931d0706521f8c337f8b3
1750796531770,2025-06-24T20:22:11.770000+00:00,SOL,A,143.57,0.25,Open Short,0.0,0.012921,0xac8e0c596d2c8de7aaad04262b09a50202fb00b46de931d0706521f8c337f8b3
1750796531770,2025-06-24T20:22:11.770000+00:00,SOL,A,143.57,130.93,Open Short,0.0,6.767143,0xac8e0c596d2c8de7aaad04262b09a50202fb00b46de931d0706521f8c337f8b3
1750796531770,2025-06-24T20:22:11.770000+00:00,SOL,A,143.57,75.22,Open Short,0.0,3.88776,0xac8e0c596d2c8de7aaad04262b09a50202fb00b46de931d0706521f8c337f8b3
1750866238099,2025-06-25T15:43:58.099000+00:00,SOL,B,143.25,269.43,Close Short,16.70466,13.894505,0x6231c3918758d57e2bc0042638b6ab02034f008babdbb1d0659a7f00f7346585
1750866238099,2025-06-25T15:43:58.099000+00:00,SOL,B,143.25,11.24,Close Short,0.69688,0.579646,0x6231c3918758d57e2bc0042638b6ab02034f008babdbb1d0659a7f00f7346585
1750866238099,2025-06-25T15:43:58.099000+00:00,SOL,B,143.25,13.97,Close Short,0.86614,0.720432,0x6231c3918758d57e2bc0042638b6ab02034f008babdbb1d0659a7f00f7346585
1750866238099,2025-06-25T15:43:58.099000+00:00,SOL,B,143.25,20.0,Close Short,1.24,1.0314,0x6231c3918758d57e2bc0042638b6ab02034f008babdbb1d0659a7f00f7346585
1750866238099,2025-06-25T15:43:58.099000+00:00,SOL,B,143.25,174.53,Close Short,10.82086,9.000512,0x6231c3918758d57e2bc0042638b6ab02034f008babdbb1d0659a7f00f7346585
1750866238099,2025-06-25T15:43:58.099000+00:00,SOL,B,143.25,41.88,Close Short,2.59656,2.159751,0x6231c3918758d57e2bc0042638b6ab02034f008babdbb1d0659a7f00f7346585
1750866238099,2025-06-25T15:43:58.099000+00:00,SOL,B,143.25,41.48,Close Short,2.57176,2.139123,0x6231c3918758d57e2bc0042638b6ab02034f008babdbb1d0659a7f00f7346585
1750866238099,2025-06-25T15:43:58.099000+00:00,SOL,B,143.25,42.0,Close Short,2.604,2.16594,0x6231c3918758d57e2bc0042638b6ab02034f008babdbb1d0659a7f00f7346585
1750866238099,2025-06-25T15:43:58.099000+00:00,SOL,B,143.26,349.02,Close Short,18.14904,18.000217,0x6231c3918758d57e2bc0042638b6ab02034f008babdbb1d0659a7f00f7346585
1750866238099,2025-06-25T15:43:58.099000+00:00,SOL,B,143.26,20.0,Close Short,1.04,1.031472,0x6231c3918758d57e2bc0042638b6ab02034f008babdbb1d0659a7f00f7346585
1750866238099,2025-06-25T15:43:58.099000+00:00,SOL,B,143.26,507.94,Close Short,26.41288,26.196294,0x6231c3918758d57e2bc0042638b6ab02034f008babdbb1d0659a7f00f7346585
1750866238099,2025-06-25T15:43:58.099000+00:00,SOL,B,143.26,41.36,Close Short,2.15072,2.133084,0x6231c3918758d57e2bc0042638b6ab02034f008babdbb1d0659a7f00f7346585
1750866238099,2025-06-25T15:43:58.099000+00:00,SOL,B,143.26,348.29,Close Short,18.11108,17.962569,0x6231c3918758d57e2bc0042638b6ab02034f008babdbb1d0659a7f00f7346585
1750866238099,2025-06-25T15:43:58.099000+00:00,SOL,B,143.26,27.41,Close Short,1.42532,1.413632,0x6231c3918758d57e2bc0042638b6ab02034f008babdbb1d0659a7f00f7346585
1750866238099,2025-06-25T15:43:58.099000+00:00,SOL,B,143.26,4112.0,Close Short,213.8240000001,212.070643,0x6231c3918758d57e2bc0042638b6ab02034f008babdbb1d0659a7f00f7346585
1750866238099,2025-06-25T15:43:58.099000+00:00,SOL,B,143.26,12.0,Close Short,0.624,0.618883,0x6231c3918758d57e2bc0042638b6ab02034f008babdbb1d0659a7f00f7346585
1750866238099,2025-06-25T15:43:58.099000+00:00,SOL,B,143.26,2.03,Close Short,0.10556,0.104694,0x6231c3918758d57e2bc0042638b6ab02034f008babdbb1d0659a7f00f7346585
1750866238099,2025-06-25T15:43:58.099000+00:00,SOL,B,143.26,1.36,Close Short,0.07072,0.07014,0x6231c3918758d57e2bc0042638b6ab02034f008babdbb1d0659a7f00f7346585
1750866238099,2025-06-25T15:43:58.099000+00:00,SOL,B,143.26,74.58,Close Short,3.87816,3.846359,0x6231c3918758d57e2bc0042638b6ab02034f008babdbb1d0659a7f00f7346585
1750866238099,2025-06-25T15:43:58.099000+00:00,SOL,B,143.26,141.96,Close Short,7.38192,7.321388,0x6231c3918758d57e2bc0042638b6ab02034f008babdbb1d0659a7f00f7346585
1750866238099,2025-06-25T15:43:58.099000+00:00,SOL,B,143.26,2.79,Close Short,0.14508,0.14389,0x6231c3918758d57e2bc0042638b6ab02034f008babdbb1d0659a7f00f7346585
1750866238099,2025-06-25T15:43:58.099000+00:00,SOL,B,143.26,15.19,Close Short,0.78988,0.783402,0x6231c3918758d57e2bc0042638b6ab02034f008babdbb1d0659a7f00f7346585
1750866238099,2025-06-25T15:43:58.099000+00:00,SOL,B,143.27,104.76,Close Short,4.39992,5.403227,0x6231c3918758d57e2bc0042638b6ab02034f008babdbb1d0659a7f00f7346585
1750866238099,2025-06-25T15:43:58.099000+00:00,SOL,B,143.27,279.48,Close Short,11.73816,14.414795,0x6231c3918758d57e2bc0042638b6ab02034f008babdbb1d0659a7f00f7346585
1750866238099,2025-06-25T15:43:58.099000+00:00,SOL,B,143.27,16.57,Close Short,0.69594,0.854634,0x6231c3918758d57e2bc0042638b6ab02034f008babdbb1d0659a7f00f7346585
1750866238099,2025-06-25T15:43:58.099000+00:00,SOL,B,143.27,36.79,Close Short,1.54518,1.897525,0x6231c3918758d57e2bc0042638b6ab02034f008babdbb1d0659a7f00f7346585
1750866238099,2025-06-25T15:43:58.099000+00:00,SOL,B,143.27,24.12,Close Short,1.01304,1.244042,0x6231c3918758d57e2bc0042638b6ab02034f008babdbb1d0659a7f00f7346585
1750866238099,2025-06-25T15:43:58.099000+00:00,SOL,B,143.27,63.54,Close Short,2.66868,3.277215,0x6231c3918758d57e2bc0042638b6ab02034f008babdbb1d0659a7f00f7346585
1750866238099,2025-06-25T15:43:58.099000+00:00,SOL,B,143.27,288.92,Close Short,12.13464,14.901684,0x6231c3918758d57e2bc0042638b6ab02034f008babdbb1d0659a7f00f7346585
1750866238099,2025-06-25T15:43:58.099000+00:00,SOL,B,143.27,653.06,Close Short,27.42852,33.683006,0x6231c3918758d57e2bc0042638b6ab02034f008babdbb1d0659a7f00f7346585
1750866238099,2025-06-25T15:43:58.099000+00:00,SOL,B,143.27,64.99,Close Short,2.72958,3.352002,0x6231c3918758d57e2bc0042638b6ab02034f008babdbb1d0659a7f00f7346585
1750866238099,2025-06-25T15:43:58.099000+00:00,SOL,B,143.27,349.0,Close Short,14.658,18.000442,0x6231c3918758d57e2bc0042638b6ab02034f008babdbb1d0659a7f00f7346585
1750866238099,2025-06-25T15:43:58.099000+00:00,SOL,B,143.27,7.73,Close Short,0.32466,0.398691,0x6231c3918758d57e2bc0042638b6ab02034f008babdbb1d0659a7f00f7346585
1750866238099,2025-06-25T15:43:58.099000+00:00,SOL,B,143.27,2.4,Close Short,0.1008,0.123785,0x6231c3918758d57e2bc0042638b6ab02034f008babdbb1d0659a7f00f7346585
1750866238099,2025-06-25T15:43:58.099000+00:00,SOL,B,143.27,2.4,Close Short,0.1008,0.123785,0x6231c3918758d57e2bc0042638b6ab02034f008babdbb1d0659a7f00f7346585
1750866238099,2025-06-25T15:43:58.099000+00:00,SOL,B,143.28,348.98,Close Short,11.16736,18.000667,0x6231c3918758d57e2bc0042638b6ab02034f008babdbb1d0659a7f00f7346585
1750866238099,2025-06-25T15:43:58.099000+00:00,SOL,B,143.28,15.48,Close Short,0.49536,0.79847,0x6231c3918758d57e2bc0042638b6ab02034f008babdbb1d0659a7f00f7346585
1750866238099,2025-06-25T15:43:58.099000+00:00,SOL,B,143.28,26.58,Close Short,0.85056,1.371017,0x6231c3918758d57e2bc0042638b6ab02034f008babdbb1d0659a7f00f7346585
1750866238099,2025-06-25T15:43:58.099000+00:00,SOL,B,143.28,42.56,Close Short,1.36192,2.195278,0x6231c3918758d57e2bc0042638b6ab02034f008babdbb1d0659a7f00f7346585
1750866238099,2025-06-25T15:43:58.099000+00:00,SOL,B,143.28,6.84,Close Short,0.21888,0.352812,0x6231c3918758d57e2bc0042638b6ab02034f008babdbb1d0659a7f00f7346585
1750866238099,2025-06-25T15:43:58.099000+00:00,SOL,B,143.28,10.12,Close Short,0.32384,0.521997,0x6231c3918758d57e2bc0042638b6ab02034f008babdbb1d0659a7f00f7346585
1750866238099,2025-06-25T15:43:58.099000+00:00,SOL,B,143.28,42.43,Close Short,1.35776,2.188573,0x6231c3918758d57e2bc0042638b6ab02034f008babdbb1d0659a7f00f7346585
1750866238099,2025-06-25T15:43:58.099000+00:00,SOL,B,143.28,111.59,Close Short,3.57088,5.755901,0x6231c3918758d57e2bc0042638b6ab02034f008babdbb1d0659a7f00f7346585
1750866238099,2025-06-25T15:43:58.099000+00:00,SOL,B,143.28,104.64,Close Short,3.34848,5.397414,0x6231c3918758d57e2bc0042638b6ab02034f008babdbb1d0659a7f00f7346585
1750866238099,2025-06-25T15:43:58.099000+00:00,SOL,B,143.28,349.03,Close Short,11.16896,18.003246,0x6231c3918758d57e2bc0042638b6ab02034f008babdbb1d0659a7f00f7346585
1750866238099,2025-06-25T15:43:58.099000+00:00,SOL,B,143.28,138.87,Close Short,4.44384,7.163025,0x6231c3918758d57e2bc0042638b6ab02034f008babdbb1d0659a7f00f7346585
1750866238099,2025-06-25T15:43:58.099000+00:00,SOL,B,143.28,40.24,Close Short,1.28768,2.075611,0x6231c3918758d57e2bc0042638b6ab02034f008babdbb1d0659a7f00f7346585
1750866238099,2025-06-25T15:43:58.099000+00:00,SOL,B,143.28,41.56,Close Short,1.32992,2.143698,0x6231c3918758d57e2bc0042638b6ab02034f008babdbb1d0659a7f00f7346585
1750866238099,2025-06-25T15:43:58.099000+00:00,SOL,B,143.28,126.54,Close Short,4.04928,6.527034,0x6231c3918758d57e2bc0042638b6ab02034f008babdbb1d0659a7f00f7346585
1750866238099,2025-06-25T15:43:58.099000+00:00,SOL,B,143.28,60.78,Close Short,1.94496,3.135081,0x6231c3918758d57e2bc0042638b6ab02034f008babdbb1d0659a7f00f7346585
1750866238099,2025-06-25T15:43:58.099000+00:00,SOL,B,143.28,14.61,Close Short,0.46752,0.753595,0x6231c3918758d57e2bc0042638b6ab02034f008babdbb1d0659a7f00f7346585
1750866238099,2025-06-25T15:43:58.099000+00:00,SOL,B,143.28,25.0,Close Short,0.8,1.28952,0x6231c3918758d57e2bc0042638b6ab02034f008babdbb1d0659a7f00f7346585
1750866238099,2025-06-25T15:43:58.099000+00:00,SOL,B,143.28,20.0,Close Short,0.64,1.031616,0x6231c3918758d57e2bc0042638b6ab02034f008babdbb1d0659a7f00f7346585
1750866238099,2025-06-25T15:43:58.099000+00:00,SOL,B,143.29,104.76,Close Short,2.30472,5.403981,0x6231c3918758d57e2bc0042638b6ab02034f008babdbb1d0659a7f00f7346585
1750866238099,2025-06-25T15:43:58.099000+00:00,SOL,B,143.29,698.4,Close Short,15.3648,36.026544,0x6231c3918758d57e2bc0042638b6ab02034f008babdbb1d0659a7f00f7346585
1750866238099,2025-06-25T15:43:58.099000+00:00,SOL,B,143.29,4.19,Close Short,0.09218,0.216138,0x6231c3918758d57e2bc0042638b6ab02034f008babdbb1d0659a7f00f7346585
1750866238099,2025-06-25T15:43:58.099000+00:00,SOL,B,143.29,179.51,Close Short,3.94922,9.259915,0x6231c3918758d57e2bc0042638b6ab02034f008babdbb1d0659a7f00f7346585
1750866238099,2025-06-25T15:43:58.099000+00:00,SOL,B,143.29,3.53,Close Short,0.07766,0.182092,0x6231c3918758d57e2bc0042638b6ab02034f008babdbb1d0659a7f00f7346585
1750866238099,2025-06-25T15:43:58.099000+00:00,SOL,B,143.29,39.0,Close Short,0.858,2.011791,0x6231c3918758d57e2bc0042638b6ab02034f008babdbb1d0659a7f00f7346585
1750866238099,2025-06-25T15:43:58.099000+00:00,SOL,B,143.29,90.55,Close Short,1.9921,4.670967,0x6231c3918758d57e2bc0042638b6ab02034f008babdbb1d0659a7f00f7346585
1750866238099,2025-06-25T15:43:58.099000+00:00,SOL,B,143.29,11.47,Close Short,0.25234,0.591673,0x6231c3918758d57e2bc0042638b6ab02034f008babdbb1d0659a7f00f7346585
1750866238099,2025-06-25T15:43:58.099000+00:00,SOL,B,143.29,26.54,Close Short,0.58388,1.369049,0x6231c3918758d57e2bc0042638b6ab02034f008babdbb1d0659a7f00f7346585
1750866238099,2025-06-25T15:43:58.099000+00:00,SOL,B,143.29,0.73,Close Short,0.01606,0.037656,0x6231c3918758d57e2bc0042638b6ab02034f008babdbb1d0659a7f00f7346585
1750866238099,2025-06-25T15:43:58.099000+00:00,SOL,B,143.29,69.76,Close Short,1.53472,3.598527,0x6231c3918758d57e2bc0042638b6ab02034f008babdbb1d0659a7f00f7346585
1750866238099,2025-06-25T15:43:58.099000+00:00,SOL,B,143.29,6.34,Close Short,0.13948,0.327045,0x6231c3918758d57e2bc0042638b6ab02034f008babdbb1d0659a7f00f7346585
1750870351749,2025-06-25T16:52:31.749000+00:00,BTC,A,106995.0,0.00011,Open Short,0.0,0.004237,0x35ff06fae7d60d5ab69b04263986080202b6002bd7bee706948ac14d80dadc92
1750870351749,2025-06-25T16:52:31.749000+00:00,BTC,A,106994.0,0.00011,Open Short,0.0,0.004236,0x35ff06fae7d60d5ab69b04263986080202b6002bd7bee706948ac14d80dadc92
1750870351749,2025-06-25T16:52:31.749000+00:00,BTC,A,106993.0,0.00467,Open Short,0.0,0.179876,0x35ff06fae7d60d5ab69b04263986080202b6002bd7bee706948ac14d80dadc92
1750870351749,2025-06-25T16:52:31.749000+00:00,BTC,A,106993.0,0.00011,Open Short,0.0,0.004236,0x35ff06fae7d60d5ab69b04263986080202b6002bd7bee706948ac14d80dadc92
1750870351749,2025-06-25T16:52:31.749000+00:00,BTC,A,106992.0,0.00011,Open Short,0.0,0.004236,0x35ff06fae7d60d5ab69b04263986080202b6002bd7bee706948ac14d80dadc92
1750870351749,2025-06-25T16:52:31.749000+00:00,BTC,A,106991.0,0.00011,Open Short,0.0,0.004236,0x35ff06fae7d60d5ab69b04263986080202b6002bd7bee706948ac14d80dadc92
1750870351749,2025-06-25T16:52:31.749000+00:00,BTC,A,106990.0,0.00467,Open Short,0.0,0.179871,0x35ff06fae7d60d5ab69b04263986080202b6002bd7bee706948ac14d80dadc92
1750870351749,2025-06-25T16:52:31.749000+00:00,BTC,A,106990.0,0.00011,Open Short,0.0,0.004236,0x35ff06fae7d60d5ab69b04263986080202b6002bd7bee706948ac14d80dadc92
1750870351749,2025-06-25T16:52:31.749000+00:00,BTC,A,106989.0,0.00011,Open Short,0.0,0.004236,0x35ff06fae7d60d5ab69b04263986080202b6002bd7bee706948ac14d80dadc92
1750870351749,2025-06-25T16:52:31.749000+00:00,BTC,A,106988.0,0.00011,Open Short,0.0,0.004236,0x35ff06fae7d60d5ab69b04263986080202b6002bd7bee706948ac14d80dadc92
1750870351749,2025-06-25T16:52:31.749000+00:00,BTC,A,106988.0,0.00015,Open Short,0.0,0.005777,0x35ff06fae7d60d5ab69b04263986080202b6002bd7bee706948ac14d80dadc92
1750870351749,2025-06-25T16:52:31.749000+00:00,BTC,A,106987.0,0.00011,Open Short,0.0,0.004236,0x35ff06fae7d60d5ab69b04263986080202b6002bd7bee706948ac14d80dadc92
1750870351749,2025-06-25T16:52:31.749000+00:00,BTC,A,106986.0,0.0001,Open Short,0.0,0.003851,0x35ff06fae7d60d5ab69b04263986080202b6002bd7bee706948ac14d80dadc92
1750870351749,2025-06-25T16:52:31.749000+00:00,BTC,A,106986.0,0.00467,Open Short,0.0,0.179864,0x35ff06fae7d60d5ab69b04263986080202b6002bd7bee706948ac14d80dadc92
1750870351749,2025-06-25T16:52:31.749000+00:00,BTC,A,106986.0,0.00011,Open Short,0.0,0.004236,0x35ff06fae7d60d5ab69b04263986080202b6002bd7bee706948ac14d80dadc92
1750870351749,2025-06-25T16:52:31.749000+00:00,BTC,A,106986.0,0.00322,Open Short,0.0,0.124018,0x35ff06fae7d60d5ab69b04263986080202b6002bd7bee706948ac14d80dadc92
1750870351749,2025-06-25T16:52:31.749000+00:00,BTC,A,106985.0,0.00011,Open Short,0.0,0.004236,0x35ff06fae7d60d5ab69b04263986080202b6002bd7bee706948ac14d80dadc92
1750870351749,2025-06-25T16:52:31.749000+00:00,BTC,A,106984.0,0.00011,Open Short,0.0,0.004236,0x35ff06fae7d60d5ab69b04263986080202b6002bd7bee706948ac14d80dadc92
1750870351749,2025-06-25T16:52:31.749000+00:00,BTC,A,106983.0,0.00011,Open Short,0.0,0.004236,0x35ff06fae7d60d5ab69b04263986080202b6002bd7bee706948ac14d80dadc92
1750870351749,2025-06-25T16:52:31.749000+00:00,BTC,A,106983.0,0.09347,Open Short,0.0,3.599892,0x35ff06fae7d60d5ab69b04263986080202b6002bd7bee706948ac14d80dadc92
1750870351749,2025-06-25T16:52:31.749000+00:00,BTC,A,106983.0,0.00374,Open Short,0.0,0.144041,0x35ff06fae7d60d5ab69b04263986080202b6002bd7bee706948ac14d80dadc92
1750870351749,2025-06-25T16:52:31.749000+00:00,BTC,A,106983.0,0.00322,Open Short,0.0,0.124014,0x35ff06fae7d60d5ab69b04263986080202b6002bd7bee706948ac14d80dadc92
1750870351749,2025-06-25T16:52:31.749000+00:00,BTC,A,106982.0,0.00011,Open Short,0.0,0.004236,0x35ff06fae7d60d5ab69b04263986080202b6002bd7bee706948ac14d80dadc92
1750870351749,2025-06-25T16:52:31.749000+00:00,BTC,A,106982.0,0.00279,Open Short,0.0,0.107452,0x35ff06fae7d60d5ab69b04263986080202b6002bd7bee706948ac14d80dadc92
1750870351749,2025-06-25T16:52:31.749000+00:00,BTC,A,106981.0,0.00011,Open Short,0.0,0.004236,0x35ff06fae7d60d5ab69b04263986080202b6002bd7bee706948ac14d80dadc92
1750870351749,2025-06-25T16:52:31.749000+00:00,BTC,A,106981.0,0.08782,Open Short,0.0,3.382225,0x35ff06fae7d60d5ab69b04263986080202b6002bd7bee706948ac14d80dadc92
1750870351749,2025-06-25T16:52:31.749000+00:00,BTC,A,106980.0,0.00467,Open Short,0.0,0.179854,0x35ff06fae7d60d5ab69b04263986080202b6002bd7bee706948ac14d80dadc92
1750870351749,2025-06-25T16:52:31.749000+00:00,BTC,A,106980.0,0.043,Open Short,0.0,1.65605,0x35ff06fae7d60d5ab69b04263986080202b6002bd7bee706948ac14d80dadc92
1750870351749,2025-06-25T16:52:31.749000+00:00,BTC,A,106980.0,0.00011,Open Short,0.0,0.004236,0x35ff06fae7d60d5ab69b04263986080202b6002bd7bee706948ac14d80dadc92
1750870351749,2025-06-25T16:52:31.749000+00:00,BTC,A,106980.0,0.22064,Open Short,0.0,8.497464,0x35ff06fae7d60d5ab69b04263986080202b6002bd7bee706948ac14d80dadc92
1750870351749,2025-06-25T16:52:31.749000+00:00,BTC,A,106980.0,0.02123,Open Short,0.0,0.817626,0x35ff06fae7d60d5ab69b04263986080202b6002bd7bee706948ac14d80dadc92
1750870351749,2025-06-25T16:52:31.749000+00:00,BTC,A,106980.0,0.03737,Open Short,0.0,1.439223,0x35ff06fae7d60d5ab69b04263986080202b6002bd7bee706948ac14d80dadc92
1750870351749,2025-06-25T16:52:31.749000+00:00,BTC,A,106979.0,0.09347,Open Short,0.0,3.599757,0x35ff06fae7d60d5ab69b04263986080202b6002bd7bee706948ac14d80dadc92
1750870351749,2025-06-25T16:52:31.749000+00:00,BTC,A,106979.0,0.00011,Open Short,0.0,0.004236,0x35ff06fae7d60d5ab69b04263986080202b6002bd7bee706948ac14d80dadc92
1750870351749,2025-06-25T16:52:31.749000+00:00,BTC,A,106979.0,0.09342,Open Short,0.0,3.597832,0x35ff06fae7d60d5ab69b04263986080202b6002bd7bee706948ac14d80dadc92
