time,datetime,coin,side,px,sz,dir,closedPnl,fee,hash
1773244737312,2026-03-11T15:58:57.312000+00:00,ETH,A,2049.3,0.2439,Open Short,0.0,0.215924,0x4e2d221558b075b44fa60436dd851902035e00faf3b39486f1f5cd6817b44f9e
1773244741449,2026-03-11T15:59:01.449000+00:00,ETH,A,2049.3,0.2439,Open Short,0.0,0.215924,0xb82f63e6438579d3b9a90436dd85460205f200cbde8898a55bf80f39028953be
1773245483760,2026-03-11T16:11:23.760000+00:00,ETH,A,2054.3,0.4967,Open Short,0.0,0.4408,0xda0f488082194663db890436dda84402014d00661d1c65357dd7f3d3411d204e
1773245503974,2026-03-11T16:11:43.974000+00:00,ETH,A,2052.0,0.006,Open Short,0.0,0.005318,0xe0351a907ebeab4fe1ae0436dda955020692007619b1ca2183fdc5e33db2853a
1773245503974,2026-03-11T16:11:43.974000+00:00,ETH,A,2052.0,0.491,Open Short,0.0,0.435253,0xe0351a907ebeab4fe1ae0436dda955020692007619b1ca2183fdc5e33db2853a
1773245514193,2026-03-11T16:11:54.193000+00:00,ETH,A,2052.3,0.4971,Open Short,0.0,0.440725,0xfa32e7209a92319efbac0436dda9dc02021d0006359550719dfb927359960b89
1773245550197,2026-03-11T16:12:30.197000+00:00,ETH,B,2048.6,1.9786,Close Short,6.687668,1.751051,0x1b02cffcd8ac2d2d1c7c0436ddab9902083500e273af4bffbecb7b4f97a00717
1773245608486,2026-03-11T16:13:28.486000+00:00,xyz:CL,B,87.185,11.248,Open Long,0.0,0.084728,0x3f2610f657845975409f0436ddae8202020600dbf2877847e2eebc491688335f
1773245612223,2026-03-11T16:13:32.223000+00:00,xyz:CL,B,87.14,11.249,Open Long,0.0,0.084692,0x7e5b423ae53946107fd40436ddaeb60204950020803c64e22223ed8da43d1ffb
1773245740655,2026-03-11T16:15:40.655000+00:00,xyz:CL,B,86.9,11.288,Open Long,0.0,0.084752,0x56782c9db4bb450557f10436ddb4e40204e700834fbe63d7fa40d7f073bf1eef
1773245781356,2026-03-11T16:16:21.356000+00:00,BTC,A,70335.0,0.0145,Open Short,0.0,0.440578,0x89e08311605d8c6b8b5a0436ddb6ec02058900f6fb50ab3d2da92e641f516656
1773245781757,2026-03-11T16:16:21.757000+00:00,BTC,A,70335.0,0.0145,Open Short,0.0,0.440578,0x4fb6646a3a4b43fc51300436ddb6f0020a6c004fd54e62cef37f0fbcf94f1de6
1773245782584,2026-03-11T16:16:22.584000+00:00,BTC,A,70335.0,0.0145,Open Short,0.0,0.440578,0xd00bacec899f0b5ad1850436ddb6fd020b2800d224922a2c73d4583f4892e545
1773245989178,2026-03-11T16:19:49.178000+00:00,xyz:CL,A,86.992,33.785,Close Long,-2.77037,0.253931,0x8704649c46a6b9e7887e0436ddc0b20204d80081e1a9d8b92acd0fef05aa93d2
1773246102859,2026-03-11T16:21:42.859000+00:00,BTC,A,70292.0,0.01451,Open Short,0.0,0.440612,0xaab9dd0b76fa8681ac330436ddc6260206e100f111fda5534e82885e35fe606c
1773246104157,2026-03-11T16:21:44.157000+00:00,BTC,A,70292.0,0.01451,Open Short,0.0,0.440612,0xb4d004f53f37f1e3b6490436ddc6360205b500dada3b10b55898b047fe3bcbce
1773246138504,2026-03-11T16:22:18.504000+00:00,ETH,A,2053.1,0.4969,Open Short,0.0,0.44072,0x1237fb2e3902ccf013b10436ddc7dc02039c0013d405ebc2b600a680f806a6da
1773246154293,2026-03-11T16:22:34.293000+00:00,ETH,A,2052.7,0.497,Open Short,0.0,0.440722,0x20ac1abff2f4351722250436ddc88402044b00a58df753e9c474c612b1f80f01
1773246202717,2026-03-11T16:23:22.717000+00:00,BTC,B,70431.0,0.00072,Close Short,-0.081576,0.021906,0x17a1622e48616a2b191b0436ddcaef0209630013e36488fdbb6a0d8107654415
1773246206160,2026-03-11T16:23:26.160000+00:00,BTC,B,70401.0,0.0007,Close Short,-0.05831,0.021289,0x72bce52b0e4d206974360436ddcb140205f80010a9403f3b1685907dcd40fa54
1773246214358,2026-03-11T16:23:34.358000+00:00,BTC,B,70388.0,0.00072,Close Short,-0.050616,0.021893,0x4d7fee1b1cd0cd614ef90436ddcb7602045f0000b7d3ec33f148996ddbd4a74b
1773246218076,2026-03-11T16:23:38.076000+00:00,BTC,B,70381.0,0.0007,Close Short,-0.04431,0.021283,0x7322e00da8bf70aa749c0436ddcb9c02128f00f343b28f7c16eb8b6067b34a95
1773246227708,2026-03-11T16:23:47.708000+00:00,ETH,A,2055.8,0.4963,Open Short,0.0,0.440766,0x4f85d9c68c837e0d50ff0436ddcc150204b700ac27869cdff34e85194b8757f7
1773246236515,2026-03-11T16:23:56.515000+00:00,ETH,A,2054.6,0.4964,Open Short,0.0,0.440598,0xa57079bdb8571a5aa6ea0436ddcc6b02054e00a3535a392c49392510775af445
1773246236884,2026-03-11T16:23:56.884000+00:00,ETH,A,2054.6,0.4965,Open Short,0.0,0.440687,0xfa7eeffdf8aee3fefbf80436ddcc6e02094c00e393a202d19e479b50b7a2bde9
1773247504333,2026-03-11T16:45:04.333000+00:00,ETH,B,2067.1,1.5336,Close Short,-19.86012,1.369485,0xf7204aed4219625df89a0436de08300210b100d2dd1c81309ae8f640011d3c48
1773247504333,2026-03-11T16:45:04.333000+00:00,ETH,B,2067.1,0.0694,Close Short,-0.89873,0.061973,0xf7204aed4219625df89a0436de08300210b100d2dd1c81309ae8f640011d3c48
1773247504333,2026-03-11T16:45:04.333000+00:00,ETH,B,2067.1,0.5517,Close Short,-7.144515,0.492661,0xf7204aed4219625df89a0436de08300210b100d2dd1c81309ae8f640011d3c48
1773247504333,2026-03-11T16:45:04.333000+00:00,ETH,B,2067.1,0.0694,Close Short,-0.89873,0.061973,0xf7204aed4219625df89a0436de08300210b100d2dd1c81309ae8f640011d3c48
1773247504333,2026-03-11T16:45:04.333000+00:00,ETH,B,2067.1,0.259,Close Short,-3.35405,0.231283,0xf7204aed4219625df89a0436de08300210b100d2dd1c81309ae8f640011d3c48
1773247504553,2026-03-11T16:45:04.553000+00:00,BTC,B,70704.0,0.06968,Close Short,-26.917384,2.128314,0xbb0440fc7967c4ccbc7d0436de083302059f00e2146ae39e5eccec4f386b9eb7
1773247519118,2026-03-11T16:45:19.118000+00:00,HYPE,A,36.238,28.15,Open Short,0.0,0.440683,0x7e9923cc3df8388580120436de08f20209d500b1d8fb57572261cf1efcfc1270
1773247520130,2026-03-11T16:45:20.130000+00:00,HYPE,A,36.241,28.15,Open Short,0.0,0.440719,0x74e71e72b2c04cb176600436de08ff0206a900584dc36b8318afc9c571c4269c
1773247521165,2026-03-11T16:45:21.165000+00:00,HYPE,A,36.243,5.51,Open Short,0.0,0.086269,0x95454a20afb2140196bf0436de090d020b8a00064ab532d3390df5736eb5edec
1773247521165,2026-03-11T16:45:21.165000+00:00,HYPE,A,36.242,22.64,Open Short,0.0,0.354464,0x95454a20afb2140196bf0436de090d020b8a00064ab532d3390df5736eb5edec
1773247522026,2026-03-11T16:45:22.026000+00:00,HYPE,A,36.227,1.49,Open Short,0.0,0.023318,0x4fc4d313f48395f6513e0436de091602047200f98f86b4c8f38d7e66b3876fe0
1773247522026,2026-03-11T16:45:22.026000+00:00,HYPE,A,36.226,0.33,Open Short,0.0,0.005164,0x4fc4d313f48395f6513e0436de091602047200f98f86b4c8f38d7e66b3876fe0
1773247522026,2026-03-11T16:45:22.026000+00:00,HYPE,A,36.225,11.0,Open Short,0.0,0.172141,0x4fc4d313f48395f6513e0436de091602047200f98f86b4c8f38d7e66b3876fe0
1773247522026,2026-03-11T16:45:22.026000+00:00,HYPE,A,36.225,10.15,Open Short,0.0,0.158839,0x4fc4d313f48395f6513e0436de091602047200f98f86b4c8f38d7e66b3876fe0
1773247522026,2026-03-11T16:45:22.026000+00:00,HYPE,A,36.224,5.18,Open Short,0.0,0.08106,0x4fc4d313f48395f6513e0436de091602047200f98f86b4c8f38d7e66b3876fe0
1773247523373,2026-03-11T16:45:23.373000+00:00,HYPE,A,36.226,11.08,Open Short,0.0,0.173397,0x657a6793e678e6ca66f40436de092902044a0079817c059c094312e6a57cc0b5
1773247523373,2026-03-11T16:45:23.373000+00:00,HYPE,A,36.225,10.09,Open Short,0.0,0.1579,0x657a6793e678e6ca66f40436de092902044a0079817c059c094312e6a57cc0b5
1773247523373,2026-03-11T16:45:23.373000+00:00,HYPE,A,36.224,6.98,Open Short,0.0,0.109228,0x657a6793e678e6ca66f40436de092902044a0079817c059c094312e6a57cc0b5
1773247524831,2026-03-11T16:45:24.831000+00:00,HYPE,A,36.224,8.0,Open Short,0.0,0.12519,0xd248a27f63255db3d3c20436de093f02085f0064fe287c8576114dd22229379e
1773247524831,2026-03-11T16:45:24.831000+00:00,HYPE,A,36.223,14.08,Open Short,0.0,0.220328,0xd248a27f63255db3d3c20436de093f02085f0064fe287c8576114dd22229379e
1773247524831,2026-03-11T16:45:24.831000+00:00,HYPE,A,36.223,6.08,Open Short,0.0,0.095141,0xd248a27f63255db3d3c20436de093f02085f0064fe287c8576114dd22229379e
1773247527153,2026-03-11T16:45:27.153000+00:00,HYPE,A,36.224,0.35,Open Short,0.0,0.005477,0xf097b497a3361699f2110436de095c0203b7007d3e39356c94605fea6239f084
1773247527153,2026-03-11T16:45:27.153000+00:00,HYPE,A,36.224,4.78,Open Short,0.0,0.074801,0xf097b497a3361699f2110436de095c0203b7007d3e39356c94605fea6239f084
1773247527153,2026-03-11T16:45:27.153000+00:00,HYPE,A,36.223,23.03,Open Short,0.0,0.360381,0xf097b497a3361699f2110436de095c0203b7007d3e39356c94605fea6239f084
1773247527273,2026-03-11T16:45:27.273000+00:00,HYPE,A,36.223,17.59,Open Short,0.0,0.275254,0xa662a4d45aa66bf8a7dc0436de095d02098100b9f5a98aca4a2b502719aa45e3
1773247527273,2026-03-11T16:45:27.273000+00:00,HYPE,A,36.222,0.49,Open Short,0.0,0.007667,0xa662a4d45aa66bf8a7dc0436de095d02098100b9f5a98aca4a2b502719aa45e3
1773247527273,2026-03-11T16:45:27.273000+00:00,HYPE,A,36.222,10.08,Open Short,0.0,0.15773,0xa662a4d45aa66bf8a7dc0436de095d02098100b9f5a98aca4a2b502719aa45e3
1773247533326,2026-03-11T16:45:33.326000+00:00,HYPE,A,36.235,28.17,Open Short,0.0,0.440959,0x517730205a1a099c52f00436de099b0203da0005f51d286ef53fdb73191de386
1773247533732,2026-03-11T16:45:33.732000+00:00,HYPE,A,36.235,28.17,Open Short,0.0,0.440959,0xef2f52e28c4b2bc6f0a90436de099f0204e100c8274e4a9892f7fe354b4f05b1
1773247539088,2026-03-11T16:45:39.088000+00:00,HYPE,A,36.224,28.15,Open Short,0.0,0.440512,0x3e785843fa8ff8553ff20436de09dd020baf002995831727e2410396b983d23f
1773247739652,2026-03-11T16:48:59.652000+00:00,HYPE,A,36.326,10.16,Open Short,0.0,0.159439,0xf49e5064c7ec1a95f6180436de1346020228004a62ef39689866fbb786eff480
1773247739652,2026-03-11T16:48:59.652000+00:00,HYPE,A,36.326,10.34,Open Short,0.0,0.162263,0xf49e5064c7ec1a95f6180436de1346020228004a62ef39689866fbb786eff480
1773247739652,2026-03-11T16:48:59.652000+00:00,HYPE,A,36.315,7.58,Open Short,0.0,0.118915,0xf49e5064c7ec1a95f6180436de1346020228004a62ef39689866fbb786eff480
1773247740162,2026-03-11T16:49:00.162000+00:00,HYPE,A,36.334,28.08,Open Short,0.0,0.440751,0xc699fa6464b6148ec8130436de134b0203a40049ffb933606a62a5b723b9ee79
1773247741178,2026-03-11T16:49:01.178000+00:00,HYPE,A,36.345,28.08,Open Short,0.0,0.440885,0x63acfb5c2bf3110c65260436de13560208c10041c6f62fde0775a6aeeaf6eaf7
1773247742214,2026-03-11T16:49:02.214000+00:00,HYPE,A,36.344,2.92,Open Short,0.0,0.045845,0x87d035eb9e2f044e89490436de136002032a00d1392223202b98e13e5d22de39
1773247742214,2026-03-11T16:49:02.214000+00:00,HYPE,A,36.344,2.92,Open Short,0.0,0.045845,0x87d035eb9e2f044e89490436de136002032a00d1392223202b98e13e5d22de39
1773247742214,2026-03-11T16:49:02.214000+00:00,HYPE,A,36.343,2.92,Open Short,0.0,0.045844,0x87d035eb9e2f044e89490436de136002032a00d1392223202b98e13e5d22de39
1773247742214,2026-03-11T16:49:02.214000+00:00,HYPE,A,36.343,2.92,Open Short,0.0,0.045844,0x87d035eb9e2f044e89490436de136002032a00d1392223202b98e13e5d22de39
1773247742214,2026-03-11T16:49:02.214000+00:00,HYPE,A,36.342,2.92,Open Short,0.0,0.045843,0x87d035eb9e2f044e89490436de136002032a00d1392223202b98e13e5d22de39
1773247742214,2026-03-11T16:49:02.214000+00:00,HYPE,A,36.339,13.48,Open Short,0.0,0.211615,0x87d035eb9e2f044e89490436de136002032a00d1392223202b98e13e5d22de39
1773250483379,2026-03-11T17:34:43.379000+00:00,HYPE,A,36.443,27.98,Open Short,0.0,0.440499,0xf49bacfaf756e5e1f6150436de96080203ed00e0925a04b49864584db65abfcc
1773250484594,2026-03-11T17:34:44.594000+00:00,HYPE,A,36.433,10.12,Open Short,0.0,0.159279,0xadcef58e407fb698af480436de96140207130073db72d56a5197a0e0ff739083
1773250484594,2026-03-11T17:34:44.594000+00:00,HYPE,A,36.432,10.57,Open Short,0.0,0.166357,0xadcef58e407fb698af480436de96140207130073db72d56a5197a0e0ff739083
1773250484594,2026-03-11T17:34:44.594000+00:00,HYPE,A,36.431,0.8,Open Short,0.0,0.01259,0xadcef58e407fb698af480436de96140207130073db72d56a5197a0e0ff739083
1773250484594,2026-03-11T17:34:44.594000+00:00,HYPE,A,36.428,5.0,Open Short,0.0,0.078684,0xadcef58e407fb698af480436de96140207130073db72d56a5197a0e0ff739083
1773250484594,2026-03-11T17:34:44.594000+00:00,HYPE,A,36.425,1.49,Open Short,0.0,0.023446,0xadcef58e407fb698af480436de96140207130073db72d56a5197a0e0ff739083
1773250486203,2026-03-11T17:34:46.203000+00:00,HYPE,A,36.432,27.44,Open Short,0.0,0.431867,0x365d92aeec7a324337d70436de96240203830094877d5115da263e01ab7e0c2d
1773250486203,2026-03-11T17:34:46.203000+00:00,HYPE,A,36.431,0.54,Open Short,0.0,0.008498,0x365d92aeec7a324337d70436de96240203830094877d5115da263e01ab7e0c2d
1773250487016,2026-03-11T17:34:47.016000+00:00,HYPE,A,36.443,28.0,Open Short,0.0,0.440814,0x80154b2c29536fd6818f0436de962c0204590011c4568ea823ddf67ee85749c1
1773250493498,2026-03-11T17:34:53.498000+00:00,HYPE,A,36.436,9.59,Open Short,0.0,0.150949,0x594e67d645cf79805ac80436de966b02073d00bbe0c29852fd17132904c3536a
1773250493498,2026-03-11T17:34:53.498000+00:00,HYPE,A,36.43,5.48,Open Short,0.0,0.086242,0x594e67d645cf79805ac80436de966b02073d00bbe0c29852fd17132904c3536a
1773250493498,2026-03-11T17:34:53.498000+00:00,HYPE,A,36.429,5.0,Open Short,0.0,0.078686,0x594e67d645cf79805ac80436de966b02073d00bbe0c29852fd17132904c3536a
1773250493498,2026-03-11T17:34:53.498000+00:00,HYPE,A,36.425,7.93,Open Short,0.0,0.124783,0x594e67d645cf79805ac80436de966b02073d00bbe0c29852fd17132904c3536a
1773250587115,2026-03-11T17:36:27.115000+00:00,ETH,A,2067.8,0.493,Open Short,0.0,0.440391,0x7d2f8b43be47658e7ea90436de9b12020c820029594a846020f836967d4b3f79
1773250590007,2026-03-11T17:36:30.007000+00:00,ETH,A,2067.3,0.4934,Open Short,0.0,0.440642,0x74276dfdc48dcdb475a10436de9b3902198300e35f80ec8617f019508381a79f
1773250591627,2026-03-11T17:36:31.627000+00:00,ETH,A,2067.8,0.4935,Open Short,0.0,0.440838,0x00ac2ce27165022602250436de9b4e020a5800c80c6820f8a474d8353068dc10
1773250592796,2026-03-11T17:36:32.796000+00:00,ETH,A,2068.5,0.4935,Open Short,0.0,0.440987,0x573089086308296458aa0436de9b5b02078100edfe0b4836faf9345b220c034e
1773250594668,2026-03-11T17:36:34.668000+00:00,ETH,A,2068.2,0.06,Open Short,0.0,0.053607,0x0a0793dc59e7e1330b810436de9b71020c3100c1f4eb0005add03f2f18ebbb1d
1773250594668,2026-03-11T17:36:34.668000+00:00,ETH,A,2068.2,0.4332,Open Short,0.0,0.387047,0x0a0793dc59e7e1330b810436de9b71020c3100c1f4eb0005add03f2f18ebbb1d
1773250749126,2026-03-11T17:39:09.126000+00:00,ETH,B,2061.9,0.01,Close Short,0.0602,0.008907,0x88872e55b4a4454a8a000436dea2f5020629003b4fa7641c2c4fd9a873a81f35
1773250749126,2026-03-11T17:39:09.126000+00:00,ETH,B,2061.9,0.01,Close Short,0.0602,0.008907,0x88872e55b4a4454a8a000436dea2f5020629003b4fa7641c2c4fd9a873a81f35
1773250749126,2026-03-11T17:39:09.126000+00:00,ETH,B,2061.9,0.01,Close Short,0.0602,0.008907,0x88872e55b4a4454a8a000436dea2f5020629003b4fa7641c2c4fd9a873a81f35
1773250749126,2026-03-11T17:39:09.126000+00:00,ETH,B,2061.9,0.01,Close Short,0.0602,0.008907,0x88872e55b4a4454a8a000436dea2f5020629003b4fa7641c2c4fd9a873a81f35
1773250749126,2026-03-11T17:39:09.126000+00:00,ETH,B,2061.9,0.01,Close Short,0.0602,0.008907,0x88872e55b4a4454a8a000436dea2f5020629003b4fa7641c2c4fd9a873a81f35
1773250749126,2026-03-11T17:39:09.126000+00:00,ETH,B,2061.9,0.01,Close Short,0.0602,0.008907,0x88872e55b4a4454a8a000436dea2f5020629003b4fa7641c2c4fd9a873a81f35
1773250749126,2026-03-11T17:39:09.126000+00:00,ETH,B,2061.9,0.01,Close Short,0.0602,0.008907,0x88872e55b4a4454a8a000436dea2f5020629003b4fa7641c2c4fd9a873a81f35
1773250749126,2026-03-11T17:39:09.126000+00:00,ETH,B,2062.2,0.01,Close Short,0.0572,0.008908,0x88872e55b4a4454a8a000436dea2f5020629003b4fa7641c2c4fd9a873a81f35
1773250749126,2026-03-11T17:39:09.126000+00:00,ETH,B,2062.2,2.3866,Close Short,13.651352,2.126151,0x88872e55b4a4454a8a000436dea2f5020629003b4fa7641c2c4fd9a873a81f35
1773252075021,2026-03-11T18:01:15.021000+00:00,HYPE,A,36.077,13.97,Open Short,0.0,0.217726,0x51433ea55503917c52bc0436dee07c02083c008af006b04ef50be9f814076b66
1773252075021,2026-03-11T18:01:15.021000+00:00,HYPE,A,36.077,13.97,Open Short,0.0,0.217726,0x51433ea55503917c52bc0436dee07c02083c008af006b04ef50be9f814076b66
1773252075021,2026-03-11T18:01:15.021000+00:00,HYPE,A,36.077,0.34,Open Short,0.0,0.005298,0x51433ea55503917c52bc0436dee07c02083c008af006b04ef50be9f814076b66
1773252075367,2026-03-11T18:01:15.367000+00:00,HYPE,A,36.077,13.63,Open Short,0.0,0.212427,0x1a977cd7a3c281821c110436dee07f0202b900bd3ec5a054be60282a62c65b6c
1773252075367,2026-03-11T18:01:15.367000+00:00,HYPE,A,36.077,14.19,Open Short,0.0,0.221154,0x1a977cd7a3c281821c110436dee07f0202b900bd3ec5a054be60282a62c65b6c
1773252075367,2026-03-11T18:01:15.367000+00:00,HYPE,A,36.077,0.46,Open Short,0.0,0.007169,0x1a977cd7a3c281821c110436dee07f0202b900bd3ec5a054be60282a62c65b6c
1773252075625,2026-03-11T18:01:15.625000+00:00,HYPE,A,36.077,13.73,Open Short,0.0,0.213985,0x510cdcfae8acfc3952860436dee0820208e800e083a01b0bf4d5884da7a0d623
1773252075625,2026-03-11T18:01:15.625000+00:00,HYPE,A,36.077,14.19,Open Short,0.0,0.221154,0x510cdcfae8acfc3952860436dee0820208e800e083a01b0bf4d5884da7a0d623
1773252075625,2026-03-11T18:01:15.625000+00:00,HYPE,A,36.077,0.36,Open Short,0.0,0.00561,0x510cdcfae8acfc3952860436dee0820208e800e083a01b0bf4d5884da7a0d623
1773252076242,2026-03-11T18:01:16.242000+00:00,HYPE,A,36.081,13.88,Open Short,0.0,0.216347,0x53f624d3e7b588ed556f0436dee08b02091400b982b8a7bff7bed026a6b962d7
1773252076242,2026-03-11T18:01:16.242000+00:00,HYPE,A,36.081,13.88,Open Short,0.0,0.216347,0x53f624d3e7b588ed556f0436dee08b02091400b982b8a7bff7bed026a6b962d7
1773252076242,2026-03-11T18:01:16.242000+00:00,HYPE,A,36.081,0.52,Open Short,0.0,0.008105,0x53f624d3e7b588ed556f0436dee08b02091400b982b8a7bff7bed026a6b962d7
1773252076638,2026-03-11T18:01:16.638000+00:00,HYPE,A,36.093,27.7,Open Short,0.0,0.431903,0x4baec036bba3c0994d280436dee0900204d2001c56a6df6bef776b897aa79a83
1773252076638,2026-03-11T18:01:16.638000+00:00,HYPE,A,36.092,0.58,Open Short,0.0,0.009043,0x4baec036bba3c0994d280436dee0900204d2001c56a6df6bef776b897aa79a83
1773252077367,2026-03-11T18:01:17.367000+00:00,HYPE,A,36.093,13.97,Open Short,0.0,0.217822,0x41ec05222e17201643650436dee09a0209df0007c91a3ee8e5b4b074ed1afa00
1773252077367,2026-03-11T18:01:17.367000+00:00,HYPE,A,36.093,13.97,Open Short,0.0,0.217822,0x41ec05222e17201643650436dee09a0209df0007c91a3ee8e5b4b074ed1afa00
1773252077367,2026-03-11T18:01:17.367000+00:00,HYPE,A,36.093,0.34,Open Short,0.0,0.005301,0x41ec05222e17201643650436dee09a0209df0007c91a3ee8e5b4b074ed1afa00
1773252077595,2026-03-11T18:01:17.595000+00:00,HYPE,A,36.089,2.81,Open Short,0.0,0.043809,0xb17f74bc73d46413b2f90436dee09d02054c00a20ed782e55548200f32d83dfe
1773252077595,2026-03-11T18:01:17.595000+00:00,HYPE,A,36.088,15.25,Open Short,0.0,0.237747,0xb17f74bc73d46413b2f90436dee09d02054c00a20ed782e55548200f32d83dfe
1773252077595,2026-03-11T18:01:17.595000+00:00,HYPE,A,36.088,8.72,Open Short,0.0,0.135944,0xb17f74bc73d46413b2f90436dee09d02054c00a20ed782e55548200f32d83dfe
1773252077595,2026-03-11T18:01:17.595000+00:00,HYPE,A,36.087,1.49,Open Short,0.0,0.023228,0xb17f74bc73d46413b2f90436dee09d02054c00a20ed782e55548200f32d83dfe
1773252078053,2026-03-11T18:01:18.053000+00:00,HYPE,A,36.087,28.27,Open Short,0.0,0.440717,0x829d9e7c13833d3884170436dee0a4020d9c0061ae865c0a266649ced2871723
1773252078640,2026-03-11T18:01:18.640000+00:00,HYPE,A,36.089,4.88,Open Short,0.0,0.076081,0x2af0adcaefa8184c2c6a0436dee0ab02024b00b08aab371eceb9591daeabf236
1773252078640,2026-03-11T18:01:18.640000+00:00,HYPE,A,36.087,23.39,Open Short,0.0,0.36464,0x2af0adcaefa8184c2c6a0436dee0ab02024b00b08aab371eceb9591daeabf236
1773252079030,2026-03-11T18:01:19.030000+00:00,HYPE,A,36.09,8.0,Open Short,0.0,0.124727,0xe58eb8e467527ea9e7080436dee0af02016a00ca02559d7b8957643726565894
1773252079030,2026-03-11T18:01:19.030000+00:00,HYPE,A,36.087,2.07,Open Short,0.0,0.03227,0xe58eb8e467527ea9e7080436dee0af02016a00ca02559d7b8957643726565894
1773252079030,2026-03-11T18:01:19.030000+00:00,HYPE,A,36.086,13.85,Open Short,0.0,0.215909,0xe58eb8e467527ea9e7080436dee0af02016a00ca02559d7b8957643726565894
1773252079030,2026-03-11T18:01:19.030000+00:00,HYPE,A,36.084,4.35,Open Short,0.0,0.067809,0xe58eb8e467527ea9e7080436dee0af02016a00ca02559d7b8957643726565894
1773252084034,2026-03-11T18:01:24.034000+00:00,HYPE,A,36.084,1.05,Open Short,0.0,0.016367,0xfe19af4f6a73771fff930436dee0e202042d0035057695f2a1e25aa22977510a
1773252084034,2026-03-11T18:01:24.034000+00:00,HYPE,A,36.084,8.14,Open Short,0.0,0.126888,0xfe19af4f6a73771fff930436dee0e202042d0035057695f2a1e25aa22977510a
1773252084034,2026-03-11T18:01:24.034000+00:00,HYPE,A,36.084,19.08,Open Short,0.0,0.297424,0xfe19af4f6a73771fff930436dee0e202042d0035057695f2a1e25aa22977510a
1773252999109,2026-03-11T18:16:39.109000+00:00,HYPE,B,36.015,32.7,Close Short,6.86373,0.508762,0xc2622ccc946b891bc3db0436df0bbe0205d800b22f6ea7ed662ad81f536f6306
1773252999109,2026-03-11T18:16:39.109000+00:00,HYPE,B,36.017,8.78,Close Short,1.825362,0.136611,0xc2622ccc946b891bc3db0436df0bbe0205d800b22f6ea7ed662ad81f536f6306
1773252999109,2026-03-11T18:16:39.109000+00:00,HYPE,B,36.017,0.37,Close Short,0.076923,0.005756,0xc2622ccc946b891bc3db0436df0bbe0205d800b22f6ea7ed662ad81f536f6306
1773252999109,2026-03-11T18:16:39.109000+00:00,HYPE,B,36.019,40.0,Close Short,8.236,0.622408,0xc2622ccc946b891bc3db0436df0bbe0205d800b22f6ea7ed662ad81f536f6306
1773252999109,2026-03-11T18:16:39.109000+00:00,HYPE,B,36.019,30.98,Close Short,6.378782,0.482055,0xc2622ccc946b891bc3db0436df0bbe0205d800b22f6ea7ed662ad81f536f6306
1773252999109,2026-03-11T18:16:39.109000+00:00,HYPE,B,36.02,89.09,Close Short,18.254541,1.386297,0xc2622ccc946b891bc3db0436df0bbe0205d800b22f6ea7ed662ad81f536f6306
1773252999109,2026-03-11T18:16:39.109000+00:00,HYPE,B,36.02,43.1,Close Short,8.83119,0.670663,0xc2622ccc946b891bc3db0436df0bbe0205d800b22f6ea7ed662ad81f536f6306
1773252999109,2026-03-11T18:16:39.109000+00:00,HYPE,B,36.02,49.41,Close Short,10.124109,0.768851,0xc2622ccc946b891bc3db0436df0bbe0205d800b22f6ea7ed662ad81f536f6306
1773252999109,2026-03-11T18:16:39.109000+00:00,HYPE,B,36.021,384.26,Close Short,78.350614,5.979497,0xc2622ccc946b891bc3db0436df0bbe0205d800b22f6ea7ed662ad81f536f6306
1773252999109,2026-03-11T18:16:39.109000+00:00,HYPE,B,36.021,194.32,Close Short,39.621848,3.023827,0xc2622ccc946b891bc3db0436df0bbe0205d800b22f6ea7ed662ad81f536f6306
1773255249344,2026-03-11T18:54:09.344000+00:00,xyz:CL,A,86.786,1.151,Open Short,0.0,0.00863,0x3c885302775828f13e020436df75d30201b600e8125b47c3e050fe55365c02db
1773255464920,2026-03-11T18:57:44.920000+00:00,xyz:CL,B,86.201,1.151,Close Short,0.673335,0.008572,0x5e2d99f41ef5860c5fa70436df7fcf02055400d9b9f8a4de01f64546ddf95ff7
1773428017636,2026-03-13T18:53:37.636000+00:00,xyz:CL,B,95.716,2.09,Open Long,0.0,0.017284,0x1d9477496ebf88431f0e0436ff2091021066002f09b2a715c15d229c2db3622d
1773428017636,2026-03-13T18:53:37.636000+00:00,xyz:CL,B,95.726,7.835,Open Long,0.0,0.064801,0x1d9477496ebf88431f0e0436ff2091021066002f09b2a715c15d229c2db3622d
1773428017636,2026-03-13T18:53:37.636000+00:00,xyz:CL,B,95.728,0.32,Open Long,0.0,0.002646,0x1d9477496ebf88431f0e0436ff2091021066002f09b2a715c15d229c2db3622d
1773428018849,2026-03-13T18:53:38.849000+00:00,xyz:CL,B,95.725,10.242,Open Long,0.0,0.084707,0xe8f4c0a85e42c876ea6e0436ff209f020c01008df945e7488cbd6bfb1d46a261
1773428024171,2026-03-13T18:53:44.171000+00:00,xyz:CL,B,95.76,10.241,Open Long,0.0,0.08473,0x9ffdbe24f619375fa1770436ff20d50209f8000a911c563143c66977b51d114a
1773428036944,2026-03-13T18:53:56.944000+00:00,xyz:CL,B,95.785,2.088,Open Long,0.0,0.017279,0xb1a21b2b4e630405b31b0436ff21830204df0010e96622d7556ac67e0d66ddf0
1773428036944,2026-03-13T18:53:56.944000+00:00,xyz:CL,B,95.787,7.83,Open Long,0.0,0.064801,0xb1a21b2b4e630405b31b0436ff21830204df0010e96622d7556ac67e0d66ddf0
1773428036944,2026-03-13T18:53:56.944000+00:00,xyz:CL,B,95.79,0.32,Open Long,0.0,0.002648,0xb1a21b2b4e630405b31b0436ff21830204df0010e96622d7556ac67e0d66ddf0
1773428064330,2026-03-13T18:54:24.330000+00:00,xyz:CL,A,95.691,10.449,Close Long,-0.595593,0.086389,0x5739125ad523555b58b20436ff22b902079d00407026742dfb01bdad94272f45
1773428064330,2026-03-13T18:54:24.330000+00:00,xyz:CL,A,95.69,0.132,Close Long,-0.007656,0.001091,0x5739125ad523555b58b20436ff22b902079d00407026742dfb01bdad94272f45
1773428064330,2026-03-13T18:54:24.330000+00:00,xyz:CL,A,95.69,30.385,Close Long,-1.76233,0.251211,0x5739125ad523555b58b20436ff22b902079d00407026742dfb01bdad94272f45
1773514742915,2026-03-14T18:59:02.915000+00:00,xyz:CL,A,101.81,5.839,Open Short,0.0,0.051362,0xd34639abf0514c2fd4bf04370f00f60202d700918b546b01770ee4feaf55261a
1773514742915,2026-03-14T18:59:02.915000+00:00,xyz:CL,A,101.81,0.982,Open Short,0.0,0.008638,0xd34639abf0514c2fd4bf04370f00f60202d700918b546b01770ee4feaf55261a
1773514742915,2026-03-14T18:59:02.915000+00:00,xyz:CL,A,101.8,0.639,Open Short,0.0,0.00562,0xd34639abf0514c2fd4bf04370f00f60202d700918b546b01770ee4feaf55261a
1773514742915,2026-03-14T18:59:02.915000+00:00,xyz:CL,A,101.79,4.911,Open Short,0.0,0.04319,0xd34639abf0514c2fd4bf04370f00f60202d700918b546b01770ee4feaf55261a
1773514742915,2026-03-14T18:59:02.915000+00:00,xyz:CL,A,101.79,1.719,Open Short,0.0,0.015118,0xd34639abf0514c2fd4bf04370f00f60202d700918b546b01770ee4feaf55261a
1773514742915,2026-03-14T18:59:02.915000+00:00,xyz:CL,A,101.78,101.352,Open Short,0.0,0.891268,0xd34639abf0514c2fd4bf04370f00f60202d700918b546b01770ee4feaf55261a
1773514742915,2026-03-14T18:59:02.915000+00:00,xyz:CL,A,101.77,6.384,Open Short,0.0,0.056134,0xd34639abf0514c2fd4bf04370f00f60202d700918b546b01770ee4feaf55261a
1773514742915,2026-03-14T18:59:02.915000+00:00,xyz:CL,A,101.77,0.658,Open Short,0.0,0.005785,0xd34639abf0514c2fd4bf04370f00f60202d700918b546b01770ee4feaf55261a
1773514742915,2026-03-14T18:59:02.915000+00:00,xyz:CL,A,101.76,1.228,Open Short,0.0,0.010796,0xd34639abf0514c2fd4bf04370f00f60202d700918b546b01770ee4feaf55261a
1773514742915,2026-03-14T18:59:02.915000+00:00,xyz:CL,A,101.75,8.299,Open Short,0.0,0.072958,0xd34639abf0514c2fd4bf04370f00f60202d700918b546b01770ee4feaf55261a
1773514742915,2026-03-14T18:59:02.915000+00:00,xyz:CL,A,101.75,4.914,Open Short,0.0,0.043199,0xd34639abf0514c2fd4bf04370f00f60202d700918b546b01770ee4feaf55261a
1773514742915,2026-03-14T18:59:02.915000+00:00,xyz:CL,A,101.75,59.461,Open Short,0.0,0.522733,0xd34639abf0514c2fd4bf04370f00f60202d700918b546b01770ee4feaf55261a
1773514745641,2026-03-14T18:59:05.641000+00:00,xyz:CL,A,101.74,4.914,Open Short,0.0,0.043195,0x0c2a0e548c2c150d0da304370f01160201fc003a272f33dfaff2b9a74b2feef7
1773514745641,2026-03-14T18:59:05.641000+00:00,xyz:CL,A,101.73,137.949,Open Short,0.0,1.212498,0x0c2a0e548c2c150d0da304370f01160201fc003a272f33dfaff2b9a74b2feef7
1773514745641,2026-03-14T18:59:05.641000+00:00,xyz:CL,A,101.73,1.293,Open Short,0.0,0.011364,0x0c2a0e548c2c150d0da304370f01160201fc003a272f33dfaff2b9a74b2feef7
1773514745641,2026-03-14T18:59:05.641000+00:00,xyz:CL,A,101.72,0.983,Open Short,0.0,0.008639,0x0c2a0e548c2c150d0da304370f01160201fc003a272f33dfaff2b9a74b2feef7
1773514745641,2026-03-14T18:59:05.641000+00:00,xyz:CL,A,101.71,6.388,Open Short,0.0,0.056136,0x0c2a0e548c2c150d0da304370f01160201fc003a272f33dfaff2b9a74b2feef7
1773514745641,2026-03-14T18:59:05.641000+00:00,xyz:CL,A,101.7,44.859,Open Short,0.0,0.39417,0x0c2a0e548c2c150d0da304370f01160201fc003a272f33dfaff2b9a74b2feef7
1773514746648,2026-03-14T18:59:06.648000+00:00,xyz:CL,A,101.74,103.093,Open Short,0.0,0.906222,0x898799a19eb9e53a8b0104370f01220202d1008739bd040c2d5044f45dbdbf25
1773514746648,2026-03-14T18:59:06.648000+00:00,xyz:CL,A,101.74,4.913,Open Short,0.0,0.043186,0x898799a19eb9e53a8b0104370f01220202d1008739bd040c2d5044f45dbdbf25
1773514746648,2026-03-14T18:59:06.648000+00:00,xyz:CL,A,101.74,0.983,Open Short,0.0,0.00864,0x898799a19eb9e53a8b0104370f01220202d1008739bd040c2d5044f45dbdbf25
1773514746648,2026-03-14T18:59:06.648000+00:00,xyz:CL,A,101.72,87.397,Open Short,0.0,0.768097,0x898799a19eb9e53a8b0104370f01220202d1008739bd040c2d5044f45dbdbf25
1773514748878,2026-03-14T18:59:08.878000+00:00,xyz:CL,A,101.73,9.799,Open Short,0.0,0.086128,0x0a0df50679a0396e0b8704370f013802026a00ec14a35840add6a05938a41358
1773514748878,2026-03-14T18:59:08.878000+00:00,xyz:CL,A,101.73,4.914,Open Short,0.0,0.043191,0x0a0df50679a0396e0b8704370f013802026a00ec14a35840add6a05938a41358
1773514748878,2026-03-14T18:59:08.878000+00:00,xyz:CL,A,101.73,1.72,Open Short,0.0,0.015117,0x0a0df50679a0396e0b8704370f013802026a00ec14a35840add6a05938a41358
1773514748878,2026-03-14T18:59:08.878000+00:00,xyz:CL,A,101.72,60.066,Open Short,0.0,0.527896,0x0a0df50679a0396e0b8704370f013802026a00ec14a35840add6a05938a41358
1773514748878,2026-03-14T18:59:08.878000+00:00,xyz:CL,A,101.72,2.594,Open Short,0.0,0.022797,0x0a0df50679a0396e0b8704370f013802026a00ec14a35840add6a05938a41358
1773514748878,2026-03-14T18:59:08.878000+00:00,xyz:CL,A,101.72,5.343,Open Short,0.0,0.046957,0x0a0df50679a0396e0b8704370f013802026a00ec14a35840add6a05938a41358
1773514748878,2026-03-14T18:59:08.878000+00:00,xyz:CL,A,101.72,0.983,Open Short,0.0,0.008639,0x0a0df50679a0396e0b8704370f013802026a00ec14a35840add6a05938a41358
1773514748878,2026-03-14T18:59:08.878000+00:00,xyz:CL,A,101.7,58.234,Open Short,0.0,0.511695,0x0a0df50679a0396e0b8704370f013802026a00ec14a35840add6a05938a41358
1773514748878,2026-03-14T18:59:08.878000+00:00,xyz:CL,A,101.7,6.388,Open Short,0.0,0.05613,0x0a0df50679a0396e0b8704370f013802026a00ec14a35840add6a05938a41358
1773514748878,2026-03-14T18:59:08.878000+00:00,xyz:CL,A,101.69,0.486,Open Short,0.0,0.00427,0x0a0df50679a0396e0b8704370f013802026a00ec14a35840add6a05938a41358
1773514748878,2026-03-14T18:59:08.878000+00:00,xyz:CL,A,101.68,45.859,Open Short,0.0,0.402878,0x0a0df50679a0396e0b8704370f013802026a00ec14a35840add6a05938a41358
1773514752104,2026-03-14T18:59:12.104000+00:00,xyz:CL,A,101.73,1.966,Open Short,0.0,0.01728,0xca68cee2ab39e064cbe204370f015a0203c100c8463cff366e317a356a3dba4f
1773514752104,2026-03-14T18:59:12.104000+00:00,xyz:CL,A,101.72,4.915,Open Short,0.0,0.043196,0xca68cee2ab39e064cbe204370f015a0203c100c8463cff366e317a356a3dba4f
1773514752104,2026-03-14T18:59:12.104000+00:00,xyz:CL,A,101.71,147.478,Open Short,0.0,1.295998,0xca68cee2ab39e064cbe204370f015a0203c100c8463cff366e317a356a3dba4f
1773514752104,2026-03-14T18:59:12.104000+00:00,xyz:CL,A,101.7,0.983,Open Short,0.0,0.008637,0xca68cee2ab39e064cbe204370f015a0203c100c8463cff366e317a356a3dba4f
1773514752104,2026-03-14T18:59:12.104000+00:00,xyz:CL,A,101.69,2.594,Open Short,0.0,0.02279,0xca68cee2ab39e064cbe204370f015a0203c100c8463cff366e317a356a3dba4f
1773514752104,2026-03-14T18:59:12.104000+00:00,xyz:CL,A,101.69,6.389,Open Short,0.0,0.056133,0xca68cee2ab39e064cbe204370f015a0203c100c8463cff366e317a356a3dba4f
1773514752104,2026-03-14T18:59:12.104000+00:00,xyz:CL,A,101.68,32.08,Open Short,0.0,0.281827,0xca68cee2ab39e064cbe204370f015a0203c100c8463cff366e317a356a3dba4f
1773514993545,2026-03-14T19:03:13.545000+00:00,xyz:CL,B,101.91,9.831,Close Short,-1.808904,0.028854,0xe8199e9bf86a0ef0e99304370f0cc60202f00081936d2dc28be249eeb76de8db
1773514998049,2026-03-14T19:03:18.049000+00:00,xyz:CL,B,101.91,0.129,Close Short,-0.023736,0.000378,0x0000000000000000000000000000000000000000000000000000000000000000
1773515001283,2026-03-14T19:03:21.283000+00:00,xyz:CL,B,101.91,0.104,Close Short,-0.019136,0.000305,0x60eda7b5240f2387626704370f0d370203c5009abf02425904b65307e302fd72
1773515006964,2026-03-14T19:03:26.964000+00:00,xyz:CL,B,101.91,20.0,Close Short,-3.68,0.0587,0x6856de7a4e8fb79f69d004370f0d89020393005fe982d6710c1f89cd0d83918a
1773515007118,2026-03-14T19:03:27.118000+00:00,xyz:CL,B,101.91,50.0,Close Short,-9.2,0.14675,0xc1e896faf1bf3cb6c36204370f0d8b0201b400e08cb25b8865b1424db0b316a1
1773515010275,2026-03-14T19:03:30.275000+00:00,xyz:CL,B,101.91,0.262,Close Short,-0.048208,0.000768,0x0772dc359a84460f08ec04370f0db9020163001b358764e1ab3b878859881ff9
1773515013660,2026-03-14T19:03:33.660000+00:00,xyz:CL,B,101.91,0.161,Close Short,-0.029624,0.000472,0xf37bb94d343c2889f4f504370f0de802038b0032cf3f475c9744649ff3300274
1773515021309,2026-03-14T19:03:41.309000+00:00,xyz:CL,B,101.91,0.11,Close Short,-0.02024,0.000322,0xdb8f8197cc06d1f0dd0904370f0e420201ce007d6709f0c27f582cea8b0aabdb
1773515024412,2026-03-14T19:03:44.412000+00:00,xyz:CL,B,101.91,10.29,Close Short,-1.89336,0.030201,0x4c077819fa10af414d8104370f0e6f0202b600ff9513ce13efd0236cb914892b
1773515026164,2026-03-14T19:03:46.164000+00:00,xyz:CL,B,101.91,0.5,Close Short,-0.092,0.001467,0x3c096394e14696983d8304370f0e8902049f007a7c49b56adfd20ee7a04a7082
1773515028087,2026-03-14T19:03:48.087000+00:00,xyz:CL,B,101.91,0.13,Close Short,-0.02392,0.000381,0x0000000000000000000000000000000000000000000000000000000000000000
1773515033103,2026-03-14T19:03:53.103000+00:00,xyz:CL,B,101.91,22.765,Close Short,-4.18876,0.066815,0xdec9ac552e7910d9e04304370f0edf0201bc003ac97c2fab829257a7ed7ceac4
1773515049866,2026-03-14T19:04:09.866000+00:00,xyz:CL,B,101.91,0.112,Close Short,-0.020608,0.000328,0x1767b7740066d0bc18e104370f0f9202047400599b69ef8ebb3062c6bf6aaaa6
1773515049922,2026-03-14T19:04:09.922000+00:00,xyz:CL,B,101.91,0.114,Close Short,-0.020976,0.000334,0xeb74fefbbda0079eecee04370f0f930201a300e158a326708f3daa4e7ca3e189
1773515054121,2026-03-14T19:04:14.121000+00:00,xyz:CL,B,101.91,40.0,Close Short,-7.36,0.1174,0x6a5e0dfc79d38a896bd704370f0fcd0204bc00e214d6a95b0e26b94f38d76474
1773515054317,2026-03-14T19:04:14.317000+00:00,xyz:CL,B,101.91,10.289,Close Short,-1.893176,0.030198,0x809f2b8b1645ce9a821804370f0fcf0203910070b148ed6c2467d6ddd549a885
1773515058031,2026-03-14T19:04:18.031000+00:00,xyz:CL,B,101.91,0.129,Close Short,-0.023736,0.000378,0x0000000000000000000000000000000000000000000000000000000000000000
1773515063155,2026-03-14T19:04:23.155000+00:00,xyz:CL,B,101.91,0.164,Close Short,-0.030176,0.000481,0x790d9bc45e84bd987a8704370f103002031000a9f987dc6a1cd647171d889783
1773515075698,2026-03-14T19:04:35.698000+00:00,xyz:CL,B,101.91,2.028,Close Short,-0.373152,0.005952,0xef3d764757801803f0b704370f10ba0204ee002cf28336d59306219a1683f1ee
1773515081882,2026-03-14T19:04:41.882000+00:00,xyz:CL,B,101.91,0.141,Close Short,-0.025944,0.000413,0x553877ec5600911856b204370f110402022400d1f103afeaf901233f15046b02
1773515081931,2026-03-14T19:04:41.931000+00:00,xyz:CL,B,101.91,0.107,Close Short,-0.019688,0.000314,0x30c0598c4495242a323a04370f11050202300071df9842fcd48904df0398fe14
1773515084153,2026-03-14T19:04:44.153000+00:00,xyz:CL,B,101.91,10.291,Close Short,-1.893544,0.030204,0x38d73116a64616c03a5004370f11270203d900fc41493592dc9fdc696549f0aa
1773515087576,2026-03-14T19:04:47.576000+00:00,xyz:CL,B,101.91,0.129,Close Short,-0.023736,0.000378,0x3be6ee426f791f6d3d6004370f11570201f400280a7c3e3fdfaf99952e7cf957
1773515088047,2026-03-14T19:04:48.047000+00:00,xyz:CL,B,101.91,0.129,Close Short,-0.023736,0.000378,0x0000000000000000000000000000000000000000000000000000000000000000
1773515922151,2026-03-14T19:18:42.151000+00:00,xyz:CL,B,101.91,86.253,Close Short,-15.870552,0.253153,0x594b5c20d6559c125ac504370f3c3a01e30074067158bae4fd140773955975fc
1773515922240,2026-03-14T19:18:42.240000+00:00,xyz:CL,B,101.91,0.986,Close Short,-0.181424,0.002893,0xcd7922c4dbd39f72cef204370f3c3b02013600aa76d6be447141ce179ad7795d
1773515922240,2026-03-14T19:18:42.240000+00:00,xyz:CL,B,101.91,4.929,Close Short,-0.906936,0.014466,0x804c995ff564e1ee81c604370f3c3b0201370045906800c0241544b2b468bbd9
1773515922637,2026-03-14T19:18:42.637000+00:00,xyz:CL,B,101.91,0.985,Close Short,-0.18124,0.00289,0xe9b5552868ac1442eb2f04370f3c410202e0010103af33148d7e007b27afee2d
1773515922637,2026-03-14T19:18:42.637000+00:00,xyz:CL,B,101.91,4.926,Close Short,-0.906384,0.014457,0x538cd2cf1900c85e550604370f3c410202e300b4b403e730f7557e21d804a248
1773515923038,2026-03-14T19:18:43.038000+00:00,xyz:CL,B,101.91,0.985,Close Short,-0.18124,0.00289,0x141a58530a371d1e159404370f3c470201d00038a53a3bf0b7e303a5c93af708
1773515923038,2026-03-14T19:18:43.038000+00:00,xyz:CL,B,101.91,4.926,Close Short,-0.906384,0.014457,0x79c145893d59a2157b3b04370f3c470201d2006ed85cc0e71d89f0dbfc5d7c00
1773515923441,2026-03-14T19:18:43.441000+00:00,xyz:CL,B,101.91,0.986,Close Short,-0.181424,0.002893,0xb1fa67636b116a0eb37404370f3c4d0202700049061488e055c312b62a1543f9
1773515923441,2026-03-14T19:18:43.441000+00:00,xyz:CL,B,101.91,4.93,Close Short,-0.90712,0.014469,0xca74cb34b7c53181cbee04370f3c4d020273001a52c850536e3d768776c90b6c
1773515923839,2026-03-14T19:18:43.839000+00:00,xyz:CL,B,101.91,4.93,Close Short,-0.90712,0.014469,0x077073fa72ddc7f208ea04370f3c530201ae00e00dd0e6c4ab391f4d31d1a1dc
1773515923839,2026-03-14T19:18:43.839000+00:00,xyz:CL,B,101.91,0.986,Close Short,-0.181424,0.002893,0x6d176130a5f04ce96e9104370f3c530201b0001640f36bbb10e00c8364f426d4
1773515924239,2026-03-14T19:18:44.239000+00:00,xyz:CL,B,101.91,0.986,Close Short,-0.181424,0.002893,0xe696edd19005f977e81004370f3c5902015b00b72b0918498a5f99244f09d362
1773515924239,2026-03-14T19:18:44.239000+00:00,xyz:CL,B,101.91,4.93,Close Short,-0.90712,0.014469,0x996a646ca9973bf39ae404370f3c5902015c0052449a5ac53d330fbf689b15de
1773515924643,2026-03-14T19:18:44.643000+00:00,xyz:CL,B,101.91,0.986,Close Short,-0.181424,0.002893,0x79ece7da18ccb4557b6604370f3c5f02032900bfb3cfd3271db5932cd7c08e40
1773515924643,2026-03-14T19:18:44.643000+00:00,xyz:CL,B,101.91,4.93,Close Short,-0.90712,0.014469,0x2cc05e75325df6d12e3a04370f3c5f02032a005acd5115a3d08909c7f151d0bb
1773515924643,2026-03-14T19:18:44.643000+00:00,xyz:CL,B,101.91,135.674,Close Short,-24.964016,0.398204,0x92674bab65707bc893e104370f3c5f02032c009100739a9a362ff6fe247455b3
1773515924913,2026-03-14T19:18:44.913000+00:00,xyz:CL,B,101.91,195.009,Close Short,-35.881656,0.572352,0x80044e92c0f1cd7d817e04370f3c6302029000785bf4ec4f23ccf9e57ff5a768
1773515925048,2026-03-14T19:18:45.048000+00:00,xyz:CL,B,101.91,4.93,Close Short,-0.90712,0.014469,0xa9fd49071cc70a8aab7704370f3c650202cb00ecb7ca295c4dc5f459dbcae475
1773515925048,2026-03-14T19:18:45.048000+00:00,xyz:CL,B,101.91,0.986,Close Short,-0.181424,0.002893,0x5cd0bfa236584d065e4a04370f3c650202cc0087d15b6bd800996af4f55c26f1
1773515925109,2026-03-14T19:18:45.109000+00:00,xyz:CL,B,101.91,176.564,Close Short,-32.487776,0.518216,0xdf9cfba4a8d89b5be11604370f3c6602026f008a43dbba2d8365a6f767dc7546
1773515925362,2026-03-14T19:18:45.362000+00:00,xyz:CL,B,101.91,2.4,Close Short,-0.4416,0.007044,0xa7ebcd48cbc33fc7a96504370f3c69020427002e66c65e994bb4789b8ac719b2
1773515925467,2026-03-14T19:18:45.467000+00:00,xyz:CL,B,101.91,3.747,Close Short,-0.689448,0.010997,0xebd2f2df305bc9d6ed4c04370f3c6a02029300c4cb5ee8a88f9b9e31ef5fa3c1
1773515925467,2026-03-14T19:18:45.467000+00:00,xyz:CL,B,101.91,4.931,Close Short,-0.907304,0.014472,0x9ea6697a49ed0c52a02004370f3c6a020294005fe4e02b24426f14cd08e0e63d
1773515925467,2026-03-14T19:18:45.467000+00:00,xyz:CL,B,101.91,0.986,Close Short,-0.181424,0.002893,0x5179e015637e4ece52f304370f3c6a02029500fafe716da0f5428b68227228b8
1773515925467,2026-03-14T19:18:45.467000+00:00,xyz:CL,B,101.91,2.4,Close Short,-0.4416,0.007044,0xb720cd4b9690d3c5b89a04370f3c6a02029700313193f2975ae9789e5594adb0
1773515925865,2026-03-14T19:18:45.865000+00:00,xyz:CL,B,101.91,4.93,Close Short,-0.90712,0.014469,0x1170daf4f6d95a8512ea04370f3c6f02026200da91dc7957b5398647b5dd346f
1773515925865,2026-03-14T19:18:45.865000+00:00,xyz:CL,B,101.91,0.986,Close Short,-0.181424,0.002893,0xc4445190106a9d00c5be04370f3c6f0202630075ab6dbbd2680cfce2cf6e76eb
1773515926070,2026-03-14T19:18:46.070000+00:00,xyz:CL,B,101.91,4.93,Close Short,-0.90712,0.014469,0x29a48cbe43142e7b2b1e04370f3c7202027700a3de174d4dcd6d381102180865
1773515926070,2026-03-14T19:18:46.070000+00:00,xyz:CL,B,101.91,0.986,Close Short,-0.181424,0.002893,0xdc7803595ca570f6ddf104370f3c72020278003ef7a88fc88040aeac1ba94ae1
1773515926469,2026-03-14T19:18:46.469000+00:00,xyz:CL,B,101.91,4.93,Close Short,-0.90712,0.014469,0x866d68e91cee2fee87e704370f3c7602020800ceb7e14ec02a36143bdbe209d9
1773515926469,2026-03-14T19:18:46.469000+00:00,xyz:CL,B,101.91,0.986,Close Short,-0.181424,0.002893,0x3940df84367f726a3aba04370f3c760202090069d172913cdd098ad6f5734c54
1773515926878,2026-03-14T19:18:46.878000+00:00,xyz:CL,B,101.91,4.93,Close Short,-0.90712,0.014469,0xd672e9c96e531becd7ec04370f3c7c02019900af09563abe7a3b951c2d56f5d7
1773515927075,2026-03-14T19:18:47.075000+00:00,xyz:CL,B,101.91,0.986,Close Short,-0.181424,0.002893,0x27161f1754bc4d1f288f04370f3c7f0201a000fcefbf6bf1cadeca6a13b02709
1773515927075,2026-03-14T19:18:47.075000+00:00,xyz:CL,B,101.91,4.93,Close Short,-0.90712,0.014469,0xf263f983baf1570df3dd04370f3c7f0201a4006955f475e0962ca4d679f530f8
1773515927387,2026-03-14T19:18:47.387000+00:00,xyz:CL,B,101.91,1.499,Close Short,-0.275816,0.004399,0x7dc048f67fccc7187f3a04370f3c8302036500dc1acfe5ea2188f4493ec0a103
1773515927478,2026-03-14T19:18:47.478000+00:00,xyz:CL,B,101.91,0.987,Close Short,-0.181608,0.002896,0x17e5b17f991b717a195f04370f3c840201f00101341e904cbbae5cd2581f4b64
1773515927679,2026-03-14T19:18:47.679000+00:00,xyz:CL,B,101.91,0.987,Close Short,-0.181608,0.002896,0x3296c5f3aca469da341004370f3c8702024f00d947a788acd65f71466ba843c4
1773515932493,2026-03-14T19:18:52.493000+00:00,xyz:CL,B,101.91,116.685,Close Short,-21.47004,0.342471,0x592d7ee53b21bddd5aa704370f3ccf02040f00cad624dcaffcf62a37fa2597c7
1773516116297,2026-03-14T19:21:56.297000+00:00,xyz:CL,B,101.78,0.001,Close Short,-0.000054,0.000008,0x534d33573998fcc354c604370f45c202038f003cd49c1b95f715dea9f89cd6ad
1773688794638,2026-03-16T19:19:54.638000+00:00,xyz:NVDA,A,184.29,0.062,Open Short,0.0,0.000987,0xb90267b7bb7cf3e0ba7c04372ee5c7020a84009d567012b25ccb130a7a70cdcb
1773688794638,2026-03-16T19:19:54.638000+00:00,xyz:NVDA,A,184.27,26.921,Open Short,0.0,0.428607,0xb90267b7bb7cf3e0ba7c04372ee5c7020a84009d567012b25ccb130a7a70cdcb
1773688794638,2026-03-16T19:19:54.638000+00:00,xyz:NVDA,A,184.25,0.148,Open Short,0.0,0.002356,0xb90267b7bb7cf3e0ba7c04372ee5c7020a84009d567012b25ccb130a7a70cdcb
1773688795842,2026-03-16T19:19:55.842000+00:00,xyz:NVDA,A,184.29,0.062,Open Short,0.0,0.000987,0x889efdbb6e9817bc8a1804372ee5d702063600a1099b368e2c67a90e2d9bf1a7
1773688795842,2026-03-16T19:19:55.842000+00:00,xyz:NVDA,A,184.27,23.223,Open Short,0.0,0.369731,0x889efdbb6e9817bc8a1804372ee5d702063600a1099b368e2c67a90e2d9bf1a7
1773688795842,2026-03-16T19:19:55.842000+00:00,xyz:NVDA,A,184.27,3.846,Open Short,0.0,0.061231,0x889efdbb6e9817bc8a1804372ee5d702063600a1099b368e2c67a90e2d9bf1a7
1773688796861,2026-03-16T19:19:56.861000+00:00,xyz:NVDA,A,184.29,0.062,Open Short,0.0,0.000987,0x687ca2f211b04ebf69f604372ee5e402063700d7acb36d910c454e44d0b428aa
1773688796861,2026-03-16T19:19:56.861000+00:00,xyz:NVDA,A,184.23,27.067,Open Short,0.0,0.430838,0x687ca2f211b04ebf69f604372ee5e402063700d7acb36d910c454e44d0b428aa
1773688798225,2026-03-16T19:19:58.225000+00:00,xyz:NVDA,A,184.29,0.062,Open Short,0.0,0.000987,0x894286c0a5821c758abc04372ee5f502036700a640853b472d0b32136485f660
1773688798225,2026-03-16T19:19:58.225000+00:00,xyz:NVDA,A,184.26,26.979,Open Short,0.0,0.429507,0x894286c0a5821c758abc04372ee5f502036700a640853b472d0b32136485f660
1773688798225,2026-03-16T19:19:58.225000+00:00,xyz:NVDA,A,184.25,0.088,Open Short,0.0,0.0014,0x894286c0a5821c758abc04372ee5f502036700a640853b472d0b32136485f660
1773688800269,2026-03-16T19:20:00.269000+00:00,xyz:NVDA,A,184.3,27.138,Open Short,0.0,0.432132,0x7701e39ab011ac34787b04372ee60a0207cf00804b14cb061aca8eed6f15861f
1773688802067,2026-03-16T19:20:02.067000+00:00,xyz:NVDA,A,184.29,0.062,Open Short,0.0,0.000987,0x07c267fce2c2fbb2093c04372ee62102047f00e27dc61a84ab8b134fa1c6d59c
1773688802067,2026-03-16T19:20:02.067000+00:00,xyz:NVDA,A,184.26,27.076,Open Short,0.0,0.431051,0x07c267fce2c2fbb2093c04372ee62102047f00e27dc61a84ab8b134fa1c6d59c
1773688803263,2026-03-16T19:20:03.263000+00:00,xyz:NVDA,A,184.31,0.062,Open Short,0.0,0.000987,0x39fd9a1059516acc3b7704372ee62d02059400f5f454899eddc64563185544b6
1773688803263,2026-03-16T19:20:03.263000+00:00,xyz:NVDA,A,184.27,27.067,Open Short,0.0,0.430931,0x39fd9a1059516acc3b7704372ee62d02059400f5f454899eddc64563185544b6
1773688805709,2026-03-16T19:20:05.709000+00:00,xyz:NVDA,A,184.22,27.129,Open Short,0.0,0.431801,0xc207b621c28c7d3dc38104372ee64a02074e00075d8f9c0f65d0617481805728
1773688806667,2026-03-16T19:20:06.667000+00:00,xyz:NVDA,A,184.17,26.979,Open Short,0.0,0.429297,0x2e65bb495898c6752fdf04372ee65602051b002ef39be547d22e669c179ca05f
1773688806667,2026-03-16T19:20:06.667000+00:00,xyz:NVDA,A,184.14,0.144,Open Short,0.0,0.00229,0x2e65bb495898c6752fdf04372ee65602051b002ef39be547d22e669c179ca05f
1773688807444,2026-03-16T19:20:07.444000+00:00,xyz:NVDA,A,184.1,0.5,Open Short,0.0,0.007953,0x16dabf8354908d7f185404372ee66202059f0068ef93ac51baa36ad613946769
1773688807444,2026-03-16T19:20:07.444000+00:00,xyz:NVDA,A,184.1,5.215,Open Short,0.0,0.082951,0x16dabf8354908d7f185404372ee66202059f0068ef93ac51baa36ad613946769
1773688807444,2026-03-16T19:20:07.444000+00:00,xyz:NVDA,A,184.07,0.1,Open Short,0.0,0.00159,0x16dabf8354908d7f185404372ee66202059f0068ef93ac51baa36ad613946769
1773688807444,2026-03-16T19:20:07.444000+00:00,xyz:NVDA,A,184.06,8.059,Open Short,0.0,0.12816,0x16dabf8354908d7f185404372ee66202059f0068ef93ac51baa36ad613946769
1773688807444,2026-03-16T19:20:07.444000+00:00,xyz:NVDA,A,184.05,0.06,Open Short,0.0,0.000954,0x16dabf8354908d7f185404372ee66202059f0068ef93ac51baa36ad613946769
1773688807444,2026-03-16T19:20:07.444000+00:00,xyz:NVDA,A,184.05,13.189,Open Short,0.0,0.20973,0x16dabf8354908d7f185404372ee66202059f0068ef93ac51baa36ad613946769
1773688808436,2026-03-16T19:20:08.436000+00:00,xyz:NVDA,A,183.95,0.1,Open Short,0.0,0.001589,0x78177c0da784c0d7799104372ee66d02142f00f34287dfa91be0276066889ac2
1773688808436,2026-03-16T19:20:08.436000+00:00,xyz:NVDA,A,183.94,0.926,Open Short,0.0,0.014716,0x78177c0da784c0d7799104372ee66d02142f00f34287dfa91be0276066889ac2
1773688808436,2026-03-16T19:20:08.436000+00:00,xyz:NVDA,A,183.94,3.403,Open Short,0.0,0.054081,0x78177c0da784c0d7799104372ee66d02142f00f34287dfa91be0276066889ac2
1773688808436,2026-03-16T19:20:08.436000+00:00,xyz:NVDA,A,183.92,22.71,Open Short,0.0,0.360877,0x78177c0da784c0d7799104372ee66d02142f00f34287dfa91be0276066889ac2
1773688811872,2026-03-16T19:20:11.872000+00:00,xyz:NVDA,A,183.94,27.185,Open Short,0.0,0.432035,0x50299cf1c5b2edc751a304372ee69b0207a400d760b60c99f3f2484484b6c7b1
1773688813112,2026-03-16T19:20:13.112000+00:00,xyz:NVDA,A,183.95,7.92,Open Short,0.0,0.125874,0xf2cdec253ad78ac4f44704372ee6ac020ab1000ad5daa99796969777f9db64af
1773688813112,2026-03-16T19:20:13.112000+00:00,xyz:NVDA,A,183.94,19.265,Open Short,0.0,0.306167,0xf2cdec253ad78ac4f44704372ee6ac020ab1000ad5daa99796969777f9db64af
1773688816031,2026-03-16T19:20:16.031000+00:00,xyz:NVDA,A,184.01,27.182,Open Short,0.0,0.432152,0xee49ba10b12ee920efc304372ee6d202032000f64c2207f2921265637022c30b
1773688817265,2026-03-16T19:20:17.265000+00:00,xyz:NVDA,A,184.02,0.062,Open Short,0.0,0.000985,0x833d42b97b03481084b604372ee6e4020394009f160666e22705ee0c3a0721fb
1773688817265,2026-03-16T19:20:17.265000+00:00,xyz:NVDA,A,184.02,27.12,Open Short,0.0,0.431189,0x833d42b97b03481084b604372ee6e4020394009f160666e22705ee0c3a0721fb
1773688819374,2026-03-16T19:20:19.374000+00:00,xyz:NVDA,A,184.1,27.157,Open Short,0.0,0.431965,0xdf333adc9cbe2806e0ac04372ee6fc0212ef00c237b146d882fbe62f5bb201f1
1773688821204,2026-03-16T19:20:21.204000+00:00,xyz:NVDA,A,184.12,27.151,Open Short,0.0,0.431917,0x9e4f7d02356325b79fc904372ee70e0205d800e7d066448942182854f466ffa2
1773688822815,2026-03-16T19:20:22.815000+00:00,xyz:NVDA,A,184.13,0.062,Open Short,0.0,0.000986,0xb3ae30e6624896fbb52704372ee72102023700cbfd4bb5cd5776dc39214c70e6
1773688822815,2026-03-16T19:20:22.815000+00:00,xyz:NVDA,A,184.1,0.062,Open Short,0.0,0.000986,0xb3ae30e6624896fbb52704372ee72102023700cbfd4bb5cd5776dc39214c70e6
1773688822815,2026-03-16T19:20:22.815000+00:00,xyz:NVDA,A,184.1,27.027,Open Short,0.0,0.429897,0xb3ae30e6624896fbb52704372ee72102023700cbfd4bb5cd5776dc39214c70e6
1773688830248,2026-03-16T19:20:30.248000+00:00,xyz:NVDA,A,184.17,27.145,Open Short,0.0,0.431939,0x2f4e331a1fc51e5c30c704372ee77b02048d00ffbac83d2ed316de6cdec8f846
1773688833386,2026-03-16T19:20:33.386000+00:00,xyz:NVDA,A,184.13,27.147,Open Short,0.0,0.431877,0x59faa193d84467e75b7404372ee79e020b660079734786b9fdc34ce6974841d1
1773688926387,2026-03-16T19:22:06.387000+00:00,xyz:NVDA,A,183.53,0.062,Open Short,0.0,0.000983,0x56cc57510f62996f584604372eec1c0202b20036aa65b841fa9502a3ce667359
1773688926387,2026-03-16T19:22:06.387000+00:00,xyz:NVDA,A,183.53,27.182,Open Short,0.0,0.431024,0x56cc57510f62996f584604372eec1c0202b20036aa65b841fa9502a3ce667359
1773688928607,2026-03-16T19:22:08.607000+00:00,xyz:NVDA,A,183.58,2.683,Open Short,0.0,0.042555,0x334e80c82a859ea334c804372eec3b02065900adc588bd75d7172c1ae989788d
1773688928607,2026-03-16T19:22:08.607000+00:00,xyz:NVDA,A,183.57,0.062,Open Short,0.0,0.000983,0x334e80c82a859ea334c804372eec3b02065900adc588bd75d7172c1ae989788d
1773688928607,2026-03-16T19:22:08.607000+00:00,xyz:NVDA,A,183.56,24.499,Open Short,0.0,0.388543,0x334e80c82a859ea334c804372eec3b02065900adc588bd75d7172c1ae989788d
1773688932436,2026-03-16T19:22:12.436000+00:00,xyz:NVDA,A,183.58,27.243,Open Short,0.0,0.432109,0xf277185d8f201d40f3f004372eec6a02060800432a233c13963fc3b04e23f72b
1773688935256,2026-03-16T19:22:15.256000+00:00,xyz:NVDA,A,183.48,27.23,Open Short,0.0,0.431668,0x32a692d0c5ef8d83342004372eec8c02042a00b660e2ac55d66f3e2384e3676d
1773688939043,2026-03-16T19:22:19.043000+00:00,xyz:NVDA,A,183.46,27.244,Open Short,0.0,0.431843,0xe44d582915a082dce5c704372eecba020520000eb0a3a1ae8816037bd4a45cc7
1773689003260,2026-03-16T19:23:23.260000+00:00,xyz:NVDA,A,183.08,27.304,Open Short,0.0,0.431897,0x5ab6467b2e7136625c3004372eefa30206e80060c9745534fe7ef1cded75104c
1773689004861,2026-03-16T19:23:24.861000+00:00,xyz:NVDA,A,183.08,4.896,Open Short,0.0,0.077445,0x2c6d5d07c01e14e92de704372eefb602037300ed5b1133bbd036085a7f11eed3
1773689004861,2026-03-16T19:23:24.861000+00:00,xyz:NVDA,A,183.08,22.404,Open Short,0.0,0.354388,0x2c6d5d07c01e14e92de704372eefb602037300ed5b1133bbd036085a7f11eed3
1773689006471,2026-03-16T19:23:26.471000+00:00,xyz:NVDA,A,183.17,0.062,Open Short,0.0,0.000981,0x0085629191cebd4a01ff04372eefc90206a700772cc1dc1ca44e0de450c29734
1773689006471,2026-03-16T19:23:26.471000+00:00,xyz:NVDA,A,183.07,27.196,Open Short,0.0,0.430165,0x0085629191cebd4a01ff04372eefc90206a700772cc1dc1ca44e0de450c29734
1773689006471,2026-03-16T19:23:26.471000+00:00,xyz:NVDA,A,183.07,0.042,Open Short,0.0,0.000664,0x0085629191cebd4a01ff04372eefc90206a700772cc1dc1ca44e0de450c29734
1773689007873,2026-03-16T19:23:27.873000+00:00,xyz:NVDA,A,183.17,0.062,Open Short,0.0,0.000981,0x9cb440a7628565649e2d04372eefda02057e008cfd888436407cebfa21893f4f
1773689007873,2026-03-16T19:23:27.873000+00:00,xyz:NVDA,A,183.13,27.196,Open Short,0.0,0.430306,0x9cb440a7628565649e2d04372eefda02057e008cfd888436407cebfa21893f4f
1773689007873,2026-03-16T19:23:27.873000+00:00,xyz:NVDA,A,183.08,0.052,Open Short,0.0,0.000822,0x9cb440a7628565649e2d04372eefda02057e008cfd888436407cebfa21893f4f
1773689009686,2026-03-16T19:23:29.686000+00:00,xyz:NVDA,A,183.06,0.061,Open Short,0.0,0.000964,0x03baed76946f18b2053404372eeff002095e005c2f623784a78398c95362f29c
1773689009686,2026-03-16T19:23:29.686000+00:00,xyz:NVDA,A,183.03,27.243,Open Short,0.0,0.430815,0x03baed76946f18b2053404372eeff002095e005c2f623784a78398c95362f29c
1773689122831,2026-03-16T19:25:22.831000+00:00,xyz:NVDA,A,182.71,0.062,Open Short,0.0,0.000978,0x82a7c952fff213db842104372ef4e90206e200389af532ad267074a5bef5edc6
1773689122831,2026-03-16T19:25:22.831000+00:00,xyz:NVDA,A,182.65,27.293,Open Short,0.0,0.430709,0x82a7c952fff213db842104372ef4e90206e200389af532ad267074a5bef5edc6
1773689124636,2026-03-16T19:25:24.636000+00:00,xyz:NVDA,A,182.71,0.062,Open Short,0.0,0.000978,0xcd5f7dccb8702273ced904372ef5000202f700b2537341457128291f7773fc5e
1773689124636,2026-03-16T19:25:24.636000+00:00,xyz:NVDA,A,182.7,27.299,Open Short,0.0,0.430922,0xcd5f7dccb8702273ced904372ef5000202f700b2537341457128291f7773fc5e
1773689126955,2026-03-16T19:25:26.955000+00:00,xyz:NVDA,A,182.71,27.368,Open Short,0.0,0.432035,0xa98a614aa030f1a2ab0404372ef51f020bf800303b3410744d530c9d5f34cb8d
1773689128681,2026-03-16T19:25:28.681000+00:00,xyz:NVDA,A,182.71,0.062,Open Short,0.0,0.000978,0x48344e40af305ea349ae04372ef53a0202a100264a337d75ebfcf9936e34388d
1773689128681,2026-03-16T19:25:28.681000+00:00,xyz:NVDA,A,182.68,27.306,Open Short,0.0,0.430985,0x48344e40af305ea349ae04372ef53a0202a100264a337d75ebfcf9936e34388d
1773689129768,2026-03-16T19:25:29.768000+00:00,xyz:NVDA,A,182.71,0.062,Open Short,0.0,0.000978,0xa59cb9da74539907a71604372ef54602038700c00f56b7d94965652d335772f2
1773689129768,2026-03-16T19:25:29.768000+00:00,xyz:NVDA,A,182.69,27.297,Open Short,0.0,0.430867,0xa59cb9da74539907a71604372ef54602038700c00f56b7d94965652d335772f2
1773689206098,2026-03-16T19:26:46.098000+00:00,xyz:NVDA,A,181.95,27.48,Open Short,0.0,0.431998,0x18d105c5c11fdba71a4a04372ef89802061900ab5c12fa79bc99b1188013b591
1773689207086,2026-03-16T19:26:47.086000+00:00,xyz:NVDA,A,182.05,27.478,Open Short,0.0,0.432204,0xbc12c5d32c41d98abd8c04372ef8a6020f7e00b8c744f85c5fdb7125eb45b375
1773689208353,2026-03-16T19:26:48.353000+00:00,xyz:NVDA,A,182.0,0.916,Open Short,0.0,0.014403,0x7d4061ed468f2fd77eba04372ef8b40203fc00d2e1824ea921090d40058309c2
1773689208353,2026-03-16T19:26:48.353000+00:00,xyz:NVDA,A,182.0,0.062,Open Short,0.0,0.000974,0x7d4061ed468f2fd77eba04372ef8b40203fc00d2e1824ea921090d40058309c2
1773689208353,2026-03-16T19:26:48.353000+00:00,xyz:NVDA,A,181.98,26.5,Open Short,0.0,0.416661,0x7d4061ed468f2fd77eba04372ef8b40203fc00d2e1824ea921090d40058309c2
1773689209666,2026-03-16T19:26:49.666000+00:00,xyz:NVDA,A,182.08,0.062,Open Short,0.0,0.000975,0x040b3d5709ac5e40058404372ef8c10205fd003ca4af7d12a7d3e8a9c8a0382a
1773689209666,2026-03-16T19:26:49.666000+00:00,xyz:NVDA,A,182.05,27.416,Open Short,0.0,0.431229,0x040b3d5709ac5e40058404372ef8c10205fd003ca4af7d12a7d3e8a9c8a0382a
1773689213858,2026-03-16T19:26:53.858000+00:00,xyz:NVDA,A,182.05,12.584,Open Short,0.0,0.197935,0x21d74403eef04b35235104372ef8f602105100e989f36a07c59fef56adf4251f
1773689213858,2026-03-16T19:26:53.858000+00:00,xyz:NVDA,A,182.02,0.916,Open Short,0.0,0.014405,0x21d74403eef04b35235104372ef8f602105100e989f36a07c59fef56adf4251f
1773689213858,2026-03-16T19:26:53.858000+00:00,xyz:NVDA,A,182.0,13.957,Open Short,0.0,0.219471,0x21d74403eef04b35235104372ef8f602105100e989f36a07c59fef56adf4251f
1773690786402,2026-03-16T19:53:06.402000+00:00,xyz:NVDA,A,183.12,2.706,Open Short,0.0,0.042813,0x2fa5d7de7527c29c311f04372f40dc0205ae00c4102ae16ed36e8331342b9c86
1773690786402,2026-03-16T19:53:06.402000+00:00,xyz:NVDA,A,183.11,7.273,Open Short,0.0,0.115063,0x2fa5d7de7527c29c311f04372f40dc0205ae00c4102ae16ed36e8331342b9c86
1773690786402,2026-03-16T19:53:06.402000+00:00,xyz:NVDA,A,183.1,0.5,Open Short,0.0,0.007909,0x2fa5d7de7527c29c311f04372f40dc0205ae00c4102ae16ed36e8331342b9c86
1773690786402,2026-03-16T19:53:06.402000+00:00,xyz:NVDA,A,183.1,16.824,Open Short,0.0,0.266152,0x2fa5d7de7527c29c311f04372f40dc0205ae00c4102ae16ed36e8331342b9c86
1773690788633,2026-03-16T19:53:08.633000+00:00,xyz:NVDA,A,183.17,27.266,Open Short,0.0,0.431508,0x47861b7b0a35ba2e48ff04372f40f50209ea0060a538d900eb4ec6cdc9399418
1773690788633,2026-03-16T19:53:08.633000+00:00,xyz:NVDA,A,183.16,0.037,Open Short,0.0,0.000585,0x47861b7b0a35ba2e48ff04372f40f50209ea0060a538d900eb4ec6cdc9399418
1773690790445,2026-03-16T19:53:10.445000+00:00,xyz:NVDA,A,183.17,3.351,Open Short,0.0,0.053032,0x15d6b4b2608f111a175004372f41080209f80097fb822fecb99f60051f82eb04
1773690790445,2026-03-16T19:53:10.445000+00:00,xyz:NVDA,A,183.16,0.025,Open Short,0.0,0.000395,0x15d6b4b2608f111a175004372f41080209f80097fb822fecb99f60051f82eb04
1773690790445,2026-03-16T19:53:10.445000+00:00,xyz:NVDA,A,183.13,23.925,Open Short,0.0,0.378551,0x15d6b4b2608f111a175004372f41080209f80097fb822fecb99f60051f82eb04
1773690791775,2026-03-16T19:53:11.775000+00:00,xyz:NVDA,A,183.17,0.062,Open Short,0.0,0.000981,0x102173becf9f119c119b04372f411602084b00a46a92306eb3ea1f118e92eb86
1773690791775,2026-03-16T19:53:11.775000+00:00,xyz:NVDA,A,183.17,3.351,Open Short,0.0,0.053032,0x102173becf9f119c119b04372f411602084b00a46a92306eb3ea1f118e92eb86
1773690791775,2026-03-16T19:53:11.775000+00:00,xyz:NVDA,A,183.17,2.687,Open Short,0.0,0.042524,0x102173becf9f119c119b04372f411602084b00a46a92306eb3ea1f118e92eb86
1773690791775,2026-03-16T19:53:11.775000+00:00,xyz:NVDA,A,183.14,0.927,Open Short,0.0,0.014668,0x102173becf9f119c119b04372f411602084b00a46a92306eb3ea1f118e92eb86
1773690791775,2026-03-16T19:53:11.775000+00:00,xyz:NVDA,A,183.13,20.268,Open Short,0.0,0.320689,0x102173becf9f119c119b04372f411602084b00a46a92306eb3ea1f118e92eb86
1773690793591,2026-03-16T19:53:13.591000+00:00,xyz:NVDA,A,183.2,24.114,Open Short,0.0,0.381687,0x3c1096a6b88b53e13d8a04372f412f020e75008c538e72b3dfd941f9778f2dcb
1773693333813,2026-03-16T20:35:33.813000+00:00,xyz:NVDA,A,182.77,2.678,Open Short,0.0,0.042289,0x6143125fcdcce37d62bc04372fb9510202bf004568c0024f050bbdb28cc0bd68
1773693333813,2026-03-16T20:35:33.813000+00:00,xyz:NVDA,A,182.76,5.375,Open Short,0.0,0.084873,0x6143125fcdcce37d62bc04372fb9510202bf004568c0024f050bbdb28cc0bd68
1773693333813,2026-03-16T20:35:33.813000+00:00,xyz:NVDA,A,182.74,19.291,Open Short,0.0,0.30458,0x6143125fcdcce37d62bc04372fb9510202bf004568c0024f050bbdb28cc0bd68
1773693337859,2026-03-16T20:35:37.859000+00:00,xyz:NVDA,A,182.74,18.434,Open Short,0.0,0.291049,0x5ccecb4b69d4499e5e4804372fb97a02049b003104d768700097769e28d82389
1773693383393,2026-03-16T20:36:23.393000+00:00,xyz:NVDA,A,182.64,0.328,Open Short,0.0,0.005175,0xbbf72e8f9890ac58bd7004372fbb9d020a7800753393cb2a5fbfd9e257948643
1773693383393,2026-03-16T20:36:23.393000+00:00,xyz:NVDA,A,182.62,2.713,Open Short,0.0,0.042806,0xbbf72e8f9890ac58bd7004372fbb9d020a7800753393cb2a5fbfd9e257948643
1773693383393,2026-03-16T20:36:23.393000+00:00,xyz:NVDA,A,182.6,0.5,Open Short,0.0,0.007888,0xbbf72e8f9890ac58bd7004372fbb9d020a7800753393cb2a5fbfd9e257948643
1773693383393,2026-03-16T20:36:23.393000+00:00,xyz:NVDA,A,182.6,5.419,Open Short,0.0,0.085493,0xbbf72e8f9890ac58bd7004372fbb9d020a7800753393cb2a5fbfd9e257948643
1773693383393,2026-03-16T20:36:23.393000+00:00,xyz:NVDA,A,182.59,5.232,Open Short,0.0,0.082538,0xbbf72e8f9890ac58bd7004372fbb9d020a7800753393cb2a5fbfd9e257948643
1773693896207,2026-03-16T20:44:56.207000+00:00,xyz:NVDA,A,182.61,0.059,Open Short,0.0,0.00093,0x6d8e2985d21536306f0704372fd4ba02017f006b6d1855021156d4d89119101b
1773693896207,2026-03-16T20:44:56.207000+00:00,xyz:NVDA,A,182.52,0.982,Open Short,0.0,0.015485,0x6d8e2985d21536306f0704372fd4ba02017f006b6d1855021156d4d89119101b
1773693896207,2026-03-16T20:44:56.207000+00:00,xyz:NVDA,A,182.5,0.5,Open Short,0.0,0.007884,0x6d8e2985d21536306f0704372fd4ba02017f006b6d1855021156d4d89119101b
1773693896207,2026-03-16T20:44:56.207000+00:00,xyz:NVDA,A,182.5,0.329,Open Short,0.0,0.005187,0x6d8e2985d21536306f0704372fd4ba02017f006b6d1855021156d4d89119101b
1773693896207,2026-03-16T20:44:56.207000+00:00,xyz:NVDA,A,182.5,3.433,Open Short,0.0,0.054131,0x6d8e2985d21536306f0704372fd4ba02017f006b6d1855021156d4d89119101b
1773693896207,2026-03-16T20:44:56.207000+00:00,xyz:NVDA,A,182.48,2.714,Open Short,0.0,0.042789,0x6d8e2985d21536306f0704372fd4ba02017f006b6d1855021156d4d89119101b
1773693896207,2026-03-16T20:44:56.207000+00:00,xyz:NVDA,A,182.48,14.399,Open Short,0.0,0.227018,0x6d8e2985d21536306f0704372fd4ba02017f006b6d1855021156d4d89119101b
1773694592005,2026-03-16T20:56:32.005000+00:00,xyz:NVDA,B,182.6,27.38,Close Short,21.68496,0.431964,0x5faff663deadb5ce612904372ff65702055f004979a0d4a00378a1b69da18fb9
1773694592005,2026-03-16T20:56:32.005000+00:00,xyz:NVDA,B,182.6,0.005,Close Short,0.00396,0.000078,0x5faff663deadb5ce612904372ff65702055f004979a0d4a00378a1b69da18fb9
1773694595118,2026-03-16T20:56:35.118000+00:00,xyz:NVDA,B,182.6,0.268,Close Short,0.212256,0.004228,0xc7d73feab440f694c95004372ff6820205b200d04f4415666b9feb3d7344d07f
1773694595118,2026-03-16T20:56:35.118000+00:00,xyz:NVDA,B,182.61,5.375,Close Short,4.20325,0.084804,0xc7d73feab440f694c95004372ff6820205b200d04f4415666b9feb3d7344d07f
1773694595118,2026-03-16T20:56:35.118000+00:00,xyz:NVDA,B,182.61,21.745,Close Short,17.00459,0.343081,0xc7d73feab440f694c95004372ff6820205b200d04f4415666b9feb3d7344d07f
1773694598029,2026-03-16T20:56:38.029000+00:00,xyz:NVDA,B,182.6,2.702,Close Short,2.139984,0.042628,0x42d024e05d8503e9444904372ff6a802062800c5f88822bbe698d0331c88ddd3
1773694598029,2026-03-16T20:56:38.029000+00:00,xyz:NVDA,B,182.61,0.273,Close Short,0.213486,0.004307,0x42d024e05d8503e9444904372ff6a802062800c5f88822bbe698d0331c88ddd3
1773694598029,2026-03-16T20:56:38.029000+00:00,xyz:NVDA,B,182.61,5.375,Close Short,4.20325,0.084804,0x42d024e05d8503e9444904372ff6a802062800c5f88822bbe698d0331c88ddd3
1773694598029,2026-03-16T20:56:38.029000+00:00,xyz:NVDA,B,182.62,0.062,Close Short,0.047864,0.000978,0x42d024e05d8503e9444904372ff6a802062800c5f88822bbe698d0331c88ddd3
1773694598029,2026-03-16T20:56:38.029000+00:00,xyz:NVDA,B,182.62,18.976,Close Short,14.649472,0.29941,0x42d024e05d8503e9444904372ff6a802062800c5f88822bbe698d0331c88ddd3
1773694599433,2026-03-16T20:56:39.433000+00:00,xyz:NVDA,B,182.6,0.062,Close Short,0.049104,0.000978,0xfaf75e43817e5576fc7104372ff6b802036f00291c7174499ec0099640722f61
1773694599433,2026-03-16T20:56:39.433000+00:00,xyz:NVDA,B,182.61,2.619,Close Short,2.048058,0.041321,0xfaf75e43817e5576fc7104372ff6b802036f00291c7174499ec0099640722f61
1773694599433,2026-03-16T20:56:39.433000+00:00,xyz:NVDA,B,182.62,24.707,Close Short,19.073804,0.389836,0xfaf75e43817e5576fc7104372ff6b802036f00291c7174499ec0099640722f61
1773694601140,2026-03-16T20:56:41.140000+00:00,xyz:NVDA,B,182.6,0.062,Close Short,0.049104,0.000978,0x64c6b2308a4bd904664004372ff6d10206470016254ef7d6088f5d83494fb2ef
1773694601140,2026-03-16T20:56:41.140000+00:00,xyz:NVDA,B,182.61,0.273,Close Short,0.213486,0.004307,0x64c6b2308a4bd904664004372ff6d10206470016254ef7d6088f5d83494fb2ef
1773694601140,2026-03-16T20:56:41.140000+00:00,xyz:NVDA,B,182.62,27.053,Close Short,20.884916,0.426852,0x64c6b2308a4bd904664004372ff6d10206470016254ef7d6088f5d83494fb2ef
1773694603756,2026-03-16T20:56:43.756000+00:00,xyz:NVDA,B,182.6,0.062,Close Short,0.049104,0.000978,0xbc53ed53b5964f08bdcd04372ff6f40203d5003950996dda601c98a6749a28f3
1773694603756,2026-03-16T20:56:43.756000+00:00,xyz:NVDA,B,182.62,27.326,Close Short,21.095672,0.431159,0xbc53ed53b5964f08bdcd04372ff6f40203d5003950996dda601c98a6749a28f3
1773694605313,2026-03-16T20:56:45.313000+00:00,xyz:NVDA,B,182.6,0.062,Close Short,0.049104,0.000978,0xd84ffea3b582dff5d9c904372ff70902040300895085fec77c18a9f67486b9e0
1773694605313,2026-03-16T20:56:45.313000+00:00,xyz:NVDA,B,182.62,27.323,Close Short,21.093356,0.431112,0xd84ffea3b582dff5d9c904372ff70902040300895085fec77c18a9f67486b9e0
1773694606926,2026-03-16T20:56:46.926000+00:00,xyz:NVDA,B,182.6,0.062,Close Short,0.049104,0.000978,0x1188d8e6c00894a6130204372ff71e0205c200cc5b0bb378b55184397f0c6e90
1773694606926,2026-03-16T20:56:46.926000+00:00,xyz:NVDA,B,182.62,27.323,Close Short,21.093356,0.431112,0x1188d8e6c00894a6130204372ff71e0205c200cc5b0bb378b55184397f0c6e90
1773694607893,2026-03-16T20:56:47.893000+00:00,xyz:NVDA,B,182.6,0.062,Close Short,0.049104,0.000978,0xb7da794140551ee2b95404372ff72c0202490026db583db45ba32493ff58f8cd
1773694607893,2026-03-16T20:56:47.893000+00:00,xyz:NVDA,B,182.61,2.702,Close Short,2.112964,0.04263,0xb7da794140551ee2b95404372ff72c0202490026db583db45ba32493ff58f8cd
1773694607893,2026-03-16T20:56:47.893000+00:00,xyz:NVDA,B,182.62,24.622,Close Short,19.008184,0.388494,0xb7da794140551ee2b95404372ff72c0202490026db583db45ba32493ff58f8cd
1773694609083,2026-03-16T20:56:49.083000+00:00,xyz:NVDA,B,182.6,0.062,Close Short,0.049104,0.000978,0xfab72715373c3937fc3004372ff73c02019700fad23f580a9e7fd267f6301322
1773694609083,2026-03-16T20:56:49.083000+00:00,xyz:NVDA,B,182.62,27.324,Close Short,21.094128,0.431128,0xfab72715373c3937fc3004372ff73c02019700fad23f580a9e7fd267f6301322
1773694610679,2026-03-16T20:56:50.679000+00:00,xyz:NVDA,B,182.6,0.062,Close Short,0.049104,0.000978,0x87f06b9d3709d27f896a04372ff74d0203870082d20cf1512bb916eff60dac6a
1773694610679,2026-03-16T20:56:50.679000+00:00,xyz:NVDA,B,182.62,27.324,Close Short,21.094128,0.431128,0x87f06b9d3709d27f896a04372ff74d0203870082d20cf1512bb916eff60dac6a
1773694611969,2026-03-16T20:56:51.969000+00:00,xyz:NVDA,B,182.6,0.062,Close Short,0.049104,0.000978,0x5e3188d5f455122f5fab04372ff75b02045e00bb8f58310101fa3428b358ec1a
1773694611969,2026-03-16T20:56:51.969000+00:00,xyz:NVDA,B,182.62,27.324,Close Short,21.094128,0.431128,0x5e3188d5f455122f5fab04372ff75b02045e00bb8f58310101fa3428b358ec1a
1773694625671,2026-03-16T20:57:05.671000+00:00,xyz:NVDA,B,182.62,27.38,Close Short,21.13736,0.432011,0xec9e9fbc885ae78fee1804372ff81f0204ca00a2235e066190674b0f475ec17a
1773694626774,2026-03-16T20:57:06.774000+00:00,xyz:NVDA,B,182.62,27.38,Close Short,21.13736,0.432011,0x754be0cd36a9b9ca76c504372ff82a02048000b2d1acd89c19148c1ff5ad93b5
1773694628199,2026-03-16T20:57:08.199000+00:00,xyz:NVDA,B,182.62,27.38,Close Short,21.13736,0.432011,0x2d72f8668b2799312eec04372ff83a0204b8004c262ab803d13ba3b94a2b731b
1773694629215,2026-03-16T20:57:09.215000+00:00,xyz:NVDA,B,182.62,27.379,Close Short,21.136588,0.431995,0x1ce3c9cec4b1b2141e5d04372ff84402050700b45fb4d0e6c0ac752183b58bfe
1773694630631,2026-03-16T20:57:10.631000+00:00,xyz:NVDA,B,182.62,27.379,Close Short,21.136588,0.431995,0x1370e7569487671d14ea04372ff852020946003c2f8a85efb73992a9538b4107
1773694632139,2026-03-16T20:57:12.139000+00:00,xyz:NVDA,B,182.62,27.379,Close Short,21.136588,0.431995,0xccf46de3a954e3d4ce6e04372ff8620202cb00c9445802a670bd19366858bdbf
1773694632938,2026-03-16T20:57:12.938000+00:00,xyz:NVDA,B,182.62,27.379,Close Short,21.136588,0.431995,0xb21a90b904afefcfb39404372ff86d0205d1009e9fa30ea155e33c0bc3a3c9ba
1773694633940,2026-03-16T20:57:13.940000+00:00,xyz:NVDA,B,182.62,27.379,Close Short,21.136588,0.431995,0x1f0f2084f8878210208804372ff87a0202be006a938aa0e2c2d7cbd7b78b5bfa
1773694634948,2026-03-16T20:57:14.948000+00:00,xyz:NVDA,B,182.62,27.379,Close Short,21.136588,0.431995,0xf12b8d098ce1aaa3f2a504372ff88502027d00ef27e4c97694f4385c4be5848e
1773694636052,2026-03-16T20:57:16.052000+00:00,xyz:NVDA,B,182.62,27.379,Close Short,21.136588,0.431995,0xd120ac66fb353c0bd29a04372ff89102046e004c96385add74e957b9ba3915f6
1773694638674,2026-03-16T20:57:18.674000+00:00,xyz:NVDA,B,182.62,27.379,Close Short,21.136588,0.431995,0x37d99f2ec4f871d8395304372ff8ae02041900145ffb90aadba24a8183fc4bc2
1773694639798,2026-03-16T20:57:19.798000+00:00,xyz:NVDA,B,182.62,27.38,Close Short,21.13736,0.432011,0xf17ba7e20caed2f8f2f504372ff8b90203d500c7a7a1f1cb95445334cba2ace3
1773694641293,2026-03-16T20:57:21.293000+00:00,xyz:NVDA,B,182.62,27.379,Close Short,21.136588,0.431995,0x877459856370993488ee04372ff8cb0202f0006afe73b8062b3d04d82274731f
1773694642776,2026-03-16T20:57:22.776000+00:00,xyz:NVDA,B,182.62,27.379,Close Short,21.136588,0.431995,0xa5ba233f772c7de4a73304372ff8e10201f50025122f9cb64982ce92362057cf
1773694644309,2026-03-16T20:57:24.309000+00:00,xyz:NVDA,B,182.62,27.38,Close Short,21.13736,0.432011,0x53ceeabb7f924b8a554804372ff8f702022600a11a956a5cf797960e3e962574
1773694645988,2026-03-16T20:57:25.988000+00:00,xyz:NVDA,B,182.62,27.38,Close Short,21.13736,0.432011,0x52475f46a511531053c104372ff90f0203c6002c401471e2f6100a9964152cfa
1773694647331,2026-03-16T20:57:27.331000+00:00,xyz:NVDA,B,182.62,27.379,Close Short,21.136588,0.431995,0xce39e479ea36a948cfb304372ff923020e84005f8539c81a72028fcca93a8333
1773694648363,2026-03-16T20:57:28.363000+00:00,xyz:NVDA,B,182.62,27.379,Close Short,21.136588,0.431995,0x8ffd624755160ddb917704372ff9320210d7002cf0192cad33c60d9a1419e7c6
1773694650805,2026-03-16T20:57:30.805000+00:00,xyz:NVDA,B,182.62,27.379,Close Short,21.136588,0.431995,0x1fa3621d24ea73b3211d04372ff9550207ed0002bfed9285c36c0d6fe3ee4d9d
1773694652259,2026-03-16T20:57:32.259000+00:00,xyz:NVDA,B,182.62,27.379,Close Short,21.136588,0.431995,0x584617193fe735cf59bf04372ff9690201b900fedaea54a1fc0ec26bfeeb0fb9
1773694653547,2026-03-16T20:57:33.547000+00:00,xyz:NVDA,B,182.62,27.379,Close Short,21.136588,0.431995,0xf95f24d52dc0f2d8fad804372ff97c0204a800bac8c411ab9d27d027ecc4ccc3
1773694654403,2026-03-16T20:57:34.403000+00:00,xyz:NVDA,B,182.62,27.379,Close Short,21.136588,0.431995,0x59a7d37d647eca095b2104372ff98a0203850062ff71e8dbfd707ed02372a3f3
1773694657138,2026-03-16T20:57:37.138000+00:00,xyz:NVDA,B,182.62,27.379,Close Short,21.136588,0.431995,0x7b7dc0126910e2b07cf704372ff9ad02027000f8041401821f466b652814bc9b
1773694657976,2026-03-16T20:57:37.976000+00:00,xyz:NVDA,B,182.62,12.837,Close Short,9.910164,0.202546,0x6a1154ce4466bf0d6b8b04372ff9b90203b100b3df69dddf0dda0021036a98f8
1773694657976,2026-03-16T20:57:37.976000+00:00,xyz:NVDA,B,182.68,0.972,Close Short,0.692064,0.015341,0x6a1154ce4466bf0d6b8b04372ff9b90203b100b3df69dddf0dda0021036a98f8
1773694657976,2026-03-16T20:57:37.976000+00:00,xyz:NVDA,B,182.69,5.375,Close Short,3.77325,0.084841,0x6a1154ce4466bf0d6b8b04372ff9b90203b100b3df69dddf0dda0021036a98f8
1773694657976,2026-03-16T20:57:37.976000+00:00,xyz:NVDA,B,182.69,8.195,Close Short,5.75289,0.129353,0x6a1154ce4466bf0d6b8b04372ff9b90203b100b3df69dddf0dda0021036a98f8
1773694659051,2026-03-16T20:57:39.051000+00:00,xyz:NVDA,B,182.69,27.379,Close Short,19.220058,0.432161,0xab8186e485c2c225acfb04372ff9c602033600ca20c5e0f74f4a323744c69c10
1773694661281,2026-03-16T20:57:41.281000+00:00,xyz:NVDA,B,182.68,1.611,Close Short,1.147032,0.025427,0x63f109bd61a3169f656a04372ff9de02072c00a2fca6357107b9b51020a6f08a
1773694661281,2026-03-16T20:57:41.281000+00:00,xyz:NVDA,B,182.69,0.273,Close Short,0.191646,0.004309,0x63f109bd61a3169f656a04372ff9de02072c00a2fca6357107b9b51020a6f08a
1773694661281,2026-03-16T20:57:41.281000+00:00,xyz:NVDA,B,182.7,25.495,Close Short,17.64254,0.402445,0x63f109bd61a3169f656a04372ff9de02072c00a2fca6357107b9b51020a6f08a
1773694663283,2026-03-16T20:57:43.283000+00:00,xyz:NVDA,B,182.69,2.621,Close Short,1.839942,0.04137,0xf60d5422477ac8aaf78704372ff9f5020bde0007e27de77d99d5ff75067ea295
1773694663283,2026-03-16T20:57:43.283000+00:00,xyz:NVDA,B,182.7,0.885,Close Short,0.61242,0.013969,0xf60d5422477ac8aaf78704372ff9f5020bde0007e27de77d99d5ff75067ea295
1773694663283,2026-03-16T20:57:43.283000+00:00,xyz:NVDA,B,182.7,5.375,Close Short,3.7195,0.084845,0xf60d5422477ac8aaf78704372ff9f5020bde0007e27de77d99d5ff75067ea295
1773694663283,2026-03-16T20:57:43.283000+00:00,xyz:NVDA,B,182.7,0.273,Close Short,0.188916,0.004309,0xf60d5422477ac8aaf78704372ff9f5020bde0007e27de77d99d5ff75067ea295
1773694663283,2026-03-16T20:57:43.283000+00:00,xyz:NVDA,B,182.71,18.225,Close Short,12.42945,0.287702,0xf60d5422477ac8aaf78704372ff9f5020bde0007e27de77d99d5ff75067ea295
1773694664510,2026-03-16T20:57:44.510000+00:00,xyz:NVDA,B,182.7,1.611,Close Short,1.114812,0.02543,0x1c2301229a03d9ab1d9c04372ffa00020a7800083506f87dbfebac755907b395
1773694664510,2026-03-16T20:57:44.510000+00:00,xyz:NVDA,B,182.71,25.768,Close Short,17.573776,0.406777,0x1c2301229a03d9ab1d9c04372ffa00020a7800083506f87dbfebac755907b395
1773694665828,2026-03-16T20:57:45.828000+00:00,xyz:NVDA,B,182.69,2.664,Close Short,1.870128,0.042049,0x548d141583f2bc52560604372ffa0f020ce400fb1ef5db24f855bf6842f6963c
1773694665828,2026-03-16T20:57:45.828000+00:00,xyz:NVDA,B,182.7,5.375,Close Short,3.7195,0.084845,0x548d141583f2bc52560604372ffa0f020ce400fb1ef5db24f855bf6842f6963c
1773694665828,2026-03-16T20:57:45.828000+00:00,xyz:NVDA,B,182.71,0.273,Close Short,0.186186,0.004309,0x548d141583f2bc52560604372ffa0f020ce400fb1ef5db24f855bf6842f6963c
1773694665828,2026-03-16T20:57:45.828000+00:00,xyz:NVDA,B,182.71,19.067,Close Short,13.003694,0.300994,0x548d141583f2bc52560604372ffa0f020ce400fb1ef5db24f855bf6842f6963c
1773694666932,2026-03-16T20:57:46.932000+00:00,xyz:NVDA,B,182.71,7.313,Close Short,4.987466,0.115444,0x064627ee0a12874f07bf04372ffa1b02045a00d3a515a621aa0ed340c9166139
1773694666932,2026-03-16T20:57:46.932000+00:00,xyz:NVDA,B,182.71,20.066,Close Short,13.685012,0.316764,0x064627ee0a12874f07bf04372ffa1b02045a00d3a515a621aa0ed340c9166139
1773694669566,2026-03-16T20:57:49.566000+00:00,xyz:NVDA,B,182.7,1.621,Close Short,1.121732,0.025587,0x78a5d2df041210df7a1f04372ffa3702036e00c49f152fb11c6e7e31c315eaca
1773694669566,2026-03-16T20:57:49.566000+00:00,xyz:NVDA,B,182.7,25.758,Close Short,17.824536,0.406597,0x78a5d2df041210df7a1f04372ffa3702036e00c49f152fb11c6e7e31c315eaca
1773694670968,2026-03-16T20:57:50.968000+00:00,xyz:NVDA,B,182.7,14.253,Close Short,9.863076,0.224987,0x9e1da9a7f24b6a849f9704372ffa45020483008d8d4e895641e654fab14f446f
1773694670968,2026-03-16T20:57:50.968000+00:00,xyz:NVDA,B,182.7,0.273,Close Short,0.188916,0.004309,0x9e1da9a7f24b6a849f9704372ffa45020483008d8d4e895641e654fab14f446f
1773694670968,2026-03-16T20:57:50.968000+00:00,xyz:NVDA,B,182.71,12.856,Close Short,8.767792,0.202946,0x9e1da9a7f24b6a849f9704372ffa45020483008d8d4e895641e654fab14f446f
1773694671977,2026-03-16T20:57:51.977000+00:00,xyz:NVDA,B,182.7,2.62,Close Short,1.81304,0.041357,0xc39ccc03e709327bc51604372ffa4f0203fd00e9820c514d67657756a60d0c66
1773694671977,2026-03-16T20:57:51.977000+00:00,xyz:NVDA,B,182.71,24.762,Close Short,16.887684,0.390896,0xc39ccc03e709327bc51604372ffa4f0203fd00e9820c514d67657756a60d0c66
1773694673805,2026-03-16T20:57:53.805000+00:00,xyz:NVDA,B,182.7,2.664,Close Short,1.843488,0.042051,0x90e81a76e0f9aff4926104372ffa62020855005c7bfccec634b0c5c99ffd89df
1773694673805,2026-03-16T20:57:53.805000+00:00,xyz:NVDA,B,182.71,0.273,Close Short,0.186186,0.004309,0x90e81a76e0f9aff4926104372ffa62020855005c7bfccec634b0c5c99ffd89df
1773694673805,2026-03-16T20:57:53.805000+00:00,xyz:NVDA,B,182.71,24.443,Close Short,16.670126,0.38586,0x90e81a76e0f9aff4926104372ffa62020855005c7bfccec634b0c5c99ffd89df
1773694676959,2026-03-16T20:57:56.959000+00:00,xyz:NVDA,B,182.71,32.871,Close Short,22.418022,0.518906,0x124fac1e65c50c7613c904372ffa8c0202d8000400c82b48b618577124c8e660
1773694676959,2026-03-16T20:57:56.959000+00:00,xyz:NVDA,B,182.72,0.1,Close Short,0.0672,0.001578,0x124fac1e65c50c7613c904372ffa8c0202d8000400c82b48b618577124c8e660
1773694676959,2026-03-16T20:57:56.959000+00:00,xyz:NVDA,B,182.72,0.99,Close Short,0.66528,0.015629,0x124fac1e65c50c7613c904372ffa8c0202d8000400c82b48b618577124c8e660
1773694676959,2026-03-16T20:57:56.959000+00:00,xyz:NVDA,B,182.72,0.273,Close Short,0.183456,0.004309,0x124fac1e65c50c7613c904372ffa8c0202d8000400c82b48b618577124c8e660
1773694676959,2026-03-16T20:57:56.959000+00:00,xyz:NVDA,B,182.73,0.329,Close Short,0.217798,0.005194,0x124fac1e65c50c7613c904372ffa8c0202d8000400c82b48b618577124c8e660
1773694676959,2026-03-16T20:57:56.959000+00:00,xyz:NVDA,B,182.73,11.43,Close Short,7.56666,0.180455,0x124fac1e65c50c7613c904372ffa8c0202d8000400c82b48b618577124c8e660
1773755767095,2026-03-17T13:56:07.095000+00:00,xyz:CL,B,94.12,10.416,Open Long,0.0,0.084702,0x45b97ab18b48a2bf473304373b44cc020bb00097264bc191e98226044a4c7ca9
1773755832300,2026-03-17T13:57:12.300000+00:00,xyz:CL,A,94.046,5.596,Close Long,-0.414104,0.04547,0x98eb22b8f039dcce9a6404373b47d10213fe009e8b3cfba03cb3ce0baf3db6b9
1773755832300,2026-03-17T13:57:12.300000+00:00,xyz:CL,A,94.038,4.82,Close Long,-0.39524,0.039161,0x98eb22b8f039dcce9a6404373b47d10213fe009e8b3cfba03cb3ce0baf3db6b9
1773755855474,2026-03-17T13:57:35.474000+00:00,BTC,A,73606.0,0.0012,Open Short,0.0,0.038157,0xfd43c56f9dd564cafebd04373b490302046e005538d8839da10c70c25cd93eb5
1773755855474,2026-03-17T13:57:35.474000+00:00,BTC,A,73606.0,0.01266,Open Short,0.0,0.40256,0xfd43c56f9dd564cafebd04373b490302046e005538d8839da10c70c25cd93eb5
1773755868717,2026-03-17T13:57:48.717000+00:00,ETH,A,2328.4,0.4382,Open Short,0.0,0.440771,0xe165c992723a6622e2df04373b499e02095d00780d3d84f4852e74e5313e400d
1773755869229,2026-03-17T13:57:49.229000+00:00,ETH,A,2328.5,0.4382,Open Short,0.0,0.44079,0x29030186d091e90b2a7c04373b49a302095a006c6b9507ddcccbacd98f95c2f5
1773755876919,2026-03-17T13:57:56.919000+00:00,ETH,A,2328.7,0.4381,Open Short,0.0,0.440727,0xfbb4a226b1280c7cfd2e04373b4a04020ba6000c4c2b2b4f9f7d4d79702be667
1773755915587,2026-03-17T13:58:35.587000+00:00,xyz:CL,B,94.21,10.407,Open Long,0.0,0.08471,0x0872bf184eb2714309ec04373b4bdb02047400fde9b59015ac3b6a6b0db64b2d
1773755928065,2026-03-17T13:58:48.065000+00:00,xyz:CL,A,94.193,1.885,Close Long,-0.032045,0.01534,0x9a405cf2ac9a9c929bba04373b4c7e02079300d8479dbb643e0908456b9e767d
1773755928065,2026-03-17T13:58:48.065000+00:00,xyz:CL,A,94.191,8.522,Close Long,-0.161918,0.069352,0x9a405cf2ac9a9c929bba04373b4c7e02079300d8479dbb643e0908456b9e767d
1773755929084,2026-03-17T13:58:49.084000+00:00,ETH,B,2328.6,1.3144,Close Short,-0.092008,1.322227,0x7a1dbe95b0dbef477b9704373b4c8b020d76007b4bdf0e191de669e86fdfc932
1773755929084,2026-03-17T13:58:49.084000+00:00,BTC,B,73618.0,0.01386,Close Short,-0.16632,0.440789,0xa397ca56497cafd7a51104373b4c8b020d90003be47fcea9476075a9087089c2
1773755937679,2026-03-17T13:58:57.679000+00:00,ETH,B,2328.6,0.0001,Close Short,-0.000007,0.0001,0x64a34d625a8a895e661d04373b4ce80207380047f58da830086bf8b5198e6349
1773755968551,2026-03-17T13:59:28.551000+00:00,xyz:CL,B,94.24,10.404,Open Long,0.0,0.084712,0x6043edd67db5240661bd04373b4e6f02050000bc18b842d8040c99293cb8fdf1
1773756041558,2026-03-17T14:00:41.558000+00:00,xyz:CL,A,94.373,0.12,Close Long,0.01596,0.000978,0x8a0ac7856b5f91e28b8404373b51cc020b59006b0652b0b42dd372d82a536bcd
1773756041558,2026-03-17T14:00:41.558000+00:00,xyz:CL,A,94.372,7.416,Close Long,0.978912,0.060468,0x8a0ac7856b5f91e28b8404373b51cc020b59006b0652b0b42dd372d82a536bcd
1773756041558,2026-03-17T14:00:41.558000+00:00,xyz:CL,A,94.371,1.749,Close Long,0.229119,0.01426,0x8a0ac7856b5f91e28b8404373b51cc020b59006b0652b0b42dd372d82a536bcd
1773756041558,2026-03-17T14:00:41.558000+00:00,xyz:CL,A,94.371,1.119,Close Long,0.146589,0.009123,0x8a0ac7856b5f91e28b8404373b51cc020b59006b0652b0b42dd372d82a536bcd
1773756268639,2026-03-17T14:04:28.639000+00:00,xyz:CL,B,94.586,5.286,Open Long,0.0,0.043198,0x7a9c363118b9b7637c1504373b5c82020a910016b3bcd6351e64e183d7bd914e
1773756268639,2026-03-17T14:04:28.639000+00:00,xyz:CL,B,94.589,5.083,Open Long,0.0,0.04154,0x7a9c363118b9b7637c1504373b5c82020a910016b3bcd6351e64e183d7bd914e
1773756308626,2026-03-17T14:05:08.626000+00:00,xyz:CL,A,94.587,10.783,Long > Short,0.0,0.088122,0x5fef1d643bad85b5616804373b5e4a0212b00049d6a0a48703b7c8b6faa15fa0
1773756312810,2026-03-17T14:05:12.810000+00:00,xyz:CL,B,94.603,0.414,Close Short,-0.006624,0.003383,0xa911583419baf9f2aa8b04373b5e810204e60019b4be18c44cda0386d8bed3dd
1773758534863,2026-03-17T14:42:14.863000+00:00,xyz:CL,B,93.945,10.436,Open Long,0.0,0.084707,0x079c333cfcac784a091504373bc669021265002297af971cab64de8fbba05234
1773758541596,2026-03-17T14:42:21.596000+00:00,xyz:CL,A,93.826,9.695,Close Long,-1.153705,0.078593,0xfd0609a9fe72268dfe7f04373bc6ac0210fb008f99754560a0ceb4fcbd760078
1773758541596,2026-03-17T14:42:21.596000+00:00,xyz:CL,A,93.824,0.741,Close Long,-0.089661,0.006006,0xfd0609a9fe72268dfe7f04373bc6ac0210fb008f99754560a0ceb4fcbd760078
1773760796010,2026-03-17T15:19:56.010000+00:00,xyz:CL,B,94.033,521.196,Open Long,0.0,4.234431,0x387fd341eab3350039f904373c31db020634002785b653d2dc487e94a9b70eea
1773760814761,2026-03-17T15:20:14.761000+00:00,xyz:CL,B,94.033,467.927,Open Long,0.0,3.80165,0x57cc127ab3beb06e594504373c32b102069600604eb1cf40fb94bdcd72b28a58
1773760876966,2026-03-17T15:21:16.966000+00:00,xyz:CL,B,93.958,10.644,Open Long,0.0,0.086407,0xc24c5e3c3ed05c84c3c604373c358f0215420021d9d37b566615098efdd4366f
1773760876966,2026-03-17T15:21:16.966000+00:00,xyz:CL,B,93.959,95.781,Open Long,0.0,0.777555,0xc24c5e3c3ed05c84c3c604373c358f0215420021d9d37b566615098efdd4366f
1773761267726,2026-03-17T15:27:47.726000+00:00,xyz:CL,B,94.077,10.631,Open Long,0.0,0.086411,0x266a89f25e3306d127e404373c47bb0204cc00d7f93625a3ca3335451d36e0bb
1773761267726,2026-03-17T15:27:47.726000+00:00,xyz:CL,B,94.078,22.128,Open Long,0.0,0.179863,0x266a89f25e3306d127e404373c47bb0204cc00d7f93625a3ca3335451d36e0bb
1773761267726,2026-03-17T15:27:47.726000+00:00,xyz:CL,B,94.081,5.315,Open Long,0.0,0.043203,0x266a89f25e3306d127e404373c47bb0204cc00d7f93625a3ca3335451d36e0bb
1773761267726,2026-03-17T15:27:47.726000+00:00,xyz:CL,B,94.09,10.631,Open Long,0.0,0.086423,0x266a89f25e3306d127e404373c47bb0204cc00d7f93625a3ca3335451d36e0bb
1773761267726,2026-03-17T15:27:47.726000+00:00,xyz:CL,B,94.09,51.0,Open Long,0.0,0.414598,0x266a89f25e3306d127e404373c47bb0204cc00d7f93625a3ca3335451d36e0bb
1773761267726,2026-03-17T15:27:47.726000+00:00,xyz:CL,B,94.092,315.608,Open Long,0.0,2.56575,0x266a89f25e3306d127e404373c47bb0204cc00d7f93625a3ca3335451d36e0bb
1773761267726,2026-03-17T15:27:47.726000+00:00,xyz:CL,B,94.092,116.336,Open Long,0.0,0.945759,0x266a89f25e3306d127e404373c47bb0204cc00d7f93625a3ca3335451d36e0bb
1773761604531,2026-03-17T15:33:24.531000+00:00,xyz:CL,A,94.319,406.799,Close Long,110.649328,3.31507,0x98cba179c001dcf19a4504373c56f202039e005f5b04fbc33c944ccc7f05b6dc
1773761610624,2026-03-17T15:33:30.624000+00:00,xyz:CL,A,94.369,222.689,Close Long,71.705858,1.81569,0xf175c1fa65dfe76ff2ef04373c57440203e900e000d30642953e6d4d24d3c15a
1773761610624,2026-03-17T15:33:30.624000+00:00,xyz:CL,A,94.368,82.41,Close Long,26.45361,0.671921,0xf175c1fa65dfe76ff2ef04373c57440203e900e000d30642953e6d4d24d3c15a
1773761793786,2026-03-17T15:36:33.786000+00:00,xyz:CL,B,94.63,158.497,Open Long,0.0,1.295876,0x9f31dfbffc697b55a0ab04373c601c02060200a5976c9a2742fa8b12bb6d5540
1773762580373,2026-03-17T15:49:40.373000+00:00,xyz:CL,B,95.089,105.148,Open Long,0.0,0.863863,0x99931d22ba39690e9b0c04373c851c020be70008553c87e03d5bc875793d42f9
1773762581862,2026-03-17T15:49:41.862000+00:00,xyz:CL,B,95.089,9.567,Open Long,0.0,0.078599,0xe3ea86d8b1d751b9e56404373c852c020b2100be4cda708b87b3322b70db2ba4
1773762581862,2026-03-17T15:49:41.862000+00:00,xyz:CL,B,95.09,95.559,Open Long,0.0,0.785091,0xe3ea86d8b1d751b9e56404373c852c020b2100be4cda708b87b3322b70db2ba4
1773762583264,2026-03-17T15:49:43.264000+00:00,xyz:CL,B,95.09,105.126,Open Long,0.0,0.863691,0xf71e2642cd41c5caf89704373c8539020bef00286844e49d9ae6d1958c459fb5
1773762585703,2026-03-17T15:49:45.703000+00:00,xyz:CL,B,95.089,37.173,Open Long,0.0,0.305401,0xc02f8a3997cd1bf4c1a904373c855502054b001f32c03ac663f8358c56c0f5df
1773762585703,2026-03-17T15:49:45.703000+00:00,xyz:CL,B,95.09,67.976,Open Long,0.0,0.558475,0xc02f8a3997cd1bf4c1a904373c855502054b001f32c03ac663f8358c56c0f5df
1773762588127,2026-03-17T15:49:48.127000+00:00,xyz:CL,B,95.076,105.138,Open Long,0.0,0.863663,0xecc500fc34d93ce0ee3e04373c85720216f300e1cfdc5bb2908dac4ef3dd16cb
1773762971677,2026-03-17T15:56:11.677000+00:00,xyz:CL,A,94.649,9.609,Close Long,1.950627,0.078579,0x1b80e51618ba87281cfa04373c976302026c00fbb3bda5fabf499068d7be6112
1773762971677,2026-03-17T15:56:11.677000+00:00,xyz:CL,A,94.646,107.775,Close Long,21.555,0.88132,0x1b80e51618ba87281cfa04373c976302026c00fbb3bda5fabf499068d7be6112
1773762971677,2026-03-17T15:56:11.677000+00:00,xyz:CL,A,94.641,37.69,Close Long,7.34955,0.30819,0x1b80e51618ba87281cfa04373c976302026c00fbb3bda5fabf499068d7be6112
1773762971677,2026-03-17T15:56:11.677000+00:00,xyz:CL,A,94.634,12.491,Close Long,2.348308,0.102131,0x1b80e51618ba87281cfa04373c976302026c00fbb3bda5fabf499068d7be6112
1773762971677,2026-03-17T15:56:11.677000+00:00,xyz:CL,A,94.624,233.597,Close Long,41.580266,1.909775,0x1b80e51618ba87281cfa04373c976302026c00fbb3bda5fabf499068d7be6112
1773762971736,2026-03-17T15:56:11.736000+00:00,xyz:CL,A,94.638,67.993,Close Long,13.054656,0.555959,0xc2567f589e18b201c3d004373c976402056d003e391bd0d3661f2aab5d1c8bec
1773762977659,2026-03-17T15:56:17.659000+00:00,xyz:CL,A,94.606,7.397,Close Long,1.18352,0.060462,0x6ed7aa2420b78ea4705104373c97b00226ab0009bbbaad7612a05576dfbb688f
1773762977659,2026-03-17T15:56:17.659000+00:00,xyz:CL,A,94.605,1.056,Close Long,0.167904,0.008631,0x6ed7aa2420b78ea4705104373c97b00226ab0009bbbaad7612a05576dfbb688f
1773762977659,2026-03-17T15:56:17.659000+00:00,xyz:CL,A,94.604,530.612,Close Long,83.836696,4.337108,0x6ed7aa2420b78ea4705104373c97b00226ab0009bbbaad7612a05576dfbb688f
1773763005358,2026-03-17T15:56:45.358000+00:00,xyz:CL,A,94.682,591.263,Close Long,139.538068,4.836841,0x44f44180d5bad266466d04373c98dc020b9f006670bdf138e8bcecd394beac50
1773779918048,2026-03-17T20:38:38.048000+00:00,xyz:CL,A,95.374,10.484,Open Short,0.0,0.086391,0x1e731befe453caa41fec04373fb00f0204da00d57f56e976c23bc742a357a48e
1773779918048,2026-03-17T20:38:38.048000+00:00,xyz:CL,A,95.373,0.524,Open Short,0.0,0.004317,0x1e731befe453caa41fec04373fb00f0204da00d57f56e976c23bc742a357a48e
1773779918048,2026-03-17T20:38:38.048000+00:00,xyz:CL,A,95.371,1.483,Open Short,0.0,0.01222,0x1e731befe453caa41fec04373fb00f0204da00d57f56e976c23bc742a357a48e
1773779918048,2026-03-17T20:38:38.048000+00:00,xyz:CL,A,95.367,19.2,Open Short,0.0,0.158202,0x1e731befe453caa41fec04373fb00f0204da00d57f56e976c23bc742a357a48e
1773779918048,2026-03-17T20:38:38.048000+00:00,xyz:CL,A,95.366,5.242,Open Short,0.0,0.043192,0x1e731befe453caa41fec04373fb00f0204da00d57f56e976c23bc742a357a48e
1773779918048,2026-03-17T20:38:38.048000+00:00,xyz:CL,A,95.359,2.62,Open Short,0.0,0.021586,0x1e731befe453caa41fec04373fb00f0204da00d57f56e976c23bc742a357a48e
1773779918048,2026-03-17T20:38:38.048000+00:00,xyz:CL,A,95.358,209.717,Open Short,0.0,1.727843,0x1e731befe453caa41fec04373fb00f0204da00d57f56e976c23bc742a357a48e
1773779918048,2026-03-17T20:38:38.048000+00:00,xyz:CL,A,95.358,1.048,Open Short,0.0,0.008634,0x1e731befe453caa41fec04373fb00f0204da00d57f56e976c23bc742a357a48e
1773779918048,2026-03-17T20:38:38.048000+00:00,xyz:CL,A,95.356,7.909,Open Short,0.0,0.06516,0x1e731befe453caa41fec04373fb00f0204da00d57f56e976c23bc742a357a48e
1773779918048,2026-03-17T20:38:38.048000+00:00,xyz:CL,A,95.355,276.684,Open Short,0.0,2.279508,0x1e731befe453caa41fec04373fb00f0204da00d57f56e976c23bc742a357a48e
1773779920701,2026-03-17T20:38:40.701000+00:00,xyz:CL,A,95.358,10.485,Open Short,0.0,0.086385,0xef3e5eaa0a939000f0b804373fb02c02058d008fa596aed2930709fcc99769eb
1773779920701,2026-03-17T20:38:40.701000+00:00,xyz:CL,A,95.358,19.642,Open Short,0.0,0.161829,0xef3e5eaa0a939000f0b804373fb02c02058d008fa596aed2930709fcc99769eb
1773779920701,2026-03-17T20:38:40.701000+00:00,xyz:CL,A,95.354,220.205,Open Short,0.0,1.814177,0xef3e5eaa0a939000f0b804373fb02c02058d008fa596aed2930709fcc99769eb
1773779920701,2026-03-17T20:38:40.701000+00:00,xyz:CL,A,95.354,0.524,Open Short,0.0,0.004317,0xef3e5eaa0a939000f0b804373fb02c02058d008fa596aed2930709fcc99769eb
1773779920701,2026-03-17T20:38:40.701000+00:00,xyz:CL,A,95.35,2.432,Open Short,0.0,0.020035,0xef3e5eaa0a939000f0b804373fb02c02058d008fa596aed2930709fcc99769eb
1773779920701,2026-03-17T20:38:40.701000+00:00,xyz:CL,A,95.344,209.755,Open Short,0.0,1.727903,0xef3e5eaa0a939000f0b804373fb02c02058d008fa596aed2930709fcc99769eb
1773779920701,2026-03-17T20:38:40.701000+00:00,xyz:CL,A,95.341,71.919,Open Short,0.0,0.59243,0xef3e5eaa0a939000f0b804373fb02c02058d008fa596aed2930709fcc99769eb
1773780527548,2026-03-17T20:48:47.548000+00:00,xyz:CL,A,95.257,10.497,Open Short,0.0,0.086392,0x1c054b94fe13fbaa1d7f04373fccd8020529007a99171a7cbfcdf6e7bd17d594
1773780527548,2026-03-17T20:48:47.548000+00:00,xyz:CL,A,95.257,10.497,Open Short,0.0,0.086392,0x1c054b94fe13fbaa1d7f04373fccd8020529007a99171a7cbfcdf6e7bd17d594
1773780527548,2026-03-17T20:48:47.548000+00:00,xyz:CL,A,95.255,5.751,Open Short,0.0,0.04733,0x1c054b94fe13fbaa1d7f04373fccd8020529007a99171a7cbfcdf6e7bd17d594
1773780527548,2026-03-17T20:48:47.548000+00:00,xyz:CL,A,95.248,31.496,Open Short,0.0,0.259194,0x1c054b94fe13fbaa1d7f04373fccd8020529007a99171a7cbfcdf6e7bd17d594
1773780527548,2026-03-17T20:48:47.548000+00:00,xyz:CL,A,95.245,0.352,Open Short,0.0,0.002896,0x1c054b94fe13fbaa1d7f04373fccd8020529007a99171a7cbfcdf6e7bd17d594
1773780527548,2026-03-17T20:48:47.548000+00:00,xyz:CL,A,95.24,46.354,Open Short,0.0,0.381434,0x1c054b94fe13fbaa1d7f04373fccd8020529007a99171a7cbfcdf6e7bd17d594
1773780528755,2026-03-17T20:48:48.755000+00:00,xyz:CL,A,95.253,10.497,Open Short,0.0,0.086388,0x637548734d0e4b5e64ef04373fccea0205160058e8016a30073df3c60c022549
1773780528755,2026-03-17T20:48:48.755000+00:00,xyz:CL,A,95.253,9.426,Open Short,0.0,0.077574,0x637548734d0e4b5e64ef04373fccea0205160058e8016a30073df3c60c022549
1773780528755,2026-03-17T20:48:48.755000+00:00,xyz:CL,A,95.252,0.172,Open Short,0.0,0.001415,0x637548734d0e4b5e64ef04373fccea0205160058e8016a30073df3c60c022549
1773780528755,2026-03-17T20:48:48.755000+00:00,xyz:CL,A,95.25,53.495,Open Short,0.0,0.440242,0x637548734d0e4b5e64ef04373fccea0205160058e8016a30073df3c60c022549
1773780528755,2026-03-17T20:48:48.755000+00:00,xyz:CL,A,95.242,0.679,Open Short,0.0,0.005587,0x637548734d0e4b5e64ef04373fccea0205160058e8016a30073df3c60c022549
1773780528755,2026-03-17T20:48:48.755000+00:00,xyz:CL,A,95.24,22.324,Open Short,0.0,0.183698,0x637548734d0e4b5e64ef04373fccea0205160058e8016a30073df3c60c022549
1773780528755,2026-03-17T20:48:48.755000+00:00,xyz:CL,A,95.238,1.293,Open Short,0.0,0.010639,0x637548734d0e4b5e64ef04373fccea0205160058e8016a30073df3c60c022549
1773780528755,2026-03-17T20:48:48.755000+00:00,xyz:CL,A,95.238,2.624,Open Short,0.0,0.021591,0x637548734d0e4b5e64ef04373fccea0205160058e8016a30073df3c60c022549
1773780528755,2026-03-17T20:48:48.755000+00:00,xyz:CL,A,95.235,0.524,Open Short,0.0,0.004311,0x637548734d0e4b5e64ef04373fccea0205160058e8016a30073df3c60c022549
1773780528755,2026-03-17T20:48:48.755000+00:00,xyz:CL,A,95.234,3.924,Open Short,0.0,0.032287,0x637548734d0e4b5e64ef04373fccea0205160058e8016a30073df3c60c022549
1773780530021,2026-03-17T20:48:50.021000+00:00,xyz:CL,A,95.261,3.148,Open Short,0.0,0.025909,0x488d39800982d12a4a0604373fccfd02027f0065a485effcec55e4d2c886ab14
1773780530021,2026-03-17T20:48:50.021000+00:00,xyz:CL,A,95.257,10.496,Open Short,0.0,0.086384,0x488d39800982d12a4a0604373fccfd02027f0065a485effcec55e4d2c886ab14
1773780530021,2026-03-17T20:48:50.021000+00:00,xyz:CL,A,95.256,53.496,Open Short,0.0,0.440278,0x488d39800982d12a4a0604373fccfd02027f0065a485effcec55e4d2c886ab14
1773780530021,2026-03-17T20:48:50.021000+00:00,xyz:CL,A,95.255,10.497,Open Short,0.0,0.08639,0x488d39800982d12a4a0604373fccfd02027f0065a485effcec55e4d2c886ab14
1773780530021,2026-03-17T20:48:50.021000+00:00,xyz:CL,A,95.235,19.2,Open Short,0.0,0.157983,0x488d39800982d12a4a0604373fccfd02027f0065a485effcec55e4d2c886ab14
1773780530021,2026-03-17T20:48:50.021000+00:00,xyz:CL,A,95.234,8.121,Open Short,0.0,0.066821,0x488d39800982d12a4a0604373fccfd02027f0065a485effcec55e4d2c886ab14
1773780531223,2026-03-17T20:48:51.223000+00:00,xyz:CL,A,95.262,10.496,Open Short,0.0,0.086388,0xe861d996400613e3e9db04373fcd0f02024d007bdb0932b58c2a84e8ff09edce
1773780531223,2026-03-17T20:48:51.223000+00:00,xyz:CL,A,95.262,3.38,Open Short,0.0,0.027819,0xe861d996400613e3e9db04373fcd0f02024d007bdb0932b58c2a84e8ff09edce
1773780531223,2026-03-17T20:48:51.223000+00:00,xyz:CL,A,95.254,53.496,Open Short,0.0,0.440269,0xe861d996400613e3e9db04373fcd0f02024d007bdb0932b58c2a84e8ff09edce
1773780531223,2026-03-17T20:48:51.223000+00:00,xyz:CL,A,95.243,0.524,Open Short,0.0,0.004311,0xe861d996400613e3e9db04373fcd0f02024d007bdb0932b58c2a84e8ff09edce
1773780531223,2026-03-17T20:48:51.223000+00:00,xyz:CL,A,95.234,37.073,Open Short,0.0,0.305044,0xe861d996400613e3e9db04373fcd0f02024d007bdb0932b58c2a84e8ff09edce
1773780534168,2026-03-17T20:48:54.168000+00:00,xyz:CL,A,95.244,10.497,Open Short,0.0,0.08638,0x793d6c581b3133197ab704373fcd3b02059c003db63451eb1d0617aada350d04
1773780534168,2026-03-17T20:48:54.168000+00:00,xyz:CL,A,95.233,0.524,Open Short,0.0,0.004311,0x793d6c581b3133197ab704373fcd3b02059c003db63451eb1d0617aada350d04
1773780534168,2026-03-17T20:48:54.168000+00:00,xyz:CL,A,95.233,0.133,Open Short,0.0,0.001094,0x793d6c581b3133197ab704373fcd3b02059c003db63451eb1d0617aada350d04
1773780534168,2026-03-17T20:48:54.168000+00:00,xyz:CL,A,95.232,93.804,Open Short,0.0,0.771823,0x793d6c581b3133197ab704373fcd3b02059c003db63451eb1d0617aada350d04
1773780538272,2026-03-17T20:48:58.272000+00:00,xyz:CL,A,95.239,10.497,Open Short,0.0,0.086376,0xd532b83ab4f2112cd6ac04373fcd780201a700204ff52ffe78fb638d73f5eb17
1773780538272,2026-03-17T20:48:58.272000+00:00,xyz:CL,A,95.232,16.043,Open Short,0.0,0.132002,0xd532b83ab4f2112cd6ac04373fcd780201a700204ff52ffe78fb638d73f5eb17
1773780538272,2026-03-17T20:48:58.272000+00:00,xyz:CL,A,95.231,78.429,Open Short,0.0,0.64531,0xd532b83ab4f2112cd6ac04373fcd780201a700204ff52ffe78fb638d73f5eb17
1773780792013,2026-03-17T20:53:12.013000+00:00,xyz:CL,B,95.234,0.525,Close Short,0.04095,0.004319,0xf2441049fd075a35f3bd04373fd9f10202b3002f980a7908960cbb9cbc0b3420
1773780792013,2026-03-17T20:53:12.013000+00:00,xyz:CL,B,95.239,1.292,Close Short,0.094316,0.010631,0xf2441049fd075a35f3bd04373fd9f10202b3002f980a7908960cbb9cbc0b3420
1773780792013,2026-03-17T20:53:12.013000+00:00,xyz:CL,B,95.24,0.965,Close Short,0.06948,0.00794,0xf2441049fd075a35f3bd04373fd9f10202b3002f980a7908960cbb9cbc0b3420
1773780792013,2026-03-17T20:53:12.013000+00:00,xyz:CL,B,95.24,0.315,Close Short,0.02268,0.002592,0xf2441049fd075a35f3bd04373fd9f10202b3002f980a7908960cbb9cbc0b3420
1773780792013,2026-03-17T20:53:12.013000+00:00,xyz:CL,B,95.245,5.25,Close Short,0.35175,0.043203,0xf2441049fd075a35f3bd04373fd9f10202b3002f980a7908960cbb9cbc0b3420
1773780792013,2026-03-17T20:53:12.013000+00:00,xyz:CL,B,95.257,50.689,Close Short,2.787895,0.41718,0xf2441049fd075a35f3bd04373fd9f10202b3002f980a7908960cbb9cbc0b3420
1773780792102,2026-03-17T20:53:12.102000+00:00,xyz:CL,B,95.234,25.188,Close Short,1.964664,0.207252,0xf3317b8a1fe282cef4ab04373fd9f202054c006fbae5a1a196fa26dcdee65cb9
1773780792102,2026-03-17T20:53:12.102000+00:00,xyz:CL,B,95.257,159.277,Close Short,8.760235,1.310882,0xf3317b8a1fe282cef4ab04373fd9f202054c006fbae5a1a196fa26dcdee65cb9
1773780792102,2026-03-17T20:53:12.102000+00:00,xyz:CL,B,95.257,175.654,Close Short,9.66097,1.445668,0xf3317b8a1fe282cef4ab04373fd9f202054c006fbae5a1a196fa26dcdee65cb9
1773780800291,2026-03-17T20:53:20.291000+00:00,xyz:CL,B,95.243,10.501,Close Short,0.724569,0.086412,0x623a0857cf53eb4863b304373fda66020317003d6a570a1a0602b3aa8e57c533
1773780800291,2026-03-17T20:53:20.291000+00:00,xyz:CL,B,95.243,84.604,Close Short,5.837676,0.696205,0x623a0857cf53eb4863b304373fda66020317003d6a570a1a0602b3aa8e57c533
1773780800291,2026-03-17T20:53:20.291000+00:00,xyz:CL,B,95.243,0.927,Close Short,0.063963,0.007628,0x623a0857cf53eb4863b304373fda66020317003d6a570a1a0602b3aa8e57c533
1773780800291,2026-03-17T20:53:20.291000+00:00,xyz:CL,B,95.246,0.315,Close Short,0.02079,0.002592,0x623a0857cf53eb4863b304373fda66020317003d6a570a1a0602b3aa8e57c533
1773780800291,2026-03-17T20:53:20.291000+00:00,xyz:CL,B,95.247,5.25,Close Short,0.34125,0.043204,0x623a0857cf53eb4863b304373fda66020317003d6a570a1a0602b3aa8e57c533
1773780800291,2026-03-17T20:53:20.291000+00:00,xyz:CL,B,95.257,209.961,Close Short,11.547855,1.728022,0x623a0857cf53eb4863b304373fda66020317003d6a570a1a0602b3aa8e57c533
1773780800291,2026-03-17T20:53:20.291000+00:00,xyz:CL,B,95.258,203.18,Close Short,10.97172,1.67223,0x623a0857cf53eb4863b304373fda66020317003d6a570a1a0602b3aa8e57c533
1773780807508,2026-03-17T20:53:27.508000+00:00,xyz:CL,B,95.243,70.286,Close Short,4.849734,0.578383,0x8e4524cc905e0ad18fbe04373fdac402035100b22b5129a3320dd01f4f51e4bc
1773780807508,2026-03-17T20:53:27.508000+00:00,xyz:CL,B,95.244,10.502,Close Short,0.714136,0.086421,0x8e4524cc905e0ad18fbe04373fdac402035100b22b5129a3320dd01f4f51e4bc
1773780807508,2026-03-17T20:53:27.508000+00:00,xyz:CL,B,95.244,10.501,Close Short,0.714068,0.086413,0x8e4524cc905e0ad18fbe04373fdac402035100b22b5129a3320dd01f4f51e4bc
1773780807508,2026-03-17T20:53:27.508000+00:00,xyz:CL,B,95.246,5.251,Close Short,0.346566,0.043211,0x8e4524cc905e0ad18fbe04373fdac402035100b22b5129a3320dd01f4f51e4bc
1773780807508,2026-03-17T20:53:27.508000+00:00,xyz:CL,B,95.249,10.502,Close Short,0.661626,0.086426,0x8e4524cc905e0ad18fbe04373fdac402035100b22b5129a3320dd01f4f51e4bc
1773780807508,2026-03-17T20:53:27.508000+00:00,xyz:CL,B,95.25,0.315,Close Short,0.01953,0.002592,0x8e4524cc905e0ad18fbe04373fdac402035100b22b5129a3320dd01f4f51e4bc
1773780807508,2026-03-17T20:53:27.508000+00:00,xyz:CL,B,95.258,127.826,Close Short,6.902604,1.052045,0x8e4524cc905e0ad18fbe04373fdac402035100b22b5129a3320dd01f4f51e4bc
1773780807508,2026-03-17T20:53:27.508000+00:00,xyz:CL,B,95.264,1.506,Close Short,0.072288,0.012395,0x8e4524cc905e0ad18fbe04373fdac402035100b22b5129a3320dd01f4f51e4bc
1773780807508,2026-03-17T20:53:27.508000+00:00,xyz:CL,B,95.264,21.0,Close Short,1.008,0.172847,0x8e4524cc905e0ad18fbe04373fdac402035100b22b5129a3320dd01f4f51e4bc
1773780807508,2026-03-17T20:53:27.508000+00:00,xyz:CL,B,95.266,5.005,Close Short,0.23023,0.041196,0x8e4524cc905e0ad18fbe04373fdac402035100b22b5129a3320dd01f4f51e4bc
1773780807508,2026-03-17T20:53:27.508000+00:00,xyz:CL,B,95.271,7.351,Close Short,0.301391,0.060509,0x8e4524cc905e0ad18fbe04373fdac402035100b22b5129a3320dd01f4f51e4bc
1773780807508,2026-03-17T20:53:27.508000+00:00,xyz:CL,B,95.274,126.753,Close Short,4.816614,1.043389,0x8e4524cc905e0ad18fbe04373fdac402035100b22b5129a3320dd01f4f51e4bc
1773780807508,2026-03-17T20:53:27.508000+00:00,xyz:CL,B,95.275,6.291,Close Short,0.232767,0.051786,0x8e4524cc905e0ad18fbe04373fdac402035100b22b5129a3320dd01f4f51e4bc
1773780807508,2026-03-17T20:53:27.508000+00:00,xyz:CL,B,95.277,31.487,Close Short,1.102045,0.259198,0x8e4524cc905e0ad18fbe04373fdac402035100b22b5129a3320dd01f4f51e4bc
1773780807508,2026-03-17T20:53:27.508000+00:00,xyz:CL,B,95.277,0.397,Close Short,0.013895,0.003268,0x8e4524cc905e0ad18fbe04373fdac402035100b22b5129a3320dd01f4f51e4bc
1773780807508,2026-03-17T20:53:27.508000+00:00,xyz:CL,B,95.277,79.765,Close Short,2.791775,0.65662,0x8e4524cc905e0ad18fbe04373fdac402035100b22b5129a3320dd01f4f51e4bc
1773781426068,2026-03-17T21:03:46.068000+00:00,xyz:CL,B,95.316,142.933,Close Short,-0.571732,1.177096,0x2c15e1aad66f9eeb2d8f04373ff8f20201f400907162bdbdcfde8cfd956378d5
1773781426068,2026-03-17T21:03:46.068000+00:00,xyz:CL,B,95.318,1.657,Close Short,-0.009942,0.013646,0x2c15e1aad66f9eeb2d8f04373ff8f20201f400907162bdbdcfde8cfd956378d5
1773781426068,2026-03-17T21:03:46.068000+00:00,xyz:CL,B,95.319,26.659,Close Short,-0.186613,0.219551,0x2c15e1aad66f9eeb2d8f04373ff8f20201f400907162bdbdcfde8cfd956378d5
1773781426068,2026-03-17T21:03:46.068000+00:00,xyz:CL,B,95.32,3.437,Close Short,-0.027496,0.028305,0x2c15e1aad66f9eeb2d8f04373ff8f20201f400907162bdbdcfde8cfd956378d5
1773781426068,2026-03-17T21:03:46.068000+00:00,xyz:CL,B,95.325,76.315,Close Short,-0.992095,0.628536,0x2c15e1aad66f9eeb2d8f04373ff8f20201f400907162bdbdcfde8cfd956378d5
1773873914104,2026-03-18T22:45:14.104000+00:00,xyz:CL,B,97.803,1.08,Open Long,0.0,0.009126,0x3bb04569f391d26f3d2a043750fec302096a004f8e94f141df78f0bcb295ac59
1773873914104,2026-03-18T22:45:14.104000+00:00,xyz:CL,B,97.804,1.534,Open Long,0.0,0.012962,0x3bb04569f391d26f3d2a043750fec302096a004f8e94f141df78f0bcb295ac59
1773873914104,2026-03-18T22:45:14.104000+00:00,xyz:CL,B,97.804,2.045,Open Long,0.0,0.01728,0x3bb04569f391d26f3d2a043750fec302096a004f8e94f141df78f0bcb295ac59
1773873914104,2026-03-18T22:45:14.104000+00:00,xyz:CL,B,97.811,1.454,Open Long,0.0,0.012287,0x3bb04569f391d26f3d2a043750fec302096a004f8e94f141df78f0bcb295ac59
1773873914104,2026-03-18T22:45:14.104000+00:00,xyz:CL,B,97.812,1.666,Open Long,0.0,0.014079,0x3bb04569f391d26f3d2a043750fec302096a004f8e94f141df78f0bcb295ac59
1773873914104,2026-03-18T22:45:14.104000+00:00,xyz:CL,B,97.818,2.246,Open Long,0.0,0.018982,0x3bb04569f391d26f3d2a043750fec302096a004f8e94f141df78f0bcb295ac59
1773873960732,2026-03-18T22:46:00.732000+00:00,xyz:CL,A,97.811,10.025,Close Long,0.02005,0.084719,0x6557deebb3f3f0bb66d104375100b00204ff00d14ef70f8d09208a3e72f7caa6
1773877536762,2026-03-18T23:45:36.762000+00:00,xyz:CL,B,98.259,0.357,Open Long,0.0,0.00303,0x4463f612c31a957245dd043751aa960204c300f85e1db444e82ca165821e6f5c
1773877536762,2026-03-18T23:45:36.762000+00:00,xyz:CL,B,98.295,5.087,Open Long,0.0,0.043202,0x4463f612c31a957245dd043751aa960204c300f85e1db444e82ca165821e6f5c
1773877536762,2026-03-18T23:45:36.762000+00:00,xyz:CL,B,98.299,6.432,Open Long,0.0,0.054627,0x4463f612c31a957245dd043751aa960204c300f85e1db444e82ca165821e6f5c
1773877536762,2026-03-18T23:45:36.762000+00:00,xyz:CL,B,98.324,5.778,Open Long,0.0,0.049085,0x4463f612c31a957245dd043751aa960204c300f85e1db444e82ca165821e6f5c
1773877536762,2026-03-18T23:45:36.762000+00:00,xyz:CL,B,98.325,481.446,Open Long,0.0,4.090018,0x4463f612c31a957245dd043751aa960204c300f85e1db444e82ca165821e6f5c
1773877537371,2026-03-18T23:45:37.371000+00:00,xyz:CL,B,98.258,296.405,Open Long,0.0,2.516327,0x0085b37d1c94892401ff043751aa9c020b7d0062b797a7f6a44e5ecfdb98630e
1773877537371,2026-03-18T23:45:37.371000+00:00,xyz:CL,B,98.262,0.381,Open Long,0.0,0.003234,0x0085b37d1c94892401ff043751aa9c020b7d0062b797a7f6a44e5ecfdb98630e
1773877537371,2026-03-18T23:45:37.371000+00:00,xyz:CL,B,98.266,5.088,Open Long,0.0,0.043198,0x0085b37d1c94892401ff043751aa9c020b7d0062b797a7f6a44e5ecfdb98630e
1773877537371,2026-03-18T23:45:37.371000+00:00,xyz:CL,B,98.273,197.226,Open Long,0.0,1.674603,0x0085b37d1c94892401ff043751aa9c020b7d0062b797a7f6a44e5ecfdb98630e
1773877828238,2026-03-18T23:50:28.238000+00:00,xyz:CL,B,98.451,153.515,Open Long,0.0,1.305824,0xcd8500c021d5c72dcefe043751b8ec02076100a5bcd8e5ff714dac12e0d9a118
1773877828238,2026-03-18T23:50:28.238000+00:00,xyz:CL,B,98.458,213.35,Open Long,0.0,1.814919,0xcd8500c021d5c72dcefe043751b8ec02076100a5bcd8e5ff714dac12e0d9a118
1773877828238,2026-03-18T23:50:28.238000+00:00,xyz:CL,B,98.458,141.435,Open Long,0.0,1.203155,0xcd8500c021d5c72dcefe043751b8ec02076100a5bcd8e5ff714dac12e0d9a118
1773877830646,2026-03-18T23:50:30.646000+00:00,xyz:CL,B,98.512,4.225,Open Long,0.0,0.03596,0x921a6e09900dd0369394043751b9050204ff00ef2b00ef0835e3195c4f01aa21
1773877830646,2026-03-18T23:50:30.646000+00:00,xyz:CL,B,98.52,1.0,Open Long,0.0,0.008512,0x921a6e09900dd0369394043751b9050204ff00ef2b00ef0835e3195c4f01aa21
1773877830646,2026-03-18T23:50:30.646000+00:00,xyz:CL,B,98.521,209.155,Open Long,0.0,1.780372,0x921a6e09900dd0369394043751b9050204ff00ef2b00ef0835e3195c4f01aa21
1773877830646,2026-03-18T23:50:30.646000+00:00,xyz:CL,B,98.53,1.0,Open Long,0.0,0.008512,0x921a6e09900dd0369394043751b9050204ff00ef2b00ef0835e3195c4f01aa21
1773877830646,2026-03-18T23:50:30.646000+00:00,xyz:CL,B,98.531,209.155,Open Long,0.0,1.780552,0x921a6e09900dd0369394043751b9050204ff00ef2b00ef0835e3195c4f01aa21
1773877830646,2026-03-18T23:50:30.646000+00:00,xyz:CL,B,98.532,0.112,Open Long,0.0,0.000953,0x921a6e09900dd0369394043751b9050204ff00ef2b00ef0835e3195c4f01aa21
1773877830646,2026-03-18T23:50:30.646000+00:00,xyz:CL,B,98.534,83.266,Open Long,0.0,0.708871,0x921a6e09900dd0369394043751b9050204ff00ef2b00ef0835e3195c4f01aa21
1773877844175,2026-03-18T23:50:44.175000+00:00,xyz:CL,B,98.459,93.443,Open Long,0.0,0.794906,0x0d8f742e86485d100f09043751b9a70207590014214b7be2b1581f81454c36fa
1773877844175,2026-03-18T23:50:44.175000+00:00,xyz:CL,B,98.46,153.516,Open Long,0.0,1.305952,0x0d8f742e86485d100f09043751b9a70207590014214b7be2b1581f81454c36fa
1773877844175,2026-03-18T23:50:44.175000+00:00,xyz:CL,B,98.472,0.577,Open Long,0.0,0.004909,0x0d8f742e86485d100f09043751b9a70207590014214b7be2b1581f81454c36fa
1773877844175,2026-03-18T23:50:44.175000+00:00,xyz:CL,B,98.476,20.334,Open Long,0.0,0.173008,0x0d8f742e86485d100f09043751b9a70207590014214b7be2b1581f81454c36fa
1773877844175,2026-03-18T23:50:44.175000+00:00,xyz:CL,B,98.481,206.502,Open Long,0.0,1.757075,0x0d8f742e86485d100f09043751b9a70207590014214b7be2b1581f81454c36fa
1773878438669,2026-03-19T00:00:38.669000+00:00,xyz:CL,A,98.687,10.126,Close Long,2.825154,0.086339,0x99761e867cad58fa9aef043751d590020262006c17a077cc3d3ec9d93ba132e5
1773878438669,2026-03-19T00:00:38.669000+00:00,xyz:CL,A,98.686,6.407,Close Long,1.781146,0.054629,0x99761e867cad58fa9aef043751d590020262006c17a077cc3d3ec9d93ba132e5
1773878438669,2026-03-19T00:00:38.669000+00:00,xyz:CL,A,98.686,6.407,Close Long,1.781146,0.054629,0x99761e867cad58fa9aef043751d590020262006c17a077cc3d3ec9d93ba132e5
1773878438669,2026-03-19T00:00:38.669000+00:00,xyz:CL,A,98.66,153.516,Close Long,38.686032,1.308604,0x99761e867cad58fa9aef043751d590020262006c17a077cc3d3ec9d93ba132e5
1773878438669,2026-03-19T00:00:38.669000+00:00,xyz:CL,A,98.66,202.67,Close Long,51.07284,1.727604,0x99761e867cad58fa9aef043751d590020262006c17a077cc3d3ec9d93ba132e5
1773878438669,2026-03-19T00:00:38.669000+00:00,xyz:CL,A,98.659,71.935,Close Long,18.055685,0.613183,0x99761e867cad58fa9aef043751d590020262006c17a077cc3d3ec9d93ba132e5
1773878438669,2026-03-19T00:00:38.669000+00:00,xyz:CL,A,98.659,22.355,Close Long,5.611105,0.190557,0x99761e867cad58fa9aef043751d590020262006c17a077cc3d3ec9d93ba132e5
1773878440571,2026-03-19T00:00:40.571000+00:00,xyz:CL,A,98.747,306.586,Close Long,103.932654,2.615712,0x2f8f4f1b2c2869833109043751d5a80205a20000c72b8855d357fa6deb2c436d
1773878440571,2026-03-19T00:00:40.571000+00:00,xyz:CL,A,98.747,166.633,Close Long,56.488587,1.421669,0x2f8f4f1b2c2869833109043751d5a80205a20000c72b8855d357fa6deb2c436d
1773878447017,2026-03-19T00:00:47.017000+00:00,xyz:CL,A,98.787,306.586,Close Long,116.196094,2.616771,0x619fa6e9aae0503d6319043751d5fc0203ca00cf45e36f0f0568523c69e42a28
1773878447017,2026-03-19T00:00:47.017000+00:00,xyz:CL,A,98.779,153.516,Close Long,56.954436,1.310183,0x619fa6e9aae0503d6319043751d5fc0203ca00cf45e36f0f0568523c69e42a28
1773878447017,2026-03-19T00:00:47.017000+00:00,xyz:CL,A,98.779,12.792,Close Long,4.745832,0.109173,0x619fa6e9aae0503d6319043751d5fc0203ca00cf45e36f0f0568523c69e42a28
1773878450952,2026-03-19T00:00:50.952000+00:00,xyz:CL,A,98.824,66.918,Close Long,27.837888,0.571372,0xa6a3d3a75967e0eda81d043751d62c020202008cf46affbf4a6c7efa186bbad8
1773878450952,2026-03-19T00:00:50.952000+00:00,xyz:CL,A,98.822,202.382,Close Long,83.786148,1.727982,0xa6a3d3a75967e0eda81d043751d62c020202008cf46affbf4a6c7efa186bbad8
1773878450952,2026-03-19T00:00:50.952000+00:00,xyz:CL,A,98.812,68.917,Close Long,27.842468,0.588369,0xa6a3d3a75967e0eda81d043751d62c020202008cf46affbf4a6c7efa186bbad8
1773878450952,2026-03-19T00:00:50.952000+00:00,xyz:CL,A,98.812,71.935,Close Long,29.06174,0.614134,0xa6a3d3a75967e0eda81d043751d62c020202008cf46affbf4a6c7efa186bbad8
1773878450952,2026-03-19T00:00:50.952000+00:00,xyz:CL,A,98.802,0.253,Close Long,0.099682,0.002159,0xa6a3d3a75967e0eda81d043751d62c020202008cf46affbf4a6c7efa186bbad8
1773878450952,2026-03-19T00:00:50.952000+00:00,xyz:CL,A,98.8,62.292,Close Long,24.418464,0.531744,0xa6a3d3a75967e0eda81d043751d62c020202008cf46affbf4a6c7efa186bbad8
1773878455516,2026-03-19T00:00:55.516000+00:00,xyz:CL,A,98.874,0.705,Close Long,0.32853,0.006022,0xa6a5f0e4d227a773a81f043751d66702050700ca6d2ac6454a6e9c37912b815e
1773878455516,2026-03-19T00:00:55.516000+00:00,xyz:CL,A,98.856,6.18,Close Long,2.76864,0.052784,0xa6a5f0e4d227a773a81f043751d66702050700ca6d2ac6454a6e9c37912b815e
1773878455516,2026-03-19T00:00:55.516000+00:00,xyz:CL,A,98.853,306.586,Close Long,136.43077,2.61852,0xa6a5f0e4d227a773a81f043751d66702050700ca6d2ac6454a6e9c37912b815e
1773878455516,2026-03-19T00:00:55.516000+00:00,xyz:CL,A,98.852,153.516,Close Long,68.161104,1.311151,0xa6a5f0e4d227a773a81f043751d66702050700ca6d2ac6454a6e9c37912b815e
1773878455516,2026-03-19T00:00:55.516000+00:00,xyz:CL,A,98.849,0.115,Close Long,0.050715,0.000982,0xa6a5f0e4d227a773a81f043751d66702050700ca6d2ac6454a6e9c37912b815e
1773878455516,2026-03-19T00:00:55.516000+00:00,xyz:CL,A,98.846,129.457,Close Long,56.702166,1.1056,0xa6a5f0e4d227a773a81f043751d66702050700ca6d2ac6454a6e9c37912b815e
1773935761556,2026-03-19T15:56:01.556000+00:00,xyz:CL,A,98.189,519.487,Open Short,0.0,4.407083,0x8890622fd33fcebf8a0a04375c5d45021b6a00156e32ed912c590d829233a8aa
1773935762421,2026-03-19T15:56:02.421000+00:00,xyz:CL,A,98.15,135.248,Open Short,0.0,1.146924,0x61b9d8c4e54ec677633304375c5d510206f700aa8041e54905828417a442a062
1773935762421,2026-03-19T15:56:02.421000+00:00,xyz:CL,A,98.149,384.239,Open Short,0.0,3.258374,0x61b9d8c4e54ec677633304375c5d510206f700aa8041e54905828417a442a062
1773935764369,2026-03-19T15:56:04.369000+00:00,xyz:CL,A,98.049,15.667,Open Short,0.0,0.132721,0xca6c45fcf71ca405cbe604375c5d6b020f1a00e2921fc2d76e34f14fb6107df0
1773935764369,2026-03-19T15:56:04.369000+00:00,xyz:CL,A,98.046,305.979,Open Short,0.0,2.592001,0xca6c45fcf71ca405cbe604375c5d6b020f1a00e2921fc2d76e34f14fb6107df0
1773935764369,2026-03-19T15:56:04.369000+00:00,xyz:CL,A,98.044,0.113,Open Short,0.0,0.000957,0xca6c45fcf71ca405cbe604375c5d6b020f1a00e2921fc2d76e34f14fb6107df0
1773935764369,2026-03-19T15:56:04.369000+00:00,xyz:CL,A,98.039,100.547,Open Short,0.0,0.85169,0xca6c45fcf71ca405cbe604375c5d6b020f1a00e2921fc2d76e34f14fb6107df0
1773935764369,2026-03-19T15:56:04.369000+00:00,xyz:CL,A,98.036,28.744,Open Short,0.0,0.24347,0xca6c45fcf71ca405cbe604375c5d6b020f1a00e2921fc2d76e34f14fb6107df0
1773935764369,2026-03-19T15:56:04.369000+00:00,xyz:CL,A,98.034,20.367,Open Short,0.0,0.172511,0xca6c45fcf71ca405cbe604375c5d6b020f1a00e2921fc2d76e34f14fb6107df0
1773935764369,2026-03-19T15:56:04.369000+00:00,xyz:CL,A,98.03,4.054,Open Short,0.0,0.034336,0xca6c45fcf71ca405cbe604375c5d6b020f1a00e2921fc2d76e34f14fb6107df0
1773935764369,2026-03-19T15:56:04.369000+00:00,xyz:CL,A,98.028,44.201,Open Short,0.0,0.374365,0xca6c45fcf71ca405cbe604375c5d6b020f1a00e2921fc2d76e34f14fb6107df0
1773936126004,2026-03-19T16:02:06.004000+00:00,xyz:CL,A,97.63,5.121,Open Short,0.0,0.043196,0x36677c79ee2ba42837e104375c6ef4020346005f892ec2fada3027ccad2f7e12
1773936126004,2026-03-19T16:02:06.004000+00:00,xyz:CL,A,97.629,234.091,Open Short,0.0,1.974591,0x36677c79ee2ba42837e104375c6ef4020346005f892ec2fada3027ccad2f7e12
1773936126004,2026-03-19T16:02:06.004000+00:00,xyz:CL,A,97.62,1.535,Open Short,0.0,0.012946,0x36677c79ee2ba42837e104375c6ef4020346005f892ec2fada3027ccad2f7e12
1773936126004,2026-03-19T16:02:06.004000+00:00,xyz:CL,A,97.613,270.646,Open Short,0.0,2.282564,0x36677c79ee2ba42837e104375c6ef4020346005f892ec2fada3027ccad2f7e12
1773936132619,2026-03-19T16:02:12.619000+00:00,xyz:CL,A,97.635,1.024,Open Short,0.0,0.008638,0xa71f3d7707e04b93a89804375c6f520204ec005ca2e36a654ae7e8c9c6e4257e
1773936132619,2026-03-19T16:02:12.619000+00:00,xyz:CL,A,97.623,1.023,Open Short,0.0,0.008628,0xa71f3d7707e04b93a89804375c6f520204ec005ca2e36a654ae7e8c9c6e4257e
1773936132619,2026-03-19T16:02:12.619000+00:00,xyz:CL,A,97.599,5.122,Open Short,0.0,0.043191,0xa71f3d7707e04b93a89804375c6f520204ec005ca2e36a654ae7e8c9c6e4257e
1773936132619,2026-03-19T16:02:12.619000+00:00,xyz:CL,A,97.593,12.808,Open Short,0.0,0.107997,0xa71f3d7707e04b93a89804375c6f520204ec005ca2e36a654ae7e8c9c6e4257e
1773936132619,2026-03-19T16:02:12.619000+00:00,xyz:CL,A,97.58,4.096,Open Short,0.0,0.034533,0xa71f3d7707e04b93a89804375c6f520204ec005ca2e36a654ae7e8c9c6e4257e
1773936132619,2026-03-19T16:02:12.619000+00:00,xyz:CL,A,97.579,4.975,Open Short,0.0,0.041943,0xa71f3d7707e04b93a89804375c6f520204ec005ca2e36a654ae7e8c9c6e4257e
1773936132619,2026-03-19T16:02:12.619000+00:00,xyz:CL,A,97.577,204.82,Open Short,0.0,1.726766,0xa71f3d7707e04b93a89804375c6f520204ec005ca2e36a654ae7e8c9c6e4257e
1773936132619,2026-03-19T16:02:12.619000+00:00,xyz:CL,A,97.576,203.494,Open Short,0.0,1.715569,0xa71f3d7707e04b93a89804375c6f520204ec005ca2e36a654ae7e8c9c6e4257e
1773936132619,2026-03-19T16:02:12.619000+00:00,xyz:CL,A,97.573,51.247,Open Short,0.0,0.432027,0xa71f3d7707e04b93a89804375c6f520204ec005ca2e36a654ae7e8c9c6e4257e
1773936132619,2026-03-19T16:02:12.619000+00:00,xyz:CL,A,97.57,5.124,Open Short,0.0,0.043195,0xa71f3d7707e04b93a89804375c6f520204ec005ca2e36a654ae7e8c9c6e4257e
1773936132619,2026-03-19T16:02:12.619000+00:00,xyz:CL,A,97.567,18.105,Open Short,0.0,0.152621,0xa71f3d7707e04b93a89804375c6f520204ec005ca2e36a654ae7e8c9c6e4257e
1773936172838,2026-03-19T16:02:52.838000+00:00,xyz:CL,A,97.361,83.421,Open Short,0.0,0.701736,0x74a60937a60dda2e761f04375c711a020836001d4100f900186eb48a6501b419
1773936437134,2026-03-19T16:07:17.134000+00:00,xyz:CL,A,97.606,5.022,Open Short,0.0,0.042351,0xbecc91782af86d8ac04604375c7db2020965005dc5fb8c5c62953ccae9fc4775
1773937955230,2026-03-19T16:32:35.230000+00:00,xyz:CL,A,97.978,0.135,Open Short,0.0,0.001142,0x6b416af1f3ef61d66cbb04375cc43302078700d78ee280a80f0a1644b2e33bc1
1773938587377,2026-03-19T16:43:07.377000+00:00,xyz:CL,A,97.351,7.189,Open Short,0.0,0.060467,0xc22ec6f6084c0355c3a804375ce1e90207af00dba34f222765f77248c74fdd40
1773938587377,2026-03-19T16:43:07.377000+00:00,xyz:CL,A,97.336,9.346,Open Short,0.0,0.078598,0xc22ec6f6084c0355c3a804375ce1e90207af00dba34f222765f77248c74fdd40
1773938587377,2026-03-19T16:43:07.377000+00:00,xyz:CL,A,97.321,12.149,Open Short,0.0,0.102155,0xc22ec6f6084c0355c3a804375ce1e90207af00dba34f222765f77248c74fdd40
1773938587377,2026-03-19T16:43:07.377000+00:00,xyz:CL,A,97.307,15.794,Open Short,0.0,0.132785,0xc22ec6f6084c0355c3a804375ce1e90207af00dba34f222765f77248c74fdd40
1773938587377,2026-03-19T16:43:07.377000+00:00,xyz:CL,A,97.305,47.158,Open Short,0.0,0.396464,0xc22ec6f6084c0355c3a804375ce1e90207af00dba34f222765f77248c74fdd40
1773938587377,2026-03-19T16:43:07.377000+00:00,xyz:CL,A,97.292,11.003,Open Short,0.0,0.092491,0xc22ec6f6084c0355c3a804375ce1e90207af00dba34f222765f77248c74fdd40
1773938588647,2026-03-19T16:43:08.647000+00:00,xyz:CL,A,97.344,102.639,Open Short,0.0,0.863247,0x2517ecda485d9bb2269104375ce1f8020bcd00bfe350ba84c8e0982d0751759c
1773938589611,2026-03-19T16:43:09.611000+00:00,xyz:CL,A,97.352,92.264,Open Short,0.0,0.776052,0x27bac63ee5d41937293404375ce204020629002480d73809cb837191a4d7f321
1773938589611,2026-03-19T16:43:09.611000+00:00,xyz:CL,A,97.344,10.417,Open Short,0.0,0.087612,0x27bac63ee5d41937293404375ce204020629002480d73809cb837191a4d7f321
1773938590821,2026-03-19T16:43:10.821000+00:00,xyz:CL,A,97.364,102.681,Open Short,0.0,0.863778,0x0741257c559a1a3508ba04375ce211020b840061f09d3907ab09d0cf149df41f
1773938592471,2026-03-19T16:43:12.471000+00:00,xyz:CL,A,97.348,102.681,Open Short,0.0,0.863636,0xab3ab9da53e55858acb404375ce22602068800bfeee8772a4f03652d12e93243
1773938594263,2026-03-19T16:43:14.263000+00:00,xyz:CL,A,97.37,101.83,Open Short,0.0,0.856672,0x5b98f62cd13395735d1204375ce23d020b7200126c36b445ff61a17f90376f5d
1773938594263,2026-03-19T16:43:14.263000+00:00,xyz:CL,A,97.37,0.83,Open Short,0.0,0.006982,0x5b98f62cd13395735d1204375ce23d020b7200126c36b445ff61a17f90376f5d
1773938596282,2026-03-19T16:43:16.282000+00:00,xyz:CL,A,97.384,1.026,Open Short,0.0,0.008632,0x16029c670257cc72177c04375ce25202092b004c9d5aeb44b9cb47b9c15ba65c
1773938596282,2026-03-19T16:43:16.282000+00:00,xyz:CL,A,97.371,101.614,Open Short,0.0,0.854863,0x16029c670257cc72177c04375ce25202092b004c9d5aeb44b9cb47b9c15ba65c
1773938605981,2026-03-19T16:43:25.981000+00:00,xyz:CL,A,97.341,102.63,Open Short,0.0,0.863145,0x2a457535bab105e52bbf04375ce2c602035d001b55b424b7ce0e208879b4dfcf
1773938607512,2026-03-19T16:43:27.512000+00:00,xyz:CL,A,97.347,1.027,Open Short,0.0,0.008637,0xb25e06a3619982d3b3d704375ce2db0204d20088fc9ca1a55626b1f6209d5cbe
1773938607512,2026-03-19T16:43:27.512000+00:00,xyz:CL,A,97.342,101.603,Open Short,0.0,0.854516,0xb25e06a3619982d3b3d704375ce2db0204d20088fc9ca1a55626b1f6209d5cbe
1773938612008,2026-03-19T16:43:32.008000+00:00,xyz:CL,A,97.326,1.54,Open Short,0.0,0.012949,0x05cc22166711bcf3074504375ce31c0203e500fc0214dbc5a994cd69261596dd
1773938612008,2026-03-19T16:43:32.008000+00:00,xyz:CL,A,97.322,70.141,Open Short,0.0,0.589789,0x05cc22166711bcf3074504375ce31c0203e500fc0214dbc5a994cd69261596dd
1773938612008,2026-03-19T16:43:32.008000+00:00,xyz:CL,A,97.31,30.992,Open Short,0.0,0.260567,0x05cc22166711bcf3074504375ce31c0203e500fc0214dbc5a994cd69261596dd
1773938797523,2026-03-19T16:46:37.523000+00:00,xyz:CL,A,97.03,1.03,Open Short,0.0,0.008634,0xe2f7570b12e6db01e47104375cec1702088300f0ade9f9d386c0025dd1eab4ec
1773938797523,2026-03-19T16:46:37.523000+00:00,xyz:CL,A,97.027,10.306,Open Short,0.0,0.086396,0xe2f7570b12e6db01e47104375cec1702088300f0ade9f9d386c0025dd1eab4ec
1773938797523,2026-03-19T16:46:37.523000+00:00,xyz:CL,A,97.025,91.729,Open Short,0.0,0.76896,0xe2f7570b12e6db01e47104375cec1702088300f0ade9f9d386c0025dd1eab4ec
1773938799005,2026-03-19T16:46:39.005000+00:00,xyz:CL,A,97.034,102.904,Open Short,0.0,0.86272,0x900739202d4625a9918004375cec2d02042b0005c849447b33cfe472ec49ff94
1773938799005,2026-03-19T16:46:39.005000+00:00,xyz:CL,A,97.034,0.161,Open Short,0.0,0.001349,0x900739202d4625a9918004375cec2d02042b0005c849447b33cfe472ec49ff94
1773938800815,2026-03-19T16:46:40.815000+00:00,xyz:CL,A,97.058,1.03,Open Short,0.0,0.008637,0x2310240a59545364248904375cec45021d1c00eff4577236c6d8cf5d18582d4e
1773938800815,2026-03-19T16:46:40.815000+00:00,xyz:CL,A,97.054,93.947,Open Short,0.0,0.787789,0x2310240a59545364248904375cec45021d1c00eff4577236c6d8cf5d18582d4e
1773938800815,2026-03-19T16:46:40.815000+00:00,xyz:CL,A,97.047,8.067,Open Short,0.0,0.06764,0x2310240a59545364248904375cec45021d1c00eff4577236c6d8cf5d18582d4e
1773938802405,2026-03-19T16:46:42.405000+00:00,xyz:CL,A,97.064,103.012,Open Short,0.0,0.863892,0x0646bdbea622c69607c004375cec5a02054800a44125e568aa0f69116526a080
1773939122708,2026-03-19T16:52:02.708000+00:00,xyz:CL,A,97.13,2.059,Open Short,0.0,0.017279,0xdebe51fe0d8337a6e03804375cfb3b02090900e3a88656788286fd50cc871191
1773939122708,2026-03-19T16:52:02.708000+00:00,xyz:CL,A,97.13,4.713,Open Short,0.0,0.039551,0xdebe51fe0d8337a6e03804375cfb3b02090900e3a88656788286fd50cc871191
1773939122708,2026-03-19T16:52:02.708000+00:00,xyz:CL,A,97.128,208.515,Open Short,0.0,1.749828,0xdebe51fe0d8337a6e03804375cfb3b02090900e3a88656788286fd50cc871191
1773939122708,2026-03-19T16:52:02.708000+00:00,xyz:CL,A,97.121,42.031,Open Short,0.0,0.352692,0xdebe51fe0d8337a6e03804375cfb3b02090900e3a88656788286fd50cc871191
1773939124622,2026-03-19T16:52:04.622000+00:00,xyz:CL,A,97.146,1.029,Open Short,0.0,0.008636,0xc51ab0b0816e37c2c69404375cfb4f02099300961c61569468e35c03406211ad
1773939124622,2026-03-19T16:52:04.622000+00:00,xyz:CL,A,97.131,93.65,Open Short,0.0,0.785921,0xc51ab0b0816e37c2c69404375cfb4f02099300961c61569468e35c03406211ad
1773939124622,2026-03-19T16:52:04.622000+00:00,xyz:CL,A,97.13,162.631,Open Short,0.0,1.364804,0xc51ab0b0816e37c2c69404375cfb4f02099300961c61569468e35c03406211ad
1773939142328,2026-03-19T16:52:22.328000+00:00,xyz:CL,A,97.049,1.03,Open Short,0.0,0.008636,0x81d136da4508e5b3834a04375cfc300209b800bfe00c04852599e22d040cbf9e
1773939142328,2026-03-19T16:52:22.328000+00:00,xyz:CL,A,97.038,256.51,Open Short,0.0,2.150601,0x81d136da4508e5b3834a04375cfc300209b800bfe00c04852599e22d040cbf9e
1773939143459,2026-03-19T16:52:23.459000+00:00,xyz:CL,A,97.026,64.431,Open Short,0.0,0.540128,0x5ffbf1ded113f64a617504375cfc3d02042000c46c17151c03c49d319017d035
1773939143459,2026-03-19T16:52:23.459000+00:00,xyz:CL,A,97.025,2.06,Open Short,0.0,0.017268,0x5ffbf1ded113f64a617504375cfc3d02042000c46c17151c03c49d319017d035
1773939143459,2026-03-19T16:52:23.459000+00:00,xyz:CL,A,97.024,75.012,Open Short,0.0,0.628816,0x5ffbf1ded113f64a617504375cfc3d02042000c46c17151c03c49d319017d035
1773939143459,2026-03-19T16:52:23.459000+00:00,xyz:CL,A,97.022,5.153,Open Short,0.0,0.043196,0x5ffbf1ded113f64a617504375cfc3d02042000c46c17151c03c49d319017d035
1773939143459,2026-03-19T16:52:23.459000+00:00,xyz:CL,A,97.018,31.697,Open Short,0.0,0.265695,0x5ffbf1ded113f64a617504375cfc3d02042000c46c17151c03c49d319017d035
1773939143459,2026-03-19T16:52:23.459000+00:00,xyz:CL,A,97.015,79.187,Open Short,0.0,0.663753,0x5ffbf1ded113f64a617504375cfc3d02042000c46c17151c03c49d319017d035
1773939950036,2026-03-19T17:05:50.036000+00:00,xyz:CL,A,96.945,1.797,Open Short,0.0,0.015051,0x16507e2e1348da0217ca04375d21750209230013ae4bf8d4ba192980d24cb3ec
1773939950036,2026-03-19T17:05:50.036000+00:00,xyz:CL,A,96.939,221.763,Open Short,0.0,1.857382,0x16507e2e1348da0217ca04375d21750209230013ae4bf8d4ba192980d24cb3ec
1773939950036,2026-03-19T17:05:50.036000+00:00,xyz:CL,A,96.939,2.062,Open Short,0.0,0.01727,0x16507e2e1348da0217ca04375d21750209230013ae4bf8d4ba192980d24cb3ec
1773939950036,2026-03-19T17:05:50.036000+00:00,xyz:CL,A,96.936,32.213,Open Short,0.0,0.269792,0x16507e2e1348da0217ca04375d21750209230013ae4bf8d4ba192980d24cb3ec
1773939951207,2026-03-19T17:05:51.207000+00:00,xyz:CL,A,96.925,257.835,Open Short,0.0,2.159192,0x5ab88f4360d646725c3204375d218302059e0028fbd96544fe813a961fda205c
1773939954397,2026-03-19T17:05:54.397000+00:00,xyz:CL,A,96.901,9.2,Open Short,0.0,0.077024,0xed7687ac27330979eef004375d21ad0206a20091c236284b913f32fee636e364
1773939954397,2026-03-19T17:05:54.397000+00:00,xyz:CL,A,96.898,4.975,Open Short,0.0,0.04165,0xed7687ac27330979eef004375d21ad0206a20091c236284b913f32fee636e364
1773939954397,2026-03-19T17:05:54.397000+00:00,xyz:CL,A,96.891,3.612,Open Short,0.0,0.030237,0xed7687ac27330979eef004375d21ad0206a20091c236284b913f32fee636e364
1773939954397,2026-03-19T17:05:54.397000+00:00,xyz:CL,A,96.887,151.551,Open Short,0.0,1.268638,0xed7687ac27330979eef004375d21ad0206a20091c236284b913f32fee636e364
1773939954397,2026-03-19T17:05:54.397000+00:00,xyz:CL,A,96.885,88.529,Open Short,0.0,0.741064,0xed7687ac27330979eef004375d21ad0206a20091c236284b913f32fee636e364
1773939955916,2026-03-19T17:05:55.916000+00:00,xyz:CL,A,96.911,65.827,Open Short,0.0,0.551176,0xc8b28a46040612c7ca2c04375d21c0020358002b9f0931996c7b3598c309ecb2
1773939955916,2026-03-19T17:05:55.916000+00:00,xyz:CL,A,96.909,192.093,Open Short,0.0,1.608382,0xc8b28a46040612c7ca2c04375d21c0020358002b9f0931996c7b3598c309ecb2
1773940017635,2026-03-19T17:06:57.635000+00:00,xyz:CL,A,96.646,99.344,Open Short,0.0,0.829543,0xeec134597f11c144f03a04375d24de02051b003f1a14e0169289dfac3e159b2f
1773940017635,2026-03-19T17:06:57.635000+00:00,xyz:CL,A,96.646,1.034,Open Short,0.0,0.008634,0xeec134597f11c144f03a04375d24de02051b003f1a14e0169289dfac3e159b2f
1773940017635,2026-03-19T17:06:57.635000+00:00,xyz:CL,A,96.645,12.982,Open Short,0.0,0.108401,0xeec134597f11c144f03a04375d24de02051b003f1a14e0169289dfac3e159b2f
1773940017635,2026-03-19T17:06:57.635000+00:00,xyz:CL,A,96.634,145.498,Open Short,0.0,1.214788,0xeec134597f11c144f03a04375d24de02051b003f1a14e0169289dfac3e159b2f
1773940018900,2026-03-19T17:06:58.900000+00:00,xyz:CL,A,96.629,234.091,Open Short,0.0,1.954366,0x02c3bcdd8a8e7986043d04375d24f102024b00c325819858a68c683049825370
1773940018900,2026-03-19T17:06:58.900000+00:00,xyz:CL,A,96.628,1.034,Open Short,0.0,0.008632,0x02c3bcdd8a8e7986043d04375d24f102024b00c325819858a68c683049825370
1773940018900,2026-03-19T17:06:58.900000+00:00,xyz:CL,A,96.628,12.982,Open Short,0.0,0.108382,0x02c3bcdd8a8e7986043d04375d24f102024b00c325819858a68c683049825370
1773940018900,2026-03-19T17:06:58.900000+00:00,xyz:CL,A,96.628,10.638,Open Short,0.0,0.088813,0x02c3bcdd8a8e7986043d04375d24f102024b00c325819858a68c683049825370
1773940031316,2026-03-19T17:07:11.316000+00:00,xyz:CL,A,96.703,1.034,Open Short,0.0,0.008639,0xa9abe3d5f322183cab2504375d259002160a00bb8e25370e4d748f28b225f227
1773940031316,2026-03-19T17:07:11.316000+00:00,xyz:CL,A,96.686,97.486,Open Short,0.0,0.814365,0xa9abe3d5f322183cab2504375d259002160a00bb8e25370e4d748f28b225f227
1773940031316,2026-03-19T17:07:11.316000+00:00,xyz:CL,A,96.685,160.056,Open Short,0.0,1.337041,0xa9abe3d5f322183cab2504375d259002160a00bb8e25370e4d748f28b225f227
1773940032678,2026-03-19T17:07:12.678000+00:00,xyz:CL,A,96.712,151.551,Open Short,0.0,1.266347,0x1998d9c830f8dc711b1204375d259e02042900adcbfbfb43bd61851aeffcb65b
1773940032678,2026-03-19T17:07:12.678000+00:00,xyz:CL,A,96.71,1.034,Open Short,0.0,0.008639,0x1998d9c830f8dc711b1204375d259e02042900adcbfbfb43bd61851aeffcb65b
1773940032678,2026-03-19T17:07:12.678000+00:00,xyz:CL,A,96.709,105.946,Open Short,0.0,0.885248,0x1998d9c830f8dc711b1204375d259e02042900adcbfbfb43bd61851aeffcb65b
1773940444390,2026-03-19T17:14:04.390000+00:00,xyz:CL,A,96.83,1.032,Open Short,0.0,0.008633,0xe82e1b9405168a8ae9a704375d38a70201ce0079a019a95c8bf6c6e6c41a6475
1773940444390,2026-03-19T17:14:04.390000+00:00,xyz:CL,A,96.821,206.56,Open Short,0.0,1.727943,0xe82e1b9405168a8ae9a704375d38a70201ce0079a019a95c8bf6c6e6c41a6475
1773940444390,2026-03-19T17:14:04.390000+00:00,xyz:CL,A,96.819,50.525,Open Short,0.0,0.422649,0xe82e1b9405168a8ae9a704375d38a70201ce0079a019a95c8bf6c6e6c41a6475
1773940446259,2026-03-19T17:14:06.259000+00:00,xyz:CL,A,96.811,1.032,Open Short,0.0,0.008632,0x4b20680ca21184f64c9a04375d38bd02053000f23d14a3c8eee9135f61155ee0
1773940446259,2026-03-19T17:14:06.259000+00:00,xyz:CL,A,96.806,7.229,Open Short,0.0,0.060463,0x4b20680ca21184f64c9a04375d38bd02053000f23d14a3c8eee9135f61155ee0
1773940446259,2026-03-19T17:14:06.259000+00:00,xyz:CL,A,96.803,6.241,Open Short,0.0,0.052198,0x4b20680ca21184f64c9a04375d38bd02053000f23d14a3c8eee9135f61155ee0
1773940446259,2026-03-19T17:14:06.259000+00:00,xyz:CL,A,96.802,4.974,Open Short,0.0,0.041601,0x4b20680ca21184f64c9a04375d38bd02053000f23d14a3c8eee9135f61155ee0
1773940446259,2026-03-19T17:14:06.259000+00:00,xyz:CL,A,96.796,33.713,Open Short,0.0,0.281947,0x4b20680ca21184f64c9a04375d38bd02053000f23d14a3c8eee9135f61155ee0
1773940446259,2026-03-19T17:14:06.259000+00:00,xyz:CL,A,96.796,12.982,Open Short,0.0,0.10857,0x4b20680ca21184f64c9a04375d38bd02053000f23d14a3c8eee9135f61155ee0
1773940446259,2026-03-19T17:14:06.259000+00:00,xyz:CL,A,96.794,191.946,Open Short,0.0,1.605244,0x4b20680ca21184f64c9a04375d38bd02053000f23d14a3c8eee9135f61155ee0
1773941370058,2026-03-19T17:29:30.058000+00:00,xyz:CL,B,95.396,529.941,Close Short,1009.537605,1.455962,0x800daa6eaaf95552818704375d646e0206b9005445fc742423d655c169fd2f3d
1773941396126,2026-03-19T17:29:56.126000+00:00,xyz:CL,B,95.345,45.505,Close Short,89.00778,0.124953,0xebb6976f4a9840d9ed3004375d65c3020d5a0054e59b5fab8f7f42c2099c1ac4
1773941396126,2026-03-19T17:29:56.126000+00:00,xyz:CL,B,95.345,50.0,Close Short,97.8,0.137296,0xebb6976f4a9840d9ed3004375d65c3020d5a0054e59b5fab8f7f42c2099c1ac4
1773941396126,2026-03-19T17:29:56.126000+00:00,xyz:CL,B,95.345,32.154,Close Short,62.893224,0.088292,0xebb6976f4a9840d9ed3004375d65c3020d5a0054e59b5fab8f7f42c2099c1ac4
1773941400753,2026-03-19T17:30:00.753000+00:00,xyz:CL,B,95.345,400.0,Close Short,782.4,1.098374,0xd792c0981290b8bcd90c04375d65ff0203ae007dad93d78e7b5b6bead19492a7
1773941400753,2026-03-19T17:30:00.753000+00:00,xyz:CL,B,95.345,2.226,Close Short,4.354056,0.006112,0x0887883aabf847a30a0104375d65ff0203b4002046fb6675ac50338d6afc218d
1773941400828,2026-03-19T17:30:00.828000+00:00,xyz:CL,B,95.329,124.584,Close Short,245.679648,0.342042,0xddf095c51c57e113df6a04375d66000208e500aab75affe581b94117db5bbafe
1773941400828,2026-03-19T17:30:00.828000+00:00,xyz:CL,B,95.329,405.189,Close Short,799.032708,1.112436,0x5c11e6cc9c2e2d7e5d8b04375d66000208ea00b237214c50ffda921f5b220768
1773941401681,2026-03-19T17:30:01.681000+00:00,xyz:CL,B,95.284,122.399,Close Short,246.878783,0.335884,0x1650fafc6b9f991017ca04375d66080217d100e20692b7e2ba19a64f2a9372fa
1773941401681,2026-03-19T17:30:01.681000+00:00,xyz:CL,B,95.284,71.913,Close Short,145.048521,0.197342,0x90b4ee12eb027e4f922e04375d66080217e000f886059d21347d9965aa06583a
1773941401681,2026-03-19T17:30:01.681000+00:00,xyz:CL,B,95.284,335.461,Close Short,676.624837,0.920565,0xa571f3f33752de97a6eb04375d66080217ed00d8d255fd69493a9f45f656b882
1773941402944,2026-03-19T17:30:02.944000+00:00,xyz:CL,B,95.227,220.971,Close Short,458.293854,0.606021,0x3629738adc863e2d37a304375d6618021268007077895cffd9f21edd9b8a1817
1773941403726,2026-03-19T17:30:03.726000+00:00,xyz:CL,B,95.227,1.747,Close Short,3.623278,0.004791,0x95a339192331d12d971c04375d66200214e300febe34efff396be46be235ab18
1773941403860,2026-03-19T17:30:03.860000+00:00,xyz:CL,B,95.227,207.359,Close Short,430.062566,0.568689,0x7287cd4070fce5de740104375d662102085a00260bf004b0165078932ff0bfc9
1773941403860,2026-03-19T17:30:03.860000+00:00,xyz:CL,B,95.227,99.696,Close Short,206.769504,0.27342,0x3dd5a7acd731efcd3f4f04375d662102085e009272350e9fe19e52ff9635c9b7
1773941434362,2026-03-19T17:30:34.362000+00:00,xyz:CL,B,95.431,16.126,Close Short,30.15562,0.132962,0x912ff64e5187a9cd92a904375d675e02055a0033ec8ac89f34f8a1a1108b83b8
1773941434362,2026-03-19T17:30:34.362000+00:00,xyz:CL,B,95.446,20.963,Close Short,38.886365,0.172872,0x912ff64e5187a9cd92a904375d675e02055a0033ec8ac89f34f8a1a1108b83b8
1773941434362,2026-03-19T17:30:34.362000+00:00,xyz:CL,B,95.457,4.975,Close Short,9.1739,0.041031,0x912ff64e5187a9cd92a904375d675e02055a0033ec8ac89f34f8a1a1108b83b8
1773941434362,2026-03-19T17:30:34.362000+00:00,xyz:CL,B,95.457,62.791,Close Short,115.786604,0.517867,0x912ff64e5187a9cd92a904375d675e02055a0033ec8ac89f34f8a1a1108b83b8
1773941435731,2026-03-19T17:30:35.731000+00:00,xyz:CL,B,95.409,5.241,Close Short,9.915972,0.043203,0x13b6d422dc362fc7153004375d676d0211b2000877394e99b77f7f759b3a09b1
1773941435731,2026-03-19T17:30:35.731000+00:00,xyz:CL,B,95.45,12.401,Close Short,22.954251,0.102269,0x13b6d422dc362fc7153004375d676d0211b2000877394e99b77f7f759b3a09b1
1773941435731,2026-03-19T17:30:35.731000+00:00,xyz:CL,B,95.45,20.953,Close Short,38.784003,0.172796,0x13b6d422dc362fc7153004375d676d0211b2000877394e99b77f7f759b3a09b1
1773941435731,2026-03-19T17:30:35.731000+00:00,xyz:CL,B,95.456,1.048,Close Short,1.93356,0.008643,0x13b6d422dc362fc7153004375d676d0211b2000877394e99b77f7f759b3a09b1
1773941435731,2026-03-19T17:30:35.731000+00:00,xyz:CL,B,95.456,42.619,Close Short,78.632055,0.351495,0x13b6d422dc362fc7153004375d676d0211b2000877394e99b77f7f759b3a09b1
1773941435731,2026-03-19T17:30:35.731000+00:00,xyz:CL,B,95.456,22.593,Close Short,41.684085,0.186333,0x13b6d422dc362fc7153004375d676d0211b2000877394e99b77f7f759b3a09b1
1773941436787,2026-03-19T17:30:36.787000+00:00,xyz:CL,B,95.45,104.809,Close Short,194.001459,0.864347,0x7621d60e35b7f890779b04375d677a02040900f3d0bb176219ea8160f4bbd27b
1773941440119,2026-03-19T17:30:40.119000+00:00,xyz:CL,B,95.43,5.239,Close Short,9.802169,0.043196,0x2b5deb3f87b7b8282cd704375d67a602084d002522bad6facf26969246bb9212
1773941440119,2026-03-19T17:30:40.119000+00:00,xyz:CL,B,95.449,12.982,Close Short,24.042664,0.107059,0x2b5deb3f87b7b8282cd704375d67a602084d002522bad6facf26969246bb9212
1773941440119,2026-03-19T17:30:40.119000+00:00,xyz:CL,B,95.456,7.336,Close Short,13.53492,0.060502,0x2b5deb3f87b7b8282cd704375d67a602084d002522bad6facf26969246bb9212
1773941440119,2026-03-19T17:30:40.119000+00:00,xyz:CL,B,95.459,69.396,Close Short,127.827432,0.572354,0x2b5deb3f87b7b8282cd704375d67a602084d002522bad6facf26969246bb9212
1773941440119,2026-03-19T17:30:40.119000+00:00,xyz:CL,B,95.464,9.841,Close Short,18.077917,0.081169,0x2b5deb3f87b7b8282cd704375d67a602084d002522bad6facf26969246bb9212
1773941443479,2026-03-19T17:30:43.479000+00:00,xyz:CL,B,95.459,52.378,Close Short,96.480276,0.431995,0x70a1a03bff8f402a721b04375d67d702051d00219a825efc146a4b8ebe831a15
1773941443479,2026-03-19T17:30:43.479000+00:00,xyz:CL,B,95.461,52.411,Close Short,96.43624,0.432277,0x70a1a03bff8f402a721b04375d67d702051d00219a825efc146a4b8ebe831a15
1773941444952,2026-03-19T17:30:44.952000+00:00,xyz:CL,B,95.457,2.66,Close Short,4.90504,0.021938,0xfb22d1975b524bb9fc9c04375d67e80202cd007cf6556a8c9eeb7cea1a5625a4
1773941444952,2026-03-19T17:30:44.952000+00:00,xyz:CL,B,95.471,9.537,Close Short,17.45271,0.078667,0xfb22d1975b524bb9fc9c04375d67e80202cd007cf6556a8c9eeb7cea1a5625a4
1773941444952,2026-03-19T17:30:44.952000+00:00,xyz:CL,B,95.474,12.982,Close Short,23.718114,0.107087,0xfb22d1975b524bb9fc9c04375d67e80202cd007cf6556a8c9eeb7cea1a5625a4
1773941444952,2026-03-19T17:30:44.952000+00:00,xyz:CL,B,95.477,69.396,Close Short,126.578304,0.572462,0xfb22d1975b524bb9fc9c04375d67e80202cd007cf6556a8c9eeb7cea1a5625a4
1773941444952,2026-03-19T17:30:44.952000+00:00,xyz:CL,B,95.479,10.214,Close Short,18.609908,0.084259,0xfb22d1975b524bb9fc9c04375d67e80202cd007cf6556a8c9eeb7cea1a5625a4
1773941453080,2026-03-19T17:30:53.080000+00:00,xyz:CL,B,95.396,20.901,Close Short,39.816405,0.17227,0x91c5ad8a65fd38b8933f04375d684402143b007000f0578a358e58dd24f112a3
1773941453080,2026-03-19T17:30:53.080000+00:00,xyz:CL,B,95.399,1.048,Close Short,1.993296,0.008638,0x91c5ad8a65fd38b8933f04375d684402143b007000f0578a358e58dd24f112a3
1773941453080,2026-03-19T17:30:53.080000+00:00,xyz:CL,B,95.4,2.514,Close Short,4.779114,0.020721,0x91c5ad8a65fd38b8933f04375d684402143b007000f0578a358e58dd24f112a3
1773941453080,2026-03-19T17:30:53.080000+00:00,xyz:CL,B,95.403,80.372,Close Short,152.546056,0.662491,0x91c5ad8a65fd38b8933f04375d684402143b007000f0578a358e58dd24f112a3
1773941455473,2026-03-19T17:30:55.473000+00:00,xyz:CL,B,95.385,104.835,Close Short,200.86386,0.863972,0x32a92456c4150d69342204375d685d020630003c5f182c3bd671cfa98318e753
1773942809163,2026-03-19T17:53:29.163000+00:00,xyz:CL,B,95.757,104.456,Close Short,161.280064,0.864206,0x1cc0e02002a50dfb1e3a04375da8a5020d9900059da82ccdc0898b72c1a8e7e5
1773942810573,2026-03-19T17:53:30.573000+00:00,xyz:CL,B,95.757,104.411,Close Short,161.210584,0.863834,0x851a91baf90e183c869404375da8b402116400a09401370e28e33d0db801f227
1773942811577,2026-03-19T17:53:31.577000+00:00,xyz:CL,B,95.776,10.441,Close Short,15.922525,0.086399,0x952ecb3547e04ea496a804375da8be020cd0001ae2e36d7638f7768806e4288f
1773942811577,2026-03-19T17:53:31.577000+00:00,xyz:CL,B,95.777,93.97,Close Short,143.21028,0.777614,0x952ecb3547e04ea496a804375da8be020cd0001ae2e36d7638f7768806e4288f
1773942812956,2026-03-19T17:53:32.956000+00:00,xyz:CL,B,95.777,104.411,Close Short,159.122364,0.864014,0x5335506f20bea28154af04375da8cd02065a0054bbb1c153f6fdfbc1dfb27c6b
1773942818358,2026-03-19T17:53:38.358000+00:00,xyz:CL,B,95.775,104.42,Close Short,159.34492,0.864071,0xa52d6432a5700cdfa6a704375da904020f33001840732bb148f60f856473e6ca
1773942819721,2026-03-19T17:53:39.721000+00:00,xyz:CL,B,95.778,104.399,Close Short,158.999677,0.863924,0x55da037d981e023e575304375da91402099d006333112110f9a2aed05711dc28
1773942820750,2026-03-19T17:53:40.750000+00:00,xyz:CL,B,95.798,104.399,Close Short,156.911697,0.864105,0xc0f3576bd7ececd7c26d04375da91f020a2b005172e00ba964bc02be96e0c6c2
1773942822156,2026-03-19T17:53:42.156000+00:00,xyz:CL,B,95.797,104.399,Close Short,157.016096,0.864095,0xfbbee0833fad61f4fd3804375da92e02077c0068daa080c79f878bd5fea13bdf
1773942822853,2026-03-19T17:53:42.853000+00:00,xyz:CL,B,95.796,104.375,Close Short,157.084375,0.863888,0xc1a555cd4c845c0dc31f04375da93502071700b2e7877adf656e01200b8835f8
1773942827851,2026-03-19T17:53:47.851000+00:00,xyz:CL,B,95.773,104.39,Close Short,159.50792,0.863805,0xefeaebec8377c977f16404375da96c02100b00d21e7ae84a93b3973f427ba362
1773942833720,2026-03-19T17:53:53.720000+00:00,xyz:CL,B,95.801,52.186,Close Short,78.279,0.431954,0xebd90e30d5ab2d90ed5204375da9a70209bf001670ae4c628fa1b98394af077b
1773943097459,2026-03-19T17:58:17.459000+00:00,xyz:CL,A,95.703,261.252,Open Short,0.0,2.160224,0x4bd01a361e91925c4d4904375db607020446001bb994b12eef98c588dd956c46
1773943099066,2026-03-19T17:58:19.066000+00:00,xyz:CL,A,95.726,1.044,Open Short,0.0,0.008634,0x87e937879aa1e3d8896204375db61e0203fc006d35a502aa2bb1e2da59a5bdc3
1773943099066,2026-03-19T17:58:19.066000+00:00,xyz:CL,A,95.716,99.824,Open Short,0.0,0.82553,0x87e937879aa1e3d8896204375db61e0203fc006d35a502aa2bb1e2da59a5bdc3
1773943099066,2026-03-19T17:58:19.066000+00:00,xyz:CL,A,95.714,24.537,Open Short,0.0,0.202913,0x87e937879aa1e3d8896204375db61e0203fc006d35a502aa2bb1e2da59a5bdc3
1773943099066,2026-03-19T17:58:19.066000+00:00,xyz:CL,A,95.706,5.224,Open Short,0.0,0.043197,0x87e937879aa1e3d8896204375db61e0203fc006d35a502aa2bb1e2da59a5bdc3
1773943099066,2026-03-19T17:58:19.066000+00:00,xyz:CL,A,95.703,130.568,Open Short,0.0,1.079632,0x87e937879aa1e3d8896204375db61e0203fc006d35a502aa2bb1e2da59a5bdc3
1773943790994,2026-03-19T18:09:50.994000+00:00,xyz:CL,B,94.801,5.274,Close Short,11.982528,0.043198,0xec8fbf08e047d49aee0904375dd6590206ff00ee7b4af36c90586a5b9f4bae85
1773943790994,2026-03-19T18:09:50.994000+00:00,xyz:CL,B,94.803,0.131,Close Short,0.29737,0.001073,0xec8fbf08e047d49aee0904375dd6590206ff00ee7b4af36c90586a5b9f4bae85
1773943790994,2026-03-19T18:09:50.994000+00:00,xyz:CL,B,94.805,30.021,Close Short,68.087628,0.245906,0xec8fbf08e047d49aee0904375dd6590206ff00ee7b4af36c90586a5b9f4bae85
1773943790994,2026-03-19T18:09:50.994000+00:00,xyz:CL,B,94.809,228.342,Close Short,516.966288,1.870462,0xec8fbf08e047d49aee0904375dd6590206ff00ee7b4af36c90586a5b9f4bae85
1773943793238,2026-03-19T18:09:53.238000+00:00,xyz:CL,B,94.81,5.274,Close Short,11.935062,0.043202,0x283a3e042d3607d429b304375dd67102072e00e9c83926a6cc02e956ec39e1be
1773943793238,2026-03-19T18:09:53.238000+00:00,xyz:CL,B,94.814,52.62,Close Short,118.86858,0.431059,0x283a3e042d3607d429b304375dd67102072e00e9c83926a6cc02e956ec39e1be
1773943793238,2026-03-19T18:09:53.238000+00:00,xyz:CL,B,94.821,205.835,Close Short,463.54042,1.68631,0x283a3e042d3607d429b304375dd67102072e00e9c83926a6cc02e956ec39e1be
1773943795797,2026-03-19T18:09:55.797000+00:00,xyz:CL,B,94.828,9.6,Close Short,21.552,0.078654,0x61f24a8e99c71d4f636c04375dd68802032c007434ca3c2105baf5e158caf73a
1773943795797,2026-03-19T18:09:55.797000+00:00,xyz:CL,B,94.834,73.058,Close Short,163.576862,0.598612,0x61f24a8e99c71d4f636c04375dd68802032c007434ca3c2105baf5e158caf73a
1773943795797,2026-03-19T18:09:55.797000+00:00,xyz:CL,B,94.835,12.982,Close Short,29.053716,0.106371,0x61f24a8e99c71d4f636c04375dd68802032c007434ca3c2105baf5e158caf73a
1773943795797,2026-03-19T18:09:55.797000+00:00,xyz:CL,B,94.839,1.054,Close Short,2.354636,0.008636,0x61f24a8e99c71d4f636c04375dd68802032c007434ca3c2105baf5e158caf73a
1773943795797,2026-03-19T18:09:55.797000+00:00,xyz:CL,B,94.842,1.265,Close Short,2.822215,0.010365,0x61f24a8e99c71d4f636c04375dd68802032c007434ca3c2105baf5e158caf73a
1773943795797,2026-03-19T18:09:55.797000+00:00,xyz:CL,B,94.842,12.48,Close Short,27.84288,0.102265,0x61f24a8e99c71d4f636c04375dd68802032c007434ca3c2105baf5e158caf73a
1773943795797,2026-03-19T18:09:55.797000+00:00,xyz:CL,B,94.852,153.243,Close Short,340.352703,1.255858,0x61f24a8e99c71d4f636c04375dd68802032c007434ca3c2105baf5e158caf73a
1773943797925,2026-03-19T18:09:57.925000+00:00,xyz:CL,B,94.85,7.383,Close Short,16.412409,0.060503,0xbc8ac37781621921be0404375dd6950206b5005d1c6537f360536eca4065f30c
1773943797925,2026-03-19T18:09:57.925000+00:00,xyz:CL,B,94.857,16.223,Close Short,35.950168,0.132957,0xbc8ac37781621921be0404375dd6950206b5005d1c6537f360536eca4065f30c
1773943797925,2026-03-19T18:09:57.925000+00:00,xyz:CL,B,94.859,28.603,Close Short,63.327042,0.234424,0xbc8ac37781621921be0404375dd6950206b5005d1c6537f360536eca4065f30c
1773943797925,2026-03-19T18:09:57.925000+00:00,xyz:CL,B,94.86,211.473,Close Short,467.989749,1.733212,0xbc8ac37781621921be0404375dd6950206b5005d1c6537f360536eca4065f30c
1773944657348,2026-03-19T18:24:17.348000+00:00,xyz:CL,A,95.22,10.531,Open Short,0.0,0.086638,0xbfb584c9b2e3caeac12f04375dfedc0203ea00af4de6e9bc637e301c71e7a4d5
1773944657348,2026-03-19T18:24:17.348000+00:00,xyz:CL,A,95.213,1.05,Open Short,0.0,0.008637,0xbfb584c9b2e3caeac12f04375dfedc0203ea00af4de6e9bc637e301c71e7a4d5
1773944657348,2026-03-19T18:24:17.348000+00:00,xyz:CL,A,95.212,0.263,Open Short,0.0,0.002163,0xbfb584c9b2e3caeac12f04375dfedc0203ea00af4de6e9bc637e301c71e7a4d5
1773944657348,2026-03-19T18:24:17.348000+00:00,xyz:CL,A,95.211,107.318,Open Short,0.0,0.882822,0xbfb584c9b2e3caeac12f04375dfedc0203ea00af4de6e9bc637e301c71e7a4d5
1773944657348,2026-03-19T18:24:17.348000+00:00,xyz:CL,A,95.211,25.513,Open Short,0.0,0.209875,0xbfb584c9b2e3caeac12f04375dfedc0203ea00af4de6e9bc637e301c71e7a4d5
1773944657348,2026-03-19T18:24:17.348000+00:00,xyz:CL,A,95.21,117.775,Open Short,0.0,0.968834,0xbfb584c9b2e3caeac12f04375dfedc0203ea00af4de6e9bc637e301c71e7a4d5
1773947079208,2026-03-19T19:04:39.208000+00:00,xyz:CL,B,93.452,1.07,Close Short,3.6915,0.008639,0x673eb9d13a62f80e68b804375e6fdc02062200b6d56616e00b076523f966d1f9
1773947079208,2026-03-19T19:04:39.208000+00:00,xyz:CL,B,93.455,16.052,Close Short,55.331244,0.129612,0x673eb9d13a62f80e68b804375e6fdc02062200b6d56616e00b076523f966d1f9
1773947079208,2026-03-19T19:04:39.208000+00:00,xyz:CL,B,93.466,179.572,Close Short,617.009392,1.450126,0x673eb9d13a62f80e68b804375e6fdc02062200b6d56616e00b076523f966d1f9
1773947079208,2026-03-19T19:04:39.208000+00:00,xyz:CL,B,93.467,70.857,Close Short,243.393795,0.572209,0x673eb9d13a62f80e68b804375e6fdc02062200b6d56616e00b076523f966d1f9
1773947080391,2026-03-19T19:04:40.391000+00:00,xyz:CL,B,93.487,44.156,Close Short,150.79274,0.35666,0xb0ff98e2d43597b0b27904375e6feb02063c00c86f38b68254c844359339719b
1773947080391,2026-03-19T19:04:40.391000+00:00,xyz:CL,B,93.499,0.2,Close Short,0.6806,0.001615,0xb0ff98e2d43597b0b27904375e6feb02063c00c86f38b68254c844359339719b
1773947080391,2026-03-19T19:04:40.391000+00:00,xyz:CL,B,93.502,9.737,Close Short,33.1058,0.078661,0xb0ff98e2d43597b0b27904375e6feb02063c00c86f38b68254c844359339719b
1773947080391,2026-03-19T19:04:40.391000+00:00,xyz:CL,B,93.51,4.281,Close Short,14.521152,0.034587,0xb0ff98e2d43597b0b27904375e6feb02063c00c86f38b68254c844359339719b
1773947080391,2026-03-19T19:04:40.391000+00:00,xyz:CL,B,93.513,12.982,Close Short,43.995998,0.104888,0xb0ff98e2d43597b0b27904375e6feb02063c00c86f38b68254c844359339719b
1773947080391,2026-03-19T19:04:40.391000+00:00,xyz:CL,B,93.516,12.658,Close Short,42.859988,0.102273,0xb0ff98e2d43597b0b27904375e6feb02063c00c86f38b68254c844359339719b
1773947080391,2026-03-19T19:04:40.391000+00:00,xyz:CL,B,93.518,1.069,Close Short,3.617496,0.008637,0xb0ff98e2d43597b0b27904375e6feb02063c00c86f38b68254c844359339719b
1773947080391,2026-03-19T19:04:40.391000+00:00,xyz:CL,B,93.52,182.585,Close Short,617.50247,1.47531,0xb0ff98e2d43597b0b27904375e6feb02063c00c86f38b68254c844359339719b
1773947084069,2026-03-19T19:04:44.069000+00:00,xyz:CL,B,93.543,102.411,Close Short,343.998549,0.827697,0x1098a9faade2aa7f121204375e701e02055000e048e5c951b461554d6ce68469
1773947084069,2026-03-19T19:04:44.069000+00:00,xyz:CL,B,93.544,165.028,Close Short,554.164024,1.333789,0x1098a9faade2aa7f121204375e701e02055000e048e5c951b461554d6ce68469
1773947273606,2026-03-19T19:07:53.606000+00:00,xyz:CL,B,94.106,1.275,Close Short,3.5649,0.010366,0x7f33bbf6ce06e69a80ad04375e793b02145100dc690a056c22fc67498d0ac085
1773947273606,2026-03-19T19:07:53.606000+00:00,xyz:CL,B,94.106,1.275,Close Short,3.5649,0.010366,0x7f33bbf6ce06e69a80ad04375e793b02145100dc690a056c22fc67498d0ac085
1773947273606,2026-03-19T19:07:53.606000+00:00,xyz:CL,B,94.115,263.407,Close Short,734.115309,2.141903,0x7f33bbf6ce06e69a80ad04375e793b02145100dc690a056c22fc67498d0ac085
1773947277468,2026-03-19T19:07:57.468000+00:00,xyz:CL,B,94.059,15.95,Close Short,45.34585,0.12962,0x92f3add2f416e94d946d04375e7967020a7e00b88f1a081f36bc5925b31ac338
1773947277468,2026-03-19T19:07:57.468000+00:00,xyz:CL,B,94.06,5.317,Close Short,15.110914,0.04321,0x92f3add2f416e94d946d04375e7967020a7e00b88f1a081f36bc5925b31ac338
1773947277468,2026-03-19T19:07:57.468000+00:00,xyz:CL,B,94.062,1.063,Close Short,3.01892,0.008638,0x92f3add2f416e94d946d04375e7967020a7e00b88f1a081f36bc5925b31ac338
1773947277468,2026-03-19T19:07:57.468000+00:00,xyz:CL,B,94.07,67.818,Close Short,192.060576,0.5512,0x92f3add2f416e94d946d04375e7967020a7e00b88f1a081f36bc5925b31ac338
1773947277468,2026-03-19T19:07:57.468000+00:00,xyz:CL,B,94.074,10.633,Close Short,30.070124,0.086424,0x92f3add2f416e94d946d04375e7967020a7e00b88f1a081f36bc5925b31ac338
1773947277468,2026-03-19T19:07:57.468000+00:00,xyz:CL,B,94.075,164.95,Close Short,466.31365,1.340726,0x92f3add2f416e94d946d04375e7967020a7e00b88f1a081f36bc5925b31ac338
1773947346693,2026-03-19T19:09:06.693000+00:00,xyz:CL,B,93.0,16.133,Close Short,62.950966,0.129631,0x3cb3a0a08b31368a3e2d04375e7ce0020da300862634555ce07c4bf34a351074
1773947346693,2026-03-19T19:09:06.693000+00:00,xyz:CL,B,93.001,234.091,Close Short,913.188991,1.880988,0x3cb3a0a08b31368a3e2d04375e7ce0020da300862634555ce07c4bf34a351074
1773947346693,2026-03-19T19:09:06.693000+00:00,xyz:CL,B,93.002,5.378,Close Short,20.9742,0.043214,0x3cb3a0a08b31368a3e2d04375e7ce0020da300862634555ce07c4bf34a351074
1773947346693,2026-03-19T19:09:06.693000+00:00,xyz:CL,B,93.008,10.755,Close Short,41.87997,0.086426,0x3cb3a0a08b31368a3e2d04375e7ce0020da300862634555ce07c4bf34a351074
1773947346693,2026-03-19T19:09:06.693000+00:00,xyz:CL,B,93.016,2.286,Close Short,8.883396,0.018371,0x3cb3a0a08b31368a3e2d04375e7ce0020da300862634555ce07c4bf34a351074
1773947349868,2026-03-19T19:09:09.868000+00:00,xyz:CL,B,92.64,10.229,Close Short,43.595998,0.081873,0xd3dd3f5919dee878d55604375e7d0a0209cb003eb4d2074a77a5eaabd8d2c263
1773947349868,2026-03-19T19:09:09.868000+00:00,xyz:CL,B,92.646,258.79,Close Short,1101.41024,2.071514,0xd3dd3f5919dee878d55604375e7d0a0209cb003eb4d2074a77a5eaabd8d2c263
1773948387104,2026-03-19T19:26:27.104000+00:00,xyz:CL,B,93.533,7.486,Close Short,25.220334,0.060496,0xf320a1e711a94791f49a04375eaed8020bca00ccacac666496e94d39d0ad217c
1773948387104,2026-03-19T19:26:27.104000+00:00,xyz:CL,B,93.548,9.731,Close Short,32.637774,0.078651,0xf320a1e711a94791f49a04375eaed8020bca00ccacac666496e94d39d0ad217c
1773948387104,2026-03-19T19:26:27.104000+00:00,xyz:CL,B,93.561,250.268,Close Short,836.145388,2.023084,0xf320a1e711a94791f49a04375eaed8020bca00ccacac666496e94d39d0ad217c
1773949039656,2026-03-19T19:37:19.656000+00:00,xyz:CL,A,94.195,106.184,Open Short,0.0,0.864172,0x7a4fb436d80d9ee47bc904375ecccd020c97001c7300bdb61e185f89970178cf
1773949263628,2026-03-19T19:41:03.628000+00:00,xyz:CL,A,94.109,0.135,Open Short,0.0,0.001097,0xf7221c5e7e77516ef89b04375ed7810208120044197a70419aeac7b13d7b2b59
1773949263628,2026-03-19T19:41:03.628000+00:00,xyz:CL,A,94.097,106.14,Open Short,0.0,0.862916,0xf7221c5e7e77516ef89b04375ed7810208120044197a70419aeac7b13d7b2b59
1773954542710,2026-03-19T21:09:02.710000+00:00,xyz:CL,A,94.313,105.936,Open Short,0.0,0.863234,0x9b84f89bc1467f0e9cfe04375fd08802026400815c499de03f4da3ee804a58f9
1773954549276,2026-03-19T21:09:09.276000+00:00,xyz:CL,A,94.316,26.487,Open Short,0.0,0.215839,0x18b984a53262ba991a3304375fd0e702012b008acd65d96bbc822ff7f1669483
1773959641406,2026-03-19T22:34:01.406000+00:00,xyz:CL,A,93.947,0.187,Open Short,0.0,0.001517,0x09850749df165fb50afe043760c272020437002f7a197e87ad4db29c9e1a399f
1773959641406,2026-03-19T22:34:01.406000+00:00,xyz:CL,A,93.947,0.2,Open Short,0.0,0.001623,0x09850749df165fb50afe043760c272020437002f7a197e87ad4db29c9e1a399f
1773959641406,2026-03-19T22:34:01.406000+00:00,xyz:CL,A,93.932,1.412,Open Short,0.0,0.011459,0x09850749df165fb50afe043760c272020437002f7a197e87ad4db29c9e1a399f
1773959641406,2026-03-19T22:34:01.406000+00:00,xyz:CL,A,93.931,7.451,Open Short,0.0,0.060469,0x09850749df165fb50afe043760c272020437002f7a197e87ad4db29c9e1a399f
1773959641406,2026-03-19T22:34:01.406000+00:00,xyz:CL,A,93.93,12.982,Open Short,0.0,0.105356,0x09850749df165fb50afe043760c272020437002f7a197e87ad4db29c9e1a399f
1773959641406,2026-03-19T22:34:01.406000+00:00,xyz:CL,A,93.93,1.064,Open Short,0.0,0.008634,0x09850749df165fb50afe043760c272020437002f7a197e87ad4db29c9e1a399f
1773959641406,2026-03-19T22:34:01.406000+00:00,xyz:CL,A,93.925,3.086,Open Short,0.0,0.025043,0x09850749df165fb50afe043760c272020437002f7a197e87ad4db29c9e1a399f
1773959641406,2026-03-19T22:34:01.406000+00:00,xyz:CL,A,93.921,178.1,Open Short,0.0,1.445241,0x09850749df165fb50afe043760c272020437002f7a197e87ad4db29c9e1a399f
1773959641406,2026-03-19T22:34:01.406000+00:00,xyz:CL,A,93.919,61.483,Open Short,0.0,0.49891,0x09850749df165fb50afe043760c272020437002f7a197e87ad4db29c9e1a399f
1773959642486,2026-03-19T22:34:02.486000+00:00,xyz:CL,A,93.919,172.608,Open Short,0.0,1.400645,0x7b7b62ac8ab7d3707cf5043760c28002043b009225baf2421f440dff49bbad5b
1773959642486,2026-03-19T22:34:02.486000+00:00,xyz:CL,A,93.919,7.452,Open Short,0.0,0.06047,0x7b7b62ac8ab7d3707cf5043760c28002043b009225baf2421f440dff49bbad5b
1773959642486,2026-03-19T22:34:02.486000+00:00,xyz:CL,A,93.911,5.324,Open Short,0.0,0.043198,0x7b7b62ac8ab7d3707cf5043760c28002043b009225baf2421f440dff49bbad5b
1773959642486,2026-03-19T22:34:02.486000+00:00,xyz:CL,A,93.909,3.431,Open Short,0.0,0.027838,0x7b7b62ac8ab7d3707cf5043760c28002043b009225baf2421f440dff49bbad5b
1773959642486,2026-03-19T22:34:02.486000+00:00,xyz:CL,A,93.908,77.15,Open Short,0.0,0.625968,0x7b7b62ac8ab7d3707cf5043760c28002043b009225baf2421f440dff49bbad5b
1773961294829,2026-03-19T23:01:34.829000+00:00,xyz:CL,A,93.748,93.316,Open Short,0.0,0.755843,0x22d24804c780e146244c043761112802014800ea62840018c69af3578684bb30
1773961294829,2026-03-19T23:01:34.829000+00:00,xyz:CL,A,93.747,173.339,Open Short,0.0,1.404,0x22d24804c780e146244c043761112802014800ea62840018c69af3578684bb30
1773961297035,2026-03-19T23:01:37.035000+00:00,xyz:CL,A,93.748,95.479,Open Short,0.0,0.773363,0xf6a3bd5068340850f81d043761113e02019d0036033727239a6c68a32737e23b
1773961297035,2026-03-19T23:01:37.035000+00:00,xyz:CL,A,93.747,171.153,Open Short,0.0,1.386294,0xf6a3bd5068340850f81d043761113e02019d0036033727239a6c68a32737e23b
1773961985039,2026-03-19T23:13:05.039000+00:00,xyz:CL,B,93.895,0.532,Close Short,0.554876,0.004315,0x1ec23e40738ba957203b043761321802015800260e8ec829c28ae993328f8341
1773961985039,2026-03-19T23:13:05.039000+00:00,xyz:CL,B,93.901,1.064,Close Short,1.103368,0.008632,0x1ec23e40738ba957203b043761321802015800260e8ec829c28ae993328f8341
1773961985039,2026-03-19T23:13:05.039000+00:00,xyz:CL,B,93.907,47.224,Close Short,48.687944,0.383154,0x1ec23e40738ba957203b043761321802015800260e8ec829c28ae993328f8341
1773961985039,2026-03-19T23:13:05.039000+00:00,xyz:CL,B,93.915,12.982,Close Short,13.280586,0.105339,0x1ec23e40738ba957203b043761321802015800260e8ec829c28ae993328f8341
1773961985039,2026-03-19T23:13:05.039000+00:00,xyz:CL,B,93.917,3.72,Close Short,3.79812,0.030185,0x1ec23e40738ba957203b043761321802015800260e8ec829c28ae993328f8341
1773961985039,2026-03-19T23:13:05.039000+00:00,xyz:CL,B,93.921,11.968,Close Short,12.171456,0.097117,0x1ec23e40738ba957203b043761321802015800260e8ec829c28ae993328f8341
1773961985039,2026-03-19T23:13:05.039000+00:00,xyz:CL,B,93.921,3.351,Close Short,3.407967,0.027192,0x1ec23e40738ba957203b043761321802015800260e8ec829c28ae993328f8341
1773961985039,2026-03-19T23:13:05.039000+00:00,xyz:CL,B,93.922,5.323,Close Short,5.408168,0.043195,0x1ec23e40738ba957203b043761321802015800260e8ec829c28ae993328f8341
1773961985039,2026-03-19T23:13:05.039000+00:00,xyz:CL,B,93.923,180.11,Close Short,182.81165,1.461583,0x1ec23e40738ba957203b043761321802015800260e8ec829c28ae993328f8341
1773961986686,2026-03-19T23:13:06.686000+00:00,xyz:CL,B,93.903,1.064,Close Short,1.10124,0.008632,0x6e1b51c3537801566f95043761322902069a00a8ee7b202811e3fd16127bdb41
1773961986686,2026-03-19T23:13:06.686000+00:00,xyz:CL,B,93.916,12.982,Close Short,13.267604,0.10534,0x6e1b51c3537801566f95043761322902069a00a8ee7b202811e3fd16127bdb41
1773961986686,2026-03-19T23:13:06.686000+00:00,xyz:CL,B,93.922,212.958,Close Short,216.365328,1.728124,0x6e1b51c3537801566f95043761322902069a00a8ee7b202811e3fd16127bdb41
1773961986686,2026-03-19T23:13:06.686000+00:00,xyz:CL,B,93.922,5.323,Close Short,5.408168,0.043195,0x6e1b51c3537801566f95043761322902069a00a8ee7b202811e3fd16127bdb41
1773961986686,2026-03-19T23:13:06.686000+00:00,xyz:CL,B,93.924,0.532,Close Short,0.539448,0.004317,0x6e1b51c3537801566f95043761322902069a00a8ee7b202811e3fd16127bdb41
1773961986686,2026-03-19T23:13:06.686000+00:00,xyz:CL,B,93.928,33.387,Close Short,33.72087,0.270948,0x6e1b51c3537801566f95043761322902069a00a8ee7b202811e3fd16127bdb41
1773961988314,2026-03-19T23:13:08.314000+00:00,xyz:CL,B,93.897,10.153,Close Short,10.569273,0.082368,0x09f32d738fb357ba0b6c043761323a0204e900592ab6768cadbbd8c64eb731a4
1773961988314,2026-03-19T23:13:08.314000+00:00,xyz:CL,B,93.904,0.532,Close Short,0.550088,0.004316,0x09f32d738fb357ba0b6c043761323a0204e900592ab6768cadbbd8c64eb731a4
1773961988314,2026-03-19T23:13:08.314000+00:00,xyz:CL,B,93.92,3.238,Close Short,3.296284,0.026275,0x09f32d738fb357ba0b6c043761323a0204e900592ab6768cadbbd8c64eb731a4
1773961988314,2026-03-19T23:13:08.314000+00:00,xyz:CL,B,93.922,5.323,Close Short,5.408168,0.043195,0x09f32d738fb357ba0b6c043761323a0204e900592ab6768cadbbd8c64eb731a4
1773961988314,2026-03-19T23:13:08.314000+00:00,xyz:CL,B,93.926,41.081,Close Short,41.573972,0.33338,0x09f32d738fb357ba0b6c043761323a0204e900592ab6768cadbbd8c64eb731a4
1773961988314,2026-03-19T23:13:08.314000+00:00,xyz:CL,B,93.928,203.693,Close Short,205.72993,1.653045,0x09f32d738fb357ba0b6c043761323a0204e900592ab6768cadbbd8c64eb731a4
1773961988314,2026-03-19T23:13:08.314000+00:00,xyz:CL,B,93.93,2.226,Close Short,2.243808,0.018065,0x09f32d738fb357ba0b6c043761323a0204e900592ab6768cadbbd8c64eb731a4
1773961991229,2026-03-19T23:13:11.229000+00:00,xyz:CL,B,93.889,1.065,Close Short,1.117185,0.008639,0xd6ca8ec879cdae81d844043761325d02094300ae14c0cd537a933a1b38c1886c
1773961991229,2026-03-19T23:13:11.229000+00:00,xyz:CL,B,93.903,5.324,Close Short,5.51034,0.043194,0xd6ca8ec879cdae81d844043761325d02094300ae14c0cd537a933a1b38c1886c
1773961991229,2026-03-19T23:13:11.229000+00:00,xyz:CL,B,93.909,236.503,Close Short,243.361587,1.918923,0xd6ca8ec879cdae81d844043761325d02094300ae14c0cd537a933a1b38c1886c
1773961991229,2026-03-19T23:13:11.229000+00:00,xyz:CL,B,93.915,15.399,Close Short,15.753177,0.124951,0xd6ca8ec879cdae81d844043761325d02094300ae14c0cd537a933a1b38c1886c
1773961991229,2026-03-19T23:13:11.229000+00:00,xyz:CL,B,93.916,7.955,Close Short,8.13001,0.064549,0xd6ca8ec879cdae81d844043761325d02094300ae14c0cd537a933a1b38c1886c
1773963519714,2026-03-19T23:38:39.714000+00:00,xyz:CL,B,93.919,0.532,Close Short,0.542108,0.004316,0x7514594640ce04c9768e0437617c3202014a002bdbc1239b18dd0498ffc1deb4
1773963519714,2026-03-19T23:38:39.714000+00:00,xyz:CL,B,93.925,63.764,Close Short,64.592932,0.517452,0x7514594640ce04c9768e0437617c3202014a002bdbc1239b18dd0498ffc1deb4
1773963519714,2026-03-19T23:38:39.714000+00:00,xyz:CL,B,93.926,203.947,Close Short,206.394364,1.655071,0x7514594640ce04c9768e0437617c3202014a002bdbc1239b18dd0498ffc1deb4
1773963523352,2026-03-19T23:38:43.352000+00:00,xyz:CL,B,93.917,0.532,Close Short,0.543172,0.004316,0x8ef2547d086e5433906c0437617c5e0203f80062a361730532baffcfc7622e1e
1773963523352,2026-03-19T23:38:43.352000+00:00,xyz:CL,B,93.921,0.532,Close Short,0.541044,0.004317,0x8ef2547d086e5433906c0437617c5e0203f80062a361730532baffcfc7622e1e
1773963523352,2026-03-19T23:38:43.352000+00:00,xyz:CL,B,93.926,208.165,Close Short,210.66298,1.689301,0x8ef2547d086e5433906c0437617c5e0203f80062a361730532baffcfc7622e1e
1773963526784,2026-03-19T23:38:46.784000+00:00,xyz:CL,B,93.925,52.768,Close Short,53.453984,0.428218,0x0b769cb40858b3a30cf00437617c8202019b0099a35bd275af3f4806c75c8d8d
1773963526784,2026-03-19T23:38:46.784000+00:00,xyz:CL,B,93.925,100.856,Close Short,102.167128,0.818458,0x0b769cb40858b3a30cf00437617c8202019b0099a35bd275af3f4806c75c8d8d
1773963526784,2026-03-19T23:38:46.784000+00:00,xyz:CL,B,93.925,1.064,Close Short,1.077832,0.008634,0x0b769cb40858b3a30cf00437617c8202019b0099a35bd275af3f4806c75c8d8d
1773963526784,2026-03-19T23:38:46.784000+00:00,xyz:CL,B,93.926,440.813,Close Short,446.102756,3.577288,0x0b769cb40858b3a30cf00437617c8202019b0099a35bd275af3f4806c75c8d8d
1774396534178,2026-03-24T23:55:34.178000+00:00,xyz:BRENTOIL,B,96.484,101.62,Open Long,0.0,0.847126,0x78c11f9d35012cf47a3a0437b0a9480205400082d0044bc61c89caeff40506df
1774396582862,2026-03-24T23:56:22.862000+00:00,xyz:BRENTOIL,A,96.438,5.72,Close Long,-0.26312,0.04766,0x19a89c685f3ef09d1b220437b0abd102046e004dfa320f6fbd7147bb1e32ca87
1774396582862,2026-03-24T23:56:22.862000+00:00,xyz:BRENTOIL,A,96.437,100.08,Long > Short,-4.5073,0.833882,0x19a89c685f3ef09d1b220437b0abd102046e004dfa320f6fbd7147bb1e32ca87
1774396586904,2026-03-24T23:56:26.904000+00:00,xyz:BRENTOIL,B,96.459,4.18,Close Short,-0.09196,0.034836,0x3e12a97224c337fe3f8c0437b0ac080203dc0057bfc656d0e1db54c4e3c711e8
1774396630158,2026-03-24T23:57:10.158000+00:00,ZEC,B,242.39,2.41,Open Long,0.0,0.252357,0x09510aa4540fb3cd0aca0437b0ae5f0202fd0089ef02d29fad19b5f713038db7
1774396630158,2026-03-24T23:57:10.158000+00:00,ZEC,B,242.39,2.06,Open Long,0.0,0.215707,0x09510aa4540fb3cd0aca0437b0ae5f0202fd0089ef02d29fad19b5f713038db7
1774396630158,2026-03-24T23:57:10.158000+00:00,ZEC,B,242.39,3.0,Open Long,0.0,0.314137,0x09510aa4540fb3cd0aca0437b0ae5f0202fd0089ef02d29fad19b5f713038db7
1774396630158,2026-03-24T23:57:10.158000+00:00,ZEC,B,242.41,1.38,Open Long,0.0,0.144515,0x09510aa4540fb3cd0aca0437b0ae5f0202fd0089ef02d29fad19b5f713038db7
1774396630158,2026-03-24T23:57:10.158000+00:00,ZEC,B,242.43,20.0,Open Long,0.0,2.094595,0x09510aa4540fb3cd0aca0437b0ae5f0202fd0089ef02d29fad19b5f713038db7
1774396630158,2026-03-24T23:57:10.158000+00:00,ZEC,B,242.44,2.29,Open Long,0.0,0.239841,0x09510aa4540fb3cd0aca0437b0ae5f0202fd0089ef02d29fad19b5f713038db7
1774396630158,2026-03-24T23:57:10.158000+00:00,ZEC,B,242.44,3.78,Open Long,0.0,0.395894,0x09510aa4540fb3cd0aca0437b0ae5f0202fd0089ef02d29fad19b5f713038db7
1774396630158,2026-03-24T23:57:10.158000+00:00,ZEC,B,242.44,2.31,Open Long,0.0,0.241935,0x09510aa4540fb3cd0aca0437b0ae5f0202fd0089ef02d29fad19b5f713038db7
1774396630158,2026-03-24T23:57:10.158000+00:00,ZEC,B,242.45,1.38,Open Long,0.0,0.144538,0x09510aa4540fb3cd0aca0437b0ae5f0202fd0089ef02d29fad19b5f713038db7
1774396630158,2026-03-24T23:57:10.158000+00:00,ZEC,B,242.45,1.26,Open Long,0.0,0.13197,0x09510aa4540fb3cd0aca0437b0ae5f0202fd0089ef02d29fad19b5f713038db7
1774396630158,2026-03-24T23:57:10.158000+00:00,ZEC,B,242.48,0.57,Open Long,0.0,0.059708,0x09510aa4540fb3cd0aca0437b0ae5f0202fd0089ef02d29fad19b5f713038db7
1774396658170,2026-03-24T23:57:38.170000+00:00,xyz:BRENTOIL,B,96.465,7.04,Open Long,0.0,0.058675,0x21fb86279fcbf1a623750437b0afd202029a000d3acf1078c5c4317a5ecfcb90
1774396658170,2026-03-24T23:57:38.170000+00:00,xyz:BRENTOIL,B,96.466,13.28,Open Long,0.0,0.110684,0x21fb86279fcbf1a623750437b0afd202029a000d3acf1078c5c4317a5ecfcb90
1774396683239,2026-03-24T23:58:03.239000+00:00,xyz:BRENTOIL,B,96.485,19.0,Open Long,0.0,0.158389,0x184624cc7063448f19bf0437b0b10e02030800b20b666361bc0ed01f2f671e79
1774396683239,2026-03-24T23:58:03.239000+00:00,xyz:BRENTOIL,B,96.495,1.32,Open Long,0.0,0.011005,0x184624cc7063448f19bf0437b0b10e02030800b20b666361bc0ed01f2f671e79
1774396690089,2026-03-24T23:58:10.089000+00:00,ZEC,A,242.59,2.45,Close Long,0.4018,0.256757,0xa1ec14ef174667f7a3650437b0b15c0207a000d4b24986c945b4c041d64a41e2
1774396690089,2026-03-24T23:58:10.089000+00:00,ZEC,A,242.58,21.48,Close Long,3.30792,2.250987,0xa1ec14ef174667f7a3650437b0b15c0207a000d4b24986c945b4c041d64a41e2
1774396690089,2026-03-24T23:58:10.089000+00:00,ZEC,A,242.57,16.51,Close Long,2.37744,1.730086,0xa1ec14ef174667f7a3650437b0b15c0207a000d4b24986c945b4c041d64a41e2
1774396690089,2026-03-24T23:58:10.089000+00:00,xyz:BRENTOIL,A,96.468,20.5,Close Long,-0.1558,0.170864,0xa3f6451a61b5c468a5700437b0b15c0207df00fffcb8e33a47bef06d20b99e53
1774396690089,2026-03-24T23:58:10.089000+00:00,xyz:BRENTOIL,A,96.466,20.14,Close Long,-0.193344,0.16786,0xa3f6451a61b5c468a5700437b0b15c0207df00fffcb8e33a47bef06d20b99e53
1774447271837,2026-03-25T14:01:11.837000+00:00,xyz:BRENTOIL,B,96.192,312.11,Open Long,0.0,2.593942,0x4a861356fc983b384bff0437b9ea8a020957003c979b5a0aee4ebea9bb9c1522
1774447271837,2026-03-25T14:01:11.837000+00:00,xyz:BRENTOIL,B,96.198,84.43,Open Long,0.0,0.70174,0x4a861356fc983b384bff0437b9ea8a020957003c979b5a0aee4ebea9bb9c1522
1774447271837,2026-03-25T14:01:11.837000+00:00,xyz:BRENTOIL,B,96.205,5.1,Open Long,0.0,0.042391,0x4a861356fc983b384bff0437b9ea8a020957003c979b5a0aee4ebea9bb9c1522
1774447271837,2026-03-25T14:01:11.837000+00:00,xyz:BRENTOIL,B,96.214,15.59,Open Long,0.0,0.129597,0x4a861356fc983b384bff0437b9ea8a020957003c979b5a0aee4ebea9bb9c1522
1774447271837,2026-03-25T14:01:11.837000+00:00,xyz:BRENTOIL,B,96.215,312.11,Open Long,0.0,2.594562,0x4a861356fc983b384bff0437b9ea8a020957003c979b5a0aee4ebea9bb9c1522
1774447271837,2026-03-25T14:01:11.837000+00:00,xyz:BRENTOIL,B,96.229,5.1,Open Long,0.0,0.042402,0x4a861356fc983b384bff0437b9ea8a020957003c979b5a0aee4ebea9bb9c1522
1774447271837,2026-03-25T14:01:11.837000+00:00,xyz:BRENTOIL,B,96.237,312.11,Open Long,0.0,2.595156,0x4a861356fc983b384bff0437b9ea8a020957003c979b5a0aee4ebea9bb9c1522
1774447271837,2026-03-25T14:01:11.837000+00:00,xyz:BRENTOIL,B,96.247,7.47,Open Long,0.0,0.062118,0x4a861356fc983b384bff0437b9ea8a020957003c979b5a0aee4ebea9bb9c1522
1774447271837,2026-03-25T14:01:11.837000+00:00,xyz:BRENTOIL,B,96.248,15.59,Open Long,0.0,0.129643,0x4a861356fc983b384bff0437b9ea8a020957003c979b5a0aee4ebea9bb9c1522
1774447271837,2026-03-25T14:01:11.837000+00:00,xyz:BRENTOIL,B,96.249,155.86,Open Long,0.0,1.296118,0x4a861356fc983b384bff0437b9ea8a020957003c979b5a0aee4ebea9bb9c1522
1774447271837,2026-03-25T14:01:11.837000+00:00,xyz:BRENTOIL,B,96.25,303.53,Open Long,0.0,2.524155,0x4a861356fc983b384bff0437b9ea8a020957003c979b5a0aee4ebea9bb9c1522
1774447298805,2026-03-25T14:01:38.805000+00:00,xyz:BRENTOIL,B,95.947,15.63,Open Long,0.0,0.129569,0xc4b441003a988434c62d0437b9ec0502119000e5d59ba306687cec52f99c5e1f
1774447298805,2026-03-25T14:01:38.805000+00:00,xyz:BRENTOIL,B,95.959,490.99,Open Long,0.0,4.070728,0xc4b441003a988434c62d0437b9ec0502119000e5d59ba306687cec52f99c5e1f
1774447298805,2026-03-25T14:01:38.805000+00:00,xyz:BRENTOIL,B,95.959,294.59,Open Long,0.0,2.442403,0xc4b441003a988434c62d0437b9ec0502119000e5d59ba306687cec52f99c5e1f
1774447298805,2026-03-25T14:01:38.805000+00:00,xyz:BRENTOIL,B,95.965,13.48,Open Long,0.0,0.111767,0xc4b441003a988434c62d0437b9ec0502119000e5d59ba306687cec52f99c5e1f
1774447298805,2026-03-25T14:01:38.805000+00:00,xyz:BRENTOIL,B,95.966,0.16,Open Long,0.0,0.001326,0xc4b441003a988434c62d0437b9ec0502119000e5d59ba306687cec52f99c5e1f
1774447298805,2026-03-25T14:01:38.805000+00:00,xyz:BRENTOIL,B,95.966,77.01,Open Long,0.0,0.638525,0xc4b441003a988434c62d0437b9ec0502119000e5d59ba306687cec52f99c5e1f
1774447298805,2026-03-25T14:01:38.805000+00:00,xyz:BRENTOIL,B,95.966,69.28,Open Long,0.0,0.574432,0xc4b441003a988434c62d0437b9ec0502119000e5d59ba306687cec52f99c5e1f
1774447298805,2026-03-25T14:01:38.805000+00:00,xyz:BRENTOIL,B,95.966,63.01,Open Long,0.0,0.522445,0xc4b441003a988434c62d0437b9ec0502119000e5d59ba306687cec52f99c5e1f
1774447298805,2026-03-25T14:01:38.805000+00:00,xyz:BRENTOIL,B,95.966,67.91,Open Long,0.0,0.563073,0xc4b441003a988434c62d0437b9ec0502119000e5d59ba306687cec52f99c5e1f
1774447298805,2026-03-25T14:01:38.805000+00:00,xyz:BRENTOIL,B,95.966,103.63,Open Long,0.0,0.859244,0xc4b441003a988434c62d0437b9ec0502119000e5d59ba306687cec52f99c5e1f
1774447298805,2026-03-25T14:01:38.805000+00:00,xyz:BRENTOIL,B,95.967,15.62,Open Long,0.0,0.129513,0xc4b441003a988434c62d0437b9ec0502119000e5d59ba306687cec52f99c5e1f
1774447298805,2026-03-25T14:01:38.805000+00:00,xyz:BRENTOIL,B,95.987,15.62,Open Long,0.0,0.12954,0xc4b441003a988434c62d0437b9ec0502119000e5d59ba306687cec52f99c5e1f
1774447298805,2026-03-25T14:01:38.805000+00:00,xyz:BRENTOIL,B,95.991,146.64,Open Long,0.0,1.216176,0xc4b441003a988434c62d0437b9ec0502119000e5d59ba306687cec52f99c5e1f
1774447463003,2026-03-25T14:04:23.003000+00:00,xyz:BRENTOIL,A,95.692,43.19,Close Long,-17.690624,0.357085,0x80e5bd1bb6847afe825f0437b9f41b020db90001518799d024ae686e758854e9
1774447463003,2026-03-25T14:04:23.003000+00:00,xyz:BRENTOIL,A,95.692,72.17,Close Long,-29.560832,0.596686,0x80e5bd1bb6847afe825f0437b9f41b020db90001518799d024ae686e758854e9
1774447463003,2026-03-25T14:04:23.003000+00:00,xyz:BRENTOIL,A,95.676,22.9,Close Long,-9.74624,0.1893,0x80e5bd1bb6847afe825f0437b9f41b020db90001518799d024ae686e758854e9
1774447463003,2026-03-25T14:04:23.003000+00:00,xyz:BRENTOIL,A,95.667,0.15,Close Long,-0.06519,0.001239,0x80e5bd1bb6847afe825f0437b9f41b020db90001518799d024ae686e758854e9
1774447463003,2026-03-25T14:04:23.003000+00:00,xyz:BRENTOIL,A,95.664,15.63,Close Long,-6.839688,0.129187,0x80e5bd1bb6847afe825f0437b9f41b020db90001518799d024ae686e758854e9
1774447463003,2026-03-25T14:04:23.003000+00:00,xyz:BRENTOIL,A,95.664,221.17,Close Long,-96.783992,1.828051,0x80e5bd1bb6847afe825f0437b9f41b020db90001518799d024ae686e758854e9
1774447463003,2026-03-25T14:04:23.003000+00:00,xyz:BRENTOIL,A,95.658,7.47,Close Long,-3.313692,0.061738,0x80e5bd1bb6847afe825f0437b9f41b020db90001518799d024ae686e758854e9
1774447463003,2026-03-25T14:04:23.003000+00:00,xyz:BRENTOIL,A,95.656,342.96,Close Long,-152.822976,2.834454,0x80e5bd1bb6847afe825f0437b9f41b020db90001518799d024ae686e758854e9
1774447465467,2026-03-25T14:04:25.467000+00:00,xyz:BRENTOIL,A,95.769,544.23,Close Long,-181.010898,4.503199,0xa5b3451c287118afa72d0437b9f43f020f7c0001c3743781497bf06ee774f29a
1774447467277,2026-03-25T14:04:27.277000+00:00,xyz:BRENTOIL,A,95.754,271.32,Close Long,-94.310832,2.244669,0x387e5f0713e41b1339f80437b9f45602039800ecaee739e5dc470a59d2e7f4fd
1774447467277,2026-03-25T14:04:27.277000+00:00,xyz:BRENTOIL,A,95.739,136.85,Close Long,-49.62181,1.132002,0x387e5f0713e41b1339f80437b9f45602039800ecaee739e5dc470a59d2e7f4fd
1774447469519,2026-03-25T14:04:29.519000+00:00,xyz:BRENTOIL,A,95.74,242.56,Close Long,-87.709696,2.00644,0x1460d7457442752f15da0437b9f46d0208db002b0f459401b829829833464f19
1774447469519,2026-03-25T14:04:29.519000+00:00,xyz:BRENTOIL,A,95.737,369.7,Close Long,-134.79262,3.058038,0x1460d7457442752f15da0437b9f46d0208db002b0f459401b829829833464f19
1774447477975,2026-03-25T14:04:37.975000+00:00,xyz:BRENTOIL,A,95.743,63.21,Close Long,-22.667106,0.522885,0x46046bbf1a4d3163477e0437b9f4cd02085b00a4b5405035e9cd1711d9410b4d
1774447477975,2026-03-25T14:04:37.975000+00:00,xyz:BRENTOIL,A,95.741,15.66,Close Long,-5.646996,0.129539,0x46046bbf1a4d3163477e0437b9f4cd02085b00a4b5405035e9cd1711d9410b4d
1774447477975,2026-03-25T14:04:37.975000+00:00,xyz:BRENTOIL,A,95.74,261.13,Close Long,-94.424608,2.16005,0x46046bbf1a4d3163477e0437b9f4cd02085b00a4b5405035e9cd1711d9410b4d
1774447477975,2026-03-25T14:04:37.975000+00:00,xyz:BRENTOIL,A,95.74,156.61,Close Long,-56.630176,1.295467,0x46046bbf1a4d3163477e0437b9f4cd02085b00a4b5405035e9cd1711d9410b4d
1774447477975,2026-03-25T14:04:37.975000+00:00,xyz:BRENTOIL,A,95.726,115.66,Close Long,-43.441896,0.956592,0x46046bbf1a4d3163477e0437b9f4cd02085b00a4b5405035e9cd1711d9410b4d
1775050956537,2026-04-01T13:42:36.537000+00:00,xyz:BRENTOIL,B,101.29,19.46,Open Long,0.0,0.170303,0x5bb606760c46f2295d2f04382c363c020310005ba74a10fbff7eb1c8cb4acc13
1775050956537,2026-04-01T13:42:36.537000+00:00,xyz:BRENTOIL,B,101.3,4.87,Open Long,0.0,0.042623,0x5bb606760c46f2295d2f04382c363c020310005ba74a10fbff7eb1c8cb4acc13
1775050956537,2026-04-01T13:42:36.537000+00:00,xyz:BRENTOIL,B,101.31,110.0,Open Long,0.0,0.96285,0x5bb606760c46f2295d2f04382c363c020310005ba74a10fbff7eb1c8cb4acc13
1775050956537,2026-04-01T13:42:36.537000+00:00,xyz:BRENTOIL,B,101.32,890.26,Open Long,0.0,7.793378,0x5bb606760c46f2295d2f04382c363c020310005ba74a10fbff7eb1c8cb4acc13
1775050956537,2026-04-01T13:42:36.537000+00:00,xyz:BRENTOIL,B,101.32,407.82,Open Long,0.0,3.570075,0x5bb606760c46f2295d2f04382c363c020310005ba74a10fbff7eb1c8cb4acc13
1775050959850,2026-04-01T13:42:39.850000+00:00,xyz:BRENTOIL,B,101.39,19.46,Open Long,0.0,0.170471,0xe5d379471cdac31ae74d04382c366002044d002cb7dde1ec899c2499dbde9d05
1775050959850,2026-04-01T13:42:39.850000+00:00,xyz:BRENTOIL,B,101.41,31.25,Open Long,0.0,0.273807,0xe5d379471cdac31ae74d04382c366002044d002cb7dde1ec899c2499dbde9d05
1775050959850,2026-04-01T13:42:39.850000+00:00,xyz:BRENTOIL,B,101.42,0.7,Open Long,0.0,0.006133,0xe5d379471cdac31ae74d04382c366002044d002cb7dde1ec899c2499dbde9d05
1775050959850,2026-04-01T13:42:39.850000+00:00,xyz:BRENTOIL,B,101.42,110.0,Open Long,0.0,0.963895,0xe5d379471cdac31ae74d04382c366002044d002cb7dde1ec899c2499dbde9d05
1775050959850,2026-04-01T13:42:39.850000+00:00,xyz:BRENTOIL,B,101.44,345.38,Open Long,0.0,3.027053,0xe5d379471cdac31ae74d04382c366002044d002cb7dde1ec899c2499dbde9d05
1775050959850,2026-04-01T13:42:39.850000+00:00,xyz:BRENTOIL,B,101.44,10.42,Open Long,0.0,0.091325,0xe5d379471cdac31ae74d04382c366002044d002cb7dde1ec899c2499dbde9d05
1775050959850,2026-04-01T13:42:39.850000+00:00,xyz:BRENTOIL,B,101.44,295.92,Open Long,0.0,2.593565,0xe5d379471cdac31ae74d04382c366002044d002cb7dde1ec899c2499dbde9d05
1775050959850,2026-04-01T13:42:39.850000+00:00,xyz:BRENTOIL,B,101.44,10.64,Open Long,0.0,0.093253,0xe5d379471cdac31ae74d04382c366002044d002cb7dde1ec899c2499dbde9d05
1775050959850,2026-04-01T13:42:39.850000+00:00,xyz:BRENTOIL,B,101.45,13.72,Open Long,0.0,0.120259,0xe5d379471cdac31ae74d04382c366002044d002cb7dde1ec899c2499dbde9d05
1775050959850,2026-04-01T13:42:39.850000+00:00,xyz:BRENTOIL,B,101.46,591.71,Open Long,0.0,5.187015,0xe5d379471cdac31ae74d04382c366002044d002cb7dde1ec899c2499dbde9d05
1775050959850,2026-04-01T13:42:39.850000+00:00,xyz:BRENTOIL,B,101.47,3.21,Open Long,0.0,0.028142,0xe5d379471cdac31ae74d04382c366002044d002cb7dde1ec899c2499dbde9d05
1775050964106,2026-04-01T13:42:44.106000+00:00,xyz:BRENTOIL,B,101.4,591.62,Open Long,0.0,5.183159,0x7faf553d30f131b7812904382c36990210020022cbf450892378008feff50ba2
1775050964106,2026-04-01T13:42:44.106000+00:00,xyz:BRENTOIL,B,101.41,19.46,Open Long,0.0,0.170505,0x7faf553d30f131b7812904382c36990210020022cbf450892378008feff50ba2
1775050964106,2026-04-01T13:42:44.106000+00:00,xyz:BRENTOIL,B,101.41,3.25,Open Long,0.0,0.028475,0x7faf553d30f131b7812904382c36990210020022cbf450892378008feff50ba2
1775050964106,2026-04-01T13:42:44.106000+00:00,xyz:BRENTOIL,B,101.42,19.46,Open Long,0.0,0.170521,0x7faf553d30f131b7812904382c36990210020022cbf450892378008feff50ba2
1775050964106,2026-04-01T13:42:44.106000+00:00,xyz:BRENTOIL,B,101.43,581.5,Open Long,0.0,5.096005,0x7faf553d30f131b7812904382c36990210020022cbf450892378008feff50ba2
1775050964106,2026-04-01T13:42:44.106000+00:00,xyz:BRENTOIL,B,101.44,10.55,Open Long,0.0,0.092464,0x7faf553d30f131b7812904382c36990210020022cbf450892378008feff50ba2
1775050964106,2026-04-01T13:42:44.106000+00:00,xyz:BRENTOIL,B,101.44,198.18,Open Long,0.0,1.736931,0x7faf553d30f131b7812904382c36990210020022cbf450892378008feff50ba2
1775050964106,2026-04-01T13:42:44.106000+00:00,xyz:BRENTOIL,B,101.45,8.39,Open Long,0.0,0.07354,0x7faf553d30f131b7812904382c36990210020022cbf450892378008feff50ba2
1775051202485,2026-04-01T13:46:42.485000+00:00,xyz:BRENTOIL,A,101.28,9.87,Close Long,-1.128141,0.086368,0xe8da8addb4a36fb6ea5404382c429502100900c34fa68e888ca3363073a749a1
1775051202485,2026-04-01T13:46:42.485000+00:00,xyz:BRENTOIL,A,101.26,10.0,Close Long,-1.343,0.087488,0xe8da8addb4a36fb6ea5404382c429502100900c34fa68e888ca3363073a749a1
1775051202485,2026-04-01T13:46:42.485000+00:00,xyz:BRENTOIL,A,101.26,409.85,Close Long,-55.042855,3.585721,0xe8da8addb4a36fb6ea5404382c429502100900c34fa68e888ca3363073a749a1
1775051205137,2026-04-01T13:46:45.137000+00:00,xyz:BRENTOIL,A,101.25,386.75,Close Long,-55.808025,3.383289,0x745bfbc92af2309975d504382c42b502031600aec5f54f6b1824a71be9f60a84
1775051209654,2026-04-01T13:46:49.654000+00:00,xyz:BRENTOIL,A,101.26,33.07,Close Long,-4.441301,0.289324,0x05e7902154f45921076104382c42ec0205630006eff777f3a9b03b7413f8330b
1775051209654,2026-04-01T13:46:49.654000+00:00,xyz:BRENTOIL,A,101.25,10.44,Close Long,-1.506492,0.091329,0x05e7902154f45921076104382c42ec0205630006eff777f3a9b03b7413f8330b
1775051209654,2026-04-01T13:46:49.654000+00:00,xyz:BRENTOIL,A,101.25,304.56,Close Long,-43.948008,2.66429,0x05e7902154f45921076104382c42ec0205630006eff777f3a9b03b7413f8330b
1775051212827,2026-04-01T13:46:52.827000+00:00,xyz:BRENTOIL,A,101.21,33.17,Close Long,-6.113231,0.290056,0xd10d9eb1df7f98ebd28704382c431a020ae500977a72b7bd74d64a049e7372d6
1775051212827,2026-04-01T13:46:52.827000+00:00,xyz:BRENTOIL,A,101.2,2.46,Close Long,-0.477978,0.021509,0xd10d9eb1df7f98ebd28704382c431a020ae500977a72b7bd74d64a049e7372d6
1775051212827,2026-04-01T13:46:52.827000+00:00,xyz:BRENTOIL,A,101.2,197.7,Close Long,-38.41311,1.728625,0xd10d9eb1df7f98ebd28704382c431a020ae500977a72b7bd74d64a049e7372d6
1775051212827,2026-04-01T13:46:52.827000+00:00,xyz:BRENTOIL,A,101.19,79.93,Close Long,-16.329699,0.698813,0xd10d9eb1df7f98ebd28704382c431a020ae500977a72b7bd74d64a049e7372d6
1775051215629,2026-04-01T13:46:55.629000+00:00,xyz:BRENTOIL,A,101.19,104.13,Close Long,-21.273759,0.910389,0x53b6f842e8a7cf16553004382c433a021950002883aaede8f77fa395a7aba900
1775051215629,2026-04-01T13:46:55.629000+00:00,xyz:BRENTOIL,A,101.18,0.82,Close Long,-0.175726,0.007168,0x53b6f842e8a7cf16553004382c433a021950002883aaede8f77fa395a7aba900
1775051215629,2026-04-01T13:46:55.629000+00:00,xyz:BRENTOIL,A,101.18,176.99,Close Long,-37.928957,1.547238,0x53b6f842e8a7cf16553004382c433a021950002883aaede8f77fa395a7aba900
1775051217892,2026-04-01T13:46:57.892000+00:00,xyz:BRENTOIL,A,101.19,112.12,Close Long,-22.906116,0.980244,0x1d5f8fcf1e27a90c1ed904382c435702031700b4b92ac7dec1283b21dd2b82f6
1775051217892,2026-04-01T13:46:57.892000+00:00,xyz:BRENTOIL,A,101.18,141.62,Close Long,-30.349166,1.238035,0x1d5f8fcf1e27a90c1ed904382c435702031700b4b92ac7dec1283b21dd2b82f6
1775051221242,2026-04-01T13:47:01.242000+00:00,xyz:BRENTOIL,A,101.17,294.96,Close Long,-66.159528,2.578271,0xf1cb23f7f9f48e72f34404382c438402073b00dd94f7ad459593cf4ab8f8685d
1775051221242,2026-04-01T13:47:01.242000+00:00,xyz:BRENTOIL,A,101.15,275.97,Close Long,-67.419471,2.411801,0xf1cb23f7f9f48e72f34404382c438402073b00dd94f7ad459593cf4ab8f8685d
1775051224741,2026-04-01T13:47:04.741000+00:00,xyz:BRENTOIL,A,101.13,3.39,Close Long,-0.895977,0.02962,0x816249141dc9335882dc04382c43af02076900f9b8cc522a252af466dccd0d43
1775051224741,2026-04-01T13:47:04.741000+00:00,xyz:BRENTOIL,A,101.12,4.36,Close Long,-1.195948,0.038092,0x816249141dc9335882dc04382c43af02076900f9b8cc522a252af466dccd0d43
1775051224741,2026-04-01T13:47:04.741000+00:00,xyz:BRENTOIL,A,101.11,344.99,Close Long,-98.080657,3.013799,0x816249141dc9335882dc04382c43af02076900f9b8cc522a252af466dccd0d43
1775051224741,2026-04-01T13:47:04.741000+00:00,xyz:BRENTOIL,A,101.1,75.46,Close Long,-22.207878,0.659146,0x816249141dc9335882dc04382c43af02076900f9b8cc522a252af466dccd0d43
1775051228673,2026-04-01T13:47:08.673000+00:00,xyz:BRENTOIL,A,101.16,3.94,Close Long,-0.923142,0.034436,0xb6b44052c5383523b82d04382c43e7020ae00038603b53f55a7ceba5843c0f0e
1775051228673,2026-04-01T13:47:08.673000+00:00,xyz:BRENTOIL,A,101.15,3.96,Close Long,-0.967428,0.034607,0xb6b44052c5383523b82d04382c43e7020ae00038603b53f55a7ceba5843c0f0e
1775051228673,2026-04-01T13:47:08.673000+00:00,xyz:BRENTOIL,A,101.15,148.29,Close Long,-36.227247,1.295959,0xb6b44052c5383523b82d04382c43e7020ae00038603b53f55a7ceba5843c0f0e
1775051228673,2026-04-01T13:47:08.673000+00:00,xyz:BRENTOIL,A,101.15,345.11,Close Long,-84.310373,3.01604,0xb6b44052c5383523b82d04382c43e7020ae00038603b53f55a7ceba5843c0f0e
1775051228673,2026-04-01T13:47:08.673000+00:00,xyz:BRENTOIL,A,101.14,141.0,Close Long,-35.8563,1.232127,0xb6b44052c5383523b82d04382c43e7020ae00038603b53f55a7ceba5843c0f0e
1775051230878,2026-04-01T13:47:10.878000+00:00,xyz:BRENTOIL,A,101.15,345.13,Close Long,-84.315259,3.016215,0x9e07746d57cea4359f8104382c44030207650052f2c1c30741d01fc016c27e20
1775051230878,2026-04-01T13:47:10.878000+00:00,xyz:BRENTOIL,A,101.15,297.19,Close Long,-72.603517,2.59725,0x9e07746d57cea4359f8104382c44030207650052f2c1c30741d01fc016c27e20
1775091668415,2026-04-02T01:01:08.415000+00:00,xyz:CL,B,98.25,1.017,Open Long,0.0,0.008633,0x56c6f38966f1a9095840043833bdba0204fd006f01f4c7dbfa8f9edc25f582f3
1775091675817,2026-04-02T01:01:15.817000+00:00,xyz:BRENTOIL,B,99.677,1.0,Open Long,0.0,0.008612,0x99717b855f7dccac9aeb043833be160202f9006afa70eb7e3d3a26d81e71a697
1775092346270,2026-04-02T01:12:26.270000+00:00,SOL,A,80.995,12.34,Open Short,0.0,0.431774,0xa1a06c6ea3fda19ba31a043833df41020d6a00543ef0c06d456917c162f17b86
1775092346270,2026-04-02T01:12:26.270000+00:00,SOL,A,80.991,0.14,Open Short,0.0,0.004898,0xa1a06c6ea3fda19ba31a043833df41020d6a00543ef0c06d456917c162f17b86
1775092346270,2026-04-02T01:12:26.270000+00:00,SOL,A,80.99,0.62,Open Short,0.0,0.021692,0xa1a06c6ea3fda19ba31a043833df41020d6a00543ef0c06d456917c162f17b86
1775092346270,2026-04-02T01:12:26.270000+00:00,SOL,A,80.99,0.62,Open Short,0.0,0.021692,0xa1a06c6ea3fda19ba31a043833df41020d6a00543ef0c06d456917c162f17b86
1775092346270,2026-04-02T01:12:26.270000+00:00,SOL,A,80.98,0.22,Open Short,0.0,0.007696,0xa1a06c6ea3fda19ba31a043833df41020d6a00543ef0c06d456917c162f17b86
1775092346270,2026-04-02T01:12:26.270000+00:00,SOL,A,80.972,0.14,Open Short,0.0,0.004897,0xa1a06c6ea3fda19ba31a043833df41020d6a00543ef0c06d456917c162f17b86
1775092346270,2026-04-02T01:12:26.270000+00:00,SOL,A,80.971,6.06,Open Short,0.0,0.211975,0xa1a06c6ea3fda19ba31a043833df41020d6a00543ef0c06d456917c162f17b86
1775092346270,2026-04-02T01:12:26.270000+00:00,SOL,A,80.968,0.14,Open Short,0.0,0.004896,0xa1a06c6ea3fda19ba31a043833df41020d6a00543ef0c06d456917c162f17b86
1775092346270,2026-04-02T01:12:26.270000+00:00,SOL,A,80.962,13.64,Open Short,0.0,0.477066,0xa1a06c6ea3fda19ba31a043833df41020d6a00543ef0c06d456917c162f17b86
1775092346270,2026-04-02T01:12:26.270000+00:00,SOL,A,80.96,0.15,Open Short,0.0,0.005246,0xa1a06c6ea3fda19ba31a043833df41020d6a00543ef0c06d456917c162f17b86
1775092346270,2026-04-02T01:12:26.270000+00:00,SOL,A,80.956,9.88,Open Short,0.0,0.345533,0xa1a06c6ea3fda19ba31a043833df41020d6a00543ef0c06d456917c162f17b86
1775092346270,2026-04-02T01:12:26.270000+00:00,SOL,A,80.954,0.83,Open Short,0.0,0.029026,0xa1a06c6ea3fda19ba31a043833df41020d6a00543ef0c06d456917c162f17b86
1775092346270,2026-04-02T01:12:26.270000+00:00,SOL,A,80.954,0.83,Open Short,0.0,0.029026,0xa1a06c6ea3fda19ba31a043833df41020d6a00543ef0c06d456917c162f17b86
1775092346270,2026-04-02T01:12:26.270000+00:00,SOL,A,80.953,0.14,Open Short,0.0,0.004896,0xa1a06c6ea3fda19ba31a043833df41020d6a00543ef0c06d456917c162f17b86
1775092346270,2026-04-02T01:12:26.270000+00:00,SOL,A,80.95,0.62,Open Short,0.0,0.021681,0xa1a06c6ea3fda19ba31a043833df41020d6a00543ef0c06d456917c162f17b86
1775092346270,2026-04-02T01:12:26.270000+00:00,SOL,A,80.95,185.15,Open Short,0.0,6.474769,0xa1a06c6ea3fda19ba31a043833df41020d6a00543ef0c06d456917c162f17b86
1775092346270,2026-04-02T01:12:26.270000+00:00,SOL,A,80.945,185.15,Open Short,0.0,6.474369,0xa1a06c6ea3fda19ba31a043833df41020d6a00543ef0c06d456917c162f17b86
1775092346270,2026-04-02T01:12:26.270000+00:00,SOL,A,80.941,741.3,Open Short,0.0,25.920675,0xa1a06c6ea3fda19ba31a043833df41020d6a00543ef0c06d456917c162f17b86
1775092346270,2026-04-02T01:12:26.270000+00:00,SOL,A,80.94,0.14,Open Short,0.0,0.004895,0xa1a06c6ea3fda19ba31a043833df41020d6a00543ef0c06d456917c162f17b86
1775092346270,2026-04-02T01:12:26.270000+00:00,SOL,A,80.94,19.24,Open Short,0.0,0.672747,0xa1a06c6ea3fda19ba31a043833df41020d6a00543ef0c06d456917c162f17b86
1775092346270,2026-04-02T01:12:26.270000+00:00,SOL,A,80.94,18.26,Open Short,0.0,0.63848,0xa1a06c6ea3fda19ba31a043833df41020d6a00543ef0c06d456917c162f17b86
1775092346270,2026-04-02T01:12:26.270000+00:00,SOL,A,80.94,185.15,Open Short,0.0,6.473969,0xa1a06c6ea3fda19ba31a043833df41020d6a00543ef0c06d456917c162f17b86
1775092346270,2026-04-02T01:12:26.270000+00:00,SOL,A,80.94,25.3,Open Short,0.0,0.884641,0xa1a06c6ea3fda19ba31a043833df41020d6a00543ef0c06d456917c162f17b86
1775092346270,2026-04-02T01:12:26.270000+00:00,SOL,A,80.94,12.35,Open Short,0.0,0.431831,0xa1a06c6ea3fda19ba31a043833df41020d6a00543ef0c06d456917c162f17b86
1775092346270,2026-04-02T01:12:26.270000+00:00,SOL,A,80.938,10.29,Open Short,0.0,0.359792,0xa1a06c6ea3fda19ba31a043833df41020d6a00543ef0c06d456917c162f17b86
1775092346270,2026-04-02T01:12:26.270000+00:00,SOL,A,80.935,185.15,Open Short,0.0,6.473569,0xa1a06c6ea3fda19ba31a043833df41020d6a00543ef0c06d456917c162f17b86
1775092346270,2026-04-02T01:12:26.270000+00:00,SOL,A,80.933,604.7,Open Short,0.0,21.142159,0xa1a06c6ea3fda19ba31a043833df41020d6a00543ef0c06d456917c162f17b86
1775092346270,2026-04-02T01:12:26.270000+00:00,SOL,A,80.931,9.35,Open Short,0.0,0.326896,0xa1a06c6ea3fda19ba31a043833df41020d6a00543ef0c06d456917c162f17b86
1775092346270,2026-04-02T01:12:26.270000+00:00,SOL,A,80.931,401.58,Open Short,0.0,14.040117,0xa1a06c6ea3fda19ba31a043833df41020d6a00543ef0c06d456917c162f17b86
1775092346270,2026-04-02T01:12:26.270000+00:00,SOL,A,80.93,19.17,Open Short,0.0,0.670216,0xa1a06c6ea3fda19ba31a043833df41020d6a00543ef0c06d456917c162f17b86
1775092346270,2026-04-02T01:12:26.270000+00:00,SOL,A,80.93,185.15,Open Short,0.0,6.473169,0xa1a06c6ea3fda19ba31a043833df41020d6a00543ef0c06d456917c162f17b86
1775092346270,2026-04-02T01:12:26.270000+00:00,SOL,A,80.93,18.74,Open Short,0.0,0.655183,0xa1a06c6ea3fda19ba31a043833df41020d6a00543ef0c06d456917c162f17b86
1775092346270,2026-04-02T01:12:26.270000+00:00,SOL,A,80.93,231.48,Open Short,0.0,8.092948,0xa1a06c6ea3fda19ba31a043833df41020d6a00543ef0c06d456917c162f17b86
1775092348609,2026-04-02T01:12:28.609000+00:00,SOL,A,80.958,18.53,Open Short,0.0,0.648065,0xf69b4054954f6a7bf814043833df5b020e45003a3042894e9a63eba754434466
1775092348609,2026-04-02T01:12:28.609000+00:00,SOL,A,80.95,48.37,Open Short,0.0,1.691518,0xf69b4054954f6a7bf814043833df5b020e45003a3042894e9a63eba754434466
1775092348609,2026-04-02T01:12:28.609000+00:00,SOL,A,80.944,0.83,Open Short,0.0,0.029023,0xf69b4054954f6a7bf814043833df5b020e45003a3042894e9a63eba754434466
1775092348609,2026-04-02T01:12:28.609000+00:00,SOL,A,80.94,0.25,Open Short,0.0,0.008741,0xf69b4054954f6a7bf814043833df5b020e45003a3042894e9a63eba754434466
1775092348609,2026-04-02T01:12:28.609000+00:00,SOL,A,80.937,202.91,Open Short,0.0,7.094704,0xf69b4054954f6a7bf814043833df5b020e45003a3042894e9a63eba754434466
1775092348609,2026-04-02T01:12:28.609000+00:00,SOL,A,80.931,0.83,Open Short,0.0,0.029018,0xf69b4054954f6a7bf814043833df5b020e45003a3042894e9a63eba754434466
1775092348609,2026-04-02T01:12:28.609000+00:00,SOL,A,80.929,9.88,Open Short,0.0,0.345417,0xf69b4054954f6a7bf814043833df5b020e45003a3042894e9a63eba754434466
1775092348609,2026-04-02T01:12:28.609000+00:00,SOL,A,80.929,241.42,Open Short,0.0,8.440363,0xf69b4054954f6a7bf814043833df5b020e45003a3042894e9a63eba754434466
1775092348609,2026-04-02T01:12:28.609000+00:00,SOL,A,80.927,0.14,Open Short,0.0,0.004894,0xf69b4054954f6a7bf814043833df5b020e45003a3042894e9a63eba754434466
1775092348609,2026-04-02T01:12:28.609000+00:00,SOL,A,80.927,247.12,Open Short,0.0,8.639429,0xf69b4054954f6a7bf814043833df5b020e45003a3042894e9a63eba754434466
1775092348609,2026-04-02T01:12:28.609000+00:00,SOL,A,80.925,10.09,Open Short,0.0,0.352742,0xf69b4054954f6a7bf814043833df5b020e45003a3042894e9a63eba754434466
1775092348609,2026-04-02T01:12:28.609000+00:00,SOL,A,80.925,9.15,Open Short,0.0,0.31988,0xf69b4054954f6a7bf814043833df5b020e45003a3042894e9a63eba754434466
1775092348609,2026-04-02T01:12:28.609000+00:00,SOL,A,80.921,0.14,Open Short,0.0,0.004894,0xf69b4054954f6a7bf814043833df5b020e45003a3042894e9a63eba754434466
1775092348609,2026-04-02T01:12:28.609000+00:00,SOL,A,80.92,19.48,Open Short,0.0,0.68097,0xf69b4054954f6a7bf814043833df5b020e45003a3042894e9a63eba754434466
1775092348609,2026-04-02T01:12:28.609000+00:00,SOL,A,80.92,19.07,Open Short,0.0,0.666638,0xf69b4054954f6a7bf814043833df5b020e45003a3042894e9a63eba754434466
1775092348609,2026-04-02T01:12:28.609000+00:00,SOL,A,80.92,185.15,Open Short,0.0,6.47237,0xf69b4054954f6a7bf814043833df5b020e45003a3042894e9a63eba754434466
1775092348609,2026-04-02T01:12:28.609000+00:00,SOL,A,80.919,2072.71,Open Short,0.0,72.45574,0xf69b4054954f6a7bf814043833df5b020e45003a3042894e9a63eba754434466
1775092429900,2026-04-02T01:13:49.900000+00:00,SOL,A,80.88,9.78,Open Short,0.0,0.341714,0x88b2c0d5780c08878a2c043833e34502043f00bb130f27592c7b6c28370fe272
1775092429900,2026-04-02T01:13:49.900000+00:00,SOL,A,80.88,11.26,Open Short,0.0,0.393426,0x88b2c0d5780c08878a2c043833e34502043f00bb130f27592c7b6c28370fe272
1775092429900,2026-04-02T01:13:49.900000+00:00,SOL,A,80.88,0.83,Open Short,0.0,0.029,0x88b2c0d5780c08878a2c043833e34502043f00bb130f27592c7b6c28370fe272
1775092429900,2026-04-02T01:13:49.900000+00:00,SOL,A,80.88,9.57,Open Short,0.0,0.334377,0x88b2c0d5780c08878a2c043833e34502043f00bb130f27592c7b6c28370fe272
1775092429900,2026-04-02T01:13:49.900000+00:00,SOL,A,80.878,48.37,Open Short,0.0,1.690013,0x88b2c0d5780c08878a2c043833e34502043f00bb130f27592c7b6c28370fe272
1775092429900,2026-04-02T01:13:49.900000+00:00,SOL,A,80.877,28.76,Open Short,0.0,1.004841,0x88b2c0d5780c08878a2c043833e34502043f00bb130f27592c7b6c28370fe272
1775092429900,2026-04-02T01:13:49.900000+00:00,SOL,A,80.876,16.19,Open Short,0.0,0.565653,0x88b2c0d5780c08878a2c043833e34502043f00bb130f27592c7b6c28370fe272
1775092429900,2026-04-02T01:13:49.900000+00:00,SOL,A,80.875,58.24,Open Short,0.0,2.034789,0x88b2c0d5780c08878a2c043833e34502043f00bb130f27592c7b6c28370fe272
1775092429900,2026-04-02T01:13:49.900000+00:00,SOL,A,80.874,522.33,Open Short,0.0,18.248939,0x88b2c0d5780c08878a2c043833e34502043f00bb130f27592c7b6c28370fe272
1775092429900,2026-04-02T01:13:49.900000+00:00,SOL,A,80.874,249.83,Open Short,0.0,8.728452,0x88b2c0d5780c08878a2c043833e34502043f00bb130f27592c7b6c28370fe272
1775092429900,2026-04-02T01:13:49.900000+00:00,SOL,A,80.873,247.3,Open Short,0.0,8.639953,0x88b2c0d5780c08878a2c043833e34502043f00bb130f27592c7b6c28370fe272
1775092429900,2026-04-02T01:13:49.900000+00:00,SOL,A,80.872,21.68,Open Short,0.0,0.757427,0x88b2c0d5780c08878a2c043833e34502043f00bb130f27592c7b6c28370fe272
1775092429900,2026-04-02T01:13:49.900000+00:00,SOL,A,80.871,9.77,Open Short,0.0,0.341327,0x88b2c0d5780c08878a2c043833e34502043f00bb130f27592c7b6c28370fe272
1775092429900,2026-04-02T01:13:49.900000+00:00,SOL,A,80.871,0.22,Open Short,0.0,0.007685,0x88b2c0d5780c08878a2c043833e34502043f00bb130f27592c7b6c28370fe272
1775092429900,2026-04-02T01:13:49.900000+00:00,SOL,A,80.871,61.83,Open Short,0.0,2.160109,0x88b2c0d5780c08878a2c043833e34502043f00bb130f27592c7b6c28370fe272
1775092429900,2026-04-02T01:13:49.900000+00:00,SOL,A,80.87,5.48,Open Short,0.0,0.191448,0x88b2c0d5780c08878a2c043833e34502043f00bb130f27592c7b6c28370fe272
1775092441371,2026-04-02T01:14:01.371000+00:00,xyz:BRENTOIL,A,102.08,1.0,Close Long,2.403,0.008819,0xe5d1ace2c6885276e74b043833e3ce0206fa00c8618b7148899a5835858c2c61
1775092445090,2026-04-02T01:14:05.090000+00:00,xyz:CL,A,100.25,1.017,Close Long,2.034,0.008808,0xc2957d2da0372707c40f043833e3f902043600133b3a45d9665e28805f3b00f2
1775092532624,2026-04-02T01:15:32.624000+00:00,SOL,A,80.627,51.19,Open Short,0.0,1.782991,0x31afcf10e834c85a3329043833e80f0201c800f68337e72cd5787a63a738a244
1775092532624,2026-04-02T01:15:32.624000+00:00,SOL,A,80.616,460.32,Open Short,0.0,16.031155,0x31afcf10e834c85a3329043833e80f0201c800f68337e72cd5787a63a738a244
1775092532624,2026-04-02T01:15:32.624000+00:00,SOL,A,80.616,14.83,Open Short,0.0,0.516471,0x31afcf10e834c85a3329043833e80f0201c800f68337e72cd5787a63a738a244
1775092768201,2026-04-02T01:19:28.201000+00:00,SOL,B,79.897,576.43,Close Short,578.216933,19.895771,0x14de69708b92e15e1658043833f404020ae5005626960030b8a714c34a96bb48
1775092768201,2026-04-02T01:19:28.201000+00:00,SOL,B,79.897,437.84,Close Short,439.197304,15.112268,0x14de69708b92e15e1658043833f404020ae5005626960030b8a714c34a96bb48
1775092768201,2026-04-02T01:19:28.201000+00:00,SOL,B,79.898,259.11,Close Short,259.654131,8.943424,0x14de69708b92e15e1658043833f404020ae5005626960030b8a714c34a96bb48
1775092768201,2026-04-02T01:19:28.201000+00:00,SOL,B,79.899,48.37,Close Short,48.423207,1.669556,0x14de69708b92e15e1658043833f404020ae5005626960030b8a714c34a96bb48
1775092768201,2026-04-02T01:19:28.201000+00:00,SOL,B,79.904,10.01,Close Short,9.970961,0.34553,0x14de69708b92e15e1658043833f404020ae5005626960030b8a714c34a96bb48
1775092768201,2026-04-02T01:19:28.201000+00:00,SOL,B,79.904,12.51,Close Short,12.461211,0.431826,0x14de69708b92e15e1658043833f404020ae5005626960030b8a714c34a96bb48
1775092768201,2026-04-02T01:19:28.201000+00:00,SOL,B,79.906,576.43,Close Short,573.029063,19.898013,0x14de69708b92e15e1658043833f404020ae5005626960030b8a714c34a96bb48
1775092768201,2026-04-02T01:19:28.201000+00:00,SOL,B,79.909,0.83,Close Short,0.822613,0.028652,0x14de69708b92e15e1658043833f404020ae5005626960030b8a714c34a96bb48
1775092768201,2026-04-02T01:19:28.201000+00:00,SOL,B,79.912,187.8,Close Short,185.56518,6.483228,0x14de69708b92e15e1658043833f404020ae5005626960030b8a714c34a96bb48
1775092768201,2026-04-02T01:19:28.201000+00:00,SOL,B,79.912,0.83,Close Short,0.820123,0.028653,0x14de69708b92e15e1658043833f404020ae5005626960030b8a714c34a96bb48
1775092768201,2026-04-02T01:19:28.201000+00:00,SOL,B,79.913,2243.15,Close Short,2214.213365,77.438957,0x14de69708b92e15e1658043833f404020ae5005626960030b8a714c34a96bb48
1775092768201,2026-04-02T01:19:28.201000+00:00,SOL,B,79.914,576.43,Close Short,568.417623,19.900005,0x14de69708b92e15e1658043833f404020ae5005626960030b8a714c34a96bb48
1775092768201,2026-04-02T01:19:28.201000+00:00,SOL,B,79.918,187.75,Close Short,184.389275,6.481989,0x14de69708b92e15e1658043833f404020ae5005626960030b8a714c34a96bb48
1775092768201,2026-04-02T01:19:28.201000+00:00,SOL,B,79.918,112.62,Close Short,110.604102,3.888157,0x14de69708b92e15e1658043833f404020ae5005626960030b8a714c34a96bb48
1775092768201,2026-04-02T01:19:28.201000+00:00,SOL,B,79.92,0.42,Close Short,0.411642,0.0145,0x14de69708b92e15e1658043833f404020ae5005626960030b8a714c34a96bb48
1775092768201,2026-04-02T01:19:28.201000+00:00,SOL,B,79.922,187.75,Close Short,183.638275,6.482313,0x14de69708b92e15e1658043833f404020ae5005626960030b8a714c34a96bb48
1775092768201,2026-04-02T01:19:28.201000+00:00,SOL,B,79.922,84.46,Close Short,82.610326,2.916091,0x14de69708b92e15e1658043833f404020ae5005626960030b8a714c34a96bb48
1775092768201,2026-04-02T01:19:28.201000+00:00,SOL,B,79.925,36.9,Close Short,35.98119,1.274068,0x14de69708b92e15e1658043833f404020ae5005626960030b8a714c34a96bb48
1775092768201,2026-04-02T01:19:28.201000+00:00,SOL,B,79.925,25.8,Close Short,25.15758,0.890812,0x14de69708b92e15e1658043833f404020ae5005626960030b8a714c34a96bb48
1775092768201,2026-04-02T01:19:28.201000+00:00,SOL,B,79.926,15.2,Close Short,14.80632,0.524826,0x14de69708b92e15e1658043833f404020ae5005626960030b8a714c34a96bb48
1775092768201,2026-04-02T01:19:28.201000+00:00,SOL,B,79.927,8.63,Close Short,8.397853,0.29798,0x14de69708b92e15e1658043833f404020ae5005626960030b8a714c34a96bb48
1775092768201,2026-04-02T01:19:28.201000+00:00,SOL,B,79.928,187.67,Close Short,182.434007,6.480037,0x14de69708b92e15e1658043833f404020ae5005626960030b8a714c34a96bb48
1775092768201,2026-04-02T01:19:28.201000+00:00,SOL,B,79.928,604.7,Close Short,587.82887,20.879623,0x14de69708b92e15e1658043833f404020ae5005626960030b8a714c34a96bb48
1775092768201,2026-04-02T01:19:28.201000+00:00,SOL,B,79.929,0.14,Close Short,0.135954,0.004834,0x14de69708b92e15e1658043833f404020ae5005626960030b8a714c34a96bb48
1775092768201,2026-04-02T01:19:28.201000+00:00,SOL,B,79.93,0.42,Close Short,0.407442,0.014502,0x14de69708b92e15e1658043833f404020ae5005626960030b8a714c34a96bb48
1775092768201,2026-04-02T01:19:28.201000+00:00,SOL,B,79.932,187.73,Close Short,181.741413,6.482434,0x14de69708b92e15e1658043833f404020ae5005626960030b8a714c34a96bb48
1775092768201,2026-04-02T01:19:28.201000+00:00,SOL,B,79.933,604.7,Close Short,584.80537,20.880929,0x14de69708b92e15e1658043833f404020ae5005626960030b8a714c34a96bb48
1775092768201,2026-04-02T01:19:28.201000+00:00,SOL,B,79.934,14.5,Close Short,14.00845,0.500706,0x14de69708b92e15e1658043833f404020ae5005626960030b8a714c34a96bb48
1775092768201,2026-04-02T01:19:28.201000+00:00,SOL,B,79.935,0.14,Close Short,0.135114,0.004834,0x14de69708b92e15e1658043833f404020ae5005626960030b8a714c34a96bb48
1775092768201,2026-04-02T01:19:28.201000+00:00,SOL,B,79.936,187.73,Close Short,180.990493,6.482758,0x14de69708b92e15e1658043833f404020ae5005626960030b8a714c34a96bb48
1775092768201,2026-04-02T01:19:28.201000+00:00,SOL,B,79.937,576.43,Close Short,555.159733,19.905732,0x14de69708b92e15e1658043833f404020ae5005626960030b8a714c34a96bb48
1775092768201,2026-04-02T01:19:28.201000+00:00,SOL,B,79.938,44.44,Close Short,42.755724,1.534656,0x14de69708b92e15e1658043833f404020ae5005626960030b8a714c34a96bb48
1775494884326,2026-04-06T17:01:24.326000+00:00,xyz:XYZ100,A,24110.0,0.4146,Open Short,0.0,0.863654,0xd992398556f88549db0b04388a734f020354006af1fba41b7d5ae4d815fc5f34
1775494885324,2026-04-06T17:01:25.324000+00:00,xyz:XYZ100,A,24109.0,0.4146,Open Short,0.0,0.863619,0x8b0435f86e5d06548c7d04388a735e0203af00de095025262ecce14b2d50e03f
1775494886528,2026-04-06T17:01:26.528000+00:00,xyz:XYZ100,A,24108.0,0.0008,Open Short,0.0,0.001666,0x299424d54e92ea702b0d04388a736f02063e00bae9960942cd5cd0280d96c45a
1775494886528,2026-04-06T17:01:26.528000+00:00,xyz:XYZ100,A,24108.0,0.0062,Open Short,0.0,0.012914,0x299424d54e92ea702b0d04388a736f02063e00bae9960942cd5cd0280d96c45a
1775494886528,2026-04-06T17:01:26.528000+00:00,xyz:XYZ100,A,24108.0,0.4076,Open Short,0.0,0.849002,0x299424d54e92ea702b0d04388a736f02063e00bae9960942cd5cd0280d96c45a
1775494887442,2026-04-06T17:01:27.442000+00:00,xyz:XYZ100,A,24107.0,0.0041,Open Short,0.0,0.008539,0x51dbaabb7b6d9e59535504388a737c020a9200a11660bd2bf5a4560e3a617843
1775494887442,2026-04-06T17:01:27.442000+00:00,xyz:XYZ100,A,24107.0,0.25,Open Short,0.0,0.520711,0x51dbaabb7b6d9e59535504388a737c020a9200a11660bd2bf5a4560e3a617843
1775494887442,2026-04-06T17:01:27.442000+00:00,xyz:XYZ100,A,24107.0,0.005,Open Short,0.0,0.010414,0x51dbaabb7b6d9e59535504388a737c020a9200a11660bd2bf5a4560e3a617843
1775494887442,2026-04-06T17:01:27.442000+00:00,xyz:XYZ100,A,24107.0,0.0465,Open Short,0.0,0.096852,0x51dbaabb7b6d9e59535504388a737c020a9200a11660bd2bf5a4560e3a617843
1775494887442,2026-04-06T17:01:27.442000+00:00,xyz:XYZ100,A,24107.0,0.109,Open Short,0.0,0.22703,0x51dbaabb7b6d9e59535504388a737c020a9200a11660bd2bf5a4560e3a617843
1775494888256,2026-04-06T17:01:28.256000+00:00,xyz:XYZ100,A,24107.0,0.0068,Open Short,0.0,0.014163,0x40de216124bc7d47425704388a73870205780046bfbf9c19e4a6ccb3e3b05731
1775494888256,2026-04-06T17:01:28.256000+00:00,xyz:XYZ100,A,24107.0,0.4078,Open Short,0.0,0.849384,0x40de216124bc7d47425704388a73870205780046bfbf9c19e4a6ccb3e3b05731
1775494889200,2026-04-06T17:01:29.200000+00:00,xyz:XYZ100,A,24107.0,0.1674,Open Short,0.0,0.348668,0xbf7ff88a1f35559dc0f904388a7394020c5f006fba38746f6348a3dcde392f88
1775494889200,2026-04-06T17:01:29.200000+00:00,xyz:XYZ100,A,24107.0,0.0404,Open Short,0.0,0.084146,0xbf7ff88a1f35559dc0f904388a7394020c5f006fba38746f6348a3dcde392f88
1775494889200,2026-04-06T17:01:29.200000+00:00,xyz:XYZ100,A,24107.0,0.2068,Open Short,0.0,0.430732,0xbf7ff88a1f35559dc0f904388a7394020c5f006fba38746f6348a3dcde392f88
1775494890440,2026-04-06T17:01:30.440000+00:00,xyz:XYZ100,A,24107.0,0.4147,Open Short,0.0,0.863755,0x55788863a69ba9b256f204388a73a6020e6b0049419ec884f94133b6659f839c
1775494891814,2026-04-06T17:01:31.814000+00:00,xyz:XYZ100,A,24106.0,0.0006,Open Short,0.0,0.001249,0x3b9580a1209224a33d0f04388a73b9020d6c0086bb954375df5e2bf3df95fe8d
1775494891814,2026-04-06T17:01:31.814000+00:00,xyz:XYZ100,A,24106.0,0.4141,Open Short,0.0,0.86247,0x3b9580a1209224a33d0f04388a73b9020d6c0086bb954375df5e2bf3df95fe8d
1775494892901,2026-04-06T17:01:32.901000+00:00,xyz:XYZ100,A,24106.0,0.4147,Open Short,0.0,0.863719,0x0a8411d9aab6a5110bfd04388a73c902080e00bf45b9c3e3ae4cbd2c69ba7efb
1775494893780,2026-04-06T17:01:33.780000+00:00,xyz:XYZ100,A,24107.0,0.0011,Open Short,0.0,0.002291,0xc2044e710d56dd34c37e04388a73d502088c0056a859fc0665ccf9c3cc5ab71f
1775494893780,2026-04-06T17:01:33.780000+00:00,xyz:XYZ100,A,24107.0,0.3918,Open Short,0.0,0.816058,0xc2044e710d56dd34c37e04388a73d502088c0056a859fc0665ccf9c3cc5ab71f
1775494893780,2026-04-06T17:01:33.780000+00:00,xyz:XYZ100,A,24107.0,0.0218,Open Short,0.0,0.045406,0xc2044e710d56dd34c37e04388a73d502088c0056a859fc0665ccf9c3cc5ab71f
1775494894584,2026-04-06T17:01:34.584000+00:00,xyz:XYZ100,A,24107.0,0.4147,Open Short,0.0,0.863755,0x620f71fb7fac2758638904388a73e10204bd00e11aaf462a05d81d4e3ea00143
1775494898766,2026-04-06T17:01:38.766000+00:00,xyz:XYZ100,A,24107.0,0.0062,Open Short,0.0,0.012913,0xbcd76501beef8f0bbe5104388a741c02086a00e759e2addd60a010547de368f6
1775494898766,2026-04-06T17:01:38.766000+00:00,xyz:XYZ100,A,24106.0,0.2439,Open Short,0.0,0.507984,0xbcd76501beef8f0bbe5104388a741c02086a00e759e2addd60a010547de368f6
1775494898766,2026-04-06T17:01:38.766000+00:00,xyz:XYZ100,A,24106.0,0.0187,Open Short,0.0,0.038947,0xbcd76501beef8f0bbe5104388a741c02086a00e759e2addd60a010547de368f6
1775494898766,2026-04-06T17:01:38.766000+00:00,xyz:XYZ100,A,24106.0,0.0436,Open Short,0.0,0.090808,0xbcd76501beef8f0bbe5104388a741c02086a00e759e2addd60a010547de368f6
1775494898766,2026-04-06T17:01:38.766000+00:00,xyz:XYZ100,A,24106.0,0.1023,Open Short,0.0,0.213066,0xbcd76501beef8f0bbe5104388a741c02086a00e759e2addd60a010547de368f6
1775494899691,2026-04-06T17:01:39.691000+00:00,xyz:XYZ100,A,24106.0,0.0861,Open Short,0.0,0.179325,0x69871e1ce7da25ed6b0004388a742b020446000282dd44bf0d4fc96fa6ddffd8
1775494899691,2026-04-06T17:01:39.691000+00:00,xyz:XYZ100,A,24106.0,0.0009,Open Short,0.0,0.001874,0x69871e1ce7da25ed6b0004388a742b020446000282dd44bf0d4fc96fa6ddffd8
1775494899691,2026-04-06T17:01:39.691000+00:00,xyz:XYZ100,A,24106.0,0.091,Open Short,0.0,0.189531,0x69871e1ce7da25ed6b0004388a742b020446000282dd44bf0d4fc96fa6ddffd8
1775494899691,2026-04-06T17:01:39.691000+00:00,xyz:XYZ100,A,24106.0,0.0008,Open Short,0.0,0.001666,0x69871e1ce7da25ed6b0004388a742b020446000282dd44bf0d4fc96fa6ddffd8
1775494899691,2026-04-06T17:01:39.691000+00:00,xyz:XYZ100,A,24106.0,0.0239,Open Short,0.0,0.049777,0x69871e1ce7da25ed6b0004388a742b020446000282dd44bf0d4fc96fa6ddffd8
1775494899691,2026-04-06T17:01:39.691000+00:00,xyz:XYZ100,A,24106.0,0.0343,Open Short,0.0,0.071438,0x69871e1ce7da25ed6b0004388a742b020446000282dd44bf0d4fc96fa6ddffd8
1775494899691,2026-04-06T17:01:39.691000+00:00,xyz:XYZ100,A,24106.0,0.1777,Open Short,0.0,0.370106,0x69871e1ce7da25ed6b0004388a742b020446000282dd44bf0d4fc96fa6ddffd8
1775494900605,2026-04-06T17:01:40.605000+00:00,xyz:XYZ100,A,24105.0,0.25,Open Short,0.0,0.520668,0x219de558a845a71a231704388a74380203e4003e4348c5ecc56690ab67498104
1775494900605,2026-04-06T17:01:40.605000+00:00,xyz:XYZ100,A,24105.0,0.0207,Open Short,0.0,0.043111,0x219de558a845a71a231704388a74380203e4003e4348c5ecc56690ab67498104
1775494900605,2026-04-06T17:01:40.605000+00:00,xyz:XYZ100,A,24105.0,0.0187,Open Short,0.0,0.038945,0x219de558a845a71a231704388a74380203e4003e4348c5ecc56690ab67498104
1775494900605,2026-04-06T17:01:40.605000+00:00,xyz:XYZ100,A,24105.0,0.005,Open Short,0.0,0.010413,0x219de558a845a71a231704388a74380203e4003e4348c5ecc56690ab67498104
1775494900605,2026-04-06T17:01:40.605000+00:00,xyz:XYZ100,A,24105.0,0.0226,Open Short,0.0,0.047068,0x219de558a845a71a231704388a74380203e4003e4348c5ecc56690ab67498104
1775494900605,2026-04-06T17:01:40.605000+00:00,xyz:XYZ100,A,24105.0,0.0213,Open Short,0.0,0.04436,0x219de558a845a71a231704388a74380203e4003e4348c5ecc56690ab67498104
1775494900605,2026-04-06T17:01:40.605000+00:00,xyz:XYZ100,A,24105.0,0.0094,Open Short,0.0,0.019577,0x219de558a845a71a231704388a74380203e4003e4348c5ecc56690ab67498104
1775494900605,2026-04-06T17:01:40.605000+00:00,xyz:XYZ100,A,24105.0,0.0217,Open Short,0.0,0.045193,0x219de558a845a71a231704388a74380203e4003e4348c5ecc56690ab67498104
1775494900605,2026-04-06T17:01:40.605000+00:00,xyz:XYZ100,A,24105.0,0.0122,Open Short,0.0,0.025408,0x219de558a845a71a231704388a74380203e4003e4348c5ecc56690ab67498104
1775494900605,2026-04-06T17:01:40.605000+00:00,xyz:XYZ100,A,24105.0,0.0331,Open Short,0.0,0.068936,0x219de558a845a71a231704388a74380203e4003e4348c5ecc56690ab67498104
1775494902201,2026-04-06T17:01:42.201000+00:00,xyz:XYZ100,A,24105.0,0.009,Open Short,0.0,0.018744,0xd25345da898aa812d3cd04388a744f02066500c0248dc6e4761bf12d488e81fd
1775494902201,2026-04-06T17:01:42.201000+00:00,xyz:XYZ100,A,24105.0,0.0165,Open Short,0.0,0.034364,0xd25345da898aa812d3cd04388a744f02066500c0248dc6e4761bf12d488e81fd
1775494902201,2026-04-06T17:01:42.201000+00:00,xyz:XYZ100,A,24105.0,0.3892,Open Short,0.0,0.810575,0xd25345da898aa812d3cd04388a744f02066500c0248dc6e4761bf12d488e81fd
1775494903103,2026-04-06T17:01:43.103000+00:00,xyz:XYZ100,A,24105.0,0.2191,Open Short,0.0,0.456313,0xb9abc8bcfcd51f92bb2504388a745c02036100a297d83e645d74740fbbd8f97d
1775494903103,2026-04-06T17:01:43.103000+00:00,xyz:XYZ100,A,24105.0,0.0414,Open Short,0.0,0.086222,0xb9abc8bcfcd51f92bb2504388a745c02036100a297d83e645d74740fbbd8f97d
1775494903103,2026-04-06T17:01:43.103000+00:00,xyz:XYZ100,A,24105.0,0.1542,Open Short,0.0,0.321148,0xb9abc8bcfcd51f92bb2504388a745c02036100a297d83e645d74740fbbd8f97d
1775494904803,2026-04-06T17:01:44.803000+00:00,xyz:XYZ100,A,24105.0,0.0022,Open Short,0.0,0.004581,0x90f3e9f19d72ba4b926d04388a74750203be00d73875d91d34bc95445c769436
1775494904803,2026-04-06T17:01:44.803000+00:00,xyz:XYZ100,A,24104.0,0.25,Open Short,0.0,0.520646,0x90f3e9f19d72ba4b926d04388a74750203be00d73875d91d34bc95445c769436
1775494904803,2026-04-06T17:01:44.803000+00:00,xyz:XYZ100,A,24103.0,0.1625,Open Short,0.0,0.338406,0x90f3e9f19d72ba4b926d04388a74750203be00d73875d91d34bc95445c769436
1775494905557,2026-04-06T17:01:45.557000+00:00,xyz:XYZ100,A,24104.0,0.4147,Open Short,0.0,0.863648,0xbff792fd6f145694c17104388a747f020c3600e30a17756663c03e502e18307f
1775494906404,2026-04-06T17:01:46.404000+00:00,xyz:XYZ100,A,24104.0,0.3918,Open Short,0.0,0.815957,0xfe9f3fbfa8f7fb93001804388a74890209d200a543fb1a66a267eb1267fbd57e
1775494906404,2026-04-06T17:01:46.404000+00:00,xyz:XYZ100,A,24104.0,0.0229,Open Short,0.0,0.047691,0xfe9f3fbfa8f7fb93001804388a74890209d200a543fb1a66a267eb1267fbd57e
1775494907154,2026-04-06T17:01:47.154000+00:00,xyz:XYZ100,A,24105.0,0.0167,Open Short,0.0,0.03478,0xbb505e0529243c23bcca04388a7494020e5600eac4275af55f190957e828160e
1775494907154,2026-04-06T17:01:47.154000+00:00,xyz:XYZ100,A,24105.0,0.2734,Open Short,0.0,0.569402,0xbb505e0529243c23bcca04388a7494020e5600eac4275af55f190957e828160e
1775494907154,2026-04-06T17:01:47.154000+00:00,xyz:XYZ100,A,24105.0,0.1246,Open Short,0.0,0.2595,0xbb505e0529243c23bcca04388a7494020e5600eac4275af55f190957e828160e
1775494908154,2026-04-06T17:01:48.154000+00:00,xyz:XYZ100,A,24105.0,0.047,Open Short,0.0,0.097885,0x5033b81a2e61af0051ad04388a74a3020b3f00ffc964cdd2f3fc636ced6588ea
1775494908154,2026-04-06T17:01:48.154000+00:00,xyz:XYZ100,A,24105.0,0.0012,Open Short,0.0,0.002499,0x5033b81a2e61af0051ad04388a74a3020b3f00ffc964cdd2f3fc636ced6588ea
1775494908154,2026-04-06T17:01:48.154000+00:00,xyz:XYZ100,A,24105.0,0.0351,Open Short,0.0,0.073101,0x5033b81a2e61af0051ad04388a74a3020b3f00ffc964cdd2f3fc636ced6588ea
1775494908154,2026-04-06T17:01:48.154000+00:00,xyz:XYZ100,A,24103.0,0.0875,Open Short,0.0,0.182218,0x5033b81a2e61af0051ad04388a74a3020b3f00ffc964cdd2f3fc636ced6588ea
1775494908154,2026-04-06T17:01:48.154000+00:00,xyz:XYZ100,A,24103.0,0.2439,Open Short,0.0,0.507921,0x5033b81a2e61af0051ad04388a74a3020b3f00ffc964cdd2f3fc636ced6588ea
1775494908980,2026-04-06T17:01:48.980000+00:00,xyz:XYZ100,A,24104.0,0.4147,Open Short,0.0,0.863648,0xb61c4c2420100354b79604388a74af0204d60009bb13222659e4f776df13dd3f
1775494909978,2026-04-06T17:01:49.978000+00:00,xyz:XYZ100,A,24102.0,0.4147,Open Short,0.0,0.863576,0xdb9444b6ddb4cf20dd0e04388a74bd0202fa009c78b7edf27f5cf0099cb8a90b
1775494910737,2026-04-06T17:01:50.737000+00:00,xyz:XYZ100,A,24103.0,0.0033,Open Short,0.0,0.006872,0x3a30cd98c62c259b3baa04388a74c7020667007e612f446dddf978eb852fff85
1775494910737,2026-04-06T17:01:50.737000+00:00,xyz:XYZ100,A,24102.0,0.4114,Open Short,0.0,0.856704,0x3a30cd98c62c259b3baa04388a74c7020667007e612f446dddf978eb852fff85
1775494911638,2026-04-06T17:01:51.638000+00:00,xyz:XYZ100,A,24102.0,0.0864,Open Short,0.0,0.17992,0xd474413d1e3339fbd5ed04388a74d30205540022b93658cd783cec8fdd3713e6
1775494911638,2026-04-06T17:01:51.638000+00:00,xyz:XYZ100,A,24102.0,0.0005,Open Short,0.0,0.001041,0xd474413d1e3339fbd5ed04388a74d30205540022b93658cd783cec8fdd3713e6
1775494911638,2026-04-06T17:01:51.638000+00:00,xyz:XYZ100,A,24102.0,0.0062,Open Short,0.0,0.01291,0xd474413d1e3339fbd5ed04388a74d30205540022b93658cd783cec8fdd3713e6
1775494911638,2026-04-06T17:01:51.638000+00:00,xyz:XYZ100,A,24102.0,0.0187,Open Short,0.0,0.038941,0xd474413d1e3339fbd5ed04388a74d30205540022b93658cd783cec8fdd3713e6
1775494911638,2026-04-06T17:01:51.638000+00:00,xyz:XYZ100,A,24102.0,0.0104,Open Short,0.0,0.021657,0xd474413d1e3339fbd5ed04388a74d30205540022b93658cd783cec8fdd3713e6
1775494911638,2026-04-06T17:01:51.638000+00:00,xyz:XYZ100,A,24102.0,0.0207,Open Short,0.0,0.043105,0xd474413d1e3339fbd5ed04388a74d30205540022b93658cd783cec8fdd3713e6
1775494911638,2026-04-06T17:01:51.638000+00:00,xyz:XYZ100,A,24102.0,0.0207,Open Short,0.0,0.043105,0xd474413d1e3339fbd5ed04388a74d30205540022b93658cd783cec8fdd3713e6
1775494911638,2026-04-06T17:01:51.638000+00:00,xyz:XYZ100,A,24102.0,0.0207,Open Short,0.0,0.043105,0xd474413d1e3339fbd5ed04388a74d30205540022b93658cd783cec8fdd3713e6
1775494911638,2026-04-06T17:01:51.638000+00:00,xyz:XYZ100,A,24102.0,0.0207,Open Short,0.0,0.043105,0xd474413d1e3339fbd5ed04388a74d30205540022b93658cd783cec8fdd3713e6
1775494911638,2026-04-06T17:01:51.638000+00:00,xyz:XYZ100,A,24102.0,0.0187,Open Short,0.0,0.038941,0xd474413d1e3339fbd5ed04388a74d30205540022b93658cd783cec8fdd3713e6
1775494911638,2026-04-06T17:01:51.638000+00:00,xyz:XYZ100,A,24102.0,0.0072,Open Short,0.0,0.014993,0xd474413d1e3339fbd5ed04388a74d30205540022b93658cd783cec8fdd3713e6
1775494911638,2026-04-06T17:01:51.638000+00:00,xyz:XYZ100,A,24101.0,0.0124,Open Short,0.0,0.02582,0xd474413d1e3339fbd5ed04388a74d30205540022b93658cd783cec8fdd3713e6
1775494911638,2026-04-06T17:01:51.638000+00:00,xyz:XYZ100,A,24101.0,0.0436,Open Short,0.0,0.090789,0xd474413d1e3339fbd5ed04388a74d30205540022b93658cd783cec8fdd3713e6
1775494911638,2026-04-06T17:01:51.638000+00:00,xyz:XYZ100,A,24101.0,0.1278,Open Short,0.0,0.266121,0xd474413d1e3339fbd5ed04388a74d30205540022b93658cd783cec8fdd3713e6
1775494912538,2026-04-06T17:01:52.538000+00:00,xyz:XYZ100,A,24102.0,0.0893,Open Short,0.0,0.185959,0x857ec9233d9e98ee86f804388a74df02077e0008d891b7c029477475fc9272d9
1775494912538,2026-04-06T17:01:52.538000+00:00,xyz:XYZ100,A,24102.0,0.0022,Open Short,0.0,0.004581,0x857ec9233d9e98ee86f804388a74df02077e0008d891b7c029477475fc9272d9
1775494912538,2026-04-06T17:01:52.538000+00:00,xyz:XYZ100,A,24101.0,0.0207,Open Short,0.0,0.043104,0x857ec9233d9e98ee86f804388a74df02077e0008d891b7c029477475fc9272d9
1775494912538,2026-04-06T17:01:52.538000+00:00,xyz:XYZ100,A,24101.0,0.0207,Open Short,0.0,0.043104,0x857ec9233d9e98ee86f804388a74df02077e0008d891b7c029477475fc9272d9
1775494912538,2026-04-06T17:01:52.538000+00:00,xyz:XYZ100,A,24101.0,0.007,Open Short,0.0,0.014576,0x857ec9233d9e98ee86f804388a74df02077e0008d891b7c029477475fc9272d9
1775494912538,2026-04-06T17:01:52.538000+00:00,xyz:XYZ100,A,24101.0,0.0057,Open Short,0.0,0.011869,0x857ec9233d9e98ee86f804388a74df02077e0008d891b7c029477475fc9272d9
1775494912538,2026-04-06T17:01:52.538000+00:00,xyz:XYZ100,A,24101.0,0.0354,Open Short,0.0,0.073714,0x857ec9233d9e98ee86f804388a74df02077e0008d891b7c029477475fc9272d9
1775494912538,2026-04-06T17:01:52.538000+00:00,xyz:XYZ100,A,24101.0,0.2337,Open Short,0.0,0.486639,0x857ec9233d9e98ee86f804388a74df02077e0008d891b7c029477475fc9272d9
1775494913359,2026-04-06T17:01:53.359000+00:00,xyz:XYZ100,A,24102.0,0.0017,Open Short,0.0,0.00354,0x0c21b83ed2029c910d9b04388a74ea0209e600246d05bb63afea63919106767b
1775494913359,2026-04-06T17:01:53.359000+00:00,xyz:XYZ100,A,24102.0,0.0108,Open Short,0.0,0.02249,0x0c21b83ed2029c910d9b04388a74ea0209e600246d05bb63afea63919106767b
1775494913359,2026-04-06T17:01:53.359000+00:00,xyz:XYZ100,A,24102.0,0.0165,Open Short,0.0,0.034359,0x0c21b83ed2029c910d9b04388a74ea0209e600246d05bb63afea63919106767b
1775494913359,2026-04-06T17:01:53.359000+00:00,xyz:XYZ100,A,24101.0,0.3858,Open Short,0.0,0.803361,0x0c21b83ed2029c910d9b04388a74ea0209e600246d05bb63afea63919106767b
1775494914129,2026-04-06T17:01:54.129000+00:00,xyz:XYZ100,A,24104.0,0.001,Open Short,0.0,0.002082,0xd83773c5c09c60abd9b104388a74f402020500ab5b9f7f7d7c001f187f903a96
1775494914129,2026-04-06T17:01:54.129000+00:00,xyz:XYZ100,A,24101.0,0.0371,Open Short,0.0,0.077254,0xd83773c5c09c60abd9b104388a74f402020500ab5b9f7f7d7c001f187f903a96
1775494914129,2026-04-06T17:01:54.129000+00:00,xyz:XYZ100,A,24101.0,0.3767,Open Short,0.0,0.784412,0xd83773c5c09c60abd9b104388a74f402020500ab5b9f7f7d7c001f187f903a96
1775494915157,2026-04-06T17:01:55.157000+00:00,xyz:XYZ100,A,24101.0,0.4148,Open Short,0.0,0.863748,0xbc11dd625dfc8404bd8b04388a75020203850047f8ffa2d65fda88b51cf05def
1775494916364,2026-04-06T17:01:56.364000+00:00,xyz:XYZ100,A,24099.0,0.0024,Open Short,0.0,0.004997,0x6acb3f819398aebb6c4404388a7511020b6400672e9bcd8d0e93ead4529c88a6
1775494916364,2026-04-06T17:01:56.364000+00:00,xyz:XYZ100,A,24099.0,0.0104,Open Short,0.0,0.021654,0x6acb3f819398aebb6c4404388a7511020b6400672e9bcd8d0e93ead4529c88a6
1775494916364,2026-04-06T17:01:56.364000+00:00,xyz:XYZ100,A,24098.0,0.402,Open Short,0.0,0.836991,0x6acb3f819398aebb6c4404388a7511020b6400672e9bcd8d0e93ead4529c88a6
1775494917312,2026-04-06T17:01:57.312000+00:00,xyz:XYZ100,A,24098.0,0.4148,Open Short,0.0,0.863641,0xd2fd8bf5990656d2d47704388a751e0203d200db340975a476c63748580a30bd
1775494918151,2026-04-06T17:01:58.151000+00:00,xyz:XYZ100,A,24096.0,0.0374,Open Short,0.0,0.077862,0x88ca78fd764712158a4404388a752a02078a00e3114a30e72c932450354aec00
1775494918151,2026-04-06T17:01:58.151000+00:00,xyz:XYZ100,A,24096.0,0.0042,Open Short,0.0,0.008743,0x88ca78fd764712158a4404388a752a02078a00e3114a30e72c932450354aec00
1775494918151,2026-04-06T17:01:58.151000+00:00,xyz:XYZ100,A,24096.0,0.0042,Open Short,0.0,0.008743,0x88ca78fd764712158a4404388a752a02078a00e3114a30e72c932450354aec00
1775494918151,2026-04-06T17:01:58.151000+00:00,xyz:XYZ100,A,24096.0,0.0436,Open Short,0.0,0.09077,0x88ca78fd764712158a4404388a752a02078a00e3114a30e72c932450354aec00
1775494918151,2026-04-06T17:01:58.151000+00:00,xyz:XYZ100,A,24096.0,0.0436,Open Short,0.0,0.09077,0x88ca78fd764712158a4404388a752a02078a00e3114a30e72c932450354aec00
1775494918151,2026-04-06T17:01:58.151000+00:00,xyz:XYZ100,A,24096.0,0.0436,Open Short,0.0,0.09077,0x88ca78fd764712158a4404388a752a02078a00e3114a30e72c932450354aec00
1775494918151,2026-04-06T17:01:58.151000+00:00,xyz:XYZ100,A,24096.0,0.0213,Open Short,0.0,0.044344,0x88ca78fd764712158a4404388a752a02078a00e3114a30e72c932450354aec00
1775494918151,2026-04-06T17:01:58.151000+00:00,xyz:XYZ100,A,24096.0,0.0122,Open Short,0.0,0.025399,0x88ca78fd764712158a4404388a752a02078a00e3114a30e72c932450354aec00
1775494918151,2026-04-06T17:01:58.151000+00:00,xyz:XYZ100,A,24096.0,0.005,Open Short,0.0,0.010409,0x88ca78fd764712158a4404388a752a02078a00e3114a30e72c932450354aec00
1775494918151,2026-04-06T17:01:58.151000+00:00,xyz:XYZ100,A,24096.0,0.0217,Open Short,0.0,0.045177,0x88ca78fd764712158a4404388a752a02078a00e3114a30e72c932450354aec00
1775494918151,2026-04-06T17:01:58.151000+00:00,xyz:XYZ100,A,24095.0,0.0042,Open Short,0.0,0.008743,0x88ca78fd764712158a4404388a752a02078a00e3114a30e72c932450354aec00
1775494918151,2026-04-06T17:01:58.151000+00:00,xyz:XYZ100,A,24095.0,0.1738,Open Short,0.0,0.361818,0x88ca78fd764712158a4404388a752a02078a00e3114a30e72c932450354aec00
1775494919170,2026-04-06T17:01:59.170000+00:00,xyz:XYZ100,A,24096.0,0.048,Open Short,0.0,0.09993,0x3c0760f0ada1dc8d3d8104388a75380203aa00d648a4fb5fdfd00c436ca5b677
1775494919170,2026-04-06T17:01:59.170000+00:00,xyz:XYZ100,A,24096.0,0.3668,Open Short,0.0,0.763638,0x3c0760f0ada1dc8d3d8104388a75380203aa00d648a4fb5fdfd00c436ca5b677
1775494919917,2026-04-06T17:01:59.917000+00:00,xyz:XYZ100,A,24096.0,0.0543,Open Short,0.0,0.113046,0xf0a738afcf4c05bdf22004388a754202092200956a4f2490946fe4028e4fdfa8
1775494919917,2026-04-06T17:01:59.917000+00:00,xyz:XYZ100,A,24096.0,0.0105,Open Short,0.0,0.021859,0xf0a738afcf4c05bdf22004388a754202092200956a4f2490946fe4028e4fdfa8
1775494919917,2026-04-06T17:01:59.917000+00:00,xyz:XYZ100,A,24095.0,0.0762,Open Short,0.0,0.158633,0xf0a738afcf4c05bdf22004388a754202092200956a4f2490946fe4028e4fdfa8
1775494919917,2026-04-06T17:01:59.917000+00:00,xyz:XYZ100,A,24095.0,0.0226,Open Short,0.0,0.047048,0xf0a738afcf4c05bdf22004388a754202092200956a4f2490946fe4028e4fdfa8
1775494919917,2026-04-06T17:01:59.917000+00:00,xyz:XYZ100,A,24094.0,0.0007,Open Short,0.0,0.001457,0xf0a738afcf4c05bdf22004388a754202092200956a4f2490946fe4028e4fdfa8
1775494919917,2026-04-06T17:01:59.917000+00:00,xyz:XYZ100,A,24094.0,0.0007,Open Short,0.0,0.001457,0xf0a738afcf4c05bdf22004388a754202092200956a4f2490946fe4028e4fdfa8
1775494919917,2026-04-06T17:01:59.917000+00:00,xyz:XYZ100,A,24094.0,0.0062,Open Short,0.0,0.012906,0xf0a738afcf4c05bdf22004388a754202092200956a4f2490946fe4028e4fdfa8
1775494919917,2026-04-06T17:01:59.917000+00:00,xyz:XYZ100,A,24094.0,0.0057,Open Short,0.0,0.011865,0xf0a738afcf4c05bdf22004388a754202092200956a4f2490946fe4028e4fdfa8
1775494919917,2026-04-06T17:01:59.917000+00:00,xyz:XYZ100,A,24094.0,0.2379,Open Short,0.0,0.495241,0xf0a738afcf4c05bdf22004388a754202092200956a4f2490946fe4028e4fdfa8
1775494924265,2026-04-06T17:02:04.265000+00:00,xyz:XYZ100,A,24091.0,0.0008,Open Short,0.0,0.001665,0x2648e6c104a1eaee27c204388a757e020ebc00a69fa509c0ca119213c3a5c4d8
1775494924265,2026-04-06T17:02:04.265000+00:00,xyz:XYZ100,A,24090.0,0.005,Open Short,0.0,0.010406,0x2648e6c104a1eaee27c204388a757e020ebc00a69fa509c0ca119213c3a5c4d8
1775494924265,2026-04-06T17:02:04.265000+00:00,xyz:XYZ100,A,24090.0,0.0007,Open Short,0.0,0.001456,0x2648e6c104a1eaee27c204388a757e020ebc00a69fa509c0ca119213c3a5c4d8
1775494924265,2026-04-06T17:02:04.265000+00:00,xyz:XYZ100,A,24090.0,0.0007,Open Short,0.0,0.001456,0x2648e6c104a1eaee27c204388a757e020ebc00a69fa509c0ca119213c3a5c4d8
1775494924265,2026-04-06T17:02:04.265000+00:00,xyz:XYZ100,A,24090.0,0.0042,Open Short,0.0,0.008741,0x2648e6c104a1eaee27c204388a757e020ebc00a69fa509c0ca119213c3a5c4d8
1775494924265,2026-04-06T17:02:04.265000+00:00,xyz:XYZ100,A,24090.0,0.0187,Open Short,0.0,0.038921,0x2648e6c104a1eaee27c204388a757e020ebc00a69fa509c0ca119213c3a5c4d8
1775494924265,2026-04-06T17:02:04.265000+00:00,xyz:XYZ100,A,24090.0,0.3848,Open Short,0.0,0.800913,0x2648e6c104a1eaee27c204388a757e020ebc00a69fa509c0ca119213c3a5c4d8
1775494925565,2026-04-06T17:02:05.565000+00:00,xyz:XYZ100,A,24089.0,0.0007,Open Short,0.0,0.001456,0x8af633b99be327018c6f04388a7590020476009f36e645d32ebedf0c5ae700ec
1775494925565,2026-04-06T17:02:05.565000+00:00,xyz:XYZ100,A,24089.0,0.4142,Open Short,0.0,0.86207,0x8af633b99be327018c6f04388a7590020476009f36e645d32ebedf0c5ae700ec
1775494926723,2026-04-06T17:02:06.723000+00:00,xyz:XYZ100,A,24086.0,0.0021,Open Short,0.0,0.00437,0xf6cd993cf9e42ef4f84704388a759e020c90002294e74dc79a96448fb8e808df
1775494926723,2026-04-06T17:02:06.723000+00:00,xyz:XYZ100,A,24086.0,0.0374,Open Short,0.0,0.07783,0xf6cd993cf9e42ef4f84704388a759e020c90002294e74dc79a96448fb8e808df
1775494926723,2026-04-06T17:02:06.723000+00:00,xyz:XYZ100,A,24086.0,0.0187,Open Short,0.0,0.038915,0xf6cd993cf9e42ef4f84704388a759e020c90002294e74dc79a96448fb8e808df
1775494926723,2026-04-06T17:02:06.723000+00:00,xyz:XYZ100,A,24086.0,0.0057,Open Short,0.0,0.011861,0xf6cd993cf9e42ef4f84704388a759e020c90002294e74dc79a96448fb8e808df
1775494926723,2026-04-06T17:02:06.723000+00:00,xyz:XYZ100,A,24086.0,0.0123,Open Short,0.0,0.025596,0xf6cd993cf9e42ef4f84704388a759e020c90002294e74dc79a96448fb8e808df
1775494926723,2026-04-06T17:02:06.723000+00:00,xyz:XYZ100,A,24086.0,0.3387,Open Short,0.0,0.704844,0xf6cd993cf9e42ef4f84704388a759e020c90002294e74dc79a96448fb8e808df
1775494927850,2026-04-06T17:02:07.850000+00:00,xyz:XYZ100,A,24087.0,0.4149,Open Short,0.0,0.863455,0xd6d36e556a9c750bd84d04388a75ad020648003b059f93dd7a9c19a829904ef6
1775494928583,2026-04-06T17:02:08.583000+00:00,xyz:XYZ100,A,24087.0,0.0129,Open Short,0.0,0.026846,0xd269e69a97975e2fd3e304388a75b80206210080329a7d01763291ed569b381a
1775494928583,2026-04-06T17:02:08.583000+00:00,xyz:XYZ100,A,24087.0,0.402,Open Short,0.0,0.836608,0xd269e69a97975e2fd3e304388a75b80206210080329a7d01763291ed569b381a
1775494933127,2026-04-06T17:02:13.127000+00:00,xyz:XYZ100,A,24090.0,0.0664,Open Short,0.0,0.138203,0x33785670e4d205fc34f204388a75f5020a2400567fd524ced74101c3a3d5dfe6
1775494933127,2026-04-06T17:02:13.127000+00:00,xyz:XYZ100,A,24088.0,0.3486,Open Short,0.0,0.725507,0x33785670e4d205fc34f204388a75f5020a2400567fd524ced74101c3a3d5dfe6
1775494961313,2026-04-06T17:02:41.313000+00:00,xyz:XYZ100,A,24085.0,0.0011,Open Short,0.0,0.002289,0x91e1bfa1bed060da935b04388a77850204f4008759d37fac35aa6af47dd43ac5
1775494961313,2026-04-06T17:02:41.313000+00:00,xyz:XYZ100,A,24083.0,1.0,Open Short,0.0,2.080771,0x91e1bfa1bed060da935b04388a77850204f4008759d37fac35aa6af47dd43ac5
1775494961313,2026-04-06T17:02:41.313000+00:00,xyz:XYZ100,A,24082.0,0.0007,Open Short,0.0,0.001456,0x91e1bfa1bed060da935b04388a77850204f4008759d37fac35aa6af47dd43ac5
1775494961313,2026-04-06T17:02:41.313000+00:00,xyz:XYZ100,A,24082.0,0.0007,Open Short,0.0,0.001456,0x91e1bfa1bed060da935b04388a77850204f4008759d37fac35aa6af47dd43ac5
1775494961313,2026-04-06T17:02:41.313000+00:00,xyz:XYZ100,A,24082.0,0.0062,Open Short,0.0,0.0129,0x91e1bfa1bed060da935b04388a77850204f4008759d37fac35aa6af47dd43ac5
1775494961313,2026-04-06T17:02:41.313000+00:00,xyz:XYZ100,A,24082.0,0.0062,Open Short,0.0,0.0129,0x91e1bfa1bed060da935b04388a77850204f4008759d37fac35aa6af47dd43ac5
1775494961313,2026-04-06T17:02:41.313000+00:00,xyz:XYZ100,A,24082.0,0.007,Open Short,0.0,0.014564,0x91e1bfa1bed060da935b04388a77850204f4008759d37fac35aa6af47dd43ac5
1775494961313,2026-04-06T17:02:41.313000+00:00,xyz:XYZ100,A,24082.0,0.0157,Open Short,0.0,0.032666,0x91e1bfa1bed060da935b04388a77850204f4008759d37fac35aa6af47dd43ac5
1775494962252,2026-04-06T17:02:42.252000+00:00,xyz:XYZ100,A,24082.0,0.8563,Open Short,0.0,1.78169,0x9571e27cafc694d196eb04388a77920204da00624ac9b3a3393a8dcf6eca6ebc
1775494962252,2026-04-06T17:02:42.252000+00:00,xyz:XYZ100,A,24081.0,0.0007,Open Short,0.0,0.001456,0x9571e27cafc694d196eb04388a77920204da00624ac9b3a3393a8dcf6eca6ebc
1775494962252,2026-04-06T17:02:42.252000+00:00,xyz:XYZ100,A,24081.0,0.0007,Open Short,0.0,0.001456,0x9571e27cafc694d196eb04388a77920204da00624ac9b3a3393a8dcf6eca6ebc
1775494962252,2026-04-06T17:02:42.252000+00:00,xyz:XYZ100,A,24081.0,0.0007,Open Short,0.0,0.001456,0x9571e27cafc694d196eb04388a77920204da00624ac9b3a3393a8dcf6eca6ebc
1775494962252,2026-04-06T17:02:42.252000+00:00,xyz:XYZ100,A,24081.0,0.1794,Open Short,0.0,0.373259,0x9571e27cafc694d196eb04388a77920204da00624ac9b3a3393a8dcf6eca6ebc
1775494963442,2026-04-06T17:02:43.442000+00:00,xyz:XYZ100,A,24084.0,0.001,Open Short,0.0,0.00208,0x808077bd1ce0052a81fa04388a77a302036700a2b7e323fc2449230fdbe3df15
1775494963442,2026-04-06T17:02:43.442000+00:00,xyz:XYZ100,A,24084.0,0.4864,Open Short,0.0,1.012129,0x808077bd1ce0052a81fa04388a77a302036700a2b7e323fc2449230fdbe3df15
1775494963442,2026-04-06T17:02:43.442000+00:00,xyz:XYZ100,A,24082.0,0.5504,Open Short,0.0,1.145208,0x808077bd1ce0052a81fa04388a77a302036700a2b7e323fc2449230fdbe3df15
1775494964530,2026-04-06T17:02:44.530000+00:00,xyz:XYZ100,A,24081.0,0.8739,Open Short,0.0,1.818234,0x527dfcbe101ef2e053f704388a77b30205c200a3ab1211b2f646a810cf12ccca
1775494964530,2026-04-06T17:02:44.530000+00:00,xyz:XYZ100,A,24081.0,0.0083,Open Short,0.0,0.017268,0x527dfcbe101ef2e053f704388a77b30205c200a3ab1211b2f646a810cf12ccca
1775494964530,2026-04-06T17:02:44.530000+00:00,xyz:XYZ100,A,24081.0,0.0187,Open Short,0.0,0.038907,0x527dfcbe101ef2e053f704388a77b30205c200a3ab1211b2f646a810cf12ccca
1775494964530,2026-04-06T17:02:44.530000+00:00,xyz:XYZ100,A,24081.0,0.0083,Open Short,0.0,0.017268,0x527dfcbe101ef2e053f704388a77b30205c200a3ab1211b2f646a810cf12ccca
1775494964530,2026-04-06T17:02:44.530000+00:00,xyz:XYZ100,A,24081.0,0.1286,Open Short,0.0,0.267564,0x527dfcbe101ef2e053f704388a77b30205c200a3ab1211b2f646a810cf12ccca
1775494969031,2026-04-06T17:02:49.031000+00:00,xyz:XYZ100,A,24082.0,0.6631,Open Short,0.0,1.379702,0x9ffc9dc69c1b3e9da17604388a77f202050700ac371e5d6f43c549195b1f1888
1775494969031,2026-04-06T17:02:49.031000+00:00,xyz:XYZ100,A,24080.0,0.005,Open Short,0.0,0.010402,0x9ffc9dc69c1b3e9da17604388a77f202050700ac371e5d6f43c549195b1f1888
1775494969031,2026-04-06T17:02:49.031000+00:00,xyz:XYZ100,A,24080.0,0.0007,Open Short,0.0,0.001456,0x9ffc9dc69c1b3e9da17604388a77f202050700ac371e5d6f43c549195b1f1888
1775494969031,2026-04-06T17:02:49.031000+00:00,xyz:XYZ100,A,24080.0,0.0007,Open Short,0.0,0.001456,0x9ffc9dc69c1b3e9da17604388a77f202050700ac371e5d6f43c549195b1f1888
1775494969031,2026-04-06T17:02:49.031000+00:00,xyz:XYZ100,A,24080.0,0.0007,Open Short,0.0,0.001456,0x9ffc9dc69c1b3e9da17604388a77f202050700ac371e5d6f43c549195b1f1888
1775494969031,2026-04-06T17:02:49.031000+00:00,xyz:XYZ100,A,24080.0,0.0062,Open Short,0.0,0.012899,0x9ffc9dc69c1b3e9da17604388a77f202050700ac371e5d6f43c549195b1f1888
1775494969031,2026-04-06T17:02:49.031000+00:00,xyz:XYZ100,A,24080.0,0.0374,Open Short,0.0,0.077811,0x9ffc9dc69c1b3e9da17604388a77f202050700ac371e5d6f43c549195b1f1888
1775494969031,2026-04-06T17:02:49.031000+00:00,xyz:XYZ100,A,24080.0,0.0083,Open Short,0.0,0.017268,0x9ffc9dc69c1b3e9da17604388a77f202050700ac371e5d6f43c549195b1f1888
1775494969031,2026-04-06T17:02:49.031000+00:00,xyz:XYZ100,A,24080.0,0.0083,Open Short,0.0,0.017268,0x9ffc9dc69c1b3e9da17604388a77f202050700ac371e5d6f43c549195b1f1888
1775494969031,2026-04-06T17:02:49.031000+00:00,xyz:XYZ100,A,24080.0,0.0083,Open Short,0.0,0.017268,0x9ffc9dc69c1b3e9da17604388a77f202050700ac371e5d6f43c549195b1f1888
1775494969031,2026-04-06T17:02:49.031000+00:00,xyz:XYZ100,A,24080.0,0.0008,Open Short,0.0,0.001664,0x9ffc9dc69c1b3e9da17604388a77f202050700ac371e5d6f43c549195b1f1888
1775494969031,2026-04-06T17:02:49.031000+00:00,xyz:XYZ100,A,24080.0,0.2984,Open Short,0.0,0.620824,0x9ffc9dc69c1b3e9da17604388a77f202050700ac371e5d6f43c549195b1f1888
1775494969855,2026-04-06T17:02:49.855000+00:00,xyz:XYZ100,A,24080.0,0.5362,Open Short,0.0,1.11557,0x8e90544c46dc8d21900a04388a77fe0203570031e1dfabf33258ff9f05d0670c
1775494969855,2026-04-06T17:02:49.855000+00:00,xyz:XYZ100,A,24080.0,0.5017,Open Short,0.0,1.043792,0x8e90544c46dc8d21900a04388a77fe0203570031e1dfabf33258ff9f05d0670c
1775494971335,2026-04-06T17:02:51.335000+00:00,xyz:XYZ100,A,24080.0,0.0164,Open Short,0.0,0.03412,0xb11950e0b6526d56b29304388a78120209ab00c651558c2854e1fc3375564741
1775494971335,2026-04-06T17:02:51.335000+00:00,xyz:XYZ100,A,24080.0,0.631,Open Short,0.0,1.312803,0xb11950e0b6526d56b29304388a78120209ab00c651558c2854e1fc3375564741
1775494971335,2026-04-06T17:02:51.335000+00:00,xyz:XYZ100,A,24080.0,0.3905,Open Short,0.0,0.812439,0xb11950e0b6526d56b29304388a78120209ab00c651558c2854e1fc3375564741
1775494972560,2026-04-06T17:02:52.560000+00:00,xyz:XYZ100,A,24080.0,0.0895,Open Short,0.0,0.186205,0x48c552139283b0734a3f04388a782402058c00f92d86cf45ec8dfd6651878a5d
1775494972560,2026-04-06T17:02:52.560000+00:00,xyz:XYZ100,A,24080.0,0.0137,Open Short,0.0,0.028503,0x48c552139283b0734a3f04388a782402058c00f92d86cf45ec8dfd6651878a5d
1775494972560,2026-04-06T17:02:52.560000+00:00,xyz:XYZ100,A,24080.0,0.3905,Open Short,0.0,0.812439,0x48c552139283b0734a3f04388a782402058c00f92d86cf45ec8dfd6651878a5d
1775494972560,2026-04-06T17:02:52.560000+00:00,xyz:XYZ100,A,24079.0,0.0007,Open Short,0.0,0.001456,0x48c552139283b0734a3f04388a782402058c00f92d86cf45ec8dfd6651878a5d
1775494972560,2026-04-06T17:02:52.560000+00:00,xyz:XYZ100,A,24079.0,0.0007,Open Short,0.0,0.001456,0x48c552139283b0734a3f04388a782402058c00f92d86cf45ec8dfd6651878a5d
1775494972560,2026-04-06T17:02:52.560000+00:00,xyz:XYZ100,A,24079.0,0.0007,Open Short,0.0,0.001456,0x48c552139283b0734a3f04388a782402058c00f92d86cf45ec8dfd6651878a5d
1775494972560,2026-04-06T17:02:52.560000+00:00,xyz:XYZ100,A,24079.0,0.0012,Open Short,0.0,0.002496,0x48c552139283b0734a3f04388a782402058c00f92d86cf45ec8dfd6651878a5d
1775494972560,2026-04-06T17:02:52.560000+00:00,xyz:XYZ100,A,24079.0,0.25,Open Short,0.0,0.520106,0x48c552139283b0734a3f04388a782402058c00f92d86cf45ec8dfd6651878a5d
1775494972560,2026-04-06T17:02:52.560000+00:00,xyz:XYZ100,A,24079.0,0.0042,Open Short,0.0,0.008737,0x48c552139283b0734a3f04388a782402058c00f92d86cf45ec8dfd6651878a5d
1775494972560,2026-04-06T17:02:52.560000+00:00,xyz:XYZ100,A,24079.0,0.0042,Open Short,0.0,0.008737,0x48c552139283b0734a3f04388a782402058c00f92d86cf45ec8dfd6651878a5d
1775494972560,2026-04-06T17:02:52.560000+00:00,xyz:XYZ100,A,24079.0,0.0042,Open Short,0.0,0.008737,0x48c552139283b0734a3f04388a782402058c00f92d86cf45ec8dfd6651878a5d
1775494972560,2026-04-06T17:02:52.560000+00:00,xyz:XYZ100,A,24079.0,0.0218,Open Short,0.0,0.045353,0x48c552139283b0734a3f04388a782402058c00f92d86cf45ec8dfd6651878a5d
1775494972560,2026-04-06T17:02:52.560000+00:00,xyz:XYZ100,A,24079.0,0.0272,Open Short,0.0,0.056587,0x48c552139283b0734a3f04388a782402058c00f92d86cf45ec8dfd6651878a5d
1775494972560,2026-04-06T17:02:52.560000+00:00,xyz:XYZ100,A,24079.0,0.005,Open Short,0.0,0.010402,0x48c552139283b0734a3f04388a782402058c00f92d86cf45ec8dfd6651878a5d
1775494972560,2026-04-06T17:02:52.560000+00:00,xyz:XYZ100,A,24079.0,0.0005,Open Short,0.0,0.00104,0x48c552139283b0734a3f04388a782402058c00f92d86cf45ec8dfd6651878a5d
1775494972560,2026-04-06T17:02:52.560000+00:00,xyz:XYZ100,A,24079.0,0.2238,Open Short,0.0,0.465599,0x48c552139283b0734a3f04388a782402058c00f92d86cf45ec8dfd6651878a5d
1775494973967,2026-04-06T17:02:53.967000+00:00,xyz:XYZ100,A,24080.0,0.0008,Open Short,0.0,0.001664,0x7734d2a39a7cc00c78ae04388a78380203ff0089357fdede1afd7df6597099f7
1775494973967,2026-04-06T17:02:53.967000+00:00,xyz:XYZ100,A,24078.0,0.0107,Open Short,0.0,0.022259,0x7734d2a39a7cc00c78ae04388a78380203ff0089357fdede1afd7df6597099f7
1775494973967,2026-04-06T17:02:53.967000+00:00,xyz:XYZ100,A,24078.0,0.007,Open Short,0.0,0.014562,0x7734d2a39a7cc00c78ae04388a78380203ff0089357fdede1afd7df6597099f7
1775494973967,2026-04-06T17:02:53.967000+00:00,xyz:XYZ100,A,24078.0,0.0045,Open Short,0.0,0.009361,0x7734d2a39a7cc00c78ae04388a78380203ff0089357fdede1afd7df6597099f7
1775494973967,2026-04-06T17:02:53.967000+00:00,xyz:XYZ100,A,24078.0,0.0007,Open Short,0.0,0.001456,0x7734d2a39a7cc00c78ae04388a78380203ff0089357fdede1afd7df6597099f7
1775494973967,2026-04-06T17:02:53.967000+00:00,xyz:XYZ100,A,24078.0,0.0007,Open Short,0.0,0.001456,0x7734d2a39a7cc00c78ae04388a78380203ff0089357fdede1afd7df6597099f7
1775494973967,2026-04-06T17:02:53.967000+00:00,xyz:XYZ100,A,24078.0,0.0007,Open Short,0.0,0.001456,0x7734d2a39a7cc00c78ae04388a78380203ff0089357fdede1afd7df6597099f7
1775494973967,2026-04-06T17:02:53.967000+00:00,xyz:XYZ100,A,24078.0,0.0007,Open Short,0.0,0.001456,0x7734d2a39a7cc00c78ae04388a78380203ff0089357fdede1afd7df6597099f7
1775494973967,2026-04-06T17:02:53.967000+00:00,xyz:XYZ100,A,24078.0,0.0042,Open Short,0.0,0.008737,0x7734d2a39a7cc00c78ae04388a78380203ff0089357fdede1afd7df6597099f7
1775494973967,2026-04-06T17:02:53.967000+00:00,xyz:XYZ100,A,24078.0,0.4049,Open Short,0.0,0.842329,0x7734d2a39a7cc00c78ae04388a78380203ff0089357fdede1afd7df6597099f7
1775495491001,2026-04-06T17:11:31.001000+00:00,xyz:XYZ100,A,24078.0,0.04,Open Short,0.0,0.083213,0x8e04843add7c0b848f7e04388a94c5020a2e0020787f2a5631cd2f8d9c7fe56f
1775495491001,2026-04-06T17:11:31.001000+00:00,xyz:XYZ100,A,24078.0,0.1015,Open Short,0.0,0.211154,0x8e04843add7c0b848f7e04388a94c5020a2e0020787f2a5631cd2f8d9c7fe56f
1775495514713,2026-04-06T17:11:54.713000+00:00,xyz:XYZ100,A,24079.0,1.0383,Open Short,0.0,2.160105,0xda204d3c65674bf6db9a04388a961d02034d0022006a6ac87de8f88f246b25e1
1775495516036,2026-04-06T17:11:56.036000+00:00,xyz:XYZ100,A,24079.0,0.002,Open Short,0.0,0.00416,0x447d27033e8228a545f604388a963002031000e8d9854777e845d255fd86028f
1775495516036,2026-04-06T17:11:56.036000+00:00,xyz:XYZ100,A,24079.0,1.0363,Open Short,0.0,2.155945,0x447d27033e8228a545f604388a963002031000e8d9854777e845d255fd86028f
1775495517301,2026-04-06T17:11:57.301000+00:00,xyz:XYZ100,A,24079.0,0.3693,Open Short,0.0,0.768301,0x121fbb6f6bd4dc23139904388a964302020e005506d7faf5b5e866c22ad8b60d
1775495517301,2026-04-06T17:11:57.301000+00:00,xyz:XYZ100,A,24079.0,0.6689,Open Short,0.0,1.391596,0x121fbb6f6bd4dc23139904388a964302020e005506d7faf5b5e866c22ad8b60d
1775495518698,2026-04-06T17:11:58.698000+00:00,xyz:XYZ100,A,24079.0,0.0389,Open Short,0.0,0.080928,0xd625a613e3ef2626d79f04388a96570204d300f97ee244f879ee5166a2e30011
1775495518698,2026-04-06T17:11:58.698000+00:00,xyz:XYZ100,A,24078.0,0.2265,Open Short,0.0,0.471196,0xd625a613e3ef2626d79f04388a96570204d300f97ee244f879ee5166a2e30011
1775495518698,2026-04-06T17:11:58.698000+00:00,xyz:XYZ100,A,24077.0,0.7728,Open Short,0.0,1.607619,0xd625a613e3ef2626d79f04388a96570204d300f97ee244f879ee5166a2e30011
1775495547184,2026-04-06T17:12:27.184000+00:00,xyz:XYZ100,A,24074.0,1.0387,Open Short,0.0,2.160489,0x2b8aa958ed69e22a2d0404388a97f402065a003e886d00fccf5354abac6dbc14
1775495550872,2026-04-06T17:12:30.872000+00:00,xyz:XYZ100,A,24073.0,0.646,Open Short,0.0,1.34362,0xc83e4aba235ac646c9b804388a982802020d009fbe5de5186c06f60ce25ea031
1775495550872,2026-04-06T17:12:30.872000+00:00,xyz:XYZ100,A,24073.0,0.0456,Open Short,0.0,0.094843,0xc83e4aba235ac646c9b804388a982802020d009fbe5de5186c06f60ce25ea031
1775495550872,2026-04-06T17:12:30.872000+00:00,xyz:XYZ100,A,24073.0,0.0329,Open Short,0.0,0.068428,0xc83e4aba235ac646c9b804388a982802020d009fbe5de5186c06f60ce25ea031
1775495550872,2026-04-06T17:12:30.872000+00:00,xyz:XYZ100,A,24073.0,0.3139,Open Short,0.0,0.652882,0xc83e4aba235ac646c9b804388a982802020d009fbe5de5186c06f60ce25ea031
1775495570291,2026-04-06T17:12:50.291000+00:00,xyz:XYZ100,A,24055.0,0.8072,Open Short,0.0,1.677645,0xc1d941bef93d830bc35204388a99400201a300a49430a1dd65a1ed11b8315cf6
1775495570291,2026-04-06T17:12:50.291000+00:00,xyz:XYZ100,A,24055.0,0.232,Open Short,0.0,0.482177,0xc1d941bef93d830bc35204388a99400201a300a49430a1dd65a1ed11b8315cf6
1775495571692,2026-04-06T17:12:51.692000+00:00,xyz:XYZ100,A,24055.0,0.0337,Open Short,0.0,0.07004,0x6f5e86960b8591ac70d804388a99510206fb007ba688b07e132731e8ca896b97
1775495571692,2026-04-06T17:12:51.692000+00:00,xyz:XYZ100,A,24055.0,0.1419,Open Short,0.0,0.294918,0x6f5e86960b8591ac70d804388a99510206fb007ba688b07e132731e8ca896b97
1775495571692,2026-04-06T17:12:51.692000+00:00,xyz:XYZ100,A,24054.0,0.0742,Open Short,0.0,0.154207,0x6f5e86960b8591ac70d804388a99510206fb007ba688b07e132731e8ca896b97
1775495571692,2026-04-06T17:12:51.692000+00:00,xyz:XYZ100,A,24054.0,0.7894,Open Short,0.0,1.640582,0x6f5e86960b8591ac70d804388a99510206fb007ba688b07e132731e8ca896b97
1775495572758,2026-04-06T17:12:52.758000+00:00,xyz:XYZ100,A,24053.0,0.0007,Open Short,0.0,0.001454,0xd142e8dd2cfc1931d2bc04388a996002039f00c2c7ff3803750b942febfff31c
1775495572758,2026-04-06T17:12:52.758000+00:00,xyz:XYZ100,A,24053.0,0.0007,Open Short,0.0,0.001454,0xd142e8dd2cfc1931d2bc04388a996002039f00c2c7ff3803750b942febfff31c
1775495572758,2026-04-06T17:12:52.758000+00:00,xyz:XYZ100,A,24053.0,0.0007,Open Short,0.0,0.001454,0xd142e8dd2cfc1931d2bc04388a996002039f00c2c7ff3803750b942febfff31c
1775495572758,2026-04-06T17:12:52.758000+00:00,xyz:XYZ100,A,24053.0,0.0007,Open Short,0.0,0.001454,0xd142e8dd2cfc1931d2bc04388a996002039f00c2c7ff3803750b942febfff31c
1775495572758,2026-04-06T17:12:52.758000+00:00,xyz:XYZ100,A,24053.0,0.0083,Open Short,0.0,0.017248,0xd142e8dd2cfc1931d2bc04388a996002039f00c2c7ff3803750b942febfff31c
1775495572758,2026-04-06T17:12:52.758000+00:00,xyz:XYZ100,A,24053.0,0.002,Open Short,0.0,0.004156,0xd142e8dd2cfc1931d2bc04388a996002039f00c2c7ff3803750b942febfff31c
1775495572758,2026-04-06T17:12:52.758000+00:00,xyz:XYZ100,A,24053.0,0.0397,Open Short,0.0,0.082503,0xd142e8dd2cfc1931d2bc04388a996002039f00c2c7ff3803750b942febfff31c
1775495572758,2026-04-06T17:12:52.758000+00:00,xyz:XYZ100,A,24053.0,0.0742,Open Short,0.0,0.1542,0xd142e8dd2cfc1931d2bc04388a996002039f00c2c7ff3803750b942febfff31c
1775495572758,2026-04-06T17:12:52.758000+00:00,xyz:XYZ100,A,24052.0,0.0007,Open Short,0.0,0.001454,0xd142e8dd2cfc1931d2bc04388a996002039f00c2c7ff3803750b942febfff31c
1775495572758,2026-04-06T17:12:52.758000+00:00,xyz:XYZ100,A,24052.0,0.0007,Open Short,0.0,0.001454,0xd142e8dd2cfc1931d2bc04388a996002039f00c2c7ff3803750b942febfff31c
1775495572758,2026-04-06T17:12:52.758000+00:00,xyz:XYZ100,A,24052.0,0.0007,Open Short,0.0,0.001454,0xd142e8dd2cfc1931d2bc04388a996002039f00c2c7ff3803750b942febfff31c
1775495572758,2026-04-06T17:12:52.758000+00:00,xyz:XYZ100,A,24052.0,0.0007,Open Short,0.0,0.001454,0xd142e8dd2cfc1931d2bc04388a996002039f00c2c7ff3803750b942febfff31c
1775495572758,2026-04-06T17:12:52.758000+00:00,xyz:XYZ100,A,24052.0,0.9094,Open Short,0.0,1.889817,0xd142e8dd2cfc1931d2bc04388a996002039f00c2c7ff3803750b942febfff31c
1775495574393,2026-04-06T17:12:54.393000+00:00,xyz:XYZ100,A,24045.0,0.0181,Open Short,0.0,0.037602,0xd0694069ac0651fed1e204388a9978020940004f470970d07431ebbc6b0a2be9
1775495574393,2026-04-06T17:12:54.393000+00:00,xyz:XYZ100,A,24045.0,0.0007,Open Short,0.0,0.001454,0xd0694069ac0651fed1e204388a9978020940004f470970d07431ebbc6b0a2be9
1775495574393,2026-04-06T17:12:54.393000+00:00,xyz:XYZ100,A,24045.0,0.0187,Open Short,0.0,0.038849,0xd0694069ac0651fed1e204388a9978020940004f470970d07431ebbc6b0a2be9
1775495574393,2026-04-06T17:12:54.393000+00:00,xyz:XYZ100,A,24045.0,0.0374,Open Short,0.0,0.077698,0xd0694069ac0651fed1e204388a9978020940004f470970d07431ebbc6b0a2be9
1775495574393,2026-04-06T17:12:54.393000+00:00,xyz:XYZ100,A,24045.0,0.0005,Open Short,0.0,0.001038,0xd0694069ac0651fed1e204388a9978020940004f470970d07431ebbc6b0a2be9
1775495574393,2026-04-06T17:12:54.393000+00:00,xyz:XYZ100,A,24044.0,0.0007,Open Short,0.0,0.001454,0xd0694069ac0651fed1e204388a9978020940004f470970d07431ebbc6b0a2be9
1775495574393,2026-04-06T17:12:54.393000+00:00,xyz:XYZ100,A,24044.0,0.963,Open Short,0.0,2.000537,0xd0694069ac0651fed1e204388a9978020940004f470970d07431ebbc6b0a2be9
1775495576203,2026-04-06T17:12:56.203000+00:00,xyz:XYZ100,A,24044.0,1.0391,Open Short,0.0,2.158628,0x1cd422a91a786b511e4d04388a998f02050c008eb57b8a23c09ccdfbd97c453b
1775495578002,2026-04-06T17:12:58.002000+00:00,xyz:XYZ100,A,24041.0,0.0007,Open Short,0.0,0.001453,0xd1ae55a8f419f58cd32804388a99a90205b4008e8f1d145e757700fbb31dcf77
1775495578002,2026-04-06T17:12:58.002000+00:00,xyz:XYZ100,A,24041.0,0.0007,Open Short,0.0,0.001453,0xd1ae55a8f419f58cd32804388a99a90205b4008e8f1d145e757700fbb31dcf77
1775495578002,2026-04-06T17:12:58.002000+00:00,xyz:XYZ100,A,24041.0,0.0007,Open Short,0.0,0.001453,0xd1ae55a8f419f58cd32804388a99a90205b4008e8f1d145e757700fbb31dcf77
1775495578002,2026-04-06T17:12:58.002000+00:00,xyz:XYZ100,A,24041.0,0.0021,Open Short,0.0,0.004361,0xd1ae55a8f419f58cd32804388a99a90205b4008e8f1d145e757700fbb31dcf77
1775495578002,2026-04-06T17:12:58.002000+00:00,xyz:XYZ100,A,24041.0,0.0042,Open Short,0.0,0.008723,0xd1ae55a8f419f58cd32804388a99a90205b4008e8f1d145e757700fbb31dcf77
1775495578002,2026-04-06T17:12:58.002000+00:00,xyz:XYZ100,A,24041.0,0.0742,Open Short,0.0,0.154123,0xd1ae55a8f419f58cd32804388a99a90205b4008e8f1d145e757700fbb31dcf77
1775495578002,2026-04-06T17:12:58.002000+00:00,xyz:XYZ100,A,24040.0,0.0035,Open Short,0.0,0.007269,0xd1ae55a8f419f58cd32804388a99a90205b4008e8f1d145e757700fbb31dcf77
1775495578002,2026-04-06T17:12:58.002000+00:00,xyz:XYZ100,A,24040.0,0.005,Open Short,0.0,0.010385,0xd1ae55a8f419f58cd32804388a99a90205b4008e8f1d145e757700fbb31dcf77
1775495578002,2026-04-06T17:12:58.002000+00:00,xyz:XYZ100,A,24040.0,0.0007,Open Short,0.0,0.001453,0xd1ae55a8f419f58cd32804388a99a90205b4008e8f1d145e757700fbb31dcf77
1775495578002,2026-04-06T17:12:58.002000+00:00,xyz:XYZ100,A,24040.0,0.0007,Open Short,0.0,0.001453,0xd1ae55a8f419f58cd32804388a99a90205b4008e8f1d145e757700fbb31dcf77
1775495578002,2026-04-06T17:12:58.002000+00:00,xyz:XYZ100,A,24040.0,0.9468,Open Short,0.0,1.966556,0xd1ae55a8f419f58cd32804388a99a90205b4008e8f1d145e757700fbb31dcf77
1775495579250,2026-04-06T17:12:59.250000+00:00,xyz:XYZ100,A,24041.0,0.9848,Open Short,0.0,2.045569,0xee9f1dcc1d761d64f01804388a99bb0206e000b1b8793c369267c91edc79f74f
1775495579250,2026-04-06T17:12:59.250000+00:00,xyz:XYZ100,A,24041.0,0.0545,Open Short,0.0,0.113204,0xee9f1dcc1d761d64f01804388a99bb0206e000b1b8793c369267c91edc79f74f
1775495580356,2026-04-06T17:13:00.356000+00:00,xyz:XYZ100,A,24040.0,0.1278,Open Short,0.0,0.265447,0x693d288fb6097f616ab604388a99cb0208010075510c9e330d05d3e2750d594c
1775495580356,2026-04-06T17:13:00.356000+00:00,xyz:XYZ100,A,24040.0,0.0208,Open Short,0.0,0.043202,0x693d288fb6097f616ab604388a99cb0208010075510c9e330d05d3e2750d594c
1775495580356,2026-04-06T17:13:00.356000+00:00,xyz:XYZ100,A,24040.0,0.0742,Open Short,0.0,0.154117,0x693d288fb6097f616ab604388a99cb0208010075510c9e330d05d3e2750d594c
1775495580356,2026-04-06T17:13:00.356000+00:00,xyz:XYZ100,A,24040.0,0.0397,Open Short,0.0,0.082459,0x693d288fb6097f616ab604388a99cb0208010075510c9e330d05d3e2750d594c
1775495580356,2026-04-06T17:13:00.356000+00:00,xyz:XYZ100,A,24039.0,0.0042,Open Short,0.0,0.008723,0x693d288fb6097f616ab604388a99cb0208010075510c9e330d05d3e2750d594c
1775495580356,2026-04-06T17:13:00.356000+00:00,xyz:XYZ100,A,24039.0,0.1592,Open Short,0.0,0.330653,0x693d288fb6097f616ab604388a99cb0208010075510c9e330d05d3e2750d594c
1775495788246,2026-04-06T17:16:28.246000+00:00,xyz:XYZ100,A,24040.0,0.0399,Open Short,0.0,0.082874,0x1636ff57cd11906217b004388aa5390203f4003d6814af34b9ffaaaa8c156a4c
1775495788246,2026-04-06T17:16:28.246000+00:00,xyz:XYZ100,A,24039.0,0.0137,Open Short,0.0,0.028454,0x1636ff57cd11906217b004388aa5390203f4003d6814af34b9ffaaaa8c156a4c
1775495788246,2026-04-06T17:16:28.246000+00:00,xyz:XYZ100,A,24039.0,0.0035,Open Short,0.0,0.007269,0x1636ff57cd11906217b004388aa5390203f4003d6814af34b9ffaaaa8c156a4c
1775495788246,2026-04-06T17:16:28.246000+00:00,xyz:XYZ100,A,24038.0,0.0062,Open Short,0.0,0.012876,0x1636ff57cd11906217b004388aa5390203f4003d6814af34b9ffaaaa8c156a4c
1775495788246,2026-04-06T17:16:28.246000+00:00,xyz:XYZ100,A,24038.0,0.0062,Open Short,0.0,0.012876,0x1636ff57cd11906217b004388aa5390203f4003d6814af34b9ffaaaa8c156a4c
1775495788246,2026-04-06T17:16:28.246000+00:00,xyz:XYZ100,A,24038.0,0.115,Open Short,0.0,0.238841,0x1636ff57cd11906217b004388aa5390203f4003d6814af34b9ffaaaa8c156a4c
1775496154419,2026-04-06T17:22:34.419000+00:00,xyz:XYZ100,B,24079.0,0.6258,Close Short,1.871142,1.30193,0x57e19673d3530003595b04388ab99f02057a00596e561ed5fbaa41c69256d9ed
1775496154419,2026-04-06T17:22:34.419000+00:00,xyz:XYZ100,B,24079.0,0.4127,Close Short,1.233973,0.858591,0x57e19673d3530003595b04388ab99f02057a00596e561ed5fbaa41c69256d9ed
1775497473832,2026-04-06T17:44:33.832000+00:00,xyz:XYZ100,B,24105.0,0.6527,Close Short,-15.018627,1.35936,0x38f716ce6c7ae9283a7004388b03510202e200b4077e07fadcbfc2212b7ec312
1775497473832,2026-04-06T17:44:33.832000+00:00,xyz:XYZ100,B,24105.0,0.3844,Close Short,-8.845044,0.800579,0x38f716ce6c7ae9283a7004388b03510202e200b4077e07fadcbfc2212b7ec312
1775497475929,2026-04-06T17:44:35.929000+00:00,xyz:XYZ100,B,24105.0,0.396,Close Short,-9.11196,0.824738,0x957cf6f3f295de9896f604388b036e02044300d98d98fd6a3945a246b199b883
1775497475929,2026-04-06T17:44:35.929000+00:00,xyz:XYZ100,B,24105.0,0.0472,Close Short,-1.086072,0.098302,0x957cf6f3f295de9896f604388b036e02044300d98d98fd6a3945a246b199b883
1775497475929,2026-04-06T17:44:35.929000+00:00,xyz:XYZ100,B,24105.0,0.5775,Close Short,-13.288275,1.202743,0x957cf6f3f295de9896f604388b036e02044300d98d98fd6a3945a246b199b883
1775497475929,2026-04-06T17:44:35.929000+00:00,xyz:XYZ100,B,24105.0,0.0163,Close Short,-0.375063,0.033947,0x957cf6f3f295de9896f604388b036e02044300d98d98fd6a3945a246b199b883
1775497477442,2026-04-06T17:44:37.442000+00:00,xyz:XYZ100,B,24106.0,0.5813,Close Short,-13.957013,1.210707,0xc5c79197df2c23b1c74104388b0384020206007d7a2f428369903cea9e2ffd9c
1775497477442,2026-04-06T17:44:37.442000+00:00,xyz:XYZ100,B,24106.0,0.4557,Close Short,-10.941357,0.949113,0xc5c79197df2c23b1c74104388b0384020206007d7a2f428369903cea9e2ffd9c
1775497479256,2026-04-06T17:44:39.256000+00:00,xyz:XYZ100,B,24107.0,0.0378,Close Short,-0.945378,0.078731,0x3f7a0c1cab3950d240f304388b039e02016d0002463c6fa4e342b76f6a3d2abc
1775497479256,2026-04-06T17:44:39.256000+00:00,xyz:XYZ100,B,24107.0,0.0102,Close Short,-0.255102,0.021245,0x3f7a0c1cab3950d240f304388b039e02016d0002463c6fa4e342b76f6a3d2abc
1775497479256,2026-04-06T17:44:39.256000+00:00,xyz:XYZ100,B,24108.0,0.0762,Close Short,-1.981962,0.158719,0x3f7a0c1cab3950d240f304388b039e02016d0002463c6fa4e342b76f6a3d2abc
1775497479256,2026-04-06T17:44:39.256000+00:00,xyz:XYZ100,B,24108.0,0.0558,Close Short,-1.451358,0.116227,0x3f7a0c1cab3950d240f304388b039e02016d0002463c6fa4e342b76f6a3d2abc
1775497479256,2026-04-06T17:44:39.256000+00:00,xyz:XYZ100,B,24108.0,0.0062,Close Short,-0.161262,0.012914,0x3f7a0c1cab3950d240f304388b039e02016d0002463c6fa4e342b76f6a3d2abc
1775497479256,2026-04-06T17:44:39.256000+00:00,xyz:XYZ100,B,24108.0,0.0062,Close Short,-0.161262,0.012914,0x3f7a0c1cab3950d240f304388b039e02016d0002463c6fa4e342b76f6a3d2abc
1775497479256,2026-04-06T17:44:39.256000+00:00,xyz:XYZ100,B,24108.0,0.0005,Close Short,-0.013005,0.001041,0x3f7a0c1cab3950d240f304388b039e02016d0002463c6fa4e342b76f6a3d2abc
1775497479256,2026-04-06T17:44:39.256000+00:00,xyz:XYZ100,B,24109.0,0.0062,Close Short,-0.167462,0.012914,0x3f7a0c1cab3950d240f304388b039e02016d0002463c6fa4e342b76f6a3d2abc
1775497479256,2026-04-06T17:44:39.256000+00:00,xyz:XYZ100,B,24109.0,0.2088,Close Short,-5.639688,0.434934,0x3f7a0c1cab3950d240f304388b039e02016d0002463c6fa4e342b76f6a3d2abc
1775497479256,2026-04-06T17:44:39.256000+00:00,xyz:XYZ100,B,24109.0,0.6258,Close Short,-16.902858,1.303552,0x3f7a0c1cab3950d240f304388b039e02016d0002463c6fa4e342b76f6a3d2abc
1775497479256,2026-04-06T17:44:39.256000+00:00,xyz:XYZ100,B,24109.0,0.0034,Close Short,-0.091834,0.007082,0x3f7a0c1cab3950d240f304388b039e02016d0002463c6fa4e342b76f6a3d2abc
1775497481206,2026-04-06T17:44:41.206000+00:00,xyz:XYZ100,B,24113.0,0.0031,Close Short,-0.096131,0.006458,0xde13218de86896fcdf8c04388b03b60203400073836bb5ce81dbcce0a76c70e7
1775497481206,2026-04-06T17:44:41.206000+00:00,xyz:XYZ100,B,24113.0,0.0062,Close Short,-0.192262,0.012916,0xde13218de86896fcdf8c04388b03b60203400073836bb5ce81dbcce0a76c70e7
1775497481206,2026-04-06T17:44:41.206000+00:00,xyz:XYZ100,B,24113.0,0.6105,Close Short,-18.931605,1.271893,0xde13218de86896fcdf8c04388b03b60203400073836bb5ce81dbcce0a76c70e7
1775497481206,2026-04-06T17:44:41.206000+00:00,xyz:XYZ100,B,24114.0,0.0062,Close Short,-0.198462,0.012917,0xde13218de86896fcdf8c04388b03b60203400073836bb5ce81dbcce0a76c70e7
1775497481206,2026-04-06T17:44:41.206000+00:00,xyz:XYZ100,B,24114.0,0.0111,Close Short,-0.355311,0.023126,0xde13218de86896fcdf8c04388b03b60203400073836bb5ce81dbcce0a76c70e7
1775497481206,2026-04-06T17:44:41.206000+00:00,xyz:XYZ100,B,24114.0,0.4,Close Short,-12.804,0.833379,0xde13218de86896fcdf8c04388b03b60203400073836bb5ce81dbcce0a76c70e7
1775497481987,2026-04-06T17:44:41.987000+00:00,xyz:XYZ100,B,24113.0,0.294,Close Short,-9.11694,0.612508,0xe63d79a8c9a4182fe7b704388b03c1020afd008e64a737018a0624fb88a7f21a
1775497481987,2026-04-06T17:44:41.987000+00:00,xyz:XYZ100,B,24113.0,0.2113,Close Short,-6.552413,0.440214,0xe63d79a8c9a4182fe7b704388b03c1020afd008e64a737018a0624fb88a7f21a
1775497481987,2026-04-06T17:44:41.987000+00:00,xyz:XYZ100,B,24113.0,0.0162,Close Short,-0.502362,0.03375,0xe63d79a8c9a4182fe7b704388b03c1020afd008e64a737018a0624fb88a7f21a
1775497481987,2026-04-06T17:44:41.987000+00:00,xyz:XYZ100,B,24114.0,0.5154,Close Short,-16.497954,1.073809,0xe63d79a8c9a4182fe7b704388b03c1020afd008e64a737018a0624fb88a7f21a
1775497484451,2026-04-06T17:44:44.451000+00:00,xyz:XYZ100,B,24112.0,0.044,Close Short,-1.32044,0.091664,0xc2690617be9e2221c3e204388b03e002054900fd599140f36631b16a7d91fc0c
1775497484451,2026-04-06T17:44:44.451000+00:00,xyz:XYZ100,B,24113.0,0.1691,Close Short,-5.243791,0.352296,0xc2690617be9e2221c3e204388b03e002054900fd599140f36631b16a7d91fc0c
1775497484451,2026-04-06T17:44:44.451000+00:00,xyz:XYZ100,B,24113.0,0.8238,Close Short,-25.546038,1.716274,0xc2690617be9e2221c3e204388b03e002054900fd599140f36631b16a7d91fc0c
1775497488081,2026-04-06T17:44:48.081000+00:00,xyz:XYZ100,B,24113.0,0.1353,Close Short,-4.195653,0.281879,0x9df16d876e646c4a9f6b04388b0411020199006d09678b1c41ba18da2d684635
1775497488081,2026-04-06T17:44:48.081000+00:00,xyz:XYZ100,B,24114.0,0.0241,Close Short,-0.771441,0.050211,0x9df16d876e646c4a9f6b04388b0411020199006d09678b1c41ba18da2d684635
1775497488081,2026-04-06T17:44:48.081000+00:00,xyz:XYZ100,B,24114.0,0.008,Close Short,-0.25608,0.016667,0x9df16d876e646c4a9f6b04388b0411020199006d09678b1c41ba18da2d684635
1775497488081,2026-04-06T17:44:48.081000+00:00,xyz:XYZ100,B,24114.0,0.2902,Close Short,-9.289302,0.604617,0x9df16d876e646c4a9f6b04388b0411020199006d09678b1c41ba18da2d684635
1775497488081,2026-04-06T17:44:48.081000+00:00,xyz:XYZ100,B,24114.0,0.5791,Close Short,-18.536991,1.206525,0x9df16d876e646c4a9f6b04388b0411020199006d09678b1c41ba18da2d684635
1775497489905,2026-04-06T17:44:49.905000+00:00,xyz:XYZ100,B,24113.0,0.1082,Close Short,-3.355282,0.225419,0x8600d835c8c804f9877a04388b04250204cb001b63cb23cb29c9838887cbdee4
1775497489905,2026-04-06T17:44:49.905000+00:00,xyz:XYZ100,B,24113.0,0.9285,Close Short,-28.792785,1.934402,0x8600d835c8c804f9877a04388b04250204cb001b63cb23cb29c9838887cbdee4
1775497492038,2026-04-06T17:44:52.038000+00:00,xyz:XYZ100,B,24113.0,0.0866,Close Short,-2.685466,0.180419,0x34074c1f62fbda49358104388b04430202500004fdfef91bd7cff77221ffb433
1775497492038,2026-04-06T17:44:52.038000+00:00,xyz:XYZ100,B,24114.0,0.9501,Close Short,-30.412701,1.979485,0x34074c1f62fbda49358104388b04430202500004fdfef91bd7cff77221ffb433
1775497495875,2026-04-06T17:44:55.875000+00:00,xyz:XYZ100,B,24113.0,0.0008,Close Short,-0.024808,0.001666,0x0bf2d48f6b1807940d6c04388b047a0202cf0075061b2666afbb7fe22a1be17e
1775497495875,2026-04-06T17:44:55.875000+00:00,xyz:XYZ100,B,24114.0,0.0692,Close Short,-2.215092,0.144174,0x0bf2d48f6b1807940d6c04388b047a0202cf0075061b2666afbb7fe22a1be17e
1775497495875,2026-04-06T17:44:55.875000+00:00,xyz:XYZ100,B,24114.0,0.9501,Close Short,-30.412701,1.979485,0x0bf2d48f6b1807940d6c04388b047a0202cf0075061b2666afbb7fe22a1be17e
1775497495875,2026-04-06T17:44:55.875000+00:00,xyz:XYZ100,B,24114.0,0.0166,Close Short,-0.531366,0.034585,0x0bf2d48f6b1807940d6c04388b047a0202cf0075061b2666afbb7fe22a1be17e
1775497500327,2026-04-06T17:45:00.327000+00:00,xyz:XYZ100,B,24111.0,0.2685,Close Short,-7.789185,0.559336,0xfb6d3091f361c775fce604388b04bb02019700778e64e6489f35dbe4b265a160
1775497500327,2026-04-06T17:45:00.327000+00:00,xyz:XYZ100,B,24112.0,0.8298,Close Short,-24.902298,1.728703,0xfb6d3091f361c775fce604388b04bb02019700778e64e6489f35dbe4b265a160
1775497500327,2026-04-06T17:45:00.327000+00:00,xyz:XYZ100,B,24113.0,0.0554,Close Short,-1.717954,0.115418,0xfb6d3091f361c775fce604388b04bb02019700778e64e6489f35dbe4b265a160
1775497500327,2026-04-06T17:45:00.327000+00:00,xyz:XYZ100,B,24113.0,0.0414,Close Short,-1.283814,0.086251,0xfb6d3091f361c775fce604388b04bb02019700778e64e6489f35dbe4b265a160
1775497500327,2026-04-06T17:45:00.327000+00:00,xyz:XYZ100,B,24114.0,0.1451,Close Short,-4.644651,0.302308,0xfb6d3091f361c775fce604388b04bb02019700778e64e6489f35dbe4b265a160
1775497500327,2026-04-06T17:45:00.327000+00:00,xyz:XYZ100,B,24114.0,0.7333,Close Short,-23.472933,1.527793,0xfb6d3091f361c775fce604388b04bb02019700778e64e6489f35dbe4b265a160
1775497502284,2026-04-06T17:45:02.284000+00:00,xyz:XYZ100,B,24108.0,0.2668,Close Short,-6.939468,0.555726,0x6b6b87283f0b30b76ce504388b04d70202d5000dda0e4f890f34327afe0f0aa2
1775497502284,2026-04-06T17:45:02.284000+00:00,xyz:XYZ100,B,24108.0,0.2914,Close Short,-7.579314,0.606966,0x6b6b87283f0b30b76ce504388b04d70202d5000dda0e4f890f34327afe0f0aa2
1775497502284,2026-04-06T17:45:02.284000+00:00,xyz:XYZ100,B,24108.0,0.431,Close Short,-11.21031,0.897743,0x6b6b87283f0b30b76ce504388b04d70202d5000dda0e4f890f34327afe0f0aa2
1775497502284,2026-04-06T17:45:02.284000+00:00,xyz:XYZ100,B,24108.0,0.3344,Close Short,-8.697744,0.696532,0x6b6b87283f0b30b76ce504388b04d70202d5000dda0e4f890f34327afe0f0aa2
1775497502284,2026-04-06T17:45:02.284000+00:00,xyz:XYZ100,B,24108.0,0.2194,Close Short,-5.706594,0.456995,0x6b6b87283f0b30b76ce504388b04d70202d5000dda0e4f890f34327afe0f0aa2
1775497502284,2026-04-06T17:45:02.284000+00:00,xyz:XYZ100,B,24108.0,0.2088,Close Short,-5.430888,0.434916,0x6b6b87283f0b30b76ce504388b04d70202d5000dda0e4f890f34327afe0f0aa2
1775497502284,2026-04-06T17:45:02.284000+00:00,xyz:XYZ100,B,24108.0,0.3217,Close Short,-8.367417,0.670078,0x6b6b87283f0b30b76ce504388b04d70202d5000dda0e4f890f34327afe0f0aa2
1775497503846,2026-04-06T17:45:03.846000+00:00,xyz:XYZ100,B,24106.0,2.0734,Close Short,-49.782334,4.318391,0x837b246fd8c2338884f404388b04ee02021e005573c5525a2743cfc297c60d73
1775497507614,2026-04-06T17:45:07.614000+00:00,xyz:XYZ100,B,24105.0,0.0443,Close Short,-1.019343,0.092262,0xa6e0087f1169139da85904388b05250202e50064ac6c326f4aa8b3d1d06ced88
1775497507614,2026-04-06T17:45:07.614000+00:00,xyz:XYZ100,B,24105.0,0.057,Close Short,-1.31157,0.118712,0xa6e0087f1169139da85904388b05250202e50064ac6c326f4aa8b3d1d06ced88
1775497507614,2026-04-06T17:45:07.614000+00:00,xyz:XYZ100,B,24106.0,1.9727,Close Short,-47.364527,4.108657,0xa6e0087f1169139da85904388b05250202e50064ac6c326f4aa8b3d1d06ced88
1775497509227,2026-04-06T17:45:09.227000+00:00,xyz:XYZ100,B,24105.0,0.0414,Close Short,-0.952614,0.086222,0x2958f81e9c27f7b62ad204388b053c0203be0004372b1688cd21a3715b2bd1a0
1775497509227,2026-04-06T17:45:09.227000+00:00,xyz:XYZ100,B,24105.0,2.0328,Close Short,-46.774728,4.233655,0x2958f81e9c27f7b62ad204388b053c0203be0004372b1688cd21a3715b2bd1a0
1775497510506,2026-04-06T17:45:10.506000+00:00,xyz:XYZ100,B,24105.0,0.0056,Close Short,-0.128856,0.011662,0xaaf2d010724dab8bac6c04388b054a0204aa00f60d40ca5d4ebb7b6331418576
1775497510506,2026-04-06T17:45:10.506000+00:00,xyz:XYZ100,B,24106.0,0.1135,Close Short,-2.725135,0.236393,0xaaf2d010724dab8bac6c04388b054a0204aa00f60d40ca5d4ebb7b6331418576
1775497510506,2026-04-06T17:45:10.506000+00:00,xyz:XYZ100,B,24106.0,0.0195,Close Short,-0.468195,0.040613,0xaaf2d010724dab8bac6c04388b054a0204aa00f60d40ca5d4ebb7b6331418576
1775497510506,2026-04-06T17:45:10.506000+00:00,xyz:XYZ100,B,24106.0,1.9356,Close Short,-46.473756,4.031387,0xaaf2d010724dab8bac6c04388b054a0204aa00f60d40ca5d4ebb7b6331418576
1775497511900,2026-04-06T17:45:11.900000+00:00,xyz:XYZ100,B,24105.0,0.0238,Close Short,-0.547638,0.049567,0x8b87c2706ac15a328d0104388b055e02020e005605c479042f506dc329c5341d
1775497511900,2026-04-06T17:45:11.900000+00:00,xyz:XYZ100,B,24105.0,0.0018,Close Short,-0.041418,0.003748,0x8b87c2706ac15a328d0104388b055e02020e005605c479042f506dc329c5341d
1775497511900,2026-04-06T17:45:11.900000+00:00,xyz:XYZ100,B,24106.0,0.0371,Close Short,-0.890771,0.07727,0x8b87c2706ac15a328d0104388b055e02020e005605c479042f506dc329c5341d
1775497511900,2026-04-06T17:45:11.900000+00:00,xyz:XYZ100,B,24106.0,2.0115,Close Short,-48.296115,4.189468,0x8b87c2706ac15a328d0104388b055e02020e005605c479042f506dc329c5341d
1775497513987,2026-04-06T17:45:13.987000+00:00,xyz:XYZ100,B,24106.0,0.0318,Close Short,-0.763518,0.066231,0x860c9929f2f1d771878604388b057c020173000f8df4f64329d5447cb1f5b15c
1775497513987,2026-04-06T17:45:13.987000+00:00,xyz:XYZ100,B,24107.0,2.0424,Close Short,-51.080424,4.254002,0x860c9929f2f1d771878604388b057c020173000f8df4f64329d5447cb1f5b15c
1775497522014,2026-04-06T17:45:22.014000+00:00,xyz:XYZ100,B,24109.0,0.3809,Close Short,-10.288109,0.793421,0x30c2f6efaa4515ae323c04388b05ee0201f600d545483480d48ba2426948ef98
1775497522014,2026-04-06T17:45:22.014000+00:00,xyz:XYZ100,B,24109.0,0.6125,Close Short,-16.543625,1.275848,0x30c2f6efaa4515ae323c04388b05ee0201f600d545483480d48ba2426948ef98
1775497522014,2026-04-06T17:45:22.014000+00:00,xyz:XYZ100,B,24109.0,0.0162,Close Short,-0.437562,0.033744,0x30c2f6efaa4515ae323c04388b05ee0201f600d545483480d48ba2426948ef98
1775497522014,2026-04-06T17:45:22.014000+00:00,xyz:XYZ100,B,24110.0,0.0079,Close Short,-0.221279,0.016456,0x30c2f6efaa4515ae323c04388b05ee0201f600d545483480d48ba2426948ef98
1775497522014,2026-04-06T17:45:22.014000+00:00,xyz:XYZ100,B,24110.0,0.0414,Close Short,-1.159614,0.08624,0x30c2f6efaa4515ae323c04388b05ee0201f600d545483480d48ba2426948ef98
1775497522014,2026-04-06T17:45:22.014000+00:00,xyz:XYZ100,B,24110.0,0.6258,Close Short,-17.528658,1.303606,0x30c2f6efaa4515ae323c04388b05ee0201f600d545483480d48ba2426948ef98
1775497522014,2026-04-06T17:45:22.014000+00:00,xyz:XYZ100,B,24110.0,0.6258,Close Short,-17.528658,1.303606,0x30c2f6efaa4515ae323c04388b05ee0201f600d545483480d48ba2426948ef98
1775497522014,2026-04-06T17:45:22.014000+00:00,xyz:XYZ100,B,24110.0,0.8346,Close Short,-23.377146,1.738558,0x30c2f6efaa4515ae323c04388b05ee0201f600d545483480d48ba2426948ef98
1775497522014,2026-04-06T17:45:22.014000+00:00,xyz:XYZ100,B,24111.0,0.0307,Close Short,-0.890607,0.063953,0x30c2f6efaa4515ae323c04388b05ee0201f600d545483480d48ba2426948ef98
1775497522014,2026-04-06T17:45:22.014000+00:00,xyz:XYZ100,B,24111.0,0.0452,Close Short,-1.311252,0.09416,0x30c2f6efaa4515ae323c04388b05ee0201f600d545483480d48ba2426948ef98
1775497522014,2026-04-06T17:45:22.014000+00:00,xyz:XYZ100,B,24112.0,0.0224,Close Short,-0.672224,0.046665,0x30c2f6efaa4515ae323c04388b05ee0201f600d545483480d48ba2426948ef98
1775497522014,2026-04-06T17:45:22.014000+00:00,xyz:XYZ100,B,24112.0,0.047,Close Short,-1.41047,0.097914,0x30c2f6efaa4515ae323c04388b05ee0201f600d545483480d48ba2426948ef98
1775497522014,2026-04-06T17:45:22.014000+00:00,xyz:XYZ100,B,24112.0,0.0019,Close Short,-0.057019,0.003958,0x30c2f6efaa4515ae323c04388b05ee0201f600d545483480d48ba2426948ef98
1775497522014,2026-04-06T17:45:22.014000+00:00,xyz:XYZ100,B,24112.0,0.8298,Close Short,-24.902298,1.728703,0x30c2f6efaa4515ae323c04388b05ee0201f600d545483480d48ba2426948ef98
1775497522014,2026-04-06T17:45:22.014000+00:00,xyz:XYZ100,B,24112.0,0.0414,Close Short,-1.242414,0.086247,0x30c2f6efaa4515ae323c04388b05ee0201f600d545483480d48ba2426948ef98
1775497522014,2026-04-06T17:45:22.014000+00:00,xyz:XYZ100,B,24113.0,0.0791,Close Short,-2.452891,0.164794,0x30c2f6efaa4515ae323c04388b05ee0201f600d545483480d48ba2426948ef98
1775497522014,2026-04-06T17:45:22.014000+00:00,xyz:XYZ100,B,24113.0,1.2442,Close Short,-38.582642,2.59212,0x30c2f6efaa4515ae323c04388b05ee0201f600d545483480d48ba2426948ef98
1775497522014,2026-04-06T17:45:22.014000+00:00,xyz:XYZ100,B,24114.0,0.0323,Close Short,-1.033923,0.067295,0x30c2f6efaa4515ae323c04388b05ee0201f600d545483480d48ba2426948ef98
1775497522014,2026-04-06T17:45:22.014000+00:00,xyz:XYZ100,B,24114.0,0.1554,Close Short,-4.974354,0.323768,0x30c2f6efaa4515ae323c04388b05ee0201f600d545483480d48ba2426948ef98
1775497522014,2026-04-06T17:45:22.014000+00:00,xyz:XYZ100,B,24114.0,0.4148,Close Short,-13.277748,0.864214,0x30c2f6efaa4515ae323c04388b05ee0201f600d545483480d48ba2426948ef98
1775497522014,2026-04-06T17:45:22.014000+00:00,xyz:XYZ100,B,24114.0,0.0104,Close Short,-0.332904,0.021667,0x30c2f6efaa4515ae323c04388b05ee0201f600d545483480d48ba2426948ef98
1775497522014,2026-04-06T17:45:22.014000+00:00,xyz:XYZ100,B,24115.0,0.1885,Close Short,-6.222385,0.392746,0x30c2f6efaa4515ae323c04388b05ee0201f600d545483480d48ba2426948ef98
1775497522014,2026-04-06T17:45:22.014000+00:00,xyz:XYZ100,B,24115.0,0.2079,Close Short,-6.862779,0.433167,0x30c2f6efaa4515ae323c04388b05ee0201f600d545483480d48ba2426948ef98
1775497522014,2026-04-06T17:45:22.014000+00:00,xyz:XYZ100,B,24115.0,0.005,Close Short,-0.16505,0.010417,0x30c2f6efaa4515ae323c04388b05ee0201f600d545483480d48ba2426948ef98
1775497522014,2026-04-06T17:45:22.014000+00:00,xyz:XYZ100,B,24115.0,0.1444,Close Short,-4.766644,0.300862,0x30c2f6efaa4515ae323c04388b05ee0201f600d545483480d48ba2426948ef98
1775497522014,2026-04-06T17:45:22.014000+00:00,xyz:XYZ100,B,24115.0,0.0062,Close Short,-0.204662,0.012917,0x30c2f6efaa4515ae323c04388b05ee0201f600d545483480d48ba2426948ef98
1775497522014,2026-04-06T17:45:22.014000+00:00,xyz:XYZ100,B,24115.0,0.0062,Close Short,-0.204662,0.012917,0x30c2f6efaa4515ae323c04388b05ee0201f600d545483480d48ba2426948ef98
1775497522014,2026-04-06T17:45:22.014000+00:00,xyz:XYZ100,B,24115.0,2.0734,Close Short,-68.442934,4.320003,0x30c2f6efaa4515ae323c04388b05ee0201f600d545483480d48ba2426948ef98
1775497522014,2026-04-06T17:45:22.014000+00:00,xyz:XYZ100,B,24115.0,0.0206,Close Short,-0.680006,0.04292,0x30c2f6efaa4515ae323c04388b05ee0201f600d545483480d48ba2426948ef98
1775497522014,2026-04-06T17:45:22.014000+00:00,xyz:XYZ100,B,24115.0,0.3718,Close Short,-12.273118,0.774658,0x30c2f6efaa4515ae323c04388b05ee0201f600d545483480d48ba2426948ef98
1775497522014,2026-04-06T17:45:22.014000+00:00,xyz:XYZ100,B,24115.0,0.002,Close Short,-0.06602,0.004167,0x30c2f6efaa4515ae323c04388b05ee0201f600d545483480d48ba2426948ef98
1775497522014,2026-04-06T17:45:22.014000+00:00,xyz:XYZ100,B,24116.0,0.0062,Close Short,-0.210862,0.012918,0x30c2f6efaa4515ae323c04388b05ee0201f600d545483480d48ba2426948ef98
1775497522014,2026-04-06T17:45:22.014000+00:00,xyz:XYZ100,B,24116.0,0.0062,Close Short,-0.210862,0.012918,0x30c2f6efaa4515ae323c04388b05ee0201f600d545483480d48ba2426948ef98
1775497522014,2026-04-06T17:45:22.014000+00:00,xyz:XYZ100,B,24116.0,0.0839,Close Short,-2.853439,0.174815,0x30c2f6efaa4515ae323c04388b05ee0201f600d545483480d48ba2426948ef98
1775497522014,2026-04-06T17:45:22.014000+00:00,xyz:XYZ100,B,24116.0,0.0312,Close Short,-1.061112,0.065009,0x30c2f6efaa4515ae323c04388b05ee0201f600d545483480d48ba2426948ef98
1775497522014,2026-04-06T17:45:22.014000+00:00,xyz:XYZ100,B,24116.0,0.1422,Close Short,-4.836222,0.296291,0x30c2f6efaa4515ae323c04388b05ee0201f600d545483480d48ba2426948ef98
1775497522014,2026-04-06T17:45:22.014000+00:00,xyz:XYZ100,B,24116.0,1.0136,Close Short,-34.472536,2.111959,0x30c2f6efaa4515ae323c04388b05ee0201f600d545483480d48ba2426948ef98
1775497522014,2026-04-06T17:45:22.014000+00:00,xyz:XYZ100,B,24117.0,0.0218,Close Short,-0.763218,0.045424,0x30c2f6efaa4515ae323c04388b05ee0201f600d545483480d48ba2426948ef98
1775497522014,2026-04-06T17:45:22.014000+00:00,xyz:XYZ100,B,24117.0,0.0057,Close Short,-0.199557,0.011877,0x30c2f6efaa4515ae323c04388b05ee0201f600d545483480d48ba2426948ef98
1775497522014,2026-04-06T17:45:22.014000+00:00,xyz:XYZ100,B,24117.0,0.0119,Close Short,-0.416619,0.024796,0x30c2f6efaa4515ae323c04388b05ee0201f600d545483480d48ba2426948ef98
1775497522014,2026-04-06T17:45:22.014000+00:00,xyz:XYZ100,B,24117.0,0.0994,Close Short,-3.479994,0.20712,0x30c2f6efaa4515ae323c04388b05ee0201f600d545483480d48ba2426948ef98
1775574104389,2026-04-07T15:01:44.389000+00:00,ETH,B,2069.4,1.2081,Open Long,0.0,1.080018,0xdd05ccf08474652cde7f04389ba64f0204ec00d61f7783fe80ce784343783f17
1775574525492,2026-04-07T15:08:45.492000+00:00,xyz:CL,B,116.57,8.409,Open Long,0.0,0.084692,0x26e0347aa5591b21285904389bbd600203150060405c39f3caa8dfcd645cf50b
1775574555113,2026-04-07T15:09:15.113000+00:00,xyz:CL,A,116.54,1.286,Close Long,-0.03858,0.012948,0x1d2b9b2b599cf7ea1ea504389bbefc0201ed0010f49016bcc0f4467e1890d1d4
1775574555113,2026-04-07T15:09:15.113000+00:00,xyz:CL,A,116.54,7.123,Close Long,-0.21369,0.071721,0x1d2b9b2b599cf7ea1ea504389bbefc0201ed0010f49016bcc0f4467e1890d1d4
1775574613073,2026-04-07T15:10:13.073000+00:00,ETH,A,2070.5,0.16,Close Long,0.176,0.143112,0x25e091934eb4adaa275a04389bc22a0202a90078e9b7cc7cc9a93ce60db88794
1775574613073,2026-04-07T15:10:13.073000+00:00,ETH,A,2070.3,0.01,Close Long,0.009,0.008943,0x25e091934eb4adaa275a04389bc22a0202a90078e9b7cc7cc9a93ce60db88794
1775574613073,2026-04-07T15:10:13.073000+00:00,ETH,A,2070.3,0.0054,Close Long,0.00486,0.004829,0x25e091934eb4adaa275a04389bc22a0202a90078e9b7cc7cc9a93ce60db88794
1775574613073,2026-04-07T15:10:13.073000+00:00,ETH,A,2070.3,1.0327,Close Long,0.92943,0.923615,0x25e091934eb4adaa275a04389bc22a0202a90078e9b7cc7cc9a93ce60db88794
1775595992729,2026-04-07T21:06:32.729000+00:00,SOL,B,82.238,120.46,Open Long,0.0,4.27956,0x8ceef8e5c3cc27fb8e680438a0648f02046900cb5ecf46cd30b7a43882c001e6
1775595992729,2026-04-07T21:06:32.729000+00:00,SOL,B,82.244,24.42,Open Long,0.0,0.867628,0x8ceef8e5c3cc27fb8e680438a0648f02046900cb5ecf46cd30b7a43882c001e6
1775595992729,2026-04-07T21:06:32.729000+00:00,SOL,B,82.244,24.42,Open Long,0.0,0.867628,0x8ceef8e5c3cc27fb8e680438a0648f02046900cb5ecf46cd30b7a43882c001e6
1775595992729,2026-04-07T21:06:32.729000+00:00,SOL,B,82.244,24.42,Open Long,0.0,0.867628,0x8ceef8e5c3cc27fb8e680438a0648f02046900cb5ecf46cd30b7a43882c001e6
1775595992729,2026-04-07T21:06:32.729000+00:00,SOL,B,82.244,1.71,Open Long,0.0,0.060755,0x8ceef8e5c3cc27fb8e680438a0648f02046900cb5ecf46cd30b7a43882c001e6
1775595992729,2026-04-07T21:06:32.729000+00:00,SOL,B,82.245,729.59,Open Long,0.0,25.922215,0x8ceef8e5c3cc27fb8e680438a0648f02046900cb5ecf46cd30b7a43882c001e6
1775595992729,2026-04-07T21:06:32.729000+00:00,SOL,B,82.246,291.54,Open Long,0.0,10.358495,0x8ceef8e5c3cc27fb8e680438a0648f02046900cb5ecf46cd30b7a43882c001e6
1775595994355,2026-04-07T21:06:34.355000+00:00,SOL,B,82.241,41.09,Open Long,0.0,1.45985,0x3a9543d56c8b49853c0f0438a064a602022200bb078e6857de5def282b8f236f
1775595994355,2026-04-07T21:06:34.355000+00:00,SOL,B,82.244,85.56,Open Long,0.0,3.039896,0x3a9543d56c8b49853c0f0438a064a602022200bb078e6857de5def282b8f236f
1775595994355,2026-04-07T21:06:34.355000+00:00,SOL,B,82.244,261.11,Open Long,0.0,9.277083,0x3a9543d56c8b49853c0f0438a064a602022200bb078e6857de5def282b8f236f
1775595994355,2026-04-07T21:06:34.355000+00:00,SOL,B,82.245,15.12,Open Long,0.0,0.537211,0x3a9543d56c8b49853c0f0438a064a602022200bb078e6857de5def282b8f236f
1775595994355,2026-04-07T21:06:34.355000+00:00,SOL,B,82.246,147.03,Open Long,0.0,5.224015,0x3a9543d56c8b49853c0f0438a064a602022200bb078e6857de5def282b8f236f
1775595994355,2026-04-07T21:06:34.355000+00:00,SOL,B,82.247,0.72,Open Long,0.0,0.025582,0x3a9543d56c8b49853c0f0438a064a602022200bb078e6857de5def282b8f236f
1775595994355,2026-04-07T21:06:34.355000+00:00,SOL,B,82.248,0.14,Open Long,0.0,0.004974,0x3a9543d56c8b49853c0f0438a064a602022200bb078e6857de5def282b8f236f
1775595994355,2026-04-07T21:06:34.355000+00:00,SOL,B,82.248,12.67,Open Long,0.0,0.450179,0x3a9543d56c8b49853c0f0438a064a602022200bb078e6857de5def282b8f236f
1775595994355,2026-04-07T21:06:34.355000+00:00,SOL,B,82.248,5.57,Open Long,0.0,0.197908,0x3a9543d56c8b49853c0f0438a064a602022200bb078e6857de5def282b8f236f
1775595994355,2026-04-07T21:06:34.355000+00:00,SOL,B,82.248,6.41,Open Long,0.0,0.227754,0x3a9543d56c8b49853c0f0438a064a602022200bb078e6857de5def282b8f236f
1775595994355,2026-04-07T21:06:34.355000+00:00,SOL,B,82.248,155.68,Open Long,0.0,5.531487,0x3a9543d56c8b49853c0f0438a064a602022200bb078e6857de5def282b8f236f
1775595994355,2026-04-07T21:06:34.355000+00:00,SOL,B,82.249,14.82,Open Long,0.0,0.526577,0x3a9543d56c8b49853c0f0438a064a602022200bb078e6857de5def282b8f236f
1775595994355,2026-04-07T21:06:34.355000+00:00,SOL,B,82.249,19.66,Open Long,0.0,0.69855,0x3a9543d56c8b49853c0f0438a064a602022200bb078e6857de5def282b8f236f
1775595994355,2026-04-07T21:06:34.355000+00:00,SOL,B,82.249,28.25,Open Long,0.0,1.003766,0x3a9543d56c8b49853c0f0438a064a602022200bb078e6857de5def282b8f236f
1775595994355,2026-04-07T21:06:34.355000+00:00,SOL,B,82.25,21.31,Open Long,0.0,0.757186,0x3a9543d56c8b49853c0f0438a064a602022200bb078e6857de5def282b8f236f
1775595994355,2026-04-07T21:06:34.355000+00:00,SOL,B,82.25,31.43,Open Long,0.0,1.11677,0x3a9543d56c8b49853c0f0438a064a602022200bb078e6857de5def282b8f236f
1775595994355,2026-04-07T21:06:34.355000+00:00,SOL,B,82.25,93.95,Open Long,0.0,3.338231,0x3a9543d56c8b49853c0f0438a064a602022200bb078e6857de5def282b8f236f
1775595994355,2026-04-07T21:06:34.355000+00:00,SOL,B,82.251,5.28,Open Long,0.0,0.187611,0x3a9543d56c8b49853c0f0438a064a602022200bb078e6857de5def282b8f236f
1775595994355,2026-04-07T21:06:34.355000+00:00,SOL,B,82.251,270.49,Open Long,0.0,9.611167,0x3a9543d56c8b49853c0f0438a064a602022200bb078e6857de5def282b8f236f
1775595998487,2026-04-07T21:06:38.487000+00:00,SOL,B,82.33,0.2,Open Long,0.0,0.007113,0x99c8343a66d6655c9b410438a064e1020fa8002001d9842e3d90df8d25da3f47
1775595998487,2026-04-07T21:06:38.487000+00:00,SOL,B,82.33,6.25,Open Long,0.0,0.222291,0x99c8343a66d6655c9b410438a064e1020fa8002001d9842e3d90df8d25da3f47
1775595998487,2026-04-07T21:06:38.487000+00:00,SOL,B,82.33,10.07,Open Long,0.0,0.358155,0x99c8343a66d6655c9b410438a064e1020fa8002001d9842e3d90df8d25da3f47
1775595998487,2026-04-07T21:06:38.487000+00:00,SOL,B,82.33,9.61,Open Long,0.0,0.341794,0x99c8343a66d6655c9b410438a064e1020fa8002001d9842e3d90df8d25da3f47
1775595998487,2026-04-07T21:06:38.487000+00:00,SOL,B,82.33,12.02,Open Long,0.0,0.42751,0x99c8343a66d6655c9b410438a064e1020fa8002001d9842e3d90df8d25da3f47
1775595998487,2026-04-07T21:06:38.487000+00:00,SOL,B,82.331,12.67,Open Long,0.0,0.450633,0x99c8343a66d6655c9b410438a064e1020fa8002001d9842e3d90df8d25da3f47
1775595998487,2026-04-07T21:06:38.487000+00:00,SOL,B,82.332,0.14,Open Long,0.0,0.004979,0x99c8343a66d6655c9b410438a064e1020fa8002001d9842e3d90df8d25da3f47
1775595998487,2026-04-07T21:06:38.487000+00:00,SOL,B,82.332,394.8,Open Long,0.0,14.042018,0x99c8343a66d6655c9b410438a064e1020fa8002001d9842e3d90df8d25da3f47
1775595998487,2026-04-07T21:06:38.487000+00:00,SOL,B,82.335,15.0,Open Long,0.0,0.53353,0x99c8343a66d6655c9b410438a064e1020fa8002001d9842e3d90df8d25da3f47
1775595998487,2026-04-07T21:06:38.487000+00:00,SOL,B,82.336,0.87,Open Long,0.0,0.030945,0x99c8343a66d6655c9b410438a064e1020fa8002001d9842e3d90df8d25da3f47
1775595998487,2026-04-07T21:06:38.487000+00:00,SOL,B,82.337,1.21,Open Long,0.0,0.043039,0x99c8343a66d6655c9b410438a064e1020fa8002001d9842e3d90df8d25da3f47
1775595998487,2026-04-07T21:06:38.487000+00:00,SOL,B,82.339,0.14,Open Long,0.0,0.004979,0x99c8343a66d6655c9b410438a064e1020fa8002001d9842e3d90df8d25da3f47
1775595998487,2026-04-07T21:06:38.487000+00:00,SOL,B,82.339,1.87,Open Long,0.0,0.066516,0x99c8343a66d6655c9b410438a064e1020fa8002001d9842e3d90df8d25da3f47
1775595998487,2026-04-07T21:06:38.487000+00:00,SOL,B,82.34,12.67,Open Long,0.0,0.450683,0x99c8343a66d6655c9b410438a064e1020fa8002001d9842e3d90df8d25da3f47
1775595998487,2026-04-07T21:06:38.487000+00:00,SOL,B,82.342,27.85,Open Long,0.0,0.990673,0x99c8343a66d6655c9b410438a064e1020fa8002001d9842e3d90df8d25da3f47
1775595998487,2026-04-07T21:06:38.487000+00:00,SOL,B,82.342,387.33,Open Long,0.0,13.778003,0x99c8343a66d6655c9b410438a064e1020fa8002001d9842e3d90df8d25da3f47
1775595998487,2026-04-07T21:06:38.487000+00:00,SOL,B,82.344,6.29,Open Long,0.0,0.223751,0x99c8343a66d6655c9b410438a064e1020fa8002001d9842e3d90df8d25da3f47
1775595998487,2026-04-07T21:06:38.487000+00:00,SOL,B,82.345,0.14,Open Long,0.0,0.00498,0x99c8343a66d6655c9b410438a064e1020fa8002001d9842e3d90df8d25da3f47
1775595998487,2026-04-07T21:06:38.487000+00:00,SOL,B,82.346,316.81,Open Long,0.0,11.270031,0x99c8343a66d6655c9b410438a064e1020fa8002001d9842e3d90df8d25da3f47
1775596000771,2026-04-07T21:06:40.771000+00:00,SOL,B,82.345,38.77,Open Long,0.0,1.379166,0x9d8b888cd8aafe339f050438a06502020968007273ae1d05415433df97aed81e
1775596000771,2026-04-07T21:06:40.771000+00:00,SOL,B,82.345,103.4,Open Long,0.0,3.678252,0x9d8b888cd8aafe339f050438a06502020968007273ae1d05415433df97aed81e
1775596000771,2026-04-07T21:06:40.771000+00:00,SOL,B,82.345,30.34,Open Long,0.0,1.079286,0x9d8b888cd8aafe339f050438a06502020968007273ae1d05415433df97aed81e
1775596000771,2026-04-07T21:06:40.771000+00:00,SOL,B,82.345,38.77,Open Long,0.0,1.379166,0x9d8b888cd8aafe339f050438a06502020968007273ae1d05415433df97aed81e
1775596000771,2026-04-07T21:06:40.771000+00:00,SOL,B,82.345,30.34,Open Long,0.0,1.079286,0x9d8b888cd8aafe339f050438a06502020968007273ae1d05415433df97aed81e
1775596000771,2026-04-07T21:06:40.771000+00:00,SOL,B,82.345,38.77,Open Long,0.0,1.379166,0x9d8b888cd8aafe339f050438a06502020968007273ae1d05415433df97aed81e
1775596000771,2026-04-07T21:06:40.771000+00:00,SOL,B,82.345,112.53,Open Long,0.0,4.003034,0x9d8b888cd8aafe339f050438a06502020968007273ae1d05415433df97aed81e
1775596000771,2026-04-07T21:06:40.771000+00:00,SOL,B,82.345,36.43,Open Long,0.0,1.295925,0x9d8b888cd8aafe339f050438a06502020968007273ae1d05415433df97aed81e
1775596000771,2026-04-07T21:06:40.771000+00:00,SOL,B,82.345,20.58,Open Long,0.0,0.732093,0x9d8b888cd8aafe339f050438a06502020968007273ae1d05415433df97aed81e
1775596000771,2026-04-07T21:06:40.771000+00:00,SOL,B,82.345,30.34,Open Long,0.0,1.079286,0x9d8b888cd8aafe339f050438a06502020968007273ae1d05415433df97aed81e
1775596000771,2026-04-07T21:06:40.771000+00:00,SOL,B,82.345,48.77,Open Long,0.0,1.734897,0x9d8b888cd8aafe339f050438a06502020968007273ae1d05415433df97aed81e
1775596000771,2026-04-07T21:06:40.771000+00:00,SOL,B,82.345,38.77,Open Long,0.0,1.379166,0x9d8b888cd8aafe339f050438a06502020968007273ae1d05415433df97aed81e
1775596000771,2026-04-07T21:06:40.771000+00:00,SOL,B,82.345,23.4,Open Long,0.0,0.832409,0x9d8b888cd8aafe339f050438a06502020968007273ae1d05415433df97aed81e
1775596000771,2026-04-07T21:06:40.771000+00:00,SOL,B,82.346,38.77,Open Long,0.0,1.379183,0x9d8b888cd8aafe339f050438a06502020968007273ae1d05415433df97aed81e
1775596000771,2026-04-07T21:06:40.771000+00:00,SOL,B,82.346,30.34,Open Long,0.0,1.079299,0x9d8b888cd8aafe339f050438a06502020968007273ae1d05415433df97aed81e
1775596000771,2026-04-07T21:06:40.771000+00:00,SOL,B,82.346,38.77,Open Long,0.0,1.379183,0x9d8b888cd8aafe339f050438a06502020968007273ae1d05415433df97aed81e
1775596000771,2026-04-07T21:06:40.771000+00:00,SOL,B,82.346,30.34,Open Long,0.0,1.079299,0x9d8b888cd8aafe339f050438a06502020968007273ae1d05415433df97aed81e
1775596000771,2026-04-07T21:06:40.771000+00:00,SOL,B,82.346,6.36,Open Long,0.0,0.226247,0x9d8b888cd8aafe339f050438a06502020968007273ae1d05415433df97aed81e
1775596000771,2026-04-07T21:06:40.771000+00:00,SOL,B,82.346,38.77,Open Long,0.0,1.379183,0x9d8b888cd8aafe339f050438a06502020968007273ae1d05415433df97aed81e
1775596000771,2026-04-07T21:06:40.771000+00:00,SOL,B,82.346,112.53,Open Long,0.0,4.003082,0x9d8b888cd8aafe339f050438a06502020968007273ae1d05415433df97aed81e
1775596000771,2026-04-07T21:06:40.771000+00:00,SOL,B,82.346,36.43,Open Long,0.0,1.295941,0x9d8b888cd8aafe339f050438a06502020968007273ae1d05415433df97aed81e
1775596000771,2026-04-07T21:06:40.771000+00:00,SOL,B,82.346,20.58,Open Long,0.0,0.732102,0x9d8b888cd8aafe339f050438a06502020968007273ae1d05415433df97aed81e
1775596000771,2026-04-07T21:06:40.771000+00:00,SOL,B,82.346,30.34,Open Long,0.0,1.079299,0x9d8b888cd8aafe339f050438a06502020968007273ae1d05415433df97aed81e
1775596000771,2026-04-07T21:06:40.771000+00:00,SOL,B,82.346,38.77,Open Long,0.0,1.379183,0x9d8b888cd8aafe339f050438a06502020968007273ae1d05415433df97aed81e
1775596000771,2026-04-07T21:06:40.771000+00:00,SOL,B,82.346,23.4,Open Long,0.0,0.832419,0x9d8b888cd8aafe339f050438a06502020968007273ae1d05415433df97aed81e
1775596000771,2026-04-07T21:06:40.771000+00:00,SOL,B,82.347,38.77,Open Long,0.0,1.3792,0x9d8b888cd8aafe339f050438a06502020968007273ae1d05415433df97aed81e
1775596000771,2026-04-07T21:06:40.771000+00:00,SOL,B,82.347,30.34,Open Long,0.0,1.079312,0x9d8b888cd8aafe339f050438a06502020968007273ae1d05415433df97aed81e
1775596000771,2026-04-07T21:06:40.771000+00:00,SOL,B,82.347,38.77,Open Long,0.0,1.3792,0x9d8b888cd8aafe339f050438a06502020968007273ae1d05415433df97aed81e
1775596000771,2026-04-07T21:06:40.771000+00:00,SOL,B,82.347,30.34,Open Long,0.0,1.079312,0x9d8b888cd8aafe339f050438a06502020968007273ae1d05415433df97aed81e
1775596000771,2026-04-07T21:06:40.771000+00:00,SOL,B,82.347,6.36,Open Long,0.0,0.22625,0x9d8b888cd8aafe339f050438a06502020968007273ae1d05415433df97aed81e
1775596000771,2026-04-07T21:06:40.771000+00:00,SOL,B,82.347,33.68,Open Long,0.0,1.198129,0x9d8b888cd8aafe339f050438a06502020968007273ae1d05415433df97aed81e
1775596004262,2026-04-07T21:06:44.262000+00:00,SOL,B,82.453,112.18,Open Long,0.0,3.995817,0x54b36d8d11aca7fa562d0438a065330204c30072acafc6ccf87c18dfd0a081e4
1775596004262,2026-04-07T21:06:44.262000+00:00,SOL,B,82.455,56.12,Open Long,0.0,1.999025,0x54b36d8d11aca7fa562d0438a065330204c30072acafc6ccf87c18dfd0a081e4
1775596004262,2026-04-07T21:06:44.262000+00:00,SOL,B,82.456,0.14,Open Long,0.0,0.004986,0x54b36d8d11aca7fa562d0438a065330204c30072acafc6ccf87c18dfd0a081e4
1775596004262,2026-04-07T21:06:44.262000+00:00,SOL,B,82.46,0.7,Open Long,0.0,0.024935,0x54b36d8d11aca7fa562d0438a065330204c30072acafc6ccf87c18dfd0a081e4
1775596004262,2026-04-07T21:06:44.262000+00:00,SOL,B,82.462,107.71,Open Long,0.0,3.837016,0x54b36d8d11aca7fa562d0438a065330204c30072acafc6ccf87c18dfd0a081e4
1775596004262,2026-04-07T21:06:44.262000+00:00,SOL,B,82.463,727.67,Open Long,0.0,25.922527,0x54b36d8d11aca7fa562d0438a065330204c30072acafc6ccf87c18dfd0a081e4
1775596004262,2026-04-07T21:06:44.262000+00:00,SOL,B,82.464,108.55,Open Long,0.0,3.867033,0x54b36d8d11aca7fa562d0438a065330204c30072acafc6ccf87c18dfd0a081e4
1775596004262,2026-04-07T21:06:44.262000+00:00,SOL,B,82.465,101.3,Open Long,0.0,3.6088,0x54b36d8d11aca7fa562d0438a065330204c30072acafc6ccf87c18dfd0a081e4
1775596415461,2026-04-07T21:13:35.461000+00:00,SOL,A,82.95,4.34,Close Long,2.701216,0.155521,0x0fe3b7353fc19cb2115d0438a07bea020622001adac4bb84b3ac6287fec5769c
1775596415461,2026-04-07T21:13:35.461000+00:00,SOL,A,82.947,0.14,Close Long,0.086716,0.005016,0x0fe3b7353fc19cb2115d0438a07bea020622001adac4bb84b3ac6287fec5769c
1775596415461,2026-04-07T21:13:35.461000+00:00,SOL,A,82.946,0.18,Close Long,0.111312,0.006449,0x0fe3b7353fc19cb2115d0438a07bea020622001adac4bb84b3ac6287fec5769c
1775596415461,2026-04-07T21:13:35.461000+00:00,SOL,A,82.945,4.58,Close Long,2.827692,0.164111,0x0fe3b7353fc19cb2115d0438a07bea020622001adac4bb84b3ac6287fec5769c
1775596415461,2026-04-07T21:13:35.461000+00:00,SOL,A,82.945,4.19,Close Long,2.586906,0.150137,0x0fe3b7353fc19cb2115d0438a07bea020622001adac4bb84b3ac6287fec5769c
1775596415461,2026-04-07T21:13:35.461000+00:00,SOL,A,82.944,34.3,Close Long,21.14252,1.229031,0x0fe3b7353fc19cb2115d0438a07bea020622001adac4bb84b3ac6287fec5769c
1775596415461,2026-04-07T21:13:35.461000+00:00,SOL,A,82.943,117.4,Close Long,72.24796,4.206603,0x0fe3b7353fc19cb2115d0438a07bea020622001adac4bb84b3ac6287fec5769c
1775596415461,2026-04-07T21:13:35.461000+00:00,SOL,A,82.941,112.39,Close Long,68.940026,4.026991,0x0fe3b7353fc19cb2115d0438a07bea020622001adac4bb84b3ac6287fec5769c
1775596415461,2026-04-07T21:13:35.461000+00:00,SOL,A,82.94,0.14,Close Long,0.085736,0.005016,0x0fe3b7353fc19cb2115d0438a07bea020622001adac4bb84b3ac6287fec5769c
1775596415461,2026-04-07T21:13:35.461000+00:00,SOL,A,82.94,33.26,Close Long,20.368424,1.191708,0x0fe3b7353fc19cb2115d0438a07bea020622001adac4bb84b3ac6287fec5769c
1775596415461,2026-04-07T21:13:35.461000+00:00,SOL,A,82.939,109.77,Close Long,67.113378,3.93302,0x0fe3b7353fc19cb2115d0438a07bea020622001adac4bb84b3ac6287fec5769c
1775596415461,2026-04-07T21:13:35.461000+00:00,SOL,A,82.938,0.14,Close Long,0.085456,0.005016,0x0fe3b7353fc19cb2115d0438a07bea020622001adac4bb84b3ac6287fec5769c
1775596415461,2026-04-07T21:13:35.461000+00:00,SOL,A,82.936,112.96,Close Long,68.724864,4.04717,0x0fe3b7353fc19cb2115d0438a07bea020622001adac4bb84b3ac6287fec5769c
1775596415461,2026-04-07T21:13:35.461000+00:00,SOL,A,82.935,60.29,Close Long,36.620146,2.160065,0x0fe3b7353fc19cb2115d0438a07bea020622001adac4bb84b3ac6287fec5769c
1775596415461,2026-04-07T21:13:35.461000+00:00,SOL,A,82.935,241.14,Close Long,146.468436,8.639544,0x0fe3b7353fc19cb2115d0438a07bea020622001adac4bb84b3ac6287fec5769c
1775596415461,2026-04-07T21:13:35.461000+00:00,SOL,A,82.934,0.14,Close Long,0.084896,0.005015,0x0fe3b7353fc19cb2115d0438a07bea020622001adac4bb84b3ac6287fec5769c
1775596415461,2026-04-07T21:13:35.461000+00:00,SOL,A,82.934,48.77,Close Long,29.574128,1.747306,0x0fe3b7353fc19cb2115d0438a07bea020622001adac4bb84b3ac6287fec5769c
1775596415461,2026-04-07T21:13:35.461000+00:00,SOL,A,82.934,58.19,Close Long,35.286416,2.084801,0x0fe3b7353fc19cb2115d0438a07bea020622001adac4bb84b3ac6287fec5769c
1775596415461,2026-04-07T21:13:35.461000+00:00,SOL,A,82.933,345.03,Close Long,208.881162,12.361409,0x0fe3b7353fc19cb2115d0438a07bea020622001adac4bb84b3ac6287fec5769c
1775596415461,2026-04-07T21:13:35.461000+00:00,SOL,A,82.933,23.75,Close Long,14.37825,0.850892,0x0fe3b7353fc19cb2115d0438a07bea020622001adac4bb84b3ac6287fec5769c
1775596415461,2026-04-07T21:13:35.461000+00:00,SOL,A,82.931,84.35,Close Long,50.89679,3.021939,0x0fe3b7353fc19cb2115d0438a07bea020622001adac4bb84b3ac6287fec5769c
1775596415461,2026-04-07T21:13:35.461000+00:00,SOL,A,82.93,70.15,Close Long,42.25836,2.513177,0x0fe3b7353fc19cb2115d0438a07bea020622001adac4bb84b3ac6287fec5769c
1775596415461,2026-04-07T21:13:35.461000+00:00,SOL,A,82.928,44.84,Close Long,26.921936,1.606388,0x0fe3b7353fc19cb2115d0438a07bea020622001adac4bb84b3ac6287fec5769c
1775596415461,2026-04-07T21:13:35.461000+00:00,SOL,A,82.927,0.14,Close Long,0.083916,0.005015,0x0fe3b7353fc19cb2115d0438a07bea020622001adac4bb84b3ac6287fec5769c
1775596415461,2026-04-07T21:13:35.461000+00:00,SOL,A,82.927,7.22,Close Long,4.327668,0.258652,0x0fe3b7353fc19cb2115d0438a07bea020622001adac4bb84b3ac6287fec5769c
1775596415461,2026-04-07T21:13:35.461000+00:00,SOL,A,82.926,0.14,Close Long,0.083776,0.005015,0x0fe3b7353fc19cb2115d0438a07bea020622001adac4bb84b3ac6287fec5769c
1775596415461,2026-04-07T21:13:35.461000+00:00,SOL,A,82.926,8.99,Close Long,5.379616,0.322058,0x0fe3b7353fc19cb2115d0438a07bea020622001adac4bb84b3ac6287fec5769c
1775596415461,2026-04-07T21:13:35.461000+00:00,SOL,A,82.925,13.3,Close Long,7.94542,0.476453,0x0fe3b7353fc19cb2115d0438a07bea020622001adac4bb84b3ac6287fec5769c
1775596415461,2026-04-07T21:13:35.461000+00:00,SOL,A,82.924,33.56,Close Long,20.015184,1.202225,0x0fe3b7353fc19cb2115d0438a07bea020622001adac4bb84b3ac6287fec5769c
1775596415461,2026-04-07T21:13:35.461000+00:00,SOL,A,82.924,723.61,Close Long,431.561004,25.922002,0x0fe3b7353fc19cb2115d0438a07bea020622001adac4bb84b3ac6287fec5769c
1775596415461,2026-04-07T21:13:35.461000+00:00,SOL,A,82.923,80.77,Close Long,48.090458,2.893402,0x0fe3b7353fc19cb2115d0438a07bea020622001adac4bb84b3ac6287fec5769c
1775596415461,2026-04-07T21:13:35.461000+00:00,SOL,A,82.923,627.11,Close Long,373.381294,22.464795,0x0fe3b7353fc19cb2115d0438a07bea020622001adac4bb84b3ac6287fec5769c
1775596415461,2026-04-07T21:13:35.461000+00:00,SOL,A,82.922,33.73,Close Long,20.049112,1.208286,0x0fe3b7353fc19cb2115d0438a07bea020622001adac4bb84b3ac6287fec5769c
1775596415886,2026-04-07T21:13:35.886000+00:00,SOL,A,82.938,5.02,Close Long,3.064208,0.179862,0x8f81d45809255e9390fb0438a07bf002068a003da4287d65334a7faac829387e
1775596415886,2026-04-07T21:13:35.886000+00:00,SOL,A,82.938,4.39,Close Long,2.679656,0.15729,0x8f81d45809255e9390fb0438a07bf002068a003da4287d65334a7faac829387e
1775596415886,2026-04-07T21:13:35.886000+00:00,SOL,A,82.923,24.15,Close Long,14.37891,0.865119,0x8f81d45809255e9390fb0438a07bf002068a003da4287d65334a7faac829387e
1775596415886,2026-04-07T21:13:35.886000+00:00,SOL,A,82.923,24.21,Close Long,14.414634,0.867268,0x8f81d45809255e9390fb0438a07bf002068a003da4287d65334a7faac829387e
1775596415886,2026-04-07T21:13:35.886000+00:00,SOL,A,82.923,24.22,Close Long,14.420588,0.867626,0x8f81d45809255e9390fb0438a07bf002068a003da4287d65334a7faac829387e
1775596415886,2026-04-07T21:13:35.886000+00:00,SOL,A,82.921,9.15,Close Long,5.42961,0.32777,0x8f81d45809255e9390fb0438a07bf002068a003da4287d65334a7faac829387e
1775596415886,2026-04-07T21:13:35.886000+00:00,SOL,A,82.92,0.18,Close Long,0.106632,0.006447,0x8f81d45809255e9390fb0438a07bf002068a003da4287d65334a7faac829387e
1775596415886,2026-04-07T21:13:35.886000+00:00,SOL,A,82.92,29.79,Close Long,17.647596,1.06712,0x8f81d45809255e9390fb0438a07bf002068a003da4287d65334a7faac829387e
1775596415886,2026-04-07T21:13:35.886000+00:00,SOL,A,82.92,70.15,Close Long,41.55686,2.512874,0x8f81d45809255e9390fb0438a07bf002068a003da4287d65334a7faac829387e
1775596415886,2026-04-07T21:13:35.886000+00:00,SOL,A,82.918,23.72,Close Long,14.004288,0.849664,0x8f81d45809255e9390fb0438a07bf002068a003da4287d65334a7faac829387e
1775596415886,2026-04-07T21:13:35.886000+00:00,SOL,A,82.916,14.79,Close Long,8.702436,0.529773,0x8f81d45809255e9390fb0438a07bf002068a003da4287d65334a7faac829387e
1775596415886,2026-04-07T21:13:35.886000+00:00,SOL,A,82.916,60.31,Close Long,35.486404,2.160286,0x8f81d45809255e9390fb0438a07bf002068a003da4287d65334a7faac829387e
1775596415886,2026-04-07T21:13:35.886000+00:00,SOL,A,82.916,27.03,Close Long,15.904452,0.968206,0x8f81d45809255e9390fb0438a07bf002068a003da4287d65334a7faac829387e
1775596415886,2026-04-07T21:13:35.886000+00:00,SOL,A,82.915,0.74,Close Long,0.434676,0.026506,0x8f81d45809255e9390fb0438a07bf002068a003da4287d65334a7faac829387e
1775596415886,2026-04-07T21:13:35.886000+00:00,SOL,A,82.915,10.1,Close Long,5.93274,0.361774,0x8f81d45809255e9390fb0438a07bf002068a003da4287d65334a7faac829387e
1775596415886,2026-04-07T21:13:35.886000+00:00,SOL,A,82.914,0.14,Close Long,0.082096,0.005014,0x8f81d45809255e9390fb0438a07bf002068a003da4287d65334a7faac829387e
1775596415886,2026-04-07T21:13:35.886000+00:00,SOL,A,82.911,201.69,Close Long,117.665946,7.224042,0x8f81d45809255e9390fb0438a07bf002068a003da4287d65334a7faac829387e
1775596415886,2026-04-07T21:13:35.886000+00:00,SOL,A,82.911,93.18,Close Long,54.361212,3.337479,0x8f81d45809255e9390fb0438a07bf002068a003da4287d65334a7faac829387e
1775596415886,2026-04-07T21:13:35.886000+00:00,SOL,A,82.91,17.75,Close Long,10.3376,0.635753,0x8f81d45809255e9390fb0438a07bf002068a003da4287d65334a7faac829387e
1775596415886,2026-04-07T21:13:35.886000+00:00,SOL,A,82.909,0.14,Close Long,0.081396,0.005014,0x8f81d45809255e9390fb0438a07bf002068a003da4287d65334a7faac829387e
1775596415886,2026-04-07T21:13:35.886000+00:00,SOL,A,82.909,60.31,Close Long,35.064234,2.160104,0x8f81d45809255e9390fb0438a07bf002068a003da4287d65334a7faac829387e
1775596415886,2026-04-07T21:13:35.886000+00:00,SOL,A,82.908,15.41,Close Long,8.943964,0.551928,0x8f81d45809255e9390fb0438a07bf002068a003da4287d65334a7faac829387e
1775596415886,2026-04-07T21:13:35.886000+00:00,SOL,A,82.908,185.26,Close Long,107.524904,6.635319,0x8f81d45809255e9390fb0438a07bf002068a003da4287d65334a7faac829387e
1775596415886,2026-04-07T21:13:35.886000+00:00,SOL,A,82.907,345.14,Close Long,199.974116,12.361473,0x8f81d45809255e9390fb0438a07bf002068a003da4287d65334a7faac829387e
1775596415886,2026-04-07T21:13:35.886000+00:00,SOL,A,82.906,12.07,Close Long,6.981288,0.432291,0x8f81d45809255e9390fb0438a07bf002068a003da4287d65334a7faac829387e
1775596415886,2026-04-07T21:13:35.886000+00:00,SOL,A,82.906,723.75,Close Long,418.617,25.921389,0x8f81d45809255e9390fb0438a07bf002068a003da4287d65334a7faac829387e
1775596415886,2026-04-07T21:13:35.886000+00:00,SOL,A,82.902,19.45,Close Long,11.17208,0.696575,0x8f81d45809255e9390fb0438a07bf002068a003da4287d65334a7faac829387e
1775596415886,2026-04-07T21:13:35.886000+00:00,SOL,A,82.901,0.14,Close Long,0.080276,0.005013,0x8f81d45809255e9390fb0438a07bf002068a003da4287d65334a7faac829387e
1775596415886,2026-04-07T21:13:35.886000+00:00,SOL,A,82.901,627.11,Close Long,359.584874,22.458835,0x8f81d45809255e9390fb0438a07bf002068a003da4287d65334a7faac829387e
1775596415886,2026-04-07T21:13:35.886000+00:00,SOL,A,82.9,0.48,Close Long,0.274752,0.01719,0x8f81d45809255e9390fb0438a07bf002068a003da4287d65334a7faac829387e
1775596415886,2026-04-07T21:13:35.886000+00:00,SOL,A,82.899,409.04,Close Long,233.725456,14.648691,0x8f81d45809255e9390fb0438a07bf002068a003da4287d65334a7faac829387e
1775596530559,2026-04-07T21:15:30.559000+00:00,SOL,A,82.741,0.01,Close Long,0.004134,0.000357,0x52caa2b9b2f1e7cb54440438a0824f020414009f4df5069df6934e0c71f5c1b5
1775597669585,2026-04-07T21:34:29.585000+00:00,SOL,B,82.474,77.42,Open Long,0.0,2.758379,0xc69ec13356912c8bc8180438a0c1f40201650018f1944b5d6a676c8615950676
1775597669585,2026-04-07T21:34:29.585000+00:00,SOL,B,82.474,727.51,Open Long,0.0,25.920285,0xc69ec13356912c8bc8180438a0c1f40201650018f1944b5d6a676c8615950676
1775597669585,2026-04-07T21:34:29.585000+00:00,SOL,B,82.474,364.53,Open Long,0.0,12.987754,0xc69ec13356912c8bc8180438a0c1f40201650018f1944b5d6a676c8615950676
1775597669585,2026-04-07T21:34:29.585000+00:00,SOL,B,82.474,27.52,Open Long,0.0,0.980503,0xc69ec13356912c8bc8180438a0c1f40201650018f1944b5d6a676c8615950676
1775597669585,2026-04-07T21:34:29.585000+00:00,SOL,B,82.474,15.46,Open Long,0.0,0.55082,0xc69ec13356912c8bc8180438a0c1f40201650018f1944b5d6a676c8615950676
1775597671092,2026-04-07T21:34:31.092000+00:00,SOL,B,82.474,119.23,Open Long,0.0,4.248018,0x19968eb7349c95261b100438a0c20a020357009ccf9fb3f8bd5f3a09f3906f10
1775597671092,2026-04-07T21:34:31.092000+00:00,SOL,B,82.474,78.7,Open Long,0.0,2.803984,0x19968eb7349c95261b100438a0c20a020357009ccf9fb3f8bd5f3a09f3906f10
1775597671092,2026-04-07T21:34:31.092000+00:00,SOL,B,82.474,10.01,Open Long,0.0,0.356643,0x19968eb7349c95261b100438a0c20a020357009ccf9fb3f8bd5f3a09f3906f10
1775597671092,2026-04-07T21:34:31.092000+00:00,SOL,B,82.474,370.89,Open Long,0.0,13.214353,0x19968eb7349c95261b100438a0c20a020357009ccf9fb3f8bd5f3a09f3906f10
1775597671092,2026-04-07T21:34:31.092000+00:00,SOL,B,82.474,120.35,Open Long,0.0,4.287922,0x19968eb7349c95261b100438a0c20a020357009ccf9fb3f8bd5f3a09f3906f10
1775597671092,2026-04-07T21:34:31.092000+00:00,SOL,B,82.474,346.54,Open Long,0.0,12.346793,0x19968eb7349c95261b100438a0c20a020357009ccf9fb3f8bd5f3a09f3906f10
1775597671092,2026-04-07T21:34:31.092000+00:00,SOL,B,82.474,157.62,Open Long,0.0,5.615806,0x19968eb7349c95261b100438a0c20a020357009ccf9fb3f8bd5f3a09f3906f10
1775597671092,2026-04-07T21:34:31.092000+00:00,SOL,B,82.475,6.0,Open Long,0.0,0.213775,0x19968eb7349c95261b100438a0c20a020357009ccf9fb3f8bd5f3a09f3906f10
1775597671092,2026-04-07T21:34:31.092000+00:00,SOL,B,82.476,0.18,Open Long,0.0,0.006413,0x19968eb7349c95261b100438a0c20a020357009ccf9fb3f8bd5f3a09f3906f10
1775597671092,2026-04-07T21:34:31.092000+00:00,SOL,B,82.479,2.92,Open Long,0.0,0.104042,0x19968eb7349c95261b100438a0c20a020357009ccf9fb3f8bd5f3a09f3906f10
1775597672898,2026-04-07T21:34:32.898000+00:00,SOL,B,82.473,119.23,Open Long,0.0,4.247966,0x582150c0f315652b599b0438a0c22402017d00a68e1883fdfbe9fc13b2193f15
1775597672898,2026-04-07T21:34:32.898000+00:00,SOL,B,82.473,78.7,Open Long,0.0,2.80395,0x582150c0f315652b599b0438a0c22402017d00a68e1883fdfbe9fc13b2193f15
1775597672898,2026-04-07T21:34:32.898000+00:00,SOL,B,82.473,13.4,Open Long,0.0,0.477419,0x582150c0f315652b599b0438a0c22402017d00a68e1883fdfbe9fc13b2193f15
1775597672898,2026-04-07T21:34:32.898000+00:00,SOL,B,82.473,142.72,Open Long,0.0,5.084876,0x582150c0f315652b599b0438a0c22402017d00a68e1883fdfbe9fc13b2193f15
1775597672898,2026-04-07T21:34:32.898000+00:00,SOL,B,82.474,120.35,Open Long,0.0,4.287922,0x582150c0f315652b599b0438a0c22402017d00a68e1883fdfbe9fc13b2193f15
1775597672898,2026-04-07T21:34:32.898000+00:00,SOL,B,82.474,303.77,Open Long,0.0,10.82295,0x582150c0f315652b599b0438a0c22402017d00a68e1883fdfbe9fc13b2193f15
1775597672898,2026-04-07T21:34:32.898000+00:00,SOL,B,82.478,6.0,Open Long,0.0,0.213782,0x582150c0f315652b599b0438a0c22402017d00a68e1883fdfbe9fc13b2193f15
1775597672898,2026-04-07T21:34:32.898000+00:00,SOL,B,82.48,0.14,Open Long,0.0,0.004988,0x582150c0f315652b599b0438a0c22402017d00a68e1883fdfbe9fc13b2193f15
1775597672898,2026-04-07T21:34:32.898000+00:00,SOL,B,82.48,2.9,Open Long,0.0,0.10333,0x582150c0f315652b599b0438a0c22402017d00a68e1883fdfbe9fc13b2193f15
1775597672898,2026-04-07T21:34:32.898000+00:00,SOL,B,82.48,39.25,Open Long,0.0,1.39853,0x582150c0f315652b599b0438a0c22402017d00a68e1883fdfbe9fc13b2193f15
1775597672898,2026-04-07T21:34:32.898000+00:00,SOL,B,82.48,0.13,Open Long,0.0,0.004632,0x582150c0f315652b599b0438a0c22402017d00a68e1883fdfbe9fc13b2193f15
1775597672898,2026-04-07T21:34:32.898000+00:00,SOL,B,82.48,181.87,Open Long,0.0,6.480275,0x582150c0f315652b599b0438a0c22402017d00a68e1883fdfbe9fc13b2193f15
1775597672898,2026-04-07T21:34:32.898000+00:00,SOL,B,82.481,2.9,Open Long,0.0,0.103332,0x582150c0f315652b599b0438a0c22402017d00a68e1883fdfbe9fc13b2193f15
1775597672898,2026-04-07T21:34:32.898000+00:00,SOL,B,82.481,48.77,Open Long,0.0,1.737762,0x582150c0f315652b599b0438a0c22402017d00a68e1883fdfbe9fc13b2193f15
1775597672898,2026-04-07T21:34:32.898000+00:00,SOL,B,82.481,108.8,Open Long,0.0,3.876738,0x582150c0f315652b599b0438a0c22402017d00a68e1883fdfbe9fc13b2193f15
1775597672898,2026-04-07T21:34:32.898000+00:00,SOL,B,82.482,43.51,Open Long,0.0,1.550358,0x582150c0f315652b599b0438a0c22402017d00a68e1883fdfbe9fc13b2193f15
1775597787987,2026-04-07T21:36:27.987000+00:00,SOL,B,82.509,48.24,Open Long,0.0,1.719461,0x03ac13aee776c2b405250438a0c87b0202c000948279e186a774bf01a67a9c9e
1775597787987,2026-04-07T21:36:27.987000+00:00,SOL,B,82.509,125.93,Open Long,0.0,4.488634,0x03ac13aee776c2b405250438a0c87b0202c000948279e186a774bf01a67a9c9e
1775597787987,2026-04-07T21:36:27.987000+00:00,SOL,B,82.509,10.56,Open Long,0.0,0.376399,0x03ac13aee776c2b405250438a0c87b0202c000948279e186a774bf01a67a9c9e
1775597787987,2026-04-07T21:36:27.987000+00:00,SOL,B,82.509,77.96,Open Long,0.0,2.778797,0x03ac13aee776c2b405250438a0c87b0202c000948279e186a774bf01a67a9c9e
1775597787987,2026-04-07T21:36:27.987000+00:00,SOL,B,82.509,50.0,Open Long,0.0,1.782194,0x03ac13aee776c2b405250438a0c87b0202c000948279e186a774bf01a67a9c9e
1775597787987,2026-04-07T21:36:27.987000+00:00,SOL,B,82.509,40.0,Open Long,0.0,1.425755,0x03ac13aee776c2b405250438a0c87b0202c000948279e186a774bf01a67a9c9e
1775597787987,2026-04-07T21:36:27.987000+00:00,SOL,B,82.509,363.76,Open Long,0.0,12.96582,0x03ac13aee776c2b405250438a0c87b0202c000948279e186a774bf01a67a9c9e
1775597787987,2026-04-07T21:36:27.987000+00:00,SOL,B,82.51,5.03,Open Long,0.0,0.17929,0x03ac13aee776c2b405250438a0c87b0202c000948279e186a774bf01a67a9c9e
1775597787987,2026-04-07T21:36:27.987000+00:00,SOL,B,82.512,5.03,Open Long,0.0,0.179295,0x03ac13aee776c2b405250438a0c87b0202c000948279e186a774bf01a67a9c9e
1775597787987,2026-04-07T21:36:27.987000+00:00,SOL,B,82.512,117.22,Open Long,0.0,4.178328,0x03ac13aee776c2b405250438a0c87b0202c000948279e186a774bf01a67a9c9e
1775597787987,2026-04-07T21:36:27.987000+00:00,SOL,B,82.514,0.18,Open Long,0.0,0.006416,0x03ac13aee776c2b405250438a0c87b0202c000948279e186a774bf01a67a9c9e
1775597787987,2026-04-07T21:36:27.987000+00:00,SOL,B,82.515,0.14,Open Long,0.0,0.00499,0x03ac13aee776c2b405250438a0c87b0202c000948279e186a774bf01a67a9c9e
1775597787987,2026-04-07T21:36:27.987000+00:00,SOL,B,82.515,0.18,Open Long,0.0,0.006416,0x03ac13aee776c2b405250438a0c87b0202c000948279e186a774bf01a67a9c9e
1775597787987,2026-04-07T21:36:27.987000+00:00,SOL,B,82.516,0.18,Open Long,0.0,0.006416,0x03ac13aee776c2b405250438a0c87b0202c000948279e186a774bf01a67a9c9e
1775597787987,2026-04-07T21:36:27.987000+00:00,SOL,B,82.517,5.37,Open Long,0.0,0.191426,0x03ac13aee776c2b405250438a0c87b0202c000948279e186a774bf01a67a9c9e
1775597787987,2026-04-07T21:36:27.987000+00:00,SOL,B,82.517,6.12,Open Long,0.0,0.218161,0x03ac13aee776c2b405250438a0c87b0202c000948279e186a774bf01a67a9c9e
1775597787987,2026-04-07T21:36:27.987000+00:00,SOL,B,82.519,23.15,Open Long,0.0,0.825256,0x03ac13aee776c2b405250438a0c87b0202c000948279e186a774bf01a67a9c9e
1775597787987,2026-04-07T21:36:27.987000+00:00,SOL,B,82.519,103.9,Open Long,0.0,3.703848,0x03ac13aee776c2b405250438a0c87b0202c000948279e186a774bf01a67a9c9e
1775597787987,2026-04-07T21:36:27.987000+00:00,SOL,B,82.521,0.14,Open Long,0.0,0.00499,0x03ac13aee776c2b405250438a0c87b0202c000948279e186a774bf01a67a9c9e
1775597787987,2026-04-07T21:36:27.987000+00:00,SOL,B,82.521,40.91,Open Long,0.0,1.458403,0x03ac13aee776c2b405250438a0c87b0202c000948279e186a774bf01a67a9c9e
1775597787987,2026-04-07T21:36:27.987000+00:00,SOL,B,82.523,181.98,Open Long,0.0,6.487575,0x03ac13aee776c2b405250438a0c87b0202c000948279e186a774bf01a67a9c9e
1775597787987,2026-04-07T21:36:27.987000+00:00,SOL,B,82.523,6.05,Open Long,0.0,0.215682,0x03ac13aee776c2b405250438a0c87b0202c000948279e186a774bf01a67a9c9e
1775597790006,2026-04-07T21:36:30.006000+00:00,SOL,B,82.509,141.92,Open Long,0.0,5.05858,0x10fb187a6d482c0812740438a0c8980206d40060084b4adab4c3c3cd2c4c05f2
1775597790006,2026-04-07T21:36:30.006000+00:00,SOL,B,82.509,125.93,Open Long,0.0,4.488634,0x10fb187a6d482c0812740438a0c8980206d40060084b4adab4c3c3cd2c4c05f2
1775597790006,2026-04-07T21:36:30.006000+00:00,SOL,B,82.509,9.76,Open Long,0.0,0.347884,0x10fb187a6d482c0812740438a0c8980206d40060084b4adab4c3c3cd2c4c05f2
1775597790006,2026-04-07T21:36:30.006000+00:00,SOL,B,82.509,50.0,Open Long,0.0,1.782194,0x10fb187a6d482c0812740438a0c8980206d40060084b4adab4c3c3cd2c4c05f2
1775597790006,2026-04-07T21:36:30.006000+00:00,SOL,B,82.509,40.0,Open Long,0.0,1.425755,0x10fb187a6d482c0812740438a0c8980206d40060084b4adab4c3c3cd2c4c05f2
1775597790006,2026-04-07T21:36:30.006000+00:00,SOL,B,82.509,77.96,Open Long,0.0,2.778797,0x10fb187a6d482c0812740438a0c8980206d40060084b4adab4c3c3cd2c4c05f2
1775597790006,2026-04-07T21:36:30.006000+00:00,SOL,B,82.509,269.83,Open Long,0.0,9.61779,0x10fb187a6d482c0812740438a0c8980206d40060084b4adab4c3c3cd2c4c05f2
1775597790006,2026-04-07T21:36:30.006000+00:00,SOL,B,82.513,116.28,Open Long,0.0,4.144872,0x10fb187a6d482c0812740438a0c8980206d40060084b4adab4c3c3cd2c4c05f2
1775597790006,2026-04-07T21:36:30.006000+00:00,SOL,B,82.517,5.55,Open Long,0.0,0.197842,0x10fb187a6d482c0812740438a0c8980206d40060084b4adab4c3c3cd2c4c05f2
1775597790006,2026-04-07T21:36:30.006000+00:00,SOL,B,82.517,5.91,Open Long,0.0,0.210675,0x10fb187a6d482c0812740438a0c8980206d40060084b4adab4c3c3cd2c4c05f2
1775597790006,2026-04-07T21:36:30.006000+00:00,SOL,B,82.519,108.53,Open Long,0.0,3.8689,0x10fb187a6d482c0812740438a0c8980206d40060084b4adab4c3c3cd2c4c05f2
1775597790006,2026-04-07T21:36:30.006000+00:00,SOL,B,82.52,260.36,Open Long,0.0,9.281479,0x10fb187a6d482c0812740438a0c8980206d40060084b4adab4c3c3cd2c4c05f2
1775598600126,2026-04-07T21:50:00.126000+00:00,SOL,B,82.81,48.77,Open Long,0.0,1.744694,0xeeeda0c40009fabdf0670438a0f5ab02024100a99b0d198f92b64c16bf0dd4a8
1775598600126,2026-04-07T21:50:00.126000+00:00,SOL,B,82.81,422.51,Open Long,0.0,15.114838,0xeeeda0c40009fabdf0670438a0f5ab02024100a99b0d198f92b64c16bf0dd4a8
1775598600126,2026-04-07T21:50:00.126000+00:00,SOL,B,82.81,27.78,Open Long,0.0,0.993799,0xeeeda0c40009fabdf0670438a0f5ab02024100a99b0d198f92b64c16bf0dd4a8
1775598600126,2026-04-07T21:50:00.126000+00:00,SOL,B,82.814,98.77,Open Long,0.0,3.53356,0xeeeda0c40009fabdf0670438a0f5ab02024100a99b0d198f92b64c16bf0dd4a8
1775598600126,2026-04-07T21:50:00.126000+00:00,SOL,B,82.815,0.14,Open Long,0.0,0.005008,0xeeeda0c40009fabdf0670438a0f5ab02024100a99b0d198f92b64c16bf0dd4a8
1775598600126,2026-04-07T21:50:00.126000+00:00,SOL,B,82.815,609.68,Open Long,0.0,21.81196,0xeeeda0c40009fabdf0670438a0f5ab02024100a99b0d198f92b64c16bf0dd4a8
1775598605765,2026-04-07T21:50:05.765000+00:00,SOL,B,82.81,0.48,Open Long,0.0,0.017171,0x3589c9c6700442c437030438a0f5f602048a00ac0b076196d95275192f081cae
1775598605765,2026-04-07T21:50:05.765000+00:00,SOL,B,82.81,10.27,Open Long,0.0,0.367398,0x3589c9c6700442c437030438a0f5f602048a00ac0b076196d95275192f081cae
1775598605765,2026-04-07T21:50:05.765000+00:00,SOL,B,82.81,126.48,Open Long,0.0,4.524685,0x3589c9c6700442c437030438a0f5f602048a00ac0b076196d95275192f081cae
1775598605765,2026-04-07T21:50:05.765000+00:00,SOL,B,82.81,156.98,Open Long,0.0,5.615789,0x3589c9c6700442c437030438a0f5f602048a00ac0b076196d95275192f081cae
1775598605765,2026-04-07T21:50:05.765000+00:00,SOL,B,82.81,27.68,Open Long,0.0,0.990222,0x3589c9c6700442c437030438a0f5f602048a00ac0b076196d95275192f081cae
1775598605765,2026-04-07T21:50:05.765000+00:00,SOL,B,82.81,83.39,Open Long,0.0,2.983187,0x3589c9c6700442c437030438a0f5f602048a00ac0b076196d95275192f081cae
1775598605765,2026-04-07T21:50:05.765000+00:00,SOL,B,82.81,126.24,Open Long,0.0,4.516099,0x3589c9c6700442c437030438a0f5f602048a00ac0b076196d95275192f081cae
1775598605765,2026-04-07T21:50:05.765000+00:00,SOL,B,82.81,0.37,Open Long,0.0,0.013236,0x3589c9c6700442c437030438a0f5f602048a00ac0b076196d95275192f081cae
1775598605765,2026-04-07T21:50:05.765000+00:00,SOL,B,82.81,341.81,Open Long,0.0,12.227883,0x3589c9c6700442c437030438a0f5f602048a00ac0b076196d95275192f081cae
1775599572965,2026-04-07T22:06:12.965000+00:00,SOL,A,83.55,23.95,Close Long,23.420705,0.864441,0x00df2d671f440dd802580438a12bca02077a004cba472caaa4a7d8b9de47e7c2
1775599572965,2026-04-07T22:06:12.965000+00:00,SOL,A,83.55,23.95,Close Long,23.420705,0.864441,0x00df2d671f440dd802580438a12bca02077a004cba472caaa4a7d8b9de47e7c2
1775599572965,2026-04-07T22:06:12.965000+00:00,SOL,A,83.549,59.84,Close Long,58.457696,2.159815,0x00df2d671f440dd802580438a12bca02077a004cba472caaa4a7d8b9de47e7c2
1775599572965,2026-04-07T22:06:12.965000+00:00,SOL,A,83.549,5.06,Close Long,4.943114,0.182631,0x00df2d671f440dd802580438a12bca02077a004cba472caaa4a7d8b9de47e7c2
1775599572965,2026-04-07T22:06:12.965000+00:00,SOL,A,83.548,11.96,Close Long,11.671764,0.431669,0x00df2d671f440dd802580438a12bca02077a004cba472caaa4a7d8b9de47e7c2
1775599572965,2026-04-07T22:06:12.965000+00:00,SOL,A,83.544,196.88,Close Long,191.347672,7.105597,0x00df2d671f440dd802580438a12bca02077a004cba472caaa4a7d8b9de47e7c2
1775599572965,2026-04-07T22:06:12.965000+00:00,SOL,A,83.541,492.63,Close Long,477.309207,17.778874,0x00df2d671f440dd802580438a12bca02077a004cba472caaa4a7d8b9de47e7c2
1775599584073,2026-04-07T22:06:24.073000+00:00,SOL,A,83.632,115.89,Close Long,122.831811,4.186992,0xd5c52987c12df12dd73e0438a12c680209b2006d5c210fff798dd4da8021cb18
1775599584073,2026-04-07T22:06:24.073000+00:00,SOL,A,83.632,131.77,Close Long,139.663023,4.760721,0xd5c52987c12df12dd73e0438a12c680209b2006d5c210fff798dd4da8021cb18
1775599584073,2026-04-07T22:06:24.073000+00:00,SOL,A,83.632,115.89,Close Long,122.831811,4.186992,0xd5c52987c12df12dd73e0438a12c680209b2006d5c210fff798dd4da8021cb18
1775599584073,2026-04-07T22:06:24.073000+00:00,SOL,A,83.632,131.77,Close Long,139.663023,4.760721,0xd5c52987c12df12dd73e0438a12c680209b2006d5c210fff798dd4da8021cb18
1775599584073,2026-04-07T22:06:24.073000+00:00,SOL,A,83.632,115.89,Close Long,122.831811,4.186992,0xd5c52987c12df12dd73e0438a12c680209b2006d5c210fff798dd4da8021cb18
1775599584073,2026-04-07T22:06:24.073000+00:00,SOL,A,83.631,115.89,Close Long,122.715921,4.186942,0xd5c52987c12df12dd73e0438a12c680209b2006d5c210fff798dd4da8021cb18
1775599584073,2026-04-07T22:06:24.073000+00:00,SOL,A,83.631,5.74,Close Long,6.078086,0.207378,0xd5c52987c12df12dd73e0438a12c680209b2006d5c210fff798dd4da8021cb18
1775599789539,2026-04-07T22:09:49.539000+00:00,SOL,A,83.1,475.86,Close Long,251.206494,17.082993,0xbb288eca7d6f3f43bca20438a137850203c500b018625e155ef13a1d3c63192e
1775599789539,2026-04-07T22:09:49.539000+00:00,SOL,A,83.1,0.18,Close Long,0.095022,0.006461,0xbb288eca7d6f3f43bca20438a137850203c500b018625e155ef13a1d3c63192e
1775599789539,2026-04-07T22:09:49.539000+00:00,SOL,A,83.099,0.14,Close Long,0.073766,0.005025,0xbb288eca7d6f3f43bca20438a137850203c500b018625e155ef13a1d3c63192e
1775599789539,2026-04-07T22:09:49.539000+00:00,SOL,A,83.098,16.87,Close Long,8.871933,0.605604,0xbb288eca7d6f3f43bca20438a137850203c500b018625e155ef13a1d3c63192e
1775599789539,2026-04-07T22:09:49.539000+00:00,SOL,A,83.093,0.18,Close Long,0.093762,0.006461,0xbb288eca7d6f3f43bca20438a137850203c500b018625e155ef13a1d3c63192e
1775599789539,2026-04-07T22:09:49.539000+00:00,SOL,A,83.086,0.18,Close Long,0.092502,0.00646,0xbb288eca7d6f3f43bca20438a137850203c500b018625e155ef13a1d3c63192e
1775599789539,2026-04-07T22:09:49.539000+00:00,SOL,A,83.085,0.14,Close Long,0.071806,0.005024,0xbb288eca7d6f3f43bca20438a137850203c500b018625e155ef13a1d3c63192e
1775599789539,2026-04-07T22:09:49.539000+00:00,SOL,A,83.083,1.56,Close Long,0.797004,0.055991,0xbb288eca7d6f3f43bca20438a137850203c500b018625e155ef13a1d3c63192e
1775599789539,2026-04-07T22:09:49.539000+00:00,SOL,A,83.08,6.31,Close Long,3.204849,0.226469,0xbb288eca7d6f3f43bca20438a137850203c500b018625e155ef13a1d3c63192e
1775599789539,2026-04-07T22:09:49.539000+00:00,SOL,A,83.079,0.18,Close Long,0.091242,0.00646,0xbb288eca7d6f3f43bca20438a137850203c500b018625e155ef13a1d3c63192e
1775599789539,2026-04-07T22:09:49.539000+00:00,SOL,A,83.078,0.14,Close Long,0.070826,0.005024,0xbb288eca7d6f3f43bca20438a137850203c500b018625e155ef13a1d3c63192e
1775599789539,2026-04-07T22:09:49.539000+00:00,SOL,A,83.076,5.29,Close Long,2.665631,0.189851,0xbb288eca7d6f3f43bca20438a137850203c500b018625e155ef13a1d3c63192e
1775599789539,2026-04-07T22:09:49.539000+00:00,SOL,A,83.074,48.77,Close Long,24.477663,1.750256,0xbb288eca7d6f3f43bca20438a137850203c500b018625e155ef13a1d3c63192e
1775599789539,2026-04-07T22:09:49.539000+00:00,SOL,A,83.073,0.18,Close Long,0.090162,0.006459,0xbb288eca7d6f3f43bca20438a137850203c500b018625e155ef13a1d3c63192e
1775599789539,2026-04-07T22:09:49.539000+00:00,SOL,A,83.071,0.14,Close Long,0.069846,0.005024,0xbb288eca7d6f3f43bca20438a137850203c500b018625e155ef13a1d3c63192e
1775599789539,2026-04-07T22:09:49.539000+00:00,SOL,A,83.071,311.68,Close Long,155.497152,11.185157,0xbb288eca7d6f3f43bca20438a137850203c500b018625e155ef13a1d3c63192e
1775599789539,2026-04-07T22:09:49.539000+00:00,SOL,A,83.068,6.07,Close Long,3.010113,0.217824,0xbb288eca7d6f3f43bca20438a137850203c500b018625e155ef13a1d3c63192e
1775599789539,2026-04-07T22:09:49.539000+00:00,SOL,A,83.068,60.2,Close Long,29.85318,2.160299,0xbb288eca7d6f3f43bca20438a137850203c500b018625e155ef13a1d3c63192e
1775599789539,2026-04-07T22:09:49.539000+00:00,SOL,A,83.067,521.31,Close Long,257.996319,18.70718,0xbb288eca7d6f3f43bca20438a137850203c500b018625e155ef13a1d3c63192e
1775599789539,2026-04-07T22:09:49.539000+00:00,SOL,A,83.066,0.18,Close Long,0.088902,0.006459,0xbb288eca7d6f3f43bca20438a137850203c500b018625e155ef13a1d3c63192e
1775599789539,2026-04-07T22:09:49.539000+00:00,SOL,A,83.066,5.36,Close Long,2.647304,0.19234,0xbb288eca7d6f3f43bca20438a137850203c500b018625e155ef13a1d3c63192e
1775599789539,2026-04-07T22:09:49.539000+00:00,SOL,A,83.066,5.59,Close Long,2.760901,0.200594,0xbb288eca7d6f3f43bca20438a137850203c500b018625e155ef13a1d3c63192e
1775599789539,2026-04-07T22:09:49.539000+00:00,SOL,A,83.066,101.5,Close Long,50.13085,3.642277,0xbb288eca7d6f3f43bca20438a137850203c500b018625e155ef13a1d3c63192e
1775599789539,2026-04-07T22:09:49.539000+00:00,SOL,A,83.065,0.14,Close Long,0.069006,0.005023,0xbb288eca7d6f3f43bca20438a137850203c500b018625e155ef13a1d3c63192e
1775599789539,2026-04-07T22:09:49.539000+00:00,SOL,A,83.064,88.63,Close Long,43.597097,3.180367,0xbb288eca7d6f3f43bca20438a137850203c500b018625e155ef13a1d3c63192e
1775599789539,2026-04-07T22:09:49.539000+00:00,SOL,A,83.06,135.83,Close Long,66.271457,4.873841,0xbb288eca7d6f3f43bca20438a137850203c500b018625e155ef13a1d3c63192e
1775599789539,2026-04-07T22:09:49.539000+00:00,SOL,A,83.06,60.2,Close Long,29.37158,2.160091,0xbb288eca7d6f3f43bca20438a137850203c500b018625e155ef13a1d3c63192e
1775599789539,2026-04-07T22:09:49.539000+00:00,SOL,A,83.06,86.09,Close Long,42.003311,3.089074,0xbb288eca7d6f3f43bca20438a137850203c500b018625e155ef13a1d3c63192e
1775599789539,2026-04-07T22:09:49.539000+00:00,SOL,A,83.059,0.18,Close Long,0.087642,0.006458,0xbb288eca7d6f3f43bca20438a137850203c500b018625e155ef13a1d3c63192e
1775599789539,2026-04-07T22:09:49.539000+00:00,SOL,A,83.058,0.14,Close Long,0.068026,0.005023,0xbb288eca7d6f3f43bca20438a137850203c500b018625e155ef13a1d3c63192e
1775599789539,2026-04-07T22:09:49.539000+00:00,SOL,A,83.057,84.22,Close Long,40.838278,3.021866,0xbb288eca7d6f3f43bca20438a137850203c500b018625e155ef13a1d3c63192e
1775599789539,2026-04-07T22:09:49.539000+00:00,SOL,A,83.057,311.73,Close Long,151.157877,11.185066,0xbb288eca7d6f3f43bca20438a137850203c500b018625e155ef13a1d3c63192e
1775599789539,2026-04-07T22:09:49.539000+00:00,SOL,A,83.056,0.21,Close Long,0.101619,0.007534,0xbb288eca7d6f3f43bca20438a137850203c500b018625e155ef13a1d3c63192e
1775599789539,2026-04-07T22:09:49.539000+00:00,SOL,A,83.056,180.34,Close Long,87.266526,6.470633,0xbb288eca7d6f3f43bca20438a137850203c500b018625e155ef13a1d3c63192e
1775599789539,2026-04-07T22:09:49.539000+00:00,SOL,A,83.053,722.47,Close Long,347.435823,25.921425,0xbb288eca7d6f3f43bca20438a137850203c500b018625e155ef13a1d3c63192e
1775599789539,2026-04-07T22:09:49.539000+00:00,SOL,A,83.053,59.62,Close Long,28.671258,2.139099,0xbb288eca7d6f3f43bca20438a137850203c500b018625e155ef13a1d3c63192e
1775599792367,2026-04-07T22:09:52.367000+00:00,SOL,A,83.052,0.14,Close Long,0.067186,0.005022,0xaf7935dcb17b4087b0f20438a137af02015c00c24c7e5f595341e12f707f1a72
1775599792367,2026-04-07T22:09:52.367000+00:00,SOL,A,83.052,0.18,Close Long,0.086382,0.006458,0xaf7935dcb17b4087b0f20438a137af02015c00c24c7e5f595341e12f707f1a72
1775599792367,2026-04-07T22:09:52.367000+00:00,SOL,A,83.052,118.57,Close Long,56.901743,4.254109,0xaf7935dcb17b4087b0f20438a137af02015c00c24c7e5f595341e12f707f1a72
1775599792367,2026-04-07T22:09:52.367000+00:00,SOL,A,83.052,40.0,Close Long,19.196,1.435138,0xaf7935dcb17b4087b0f20438a137af02015c00c24c7e5f595341e12f707f1a72
1775599792367,2026-04-07T22:09:52.367000+00:00,SOL,A,83.051,116.4,Close Long,55.74396,4.176202,0xaf7935dcb17b4087b0f20438a137af02015c00c24c7e5f595341e12f707f1a72
1775599792367,2026-04-07T22:09:52.367000+00:00,SOL,A,83.05,0.48,Close Long,0.229392,0.017221,0xaf7935dcb17b4087b0f20438a137af02015c00c24c7e5f595341e12f707f1a72
1775599792367,2026-04-07T22:09:52.367000+00:00,SOL,A,83.045,0.14,Close Long,0.066206,0.005022,0xaf7935dcb17b4087b0f20438a137af02015c00c24c7e5f595341e12f707f1a72
1775599792367,2026-04-07T22:09:52.367000+00:00,SOL,A,83.045,0.18,Close Long,0.085122,0.006457,0xaf7935dcb17b4087b0f20438a137af02015c00c24c7e5f595341e12f707f1a72
1775599792367,2026-04-07T22:09:52.367000+00:00,SOL,A,83.039,0.14,Close Long,0.065366,0.005022,0xaf7935dcb17b4087b0f20438a137af02015c00c24c7e5f595341e12f707f1a72
1775599792367,2026-04-07T22:09:52.367000+00:00,SOL,A,83.039,0.18,Close Long,0.084042,0.006457,0xaf7935dcb17b4087b0f20438a137af02015c00c24c7e5f595341e12f707f1a72
1775599792367,2026-04-07T22:09:52.367000+00:00,SOL,A,83.038,22.86,Close Long,10.650474,0.820043,0xaf7935dcb17b4087b0f20438a137af02015c00c24c7e5f595341e12f707f1a72
1775599792367,2026-04-07T22:09:52.367000+00:00,SOL,A,83.038,76.08,Close Long,35.445672,2.729173,0xaf7935dcb17b4087b0f20438a137af02015c00c24c7e5f595341e12f707f1a72
1775599792367,2026-04-07T22:09:52.367000+00:00,SOL,A,83.036,0.15,Close Long,0.069585,0.00538,0xaf7935dcb17b4087b0f20438a137af02015c00c24c7e5f595341e12f707f1a72
1775599792367,2026-04-07T22:09:52.367000+00:00,SOL,A,83.033,521.31,Close Long,240.271779,18.699523,0xaf7935dcb17b4087b0f20438a137af02015c00c24c7e5f595341e12f707f1a72
1775599792367,2026-04-07T22:09:52.367000+00:00,SOL,A,83.033,391.44,Close Long,180.414696,14.041053,0xaf7935dcb17b4087b0f20438a137af02015c00c24c7e5f595341e12f707f1a72
1775599792367,2026-04-07T22:09:52.367000+00:00,SOL,A,83.032,0.18,Close Long,0.082782,0.006456,0xaf7935dcb17b4087b0f20438a137af02015c00c24c7e5f595341e12f707f1a72
1775599792367,2026-04-07T22:09:52.367000+00:00,SOL,A,83.032,0.14,Close Long,0.064386,0.005021,0xaf7935dcb17b4087b0f20438a137af02015c00c24c7e5f595341e12f707f1a72
1775599792367,2026-04-07T22:09:52.367000+00:00,SOL,A,83.031,1.36,Close Long,0.624104,0.048782,0xaf7935dcb17b4087b0f20438a137af02015c00c24c7e5f595341e12f707f1a72
1775599792367,2026-04-07T22:09:52.367000+00:00,SOL,A,83.03,86.2,Close Long,39.47098,3.091904,0xaf7935dcb17b4087b0f20438a137af02015c00c24c7e5f595341e12f707f1a72
1775599792367,2026-04-07T22:09:52.367000+00:00,SOL,A,83.028,93.95,Close Long,42.831805,3.369807,0xaf7935dcb17b4087b0f20438a137af02015c00c24c7e5f595341e12f707f1a72
1775599792367,2026-04-07T22:09:52.367000+00:00,SOL,A,83.028,170.53,Close Long,77.744627,6.116586,0xaf7935dcb17b4087b0f20438a137af02015c00c24c7e5f595341e12f707f1a72
1775599792367,2026-04-07T22:09:52.367000+00:00,SOL,A,83.028,101.55,Close Long,46.296645,3.642405,0xaf7935dcb17b4087b0f20438a137af02015c00c24c7e5f595341e12f707f1a72
1775599792367,2026-04-07T22:09:52.367000+00:00,SOL,A,83.027,84.25,Close Long,38.325325,3.02185,0xaf7935dcb17b4087b0f20438a137af02015c00c24c7e5f595341e12f707f1a72
1775599792367,2026-04-07T22:09:52.367000+00:00,SOL,A,83.027,5.4,Close Long,2.45646,0.193685,0xaf7935dcb17b4087b0f20438a137af02015c00c24c7e5f595341e12f707f1a72
1775599792367,2026-04-07T22:09:52.367000+00:00,SOL,A,83.026,0.14,Close Long,0.063546,0.005021,0xaf7935dcb17b4087b0f20438a137af02015c00c24c7e5f595341e12f707f1a72
1775599792367,2026-04-07T22:09:52.367000+00:00,SOL,A,83.026,88.67,Close Long,40.247313,3.180347,0xaf7935dcb17b4087b0f20438a137af02015c00c24c7e5f595341e12f707f1a72
1775599792367,2026-04-07T22:09:52.367000+00:00,SOL,A,83.025,0.18,Close Long,0.081522,0.006456,0xaf7935dcb17b4087b0f20438a137af02015c00c24c7e5f595341e12f707f1a72
1775599792367,2026-04-07T22:09:52.367000+00:00,SOL,A,83.025,60.23,Close Long,27.278167,2.160257,0xaf7935dcb17b4087b0f20438a137af02015c00c24c7e5f595341e12f707f1a72
1775599792367,2026-04-07T22:09:52.367000+00:00,SOL,A,83.025,0.25,Close Long,0.113225,0.008966,0xaf7935dcb17b4087b0f20438a137af02015c00c24c7e5f595341e12f707f1a72
1775599792367,2026-04-07T22:09:52.367000+00:00,SOL,A,83.024,0.14,Close Long,0.063266,0.005021,0xaf7935dcb17b4087b0f20438a137af02015c00c24c7e5f595341e12f707f1a72
1775599792367,2026-04-07T22:09:52.367000+00:00,SOL,A,83.023,15.02,Close Long,6.772518,0.538706,0xaf7935dcb17b4087b0f20438a137af02015c00c24c7e5f595341e12f707f1a72
1775599792367,2026-04-07T22:09:52.367000+00:00,SOL,A,83.023,193.92,Close Long,87.438528,6.955122,0xaf7935dcb17b4087b0f20438a137af02015c00c24c7e5f595341e12f707f1a72
1775599792367,2026-04-07T22:09:52.367000+00:00,SOL,A,83.023,1107.45,Close Long,499.349205,39.71973,0xaf7935dcb17b4087b0f20438a137af02015c00c24c7e5f595341e12f707f1a72
1775600049488,2026-04-07T22:14:09.488000+00:00,SOL,B,83.474,113.59,Open Long,0.0,4.096142,0x5ef9af52fbc1468160730438a145c30202e5003896c4655302c25aa5bac5206c
1775600049488,2026-04-07T22:14:09.488000+00:00,SOL,B,83.474,90.91,Open Long,0.0,3.278284,0x5ef9af52fbc1468160730438a145c30202e5003896c4655302c25aa5bac5206c
1775600049488,2026-04-07T22:14:09.488000+00:00,SOL,B,83.474,10.36,Open Long,0.0,0.373589,0x5ef9af52fbc1468160730438a145c30202e5003896c4655302c25aa5bac5206c
1775600049488,2026-04-07T22:14:09.488000+00:00,SOL,B,83.474,9.6,Open Long,0.0,0.346183,0x5ef9af52fbc1468160730438a145c30202e5003896c4655302c25aa5bac5206c
1775600049488,2026-04-07T22:14:09.488000+00:00,SOL,B,83.474,15.7,Open Long,0.0,0.566154,0x5ef9af52fbc1468160730438a145c30202e5003896c4655302c25aa5bac5206c
1775600049488,2026-04-07T22:14:09.488000+00:00,SOL,B,83.474,121.88,Open Long,0.0,4.395086,0x5ef9af52fbc1468160730438a145c30202e5003896c4655302c25aa5bac5206c
1775600049488,2026-04-07T22:14:09.488000+00:00,SOL,B,83.474,4.07,Open Long,0.0,0.146767,0x5ef9af52fbc1468160730438a145c30202e5003896c4655302c25aa5bac5206c
1775600049488,2026-04-07T22:14:09.488000+00:00,SOL,B,83.474,345.67,Open Long,0.0,12.465125,0x5ef9af52fbc1468160730438a145c30202e5003896c4655302c25aa5bac5206c
1775600049488,2026-04-07T22:14:09.488000+00:00,SOL,B,83.474,319.01,Open Long,0.0,11.503745,0x5ef9af52fbc1468160730438a145c30202e5003896c4655302c25aa5bac5206c
1775600049488,2026-04-07T22:14:09.488000+00:00,SOL,B,83.475,155.73,Open Long,0.0,5.61581,0x5ef9af52fbc1468160730438a145c30202e5003896c4655302c25aa5bac5206c
1775600049488,2026-04-07T22:14:09.488000+00:00,SOL,B,83.476,0.71,Open Long,0.0,0.025603,0x5ef9af52fbc1468160730438a145c30202e5003896c4655302c25aa5bac5206c
1775600049488,2026-04-07T22:14:09.488000+00:00,SOL,B,83.478,95.78,Open Long,0.0,3.454065,0x5ef9af52fbc1468160730438a145c30202e5003896c4655302c25aa5bac5206c
1775600049488,2026-04-07T22:14:09.488000+00:00,SOL,B,83.481,59.9,Open Long,0.0,2.160221,0x5ef9af52fbc1468160730438a145c30202e5003896c4655302c25aa5bac5206c
1775600049488,2026-04-07T22:14:09.488000+00:00,SOL,B,83.487,22.68,Open Long,0.0,0.817985,0x5ef9af52fbc1468160730438a145c30202e5003896c4655302c25aa5bac5206c
1775600049488,2026-04-07T22:14:09.488000+00:00,SOL,B,83.488,312.1,Open Long,0.0,11.256453,0x5ef9af52fbc1468160730438a145c30202e5003896c4655302c25aa5bac5206c
1775600049488,2026-04-07T22:14:09.488000+00:00,SOL,B,83.488,718.82,Open Long,0.0,25.925548,0x5ef9af52fbc1468160730438a145c30202e5003896c4655302c25aa5bac5206c
1775600049488,2026-04-07T22:14:09.488000+00:00,SOL,B,83.489,116.11,Open Long,0.0,4.187768,0x5ef9af52fbc1468160730438a145c30202e5003896c4655302c25aa5bac5206c
1775600049488,2026-04-07T22:14:09.488000+00:00,SOL,B,83.489,59.89,Open Long,0.0,2.160067,0x5ef9af52fbc1468160730438a145c30202e5003896c4655302c25aa5bac5206c
1775600049488,2026-04-07T22:14:09.488000+00:00,SOL,B,83.492,11.97,Open Long,0.0,0.43174,0x5ef9af52fbc1468160730438a145c30202e5003896c4655302c25aa5bac5206c
1775600049488,2026-04-07T22:14:09.488000+00:00,SOL,B,83.493,59.89,Open Long,0.0,2.16017,0x5ef9af52fbc1468160730438a145c30202e5003896c4655302c25aa5bac5206c
1775600049488,2026-04-07T22:14:09.488000+00:00,SOL,B,83.493,102.59,Open Long,0.0,3.700316,0x5ef9af52fbc1468160730438a145c30202e5003896c4655302c25aa5bac5206c
1775600049488,2026-04-07T22:14:09.488000+00:00,SOL,B,83.493,248.12,Open Long,0.0,8.949434,0x5ef9af52fbc1468160730438a145c30202e5003896c4655302c25aa5bac5206c
1775600052353,2026-04-07T22:14:12.353000+00:00,SOL,B,83.487,95.61,Open Long,0.0,3.448306,0x5544146916ced3d556bd0438a145ea020312004eb1c1f2a7f90cbfbbd5c2adbf
1775600052353,2026-04-07T22:14:12.353000+00:00,SOL,B,83.487,0.48,Open Long,0.0,0.017311,0x5544146916ced3d556bd0438a145ea020312004eb1c1f2a7f90cbfbbd5c2adbf
1775600052353,2026-04-07T22:14:12.353000+00:00,SOL,B,83.489,59.89,Open Long,0.0,2.160067,0x5544146916ced3d556bd0438a145ea020312004eb1c1f2a7f90cbfbbd5c2adbf
1775600052353,2026-04-07T22:14:12.353000+00:00,SOL,B,83.491,0.14,Open Long,0.0,0.005049,0x5544146916ced3d556bd0438a145ea020312004eb1c1f2a7f90cbfbbd5c2adbf
1775600052353,2026-04-07T22:14:12.353000+00:00,SOL,B,83.492,299.42,Open Long,0.0,10.799643,0x5544146916ced3d556bd0438a145ea020312004eb1c1f2a7f90cbfbbd5c2adbf
1775600052353,2026-04-07T22:14:12.353000+00:00,SOL,B,83.493,59.89,Open Long,0.0,2.16017,0x5544146916ced3d556bd0438a145ea020312004eb1c1f2a7f90cbfbbd5c2adbf
1775600052353,2026-04-07T22:14:12.353000+00:00,SOL,B,83.494,48.77,Open Long,0.0,1.759105,0x5544146916ced3d556bd0438a145ea020312004eb1c1f2a7f90cbfbbd5c2adbf
1775600052353,2026-04-07T22:14:12.353000+00:00,SOL,B,83.494,19.43,Open Long,0.0,0.700828,0x5544146916ced3d556bd0438a145ea020312004eb1c1f2a7f90cbfbbd5c2adbf
1775600052353,2026-04-07T22:14:12.353000+00:00,SOL,B,83.495,24.36,Open Long,0.0,0.878661,0x5544146916ced3d556bd0438a145ea020312004eb1c1f2a7f90cbfbbd5c2adbf
1775600052353,2026-04-07T22:14:12.353000+00:00,SOL,B,83.496,18.93,Open Long,0.0,0.68281,0x5544146916ced3d556bd0438a145ea020312004eb1c1f2a7f90cbfbbd5c2adbf
1775600052353,2026-04-07T22:14:12.353000+00:00,SOL,B,83.497,13.4,Open Long,0.0,0.483347,0x5544146916ced3d556bd0438a145ea020312004eb1c1f2a7f90cbfbbd5c2adbf
1775600052353,2026-04-07T22:14:12.353000+00:00,SOL,B,83.498,0.14,Open Long,0.0,0.005049,0x5544146916ced3d556bd0438a145ea020312004eb1c1f2a7f90cbfbbd5c2adbf
1775600052353,2026-04-07T22:14:12.353000+00:00,SOL,B,83.498,72.72,Open Long,0.0,2.623093,0x5544146916ced3d556bd0438a145ea020312004eb1c1f2a7f90cbfbbd5c2adbf
1775600052353,2026-04-07T22:14:12.353000+00:00,SOL,B,83.499,5.57,Open Long,0.0,0.200918,0x5544146916ced3d556bd0438a145ea020312004eb1c1f2a7f90cbfbbd5c2adbf
1775600052353,2026-04-07T22:14:12.353000+00:00,SOL,B,83.5,11.97,Open Long,0.0,0.431781,0x5544146916ced3d556bd0438a145ea020312004eb1c1f2a7f90cbfbbd5c2adbf
1775600052353,2026-04-07T22:14:12.353000+00:00,SOL,B,83.5,1.55,Open Long,0.0,0.055911,0x5544146916ced3d556bd0438a145ea020312004eb1c1f2a7f90cbfbbd5c2adbf
1775600052353,2026-04-07T22:14:12.353000+00:00,SOL,B,83.5,25.0,Open Long,0.0,0.9018,0x5544146916ced3d556bd0438a145ea020312004eb1c1f2a7f90cbfbbd5c2adbf
1775600052353,2026-04-07T22:14:12.353000+00:00,SOL,B,83.5,100.78,Open Long,0.0,3.635336,0x5544146916ced3d556bd0438a145ea020312004eb1c1f2a7f90cbfbbd5c2adbf
1775600052353,2026-04-07T22:14:12.353000+00:00,SOL,B,83.501,0.14,Open Long,0.0,0.00505,0x5544146916ced3d556bd0438a145ea020312004eb1c1f2a7f90cbfbbd5c2adbf
1775600052353,2026-04-07T22:14:12.353000+00:00,SOL,B,83.501,26.73,Open Long,0.0,0.964216,0x5544146916ced3d556bd0438a145ea020312004eb1c1f2a7f90cbfbbd5c2adbf
1775600052353,2026-04-07T22:14:12.353000+00:00,SOL,B,83.501,299.4,Open Long,0.0,10.800086,0x5544146916ced3d556bd0438a145ea020312004eb1c1f2a7f90cbfbbd5c2adbf
1775600052353,2026-04-07T22:14:12.353000+00:00,SOL,B,83.502,718.62,Open Long,0.0,25.922681,0x5544146916ced3d556bd0438a145ea020312004eb1c1f2a7f90cbfbbd5c2adbf
1775600052353,2026-04-07T22:14:12.353000+00:00,SOL,B,83.502,11.97,Open Long,0.0,0.431792,0x5544146916ced3d556bd0438a145ea020312004eb1c1f2a7f90cbfbbd5c2adbf
1775600052353,2026-04-07T22:14:12.353000+00:00,SOL,B,83.502,389.26,Open Long,0.0,14.041723,0x5544146916ced3d556bd0438a145ea020312004eb1c1f2a7f90cbfbbd5c2adbf
1775600052353,2026-04-07T22:14:12.353000+00:00,SOL,B,83.505,19.43,Open Long,0.0,0.70092,0x5544146916ced3d556bd0438a145ea020312004eb1c1f2a7f90cbfbbd5c2adbf
1775600052353,2026-04-07T22:14:12.353000+00:00,SOL,B,83.506,627.11,Open Long,0.0,22.622737,0x5544146916ced3d556bd0438a145ea020312004eb1c1f2a7f90cbfbbd5c2adbf
1775600052353,2026-04-07T22:14:12.353000+00:00,SOL,B,83.506,44.19,Open Long,0.0,1.594136,0x5544146916ced3d556bd0438a145ea020312004eb1c1f2a7f90cbfbbd5c2adbf
1775601472651,2026-04-07T22:37:52.651000+00:00,SOL,B,84.653,24.28,Open Long,0.0,0.887921,0x5c75fb3efe70924e5def0438a1944c0204db00249973b120003ea691bd746c39
1775601472651,2026-04-07T22:37:52.651000+00:00,SOL,B,84.658,597.13,Open Long,0.0,21.838391,0x5c75fb3efe70924e5def0438a1944c0204db00249973b120003ea691bd746c39
1775601472651,2026-04-07T22:37:52.651000+00:00,SOL,B,84.659,103.37,Open Long,0.0,3.780518,0x5c75fb3efe70924e5def0438a1944c0204db00249973b120003ea691bd746c39
1775601472651,2026-04-07T22:37:52.651000+00:00,SOL,B,84.659,355.02,Open Long,0.0,12.984035,0x5c75fb3efe70924e5def0438a1944c0204db00249973b120003ea691bd746c39
1775601472651,2026-04-07T22:37:52.651000+00:00,SOL,B,84.662,0.34,Open Long,0.0,0.012435,0x5c75fb3efe70924e5def0438a1944c0204db00249973b120003ea691bd746c39
1775601472651,2026-04-07T22:37:52.651000+00:00,SOL,B,84.666,23.7,Open Long,0.0,0.866844,0x5c75fb3efe70924e5def0438a1944c0204db00249973b120003ea691bd746c39
1775601472651,2026-04-07T22:37:52.651000+00:00,SOL,B,84.671,1642.31,Open Long,0.0,60.072204,0x5c75fb3efe70924e5def0438a1944c0204db00249973b120003ea691bd746c39
1775601472651,2026-04-07T22:37:52.651000+00:00,SOL,B,84.672,105.93,Open Long,0.0,3.874739,0x5c75fb3efe70924e5def0438a1944c0204db00249973b120003ea691bd746c39
1775601472651,2026-04-07T22:37:52.651000+00:00,SOL,B,84.674,99.05,Open Long,0.0,3.623166,0x5c75fb3efe70924e5def0438a1944c0204db00249973b120003ea691bd746c39
1775601472651,2026-04-07T22:37:52.651000+00:00,SOL,B,84.674,5.21,Open Long,0.0,0.190577,0x5c75fb3efe70924e5def0438a1944c0204db00249973b120003ea691bd746c39
1775603086676,2026-04-07T23:04:46.676000+00:00,SOL,A,85.327,48.77,Close Long,70.579944,1.797723,0xb1d780701d963b6ab3510438a1ec250206a00055b8995a3c55a02bc2dc9a1555
1775603086676,2026-04-07T23:04:46.676000+00:00,SOL,A,85.325,26.99,Close Long,39.005948,0.994862,0xb1d780701d963b6ab3510438a1ec250206a00055b8995a3c55a02bc2dc9a1555
1775603086676,2026-04-07T23:04:46.676000+00:00,SOL,A,85.322,5.45,Close Long,7.85999,0.200882,0xb1d780701d963b6ab3510438a1ec250206a00055b8995a3c55a02bc2dc9a1555
1775603086676,2026-04-07T23:04:46.676000+00:00,SOL,A,85.321,194.25,Close Long,279.9531,7.159797,0xb1d780701d963b6ab3510438a1ec250206a00055b8995a3c55a02bc2dc9a1555
1775603086676,2026-04-07T23:04:46.676000+00:00,SOL,A,85.318,77.68,Close Long,111.719376,2.86308,0xb1d780701d963b6ab3510438a1ec250206a00055b8995a3c55a02bc2dc9a1555
1775603086676,2026-04-07T23:04:46.676000+00:00,SOL,A,85.317,109.87,Close Long,157.905164,4.049472,0xb1d780701d963b6ab3510438a1ec250206a00055b8995a3c55a02bc2dc9a1555
1775603086676,2026-04-07T23:04:46.676000+00:00,SOL,A,85.314,97.27,Close Long,139.504634,3.584948,0xb1d780701d963b6ab3510438a1ec250206a00055b8995a3c55a02bc2dc9a1555
1775603086676,2026-04-07T23:04:46.676000+00:00,SOL,A,85.313,286.0,Close Long,409.8952,10.540591,0xb1d780701d963b6ab3510438a1ec250206a00055b8995a3c55a02bc2dc9a1555
1775603086676,2026-04-07T23:04:46.676000+00:00,SOL,A,85.312,100.8,Close Long,144.36576,3.714962,0xb1d780701d963b6ab3510438a1ec250206a00055b8995a3c55a02bc2dc9a1555
1775603086676,2026-04-07T23:04:46.676000+00:00,SOL,A,85.311,234.43,Close Long,335.516216,8.639765,0xb1d780701d963b6ab3510438a1ec250206a00055b8995a3c55a02bc2dc9a1555
1775603086676,2026-04-07T23:04:46.676000+00:00,SOL,A,85.311,319.38,Close Long,457.096656,11.770542,0xb1d780701d963b6ab3510438a1ec250206a00055b8995a3c55a02bc2dc9a1555
1775603086676,2026-04-07T23:04:46.676000+00:00,SOL,A,85.311,5.65,Close Long,8.08628,0.208227,0xb1d780701d963b6ab3510438a1ec250206a00055b8995a3c55a02bc2dc9a1555
1775603086676,2026-04-07T23:04:46.676000+00:00,SOL,A,85.311,5.76,Close Long,8.243712,0.212281,0xb1d780701d963b6ab3510438a1ec250206a00055b8995a3c55a02bc2dc9a1555
1775603086676,2026-04-07T23:04:46.676000+00:00,SOL,A,85.31,597.13,Close Long,854.015326,22.006581,0xb1d780701d963b6ab3510438a1ec250206a00055b8995a3c55a02bc2dc9a1555
1775603086676,2026-04-07T23:04:46.676000+00:00,SOL,A,85.308,127.15,Close Long,181.59563,4.685866,0xb1d780701d963b6ab3510438a1ec250206a00055b8995a3c55a02bc2dc9a1555
1775603109298,2026-04-07T23:05:09.298000+00:00,SOL,A,85.225,0.13,Close Long,0.174876,0.004786,0x21591eac817553a822d20438a1ed5f0205ec00921c78727ac521c9ff40792d92
1775603109298,2026-04-07T23:05:09.298000+00:00,SOL,A,85.219,12.07,Close Long,16.164144,0.444352,0x21591eac817553a822d20438a1ed5f0205ec00921c78727ac521c9ff40792d92
1775603109298,2026-04-07T23:05:09.298000+00:00,SOL,A,85.218,0.13,Close Long,0.173966,0.004785,0x21591eac817553a822d20438a1ed5f0205ec00921c78727ac521c9ff40792d92
1775603109298,2026-04-07T23:05:09.298000+00:00,SOL,A,85.213,333.93,Close Long,445.195476,12.292636,0x21591eac817553a822d20438a1ed5f0205ec00921c78727ac521c9ff40792d92
1775603109298,2026-04-07T23:05:09.298000+00:00,SOL,A,85.212,0.13,Close Long,0.173186,0.004785,0x21591eac817553a822d20438a1ed5f0205ec00921c78727ac521c9ff40792d92
1775603109298,2026-04-07T23:05:09.298000+00:00,SOL,A,85.2,0.27,Close Long,0.356454,0.009937,0x21591eac817553a822d20438a1ed5f0205ec00921c78727ac521c9ff40792d92
1775603109298,2026-04-07T23:05:09.298000+00:00,SOL,A,85.2,17.52,Close Long,23.129904,0.644848,0x21591eac817553a822d20438a1ed5f0205ec00921c78727ac521c9ff40792d92
1775603109298,2026-04-07T23:05:09.298000+00:00,SOL,A,85.199,195.72,Close Long,258.193824,7.203664,0x21591eac817553a822d20438a1ed5f0205ec00921c78727ac521c9ff40792d92
1775603109298,2026-04-07T23:05:09.298000+00:00,SOL,A,85.198,0.13,Close Long,0.171366,0.004784,0x21591eac817553a822d20438a1ed5f0205ec00921c78727ac521c9ff40792d92
1775603109298,2026-04-07T23:05:09.298000+00:00,SOL,A,85.198,5.86,Close Long,7.724652,0.21568,0x21591eac817553a822d20438a1ed5f0205ec00921c78727ac521c9ff40792d92
1775603109298,2026-04-07T23:05:09.298000+00:00,SOL,A,85.196,36.12,Close Long,47.541144,1.329384,0x21591eac817553a822d20438a1ed5f0205ec00921c78727ac521c9ff40792d92
1775603109298,2026-04-07T23:05:09.298000+00:00,SOL,A,85.194,20.54,Close Long,26.993668,0.75595,0x21591eac817553a822d20438a1ed5f0205ec00921c78727ac521c9ff40792d92
1775603109298,2026-04-07T23:05:09.298000+00:00,SOL,A,85.192,27.22,Close Long,35.718084,1.001776,0x21591eac817553a822d20438a1ed5f0205ec00921c78727ac521c9ff40792d92
1775603109298,2026-04-07T23:05:09.298000+00:00,SOL,A,85.191,0.13,Close Long,0.170456,0.004784,0x21591eac817553a822d20438a1ed5f0205ec00921c78727ac521c9ff40792d92
1775603109298,2026-04-07T23:05:09.298000+00:00,SOL,A,85.191,597.13,Close Long,782.956856,21.975883,0x21591eac817553a822d20438a1ed5f0205ec00921c78727ac521c9ff40792d92
1775603109298,2026-04-07T23:05:09.298000+00:00,SOL,A,85.19,9.39,Close Long,12.302778,0.345571,0x21591eac817553a822d20438a1ed5f0205ec00921c78727ac521c9ff40792d92
1775603109298,2026-04-07T23:05:09.298000+00:00,SOL,A,85.189,116.94,Close Long,153.097848,4.303584,0x21591eac817553a822d20438a1ed5f0205ec00921c78727ac521c9ff40792d92
1775603109298,2026-04-07T23:05:09.298000+00:00,SOL,A,85.187,15.0,Close Long,19.608,0.552011,0x21591eac817553a822d20438a1ed5f0205ec00921c78727ac521c9ff40792d92
1775603109298,2026-04-07T23:05:09.298000+00:00,SOL,A,85.186,0.57,Close Long,0.744534,0.020976,0x21591eac817553a822d20438a1ed5f0205ec00921c78727ac521c9ff40792d92
1775603109298,2026-04-07T23:05:09.298000+00:00,SOL,A,85.185,0.13,Close Long,0.169676,0.004783,0x21591eac817553a822d20438a1ed5f0205ec00921c78727ac521c9ff40792d92
1775603109298,2026-04-07T23:05:09.298000+00:00,SOL,A,85.184,24.1,Close Long,31.43122,0.886867,0x21591eac817553a822d20438a1ed5f0205ec00921c78727ac521c9ff40792d92
1775603109298,2026-04-07T23:05:09.298000+00:00,SOL,A,85.184,264.27,Close Long,344.660934,9.725,0x21591eac817553a822d20438a1ed5f0205ec00921c78727ac521c9ff40792d92
1775603536553,2026-04-07T23:12:16.553000+00:00,SOL,A,85.465,47.53,Close Long,75.344556,1.754849,0x3361f95bbf8ac45d34db0438a2049d0206bf00415a8de32fd72aa4ae7e8e9e47
1775603536553,2026-04-07T23:12:16.553000+00:00,SOL,A,85.465,72.85,Close Long,115.48182,2.689686,0x3361f95bbf8ac45d34db0438a2049d0206bf00415a8de32fd72aa4ae7e8e9e47
1775603536553,2026-04-07T23:12:16.553000+00:00,SOL,A,85.465,73.44,Close Long,116.417088,2.711469,0x3361f95bbf8ac45d34db0438a2049d0206bf00415a8de32fd72aa4ae7e8e9e47
1775603536553,2026-04-07T23:12:16.553000+00:00,SOL,A,85.465,9.66,Close Long,15.313032,0.356655,0x3361f95bbf8ac45d34db0438a2049d0206bf00415a8de32fd72aa4ae7e8e9e47
1775603536553,2026-04-07T23:12:16.553000+00:00,SOL,A,85.464,51.2,Close Long,81.11104,1.890326,0x3361f95bbf8ac45d34db0438a2049d0206bf00415a8de32fd72aa4ae7e8e9e47
1775603536553,2026-04-07T23:12:16.553000+00:00,SOL,A,85.463,51.21,Close Long,81.075672,1.890674,0x3361f95bbf8ac45d34db0438a2049d0206bf00415a8de32fd72aa4ae7e8e9e47
1775603536553,2026-04-07T23:12:16.553000+00:00,SOL,A,85.462,51.21,Close Long,81.024462,1.890651,0x3361f95bbf8ac45d34db0438a2049d0206bf00415a8de32fd72aa4ae7e8e9e47
1775603536553,2026-04-07T23:12:16.553000+00:00,SOL,A,85.462,702.13,Close Long,1110.910086,25.922347,0x3361f95bbf8ac45d34db0438a2049d0206bf00415a8de32fd72aa4ae7e8e9e47
1775603536553,2026-04-07T23:12:16.553000+00:00,SOL,A,85.461,51.21,Close Long,80.973252,1.890629,0x3361f95bbf8ac45d34db0438a2049d0206bf00415a8de32fd72aa4ae7e8e9e47
1775603536553,2026-04-07T23:12:16.553000+00:00,SOL,A,85.461,122.44,Close Long,193.602128,4.52038,0x3361f95bbf8ac45d34db0438a2049d0206bf00415a8de32fd72aa4ae7e8e9e47
1775603536553,2026-04-07T23:12:16.553000+00:00,SOL,A,85.46,25.19,Close Long,39.805238,0.929982,0x3361f95bbf8ac45d34db0438a2049d0206bf00415a8de32fd72aa4ae7e8e9e47
1775603873397,2026-04-07T23:17:53.397000+00:00,SOL,A,85.27,35.19,Close Long,48.921138,1.296281,0x842474e0cc563aa1859e0438a2171a0208e300c66759597327ed20338b5a148c
1775603873397,2026-04-07T23:17:53.397000+00:00,SOL,A,85.27,152.45,Close Long,211.93599,5.615745,0x842474e0cc563aa1859e0438a2171a0208e300c66759597327ed20338b5a148c
1775603873397,2026-04-07T23:17:53.397000+00:00,SOL,A,85.27,35.19,Close Long,48.921138,1.296281,0x842474e0cc563aa1859e0438a2171a0208e300c66759597327ed20338b5a148c
1775603873397,2026-04-07T23:17:53.397000+00:00,SOL,A,85.27,562.9,Close Long,782.54358,20.735344,0x842474e0cc563aa1859e0438a2171a0208e300c66759597327ed20338b5a148c
1775603873397,2026-04-07T23:17:53.397000+00:00,SOL,A,85.269,43.47,Close Long,60.388524,1.601269,0x842474e0cc563aa1859e0438a2171a0208e300c66759597327ed20338b5a148c
1775603873397,2026-04-07T23:17:53.397000+00:00,SOL,A,85.269,112.0,Close Long,155.5904,4.125655,0x842474e0cc563aa1859e0438a2171a0208e300c66759597327ed20338b5a148c
1775603873397,2026-04-07T23:17:53.397000+00:00,SOL,A,85.269,2.36,Close Long,3.278512,0.086933,0x842474e0cc563aa1859e0438a2171a0208e300c66759597327ed20338b5a148c
1775604125239,2026-04-07T23:22:05.239000+00:00,SOL,A,85.833,5.82,Close Long,11.367624,0.215804,0x4ae917a2c74c25724c620438a224f50204e30088624f4444eeb1c2f5864fff5c
1775604125239,2026-04-07T23:22:05.239000+00:00,SOL,A,85.826,0.13,Close Long,0.253006,0.004819,0x4ae917a2c74c25724c620438a224f50204e30088624f4444eeb1c2f5864fff5c
1775604125239,2026-04-07T23:22:05.239000+00:00,SOL,A,85.826,15.0,Close Long,29.193,0.556152,0x4ae917a2c74c25724c620438a224f50204e30088624f4444eeb1c2f5864fff5c
1775604125239,2026-04-07T23:22:05.239000+00:00,SOL,A,85.824,17.88,Close Long,34.762296,0.662918,0x4ae917a2c74c25724c620438a224f50204e30088624f4444eeb1c2f5864fff5c
1775604125239,2026-04-07T23:22:05.239000+00:00,SOL,A,85.824,7.17,Close Long,13.939914,0.265834,0x4ae917a2c74c25724c620438a224f50204e30088624f4444eeb1c2f5864fff5c
1775604125239,2026-04-07T23:22:05.239000+00:00,SOL,A,85.823,9.32,Close Long,18.110624,0.345543,0x4ae917a2c74c25724c620438a224f50204e30088624f4444eeb1c2f5864fff5c
