datetime,open,high,low,close,volume
2025-10-19T08:00:00+00:00,19.94,20.164,19.81,19.878,24707.79
2025-10-19T09:00:00+00:00,19.835,20.267,19.741,20.169,46526.34
2025-10-19T10:00:00+00:00,20.156,20.511,20.083,20.416,36473.73
2025-10-19T11:00:00+00:00,20.425,20.586,20.355,20.381,13319.54
2025-10-19T12:00:00+00:00,20.396,20.436,20.304,20.42,7938.78
2025-10-19T13:00:00+00:00,20.432,20.761,20.395,20.73,14601.1
2025-10-19T14:00:00+00:00,20.718,20.819,20.604,20.77,31734.14
2025-10-19T15:00:00+00:00,20.77,20.777,20.647,20.723,24154.55
2025-10-19T16:00:00+00:00,20.726,20.735,20.546,20.633,41805.57
2025-10-19T17:00:00+00:00,20.634,20.824,20.628,20.676,19066.19
2025-10-19T18:00:00+00:00,20.676,20.775,20.674,20.775,6960.89
2025-10-19T19:00:00+00:00,20.775,20.789,20.672,20.703,11406.56
2025-10-19T20:00:00+00:00,20.713,20.79,20.662,20.782,3348.55
2025-10-19T21:00:00+00:00,20.789,20.789,20.612,20.651,8766.74
2025-10-19T22:00:00+00:00,20.663,20.788,20.663,20.73,7203.34
2025-10-19T23:00:00+00:00,20.715,20.715,20.557,20.584,9932.94
2025-10-20T00:00:00+00:00,20.577,20.581,20.153,20.382,28461.96
2025-10-20T01:00:00+00:00,20.4,20.435,20.297,20.333,12161.77
2025-10-20T02:00:00+00:00,20.336,20.507,20.195,20.442,6907.93
2025-10-20T03:00:00+00:00,20.445,21.059,20.379,21.005,19430.17
2025-10-20T04:00:00+00:00,21.006,21.081,20.961,21.031,17810.5
2025-10-20T05:00:00+00:00,21.042,21.042,20.835,20.94,26252.43
2025-10-20T06:00:00+00:00,20.942,21.195,20.905,21.052,28274.04
2025-10-20T07:00:00+00:00,21.045,21.079,20.853,20.909,23455.88
2025-10-20T08:00:00+00:00,20.907,20.923,20.771,20.8,32659.01
2025-10-20T09:00:00+00:00,20.8,20.803,20.706,20.762,13196.0
2025-10-20T10:00:00+00:00,20.766,20.873,20.659,20.708,26131.3
2025-10-20T11:00:00+00:00,20.709,20.768,20.608,20.763,42354.09
2025-10-20T12:00:00+00:00,20.762,20.762,20.607,20.651,20288.29
2025-10-20T13:00:00+00:00,20.671,20.797,20.537,20.752,16363.09
2025-10-20T14:00:00+00:00,20.756,20.777,20.534,20.717,8411.32
2025-10-20T15:00:00+00:00,20.732,20.848,20.587,20.587,38936.9
2025-10-20T16:00:00+00:00,20.584,20.585,20.232,20.335,72624.26
2025-10-20T17:00:00+00:00,20.338,20.487,20.219,20.358,29371.18
2025-10-20T18:00:00+00:00,20.353,20.443,20.3,20.437,17278.11
2025-10-20T19:00:00+00:00,20.437,20.593,20.347,20.52,31045.57
2025-10-20T20:00:00+00:00,20.516,20.56,20.467,20.536,10648.75
2025-10-20T21:00:00+00:00,20.542,20.617,20.365,20.38,24024.14
2025-10-20T22:00:00+00:00,20.375,20.437,20.325,20.413,6193.01
2025-10-20T23:00:00+00:00,20.415,20.433,20.319,20.343,18150.15
2025-10-21T00:00:00+00:00,20.329,20.358,20.261,20.288,6891.25
2025-10-21T01:00:00+00:00,20.277,20.284,20.04,20.099,20363.98
2025-10-21T02:00:00+00:00,20.097,20.104,19.922,19.922,11871.36
2025-10-21T03:00:00+00:00,19.933,19.977,19.817,19.843,4382.19
2025-10-21T04:00:00+00:00,19.841,19.841,19.458,19.509,28792.38
2025-10-21T05:00:00+00:00,19.514,19.599,19.466,19.484,4914.1
2025-10-21T06:00:00+00:00,19.488,19.651,19.477,19.636,4707.49
2025-10-21T07:00:00+00:00,19.629,19.759,19.58,19.754,5895.99
2025-10-21T08:00:00+00:00,19.763,19.766,19.587,19.73,19580.57
2025-10-21T09:00:00+00:00,19.728,19.83,19.703,19.788,19360.7
2025-10-21T10:00:00+00:00,19.789,19.978,19.712,19.921,12713.68
2025-10-21T11:00:00+00:00,19.916,20.014,19.857,19.974,16127.72
2025-10-21T12:00:00+00:00,19.975,20.168,19.928,20.006,20132.16
2025-10-21T13:00:00+00:00,20.024,20.048,19.811,19.865,22021.76
2025-10-21T14:00:00+00:00,19.874,20.566,19.861,20.535,54473.61
2025-10-21T15:00:00+00:00,20.55,20.832,20.45,20.753,86123.02
2025-10-21T16:00:00+00:00,20.764,20.835,20.354,20.398,50996.34
2025-10-21T17:00:00+00:00,20.405,20.511,20.24,20.441,54003.87
2025-10-21T18:00:00+00:00,20.441,20.505,20.331,20.478,23211.7
2025-10-21T19:00:00+00:00,20.467,20.522,20.39,20.39,19956.28
2025-10-21T20:00:00+00:00,20.391,20.415,20.115,20.15,28715.44
2025-10-21T21:00:00+00:00,20.124,20.177,19.837,20.082,35582.9
2025-10-21T22:00:00+00:00,20.077,20.079,19.709,19.763,41124.57
2025-10-21T23:00:00+00:00,19.734,19.802,19.469,19.525,49171.65
2025-10-22T00:00:00+00:00,19.524,19.64,19.359,19.367,29779.0
2025-10-22T01:00:00+00:00,19.371,19.571,19.338,19.533,14973.65
2025-10-22T02:00:00+00:00,19.546,19.597,19.451,19.452,22291.37
2025-10-22T03:00:00+00:00,19.45,19.451,19.339,19.429,10776.55
2025-10-22T04:00:00+00:00,19.437,19.587,19.429,19.586,16790.8
2025-10-22T05:00:00+00:00,19.575,19.636,19.286,19.428,20733.55
2025-10-22T06:00:00+00:00,19.427,19.495,19.39,19.403,8813.21
2025-10-22T07:00:00+00:00,19.4,19.575,19.332,19.564,7164.48
2025-10-22T08:00:00+00:00,19.552,19.671,19.475,19.581,12868.41
2025-10-22T09:00:00+00:00,19.58,19.61,19.357,19.419,7777.48
2025-10-22T10:00:00+00:00,19.418,19.482,19.345,19.382,9874.8
2025-10-22T11:00:00+00:00,19.397,19.609,19.15,19.573,50012.11
2025-10-22T12:00:00+00:00,19.57,19.674,19.495,19.5,14615.43
2025-10-22T13:00:00+00:00,19.512,19.675,19.4,19.656,19909.42
2025-10-22T14:00:00+00:00,19.634,19.635,19.25,19.599,38942.66
2025-10-22T15:00:00+00:00,19.613,19.708,19.37,19.517,25863.11
2025-10-22T16:00:00+00:00,19.529,19.581,19.33,19.439,43789.28
2025-10-22T17:00:00+00:00,19.437,19.5,19.24,19.284,20101.52
2025-10-22T18:00:00+00:00,19.286,19.337,19.168,19.182,11620.01
2025-10-22T19:00:00+00:00,19.208,19.385,18.81,19.06,34198.4
2025-10-22T20:00:00+00:00,19.059,19.093,18.868,18.922,14313.28
2025-10-22T21:00:00+00:00,18.92,18.92,18.444,18.66,91844.49
2025-10-22T22:00:00+00:00,18.666,18.804,18.637,18.747,13420.93
2025-10-22T23:00:00+00:00,18.739,19.017,18.739,19.001,14527.67
2025-10-23T00:00:00+00:00,19.002,19.076,18.965,19.028,15773.53
2025-10-23T01:00:00+00:00,19.036,19.138,19.023,19.072,9275.01
2025-10-23T02:00:00+00:00,19.087,19.189,19.076,19.101,13990.72
2025-10-23T03:00:00+00:00,19.1,19.157,19.064,19.095,6551.71
2025-10-23T04:00:00+00:00,19.101,19.223,19.084,19.186,15011.14
2025-10-23T05:00:00+00:00,19.186,19.32,19.184,19.32,6088.3
2025-10-23T06:00:00+00:00,19.327,19.562,19.287,19.55,15589.75
2025-10-23T07:00:00+00:00,19.556,19.564,19.441,19.53,15086.37
2025-10-23T08:00:00+00:00,19.542,19.602,19.504,19.509,18411.77
2025-10-23T09:00:00+00:00,19.513,19.548,19.467,19.536,13344.9
2025-10-23T10:00:00+00:00,19.55,19.592,19.516,19.522,9689.49
2025-10-23T11:00:00+00:00,19.515,19.524,19.395,19.408,21531.75
2025-10-23T12:00:00+00:00,19.406,19.406,19.255,19.369,29510.11
2025-10-23T13:00:00+00:00,19.371,19.473,19.255,19.424,20694.21
2025-10-23T14:00:00+00:00,19.425,19.476,19.275,19.41,13901.92
2025-10-23T15:00:00+00:00,19.426,19.61,19.389,19.544,24546.24
2025-10-23T16:00:00+00:00,19.547,19.731,19.527,19.685,16598.04
2025-10-23T17:00:00+00:00,19.685,19.732,19.525,19.67,43395.5
2025-10-23T18:00:00+00:00,19.677,19.687,19.475,19.502,21980.51
2025-10-23T19:00:00+00:00,19.502,19.521,19.37,19.37,24853.12
2025-10-23T20:00:00+00:00,19.373,19.373,19.09,19.143,86171.73
2025-10-23T21:00:00+00:00,19.119,19.194,19.08,19.099,14221.17
2025-10-23T22:00:00+00:00,19.097,19.164,19.053,19.053,9210.02
2025-10-23T23:00:00+00:00,19.053,19.133,18.975,19.118,40669.72
2025-10-24T00:00:00+00:00,19.12,19.267,19.02,19.212,65857.77
2025-10-24T01:00:00+00:00,19.215,19.252,19.07,19.195,14190.75
2025-10-24T02:00:00+00:00,19.203,19.217,19.097,19.18,15787.77
2025-10-24T03:00:00+00:00,19.182,19.213,19.121,19.202,15369.14
2025-10-24T04:00:00+00:00,19.206,19.615,19.17,19.542,35267.19
2025-10-24T05:00:00+00:00,19.555,19.653,19.517,19.61,18483.58
2025-10-24T06:00:00+00:00,19.609,19.625,19.552,19.623,11861.05
2025-10-24T07:00:00+00:00,19.617,19.619,19.409,19.488,17364.72
2025-10-24T08:00:00+00:00,19.487,19.667,19.412,19.598,30049.65
2025-10-24T09:00:00+00:00,19.599,19.621,19.545,19.565,16685.01
2025-10-24T10:00:00+00:00,19.572,19.573,19.488,19.49,15642.72
2025-10-24T11:00:00+00:00,19.5,19.51,19.372,19.484,25595.24
2025-10-24T12:00:00+00:00,19.491,19.924,19.473,19.609,60045.74
2025-10-24T13:00:00+00:00,19.61,19.66,19.482,19.635,43221.23
2025-10-24T14:00:00+00:00,19.629,19.629,19.25,19.298,31098.24
2025-10-24T15:00:00+00:00,19.298,19.437,19.217,19.252,18843.49
2025-10-24T16:00:00+00:00,19.258,19.349,19.122,19.203,18912.19
2025-10-24T17:00:00+00:00,19.207,19.332,19.201,19.242,11121.02
2025-10-24T18:00:00+00:00,19.241,19.389,19.23,19.389,12848.04
2025-10-24T19:00:00+00:00,19.391,19.557,19.389,19.514,29861.34
2025-10-24T20:00:00+00:00,19.511,19.632,19.502,19.567,16135.74
2025-10-24T21:00:00+00:00,19.588,19.619,19.528,19.597,9524.65
2025-10-24T22:00:00+00:00,19.609,19.616,19.53,19.554,3130.71
2025-10-24T23:00:00+00:00,19.544,19.544,19.466,19.493,14943.97
2025-10-25T00:00:00+00:00,19.489,19.517,19.375,19.409,4961.16
2025-10-25T01:00:00+00:00,19.413,19.512,19.374,19.431,1676.85
2025-10-25T02:00:00+00:00,19.44,19.452,19.376,19.391,10999.87
2025-10-25T03:00:00+00:00,19.389,19.404,19.322,19.332,4898.62
2025-10-25T04:00:00+00:00,19.329,19.408,19.317,19.323,4375.81
2025-10-25T05:00:00+00:00,19.325,19.366,19.31,19.351,2430.44
2025-10-25T06:00:00+00:00,19.355,19.373,19.294,19.307,4054.7
2025-10-25T07:00:00+00:00,19.308,19.449,19.302,19.349,12239.97
2025-10-25T08:00:00+00:00,19.351,19.425,19.341,19.425,3478.19
2025-10-25T09:00:00+00:00,19.435,19.441,19.316,19.33,10116.13
2025-10-25T10:00:00+00:00,19.33,19.343,19.238,19.291,7595.72
2025-10-25T11:00:00+00:00,19.289,19.357,19.268,19.333,4583.97
2025-10-25T12:00:00+00:00,19.326,19.548,19.319,19.544,22569.66
2025-10-25T13:00:00+00:00,19.539,19.543,19.454,19.505,18459.57
2025-10-25T14:00:00+00:00,19.503,19.548,19.465,19.546,17643.44
2025-10-25T15:00:00+00:00,19.541,19.547,19.482,19.514,7952.78
2025-10-25T16:00:00+00:00,19.52,19.533,19.451,19.486,9954.56
2025-10-25T17:00:00+00:00,19.483,19.537,19.469,19.517,10448.51
2025-10-25T18:00:00+00:00,19.512,19.707,19.499,19.706,17927.53
2025-10-25T19:00:00+00:00,19.709,19.829,19.706,19.738,24500.31
2025-10-25T20:00:00+00:00,19.742,19.761,19.666,19.667,5363.34
2025-10-25T21:00:00+00:00,19.677,19.704,19.632,19.689,6993.73
2025-10-25T22:00:00+00:00,19.696,19.765,19.649,19.754,5617.3
2025-10-25T23:00:00+00:00,19.756,19.756,19.69,19.715,4143.64
2025-10-26T00:00:00+00:00,19.715,19.787,19.633,19.668,7031.03
2025-10-26T01:00:00+00:00,19.672,19.686,19.462,19.524,10169.62
2025-10-26T02:00:00+00:00,19.513,19.533,19.373,19.416,8428.83
2025-10-26T03:00:00+00:00,19.416,19.426,19.338,19.37,4410.08
2025-10-26T04:00:00+00:00,19.379,19.517,19.363,19.476,4474.7
2025-10-26T05:00:00+00:00,19.478,19.664,19.443,19.654,6861.03
2025-10-26T06:00:00+00:00,19.651,19.687,19.598,19.654,11408.67
2025-10-26T07:00:00+00:00,19.649,19.715,19.627,19.705,4332.39
2025-10-26T08:00:00+00:00,19.7,20.107,19.7,20.006,25979.97
2025-10-26T09:00:00+00:00,20.003,20.133,19.925,20.087,24857.55
2025-10-26T10:00:00+00:00,20.065,20.085,19.966,19.989,16423.48
2025-10-26T11:00:00+00:00,19.989,20.389,19.913,20.355,26060.1
2025-10-26T12:00:00+00:00,20.362,20.424,20.261,20.33,32162.19
2025-10-26T13:00:00+00:00,20.331,20.66,20.33,20.577,39358.08
2025-10-26T14:00:00+00:00,20.579,20.617,20.405,20.448,25184.41
2025-10-26T15:00:00+00:00,20.446,20.464,20.278,20.401,24135.04
2025-10-26T16:00:00+00:00,20.401,20.409,20.253,20.283,22381.56
2025-10-26T17:00:00+00:00,20.279,20.311,20.221,20.261,5644.55
2025-10-26T18:00:00+00:00,20.261,20.312,20.239,20.265,4324.11
2025-10-26T19:00:00+00:00,20.26,20.305,20.199,20.304,21212.28
2025-10-26T20:00:00+00:00,20.303,20.303,20.134,20.175,16746.05
2025-10-26T21:00:00+00:00,20.175,20.291,20.106,20.252,11560.67
2025-10-26T22:00:00+00:00,20.256,20.772,20.256,20.708,64461.44
2025-10-26T23:00:00+00:00,20.709,20.943,20.685,20.811,33528.08
2025-10-27T00:00:00+00:00,20.813,20.961,20.783,20.786,11398.71
2025-10-27T01:00:00+00:00,20.786,20.972,20.734,20.966,12498.0
2025-10-27T02:00:00+00:00,20.963,21.03,20.826,20.926,53483.79
2025-10-27T03:00:00+00:00,20.912,20.956,20.76,20.799,31167.88
2025-10-27T04:00:00+00:00,20.797,20.993,20.76,20.964,33290.04
2025-10-27T05:00:00+00:00,20.962,21.085,20.936,20.936,13087.31
2025-10-27T06:00:00+00:00,20.936,20.999,20.828,20.962,14587.65
2025-10-27T07:00:00+00:00,20.966,21.03,20.661,20.804,22701.01
2025-10-27T08:00:00+00:00,20.804,20.898,20.613,20.643,40400.69
2025-10-27T09:00:00+00:00,20.649,20.651,20.456,20.533,34596.37
2025-10-27T10:00:00+00:00,20.527,20.61,20.439,20.552,9976.12
2025-10-27T11:00:00+00:00,20.557,20.647,20.419,20.554,14300.09
2025-10-27T12:00:00+00:00,20.558,20.559,20.373,20.378,8783.9
2025-10-27T13:00:00+00:00,20.378,20.545,20.238,20.487,62911.75
2025-10-27T14:00:00+00:00,20.493,20.504,20.296,20.35,29101.48
2025-10-27T15:00:00+00:00,20.353,20.494,20.352,20.45,5439.58
2025-10-27T16:00:00+00:00,20.45,20.745,20.45,20.722,13007.95
2025-10-27T17:00:00+00:00,20.725,20.732,20.613,20.658,17643.52
2025-10-27T18:00:00+00:00,20.657,20.785,20.6,20.658,7724.75
2025-10-27T19:00:00+00:00,20.658,20.678,20.566,20.595,15255.97
2025-10-27T20:00:00+00:00,20.59,20.624,20.461,20.461,30608.07
2025-10-27T21:00:00+00:00,20.458,20.541,20.353,20.47,46672.88
2025-10-27T22:00:00+00:00,20.458,20.53,20.291,20.314,12393.25
2025-10-27T23:00:00+00:00,20.311,20.332,20.168,20.314,12548.32
2025-10-28T00:00:00+00:00,20.316,20.402,20.245,20.308,21990.57
2025-10-28T01:00:00+00:00,20.318,20.459,20.318,20.423,8096.63
2025-10-28T02:00:00+00:00,20.434,20.45,20.186,20.292,10349.56
2025-10-28T03:00:00+00:00,20.289,20.367,20.146,20.212,9745.05
2025-10-28T04:00:00+00:00,20.21,20.426,20.151,20.375,16181.17
2025-10-28T05:00:00+00:00,20.376,20.424,19.982,19.994,17220.62
2025-10-28T06:00:00+00:00,20.002,20.378,19.983,20.363,19093.39
2025-10-28T07:00:00+00:00,20.372,20.481,20.273,20.295,27462.65
2025-10-28T08:00:00+00:00,20.299,20.51,20.252,20.454,28665.88
2025-10-28T09:00:00+00:00,20.456,20.468,20.243,20.316,13598.41
2025-10-28T10:00:00+00:00,20.316,20.316,20.199,20.278,12598.39
2025-10-28T11:00:00+00:00,20.276,20.342,20.162,20.183,3868.05
2025-10-28T12:00:00+00:00,20.178,20.453,20.162,20.303,30042.47
2025-10-28T13:00:00+00:00,20.313,20.423,20.28,20.367,29631.82
2025-10-28T14:00:00+00:00,20.364,20.47,19.789,20.079,64356.88
2025-10-28T15:00:00+00:00,20.088,20.167,19.92,19.987,26982.97
2025-10-28T16:00:00+00:00,19.983,20.173,19.906,20.109,30851.19
2025-10-28T17:00:00+00:00,20.105,20.149,20.039,20.082,13317.79
2025-10-28T18:00:00+00:00,20.085,20.095,19.908,19.97,13639.12
2025-10-28T19:00:00+00:00,19.971,20.007,19.553,19.628,62829.97
2025-10-28T20:00:00+00:00,19.615,19.616,19.213,19.354,154389.08
2025-10-28T21:00:00+00:00,19.333,19.481,19.15,19.393,36931.32
2025-10-28T22:00:00+00:00,19.392,19.556,19.335,19.533,20977.63
2025-10-28T23:00:00+00:00,19.535,19.535,19.447,19.459,18113.21
2025-10-29T00:00:00+00:00,19.458,19.532,19.364,19.382,12072.52
2025-10-29T01:00:00+00:00,19.385,19.518,19.357,19.423,7426.23
2025-10-29T02:00:00+00:00,19.424,19.54,19.405,19.505,8333.86
2025-10-29T03:00:00+00:00,19.512,19.512,19.415,19.447,3917.87
2025-10-29T04:00:00+00:00,19.446,19.526,19.434,19.484,7140.64
2025-10-29T05:00:00+00:00,19.479,19.614,19.465,19.525,4478.53
2025-10-29T06:00:00+00:00,19.519,19.561,19.483,19.527,6957.85
2025-10-29T07:00:00+00:00,19.528,19.626,19.5,19.592,9657.73
2025-10-29T08:00:00+00:00,19.587,19.601,19.464,19.49,16545.67
2025-10-29T09:00:00+00:00,19.491,19.52,19.43,19.476,10695.16
2025-10-29T10:00:00+00:00,19.478,19.733,19.465,19.616,11323.78
2025-10-29T11:00:00+00:00,19.628,19.76,19.598,19.721,18178.59
2025-10-29T12:00:00+00:00,19.726,19.742,19.652,19.686,9383.03
2025-10-29T13:00:00+00:00,19.687,19.851,19.646,19.661,30370.9
2025-10-29T14:00:00+00:00,19.662,19.678,19.493,19.577,24790.21
2025-10-29T15:00:00+00:00,19.58,19.62,19.344,19.425,31124.75
2025-10-29T16:00:00+00:00,19.428,19.567,19.317,19.513,21950.43
2025-10-29T17:00:00+00:00,19.514,20.035,19.514,20.035,31556.67
2025-10-29T18:00:00+00:00,20.054,20.189,19.337,19.895,284752.74
2025-10-29T19:00:00+00:00,19.899,20.153,19.739,19.928,37747.33
2025-10-29T20:00:00+00:00,19.942,20.159,19.82,20.065,38980.32
2025-10-29T21:00:00+00:00,20.074,20.121,19.983,20.028,11174.93
2025-10-29T22:00:00+00:00,20.029,20.041,19.922,19.962,15308.74
2025-10-29T23:00:00+00:00,19.961,19.962,19.546,19.643,37253.91
2025-10-30T00:00:00+00:00,19.651,19.747,19.507,19.726,12038.22
2025-10-30T01:00:00+00:00,19.705,19.823,19.599,19.758,15905.21
2025-10-30T02:00:00+00:00,19.755,19.946,19.698,19.946,6271.57
2025-10-30T03:00:00+00:00,19.954,19.954,19.767,19.837,10672.16
2025-10-30T04:00:00+00:00,19.823,19.823,19.017,19.272,104404.28
2025-10-30T05:00:00+00:00,19.286,19.697,19.185,19.649,49128.26
2025-10-30T06:00:00+00:00,19.651,19.743,19.511,19.687,14587.49
2025-10-30T07:00:00+00:00,19.668,19.869,19.6,19.826,9194.12
2025-10-30T08:00:00+00:00,19.826,19.872,19.619,19.636,12343.5
2025-10-30T09:00:00+00:00,19.616,19.63,19.409,19.419,13418.14
2025-10-30T10:00:00+00:00,19.423,19.471,19.224,19.249,16376.15
2025-10-30T11:00:00+00:00,19.25,19.327,19.194,19.239,17740.71
2025-10-30T12:00:00+00:00,19.231,19.237,18.677,18.764,100836.02
2025-10-30T13:00:00+00:00,18.761,18.829,18.419,18.468,103779.15
2025-10-30T14:00:00+00:00,18.477,18.615,18.35,18.435,46762.43
2025-10-30T15:00:00+00:00,18.44,18.48,18.134,18.204,78901.41
2025-10-30T16:00:00+00:00,18.216,18.311,18.127,18.217,39118.64
2025-10-30T17:00:00+00:00,18.223,18.223,17.835,18.114,70929.57
2025-10-30T18:00:00+00:00,18.115,18.117,17.831,17.888,26221.15
2025-10-30T19:00:00+00:00,17.888,17.926,17.521,17.579,69151.7
2025-10-30T20:00:00+00:00,17.582,17.93,17.537,17.93,105024.41
2025-10-30T21:00:00+00:00,17.917,18.012,17.818,17.969,22601.57
2025-10-30T22:00:00+00:00,17.981,18.08,17.958,18.08,11536.63
2025-10-30T23:00:00+00:00,18.097,18.134,17.971,18.104,19111.94
2025-10-31T00:00:00+00:00,18.105,18.295,18.048,18.244,35108.54
2025-10-31T01:00:00+00:00,18.248,18.382,18.199,18.375,31038.23
2025-10-31T02:00:00+00:00,18.372,18.372,18.107,18.201,17991.89
2025-10-31T03:00:00+00:00,18.203,18.293,18.162,18.255,5906.55
2025-10-31T04:00:00+00:00,18.26,18.459,18.244,18.431,7690.29
2025-10-31T05:00:00+00:00,18.421,18.421,18.317,18.331,28982.84
2025-10-31T06:00:00+00:00,18.342,18.404,18.277,18.39,19732.63
2025-10-31T07:00:00+00:00,18.392,18.45,18.222,18.246,5737.17
2025-10-31T08:00:00+00:00,18.244,18.34,18.198,18.324,28100.54
2025-10-31T09:00:00+00:00,18.317,18.351,18.209,18.215,71460.2
2025-10-31T10:00:00+00:00,18.215,18.293,18.208,18.255,9836.65
2025-10-31T11:00:00+00:00,18.258,18.519,18.196,18.504,63299.26
2025-10-31T12:00:00+00:00,18.489,18.561,18.342,18.342,22836.24
2025-10-31T13:00:00+00:00,18.374,18.488,18.286,18.431,8798.95
2025-10-31T14:00:00+00:00,18.437,18.504,18.259,18.472,25445.32
2025-10-31T15:00:00+00:00,18.475,18.517,18.25,18.26,25600.28
2025-10-31T16:00:00+00:00,18.264,18.29,17.895,17.9,58362.9
2025-10-31T17:00:00+00:00,17.908,17.975,17.78,17.863,44446.05
2025-10-31T18:00:00+00:00,17.862,18.08,17.818,17.984,19932.65
2025-10-31T19:00:00+00:00,17.98,18.366,17.886,18.266,18840.65
2025-10-31T20:00:00+00:00,18.262,18.269,18.06,18.087,8527.64
2025-10-31T21:00:00+00:00,18.089,18.159,18.037,18.125,13554.45
2025-10-31T22:00:00+00:00,18.128,18.242,18.11,18.188,6234.89
2025-10-31T23:00:00+00:00,18.184,18.226,18.174,18.181,6340.95
2025-11-01T00:00:00+00:00,18.181,18.193,18.078,18.165,7142.94
2025-11-01T01:00:00+00:00,18.168,18.297,18.168,18.232,2390.87
2025-11-01T02:00:00+00:00,18.233,18.337,18.16,18.325,6333.89
2025-11-01T03:00:00+00:00,18.324,18.438,18.324,18.405,19802.21
2025-11-01T04:00:00+00:00,18.405,18.453,18.339,18.403,5743.8
2025-11-01T05:00:00+00:00,18.415,18.433,18.309,18.321,5669.18
2025-11-01T06:00:00+00:00,18.328,18.375,18.278,18.344,9813.1
2025-11-01T07:00:00+00:00,18.352,18.5,18.313,18.492,15698.3
2025-11-01T08:00:00+00:00,18.493,18.548,18.445,18.538,12621.48
2025-11-01T09:00:00+00:00,18.537,18.647,18.501,18.557,70705.91
2025-11-01T10:00:00+00:00,18.559,18.683,18.511,18.623,51610.2
2025-11-01T11:00:00+00:00,18.641,18.704,18.575,18.661,23401.52
2025-11-01T12:00:00+00:00,18.66,18.705,18.628,18.676,35337.32
2025-11-01T13:00:00+00:00,18.68,18.732,18.525,18.587,9835.01
2025-11-01T14:00:00+00:00,18.593,18.625,18.408,18.484,24882.01
2025-11-01T15:00:00+00:00,18.478,18.636,18.476,18.628,5468.74
2025-11-01T16:00:00+00:00,18.631,18.725,18.593,18.659,24297.04
2025-11-01T17:00:00+00:00,18.664,18.666,18.55,18.565,4746.17
2025-11-01T18:00:00+00:00,18.556,18.644,18.556,18.637,2897.28
2025-11-01T19:00:00+00:00,18.638,18.642,18.582,18.634,3330.83
2025-11-01T20:00:00+00:00,18.646,18.724,18.635,18.671,6935.69
2025-11-01T21:00:00+00:00,18.672,18.688,18.498,18.498,3406.09
2025-11-01T22:00:00+00:00,18.497,18.602,18.493,18.6,5308.6
2025-11-01T23:00:00+00:00,18.605,18.717,18.565,18.708,3966.18
2025-11-02T00:00:00+00:00,18.708,18.724,18.635,18.681,5478.68
2025-11-02T01:00:00+00:00,18.678,18.716,18.625,18.665,2984.14
2025-11-02T02:00:00+00:00,18.665,18.803,18.643,18.717,14273.39
2025-11-02T03:00:00+00:00,18.716,18.731,18.623,18.68,3123.61
2025-11-02T04:00:00+00:00,18.675,18.896,18.655,18.892,4411.27
2025-11-02T05:00:00+00:00,18.889,18.909,18.743,18.876,10470.8
2025-11-02T06:00:00+00:00,18.874,18.966,18.812,18.945,35823.2
2025-11-02T07:00:00+00:00,18.941,18.992,18.842,18.952,5349.19
2025-11-02T08:00:00+00:00,18.96,18.976,18.814,18.828,11344.15
2025-11-02T09:00:00+00:00,18.85,18.942,18.745,18.756,5820.58
2025-11-02T10:00:00+00:00,18.756,18.789,18.584,18.665,19700.66
2025-11-02T11:00:00+00:00,18.657,18.833,18.657,18.823,6241.98
2025-11-02T12:00:00+00:00,18.829,18.83,18.709,18.748,12762.03
2025-11-02T13:00:00+00:00,18.73,18.739,18.482,18.527,9940.58
2025-11-02T14:00:00+00:00,18.525,18.558,18.204,18.266,21067.9
2025-11-02T15:00:00+00:00,18.265,18.376,18.184,18.265,14319.36
2025-11-02T16:00:00+00:00,18.265,18.311,18.088,18.303,27783.8
2025-11-02T17:00:00+00:00,18.293,18.302,18.187,18.266,5937.02
2025-11-02T18:00:00+00:00,18.265,18.275,18.184,18.219,7461.39
2025-11-02T19:00:00+00:00,18.221,18.237,18.089,18.148,19774.64
2025-11-02T20:00:00+00:00,18.149,18.254,18.085,18.251,15926.46
2025-11-02T21:00:00+00:00,18.254,18.331,18.217,18.283,6485.65
2025-11-02T22:00:00+00:00,18.284,18.36,18.228,18.335,12651.89
2025-11-02T23:00:00+00:00,18.342,18.893,18.342,18.801,18841.67
2025-11-03T00:00:00+00:00,18.808,18.904,18.58,18.596,12926.26
2025-11-03T01:00:00+00:00,18.566,18.582,18.238,18.271,13769.37
2025-11-03T02:00:00+00:00,18.263,18.287,17.994,18.115,29308.84
2025-11-03T03:00:00+00:00,18.114,18.151,17.498,17.524,154666.6
2025-11-03T04:00:00+00:00,17.51,17.606,17.366,17.601,59781.87
2025-11-03T05:00:00+00:00,17.601,17.755,17.419,17.44,68100.67
2025-11-03T06:00:00+00:00,17.411,17.493,17.155,17.388,55345.62
2025-11-03T07:00:00+00:00,17.375,17.573,17.294,17.471,23038.28
2025-11-03T08:00:00+00:00,17.465,17.515,17.307,17.462,22820.85
2025-11-03T09:00:00+00:00,17.458,17.614,17.326,17.339,16600.08
2025-11-03T10:00:00+00:00,17.353,17.418,17.187,17.242,23604.66
2025-11-03T11:00:00+00:00,17.237,17.556,17.237,17.464,24168.71
2025-11-03T12:00:00+00:00,17.481,17.647,17.429,17.457,22119.76
2025-11-03T13:00:00+00:00,17.455,17.559,17.395,17.441,46054.01
2025-11-03T14:00:00+00:00,17.448,17.673,17.343,17.477,30433.36
2025-11-03T15:00:00+00:00,17.491,17.526,15.93,16.344,468639.07
2025-11-03T16:00:00+00:00,16.355,16.813,16.267,16.738,322174.11
2025-11-03T17:00:00+00:00,16.73,17.086,16.702,17.002,35375.28
2025-11-03T18:00:00+00:00,16.994,17.029,16.872,16.884,12948.07
2025-11-03T19:00:00+00:00,16.883,16.918,16.729,16.766,21823.67
2025-11-03T20:00:00+00:00,16.77,16.801,16.415,16.517,51915.67
2025-11-03T21:00:00+00:00,16.513,16.768,16.407,16.736,57901.42
2025-11-03T22:00:00+00:00,16.742,16.751,16.478,16.602,60920.61
2025-11-03T23:00:00+00:00,16.591,16.702,16.459,16.637,9484.12
2025-11-04T00:00:00+00:00,16.642,16.866,16.463,16.747,36075.14
2025-11-04T01:00:00+00:00,16.75,16.947,16.691,16.84,8482.34
2025-11-04T02:00:00+00:00,16.839,16.932,16.775,16.826,7070.1
2025-11-04T03:00:00+00:00,16.821,16.98,16.783,16.901,8250.03
2025-11-04T04:00:00+00:00,16.904,16.993,16.755,16.76,4121.25
2025-11-04T05:00:00+00:00,16.752,16.763,15.965,15.986,119153.54
2025-11-04T06:00:00+00:00,15.973,16.595,15.963,16.319,64551.44
2025-11-04T07:00:00+00:00,16.314,16.333,16.038,16.149,37026.11
2025-11-04T08:00:00+00:00,16.143,16.564,16.083,16.394,43090.26
2025-11-04T09:00:00+00:00,16.393,16.63,16.367,16.61,26582.86
2025-11-04T10:00:00+00:00,16.609,16.68,16.536,16.625,37623.49
2025-11-04T11:00:00+00:00,16.634,16.791,16.604,16.711,44996.83
2025-11-04T12:00:00+00:00,16.704,16.721,16.435,16.535,239431.5
2025-11-04T13:00:00+00:00,16.531,16.555,16.372,16.418,17834.1
2025-11-04T14:00:00+00:00,16.418,16.831,16.315,16.746,61987.73
2025-11-04T15:00:00+00:00,16.742,16.827,16.385,16.41,41591.71
2025-11-04T16:00:00+00:00,16.411,16.471,15.943,15.961,52887.84
2025-11-04T17:00:00+00:00,15.96,16.017,15.536,15.882,142026.57
2025-11-04T18:00:00+00:00,15.871,15.884,15.311,15.841,263733.09
2025-11-04T19:00:00+00:00,15.833,15.954,15.568,15.588,148651.45
2025-11-04T20:00:00+00:00,15.589,15.799,14.985,15.643,312116.78
2025-11-04T21:00:00+00:00,15.653,15.73,15.048,15.668,245427.66
2025-11-04T22:00:00+00:00,15.669,16.165,15.588,16.123,95273.35
2025-11-04T23:00:00+00:00,16.123,16.183,15.97,15.979,34472.23
2025-11-05T00:00:00+00:00,15.979,16.065,15.709,15.824,41814.72
2025-11-05T01:00:00+00:00,15.834,15.854,15.273,15.768,72096.4
2025-11-05T02:00:00+00:00,15.776,16.356,15.776,16.324,68013.49
2025-11-05T03:00:00+00:00,16.335,16.461,16.261,16.422,20886.98
2025-11-05T04:00:00+00:00,16.421,16.566,16.31,16.449,19142.51
2025-11-05T05:00:00+00:00,16.465,16.59,16.457,16.511,84876.72
2025-11-05T06:00:00+00:00,16.506,16.524,16.398,16.518,18014.51
2025-11-05T07:00:00+00:00,16.528,16.622,16.372,16.536,24650.97
2025-11-05T08:00:00+00:00,16.535,16.535,16.235,16.35,21068.24
2025-11-05T09:00:00+00:00,16.349,16.48,16.324,16.426,17806.97
2025-11-05T10:00:00+00:00,16.427,16.443,16.212,16.23,21639.72
2025-11-05T11:00:00+00:00,16.224,16.576,16.223,16.554,10497.67
2025-11-05T12:00:00+00:00,16.553,16.742,16.472,16.675,77990.66
2025-11-05T13:00:00+00:00,16.676,16.804,16.595,16.717,20848.54
2025-11-05T14:00:00+00:00,16.715,16.767,16.47,16.644,27643.89
2025-11-05T15:00:00+00:00,16.641,16.761,16.588,16.755,17568.98
2025-11-05T16:00:00+00:00,16.753,16.885,16.573,16.863,37479.28
2025-11-05T17:00:00+00:00,16.844,16.973,16.804,16.919,22312.31
2025-11-05T18:00:00+00:00,16.915,16.982,16.826,16.921,20349.92
2025-11-05T19:00:00+00:00,16.918,16.925,16.745,16.773,18750.06
2025-11-05T20:00:00+00:00,16.768,16.837,16.627,16.684,24996.21
2025-11-05T21:00:00+00:00,16.68,16.68,16.557,16.627,12247.15
2025-11-05T22:00:00+00:00,16.622,16.713,16.566,16.698,28335.84
2025-11-05T23:00:00+00:00,16.707,16.778,16.6,16.602,16958.03
2025-11-06T00:00:00+00:00,16.598,16.648,16.517,16.609,26265.07
2025-11-06T01:00:00+00:00,16.608,16.608,16.36,16.541,25484.6
2025-11-06T02:00:00+00:00,16.536,16.676,16.378,16.607,13861.04
2025-11-06T03:00:00+00:00,16.61,16.686,16.587,16.627,8802.09
2025-11-06T04:00:00+00:00,16.631,16.718,16.606,16.674,6441.82
2025-11-06T05:00:00+00:00,16.655,16.655,16.31,16.34,9445.63
2025-11-06T06:00:00+00:00,16.335,16.421,16.299,16.3,17664.8
2025-11-06T07:00:00+00:00,16.297,16.375,16.214,16.277,12074.56
2025-11-06T08:00:00+00:00,16.272,16.323,16.193,16.265,23668.47
2025-11-06T09:00:00+00:00,16.268,16.356,16.213,16.274,65629.71
2025-11-06T10:00:00+00:00,16.274,16.423,16.219,16.356,18500.45
2025-11-06T11:00:00+00:00,16.356,16.356,16.241,16.279,10942.1
2025-11-06T12:00:00+00:00,16.279,16.28,16.068,16.101,22481.74
2025-11-06T13:00:00+00:00,16.097,16.409,16.097,16.327,24323.52
2025-11-06T14:00:00+00:00,16.332,16.357,16.025,16.034,36053.92
2025-11-06T15:00:00+00:00,16.045,16.177,15.784,15.839,52217.82
2025-11-06T16:00:00+00:00,15.84,15.94,15.588,15.791,161967.07
2025-11-06T17:00:00+00:00,15.783,15.964,15.73,15.948,38884.42
2025-11-06T18:00:00+00:00,15.945,16.138,15.776,16.06,31502.84
2025-11-06T19:00:00+00:00,16.04,16.165,15.995,16.113,18880.1
2025-11-06T20:00:00+00:00,16.127,16.191,15.918,16.026,24624.3
2025-11-06T21:00:00+00:00,16.023,16.21,15.955,16.149,25656.1
2025-11-06T22:00:00+00:00,16.15,16.188,15.979,16.142,4780.99
2025-11-06T23:00:00+00:00,16.123,16.123,15.952,16.114,10687.08
2025-11-07T00:00:00+00:00,16.117,16.294,16.079,16.274,24094.7
2025-11-07T01:00:00+00:00,16.275,16.327,16.048,16.283,19290.71
2025-11-07T02:00:00+00:00,16.281,16.4,16.151,16.399,12705.34
2025-11-07T03:00:00+00:00,16.401,16.507,16.398,16.451,20406.43
2025-11-07T04:00:00+00:00,16.455,16.466,16.333,16.445,7072.31
2025-11-07T05:00:00+00:00,16.444,16.673,16.429,16.656,7589.97
2025-11-07T06:00:00+00:00,16.657,16.748,16.654,16.675,4869.8
2025-11-07T07:00:00+00:00,16.672,16.924,16.672,16.912,7658.86
2025-11-07T08:00:00+00:00,16.912,17.019,16.793,16.862,13780.24
2025-11-07T09:00:00+00:00,16.863,16.863,16.549,16.715,16347.13
2025-11-07T10:00:00+00:00,16.713,16.82,16.541,16.592,13491.41
2025-11-07T11:00:00+00:00,16.591,16.591,16.28,16.46,32464.92
2025-11-07T12:00:00+00:00,16.453,16.521,16.113,16.194,42357.0
2025-11-07T13:00:00+00:00,16.202,16.432,16.13,16.377,20450.49
2025-11-07T14:00:00+00:00,16.367,16.676,16.085,16.612,93875.49
2025-11-07T15:00:00+00:00,16.625,16.874,16.496,16.804,119645.94
2025-11-07T16:00:00+00:00,16.799,17.427,16.741,17.309,111839.48
2025-11-07T17:00:00+00:00,17.317,17.756,17.228,17.725,78672.09
2025-11-07T18:00:00+00:00,17.731,17.952,17.666,17.736,41340.24
2025-11-07T19:00:00+00:00,17.72,17.883,17.646,17.818,36585.04
2025-11-07T20:00:00+00:00,17.811,17.863,17.685,17.794,29745.95
2025-11-07T21:00:00+00:00,17.771,17.996,17.756,17.983,19094.74
2025-11-07T22:00:00+00:00,17.987,18.037,17.845,17.993,27844.39
2025-11-07T23:00:00+00:00,17.98,18.008,17.655,17.736,67919.9
2025-11-08T00:00:00+00:00,17.738,17.981,17.669,17.669,20714.89
2025-11-08T01:00:00+00:00,17.673,18.029,17.67,17.999,28451.38
2025-11-08T02:00:00+00:00,17.999,18.396,17.993,18.088,35950.22
2025-11-08T03:00:00+00:00,18.091,18.168,17.834,17.834,17007.38
2025-11-08T04:00:00+00:00,17.832,18.059,17.815,17.91,11375.21
2025-11-08T05:00:00+00:00,17.914,17.974,17.742,17.76,12438.63
2025-11-08T06:00:00+00:00,17.768,17.8,17.555,17.674,14880.32
2025-11-08T07:00:00+00:00,17.683,17.88,17.579,17.852,4217.31
2025-11-08T08:00:00+00:00,17.851,17.988,17.721,17.951,15590.7
2025-11-08T09:00:00+00:00,17.957,17.958,17.655,17.703,61772.87
2025-11-08T10:00:00+00:00,17.699,17.893,17.681,17.853,13971.43
2025-11-08T11:00:00+00:00,17.853,17.97,17.737,17.782,25522.28
2025-11-08T12:00:00+00:00,17.782,17.782,17.586,17.656,52267.49
2025-11-08T13:00:00+00:00,17.657,17.661,17.351,17.351,19299.34
2025-11-08T14:00:00+00:00,17.369,17.429,17.203,17.391,41046.14
2025-11-08T15:00:00+00:00,17.4,17.405,17.087,17.13,20058.62
2025-11-08T16:00:00+00:00,17.133,17.202,17.011,17.112,22632.37
2025-11-08T17:00:00+00:00,17.112,17.246,17.054,17.233,12623.45
2025-11-08T18:00:00+00:00,17.239,17.364,17.212,17.331,5536.23
2025-11-08T19:00:00+00:00,17.318,17.318,17.104,17.273,7641.33
2025-11-08T20:00:00+00:00,17.281,17.384,17.235,17.353,11019.28
2025-11-08T21:00:00+00:00,17.353,17.388,17.284,17.355,4796.42
2025-11-08T22:00:00+00:00,17.356,17.468,17.336,17.43,7892.23
2025-11-08T23:00:00+00:00,17.423,17.486,17.401,17.486,4290.62
2025-11-09T00:00:00+00:00,17.491,17.509,17.235,17.275,19516.41
2025-11-09T01:00:00+00:00,17.275,17.369,17.161,17.246,6857.98
2025-11-09T02:00:00+00:00,17.244,17.244,16.868,16.903,24852.31
2025-11-09T03:00:00+00:00,16.9,16.965,16.79,16.878,10243.66
2025-11-09T04:00:00+00:00,16.881,17.047,16.878,16.962,6737.9
2025-11-09T05:00:00+00:00,16.962,17.02,16.873,17.009,3141.52
2025-11-09T06:00:00+00:00,17.0,17.115,16.948,16.994,4218.87
2025-11-09T07:00:00+00:00,16.996,17.127,16.99,17.123,7216.22
2025-11-09T08:00:00+00:00,17.121,17.121,16.991,17.043,6698.73
2025-11-09T09:00:00+00:00,17.068,17.158,16.93,16.959,6713.01
2025-11-09T10:00:00+00:00,16.959,17.171,16.885,17.171,10750.79
2025-11-09T11:00:00+00:00,17.189,17.344,17.186,17.258,16050.56
2025-11-09T12:00:00+00:00,17.274,17.365,17.231,17.323,10909.68
2025-11-09T13:00:00+00:00,17.33,17.496,17.32,17.452,5868.7
2025-11-09T14:00:00+00:00,17.458,17.869,17.376,17.569,55391.23
2025-11-09T15:00:00+00:00,17.631,17.835,17.618,17.685,16559.86
2025-11-09T16:00:00+00:00,17.68,17.802,17.6,17.774,12704.05
2025-11-09T17:00:00+00:00,17.773,17.793,17.535,17.55,15764.9
2025-11-09T18:00:00+00:00,17.55,17.731,17.444,17.716,8519.88
2025-11-09T19:00:00+00:00,17.718,17.882,17.64,17.878,9593.21
2025-11-09T20:00:00+00:00,17.885,17.898,17.754,17.761,13151.77
2025-11-09T21:00:00+00:00,17.771,17.828,17.69,17.725,6403.03
2025-11-09T22:00:00+00:00,17.741,17.744,17.592,17.725,10184.59
2025-11-09T23:00:00+00:00,17.738,17.892,17.672,17.763,10241.13
2025-11-10T00:00:00+00:00,17.76,18.109,17.639,18.009,31642.52
2025-11-10T01:00:00+00:00,18.007,18.07,17.894,17.898,27937.1
2025-11-10T02:00:00+00:00,17.904,17.974,17.855,17.974,9633.18
2025-11-10T03:00:00+00:00,17.99,18.11,17.942,17.979,14053.78
2025-11-10T04:00:00+00:00,17.979,18.024,17.876,17.994,5607.31
2025-11-10T05:00:00+00:00,18.001,18.07,17.886,17.981,8553.44
2025-11-10T06:00:00+00:00,17.984,18.067,17.899,18.008,3687.78
2025-11-10T07:00:00+00:00,18.019,18.106,17.911,17.986,90446.1
2025-11-10T08:00:00+00:00,17.992,17.993,17.777,17.903,105776.59
2025-11-10T09:00:00+00:00,17.9,18.296,17.887,18.226,34070.39
2025-11-10T10:00:00+00:00,18.245,18.284,17.975,18.073,14959.96
2025-11-10T11:00:00+00:00,18.071,18.169,18.054,18.08,4421.82
2025-11-10T12:00:00+00:00,18.098,18.22,17.98,18.124,15622.97
2025-11-10T13:00:00+00:00,18.121,18.326,18.114,18.24,6255.89
2025-11-10T14:00:00+00:00,18.236,18.236,17.799,17.901,29214.18
2025-11-10T15:00:00+00:00,17.905,18.121,17.846,17.917,35206.66
2025-11-10T16:00:00+00:00,17.928,18.059,17.69,17.786,83153.64
2025-11-10T17:00:00+00:00,17.785,18.068,17.739,18.053,14291.73
2025-11-10T18:00:00+00:00,18.058,18.083,17.91,17.91,9234.23
2025-11-10T19:00:00+00:00,17.908,18.125,17.902,17.993,15086.3
2025-11-10T20:00:00+00:00,17.996,18.164,17.994,18.116,7279.67
2025-11-10T21:00:00+00:00,18.097,18.1,17.808,17.93,9924.45
2025-11-10T22:00:00+00:00,17.925,18.353,17.869,18.328,14827.76
2025-11-10T23:00:00+00:00,18.335,18.335,18.133,18.165,14821.89
2025-11-11T00:00:00+00:00,18.17,18.259,17.968,18.125,16836.59
2025-11-11T01:00:00+00:00,18.133,18.596,18.056,18.078,31898.57
2025-11-11T02:00:00+00:00,18.077,18.481,17.99,18.361,16718.68
2025-11-11T03:00:00+00:00,18.361,18.486,18.291,18.345,5166.9
2025-11-11T04:00:00+00:00,18.34,18.356,17.983,17.995,9991.4
2025-11-11T05:00:00+00:00,17.989,17.994,17.787,17.797,17843.11
2025-11-11T06:00:00+00:00,17.795,17.863,17.655,17.763,17301.98
2025-11-11T07:00:00+00:00,17.764,17.765,17.522,17.54,25554.07
2025-11-11T08:00:00+00:00,17.54,17.66,17.484,17.639,10338.35
2025-11-11T09:00:00+00:00,17.637,17.787,17.617,17.647,11289.52
2025-11-11T10:00:00+00:00,17.644,17.774,17.634,17.738,9324.52
2025-11-11T11:00:00+00:00,17.759,17.855,17.711,17.781,6469.89
2025-11-11T12:00:00+00:00,17.782,17.868,17.663,17.723,8264.6
2025-11-11T13:00:00+00:00,17.733,17.854,17.669,17.703,10839.43
2025-11-11T14:00:00+00:00,17.713,17.844,17.622,17.844,20667.88
2025-11-11T15:00:00+00:00,17.843,17.843,17.558,17.626,34216.71
2025-11-11T16:00:00+00:00,17.617,17.698,17.52,17.597,13114.13
2025-11-11T17:00:00+00:00,17.607,17.716,17.444,17.513,13606.63
2025-11-11T18:00:00+00:00,17.515,17.567,17.364,17.399,14393.98
2025-11-11T19:00:00+00:00,17.395,17.397,17.228,17.252,11642.91
2025-11-11T20:00:00+00:00,17.256,17.274,17.101,17.133,47804.46
2025-11-11T21:00:00+00:00,17.148,17.216,17.001,17.039,15588.11
2025-11-11T22:00:00+00:00,17.034,17.202,16.96,17.169,14593.93
2025-11-11T23:00:00+00:00,17.169,17.169,16.976,16.992,10166.5
2025-11-12T00:00:00+00:00,16.999,17.081,16.909,16.93,21070.16
2025-11-12T01:00:00+00:00,16.94,17.12,16.921,17.095,8306.6
2025-11-12T02:00:00+00:00,17.101,17.149,16.945,17.043,10299.98
2025-11-12T03:00:00+00:00,17.039,17.137,17.022,17.107,4552.62
2025-11-12T04:00:00+00:00,17.114,17.128,17.053,17.12,6293.38
2025-11-12T05:00:00+00:00,17.135,17.292,17.124,17.252,4004.71
2025-11-12T06:00:00+00:00,17.245,17.451,17.242,17.289,10206.1
2025-11-12T07:00:00+00:00,17.26,17.352,17.116,17.138,4970.99
2025-11-12T08:00:00+00:00,17.14,17.464,17.136,17.39,11748.36
2025-11-12T09:00:00+00:00,17.389,17.53,17.369,17.513,10684.38
2025-11-12T10:00:00+00:00,17.502,17.606,17.496,17.58,8427.31
2025-11-12T11:00:00+00:00,17.579,17.633,17.494,17.541,26556.69
2025-11-12T12:00:00+00:00,17.547,17.671,17.475,17.579,22725.51
2025-11-12T13:00:00+00:00,17.579,17.745,17.523,17.7,16779.24
2025-11-12T14:00:00+00:00,17.701,17.749,17.25,17.381,48974.37
2025-11-12T15:00:00+00:00,17.367,17.473,16.971,17.02,45529.3
2025-11-12T16:00:00+00:00,17.015,17.068,16.692,16.78,73365.01
2025-11-12T17:00:00+00:00,16.778,16.95,16.626,16.833,24514.34
2025-11-12T18:00:00+00:00,16.832,16.971,16.824,16.837,21820.19
2025-11-12T19:00:00+00:00,16.835,16.899,16.677,16.79,34636.87
2025-11-12T20:00:00+00:00,16.776,16.952,16.74,16.857,19559.88
2025-11-12T21:00:00+00:00,16.864,16.971,16.864,16.908,14196.8
2025-11-12T22:00:00+00:00,16.893,16.934,16.796,16.933,19039.03
2025-11-12T23:00:00+00:00,16.919,16.927,16.777,16.8,8434.97
2025-11-13T00:00:00+00:00,16.802,16.962,16.785,16.844,14734.7
2025-11-13T01:00:00+00:00,16.848,17.146,16.847,17.012,16510.17
2025-11-13T02:00:00+00:00,17.015,17.146,16.978,17.073,10273.67
2025-11-13T03:00:00+00:00,17.069,17.631,16.83,17.442,36064.12
2025-11-13T04:00:00+00:00,17.448,17.574,17.308,17.407,19883.35
2025-11-13T05:00:00+00:00,17.404,17.635,17.272,17.569,31673.17
2025-11-13T06:00:00+00:00,17.598,17.68,17.519,17.57,11489.75
2025-11-13T07:00:00+00:00,17.576,17.61,17.357,17.379,15916.05
2025-11-13T08:00:00+00:00,17.391,17.515,17.364,17.413,9580.77
2025-11-13T09:00:00+00:00,17.421,17.441,17.222,17.242,11992.26
2025-11-13T10:00:00+00:00,17.257,17.392,17.218,17.234,7025.78
2025-11-13T11:00:00+00:00,17.234,17.31,17.23,17.264,8299.93
2025-11-13T12:00:00+00:00,17.26,17.384,17.208,17.377,8350.32
2025-11-13T13:00:00+00:00,17.38,17.421,17.128,17.173,22770.17
2025-11-13T14:00:00+00:00,17.17,17.358,16.911,17.232,56816.58
2025-11-13T15:00:00+00:00,17.226,17.299,16.879,16.949,28613.13
2025-11-13T16:00:00+00:00,16.948,17.022,16.68,16.697,20436.17
2025-11-13T17:00:00+00:00,16.709,16.73,16.35,16.372,35891.34
2025-11-13T18:00:00+00:00,16.373,16.4,16.083,16.175,60701.51
2025-11-13T19:00:00+00:00,16.173,16.262,15.904,15.973,48001.64
2025-11-13T20:00:00+00:00,15.963,16.018,15.799,15.86,52123.57
2025-11-13T21:00:00+00:00,15.864,15.948,15.748,15.88,15638.59
2025-11-13T22:00:00+00:00,15.876,16.133,15.84,16.106,17702.82
2025-11-13T23:00:00+00:00,16.089,16.31,16.049,16.088,15096.63
2025-11-14T00:00:00+00:00,16.086,16.166,15.882,15.92,24661.63
2025-11-14T01:00:00+00:00,15.927,16.051,15.888,15.939,8742.54
2025-11-14T02:00:00+00:00,15.951,16.069,15.94,16.005,12168.63
2025-11-14T03:00:00+00:00,16.005,16.012,15.873,15.908,6831.26
2025-11-14T04:00:00+00:00,15.924,15.924,15.388,15.69,115412.99
2025-11-14T05:00:00+00:00,15.689,15.927,15.673,15.865,25817.53
2025-11-14T06:00:00+00:00,15.869,16.045,15.624,16.038,37264.75
2025-11-14T07:00:00+00:00,16.029,16.067,15.895,15.911,11179.19
2025-11-14T08:00:00+00:00,15.928,15.93,15.72,15.77,19289.39
2025-11-14T09:00:00+00:00,15.769,15.81,15.511,15.524,19649.39
2025-11-14T10:00:00+00:00,15.522,15.666,15.51,15.549,9043.15
2025-11-14T11:00:00+00:00,15.547,15.559,15.307,15.38,24941.55
2025-11-14T12:00:00+00:00,15.38,15.421,15.07,15.411,108640.21
2025-11-14T13:00:00+00:00,15.419,15.5,15.168,15.313,79484.84
2025-11-14T14:00:00+00:00,15.315,15.545,15.134,15.401,84938.57
2025-11-14T15:00:00+00:00,15.398,15.65,15.219,15.506,99215.85
2025-11-14T16:00:00+00:00,15.506,15.688,15.399,15.652,33184.19
2025-11-14T17:00:00+00:00,15.651,15.708,15.311,15.378,19561.9
2025-11-14T18:00:00+00:00,15.382,15.54,15.331,15.387,13216.29
2025-11-14T19:00:00+00:00,15.411,15.698,15.383,15.646,14456.75
2025-11-14T20:00:00+00:00,15.651,15.651,15.139,15.231,26440.93
2025-11-14T21:00:00+00:00,15.237,15.429,15.172,15.332,19939.5
2025-11-14T22:00:00+00:00,15.341,15.4,15.166,15.268,17068.02
2025-11-14T23:00:00+00:00,15.27,15.27,14.837,15.116,68676.85
2025-11-15T00:00:00+00:00,15.114,15.326,15.097,15.326,10153.41
2025-11-15T01:00:00+00:00,15.339,15.49,15.269,15.459,10123.04
2025-11-15T02:00:00+00:00,15.459,15.584,15.424,15.584,30134.76
2025-11-15T03:00:00+00:00,15.59,15.608,15.523,15.576,8636.04
2025-11-15T04:00:00+00:00,15.59,15.654,15.512,15.535,5790.1
2025-11-15T05:00:00+00:00,15.535,15.659,15.516,15.648,5852.95
2025-11-15T06:00:00+00:00,15.644,15.721,15.61,15.632,2108.54
2025-11-15T07:00:00+00:00,15.631,15.663,15.59,15.618,887.21
2025-11-15T08:00:00+00:00,15.63,15.63,15.321,15.377,22684.85
2025-11-15T09:00:00+00:00,15.372,15.499,15.342,15.399,10160.11
2025-11-15T10:00:00+00:00,15.405,15.526,15.354,15.503,221413.61
2025-11-15T11:00:00+00:00,15.501,15.542,15.415,15.455,19505.55
2025-11-15T12:00:00+00:00,15.451,15.619,15.42,15.594,34166.14
2025-11-15T13:00:00+00:00,15.588,15.661,15.54,15.598,25094.26
2025-11-15T14:00:00+00:00,15.596,15.615,15.541,15.606,8693.46
2025-11-15T15:00:00+00:00,15.608,15.694,15.561,15.604,8734.58
2025-11-15T16:00:00+00:00,15.613,15.621,15.493,15.582,11552.55
2025-11-15T17:00:00+00:00,15.596,15.748,15.546,15.74,6948.21
2025-11-15T18:00:00+00:00,15.738,15.779,15.66,15.684,12887.17
2025-11-15T19:00:00+00:00,15.684,15.742,15.621,15.684,9725.61
2025-11-15T20:00:00+00:00,15.689,15.705,15.527,15.548,12313.33
2025-11-15T21:00:00+00:00,15.549,15.624,15.449,15.481,8527.97
2025-11-15T22:00:00+00:00,15.473,15.602,15.459,15.601,14450.58
2025-11-15T23:00:00+00:00,15.606,15.61,15.514,15.521,3268.51
2025-11-16T00:00:00+00:00,15.521,15.551,15.374,15.47,27159.38
2025-11-16T01:00:00+00:00,15.459,15.489,15.266,15.438,11057.94
2025-11-16T02:00:00+00:00,15.413,15.661,15.386,15.661,10607.13
2025-11-16T03:00:00+00:00,15.658,15.703,15.615,15.672,9193.54
2025-11-16T04:00:00+00:00,15.685,15.691,15.582,15.628,5084.0
2025-11-16T05:00:00+00:00,15.639,15.767,15.636,15.652,4583.69
2025-11-16T06:00:00+00:00,15.656,15.705,15.611,15.615,9871.51
2025-11-16T07:00:00+00:00,15.619,15.739,15.608,15.739,14370.73
2025-11-16T08:00:00+00:00,15.742,15.758,15.624,15.687,40320.47
2025-11-16T09:00:00+00:00,15.68,15.843,15.63,15.843,51920.37
2025-11-16T10:00:00+00:00,15.831,15.856,15.79,15.796,27919.69
2025-11-16T11:00:00+00:00,15.799,15.813,15.418,15.439,27712.27
2025-11-16T12:00:00+00:00,15.447,15.56,15.408,15.49,7007.05
2025-11-16T13:00:00+00:00,15.486,15.511,15.26,15.295,12160.68
2025-11-16T14:00:00+00:00,15.292,15.457,15.228,15.432,4484.07
2025-11-16T15:00:00+00:00,15.433,15.433,15.058,15.08,31868.9
2025-11-16T16:00:00+00:00,15.08,15.195,14.832,14.876,46373.93
2025-11-16T17:00:00+00:00,14.872,14.906,14.612,14.774,74249.7
2025-11-16T18:00:00+00:00,14.766,15.095,14.71,14.791,43574.8
2025-11-16T19:00:00+00:00,14.791,15.05,14.78,14.934,228659.09
2025-11-16T20:00:00+00:00,14.937,15.08,14.905,14.914,34236.24
2025-11-16T21:00:00+00:00,14.905,14.919,14.749,14.886,217431.51
2025-11-16T22:00:00+00:00,14.891,15.067,14.776,15.012,186502.69
2025-11-16T23:00:00+00:00,15.015,15.261,14.733,15.144,50011.31
2025-11-17T00:00:00+00:00,15.144,15.359,14.986,15.261,38494.08
2025-11-17T01:00:00+00:00,15.266,15.294,15.097,15.114,21334.52
2025-11-17T02:00:00+00:00,15.115,15.518,15.079,15.498,28613.08
2025-11-17T03:00:00+00:00,15.509,15.686,15.486,15.552,76688.99
2025-11-17T04:00:00+00:00,15.557,15.7,15.557,15.569,28716.09
2025-11-17T05:00:00+00:00,15.575,15.629,15.527,15.602,49716.77
2025-11-17T06:00:00+00:00,15.606,15.755,15.574,15.746,79937.53
2025-11-17T07:00:00+00:00,15.753,15.784,15.636,15.65,46032.0
2025-11-17T08:00:00+00:00,15.651,15.685,15.599,15.638,20332.14
2025-11-17T09:00:00+00:00,15.65,15.731,15.606,15.659,37485.52
2025-11-17T10:00:00+00:00,15.665,15.719,15.641,15.666,18638.88
2025-11-17T11:00:00+00:00,15.661,15.726,15.607,15.621,4586.59
2025-11-17T12:00:00+00:00,15.622,15.65,15.55,15.64,24232.16
2025-11-17T13:00:00+00:00,15.648,15.667,15.122,15.194,45406.32
2025-11-17T14:00:00+00:00,15.202,15.807,15.131,15.545,137433.83
2025-11-17T15:00:00+00:00,15.566,15.652,15.196,15.253,44516.99
2025-11-17T16:00:00+00:00,15.255,15.337,14.957,15.337,39476.09
2025-11-17T17:00:00+00:00,15.327,15.38,14.697,14.75,141410.3
2025-11-17T18:00:00+00:00,14.754,14.857,14.5,14.598,73047.9
2025-11-17T19:00:00+00:00,14.595,14.644,14.341,14.38,69485.67
2025-11-17T20:00:00+00:00,14.371,14.481,14.26,14.375,62457.5
2025-11-17T21:00:00+00:00,14.379,14.478,14.296,14.433,20031.26
2025-11-17T22:00:00+00:00,14.45,14.711,14.4,14.55,23225.57
2025-11-17T23:00:00+00:00,14.55,14.578,14.451,14.523,7784.05
2025-11-18T00:00:00+00:00,14.517,14.563,14.213,14.449,36947.07
2025-11-18T01:00:00+00:00,14.437,14.456,14.16,14.177,46647.01
2025-11-18T02:00:00+00:00,14.173,14.437,14.052,14.152,63080.19
2025-11-18T03:00:00+00:00,14.153,14.532,14.043,14.503,174976.95
2025-11-18T04:00:00+00:00,14.501,14.642,14.361,14.623,48205.33
2025-11-18T05:00:00+00:00,14.628,14.697,14.517,14.527,38736.07
2025-11-18T06:00:00+00:00,14.522,14.568,14.395,14.402,43058.83
2025-11-18T07:00:00+00:00,14.404,14.607,14.344,14.545,42537.56
2025-11-18T08:00:00+00:00,14.545,14.743,14.545,14.643,47267.47
2025-11-18T09:00:00+00:00,14.641,14.673,14.561,14.65,25221.69
2025-11-18T10:00:00+00:00,14.648,14.65,14.546,14.642,18119.19
2025-11-18T11:00:00+00:00,14.634,14.653,14.552,14.585,19554.75
2025-11-18T12:00:00+00:00,14.597,14.682,14.489,14.627,95022.0
2025-11-18T13:00:00+00:00,14.628,14.628,14.443,14.538,19452.47
2025-11-18T14:00:00+00:00,14.551,14.713,14.453,14.453,58932.86
2025-11-18T15:00:00+00:00,14.443,14.82,14.375,14.744,63971.92
2025-11-18T16:00:00+00:00,14.739,14.924,14.696,14.831,39763.45
2025-11-18T17:00:00+00:00,14.832,14.841,14.692,14.721,19561.89
2025-11-18T18:00:00+00:00,14.723,14.855,14.709,14.803,18751.11
2025-11-18T19:00:00+00:00,14.799,14.845,14.705,14.738,7425.68
2025-11-18T20:00:00+00:00,14.73,14.79,14.707,14.721,4965.12
2025-11-18T21:00:00+00:00,14.706,14.706,14.505,14.512,6905.36
2025-11-18T22:00:00+00:00,14.508,14.704,14.507,14.674,24605.62
2025-11-18T23:00:00+00:00,14.675,14.677,14.552,14.6,10635.67
2025-11-19T00:00:00+00:00,14.593,14.626,14.403,14.585,11134.67
2025-11-19T01:00:00+00:00,14.585,14.664,14.493,14.54,9669.03
2025-11-19T02:00:00+00:00,14.553,14.694,14.522,14.64,8737.8
2025-11-19T03:00:00+00:00,14.631,14.665,14.415,14.439,15433.64
2025-11-19T04:00:00+00:00,14.434,14.469,14.318,14.339,9869.97
2025-11-19T05:00:00+00:00,14.333,14.349,13.945,14.026,54138.2
2025-11-19T06:00:00+00:00,14.034,14.213,13.997,14.184,22460.86
2025-11-19T07:00:00+00:00,14.184,14.385,14.166,14.354,27928.13
2025-11-19T08:00:00+00:00,14.354,14.476,14.325,14.381,55702.92
2025-11-19T09:00:00+00:00,14.383,14.383,14.251,14.337,51308.65
2025-11-19T10:00:00+00:00,14.336,14.596,14.321,14.454,27056.99
2025-11-19T11:00:00+00:00,14.442,14.526,14.425,14.445,5556.47
2025-11-19T12:00:00+00:00,14.448,14.578,14.439,14.563,15073.86
2025-11-19T13:00:00+00:00,14.567,14.573,14.308,14.308,16062.65
2025-11-19T14:00:00+00:00,14.305,14.355,14.085,14.294,24910.53
2025-11-19T15:00:00+00:00,14.304,14.537,14.032,14.066,32538.6
2025-11-19T16:00:00+00:00,14.057,14.153,13.875,13.903,30475.12
2025-11-19T17:00:00+00:00,13.914,13.973,13.77,13.935,61813.88
2025-11-19T18:00:00+00:00,13.933,13.985,13.698,13.835,47575.87
2025-11-19T19:00:00+00:00,13.845,13.891,13.753,13.775,25043.21
2025-11-19T20:00:00+00:00,13.779,14.078,13.744,14.047,30312.74
2025-11-19T21:00:00+00:00,14.043,14.316,14.018,14.275,61761.07
2025-11-19T22:00:00+00:00,14.27,14.276,14.149,14.236,19825.48
2025-11-19T23:00:00+00:00,14.241,14.352,14.239,14.293,13146.92
2025-11-20T00:00:00+00:00,14.294,14.333,14.23,14.259,11312.93
2025-11-20T01:00:00+00:00,14.263,14.352,14.253,14.343,8479.32
2025-11-20T02:00:00+00:00,14.343,14.408,14.306,14.361,6468.17
2025-11-20T03:00:00+00:00,14.364,14.386,14.328,14.352,6028.83
2025-11-20T04:00:00+00:00,14.35,14.438,14.295,14.438,10438.89
2025-11-20T05:00:00+00:00,14.428,14.45,14.288,14.303,8613.7
2025-11-20T06:00:00+00:00,14.305,14.321,14.239,14.281,3524.68
2025-11-20T07:00:00+00:00,14.275,14.384,14.261,14.362,6411.57
2025-11-20T08:00:00+00:00,14.369,14.383,14.335,14.346,8142.27
2025-11-20T09:00:00+00:00,14.347,14.35,14.242,14.276,14949.81
2025-11-20T10:00:00+00:00,14.272,14.326,14.228,14.29,4984.23
2025-11-20T11:00:00+00:00,14.29,14.469,14.263,14.422,198149.62
2025-11-20T12:00:00+00:00,14.422,14.506,14.348,14.447,287002.25
2025-11-20T13:00:00+00:00,14.449,14.529,14.387,14.407,66974.88
2025-11-20T14:00:00+00:00,14.408,14.481,14.28,14.45,30584.75
2025-11-20T15:00:00+00:00,14.444,14.447,14.222,14.225,20484.52
2025-11-20T16:00:00+00:00,14.229,14.244,13.645,13.677,228672.88
2025-11-20T17:00:00+00:00,13.699,13.843,13.501,13.748,385604.64
2025-11-20T18:00:00+00:00,13.736,13.879,13.597,13.618,47126.07
2025-11-20T19:00:00+00:00,13.614,13.805,13.525,13.771,52034.36
2025-11-20T20:00:00+00:00,13.774,13.901,13.649,13.795,41412.3
2025-11-20T21:00:00+00:00,13.799,13.957,13.766,13.906,26254.71
2025-11-20T22:00:00+00:00,13.9,14.001,13.877,13.963,14255.35
2025-11-20T23:00:00+00:00,13.963,13.969,13.805,13.823,108500.45
2025-11-21T00:00:00+00:00,13.822,13.981,13.81,13.951,22776.8
2025-11-21T01:00:00+00:00,13.955,14.008,13.918,13.957,26803.3
2025-11-21T02:00:00+00:00,13.949,13.983,13.7,13.738,56389.71
2025-11-21T03:00:00+00:00,13.718,13.877,13.718,13.788,23596.39
2025-11-21T04:00:00+00:00,13.78,13.791,13.574,13.733,38480.85
2025-11-21T05:00:00+00:00,13.731,13.791,13.655,13.687,15121.36
2025-11-21T06:00:00+00:00,13.679,13.78,13.629,13.695,10569.1
2025-11-21T07:00:00+00:00,13.699,13.752,12.359,13.185,324347.37
2025-11-21T08:00:00+00:00,13.175,13.395,13.095,13.325,66983.53
2025-11-21T09:00:00+00:00,13.329,13.42,12.987,13.005,48090.58
2025-11-21T10:00:00+00:00,13.003,13.104,12.942,12.987,52581.95
2025-11-21T11:00:00+00:00,12.987,13.134,12.865,12.923,35472.26
2025-11-21T12:00:00+00:00,12.923,13.21,12.639,13.131,154218.79
2025-11-21T13:00:00+00:00,13.13,13.244,13.065,13.152,33083.07
2025-11-21T14:00:00+00:00,13.142,13.317,13.047,13.262,48128.63
2025-11-21T15:00:00+00:00,13.234,13.25,12.959,12.999,62576.87
2025-11-21T16:00:00+00:00,13.001,13.325,12.839,13.318,88963.24
2025-11-21T17:00:00+00:00,13.304,13.464,13.268,13.325,47668.65
2025-11-21T18:00:00+00:00,13.327,13.397,13.212,13.332,44121.68
2025-11-21T19:00:00+00:00,13.327,13.353,13.248,13.285,6929.89
2025-11-21T20:00:00+00:00,13.296,13.321,13.219,13.285,53650.84
2025-11-21T21:00:00+00:00,13.284,13.374,13.262,13.335,9206.05
2025-11-21T22:00:00+00:00,13.337,13.362,13.189,13.214,15428.56
2025-11-21T23:00:00+00:00,13.216,13.34,13.202,13.309,21657.74
2025-11-22T00:00:00+00:00,13.292,13.332,13.251,13.291,6994.11
2025-11-22T01:00:00+00:00,13.297,13.313,13.265,13.304,6195.1
2025-11-22T02:00:00+00:00,13.305,13.314,13.257,13.289,6018.12
2025-11-22T03:00:00+00:00,13.288,13.306,13.261,13.283,8480.42
2025-11-22T04:00:00+00:00,13.285,13.302,13.217,13.29,13456.87
2025-11-22T05:00:00+00:00,13.286,13.305,13.229,13.273,3042.2
2025-11-22T06:00:00+00:00,13.272,13.328,13.246,13.322,9956.22
2025-11-22T07:00:00+00:00,13.317,13.317,13.261,13.292,3906.77
2025-11-22T08:00:00+00:00,13.292,13.292,13.162,13.266,18228.78
2025-11-22T09:00:00+00:00,13.268,13.34,13.248,13.256,12166.46
2025-11-22T10:00:00+00:00,13.263,13.3,13.238,13.265,12666.69
2025-11-22T11:00:00+00:00,13.267,13.312,13.242,13.267,4743.52
2025-11-22T12:00:00+00:00,13.27,13.27,13.137,13.159,11924.53
2025-11-22T13:00:00+00:00,13.159,13.159,13.022,13.111,24174.25
2025-11-22T14:00:00+00:00,13.109,13.277,13.109,13.235,11931.82
2025-11-22T15:00:00+00:00,13.237,13.253,13.117,13.191,11480.69
2025-11-22T16:00:00+00:00,13.182,13.277,13.169,13.256,17895.02
2025-11-22T17:00:00+00:00,13.257,13.257,13.216,13.242,5058.2
2025-11-22T18:00:00+00:00,13.243,13.266,13.219,13.245,11283.95
2025-11-22T19:00:00+00:00,13.244,13.268,13.215,13.229,17409.47
2025-11-22T20:00:00+00:00,13.233,13.263,13.193,13.233,15535.43
2025-11-22T21:00:00+00:00,13.227,13.256,13.219,13.249,19853.83
2025-11-22T22:00:00+00:00,13.257,13.391,13.206,13.333,41719.86
2025-11-22T23:00:00+00:00,13.306,13.317,13.214,13.237,12279.46
2025-11-23T00:00:00+00:00,13.236,13.265,13.212,13.233,8963.64
2025-11-23T01:00:00+00:00,13.246,13.326,13.239,13.302,9275.04
2025-11-23T02:00:00+00:00,13.3,13.39,13.279,13.356,3307.96
2025-11-23T03:00:00+00:00,13.357,13.362,13.303,13.357,7818.07
2025-11-23T04:00:00+00:00,13.351,13.445,13.351,13.374,6844.81
2025-11-23T05:00:00+00:00,13.373,13.374,13.327,13.372,11774.66
2025-11-23T06:00:00+00:00,13.371,13.397,13.335,13.339,3187.22
2025-11-23T07:00:00+00:00,13.339,13.348,13.237,13.296,17578.35
2025-11-23T08:00:00+00:00,13.299,13.336,13.273,13.333,18997.65
2025-11-23T09:00:00+00:00,13.331,13.372,13.319,13.322,10055.67
2025-11-23T10:00:00+00:00,13.322,13.324,13.272,13.283,9273.99
2025-11-23T11:00:00+00:00,13.284,13.308,13.228,13.291,4682.07
2025-11-23T12:00:00+00:00,13.29,13.378,13.285,13.319,9668.27
2025-11-23T13:00:00+00:00,13.323,13.359,13.297,13.357,21528.07
2025-11-23T14:00:00+00:00,13.359,13.423,13.275,13.284,33299.0
2025-11-23T15:00:00+00:00,13.287,13.43,13.268,13.415,28439.82
2025-11-23T16:00:00+00:00,13.415,13.439,13.325,13.325,15481.51
2025-11-23T17:00:00+00:00,13.33,13.344,13.272,13.291,30326.66
2025-11-23T18:00:00+00:00,13.294,13.386,13.293,13.34,18094.21
2025-11-23T19:00:00+00:00,13.34,13.42,13.334,13.376,10126.33
2025-11-23T20:00:00+00:00,13.378,13.404,13.362,13.384,8814.4
2025-11-23T21:00:00+00:00,13.381,13.464,13.34,13.455,10079.62
2025-11-23T22:00:00+00:00,13.458,13.461,13.375,13.413,11555.76
2025-11-23T23:00:00+00:00,13.415,13.424,13.273,13.273,6521.48
2025-11-24T00:00:00+00:00,13.272,13.283,13.154,13.226,49191.18
2025-11-24T01:00:00+00:00,13.22,13.289,13.181,13.284,17239.42
2025-11-24T02:00:00+00:00,13.287,13.503,13.28,13.409,18346.79
2025-11-24T03:00:00+00:00,13.412,13.495,13.379,13.463,3941.95
2025-11-24T04:00:00+00:00,13.462,13.484,13.296,13.343,12359.89
2025-11-24T05:00:00+00:00,13.34,13.599,13.333,13.515,12099.5
2025-11-24T06:00:00+00:00,13.515,13.52,13.406,13.5,6138.89
2025-11-24T07:00:00+00:00,13.494,13.508,13.435,13.455,8739.65
2025-11-24T08:00:00+00:00,13.447,13.468,13.409,13.45,35493.4
2025-11-24T09:00:00+00:00,13.448,13.45,13.275,13.312,28171.9
2025-11-24T10:00:00+00:00,13.313,13.37,13.283,13.319,9014.83
2025-11-24T11:00:00+00:00,13.321,13.415,13.292,13.402,31180.02
2025-11-24T12:00:00+00:00,13.394,13.394,13.306,13.326,6277.82
2025-11-24T13:00:00+00:00,13.328,13.443,13.322,13.394,8520.03
2025-11-24T14:00:00+00:00,13.392,13.515,13.264,13.426,21972.39
2025-11-24T15:00:00+00:00,13.442,13.583,13.378,13.509,34773.47
2025-11-24T16:00:00+00:00,13.512,13.661,13.512,13.596,18064.49
2025-11-24T17:00:00+00:00,13.596,13.913,13.567,13.898,37429.73
2025-11-24T18:00:00+00:00,13.899,13.97,13.853,13.932,23983.98
2025-11-24T19:00:00+00:00,13.936,14.0,13.887,13.916,22478.58
2025-11-24T20:00:00+00:00,13.92,14.044,13.903,14.008,7219.97
2025-11-24T21:00:00+00:00,14.001,14.004,13.897,13.917,10361.91
2025-11-24T22:00:00+00:00,13.91,13.967,13.891,13.92,3919.43
2025-11-24T23:00:00+00:00,13.926,13.935,13.888,13.894,7012.88
2025-11-25T00:00:00+00:00,13.894,13.944,13.877,13.902,5657.18
2025-11-25T01:00:00+00:00,13.906,13.934,13.867,13.87,3705.16
2025-11-25T02:00:00+00:00,13.871,13.94,13.839,13.93,6730.54
2025-11-25T03:00:00+00:00,13.929,13.946,13.873,13.903,3319.53
2025-11-25T04:00:00+00:00,13.898,13.941,13.868,13.923,4063.54
2025-11-25T05:00:00+00:00,13.919,13.926,13.883,13.913,5700.46
2025-11-25T06:00:00+00:00,13.912,13.934,13.824,13.929,11221.93
2025-11-25T07:00:00+00:00,13.937,13.94,13.866,13.879,9348.12
2025-11-25T08:00:00+00:00,13.882,13.934,13.851,13.867,9985.04
2025-11-25T09:00:00+00:00,13.875,13.934,13.772,13.911,41021.55
2025-11-25T10:00:00+00:00,13.916,13.937,13.867,13.919,32454.27
2025-11-25T11:00:00+00:00,13.918,13.921,13.874,13.898,15096.83
2025-11-25T12:00:00+00:00,13.903,13.938,13.889,13.926,5754.59
2025-11-25T13:00:00+00:00,13.919,13.93,13.859,13.887,24710.87
2025-11-25T14:00:00+00:00,13.887,13.94,13.696,13.816,62674.22
2025-11-25T15:00:00+00:00,13.793,13.943,13.715,13.909,15663.44
2025-11-25T16:00:00+00:00,13.912,13.996,13.896,13.95,11451.26
2025-11-25T17:00:00+00:00,13.956,13.987,13.917,13.932,12206.81
2025-11-25T18:00:00+00:00,13.932,13.977,13.929,13.938,5798.7
2025-11-25T19:00:00+00:00,13.946,13.998,13.897,13.998,38534.83
2025-11-25T20:00:00+00:00,14.004,14.114,13.982,14.093,10643.77
2025-11-25T21:00:00+00:00,14.087,14.141,14.033,14.046,11682.95
2025-11-25T22:00:00+00:00,14.041,14.153,13.988,14.129,8657.5
2025-11-25T23:00:00+00:00,14.127,14.374,14.118,14.176,26506.95
2025-11-26T00:00:00+00:00,14.186,14.313,14.186,14.296,21200.93
2025-11-26T01:00:00+00:00,14.296,14.336,14.171,14.231,5730.78
2025-11-26T02:00:00+00:00,14.23,14.247,14.13,14.137,7260.94
2025-11-26T03:00:00+00:00,14.132,14.156,14.015,14.028,7523.34
2025-11-26T04:00:00+00:00,14.028,14.049,14.003,14.004,11260.27
2025-11-26T05:00:00+00:00,14.003,14.053,13.992,14.02,9013.46
2025-11-26T06:00:00+00:00,14.02,14.082,13.999,14.059,7945.98
2025-11-26T07:00:00+00:00,14.059,14.087,14.025,14.087,7390.69
2025-11-26T08:00:00+00:00,14.085,14.089,13.994,13.998,7725.85
2025-11-26T09:00:00+00:00,13.998,14.014,13.963,13.997,16216.02
2025-11-26T10:00:00+00:00,13.997,14.036,13.979,14.016,16639.91
2025-11-26T11:00:00+00:00,14.017,14.066,13.982,13.997,10095.02
2025-11-26T12:00:00+00:00,13.997,14.008,13.906,13.924,9144.41
2025-11-26T13:00:00+00:00,13.922,13.993,13.918,13.967,11995.79
2025-11-26T14:00:00+00:00,13.967,13.993,13.904,13.932,23074.52
2025-11-26T15:00:00+00:00,13.932,13.968,13.912,13.955,11023.75
2025-11-26T16:00:00+00:00,13.958,14.134,13.948,14.107,31168.44
2025-11-26T17:00:00+00:00,14.103,14.455,14.089,14.404,39042.12
2025-11-26T18:00:00+00:00,14.4,14.586,14.394,14.586,36771.54
2025-11-26T19:00:00+00:00,14.587,14.608,14.478,14.545,65487.71
2025-11-26T20:00:00+00:00,14.545,14.68,14.512,14.661,45268.74
2025-11-26T21:00:00+00:00,14.662,14.75,14.635,14.666,11364.41
2025-11-26T22:00:00+00:00,14.67,14.735,14.637,14.702,6564.93
2025-11-26T23:00:00+00:00,14.703,14.952,14.703,14.952,14869.24
2025-11-27T00:00:00+00:00,14.956,14.998,14.895,14.933,132175.53
2025-11-27T01:00:00+00:00,14.932,14.998,14.904,14.969,197325.52
2025-11-27T02:00:00+00:00,14.969,15.007,14.892,14.915,223537.84
2025-11-27T03:00:00+00:00,14.915,14.951,14.895,14.9,379221.83
2025-11-27T04:00:00+00:00,14.9,14.935,14.884,14.892,362093.97
2025-11-27T05:00:00+00:00,14.893,14.936,14.85,14.909,328869.63
2025-11-27T06:00:00+00:00,14.918,14.956,14.889,14.915,58072.72
2025-11-27T07:00:00+00:00,14.92,14.954,14.897,14.938,42624.33
2025-11-27T08:00:00+00:00,14.937,14.938,14.849,14.933,241236.63
2025-11-27T09:00:00+00:00,14.933,14.961,14.91,14.915,62688.12
2025-11-27T10:00:00+00:00,14.911,14.956,14.903,14.951,8397.8
2025-11-27T11:00:00+00:00,14.947,14.953,14.909,14.922,19948.4
2025-11-27T12:00:00+00:00,14.921,14.942,14.897,14.926,61429.88
2025-11-27T13:00:00+00:00,14.925,14.969,14.894,14.952,85208.28
2025-11-27T14:00:00+00:00,14.947,14.958,14.9,14.938,12678.52
2025-11-27T15:00:00+00:00,14.938,14.964,14.916,14.952,22701.7
2025-11-27T16:00:00+00:00,14.954,15.15,14.937,15.107,29544.88
2025-11-27T17:00:00+00:00,15.107,15.145,15.084,15.1,65192.18
2025-11-27T18:00:00+00:00,15.101,15.148,15.082,15.148,27023.85
2025-11-27T19:00:00+00:00,15.142,15.144,14.996,15.023,25236.86
2025-11-27T20:00:00+00:00,15.023,15.042,15.0,15.026,6714.31
2025-11-27T21:00:00+00:00,15.025,15.059,15.004,15.033,11421.25
2025-11-27T22:00:00+00:00,15.032,15.055,14.972,15.022,6069.12
2025-11-27T23:00:00+00:00,15.022,15.042,14.992,15.006,7857.86
2025-11-28T00:00:00+00:00,15.012,15.048,15.003,15.027,10235.01
2025-11-28T01:00:00+00:00,15.027,15.035,14.997,15.004,13163.5
2025-11-28T02:00:00+00:00,15.002,15.055,14.993,15.032,34338.83
2025-11-28T03:00:00+00:00,15.032,15.04,15.005,15.035,11508.06
2025-11-28T04:00:00+00:00,15.036,15.051,15.005,15.005,3215.75
2025-11-28T05:00:00+00:00,15.01,15.077,14.998,15.032,4417.55
2025-11-28T06:00:00+00:00,15.031,15.043,14.988,15.035,4704.53
2025-11-28T07:00:00+00:00,15.035,15.046,14.997,14.997,5355.49
2025-11-28T08:00:00+00:00,15.003,15.112,15.002,15.076,53000.68
2025-11-28T09:00:00+00:00,15.078,15.085,15.02,15.04,29655.91
2025-11-28T10:00:00+00:00,15.038,15.05,15.004,15.044,16176.34
2025-11-28T11:00:00+00:00,15.044,15.044,14.766,15.013,46626.27
2025-11-28T12:00:00+00:00,15.012,15.045,14.992,15.002,32671.73
2025-11-28T13:00:00+00:00,15.001,15.096,14.987,15.063,10582.74
2025-11-28T14:00:00+00:00,15.063,15.167,15.042,15.096,19075.0
2025-11-28T15:00:00+00:00,15.103,15.261,15.065,15.087,36963.12
2025-11-28T16:00:00+00:00,15.093,15.093,14.811,14.819,51984.62
2025-11-28T17:00:00+00:00,14.834,14.87,14.795,14.82,26482.39
2025-11-28T18:00:00+00:00,14.839,14.886,14.812,14.849,13952.06
2025-11-28T19:00:00+00:00,14.853,14.874,14.835,14.869,9247.08
2025-11-28T20:00:00+00:00,14.867,14.874,14.822,14.861,5396.67
2025-11-28T21:00:00+00:00,14.855,14.865,14.783,14.822,6015.17
2025-11-28T22:00:00+00:00,14.822,14.876,14.815,14.843,12588.87
2025-11-28T23:00:00+00:00,14.844,14.866,14.831,14.836,18464.67
2025-11-29T00:00:00+00:00,14.836,14.869,14.832,14.869,10154.29
2025-11-29T01:00:00+00:00,14.867,14.875,14.834,14.84,3053.12
2025-11-29T02:00:00+00:00,14.841,14.862,14.812,14.862,4198.58
2025-11-29T03:00:00+00:00,14.863,14.872,14.821,14.842,12422.56
2025-11-29T04:00:00+00:00,14.842,14.901,14.836,14.893,2546.57
2025-11-29T05:00:00+00:00,14.885,14.889,14.831,14.838,8225.27
2025-11-29T06:00:00+00:00,14.843,14.865,14.767,14.772,4426.6
2025-11-29T07:00:00+00:00,14.77,14.777,14.655,14.666,21024.97
2025-11-29T08:00:00+00:00,14.667,14.709,14.628,14.707,15215.37
2025-11-29T09:00:00+00:00,14.716,14.751,14.7,14.751,6130.95
2025-11-29T10:00:00+00:00,14.752,14.845,14.718,14.838,6071.4
2025-11-29T11:00:00+00:00,14.839,14.882,14.813,14.87,4957.56
2025-11-29T12:00:00+00:00,14.868,14.876,14.842,14.842,4775.69
2025-11-29T13:00:00+00:00,14.842,14.874,14.835,14.836,5873.0
2025-11-29T14:00:00+00:00,14.837,14.839,14.74,14.74,5520.02
2025-11-29T15:00:00+00:00,14.739,14.847,14.739,14.847,20850.12
2025-11-29T16:00:00+00:00,14.852,14.856,14.775,14.802,10478.1
2025-11-29T17:00:00+00:00,14.806,14.815,14.663,14.676,13142.98
2025-11-29T18:00:00+00:00,14.672,14.678,14.451,14.512,34226.37
2025-11-29T19:00:00+00:00,14.511,14.511,14.354,14.425,8461.75
2025-11-29T20:00:00+00:00,14.443,14.443,14.253,14.354,16672.71
2025-11-29T21:00:00+00:00,14.35,14.377,14.292,14.347,19762.72
2025-11-29T22:00:00+00:00,14.338,14.392,14.272,14.366,4787.77
2025-11-29T23:00:00+00:00,14.363,14.372,14.17,14.239,44976.25
2025-11-30T00:00:00+00:00,14.239,14.26,14.193,14.206,6262.73
2025-11-30T01:00:00+00:00,14.208,14.313,14.203,14.272,6220.61
2025-11-30T02:00:00+00:00,14.279,14.321,14.222,14.232,3229.62
2025-11-30T03:00:00+00:00,14.236,14.248,14.125,14.2,6951.36
2025-11-30T04:00:00+00:00,14.209,14.211,14.128,14.15,3937.87
2025-11-30T05:00:00+00:00,14.147,14.147,14.018,14.026,16381.68
2025-11-30T06:00:00+00:00,14.026,14.083,13.972,14.077,13155.07
2025-11-30T07:00:00+00:00,14.08,14.14,14.061,14.127,10063.98
2025-11-30T08:00:00+00:00,14.128,14.177,14.037,14.16,10598.49
2025-11-30T09:00:00+00:00,14.165,14.212,14.122,14.133,24496.23
2025-11-30T10:00:00+00:00,14.133,14.138,14.068,14.077,10315.92
2025-11-30T11:00:00+00:00,14.082,14.111,14.034,14.058,7508.56
2025-11-30T12:00:00+00:00,14.052,14.21,14.038,14.174,17159.14
2025-11-30T13:00:00+00:00,14.174,14.292,14.173,14.256,23716.46
2025-11-30T14:00:00+00:00,14.265,14.268,14.099,14.148,30037.65
2025-11-30T15:00:00+00:00,14.147,14.184,14.076,14.157,23403.21
2025-11-30T16:00:00+00:00,14.162,14.275,14.159,14.254,7677.81
2025-11-30T17:00:00+00:00,14.256,14.258,14.142,14.206,14240.53
2025-11-30T18:00:00+00:00,14.206,14.207,13.821,13.947,54320.7
2025-11-30T19:00:00+00:00,13.941,14.017,13.937,13.992,6179.19
2025-11-30T20:00:00+00:00,13.985,14.019,13.935,13.963,19542.16
2025-11-30T21:00:00+00:00,13.964,13.972,13.754,13.817,19292.54
2025-11-30T22:00:00+00:00,13.836,13.92,13.812,13.92,5445.6
2025-11-30T23:00:00+00:00,13.91,13.91,13.659,13.701,15700.27
2025-12-01T00:00:00+00:00,13.702,13.722,13.094,13.113,134809.02
2025-12-01T01:00:00+00:00,13.11,13.239,13.073,13.108,19479.29
2025-12-01T02:00:00+00:00,13.104,13.188,13.084,13.119,9649.42
2025-12-01T03:00:00+00:00,13.119,13.121,12.937,12.947,12569.28
2025-12-01T04:00:00+00:00,12.95,12.975,12.865,12.909,32753.84
2025-12-01T05:00:00+00:00,12.917,12.956,12.881,12.899,8241.48
2025-12-01T06:00:00+00:00,12.901,13.014,12.9,12.945,7239.91
2025-12-01T07:00:00+00:00,12.947,13.082,12.94,13.064,9918.89
2025-12-01T08:00:00+00:00,13.065,13.075,12.998,13.056,23106.94
2025-12-01T09:00:00+00:00,13.052,13.096,12.976,12.998,7412.47
2025-12-01T10:00:00+00:00,12.998,13.018,12.96,12.972,4208.66
2025-12-01T11:00:00+00:00,12.973,13.006,12.93,12.938,10920.34
2025-12-01T12:00:00+00:00,12.933,12.941,12.761,12.912,26082.23
2025-12-01T13:00:00+00:00,12.901,12.964,12.742,12.81,22011.99
2025-12-01T14:00:00+00:00,12.811,12.947,12.795,12.864,48590.02
2025-12-01T15:00:00+00:00,12.864,12.876,12.609,12.691,57081.82
2025-12-01T16:00:00+00:00,12.693,12.714,12.546,12.615,27136.27
2025-12-01T17:00:00+00:00,12.619,12.733,12.608,12.682,14687.98
2025-12-01T18:00:00+00:00,12.688,12.763,12.615,12.708,27437.21
2025-12-01T19:00:00+00:00,12.706,12.706,12.613,12.613,22879.79
2025-12-01T20:00:00+00:00,12.607,12.747,12.586,12.639,13865.03
2025-12-01T21:00:00+00:00,12.64,12.82,12.632,12.785,24274.42
2025-12-01T22:00:00+00:00,12.788,12.842,12.748,12.784,5149.05
2025-12-01T23:00:00+00:00,12.781,12.849,12.743,12.746,10448.19
2025-12-02T00:00:00+00:00,12.744,12.794,12.701,12.782,25210.14
2025-12-02T01:00:00+00:00,12.781,12.997,12.764,12.839,21052.9
2025-12-02T02:00:00+00:00,12.838,12.94,12.828,12.914,2506.51
2025-12-02T03:00:00+00:00,12.919,12.954,12.811,12.94,6145.63
2025-12-02T04:00:00+00:00,12.942,12.987,12.889,12.891,15563.34
2025-12-02T05:00:00+00:00,12.908,12.938,12.856,12.929,12563.98
2025-12-02T06:00:00+00:00,12.934,13.007,12.91,12.997,21628.6
2025-12-02T07:00:00+00:00,12.994,13.031,12.961,13.015,10849.08
2025-12-02T08:00:00+00:00,13.021,13.055,12.888,12.913,114108.33
2025-12-02T09:00:00+00:00,12.92,13.021,12.897,12.96,15549.44
2025-12-02T10:00:00+00:00,12.955,13.114,12.953,13.083,21413.56
2025-12-02T11:00:00+00:00,13.084,13.091,12.863,12.896,84359.36
2025-12-02T12:00:00+00:00,12.903,12.934,12.836,12.901,25597.15
2025-12-02T13:00:00+00:00,12.9,13.025,12.883,13.004,35813.28
2025-12-02T14:00:00+00:00,13.005,13.265,12.995,13.25,55535.72
2025-12-02T15:00:00+00:00,13.256,13.711,13.256,13.672,67744.14
2025-12-02T16:00:00+00:00,13.674,13.738,13.548,13.583,38641.77
2025-12-02T17:00:00+00:00,13.583,13.699,13.537,13.584,11821.5
2025-12-02T18:00:00+00:00,13.581,13.706,13.581,13.651,6435.07
2025-12-02T19:00:00+00:00,13.652,13.696,13.622,13.64,10823.06
2025-12-02T20:00:00+00:00,13.645,13.682,13.563,13.639,22138.39
2025-12-02T21:00:00+00:00,13.645,13.67,13.609,13.655,4490.85
2025-12-02T22:00:00+00:00,13.654,13.755,13.649,13.726,3435.63
2025-12-02T23:00:00+00:00,13.725,13.725,13.617,13.617,5271.46
2025-12-03T00:00:00+00:00,13.62,13.67,13.576,13.645,10264.94
2025-12-03T01:00:00+00:00,13.648,13.752,13.625,13.694,6601.66
2025-12-03T02:00:00+00:00,13.697,13.839,13.695,13.784,14590.85
2025-12-03T03:00:00+00:00,13.778,13.826,13.771,13.818,6618.98
2025-12-03T04:00:00+00:00,13.808,13.924,13.795,13.906,20012.96
2025-12-03T05:00:00+00:00,13.91,14.05,13.907,14.045,16448.89
2025-12-03T06:00:00+00:00,14.043,14.347,14.043,14.108,20307.88
2025-12-03T07:00:00+00:00,14.111,14.152,14.075,14.122,9257.36
2025-12-03T08:00:00+00:00,14.119,14.173,14.047,14.131,8999.2
2025-12-03T09:00:00+00:00,14.148,14.148,14.003,14.088,7570.04
2025-12-03T10:00:00+00:00,14.082,14.116,14.032,14.032,5823.94
2025-12-03T11:00:00+00:00,14.033,14.069,14.001,14.059,2599.44
2025-12-03T12:00:00+00:00,14.062,14.103,14.038,14.103,3593.67
2025-12-03T13:00:00+00:00,14.096,14.22,14.096,14.181,24494.24
2025-12-03T14:00:00+00:00,14.181,14.28,13.877,14.114,69932.34
2025-12-03T15:00:00+00:00,14.101,14.203,14.056,14.162,9460.78
2025-12-03T16:00:00+00:00,14.164,14.33,14.067,14.282,27257.37
2025-12-03T17:00:00+00:00,14.276,14.43,14.275,14.386,46748.27
2025-12-03T18:00:00+00:00,14.383,14.494,14.341,14.373,15091.48
2025-12-03T19:00:00+00:00,14.368,14.492,14.354,14.488,7639.14
2025-12-03T20:00:00+00:00,14.492,14.518,14.409,14.448,7022.84
2025-12-03T21:00:00+00:00,14.451,14.909,14.426,14.905,42094.49
2025-12-03T22:00:00+00:00,14.899,15.078,14.741,14.849,27773.36
2025-12-03T23:00:00+00:00,14.855,14.897,14.761,14.78,10452.09
2025-12-04T00:00:00+00:00,14.78,14.869,14.719,14.801,15942.67
2025-12-04T01:00:00+00:00,14.806,14.858,14.665,14.684,13166.56
2025-12-04T02:00:00+00:00,14.707,14.763,14.697,14.737,15797.06
2025-12-04T03:00:00+00:00,14.737,14.743,14.692,14.714,3139.15
2025-12-04T04:00:00+00:00,14.715,14.734,14.69,14.725,4234.92
2025-12-04T05:00:00+00:00,14.726,14.746,14.698,14.737,6540.08
2025-12-04T06:00:00+00:00,14.735,14.75,14.706,14.709,4158.42
2025-12-04T07:00:00+00:00,14.706,14.745,14.675,14.712,9642.43
2025-12-04T08:00:00+00:00,14.712,14.747,14.705,14.714,11310.06
2025-12-04T09:00:00+00:00,14.718,14.784,14.709,14.738,65653.41
2025-12-04T10:00:00+00:00,14.738,14.752,14.711,14.732,6686.96
2025-12-04T11:00:00+00:00,14.731,14.749,14.696,14.741,17667.47
2025-12-04T12:00:00+00:00,14.739,14.752,14.694,14.727,13072.93
2025-12-04T13:00:00+00:00,14.729,14.75,14.7,14.725,10812.51
2025-12-04T14:00:00+00:00,14.722,14.762,14.641,14.648,30212.87
2025-12-04T15:00:00+00:00,14.661,14.851,14.661,14.742,32998.08
2025-12-04T16:00:00+00:00,14.745,14.763,14.689,14.727,20626.55
2025-12-04T17:00:00+00:00,14.721,14.731,14.495,14.565,47721.53
2025-12-04T18:00:00+00:00,14.569,14.569,14.452,14.471,70174.39
2025-12-04T19:00:00+00:00,14.472,14.476,14.189,14.42,84026.85
2025-12-04T20:00:00+00:00,14.416,14.489,14.35,14.466,14479.01
2025-12-04T21:00:00+00:00,14.467,14.492,14.374,14.378,13971.99
2025-12-04T22:00:00+00:00,14.382,14.462,14.381,14.437,4836.08
2025-12-04T23:00:00+00:00,14.43,14.472,14.374,14.382,15495.6
2025-12-05T00:00:00+00:00,14.387,14.47,14.38,14.447,10517.25
2025-12-05T01:00:00+00:00,14.445,14.497,14.435,14.46,4480.6
2025-12-05T02:00:00+00:00,14.463,14.511,14.429,14.478,1824.89
2025-12-05T03:00:00+00:00,14.481,14.506,14.42,14.439,9472.2
2025-12-05T04:00:00+00:00,14.436,14.467,14.357,14.403,2691.64
2025-12-05T05:00:00+00:00,14.405,14.428,14.345,14.349,2883.64
2025-12-05T06:00:00+00:00,14.348,14.4,14.32,14.359,5135.37
2025-12-05T07:00:00+00:00,14.357,14.414,14.335,14.36,2756.68
2025-12-05T08:00:00+00:00,14.359,14.359,14.158,14.198,11342.74
2025-12-05T09:00:00+00:00,14.197,14.197,13.944,13.951,18229.29
2025-12-05T10:00:00+00:00,13.951,14.01,13.933,13.955,4788.15
2025-12-05T11:00:00+00:00,13.957,13.981,13.753,13.793,15886.6
2025-12-05T12:00:00+00:00,13.794,13.794,13.639,13.733,21027.41
2025-12-05T13:00:00+00:00,13.722,13.76,13.617,13.678,25314.27
2025-12-05T14:00:00+00:00,13.676,13.705,13.57,13.613,37326.92
2025-12-05T15:00:00+00:00,13.622,13.856,13.62,13.669,70662.34
2025-12-05T16:00:00+00:00,13.669,13.669,13.3,13.448,80813.33
2025-12-05T17:00:00+00:00,13.435,13.474,13.287,13.41,25788.93
2025-12-05T18:00:00+00:00,13.404,13.508,13.247,13.247,28558.58
2025-12-05T19:00:00+00:00,13.251,13.444,13.182,13.403,26991.44
2025-12-05T20:00:00+00:00,13.406,13.413,13.295,13.326,12829.86
2025-12-05T21:00:00+00:00,13.325,13.367,13.262,13.27,7027.3
2025-12-05T22:00:00+00:00,13.278,13.306,13.186,13.231,12507.63
2025-12-05T23:00:00+00:00,13.237,13.237,13.106,13.198,16801.28
2025-12-06T00:00:00+00:00,13.204,13.255,13.139,13.255,18391.24
2025-12-06T01:00:00+00:00,13.253,13.381,13.253,13.381,19765.2
2025-12-06T02:00:00+00:00,13.374,13.378,13.244,13.288,11356.36
2025-12-06T03:00:00+00:00,13.305,13.359,13.289,13.31,3732.58
2025-12-06T04:00:00+00:00,13.313,13.316,13.252,13.275,3495.26
2025-12-06T05:00:00+00:00,13.276,13.31,13.272,13.299,2837.59
2025-12-06T06:00:00+00:00,13.295,13.295,13.224,13.234,3516.71
2025-12-06T07:00:00+00:00,13.239,13.262,13.194,13.227,1499.1
2025-12-06T08:00:00+00:00,13.225,13.225,13.157,13.166,16492.92
2025-12-06T09:00:00+00:00,13.164,13.278,13.164,13.269,9752.03
2025-12-06T10:00:00+00:00,13.262,13.308,13.19,13.19,4177.03
2025-12-06T11:00:00+00:00,13.188,13.229,13.172,13.213,2067.52
2025-12-06T12:00:00+00:00,13.213,13.224,13.181,13.181,1503.02
2025-12-06T13:00:00+00:00,13.18,13.215,13.158,13.187,22630.26
2025-12-06T14:00:00+00:00,13.187,13.316,13.165,13.299,13899.72
2025-12-06T15:00:00+00:00,13.309,13.338,13.204,13.306,19549.72
2025-12-06T16:00:00+00:00,13.308,13.422,13.294,13.354,11960.1
2025-12-06T17:00:00+00:00,13.355,13.423,13.316,13.365,7917.62
2025-12-06T18:00:00+00:00,13.367,13.468,13.35,13.423,21182.4
2025-12-06T19:00:00+00:00,13.426,13.445,13.271,13.298,23412.64
2025-12-06T20:00:00+00:00,13.302,13.387,13.288,13.384,9024.32
2025-12-06T21:00:00+00:00,13.376,13.454,13.35,13.418,8294.24
2025-12-06T22:00:00+00:00,13.407,13.431,13.359,13.365,31832.06
2025-12-06T23:00:00+00:00,13.368,13.404,13.3,13.393,12213.7
2025-12-07T00:00:00+00:00,13.393,13.503,13.392,13.47,17534.59
2025-12-07T01:00:00+00:00,13.468,13.501,13.442,13.453,6698.78
2025-12-07T02:00:00+00:00,13.451,13.541,13.447,13.536,12880.68
2025-12-07T03:00:00+00:00,13.536,13.536,13.442,13.489,26002.6
2025-12-07T04:00:00+00:00,13.492,13.506,13.403,13.405,2450.25
2025-12-07T05:00:00+00:00,13.405,13.478,13.385,13.459,3133.6
2025-12-07T06:00:00+00:00,13.458,13.502,13.45,13.481,5347.42
2025-12-07T07:00:00+00:00,13.482,13.483,13.358,13.392,3321.54
2025-12-07T08:00:00+00:00,13.394,13.418,13.346,13.377,3360.06
2025-12-07T09:00:00+00:00,13.376,13.397,13.312,13.323,12348.81
2025-12-07T10:00:00+00:00,13.322,13.396,13.308,13.35,4689.09
2025-12-07T11:00:00+00:00,13.351,13.366,13.325,13.34,5845.0
2025-12-07T12:00:00+00:00,13.339,13.434,13.327,13.411,2493.74
2025-12-07T13:00:00+00:00,13.418,13.431,13.285,13.327,6900.14
2025-12-07T14:00:00+00:00,13.321,13.328,12.95,13.016,70373.78
2025-12-07T15:00:00+00:00,13.002,13.422,12.982,13.407,18310.77
2025-12-07T16:00:00+00:00,13.406,13.439,13.297,13.439,11505.21
2025-12-07T17:00:00+00:00,13.44,13.704,13.347,13.656,31032.53
2025-12-07T18:00:00+00:00,13.654,13.843,13.654,13.764,27306.52
2025-12-07T19:00:00+00:00,13.769,13.79,13.713,13.745,8066.18
2025-12-07T20:00:00+00:00,13.757,13.809,13.725,13.803,3317.32
2025-12-07T21:00:00+00:00,13.789,13.791,13.473,13.531,13092.69
2025-12-07T22:00:00+00:00,13.509,13.509,13.261,13.367,25524.97
2025-12-07T23:00:00+00:00,13.364,13.485,13.318,13.483,14047.21
2025-12-08T00:00:00+00:00,13.474,13.474,13.371,13.371,19089.62
2025-12-08T01:00:00+00:00,13.371,13.645,13.367,13.523,14775.22
2025-12-08T02:00:00+00:00,13.524,13.57,13.476,13.56,7560.01
2025-12-08T03:00:00+00:00,13.569,13.593,13.514,13.536,2256.54
2025-12-08T04:00:00+00:00,13.529,13.663,13.528,13.638,1977.37
2025-12-08T05:00:00+00:00,13.642,13.702,13.574,13.697,2711.95
2025-12-08T06:00:00+00:00,13.698,13.72,13.673,13.683,1852.99
2025-12-08T07:00:00+00:00,13.675,13.714,13.641,13.677,2379.76
2025-12-08T08:00:00+00:00,13.68,13.75,13.657,13.743,7389.69
2025-12-08T09:00:00+00:00,13.74,13.904,13.739,13.774,31727.16
2025-12-08T10:00:00+00:00,13.776,13.816,13.765,13.806,15531.36
2025-12-08T11:00:00+00:00,13.809,13.822,13.695,13.735,3170.02
2025-12-08T12:00:00+00:00,13.738,13.74,13.668,13.732,5251.13
2025-12-08T13:00:00+00:00,13.727,13.815,13.694,13.724,4375.88
2025-12-08T14:00:00+00:00,13.728,13.809,13.644,13.7,19631.59
2025-12-08T15:00:00+00:00,13.704,13.735,13.506,13.578,37800.17
2025-12-08T16:00:00+00:00,13.567,13.71,13.518,13.626,25905.3
2025-12-08T17:00:00+00:00,13.631,13.71,13.568,13.672,8505.56
2025-12-08T18:00:00+00:00,13.677,13.71,13.48,13.51,9824.28
2025-12-08T19:00:00+00:00,13.531,13.617,13.525,13.547,7018.89
2025-12-08T20:00:00+00:00,13.546,13.654,13.542,13.632,7704.71
2025-12-08T21:00:00+00:00,13.636,13.744,13.6,13.731,9485.64
2025-12-08T22:00:00+00:00,13.739,13.745,13.635,13.676,22071.08
2025-12-08T23:00:00+00:00,13.677,13.696,13.605,13.636,7305.22
2025-12-09T00:00:00+00:00,13.637,13.726,13.603,13.614,7198.37
2025-12-09T01:00:00+00:00,13.61,13.625,13.523,13.555,6451.41
2025-12-09T02:00:00+00:00,13.554,13.629,13.55,13.583,3352.03
2025-12-09T03:00:00+00:00,13.578,13.73,13.517,13.722,4262.75
2025-12-09T04:00:00+00:00,13.728,13.762,13.629,13.653,5447.26
2025-12-09T05:00:00+00:00,13.653,13.678,13.569,13.572,5064.53
2025-12-09T06:00:00+00:00,13.572,13.614,13.533,13.608,3873.36
2025-12-09T07:00:00+00:00,13.614,13.724,13.601,13.721,2261.42
2025-12-09T08:00:00+00:00,13.72,13.762,13.68,13.687,7281.08
2025-12-09T09:00:00+00:00,13.689,13.691,13.566,13.576,10772.47
2025-12-09T10:00:00+00:00,13.576,13.618,13.516,13.556,10513.23
2025-12-09T11:00:00+00:00,13.565,13.594,13.491,13.589,8067.34
2025-12-09T12:00:00+00:00,13.584,13.672,13.565,13.652,14100.5
2025-12-09T13:00:00+00:00,13.65,13.708,13.581,13.623,17614.06
2025-12-09T14:00:00+00:00,13.629,13.66,13.547,13.6,14132.9
2025-12-09T15:00:00+00:00,13.613,14.166,13.593,14.124,77555.18
2025-12-09T16:00:00+00:00,14.14,14.661,14.14,14.608,222929.98
2025-12-09T17:00:00+00:00,14.612,14.72,14.517,14.576,49252.33
2025-12-09T18:00:00+00:00,14.588,14.656,14.549,14.622,18112.87
2025-12-09T19:00:00+00:00,14.625,14.632,14.573,14.618,24580.42
2025-12-09T20:00:00+00:00,14.614,14.638,14.557,14.595,18811.31
2025-12-09T21:00:00+00:00,14.6,14.628,14.469,14.589,49945.42
2025-12-09T22:00:00+00:00,14.604,14.661,14.56,14.598,62296.21
2025-12-09T23:00:00+00:00,14.598,14.629,14.583,14.604,5155.12
2025-12-10T00:00:00+00:00,14.601,14.636,14.565,14.57,16651.22
2025-12-10T01:00:00+00:00,14.584,14.614,14.558,14.608,4483.19
2025-12-10T02:00:00+00:00,14.606,14.621,14.571,14.608,7255.6
2025-12-10T03:00:00+00:00,14.612,14.619,14.577,14.613,3164.08
2025-12-10T04:00:00+00:00,14.611,14.623,14.581,14.587,3820.89
2025-12-10T05:00:00+00:00,14.589,14.6,14.561,14.58,6388.44
2025-12-10T06:00:00+00:00,14.581,14.611,14.549,14.598,2824.05
2025-12-10T07:00:00+00:00,14.595,14.611,14.562,14.61,7450.6
2025-12-10T08:00:00+00:00,14.607,14.629,14.57,14.577,32914.33
2025-12-10T09:00:00+00:00,14.581,14.634,14.567,14.628,9220.49
2025-12-10T10:00:00+00:00,14.628,14.658,14.333,14.335,62644.5
2025-12-10T11:00:00+00:00,14.333,14.347,14.155,14.25,22014.22
2025-12-10T12:00:00+00:00,14.251,14.27,14.136,14.223,20023.62
2025-12-10T13:00:00+00:00,14.218,14.317,14.209,14.295,11068.78
2025-12-10T14:00:00+00:00,14.293,14.298,14.171,14.226,25678.98
2025-12-10T15:00:00+00:00,14.217,14.314,14.202,14.239,19792.63
2025-12-10T16:00:00+00:00,14.238,14.365,14.197,14.303,8999.33
2025-12-10T17:00:00+00:00,14.304,14.382,14.265,14.341,8858.68
2025-12-10T18:00:00+00:00,14.344,14.589,14.31,14.47,40020.09
2025-12-10T19:00:00+00:00,14.459,14.665,14.327,14.546,126180.92
2025-12-10T20:00:00+00:00,14.555,14.82,14.406,14.416,77667.55
2025-12-10T21:00:00+00:00,14.419,14.466,14.257,14.273,18842.54
2025-12-10T22:00:00+00:00,14.257,14.326,14.082,14.259,14561.78
2025-12-10T23:00:00+00:00,14.26,14.283,14.098,14.107,6310.8
2025-12-11T00:00:00+00:00,14.106,14.106,13.76,13.799,23505.9
2025-12-11T01:00:00+00:00,13.802,13.802,13.585,13.587,19681.18
2025-12-11T02:00:00+00:00,13.591,13.591,13.41,13.424,31517.09
2025-12-11T03:00:00+00:00,13.427,13.427,13.27,13.296,16811.2
2025-12-11T04:00:00+00:00,13.296,13.414,13.23,13.392,10788.47
2025-12-11T05:00:00+00:00,13.389,13.437,13.367,13.417,19550.08
2025-12-11T06:00:00+00:00,13.416,13.472,13.346,13.443,13465.12
2025-12-11T07:00:00+00:00,13.441,13.441,13.347,13.366,12607.46
2025-12-11T08:00:00+00:00,13.377,13.38,13.289,13.35,17852.59
2025-12-11T09:00:00+00:00,13.353,13.407,13.338,13.341,15255.19
2025-12-11T10:00:00+00:00,13.347,13.36,13.248,13.278,9078.58
2025-12-11T11:00:00+00:00,13.278,13.327,13.236,13.327,6819.71
2025-12-11T12:00:00+00:00,13.311,13.353,13.273,13.28,22997.66
2025-12-11T13:00:00+00:00,13.28,13.346,13.261,13.333,20642.78
2025-12-11T14:00:00+00:00,13.337,13.337,13.045,13.111,64757.78
2025-12-11T15:00:00+00:00,13.103,13.207,12.918,12.995,53692.03
2025-12-11T16:00:00+00:00,12.993,13.118,12.874,13.024,67973.09
2025-12-11T17:00:00+00:00,13.023,13.156,13.003,13.069,18730.25
2025-12-11T18:00:00+00:00,13.067,13.323,13.044,13.213,19294.07
2025-12-11T19:00:00+00:00,13.211,13.373,13.185,13.245,10802.34
2025-12-11T20:00:00+00:00,13.242,13.363,13.229,13.357,12623.64
2025-12-11T21:00:00+00:00,13.377,13.605,13.334,13.503,35131.12
2025-12-11T22:00:00+00:00,13.512,13.565,13.368,13.425,12417.16
2025-12-11T23:00:00+00:00,13.418,13.47,13.37,13.404,9837.78
2025-12-12T00:00:00+00:00,13.409,13.534,13.323,13.323,11625.97
2025-12-12T01:00:00+00:00,13.334,13.553,13.334,13.536,9325.97
2025-12-12T02:00:00+00:00,13.531,13.703,13.516,13.692,6043.9
2025-12-12T03:00:00+00:00,13.688,13.735,13.589,13.598,9906.99
2025-12-12T04:00:00+00:00,13.589,13.603,13.547,13.587,7427.83
2025-12-12T05:00:00+00:00,13.593,13.694,13.547,13.69,4247.45
2025-12-12T06:00:00+00:00,13.691,13.782,13.691,13.741,8072.83
2025-12-12T07:00:00+00:00,13.738,13.779,13.647,13.647,5099.51
2025-12-12T08:00:00+00:00,13.65,13.653,13.508,13.534,7669.4
2025-12-12T09:00:00+00:00,13.543,13.634,13.482,13.626,15891.95
2025-12-12T10:00:00+00:00,13.625,13.67,13.575,13.584,5318.77
2025-12-12T11:00:00+00:00,13.59,13.59,13.52,13.55,4514.27
2025-12-12T12:00:00+00:00,13.554,13.596,13.502,13.592,5444.54
2025-12-12T13:00:00+00:00,13.575,13.645,13.567,13.608,8749.46
2025-12-12T14:00:00+00:00,13.62,13.62,13.447,13.516,13617.42
2025-12-12T15:00:00+00:00,13.488,13.488,12.808,12.892,93613.75
2025-12-12T16:00:00+00:00,12.887,12.98,12.798,12.915,72814.07
2025-12-12T17:00:00+00:00,12.916,13.075,12.914,12.977,22860.2
2025-12-12T18:00:00+00:00,12.973,13.195,12.968,13.115,18068.19
2025-12-12T19:00:00+00:00,13.117,13.131,13.017,13.067,20783.12
2025-12-12T20:00:00+00:00,13.063,13.087,13.022,13.06,7891.08
2025-12-12T21:00:00+00:00,13.066,13.116,13.058,13.066,2957.53
2025-12-12T22:00:00+00:00,13.061,13.136,13.056,13.115,2621.32
2025-12-12T23:00:00+00:00,13.117,13.161,13.097,13.098,3366.02
2025-12-13T00:00:00+00:00,13.102,13.182,13.097,13.11,6780.16
2025-12-13T01:00:00+00:00,13.118,13.138,13.088,13.129,5080.54
2025-12-13T02:00:00+00:00,13.133,13.19,13.133,13.178,4734.85
2025-12-13T03:00:00+00:00,13.176,13.243,13.176,13.207,15091.91
2025-12-13T04:00:00+00:00,13.209,13.247,13.193,13.231,2708.46
2025-12-13T05:00:00+00:00,13.229,13.297,13.229,13.291,2398.62
2025-12-13T06:00:00+00:00,13.292,13.448,13.267,13.34,14253.6
2025-12-13T07:00:00+00:00,13.339,13.352,13.304,13.317,3838.92
2025-12-13T08:00:00+00:00,13.327,13.46,13.327,13.39,7717.9
2025-12-13T09:00:00+00:00,13.386,13.408,13.359,13.372,6867.16
2025-12-13T10:00:00+00:00,13.375,13.455,13.35,13.432,9368.79
2025-12-13T11:00:00+00:00,13.447,13.448,13.368,13.374,3764.15
2025-12-13T12:00:00+00:00,13.379,13.397,13.236,13.256,5937.2
2025-12-13T13:00:00+00:00,13.26,13.29,13.232,13.28,3579.38
2025-12-13T14:00:00+00:00,13.287,13.313,13.217,13.3,10314.67
2025-12-13T15:00:00+00:00,13.298,13.392,13.292,13.363,13927.76
2025-12-13T16:00:00+00:00,13.362,13.413,13.329,13.367,7125.68
2025-12-13T17:00:00+00:00,13.368,13.373,13.317,13.352,4784.74
2025-12-13T18:00:00+00:00,13.356,13.4,13.339,13.371,2373.33
2025-12-13T19:00:00+00:00,13.374,13.398,13.347,13.383,3220.48
2025-12-13T20:00:00+00:00,13.387,13.395,13.327,13.328,3288.98
2025-12-13T21:00:00+00:00,13.329,13.334,13.235,13.32,5562.97
2025-12-13T22:00:00+00:00,13.317,13.327,13.242,13.317,5927.51
2025-12-13T23:00:00+00:00,13.322,13.383,13.298,13.379,2825.59
2025-12-14T00:00:00+00:00,13.366,13.379,13.328,13.354,3715.65
2025-12-14T01:00:00+00:00,13.353,13.387,13.314,13.315,3753.02
2025-12-14T02:00:00+00:00,13.314,13.382,13.309,13.352,9448.01
2025-12-14T03:00:00+00:00,13.354,13.365,13.29,13.293,10636.16
2025-12-14T04:00:00+00:00,13.293,13.311,13.254,13.262,8510.11
2025-12-14T05:00:00+00:00,13.255,13.26,13.19,13.224,6694.77
2025-12-14T06:00:00+00:00,13.223,13.235,13.177,13.2,3568.88
2025-12-14T07:00:00+00:00,13.198,13.241,13.191,13.236,4929.16
2025-12-14T08:00:00+00:00,13.237,13.275,13.17,13.17,5249.79
2025-12-14T09:00:00+00:00,13.169,13.173,13.141,13.156,8177.33
2025-12-14T10:00:00+00:00,13.153,13.176,13.089,13.142,7479.95
2025-12-14T11:00:00+00:00,13.143,13.155,12.955,13.052,17469.47
2025-12-14T12:00:00+00:00,13.053,13.126,13.006,13.104,14939.57
2025-12-14T13:00:00+00:00,13.102,13.102,12.986,13.044,7817.26
2025-12-14T14:00:00+00:00,13.055,13.076,12.974,13.012,5289.52
2025-12-14T15:00:00+00:00,13.009,13.053,12.974,13.016,4635.73
2025-12-14T16:00:00+00:00,13.016,13.109,12.988,13.03,8465.12
2025-12-14T17:00:00+00:00,13.025,13.043,12.9,12.944,12966.63
2025-12-14T18:00:00+00:00,12.937,13.03,12.917,13.02,8514.2
2025-12-14T19:00:00+00:00,13.021,13.023,12.931,12.968,4256.43
2025-12-14T20:00:00+00:00,12.966,13.012,12.891,12.922,6310.71
2025-12-14T21:00:00+00:00,12.923,12.959,12.828,12.865,8578.4
2025-12-14T22:00:00+00:00,12.864,12.928,12.813,12.904,3941.11
2025-12-14T23:00:00+00:00,12.906,12.95,12.725,12.861,18143.87
2025-12-15T00:00:00+00:00,12.864,12.966,12.85,12.949,7556.09
2025-12-15T01:00:00+00:00,12.949,13.135,12.932,13.107,12981.09
2025-12-15T02:00:00+00:00,13.108,13.263,13.088,13.096,14212.4
2025-12-15T03:00:00+00:00,13.101,13.138,13.059,13.072,3495.65
2025-12-15T04:00:00+00:00,13.086,13.181,13.081,13.164,4979.62
2025-12-15T05:00:00+00:00,13.165,13.239,13.159,13.208,2301.67
2025-12-15T06:00:00+00:00,13.224,13.316,13.166,13.264,5951.83
2025-12-15T07:00:00+00:00,13.266,13.318,13.148,13.189,6914.09
2025-12-15T08:00:00+00:00,13.189,13.236,13.172,13.197,4606.67
2025-12-15T09:00:00+00:00,13.198,13.243,13.188,13.223,4595.19
2025-12-15T10:00:00+00:00,13.223,13.353,13.208,13.289,8499.45
2025-12-15T11:00:00+00:00,13.287,13.291,13.197,13.212,4851.76
2025-12-15T12:00:00+00:00,13.214,13.214,13.161,13.194,9262.78
2025-12-15T13:00:00+00:00,13.187,13.193,13.076,13.099,10026.12
2025-12-15T14:00:00+00:00,13.089,13.193,12.769,12.86,61805.44
2025-12-15T15:00:00+00:00,12.859,12.859,12.413,12.494,176355.99
2025-12-15T16:00:00+00:00,12.487,12.524,12.369,12.421,266903.95
2025-12-15T17:00:00+00:00,12.416,12.432,12.289,12.307,27091.54
2025-12-15T18:00:00+00:00,12.295,12.378,12.197,12.378,70197.8
2025-12-15T19:00:00+00:00,12.379,12.471,12.363,12.386,37659.92
2025-12-15T20:00:00+00:00,12.386,12.386,12.246,12.307,23436.85
2025-12-15T21:00:00+00:00,12.309,12.355,12.28,12.345,7737.7
2025-12-15T22:00:00+00:00,12.34,12.355,12.312,12.343,21025.0
2025-12-15T23:00:00+00:00,12.353,12.367,12.322,12.337,9832.89
2025-12-16T00:00:00+00:00,12.336,12.352,12.192,12.198,13082.3
2025-12-16T01:00:00+00:00,12.196,12.303,12.165,12.278,19219.09
2025-12-16T02:00:00+00:00,12.277,12.335,12.215,12.259,5954.17
2025-12-16T03:00:00+00:00,12.26,12.279,12.186,12.261,5772.31
2025-12-16T04:00:00+00:00,12.265,12.274,12.054,12.2,34320.83
2025-12-16T05:00:00+00:00,12.197,12.242,12.177,12.201,6325.59
2025-12-16T06:00:00+00:00,12.201,12.325,12.197,12.319,2845.84
2025-12-16T07:00:00+00:00,12.323,12.331,12.165,12.19,6311.8
2025-12-16T08:00:00+00:00,12.193,12.237,12.151,12.168,12508.23
2025-12-16T09:00:00+00:00,12.171,12.185,12.137,12.165,4389.0
2025-12-16T10:00:00+00:00,12.168,12.389,12.152,12.32,24193.43
2025-12-16T11:00:00+00:00,12.321,12.363,12.294,12.354,13331.42
2025-12-16T12:00:00+00:00,12.35,12.361,12.234,12.237,17813.97
2025-12-16T13:00:00+00:00,12.237,12.394,11.953,11.993,113255.13
2025-12-16T14:00:00+00:00,11.99,12.259,11.917,12.162,65602.56
2025-12-16T15:00:00+00:00,12.182,12.366,12.084,12.352,33883.78
2025-12-16T16:00:00+00:00,12.35,12.367,12.255,12.283,23078.07
2025-12-16T17:00:00+00:00,12.286,12.335,12.164,12.167,7112.11
2025-12-16T18:00:00+00:00,12.168,12.345,12.136,12.302,13647.21
2025-12-16T19:00:00+00:00,12.307,12.332,12.189,12.277,8626.26
2025-12-16T20:00:00+00:00,12.278,12.37,12.27,12.309,7913.92
2025-12-16T21:00:00+00:00,12.307,12.344,12.263,12.32,3692.67
2025-12-16T22:00:00+00:00,12.319,12.354,12.284,12.308,3004.35
2025-12-16T23:00:00+00:00,12.31,12.357,12.297,12.334,9275.85
2025-12-17T00:00:00+00:00,12.337,12.342,12.294,12.311,15131.94
2025-12-17T01:00:00+00:00,12.316,12.384,12.302,12.316,6343.91
2025-12-17T02:00:00+00:00,12.327,12.36,12.275,12.331,3904.39
2025-12-17T03:00:00+00:00,12.333,12.369,12.288,12.296,2166.19
2025-12-17T04:00:00+00:00,12.3,12.31,12.17,12.187,7181.95
2025-12-17T05:00:00+00:00,12.19,12.19,12.067,12.168,18146.73
2025-12-17T06:00:00+00:00,12.173,12.245,12.169,12.203,2604.83
2025-12-17T07:00:00+00:00,12.205,12.255,12.178,12.216,2379.63
2025-12-17T08:00:00+00:00,12.208,12.208,12.121,12.122,4366.31
2025-12-17T09:00:00+00:00,12.124,12.126,12.075,12.087,10401.43
2025-12-17T10:00:00+00:00,12.082,12.119,12.045,12.084,7051.03
2025-12-17T11:00:00+00:00,12.082,12.178,12.074,12.165,3906.29
2025-12-17T12:00:00+00:00,12.168,12.192,12.118,12.169,7834.56
2025-12-17T13:00:00+00:00,12.168,12.301,12.142,12.284,8313.11
2025-12-17T14:00:00+00:00,12.295,12.476,12.076,12.47,75016.53
2025-12-17T15:00:00+00:00,12.471,12.649,12.116,12.148,128409.76
2025-12-17T16:00:00+00:00,12.143,12.228,11.828,11.965,95440.01
2025-12-17T17:00:00+00:00,11.991,12.047,11.884,11.893,27050.12
2025-12-17T18:00:00+00:00,11.892,11.98,11.766,11.782,20485.05
2025-12-17T19:00:00+00:00,11.788,11.872,11.69,11.871,27369.64
2025-12-17T20:00:00+00:00,11.874,11.974,11.818,11.878,15416.47
2025-12-17T21:00:00+00:00,11.882,11.917,11.809,11.819,13404.3
2025-12-17T22:00:00+00:00,11.82,11.89,11.777,11.87,7965.14
2025-12-17T23:00:00+00:00,11.872,11.872,11.799,11.846,4838.63
2025-12-18T00:00:00+00:00,11.857,11.868,11.805,11.807,6429.2
2025-12-18T01:00:00+00:00,11.808,11.808,11.714,11.735,5164.28
2025-12-18T02:00:00+00:00,11.736,11.878,11.714,11.834,7081.71
2025-12-18T03:00:00+00:00,11.827,11.827,11.682,11.728,7384.02
2025-12-18T04:00:00+00:00,11.726,11.789,11.724,11.754,2697.85
2025-12-18T05:00:00+00:00,11.753,11.756,11.645,11.664,11270.78
2025-12-18T06:00:00+00:00,11.664,11.745,11.658,11.717,18280.52
2025-12-18T07:00:00+00:00,11.728,11.783,11.704,11.748,7533.96
2025-12-18T08:00:00+00:00,11.751,11.797,11.718,11.733,14561.2
2025-12-18T09:00:00+00:00,11.732,11.77,11.67,11.728,10750.22
2025-12-18T10:00:00+00:00,11.729,11.776,11.707,11.753,16522.25
2025-12-18T11:00:00+00:00,11.755,11.755,11.677,11.719,12857.16
2025-12-18T12:00:00+00:00,11.723,11.81,11.688,11.755,7489.96
2025-12-18T13:00:00+00:00,11.757,12.202,11.756,12.166,76435.87
2025-12-18T14:00:00+00:00,12.168,12.299,12.034,12.131,68454.47
2025-12-18T15:00:00+00:00,12.128,12.294,12.015,12.181,36571.01
2025-12-18T16:00:00+00:00,12.185,12.19,12.042,12.116,17430.54
2025-12-18T17:00:00+00:00,12.111,12.111,11.405,11.647,152956.05
2025-12-18T18:00:00+00:00,11.646,11.769,11.501,11.531,57615.58
2025-12-18T19:00:00+00:00,11.53,11.563,11.272,11.293,110197.58
2025-12-18T20:00:00+00:00,11.293,11.446,11.292,11.358,39356.47
2025-12-18T21:00:00+00:00,11.35,11.557,11.35,11.539,24435.72
2025-12-18T22:00:00+00:00,11.543,11.572,11.463,11.463,14006.88
2025-12-18T23:00:00+00:00,11.468,11.469,11.418,11.438,11213.69
2025-12-19T00:00:00+00:00,11.435,11.467,11.328,11.39,12633.92
2025-12-19T01:00:00+00:00,11.39,11.39,11.272,11.32,9270.83
2025-12-19T02:00:00+00:00,11.318,11.383,11.265,11.353,9527.33
2025-12-19T03:00:00+00:00,11.352,11.81,11.35,11.728,68079.64
2025-12-19T04:00:00+00:00,11.737,11.794,11.657,11.683,45493.08
2025-12-19T05:00:00+00:00,11.673,11.709,11.609,11.686,16513.63
2025-12-19T06:00:00+00:00,11.694,11.776,11.649,11.768,11608.11
2025-12-19T07:00:00+00:00,11.8,12.079,11.799,11.923,33766.26
2025-12-19T08:00:00+00:00,11.928,12.016,11.883,11.963,20883.28
2025-12-19T09:00:00+00:00,11.959,11.965,11.913,11.953,14706.09
2025-12-19T10:00:00+00:00,11.953,11.98,11.92,11.938,5849.07
2025-12-19T11:00:00+00:00,11.938,12.026,11.927,11.982,8463.29
2025-12-19T12:00:00+00:00,11.983,12.015,11.939,11.979,7059.15
2025-12-19T13:00:00+00:00,11.981,12.022,11.943,12.017,15905.49
2025-12-19T14:00:00+00:00,12.025,12.245,12.003,12.151,35452.66
2025-12-19T15:00:00+00:00,12.151,12.396,12.113,12.178,68482.01
2025-12-19T16:00:00+00:00,12.181,12.453,12.174,12.3,41808.76
2025-12-19T17:00:00+00:00,12.312,12.372,12.073,12.077,34449.38
2025-12-19T18:00:00+00:00,12.079,12.198,12.066,12.174,19654.18
2025-12-19T19:00:00+00:00,12.184,12.362,12.184,12.326,42937.28
2025-12-19T20:00:00+00:00,12.328,12.38,12.299,12.356,6552.33
2025-12-19T21:00:00+00:00,12.349,12.349,12.251,12.258,7703.66
2025-12-19T22:00:00+00:00,12.256,12.326,12.256,12.293,6306.85
2025-12-19T23:00:00+00:00,12.293,12.308,12.238,12.249,7746.74
2025-12-20T00:00:00+00:00,12.249,12.264,12.206,12.217,23777.15
2025-12-20T01:00:00+00:00,12.216,12.237,12.194,12.205,9068.87
2025-12-20T02:00:00+00:00,12.209,12.257,12.193,12.21,7736.13
2025-12-20T03:00:00+00:00,12.222,12.28,12.205,12.247,7729.92
2025-12-20T04:00:00+00:00,12.251,12.255,12.191,12.215,4220.06
2025-12-20T05:00:00+00:00,12.224,12.272,12.216,12.24,7969.12
2025-12-20T06:00:00+00:00,12.24,12.269,12.237,12.269,1277.33
2025-12-20T07:00:00+00:00,12.273,12.337,12.235,12.329,5062.9
2025-12-20T08:00:00+00:00,12.328,12.371,12.323,12.326,7709.52
2025-12-20T09:00:00+00:00,12.327,12.361,12.324,12.328,4555.44
2025-12-20T10:00:00+00:00,12.329,12.333,12.25,12.253,5064.57
2025-12-20T11:00:00+00:00,12.254,12.307,12.239,12.306,3233.48
2025-12-20T12:00:00+00:00,12.301,12.305,12.266,12.273,3918.83
2025-12-20T13:00:00+00:00,12.27,12.295,12.198,12.241,4269.88
2025-12-20T14:00:00+00:00,12.237,12.272,12.164,12.266,11541.93
2025-12-20T15:00:00+00:00,12.264,12.275,12.211,12.267,2317.37
2025-12-20T16:00:00+00:00,12.27,12.294,12.262,12.291,5160.04
2025-12-20T17:00:00+00:00,12.291,12.306,12.25,12.255,7178.9
2025-12-20T18:00:00+00:00,12.256,12.275,12.231,12.26,5108.73
2025-12-20T19:00:00+00:00,12.261,12.275,12.243,12.257,3840.3
2025-12-20T20:00:00+00:00,12.258,12.277,12.247,12.271,27598.27
2025-12-20T21:00:00+00:00,12.276,12.276,12.209,12.209,9351.99
2025-12-20T22:00:00+00:00,12.21,12.21,12.139,12.158,6339.8
2025-12-20T23:00:00+00:00,12.154,12.218,12.122,12.202,8070.3
2025-12-21T00:00:00+00:00,12.203,12.242,12.191,12.242,4073.52
2025-12-21T01:00:00+00:00,12.242,12.246,12.142,12.146,21126.44
2025-12-21T02:00:00+00:00,12.145,12.177,12.086,12.117,11786.31
2025-12-21T03:00:00+00:00,12.116,12.21,12.11,12.181,18556.46
2025-12-21T04:00:00+00:00,12.181,12.192,12.155,12.157,2661.47
2025-12-21T05:00:00+00:00,12.158,12.176,12.133,12.137,8186.0
2025-12-21T06:00:00+00:00,12.136,12.156,12.124,12.128,3228.47
2025-12-21T07:00:00+00:00,12.126,12.13,12.109,12.116,5551.46
2025-12-21T08:00:00+00:00,12.12,12.232,12.096,12.209,8402.76
2025-12-21T09:00:00+00:00,12.211,12.326,12.211,12.266,12510.28
2025-12-21T10:00:00+00:00,12.277,12.292,12.19,12.215,5292.99
2025-12-21T11:00:00+00:00,12.217,12.277,12.213,12.237,5051.14
2025-12-21T12:00:00+00:00,12.237,12.282,12.2,12.226,3284.18
2025-12-21T13:00:00+00:00,12.233,12.233,11.966,11.98,31768.17
2025-12-21T14:00:00+00:00,11.972,12.054,11.947,12.049,26560.2
2025-12-21T15:00:00+00:00,12.053,12.1,12.01,12.092,7581.2
2025-12-21T16:00:00+00:00,12.088,12.148,12.055,12.124,9410.21
2025-12-21T17:00:00+00:00,12.132,12.169,12.08,12.084,12935.13
2025-12-21T18:00:00+00:00,12.085,12.088,11.998,12.072,10493.23
2025-12-21T19:00:00+00:00,12.08,12.133,12.048,12.121,7586.67
2025-12-21T20:00:00+00:00,12.117,12.117,12.051,12.057,4991.19
2025-12-21T21:00:00+00:00,12.058,12.058,11.978,11.989,6744.26
2025-12-21T22:00:00+00:00,11.988,12.122,11.982,12.122,33847.58
2025-12-21T23:00:00+00:00,12.125,12.239,12.091,12.139,16890.5
2025-12-22T00:00:00+00:00,12.14,12.407,12.14,12.227,44509.23
2025-12-22T01:00:00+00:00,12.222,12.304,12.167,12.18,24639.07
2025-12-22T02:00:00+00:00,12.18,12.18,12.001,12.092,32132.6
2025-12-22T03:00:00+00:00,12.095,12.21,12.062,12.192,7796.09
2025-12-22T04:00:00+00:00,12.197,12.261,12.192,12.217,7287.92
2025-12-22T05:00:00+00:00,12.232,12.232,12.164,12.177,5030.27
2025-12-22T06:00:00+00:00,12.174,12.187,12.137,12.154,2725.18
2025-12-22T07:00:00+00:00,12.135,12.196,12.124,12.186,50192.13
2025-12-22T08:00:00+00:00,12.188,12.325,12.16,12.207,21856.31
2025-12-22T09:00:00+00:00,12.21,12.243,12.185,12.235,13478.39
2025-12-22T10:00:00+00:00,12.252,12.284,12.215,12.278,6933.81
2025-12-22T11:00:00+00:00,12.281,12.368,12.248,12.356,9341.58
2025-12-22T12:00:00+00:00,12.352,12.437,12.339,12.364,10444.01
2025-12-22T13:00:00+00:00,12.368,12.376,12.325,12.367,5407.96
2025-12-22T14:00:00+00:00,12.373,12.406,12.305,12.363,24322.65
2025-12-22T15:00:00+00:00,12.365,12.436,12.277,12.365,60101.08
2025-12-22T16:00:00+00:00,12.372,12.404,12.344,12.362,12662.83
2025-12-22T17:00:00+00:00,12.365,12.375,12.314,12.373,24630.11
2025-12-22T18:00:00+00:00,12.374,12.395,12.33,12.342,15920.76
2025-12-22T19:00:00+00:00,12.341,12.341,12.117,12.139,37389.01
2025-12-22T20:00:00+00:00,12.136,12.181,12.074,12.164,14608.26
2025-12-22T21:00:00+00:00,12.164,12.348,12.161,12.324,20547.54
2025-12-22T22:00:00+00:00,12.32,12.398,12.276,12.397,23540.68
2025-12-22T23:00:00+00:00,12.396,12.435,12.34,12.404,20186.84
2025-12-23T00:00:00+00:00,12.414,12.546,12.386,12.462,29981.66
2025-12-23T01:00:00+00:00,12.468,12.52,12.425,12.445,30403.63
2025-12-23T02:00:00+00:00,12.448,12.492,12.385,12.388,9951.91
2025-12-23T03:00:00+00:00,12.388,12.426,12.326,12.406,20651.66
2025-12-23T04:00:00+00:00,12.401,12.42,12.323,12.327,13855.89
2025-12-23T05:00:00+00:00,12.328,12.343,12.25,12.296,58306.89
2025-12-23T06:00:00+00:00,12.294,12.294,12.118,12.188,19246.1
2025-12-23T07:00:00+00:00,12.187,12.205,12.153,12.186,3394.32
2025-12-23T08:00:00+00:00,12.185,12.276,12.173,12.181,8339.33
2025-12-23T09:00:00+00:00,12.18,12.223,12.152,12.187,16526.92
2025-12-23T10:00:00+00:00,12.182,12.248,12.181,12.226,7376.93
2025-12-23T11:00:00+00:00,12.224,12.321,12.213,12.287,19607.74
2025-12-23T12:00:00+00:00,12.282,12.282,12.153,12.168,8073.3
2025-12-23T13:00:00+00:00,12.165,12.212,12.014,12.068,29998.67
2025-12-23T14:00:00+00:00,12.061,12.1,11.831,11.929,84055.0
2025-12-23T15:00:00+00:00,11.926,11.986,11.88,11.941,23431.29
2025-12-23T16:00:00+00:00,11.94,12.064,11.907,12.042,40067.08
2025-12-23T17:00:00+00:00,12.041,12.1,11.954,11.965,22231.6
2025-12-23T18:00:00+00:00,11.965,12.158,11.964,12.138,9849.13
2025-12-23T19:00:00+00:00,12.143,12.18,12.082,12.109,10799.23
2025-12-23T20:00:00+00:00,12.112,12.311,12.077,12.256,32600.24
2025-12-23T21:00:00+00:00,12.265,12.324,12.219,12.235,11582.27
2025-12-23T22:00:00+00:00,12.238,12.287,12.164,12.173,20406.23
2025-12-23T23:00:00+00:00,12.176,12.191,12.117,12.178,3426.44
2025-12-24T00:00:00+00:00,12.176,12.201,12.127,12.177,24973.11
2025-12-24T01:00:00+00:00,12.18,12.224,12.147,12.15,9576.73
2025-12-24T02:00:00+00:00,12.146,12.147,11.974,11.994,10192.28
2025-12-24T03:00:00+00:00,11.994,12.078,11.959,12.056,7556.13
2025-12-24T04:00:00+00:00,12.065,12.128,12.001,12.009,4352.48
2025-12-24T05:00:00+00:00,12.007,12.051,11.96,11.97,4699.85
2025-12-24T06:00:00+00:00,11.972,12.006,11.929,11.986,5583.4
2025-12-24T07:00:00+00:00,11.991,12.02,11.974,11.974,3092.09
2025-12-24T08:00:00+00:00,11.97,12.053,11.957,11.985,11701.49
2025-12-24T09:00:00+00:00,11.993,12.047,11.993,12.011,9437.58
2025-12-24T10:00:00+00:00,12.01,12.1,12.005,12.063,4371.57
2025-12-24T11:00:00+00:00,12.063,12.126,12.062,12.095,4741.1
2025-12-24T12:00:00+00:00,12.097,12.135,12.076,12.131,11698.96
2025-12-24T13:00:00+00:00,12.13,12.133,12.037,12.049,6413.28
2025-12-24T14:00:00+00:00,12.056,12.083,11.882,11.966,26888.52
2025-12-24T15:00:00+00:00,11.977,12.03,11.903,11.995,26069.85
2025-12-24T16:00:00+00:00,12.006,12.076,11.935,11.965,17165.5
2025-12-24T17:00:00+00:00,11.97,12.009,11.915,11.918,6884.97
2025-12-24T18:00:00+00:00,11.916,12.007,11.9,11.974,4748.49
2025-12-24T19:00:00+00:00,11.974,12.045,11.965,12.026,37829.2
2025-12-24T20:00:00+00:00,12.028,12.061,12.016,12.038,19009.75
2025-12-24T21:00:00+00:00,12.04,12.072,12.031,12.072,4581.78
2025-12-24T22:00:00+00:00,12.065,12.136,12.058,12.118,16527.31
2025-12-24T23:00:00+00:00,12.121,12.148,12.092,12.099,8095.88
2025-12-25T00:00:00+00:00,12.101,12.102,12.056,12.064,10754.56
2025-12-25T01:00:00+00:00,12.063,12.104,12.049,12.098,6723.82
2025-12-25T02:00:00+00:00,12.099,12.186,12.073,12.186,6545.41
2025-12-25T03:00:00+00:00,12.184,12.218,12.13,12.153,10249.55
2025-12-25T04:00:00+00:00,12.154,12.204,12.149,12.191,5083.44
2025-12-25T05:00:00+00:00,12.189,12.194,12.149,12.17,4637.09
2025-12-25T06:00:00+00:00,12.172,12.206,12.168,12.195,3587.4
2025-12-25T07:00:00+00:00,12.201,12.255,12.187,12.247,3313.78
2025-12-25T08:00:00+00:00,12.248,12.348,12.194,12.257,13006.44
2025-12-25T09:00:00+00:00,12.258,12.296,12.233,12.269,18302.0
2025-12-25T10:00:00+00:00,12.272,12.275,12.106,12.133,9811.9
2025-12-25T11:00:00+00:00,12.131,12.203,12.127,12.153,7527.36
2025-12-25T12:00:00+00:00,12.144,12.188,12.144,12.188,14745.8
2025-12-25T13:00:00+00:00,12.19,12.26,12.187,12.24,5354.72
2025-12-25T14:00:00+00:00,12.241,12.255,12.147,12.213,1803.47
2025-12-25T15:00:00+00:00,12.213,12.399,12.186,12.349,14429.75
2025-12-25T16:00:00+00:00,12.359,12.449,12.343,12.401,15047.86
2025-12-25T17:00:00+00:00,12.404,12.422,12.37,12.4,9606.89
2025-12-25T18:00:00+00:00,12.399,12.544,12.398,12.478,13425.47
2025-12-25T19:00:00+00:00,12.48,12.492,12.428,12.472,5274.74
2025-12-25T20:00:00+00:00,12.477,12.494,12.405,12.431,6583.85
2025-12-25T21:00:00+00:00,12.435,12.441,12.405,12.418,1198.26
2025-12-25T22:00:00+00:00,12.417,12.428,12.233,12.309,17950.78
2025-12-25T23:00:00+00:00,12.303,12.321,12.044,12.075,23837.29
2025-12-26T00:00:00+00:00,12.074,12.115,12.022,12.107,24128.81
2025-12-26T01:00:00+00:00,12.11,12.337,12.104,12.327,27192.63
2025-12-26T02:00:00+00:00,12.331,12.617,12.33,12.52,71313.33
2025-12-26T03:00:00+00:00,12.521,12.539,12.456,12.527,14116.89
2025-12-26T04:00:00+00:00,12.53,12.575,12.501,12.513,37542.0
2025-12-26T05:00:00+00:00,12.514,12.519,12.471,12.512,3163.58
2025-12-26T06:00:00+00:00,12.511,12.515,12.463,12.488,5563.6
2025-12-26T07:00:00+00:00,12.486,12.517,12.392,12.409,7955.24
2025-12-26T08:00:00+00:00,12.412,12.456,12.403,12.452,7584.54
2025-12-26T09:00:00+00:00,12.455,12.498,12.428,12.494,3989.57
2025-12-26T10:00:00+00:00,12.497,12.497,12.467,12.479,3974.55
2025-12-26T11:00:00+00:00,12.48,12.486,12.447,12.455,12778.35
2025-12-26T12:00:00+00:00,12.456,12.47,12.436,12.453,2557.56
2025-12-26T13:00:00+00:00,12.453,12.496,12.44,12.476,8554.28
2025-12-26T14:00:00+00:00,12.476,12.479,12.257,12.287,35359.71
2025-12-26T15:00:00+00:00,12.282,12.282,12.133,12.23,52583.15
2025-12-26T16:00:00+00:00,12.229,12.286,12.195,12.199,8738.54
2025-12-26T17:00:00+00:00,12.198,12.317,12.16,12.3,14269.94
2025-12-26T18:00:00+00:00,12.306,12.353,12.3,12.338,20527.83
2025-12-26T19:00:00+00:00,12.336,12.383,12.324,12.373,11427.44
2025-12-26T20:00:00+00:00,12.373,12.393,12.354,12.364,8639.9
2025-12-26T21:00:00+00:00,12.369,12.384,12.345,12.352,15320.75
2025-12-26T22:00:00+00:00,12.35,12.365,12.314,12.353,4914.19
2025-12-26T23:00:00+00:00,12.346,12.359,12.33,12.342,910.18
2025-12-27T00:00:00+00:00,12.34,12.391,12.338,12.37,4760.42
2025-12-27T01:00:00+00:00,12.372,12.374,12.334,12.361,12352.91
2025-12-27T02:00:00+00:00,12.36,12.369,12.34,12.349,7910.57
2025-12-27T03:00:00+00:00,12.35,12.418,12.33,12.418,4653.1
2025-12-27T04:00:00+00:00,12.419,12.419,12.381,12.392,2141.6
2025-12-27T05:00:00+00:00,12.4,12.441,12.394,12.438,2661.45
2025-12-27T06:00:00+00:00,12.438,12.439,12.399,12.411,1527.42
2025-12-27T07:00:00+00:00,12.411,12.467,12.411,12.452,4567.48
2025-12-27T08:00:00+00:00,12.453,12.49,12.439,12.462,13498.27
2025-12-27T09:00:00+00:00,12.461,12.473,12.42,12.426,9780.36
2025-12-27T10:00:00+00:00,12.427,12.446,12.392,12.446,10240.08
2025-12-27T11:00:00+00:00,12.447,12.473,12.436,12.464,5121.02
2025-12-27T12:00:00+00:00,12.474,12.493,12.459,12.485,9562.91
2025-12-27T13:00:00+00:00,12.485,12.486,12.442,12.48,4074.33
2025-12-27T14:00:00+00:00,12.481,12.535,12.479,12.512,13030.03
2025-12-27T15:00:00+00:00,12.516,12.573,12.502,12.555,3900.76
2025-12-27T16:00:00+00:00,12.56,12.6,12.556,12.57,11369.24
2025-12-27T17:00:00+00:00,12.569,12.582,12.542,12.574,6185.28
2025-12-27T18:00:00+00:00,12.574,12.574,12.508,12.524,5809.37
2025-12-27T19:00:00+00:00,12.532,12.547,12.508,12.531,2533.71
2025-12-27T20:00:00+00:00,12.532,12.563,12.525,12.544,3137.5
2025-12-27T21:00:00+00:00,12.544,12.698,12.542,12.599,8224.24
2025-12-27T22:00:00+00:00,12.599,12.653,12.542,12.572,5087.99
2025-12-27T23:00:00+00:00,12.574,12.784,12.565,12.695,16098.66
2025-12-28T00:00:00+00:00,12.696,12.754,12.696,12.746,8022.53
2025-12-28T01:00:00+00:00,12.749,12.781,12.735,12.761,5400.91
2025-12-28T02:00:00+00:00,12.761,12.899,12.761,12.786,28915.97
2025-12-28T03:00:00+00:00,12.789,12.821,12.753,12.78,5060.78
2025-12-28T04:00:00+00:00,12.783,12.846,12.782,12.794,2698.88
2025-12-28T05:00:00+00:00,12.79,12.823,12.788,12.803,2453.91
2025-12-28T06:00:00+00:00,12.803,12.842,12.803,12.835,5223.76
2025-12-28T07:00:00+00:00,12.83,12.844,12.768,12.794,5846.07
2025-12-28T08:00:00+00:00,12.794,12.85,12.794,12.815,7704.9
2025-12-28T09:00:00+00:00,12.813,12.813,12.741,12.756,6446.79
2025-12-28T10:00:00+00:00,12.757,12.781,12.748,12.75,3020.0
2025-12-28T11:00:00+00:00,12.752,12.759,12.671,12.693,9596.98
2025-12-28T12:00:00+00:00,12.693,12.693,12.577,12.669,37818.46
2025-12-28T13:00:00+00:00,12.668,12.69,12.651,12.67,5396.71
2025-12-28T14:00:00+00:00,12.661,12.762,12.652,12.742,26937.15
2025-12-28T15:00:00+00:00,12.742,12.762,12.71,12.731,5366.83
2025-12-28T16:00:00+00:00,12.737,12.753,12.684,12.687,36335.03
2025-12-28T17:00:00+00:00,12.688,12.721,12.669,12.677,5561.79
2025-12-28T18:00:00+00:00,12.678,12.68,12.575,12.591,22971.67
2025-12-28T19:00:00+00:00,12.588,12.64,12.57,12.584,5705.93
2025-12-28T20:00:00+00:00,12.579,12.579,12.525,12.547,5555.61
2025-12-28T21:00:00+00:00,12.548,12.567,12.528,12.564,4727.23
2025-12-28T22:00:00+00:00,12.565,12.641,12.549,12.626,7502.83
2025-12-28T23:00:00+00:00,12.627,12.65,12.579,12.634,5524.7
2025-12-29T00:00:00+00:00,12.64,12.76,12.624,12.736,12664.19
2025-12-29T01:00:00+00:00,12.736,12.831,12.632,12.775,25418.08
2025-12-29T02:00:00+00:00,12.782,12.957,12.781,12.866,16523.04
2025-12-29T03:00:00+00:00,12.873,13.11,12.864,13.091,26310.35
2025-12-29T04:00:00+00:00,13.095,13.196,13.057,13.084,55813.34
2025-12-29T05:00:00+00:00,13.087,13.119,13.026,13.045,12994.72
2025-12-29T06:00:00+00:00,13.049,13.1,13.022,13.039,5930.76
2025-12-29T07:00:00+00:00,13.039,13.057,12.92,13.013,18008.5
2025-12-29T08:00:00+00:00,13.016,13.046,12.893,12.899,29475.57
2025-12-29T09:00:00+00:00,12.902,12.906,12.663,12.705,29500.37
2025-12-29T10:00:00+00:00,12.714,12.769,12.701,12.738,32889.29
2025-12-29T11:00:00+00:00,12.734,12.742,12.712,12.719,4671.62
2025-12-29T12:00:00+00:00,12.716,12.724,12.454,12.596,34909.84
2025-12-29T13:00:00+00:00,12.595,12.605,12.54,12.564,13243.64
2025-12-29T14:00:00+00:00,12.567,12.692,12.532,12.586,36465.6
2025-12-29T15:00:00+00:00,12.59,12.733,12.571,12.692,32708.28
2025-12-29T16:00:00+00:00,12.691,12.707,12.586,12.611,5400.97
2025-12-29T17:00:00+00:00,12.61,12.653,12.573,12.636,5115.95
2025-12-29T18:00:00+00:00,12.64,12.655,12.533,12.536,15968.47
2025-12-29T19:00:00+00:00,12.535,12.581,12.481,12.493,29024.14
2025-12-29T20:00:00+00:00,12.492,12.522,12.335,12.414,22309.16
2025-12-29T21:00:00+00:00,12.412,12.458,12.409,12.436,6703.93
2025-12-29T22:00:00+00:00,12.428,12.443,12.368,12.433,5649.3
2025-12-29T23:00:00+00:00,12.428,12.428,12.35,12.37,6563.81
2025-12-30T00:00:00+00:00,12.362,12.392,12.352,12.377,6213.98
2025-12-30T01:00:00+00:00,12.378,12.413,12.35,12.373,8916.97
2025-12-30T02:00:00+00:00,12.375,12.382,12.346,12.365,8466.6
2025-12-30T03:00:00+00:00,12.366,12.417,12.319,12.397,8300.12
2025-12-30T04:00:00+00:00,12.397,12.43,12.381,12.391,4959.09
2025-12-30T05:00:00+00:00,12.387,12.401,12.356,12.379,4317.34
2025-12-30T06:00:00+00:00,12.379,12.444,12.379,12.43,5630.76
2025-12-30T07:00:00+00:00,12.427,12.451,12.412,12.42,5888.19
2025-12-30T08:00:00+00:00,12.421,12.546,12.421,12.517,23576.7
2025-12-30T09:00:00+00:00,12.518,12.534,12.478,12.521,15690.97
2025-12-30T10:00:00+00:00,12.52,12.531,12.48,12.481,4171.76
2025-12-30T11:00:00+00:00,12.477,12.509,12.477,12.498,5837.92
2025-12-30T12:00:00+00:00,12.504,12.532,12.49,12.49,2274.49
2025-12-30T13:00:00+00:00,12.49,12.539,12.49,12.518,14613.97
2025-12-30T14:00:00+00:00,12.52,12.595,12.437,12.562,27516.73
2025-12-30T15:00:00+00:00,12.562,12.592,12.48,12.586,14121.62
2025-12-30T16:00:00+00:00,12.589,12.638,12.535,12.565,14186.08
2025-12-30T17:00:00+00:00,12.561,12.613,12.521,12.561,12836.99
2025-12-30T18:00:00+00:00,12.556,12.569,12.513,12.529,6731.34
2025-12-30T19:00:00+00:00,12.523,12.523,12.451,12.5,13133.58
2025-12-30T20:00:00+00:00,12.499,12.499,12.453,12.476,4925.8
2025-12-30T21:00:00+00:00,12.477,12.522,12.468,12.515,12487.88
2025-12-30T22:00:00+00:00,12.523,12.578,12.52,12.565,10678.42
2025-12-30T23:00:00+00:00,12.564,12.579,12.55,12.579,5499.3
2025-12-31T00:00:00+00:00,12.575,12.577,12.509,12.54,12345.18
2025-12-31T01:00:00+00:00,12.536,12.712,12.531,12.653,13875.72
2025-12-31T02:00:00+00:00,12.655,12.66,12.61,12.627,5422.25
2025-12-31T03:00:00+00:00,12.625,12.647,12.58,12.593,4975.51
2025-12-31T04:00:00+00:00,12.596,12.628,12.585,12.589,6097.57
2025-12-31T05:00:00+00:00,12.591,12.608,12.548,12.552,6063.14
2025-12-31T06:00:00+00:00,12.551,12.571,12.546,12.558,3096.52
2025-12-31T07:00:00+00:00,12.556,12.557,12.52,12.543,4455.7
2025-12-31T08:00:00+00:00,12.541,12.566,12.475,12.477,7587.61
2025-12-31T09:00:00+00:00,12.474,12.51,12.47,12.503,10662.39
2025-12-31T10:00:00+00:00,12.501,12.513,12.485,12.493,4478.33
2025-12-31T11:00:00+00:00,12.495,12.571,12.488,12.571,7562.01
2025-12-31T12:00:00+00:00,12.57,12.589,12.528,12.549,90938.14
2025-12-31T13:00:00+00:00,12.55,12.592,12.535,12.58,15033.7
2025-12-31T14:00:00+00:00,12.575,12.67,12.527,12.534,38201.06
2025-12-31T15:00:00+00:00,12.544,12.546,12.435,12.467,23108.47
2025-12-31T16:00:00+00:00,12.468,12.47,12.208,12.319,43301.86
2025-12-31T17:00:00+00:00,12.32,12.361,12.302,12.332,24867.83
2025-12-31T18:00:00+00:00,12.332,12.384,12.316,12.332,14989.65
2025-12-31T19:00:00+00:00,12.333,12.353,12.31,12.313,19695.29
2025-12-31T20:00:00+00:00,12.313,12.369,12.259,12.35,9211.74
2025-12-31T21:00:00+00:00,12.348,12.385,12.339,12.348,5246.75
2025-12-31T22:00:00+00:00,12.348,12.374,12.328,12.342,9230.67
2025-12-31T23:00:00+00:00,12.346,12.354,12.308,12.308,13286.15
2026-01-01T00:00:00+00:00,12.312,12.363,12.31,12.335,9444.59
2026-01-01T01:00:00+00:00,12.331,12.37,12.312,12.325,6759.33
2026-01-01T02:00:00+00:00,12.327,12.34,12.313,12.313,4035.02
2026-01-01T03:00:00+00:00,12.313,12.327,12.273,12.277,2678.61
2026-01-01T04:00:00+00:00,12.281,12.281,12.226,12.235,16133.67
2026-01-01T05:00:00+00:00,12.236,12.291,12.235,12.259,13858.12
2026-01-01T06:00:00+00:00,12.26,12.283,12.25,12.263,3801.9
2026-01-01T07:00:00+00:00,12.267,12.286,12.249,12.273,8131.21
2026-01-01T08:00:00+00:00,12.271,12.313,12.266,12.309,8837.08
2026-01-01T09:00:00+00:00,12.311,12.36,12.311,12.338,12842.45
2026-01-01T10:00:00+00:00,12.339,12.349,12.329,12.34,3589.39
2026-01-01T11:00:00+00:00,12.34,12.377,12.338,12.374,10471.4
2026-01-01T12:00:00+00:00,12.372,12.384,12.336,12.35,10756.88
2026-01-01T13:00:00+00:00,12.344,12.417,12.343,12.404,36971.28
2026-01-01T14:00:00+00:00,12.416,12.436,12.394,12.421,8938.22
2026-01-01T15:00:00+00:00,12.426,12.555,12.414,12.523,33516.36
2026-01-01T16:00:00+00:00,12.525,12.598,12.495,12.57,43447.12
2026-01-01T17:00:00+00:00,12.572,12.696,12.572,12.683,55977.95
2026-01-01T18:00:00+00:00,12.692,12.978,12.692,12.941,132662.87
2026-01-01T19:00:00+00:00,12.948,13.565,12.948,13.531,175497.97
2026-01-01T20:00:00+00:00,13.552,13.687,13.427,13.435,80191.85
2026-01-01T21:00:00+00:00,13.437,13.576,13.4,13.566,26385.9
2026-01-01T22:00:00+00:00,13.569,13.652,13.51,13.652,35659.56
2026-01-01T23:00:00+00:00,13.652,13.687,13.548,13.582,26348.49
2026-01-02T00:00:00+00:00,13.587,13.677,13.515,13.629,33478.45
2026-01-02T01:00:00+00:00,13.63,13.639,13.515,13.608,18726.78
2026-01-02T02:00:00+00:00,13.607,13.848,13.549,13.746,58808.97
2026-01-02T03:00:00+00:00,13.753,13.812,13.661,13.731,12748.58
2026-01-02T04:00:00+00:00,13.733,13.741,13.558,13.559,12391.18
2026-01-02T05:00:00+00:00,13.56,13.641,13.52,13.601,8896.89
2026-01-02T06:00:00+00:00,13.608,13.615,13.52,13.526,12770.05
2026-01-02T07:00:00+00:00,13.524,13.546,13.38,13.384,23854.94
2026-01-02T08:00:00+00:00,13.393,13.478,13.388,13.441,20664.48
2026-01-02T09:00:00+00:00,13.448,13.58,13.417,13.531,49067.32
2026-01-02T10:00:00+00:00,13.547,13.568,13.5,13.544,21168.6
2026-01-02T11:00:00+00:00,13.546,13.546,13.323,13.385,15793.97
2026-01-02T12:00:00+00:00,13.39,13.467,13.357,13.417,14923.57
2026-01-02T13:00:00+00:00,13.416,13.432,13.362,13.386,30118.9
2026-01-02T14:00:00+00:00,13.389,13.436,13.082,13.285,108234.6
2026-01-02T15:00:00+00:00,13.285,13.335,13.105,13.278,26813.08
2026-01-02T16:00:00+00:00,13.287,13.517,13.277,13.492,45972.77
2026-01-02T17:00:00+00:00,13.492,13.635,13.492,13.591,30191.23
2026-01-02T18:00:00+00:00,13.597,13.641,13.494,13.549,11912.49
2026-01-02T19:00:00+00:00,13.546,13.663,13.538,13.639,10770.42
2026-01-02T20:00:00+00:00,13.647,13.68,13.557,13.616,8346.09
2026-01-02T21:00:00+00:00,13.611,13.856,13.601,13.856,22228.75
2026-01-02T22:00:00+00:00,13.868,13.973,13.79,13.831,20197.39
2026-01-02T23:00:00+00:00,13.831,13.831,13.75,13.803,5995.19
2026-01-03T00:00:00+00:00,13.809,13.995,13.799,13.895,25510.45
2026-01-03T01:00:00+00:00,13.89,13.941,13.808,13.849,11036.69
2026-01-03T02:00:00+00:00,13.843,13.977,13.786,13.923,8650.31
2026-01-03T03:00:00+00:00,13.924,14.278,13.906,14.253,267865.84
2026-01-03T04:00:00+00:00,14.254,14.262,14.067,14.102,23130.37
2026-01-03T05:00:00+00:00,14.113,14.13,13.948,13.986,14406.4
2026-01-03T06:00:00+00:00,13.987,14.091,13.823,13.893,209171.99
2026-01-03T07:00:00+00:00,13.884,13.897,13.672,13.726,32804.17
2026-01-03T08:00:00+00:00,13.724,13.872,13.71,13.831,12837.19
2026-01-03T09:00:00+00:00,13.832,14.006,13.797,13.949,32417.88
2026-01-03T10:00:00+00:00,13.949,14.006,13.905,13.967,5689.03
2026-01-03T11:00:00+00:00,13.964,13.989,13.92,13.983,7337.77
2026-01-03T12:00:00+00:00,13.98,14.382,13.958,14.156,36644.0
2026-01-03T13:00:00+00:00,14.148,14.152,14.022,14.055,33616.01
2026-01-03T14:00:00+00:00,14.061,14.096,13.959,13.978,35613.94
2026-01-03T15:00:00+00:00,13.977,13.977,13.827,13.861,8737.25
2026-01-03T16:00:00+00:00,13.865,13.964,13.8,13.905,13447.1
2026-01-03T17:00:00+00:00,13.902,13.958,13.89,13.89,2920.05
2026-01-03T18:00:00+00:00,13.892,13.923,13.852,13.879,4737.85
2026-01-03T19:00:00+00:00,13.879,13.879,13.825,13.857,5030.61
2026-01-03T20:00:00+00:00,13.858,13.912,13.801,13.884,10161.09
2026-01-03T21:00:00+00:00,13.884,13.957,13.861,13.908,3581.14
2026-01-03T22:00:00+00:00,13.907,13.997,13.884,13.97,8451.15
2026-01-03T23:00:00+00:00,13.973,14.027,13.936,13.98,45338.53
2026-01-04T00:00:00+00:00,13.977,14.08,13.958,14.003,234453.45
2026-01-04T01:00:00+00:00,14.002,14.01,13.878,13.947,65067.82
2026-01-04T02:00:00+00:00,13.948,13.978,13.896,13.914,6801.61
2026-01-04T03:00:00+00:00,13.919,14.03,13.919,14.001,24308.93
2026-01-04T04:00:00+00:00,13.998,14.058,13.982,13.987,4486.54
2026-01-04T05:00:00+00:00,13.99,14.024,13.947,14.024,25724.18
2026-01-04T06:00:00+00:00,14.03,14.114,13.945,13.996,20140.87
2026-01-04T07:00:00+00:00,14.001,14.091,13.994,14.035,3754.19
2026-01-04T08:00:00+00:00,14.033,14.039,13.971,14.026,9936.82
2026-01-04T09:00:00+00:00,14.026,14.087,13.979,14.06,52101.24
2026-01-04T10:00:00+00:00,14.06,14.085,14.005,14.015,29693.62
2026-01-04T11:00:00+00:00,14.014,14.084,14.001,14.067,20314.8
2026-01-04T12:00:00+00:00,14.064,14.16,14.042,14.052,18262.06
2026-01-04T13:00:00+00:00,14.042,14.21,14.024,14.184,20412.88
2026-01-04T14:00:00+00:00,14.191,14.191,14.011,14.103,12584.36
2026-01-04T15:00:00+00:00,14.107,14.189,14.06,14.179,9644.66
2026-01-04T16:00:00+00:00,14.177,14.27,14.162,14.233,21888.61
2026-01-04T17:00:00+00:00,14.236,14.289,14.178,14.199,14206.44
2026-01-04T18:00:00+00:00,14.203,14.209,14.044,14.153,21075.6
2026-01-04T19:00:00+00:00,14.15,14.15,13.997,14.13,36507.67
2026-01-04T20:00:00+00:00,14.129,14.221,14.113,14.174,8948.73
2026-01-04T21:00:00+00:00,14.172,14.489,14.135,14.379,53528.44
2026-01-04T22:00:00+00:00,14.389,14.464,14.237,14.275,9093.43
2026-01-04T23:00:00+00:00,14.272,14.37,14.208,14.24,8941.7
2026-01-05T00:00:00+00:00,14.235,14.342,14.205,14.294,13094.67
2026-01-05T01:00:00+00:00,14.302,14.514,14.262,14.439,23768.4
2026-01-05T02:00:00+00:00,14.44,14.498,14.304,14.403,19400.5
2026-01-05T03:00:00+00:00,14.406,14.476,14.327,14.382,11177.36
2026-01-05T04:00:00+00:00,14.385,14.403,14.106,14.165,42952.91
2026-01-05T05:00:00+00:00,14.166,14.223,14.114,14.124,13605.57
2026-01-05T06:00:00+00:00,14.107,14.26,14.074,14.26,6012.63
2026-01-05T07:00:00+00:00,14.263,14.321,14.197,14.269,21571.82
2026-01-05T08:00:00+00:00,14.268,14.359,14.233,14.236,6276.57
2026-01-05T09:00:00+00:00,14.223,14.239,14.139,14.158,9390.53
2026-01-05T10:00:00+00:00,14.172,14.346,14.168,14.21,11969.63
2026-01-05T11:00:00+00:00,14.211,14.211,14.127,14.195,4651.48
2026-01-05T12:00:00+00:00,14.194,14.199,14.102,14.152,6089.29
2026-01-05T13:00:00+00:00,14.153,14.211,14.023,14.078,23495.07
2026-01-05T14:00:00+00:00,14.081,14.25,14.033,14.181,22477.51
2026-01-05T15:00:00+00:00,14.183,14.276,14.072,14.172,17653.85
2026-01-05T16:00:00+00:00,14.178,14.181,14.032,14.12,38318.04
2026-01-05T17:00:00+00:00,14.123,14.223,13.912,14.202,26659.39
2026-01-05T18:00:00+00:00,14.199,14.292,14.145,14.288,12225.3
2026-01-05T19:00:00+00:00,14.275,14.341,14.236,14.267,11724.35
2026-01-05T20:00:00+00:00,14.267,14.463,14.251,14.422,24216.73
2026-01-05T21:00:00+00:00,14.415,14.511,14.378,14.466,27748.24
2026-01-05T22:00:00+00:00,14.467,14.708,14.442,14.555,54292.25
2026-01-05T23:00:00+00:00,14.558,14.576,14.446,14.446,25194.16
2026-01-06T00:00:00+00:00,14.446,14.496,14.336,14.486,27971.69
2026-01-06T01:00:00+00:00,14.483,14.739,14.381,14.401,62721.08
2026-01-06T02:00:00+00:00,14.397,14.436,14.24,14.286,17967.72
2026-01-06T03:00:00+00:00,14.285,14.461,14.28,14.422,16365.07
2026-01-06T04:00:00+00:00,14.419,14.501,14.407,14.432,14136.48
2026-01-06T05:00:00+00:00,14.432,14.459,14.331,14.359,78957.67
2026-01-06T06:00:00+00:00,14.359,14.55,14.299,14.491,11235.34
2026-01-06T07:00:00+00:00,14.49,14.49,14.23,14.268,7397.72
2026-01-06T08:00:00+00:00,14.269,14.326,14.239,14.26,16834.84
2026-01-06T09:00:00+00:00,14.258,14.44,14.252,14.383,61101.97
2026-01-06T10:00:00+00:00,14.385,14.481,14.376,14.447,4027.12
2026-01-06T11:00:00+00:00,14.449,14.522,14.428,14.522,8279.66
2026-01-06T12:00:00+00:00,14.523,14.634,14.493,14.63,30080.92
2026-01-06T13:00:00+00:00,14.629,14.689,14.558,14.587,47934.35
2026-01-06T14:00:00+00:00,14.587,14.815,14.568,14.634,91211.19
2026-01-06T15:00:00+00:00,14.636,14.692,14.41,14.528,44746.65
2026-01-06T16:00:00+00:00,14.528,14.595,14.419,14.494,36742.97
2026-01-06T17:00:00+00:00,14.493,14.526,14.29,14.34,28052.42
2026-01-06T18:00:00+00:00,14.339,14.535,14.27,14.49,41441.24
2026-01-06T19:00:00+00:00,14.49,14.517,14.47,14.471,6639.4
2026-01-06T20:00:00+00:00,14.49,14.543,14.456,14.483,4412.35
2026-01-06T21:00:00+00:00,14.483,14.75,14.455,14.546,35555.16
2026-01-06T22:00:00+00:00,14.552,14.593,14.488,14.517,5737.83
2026-01-06T23:00:00+00:00,14.518,14.622,14.518,14.601,48694.14
2026-01-07T00:00:00+00:00,14.596,14.596,14.461,14.461,36163.97
2026-01-07T01:00:00+00:00,14.467,14.513,14.385,14.462,11455.59
2026-01-07T02:00:00+00:00,14.459,14.509,14.459,14.492,3354.36
2026-01-07T03:00:00+00:00,14.492,14.516,14.465,14.469,3266.72
2026-01-07T04:00:00+00:00,14.469,14.493,14.42,14.463,3733.75
2026-01-07T05:00:00+00:00,14.461,14.491,14.449,14.454,4443.27
2026-01-07T06:00:00+00:00,14.453,14.503,14.442,14.46,6544.32
2026-01-07T07:00:00+00:00,14.46,14.526,14.459,14.504,6943.92
2026-01-07T08:00:00+00:00,14.515,14.543,14.484,14.497,22217.0
2026-01-07T09:00:00+00:00,14.497,14.503,14.422,14.449,18902.58
2026-01-07T10:00:00+00:00,14.445,14.501,14.437,14.487,7270.14
2026-01-07T11:00:00+00:00,14.477,14.52,14.47,14.485,5360.37
2026-01-07T12:00:00+00:00,14.486,14.496,14.365,14.372,8935.06
2026-01-07T13:00:00+00:00,14.38,14.423,14.306,14.351,16354.72
2026-01-07T14:00:00+00:00,14.351,14.351,14.091,14.235,49907.78
2026-01-07T15:00:00+00:00,14.243,14.248,13.949,14.008,30936.72
2026-01-07T16:00:00+00:00,14.001,14.041,13.873,13.973,20508.35
2026-01-07T17:00:00+00:00,13.979,14.141,13.965,14.042,14215.56
2026-01-07T18:00:00+00:00,14.039,14.122,13.99,14.063,14666.63
2026-01-07T19:00:00+00:00,14.062,14.135,13.99,14.11,13435.86
2026-01-07T20:00:00+00:00,14.106,14.129,14.017,14.067,5076.96
2026-01-07T21:00:00+00:00,14.066,14.093,14.04,14.046,4930.26
2026-01-07T22:00:00+00:00,14.04,14.135,13.994,14.058,22691.91
2026-01-07T23:00:00+00:00,14.057,14.178,14.013,14.116,7371.3
2026-01-08T00:00:00+00:00,14.117,14.161,14.05,14.139,5143.55
2026-01-08T01:00:00+00:00,14.145,14.205,14.112,14.205,4538.95
2026-01-08T02:00:00+00:00,14.191,14.242,14.088,14.121,11046.94
2026-01-08T03:00:00+00:00,14.124,14.2,13.997,14.021,4675.36
2026-01-08T04:00:00+00:00,14.025,14.13,13.992,14.079,4657.4
2026-01-08T05:00:00+00:00,14.086,14.124,14.01,14.023,4769.24
2026-01-08T06:00:00+00:00,14.026,14.037,13.758,13.78,21880.94
2026-01-08T07:00:00+00:00,13.785,13.922,13.667,13.898,22731.76
2026-01-08T08:00:00+00:00,13.897,13.965,13.829,13.84,9156.14
2026-01-08T09:00:00+00:00,13.853,13.901,13.74,13.753,62170.22
2026-01-08T10:00:00+00:00,13.751,13.931,13.677,13.915,10899.77
2026-01-08T11:00:00+00:00,13.918,13.918,13.764,13.887,22235.86
2026-01-08T12:00:00+00:00,13.881,13.883,13.757,13.786,6259.94
2026-01-08T13:00:00+00:00,13.792,13.823,13.718,13.75,8172.9
2026-01-08T14:00:00+00:00,13.75,13.767,13.583,13.73,32053.74
2026-01-08T15:00:00+00:00,13.722,13.944,13.669,13.941,28162.96
2026-01-08T16:00:00+00:00,13.932,13.987,13.825,13.97,26815.81
2026-01-08T17:00:00+00:00,13.977,14.036,13.909,14.021,9097.15
2026-01-08T18:00:00+00:00,14.029,14.032,13.878,13.89,6294.9
2026-01-08T19:00:00+00:00,13.9,13.938,13.828,13.846,10764.97
2026-01-08T20:00:00+00:00,13.852,13.853,13.735,13.838,19418.82
2026-01-08T21:00:00+00:00,13.838,13.967,13.837,13.95,5718.03
2026-01-08T22:00:00+00:00,13.949,13.985,13.875,13.927,14730.73
2026-01-08T23:00:00+00:00,13.932,13.95,13.878,13.882,4898.25
2026-01-09T00:00:00+00:00,13.881,13.945,13.879,13.93,4045.83
2026-01-09T01:00:00+00:00,13.931,14.044,13.851,13.903,21436.93
2026-01-09T02:00:00+00:00,13.903,14.016,13.881,13.896,12690.12
2026-01-09T03:00:00+00:00,13.897,13.98,13.877,13.973,3208.42
2026-01-09T04:00:00+00:00,13.977,13.999,13.937,13.939,4191.76
2026-01-09T05:00:00+00:00,13.94,13.993,13.908,13.993,2574.6
2026-01-09T06:00:00+00:00,13.996,14.026,13.958,14.013,1512.71
2026-01-09T07:00:00+00:00,14.007,14.01,13.926,13.926,10335.18
2026-01-09T08:00:00+00:00,13.927,13.945,13.632,13.709,26385.06
2026-01-09T09:00:00+00:00,13.713,13.841,13.705,13.774,13138.59
2026-01-09T10:00:00+00:00,13.776,13.803,13.754,13.791,3034.88
2026-01-09T11:00:00+00:00,13.792,13.825,13.758,13.765,4679.01
2026-01-09T12:00:00+00:00,13.766,13.781,13.697,13.713,11389.13
2026-01-09T13:00:00+00:00,13.713,13.881,13.713,13.83,30440.87
2026-01-09T14:00:00+00:00,13.831,13.831,13.642,13.685,58484.14
2026-01-09T15:00:00+00:00,13.686,14.168,13.611,13.962,66461.35
2026-01-09T16:00:00+00:00,13.974,14.211,13.969,14.157,20285.37
2026-01-09T17:00:00+00:00,14.16,14.18,13.925,14.015,6937.3
2026-01-09T18:00:00+00:00,14.012,14.028,13.733,13.86,11877.47
2026-01-09T19:00:00+00:00,13.862,13.862,13.691,13.749,9045.14
2026-01-09T20:00:00+00:00,13.739,13.812,13.72,13.76,6254.01
2026-01-09T21:00:00+00:00,13.764,13.848,13.73,13.833,4469.9
2026-01-09T22:00:00+00:00,13.832,13.84,13.776,13.826,4228.25
2026-01-09T23:00:00+00:00,13.822,13.823,13.776,13.784,2457.35
2026-01-10T00:00:00+00:00,13.785,13.79,13.718,13.727,49983.3
2026-01-10T01:00:00+00:00,13.727,13.783,13.708,13.772,4066.26
2026-01-10T02:00:00+00:00,13.775,13.799,13.692,13.71,7729.04
2026-01-10T03:00:00+00:00,13.712,13.712,13.65,13.696,6433.07
2026-01-10T04:00:00+00:00,13.688,13.688,13.639,13.644,12188.6
2026-01-10T05:00:00+00:00,13.65,13.709,13.637,13.672,14449.32
2026-01-10T06:00:00+00:00,13.678,13.734,13.653,13.71,1674.32
2026-01-10T07:00:00+00:00,13.714,13.825,13.71,13.806,2386.58
2026-01-10T08:00:00+00:00,13.805,13.82,13.751,13.782,5550.61
2026-01-10T09:00:00+00:00,13.781,13.843,13.781,13.842,6903.8
2026-01-10T10:00:00+00:00,13.84,13.855,13.809,13.837,6119.19
2026-01-10T11:00:00+00:00,13.842,13.854,13.819,13.851,4669.32
2026-01-10T12:00:00+00:00,13.854,13.866,13.825,13.862,4742.23
2026-01-10T13:00:00+00:00,13.862,13.87,13.816,13.857,5796.69
2026-01-10T14:00:00+00:00,13.86,13.86,13.802,13.812,4169.4
2026-01-10T15:00:00+00:00,13.812,13.833,13.791,13.833,4397.41
2026-01-10T16:00:00+00:00,13.822,13.866,13.799,13.858,6923.15
2026-01-10T17:00:00+00:00,13.86,13.935,13.847,13.85,30288.95
2026-01-10T18:00:00+00:00,13.849,13.87,13.817,13.835,3624.46
2026-01-10T19:00:00+00:00,13.84,13.856,13.826,13.856,1416.5
2026-01-10T20:00:00+00:00,13.856,13.881,13.809,13.829,8156.96
2026-01-10T21:00:00+00:00,13.828,13.835,13.754,13.754,2670.28
2026-01-10T22:00:00+00:00,13.755,13.755,13.678,13.681,7360.09
2026-01-10T23:00:00+00:00,13.684,13.746,13.681,13.727,4972.87
2026-01-11T00:00:00+00:00,13.728,13.729,13.673,13.712,5115.02
2026-01-11T01:00:00+00:00,13.712,13.723,13.682,13.71,4039.19
2026-01-11T02:00:00+00:00,13.712,13.724,13.686,13.688,5206.25
2026-01-11T03:00:00+00:00,13.688,13.74,13.683,13.716,2726.04
2026-01-11T04:00:00+00:00,13.712,13.764,13.706,13.763,1061.66
2026-01-11T05:00:00+00:00,13.759,13.795,13.747,13.795,918.05
2026-01-11T06:00:00+00:00,13.793,13.821,13.744,13.818,1049.76
2026-01-11T07:00:00+00:00,13.818,13.824,13.783,13.807,2339.67
2026-01-11T08:00:00+00:00,13.813,13.82,13.763,13.798,6399.52
2026-01-11T09:00:00+00:00,13.796,13.833,13.787,13.799,7588.57
2026-01-11T10:00:00+00:00,13.798,13.806,13.759,13.796,6911.79
2026-01-11T11:00:00+00:00,13.798,13.822,13.778,13.801,8315.33
2026-01-11T12:00:00+00:00,13.81,13.875,13.794,13.856,2677.01
2026-01-11T13:00:00+00:00,13.861,13.863,13.806,13.819,2561.18
2026-01-11T14:00:00+00:00,13.82,13.972,13.817,13.958,4712.72
2026-01-11T15:00:00+00:00,13.958,13.972,13.742,13.79,13670.17
2026-01-11T16:00:00+00:00,13.801,13.977,13.784,13.927,17559.08
2026-01-11T17:00:00+00:00,13.943,13.953,13.856,13.931,8700.46
2026-01-11T18:00:00+00:00,13.939,13.94,13.856,13.895,4466.79
2026-01-11T19:00:00+00:00,13.898,13.911,13.827,13.836,2623.82
2026-01-11T20:00:00+00:00,13.829,13.829,13.628,13.725,26923.26
2026-01-11T21:00:00+00:00,13.72,13.754,13.647,13.749,7120.22
2026-01-11T22:00:00+00:00,13.742,13.742,13.61,13.61,12876.82
2026-01-11T23:00:00+00:00,13.606,13.714,13.478,13.685,15956.37
2026-01-12T00:00:00+00:00,13.692,13.786,13.596,13.761,16023.54
2026-01-12T01:00:00+00:00,13.764,13.901,13.752,13.836,20206.65
2026-01-12T02:00:00+00:00,13.843,14.077,13.842,14.059,16720.21
2026-01-12T03:00:00+00:00,14.059,14.213,13.975,13.976,13137.11
2026-01-12T04:00:00+00:00,13.986,14.043,13.963,14.023,4068.22
2026-01-12T05:00:00+00:00,14.021,14.046,13.964,13.987,2927.54
2026-01-12T06:00:00+00:00,13.989,14.029,13.917,13.936,9305.16
2026-01-12T07:00:00+00:00,13.93,13.957,13.724,13.726,12436.15
2026-01-12T08:00:00+00:00,13.729,13.796,13.493,13.602,24700.53
2026-01-12T09:00:00+00:00,13.601,13.653,13.558,13.604,23694.45
2026-01-12T10:00:00+00:00,13.608,13.637,13.557,13.57,8284.48
2026-01-12T11:00:00+00:00,13.574,13.662,13.57,13.646,8752.51
2026-01-12T12:00:00+00:00,13.641,13.684,13.615,13.621,24075.43
2026-01-12T13:00:00+00:00,13.626,13.653,13.508,13.557,31679.01
2026-01-12T14:00:00+00:00,13.557,13.656,13.381,13.623,33901.05
2026-01-12T15:00:00+00:00,13.625,13.9,13.582,13.863,30937.9
2026-01-12T16:00:00+00:00,13.864,13.984,13.83,13.853,40566.78
2026-01-12T17:00:00+00:00,13.862,13.904,13.64,13.716,29675.27
2026-01-12T18:00:00+00:00,13.719,13.791,13.651,13.677,10520.93
2026-01-12T19:00:00+00:00,13.67,13.725,13.617,13.709,14608.93
2026-01-12T20:00:00+00:00,13.71,13.765,13.611,13.626,61484.18
2026-01-12T21:00:00+00:00,13.624,13.628,13.463,13.531,12183.67
2026-01-12T22:00:00+00:00,13.523,13.58,13.514,13.531,53619.06
2026-01-12T23:00:00+00:00,13.534,13.54,13.478,13.509,6392.79
2026-01-13T00:00:00+00:00,13.507,13.54,13.483,13.532,13705.72
2026-01-13T01:00:00+00:00,13.53,13.595,13.463,13.514,12578.5
2026-01-13T02:00:00+00:00,13.518,13.602,13.516,13.516,3917.5
2026-01-13T03:00:00+00:00,13.514,13.6,13.506,13.574,7070.83
2026-01-13T04:00:00+00:00,13.578,13.669,13.578,13.667,2768.14
2026-01-13T05:00:00+00:00,13.673,13.822,13.673,13.716,9765.76
2026-01-13T06:00:00+00:00,13.725,13.77,13.69,13.74,5367.02
2026-01-13T07:00:00+00:00,13.745,13.745,13.682,13.707,5639.18
2026-01-13T08:00:00+00:00,13.707,13.833,13.704,13.793,6968.06
2026-01-13T09:00:00+00:00,13.789,13.855,13.772,13.798,10576.35
2026-01-13T10:00:00+00:00,13.801,13.84,13.755,13.791,7248.46
2026-01-13T11:00:00+00:00,13.796,13.796,13.744,13.758,6534.65
2026-01-13T12:00:00+00:00,13.764,13.814,13.716,13.806,8142.59
2026-01-13T13:00:00+00:00,13.805,13.927,13.789,13.869,41648.34
2026-01-13T14:00:00+00:00,13.87,14.088,13.834,13.973,41785.38
2026-01-13T15:00:00+00:00,13.971,14.363,13.906,14.36,35943.43
2026-01-13T16:00:00+00:00,14.365,14.609,14.365,14.493,61465.89
2026-01-13T17:00:00+00:00,14.492,14.545,14.464,14.525,25669.26
2026-01-13T18:00:00+00:00,14.523,14.551,14.474,14.488,9797.98
2026-01-13T19:00:00+00:00,14.483,14.519,14.477,14.512,6141.33
2026-01-13T20:00:00+00:00,14.515,14.554,14.467,14.489,16561.72
2026-01-13T21:00:00+00:00,14.492,14.53,14.483,14.514,9343.38
2026-01-13T22:00:00+00:00,14.519,14.839,14.504,14.759,114640.04
2026-01-13T23:00:00+00:00,14.77,14.826,14.695,14.744,20535.3
2026-01-14T00:00:00+00:00,14.754,14.798,14.719,14.75,9151.65
2026-01-14T01:00:00+00:00,14.752,14.792,14.725,14.759,15200.28
2026-01-14T02:00:00+00:00,14.756,14.778,14.705,14.73,7860.09
2026-01-14T03:00:00+00:00,14.724,14.761,14.709,14.761,8926.57
2026-01-14T04:00:00+00:00,14.76,14.77,14.707,14.712,9716.66
2026-01-14T05:00:00+00:00,14.712,14.741,14.673,14.695,12656.74
2026-01-14T06:00:00+00:00,14.701,14.726,14.666,14.702,5107.46
2026-01-14T07:00:00+00:00,14.704,14.732,14.671,14.683,4414.98
2026-01-14T08:00:00+00:00,14.686,14.744,14.68,14.687,14852.6
2026-01-14T09:00:00+00:00,14.69,14.734,14.685,14.716,21577.8
2026-01-14T10:00:00+00:00,14.716,14.716,14.577,14.599,14492.05
2026-01-14T11:00:00+00:00,14.596,14.599,14.495,14.517,10962.74
2026-01-14T12:00:00+00:00,14.51,14.557,14.491,14.534,15474.26
2026-01-14T13:00:00+00:00,14.535,14.57,14.412,14.434,17917.22
2026-01-14T14:00:00+00:00,14.431,14.684,14.427,14.604,22488.48
2026-01-14T15:00:00+00:00,14.608,14.769,14.541,14.761,36914.44
2026-01-14T16:00:00+00:00,14.761,14.947,14.761,14.841,60183.03
2026-01-14T17:00:00+00:00,14.839,14.86,14.603,14.622,29482.86
2026-01-14T18:00:00+00:00,14.622,14.651,14.41,14.546,28817.08
2026-01-14T19:00:00+00:00,14.537,14.734,14.52,14.633,18133.64
2026-01-14T20:00:00+00:00,14.634,14.73,14.617,14.676,18606.16
2026-01-14T21:00:00+00:00,14.677,14.697,14.604,14.631,7538.42
2026-01-14T22:00:00+00:00,14.651,14.664,14.557,14.578,16692.95
2026-01-14T23:00:00+00:00,14.577,14.661,14.573,14.604,6671.15
2026-01-15T00:00:00+00:00,14.606,14.62,14.485,14.509,7898.47
2026-01-15T01:00:00+00:00,14.518,14.588,14.438,14.456,5104.72
2026-01-15T02:00:00+00:00,14.461,14.483,14.301,14.327,16506.46
2026-01-15T03:00:00+00:00,14.332,14.344,14.117,14.147,14831.17
2026-01-15T04:00:00+00:00,14.141,14.278,14.126,14.236,7600.06
2026-01-15T05:00:00+00:00,14.238,14.284,14.228,14.257,10870.13
2026-01-15T06:00:00+00:00,14.25,14.281,14.17,14.193,5580.28
2026-01-15T07:00:00+00:00,14.178,14.372,14.177,14.334,10032.71
2026-01-15T08:00:00+00:00,14.347,14.419,14.327,14.415,5544.63
2026-01-15T09:00:00+00:00,14.416,14.466,14.347,14.437,64476.44
2026-01-15T10:00:00+00:00,14.441,14.443,14.355,14.374,20359.57
2026-01-15T11:00:00+00:00,14.377,14.397,14.294,14.3,5253.46
2026-01-15T12:00:00+00:00,14.298,14.375,14.295,14.375,1864.93
2026-01-15T13:00:00+00:00,14.369,14.409,14.313,14.363,10427.68
2026-01-15T14:00:00+00:00,14.359,14.408,14.086,14.175,73316.41
2026-01-15T15:00:00+00:00,14.171,14.231,13.806,14.044,66065.41
2026-01-15T16:00:00+00:00,14.044,14.054,13.913,14.014,40212.52
2026-01-15T17:00:00+00:00,14.01,14.065,13.89,13.893,12220.78
2026-01-15T18:00:00+00:00,13.907,13.934,13.712,13.737,24062.38
2026-01-15T19:00:00+00:00,13.74,13.759,13.632,13.738,23715.58
2026-01-15T20:00:00+00:00,13.734,13.753,13.624,13.667,8179.54
2026-01-15T21:00:00+00:00,13.668,13.745,13.668,13.724,9067.53
2026-01-15T22:00:00+00:00,13.724,13.819,13.701,13.784,11359.82
2026-01-15T23:00:00+00:00,13.785,13.826,13.757,13.82,7456.46
2026-01-16T00:00:00+00:00,13.818,13.848,13.767,13.809,19470.67
2026-01-16T01:00:00+00:00,13.811,13.811,13.741,13.757,3912.69
2026-01-16T02:00:00+00:00,13.757,13.842,13.706,13.827,5981.27
2026-01-16T03:00:00+00:00,13.836,13.851,13.738,13.741,9302.64
2026-01-16T04:00:00+00:00,13.741,13.781,13.678,13.722,6284.67
2026-01-16T05:00:00+00:00,13.716,13.825,13.716,13.796,3976.82
2026-01-16T06:00:00+00:00,13.796,13.829,13.788,13.822,3222.83
2026-01-16T07:00:00+00:00,13.817,13.822,13.768,13.807,4414.87
2026-01-16T08:00:00+00:00,13.808,13.856,13.804,13.809,24538.9
2026-01-16T09:00:00+00:00,13.811,13.815,13.773,13.775,11501.09
2026-01-16T10:00:00+00:00,13.774,13.779,13.734,13.743,9858.35
2026-01-16T11:00:00+00:00,13.743,13.793,13.724,13.786,2931.27
2026-01-16T12:00:00+00:00,13.787,13.798,13.767,13.788,2589.65
2026-01-16T13:00:00+00:00,13.789,13.79,13.711,13.75,14353.26
2026-01-16T14:00:00+00:00,13.752,13.801,13.737,13.754,44606.3
2026-01-16T15:00:00+00:00,13.745,13.794,13.327,13.408,63799.0
2026-01-16T16:00:00+00:00,13.402,13.424,13.188,13.352,42107.66
2026-01-16T17:00:00+00:00,13.367,13.411,13.29,13.407,8733.0
2026-01-16T18:00:00+00:00,13.399,13.445,13.36,13.361,6810.24
2026-01-16T19:00:00+00:00,13.36,13.418,13.305,13.399,4614.06
2026-01-16T20:00:00+00:00,13.398,13.587,13.29,13.581,18574.81
2026-01-16T21:00:00+00:00,13.582,13.657,13.579,13.581,6872.4
2026-01-16T22:00:00+00:00,13.577,13.626,13.552,13.588,8555.11
2026-01-16T23:00:00+00:00,13.598,13.625,13.574,13.577,5762.05
2026-01-17T00:00:00+00:00,13.576,13.596,13.556,13.589,4879.49
2026-01-17T01:00:00+00:00,13.588,13.627,13.577,13.592,3325.73
2026-01-17T02:00:00+00:00,13.598,13.598,13.541,13.565,6829.17
2026-01-17T03:00:00+00:00,13.567,13.578,13.536,13.564,4993.68
2026-01-17T04:00:00+00:00,13.559,13.575,13.537,13.559,1818.32
2026-01-17T05:00:00+00:00,13.569,13.601,13.554,13.578,2440.76
2026-01-17T06:00:00+00:00,13.577,13.584,13.546,13.553,2030.64
2026-01-17T07:00:00+00:00,13.551,13.6,13.527,13.6,1524.22
2026-01-17T08:00:00+00:00,13.597,13.688,13.596,13.681,7518.32
2026-01-17T09:00:00+00:00,13.684,13.706,13.65,13.657,15966.95
2026-01-17T10:00:00+00:00,13.66,13.71,13.628,13.648,8522.32
2026-01-17T11:00:00+00:00,13.646,13.66,13.613,13.642,16726.04
2026-01-17T12:00:00+00:00,13.64,13.705,13.636,13.687,9778.58
2026-01-17T13:00:00+00:00,13.688,13.781,13.679,13.762,5131.21
2026-01-17T14:00:00+00:00,13.76,13.955,13.739,13.896,21479.23
2026-01-17T15:00:00+00:00,13.901,13.924,13.834,13.889,34902.97
2026-01-17T16:00:00+00:00,13.889,13.898,13.749,13.798,7814.79
2026-01-17T17:00:00+00:00,13.798,13.825,13.756,13.788,4211.3
2026-01-17T18:00:00+00:00,13.792,13.831,13.762,13.827,5521.87
2026-01-17T19:00:00+00:00,13.827,13.831,13.796,13.819,2815.54
2026-01-17T20:00:00+00:00,13.82,13.856,13.799,13.81,2407.08
2026-01-17T21:00:00+00:00,13.808,13.812,13.763,13.805,3957.95
2026-01-17T22:00:00+00:00,13.806,13.81,13.717,13.746,7280.19
2026-01-17T23:00:00+00:00,13.743,13.768,13.713,13.734,3630.97
2026-01-18T00:00:00+00:00,13.733,13.816,13.732,13.765,9553.68
2026-01-18T01:00:00+00:00,13.773,13.784,13.653,13.68,13396.96
2026-01-18T02:00:00+00:00,13.684,13.722,13.62,13.665,7461.81
2026-01-18T03:00:00+00:00,13.666,13.704,13.656,13.666,2439.14
2026-01-18T04:00:00+00:00,13.665,13.667,13.631,13.656,8470.68
2026-01-18T05:00:00+00:00,13.651,13.671,13.634,13.669,3786.09
2026-01-18T06:00:00+00:00,13.669,13.693,13.634,13.635,4098.07
2026-01-18T07:00:00+00:00,13.631,13.642,13.565,13.616,14806.85
2026-01-18T08:00:00+00:00,13.616,13.639,13.604,13.624,3506.05
2026-01-18T09:00:00+00:00,13.623,13.646,13.611,13.644,9419.89
2026-01-18T10:00:00+00:00,13.638,13.641,13.577,13.584,5327.86
2026-01-18T11:00:00+00:00,13.588,13.599,13.566,13.575,1957.62
2026-01-18T12:00:00+00:00,13.574,13.596,13.536,13.545,2006.74
2026-01-18T13:00:00+00:00,13.539,13.575,13.51,13.544,6131.08
2026-01-18T14:00:00+00:00,13.548,13.616,13.488,13.5,17447.7
2026-01-18T15:00:00+00:00,13.5,13.563,13.472,13.563,6070.84
2026-01-18T16:00:00+00:00,13.561,13.616,13.536,13.587,5740.51
2026-01-18T17:00:00+00:00,13.587,13.611,13.542,13.577,6121.92
2026-01-18T18:00:00+00:00,13.576,13.727,13.551,13.691,14384.53
2026-01-18T19:00:00+00:00,13.693,13.717,13.614,13.657,3991.66
2026-01-18T20:00:00+00:00,13.65,13.716,13.637,13.689,1634.68
2026-01-18T21:00:00+00:00,13.7,13.728,13.672,13.7,2257.48
2026-01-18T22:00:00+00:00,13.702,13.755,13.698,13.737,3753.65
2026-01-18T23:00:00+00:00,13.735,13.736,12.945,12.975,94080.68
2026-01-19T00:00:00+00:00,12.973,12.973,12.098,12.555,299977.93
2026-01-19T01:00:00+00:00,12.557,12.682,12.501,12.599,24511.7
2026-01-19T02:00:00+00:00,12.599,12.748,12.583,12.683,9428.22
2026-01-19T03:00:00+00:00,12.673,12.724,12.63,12.707,3050.59
2026-01-19T04:00:00+00:00,12.705,12.728,12.615,12.625,10798.38
2026-01-19T05:00:00+00:00,12.617,12.675,12.582,12.61,11337.98
2026-01-19T06:00:00+00:00,12.609,12.618,12.546,12.589,5489.0
2026-01-19T07:00:00+00:00,12.603,12.644,12.6,12.632,6898.48
2026-01-19T08:00:00+00:00,12.635,12.823,12.615,12.794,36523.44
2026-01-19T09:00:00+00:00,12.792,12.804,12.77,12.788,31976.44
2026-01-19T10:00:00+00:00,12.793,12.793,12.722,12.737,8244.11
2026-01-19T11:00:00+00:00,12.74,12.743,12.683,12.7,3732.89
2026-01-19T12:00:00+00:00,12.697,12.726,12.658,12.694,4513.55
2026-01-19T13:00:00+00:00,12.69,12.741,12.662,12.703,4464.05
2026-01-19T14:00:00+00:00,12.711,12.769,12.7,12.746,6996.23
2026-01-19T15:00:00+00:00,12.747,12.789,12.666,12.718,9110.01
2026-01-19T16:00:00+00:00,12.715,12.753,12.693,12.735,8407.48
2026-01-19T17:00:00+00:00,12.74,12.75,12.612,12.68,16310.41
2026-01-19T18:00:00+00:00,12.676,12.755,12.676,12.737,3558.27
2026-01-19T19:00:00+00:00,12.742,12.845,12.742,12.807,9862.15
2026-01-19T20:00:00+00:00,12.814,12.829,12.78,12.792,5156.74
2026-01-19T21:00:00+00:00,12.811,12.811,12.77,12.774,12118.31
2026-01-19T22:00:00+00:00,12.771,12.771,12.643,12.644,16919.21
2026-01-19T23:00:00+00:00,12.648,12.771,12.626,12.728,10320.1
2026-01-20T00:00:00+00:00,12.728,12.729,12.649,12.657,6882.8
2026-01-20T01:00:00+00:00,12.656,12.735,12.625,12.678,6923.45
2026-01-20T02:00:00+00:00,12.677,12.72,12.62,12.694,10105.66
2026-01-20T03:00:00+00:00,12.706,12.722,12.658,12.692,2570.77
2026-01-20T04:00:00+00:00,12.692,12.736,12.673,12.683,5160.94
2026-01-20T05:00:00+00:00,12.676,12.751,12.622,12.736,15424.18
2026-01-20T06:00:00+00:00,12.73,12.73,12.525,12.579,23773.75
2026-01-20T07:00:00+00:00,12.581,12.638,12.544,12.547,13633.98
2026-01-20T08:00:00+00:00,12.545,12.558,12.392,12.474,35697.49
2026-01-20T09:00:00+00:00,12.472,12.569,12.452,12.545,18441.25
2026-01-20T10:00:00+00:00,12.544,12.636,12.485,12.485,8580.18
2026-01-20T11:00:00+00:00,12.477,12.52,12.444,12.452,6995.33
2026-01-20T12:00:00+00:00,12.452,12.477,12.441,12.455,4996.77
2026-01-20T13:00:00+00:00,12.455,12.455,12.325,12.33,20542.97
2026-01-20T14:00:00+00:00,12.327,12.537,12.327,12.451,33529.76
2026-01-20T15:00:00+00:00,12.453,12.465,12.301,12.385,37675.79
2026-01-20T16:00:00+00:00,12.392,12.422,12.129,12.204,19461.86
2026-01-20T17:00:00+00:00,12.2,12.3,12.062,12.134,42397.59
2026-01-20T18:00:00+00:00,12.139,12.174,12.091,12.124,30614.53
2026-01-20T19:00:00+00:00,12.135,12.183,12.1,12.174,8299.84
2026-01-20T20:00:00+00:00,12.169,12.273,12.136,12.256,11948.81
2026-01-20T21:00:00+00:00,12.26,12.27,12.173,12.191,7338.72
2026-01-20T22:00:00+00:00,12.184,12.225,11.972,12.13,72527.57
2026-01-20T23:00:00+00:00,12.139,12.144,12.063,12.082,4964.58
2026-01-21T00:00:00+00:00,12.085,12.25,12.052,12.249,12295.81
2026-01-21T01:00:00+00:00,12.245,12.293,12.238,12.261,8478.07
2026-01-21T02:00:00+00:00,12.263,12.321,12.238,12.294,10145.38
2026-01-21T03:00:00+00:00,12.296,12.337,12.287,12.293,3879.95
2026-01-21T04:00:00+00:00,12.291,12.304,12.251,12.263,4115.2
2026-01-21T05:00:00+00:00,12.258,12.375,12.257,12.353,5668.38
2026-01-21T06:00:00+00:00,12.357,12.357,12.235,12.245,8565.61
2026-01-21T07:00:00+00:00,12.244,12.29,12.214,12.225,3680.2
2026-01-21T08:00:00+00:00,12.226,12.247,12.13,12.2,16991.83
2026-01-21T09:00:00+00:00,12.208,12.239,12.182,12.212,7843.25
2026-01-21T10:00:00+00:00,12.214,12.27,12.177,12.179,3980.98
2026-01-21T11:00:00+00:00,12.178,12.22,12.094,12.095,9628.19
2026-01-21T12:00:00+00:00,12.104,12.112,11.955,12.08,14394.2
2026-01-21T13:00:00+00:00,12.08,12.121,12.002,12.022,11479.78
2026-01-21T14:00:00+00:00,12.017,12.337,12.009,12.289,62617.53
2026-01-21T15:00:00+00:00,12.288,12.407,12.26,12.386,34609.91
2026-01-21T16:00:00+00:00,12.391,12.406,11.878,11.896,43648.31
2026-01-21T17:00:00+00:00,11.897,12.021,11.875,12.013,64801.94
2026-01-21T18:00:00+00:00,12.009,12.16,11.973,12.118,10204.64
2026-01-21T19:00:00+00:00,12.12,12.6,12.087,12.582,70010.89
2026-01-21T20:00:00+00:00,12.592,12.617,12.405,12.523,84929.06
2026-01-21T21:00:00+00:00,12.53,12.716,12.497,12.615,28146.31
2026-01-21T22:00:00+00:00,12.615,12.693,12.484,12.502,11514.02
2026-01-21T23:00:00+00:00,12.499,12.531,12.374,12.403,9189.96
2026-01-22T00:00:00+00:00,12.407,12.502,12.407,12.477,5748.15
2026-01-22T01:00:00+00:00,12.473,12.587,12.465,12.578,7540.18
2026-01-22T02:00:00+00:00,12.577,12.613,12.518,12.534,5720.33
2026-01-22T03:00:00+00:00,12.544,12.576,12.437,12.483,56429.48
2026-01-22T04:00:00+00:00,12.477,12.52,12.471,12.507,3541.24
2026-01-22T05:00:00+00:00,12.5,12.547,12.475,12.489,2991.6
2026-01-22T06:00:00+00:00,12.493,12.513,12.437,12.482,5305.55
2026-01-22T07:00:00+00:00,12.485,12.495,12.412,12.423,3620.0
2026-01-22T08:00:00+00:00,12.423,12.454,12.363,12.442,8227.65
2026-01-22T09:00:00+00:00,12.44,12.491,12.425,12.48,42511.39
2026-01-22T10:00:00+00:00,12.482,12.482,12.438,12.455,51810.51
2026-01-22T11:00:00+00:00,12.449,12.449,12.344,12.344,8887.05
2026-01-22T12:00:00+00:00,12.343,12.343,12.293,12.298,12610.23
2026-01-22T13:00:00+00:00,12.297,12.387,12.239,12.266,11742.83
2026-01-22T14:00:00+00:00,12.265,12.312,12.125,12.153,53342.61
2026-01-22T15:00:00+00:00,12.142,12.236,12.03,12.156,24206.65
2026-01-22T16:00:00+00:00,12.155,12.251,12.112,12.224,16393.96
2026-01-22T17:00:00+00:00,12.22,12.233,12.119,12.186,27477.72
2026-01-22T18:00:00+00:00,12.178,12.19,12.089,12.102,57894.74
2026-01-22T19:00:00+00:00,12.106,12.187,12.07,12.157,7495.39
2026-01-22T20:00:00+00:00,12.158,12.189,12.08,12.108,16112.53
2026-01-22T21:00:00+00:00,12.12,12.17,12.107,12.143,3948.05
2026-01-22T22:00:00+00:00,12.143,12.195,12.128,12.161,5104.16
2026-01-22T23:00:00+00:00,12.153,12.19,12.115,12.183,12365.11
2026-01-23T00:00:00+00:00,12.187,12.213,12.163,12.199,6696.07
2026-01-23T01:00:00+00:00,12.202,12.288,12.202,12.282,13784.17
2026-01-23T02:00:00+00:00,12.286,12.288,12.205,12.205,4534.78
2026-01-23T03:00:00+00:00,12.204,12.271,12.197,12.248,6285.52
2026-01-23T04:00:00+00:00,12.251,12.357,12.244,12.352,8828.47
2026-01-23T05:00:00+00:00,12.356,12.358,12.25,12.28,1163.41
2026-01-23T06:00:00+00:00,12.28,12.315,12.234,12.234,3219.17
2026-01-23T07:00:00+00:00,12.236,12.247,12.099,12.124,11410.69
2026-01-23T08:00:00+00:00,12.123,12.128,12.039,12.058,12425.42
2026-01-23T09:00:00+00:00,12.055,12.176,12.054,12.138,10975.18
2026-01-23T10:00:00+00:00,12.136,12.163,12.12,12.144,3881.92
2026-01-23T11:00:00+00:00,12.144,12.199,12.144,12.19,2552.94
2026-01-23T12:00:00+00:00,12.19,12.2,12.154,12.185,1706.62
2026-01-23T13:00:00+00:00,12.18,12.219,12.174,12.193,12943.54
2026-01-23T14:00:00+00:00,12.193,12.207,11.986,12.053,36712.98
2026-01-23T15:00:00+00:00,12.06,12.254,12.006,12.222,23087.78
2026-01-23T16:00:00+00:00,12.225,12.349,12.165,12.282,15161.03
2026-01-23T17:00:00+00:00,12.276,12.486,12.23,12.365,18031.67
2026-01-23T18:00:00+00:00,12.364,12.424,12.315,12.334,8393.71
2026-01-23T19:00:00+00:00,12.334,12.334,12.128,12.157,9475.64
2026-01-23T20:00:00+00:00,12.164,12.185,12.023,12.091,66965.18
2026-01-23T21:00:00+00:00,12.071,12.143,12.07,12.102,5370.94
2026-01-23T22:00:00+00:00,12.097,12.184,12.097,12.159,55708.22
2026-01-23T23:00:00+00:00,12.155,12.155,12.11,12.122,3451.99
2026-01-24T00:00:00+00:00,12.12,12.149,12.108,12.114,9655.45
2026-01-24T01:00:00+00:00,12.11,12.126,12.097,12.122,1619.86
2026-01-24T02:00:00+00:00,12.129,12.143,12.119,12.138,2951.73
2026-01-24T03:00:00+00:00,12.136,12.164,12.124,12.149,1996.79
2026-01-24T04:00:00+00:00,12.149,12.175,12.139,12.157,2676.02
2026-01-24T05:00:00+00:00,12.163,12.163,12.128,12.15,2269.6
2026-01-24T06:00:00+00:00,12.152,12.155,12.131,12.138,355.89
2026-01-24T07:00:00+00:00,12.134,12.135,12.1,12.111,2952.8
2026-01-24T08:00:00+00:00,12.111,12.128,12.1,12.124,2796.37
2026-01-24T09:00:00+00:00,12.125,12.125,12.081,12.085,12918.66
2026-01-24T10:00:00+00:00,12.085,12.091,12.056,12.087,4615.2
2026-01-24T11:00:00+00:00,12.083,12.119,12.083,12.11,10325.69
2026-01-24T12:00:00+00:00,12.113,12.135,12.099,12.115,2484.58
2026-01-24T13:00:00+00:00,12.115,12.122,12.065,12.065,3215.3
2026-01-24T14:00:00+00:00,12.06,12.09,12.046,12.067,4442.87
2026-01-24T15:00:00+00:00,12.069,12.101,12.013,12.024,14788.45
2026-01-24T16:00:00+00:00,12.025,12.062,11.967,12.04,14902.65
2026-01-24T17:00:00+00:00,12.041,12.044,12.01,12.037,6920.03
2026-01-24T18:00:00+00:00,12.041,12.048,12.027,12.034,4828.07
2026-01-24T19:00:00+00:00,12.035,12.043,12.007,12.031,5638.59
2026-01-24T20:00:00+00:00,12.032,12.079,12.028,12.074,4297.84
2026-01-24T21:00:00+00:00,12.077,12.084,12.058,12.065,5024.6
2026-01-24T22:00:00+00:00,12.069,12.111,12.063,12.096,4110.75
2026-01-24T23:00:00+00:00,12.101,12.104,12.035,12.038,3477.92
2026-01-25T00:00:00+00:00,12.044,12.06,12.026,12.056,6130.79
2026-01-25T01:00:00+00:00,12.056,12.07,11.984,11.993,7554.3
2026-01-25T02:00:00+00:00,11.994,12.019,11.975,11.99,1390.48
2026-01-25T03:00:00+00:00,11.997,12.009,11.874,11.928,42582.59
2026-01-25T04:00:00+00:00,11.923,11.986,11.911,11.953,2397.17
2026-01-25T05:00:00+00:00,11.948,11.987,11.945,11.984,2037.5
2026-01-25T06:00:00+00:00,11.98,11.98,11.922,11.932,3771.87
2026-01-25T07:00:00+00:00,11.933,11.933,11.882,11.924,4249.25
2026-01-25T08:00:00+00:00,11.927,11.942,11.831,11.878,10222.94
2026-01-25T09:00:00+00:00,11.878,11.98,11.87,11.952,15305.14
2026-01-25T10:00:00+00:00,11.96,12.06,11.952,11.989,12565.86
2026-01-25T11:00:00+00:00,11.978,11.995,11.937,11.951,7317.74
2026-01-25T12:00:00+00:00,11.947,11.947,11.867,11.932,15320.01
2026-01-25T13:00:00+00:00,11.933,11.963,11.897,11.961,7615.27
2026-01-25T14:00:00+00:00,11.959,11.96,11.812,11.873,8049.92
2026-01-25T15:00:00+00:00,11.865,11.897,11.821,11.846,3146.42
2026-01-25T16:00:00+00:00,11.844,11.844,11.57,11.67,63989.73
2026-01-25T17:00:00+00:00,11.665,11.684,11.574,11.617,43133.12
2026-01-25T18:00:00+00:00,11.62,11.627,11.458,11.536,76773.02
2026-01-25T19:00:00+00:00,11.535,11.548,11.227,11.301,53181.44
2026-01-25T20:00:00+00:00,11.304,11.38,11.25,11.346,25237.86
2026-01-25T21:00:00+00:00,11.344,11.448,11.34,11.414,12053.02
2026-01-25T22:00:00+00:00,11.411,11.416,11.332,11.381,3697.96
2026-01-25T23:00:00+00:00,11.385,11.507,11.334,11.488,24362.15
2026-01-26T00:00:00+00:00,11.488,11.569,11.46,11.561,22494.97
2026-01-26T01:00:00+00:00,11.568,11.74,11.566,11.709,17608.22
2026-01-26T02:00:00+00:00,11.709,11.711,11.604,11.613,8487.04
2026-01-26T03:00:00+00:00,11.613,11.641,11.495,11.523,30420.83
2026-01-26T04:00:00+00:00,11.534,11.645,11.523,11.587,7386.74
2026-01-26T05:00:00+00:00,11.597,11.616,11.571,11.607,4477.95
2026-01-26T06:00:00+00:00,11.598,11.681,11.571,11.662,2064.75
2026-01-26T07:00:00+00:00,11.675,11.7,11.631,11.68,3843.65
2026-01-26T08:00:00+00:00,11.683,11.772,11.664,11.688,5159.04
2026-01-26T09:00:00+00:00,11.688,11.688,11.6,11.604,8171.52
2026-01-26T10:00:00+00:00,11.604,11.664,11.601,11.649,38921.43
2026-01-26T11:00:00+00:00,11.654,11.688,11.644,11.652,6147.31
2026-01-26T12:00:00+00:00,11.653,11.692,11.644,11.656,7095.74
2026-01-26T13:00:00+00:00,11.658,11.73,11.658,11.712,5556.57
2026-01-26T14:00:00+00:00,11.713,11.811,11.633,11.788,23827.16
2026-01-26T15:00:00+00:00,11.788,11.906,11.698,11.743,36287.03
2026-01-26T16:00:00+00:00,11.75,11.795,11.682,11.747,11676.68
2026-01-26T17:00:00+00:00,11.743,11.771,11.613,11.697,17824.94
2026-01-26T18:00:00+00:00,11.699,11.801,11.687,11.764,9610.17
2026-01-26T19:00:00+00:00,11.772,11.797,11.685,11.693,64182.11
2026-01-26T20:00:00+00:00,11.693,11.715,11.621,11.644,7380.32
2026-01-26T21:00:00+00:00,11.646,11.787,11.627,11.753,18093.25
2026-01-26T22:00:00+00:00,11.755,11.776,11.718,11.746,5178.81
2026-01-26T23:00:00+00:00,11.731,11.772,11.701,11.714,7857.94
2026-01-27T00:00:00+00:00,11.713,11.732,11.687,11.719,7679.9
2026-01-27T01:00:00+00:00,11.719,11.801,11.686,11.763,5829.5
2026-01-27T02:00:00+00:00,11.765,11.841,11.765,11.832,4052.19
2026-01-27T03:00:00+00:00,11.832,11.833,11.764,11.776,1714.85
2026-01-27T04:00:00+00:00,11.775,11.832,11.754,11.76,3199.57
2026-01-27T05:00:00+00:00,11.764,11.78,11.744,11.757,1357.19
2026-01-27T06:00:00+00:00,11.754,11.766,11.717,11.723,14005.89
2026-01-27T07:00:00+00:00,11.725,11.802,11.723,11.747,52631.79
2026-01-27T08:00:00+00:00,11.747,11.778,11.744,11.753,8892.65
2026-01-27T09:00:00+00:00,11.748,11.748,11.676,11.685,11143.12
2026-01-27T10:00:00+00:00,11.683,11.72,11.66,11.668,30290.97
2026-01-27T11:00:00+00:00,11.667,11.688,11.646,11.675,5256.7
2026-01-27T12:00:00+00:00,11.671,11.693,11.665,11.684,3796.27
2026-01-27T13:00:00+00:00,11.685,11.685,11.604,11.622,3491.43
2026-01-27T14:00:00+00:00,11.622,11.738,11.589,11.614,11378.49
2026-01-27T15:00:00+00:00,11.618,11.72,11.581,11.709,18029.71
2026-01-27T16:00:00+00:00,11.711,11.944,11.704,11.889,30928.51
2026-01-27T17:00:00+00:00,11.895,11.911,11.572,11.622,15419.49
2026-01-27T18:00:00+00:00,11.624,11.878,11.607,11.835,61680.33
2026-01-27T19:00:00+00:00,11.832,11.888,11.798,11.843,10954.11
2026-01-27T20:00:00+00:00,11.848,12.132,11.845,12.086,28098.79
2026-01-27T21:00:00+00:00,12.075,12.106,12.013,12.026,11116.19
2026-01-27T22:00:00+00:00,12.031,12.134,12.031,12.09,4842.47
2026-01-27T23:00:00+00:00,12.094,12.193,12.077,12.124,7003.13
2026-01-28T00:00:00+00:00,12.129,12.162,12.059,12.137,62954.77
2026-01-28T01:00:00+00:00,12.127,12.16,12.068,12.108,9666.49
2026-01-28T02:00:00+00:00,12.105,12.11,12.02,12.065,10849.72
2026-01-28T03:00:00+00:00,12.064,12.09,12.038,12.057,4772.1
2026-01-28T04:00:00+00:00,12.056,12.072,12.014,12.039,2875.15
2026-01-28T05:00:00+00:00,12.05,12.1,12.03,12.084,6167.39
2026-01-28T06:00:00+00:00,12.104,12.148,12.069,12.142,4607.38
2026-01-28T07:00:00+00:00,12.138,12.14,12.063,12.071,1602.92
2026-01-28T08:00:00+00:00,12.074,12.09,12.02,12.045,6986.3
2026-01-28T09:00:00+00:00,12.048,12.147,12.027,12.142,9050.4
2026-01-28T10:00:00+00:00,12.163,12.218,12.134,12.161,11411.43
2026-01-28T11:00:00+00:00,12.162,12.243,12.118,12.226,4306.45
2026-01-28T12:00:00+00:00,12.234,12.277,12.116,12.152,12193.45
2026-01-28T13:00:00+00:00,12.15,12.228,12.143,12.149,6638.22
2026-01-28T14:00:00+00:00,12.147,12.153,12.05,12.074,9656.04
2026-01-28T15:00:00+00:00,12.074,12.106,11.942,12.003,14392.8
2026-01-28T16:00:00+00:00,12.004,12.041,11.947,12.008,14419.48
2026-01-28T17:00:00+00:00,12.008,12.129,11.918,12.079,10718.53
2026-01-28T18:00:00+00:00,12.074,12.074,11.989,12.029,5793.21
2026-01-28T19:00:00+00:00,12.024,12.082,11.973,12.057,7305.65
2026-01-28T20:00:00+00:00,12.048,12.178,12.019,12.046,11593.31
2026-01-28T21:00:00+00:00,12.042,12.096,11.963,12.069,58535.53
2026-01-28T22:00:00+00:00,12.07,12.118,12.021,12.118,5586.3
2026-01-28T23:00:00+00:00,12.124,12.147,12.061,12.069,12088.81
2026-01-29T00:00:00+00:00,12.07,12.085,11.95,12.009,13738.98
2026-01-29T01:00:00+00:00,12.01,12.037,11.903,11.919,5191.39
2026-01-29T02:00:00+00:00,11.917,11.973,11.736,11.782,48132.2
2026-01-29T03:00:00+00:00,11.783,11.859,11.758,11.788,7530.31
2026-01-29T04:00:00+00:00,11.772,11.798,11.682,11.787,5820.1
2026-01-29T05:00:00+00:00,11.783,11.825,11.776,11.787,10071.87
2026-01-29T06:00:00+00:00,11.786,11.835,11.781,11.828,11374.27
2026-01-29T07:00:00+00:00,11.821,11.855,11.783,11.783,7284.89
2026-01-29T08:00:00+00:00,11.781,11.807,11.731,11.744,5610.41
2026-01-29T09:00:00+00:00,11.74,11.767,11.722,11.727,5402.61
2026-01-29T10:00:00+00:00,11.72,11.729,11.693,11.708,4506.31
2026-01-29T11:00:00+00:00,11.696,11.696,11.633,11.66,5653.84
2026-01-29T12:00:00+00:00,11.645,11.655,11.523,11.545,17639.63
2026-01-29T13:00:00+00:00,11.54,11.585,11.532,11.585,23480.93
2026-01-29T14:00:00+00:00,11.591,11.6,11.158,11.162,62959.58
2026-01-29T15:00:00+00:00,11.168,11.168,10.862,10.988,164259.4
2026-01-29T16:00:00+00:00,10.98,11.014,10.93,11.014,31706.23
2026-01-29T17:00:00+00:00,11.008,11.157,10.994,11.002,16599.17
2026-01-29T18:00:00+00:00,10.997,11.027,10.79,10.805,56088.59
2026-01-29T19:00:00+00:00,10.806,11.014,10.804,10.977,25096.27
2026-01-29T20:00:00+00:00,10.963,11.04,10.962,11.028,25142.28
2026-01-29T21:00:00+00:00,11.029,11.064,11.01,11.033,7897.37
2026-01-29T22:00:00+00:00,11.031,11.048,10.994,11.021,5122.57
2026-01-29T23:00:00+00:00,11.019,11.041,10.995,11.038,2921.74
2026-01-30T00:00:00+00:00,11.036,11.077,11.024,11.06,8422.9
2026-01-30T01:00:00+00:00,11.057,11.083,10.707,10.949,157218.67
2026-01-30T02:00:00+00:00,10.953,10.962,10.763,10.906,21492.65
2026-01-30T03:00:00+00:00,10.914,10.968,10.892,10.919,5125.42
2026-01-30T04:00:00+00:00,10.919,11.009,10.919,10.967,9294.79
2026-01-30T05:00:00+00:00,10.969,10.983,10.943,10.95,5051.15
2026-01-30T06:00:00+00:00,10.946,10.946,10.725,10.784,7360.18
2026-01-30T07:00:00+00:00,10.788,10.981,10.788,10.954,17910.07
2026-01-30T08:00:00+00:00,10.946,10.964,10.849,10.878,15385.48
2026-01-30T09:00:00+00:00,10.883,10.914,10.801,10.847,10843.96
2026-01-30T10:00:00+00:00,10.846,10.927,10.818,10.927,7616.75
2026-01-30T11:00:00+00:00,10.926,11.043,10.915,11.0,5276.02
2026-01-30T12:00:00+00:00,11.007,11.016,10.931,10.951,5114.44
2026-01-30T13:00:00+00:00,10.954,10.963,10.83,10.871,26978.77
2026-01-30T14:00:00+00:00,10.881,11.006,10.881,10.941,28888.7
2026-01-30T15:00:00+00:00,10.948,11.002,10.801,10.935,15031.27
2026-01-30T16:00:00+00:00,10.924,11.002,10.866,10.941,11332.02
2026-01-30T17:00:00+00:00,10.95,10.997,10.87,10.922,22759.8
2026-01-30T18:00:00+00:00,10.927,11.029,10.63,11.002,50352.29
2026-01-30T19:00:00+00:00,10.998,11.041,10.978,11.0,15004.52
2026-01-30T20:00:00+00:00,10.993,10.994,10.818,10.855,76093.15
2026-01-30T21:00:00+00:00,10.858,10.938,10.818,10.925,12154.49
2026-01-30T22:00:00+00:00,10.913,10.925,10.84,10.889,3641.53
2026-01-30T23:00:00+00:00,10.89,10.898,10.835,10.872,5629.59
2026-01-31T00:00:00+00:00,10.872,10.877,10.838,10.851,2994.28
2026-01-31T01:00:00+00:00,10.852,10.89,10.83,10.865,4393.35
2026-01-31T02:00:00+00:00,10.869,10.878,10.81,10.85,4246.91
2026-01-31T03:00:00+00:00,10.856,10.871,10.83,10.834,1732.04
2026-01-31T04:00:00+00:00,10.829,10.863,10.81,10.815,963.93
2026-01-31T05:00:00+00:00,10.814,10.819,10.776,10.806,3165.96
2026-01-31T06:00:00+00:00,10.805,10.817,10.68,10.724,59619.52
2026-01-31T07:00:00+00:00,10.723,10.731,10.575,10.647,14400.14
2026-01-31T08:00:00+00:00,10.653,10.669,10.42,10.565,85488.86
2026-01-31T09:00:00+00:00,10.569,10.649,10.554,10.596,22085.37
2026-01-31T10:00:00+00:00,10.599,10.634,10.56,10.617,4811.7
2026-01-31T11:00:00+00:00,10.609,10.629,10.561,10.585,6184.17
2026-01-31T12:00:00+00:00,10.584,10.596,10.539,10.546,4857.61
2026-01-31T13:00:00+00:00,10.542,10.565,10.447,10.468,5490.04
2026-01-31T14:00:00+00:00,10.47,10.486,9.9836,10.118,179910.35
2026-01-31T15:00:00+00:00,10.113,10.225,10.101,10.16,85998.75
2026-01-31T16:00:00+00:00,10.162,10.287,10.023,10.068,114955.62
2026-01-31T17:00:00+00:00,10.068,10.102,9.5439,9.7695,269084.08
2026-01-31T18:00:00+00:00,9.7752,9.841,9.176,9.7688,253335.77
2026-01-31T19:00:00+00:00,9.7772,9.9462,9.7722,9.8324,63446.67
2026-01-31T20:00:00+00:00,9.8311,9.9115,9.7295,9.874,28223.55
2026-01-31T21:00:00+00:00,9.8703,9.995,9.8281,9.9673,12355.31
2026-01-31T22:00:00+00:00,9.9722,9.9839,9.8922,9.9655,7100.02
2026-01-31T23:00:00+00:00,9.9631,10.167,9.9516,10.11,18130.12
2026-02-01T00:00:00+00:00,10.112,10.198,10.11,10.178,13812.31
2026-02-01T01:00:00+00:00,10.177,10.179,10.096,10.164,9957.32
2026-02-01T02:00:00+00:00,10.166,10.217,10.143,10.209,10952.38
2026-02-01T03:00:00+00:00,10.204,10.216,10.181,10.205,11775.49
2026-02-01T04:00:00+00:00,10.206,10.238,10.197,10.206,9820.15
2026-02-01T05:00:00+00:00,10.208,10.224,10.16,10.166,8494.16
2026-02-01T06:00:00+00:00,10.17,10.22,10.144,10.171,1940.78
2026-02-01T07:00:00+00:00,10.171,10.251,10.133,10.177,4357.83
2026-02-01T08:00:00+00:00,10.184,10.208,10.13,10.16,11853.62
2026-02-01T09:00:00+00:00,10.159,10.198,10.122,10.193,9389.34
2026-02-01T10:00:00+00:00,10.191,10.201,10.015,10.023,4951.62
2026-02-01T11:00:00+00:00,10.03,10.158,10.03,10.123,4282.75
2026-02-01T12:00:00+00:00,10.125,10.125,10.025,10.059,9002.42
2026-02-01T13:00:00+00:00,10.061,10.141,10.039,10.064,6044.49
2026-02-01T14:00:00+00:00,10.051,10.096,9.8783,10.026,22457.04
2026-02-01T15:00:00+00:00,10.03,10.03,9.7261,9.8515,33368.15
2026-02-01T16:00:00+00:00,9.8536,9.9231,9.7541,9.8565,31226.42
2026-02-01T17:00:00+00:00,9.8616,9.8947,9.7891,9.8913,10309.87
2026-02-01T18:00:00+00:00,9.9011,10.081,9.9,9.9819,19195.1
2026-02-01T19:00:00+00:00,10.004,10.004,9.8292,9.8781,7408.5
2026-02-01T20:00:00+00:00,9.8538,10.019,9.8043,9.9264,18955.9
2026-02-01T21:00:00+00:00,9.9272,9.9342,9.8269,9.8447,13949.99
2026-02-01T22:00:00+00:00,9.8715,10.031,9.8543,9.9724,26574.91
2026-02-01T23:00:00+00:00,9.9737,10.063,9.675,9.8953,103232.44
2026-02-02T00:00:00+00:00,9.9091,10.08,9.8346,10.013,32900.93
2026-02-02T01:00:00+00:00,10.017,10.122,9.879,10.06,57808.9
2026-02-02T02:00:00+00:00,10.058,10.073,9.9149,9.9275,13297.62
2026-02-02T03:00:00+00:00,9.9269,9.9311,9.5257,9.8345,94817.88
2026-02-02T04:00:00+00:00,9.8641,9.9914,9.7156,9.8251,26856.92
2026-02-02T05:00:00+00:00,9.8231,9.8271,9.5885,9.6824,50958.19
2026-02-02T06:00:00+00:00,9.6662,9.9216,9.5322,9.8008,100403.92
2026-02-02T07:00:00+00:00,9.8131,9.9358,9.7945,9.879,78502.53
2026-02-02T08:00:00+00:00,9.879,9.9695,9.879,9.9315,20091.12
2026-02-02T09:00:00+00:00,9.9344,10.059,9.867,9.9993,30965.46
2026-02-02T10:00:00+00:00,10.008,10.034,9.9536,9.9682,13176.54
2026-02-02T11:00:00+00:00,9.97,10.031,9.9693,9.9715,7169.73
2026-02-02T12:00:00+00:00,9.9822,10.08,9.9817,10.065,10121.08
2026-02-02T13:00:00+00:00,10.063,10.133,10.03,10.115,8860.74
2026-02-02T14:00:00+00:00,10.113,10.232,10.028,10.145,52966.4
2026-02-02T15:00:00+00:00,10.134,10.308,10.124,10.23,78287.54
2026-02-02T16:00:00+00:00,10.235,10.265,10.176,10.185,20708.71
2026-02-02T17:00:00+00:00,10.185,10.219,10.131,10.157,32607.63
2026-02-02T18:00:00+00:00,10.154,10.207,10.13,10.163,8878.61
2026-02-02T19:00:00+00:00,10.161,10.171,10.117,10.131,3706.83
2026-02-02T20:00:00+00:00,10.119,10.147,10.068,10.098,6025.56
2026-02-02T21:00:00+00:00,10.097,10.16,10.095,10.144,5266.6
2026-02-02T22:00:00+00:00,10.144,10.18,10.141,10.167,4342.72
2026-02-02T23:00:00+00:00,10.171,10.171,10.126,10.138,11934.05
2026-02-03T00:00:00+00:00,10.138,10.146,10.075,10.136,9030.8
2026-02-03T01:00:00+00:00,10.131,10.134,10.067,10.124,22568.58
2026-02-03T02:00:00+00:00,10.119,10.122,9.9689,9.9689,12400.6
2026-02-03T03:00:00+00:00,9.968,10.145,9.9384,10.121,6599.56
2026-02-03T04:00:00+00:00,10.129,10.196,10.096,10.158,7158.94
2026-02-03T05:00:00+00:00,10.158,10.159,10.076,10.076,2534.31
2026-02-03T06:00:00+00:00,10.079,10.128,10.037,10.118,1972.56
2026-02-03T07:00:00+00:00,10.115,10.167,10.093,10.136,2043.15
2026-02-03T08:00:00+00:00,10.14,10.164,10.093,10.099,31493.87
2026-02-03T09:00:00+00:00,10.103,10.122,9.9693,10.041,48053.57
2026-02-03T10:00:00+00:00,10.057,10.09,10.026,10.048,5850.6
2026-02-03T11:00:00+00:00,10.052,10.107,10.04,10.07,4811.75
2026-02-03T12:00:00+00:00,10.074,10.159,10.048,10.141,8325.19
2026-02-03T13:00:00+00:00,10.137,10.16,10.123,10.141,8708.71
2026-02-03T14:00:00+00:00,10.142,10.153,9.9262,9.9325,75040.6
2026-02-03T15:00:00+00:00,9.9251,10.162,9.9066,10.15,99468.45
2026-02-03T16:00:00+00:00,10.146,10.147,9.9168,9.9432,66753.83
2026-02-03T17:00:00+00:00,9.9497,9.9521,9.7428,9.7447,71060.15
2026-02-03T18:00:00+00:00,9.749,9.7924,9.5329,9.5572,139107.08
2026-02-03T19:00:00+00:00,9.5589,10.008,9.5369,9.9649,169385.63
2026-02-03T20:00:00+00:00,9.9619,10.328,9.848,10.201,125545.27
2026-02-03T21:00:00+00:00,10.208,10.259,10.072,10.091,57142.64
2026-02-03T22:00:00+00:00,10.092,10.092,9.9337,9.9638,14702.43
2026-02-03T23:00:00+00:00,9.9699,9.9819,9.8758,9.9191,92378.52
2026-02-04T00:00:00+00:00,9.9223,10.036,9.8855,9.9816,81642.63
2026-02-04T01:00:00+00:00,9.9842,10.122,9.9842,10.056,64537.25
2026-02-04T02:00:00+00:00,10.054,10.081,9.9629,10.004,62283.51
2026-02-04T03:00:00+00:00,10.005,10.129,9.9966,10.101,9319.33
2026-02-04T04:00:00+00:00,10.099,10.127,10.081,10.098,5905.48
2026-02-04T05:00:00+00:00,10.098,10.112,10.014,10.038,5664.81
2026-02-04T06:00:00+00:00,10.042,10.151,10.023,10.129,93723.36
2026-02-04T07:00:00+00:00,10.125,10.152,10.075,10.142,18813.08
2026-02-04T08:00:00+00:00,10.142,10.158,10.083,10.138,17622.25
2026-02-04T09:00:00+00:00,10.138,10.142,10.049,10.067,14063.16
2026-02-04T10:00:00+00:00,10.068,10.078,10.026,10.035,7507.08
2026-02-04T11:00:00+00:00,10.034,10.058,9.9259,10.023,28208.58
2026-02-04T12:00:00+00:00,10.021,10.032,9.968,10.008,11810.7
2026-02-04T13:00:00+00:00,10.007,10.016,9.8633,9.8668,25361.13
2026-02-04T14:00:00+00:00,9.8637,9.9271,9.7185,9.7282,95149.66
2026-02-04T15:00:00+00:00,9.7273,9.8561,9.6218,9.7229,124540.57
2026-02-04T16:00:00+00:00,9.7181,9.7661,9.5797,9.6983,134844.26
2026-02-04T17:00:00+00:00,9.6916,9.7752,9.5713,9.704,78842.27
2026-02-04T18:00:00+00:00,9.697,9.8859,9.5725,9.7647,169355.16
2026-02-04T19:00:00+00:00,9.7656,9.9492,9.7035,9.9293,67023.13
2026-02-04T20:00:00+00:00,9.9305,9.955,9.821,9.838,28204.06
2026-02-04T21:00:00+00:00,9.8367,9.8636,9.6213,9.7167,47041.52
2026-02-04T22:00:00+00:00,9.7216,9.8441,9.5448,9.6385,78748.49
2026-02-04T23:00:00+00:00,9.636,9.7767,9.6216,9.709,62149.15
2026-02-05T00:00:00+00:00,9.7104,9.765,9.6666,9.7297,106963.95
2026-02-05T01:00:00+00:00,9.7331,9.8448,9.6492,9.7399,94825.08
2026-02-05T02:00:00+00:00,9.7384,9.821,9.638,9.6525,31073.53
2026-02-05T03:00:00+00:00,9.6534,9.7113,9.597,9.6179,43851.94
2026-02-05T04:00:00+00:00,9.618,9.6572,9.5371,9.578,43028.38
2026-02-05T05:00:00+00:00,9.5793,9.6696,9.47,9.5646,36239.33
2026-02-05T06:00:00+00:00,9.563,9.5675,9.4535,9.488,12448.5
2026-02-05T07:00:00+00:00,9.483,9.6096,9.4816,9.4927,15030.21
2026-02-05T08:00:00+00:00,9.5046,9.6236,9.5045,9.5577,28194.11
2026-02-05T09:00:00+00:00,9.5706,9.6661,9.5543,9.5617,42402.06
2026-02-05T10:00:00+00:00,9.564,9.5683,9.323,9.3579,34253.97
2026-02-05T11:00:00+00:00,9.3522,9.3875,9.184,9.2573,57499.88
2026-02-05T12:00:00+00:00,9.2608,9.305,9.1471,9.2454,61940.17
2026-02-05T13:00:00+00:00,9.247,9.316,9.2039,9.2224,94197.83
2026-02-05T14:00:00+00:00,9.2267,9.439,9.1767,9.182,192050.43
2026-02-05T15:00:00+00:00,9.1864,9.2101,8.7141,8.8649,786081.9
2026-02-05T16:00:00+00:00,8.8671,9.0805,8.8057,8.9943,246079.07
2026-02-05T17:00:00+00:00,8.996,9.029,8.7255,8.829,516465.13
2026-02-05T18:00:00+00:00,8.8343,8.9226,8.726,8.9011,235396.23
2026-02-05T19:00:00+00:00,8.9032,8.9032,8.673,8.6924,270004.61
2026-02-05T20:00:00+00:00,8.6909,8.7578,8.278,8.3735,230695.76
2026-02-05T21:00:00+00:00,8.3675,8.5656,8.2644,8.3676,141729.28
2026-02-05T22:00:00+00:00,8.3626,8.5802,8.2555,8.3881,116880.91
2026-02-05T23:00:00+00:00,8.3903,8.5647,8.2579,8.3031,36827.15
2026-02-06T00:00:00+00:00,8.3079,9.0751,7.5015,8.223,902763.89
2026-02-06T01:00:00+00:00,8.2288,8.4755,8.194,8.4513,173764.39
2026-02-06T02:00:00+00:00,8.4536,8.5163,8.2543,8.303,37088.63
2026-02-06T03:00:00+00:00,8.31,8.342,8.1983,8.261,11938.25
2026-02-06T04:00:00+00:00,8.266,8.3962,8.2362,8.3675,14020.67
2026-02-06T05:00:00+00:00,8.3673,8.6238,8.3579,8.601,16208.25
2026-02-06T06:00:00+00:00,8.5988,8.6426,8.409,8.4176,45426.93
2026-02-06T07:00:00+00:00,8.4184,8.4795,8.3366,8.4147,15673.35
2026-02-06T08:00:00+00:00,8.4161,8.4682,8.3294,8.3841,16294.86
2026-02-06T09:00:00+00:00,8.3808,8.6301,8.3781,8.6,22415.02
2026-02-06T10:00:00+00:00,8.6009,8.6963,8.5834,8.6828,20056.43
2026-02-06T11:00:00+00:00,8.6775,8.732,8.6608,8.7052,11551.7
2026-02-06T12:00:00+00:00,8.7013,8.7136,8.6393,8.7136,15033.68
2026-02-06T13:00:00+00:00,8.7065,8.8414,8.6987,8.7982,22774.79
2026-02-06T14:00:00+00:00,8.7956,9.0199,8.7325,8.9703,203807.83
2026-02-06T15:00:00+00:00,8.9725,9.0597,8.8889,9.0314,83115.78
2026-02-06T16:00:00+00:00,9.0312,9.3132,9.0013,9.2517,72805.0
2026-02-06T17:00:00+00:00,9.2525,9.4652,9.2213,9.346,59530.92
2026-02-06T18:00:00+00:00,9.341,9.3542,9.1295,9.2268,65084.14
2026-02-06T19:00:00+00:00,9.2329,9.2645,9.1583,9.2513,41547.8
2026-02-06T20:00:00+00:00,9.2414,9.2938,9.142,9.1615,39783.02
2026-02-06T21:00:00+00:00,9.164,9.2143,9.1142,9.1843,10003.07
2026-02-06T22:00:00+00:00,9.1864,9.3213,9.1864,9.3009,9836.87
2026-02-06T23:00:00+00:00,9.3128,9.3705,9.2277,9.272,8426.79
2026-02-07T00:00:00+00:00,9.272,9.272,9.1445,9.1964,12306.91
2026-02-07T01:00:00+00:00,9.1923,9.2592,9.1266,9.245,10165.91
2026-02-07T02:00:00+00:00,9.2283,9.254,9.189,9.2205,8340.25
2026-02-07T03:00:00+00:00,9.2176,9.3108,9.2081,9.2814,11520.7
2026-02-07T04:00:00+00:00,9.284,9.3643,9.2357,9.2482,7321.61
2026-02-07T05:00:00+00:00,9.2558,9.3184,9.2316,9.2574,11904.28
2026-02-07T06:00:00+00:00,9.2593,9.326,9.1091,9.1091,9675.75
2026-02-07T07:00:00+00:00,9.1299,9.1441,8.9039,8.9992,45317.92
2026-02-07T08:00:00+00:00,8.9917,9.0744,8.962,9.0652,9016.71
2026-02-07T09:00:00+00:00,9.0554,9.0905,8.982,8.9991,7198.38
2026-02-07T10:00:00+00:00,9.0003,9.0301,8.9357,8.9778,8596.59
2026-02-07T11:00:00+00:00,8.9717,8.9852,8.9484,8.9851,7734.78
2026-02-07T12:00:00+00:00,8.974,9.2566,8.974,9.1646,20840.76
2026-02-07T13:00:00+00:00,9.1705,9.1863,9.0692,9.12,8272.11
2026-02-07T14:00:00+00:00,9.12,9.1482,9.035,9.0466,9846.78
2026-02-07T15:00:00+00:00,9.0497,9.2073,9.0402,9.1692,8752.64
2026-02-07T16:00:00+00:00,9.1757,9.3787,9.1493,9.2148,364233.37
2026-02-07T17:00:00+00:00,9.2083,9.272,9.1536,9.236,59798.8
2026-02-07T18:00:00+00:00,9.2411,9.3742,9.2388,9.328,4770.81
2026-02-07T19:00:00+00:00,9.3228,9.3228,9.2397,9.2543,6505.0
2026-02-07T20:00:00+00:00,9.2588,9.3204,9.2403,9.3145,7524.24
2026-02-07T21:00:00+00:00,9.3173,9.3211,9.24,9.2535,2448.33
2026-02-07T22:00:00+00:00,9.2531,9.2929,9.2365,9.2448,2537.77
2026-02-07T23:00:00+00:00,9.2512,9.2518,9.1761,9.2223,3149.95
2026-02-08T00:00:00+00:00,9.2253,9.2315,9.1777,9.1972,9240.89
2026-02-08T01:00:00+00:00,9.198,9.2508,9.1875,9.2079,2895.53
2026-02-08T02:00:00+00:00,9.2096,9.2449,9.1539,9.1721,54490.87
2026-02-08T03:00:00+00:00,9.1728,9.1875,9.1184,9.128,5954.1
2026-02-08T04:00:00+00:00,9.1257,9.1451,9.0967,9.1362,5281.08
2026-02-08T05:00:00+00:00,9.154,9.1729,9.1154,9.1253,2289.32
2026-02-08T06:00:00+00:00,9.1275,9.1418,9.106,9.1136,4908.05
2026-02-08T07:00:00+00:00,9.1211,9.1436,9.0769,9.1436,3967.91
2026-02-08T08:00:00+00:00,9.1419,9.2824,9.1227,9.26,10525.67
2026-02-08T09:00:00+00:00,9.2667,9.2667,9.1575,9.1808,7881.24
2026-02-08T10:00:00+00:00,9.1744,9.2199,9.103,9.1421,3367.61
2026-02-08T11:00:00+00:00,9.139,9.2734,9.1379,9.2632,7844.79
2026-02-08T12:00:00+00:00,9.2685,9.2733,9.2057,9.2479,3311.95
2026-02-08T13:00:00+00:00,9.2454,9.2777,9.2044,9.2617,6720.15
2026-02-08T14:00:00+00:00,9.2712,9.2848,9.2276,9.2503,2045.41
2026-02-08T15:00:00+00:00,9.2524,9.2729,9.1457,9.166,4501.45
2026-02-08T16:00:00+00:00,9.1712,9.1985,8.9974,9.0361,13120.31
2026-02-08T17:00:00+00:00,9.034,9.1151,9.034,9.0921,6025.18
2026-02-08T18:00:00+00:00,9.0976,9.218,9.0976,9.1643,10442.92
2026-02-08T19:00:00+00:00,9.1541,9.2148,9.1512,9.2063,7228.42
2026-02-08T20:00:00+00:00,9.2105,9.2131,9.0891,9.0944,14153.76
2026-02-08T21:00:00+00:00,9.0931,9.1212,9.0075,9.055,8595.78
2026-02-08T22:00:00+00:00,9.047,9.0866,9.0354,9.0787,4100.15
2026-02-08T23:00:00+00:00,9.0924,9.256,9.0049,9.0672,25920.34
2026-02-09T00:00:00+00:00,9.0767,9.128,9.0453,9.1022,10698.8
2026-02-09T01:00:00+00:00,9.0946,9.1638,9.0312,9.078,11068.58
2026-02-09T02:00:00+00:00,9.0773,9.1678,9.059,9.1166,4398.64
2026-02-09T03:00:00+00:00,9.1205,9.1987,9.11,9.1766,5493.38
2026-02-09T04:00:00+00:00,9.1819,9.1819,9.0946,9.1226,1219.74
2026-02-09T05:00:00+00:00,9.1202,9.1428,9.0955,9.124,3882.98
2026-02-09T06:00:00+00:00,9.1224,9.1224,9.0248,9.0578,4569.56
2026-02-09T07:00:00+00:00,9.052,9.0779,9.0205,9.0277,3649.71
2026-02-09T08:00:00+00:00,9.0277,9.0343,8.8565,8.917,17253.83
2026-02-09T09:00:00+00:00,8.918,8.934,8.85,8.8709,11986.89
2026-02-09T10:00:00+00:00,8.8689,8.8909,8.721,8.7556,11090.89
2026-02-09T11:00:00+00:00,8.7563,8.8075,8.7563,8.7824,8462.14
2026-02-09T12:00:00+00:00,8.7855,8.8579,8.7767,8.8295,13621.99
2026-02-09T13:00:00+00:00,8.8286,8.8669,8.7712,8.7712,8435.02
2026-02-09T14:00:00+00:00,8.7695,8.9373,8.7451,8.9073,33375.99
2026-02-09T15:00:00+00:00,8.9133,8.997,8.866,8.9898,18479.62
2026-02-09T16:00:00+00:00,8.996,9.1495,8.916,9.0636,18452.92
2026-02-09T17:00:00+00:00,9.0636,9.1803,9.0024,9.1328,17207.9
2026-02-09T18:00:00+00:00,9.1345,9.1848,9.0522,9.0864,19511.5
2026-02-09T19:00:00+00:00,9.0871,9.1272,9.0671,9.113,5360.01
2026-02-09T20:00:00+00:00,9.1123,9.1404,9.0424,9.0934,37334.57
2026-02-09T21:00:00+00:00,9.0934,9.0934,8.987,9.0743,10011.09
2026-02-09T22:00:00+00:00,9.0784,9.1133,9.0643,9.0771,7602.81
2026-02-09T23:00:00+00:00,9.082,9.106,9.0419,9.0488,2118.55
2026-02-10T00:00:00+00:00,9.048,9.0643,9.0098,9.0175,7718.91
2026-02-10T01:00:00+00:00,9.0122,9.1132,9.0042,9.0912,190074.65
2026-02-10T02:00:00+00:00,9.0927,9.0927,9.0104,9.0242,8833.65
2026-02-10T03:00:00+00:00,9.0258,9.0316,8.8678,8.9023,147767.02
2026-02-10T04:00:00+00:00,8.899,8.9774,8.8958,8.962,29810.54
2026-02-10T05:00:00+00:00,8.962,8.983,8.8727,8.8954,11945.81
2026-02-10T06:00:00+00:00,8.8956,8.9101,8.7414,8.773,23972.93
2026-02-10T07:00:00+00:00,8.772,8.8425,8.7689,8.824,5597.57
2026-02-10T08:00:00+00:00,8.8234,8.864,8.7959,8.858,7314.17
2026-02-10T09:00:00+00:00,8.8582,8.9038,8.8368,8.8587,17398.29
2026-02-10T10:00:00+00:00,8.8599,8.8691,8.8203,8.8203,3840.97
2026-02-10T11:00:00+00:00,8.8174,8.8435,8.7767,8.7824,9937.3
2026-02-10T12:00:00+00:00,8.7855,8.8226,8.7659,8.7683,6865.63
2026-02-10T13:00:00+00:00,8.769,8.82,8.753,8.8023,22200.61
2026-02-10T14:00:00+00:00,8.8036,8.8688,8.7061,8.7696,102437.29
2026-02-10T15:00:00+00:00,8.7591,8.8371,8.7375,8.7756,31383.49
2026-02-10T16:00:00+00:00,8.7798,8.8435,8.7337,8.7763,21398.98
2026-02-10T17:00:00+00:00,8.7767,8.842,8.7489,8.8184,10882.43
2026-02-10T18:00:00+00:00,8.8206,8.8235,8.6687,8.7121,18238.45
2026-02-10T19:00:00+00:00,8.7094,8.7566,8.6824,8.7221,9776.42
2026-02-10T20:00:00+00:00,8.7222,8.7313,8.699,8.712,7001.9
2026-02-10T21:00:00+00:00,8.7023,8.7265,8.658,8.6847,12989.91
2026-02-10T22:00:00+00:00,8.6851,8.752,8.684,8.7176,9825.31
2026-02-10T23:00:00+00:00,8.7215,8.7505,8.699,8.7432,19067.2
2026-02-11T00:00:00+00:00,8.7499,8.7703,8.7261,8.7642,17710.57
2026-02-11T01:00:00+00:00,8.7602,8.7795,8.7433,8.7709,5715.12
2026-02-11T02:00:00+00:00,8.7717,8.8818,8.7717,8.8458,13533.38
2026-02-11T03:00:00+00:00,8.8489,8.9581,8.7818,8.8645,11606.31
2026-02-11T04:00:00+00:00,8.8663,8.8822,8.7103,8.7301,20257.22
2026-02-11T05:00:00+00:00,8.7334,8.7616,8.6639,8.6724,15030.07
2026-02-11T06:00:00+00:00,8.67,8.686,8.5463,8.5584,35914.85
2026-02-11T07:00:00+00:00,8.5627,8.6126,8.5544,8.5774,21935.65
2026-02-11T08:00:00+00:00,8.5787,8.5836,8.529,8.547,19670.6
2026-02-11T09:00:00+00:00,8.5496,8.5627,8.5168,8.5232,8404.12
2026-02-11T10:00:00+00:00,8.5239,8.5605,8.4774,8.5213,273894.45
2026-02-11T11:00:00+00:00,8.5212,8.5936,8.5178,8.5844,21868.39
2026-02-11T12:00:00+00:00,8.5854,8.6157,8.5598,8.5844,29534.3
2026-02-11T13:00:00+00:00,8.5851,8.6755,8.5592,8.657,49557.61
2026-02-11T14:00:00+00:00,8.6595,8.8861,8.5334,8.5449,75909.03
2026-02-11T15:00:00+00:00,8.5474,8.583,8.434,8.5135,79363.69
2026-02-11T16:00:00+00:00,8.5154,8.6662,8.4835,8.5477,17363.13
2026-02-11T17:00:00+00:00,8.5489,8.6738,8.5215,8.6292,25512.72
2026-02-11T18:00:00+00:00,8.6277,8.7407,8.5793,8.7078,23577.84
2026-02-11T19:00:00+00:00,8.7084,8.7558,8.6823,8.698,14914.54
2026-02-11T20:00:00+00:00,8.6976,8.7096,8.6311,8.694,8808.12
2026-02-11T21:00:00+00:00,8.6933,8.8,8.6759,8.7452,14025.05
2026-02-11T22:00:00+00:00,8.7445,8.7535,8.6593,8.6784,9932.19
2026-02-11T23:00:00+00:00,8.6679,8.6941,8.5892,8.6355,22951.54
2026-02-12T00:00:00+00:00,8.6335,8.7492,8.6335,8.7201,22689.31
2026-02-12T01:00:00+00:00,8.7216,8.7876,8.7216,8.7351,9044.57
2026-02-12T02:00:00+00:00,8.7321,8.7675,8.6955,8.723,13868.8
2026-02-12T03:00:00+00:00,8.7219,8.756,8.7099,8.7542,4094.05
2026-02-12T04:00:00+00:00,8.753,8.7698,8.7195,8.7374,7677.24
2026-02-12T05:00:00+00:00,8.7366,8.7828,8.6831,8.7738,7257.58
2026-02-12T06:00:00+00:00,8.7793,8.8418,8.7786,8.8075,8377.85
2026-02-12T07:00:00+00:00,8.8116,8.8355,8.7789,8.816,7025.11
2026-02-12T08:00:00+00:00,8.82,8.8331,8.782,8.8028,10882.37
2026-02-12T09:00:00+00:00,8.8038,8.8967,8.7912,8.8878,21746.04
2026-02-12T10:00:00+00:00,8.88,8.9544,8.8665,8.9543,26817.79
2026-02-12T11:00:00+00:00,8.9543,8.9746,8.9088,8.9193,13627.86
2026-02-12T12:00:00+00:00,8.9182,8.9225,8.8262,8.8456,5421.56
2026-02-12T13:00:00+00:00,8.8406,8.9411,8.8126,8.9408,21211.94
2026-02-12T14:00:00+00:00,8.9408,8.9726,8.8872,8.9179,53749.7
2026-02-12T15:00:00+00:00,8.9264,8.9541,8.7974,8.7981,42956.05
2026-02-12T16:00:00+00:00,8.8029,8.8144,8.6228,8.6701,68842.39
2026-02-12T17:00:00+00:00,8.6706,8.7543,8.6526,8.6682,18878.27
2026-02-12T18:00:00+00:00,8.6735,8.757,8.6499,8.7304,7735.14
2026-02-12T19:00:00+00:00,8.7329,8.8612,8.7052,8.7662,22488.11
2026-02-12T20:00:00+00:00,8.7688,8.783,8.6896,8.7014,14417.64
2026-02-12T21:00:00+00:00,8.7066,8.7653,8.7066,8.7412,4769.65
2026-02-12T22:00:00+00:00,8.7429,8.8374,8.7116,8.834,11727.96
2026-02-12T23:00:00+00:00,8.8339,8.9094,8.8236,8.9053,14447.32
2026-02-13T00:00:00+00:00,8.9052,8.9324,8.8272,8.8574,15092.12
2026-02-13T01:00:00+00:00,8.8529,8.9133,8.8529,8.8673,6601.85
2026-02-13T02:00:00+00:00,8.8719,8.8837,8.8244,8.8682,12242.86
2026-02-13T03:00:00+00:00,8.8626,8.8984,8.8202,8.8516,4891.57
2026-02-13T04:00:00+00:00,8.86,8.8622,8.8026,8.8039,5488.47
2026-02-13T05:00:00+00:00,8.8091,8.836,8.778,8.7901,8129.91
2026-02-13T06:00:00+00:00,8.7905,8.8137,8.7368,8.808,9704.68
2026-02-13T07:00:00+00:00,8.8087,8.8728,8.8049,8.8361,148338.76
2026-02-13T08:00:00+00:00,8.834,8.9181,8.8172,8.8963,15364.58
2026-02-13T09:00:00+00:00,8.9039,8.9064,8.85,8.881,27272.8
2026-02-13T10:00:00+00:00,8.8828,8.913,8.8669,8.8923,15414.2
2026-02-13T11:00:00+00:00,8.8923,8.8962,8.85,8.8756,20433.03
2026-02-13T12:00:00+00:00,8.8756,8.8756,8.8293,8.8535,16217.67
2026-02-13T13:00:00+00:00,8.8562,8.9547,8.8475,8.9283,45660.4
2026-02-13T14:00:00+00:00,8.9271,9.0386,8.8794,8.9913,51626.4
2026-02-13T15:00:00+00:00,8.9929,9.2198,8.9929,9.111,87565.14
2026-02-13T16:00:00+00:00,9.1083,9.2555,9.0992,9.1956,95104.79
2026-02-13T17:00:00+00:00,9.1955,9.21,9.1475,9.1705,21033.27
2026-02-13T18:00:00+00:00,9.17,9.206,9.1356,9.1827,8991.92
2026-02-13T19:00:00+00:00,9.1833,9.2075,9.1729,9.1896,5580.78
2026-02-13T20:00:00+00:00,9.1876,9.219,9.1604,9.2135,11469.86
2026-02-13T21:00:00+00:00,9.2085,9.2442,9.2085,9.2268,6897.25
2026-02-13T22:00:00+00:00,9.2251,9.2509,9.1846,9.1968,6722.46
2026-02-13T23:00:00+00:00,9.1989,9.1989,9.1423,9.1497,12054.46
2026-02-14T00:00:00+00:00,9.1445,9.2134,9.1276,9.194,20437.73
2026-02-14T01:00:00+00:00,9.19,9.1996,9.1637,9.1795,5314.18
2026-02-14T02:00:00+00:00,9.1807,9.1955,9.169,9.1906,7903.61
2026-02-14T03:00:00+00:00,9.1828,9.2248,9.1822,9.2146,8766.4
2026-02-14T04:00:00+00:00,9.2079,9.2079,9.1776,9.1776,2199.14
2026-02-14T05:00:00+00:00,9.1679,9.1908,9.1492,9.1666,5768.07
2026-02-14T06:00:00+00:00,9.1657,9.1825,9.1396,9.1825,16301.88
2026-02-14T07:00:00+00:00,9.1809,9.2178,9.1789,9.2006,15455.05
2026-02-14T08:00:00+00:00,9.1993,9.2856,9.1977,9.2708,36255.49
2026-02-14T09:00:00+00:00,9.2675,9.2731,9.2391,9.2599,24948.48
2026-02-14T10:00:00+00:00,9.2566,9.2566,9.2284,9.2547,20191.62
2026-02-14T11:00:00+00:00,9.2517,9.3909,9.2517,9.3809,21546.37
2026-02-14T12:00:00+00:00,9.383,9.3995,9.3079,9.3118,13531.26
2026-02-14T13:00:00+00:00,9.3092,9.3103,9.2566,9.2877,23083.26
2026-02-14T14:00:00+00:00,9.293,9.3855,9.2886,9.3781,3233.84
2026-02-14T15:00:00+00:00,9.369,9.3862,9.3344,9.3854,6484.93
2026-02-14T16:00:00+00:00,9.3879,9.462,9.344,9.4401,10012.1
2026-02-14T17:00:00+00:00,9.4363,9.499,9.4195,9.4761,23369.46
2026-02-14T18:00:00+00:00,9.4716,9.5662,9.4657,9.5659,18023.61
2026-02-14T19:00:00+00:00,9.5675,9.6366,9.499,9.636,17828.83
2026-02-14T20:00:00+00:00,9.6374,9.655,9.5414,9.5975,18364.84
2026-02-14T21:00:00+00:00,9.5975,9.6535,9.5624,9.6493,7900.16
2026-02-14T22:00:00+00:00,9.6385,9.7182,9.6385,9.6428,19467.04
2026-02-14T23:00:00+00:00,9.641,9.6414,9.5737,9.596,4188.76
2026-02-15T00:00:00+00:00,9.5951,9.6258,9.5364,9.5781,18363.2
2026-02-15T01:00:00+00:00,9.576,9.6385,9.5197,9.5753,14606.52
2026-02-15T02:00:00+00:00,9.57,9.6263,9.4971,9.5554,11289.73
2026-02-15T03:00:00+00:00,9.5534,9.598,9.4779,9.5955,13143.27
2026-02-15T04:00:00+00:00,9.6001,9.7118,9.5851,9.6175,169884.95
2026-02-15T05:00:00+00:00,9.6175,9.7145,9.6173,9.6834,8668.86
2026-02-15T06:00:00+00:00,9.6862,9.6944,9.6106,9.6338,3530.68
2026-02-15T07:00:00+00:00,9.6366,9.7479,9.6358,9.6967,15177.62
2026-02-15T08:00:00+00:00,9.6996,9.7045,9.528,9.5833,19328.98
2026-02-15T09:00:00+00:00,9.5792,9.6455,9.5696,9.5877,13906.54
2026-02-15T10:00:00+00:00,9.5865,9.5949,9.5089,9.5505,6418.29
2026-02-15T11:00:00+00:00,9.5528,9.5672,9.5215,9.5281,8276.66
2026-02-15T12:00:00+00:00,9.538,9.54,9.3258,9.3268,24168.52
2026-02-15T13:00:00+00:00,9.3347,9.4108,9.2774,9.2972,12249.09
2026-02-15T14:00:00+00:00,9.2902,9.3714,9.2902,9.3675,6671.98
2026-02-15T15:00:00+00:00,9.3699,9.3959,9.3585,9.3823,3454.38
2026-02-15T16:00:00+00:00,9.3802,9.3802,9.321,9.362,10721.05
2026-02-15T17:00:00+00:00,9.362,9.3747,9.19,9.2523,33490.53
2026-02-15T18:00:00+00:00,9.2408,9.2732,9.1742,9.1898,13280.42
2026-02-15T19:00:00+00:00,9.1903,9.2301,9.1361,9.178,12209.58
2026-02-15T20:00:00+00:00,9.1809,9.2304,9.146,9.2157,5202.98
2026-02-15T21:00:00+00:00,9.2167,9.2817,9.2167,9.2434,8016.28
2026-02-15T22:00:00+00:00,9.2389,9.2997,9.2239,9.2819,9156.72
2026-02-15T23:00:00+00:00,9.2793,9.29,9.2037,9.2838,3878.36
2026-02-16T00:00:00+00:00,9.2816,9.3373,9.2528,9.2777,18961.24
2026-02-16T01:00:00+00:00,9.2825,9.3344,9.2087,9.2454,3483.58
2026-02-16T02:00:00+00:00,9.2443,9.2662,9.2058,9.2114,1875.39
2026-02-16T03:00:00+00:00,9.218,9.2409,9.2112,9.2409,2639.06
2026-02-16T04:00:00+00:00,9.2347,9.3111,9.2325,9.3111,2170.15
2026-02-16T05:00:00+00:00,9.3166,9.3273,9.1816,9.2023,4646.83
2026-02-16T06:00:00+00:00,9.2006,9.27,9.1945,9.2601,1881.04
2026-02-16T07:00:00+00:00,9.2532,9.2962,9.2364,9.2549,2391.82
2026-02-16T08:00:00+00:00,9.2566,9.2989,9.2566,9.2814,8575.08
2026-02-16T09:00:00+00:00,9.2745,9.3411,9.2745,9.3225,23864.4
2026-02-16T10:00:00+00:00,9.3162,9.3221,9.2611,9.266,6246.11
2026-02-16T11:00:00+00:00,9.268,9.2847,9.1732,9.273,15242.56
2026-02-16T12:00:00+00:00,9.2671,9.38,9.2601,9.3657,57767.82
2026-02-16T13:00:00+00:00,9.3682,9.4141,9.1896,9.2064,8855.5
2026-02-16T14:00:00+00:00,9.206,9.2626,9.1661,9.2177,18185.86
2026-02-16T15:00:00+00:00,9.2178,9.2569,9.0474,9.0811,23890.78
2026-02-16T16:00:00+00:00,9.0808,9.1379,9.0603,9.1352,26772.9
2026-02-16T17:00:00+00:00,9.134,9.177,9.1096,9.1504,13037.74
2026-02-16T18:00:00+00:00,9.1502,9.1733,9.1233,9.1233,10425.85
2026-02-16T19:00:00+00:00,9.1256,9.162,9.1149,9.1407,6890.62
2026-02-16T20:00:00+00:00,9.1412,9.2149,9.112,9.2001,10120.81
2026-02-16T21:00:00+00:00,9.2054,9.2785,9.1797,9.275,15935.34
2026-02-16T22:00:00+00:00,9.272,9.306,9.2529,9.263,15440.16
2026-02-16T23:00:00+00:00,9.2632,9.2761,9.2489,9.2618,15989.87
2026-02-17T00:00:00+00:00,9.2618,9.272,9.238,9.2443,8928.39
2026-02-17T01:00:00+00:00,9.2449,9.273,9.2196,9.224,5813.54
2026-02-17T02:00:00+00:00,9.2229,9.2943,9.1819,9.2773,4966.02
2026-02-17T03:00:00+00:00,9.2764,9.277,9.219,9.219,6434.38
2026-02-17T04:00:00+00:00,9.22,9.244,9.1875,9.2267,4015.64
2026-02-17T05:00:00+00:00,9.2301,9.2301,9.1299,9.1615,4541.76
2026-02-17T06:00:00+00:00,9.162,9.2064,9.1619,9.1985,1588.05
2026-02-17T07:00:00+00:00,9.1935,9.2154,9.1672,9.1911,3203.21
2026-02-17T08:00:00+00:00,9.2019,9.213,9.1494,9.1542,9963.1
2026-02-17T09:00:00+00:00,9.1524,9.1646,9.106,9.1284,6665.06
2026-02-17T10:00:00+00:00,9.1245,9.1286,9.053,9.0795,11680.12
2026-02-17T11:00:00+00:00,9.0797,9.1229,9.0692,9.1061,6994.45
2026-02-17T12:00:00+00:00,9.1067,9.1783,9.1021,9.1398,6559.04
2026-02-17T13:00:00+00:00,9.1414,9.2216,9.1236,9.1984,7252.66
2026-02-17T14:00:00+00:00,9.1926,9.2224,9.01,9.0419,26179.53
2026-02-17T15:00:00+00:00,9.034,9.1028,9.0006,9.0766,14859.94
2026-02-17T16:00:00+00:00,9.0795,9.289,9.0743,9.1488,14134.62
2026-02-17T17:00:00+00:00,9.1398,9.1638,9.0375,9.0754,9591.74
2026-02-17T18:00:00+00:00,9.0734,9.2509,9.0653,9.2262,73748.48
2026-02-17T19:00:00+00:00,9.2287,9.245,9.1722,9.176,23718.85
2026-02-17T20:00:00+00:00,9.1757,9.1859,9.1304,9.1581,5804.43
2026-02-17T21:00:00+00:00,9.1608,9.1858,9.1374,9.1682,11307.53
2026-02-17T22:00:00+00:00,9.1685,9.1931,9.152,9.1602,2691.72
2026-02-17T23:00:00+00:00,9.1561,9.1686,9.127,9.1383,5712.06
2026-02-18T00:00:00+00:00,9.137,9.1466,9.104,9.1063,7275.15
2026-02-18T01:00:00+00:00,9.1082,9.1145,9.0672,9.1003,15515.34
2026-02-18T02:00:00+00:00,9.1001,9.1629,9.1,9.107,6260.34
2026-02-18T03:00:00+00:00,9.112,9.1294,9.0939,9.105,6183.13
2026-02-18T04:00:00+00:00,9.106,9.112,9.0678,9.0717,4807.14
2026-02-18T05:00:00+00:00,9.0699,9.0786,9.0319,9.032,4126.99
2026-02-18T06:00:00+00:00,9.034,9.086,9.033,9.056,3257.19
2026-02-18T07:00:00+00:00,9.056,9.1442,9.0508,9.1242,5109.18
2026-02-18T08:00:00+00:00,9.1256,9.2038,9.1256,9.1357,6607.39
2026-02-18T09:00:00+00:00,9.133,9.1413,9.111,9.1144,6898.47
2026-02-18T10:00:00+00:00,9.1167,9.1453,9.0825,9.0862,3762.5
2026-02-18T11:00:00+00:00,9.0874,9.0986,9.0035,9.0355,3359.84
2026-02-18T12:00:00+00:00,9.0372,9.0658,9.0153,9.0411,44002.25
2026-02-18T13:00:00+00:00,9.0471,9.0572,8.9656,8.9885,16777.31
2026-02-18T14:00:00+00:00,8.9876,9.0217,8.9389,9.0156,20491.03
2026-02-18T15:00:00+00:00,9.0123,9.197,9.0123,9.114,17023.37
2026-02-18T16:00:00+00:00,9.1105,9.116,9.0124,9.029,9887.58
2026-02-18T17:00:00+00:00,9.0293,9.1053,9.013,9.0135,5426.24
2026-02-18T18:00:00+00:00,9.0174,9.0251,8.9062,8.917,14137.19
2026-02-18T19:00:00+00:00,8.9168,8.9514,8.8169,8.8794,22085.21
2026-02-18T20:00:00+00:00,8.8793,8.9125,8.8553,8.8662,4753.46
2026-02-18T21:00:00+00:00,8.8692,8.9004,8.8453,8.8484,16172.09
2026-02-18T22:00:00+00:00,8.8494,8.8594,8.7976,8.8531,4820.27
2026-02-18T23:00:00+00:00,8.844,8.8571,8.832,8.8504,7410.22
2026-02-19T00:00:00+00:00,8.8494,8.8628,8.8295,8.835,7378.55
2026-02-19T01:00:00+00:00,8.836,8.9055,8.836,8.905,6633.69
2026-02-19T02:00:00+00:00,8.9064,8.9159,8.8644,8.8906,2753.86
2026-02-19T03:00:00+00:00,8.888,8.9198,8.8845,8.9067,2548.97
2026-02-19T04:00:00+00:00,8.9076,8.9332,8.8936,8.8936,3008.53
2026-02-19T05:00:00+00:00,8.8923,8.8979,8.8352,8.8675,8972.27
2026-02-19T06:00:00+00:00,8.868,8.926,8.868,8.904,1276.52
2026-02-19T07:00:00+00:00,8.906,8.92,8.8808,8.8967,3945.44
2026-02-19T08:00:00+00:00,8.8999,8.9004,8.8045,8.8267,24480.2
2026-02-19T09:00:00+00:00,8.8267,8.8686,8.817,8.8247,34186.28
2026-02-19T10:00:00+00:00,8.8268,8.8489,8.8023,8.8238,20613.49
2026-02-19T11:00:00+00:00,8.824,8.8351,8.7819,8.7895,26190.34
2026-02-19T12:00:00+00:00,8.7887,8.8148,8.778,8.7879,7452.69
2026-02-19T13:00:00+00:00,8.7879,8.7922,8.66,8.7003,18165.85
2026-02-19T14:00:00+00:00,8.6996,8.8,8.6856,8.7753,10281.44
2026-02-19T15:00:00+00:00,8.7809,8.856,8.7579,8.8172,22018.32
2026-02-19T16:00:00+00:00,8.8134,8.9021,8.7352,8.8392,12872.62
2026-02-19T17:00:00+00:00,8.8376,8.9364,8.7716,8.8002,15210.88
2026-02-19T18:00:00+00:00,8.797,8.9089,8.7889,8.8838,7588.22
2026-02-19T19:00:00+00:00,8.8885,8.91,8.828,8.8805,6492.05
2026-02-19T20:00:00+00:00,8.8828,8.9248,8.8664,8.892,8666.76
2026-02-19T21:00:00+00:00,8.8939,8.913,8.8851,8.89,3792.83
2026-02-19T22:00:00+00:00,8.8921,8.9018,8.856,8.8973,36100.61
2026-02-19T23:00:00+00:00,8.9071,8.916,8.89,8.9013,2389.92
2026-02-20T00:00:00+00:00,8.8989,8.968,8.8895,8.9381,10191.89
2026-02-20T01:00:00+00:00,8.9382,8.946,8.9122,8.9286,3267.92
2026-02-20T02:00:00+00:00,8.9313,8.9485,8.92,8.9286,1815.21
2026-02-20T03:00:00+00:00,8.9271,8.9611,8.9243,8.9392,1887.04
2026-02-20T04:00:00+00:00,8.9424,8.9459,8.8795,8.9162,4655.34
2026-02-20T05:00:00+00:00,8.923,9.035,8.906,8.9998,6038.8
2026-02-20T06:00:00+00:00,9.002,9.08,8.9902,9.0794,5548.08
2026-02-20T07:00:00+00:00,9.089,9.2909,9.089,9.1938,28929.01
2026-02-20T08:00:00+00:00,9.1984,9.2724,9.1967,9.2266,25130.26
2026-02-20T09:00:00+00:00,9.222,9.3327,9.222,9.2866,47959.66
2026-02-20T10:00:00+00:00,9.286,9.3625,9.2256,9.2309,55828.75
2026-02-20T11:00:00+00:00,9.2345,9.2379,9.1035,9.1156,54121.67
2026-02-20T12:00:00+00:00,9.1152,9.1281,9.0851,9.0993,9542.71
2026-02-20T13:00:00+00:00,9.1014,9.1259,8.9316,8.9824,30791.11
2026-02-20T14:00:00+00:00,8.9745,9.0638,8.9745,9.0251,25916.55
2026-02-20T15:00:00+00:00,9.0286,9.19,9.0286,9.1697,52263.25
2026-02-20T16:00:00+00:00,9.177,9.2456,9.1028,9.1636,23418.09
2026-02-20T17:00:00+00:00,9.1583,9.1583,9.0034,9.1536,18048.01
2026-02-20T18:00:00+00:00,9.1548,9.1749,9.0937,9.14,11777.94
2026-02-20T19:00:00+00:00,9.1426,9.1565,9.104,9.1522,81781.0
2026-02-20T20:00:00+00:00,9.1545,9.1605,9.095,9.1271,6315.23
2026-02-20T21:00:00+00:00,9.1368,9.1592,9.1149,9.1517,5610.44
2026-02-20T22:00:00+00:00,9.154,9.1723,9.1202,9.1405,9535.49
2026-02-20T23:00:00+00:00,9.1502,9.1772,9.1368,9.1707,3169.29
2026-02-21T00:00:00+00:00,9.171,9.1774,9.12,9.1372,10166.36
2026-02-21T01:00:00+00:00,9.1395,9.1559,9.1221,9.1557,3486.47
2026-02-21T02:00:00+00:00,9.1566,9.2001,9.1497,9.191,1993.02
2026-02-21T03:00:00+00:00,9.1901,9.1901,9.1421,9.1634,2393.21
2026-02-21T04:00:00+00:00,9.1622,9.1799,9.1513,9.1791,4786.51
2026-02-21T05:00:00+00:00,9.18,9.2103,9.18,9.2047,18650.75
2026-02-21T06:00:00+00:00,9.2069,9.209,9.1362,9.1549,971.05
2026-02-21T07:00:00+00:00,9.1526,9.1684,9.1405,9.1545,6597.75
2026-02-21T08:00:00+00:00,9.1554,9.218,9.1437,9.2116,7544.55
2026-02-21T09:00:00+00:00,9.2107,9.255,9.1956,9.2372,8021.31
2026-02-21T10:00:00+00:00,9.2385,9.2846,9.2352,9.2617,5888.14
2026-02-21T11:00:00+00:00,9.262,9.2946,9.2537,9.2738,5492.19
2026-02-21T12:00:00+00:00,9.2849,9.2893,9.2559,9.286,4254.29
2026-02-21T13:00:00+00:00,9.2829,9.3528,9.2793,9.3514,6668.64
2026-02-21T14:00:00+00:00,9.3496,9.448,9.3326,9.3516,20213.96
2026-02-21T15:00:00+00:00,9.3608,9.3702,9.262,9.2784,15420.57
2026-02-21T16:00:00+00:00,9.283,9.2878,9.1976,9.223,8078.2
2026-02-21T17:00:00+00:00,9.2231,9.2748,9.2133,9.2616,4422.03
2026-02-21T18:00:00+00:00,9.2681,9.3028,9.2672,9.2988,4448.49
2026-02-21T19:00:00+00:00,9.3038,9.3039,9.2535,9.2632,2142.24
2026-02-21T20:00:00+00:00,9.2624,9.2722,9.1381,9.1494,76190.98
2026-02-21T21:00:00+00:00,9.1481,9.1962,9.1481,9.1916,8236.98
2026-02-21T22:00:00+00:00,9.1904,9.1905,9.1559,9.1596,6712.08
2026-02-21T23:00:00+00:00,9.1575,9.1625,9.1017,9.1164,90552.35
2026-02-22T00:00:00+00:00,9.1132,9.1132,9.0228,9.0591,18964.93
2026-02-22T01:00:00+00:00,9.059,9.094,9.0436,9.0748,32086.59
2026-02-22T02:00:00+00:00,9.0766,9.0984,9.028,9.0306,35619.54
2026-02-22T03:00:00+00:00,9.0296,9.0564,9.0081,9.047,5628.23
2026-02-22T04:00:00+00:00,9.0426,9.0592,9.0345,9.038,3463.03
2026-02-22T05:00:00+00:00,9.0369,9.0416,8.9905,9.0036,5942.69
2026-02-22T06:00:00+00:00,9.0036,9.0105,8.9545,9.0036,4835.76
2026-02-22T07:00:00+00:00,9.0033,9.0249,8.9952,9.0099,2464.83
