datetime,open,high,low,close,volume
2025-10-19T08:00:00+00:00,36.446,36.771,36.032,36.134,370161.26
2025-10-19T09:00:00+00:00,36.134,36.793,35.751,36.559,363451.9
2025-10-19T10:00:00+00:00,36.556,37.214,36.379,37.192,331826.79
2025-10-19T11:00:00+00:00,37.197,37.6,37.084,37.319,560265.96
2025-10-19T12:00:00+00:00,37.319,37.667,36.943,37.309,431538.61
2025-10-19T13:00:00+00:00,37.32,38.148,37.213,37.999,485519.51
2025-10-19T14:00:00+00:00,37.999,38.412,37.723,38.177,586292.39
2025-10-19T15:00:00+00:00,38.176,38.374,38.0,38.276,294936.69
2025-10-19T16:00:00+00:00,38.276,38.319,37.749,37.931,482536.96
2025-10-19T17:00:00+00:00,37.93,38.42,37.799,38.031,458422.8
2025-10-19T18:00:00+00:00,38.031,38.535,38.013,38.283,448236.66
2025-10-19T19:00:00+00:00,38.278,38.417,37.555,37.821,357752.63
2025-10-19T20:00:00+00:00,37.836,37.965,37.65,37.754,180684.32
2025-10-19T21:00:00+00:00,37.763,37.958,37.455,37.946,297363.93
2025-10-19T22:00:00+00:00,37.952,38.153,37.817,37.862,249048.03
2025-10-19T23:00:00+00:00,37.86,37.862,37.349,37.39,369636.02
2025-10-20T00:00:00+00:00,37.389,37.39,36.855,37.196,575656.26
2025-10-20T01:00:00+00:00,37.196,37.834,36.85,36.87,595696.59
2025-10-20T02:00:00+00:00,36.869,37.41,36.69,37.227,305161.77
2025-10-20T03:00:00+00:00,37.239,38.348,36.928,38.276,583235.22
2025-10-20T04:00:00+00:00,38.284,38.534,38.223,38.511,316640.73
2025-10-20T05:00:00+00:00,38.51,38.811,37.872,38.599,1016215.14
2025-10-20T06:00:00+00:00,38.599,38.707,38.4,38.591,385266.25
2025-10-20T07:00:00+00:00,38.583,38.828,38.305,38.428,329419.52
2025-10-20T08:00:00+00:00,38.424,39.219,38.255,38.547,646257.92
2025-10-20T09:00:00+00:00,38.546,38.625,38.29,38.459,189879.9
2025-10-20T10:00:00+00:00,38.46,38.805,38.043,38.212,290747.54
2025-10-20T11:00:00+00:00,38.211,38.437,37.899,38.413,334275.72
2025-10-20T12:00:00+00:00,38.406,38.884,38.348,38.839,427521.49
2025-10-20T13:00:00+00:00,38.839,39.342,38.633,39.191,446170.94
2025-10-20T14:00:00+00:00,39.192,39.38,38.67,39.333,527587.72
2025-10-20T15:00:00+00:00,39.331,39.58,38.823,38.841,455976.2
2025-10-20T16:00:00+00:00,38.836,38.882,37.748,38.29,1284865.27
2025-10-20T17:00:00+00:00,38.291,38.846,37.55,37.692,1003861.86
2025-10-20T18:00:00+00:00,37.696,38.251,37.48,38.148,598380.58
2025-10-20T19:00:00+00:00,38.148,38.17,37.653,37.972,153323.87
2025-10-20T20:00:00+00:00,37.971,38.4,37.786,38.259,256194.94
2025-10-20T21:00:00+00:00,38.264,38.464,37.535,37.665,306020.12
2025-10-20T22:00:00+00:00,37.666,38.099,37.64,38.059,105823.58
2025-10-20T23:00:00+00:00,38.04,38.094,37.815,37.942,86658.3
2025-10-21T00:00:00+00:00,37.932,38.074,37.61,37.961,162927.09
2025-10-21T01:00:00+00:00,37.971,38.061,37.321,37.495,202500.31
2025-10-21T02:00:00+00:00,37.497,37.529,37.19,37.19,241047.57
2025-10-21T03:00:00+00:00,37.206,37.297,37.064,37.085,169205.99
2025-10-21T04:00:00+00:00,37.089,37.132,36.1,36.224,983059.96
2025-10-21T05:00:00+00:00,36.232,36.286,35.378,35.599,1197824.8700000001
2025-10-21T06:00:00+00:00,35.599,36.135,35.457,35.901,558663.36
2025-10-21T07:00:00+00:00,35.884,36.106,35.463,36.024,604905.4
2025-10-21T08:00:00+00:00,36.009,36.012,35.401,35.718,409988.64
2025-10-21T09:00:00+00:00,35.718,35.9,35.515,35.792,165370.79
2025-10-21T10:00:00+00:00,35.792,36.253,35.598,35.889,245133.21
2025-10-21T11:00:00+00:00,35.889,36.2,35.638,36.112,286382.94
2025-10-21T12:00:00+00:00,36.113,36.87,35.929,36.473,616153.67
2025-10-21T13:00:00+00:00,36.473,36.581,35.802,35.997,584327.02
2025-10-21T14:00:00+00:00,35.998,37.838,35.963,37.795,1347374.9399999999
2025-10-21T15:00:00+00:00,37.795,38.301,37.318,37.881,1375330.6499999999
2025-10-21T16:00:00+00:00,37.877,38.38,37.165,37.298,837219.5699999999
2025-10-21T17:00:00+00:00,37.293,37.756,36.843,37.418,1131609.9299999999
2025-10-21T18:00:00+00:00,37.417,37.531,36.796,37.105,542805.64
2025-10-21T19:00:00+00:00,37.105,37.147,36.85,36.933,281099.45
2025-10-21T20:00:00+00:00,36.933,37.047,36.12,36.226,597887.02
2025-10-21T21:00:00+00:00,36.227,36.756,35.734,36.733,791294.95
2025-10-21T22:00:00+00:00,36.736,36.743,35.62,35.701,589760.67
2025-10-21T23:00:00+00:00,35.699,35.889,35.171,35.385,559511.02
2025-10-22T00:00:00+00:00,35.376,35.598,34.838,34.903,583842.86
2025-10-22T01:00:00+00:00,34.903,35.239,34.69,35.039,504043.61
2025-10-22T02:00:00+00:00,35.039,35.507,34.956,35.439,494150.96
2025-10-22T03:00:00+00:00,35.439,35.501,34.962,35.264,434649.42
2025-10-22T04:00:00+00:00,35.263,35.38,34.78,34.925,422004.31
2025-10-22T05:00:00+00:00,34.926,34.96,34.5,34.817,525606.1
2025-10-22T06:00:00+00:00,34.81,35.12,34.666,34.812,270821.29
2025-10-22T07:00:00+00:00,34.812,35.049,34.55,34.835,422555.47
2025-10-22T08:00:00+00:00,34.826,35.291,34.733,35.08,396404.81
2025-10-22T09:00:00+00:00,35.08,35.245,34.817,35.059,269260.57
2025-10-22T10:00:00+00:00,35.058,35.537,35.035,35.181,285031.94
2025-10-22T11:00:00+00:00,35.182,36.171,34.918,35.883,745112.16
2025-10-22T12:00:00+00:00,35.883,36.49,35.759,36.08,679905.6899999999
2025-10-22T13:00:00+00:00,36.08,36.5,35.832,36.433,583437.51
2025-10-22T14:00:00+00:00,36.419,36.429,35.648,36.13,901670.96
2025-10-22T15:00:00+00:00,36.13,36.681,35.779,36.383,638713.87
2025-10-22T16:00:00+00:00,36.382,36.687,35.857,35.999,536863.72
2025-10-22T17:00:00+00:00,36.016,36.352,35.608,35.756,445237.52
2025-10-22T18:00:00+00:00,35.74,35.992,35.608,35.883,424004.9
2025-10-22T19:00:00+00:00,35.885,36.787,35.72,36.078,1037837.7
2025-10-22T20:00:00+00:00,36.077,36.133,35.193,35.316,567750.0699999999
2025-10-22T21:00:00+00:00,35.317,35.43,34.818,34.844,780081.12
2025-10-22T22:00:00+00:00,34.844,35.88,34.768,35.074,602561.14
2025-10-22T23:00:00+00:00,35.074,36.866,35.048,36.226,841303.53
2025-10-23T00:00:00+00:00,36.246,36.791,36.166,36.791,606851.15
2025-10-23T01:00:00+00:00,36.791,38.0,36.746,37.834,1242112.47
2025-10-23T02:00:00+00:00,37.834,38.473,37.541,38.445,813909.4
2025-10-23T03:00:00+00:00,38.446,38.482,37.67,37.735,675904.86
2025-10-23T04:00:00+00:00,37.741,37.909,37.339,37.401,704543.59
2025-10-23T05:00:00+00:00,37.406,38.152,37.001,38.141,808942.52
2025-10-23T06:00:00+00:00,38.149,39.188,38.049,39.134,1211598.52
2025-10-23T07:00:00+00:00,39.129,39.159,38.5,38.893,882681.76
2025-10-23T08:00:00+00:00,38.909,39.186,38.728,39.063,394205.97
2025-10-23T09:00:00+00:00,39.064,39.18,38.86,39.134,427499.94
2025-10-23T10:00:00+00:00,39.135,39.49,39.081,39.237,632488.62
2025-10-23T11:00:00+00:00,39.244,39.256,38.582,38.639,546525.5600000001
2025-10-23T12:00:00+00:00,38.639,40.444,38.51,40.379,2134079.4399999999
2025-10-23T13:00:00+00:00,40.37,40.672,39.69,40.244,1521908.3100000001
2025-10-23T14:00:00+00:00,40.261,40.819,39.54,40.435,1130301.8
2025-10-23T15:00:00+00:00,40.436,40.791,39.524,40.011,1195869.7
2025-10-23T16:00:00+00:00,40.004,40.342,39.551,39.804,641077.1
2025-10-23T17:00:00+00:00,39.805,39.98,39.25,39.586,713056.41
2025-10-23T18:00:00+00:00,39.587,39.69,39.222,39.429,413222.05
2025-10-23T19:00:00+00:00,39.428,39.679,39.08,39.453,310136.75
2025-10-23T20:00:00+00:00,39.453,39.5,38.89,39.082,327885.29
2025-10-23T21:00:00+00:00,39.073,39.943,38.952,39.894,264259.1
2025-10-23T22:00:00+00:00,39.893,40.218,39.861,40.019,296908.41
2025-10-23T23:00:00+00:00,40.018,40.283,40.0,40.249,143394.16
2025-10-24T00:00:00+00:00,40.25,40.5,40.028,40.287,359323.42
2025-10-24T01:00:00+00:00,40.271,40.395,39.789,40.024,250512.62
2025-10-24T02:00:00+00:00,40.043,40.056,39.604,39.642,250072.36
2025-10-24T03:00:00+00:00,39.638,39.71,39.131,39.513,227871.05
2025-10-24T04:00:00+00:00,39.523,40.465,39.331,40.344,684740.36
2025-10-24T05:00:00+00:00,40.334,40.636,40.039,40.587,407657.67
2025-10-24T06:00:00+00:00,40.608,40.873,40.204,40.823,331545.0
2025-10-24T07:00:00+00:00,40.822,40.92,40.312,40.671,391560.91
2025-10-24T08:00:00+00:00,40.659,40.686,40.258,40.433,203846.6
2025-10-24T09:00:00+00:00,40.435,40.621,40.054,40.119,242259.34
2025-10-24T10:00:00+00:00,40.129,40.152,39.628,39.78,243215.25
2025-10-24T11:00:00+00:00,39.772,39.883,39.532,39.678,224058.65
2025-10-24T12:00:00+00:00,39.678,40.576,39.639,39.865,732885.53
2025-10-24T13:00:00+00:00,39.865,40.008,39.314,39.74,400946.37
2025-10-24T14:00:00+00:00,39.726,39.726,39.112,39.404,656209.28
2025-10-24T15:00:00+00:00,39.392,39.631,39.05,39.221,348787.16
2025-10-24T16:00:00+00:00,39.221,39.264,38.716,39.113,673810.96
2025-10-24T17:00:00+00:00,39.101,39.261,38.845,38.946,312342.45
2025-10-24T18:00:00+00:00,38.951,39.278,38.911,39.022,242177.42
2025-10-24T19:00:00+00:00,39.022,39.393,38.99,39.207,281739.81
2025-10-24T20:00:00+00:00,39.198,39.618,39.144,39.535,189254.32
2025-10-24T21:00:00+00:00,39.537,39.812,39.385,39.729,160315.59
2025-10-24T22:00:00+00:00,39.729,39.768,39.213,39.259,197265.58
2025-10-24T23:00:00+00:00,39.246,39.384,39.067,39.325,154449.08
2025-10-25T00:00:00+00:00,39.324,39.333,38.891,38.972,178481.58
2025-10-25T01:00:00+00:00,38.974,39.461,38.918,39.285,116587.88
2025-10-25T02:00:00+00:00,39.275,39.811,39.267,39.73,244907.03
2025-10-25T03:00:00+00:00,39.731,40.188,39.632,40.13,263963.5
2025-10-25T04:00:00+00:00,40.122,40.274,39.829,39.946,220602.16
2025-10-25T05:00:00+00:00,39.947,40.079,39.551,39.691,138524.78
2025-10-25T06:00:00+00:00,39.695,40.023,39.644,39.99,126618.83
2025-10-25T07:00:00+00:00,39.991,40.292,39.933,40.195,202972.16
2025-10-25T08:00:00+00:00,40.195,40.5,40.119,40.499,168003.4
2025-10-25T09:00:00+00:00,40.499,40.506,40.17,40.491,188054.48
2025-10-25T10:00:00+00:00,40.498,40.833,40.252,40.664,305178.79
2025-10-25T11:00:00+00:00,40.664,41.21,40.591,41.16,257730.77
2025-10-25T12:00:00+00:00,41.16,41.789,40.969,41.425,505601.19
2025-10-25T13:00:00+00:00,41.426,41.67,41.154,41.374,308364.45
2025-10-25T14:00:00+00:00,41.39,41.438,40.893,41.124,279893.91
2025-10-25T15:00:00+00:00,41.124,41.124,40.72,40.939,171877.55
2025-10-25T16:00:00+00:00,40.936,41.443,40.903,41.404,133246.37
2025-10-25T17:00:00+00:00,41.404,42.037,41.298,41.895,401227.77
2025-10-25T18:00:00+00:00,41.895,43.041,41.882,42.715,1250133.3
2025-10-25T19:00:00+00:00,42.715,43.24,42.61,42.987,547823.1
2025-10-25T20:00:00+00:00,42.999,43.469,42.78,42.897,701840.89
2025-10-25T21:00:00+00:00,42.897,44.142,42.896,43.747,556394.38
2025-10-25T22:00:00+00:00,43.746,44.687,43.696,44.453,852490.41
2025-10-25T23:00:00+00:00,44.451,44.457,44.044,44.274,417288.76
2025-10-26T00:00:00+00:00,44.274,44.886,43.7,44.185,1208904.3
2025-10-26T01:00:00+00:00,44.202,44.403,43.928,44.184,269136.31
2025-10-26T02:00:00+00:00,44.184,44.303,43.742,44.012,314052.89
2025-10-26T03:00:00+00:00,44.021,44.102,43.54,43.73,454304.4
2025-10-26T04:00:00+00:00,43.737,43.937,43.55,43.64,185870.42
2025-10-26T05:00:00+00:00,43.644,44.18,43.595,43.852,274132.29
2025-10-26T06:00:00+00:00,43.853,44.551,43.847,44.468,378871.81
2025-10-26T07:00:00+00:00,44.469,44.712,44.185,44.684,370302.45
2025-10-26T08:00:00+00:00,44.685,45.46,44.684,45.362,658747.5600000001
2025-10-26T09:00:00+00:00,45.364,46.728,45.123,46.461,1467897.6899999999
2025-10-26T10:00:00+00:00,46.465,46.587,46.012,46.246,386502.59
2025-10-26T11:00:00+00:00,46.258,48.019,46.213,47.953,1170876.6100000001
2025-10-26T12:00:00+00:00,47.925,48.7,47.453,47.709,1042893.9399999999
2025-10-26T13:00:00+00:00,47.71,48.165,47.334,47.562,626879.0699999999
2025-10-26T14:00:00+00:00,47.555,47.628,46.898,46.98,517858.99
2025-10-26T15:00:00+00:00,46.977,47.792,46.825,47.332,469028.42
2025-10-26T16:00:00+00:00,47.341,47.501,46.874,46.92,316569.4
2025-10-26T17:00:00+00:00,46.921,47.605,46.793,47.5,305715.2
2025-10-26T18:00:00+00:00,47.5,47.878,47.156,47.431,331232.67
2025-10-26T19:00:00+00:00,47.433,47.593,47.276,47.377,89991.68
2025-10-26T20:00:00+00:00,47.389,47.409,46.6,47.084,391006.33
2025-10-26T21:00:00+00:00,47.074,47.41,46.6,47.329,338495.7
2025-10-26T22:00:00+00:00,47.329,48.314,47.329,48.06,795515.5600000001
2025-10-26T23:00:00+00:00,48.074,48.129,47.25,47.333,306486.8
2025-10-27T00:00:00+00:00,47.331,48.248,47.107,48.235,364661.58
2025-10-27T01:00:00+00:00,48.232,48.759,47.785,48.733,652971.9399999999
2025-10-27T02:00:00+00:00,48.734,48.791,47.662,47.785,533680.66
2025-10-27T03:00:00+00:00,47.783,48.298,47.553,48.145,301957.11
2025-10-27T04:00:00+00:00,48.145,48.946,48.102,48.655,435778.68
2025-10-27T05:00:00+00:00,48.655,49.421,48.57,48.722,525768.78
2025-10-27T06:00:00+00:00,48.722,48.971,47.935,48.735,837774.61
2025-10-27T07:00:00+00:00,48.735,48.805,46.654,47.359,877990.54
2025-10-27T08:00:00+00:00,47.359,47.377,46.302,46.848,730503.08
2025-10-27T09:00:00+00:00,46.865,47.226,45.808,47.178,955382.91
2025-10-27T10:00:00+00:00,47.159,47.494,46.902,47.283,311803.67
2025-10-27T11:00:00+00:00,47.284,47.56,46.986,47.493,238804.77
2025-10-27T12:00:00+00:00,47.504,47.582,46.965,46.975,183640.35
2025-10-27T13:00:00+00:00,46.972,47.494,46.364,47.19,633563.1899999999
2025-10-27T14:00:00+00:00,47.172,47.353,46.553,47.006,466116.04
2025-10-27T15:00:00+00:00,47.007,47.147,46.027,46.422,608930.87
2025-10-27T16:00:00+00:00,46.422,47.5,46.42,47.288,390406.96
2025-10-27T17:00:00+00:00,47.291,47.721,47.156,47.271,278171.04
2025-10-27T18:00:00+00:00,47.273,47.74,46.695,46.905,317558.66
2025-10-27T19:00:00+00:00,46.905,47.179,46.509,46.846,370657.12
2025-10-27T20:00:00+00:00,46.848,47.805,46.376,47.113,629189.08
2025-10-27T21:00:00+00:00,47.113,48.888,47.075,48.498,1609957.4099999999
2025-10-27T22:00:00+00:00,48.498,48.798,46.844,46.93,1232236.1899999999
2025-10-27T23:00:00+00:00,46.937,46.965,45.449,46.604,1028411.65
2025-10-28T00:00:00+00:00,46.605,46.909,46.135,46.796,427803.1
2025-10-28T01:00:00+00:00,46.811,47.796,46.769,47.295,486966.86
2025-10-28T02:00:00+00:00,47.295,47.483,46.73,47.247,393664.83
2025-10-28T03:00:00+00:00,47.264,47.669,47.094,47.563,212596.99
2025-10-28T04:00:00+00:00,47.557,47.953,47.385,47.8,167373.95
2025-10-28T05:00:00+00:00,47.798,48.024,46.859,47.035,291314.76
2025-10-28T06:00:00+00:00,47.04,47.309,46.71,47.258,242765.63
2025-10-28T07:00:00+00:00,47.258,47.874,47.214,47.403,351164.64
2025-10-28T08:00:00+00:00,47.399,47.679,46.928,47.042,257850.26
2025-10-28T09:00:00+00:00,47.042,47.325,46.642,47.324,423084.41
2025-10-28T10:00:00+00:00,47.324,47.42,47.11,47.379,203012.44
2025-10-28T11:00:00+00:00,47.378,48.529,47.288,48.06,693004.6800000001
2025-10-28T12:00:00+00:00,48.061,48.662,47.517,48.483,664758.3
2025-10-28T13:00:00+00:00,48.497,49.42,48.475,49.321,789171.5
2025-10-28T14:00:00+00:00,49.321,49.355,47.633,48.017,1143780.6699999999
2025-10-28T15:00:00+00:00,48.016,48.399,47.561,47.734,419439.94
2025-10-28T16:00:00+00:00,47.734,48.36,47.642,48.119,307413.04
2025-10-28T17:00:00+00:00,48.119,48.977,48.015,48.14,563734.28
2025-10-28T18:00:00+00:00,48.141,48.25,47.154,47.822,384078.33
2025-10-28T19:00:00+00:00,47.801,47.831,46.327,46.436,765952.47
2025-10-28T20:00:00+00:00,46.436,47.445,46.0,47.213,1120328.46
2025-10-28T21:00:00+00:00,47.225,47.679,46.74,47.514,584419.85
2025-10-28T22:00:00+00:00,47.514,48.317,47.405,48.201,539481.48
2025-10-28T23:00:00+00:00,48.215,48.249,47.415,47.669,346098.95
2025-10-29T00:00:00+00:00,47.719,48.183,47.364,47.541,454603.44
2025-10-29T01:00:00+00:00,47.541,48.18,47.451,48.111,238828.37
2025-10-29T02:00:00+00:00,48.117,48.631,48.075,48.269,475356.29
2025-10-29T03:00:00+00:00,48.269,48.303,47.74,47.824,175568.19
2025-10-29T04:00:00+00:00,47.825,48.278,47.752,48.185,143014.72
2025-10-29T05:00:00+00:00,48.177,48.88,47.795,48.025,380162.92
2025-10-29T06:00:00+00:00,48.022,48.05,47.42,47.791,181240.23
2025-10-29T07:00:00+00:00,47.792,48.0,47.53,47.678,167896.67
2025-10-29T08:00:00+00:00,47.678,47.748,47.0,47.457,227717.28
2025-10-29T09:00:00+00:00,47.456,47.666,47.248,47.479,97068.62
2025-10-29T10:00:00+00:00,47.478,48.387,47.289,48.027,340257.51
2025-10-29T11:00:00+00:00,48.038,49.5,47.916,49.233,777732.84
2025-10-29T12:00:00+00:00,49.233,49.47,48.62,48.693,675270.14
2025-10-29T13:00:00+00:00,48.693,49.338,48.4,48.513,609359.1800000001
2025-10-29T14:00:00+00:00,48.513,48.646,47.72,48.094,576439.4300000001
2025-10-29T15:00:00+00:00,48.094,48.263,46.416,46.779,1456853.02
2025-10-29T16:00:00+00:00,46.779,47.486,46.51,47.37,686010.95
2025-10-29T17:00:00+00:00,47.37,48.143,46.777,48.048,643496.0
2025-10-29T18:00:00+00:00,48.049,48.243,46.0,47.775,1864466.23
2025-10-29T19:00:00+00:00,47.787,48.977,47.722,47.958,1228404.1599999999
2025-10-29T20:00:00+00:00,47.966,49.348,47.426,49.217,1105482.8300000001
2025-10-29T21:00:00+00:00,49.213,49.988,49.0,49.092,902646.1899999999
2025-10-29T22:00:00+00:00,49.092,49.271,48.6,48.732,526627.0699999999
2025-10-29T23:00:00+00:00,48.733,48.761,47.443,48.056,642128.15
2025-10-30T00:00:00+00:00,48.046,48.215,47.454,48.018,437648.68
2025-10-30T01:00:00+00:00,48.018,48.056,47.384,47.879,299909.85
2025-10-30T02:00:00+00:00,47.878,48.9,47.681,48.593,478757.86
2025-10-30T03:00:00+00:00,48.594,48.67,48.114,48.539,269258.73
2025-10-30T04:00:00+00:00,48.517,48.555,46.769,47.004,1155400.6699999999
2025-10-30T05:00:00+00:00,47.008,48.492,46.842,48.252,662455.3
2025-10-30T06:00:00+00:00,48.253,48.764,47.839,48.36,445643.82
2025-10-30T07:00:00+00:00,48.36,49.796,48.358,49.641,489184.4
2025-10-30T08:00:00+00:00,49.621,50.158,49.06,49.336,858723.9300000001
2025-10-30T09:00:00+00:00,49.332,49.701,48.153,48.49,514972.53
2025-10-30T10:00:00+00:00,48.483,48.656,47.993,48.368,276221.2
2025-10-30T11:00:00+00:00,48.364,48.381,47.5,47.547,385291.38
2025-10-30T12:00:00+00:00,47.548,47.667,46.112,46.375,1219146.48
2025-10-30T13:00:00+00:00,46.37,46.828,44.927,46.242,1923731.74
2025-10-30T14:00:00+00:00,46.243,47.516,46.243,46.825,1234170.3100000001
2025-10-30T15:00:00+00:00,46.825,46.943,44.56,45.431,1811224.8899999999
2025-10-30T16:00:00+00:00,45.426,46.04,44.994,45.994,777274.84
2025-10-30T17:00:00+00:00,45.985,45.985,43.265,44.203,2178298.46
2025-10-30T18:00:00+00:00,44.216,44.663,43.586,43.728,1099690.77
2025-10-30T19:00:00+00:00,43.727,44.198,42.706,43.127,1520158.4199999999
2025-10-30T20:00:00+00:00,43.112,44.534,42.868,44.49,945716.05
2025-10-30T21:00:00+00:00,44.5,44.807,43.908,44.675,623591.5
2025-10-30T22:00:00+00:00,44.676,45.185,44.455,45.074,579469.38
2025-10-30T23:00:00+00:00,45.085,45.67,44.872,45.436,553272.03
2025-10-31T00:00:00+00:00,45.437,46.092,45.305,45.94,656612.75
2025-10-31T01:00:00+00:00,45.918,46.332,45.727,45.936,735349.0699999999
2025-10-31T02:00:00+00:00,45.936,45.936,44.859,45.095,889165.21
2025-10-31T03:00:00+00:00,45.095,45.278,44.304,44.937,737016.8100000001
2025-10-31T04:00:00+00:00,44.936,45.98,44.746,45.57,640723.59
2025-10-31T05:00:00+00:00,45.581,45.581,44.76,44.824,373323.69
2025-10-31T06:00:00+00:00,44.841,44.927,44.507,44.521,239715.93
2025-10-31T07:00:00+00:00,44.522,44.638,43.809,44.007,564626.28
2025-10-31T08:00:00+00:00,44.007,44.72,43.66,44.719,479722.32
2025-10-31T09:00:00+00:00,44.72,44.971,44.072,44.165,364712.41
2025-10-31T10:00:00+00:00,44.18,44.62,44.132,44.266,254024.21
2025-10-31T11:00:00+00:00,44.264,44.4,43.433,44.334,787590.46
2025-10-31T12:00:00+00:00,44.314,44.546,43.014,43.049,870005.67
2025-10-31T13:00:00+00:00,43.049,44.314,43.049,44.144,602282.17
2025-10-31T14:00:00+00:00,44.144,44.997,43.801,44.871,696328.0
2025-10-31T15:00:00+00:00,44.87,45.111,44.0,44.036,714036.21
2025-10-31T16:00:00+00:00,44.035,44.1,42.915,43.045,673585.21
2025-10-31T17:00:00+00:00,43.045,43.489,42.4,43.192,1054693.9299999999
2025-10-31T18:00:00+00:00,43.192,43.599,42.393,42.869,916021.92
2025-10-31T19:00:00+00:00,42.87,43.6,42.512,43.435,477475.7
2025-10-31T20:00:00+00:00,43.436,43.841,43.172,43.393,483416.98
2025-10-31T21:00:00+00:00,43.393,43.976,43.209,43.974,244235.43
2025-10-31T22:00:00+00:00,43.97,44.094,43.585,43.956,216984.25
2025-10-31T23:00:00+00:00,43.943,44.088,43.558,43.702,117645.02
2025-11-01T00:00:00+00:00,43.698,44.233,43.358,44.17,201003.94
2025-11-01T01:00:00+00:00,44.17,44.44,43.049,43.145,664740.91
2025-11-01T02:00:00+00:00,43.144,43.842,42.752,43.671,508613.47
2025-11-01T03:00:00+00:00,43.671,44.261,43.671,44.204,430869.08
2025-11-01T04:00:00+00:00,44.204,44.45,43.83,44.29,320023.78
2025-11-01T05:00:00+00:00,44.303,44.498,43.815,43.938,240666.36
2025-11-01T06:00:00+00:00,43.945,43.98,43.332,43.59,261841.43
2025-11-01T07:00:00+00:00,43.597,44.03,43.436,43.831,186586.92
2025-11-01T08:00:00+00:00,43.831,44.038,43.572,43.88,200133.69
2025-11-01T09:00:00+00:00,43.879,43.924,43.116,43.164,208414.21
2025-11-01T10:00:00+00:00,43.177,43.677,43.099,43.627,232033.83
2025-11-01T11:00:00+00:00,43.637,44.048,43.515,43.706,217296.73
2025-11-01T12:00:00+00:00,43.71,43.839,43.291,43.41,194568.25
2025-11-01T13:00:00+00:00,43.41,43.782,43.2,43.643,164844.79
2025-11-01T14:00:00+00:00,43.65,43.784,42.727,42.905,410247.33
2025-11-01T15:00:00+00:00,42.906,43.416,42.797,43.38,250821.82
2025-11-01T16:00:00+00:00,43.379,43.9,43.138,43.844,242406.66
2025-11-01T17:00:00+00:00,43.85,44.305,43.612,43.783,547773.02
2025-11-01T18:00:00+00:00,43.786,44.219,43.772,44.012,261686.25
2025-11-01T19:00:00+00:00,44.012,44.04,43.381,43.5,289004.05
2025-11-01T20:00:00+00:00,43.5,43.7,43.37,43.531,203240.98
2025-11-01T21:00:00+00:00,43.531,43.563,42.861,42.883,237340.36
2025-11-01T22:00:00+00:00,42.883,43.272,42.855,43.27,88262.51
2025-11-01T23:00:00+00:00,43.271,43.456,43.162,43.27,101569.76
2025-11-02T00:00:00+00:00,43.271,43.282,42.35,42.569,625400.92
2025-11-02T01:00:00+00:00,42.569,42.802,42.214,42.677,436369.5
2025-11-02T02:00:00+00:00,42.679,43.148,42.524,42.621,287280.72
2025-11-02T03:00:00+00:00,42.608,43.04,42.386,43.035,214027.1
2025-11-02T04:00:00+00:00,43.034,43.412,42.933,43.357,112350.28
2025-11-02T05:00:00+00:00,43.37,43.378,43.009,43.132,159123.24
2025-11-02T06:00:00+00:00,43.135,43.33,43.005,43.137,76490.6
2025-11-02T07:00:00+00:00,43.143,43.429,42.575,43.246,333704.83
2025-11-02T08:00:00+00:00,43.258,43.331,42.788,43.037,150313.32
2025-11-02T09:00:00+00:00,43.047,43.444,42.707,42.751,294301.11
2025-11-02T10:00:00+00:00,42.764,42.857,41.374,42.024,1574509.97
2025-11-02T11:00:00+00:00,42.024,42.898,41.743,42.876,698323.55
2025-11-02T12:00:00+00:00,42.876,43.0,42.102,42.132,392790.81
2025-11-02T13:00:00+00:00,42.133,42.412,41.86,42.336,291657.69
2025-11-02T14:00:00+00:00,42.336,42.557,41.691,41.916,407862.66
2025-11-02T15:00:00+00:00,41.916,42.17,41.449,41.476,705976.16
2025-11-02T16:00:00+00:00,41.475,41.899,41.067,41.699,1119659.45
2025-11-02T17:00:00+00:00,41.698,41.946,41.333,41.618,400022.61
2025-11-02T18:00:00+00:00,41.618,42.008,41.507,41.817,184749.58
2025-11-02T19:00:00+00:00,41.822,41.868,41.223,41.64,274960.5
2025-11-02T20:00:00+00:00,41.639,41.69,41.273,41.626,211231.86
2025-11-02T21:00:00+00:00,41.626,41.994,41.583,41.857,168577.48
2025-11-02T22:00:00+00:00,41.862,41.874,41.502,41.802,143779.69
2025-11-02T23:00:00+00:00,41.802,42.612,41.802,42.434,411942.34
2025-11-03T00:00:00+00:00,42.434,42.707,41.829,41.859,345059.22
2025-11-03T01:00:00+00:00,41.864,42.462,41.742,42.347,347258.22
2025-11-03T02:00:00+00:00,42.347,42.428,41.067,41.546,620430.23
2025-11-03T03:00:00+00:00,41.528,41.735,40.51,40.537,970531.15
2025-11-03T04:00:00+00:00,40.537,41.0,40.19,40.969,799301.6800000001
2025-11-03T05:00:00+00:00,40.97,41.355,40.86,41.144,326134.34
2025-11-03T06:00:00+00:00,41.149,41.497,40.603,41.072,424820.81
2025-11-03T07:00:00+00:00,41.072,41.8,40.831,41.342,485096.92
2025-11-03T08:00:00+00:00,41.342,41.518,40.633,40.722,290306.47
2025-11-03T09:00:00+00:00,40.722,41.172,40.284,40.341,436052.82
2025-11-03T10:00:00+00:00,40.341,40.746,40.251,40.334,384020.26
2025-11-03T11:00:00+00:00,40.334,41.519,40.334,41.387,550532.0699999999
2025-11-03T12:00:00+00:00,41.388,41.909,41.15,41.205,387685.4
2025-11-03T13:00:00+00:00,41.206,41.545,41.058,41.248,219402.23
2025-11-03T14:00:00+00:00,41.249,41.782,40.971,41.769,301405.6
2025-11-03T15:00:00+00:00,41.77,41.807,38.333,39.085,3241483.98
2025-11-03T16:00:00+00:00,39.095,40.295,38.556,40.1,1385239.3
2025-11-03T17:00:00+00:00,40.099,41.156,39.856,41.061,1112689.71
2025-11-03T18:00:00+00:00,41.069,41.266,40.25,40.267,427812.47
2025-11-03T19:00:00+00:00,40.267,40.534,39.8,39.84,362380.59
2025-11-03T20:00:00+00:00,39.837,39.909,39.021,39.288,639515.11
2025-11-03T21:00:00+00:00,39.288,40.365,39.234,40.305,626905.64
2025-11-03T22:00:00+00:00,40.3,40.349,39.441,39.716,383681.74
2025-11-03T23:00:00+00:00,39.717,40.256,39.392,40.179,186847.74
2025-11-04T00:00:00+00:00,40.193,40.27,39.23,39.782,420078.24
2025-11-04T01:00:00+00:00,39.784,40.166,39.464,39.915,268845.9
2025-11-04T02:00:00+00:00,39.907,40.439,39.78,40.007,289885.84
2025-11-04T03:00:00+00:00,40.002,40.828,39.729,40.566,368252.69
2025-11-04T04:00:00+00:00,40.566,40.764,40.044,40.063,184735.4
2025-11-04T05:00:00+00:00,40.054,40.157,37.357,37.358,1827758.6899999999
2025-11-04T06:00:00+00:00,37.357,38.526,36.687,37.765,2500419.6600000001
2025-11-04T07:00:00+00:00,37.765,38.136,37.34,37.948,613360.41
2025-11-04T08:00:00+00:00,37.948,37.956,36.878,37.16,1517861.8600000001
2025-11-04T09:00:00+00:00,37.159,37.83,37.009,37.446,516710.24
2025-11-04T10:00:00+00:00,37.446,38.012,37.322,37.789,483888.03
2025-11-04T11:00:00+00:00,37.789,38.352,37.598,38.179,553047.62
2025-11-04T12:00:00+00:00,38.179,38.195,37.375,37.842,490041.52
2025-11-04T13:00:00+00:00,37.842,37.988,37.012,37.57,541316.5600000001
2025-11-04T14:00:00+00:00,37.569,39.171,37.3,38.738,1047787.9
2025-11-04T15:00:00+00:00,38.738,40.229,38.737,39.09,2067276.6200000001
2025-11-04T16:00:00+00:00,39.089,39.489,37.936,38.191,989580.15
2025-11-04T17:00:00+00:00,38.204,38.756,37.02,37.829,1549771.28
2025-11-04T18:00:00+00:00,37.827,38.35,36.455,38.136,2308757.5600000001
2025-11-04T19:00:00+00:00,38.136,38.382,37.067,37.243,1515184.54
2025-11-04T20:00:00+00:00,37.245,37.551,35.254,37.118,3327482.6400000001
2025-11-04T21:00:00+00:00,37.122,37.62,35.56,37.596,1728634.8100000001
2025-11-04T22:00:00+00:00,37.597,39.3,37.189,38.6,1800363.5900000001
2025-11-04T23:00:00+00:00,38.599,39.288,38.395,39.006,679672.0699999999
2025-11-05T00:00:00+00:00,39.006,39.273,38.38,38.852,721357.8
2025-11-05T01:00:00+00:00,38.856,38.93,37.4,38.637,1229498.8700000001
2025-11-05T02:00:00+00:00,38.628,39.88,38.626,39.829,902961.49
2025-11-05T03:00:00+00:00,39.829,40.423,39.62,40.121,610895.97
2025-11-05T04:00:00+00:00,40.121,40.73,39.918,40.151,517663.88
2025-11-05T05:00:00+00:00,40.151,40.42,39.723,40.188,489537.15
2025-11-05T06:00:00+00:00,40.19,40.985,40.0,40.943,440094.74
2025-11-05T07:00:00+00:00,40.931,40.945,40.133,40.651,269501.38
2025-11-05T08:00:00+00:00,40.651,40.651,39.347,39.998,712780.1800000001
2025-11-05T09:00:00+00:00,39.997,40.62,39.691,40.454,384808.53
2025-11-05T10:00:00+00:00,40.455,40.492,39.864,40.03,266076.46
2025-11-05T11:00:00+00:00,40.036,41.549,40.011,41.549,926328.36
2025-11-05T12:00:00+00:00,41.543,41.549,40.97,41.306,556004.85
2025-11-05T13:00:00+00:00,41.306,41.782,40.884,41.25,627434.65
2025-11-05T14:00:00+00:00,41.251,41.419,40.702,41.248,555420.35
2025-11-05T15:00:00+00:00,41.251,42.241,41.018,42.069,1133606.72
2025-11-05T16:00:00+00:00,42.069,42.1,41.302,41.927,675582.97
2025-11-05T17:00:00+00:00,41.932,41.953,41.401,41.545,406307.86
2025-11-05T18:00:00+00:00,41.545,41.96,41.403,41.673,329249.99
2025-11-05T19:00:00+00:00,41.666,41.8,41.309,41.493,297738.34
2025-11-05T20:00:00+00:00,41.493,41.65,40.9,40.971,296592.11
2025-11-05T21:00:00+00:00,40.969,41.271,40.782,41.147,204523.8
2025-11-05T22:00:00+00:00,41.146,41.42,41.023,41.376,153121.03
2025-11-05T23:00:00+00:00,41.375,41.542,41.13,41.359,160611.31
2025-11-06T00:00:00+00:00,41.358,41.358,40.68,41.177,345647.0
2025-11-06T01:00:00+00:00,41.17,41.171,40.309,40.828,490222.54
2025-11-06T02:00:00+00:00,40.827,41.037,40.456,40.708,220484.89
2025-11-06T03:00:00+00:00,40.707,41.248,40.69,40.97,219268.47
2025-11-06T04:00:00+00:00,40.969,41.171,40.918,41.12,121491.59
2025-11-06T05:00:00+00:00,41.118,41.155,39.814,40.029,554478.8
2025-11-06T06:00:00+00:00,40.029,40.27,39.729,39.876,257600.87
2025-11-06T07:00:00+00:00,39.875,40.102,39.502,39.632,355399.64
2025-11-06T08:00:00+00:00,39.631,39.809,39.327,39.616,214799.16
2025-11-06T09:00:00+00:00,39.616,40.129,39.457,39.685,392921.64
2025-11-06T10:00:00+00:00,39.697,40.034,39.352,40.003,248328.3
2025-11-06T11:00:00+00:00,40.003,40.404,39.665,40.379,268876.44
2025-11-06T12:00:00+00:00,40.371,40.427,39.44,39.477,415290.42
2025-11-06T13:00:00+00:00,39.476,40.499,39.462,40.341,313974.35
2025-11-06T14:00:00+00:00,40.341,40.5,39.365,39.395,637460.03
2025-11-06T15:00:00+00:00,39.393,39.77,38.376,38.908,1366402.1000000001
2025-11-06T16:00:00+00:00,38.908,39.17,37.57,38.204,1904863.28
2025-11-06T17:00:00+00:00,38.204,38.951,37.975,38.847,990731.84
2025-11-06T18:00:00+00:00,38.848,39.069,38.019,38.811,767018.59
2025-11-06T19:00:00+00:00,38.81,39.021,38.409,38.723,436181.16
2025-11-06T20:00:00+00:00,38.724,38.92,38.126,38.636,478612.26
2025-11-06T21:00:00+00:00,38.624,38.952,38.201,38.734,439717.7
2025-11-06T22:00:00+00:00,38.73,38.925,38.357,38.747,322397.48
2025-11-06T23:00:00+00:00,38.741,38.742,38.261,38.473,227671.25
2025-11-07T00:00:00+00:00,38.473,39.384,38.272,39.351,427142.22
2025-11-07T01:00:00+00:00,39.357,39.456,38.248,38.856,481797.68
2025-11-07T02:00:00+00:00,38.846,38.933,38.245,38.906,254659.59
2025-11-07T03:00:00+00:00,38.91,39.267,38.56,38.56,305246.75
2025-11-07T04:00:00+00:00,38.561,38.683,38.119,38.639,394070.15
2025-11-07T05:00:00+00:00,38.639,39.665,38.604,39.649,471086.47
2025-11-07T06:00:00+00:00,39.639,39.758,39.293,39.465,351310.85
2025-11-07T07:00:00+00:00,39.466,40.376,39.384,40.325,460009.63
2025-11-07T08:00:00+00:00,40.325,40.754,39.759,39.993,749614.02
2025-11-07T09:00:00+00:00,39.994,40.105,39.333,39.837,786575.01
2025-11-07T10:00:00+00:00,39.837,39.963,39.149,39.212,344429.6
2025-11-07T11:00:00+00:00,39.204,39.204,38.262,38.831,586069.99
2025-11-07T12:00:00+00:00,38.83,39.053,37.879,38.54,559279.92
2025-11-07T13:00:00+00:00,38.538,39.541,38.43,39.364,384996.32
2025-11-07T14:00:00+00:00,39.363,40.42,38.673,40.328,923525.35
2025-11-07T15:00:00+00:00,40.349,40.8,39.86,40.456,776306.98
2025-11-07T16:00:00+00:00,40.456,41.502,40.166,41.28,672843.9
2025-11-07T17:00:00+00:00,41.281,42.23,41.11,41.895,680239.88
2025-11-07T18:00:00+00:00,41.895,42.395,41.816,42.157,545399.0
2025-11-07T19:00:00+00:00,42.147,42.934,42.085,42.811,631585.62
2025-11-07T20:00:00+00:00,42.814,43.308,42.563,43.0,894971.0699999999
2025-11-07T21:00:00+00:00,42.999,43.058,42.389,42.769,583666.89
2025-11-07T22:00:00+00:00,42.77,42.895,42.549,42.735,325297.56
2025-11-07T23:00:00+00:00,42.73,42.843,42.2,42.201,322023.78
2025-11-08T00:00:00+00:00,42.204,42.523,41.722,41.722,265228.83
2025-11-08T01:00:00+00:00,41.722,42.697,41.701,42.458,277508.68
2025-11-08T02:00:00+00:00,42.458,43.217,42.363,42.6,441587.23
2025-11-08T03:00:00+00:00,42.6,42.865,42.2,42.201,189622.87
2025-11-08T04:00:00+00:00,42.201,42.534,42.195,42.195,113644.24
2025-11-08T05:00:00+00:00,42.195,42.358,41.127,41.306,456042.2
2025-11-08T06:00:00+00:00,41.306,41.372,40.851,41.019,386434.14
2025-11-08T07:00:00+00:00,41.02,41.024,40.399,40.869,517757.01
2025-11-08T08:00:00+00:00,40.869,41.215,40.685,41.041,252572.5
2025-11-08T09:00:00+00:00,41.053,41.137,40.608,40.806,247126.8
2025-11-08T10:00:00+00:00,40.806,41.497,40.728,41.418,144549.64
2025-11-08T11:00:00+00:00,41.419,41.759,40.76,40.805,329553.94
2025-11-08T12:00:00+00:00,40.805,41.47,40.792,41.458,154133.14
2025-11-08T13:00:00+00:00,41.456,41.465,40.504,40.526,248223.32
2025-11-08T14:00:00+00:00,40.538,40.743,40.084,40.594,503926.09
2025-11-08T15:00:00+00:00,40.594,40.6,39.809,40.242,314577.99
2025-11-08T16:00:00+00:00,40.242,40.302,39.693,40.196,407913.89
2025-11-08T17:00:00+00:00,40.212,40.609,40.101,40.364,241965.1
2025-11-08T18:00:00+00:00,40.375,40.939,40.323,40.834,145185.63
2025-11-08T19:00:00+00:00,40.834,40.892,39.834,39.987,588685.22
2025-11-08T20:00:00+00:00,39.987,40.119,39.689,39.882,350102.79
2025-11-08T21:00:00+00:00,39.882,40.254,39.64,40.25,250307.21
2025-11-08T22:00:00+00:00,40.25,40.53,40.139,40.356,336625.99
2025-11-08T23:00:00+00:00,40.362,40.478,40.028,40.127,132635.74
2025-11-09T00:00:00+00:00,40.127,40.276,39.746,40.007,256826.85
2025-11-09T01:00:00+00:00,40.002,40.401,39.974,40.28,107441.05
2025-11-09T02:00:00+00:00,40.281,40.491,39.453,39.575,411915.56
2025-11-09T03:00:00+00:00,39.575,40.1,39.524,40.096,262494.06
2025-11-09T04:00:00+00:00,40.096,40.166,39.781,39.937,89127.08
2025-11-09T05:00:00+00:00,39.95,40.238,39.897,40.179,92579.22
2025-11-09T06:00:00+00:00,40.164,40.251,39.908,39.961,102284.8
2025-11-09T07:00:00+00:00,39.947,40.309,39.858,40.164,102033.98
2025-11-09T08:00:00+00:00,40.168,40.454,39.926,40.091,161823.64
2025-11-09T09:00:00+00:00,40.092,40.265,39.712,39.743,148777.58
2025-11-09T10:00:00+00:00,39.743,39.886,39.126,39.659,448942.93
2025-11-09T11:00:00+00:00,39.66,39.9,39.604,39.716,150344.01
2025-11-09T12:00:00+00:00,39.715,40.085,39.612,39.861,151398.0
2025-11-09T13:00:00+00:00,39.868,40.4,39.835,40.229,236802.21
2025-11-09T14:00:00+00:00,40.224,41.18,40.067,40.349,566382.78
2025-11-09T15:00:00+00:00,40.348,41.329,40.348,40.949,428178.23
2025-11-09T16:00:00+00:00,40.957,41.493,40.593,41.409,192256.02
2025-11-09T17:00:00+00:00,41.401,41.443,40.896,41.17,209630.41
2025-11-09T18:00:00+00:00,41.19,42.2,41.072,42.138,328712.62
2025-11-09T19:00:00+00:00,42.139,42.586,41.783,42.584,481559.34
2025-11-09T20:00:00+00:00,42.583,42.797,41.892,42.032,619066.4399999999
2025-11-09T21:00:00+00:00,42.033,42.155,41.78,41.969,135796.35
2025-11-09T22:00:00+00:00,41.971,42.334,41.814,42.326,194729.52
2025-11-09T23:00:00+00:00,42.324,42.499,41.58,41.793,396659.17
2025-11-10T00:00:00+00:00,41.796,42.762,41.454,42.304,628031.8100000001
2025-11-10T01:00:00+00:00,42.293,42.508,41.631,42.127,556873.35
2025-11-10T02:00:00+00:00,42.128,42.643,42.003,42.643,382501.86
2025-11-10T03:00:00+00:00,42.644,42.921,42.458,42.712,362878.96
2025-11-10T04:00:00+00:00,42.712,42.993,42.511,42.9,283937.52
2025-11-10T05:00:00+00:00,42.9,43.0,42.592,42.929,452548.04
2025-11-10T06:00:00+00:00,42.929,42.997,42.521,42.718,261380.72
2025-11-10T07:00:00+00:00,42.718,43.176,42.649,42.999,218466.37
2025-11-10T08:00:00+00:00,43.01,43.091,42.186,42.42,351590.54
2025-11-10T09:00:00+00:00,42.422,42.995,42.364,42.884,228065.32
2025-11-10T10:00:00+00:00,42.884,42.913,42.024,42.149,255950.57
2025-11-10T11:00:00+00:00,42.156,42.443,41.9,42.075,291672.75
2025-11-10T12:00:00+00:00,42.075,42.112,41.487,41.854,255871.1
2025-11-10T13:00:00+00:00,41.86,42.367,41.816,42.15,290532.85
2025-11-10T14:00:00+00:00,42.151,42.166,41.073,41.472,529151.24
2025-11-10T15:00:00+00:00,41.492,41.841,41.022,41.174,513845.27
2025-11-10T16:00:00+00:00,41.179,41.485,40.775,40.946,560212.0
2025-11-10T17:00:00+00:00,40.946,41.683,40.9,41.669,322428.37
2025-11-10T18:00:00+00:00,41.679,41.794,41.45,41.472,221197.59
2025-11-10T19:00:00+00:00,41.472,41.931,41.388,41.693,129384.27
2025-11-10T20:00:00+00:00,41.701,42.375,41.699,42.196,355271.46
2025-11-10T21:00:00+00:00,42.197,42.206,41.3,41.482,362288.39
2025-11-10T22:00:00+00:00,41.482,41.976,41.301,41.923,220360.18
2025-11-10T23:00:00+00:00,41.931,41.999,41.293,41.414,239814.84
2025-11-11T00:00:00+00:00,41.413,41.451,40.543,40.925,422570.95
2025-11-11T01:00:00+00:00,40.925,41.659,40.85,41.159,600633.74
2025-11-11T02:00:00+00:00,41.163,41.898,40.907,41.56,530979.5699999999
2025-11-11T03:00:00+00:00,41.56,41.961,41.468,41.521,279197.06
2025-11-11T04:00:00+00:00,41.519,41.521,40.709,40.767,383081.62
2025-11-11T05:00:00+00:00,40.767,40.774,40.068,40.147,572528.9300000001
2025-11-11T06:00:00+00:00,40.141,40.337,39.79,40.319,657985.6899999999
2025-11-11T07:00:00+00:00,40.314,40.328,39.735,39.811,303249.56
2025-11-11T08:00:00+00:00,39.805,40.22,39.676,40.156,395590.74
2025-11-11T09:00:00+00:00,40.155,40.446,40.0,40.022,255205.43
2025-11-11T10:00:00+00:00,40.021,40.307,40.01,40.174,157900.3
2025-11-11T11:00:00+00:00,40.174,40.45,40.128,40.294,225950.76
2025-11-11T12:00:00+00:00,40.294,40.41,39.814,40.005,344500.44
2025-11-11T13:00:00+00:00,40.005,40.31,39.929,40.115,397482.01
2025-11-11T14:00:00+00:00,40.122,40.445,39.794,40.413,446134.32
2025-11-11T15:00:00+00:00,40.404,40.415,39.571,39.88,436423.24
2025-11-11T16:00:00+00:00,39.879,39.89,39.379,39.653,321420.83
2025-11-11T17:00:00+00:00,39.656,39.911,39.389,39.721,230139.28
2025-11-11T18:00:00+00:00,39.707,39.785,39.021,39.435,385508.84
2025-11-11T19:00:00+00:00,39.434,39.573,39.205,39.314,208091.0
2025-11-11T20:00:00+00:00,39.325,39.384,38.825,39.013,412574.65
2025-11-11T21:00:00+00:00,39.019,39.399,38.444,38.732,502091.66
2025-11-11T22:00:00+00:00,38.731,39.121,38.571,38.954,230920.59
2025-11-11T23:00:00+00:00,38.953,38.954,38.563,38.68,357931.08
2025-11-12T00:00:00+00:00,38.675,38.968,38.406,38.463,368023.6
2025-11-12T01:00:00+00:00,38.464,38.981,38.46,38.943,229054.72
2025-11-12T02:00:00+00:00,38.943,39.34,38.896,39.137,182117.36
2025-11-12T03:00:00+00:00,39.138,39.252,39.055,39.123,62864.66
2025-11-12T04:00:00+00:00,39.112,39.255,38.91,39.127,97449.86
2025-11-12T05:00:00+00:00,39.129,39.34,39.027,39.037,104588.11
2025-11-12T06:00:00+00:00,39.041,39.776,39.039,39.487,336804.52
2025-11-12T07:00:00+00:00,39.484,39.644,39.205,39.263,110992.31
2025-11-12T08:00:00+00:00,39.264,39.917,39.264,39.797,198346.7
2025-11-12T09:00:00+00:00,39.791,40.054,39.65,39.866,274123.46
2025-11-12T10:00:00+00:00,39.865,40.576,39.806,40.532,364708.99
2025-11-12T11:00:00+00:00,40.534,40.8,40.206,40.463,340590.38
2025-11-12T12:00:00+00:00,40.45,40.678,40.072,40.209,207421.83
2025-11-12T13:00:00+00:00,40.211,40.355,39.828,40.109,214738.37
2025-11-12T14:00:00+00:00,40.112,40.112,39.049,39.309,476910.13
2025-11-12T15:00:00+00:00,39.302,39.562,38.71,38.759,729984.7
2025-11-12T16:00:00+00:00,38.758,38.8,37.513,38.635,2349782.1899999999
2025-11-12T17:00:00+00:00,38.635,39.08,38.218,38.917,807782.9300000001
2025-11-12T18:00:00+00:00,38.918,39.011,38.437,38.442,339290.93
2025-11-12T19:00:00+00:00,38.442,38.589,38.033,38.38,367681.06
2025-11-12T20:00:00+00:00,38.382,39.0,38.177,38.589,369104.93
2025-11-12T21:00:00+00:00,38.591,38.741,38.245,38.538,345321.37
2025-11-12T22:00:00+00:00,38.538,38.538,38.134,38.46,166214.89
2025-11-12T23:00:00+00:00,38.461,38.475,38.151,38.371,165111.75
2025-11-13T00:00:00+00:00,38.371,38.633,38.192,38.407,157247.15
2025-11-13T01:00:00+00:00,38.408,39.1,38.37,38.752,353927.92
2025-11-13T02:00:00+00:00,38.752,38.857,38.453,38.454,136098.24
2025-11-13T03:00:00+00:00,38.454,38.912,37.93,38.554,372286.33
2025-11-13T04:00:00+00:00,38.557,38.752,38.29,38.557,141397.48
2025-11-13T05:00:00+00:00,38.557,39.701,38.387,39.457,544616.04
2025-11-13T06:00:00+00:00,39.433,40.007,39.18,39.515,493124.03
2025-11-13T07:00:00+00:00,39.536,39.881,39.118,39.202,351460.45
2025-11-13T08:00:00+00:00,39.201,39.439,39.11,39.19,188328.49
2025-11-13T09:00:00+00:00,39.189,39.236,38.699,38.772,241328.41
2025-11-13T10:00:00+00:00,38.783,39.147,38.729,38.816,177114.22
2025-11-13T11:00:00+00:00,38.825,39.165,38.825,39.072,92738.45
2025-11-13T12:00:00+00:00,39.06,39.246,38.997,39.119,90045.45
2025-11-13T13:00:00+00:00,39.119,39.138,38.468,38.656,280152.33
2025-11-13T14:00:00+00:00,38.654,39.132,38.245,38.852,311662.05
2025-11-13T15:00:00+00:00,38.852,39.0,38.102,38.369,476144.13
2025-11-13T16:00:00+00:00,38.36,38.526,37.801,37.88,552198.0
2025-11-13T17:00:00+00:00,37.881,37.963,37.258,37.333,806005.1
2025-11-13T18:00:00+00:00,37.332,37.699,36.583,37.67,1382233.1299999999
2025-11-13T19:00:00+00:00,37.677,38.1,37.398,37.511,935395.33
2025-11-13T20:00:00+00:00,37.524,37.97,37.163,37.475,635346.51
2025-11-13T21:00:00+00:00,37.469,37.929,37.426,37.799,307792.05
2025-11-13T22:00:00+00:00,37.8,38.591,37.617,38.514,774403.97
2025-11-13T23:00:00+00:00,38.532,39.141,38.351,38.568,548114.4
2025-11-14T00:00:00+00:00,38.567,38.626,37.826,38.021,533435.78
2025-11-14T01:00:00+00:00,38.023,38.262,37.73,37.775,158364.71
2025-11-14T02:00:00+00:00,37.778,38.388,37.765,38.136,185914.54
2025-11-14T03:00:00+00:00,38.149,38.191,37.55,37.838,392483.95
2025-11-14T04:00:00+00:00,37.834,37.838,36.611,37.141,798894.8
2025-11-14T05:00:00+00:00,37.141,37.372,36.999,37.104,329042.09
2025-11-14T06:00:00+00:00,37.107,37.444,36.412,37.392,972455.24
2025-11-14T07:00:00+00:00,37.423,37.934,37.366,37.492,604647.9
2025-11-14T08:00:00+00:00,37.501,37.538,37.04,37.276,279548.32
2025-11-14T09:00:00+00:00,37.268,37.541,36.912,36.973,317719.02
2025-11-14T10:00:00+00:00,36.989,37.744,36.989,37.352,298046.55
2025-11-14T11:00:00+00:00,37.351,37.352,36.68,36.886,295219.1
2025-11-14T12:00:00+00:00,36.881,36.881,36.04,36.696,828222.1899999999
2025-11-14T13:00:00+00:00,36.687,36.878,36.178,36.874,636964.27
2025-11-14T14:00:00+00:00,36.869,38.057,36.677,37.509,1175598.73
2025-11-14T15:00:00+00:00,37.509,38.061,37.08,38.019,914985.27
2025-11-14T16:00:00+00:00,38.02,38.289,37.615,37.745,819603.22
2025-11-14T17:00:00+00:00,37.757,37.883,36.743,36.841,826700.54
2025-11-14T18:00:00+00:00,36.842,37.44,36.756,37.375,411217.25
2025-11-14T19:00:00+00:00,37.37,38.013,37.265,38.002,433909.79
2025-11-14T20:00:00+00:00,38.007,38.013,37.034,37.425,400715.14
2025-11-14T21:00:00+00:00,37.428,37.958,37.374,37.89,288798.31
2025-11-14T22:00:00+00:00,37.879,38.602,37.866,38.124,426346.18
2025-11-14T23:00:00+00:00,38.129,38.138,37.095,37.522,532026.27
2025-11-15T00:00:00+00:00,37.52,37.791,37.325,37.639,124749.15
2025-11-15T01:00:00+00:00,37.641,38.105,37.549,38.094,220341.77
2025-11-15T02:00:00+00:00,38.094,38.688,37.951,38.688,281965.16
2025-11-15T03:00:00+00:00,38.688,38.88,38.534,38.841,314238.7
2025-11-15T04:00:00+00:00,38.842,38.854,38.336,38.477,226056.17
2025-11-15T05:00:00+00:00,38.477,38.687,38.328,38.62,107162.2
2025-11-15T06:00:00+00:00,38.629,38.928,38.581,38.764,207997.89
2025-11-15T07:00:00+00:00,38.764,39.32,38.748,39.152,219756.48
2025-11-15T08:00:00+00:00,39.151,39.23,38.801,39.047,198553.8
2025-11-15T09:00:00+00:00,39.046,39.583,38.914,38.951,242584.4
2025-11-15T10:00:00+00:00,38.956,39.217,38.807,39.016,114820.45
2025-11-15T11:00:00+00:00,39.013,39.069,38.514,38.671,113666.19
2025-11-15T12:00:00+00:00,38.668,39.039,38.599,38.779,112265.84
2025-11-15T13:00:00+00:00,38.779,39.06,38.627,39.052,89151.9
2025-11-15T14:00:00+00:00,39.046,39.08,38.535,38.935,269087.52
2025-11-15T15:00:00+00:00,38.936,39.328,38.748,39.213,225885.96
2025-11-15T16:00:00+00:00,39.212,39.212,38.785,39.099,186577.25
2025-11-15T17:00:00+00:00,39.099,39.132,38.553,38.809,130075.97
2025-11-15T18:00:00+00:00,38.808,39.012,38.733,38.814,104245.58
2025-11-15T19:00:00+00:00,38.818,38.948,38.595,38.69,44511.34
2025-11-15T20:00:00+00:00,38.7,38.729,38.355,38.46,59758.29
2025-11-15T21:00:00+00:00,38.465,38.821,38.367,38.376,137956.84
2025-11-15T22:00:00+00:00,38.377,38.624,38.31,38.62,75852.74
2025-11-15T23:00:00+00:00,38.621,38.756,38.48,38.602,88784.7
2025-11-16T00:00:00+00:00,38.599,38.66,38.342,38.476,223829.81
2025-11-16T01:00:00+00:00,38.476,38.659,38.069,38.422,415351.72
2025-11-16T02:00:00+00:00,38.421,38.851,38.28,38.764,135882.34
2025-11-16T03:00:00+00:00,38.763,38.889,38.57,38.676,113248.65
2025-11-16T04:00:00+00:00,38.675,38.95,38.555,38.778,257501.68
2025-11-16T05:00:00+00:00,38.78,39.041,38.758,38.865,145988.28
2025-11-16T06:00:00+00:00,38.87,39.282,38.828,39.134,149081.02
2025-11-16T07:00:00+00:00,39.134,39.299,39.049,39.225,164729.46
2025-11-16T08:00:00+00:00,39.223,39.3,39.026,39.134,186687.89
2025-11-16T09:00:00+00:00,39.14,39.811,38.904,39.811,284921.1
2025-11-16T10:00:00+00:00,39.802,40.519,39.614,40.072,571516.3
2025-11-16T11:00:00+00:00,40.08,40.211,39.103,39.307,539182.51
2025-11-16T12:00:00+00:00,39.291,39.553,38.951,39.085,380931.03
2025-11-16T13:00:00+00:00,39.088,39.262,38.407,38.694,352154.48
2025-11-16T14:00:00+00:00,38.695,38.89,38.591,38.693,189057.46
2025-11-16T15:00:00+00:00,38.693,38.719,38.07,38.223,406770.96
2025-11-16T16:00:00+00:00,38.206,38.514,37.85,37.945,346271.81
2025-11-16T17:00:00+00:00,37.944,38.005,37.504,37.873,348654.69
2025-11-16T18:00:00+00:00,37.867,38.489,37.7,37.903,436645.75
2025-11-16T19:00:00+00:00,37.906,38.352,37.855,38.05,255984.11
2025-11-16T20:00:00+00:00,38.071,38.493,38.01,38.06,186105.21
2025-11-16T21:00:00+00:00,38.06,38.144,37.493,37.882,446034.82
2025-11-16T22:00:00+00:00,37.871,38.501,37.6,38.27,415770.22
2025-11-16T23:00:00+00:00,38.27,38.758,37.716,38.706,502311.96
2025-11-17T00:00:00+00:00,38.706,39.041,38.206,38.887,402262.31
2025-11-17T01:00:00+00:00,38.888,38.994,38.36,38.374,186324.68
2025-11-17T02:00:00+00:00,38.375,38.736,38.293,38.405,107322.74
2025-11-17T03:00:00+00:00,38.404,38.749,38.404,38.749,149296.64
2025-11-17T04:00:00+00:00,38.738,38.774,38.467,38.562,92086.93
2025-11-17T05:00:00+00:00,38.562,38.692,38.278,38.385,179485.27
2025-11-17T06:00:00+00:00,38.397,38.59,38.254,38.53,147402.47
2025-11-17T07:00:00+00:00,38.53,38.704,38.423,38.573,196795.37
2025-11-17T08:00:00+00:00,38.574,38.85,38.573,38.761,96918.5
2025-11-17T09:00:00+00:00,38.761,38.88,38.3,38.849,174222.48
2025-11-17T10:00:00+00:00,38.85,38.962,38.687,38.771,84906.23
2025-11-17T11:00:00+00:00,38.771,39.238,38.74,39.228,173477.22
2025-11-17T12:00:00+00:00,39.228,39.285,38.8,38.81,213744.83
2025-11-17T13:00:00+00:00,38.82,38.84,37.343,37.708,828212.5699999999
2025-11-17T14:00:00+00:00,37.71,38.564,37.517,38.011,588735.29
2025-11-17T15:00:00+00:00,38.023,38.128,37.477,37.543,489838.55
2025-11-17T16:00:00+00:00,37.542,38.143,37.11,38.122,702972.64
2025-11-17T17:00:00+00:00,38.129,38.148,37.421,37.725,542000.4300000001
2025-11-17T18:00:00+00:00,37.736,38.217,37.575,38.061,507694.26
2025-11-17T19:00:00+00:00,38.058,38.077,37.352,37.685,522723.64
2025-11-17T20:00:00+00:00,37.68,38.74,37.587,38.495,741742.29
2025-11-17T21:00:00+00:00,38.474,38.911,38.139,38.312,623627.23
2025-11-17T22:00:00+00:00,38.309,38.561,38.137,38.272,252229.01
2025-11-17T23:00:00+00:00,38.272,39.322,38.205,39.322,586477.1800000001
2025-11-18T00:00:00+00:00,39.323,39.53,38.527,39.242,497147.82
2025-11-18T01:00:00+00:00,39.246,39.789,39.016,39.156,446437.08
2025-11-18T02:00:00+00:00,39.146,40.12,38.699,39.599,755716.8
2025-11-18T03:00:00+00:00,39.599,40.89,39.359,40.407,1004039.1
2025-11-18T04:00:00+00:00,40.407,40.633,39.76,40.584,576720.72
2025-11-18T05:00:00+00:00,40.583,41.708,40.35,40.758,1214497.54
2025-11-18T06:00:00+00:00,40.758,40.791,39.643,39.734,724082.0600000001
2025-11-18T07:00:00+00:00,39.733,40.53,39.561,40.262,555033.4399999999
2025-11-18T08:00:00+00:00,40.269,41.48,40.247,41.16,609825.0600000001
2025-11-18T09:00:00+00:00,41.165,41.336,40.697,41.288,286985.27
2025-11-18T10:00:00+00:00,41.289,41.37,40.856,41.152,305326.74
2025-11-18T11:00:00+00:00,41.161,41.31,40.781,41.115,317556.1
2025-11-18T12:00:00+00:00,41.112,41.641,40.898,41.136,399097.6
2025-11-18T13:00:00+00:00,41.136,41.209,40.165,40.45,594212.87
2025-11-18T14:00:00+00:00,40.449,40.571,38.308,38.54,2260007.3199999998
2025-11-18T15:00:00+00:00,38.54,39.363,38.417,38.909,1137265.6499999999
2025-11-18T16:00:00+00:00,38.898,39.588,38.726,39.081,537386.1800000001
2025-11-18T17:00:00+00:00,39.08,39.092,38.269,38.608,376088.14
2025-11-18T18:00:00+00:00,38.597,38.916,38.384,38.498,259315.85
2025-11-18T19:00:00+00:00,38.505,38.741,38.414,38.633,234766.76
2025-11-18T20:00:00+00:00,38.639,39.115,38.555,38.91,177519.8
2025-11-18T21:00:00+00:00,38.919,39.408,38.753,38.797,429518.19
2025-11-18T22:00:00+00:00,38.8,39.132,38.775,39.069,172571.04
2025-11-18T23:00:00+00:00,39.068,39.14,38.663,38.675,92142.6
2025-11-19T00:00:00+00:00,38.675,38.831,38.313,38.765,212424.21
2025-11-19T01:00:00+00:00,38.77,38.799,38.486,38.799,97356.35
2025-11-19T02:00:00+00:00,38.799,39.132,38.665,39.023,129879.86
2025-11-19T03:00:00+00:00,39.02,39.05,38.337,38.367,201668.78
2025-11-19T04:00:00+00:00,38.362,38.414,37.808,38.15,566463.0
2025-11-19T05:00:00+00:00,38.15,38.367,37.63,37.828,359852.55
2025-11-19T06:00:00+00:00,37.821,38.586,37.705,38.53,432959.08
2025-11-19T07:00:00+00:00,38.526,38.73,38.366,38.628,256738.81
2025-11-19T08:00:00+00:00,38.631,38.73,38.3,38.333,203072.06
2025-11-19T09:00:00+00:00,38.34,38.37,37.962,38.212,238060.77
2025-11-19T10:00:00+00:00,38.211,38.231,38.076,38.085,97145.12
2025-11-19T11:00:00+00:00,38.086,38.357,37.959,38.241,310654.72
2025-11-19T12:00:00+00:00,38.242,38.405,38.011,38.2,192447.23
2025-11-19T13:00:00+00:00,38.198,38.264,37.839,37.848,223824.55
2025-11-19T14:00:00+00:00,37.848,38.154,37.716,38.043,239588.63
2025-11-19T15:00:00+00:00,38.043,38.57,37.311,37.353,673702.8100000001
2025-11-19T16:00:00+00:00,37.362,37.605,37.177,37.432,572712.89
2025-11-19T17:00:00+00:00,37.432,37.888,37.235,37.689,443215.05
2025-11-19T18:00:00+00:00,37.687,37.836,37.306,37.646,327588.46
2025-11-19T19:00:00+00:00,37.639,37.733,37.202,37.63,281666.37
2025-11-19T20:00:00+00:00,37.635,38.445,37.581,38.404,579973.35
2025-11-19T21:00:00+00:00,38.389,39.006,38.06,38.349,1032825.01
2025-11-19T22:00:00+00:00,38.349,38.484,38.084,38.373,286691.15
2025-11-19T23:00:00+00:00,38.373,38.948,38.373,38.872,318275.46
2025-11-20T00:00:00+00:00,38.872,39.102,38.36,38.867,465628.65
2025-11-20T01:00:00+00:00,38.855,39.354,38.784,39.179,607325.58
2025-11-20T02:00:00+00:00,39.179,39.431,39.132,39.37,459346.0
2025-11-20T03:00:00+00:00,39.369,39.813,39.275,39.293,418796.42
2025-11-20T04:00:00+00:00,39.286,39.621,38.95,39.606,208492.96
2025-11-20T05:00:00+00:00,39.605,39.735,39.37,39.498,162157.95
2025-11-20T06:00:00+00:00,39.498,39.52,38.964,39.128,185687.34
2025-11-20T07:00:00+00:00,39.132,39.466,39.042,39.458,103641.99
2025-11-20T08:00:00+00:00,39.458,39.497,39.286,39.409,88949.37
2025-11-20T09:00:00+00:00,39.404,39.404,38.99,39.215,266809.43
2025-11-20T10:00:00+00:00,39.215,39.262,38.988,39.213,98704.78
2025-11-20T11:00:00+00:00,39.21,39.308,39.069,39.303,89638.93
2025-11-20T12:00:00+00:00,39.303,39.424,39.172,39.257,156841.57
2025-11-20T13:00:00+00:00,39.258,39.357,38.906,38.963,302187.5
2025-11-20T14:00:00+00:00,38.97,39.121,38.61,38.932,450971.09
2025-11-20T15:00:00+00:00,38.928,38.967,38.419,38.476,289354.21
2025-11-20T16:00:00+00:00,38.478,38.551,37.644,37.989,1089477.1799999999
2025-11-20T17:00:00+00:00,37.99,38.262,37.422,38.223,813717.21
2025-11-20T18:00:00+00:00,38.223,38.294,37.39,37.552,662455.09
2025-11-20T19:00:00+00:00,37.552,37.923,37.371,37.884,366502.03
2025-11-20T20:00:00+00:00,37.884,37.884,37.455,37.63,207451.73
2025-11-20T21:00:00+00:00,37.622,38.289,37.611,37.951,408276.83
2025-11-20T22:00:00+00:00,37.95,38.4,37.904,38.355,163123.23
2025-11-20T23:00:00+00:00,38.355,38.397,37.5,37.55,359641.36
2025-11-21T00:00:00+00:00,37.549,38.488,37.54,38.387,450579.83
2025-11-21T01:00:00+00:00,38.387,38.545,37.921,37.949,240599.96
2025-11-21T02:00:00+00:00,37.95,38.121,37.52,37.617,343430.84
2025-11-21T03:00:00+00:00,37.6,38.018,36.833,36.878,1312676.5900000001
2025-11-21T04:00:00+00:00,36.879,37.074,36.596,37.044,394296.89
2025-11-21T05:00:00+00:00,37.044,37.274,36.572,36.634,364838.75
2025-11-21T06:00:00+00:00,36.639,36.848,35.595,35.597,1426788.4099999999
2025-11-21T07:00:00+00:00,35.596,35.622,32.182,34.272,4281819.4900000002
2025-11-21T08:00:00+00:00,34.272,34.841,34.0,34.287,1072735.79
2025-11-21T09:00:00+00:00,34.279,34.548,33.029,33.433,1285678.0900000001
2025-11-21T10:00:00+00:00,33.433,33.689,32.265,32.917,1864905.04
2025-11-21T11:00:00+00:00,32.916,33.362,32.237,32.478,734070.47
2025-11-21T12:00:00+00:00,32.479,33.6,31.616,33.255,2675214.3700000001
2025-11-21T13:00:00+00:00,33.255,33.861,32.933,33.249,948541.26
2025-11-21T14:00:00+00:00,33.236,34.142,32.73,34.087,1545234.6799999999
2025-11-21T15:00:00+00:00,34.071,34.195,32.671,32.834,1009751.87
2025-11-21T16:00:00+00:00,32.832,34.352,32.09,34.33,1768162.1100000001
2025-11-21T17:00:00+00:00,34.319,34.597,33.182,33.3,1517257.4199999999
2025-11-21T18:00:00+00:00,33.301,33.437,32.775,33.082,808961.84
2025-11-21T19:00:00+00:00,33.082,33.83,33.023,33.529,378492.91
2025-11-21T20:00:00+00:00,33.528,33.867,33.335,33.751,456370.24
2025-11-21T21:00:00+00:00,33.765,34.337,33.473,33.995,468027.35
2025-11-21T22:00:00+00:00,33.995,34.07,33.087,33.097,701649.6
2025-11-21T23:00:00+00:00,33.097,33.972,33.029,33.863,497426.94
2025-11-22T00:00:00+00:00,33.864,33.993,33.493,33.815,353885.1
2025-11-22T01:00:00+00:00,33.816,34.329,33.764,34.311,337191.18
2025-11-22T02:00:00+00:00,34.311,34.367,33.92,34.243,234883.75
2025-11-22T03:00:00+00:00,34.243,34.272,33.85,33.907,134728.27
2025-11-22T04:00:00+00:00,33.91,33.971,33.213,33.546,268918.55
2025-11-22T05:00:00+00:00,33.544,34.181,33.35,33.761,284273.93
2025-11-22T06:00:00+00:00,33.767,34.53,33.57,34.521,187950.32
2025-11-22T07:00:00+00:00,34.521,34.521,33.909,33.937,327133.61
2025-11-22T08:00:00+00:00,33.942,33.954,33.31,33.341,248705.73
2025-11-22T09:00:00+00:00,33.35,33.62,33.104,33.123,431965.49
2025-11-22T10:00:00+00:00,33.129,33.348,32.733,32.865,369647.65
2025-11-22T11:00:00+00:00,32.865,33.311,32.817,32.882,238287.19
2025-11-22T12:00:00+00:00,32.891,32.956,32.487,32.658,430225.53
2025-11-22T13:00:00+00:00,32.659,32.895,31.985,32.269,821588.85
2025-11-22T14:00:00+00:00,32.27,32.757,32.27,32.612,320867.88
2025-11-22T15:00:00+00:00,32.607,32.7,31.883,31.901,792120.8100000001
2025-11-22T16:00:00+00:00,31.902,32.004,31.28,31.588,1930114.1399999999
2025-11-22T17:00:00+00:00,31.585,31.706,31.041,31.081,811344.74
2025-11-22T18:00:00+00:00,31.081,31.283,30.551,30.775,1062751.79
2025-11-22T19:00:00+00:00,30.785,31.368,30.489,30.5,1157493.0800000001
2025-11-22T20:00:00+00:00,30.5,30.649,29.355,29.991,3452264.6600000001
2025-11-22T21:00:00+00:00,29.991,30.361,29.757,30.012,961272.59
2025-11-22T22:00:00+00:00,30.012,30.537,29.613,30.51,965082.74
2025-11-22T23:00:00+00:00,30.521,30.58,29.636,29.978,671642.15
2025-11-23T00:00:00+00:00,29.978,30.36,29.627,30.324,588128.88
2025-11-23T01:00:00+00:00,30.324,31.53,30.252,31.208,1222400.3899999999
2025-11-23T02:00:00+00:00,31.207,31.533,30.72,31.158,922456.92
2025-11-23T03:00:00+00:00,31.163,31.55,31.027,31.221,360686.75
2025-11-23T04:00:00+00:00,31.225,31.739,31.162,31.508,464573.04
2025-11-23T05:00:00+00:00,31.511,31.74,31.4,31.721,345655.69
2025-11-23T06:00:00+00:00,31.723,31.857,31.019,31.163,325221.82
2025-11-23T07:00:00+00:00,31.171,31.194,30.359,30.899,466686.15
2025-11-23T08:00:00+00:00,30.887,31.223,30.72,31.076,440540.55
2025-11-23T09:00:00+00:00,31.081,31.599,31.0,31.541,230485.69
2025-11-23T10:00:00+00:00,31.533,31.588,31.29,31.392,179762.4
2025-11-23T11:00:00+00:00,31.392,31.66,31.315,31.542,168333.26
2025-11-23T12:00:00+00:00,31.543,32.05,31.283,31.365,641991.35
2025-11-23T13:00:00+00:00,31.354,31.376,30.866,31.253,485511.77
2025-11-23T14:00:00+00:00,31.253,31.408,30.62,30.727,409808.64
2025-11-23T15:00:00+00:00,30.734,31.275,30.62,31.185,266764.99
2025-11-23T16:00:00+00:00,31.185,31.215,30.25,30.271,476128.12
2025-11-23T17:00:00+00:00,30.271,30.725,30.263,30.607,317728.66
2025-11-23T18:00:00+00:00,30.608,30.883,30.535,30.82,182731.87
2025-11-23T19:00:00+00:00,30.818,31.237,30.717,31.003,338306.19
2025-11-23T20:00:00+00:00,31.016,31.937,30.898,31.867,722691.12
2025-11-23T21:00:00+00:00,31.87,32.55,31.529,32.271,969726.3199999999
2025-11-23T22:00:00+00:00,32.277,32.643,32.021,32.332,510850.22
2025-11-23T23:00:00+00:00,32.338,32.358,31.5,31.878,778507.11
2025-11-24T00:00:00+00:00,31.877,32.211,31.5,31.847,587006.3
2025-11-24T01:00:00+00:00,31.841,32.746,31.705,32.713,363422.37
2025-11-24T02:00:00+00:00,32.709,33.723,32.661,33.667,967722.28
2025-11-24T03:00:00+00:00,33.66,33.758,32.973,33.071,346185.85
2025-11-24T04:00:00+00:00,33.071,33.075,31.209,31.508,1087548.6399999999
2025-11-24T05:00:00+00:00,31.509,32.162,31.421,31.589,452064.85
2025-11-24T06:00:00+00:00,31.588,31.604,31.168,31.511,343570.32
2025-11-24T07:00:00+00:00,31.509,31.832,31.348,31.57,275654.69
2025-11-24T08:00:00+00:00,31.571,31.709,31.204,31.468,266270.99
2025-11-24T09:00:00+00:00,31.461,31.639,31.047,31.543,584751.28
2025-11-24T10:00:00+00:00,31.542,31.8,31.53,31.711,269961.44
2025-11-24T11:00:00+00:00,31.71,31.776,31.183,31.216,469591.31
2025-11-24T12:00:00+00:00,31.218,31.284,30.39,30.536,768411.6800000001
2025-11-24T13:00:00+00:00,30.537,31.485,30.463,31.145,506597.96
2025-11-24T14:00:00+00:00,31.147,31.94,30.914,31.1,801321.87
2025-11-24T15:00:00+00:00,31.1,31.243,30.614,31.039,610549.13
2025-11-24T16:00:00+00:00,31.039,31.508,31.039,31.164,489391.82
2025-11-24T17:00:00+00:00,31.16,31.921,31.11,31.882,575932.47
2025-11-24T18:00:00+00:00,31.882,32.406,31.877,32.246,530102.92
2025-11-24T19:00:00+00:00,32.246,32.477,32.097,32.442,325873.62
2025-11-24T20:00:00+00:00,32.452,32.966,32.452,32.894,588652.62
2025-11-24T21:00:00+00:00,32.893,32.944,32.364,32.418,450276.57
2025-11-24T22:00:00+00:00,32.418,33.684,32.415,33.4,918701.33
2025-11-24T23:00:00+00:00,33.4,34.678,33.194,33.719,2136203.0899999999
2025-11-25T00:00:00+00:00,33.719,33.756,33.102,33.293,517786.62
2025-11-25T01:00:00+00:00,33.292,33.812,33.108,33.131,369560.19
2025-11-25T02:00:00+00:00,33.146,33.251,32.6,33.051,880687.29
2025-11-25T03:00:00+00:00,33.051,33.176,32.206,32.607,762711.35
2025-11-25T04:00:00+00:00,32.607,32.901,32.529,32.712,253781.59
2025-11-25T05:00:00+00:00,32.698,32.804,32.448,32.675,140803.75
2025-11-25T06:00:00+00:00,32.675,32.675,31.949,32.136,539326.4300000001
2025-11-25T07:00:00+00:00,32.136,32.237,31.8,31.889,413882.48
2025-11-25T08:00:00+00:00,31.89,33.751,31.89,32.945,1743371.0600000001
2025-11-25T09:00:00+00:00,32.949,34.421,32.513,34.383,2118655.4500000002
2025-11-25T10:00:00+00:00,34.384,34.453,32.572,32.736,2021912.51
2025-11-25T11:00:00+00:00,32.737,32.82,32.385,32.552,443184.69
2025-11-25T12:00:00+00:00,32.551,33.042,32.5,32.786,475722.76
2025-11-25T13:00:00+00:00,32.79,33.236,32.293,32.407,498885.96
2025-11-25T14:00:00+00:00,32.411,32.844,31.807,32.188,857276.36
2025-11-25T15:00:00+00:00,32.187,32.66,31.966,32.285,550132.87
2025-11-25T16:00:00+00:00,32.285,32.506,32.024,32.276,249512.02
2025-11-25T17:00:00+00:00,32.263,32.729,32.088,32.479,410716.33
2025-11-25T18:00:00+00:00,32.471,32.543,32.256,32.29,245542.8
2025-11-25T19:00:00+00:00,32.291,32.398,31.816,32.377,418124.42
2025-11-25T20:00:00+00:00,32.377,32.9,32.2,32.728,350058.99
2025-11-25T21:00:00+00:00,32.727,32.993,32.55,32.71,304569.37
2025-11-25T22:00:00+00:00,32.709,33.324,32.332,33.271,440332.1
2025-11-25T23:00:00+00:00,33.278,33.953,33.156,33.754,755549.16
2025-11-26T00:00:00+00:00,33.753,34.3,33.65,34.077,460164.56
2025-11-26T01:00:00+00:00,34.078,34.433,33.882,34.267,354355.3
2025-11-26T02:00:00+00:00,34.266,34.616,34.046,34.209,635259.62
2025-11-26T03:00:00+00:00,34.209,34.328,33.811,33.9,570551.04
2025-11-26T04:00:00+00:00,33.901,34.026,33.61,34.015,296371.78
2025-11-26T05:00:00+00:00,34.015,34.774,33.985,34.665,610615.04
2025-11-26T06:00:00+00:00,34.65,35.036,34.418,34.446,705709.8199999999
2025-11-26T07:00:00+00:00,34.52,34.805,34.3,34.753,264804.77
2025-11-26T08:00:00+00:00,34.752,34.786,34.462,34.57,128619.03
2025-11-26T09:00:00+00:00,34.571,34.625,33.864,33.924,245187.76
2025-11-26T10:00:00+00:00,33.922,34.006,33.618,33.782,265382.23
2025-11-26T11:00:00+00:00,33.781,34.039,33.679,33.709,163042.37
2025-11-26T12:00:00+00:00,33.707,33.746,33.022,33.331,508153.46
2025-11-26T13:00:00+00:00,33.331,33.973,33.207,33.743,335184.92
2025-11-26T14:00:00+00:00,33.74,34.296,33.598,33.725,366772.12
2025-11-26T15:00:00+00:00,33.733,34.153,33.687,33.84,185941.23
2025-11-26T16:00:00+00:00,33.835,34.522,33.794,34.378,222398.22
2025-11-26T17:00:00+00:00,34.39,35.48,34.249,35.387,1094601.0600000001
2025-11-26T18:00:00+00:00,35.387,35.642,35.053,35.274,529185.8100000001
2025-11-26T19:00:00+00:00,35.274,35.432,34.943,35.219,278235.41
2025-11-26T20:00:00+00:00,35.23,35.795,34.862,35.761,301617.13
2025-11-26T21:00:00+00:00,35.761,36.239,35.596,36.159,826652.45
2025-11-26T22:00:00+00:00,36.17,36.354,35.907,36.318,754553.73
2025-11-26T23:00:00+00:00,36.323,36.349,35.682,36.238,653478.3199999999
2025-11-27T00:00:00+00:00,36.238,36.238,35.723,35.971,321446.45
2025-11-27T01:00:00+00:00,35.98,36.468,35.827,36.363,391630.4
2025-11-27T02:00:00+00:00,36.359,36.482,36.111,36.179,404186.35
2025-11-27T03:00:00+00:00,36.171,36.248,35.544,35.678,352968.07
2025-11-27T04:00:00+00:00,35.673,35.936,35.459,35.609,210159.13
2025-11-27T05:00:00+00:00,35.609,35.62,35.325,35.359,240606.85
2025-11-27T06:00:00+00:00,35.359,35.687,35.359,35.408,78444.0
2025-11-27T07:00:00+00:00,35.416,35.64,35.345,35.574,127962.08
2025-11-27T08:00:00+00:00,35.574,35.645,35.206,35.446,233497.32
2025-11-27T09:00:00+00:00,35.446,35.555,35.241,35.309,203319.75
2025-11-27T10:00:00+00:00,35.314,35.338,34.92,35.023,270386.73
2025-11-27T11:00:00+00:00,35.022,35.031,34.5,34.824,664320.7
2025-11-27T12:00:00+00:00,34.824,34.999,34.554,34.647,349145.17
2025-11-27T13:00:00+00:00,34.652,34.939,34.631,34.862,193913.05
2025-11-27T14:00:00+00:00,34.862,34.884,34.55,34.725,299101.84
2025-11-27T15:00:00+00:00,34.71,34.814,34.5,34.714,187723.5
2025-11-27T16:00:00+00:00,34.713,35.506,34.533,35.383,640429.8100000001
2025-11-27T17:00:00+00:00,35.382,35.803,35.265,35.498,435631.62
2025-11-27T18:00:00+00:00,35.487,35.812,35.325,35.811,260399.09
2025-11-27T19:00:00+00:00,35.811,35.818,35.58,35.743,194084.0
2025-11-27T20:00:00+00:00,35.742,36.0,35.508,35.516,318379.02
2025-11-27T21:00:00+00:00,35.515,35.62,34.993,35.096,358687.07
2025-11-27T22:00:00+00:00,35.091,35.192,34.694,34.768,303715.21
2025-11-27T23:00:00+00:00,34.764,34.953,34.678,34.728,175601.78
2025-11-28T00:00:00+00:00,34.728,34.862,34.466,34.502,322131.52
2025-11-28T01:00:00+00:00,34.502,34.588,34.1,34.219,389054.35
2025-11-28T02:00:00+00:00,34.219,34.288,33.764,34.123,508008.88
2025-11-28T03:00:00+00:00,34.127,34.901,34.088,34.895,403173.27
2025-11-28T04:00:00+00:00,34.893,35.56,34.713,35.33,562133.11
2025-11-28T05:00:00+00:00,35.322,35.518,34.993,35.183,285171.79
2025-11-28T06:00:00+00:00,35.182,35.183,34.798,34.837,136548.4
2025-11-28T07:00:00+00:00,34.836,34.907,34.481,34.674,206630.28
2025-11-28T08:00:00+00:00,34.674,35.126,34.635,35.089,181538.93
2025-11-28T09:00:00+00:00,35.097,35.893,35.054,35.769,444629.91
2025-11-28T10:00:00+00:00,35.771,36.327,35.64,36.115,548465.62
2025-11-28T11:00:00+00:00,36.119,36.236,35.656,35.982,486563.56
2025-11-28T12:00:00+00:00,35.982,36.161,35.715,35.822,258230.09
2025-11-28T13:00:00+00:00,35.822,36.296,35.635,36.212,241224.06
2025-11-28T14:00:00+00:00,36.215,36.816,36.027,36.46,883271.5600000001
2025-11-28T15:00:00+00:00,36.46,36.544,35.33,35.51,571920.52
2025-11-28T16:00:00+00:00,35.51,35.63,34.765,34.796,530109.35
2025-11-28T17:00:00+00:00,34.805,34.922,34.556,34.689,379174.95
2025-11-28T18:00:00+00:00,34.694,35.004,34.201,34.477,517608.09
2025-11-28T19:00:00+00:00,34.477,34.817,34.422,34.58,236255.93
2025-11-28T20:00:00+00:00,34.58,34.699,34.396,34.681,131829.78
2025-11-28T21:00:00+00:00,34.68,34.73,34.352,34.49,168999.29
2025-11-28T22:00:00+00:00,34.49,35.034,34.307,35.006,240397.22
2025-11-28T23:00:00+00:00,35.006,35.351,34.847,34.97,246405.88
2025-11-29T00:00:00+00:00,34.97,35.194,34.875,35.115,205303.97
2025-11-29T01:00:00+00:00,35.115,35.153,34.797,35.038,142453.46
2025-11-29T02:00:00+00:00,35.0,35.118,34.58,34.758,297132.05
2025-11-29T03:00:00+00:00,34.77,34.915,34.659,34.857,102159.76
2025-11-29T04:00:00+00:00,34.858,34.951,34.415,34.817,261782.85
2025-11-29T05:00:00+00:00,34.816,35.138,34.676,34.888,281577.9
2025-11-29T06:00:00+00:00,34.895,34.906,34.1,34.531,714978.9
2025-11-29T07:00:00+00:00,34.531,36.48,34.278,35.99,2019254.49
2025-11-29T08:00:00+00:00,35.991,36.041,35.35,35.464,356063.98
2025-11-29T09:00:00+00:00,35.46,35.758,35.35,35.491,321786.17
2025-11-29T10:00:00+00:00,35.487,36.0,35.278,35.522,508046.76
2025-11-29T11:00:00+00:00,35.526,35.787,35.271,35.759,329028.26
2025-11-29T12:00:00+00:00,35.759,36.262,35.668,36.036,506347.63
2025-11-29T13:00:00+00:00,36.036,36.167,35.8,36.001,254697.66
2025-11-29T14:00:00+00:00,36.0,36.001,34.974,35.091,578880.16
2025-11-29T15:00:00+00:00,35.09,35.26,34.558,34.799,750141.28
2025-11-29T16:00:00+00:00,34.786,35.06,34.65,34.965,251593.23
2025-11-29T17:00:00+00:00,34.96,35.117,34.329,34.486,390395.25
2025-11-29T18:00:00+00:00,34.486,34.828,34.042,34.654,474295.77
2025-11-29T19:00:00+00:00,34.653,34.745,34.364,34.49,169900.38
2025-11-29T20:00:00+00:00,34.49,34.684,34.216,34.651,184512.65
2025-11-29T21:00:00+00:00,34.65,34.794,34.42,34.701,197344.6
2025-11-29T22:00:00+00:00,34.7,34.792,34.491,34.545,88770.16
2025-11-29T23:00:00+00:00,34.543,34.543,34.324,34.36,87165.04
2025-11-30T00:00:00+00:00,34.36,34.566,34.021,34.16,264842.04
2025-11-30T01:00:00+00:00,34.16,34.529,34.14,34.334,175678.69
2025-11-30T02:00:00+00:00,34.334,34.492,34.3,34.319,58126.89
2025-11-30T03:00:00+00:00,34.32,34.484,34.021,34.314,218875.36
2025-11-30T04:00:00+00:00,34.319,34.354,34.11,34.139,91691.68
2025-11-30T05:00:00+00:00,34.143,34.149,33.453,33.611,512715.18
2025-11-30T06:00:00+00:00,33.604,33.939,33.364,33.722,447312.64
2025-11-30T07:00:00+00:00,33.724,34.04,33.656,33.996,191877.75
2025-11-30T08:00:00+00:00,33.996,34.081,33.871,34.024,128519.1
2025-11-30T09:00:00+00:00,34.024,34.086,33.763,33.852,176152.96
2025-11-30T10:00:00+00:00,33.852,33.904,33.24,33.248,524962.21
2025-11-30T11:00:00+00:00,33.248,33.36,32.947,33.015,726235.48
2025-11-30T12:00:00+00:00,33.016,33.296,32.903,33.179,302653.95
2025-11-30T13:00:00+00:00,33.177,33.792,33.177,33.623,464420.57
2025-11-30T14:00:00+00:00,33.623,33.672,33.211,33.249,439292.86
2025-11-30T15:00:00+00:00,33.249,33.249,32.9,33.068,435176.55
2025-11-30T16:00:00+00:00,33.074,33.63,33.074,33.587,223951.87
2025-11-30T17:00:00+00:00,33.597,33.776,33.392,33.746,273760.98
2025-11-30T18:00:00+00:00,33.747,34.01,33.524,33.932,175205.72
2025-11-30T19:00:00+00:00,33.932,33.99,33.705,33.753,94762.16
2025-11-30T20:00:00+00:00,33.753,33.852,33.334,33.369,207573.94
2025-11-30T21:00:00+00:00,33.365,33.407,33.161,33.173,252306.03
2025-11-30T22:00:00+00:00,33.178,33.287,32.705,32.792,406483.59
2025-11-30T23:00:00+00:00,32.792,32.796,31.87,31.949,1016320.25
2025-12-01T00:00:00+00:00,31.94,32.068,30.566,30.609,2052311.3999999999
2025-12-01T01:00:00+00:00,30.613,31.401,30.526,31.257,1036662.65
2025-12-01T02:00:00+00:00,31.257,31.743,31.183,31.68,678133.14
2025-12-01T03:00:00+00:00,31.684,31.724,30.653,30.766,1470145.6899999999
2025-12-01T04:00:00+00:00,30.761,30.85,30.51,30.516,667386.4300000001
2025-12-01T05:00:00+00:00,30.515,30.775,30.275,30.449,488148.02
2025-12-01T06:00:00+00:00,30.453,30.787,30.42,30.759,255350.64
2025-12-01T07:00:00+00:00,30.758,31.26,30.711,31.216,310658.77
2025-12-01T08:00:00+00:00,31.216,31.375,30.801,31.165,275772.78
2025-12-01T09:00:00+00:00,31.152,31.377,30.957,31.072,189705.57
2025-12-01T10:00:00+00:00,31.071,31.446,31.032,31.268,180456.11
2025-12-01T11:00:00+00:00,31.267,31.27,30.588,30.644,320822.37
2025-12-01T12:00:00+00:00,30.636,30.811,29.81,30.243,1050477.6299999999
2025-12-01T13:00:00+00:00,30.236,30.577,29.163,29.602,1679479.5
2025-12-01T14:00:00+00:00,29.602,30.091,29.182,29.764,1191624.8400000001
2025-12-01T15:00:00+00:00,29.765,29.972,29.408,29.78,747310.55
2025-12-01T16:00:00+00:00,29.78,29.78,29.25,29.543,548537.78
2025-12-01T17:00:00+00:00,29.543,29.81,29.351,29.581,403912.84
2025-12-01T18:00:00+00:00,29.585,30.0,29.559,29.7,458021.23
2025-12-01T19:00:00+00:00,29.695,29.801,29.388,29.552,332418.34
2025-12-01T20:00:00+00:00,29.543,30.282,29.543,30.24,498157.52
2025-12-01T21:00:00+00:00,30.243,30.68,30.181,30.622,676689.88
2025-12-01T22:00:00+00:00,30.62,31.274,30.616,31.227,586317.09
2025-12-01T23:00:00+00:00,31.229,31.503,31.003,31.01,662129.17
2025-12-02T00:00:00+00:00,31.018,31.54,30.621,30.759,526744.6
2025-12-02T01:00:00+00:00,30.763,31.213,30.37,30.435,367169.98
2025-12-02T02:00:00+00:00,30.435,30.936,30.35,30.632,322019.69
2025-12-02T03:00:00+00:00,30.631,31.222,30.592,31.087,695859.25
2025-12-02T04:00:00+00:00,31.087,31.42,30.938,31.132,242547.88
2025-12-02T05:00:00+00:00,31.138,31.417,31.014,31.352,398507.55
2025-12-02T06:00:00+00:00,31.351,31.848,31.15,31.824,293194.76
2025-12-02T07:00:00+00:00,31.824,32.001,31.629,31.716,220362.46
2025-12-02T08:00:00+00:00,31.715,31.801,31.107,31.257,415987.32
2025-12-02T09:00:00+00:00,31.266,31.496,31.16,31.329,237780.3
2025-12-02T10:00:00+00:00,31.328,32.05,31.308,31.914,262538.33
2025-12-02T11:00:00+00:00,31.912,32.011,31.722,31.839,253314.18
2025-12-02T12:00:00+00:00,31.845,32.065,31.779,31.905,187354.39
2025-12-02T13:00:00+00:00,31.906,32.601,31.85,32.131,796974.75
2025-12-02T14:00:00+00:00,32.146,33.402,31.458,32.621,3881440.7799999998
2025-12-02T15:00:00+00:00,32.614,33.131,32.298,33.001,1612185.6100000001
2025-12-02T16:00:00+00:00,33.002,33.792,32.676,32.782,1224139.8500000001
2025-12-02T17:00:00+00:00,32.776,33.237,32.639,32.829,437650.64
2025-12-02T18:00:00+00:00,32.829,33.416,32.802,33.406,326983.36
2025-12-02T19:00:00+00:00,33.407,33.722,33.075,33.102,489204.05
2025-12-02T20:00:00+00:00,33.102,33.151,32.622,32.854,327885.34
2025-12-02T21:00:00+00:00,32.858,33.0,32.751,32.915,307803.12
2025-12-02T22:00:00+00:00,32.915,33.732,32.8,33.731,362032.64
2025-12-02T23:00:00+00:00,33.731,34.428,33.659,33.875,941518.5699999999
2025-12-03T00:00:00+00:00,33.873,34.002,33.46,33.504,248733.86
2025-12-03T01:00:00+00:00,33.508,33.809,33.381,33.56,188467.99
2025-12-03T02:00:00+00:00,33.56,34.003,33.542,33.776,221232.16
2025-12-03T03:00:00+00:00,33.774,34.852,33.71,34.253,664176.4
2025-12-03T04:00:00+00:00,34.253,34.744,34.234,34.659,249963.14
2025-12-03T05:00:00+00:00,34.673,35.4,34.528,34.528,503877.34
2025-12-03T06:00:00+00:00,34.527,34.749,34.208,34.277,296993.37
2025-12-03T07:00:00+00:00,34.279,34.435,34.058,34.26,236481.45
2025-12-03T08:00:00+00:00,34.259,34.485,34.071,34.136,147912.85
2025-12-03T09:00:00+00:00,34.142,34.575,34.108,34.505,133540.34
2025-12-03T10:00:00+00:00,34.497,34.633,33.771,33.819,506787.76
2025-12-03T11:00:00+00:00,33.819,34.064,33.5,33.782,389326.12
2025-12-03T12:00:00+00:00,33.788,34.014,33.631,33.998,183950.03
2025-12-03T13:00:00+00:00,33.994,34.303,33.92,34.041,265046.7
2025-12-03T14:00:00+00:00,34.048,34.7,33.451,33.883,728461.6899999999
2025-12-03T15:00:00+00:00,33.885,34.268,33.651,34.052,456168.75
2025-12-03T16:00:00+00:00,34.056,34.443,33.877,34.148,458397.94
2025-12-03T17:00:00+00:00,34.145,34.489,33.921,34.44,316693.37
2025-12-03T18:00:00+00:00,34.435,34.6,34.0,34.151,379726.59
2025-12-03T19:00:00+00:00,34.147,34.79,34.066,34.772,329605.11
2025-12-03T20:00:00+00:00,34.772,34.9,34.296,34.565,441791.27
2025-12-03T21:00:00+00:00,34.56,35.117,34.557,35.105,268959.28
2025-12-03T22:00:00+00:00,35.096,35.127,34.649,34.9,220293.98
2025-12-03T23:00:00+00:00,34.9,35.021,34.564,34.671,201769.54
2025-12-04T00:00:00+00:00,34.668,35.212,34.251,35.121,383315.62
2025-12-04T01:00:00+00:00,35.122,35.845,34.976,35.828,980917.16
2025-12-04T02:00:00+00:00,35.828,36.219,35.686,35.964,633717.29
2025-12-04T03:00:00+00:00,35.962,36.078,35.32,35.607,319073.32
2025-12-04T04:00:00+00:00,35.607,35.607,35.004,35.399,457680.69
2025-12-04T05:00:00+00:00,35.4,35.424,34.807,34.869,228632.15
2025-12-04T06:00:00+00:00,34.876,35.169,34.865,35.013,104181.84
2025-12-04T07:00:00+00:00,35.013,35.269,34.7,35.252,143018.14
2025-12-04T08:00:00+00:00,35.25,35.412,34.841,34.858,184620.2
2025-12-04T09:00:00+00:00,34.858,35.093,34.846,34.904,64229.09
2025-12-04T10:00:00+00:00,34.905,35.031,34.766,34.774,110959.39
2025-12-04T11:00:00+00:00,34.774,35.0,34.586,34.768,282726.22
2025-12-04T12:00:00+00:00,34.768,34.814,34.332,34.468,175600.96
2025-12-04T13:00:00+00:00,34.468,34.56,34.277,34.416,154687.92
2025-12-04T14:00:00+00:00,34.413,34.716,34.06,34.134,325333.87
2025-12-04T15:00:00+00:00,34.124,34.995,34.124,34.587,313389.54
2025-12-04T16:00:00+00:00,34.587,34.954,34.316,34.582,300657.98
2025-12-04T17:00:00+00:00,34.582,34.632,34.001,34.34,409727.9
2025-12-04T18:00:00+00:00,34.339,34.405,33.802,33.833,361523.62
2025-12-04T19:00:00+00:00,33.836,33.898,33.213,33.492,937225.67
2025-12-04T20:00:00+00:00,33.492,33.702,33.249,33.564,226571.83
2025-12-04T21:00:00+00:00,33.552,33.717,33.069,33.197,385865.67
2025-12-04T22:00:00+00:00,33.197,33.573,33.188,33.519,186617.09
2025-12-04T23:00:00+00:00,33.52,33.617,33.38,33.537,100076.15
2025-12-05T00:00:00+00:00,33.537,33.589,33.318,33.383,90595.53
2025-12-05T01:00:00+00:00,33.374,33.775,33.275,33.716,205254.63
2025-12-05T02:00:00+00:00,33.713,33.932,33.648,33.769,279430.2
2025-12-05T03:00:00+00:00,33.77,33.787,33.446,33.68,214741.46
2025-12-05T04:00:00+00:00,33.694,33.837,33.329,33.434,122647.56
2025-12-05T05:00:00+00:00,33.431,33.532,33.399,33.532,40835.7
2025-12-05T06:00:00+00:00,33.532,33.641,33.306,33.381,116072.11
2025-12-05T07:00:00+00:00,33.38,33.574,33.175,33.211,162846.52
2025-12-05T08:00:00+00:00,33.21,33.292,32.656,32.724,848036.9
2025-12-05T09:00:00+00:00,32.724,32.765,32.099,32.145,986702.63
2025-12-05T10:00:00+00:00,32.143,32.518,32.122,32.273,479331.6
2025-12-05T11:00:00+00:00,32.277,32.312,31.82,31.922,459675.48
2025-12-05T12:00:00+00:00,31.924,32.067,31.766,31.906,434447.35
2025-12-05T13:00:00+00:00,31.907,31.979,31.23,31.396,866987.59
2025-12-05T14:00:00+00:00,31.393,31.505,31.156,31.22,880174.61
2025-12-05T15:00:00+00:00,31.206,32.062,31.184,31.506,1373150.5800000001
2025-12-05T16:00:00+00:00,31.509,31.553,30.68,31.041,1204095.6499999999
2025-12-05T17:00:00+00:00,31.031,31.215,30.826,31.01,311825.84
2025-12-05T18:00:00+00:00,31.011,31.296,30.57,30.582,742712.55
2025-12-05T19:00:00+00:00,30.6,31.202,30.48,31.118,444474.84
2025-12-05T20:00:00+00:00,31.119,31.328,30.888,31.236,331303.82
2025-12-05T21:00:00+00:00,31.237,31.36,30.962,31.176,276909.98
2025-12-05T22:00:00+00:00,31.176,31.21,31.007,31.129,192012.39
2025-12-05T23:00:00+00:00,31.135,31.155,30.795,30.988,465272.12
2025-12-06T00:00:00+00:00,30.989,31.023,30.623,30.798,392084.86
2025-12-06T01:00:00+00:00,30.8,31.042,30.779,30.949,125859.45
2025-12-06T02:00:00+00:00,30.948,30.949,30.661,30.915,85880.0
2025-12-06T03:00:00+00:00,30.91,31.236,30.885,31.113,128068.27
2025-12-06T04:00:00+00:00,31.114,31.296,31.06,31.142,108247.13
2025-12-06T05:00:00+00:00,31.141,31.328,31.105,31.171,105718.8
2025-12-06T06:00:00+00:00,31.171,31.415,31.101,31.295,88242.51
2025-12-06T07:00:00+00:00,31.295,31.322,31.028,31.075,82320.36
2025-12-06T08:00:00+00:00,31.075,31.098,30.661,30.69,233696.02
2025-12-06T09:00:00+00:00,30.691,31.027,30.67,30.913,94637.75
2025-12-06T10:00:00+00:00,30.913,30.99,30.738,30.793,57936.45
2025-12-06T11:00:00+00:00,30.793,30.871,30.756,30.867,48274.22
2025-12-06T12:00:00+00:00,30.866,30.9,30.622,30.658,88169.5
2025-12-06T13:00:00+00:00,30.657,30.926,30.657,30.72,125859.59
2025-12-06T14:00:00+00:00,30.719,31.2,30.683,31.114,257622.03
2025-12-06T15:00:00+00:00,31.113,31.143,30.731,30.87,89859.79
2025-12-06T16:00:00+00:00,30.871,31.199,30.853,31.12,125147.75
2025-12-06T17:00:00+00:00,31.12,31.423,31.106,31.423,134094.46
2025-12-06T18:00:00+00:00,31.416,31.492,31.215,31.239,121442.62
2025-12-06T19:00:00+00:00,31.238,31.34,30.891,31.028,153539.38
2025-12-06T20:00:00+00:00,31.026,31.17,31.017,31.118,80444.07
2025-12-06T21:00:00+00:00,31.116,31.247,31.089,31.228,40342.68
2025-12-06T22:00:00+00:00,31.228,31.282,30.993,31.06,60664.43
2025-12-06T23:00:00+00:00,31.06,31.117,30.735,30.961,383271.47
2025-12-07T00:00:00+00:00,30.962,31.175,30.939,31.119,73030.73
2025-12-07T01:00:00+00:00,31.119,31.153,30.862,30.869,102708.45
2025-12-07T02:00:00+00:00,30.869,31.0,30.805,30.947,79746.08
2025-12-07T03:00:00+00:00,30.948,31.004,30.832,30.978,81738.4
2025-12-07T04:00:00+00:00,30.974,31.031,30.823,30.866,45163.86
2025-12-07T05:00:00+00:00,30.865,30.899,30.8,30.855,51143.66
2025-12-07T06:00:00+00:00,30.859,31.196,30.837,31.188,77549.9
2025-12-07T07:00:00+00:00,31.188,31.231,30.495,30.523,341507.43
2025-12-07T08:00:00+00:00,30.523,30.544,29.8,29.84,913948.83
2025-12-07T09:00:00+00:00,29.844,29.893,29.15,29.302,1039755.16
2025-12-07T10:00:00+00:00,29.303,29.438,29.191,29.403,519760.02
2025-12-07T11:00:00+00:00,29.402,30.068,29.374,29.685,895994.64
2025-12-07T12:00:00+00:00,29.68,30.077,29.636,29.879,431256.66
2025-12-07T13:00:00+00:00,29.888,29.963,29.225,29.434,533137.16
2025-12-07T14:00:00+00:00,29.436,29.458,28.201,28.344,2140426.0099999998
2025-12-07T15:00:00+00:00,28.345,29.145,28.143,29.085,1130585.48
2025-12-07T16:00:00+00:00,29.076,29.364,28.797,29.357,690911.14
2025-12-07T17:00:00+00:00,29.363,29.71,29.17,29.662,835224.46
2025-12-07T18:00:00+00:00,29.672,29.778,29.256,29.282,673373.89
2025-12-07T19:00:00+00:00,29.282,29.879,29.222,29.685,434534.22
2025-12-07T20:00:00+00:00,29.686,29.949,29.484,29.87,343473.89
2025-12-07T21:00:00+00:00,29.861,29.919,28.917,29.057,432010.74
2025-12-07T22:00:00+00:00,29.056,29.693,28.452,29.238,843486.52
2025-12-07T23:00:00+00:00,29.238,29.837,29.1,29.741,259839.13
2025-12-08T00:00:00+00:00,29.735,30.102,29.459,29.867,356666.25
2025-12-08T01:00:00+00:00,29.873,31.007,29.852,30.105,1284411.8999999999
2025-12-08T02:00:00+00:00,30.106,30.255,29.885,29.977,296101.47
2025-12-08T03:00:00+00:00,29.974,30.08,29.835,30.011,157975.17
2025-12-08T04:00:00+00:00,30.009,30.296,29.918,30.021,175752.28
2025-12-08T05:00:00+00:00,30.021,30.399,29.882,30.352,241194.79
2025-12-08T06:00:00+00:00,30.352,30.555,30.153,30.224,265779.55
2025-12-08T07:00:00+00:00,30.225,30.293,29.966,30.017,222165.18
2025-12-08T08:00:00+00:00,30.017,30.7,29.98,30.676,180186.27
2025-12-08T09:00:00+00:00,30.677,30.85,30.343,30.478,389560.73
2025-12-08T10:00:00+00:00,30.477,30.726,30.341,30.56,184342.88
2025-12-08T11:00:00+00:00,30.56,30.714,30.352,30.663,207579.69
2025-12-08T12:00:00+00:00,30.662,30.716,30.247,30.378,234492.63
2025-12-08T13:00:00+00:00,30.377,30.568,30.18,30.225,181133.2
2025-12-08T14:00:00+00:00,30.224,30.564,29.564,29.677,724498.66
2025-12-08T15:00:00+00:00,29.683,29.929,29.083,29.581,1050276.45
2025-12-08T16:00:00+00:00,29.582,30.006,29.449,29.838,297241.3
2025-12-08T17:00:00+00:00,29.838,30.013,29.545,29.773,421513.36
2025-12-08T18:00:00+00:00,29.781,29.862,28.89,29.073,946025.04
2025-12-08T19:00:00+00:00,29.073,29.158,28.568,29.074,992767.46
2025-12-08T20:00:00+00:00,29.079,29.735,29.045,29.672,651503.98
2025-12-08T21:00:00+00:00,29.68,29.913,29.641,29.841,438233.43
2025-12-08T22:00:00+00:00,29.845,29.877,29.396,29.52,274036.98
2025-12-08T23:00:00+00:00,29.513,29.58,29.168,29.491,254541.19
2025-12-09T00:00:00+00:00,29.496,29.546,29.089,29.389,169611.41
2025-12-09T01:00:00+00:00,29.392,29.455,29.229,29.27,120941.32
2025-12-09T02:00:00+00:00,29.275,29.393,28.84,28.867,267103.66
2025-12-09T03:00:00+00:00,28.86,28.888,28.447,28.63,767555.45
2025-12-09T04:00:00+00:00,28.632,28.721,27.758,27.897,1348800.45
2025-12-09T05:00:00+00:00,27.899,28.304,27.767,28.102,683846.35
2025-12-09T06:00:00+00:00,28.1,28.128,27.448,27.803,1064414.76
2025-12-09T07:00:00+00:00,27.804,28.326,27.726,28.31,576925.5600000001
2025-12-09T08:00:00+00:00,28.311,28.437,27.801,27.916,519367.31
2025-12-09T09:00:00+00:00,27.916,28.02,27.676,27.799,417074.65
2025-12-09T10:00:00+00:00,27.798,28.08,27.5,28.037,689219.22
2025-12-09T11:00:00+00:00,28.037,28.143,27.822,27.992,300856.98
2025-12-09T12:00:00+00:00,27.99,28.348,27.932,28.073,451205.96
2025-12-09T13:00:00+00:00,28.073,28.147,27.798,27.939,333269.96
2025-12-09T14:00:00+00:00,27.928,28.161,27.825,27.955,567281.08
2025-12-09T15:00:00+00:00,27.95,28.82,27.909,28.544,1028236.98
2025-12-09T16:00:00+00:00,28.545,29.137,28.544,28.734,1113485.96
2025-12-09T17:00:00+00:00,28.729,29.108,28.26,28.769,651454.24
2025-12-09T18:00:00+00:00,28.769,28.869,28.603,28.693,257913.34
2025-12-09T19:00:00+00:00,28.699,29.328,28.519,29.088,571822.72
2025-12-09T20:00:00+00:00,29.088,29.149,28.118,28.194,1055746.1100000001
2025-12-09T21:00:00+00:00,28.19,28.19,27.499,27.788,969502.42
2025-12-09T22:00:00+00:00,27.785,28.203,27.749,28.08,376198.73
2025-12-09T23:00:00+00:00,28.076,28.113,27.75,27.914,276233.41
2025-12-10T00:00:00+00:00,27.913,28.374,27.601,28.096,335525.12
2025-12-10T01:00:00+00:00,28.103,28.202,27.722,28.126,325947.21
2025-12-10T02:00:00+00:00,28.13,28.544,27.98,28.544,309500.55
2025-12-10T03:00:00+00:00,28.543,28.95,28.344,28.843,810843.77
2025-12-10T04:00:00+00:00,28.85,28.915,28.678,28.776,157770.3
2025-12-10T05:00:00+00:00,28.772,29.343,28.653,28.986,459417.39
2025-12-10T06:00:00+00:00,28.986,29.085,28.71,28.95,316678.07
2025-12-10T07:00:00+00:00,28.947,29.55,28.893,29.324,614138.62
2025-12-10T08:00:00+00:00,29.333,29.464,29.141,29.2,237615.06
2025-12-10T09:00:00+00:00,29.201,29.5,29.134,29.317,376345.82
2025-12-10T10:00:00+00:00,29.315,29.411,29.146,29.198,222616.74
2025-12-10T11:00:00+00:00,29.199,29.375,28.996,29.123,210460.18
2025-12-10T12:00:00+00:00,29.129,29.15,28.75,28.829,351744.22
2025-12-10T13:00:00+00:00,28.821,29.021,28.731,28.806,154101.64
2025-12-10T14:00:00+00:00,28.799,29.325,28.756,29.064,284986.33
2025-12-10T15:00:00+00:00,29.059,29.163,28.793,29.047,150950.79
2025-12-10T16:00:00+00:00,29.048,29.296,28.938,29.049,216545.02
2025-12-10T17:00:00+00:00,29.049,29.205,28.897,28.927,107251.87
2025-12-10T18:00:00+00:00,28.923,29.458,28.821,29.249,552075.1899999999
2025-12-10T19:00:00+00:00,29.253,29.965,28.858,29.5,1267508.02
2025-12-10T20:00:00+00:00,29.5,30.003,29.043,29.227,1038461.6
2025-12-10T21:00:00+00:00,29.236,29.896,28.992,29.567,422418.43
2025-12-10T22:00:00+00:00,29.571,29.736,29.149,29.319,259593.42
2025-12-10T23:00:00+00:00,29.312,29.332,28.831,28.843,208810.3
2025-12-11T00:00:00+00:00,28.842,28.959,28.385,28.683,479699.91
2025-12-11T01:00:00+00:00,28.682,29.193,28.442,28.652,337270.27
2025-12-11T02:00:00+00:00,28.652,28.756,28.223,28.667,419489.31
2025-12-11T03:00:00+00:00,28.677,28.792,28.149,28.636,714755.35
2025-12-11T04:00:00+00:00,28.632,28.863,28.4,28.543,242766.26
2025-12-11T05:00:00+00:00,28.543,28.78,28.457,28.572,132938.87
2025-12-11T06:00:00+00:00,28.572,28.598,27.946,28.008,430602.25
2025-12-11T07:00:00+00:00,28.009,28.203,27.946,28.097,266235.26
2025-12-11T08:00:00+00:00,28.096,28.122,27.794,27.95,254241.58
2025-12-11T09:00:00+00:00,27.954,28.102,27.881,27.923,93876.69
2025-12-11T10:00:00+00:00,27.93,27.951,27.344,27.549,481823.91
2025-12-11T11:00:00+00:00,27.549,27.703,27.091,27.228,992989.11
2025-12-11T12:00:00+00:00,27.232,27.397,27.042,27.085,371398.5
2025-12-11T13:00:00+00:00,27.087,27.657,26.874,27.536,1108760.3700000001
2025-12-11T14:00:00+00:00,27.535,27.731,27.198,27.513,623533.46
2025-12-11T15:00:00+00:00,27.504,28.136,27.407,27.55,835074.4300000001
2025-12-11T16:00:00+00:00,27.55,27.949,27.446,27.827,271830.58
2025-12-11T17:00:00+00:00,27.827,28.445,27.77,28.089,349193.61
2025-12-11T18:00:00+00:00,28.087,28.558,28.054,28.35,436231.69
2025-12-11T19:00:00+00:00,28.345,28.511,28.121,28.189,554587.22
2025-12-11T20:00:00+00:00,28.19,28.658,28.184,28.647,483969.35
2025-12-11T21:00:00+00:00,28.647,29.088,28.606,28.949,866097.72
2025-12-11T22:00:00+00:00,28.951,29.075,28.808,28.921,349092.02
2025-12-11T23:00:00+00:00,28.92,29.239,28.861,29.159,303128.45
2025-12-12T00:00:00+00:00,29.16,29.276,28.854,28.959,301052.62
2025-12-12T01:00:00+00:00,28.972,29.283,28.904,29.247,245304.33
2025-12-12T02:00:00+00:00,29.247,29.435,29.13,29.434,337420.67
2025-12-12T03:00:00+00:00,29.422,29.631,29.169,29.467,318571.71
2025-12-12T04:00:00+00:00,29.466,29.597,29.285,29.49,141194.63
2025-12-12T05:00:00+00:00,29.492,29.676,29.315,29.602,243818.77
2025-12-12T06:00:00+00:00,29.6,29.828,29.385,29.426,373214.38
2025-12-12T07:00:00+00:00,29.432,29.673,29.406,29.501,174491.9
2025-12-12T08:00:00+00:00,29.501,29.555,29.16,29.22,234232.28
2025-12-12T09:00:00+00:00,29.224,29.82,29.145,29.82,204757.58
2025-12-12T10:00:00+00:00,29.82,29.993,29.461,29.477,524680.36
2025-12-12T11:00:00+00:00,29.476,29.951,29.374,29.866,232672.32
2025-12-12T12:00:00+00:00,29.867,29.903,29.618,29.881,124658.89
2025-12-12T13:00:00+00:00,29.88,29.88,29.559,29.571,74957.49
2025-12-12T14:00:00+00:00,29.577,29.844,29.444,29.751,214500.78
2025-12-12T15:00:00+00:00,29.75,29.751,28.593,28.892,1205052.53
2025-12-12T16:00:00+00:00,28.893,29.333,28.698,28.99,584119.95
2025-12-12T17:00:00+00:00,28.986,30.309,28.958,29.465,1444759.96
2025-12-12T18:00:00+00:00,29.465,30.205,29.45,29.65,421884.04
2025-12-12T19:00:00+00:00,29.651,29.651,28.679,28.841,1179421.01
2025-12-12T20:00:00+00:00,28.839,29.076,28.4,28.403,939410.95
2025-12-12T21:00:00+00:00,28.41,28.688,28.361,28.666,324285.08
2025-12-12T22:00:00+00:00,28.674,28.894,28.607,28.869,228371.91
2025-12-12T23:00:00+00:00,28.869,28.926,28.566,28.616,149623.92
2025-12-13T00:00:00+00:00,28.616,28.832,28.577,28.759,89688.24
2025-12-13T01:00:00+00:00,28.759,28.866,28.37,28.439,156885.59
2025-12-13T02:00:00+00:00,28.439,28.521,28.361,28.382,92270.34
2025-12-13T03:00:00+00:00,28.383,28.672,28.361,28.534,106824.83
2025-12-13T04:00:00+00:00,28.534,28.552,28.255,28.264,239591.39
2025-12-13T05:00:00+00:00,28.264,28.418,28.091,28.228,380427.84
2025-12-13T06:00:00+00:00,28.228,28.398,27.985,28.238,515953.51
2025-12-13T07:00:00+00:00,28.237,28.25,27.957,28.045,355680.96
2025-12-13T08:00:00+00:00,28.045,28.356,28.006,28.026,518583.94
2025-12-13T09:00:00+00:00,28.026,28.301,27.939,28.149,338247.4
2025-12-13T10:00:00+00:00,28.149,28.471,28.038,28.392,285185.37
2025-12-13T11:00:00+00:00,28.392,29.045,28.368,28.944,466900.16
2025-12-13T12:00:00+00:00,28.939,29.36,28.888,29.338,277419.17
2025-12-13T13:00:00+00:00,29.339,29.5,29.057,29.097,280464.51
2025-12-13T14:00:00+00:00,29.098,29.217,28.848,28.97,320371.93
2025-12-13T15:00:00+00:00,28.973,29.23,28.973,29.2,71180.12
2025-12-13T16:00:00+00:00,29.2,29.391,28.791,28.95,221207.91
2025-12-13T17:00:00+00:00,28.951,29.093,28.793,29.022,161109.84
2025-12-13T18:00:00+00:00,29.022,29.1,28.91,28.932,68998.77
2025-12-13T19:00:00+00:00,28.932,29.109,28.818,28.936,253806.64
2025-12-13T20:00:00+00:00,28.935,29.075,28.673,28.732,263136.66
2025-12-13T21:00:00+00:00,28.728,29.179,28.627,29.1,327871.65
2025-12-13T22:00:00+00:00,29.099,29.216,28.961,29.03,118060.02
2025-12-13T23:00:00+00:00,29.025,29.775,28.973,29.622,331742.65
2025-12-14T00:00:00+00:00,29.623,29.88,29.455,29.467,354121.05
2025-12-14T01:00:00+00:00,29.474,29.79,29.357,29.54,319843.35
2025-12-14T02:00:00+00:00,29.543,29.65,29.472,29.516,64740.4
2025-12-14T03:00:00+00:00,29.516,29.54,29.2,29.276,97882.24
2025-12-14T04:00:00+00:00,29.276,29.485,29.161,29.231,142966.87
2025-12-14T05:00:00+00:00,29.232,29.296,28.94,29.25,364567.56
2025-12-14T06:00:00+00:00,29.237,29.315,29.161,29.269,79269.92
2025-12-14T07:00:00+00:00,29.268,29.618,29.145,29.57,138429.09
2025-12-14T08:00:00+00:00,29.576,29.608,29.26,29.279,147999.76
2025-12-14T09:00:00+00:00,29.279,29.34,28.982,29.064,179136.47
2025-12-14T10:00:00+00:00,29.064,29.284,28.821,29.161,300671.96
2025-12-14T11:00:00+00:00,29.16,29.222,28.622,28.844,354937.02
2025-12-14T12:00:00+00:00,28.845,29.944,28.781,29.823,876155.85
2025-12-14T13:00:00+00:00,29.829,29.934,29.315,29.485,553071.9399999999
2025-12-14T14:00:00+00:00,29.485,29.533,28.888,28.991,322524.56
2025-12-14T15:00:00+00:00,28.987,29.013,28.664,28.861,383985.57
2025-12-14T16:00:00+00:00,28.861,29.038,28.754,28.918,232958.83
2025-12-14T17:00:00+00:00,28.92,29.167,28.761,28.948,187133.14
2025-12-14T18:00:00+00:00,28.948,29.574,28.895,29.439,364456.56
2025-12-14T19:00:00+00:00,29.435,29.447,29.015,29.153,272691.63
2025-12-14T20:00:00+00:00,29.153,29.312,28.959,29.02,197630.13
2025-12-14T21:00:00+00:00,29.015,29.269,28.909,29.087,156097.4
2025-12-14T22:00:00+00:00,29.082,29.232,28.472,28.754,412858.95
2025-12-14T23:00:00+00:00,28.744,29.11,28.353,28.846,576847.54
2025-12-15T00:00:00+00:00,28.852,29.275,28.634,28.955,507480.69
2025-12-15T01:00:00+00:00,28.954,29.565,28.88,29.443,343728.39
2025-12-15T02:00:00+00:00,29.444,29.6,29.171,29.186,187810.16
2025-12-15T03:00:00+00:00,29.184,29.312,28.866,29.004,175549.62
2025-12-15T04:00:00+00:00,29.004,29.154,28.977,29.04,106573.19
2025-12-15T05:00:00+00:00,29.053,29.198,28.973,29.13,148932.03
2025-12-15T06:00:00+00:00,29.131,29.325,29.031,29.123,203847.15
2025-12-15T07:00:00+00:00,29.123,29.167,29.02,29.148,76232.98
2025-12-15T08:00:00+00:00,29.148,29.287,29.02,29.258,111381.6
2025-12-15T09:00:00+00:00,29.258,29.519,29.216,29.423,157690.78
2025-12-15T10:00:00+00:00,29.428,29.538,29.323,29.461,170574.28
2025-12-15T11:00:00+00:00,29.461,29.478,29.272,29.408,79371.57
2025-12-15T12:00:00+00:00,29.408,29.514,29.21,29.301,272419.98
2025-12-15T13:00:00+00:00,29.305,29.312,28.648,28.739,282961.92
2025-12-15T14:00:00+00:00,28.739,29.003,28.426,28.465,588960.37
2025-12-15T15:00:00+00:00,28.466,28.631,27.4,27.762,1970143.6599999999
2025-12-15T16:00:00+00:00,27.765,28.132,27.467,27.467,1098488.46
2025-12-15T17:00:00+00:00,27.472,27.882,27.3,27.425,851208.8100000001
2025-12-15T18:00:00+00:00,27.416,27.732,27.188,27.53,1096174.4299999999
2025-12-15T19:00:00+00:00,27.532,27.82,27.398,27.557,665083.36
2025-12-15T20:00:00+00:00,27.558,27.558,27.181,27.329,341208.81
2025-12-15T21:00:00+00:00,27.339,27.695,27.26,27.557,293999.02
2025-12-15T22:00:00+00:00,27.553,27.738,27.45,27.61,253109.29
2025-12-15T23:00:00+00:00,27.611,27.726,27.406,27.616,265900.17
2025-12-16T00:00:00+00:00,27.616,27.68,27.286,27.3,326932.19
2025-12-16T01:00:00+00:00,27.3,27.429,27.0,27.053,551495.66
2025-12-16T02:00:00+00:00,27.051,27.22,26.918,27.09,568982.72
2025-12-16T03:00:00+00:00,27.09,27.134,26.313,26.708,1090867.3999999999
2025-12-16T04:00:00+00:00,26.71,26.787,26.0,26.344,1187718.0900000001
2025-12-16T05:00:00+00:00,26.343,26.653,26.256,26.563,305134.3
2025-12-16T06:00:00+00:00,26.562,26.742,26.488,26.676,177195.85
2025-12-16T07:00:00+00:00,26.676,26.723,26.149,26.322,450932.85
2025-12-16T08:00:00+00:00,26.323,26.513,26.264,26.456,94317.75
2025-12-16T09:00:00+00:00,26.456,26.889,26.39,26.729,354655.78
2025-12-16T10:00:00+00:00,26.729,27.21,26.708,27.104,427470.89
2025-12-16T11:00:00+00:00,27.104,27.423,26.936,27.415,274825.28
2025-12-16T12:00:00+00:00,27.416,27.611,27.158,27.303,430442.62
2025-12-16T13:00:00+00:00,27.317,27.607,26.977,26.996,436001.86
2025-12-16T14:00:00+00:00,26.997,27.604,26.8,27.413,714122.7
2025-12-16T15:00:00+00:00,27.412,27.489,26.841,27.284,527177.17
2025-12-16T16:00:00+00:00,27.284,27.327,26.674,26.695,390750.13
2025-12-16T17:00:00+00:00,26.703,26.802,26.276,26.503,526384.17
2025-12-16T18:00:00+00:00,26.506,27.076,26.456,26.96,337988.17
2025-12-16T19:00:00+00:00,26.957,27.0,26.53,26.923,470905.63
2025-12-16T20:00:00+00:00,26.916,27.182,26.679,26.679,266872.2
2025-12-16T21:00:00+00:00,26.679,26.894,26.619,26.808,148389.1
2025-12-16T22:00:00+00:00,26.81,26.977,26.629,26.63,227790.7
2025-12-16T23:00:00+00:00,26.63,26.83,26.511,26.809,352305.28
2025-12-17T00:00:00+00:00,26.809,26.837,26.36,26.501,237567.51
2025-12-17T01:00:00+00:00,26.502,26.71,26.4,26.42,105194.98
2025-12-17T02:00:00+00:00,26.42,26.552,26.217,26.533,276086.84
2025-12-17T03:00:00+00:00,26.528,28.351,26.524,27.04,4685564.1399999997
2025-12-17T04:00:00+00:00,27.042,27.168,26.55,26.743,831960.6800000001
2025-12-17T05:00:00+00:00,26.741,27.203,26.633,27.093,426360.71
2025-12-17T06:00:00+00:00,27.095,27.174,26.958,27.174,269908.27
2025-12-17T07:00:00+00:00,27.161,27.292,27.089,27.198,205921.48
2025-12-17T08:00:00+00:00,27.187,27.187,26.666,26.807,355097.06
2025-12-17T09:00:00+00:00,26.806,26.972,26.7,26.909,285381.24
2025-12-17T10:00:00+00:00,26.908,27.164,26.812,27.129,211318.46
2025-12-17T11:00:00+00:00,27.128,27.684,27.122,27.633,313305.87
2025-12-17T12:00:00+00:00,27.627,27.887,27.225,27.441,570784.33
2025-12-17T13:00:00+00:00,27.435,27.588,27.224,27.47,215124.07
2025-12-17T14:00:00+00:00,27.47,27.632,26.918,27.615,799754.38
2025-12-17T15:00:00+00:00,27.617,27.9,26.599,26.742,1437954.3700000001
2025-12-17T16:00:00+00:00,26.746,27.055,25.475,26.133,3114861.7000000002
2025-12-17T17:00:00+00:00,26.133,26.144,25.2,25.277,1941036.9399999999
2025-12-17T18:00:00+00:00,25.277,25.531,24.841,24.873,2245089.71
2025-12-17T19:00:00+00:00,24.875,25.108,24.692,24.753,1494940.1899999999
2025-12-17T20:00:00+00:00,24.752,24.912,24.482,24.894,1402050.97
2025-12-17T21:00:00+00:00,24.89,25.03,24.655,24.674,742494.89
2025-12-17T22:00:00+00:00,24.673,24.852,24.499,24.793,587347.96
2025-12-17T23:00:00+00:00,24.79,24.801,24.15,24.483,1016667.4300000001
2025-12-18T00:00:00+00:00,24.48,24.562,24.116,24.446,693734.45
2025-12-18T01:00:00+00:00,24.45,24.464,24.13,24.402,476581.71
2025-12-18T02:00:00+00:00,24.404,24.768,24.228,24.284,630559.75
2025-12-18T03:00:00+00:00,24.284,24.375,24.103,24.186,302306.98
2025-12-18T04:00:00+00:00,24.192,24.582,24.173,24.531,264508.51
2025-12-18T05:00:00+00:00,24.53,24.567,24.344,24.369,261329.93
2025-12-18T06:00:00+00:00,24.374,24.46,24.105,24.349,209553.5
2025-12-18T07:00:00+00:00,24.349,24.47,23.903,23.984,479398.25
2025-12-18T08:00:00+00:00,23.984,24.299,23.9,24.214,592125.16
2025-12-18T09:00:00+00:00,24.215,24.463,23.681,24.369,1210207.21
2025-12-18T10:00:00+00:00,24.37,24.485,24.251,24.477,299126.14
2025-12-18T11:00:00+00:00,24.478,24.486,24.063,24.363,257896.99
2025-12-18T12:00:00+00:00,24.37,24.429,24.1,24.304,388417.82
2025-12-18T13:00:00+00:00,24.307,25.201,24.296,25.141,1848902.1000000001
2025-12-18T14:00:00+00:00,25.141,25.293,24.472,24.914,1408741.01
2025-12-18T15:00:00+00:00,24.914,25.236,24.63,24.676,933002.67
2025-12-18T16:00:00+00:00,24.68,24.801,24.274,24.644,816476.76
2025-12-18T17:00:00+00:00,24.643,24.666,23.417,23.737,1934176.0900000001
2025-12-18T18:00:00+00:00,23.731,23.95,23.056,23.094,1628144.1399999999
2025-12-18T19:00:00+00:00,23.094,23.264,22.6,22.791,2623995.5899999999
2025-12-18T20:00:00+00:00,22.785,23.224,22.783,22.871,851172.74
2025-12-18T21:00:00+00:00,22.87,23.22,22.86,23.132,519371.36
2025-12-18T22:00:00+00:00,23.136,23.23,22.9,22.906,323389.03
2025-12-18T23:00:00+00:00,22.906,22.934,22.432,22.454,851286.71
2025-12-19T00:00:00+00:00,22.452,22.676,22.244,22.351,812728.6800000001
2025-12-19T01:00:00+00:00,22.351,22.622,22.205,22.602,441310.8
2025-12-19T02:00:00+00:00,22.604,22.97,22.458,22.818,668633.41
2025-12-19T03:00:00+00:00,22.819,23.305,22.689,23.069,677112.5699999999
2025-12-19T04:00:00+00:00,23.075,23.429,23.01,23.362,612145.77
2025-12-19T05:00:00+00:00,23.371,23.488,23.194,23.372,420374.07
2025-12-19T06:00:00+00:00,23.371,23.793,23.3,23.793,551405.36
2025-12-19T07:00:00+00:00,23.794,24.199,23.606,23.921,661522.91
2025-12-19T08:00:00+00:00,23.921,24.06,23.753,24.006,359815.18
2025-12-19T09:00:00+00:00,24.007,24.181,23.815,24.0,291922.99
2025-12-19T10:00:00+00:00,24.0,24.419,23.984,24.403,379011.36
2025-12-19T11:00:00+00:00,24.404,24.794,24.363,24.577,760004.8100000001
2025-12-19T12:00:00+00:00,24.586,24.6,24.219,24.331,484445.97
2025-12-19T13:00:00+00:00,24.331,24.438,24.175,24.408,271610.7
2025-12-19T14:00:00+00:00,24.415,24.528,23.902,24.055,769876.03
2025-12-19T15:00:00+00:00,24.056,24.706,23.71,23.867,946786.86
2025-12-19T16:00:00+00:00,23.868,24.651,23.809,24.343,645364.88
2025-12-19T17:00:00+00:00,24.343,24.636,23.964,23.981,468545.94
2025-12-19T18:00:00+00:00,23.981,24.533,23.948,24.347,403958.62
2025-12-19T19:00:00+00:00,24.348,25.162,24.344,24.753,544416.42
2025-12-19T20:00:00+00:00,24.753,24.906,24.614,24.86,197455.82
2025-12-19T21:00:00+00:00,24.865,24.866,24.431,24.461,232486.38
2025-12-19T22:00:00+00:00,24.455,24.728,24.444,24.666,189890.24
2025-12-19T23:00:00+00:00,24.668,24.93,24.594,24.861,129201.24
2025-12-20T00:00:00+00:00,24.863,24.893,24.597,24.627,128236.13
2025-12-20T01:00:00+00:00,24.627,24.68,24.539,24.591,108233.84
2025-12-20T02:00:00+00:00,24.591,24.594,24.331,24.438,198442.48
2025-12-20T03:00:00+00:00,24.438,24.626,24.346,24.58,89432.1
2025-12-20T04:00:00+00:00,24.579,24.697,24.547,24.621,79075.79
2025-12-20T05:00:00+00:00,24.623,24.862,24.533,24.658,184700.62
2025-12-20T06:00:00+00:00,24.655,24.963,24.652,24.881,154371.07
2025-12-20T07:00:00+00:00,24.882,24.926,24.615,24.916,149153.82
2025-12-20T08:00:00+00:00,24.916,25.52,24.85,25.186,448801.52
2025-12-20T09:00:00+00:00,25.195,25.271,24.776,24.819,242335.53
2025-12-20T10:00:00+00:00,24.819,24.902,24.505,24.66,156010.02
2025-12-20T11:00:00+00:00,24.661,24.745,24.605,24.687,46143.32
2025-12-20T12:00:00+00:00,24.687,24.847,24.621,24.684,225585.7
2025-12-20T13:00:00+00:00,24.691,24.797,24.455,24.715,156215.82
2025-12-20T14:00:00+00:00,24.718,24.746,24.539,24.732,65335.49
2025-12-20T15:00:00+00:00,24.73,24.767,24.597,24.682,85923.08
2025-12-20T16:00:00+00:00,24.688,24.89,24.627,24.824,100085.24
2025-12-20T17:00:00+00:00,24.825,25.042,24.825,25.026,153894.54
2025-12-20T18:00:00+00:00,25.025,25.355,24.909,25.055,422785.64
2025-12-20T19:00:00+00:00,25.061,25.193,24.985,25.143,168361.4
2025-12-20T20:00:00+00:00,25.143,25.255,25.048,25.19,86003.6
2025-12-20T21:00:00+00:00,25.192,25.267,24.445,24.667,402329.23
2025-12-20T22:00:00+00:00,24.667,24.715,24.488,24.654,222669.13
2025-12-20T23:00:00+00:00,24.654,24.67,23.8,23.996,658623.37
2025-12-21T00:00:00+00:00,23.995,24.13,23.802,24.011,398638.15
2025-12-21T01:00:00+00:00,24.011,24.071,23.661,23.666,276124.74
2025-12-21T02:00:00+00:00,23.667,23.813,23.6,23.626,171091.09
2025-12-21T03:00:00+00:00,23.62,23.948,23.619,23.897,267543.88
2025-12-21T04:00:00+00:00,23.898,23.959,23.838,23.939,99383.47
2025-12-21T05:00:00+00:00,23.945,24.057,23.904,23.964,112494.01
2025-12-21T06:00:00+00:00,23.964,24.277,23.92,24.138,199744.95
2025-12-21T07:00:00+00:00,24.144,24.201,24.033,24.192,148035.07
2025-12-21T08:00:00+00:00,24.189,24.639,24.001,24.279,1462409.77
2025-12-21T09:00:00+00:00,24.279,24.377,24.124,24.373,397576.61
2025-12-21T10:00:00+00:00,24.378,24.382,24.18,24.24,140545.48
2025-12-21T11:00:00+00:00,24.233,24.314,24.078,24.294,321391.92
2025-12-21T12:00:00+00:00,24.293,24.415,23.938,24.195,1085530.5
2025-12-21T13:00:00+00:00,24.2,24.2,23.728,23.759,303281.79
2025-12-21T14:00:00+00:00,23.76,24.081,23.718,24.076,214198.26
2025-12-21T15:00:00+00:00,24.082,24.227,23.965,24.174,209099.04
2025-12-21T16:00:00+00:00,24.173,24.322,24.023,24.291,507468.44
2025-12-21T17:00:00+00:00,24.291,24.5,24.246,24.393,357842.74
2025-12-21T18:00:00+00:00,24.386,24.484,24.262,24.458,234930.74
2025-12-21T19:00:00+00:00,24.458,24.531,24.318,24.355,425308.66
2025-12-21T20:00:00+00:00,24.354,24.384,24.119,24.128,144528.68
2025-12-21T21:00:00+00:00,24.128,24.193,24.021,24.074,123457.75
2025-12-21T22:00:00+00:00,24.075,24.545,24.06,24.461,259586.16
2025-12-21T23:00:00+00:00,24.465,24.855,24.402,24.837,271224.08
2025-12-22T00:00:00+00:00,24.836,24.965,24.451,24.527,647499.23
2025-12-22T01:00:00+00:00,24.526,25.0,24.486,24.737,287838.65
2025-12-22T02:00:00+00:00,24.743,24.811,24.497,24.607,308347.28
2025-12-22T03:00:00+00:00,24.607,24.798,24.528,24.762,92376.39
2025-12-22T04:00:00+00:00,24.757,25.07,24.641,24.755,175690.93
2025-12-22T05:00:00+00:00,24.755,24.915,24.69,24.884,79761.2
2025-12-22T06:00:00+00:00,24.885,25.009,24.779,24.977,201553.33
2025-12-22T07:00:00+00:00,24.969,25.424,24.94,25.388,297533.42
2025-12-22T08:00:00+00:00,25.389,25.695,25.216,25.231,509571.79
2025-12-22T09:00:00+00:00,25.23,25.403,25.149,25.315,112590.05
2025-12-22T10:00:00+00:00,25.328,25.361,25.113,25.238,112505.64
2025-12-22T11:00:00+00:00,25.239,25.319,24.975,25.073,164305.59
2025-12-22T12:00:00+00:00,25.074,25.437,25.07,25.244,199465.92
2025-12-22T13:00:00+00:00,25.248,25.345,24.776,24.934,324953.29
2025-12-22T14:00:00+00:00,24.929,25.123,24.688,24.747,629402.91
2025-12-22T15:00:00+00:00,24.747,24.869,24.39,24.712,636168.36
2025-12-22T16:00:00+00:00,24.715,24.978,24.558,24.865,575726.52
2025-12-22T17:00:00+00:00,24.87,25.221,24.688,25.065,480700.08
2025-12-22T18:00:00+00:00,25.063,25.093,24.813,24.961,206469.2
2025-12-22T19:00:00+00:00,24.954,24.956,24.531,24.648,460063.76
2025-12-22T20:00:00+00:00,24.643,24.813,24.54,24.67,284002.4
2025-12-22T21:00:00+00:00,24.665,24.924,24.65,24.767,166852.89
2025-12-22T22:00:00+00:00,24.766,24.95,24.6,24.901,328350.69
2025-12-22T23:00:00+00:00,24.905,25.113,24.808,24.867,303910.49
2025-12-23T00:00:00+00:00,24.869,24.972,24.761,24.97,115685.78
2025-12-23T01:00:00+00:00,24.972,25.005,24.696,24.778,117278.34
2025-12-23T02:00:00+00:00,24.774,24.935,24.551,24.587,180276.58
2025-12-23T03:00:00+00:00,24.587,24.591,24.335,24.336,362070.97
2025-12-23T04:00:00+00:00,24.337,24.394,24.213,24.315,224378.89
2025-12-23T05:00:00+00:00,24.316,24.393,24.013,24.338,387345.71
2025-12-23T06:00:00+00:00,24.338,24.486,24.254,24.385,284072.52
2025-12-23T07:00:00+00:00,24.386,24.483,24.161,24.264,259462.22
2025-12-23T08:00:00+00:00,24.259,24.278,23.815,23.986,306432.84
2025-12-23T09:00:00+00:00,23.986,24.151,23.93,24.14,127713.93
2025-12-23T10:00:00+00:00,24.132,24.269,24.053,24.225,134671.77
2025-12-23T11:00:00+00:00,24.226,24.419,24.221,24.303,135989.19
2025-12-23T12:00:00+00:00,24.306,24.45,24.245,24.293,109000.87
2025-12-23T13:00:00+00:00,24.293,24.607,24.077,24.372,311487.71
2025-12-23T14:00:00+00:00,24.377,24.529,23.646,23.81,584285.91
2025-12-23T15:00:00+00:00,23.803,24.097,23.707,24.081,304049.75
2025-12-23T16:00:00+00:00,24.08,24.372,24.039,24.35,252863.18
2025-12-23T17:00:00+00:00,24.349,24.5,24.158,24.169,251844.82
2025-12-23T18:00:00+00:00,24.169,24.535,24.134,24.485,178946.98
2025-12-23T19:00:00+00:00,24.483,24.586,24.361,24.566,133991.57
2025-12-23T20:00:00+00:00,24.566,24.755,24.448,24.606,211916.37
2025-12-23T21:00:00+00:00,24.602,24.662,24.4,24.431,115294.27
2025-12-23T22:00:00+00:00,24.425,24.539,23.934,24.008,537443.75
2025-12-23T23:00:00+00:00,24.008,24.06,23.8,23.947,340770.14
2025-12-24T00:00:00+00:00,23.948,24.303,23.931,24.295,264306.44
2025-12-24T01:00:00+00:00,24.295,24.396,24.025,24.13,242464.23
2025-12-24T02:00:00+00:00,24.126,24.201,23.636,23.789,431502.73
2025-12-24T03:00:00+00:00,23.788,24.131,23.683,24.065,167520.85
2025-12-24T04:00:00+00:00,24.061,24.231,24.006,24.133,168964.39
2025-12-24T05:00:00+00:00,24.135,24.175,23.855,23.9,127305.83
2025-12-24T06:00:00+00:00,23.901,23.936,23.735,23.903,119071.3
2025-12-24T07:00:00+00:00,23.9,23.944,23.709,23.718,166767.31
2025-12-24T08:00:00+00:00,23.718,23.814,23.609,23.774,189244.32
2025-12-24T09:00:00+00:00,23.776,23.926,23.774,23.84,120750.82
2025-12-24T10:00:00+00:00,23.844,23.999,23.818,23.911,78089.81
2025-12-24T11:00:00+00:00,23.911,23.983,23.846,23.925,59463.02
2025-12-24T12:00:00+00:00,23.92,23.931,23.794,23.918,66273.15
2025-12-24T13:00:00+00:00,23.91,23.993,23.791,23.902,123947.79
2025-12-24T14:00:00+00:00,23.907,24.129,23.819,24.023,229717.62
2025-12-24T15:00:00+00:00,24.023,24.293,23.938,24.277,182925.48
2025-12-24T16:00:00+00:00,24.271,24.556,24.154,24.528,304829.01
2025-12-24T17:00:00+00:00,24.526,24.526,24.315,24.392,143841.55
2025-12-24T18:00:00+00:00,24.389,24.421,24.26,24.304,105440.66
2025-12-24T19:00:00+00:00,24.304,24.703,24.24,24.666,175040.87
2025-12-24T20:00:00+00:00,24.663,24.696,24.423,24.485,115239.85
2025-12-24T21:00:00+00:00,24.494,24.855,24.491,24.852,223466.05
2025-12-24T22:00:00+00:00,24.836,25.222,24.774,25.222,532500.95
2025-12-24T23:00:00+00:00,25.2,25.238,25.048,25.155,366248.4
2025-12-25T00:00:00+00:00,25.163,25.199,24.781,24.916,199526.64
2025-12-25T01:00:00+00:00,24.916,24.943,24.881,24.913,62651.48
2025-12-25T02:00:00+00:00,24.909,25.201,24.83,25.065,183927.43
2025-12-25T03:00:00+00:00,25.073,25.074,24.791,24.852,396572.49
2025-12-25T04:00:00+00:00,24.863,25.159,24.839,25.011,437950.46
2025-12-25T05:00:00+00:00,25.011,25.011,24.676,24.688,269713.08
2025-12-25T06:00:00+00:00,24.688,24.855,24.63,24.69,198616.28
2025-12-25T07:00:00+00:00,24.693,24.729,24.587,24.706,123250.93
2025-12-25T08:00:00+00:00,24.704,24.73,24.567,24.637,45457.11
2025-12-25T09:00:00+00:00,24.646,24.676,24.56,24.625,30825.53
2025-12-25T10:00:00+00:00,24.625,24.67,24.484,24.594,53233.88
2025-12-25T11:00:00+00:00,24.594,24.694,24.574,24.641,51214.26
2025-12-25T12:00:00+00:00,24.641,24.714,24.61,24.693,21088.09
2025-12-25T13:00:00+00:00,24.693,24.75,24.605,24.668,43128.13
2025-12-25T14:00:00+00:00,24.668,24.782,24.571,24.7,62886.62
2025-12-25T15:00:00+00:00,24.7,24.897,24.533,24.807,128903.47
2025-12-25T16:00:00+00:00,24.81,25.051,24.763,24.886,88071.2
2025-12-25T17:00:00+00:00,24.883,25.095,24.843,25.061,157113.49
2025-12-25T18:00:00+00:00,25.061,25.218,25.05,25.141,177404.39
2025-12-25T19:00:00+00:00,25.145,25.15,24.923,24.924,53848.47
2025-12-25T20:00:00+00:00,24.924,25.014,24.785,24.854,169857.47
2025-12-25T21:00:00+00:00,24.854,25.0,24.815,24.959,68909.85
2025-12-25T22:00:00+00:00,24.96,25.009,24.4,24.587,358357.46
2025-12-25T23:00:00+00:00,24.587,24.587,24.186,24.4,503353.44
2025-12-26T00:00:00+00:00,24.399,24.635,24.364,24.508,242520.74
2025-12-26T01:00:00+00:00,24.51,24.696,24.469,24.666,73584.28
2025-12-26T02:00:00+00:00,24.666,25.12,24.656,25.063,291912.71
2025-12-26T03:00:00+00:00,25.065,25.113,24.878,24.949,128533.7
2025-12-26T04:00:00+00:00,24.947,25.055,24.791,25.007,64503.29
2025-12-26T05:00:00+00:00,25.007,25.045,24.833,25.011,165084.39
2025-12-26T06:00:00+00:00,25.012,25.517,25.004,25.444,436143.34
2025-12-26T07:00:00+00:00,25.443,25.506,25.063,25.108,249124.96
2025-12-26T08:00:00+00:00,25.108,25.248,25.063,25.18,212508.28
2025-12-26T09:00:00+00:00,25.181,25.495,25.175,25.367,208907.84
2025-12-26T10:00:00+00:00,25.366,25.4,25.189,25.268,199203.86
2025-12-26T11:00:00+00:00,25.269,25.276,24.834,24.912,308987.29
2025-12-26T12:00:00+00:00,24.912,25.029,24.866,25.005,167465.55
2025-12-26T13:00:00+00:00,25.005,25.127,24.98,25.065,68089.41
2025-12-26T14:00:00+00:00,25.065,25.169,24.815,24.845,191102.04
2025-12-26T15:00:00+00:00,24.833,24.998,24.705,24.985,252945.5
2025-12-26T16:00:00+00:00,24.979,25.05,24.752,24.778,104624.02
2025-12-26T17:00:00+00:00,24.78,25.019,24.78,24.878,173564.43
2025-12-26T18:00:00+00:00,24.878,25.027,24.786,24.884,196015.16
2025-12-26T19:00:00+00:00,24.887,25.01,24.851,24.995,48265.61
2025-12-26T20:00:00+00:00,24.996,25.19,24.969,25.111,67402.82
2025-12-26T21:00:00+00:00,25.108,25.349,25.104,25.29,164948.19
2025-12-26T22:00:00+00:00,25.29,25.592,25.169,25.539,128598.11
2025-12-26T23:00:00+00:00,25.541,25.836,25.432,25.79,390750.78
2025-12-27T00:00:00+00:00,25.789,25.818,25.555,25.722,355156.0
2025-12-27T01:00:00+00:00,25.719,26.0,25.619,25.998,169394.72
2025-12-27T02:00:00+00:00,25.996,26.429,25.912,25.946,389895.52
2025-12-27T03:00:00+00:00,25.945,25.987,25.827,25.919,163441.37
2025-12-27T04:00:00+00:00,25.925,25.926,25.754,25.861,108247.67
2025-12-27T05:00:00+00:00,25.861,26.013,25.804,25.998,80066.08
2025-12-27T06:00:00+00:00,25.998,26.068,25.864,25.867,100646.96
2025-12-27T07:00:00+00:00,25.867,26.075,25.855,25.942,89135.67
2025-12-27T08:00:00+00:00,25.943,26.131,25.941,26.03,111061.12
2025-12-27T09:00:00+00:00,26.03,26.341,26.029,26.193,315768.85
2025-12-27T10:00:00+00:00,26.192,26.23,26.026,26.064,101456.2
2025-12-27T11:00:00+00:00,26.064,26.197,26.046,26.109,77726.38
2025-12-27T12:00:00+00:00,26.106,26.17,25.927,26.064,96870.2
2025-12-27T13:00:00+00:00,26.063,26.069,25.71,25.84,151607.53
2025-12-27T14:00:00+00:00,25.843,25.954,25.785,25.819,138418.35
2025-12-27T15:00:00+00:00,25.825,25.971,25.824,25.963,87139.02
2025-12-27T16:00:00+00:00,25.962,25.98,25.475,25.492,333350.04
2025-12-27T17:00:00+00:00,25.493,25.605,25.381,25.542,369402.98
2025-12-27T18:00:00+00:00,25.546,25.653,25.438,25.617,127422.85
2025-12-27T19:00:00+00:00,25.618,25.713,25.583,25.698,49696.91
2025-12-27T20:00:00+00:00,25.698,25.746,25.584,25.671,68890.93
2025-12-27T21:00:00+00:00,25.669,26.153,25.636,25.989,198519.52
2025-12-27T22:00:00+00:00,25.989,25.998,25.754,25.779,179294.63
2025-12-27T23:00:00+00:00,25.779,26.083,25.768,25.967,191856.39
2025-12-28T00:00:00+00:00,25.968,26.086,25.881,26.006,85384.6
2025-12-28T01:00:00+00:00,26.015,26.065,25.878,25.898,232888.3
2025-12-28T02:00:00+00:00,25.897,26.027,25.868,26.013,41095.93
2025-12-28T03:00:00+00:00,26.013,26.204,25.954,26.096,61183.68
2025-12-28T04:00:00+00:00,26.098,26.312,26.068,26.245,173854.37
2025-12-28T05:00:00+00:00,26.245,26.245,25.964,26.007,100919.17
2025-12-28T06:00:00+00:00,26.008,26.071,25.792,25.823,138996.76
2025-12-28T07:00:00+00:00,25.823,25.887,25.71,25.815,96279.16
2025-12-28T08:00:00+00:00,25.817,25.882,25.755,25.864,55021.34
2025-12-28T09:00:00+00:00,25.867,25.929,25.789,25.92,30096.93
2025-12-28T10:00:00+00:00,25.924,26.038,25.902,25.924,36549.36
2025-12-28T11:00:00+00:00,25.93,25.968,25.831,25.86,66830.34
2025-12-28T12:00:00+00:00,25.861,25.893,25.736,25.809,47468.94
2025-12-28T13:00:00+00:00,25.808,25.901,25.808,25.886,24211.96
2025-12-28T14:00:00+00:00,25.887,25.904,25.77,25.862,30165.25
2025-12-28T15:00:00+00:00,25.861,25.908,25.067,25.163,897831.0
2025-12-28T16:00:00+00:00,25.161,25.424,25.074,25.242,914222.17
2025-12-28T17:00:00+00:00,25.241,25.473,25.226,25.341,174990.85
2025-12-28T18:00:00+00:00,25.343,25.379,25.113,25.134,186130.27
2025-12-28T19:00:00+00:00,25.142,25.241,24.909,24.975,268456.85
2025-12-28T20:00:00+00:00,24.974,25.211,24.919,24.982,165951.44
2025-12-28T21:00:00+00:00,24.979,25.077,24.816,25.066,367341.99
2025-12-28T22:00:00+00:00,25.065,25.284,24.948,25.272,135588.29
2025-12-28T23:00:00+00:00,25.272,25.453,25.182,25.358,375166.62
2025-12-29T00:00:00+00:00,25.355,26.048,25.252,25.982,736569.6800000001
2025-12-29T01:00:00+00:00,25.983,26.193,25.75,26.097,744509.02
2025-12-29T02:00:00+00:00,26.098,26.288,26.016,26.086,763027.34
2025-12-29T03:00:00+00:00,26.085,26.186,25.9,26.093,397832.99
2025-12-29T04:00:00+00:00,26.098,26.161,25.928,26.107,262808.63
2025-12-29T05:00:00+00:00,26.107,26.291,26.014,26.035,226301.67
2025-12-29T06:00:00+00:00,26.05,26.183,25.9,25.918,157393.38
2025-12-29T07:00:00+00:00,25.918,26.153,25.789,25.935,254432.72
2025-12-29T08:00:00+00:00,25.935,26.116,25.813,25.881,148858.21
2025-12-29T09:00:00+00:00,25.88,26.041,25.52,25.725,448365.58
2025-12-29T10:00:00+00:00,25.726,25.915,25.6,25.718,465778.04
2025-12-29T11:00:00+00:00,25.717,25.72,25.56,25.655,189539.71
2025-12-29T12:00:00+00:00,25.654,25.732,25.31,25.706,375431.8
2025-12-29T13:00:00+00:00,25.707,25.818,25.559,25.684,253731.94
2025-12-29T14:00:00+00:00,25.683,25.969,25.668,25.779,373735.69
2025-12-29T15:00:00+00:00,25.781,26.13,25.744,26.027,348414.26
2025-12-29T16:00:00+00:00,26.027,26.45,26.027,26.272,539983.04
2025-12-29T17:00:00+00:00,26.274,26.36,25.968,26.172,200348.34
2025-12-29T18:00:00+00:00,26.169,26.169,25.775,25.809,206185.6
2025-12-29T19:00:00+00:00,25.812,25.958,25.607,25.645,325379.38
2025-12-29T20:00:00+00:00,25.643,25.875,25.643,25.798,191359.28
2025-12-29T21:00:00+00:00,25.796,26.0,25.776,25.905,286418.23
2025-12-29T22:00:00+00:00,25.904,25.922,25.764,25.879,135763.99
2025-12-29T23:00:00+00:00,25.874,25.929,25.629,25.789,144509.54
2025-12-30T00:00:00+00:00,25.794,25.86,25.485,25.6,218660.74
2025-12-30T01:00:00+00:00,25.592,25.627,25.501,25.595,90333.19
2025-12-30T02:00:00+00:00,25.595,25.603,25.4,25.466,113447.88
2025-12-30T03:00:00+00:00,25.465,25.885,25.37,25.76,184850.43
2025-12-30T04:00:00+00:00,25.758,26.034,25.73,25.906,146112.75
2025-12-30T05:00:00+00:00,25.906,26.278,25.897,26.158,557164.9399999999
2025-12-30T06:00:00+00:00,26.152,26.44,26.132,26.334,452888.82
2025-12-30T07:00:00+00:00,26.329,26.414,26.1,26.14,257735.47
2025-12-30T08:00:00+00:00,26.135,26.698,26.015,26.045,620960.04
2025-12-30T09:00:00+00:00,26.038,26.064,25.759,25.8,401438.25
2025-12-30T10:00:00+00:00,25.8,25.993,25.727,25.852,230178.03
2025-12-30T11:00:00+00:00,25.846,25.947,25.756,25.883,140015.03
2025-12-30T12:00:00+00:00,25.882,25.883,25.675,25.7,64931.86
2025-12-30T13:00:00+00:00,25.7,25.834,25.576,25.67,96696.55
2025-12-30T14:00:00+00:00,25.665,25.822,25.355,25.706,537281.0
2025-12-30T15:00:00+00:00,25.706,25.831,25.525,25.773,182141.51
2025-12-30T16:00:00+00:00,25.776,25.917,25.532,25.631,200455.46
2025-12-30T17:00:00+00:00,25.631,25.763,25.548,25.692,240892.32
2025-12-30T18:00:00+00:00,25.69,25.755,25.573,25.672,195993.22
2025-12-30T19:00:00+00:00,25.671,26.0,25.537,25.989,159391.46
2025-12-30T20:00:00+00:00,25.995,26.04,25.763,25.814,238593.28
2025-12-30T21:00:00+00:00,25.805,25.979,25.783,25.911,81107.2
2025-12-30T22:00:00+00:00,25.913,26.022,25.821,25.972,231567.59
2025-12-30T23:00:00+00:00,25.968,26.093,25.893,25.971,71337.75
2025-12-31T00:00:00+00:00,25.971,25.973,25.792,25.908,115322.54
2025-12-31T01:00:00+00:00,25.908,26.118,25.885,26.102,176835.35
2025-12-31T02:00:00+00:00,26.105,26.117,25.785,25.81,235779.15
2025-12-31T03:00:00+00:00,25.811,25.887,25.689,25.83,140887.4
2025-12-31T04:00:00+00:00,25.831,26.087,25.787,25.901,264197.03
2025-12-31T05:00:00+00:00,25.894,25.95,25.745,25.849,192611.93
2025-12-31T06:00:00+00:00,25.851,25.946,25.727,25.939,91930.31
2025-12-31T07:00:00+00:00,25.936,25.958,25.74,25.77,49255.33
2025-12-31T08:00:00+00:00,25.76,25.862,25.712,25.804,151018.76
2025-12-31T09:00:00+00:00,25.804,25.919,25.767,25.864,76310.03
2025-12-31T10:00:00+00:00,25.855,25.93,25.749,25.832,120909.52
2025-12-31T11:00:00+00:00,25.834,25.888,25.727,25.792,112647.48
2025-12-31T12:00:00+00:00,25.788,25.862,25.76,25.803,183142.54
2025-12-31T13:00:00+00:00,25.802,26.084,25.782,26.061,202504.62
2025-12-31T14:00:00+00:00,26.066,26.238,25.91,25.994,232665.97
2025-12-31T15:00:00+00:00,25.993,26.04,25.784,25.927,200880.73
2025-12-31T16:00:00+00:00,25.928,26.1,25.803,25.925,220101.85
2025-12-31T17:00:00+00:00,25.925,25.925,25.567,25.603,316494.74
2025-12-31T18:00:00+00:00,25.61,25.808,25.576,25.724,91531.44
2025-12-31T19:00:00+00:00,25.725,25.849,25.725,25.755,70582.47
2025-12-31T20:00:00+00:00,25.754,25.91,25.3,25.423,431634.72
2025-12-31T21:00:00+00:00,25.411,25.703,25.406,25.634,121455.41
2025-12-31T22:00:00+00:00,25.634,25.705,25.514,25.522,92060.56
2025-12-31T23:00:00+00:00,25.523,25.54,25.32,25.45,206377.08
2026-01-01T00:00:00+00:00,25.45,25.601,25.417,25.6,118629.06
2026-01-01T01:00:00+00:00,25.601,26.076,25.595,25.796,265123.8
2026-01-01T02:00:00+00:00,25.796,25.861,25.62,25.707,190353.77
2026-01-01T03:00:00+00:00,25.707,25.718,25.482,25.576,289949.37
2026-01-01T04:00:00+00:00,25.581,25.607,25.405,25.46,128765.59
2026-01-01T05:00:00+00:00,25.46,25.678,25.442,25.51,142294.56
2026-01-01T06:00:00+00:00,25.51,25.668,25.394,25.511,105769.58
2026-01-01T07:00:00+00:00,25.512,25.713,25.499,25.668,91391.38
2026-01-01T08:00:00+00:00,25.669,25.697,25.558,25.624,60575.24
2026-01-01T09:00:00+00:00,25.622,25.857,25.622,25.753,74187.14
2026-01-01T10:00:00+00:00,25.754,25.789,25.673,25.702,61839.41
2026-01-01T11:00:00+00:00,25.705,25.78,25.644,25.779,70215.29
2026-01-01T12:00:00+00:00,25.78,25.783,25.644,25.689,70539.0
2026-01-01T13:00:00+00:00,25.689,25.719,25.5,25.502,73738.66
2026-01-01T14:00:00+00:00,25.502,25.595,25.182,25.292,422422.79
2026-01-01T15:00:00+00:00,25.293,25.383,24.021,24.278,2141444.1299999999
2026-01-01T16:00:00+00:00,24.28,24.509,23.939,24.445,2135103.7599999998
2026-01-01T17:00:00+00:00,24.444,24.619,24.339,24.402,442410.73
2026-01-01T18:00:00+00:00,24.402,24.501,24.181,24.355,372637.76
2026-01-01T19:00:00+00:00,24.354,24.407,24.073,24.39,467283.19
2026-01-01T20:00:00+00:00,24.389,24.491,23.787,24.074,678355.28
2026-01-01T21:00:00+00:00,24.075,24.229,24.057,24.08,222779.98
2026-01-01T22:00:00+00:00,24.073,24.169,24.057,24.095,122925.45
2026-01-01T23:00:00+00:00,24.094,24.246,24.079,24.231,280405.46
2026-01-02T00:00:00+00:00,24.232,24.376,24.057,24.353,351183.84
2026-01-02T01:00:00+00:00,24.353,24.515,24.319,24.378,217531.96
2026-01-02T02:00:00+00:00,24.378,24.382,24.158,24.247,161307.62
2026-01-02T03:00:00+00:00,24.245,24.605,24.177,24.498,245208.01
2026-01-02T04:00:00+00:00,24.498,24.811,24.433,24.737,263596.79
2026-01-02T05:00:00+00:00,24.74,24.785,24.376,24.716,365800.37
2026-01-02T06:00:00+00:00,24.716,24.761,24.543,24.587,326571.31
2026-01-02T07:00:00+00:00,24.587,24.617,24.161,24.295,202047.48
2026-01-02T08:00:00+00:00,24.295,24.487,24.266,24.483,69257.47
2026-01-02T09:00:00+00:00,24.477,24.888,24.434,24.783,415596.6
2026-01-02T10:00:00+00:00,24.784,24.998,24.72,24.835,365728.16
2026-01-02T11:00:00+00:00,24.83,24.836,24.398,24.462,280892.29
2026-01-02T12:00:00+00:00,24.46,24.615,24.431,24.448,118097.36
2026-01-02T13:00:00+00:00,24.447,24.648,24.447,24.549,236515.13
2026-01-02T14:00:00+00:00,24.55,24.71,24.259,24.569,570123.84
2026-01-02T15:00:00+00:00,24.57,24.663,24.336,24.494,230081.45
2026-01-02T16:00:00+00:00,24.495,24.878,24.4,24.6,448603.66
2026-01-02T17:00:00+00:00,24.604,24.762,24.402,24.576,330654.74
2026-01-02T18:00:00+00:00,24.575,24.65,24.403,24.572,291259.89
2026-01-02T19:00:00+00:00,24.573,24.727,24.519,24.611,280492.69
2026-01-02T20:00:00+00:00,24.62,24.651,24.057,24.153,579354.02
2026-01-02T21:00:00+00:00,24.153,24.462,24.121,24.45,304024.84
2026-01-02T22:00:00+00:00,24.448,24.585,24.4,24.468,191531.95
2026-01-02T23:00:00+00:00,24.467,24.64,24.447,24.582,182864.13
2026-01-03T00:00:00+00:00,24.581,24.599,24.522,24.584,132047.45
2026-01-03T01:00:00+00:00,24.583,24.75,24.555,24.598,264777.52
2026-01-03T02:00:00+00:00,24.598,24.599,24.401,24.501,238550.03
2026-01-03T03:00:00+00:00,24.5,24.578,24.429,24.55,214801.74
2026-01-03T04:00:00+00:00,24.551,24.648,24.521,24.596,199848.3
2026-01-03T05:00:00+00:00,24.597,24.915,24.575,24.865,533481.96
2026-01-03T06:00:00+00:00,24.865,25.229,24.84,24.877,574428.9300000001
2026-01-03T07:00:00+00:00,24.878,24.898,24.308,24.511,365858.74
2026-01-03T08:00:00+00:00,24.511,24.655,24.362,24.531,297677.17
2026-01-03T09:00:00+00:00,24.533,24.56,24.275,24.475,284302.16
2026-01-03T10:00:00+00:00,24.475,24.681,24.426,24.601,228903.09
2026-01-03T11:00:00+00:00,24.601,24.629,24.355,24.385,324764.07
2026-01-03T12:00:00+00:00,24.39,24.582,24.3,24.564,140195.16
2026-01-03T13:00:00+00:00,24.564,24.722,24.519,24.639,201700.33
2026-01-03T14:00:00+00:00,24.645,24.77,24.565,24.694,111304.88
2026-01-03T15:00:00+00:00,24.695,24.972,24.662,24.782,241678.48
2026-01-03T16:00:00+00:00,24.783,25.009,24.696,24.944,234997.51
2026-01-03T17:00:00+00:00,24.95,25.009,24.858,24.906,84808.17
2026-01-03T18:00:00+00:00,24.91,25.19,24.827,24.995,321295.16
2026-01-03T19:00:00+00:00,25.003,25.018,24.742,24.8,132883.52
2026-01-03T20:00:00+00:00,24.804,24.804,24.474,24.767,374684.46
2026-01-03T21:00:00+00:00,24.767,25.342,24.721,25.324,417355.98
2026-01-03T22:00:00+00:00,25.318,25.438,25.169,25.37,631418.39
2026-01-03T23:00:00+00:00,25.371,25.433,25.245,25.379,241206.46
2026-01-04T00:00:00+00:00,25.376,25.578,25.128,25.335,452370.75
2026-01-04T01:00:00+00:00,25.335,25.375,25.139,25.276,313211.82
2026-01-04T02:00:00+00:00,25.276,25.296,25.038,25.125,202016.26
2026-01-04T03:00:00+00:00,25.125,25.358,25.045,25.295,164842.7
2026-01-04T04:00:00+00:00,25.296,25.353,25.091,25.151,203858.58
2026-01-04T05:00:00+00:00,25.151,25.25,25.071,25.16,85232.42
2026-01-04T06:00:00+00:00,25.16,25.286,24.951,25.132,165550.25
2026-01-04T07:00:00+00:00,25.133,25.28,25.093,25.143,207187.68
2026-01-04T08:00:00+00:00,25.143,25.165,24.854,24.984,321210.07
2026-01-04T09:00:00+00:00,24.982,25.079,24.965,25.039,94524.7
2026-01-04T10:00:00+00:00,25.035,25.342,25.029,25.275,153347.0
2026-01-04T11:00:00+00:00,25.275,25.342,25.183,25.243,93999.07
2026-01-04T12:00:00+00:00,25.237,25.34,25.11,25.144,96056.96
2026-01-04T13:00:00+00:00,25.143,25.296,25.066,25.296,58215.12
2026-01-04T14:00:00+00:00,25.287,25.84,25.259,25.796,518222.08
2026-01-04T15:00:00+00:00,25.784,26.15,25.7,26.148,485798.94
2026-01-04T16:00:00+00:00,26.148,26.406,26.056,26.176,467248.91
2026-01-04T17:00:00+00:00,26.177,26.234,25.933,26.016,301255.89
2026-01-04T18:00:00+00:00,26.02,26.071,25.751,25.877,293571.71
2026-01-04T19:00:00+00:00,25.883,25.991,25.785,25.859,114803.08
2026-01-04T20:00:00+00:00,25.86,26.471,25.815,26.452,297499.45
2026-01-04T21:00:00+00:00,26.456,26.8,26.389,26.53,1034945.48
2026-01-04T22:00:00+00:00,26.531,26.689,26.259,26.442,452957.09
2026-01-04T23:00:00+00:00,26.443,26.889,26.385,26.871,629374.3100000001
2026-01-05T00:00:00+00:00,26.871,26.94,26.493,26.89,586559.28
2026-01-05T01:00:00+00:00,26.893,27.386,26.731,27.128,894427.58
2026-01-05T02:00:00+00:00,27.127,27.231,26.33,26.579,952605.4
2026-01-05T03:00:00+00:00,26.58,26.631,26.344,26.428,178267.14
2026-01-05T04:00:00+00:00,26.43,26.643,26.148,26.542,338320.3
2026-01-05T05:00:00+00:00,26.547,26.576,26.215,26.277,215565.78
2026-01-05T06:00:00+00:00,26.28,26.41,26.166,26.324,171178.7
2026-01-05T07:00:00+00:00,26.32,26.552,26.275,26.409,64720.62
2026-01-05T08:00:00+00:00,26.401,26.51,26.344,26.442,58562.18
2026-01-05T09:00:00+00:00,26.441,26.766,26.305,26.586,185533.76
2026-01-05T10:00:00+00:00,26.588,26.67,25.933,26.114,956052.3
2026-01-05T11:00:00+00:00,26.109,26.565,26.049,26.348,541258.13
2026-01-05T12:00:00+00:00,26.342,26.363,26.004,26.15,302103.57
2026-01-05T13:00:00+00:00,26.15,26.183,25.841,26.007,367725.55
2026-01-05T14:00:00+00:00,26.005,26.286,25.8,26.15,659795.63
2026-01-05T15:00:00+00:00,26.149,26.581,25.951,26.422,435102.63
2026-01-05T16:00:00+00:00,26.421,26.703,26.306,26.434,601725.5600000001
2026-01-05T17:00:00+00:00,26.435,26.93,26.169,26.689,278001.96
2026-01-05T18:00:00+00:00,26.689,27.182,26.618,27.103,449063.86
2026-01-05T19:00:00+00:00,27.105,27.2,26.87,27.073,365970.7
2026-01-05T20:00:00+00:00,27.073,27.484,26.814,26.903,807220.16
2026-01-05T21:00:00+00:00,26.907,27.05,26.5,26.537,407674.71
2026-01-05T22:00:00+00:00,26.535,26.877,26.391,26.869,807079.89
2026-01-05T23:00:00+00:00,26.87,26.907,26.461,26.507,291074.0
2026-01-06T00:00:00+00:00,26.507,26.716,26.351,26.414,296256.59
2026-01-06T01:00:00+00:00,26.413,26.828,26.3,26.495,575116.3199999999
2026-01-06T02:00:00+00:00,26.488,26.549,26.19,26.291,471514.19
2026-01-06T03:00:00+00:00,26.291,26.6,26.1,26.399,488040.12
2026-01-06T04:00:00+00:00,26.401,26.741,26.391,26.667,347776.55
2026-01-06T05:00:00+00:00,26.653,26.726,26.4,26.645,344056.39
2026-01-06T06:00:00+00:00,26.64,27.131,26.566,26.958,673453.95
2026-01-06T07:00:00+00:00,26.954,27.03,26.329,26.388,439105.01
2026-01-06T08:00:00+00:00,26.385,26.661,26.33,26.521,165480.86
2026-01-06T09:00:00+00:00,26.524,26.739,26.455,26.476,157278.86
2026-01-06T10:00:00+00:00,26.476,26.695,26.19,26.527,579100.98
2026-01-06T11:00:00+00:00,26.527,27.04,26.513,26.923,500381.92
2026-01-06T12:00:00+00:00,26.922,27.295,26.88,27.26,417383.54
2026-01-06T13:00:00+00:00,27.26,27.298,27.011,27.142,199416.15
2026-01-06T14:00:00+00:00,27.15,27.436,27.0,27.08,646513.58
2026-01-06T15:00:00+00:00,27.074,27.439,27.033,27.169,413371.75
2026-01-06T16:00:00+00:00,27.168,27.37,26.773,27.073,657655.64
2026-01-06T17:00:00+00:00,27.073,27.499,26.699,26.719,637979.6
2026-01-06T18:00:00+00:00,26.713,26.949,26.477,26.935,740663.77
2026-01-06T19:00:00+00:00,26.935,27.567,26.787,27.089,924596.13
2026-01-06T20:00:00+00:00,27.08,27.588,27.064,27.46,390766.95
2026-01-06T21:00:00+00:00,27.461,27.898,27.272,27.531,801089.14
2026-01-06T22:00:00+00:00,27.531,27.672,27.362,27.623,239579.44
2026-01-06T23:00:00+00:00,27.622,28.38,27.619,28.241,794865.46
2026-01-07T00:00:00+00:00,28.241,28.38,27.625,27.648,696676.79
2026-01-07T01:00:00+00:00,27.646,27.91,27.456,27.764,311003.25
2026-01-07T02:00:00+00:00,27.765,28.029,27.597,27.885,197309.71
2026-01-07T03:00:00+00:00,27.886,27.947,27.647,27.807,273481.41
2026-01-07T04:00:00+00:00,27.807,27.993,27.418,27.435,161922.68
2026-01-07T05:00:00+00:00,27.443,27.7,27.407,27.451,197587.9
2026-01-07T06:00:00+00:00,27.448,27.57,27.291,27.406,234404.55
2026-01-07T07:00:00+00:00,27.405,27.648,27.387,27.615,62446.41
2026-01-07T08:00:00+00:00,27.615,27.743,27.441,27.516,149142.66
2026-01-07T09:00:00+00:00,27.52,27.603,27.058,27.12,332886.05
2026-01-07T10:00:00+00:00,27.107,27.557,27.078,27.504,566580.27
2026-01-07T11:00:00+00:00,27.501,27.559,26.986,27.038,610024.95
2026-01-07T12:00:00+00:00,27.034,27.093,26.8,26.822,426366.8
2026-01-07T13:00:00+00:00,26.819,27.062,26.771,26.906,319020.6
2026-01-07T14:00:00+00:00,26.91,26.913,26.568,26.804,566486.08
2026-01-07T15:00:00+00:00,26.814,26.837,26.487,26.487,549477.12
2026-01-07T16:00:00+00:00,26.487,26.899,26.481,26.69,401219.86
2026-01-07T17:00:00+00:00,26.69,26.949,26.624,26.735,231862.02
2026-01-07T18:00:00+00:00,26.735,27.199,26.641,26.798,279922.52
2026-01-07T19:00:00+00:00,26.799,27.081,26.688,26.888,376590.11
2026-01-07T20:00:00+00:00,26.889,27.116,26.721,26.806,262122.87
2026-01-07T21:00:00+00:00,26.806,27.007,26.514,26.601,594726.11
2026-01-07T22:00:00+00:00,26.594,27.049,26.558,26.903,371603.48
2026-01-07T23:00:00+00:00,26.903,27.05,26.712,26.875,154583.36
2026-01-08T00:00:00+00:00,26.876,27.089,26.755,26.979,134050.16
2026-01-08T01:00:00+00:00,26.984,27.039,26.825,26.835,111553.71
2026-01-08T02:00:00+00:00,26.836,26.922,26.615,26.749,117488.21
2026-01-08T03:00:00+00:00,26.75,26.849,26.363,26.514,374524.43
2026-01-08T04:00:00+00:00,26.515,26.623,26.359,26.537,178696.16
2026-01-08T05:00:00+00:00,26.538,26.732,26.506,26.536,141786.22
2026-01-08T06:00:00+00:00,26.537,26.61,26.162,26.202,381785.3
2026-01-08T07:00:00+00:00,26.213,26.717,26.133,26.707,398257.95
2026-01-08T08:00:00+00:00,26.7,26.747,26.3,26.388,327973.67
2026-01-08T09:00:00+00:00,26.388,26.521,26.101,26.108,170296.18
2026-01-08T10:00:00+00:00,26.108,26.311,25.83,26.273,716845.8199999999
2026-01-08T11:00:00+00:00,26.264,26.318,26.01,26.149,183964.92
2026-01-08T12:00:00+00:00,26.15,26.15,25.861,25.967,238279.14
2026-01-08T13:00:00+00:00,25.966,26.036,25.818,25.922,241589.73
2026-01-08T14:00:00+00:00,25.922,26.182,25.7,26.165,651631.6
2026-01-08T15:00:00+00:00,26.165,26.293,25.963,26.191,472101.43
2026-01-08T16:00:00+00:00,26.191,26.248,26.0,26.125,241166.05
2026-01-08T17:00:00+00:00,26.129,26.305,26.001,26.194,241498.85
2026-01-08T18:00:00+00:00,26.194,26.251,25.761,25.975,493392.33
2026-01-08T19:00:00+00:00,25.977,26.087,25.892,25.95,225400.65
2026-01-08T20:00:00+00:00,25.95,25.95,25.61,25.843,345301.88
2026-01-08T21:00:00+00:00,25.848,25.91,25.732,25.866,138034.61
2026-01-08T22:00:00+00:00,25.876,25.962,25.639,25.738,184629.32
2026-01-08T23:00:00+00:00,25.738,25.769,25.573,25.663,175580.0
2026-01-09T00:00:00+00:00,25.663,25.669,25.5,25.604,281823.82
2026-01-09T01:00:00+00:00,25.604,25.751,25.42,25.489,309669.34
2026-01-09T02:00:00+00:00,25.491,25.735,25.467,25.616,113102.86
2026-01-09T03:00:00+00:00,25.616,25.787,25.489,25.728,170621.06
2026-01-09T04:00:00+00:00,25.735,25.904,25.687,25.859,176780.59
2026-01-09T05:00:00+00:00,25.86,26.031,25.805,26.004,149944.23
2026-01-09T06:00:00+00:00,26.003,26.208,25.919,26.175,201507.36
2026-01-09T07:00:00+00:00,26.176,26.182,26.005,26.086,118337.03
2026-01-09T08:00:00+00:00,26.089,26.124,25.449,25.508,585853.12
2026-01-09T09:00:00+00:00,25.51,25.595,25.252,25.363,802401.72
2026-01-09T10:00:00+00:00,25.354,25.396,25.237,25.302,746348.58
2026-01-09T11:00:00+00:00,25.299,25.649,25.295,25.506,299901.07
2026-01-09T12:00:00+00:00,25.506,25.516,25.319,25.511,250662.23
2026-01-09T13:00:00+00:00,25.512,25.776,25.464,25.56,238063.61
2026-01-09T14:00:00+00:00,25.563,25.608,25.373,25.548,317893.57
2026-01-09T15:00:00+00:00,25.55,25.99,25.465,25.621,471884.6
2026-01-09T16:00:00+00:00,25.618,25.879,25.575,25.696,218899.37
2026-01-09T17:00:00+00:00,25.696,25.839,25.535,25.76,214013.03
2026-01-09T18:00:00+00:00,25.761,25.925,25.298,25.48,630905.45
2026-01-09T19:00:00+00:00,25.485,25.486,25.02,25.105,567028.16
2026-01-09T20:00:00+00:00,25.112,25.198,24.91,25.024,346103.91
2026-01-09T21:00:00+00:00,25.04,25.152,24.987,25.114,267856.01
2026-01-09T22:00:00+00:00,25.118,25.199,25.085,25.17,104554.12
2026-01-09T23:00:00+00:00,25.174,25.195,25.0,25.054,176885.83
2026-01-10T00:00:00+00:00,25.055,25.074,24.592,24.645,1103585.0
2026-01-10T01:00:00+00:00,24.652,24.704,24.403,24.605,551308.16
2026-01-10T02:00:00+00:00,24.605,24.666,24.31,24.422,522460.53
2026-01-10T03:00:00+00:00,24.425,24.473,24.208,24.403,414849.09
2026-01-10T04:00:00+00:00,24.399,24.415,24.231,24.352,227256.09
2026-01-10T05:00:00+00:00,24.357,24.434,24.301,24.302,98424.27
2026-01-10T06:00:00+00:00,24.302,24.366,24.212,24.304,70254.26
2026-01-10T07:00:00+00:00,24.304,24.364,24.176,24.331,171810.62
2026-01-10T08:00:00+00:00,24.332,24.388,24.239,24.387,108118.09
2026-01-10T09:00:00+00:00,24.386,24.636,24.368,24.617,291669.48
2026-01-10T10:00:00+00:00,24.616,24.681,24.556,24.676,106307.47
2026-01-10T11:00:00+00:00,24.676,24.677,24.46,24.552,71107.4
2026-01-10T12:00:00+00:00,24.561,24.628,24.508,24.587,86377.28
2026-01-10T13:00:00+00:00,24.585,24.585,24.5,24.511,61382.4
2026-01-10T14:00:00+00:00,24.511,24.511,24.187,24.283,252052.01
2026-01-10T15:00:00+00:00,24.283,24.329,24.231,24.317,138192.34
2026-01-10T16:00:00+00:00,24.317,24.33,24.01,24.126,230020.5
2026-01-10T17:00:00+00:00,24.126,24.242,23.855,23.949,274104.17
2026-01-10T18:00:00+00:00,23.948,24.122,23.91,24.057,377663.4
2026-01-10T19:00:00+00:00,24.061,24.144,24.047,24.117,86768.29
2026-01-10T20:00:00+00:00,24.112,24.178,24.08,24.156,95258.77
2026-01-10T21:00:00+00:00,24.152,24.242,24.12,24.139,155761.96
2026-01-10T22:00:00+00:00,24.137,24.211,23.784,23.87,187932.89
2026-01-10T23:00:00+00:00,23.868,24.057,23.828,24.02,154648.76
2026-01-11T00:00:00+00:00,24.02,24.142,23.969,24.106,123001.48
2026-01-11T01:00:00+00:00,24.104,24.183,24.012,24.133,165227.74
2026-01-11T02:00:00+00:00,24.132,24.149,24.004,24.149,89177.8
2026-01-11T03:00:00+00:00,24.14,24.2,24.081,24.191,59070.61
2026-01-11T04:00:00+00:00,24.192,24.242,24.134,24.233,46969.64
2026-01-11T05:00:00+00:00,24.23,24.318,24.225,24.29,96152.72
2026-01-11T06:00:00+00:00,24.29,24.473,24.2,24.376,81884.91
2026-01-11T07:00:00+00:00,24.376,24.485,24.342,24.447,67354.13
2026-01-11T08:00:00+00:00,24.447,24.448,24.308,24.429,74863.92
2026-01-11T09:00:00+00:00,24.419,24.51,24.332,24.402,88490.13
2026-01-11T10:00:00+00:00,24.4,24.502,24.348,24.39,179888.17
2026-01-11T11:00:00+00:00,24.398,24.44,24.366,24.426,44559.27
2026-01-11T12:00:00+00:00,24.428,24.604,24.404,24.596,204569.76
2026-01-11T13:00:00+00:00,24.592,24.626,24.5,24.56,133844.22
2026-01-11T14:00:00+00:00,24.564,24.601,24.494,24.584,65332.01
2026-01-11T15:00:00+00:00,24.59,24.625,24.361,24.421,109509.35
2026-01-11T16:00:00+00:00,24.421,24.643,24.374,24.513,148179.66
2026-01-11T17:00:00+00:00,24.515,24.611,24.46,24.555,108907.16
2026-01-11T18:00:00+00:00,24.565,24.653,24.472,24.615,78243.03
2026-01-11T19:00:00+00:00,24.615,24.65,24.514,24.546,92505.78
2026-01-11T20:00:00+00:00,24.542,24.545,24.406,24.513,104719.68
2026-01-11T21:00:00+00:00,24.512,24.514,24.416,24.459,64886.79
2026-01-11T22:00:00+00:00,24.454,24.46,24.236,24.358,252594.39
2026-01-11T23:00:00+00:00,24.351,24.428,24.26,24.42,120420.76
2026-01-12T00:00:00+00:00,24.421,24.531,24.281,24.508,143928.45
2026-01-12T01:00:00+00:00,24.508,24.735,24.43,24.718,378621.1
2026-01-12T02:00:00+00:00,24.719,25.392,24.697,25.207,764813.41
2026-01-12T03:00:00+00:00,25.214,25.281,24.83,24.879,492250.42
2026-01-12T04:00:00+00:00,24.88,25.101,24.78,25.043,174766.87
2026-01-12T05:00:00+00:00,25.04,25.072,24.827,24.827,130521.65
2026-01-12T06:00:00+00:00,24.826,24.924,24.77,24.875,136635.66
2026-01-12T07:00:00+00:00,24.875,25.033,24.689,24.71,228373.78
2026-01-12T08:00:00+00:00,24.72,24.85,24.262,24.471,671683.24
2026-01-12T09:00:00+00:00,24.468,24.539,24.064,24.081,482289.73
2026-01-12T10:00:00+00:00,24.081,24.185,23.867,23.917,410158.93
2026-01-12T11:00:00+00:00,23.915,24.087,23.61,23.992,524380.5
2026-01-12T12:00:00+00:00,23.987,24.107,23.828,23.931,182407.59
2026-01-12T13:00:00+00:00,23.931,23.986,23.625,23.773,296327.62
2026-01-12T14:00:00+00:00,23.773,23.825,23.101,23.444,1073623.0800000001
2026-01-12T15:00:00+00:00,23.443,23.635,23.262,23.589,580628.98
2026-01-12T16:00:00+00:00,23.581,23.798,23.483,23.625,523696.57
2026-01-12T17:00:00+00:00,23.624,23.803,23.256,23.442,789120.76
2026-01-12T18:00:00+00:00,23.441,23.78,23.431,23.756,268308.02
2026-01-12T19:00:00+00:00,23.755,23.93,23.653,23.9,320052.91
2026-01-12T20:00:00+00:00,23.906,24.142,23.87,24.106,611408.28
2026-01-12T21:00:00+00:00,24.09,24.139,23.848,23.929,450655.79
2026-01-12T22:00:00+00:00,23.929,24.046,23.729,23.91,318424.55
2026-01-12T23:00:00+00:00,23.909,23.925,23.69,23.76,174076.07
2026-01-13T00:00:00+00:00,23.758,24.19,23.738,24.18,401263.29
2026-01-13T01:00:00+00:00,24.181,24.252,24.001,24.052,258051.58
2026-01-13T02:00:00+00:00,24.053,24.255,24.053,24.17,115340.93
2026-01-13T03:00:00+00:00,24.169,24.253,24.121,24.235,129558.13
2026-01-13T04:00:00+00:00,24.236,24.378,24.19,24.371,153834.5
2026-01-13T05:00:00+00:00,24.372,24.489,24.283,24.404,185809.17
2026-01-13T06:00:00+00:00,24.402,24.453,24.334,24.425,73508.89
2026-01-13T07:00:00+00:00,24.429,24.493,24.254,24.275,130856.13
2026-01-13T08:00:00+00:00,24.276,24.591,24.268,24.56,176615.87
2026-01-13T09:00:00+00:00,24.568,24.679,24.312,24.34,496175.41
2026-01-13T10:00:00+00:00,24.339,24.345,24.045,24.255,395253.75
2026-01-13T11:00:00+00:00,24.255,24.409,24.219,24.306,175805.63
2026-01-13T12:00:00+00:00,24.307,24.645,24.3,24.389,371786.94
2026-01-13T13:00:00+00:00,24.389,24.612,24.257,24.39,502659.08
2026-01-13T14:00:00+00:00,24.39,24.692,24.297,24.481,298621.18
2026-01-13T15:00:00+00:00,24.481,24.569,24.249,24.395,605169.89
2026-01-13T16:00:00+00:00,24.395,24.741,24.391,24.588,511517.17
2026-01-13T17:00:00+00:00,24.591,24.648,24.389,24.508,323811.94
2026-01-13T18:00:00+00:00,24.498,24.933,24.462,24.831,324648.55
2026-01-13T19:00:00+00:00,24.827,25.043,24.744,24.974,436781.78
2026-01-13T20:00:00+00:00,24.978,25.175,24.846,24.914,269406.79
2026-01-13T21:00:00+00:00,24.914,24.976,24.709,24.747,144246.54
2026-01-13T22:00:00+00:00,24.751,25.842,24.721,25.786,1571550.3700000001
2026-01-13T23:00:00+00:00,25.786,25.852,25.401,25.767,880070.36
2026-01-14T00:00:00+00:00,25.766,25.873,25.62,25.711,327722.12
2026-01-14T01:00:00+00:00,25.712,25.908,25.627,25.672,216141.95
2026-01-14T02:00:00+00:00,25.676,25.912,25.649,25.768,141637.55
2026-01-14T03:00:00+00:00,25.762,26.136,25.701,26.075,307012.88
2026-01-14T04:00:00+00:00,26.07,26.118,25.815,25.966,226010.15
2026-01-14T05:00:00+00:00,25.963,25.994,25.715,25.81,166128.02
2026-01-14T06:00:00+00:00,25.81,26.138,25.73,26.133,143627.87
2026-01-14T07:00:00+00:00,26.13,26.211,25.964,26.192,268806.87
2026-01-14T08:00:00+00:00,26.193,26.547,26.07,26.073,353988.39
2026-01-14T09:00:00+00:00,26.075,26.195,25.828,25.852,317677.2
2026-01-14T10:00:00+00:00,25.851,26.155,25.803,26.12,315489.14
2026-01-14T11:00:00+00:00,26.121,26.121,25.812,25.823,191727.19
2026-01-14T12:00:00+00:00,25.825,26.073,25.751,25.982,104046.85
2026-01-14T13:00:00+00:00,25.984,26.079,25.826,25.829,189041.05
2026-01-14T14:00:00+00:00,25.829,26.615,25.811,26.312,768643.02
2026-01-14T15:00:00+00:00,26.312,26.536,26.037,26.339,758163.97
2026-01-14T16:00:00+00:00,26.339,26.878,26.326,26.641,639134.11
2026-01-14T17:00:00+00:00,26.642,26.743,26.112,26.147,655406.8100000001
2026-01-14T18:00:00+00:00,26.147,26.18,25.81,26.165,909111.7
2026-01-14T19:00:00+00:00,26.165,26.411,26.031,26.34,528737.87
2026-01-14T20:00:00+00:00,26.342,26.468,25.973,26.221,591815.45
2026-01-14T21:00:00+00:00,26.22,26.299,25.887,25.934,281570.78
2026-01-14T22:00:00+00:00,25.934,26.038,25.641,25.686,370765.79
2026-01-14T23:00:00+00:00,25.681,26.001,25.681,25.961,466130.87
2026-01-15T00:00:00+00:00,25.967,25.982,25.664,25.924,301426.58
2026-01-15T01:00:00+00:00,25.926,26.104,25.363,25.475,950245.01
2026-01-15T02:00:00+00:00,25.464,25.555,25.086,25.148,1009722.76
2026-01-15T03:00:00+00:00,25.149,25.218,24.712,24.725,969978.8
2026-01-15T04:00:00+00:00,24.724,25.392,24.707,25.272,989310.21
2026-01-15T05:00:00+00:00,25.273,25.281,25.077,25.092,243169.68
2026-01-15T06:00:00+00:00,25.092,25.152,24.871,24.883,245744.4
2026-01-15T07:00:00+00:00,24.884,25.109,24.868,25.025,219591.45
2026-01-15T08:00:00+00:00,25.026,25.176,24.942,25.139,146145.84
2026-01-15T09:00:00+00:00,25.14,25.284,24.938,25.126,406147.31
2026-01-15T10:00:00+00:00,25.127,25.302,25.017,25.286,319379.71
2026-01-15T11:00:00+00:00,25.287,25.347,25.148,25.209,184574.39
2026-01-15T12:00:00+00:00,25.209,25.323,25.117,25.298,172916.72
2026-01-15T13:00:00+00:00,25.299,25.571,25.227,25.504,262665.49
2026-01-15T14:00:00+00:00,25.504,25.6,25.06,25.218,442292.29
2026-01-15T15:00:00+00:00,25.218,25.285,24.492,24.9,979940.5600000001
2026-01-15T16:00:00+00:00,24.897,25.275,24.76,24.985,661191.26
2026-01-15T17:00:00+00:00,24.986,25.207,24.827,24.858,252906.24
2026-01-15T18:00:00+00:00,24.86,24.941,24.527,24.619,292002.92
2026-01-15T19:00:00+00:00,24.617,25.046,24.5,25.0,586251.0600000001
2026-01-15T20:00:00+00:00,25.0,25.2,24.337,24.4,888213.15
2026-01-15T21:00:00+00:00,24.4,24.582,24.368,24.454,191890.38
2026-01-15T22:00:00+00:00,24.453,24.656,24.42,24.629,146963.46
2026-01-15T23:00:00+00:00,24.622,24.725,24.575,24.724,46076.22
2026-01-16T00:00:00+00:00,24.725,24.866,24.715,24.77,73704.98
2026-01-16T01:00:00+00:00,24.771,24.83,24.673,24.695,73892.17
2026-01-16T02:00:00+00:00,24.694,24.752,24.499,24.639,256960.21
2026-01-16T03:00:00+00:00,24.639,24.709,24.55,24.585,119185.58
2026-01-16T04:00:00+00:00,24.584,24.77,24.482,24.585,133207.69
2026-01-16T05:00:00+00:00,24.584,24.953,24.561,24.885,198762.38
2026-01-16T06:00:00+00:00,24.885,25.04,24.864,24.969,102719.75
2026-01-16T07:00:00+00:00,24.969,25.007,24.774,24.822,114189.94
2026-01-16T08:00:00+00:00,24.821,25.115,24.811,24.941,153056.15
2026-01-16T09:00:00+00:00,24.941,25.019,24.822,24.859,377982.96
2026-01-16T10:00:00+00:00,24.859,24.913,24.686,24.896,227806.05
2026-01-16T11:00:00+00:00,24.895,25.131,24.846,25.13,157307.46
2026-01-16T12:00:00+00:00,25.13,25.15,24.899,24.989,153185.95
2026-01-16T13:00:00+00:00,24.989,25.158,24.879,25.022,144115.15
2026-01-16T14:00:00+00:00,25.021,25.243,25.007,25.018,199708.65
2026-01-16T15:00:00+00:00,25.011,25.199,24.58,24.819,612870.3199999999
2026-01-16T16:00:00+00:00,24.815,25.046,24.737,24.85,234623.02
2026-01-16T17:00:00+00:00,24.852,25.109,24.762,25.078,161804.79
2026-01-16T18:00:00+00:00,25.074,25.11,24.884,24.885,120111.57
2026-01-16T19:00:00+00:00,24.884,24.898,24.729,24.822,87968.36
2026-01-16T20:00:00+00:00,24.821,25.04,24.664,24.991,154368.67
2026-01-16T21:00:00+00:00,24.986,25.05,24.805,24.975,207795.74
2026-01-16T22:00:00+00:00,24.976,24.988,24.782,24.894,143465.85
2026-01-16T23:00:00+00:00,24.9,25.139,24.879,24.999,160066.06
2026-01-17T00:00:00+00:00,25.009,25.023,24.94,24.984,38093.14
2026-01-17T01:00:00+00:00,24.988,25.029,24.875,24.968,132921.36
2026-01-17T02:00:00+00:00,24.976,24.999,24.838,24.884,56613.15
2026-01-17T03:00:00+00:00,24.892,24.897,24.786,24.817,63409.39
2026-01-17T04:00:00+00:00,24.813,24.883,24.749,24.864,89788.49
2026-01-17T05:00:00+00:00,24.862,24.93,24.812,24.86,83167.99
2026-01-17T06:00:00+00:00,24.861,25.036,24.861,24.992,65931.6
2026-01-17T07:00:00+00:00,24.991,25.031,24.907,24.95,58542.09
2026-01-17T08:00:00+00:00,24.949,25.22,24.949,25.219,116579.38
2026-01-17T09:00:00+00:00,25.219,25.349,25.155,25.272,116350.52
2026-01-17T10:00:00+00:00,25.272,25.34,25.136,25.192,117315.9
2026-01-17T11:00:00+00:00,25.193,25.299,25.135,25.275,76665.97
2026-01-17T12:00:00+00:00,25.269,25.32,25.068,25.166,105345.92
2026-01-17T13:00:00+00:00,25.169,25.443,25.147,25.355,155599.9
2026-01-17T14:00:00+00:00,25.36,25.479,25.283,25.472,129521.22
2026-01-17T15:00:00+00:00,25.471,25.67,25.393,25.663,200960.98
2026-01-17T16:00:00+00:00,25.664,25.725,25.352,25.454,210674.15
2026-01-17T17:00:00+00:00,25.452,25.696,25.428,25.696,108755.65
2026-01-17T18:00:00+00:00,25.697,25.835,25.656,25.804,219694.74
2026-01-17T19:00:00+00:00,25.806,25.81,25.591,25.653,122495.7
2026-01-17T20:00:00+00:00,25.653,25.725,25.573,25.68,62624.72
2026-01-17T21:00:00+00:00,25.681,25.721,25.523,25.585,84886.63
2026-01-17T22:00:00+00:00,25.58,25.603,25.35,25.416,172108.16
2026-01-17T23:00:00+00:00,25.408,25.588,25.35,25.421,484040.19
2026-01-18T00:00:00+00:00,25.421,25.567,25.38,25.388,74431.72
2026-01-18T01:00:00+00:00,25.389,25.432,25.238,25.427,134525.45
2026-01-18T02:00:00+00:00,25.428,25.507,25.328,25.406,54447.93
2026-01-18T03:00:00+00:00,25.407,25.561,25.387,25.482,44419.21
2026-01-18T04:00:00+00:00,25.483,25.741,25.424,25.698,90630.7
2026-01-18T05:00:00+00:00,25.698,25.81,25.555,25.81,126701.38
2026-01-18T06:00:00+00:00,25.81,26.04,25.759,25.968,152178.24
2026-01-18T07:00:00+00:00,25.967,25.979,25.814,25.841,118391.37
2026-01-18T08:00:00+00:00,25.842,25.878,25.729,25.803,87028.53
2026-01-18T09:00:00+00:00,25.804,26.04,25.804,25.981,135487.66
2026-01-18T10:00:00+00:00,25.982,26.136,25.825,26.053,148732.49
2026-01-18T11:00:00+00:00,26.054,26.062,25.913,26.016,97829.76
2026-01-18T12:00:00+00:00,26.017,26.031,25.69,25.857,97642.32
2026-01-18T13:00:00+00:00,25.857,25.922,25.709,25.873,73519.47
2026-01-18T14:00:00+00:00,25.869,25.988,25.738,25.759,50204.6
2026-01-18T15:00:00+00:00,25.757,25.92,25.709,25.832,121577.01
2026-01-18T16:00:00+00:00,25.829,25.893,25.618,25.741,383560.14
2026-01-18T17:00:00+00:00,25.741,25.782,25.455,25.546,328875.81
2026-01-18T18:00:00+00:00,25.543,25.76,25.497,25.665,184187.84
2026-01-18T19:00:00+00:00,25.671,25.708,25.059,25.173,705805.55
2026-01-18T20:00:00+00:00,25.173,25.227,25.006,25.191,243799.66
2026-01-18T21:00:00+00:00,25.196,25.278,24.899,24.956,358511.82
2026-01-18T22:00:00+00:00,24.956,25.172,24.937,25.14,161164.56
2026-01-18T23:00:00+00:00,25.14,25.14,24.337,24.461,653382.17
2026-01-19T00:00:00+00:00,24.461,24.466,23.011,24.077,2593173.3300000001
2026-01-19T01:00:00+00:00,24.079,24.2,23.941,24.097,355754.16
2026-01-19T02:00:00+00:00,24.093,24.093,23.889,23.993,232116.7
2026-01-19T03:00:00+00:00,23.993,24.12,23.839,23.937,348058.01
2026-01-19T04:00:00+00:00,23.938,24.029,23.89,23.99,188050.86
2026-01-19T05:00:00+00:00,23.988,23.99,23.762,23.904,299126.29
2026-01-19T06:00:00+00:00,23.91,23.925,23.663,23.824,211836.91
2026-01-19T07:00:00+00:00,23.825,23.851,23.691,23.819,123107.85
2026-01-19T08:00:00+00:00,23.819,24.246,23.786,24.204,354372.92
2026-01-19T09:00:00+00:00,24.205,24.214,23.98,24.09,193970.15
2026-01-19T10:00:00+00:00,24.093,24.21,23.98,24.111,164823.51
2026-01-19T11:00:00+00:00,24.111,24.181,24.061,24.109,82949.49
2026-01-19T12:00:00+00:00,24.109,24.109,23.905,23.983,344462.87
2026-01-19T13:00:00+00:00,23.983,23.983,23.602,23.659,511333.49
2026-01-19T14:00:00+00:00,23.662,23.806,23.493,23.611,376716.95
2026-01-19T15:00:00+00:00,23.617,23.758,23.525,23.751,207978.86
2026-01-19T16:00:00+00:00,23.752,24.081,23.733,24.04,387268.62
2026-01-19T17:00:00+00:00,24.041,24.069,23.908,23.936,113096.82
2026-01-19T18:00:00+00:00,23.936,24.052,23.854,24.007,153104.89
2026-01-19T19:00:00+00:00,24.002,24.151,23.983,24.039,100681.74
2026-01-19T20:00:00+00:00,24.04,24.111,23.952,23.958,125173.23
2026-01-19T21:00:00+00:00,23.96,23.99,23.693,23.715,165391.25
2026-01-19T22:00:00+00:00,23.715,23.814,23.611,23.62,198766.1
2026-01-19T23:00:00+00:00,23.624,23.817,23.539,23.726,313549.6
2026-01-20T00:00:00+00:00,23.727,23.753,23.438,23.572,305867.3
2026-01-20T01:00:00+00:00,23.568,23.778,23.506,23.654,131476.39
2026-01-20T02:00:00+00:00,23.658,23.77,23.558,23.748,153147.18
2026-01-20T03:00:00+00:00,23.755,23.773,23.5,23.764,217068.59
2026-01-20T04:00:00+00:00,23.765,23.876,23.585,23.639,306587.86
2026-01-20T05:00:00+00:00,23.639,23.742,23.131,23.453,844117.26
2026-01-20T06:00:00+00:00,23.453,23.453,23.113,23.191,312404.36
2026-01-20T07:00:00+00:00,23.191,23.28,23.087,23.096,352509.77
2026-01-20T08:00:00+00:00,23.095,23.226,22.843,23.22,518983.95
2026-01-20T09:00:00+00:00,23.22,23.257,22.848,22.931,500304.09
2026-01-20T10:00:00+00:00,22.93,23.1,22.887,22.948,327124.07
2026-01-20T11:00:00+00:00,22.943,23.088,22.711,22.76,700024.2
2026-01-20T12:00:00+00:00,22.756,22.889,22.507,22.541,491531.39
2026-01-20T13:00:00+00:00,22.54,22.556,21.581,21.766,3445225.4300000002
2026-01-20T14:00:00+00:00,21.757,22.206,21.576,22.075,1785790.6799999999
2026-01-20T15:00:00+00:00,22.084,22.253,21.831,22.081,765210.38
2026-01-20T16:00:00+00:00,22.081,22.176,21.575,21.771,801835.11
2026-01-20T17:00:00+00:00,21.766,21.928,20.965,21.266,2527963.7999999998
2026-01-20T18:00:00+00:00,21.268,21.571,21.268,21.543,870285.47
2026-01-20T19:00:00+00:00,21.553,21.612,21.38,21.54,449902.98
2026-01-20T20:00:00+00:00,21.536,21.849,21.461,21.552,618767.34
2026-01-20T21:00:00+00:00,21.558,21.572,21.16,21.211,399949.34
2026-01-20T22:00:00+00:00,21.21,21.4,20.958,21.31,870156.45
2026-01-20T23:00:00+00:00,21.312,21.344,20.794,20.978,886888.5600000001
2026-01-21T00:00:00+00:00,20.981,21.28,20.871,21.174,684267.0699999999
2026-01-21T01:00:00+00:00,21.175,21.565,21.132,21.379,502224.76
2026-01-21T02:00:00+00:00,21.379,21.489,21.168,21.311,276401.37
2026-01-21T03:00:00+00:00,21.315,21.496,21.304,21.437,102332.7
2026-01-21T04:00:00+00:00,21.425,21.625,21.412,21.543,209303.3
2026-01-21T05:00:00+00:00,21.542,21.782,21.521,21.69,300089.83
2026-01-21T06:00:00+00:00,21.687,21.701,21.402,21.43,342515.42
2026-01-21T07:00:00+00:00,21.429,21.496,21.221,21.262,258653.39
2026-01-21T08:00:00+00:00,21.258,21.266,20.971,21.019,415920.1
2026-01-21T09:00:00+00:00,21.018,21.157,20.864,20.986,425180.72
2026-01-21T10:00:00+00:00,20.979,21.149,20.548,20.602,914839.29
2026-01-21T11:00:00+00:00,20.601,20.985,20.586,20.697,729378.01
2026-01-21T12:00:00+00:00,20.698,20.886,20.493,20.862,602890.4
2026-01-21T13:00:00+00:00,20.859,20.958,20.705,20.752,296400.53
2026-01-21T14:00:00+00:00,20.745,21.309,20.724,21.152,742934.6
2026-01-21T15:00:00+00:00,21.16,21.61,21.102,21.581,737422.45
2026-01-21T16:00:00+00:00,21.58,21.67,20.826,20.857,1424322.1699999999
2026-01-21T17:00:00+00:00,20.864,21.05,20.463,20.701,1337023.47
2026-01-21T18:00:00+00:00,20.695,20.965,20.536,20.884,279621.71
2026-01-21T19:00:00+00:00,20.883,22.023,20.777,21.874,1865599.02
2026-01-21T20:00:00+00:00,21.881,21.968,21.478,21.903,853385.08
2026-01-21T21:00:00+00:00,21.905,22.029,21.82,21.864,222177.07
2026-01-21T22:00:00+00:00,21.869,22.095,21.67,21.676,333073.71
2026-01-21T23:00:00+00:00,21.674,21.77,21.417,21.526,140583.48
2026-01-22T00:00:00+00:00,21.529,21.939,21.528,21.903,356531.34
2026-01-22T01:00:00+00:00,21.898,22.097,21.873,22.081,301976.04
2026-01-22T02:00:00+00:00,22.079,22.2,21.933,21.991,277419.46
2026-01-22T03:00:00+00:00,21.992,22.11,21.473,21.566,635123.17
2026-01-22T04:00:00+00:00,21.57,21.862,21.566,21.808,141992.16
2026-01-22T05:00:00+00:00,21.808,21.877,21.667,21.763,149231.43
2026-01-22T06:00:00+00:00,21.762,21.843,21.638,21.812,104937.82
2026-01-22T07:00:00+00:00,21.813,21.96,21.749,21.931,191916.13
2026-01-22T08:00:00+00:00,21.931,22.087,21.869,22.082,152610.84
2026-01-22T09:00:00+00:00,22.082,22.212,21.954,21.973,357541.14
2026-01-22T10:00:00+00:00,21.973,21.991,21.807,21.888,351181.6
2026-01-22T11:00:00+00:00,21.885,21.979,21.806,21.807,125232.95
2026-01-22T12:00:00+00:00,21.807,21.871,21.8,21.803,373452.47
2026-01-22T13:00:00+00:00,21.8,21.979,21.609,21.679,358636.25
2026-01-22T14:00:00+00:00,21.676,21.749,21.249,21.426,517155.77
2026-01-22T15:00:00+00:00,21.424,21.536,21.092,21.27,631718.41
2026-01-22T16:00:00+00:00,21.267,21.408,21.145,21.337,314271.11
2026-01-22T17:00:00+00:00,21.336,21.734,21.32,21.716,316343.19
2026-01-22T18:00:00+00:00,21.716,21.75,21.112,21.183,709523.02
2026-01-22T19:00:00+00:00,21.183,21.549,21.176,21.418,353196.9
2026-01-22T20:00:00+00:00,21.416,21.498,21.26,21.376,191540.61
2026-01-22T21:00:00+00:00,21.378,21.469,21.315,21.34,72473.16
2026-01-22T22:00:00+00:00,21.342,21.43,21.275,21.385,70562.14
2026-01-22T23:00:00+00:00,21.384,21.47,21.286,21.439,57442.64
2026-01-23T00:00:00+00:00,21.443,21.629,21.369,21.6,126768.82
2026-01-23T01:00:00+00:00,21.6,21.727,21.595,21.723,134580.87
2026-01-23T02:00:00+00:00,21.722,21.758,21.643,21.644,97666.85
2026-01-23T03:00:00+00:00,21.643,21.806,21.604,21.806,85236.6
2026-01-23T04:00:00+00:00,21.805,21.846,21.733,21.821,112368.83
2026-01-23T05:00:00+00:00,21.813,21.845,21.641,21.713,87258.72
2026-01-23T06:00:00+00:00,21.714,21.779,21.451,21.463,151436.61
2026-01-23T07:00:00+00:00,21.463,21.573,21.393,21.445,158056.15
2026-01-23T08:00:00+00:00,21.445,21.485,21.2,21.201,222227.72
2026-01-23T09:00:00+00:00,21.203,21.253,20.878,20.901,435749.85
2026-01-23T10:00:00+00:00,20.901,21.125,20.837,21.034,457174.01
2026-01-23T11:00:00+00:00,21.035,21.265,21.009,21.237,283811.35
2026-01-23T12:00:00+00:00,21.231,21.343,21.153,21.323,239571.92
2026-01-23T13:00:00+00:00,21.32,21.529,21.311,21.481,370779.23
2026-01-23T14:00:00+00:00,21.477,21.69,21.338,21.477,532574.99
2026-01-23T15:00:00+00:00,21.48,22.351,21.451,22.338,991017.1
2026-01-23T16:00:00+00:00,22.334,22.623,22.224,22.408,1071789.9399999999
2026-01-23T17:00:00+00:00,22.403,23.082,22.278,22.742,1172535.3200000001
2026-01-23T18:00:00+00:00,22.742,22.925,22.608,22.84,384116.67
2026-01-23T19:00:00+00:00,22.843,22.843,22.272,22.395,564997.22
2026-01-23T20:00:00+00:00,22.395,22.598,22.304,22.56,361776.14
2026-01-23T21:00:00+00:00,22.561,22.688,22.381,22.404,254368.3
2026-01-23T22:00:00+00:00,22.404,22.744,22.382,22.667,142973.83
2026-01-23T23:00:00+00:00,22.661,22.663,22.526,22.641,76907.99
2026-01-24T00:00:00+00:00,22.641,22.86,22.617,22.753,237302.73
2026-01-24T01:00:00+00:00,22.753,22.923,22.602,22.918,514122.02
2026-01-24T02:00:00+00:00,22.916,23.16,22.9,23.082,467282.66
2026-01-24T03:00:00+00:00,23.082,23.3,22.972,23.108,314861.49
2026-01-24T04:00:00+00:00,23.106,23.168,22.882,22.987,188446.64
2026-01-24T05:00:00+00:00,22.987,23.047,22.936,23.033,78209.26
2026-01-24T06:00:00+00:00,23.033,23.038,22.837,22.889,126357.18
2026-01-24T07:00:00+00:00,22.889,22.986,22.811,22.814,116197.33
2026-01-24T08:00:00+00:00,22.816,23.462,22.812,23.447,222509.6
2026-01-24T09:00:00+00:00,23.451,23.456,23.282,23.325,174883.71
2026-01-24T10:00:00+00:00,23.324,23.401,23.272,23.322,111446.74
2026-01-24T11:00:00+00:00,23.322,23.397,23.176,23.212,134860.35
2026-01-24T12:00:00+00:00,23.212,23.273,23.147,23.161,90344.18
2026-01-24T13:00:00+00:00,23.161,23.34,23.028,23.203,185942.15
2026-01-24T14:00:00+00:00,23.211,23.452,23.174,23.433,227556.39
2026-01-24T15:00:00+00:00,23.439,23.462,23.002,23.039,240483.59
2026-01-24T16:00:00+00:00,23.042,23.156,22.907,22.994,190094.77
2026-01-24T17:00:00+00:00,22.998,23.368,22.96,23.318,263059.58
2026-01-24T18:00:00+00:00,23.319,23.659,23.287,23.605,424977.38
2026-01-24T19:00:00+00:00,23.605,23.665,23.421,23.434,326439.2
2026-01-24T20:00:00+00:00,23.433,23.593,23.323,23.564,184893.09
2026-01-24T21:00:00+00:00,23.557,23.608,23.503,23.607,133968.47
2026-01-24T22:00:00+00:00,23.607,23.692,23.536,23.663,403066.75
2026-01-24T23:00:00+00:00,23.664,23.744,23.154,23.196,615954.72
2026-01-25T00:00:00+00:00,23.198,23.338,23.154,23.247,242745.49
2026-01-25T01:00:00+00:00,23.248,23.414,22.983,23.256,395197.61
2026-01-25T02:00:00+00:00,23.256,23.317,23.194,23.194,70718.63
2026-01-25T03:00:00+00:00,23.199,23.293,22.915,22.926,299764.08
2026-01-25T04:00:00+00:00,22.929,22.985,22.712,22.866,291042.8
2026-01-25T05:00:00+00:00,22.865,22.975,22.808,22.96,91897.59
2026-01-25T06:00:00+00:00,22.955,22.955,22.839,22.943,86434.22
2026-01-25T07:00:00+00:00,22.932,22.933,22.755,22.897,81171.5
2026-01-25T08:00:00+00:00,22.894,22.99,22.333,22.438,719642.78
2026-01-25T09:00:00+00:00,22.437,22.562,22.333,22.335,372856.52
2026-01-25T10:00:00+00:00,22.338,22.538,22.33,22.496,211218.8
2026-01-25T11:00:00+00:00,22.501,22.539,22.419,22.495,101704.54
2026-01-25T12:00:00+00:00,22.494,22.628,22.457,22.616,85174.22
2026-01-25T13:00:00+00:00,22.615,22.719,22.524,22.621,143927.64
2026-01-25T14:00:00+00:00,22.619,22.631,22.417,22.538,204460.49
2026-01-25T15:00:00+00:00,22.539,22.706,22.42,22.447,183518.14
2026-01-25T16:00:00+00:00,22.449,22.602,22.1,22.226,818174.92
2026-01-25T17:00:00+00:00,22.226,22.29,22.032,22.194,255314.14
2026-01-25T18:00:00+00:00,22.195,22.305,22.0,22.237,433453.78
2026-01-25T19:00:00+00:00,22.239,22.284,21.659,21.8,1000509.8
2026-01-25T20:00:00+00:00,21.801,22.015,21.749,21.977,423365.42
2026-01-25T21:00:00+00:00,21.976,22.224,21.893,21.916,357444.57
2026-01-25T22:00:00+00:00,21.922,22.106,21.621,21.923,352309.9
2026-01-25T23:00:00+00:00,21.924,22.286,21.8,22.204,528206.4300000001
2026-01-26T00:00:00+00:00,22.205,22.309,21.823,22.113,594410.45
2026-01-26T01:00:00+00:00,22.114,22.52,22.088,22.33,651921.74
2026-01-26T02:00:00+00:00,22.337,22.368,22.05,22.089,291138.77
2026-01-26T03:00:00+00:00,22.09,22.159,21.874,21.962,217123.06
2026-01-26T04:00:00+00:00,21.962,22.335,21.936,22.218,144904.66
2026-01-26T05:00:00+00:00,22.219,22.267,22.12,22.224,160515.41
2026-01-26T06:00:00+00:00,22.224,22.226,22.04,22.16,240568.66
2026-01-26T07:00:00+00:00,22.16,22.321,22.114,22.313,162043.27
2026-01-26T08:00:00+00:00,22.314,22.6,22.15,22.541,643774.95
2026-01-26T09:00:00+00:00,22.536,22.585,22.056,22.208,371509.63
2026-01-26T10:00:00+00:00,22.209,22.53,22.177,22.3,274593.69
2026-01-26T11:00:00+00:00,22.305,22.374,22.021,22.276,475163.24
2026-01-26T12:00:00+00:00,22.275,22.4,22.18,22.256,167303.81
2026-01-26T13:00:00+00:00,22.255,22.424,22.23,22.382,191648.09
2026-01-26T14:00:00+00:00,22.382,22.529,22.111,22.478,457503.04
2026-01-26T15:00:00+00:00,22.476,22.882,22.344,22.449,654846.27
2026-01-26T16:00:00+00:00,22.449,23.578,22.401,23.483,1118055.49
2026-01-26T17:00:00+00:00,23.483,23.911,23.368,23.864,996660.13
2026-01-26T18:00:00+00:00,23.863,24.21,23.69,24.2,730995.3199999999
2026-01-26T19:00:00+00:00,24.2,24.41,23.885,24.1,981813.39
2026-01-26T20:00:00+00:00,24.1,24.236,23.947,24.058,263902.51
2026-01-26T21:00:00+00:00,24.058,24.964,23.983,24.797,811089.26
2026-01-26T22:00:00+00:00,24.807,25.324,24.631,25.078,912890.28
2026-01-26T23:00:00+00:00,25.077,25.196,24.809,24.927,571937.14
2026-01-27T00:00:00+00:00,24.929,25.487,24.895,25.313,607345.12
2026-01-27T01:00:00+00:00,25.315,25.574,25.149,25.536,423542.0
2026-01-27T02:00:00+00:00,25.544,26.0,25.529,25.871,704887.65
2026-01-27T03:00:00+00:00,25.869,26.455,25.798,26.1,956579.3199999999
2026-01-27T04:00:00+00:00,26.1,26.92,26.034,26.913,882157.2
2026-01-27T05:00:00+00:00,26.914,27.395,26.65,26.818,807916.83
2026-01-27T06:00:00+00:00,26.818,27.43,26.818,27.115,558523.8
2026-01-27T07:00:00+00:00,27.115,27.793,26.965,27.412,788590.9399999999
2026-01-27T08:00:00+00:00,27.418,28.081,27.27,27.812,741725.77
2026-01-27T09:00:00+00:00,27.813,28.01,27.245,27.561,1192373.8300000001
2026-01-27T10:00:00+00:00,27.562,27.838,27.2,27.219,570742.3199999999
2026-01-27T11:00:00+00:00,27.223,27.848,27.2,27.724,433364.69
2026-01-27T12:00:00+00:00,27.721,28.164,27.505,27.628,547075.4
2026-01-27T13:00:00+00:00,27.644,27.656,27.225,27.304,422087.05
2026-01-27T14:00:00+00:00,27.303,27.676,27.131,27.356,622837.08
2026-01-27T15:00:00+00:00,27.358,28.18,27.308,28.163,744321.8100000001
2026-01-27T16:00:00+00:00,28.153,28.896,27.831,28.487,1195022.47
2026-01-27T17:00:00+00:00,28.487,28.57,27.408,27.778,1210275.8100000001
2026-01-27T18:00:00+00:00,27.777,28.442,27.618,28.358,670751.65
2026-01-27T19:00:00+00:00,28.365,29.114,28.299,28.789,1199205.3400000001
2026-01-27T20:00:00+00:00,28.783,29.793,28.731,29.751,1847128.5600000001
2026-01-27T21:00:00+00:00,29.751,29.883,29.531,29.775,1063114.3600000001
2026-01-27T22:00:00+00:00,29.771,30.484,29.527,30.468,1794165.1799999999
2026-01-27T23:00:00+00:00,30.468,30.96,30.332,30.814,1275057.0900000001
2026-01-28T00:00:00+00:00,30.8,31.6,30.709,31.466,1800655.9199999999
2026-01-28T01:00:00+00:00,31.459,33.258,31.4,32.879,3181780.5600000001
2026-01-28T02:00:00+00:00,32.88,33.66,32.433,32.859,2404605.4500000002
2026-01-28T03:00:00+00:00,32.849,33.9,32.61,33.534,2009421.4199999999
2026-01-28T04:00:00+00:00,33.534,34.201,33.328,33.99,1249720.8899999999
2026-01-28T05:00:00+00:00,33.99,34.228,32.374,32.761,1993820.4199999999
2026-01-28T06:00:00+00:00,32.754,33.836,32.729,33.829,843825.83
2026-01-28T07:00:00+00:00,33.829,33.9,33.252,33.482,548767.21
2026-01-28T08:00:00+00:00,33.482,34.761,33.377,33.737,1820939.9199999999
2026-01-28T09:00:00+00:00,33.737,34.664,33.5,34.627,778774.91
2026-01-28T10:00:00+00:00,34.627,34.791,34.308,34.411,999970.6800000001
2026-01-28T11:00:00+00:00,34.412,34.609,33.831,33.892,571187.46
2026-01-28T12:00:00+00:00,33.888,34.016,33.182,33.559,709940.55
2026-01-28T13:00:00+00:00,33.558,34.647,33.521,34.367,1321481.53
2026-01-28T14:00:00+00:00,34.367,34.367,33.494,33.637,969747.27
2026-01-28T15:00:00+00:00,33.637,33.926,33.0,33.447,918515.02
2026-01-28T16:00:00+00:00,33.459,33.497,32.538,33.014,1511384.77
2026-01-28T17:00:00+00:00,33.023,33.167,32.441,32.907,853046.9300000001
2026-01-28T18:00:00+00:00,32.903,33.062,32.331,32.883,614887.48
2026-01-28T19:00:00+00:00,32.889,33.605,32.588,33.351,786008.5
2026-01-28T20:00:00+00:00,33.339,33.716,32.909,33.014,536951.75
2026-01-28T21:00:00+00:00,33.015,33.333,32.76,32.97,763236.84
2026-01-28T22:00:00+00:00,32.97,33.595,32.788,33.318,1148921.8600000001
2026-01-28T23:00:00+00:00,33.315,34.503,33.281,34.419,1052595.49
2026-01-29T00:00:00+00:00,34.42,34.434,33.58,33.968,445536.65
2026-01-29T01:00:00+00:00,33.966,34.128,33.039,33.112,568190.42
2026-01-29T02:00:00+00:00,33.112,33.418,31.783,31.969,1669270.46
2026-01-29T03:00:00+00:00,31.967,32.447,31.635,31.715,1161211.4199999999
2026-01-29T04:00:00+00:00,31.729,32.164,31.068,31.862,1620879.1200000001
2026-01-29T05:00:00+00:00,31.857,32.011,31.517,31.933,339363.91
2026-01-29T06:00:00+00:00,31.939,33.231,31.893,32.838,1188806.9399999999
2026-01-29T07:00:00+00:00,32.837,32.976,32.209,32.419,334329.27
2026-01-29T08:00:00+00:00,32.425,33.067,32.227,32.447,502015.7
2026-01-29T09:00:00+00:00,32.438,32.61,32.208,32.248,252163.2
2026-01-29T10:00:00+00:00,32.246,32.72,32.192,32.611,98430.04
2026-01-29T11:00:00+00:00,32.598,33.795,31.804,33.291,1112391.24
2026-01-29T12:00:00+00:00,33.301,34.227,33.18,33.371,1411157.98
2026-01-29T13:00:00+00:00,33.379,34.269,33.202,34.027,687817.58
2026-01-29T14:00:00+00:00,34.024,34.536,32.958,32.996,1082794.6599999999
2026-01-29T15:00:00+00:00,32.993,33.351,31.728,33.1,2819436.23
2026-01-29T16:00:00+00:00,33.1,33.848,32.675,33.691,1250994.53
2026-01-29T17:00:00+00:00,33.68,33.95,32.859,33.38,1318052.6899999999
2026-01-29T18:00:00+00:00,33.372,33.648,32.38,32.453,936141.34
2026-01-29T19:00:00+00:00,32.458,32.721,31.903,32.09,839263.98
2026-01-29T20:00:00+00:00,32.086,32.849,31.8,32.694,777500.8199999999
2026-01-29T21:00:00+00:00,32.732,32.732,31.366,31.821,1510061.8799999999
2026-01-29T22:00:00+00:00,31.813,32.048,30.515,31.063,1787555.8799999999
2026-01-29T23:00:00+00:00,31.063,31.106,30.37,30.755,630535.4
2026-01-30T00:00:00+00:00,30.756,30.808,29.865,29.892,964967.75
2026-01-30T01:00:00+00:00,29.89,30.1,28.816,29.489,1694072.3600000001
2026-01-30T02:00:00+00:00,29.48,29.498,28.135,28.655,1933315.9299999999
2026-01-30T03:00:00+00:00,28.656,29.329,28.551,29.209,1091266.6100000001
2026-01-30T04:00:00+00:00,29.209,29.755,29.049,29.079,1012427.42
2026-01-30T05:00:00+00:00,29.079,29.551,28.908,28.908,401265.94
2026-01-30T06:00:00+00:00,28.909,29.143,28.489,28.768,953283.08
2026-01-30T07:00:00+00:00,28.764,29.237,28.592,29.113,598558.0
2026-01-30T08:00:00+00:00,29.108,29.542,28.997,29.18,512936.8
2026-01-30T09:00:00+00:00,29.18,29.633,29.112,29.22,331861.18
2026-01-30T10:00:00+00:00,29.223,29.959,29.179,29.7,544497.3
2026-01-30T11:00:00+00:00,29.73,30.888,29.67,30.59,782699.05
2026-01-30T12:00:00+00:00,30.6,30.682,29.788,29.972,394248.4
2026-01-30T13:00:00+00:00,29.975,29.988,29.184,29.296,498712.71
2026-01-30T14:00:00+00:00,29.291,29.989,29.025,29.087,834942.72
2026-01-30T15:00:00+00:00,29.107,29.653,28.705,28.948,824619.09
2026-01-30T16:00:00+00:00,28.947,29.456,28.53,29.245,756404.65
2026-01-30T17:00:00+00:00,29.241,29.829,28.878,29.532,723014.74
2026-01-30T18:00:00+00:00,29.525,31.794,29.021,31.673,2039877.2
2026-01-30T19:00:00+00:00,31.692,32.896,31.555,32.069,1873004.8700000001
2026-01-30T20:00:00+00:00,32.076,32.102,30.988,30.992,1209047.2
2026-01-30T21:00:00+00:00,31.003,31.51,30.915,31.105,696384.17
2026-01-30T22:00:00+00:00,31.09,31.235,30.724,31.19,457713.11
2026-01-30T23:00:00+00:00,31.192,31.207,30.248,30.6,567790.86
2026-01-31T00:00:00+00:00,30.596,31.359,30.5,30.988,418191.31
2026-01-31T01:00:00+00:00,30.98,31.521,30.93,31.446,415076.33
2026-01-31T02:00:00+00:00,31.43,32.037,30.929,31.816,420435.91
2026-01-31T03:00:00+00:00,31.805,32.13,31.497,31.656,337910.92
2026-01-31T04:00:00+00:00,31.65,31.848,31.008,31.132,368016.01
2026-01-31T05:00:00+00:00,31.132,31.295,30.787,31.191,432190.75
2026-01-31T06:00:00+00:00,31.182,31.264,30.42,30.607,383179.93
2026-01-31T07:00:00+00:00,30.608,30.832,30.432,30.613,267745.68
2026-01-31T08:00:00+00:00,30.613,30.894,30.287,30.628,553575.48
2026-01-31T09:00:00+00:00,30.635,30.698,30.0,30.044,477621.62
2026-01-31T10:00:00+00:00,30.048,30.403,29.773,30.265,210626.01
2026-01-31T11:00:00+00:00,30.27,30.508,29.954,30.24,301369.53
2026-01-31T12:00:00+00:00,30.234,30.451,30.05,30.217,168713.04
2026-01-31T13:00:00+00:00,30.229,30.376,29.861,30.089,281341.84
2026-01-31T14:00:00+00:00,30.091,30.2,28.646,29.31,2115886.5
2026-01-31T15:00:00+00:00,29.311,29.354,28.415,28.631,742744.42
2026-01-31T16:00:00+00:00,28.635,28.787,27.985,28.246,1264195.6899999999
2026-01-31T17:00:00+00:00,28.233,28.733,27.338,28.608,2346340.5099999998
2026-01-31T18:00:00+00:00,28.619,29.528,27.298,29.127,2045474.54
2026-01-31T19:00:00+00:00,29.127,29.91,28.552,29.068,1402576.55
2026-01-31T20:00:00+00:00,29.056,29.471,28.578,29.442,586412.49
2026-01-31T21:00:00+00:00,29.428,30.364,29.412,30.0,920784.25
2026-01-31T22:00:00+00:00,30.005,30.527,29.834,30.379,615814.74
2026-01-31T23:00:00+00:00,30.381,31.146,30.061,30.981,963130.72
2026-02-01T00:00:00+00:00,30.988,32.432,30.911,32.279,1301615.77
2026-02-01T01:00:00+00:00,32.28,32.54,31.614,31.788,631706.97
2026-02-01T02:00:00+00:00,31.789,32.436,31.306,32.119,488276.13
2026-02-01T03:00:00+00:00,32.122,32.208,31.333,31.443,245377.29
2026-02-01T04:00:00+00:00,31.439,31.982,31.427,31.667,241300.97
2026-02-01T05:00:00+00:00,31.662,31.722,30.682,30.77,605875.58
2026-02-01T06:00:00+00:00,30.766,30.837,30.276,30.485,470328.79
2026-02-01T07:00:00+00:00,30.479,30.901,30.17,30.669,416303.38
2026-02-01T08:00:00+00:00,30.67,31.032,30.522,30.918,347477.69
2026-02-01T09:00:00+00:00,30.918,31.392,30.797,31.347,372606.95
2026-02-01T10:00:00+00:00,31.335,31.539,30.2,30.356,316066.39
2026-02-01T11:00:00+00:00,30.354,31.159,30.346,30.945,244234.22
2026-02-01T12:00:00+00:00,30.945,31.047,30.3,30.31,265163.55
2026-02-01T13:00:00+00:00,30.31,30.515,29.425,29.463,583195.63
2026-02-01T14:00:00+00:00,29.472,29.665,28.898,29.106,907438.33
2026-02-01T15:00:00+00:00,29.099,29.196,28.449,28.965,1072522.8500000001
2026-02-01T16:00:00+00:00,28.995,29.515,28.758,29.428,538079.95
2026-02-01T17:00:00+00:00,29.427,29.754,29.169,29.608,476415.66
2026-02-01T18:00:00+00:00,29.607,30.245,29.606,29.915,831003.86
2026-02-01T19:00:00+00:00,29.91,29.963,29.108,29.409,439583.5
2026-02-01T20:00:00+00:00,29.408,29.877,29.019,29.641,627199.47
2026-02-01T21:00:00+00:00,29.641,30.187,28.91,30.169,1111268.28
2026-02-01T22:00:00+00:00,30.168,30.444,29.746,30.067,690711.62
2026-02-01T23:00:00+00:00,30.067,31.2,29.34,30.557,1302634.4299999999
2026-02-02T00:00:00+00:00,30.558,31.8,30.424,30.985,869528.62
2026-02-02T01:00:00+00:00,30.984,31.629,30.533,31.211,495456.7
2026-02-02T02:00:00+00:00,31.211,31.533,31.045,31.188,447990.22
2026-02-02T03:00:00+00:00,31.202,32.02,30.066,31.954,1686718.3100000001
2026-02-02T04:00:00+00:00,31.966,32.0,30.902,31.168,965779.5699999999
2026-02-02T05:00:00+00:00,31.173,31.204,30.427,30.757,704174.59
2026-02-02T06:00:00+00:00,30.755,30.82,29.435,30.26,1017146.39
2026-02-02T07:00:00+00:00,30.26,31.433,29.793,31.188,918270.1899999999
2026-02-02T08:00:00+00:00,31.175,31.5,30.668,30.889,389153.27
2026-02-02T09:00:00+00:00,30.889,31.379,30.515,31.038,391363.91
2026-02-02T10:00:00+00:00,31.039,31.514,30.851,30.919,216343.61
2026-02-02T11:00:00+00:00,30.919,31.491,30.861,30.899,270153.94
2026-02-02T12:00:00+00:00,30.898,31.129,30.554,30.899,339952.45
2026-02-02T13:00:00+00:00,30.9,31.041,30.371,30.892,514258.21
2026-02-02T14:00:00+00:00,30.878,33.333,30.577,31.864,3554679.52
2026-02-02T15:00:00+00:00,31.864,32.729,31.616,32.723,1285409.99
2026-02-02T16:00:00+00:00,32.724,33.737,32.503,32.634,1853133.5900000001
2026-02-02T17:00:00+00:00,32.634,33.46,32.576,32.67,738545.22
2026-02-02T18:00:00+00:00,32.696,32.709,31.601,32.09,1026834.6
2026-02-02T19:00:00+00:00,32.097,32.542,31.926,32.486,383353.53
2026-02-02T20:00:00+00:00,32.484,33.152,32.211,32.269,725255.45
2026-02-02T21:00:00+00:00,32.276,33.41,32.218,33.311,620855.03
2026-02-02T22:00:00+00:00,33.315,33.99,33.304,33.958,1006621.23
2026-02-02T23:00:00+00:00,33.951,33.97,33.228,33.3,712073.02
2026-02-03T00:00:00+00:00,33.3,34.166,33.139,34.092,669497.91
2026-02-03T01:00:00+00:00,34.103,35.53,33.831,35.426,1535835.6399999999
2026-02-03T02:00:00+00:00,35.406,36.251,35.192,35.865,1527657.78
2026-02-03T03:00:00+00:00,35.851,38.2,35.631,37.899,3085324.29
2026-02-03T04:00:00+00:00,37.908,38.441,37.371,37.79,1707460.79
2026-02-03T05:00:00+00:00,37.844,37.844,36.905,37.225,1203184.02
2026-02-03T06:00:00+00:00,37.217,37.562,36.698,37.054,516287.72
2026-02-03T07:00:00+00:00,37.035,37.426,36.759,37.275,549088.55
2026-02-03T08:00:00+00:00,37.278,37.961,36.864,37.549,730642.99
2026-02-03T09:00:00+00:00,37.552,37.607,36.293,37.048,857160.86
2026-02-03T10:00:00+00:00,37.049,37.157,35.672,36.002,801488.6800000001
2026-02-03T11:00:00+00:00,36.002,36.5,35.905,36.058,379395.44
2026-02-03T12:00:00+00:00,36.061,36.405,35.751,36.081,365932.43
2026-02-03T13:00:00+00:00,36.063,36.25,35.515,36.155,479519.53
2026-02-03T14:00:00+00:00,36.164,36.365,34.852,34.935,1104874.8700000001
2026-02-03T15:00:00+00:00,34.921,34.95,33.541,34.192,2478507.54
2026-02-03T16:00:00+00:00,34.195,34.208,32.798,33.601,2377257.96
2026-02-03T17:00:00+00:00,33.619,33.792,32.3,32.324,1494051.76
2026-02-03T18:00:00+00:00,32.309,33.297,32.258,32.599,1806446.29
2026-02-03T19:00:00+00:00,32.594,34.737,32.583,33.875,2934938.3300000001
2026-02-03T20:00:00+00:00,33.876,35.422,33.524,35.395,1787377.54
2026-02-03T21:00:00+00:00,35.376,35.646,33.5,33.866,1250327.6299999999
2026-02-03T22:00:00+00:00,33.867,33.994,32.783,33.052,794567.45
2026-02-03T23:00:00+00:00,33.052,33.412,32.456,32.684,589746.4399999999
2026-02-04T00:00:00+00:00,32.685,33.548,32.343,32.95,984221.6
2026-02-04T01:00:00+00:00,32.95,33.849,32.823,32.998,937701.73
2026-02-04T02:00:00+00:00,32.995,33.487,32.505,32.723,620232.08
2026-02-04T03:00:00+00:00,32.716,33.729,32.689,33.674,545066.74
2026-02-04T04:00:00+00:00,33.673,33.88,33.381,33.506,471814.48
2026-02-04T05:00:00+00:00,33.492,34.0,32.856,33.069,546078.38
2026-02-04T06:00:00+00:00,33.069,33.881,33.047,33.854,405916.69
2026-02-04T07:00:00+00:00,33.853,33.855,33.297,33.366,217483.99
2026-02-04T08:00:00+00:00,33.366,33.42,32.954,33.14,431479.46
2026-02-04T09:00:00+00:00,33.142,33.439,32.812,33.333,374544.62
2026-02-04T10:00:00+00:00,33.342,33.522,33.065,33.128,239792.26
2026-02-04T11:00:00+00:00,33.134,33.597,32.55,33.325,422908.92
2026-02-04T12:00:00+00:00,33.311,33.878,33.267,33.625,318021.63
2026-02-04T13:00:00+00:00,33.62,33.8,32.665,32.679,542813.75
2026-02-04T14:00:00+00:00,32.675,33.6,32.476,32.993,957377.08
2026-02-04T15:00:00+00:00,32.989,34.321,32.875,34.021,1911640.5900000001
2026-02-04T16:00:00+00:00,34.017,35.0,33.928,34.57,1678526.8899999999
2026-02-04T17:00:00+00:00,34.566,34.689,33.053,34.389,1693604.4199999999
2026-02-04T18:00:00+00:00,34.4,34.987,33.793,34.335,1673377.78
2026-02-04T19:00:00+00:00,34.333,35.341,33.691,35.333,1005866.27
2026-02-04T20:00:00+00:00,35.324,35.857,34.755,35.78,1099281.54
2026-02-04T21:00:00+00:00,35.791,35.892,34.8,35.133,1227678.4099999999
2026-02-04T22:00:00+00:00,35.133,36.22,34.455,34.928,1342108.4199999999
2026-02-04T23:00:00+00:00,34.918,36.0,34.506,35.45,834107.66
2026-02-05T00:00:00+00:00,35.452,35.483,34.606,34.719,785288.99
2026-02-05T01:00:00+00:00,34.723,35.116,33.703,33.703,885249.47
2026-02-05T02:00:00+00:00,33.711,34.044,33.342,33.425,705995.5600000001
2026-02-05T03:00:00+00:00,33.425,33.708,33.179,33.464,621568.42
2026-02-05T04:00:00+00:00,33.46,34.018,33.271,33.748,434931.56
2026-02-05T05:00:00+00:00,33.735,33.95,33.406,33.501,324853.27
2026-02-05T06:00:00+00:00,33.506,33.925,33.324,33.849,316412.66
2026-02-05T07:00:00+00:00,33.848,34.673,33.793,34.182,586864.78
2026-02-05T08:00:00+00:00,34.181,35.23,34.059,34.681,654784.95
2026-02-05T09:00:00+00:00,34.681,35.256,34.539,34.72,427971.0
2026-02-05T10:00:00+00:00,34.72,34.865,34.09,34.09,353293.1
2026-02-05T11:00:00+00:00,34.09,34.327,32.604,32.878,1256042.9399999999
2026-02-05T12:00:00+00:00,32.873,33.009,31.081,32.169,2313488.7200000002
2026-02-05T13:00:00+00:00,32.184,32.588,31.658,32.576,1039404.9300000001
2026-02-05T14:00:00+00:00,32.578,32.808,31.845,31.931,1454767.8600000001
2026-02-05T15:00:00+00:00,31.951,32.364,31.373,31.831,1990522.0800000001
2026-02-05T16:00:00+00:00,31.821,33.064,31.011,32.853,1742330.0900000001
2026-02-05T17:00:00+00:00,32.849,33.363,32.045,33.198,1741104.8200000001
2026-02-05T18:00:00+00:00,33.196,33.236,32.05,32.787,1267538.77
2026-02-05T19:00:00+00:00,32.819,32.98,32.227,32.481,580432.73
2026-02-05T20:00:00+00:00,32.492,32.948,31.813,32.467,1619225.51
2026-02-05T21:00:00+00:00,32.468,33.715,32.056,33.11,1604296.99
2026-02-05T22:00:00+00:00,33.099,33.922,32.65,33.672,1056342.76
2026-02-05T23:00:00+00:00,33.676,34.486,32.784,33.076,1410667.8899999999
2026-02-06T00:00:00+00:00,33.066,33.645,31.268,33.185,2973780.1499999999
2026-02-06T01:00:00+00:00,33.174,36.797,33.131,36.3,2679388.4199999999
2026-02-06T02:00:00+00:00,36.308,36.797,34.927,35.112,1398291.27
2026-02-06T03:00:00+00:00,35.125,35.406,34.6,34.75,543415.9300000001
2026-02-06T04:00:00+00:00,34.75,35.305,34.46,34.775,528562.62
2026-02-06T05:00:00+00:00,34.778,35.331,34.149,35.085,686218.03
2026-02-06T06:00:00+00:00,35.099,35.6,33.187,33.635,1243386.8100000001
2026-02-06T07:00:00+00:00,33.635,33.928,32.85,32.889,522964.53
2026-02-06T08:00:00+00:00,32.872,33.12,32.34,32.444,1070789.05
2026-02-06T09:00:00+00:00,32.459,33.359,32.162,33.031,682826.67
2026-02-06T10:00:00+00:00,33.022,33.787,32.881,33.744,350823.61
2026-02-06T11:00:00+00:00,33.721,34.354,33.456,33.893,385490.75
2026-02-06T12:00:00+00:00,33.889,34.505,33.581,34.38,441559.93
2026-02-06T13:00:00+00:00,34.372,34.92,33.658,33.696,817054.5699999999
2026-02-06T14:00:00+00:00,33.691,34.094,32.975,33.51,1166627.1399999999
2026-02-06T15:00:00+00:00,33.52,33.815,32.31,32.45,1338465.23
2026-02-06T16:00:00+00:00,32.431,34.2,32.239,34.182,1546750.8500000001
2026-02-06T17:00:00+00:00,34.189,34.525,32.992,33.318,1202287.05
2026-02-06T18:00:00+00:00,33.327,33.494,32.667,32.847,757810.99
2026-02-06T19:00:00+00:00,32.849,33.319,32.597,33.256,402723.27
2026-02-06T20:00:00+00:00,33.261,33.261,32.224,32.568,1046566.6
2026-02-06T21:00:00+00:00,32.568,32.898,32.318,32.812,481845.27
2026-02-06T22:00:00+00:00,32.823,33.115,32.665,32.848,329661.98
2026-02-06T23:00:00+00:00,32.851,33.188,32.305,32.372,414479.07
2026-02-07T00:00:00+00:00,32.363,32.459,31.703,31.908,734693.09
2026-02-07T01:00:00+00:00,31.904,32.489,31.516,32.342,475803.78
2026-02-07T02:00:00+00:00,32.332,32.779,32.143,32.269,336387.22
2026-02-07T03:00:00+00:00,32.262,33.094,32.093,33.093,313932.1
2026-02-07T04:00:00+00:00,33.094,33.291,32.398,32.523,344059.74
2026-02-07T05:00:00+00:00,32.518,33.208,32.455,32.843,166519.95
2026-02-07T06:00:00+00:00,32.849,33.21,32.732,32.825,196884.3
2026-02-07T07:00:00+00:00,32.825,33.24,32.317,32.974,376232.1
2026-02-07T08:00:00+00:00,32.962,33.216,32.606,33.04,158166.9
2026-02-07T09:00:00+00:00,33.041,33.829,32.971,33.262,379588.88
2026-02-07T10:00:00+00:00,33.258,33.37,32.485,32.832,272562.33
2026-02-07T11:00:00+00:00,32.821,33.011,32.468,32.736,194822.68
2026-02-07T12:00:00+00:00,32.735,33.243,32.633,32.802,217505.33
2026-02-07T13:00:00+00:00,32.808,33.08,32.335,32.46,175485.9
2026-02-07T14:00:00+00:00,32.472,32.653,32.1,32.112,207067.77
2026-02-07T15:00:00+00:00,32.116,32.419,31.867,32.06,272934.09
2026-02-07T16:00:00+00:00,32.051,32.43,31.2,31.547,889849.79
2026-02-07T17:00:00+00:00,31.544,31.771,31.2,31.616,254817.07
2026-02-07T18:00:00+00:00,31.616,32.556,31.519,32.369,624402.23
2026-02-07T19:00:00+00:00,32.369,32.37,31.454,31.543,432562.59
2026-02-07T20:00:00+00:00,31.542,31.936,31.449,31.867,248078.45
2026-02-07T21:00:00+00:00,31.862,32.043,31.555,31.66,175724.6
2026-02-07T22:00:00+00:00,31.639,31.844,31.539,31.549,146682.96
2026-02-07T23:00:00+00:00,31.549,31.58,31.02,31.398,437101.68
2026-02-08T00:00:00+00:00,31.409,31.542,31.11,31.434,220153.85
2026-02-08T01:00:00+00:00,31.433,31.976,31.433,31.733,287470.0
2026-02-08T02:00:00+00:00,31.736,31.886,31.14,31.225,211162.08
2026-02-08T03:00:00+00:00,31.228,31.473,30.999,31.312,215807.03
2026-02-08T04:00:00+00:00,31.323,31.694,31.232,31.557,144988.45
2026-02-08T05:00:00+00:00,31.552,31.881,31.452,31.493,173844.18
2026-02-08T06:00:00+00:00,31.496,31.547,30.509,30.788,667237.2
2026-02-08T07:00:00+00:00,30.789,31.181,30.717,31.019,241481.94
2026-02-08T08:00:00+00:00,31.029,31.63,30.725,31.494,443805.62
2026-02-08T09:00:00+00:00,31.493,31.998,31.461,31.561,350152.95
2026-02-08T10:00:00+00:00,31.561,31.858,31.374,31.691,153463.82
2026-02-08T11:00:00+00:00,31.678,32.157,31.606,32.052,363329.39
2026-02-08T12:00:00+00:00,32.055,32.262,31.279,31.546,365108.88
2026-02-08T13:00:00+00:00,31.535,31.837,31.336,31.768,216372.3
2026-02-08T14:00:00+00:00,31.771,31.833,31.412,31.501,108440.22
2026-02-08T15:00:00+00:00,31.499,31.718,31.061,31.61,283937.43
2026-02-08T16:00:00+00:00,31.609,31.97,31.407,31.77,243601.75
2026-02-08T17:00:00+00:00,31.789,32.461,31.71,32.265,682610.97
2026-02-08T18:00:00+00:00,32.287,32.94,32.222,32.573,426682.61
2026-02-08T19:00:00+00:00,32.579,32.978,32.525,32.731,169116.23
2026-02-08T20:00:00+00:00,32.742,32.911,32.256,32.342,266030.37
2026-02-08T21:00:00+00:00,32.342,32.605,32.029,32.172,220390.88
2026-02-08T22:00:00+00:00,32.186,32.416,32.018,32.332,220291.24
2026-02-08T23:00:00+00:00,32.322,33.032,32.095,32.441,542537.29
2026-02-09T00:00:00+00:00,32.436,33.021,32.213,32.965,193324.26
2026-02-09T01:00:00+00:00,32.951,33.3,32.648,33.102,409147.67
2026-02-09T02:00:00+00:00,33.101,33.294,32.804,32.943,305893.52
2026-02-09T03:00:00+00:00,32.953,33.5,32.78,33.106,423351.52
2026-02-09T04:00:00+00:00,33.104,33.223,32.681,32.812,255518.77
2026-02-09T05:00:00+00:00,32.816,32.847,32.504,32.732,117831.91
2026-02-09T06:00:00+00:00,32.733,32.768,32.503,32.552,137998.72
2026-02-09T07:00:00+00:00,32.559,32.704,32.273,32.412,143732.75
2026-02-09T08:00:00+00:00,32.418,32.509,31.901,32.289,364298.82
2026-02-09T09:00:00+00:00,32.28,32.417,31.653,31.722,304684.73
2026-02-09T10:00:00+00:00,31.721,31.852,31.291,31.638,371782.37
2026-02-09T11:00:00+00:00,31.637,31.75,31.195,31.352,190504.64
2026-02-09T12:00:00+00:00,31.352,31.592,31.316,31.381,189398.82
2026-02-09T13:00:00+00:00,31.381,31.622,31.302,31.308,138417.8
2026-02-09T14:00:00+00:00,31.302,32.083,31.203,31.938,394651.72
2026-02-09T15:00:00+00:00,31.934,32.12,31.221,31.271,344515.25
2026-02-09T16:00:00+00:00,31.265,31.56,30.893,31.54,599570.72
2026-02-09T17:00:00+00:00,31.535,31.995,31.267,31.907,346577.27
2026-02-09T18:00:00+00:00,31.901,32.24,31.525,31.568,483058.21
2026-02-09T19:00:00+00:00,31.574,32.079,31.355,32.04,309917.02
2026-02-09T20:00:00+00:00,32.043,32.14,31.728,31.853,206882.64
2026-02-09T21:00:00+00:00,31.85,31.886,31.262,31.596,205752.38
2026-02-09T22:00:00+00:00,31.601,31.704,31.264,31.413,172874.74
2026-02-09T23:00:00+00:00,31.405,31.446,31.219,31.317,142479.68
2026-02-10T00:00:00+00:00,31.322,31.384,30.91,31.094,269353.73
2026-02-10T01:00:00+00:00,31.093,31.508,31.076,31.487,143657.66
2026-02-10T02:00:00+00:00,31.48,31.534,30.8,30.979,225961.6
2026-02-10T03:00:00+00:00,30.979,30.99,30.565,30.768,335447.56
2026-02-10T04:00:00+00:00,30.764,30.996,30.502,30.863,263239.77
2026-02-10T05:00:00+00:00,30.859,30.864,30.261,30.403,348042.21
2026-02-10T06:00:00+00:00,30.397,30.489,29.737,29.989,520860.47
2026-02-10T07:00:00+00:00,29.993,30.133,29.861,29.989,279177.41
2026-02-10T08:00:00+00:00,29.987,30.101,29.716,29.901,269439.82
2026-02-10T09:00:00+00:00,29.901,30.269,29.892,30.052,153386.15
2026-02-10T10:00:00+00:00,30.055,30.176,29.512,29.559,309323.27
2026-02-10T11:00:00+00:00,29.562,29.858,29.489,29.489,160944.22
2026-02-10T12:00:00+00:00,29.523,29.631,29.237,29.378,458335.79
2026-02-10T13:00:00+00:00,29.374,30.001,29.297,29.93,313377.02
2026-02-10T14:00:00+00:00,29.931,30.054,29.202,29.582,452199.72
2026-02-10T15:00:00+00:00,29.567,29.92,29.495,29.804,242172.19
2026-02-10T16:00:00+00:00,29.803,30.306,29.736,30.215,332550.07
2026-02-10T17:00:00+00:00,30.2,30.53,30.014,30.368,241673.9
2026-02-10T18:00:00+00:00,30.369,30.38,29.642,29.888,476549.73
2026-02-10T19:00:00+00:00,29.895,29.91,29.565,29.832,210235.81
2026-02-10T20:00:00+00:00,29.829,29.899,29.528,29.541,189742.61
2026-02-10T21:00:00+00:00,29.533,29.6,29.109,29.497,320839.83
2026-02-10T22:00:00+00:00,29.507,29.547,29.041,29.052,253086.43
2026-02-10T23:00:00+00:00,29.052,29.185,28.754,28.824,741631.05
2026-02-11T00:00:00+00:00,28.834,29.231,28.71,29.195,312023.63
2026-02-11T01:00:00+00:00,29.185,29.219,28.9,29.114,216521.6
2026-02-11T02:00:00+00:00,29.124,29.248,28.847,28.864,180301.91
2026-02-11T03:00:00+00:00,28.87,28.977,28.663,28.777,304971.74
2026-02-11T04:00:00+00:00,28.776,29.116,28.556,29.072,293299.04
2026-02-11T05:00:00+00:00,29.074,29.356,29.003,29.035,271483.58
2026-02-11T06:00:00+00:00,29.024,29.409,28.926,28.933,307229.18
2026-02-11T07:00:00+00:00,28.939,28.996,28.65,28.73,266682.38
2026-02-11T08:00:00+00:00,28.734,29.024,28.58,28.881,196625.2
2026-02-11T09:00:00+00:00,28.862,28.967,28.499,28.545,152908.34
2026-02-11T10:00:00+00:00,28.556,28.589,28.367,28.513,251142.29
2026-02-11T11:00:00+00:00,28.51,29.27,28.471,29.087,459824.96
2026-02-11T12:00:00+00:00,29.074,29.317,28.916,28.949,277022.88
2026-02-11T13:00:00+00:00,28.94,29.193,28.832,29.144,227699.73
2026-02-11T14:00:00+00:00,29.148,29.363,28.693,28.79,460230.55
2026-02-11T15:00:00+00:00,28.788,28.94,28.283,28.905,607139.73
2026-02-11T16:00:00+00:00,28.895,29.497,28.895,29.294,546803.14
2026-02-11T17:00:00+00:00,29.298,29.759,29.097,29.453,654506.4300000001
2026-02-11T18:00:00+00:00,29.453,29.79,29.255,29.761,210854.25
2026-02-11T19:00:00+00:00,29.755,29.772,29.39,29.514,257504.47
2026-02-11T20:00:00+00:00,29.515,30.15,29.478,30.04,330345.78
2026-02-11T21:00:00+00:00,30.039,30.179,29.854,29.955,378844.38
2026-02-11T22:00:00+00:00,29.953,29.957,29.514,29.515,267230.9
2026-02-11T23:00:00+00:00,29.515,29.525,29.157,29.378,344547.6
2026-02-12T00:00:00+00:00,29.366,29.951,29.361,29.876,162212.31
2026-02-12T01:00:00+00:00,29.885,30.4,29.84,30.393,330082.63
2026-02-12T02:00:00+00:00,30.394,30.92,30.252,30.804,476802.01
2026-02-12T03:00:00+00:00,30.799,30.89,30.502,30.53,260776.04
2026-02-12T04:00:00+00:00,30.534,30.698,30.219,30.308,139180.22
2026-02-12T05:00:00+00:00,30.303,30.4,30.105,30.33,104197.27
2026-02-12T06:00:00+00:00,30.332,30.601,30.219,30.463,120023.03
2026-02-12T07:00:00+00:00,30.462,30.493,30.0,30.234,148854.35
2026-02-12T08:00:00+00:00,30.212,30.422,30.109,30.4,96158.56
2026-02-12T09:00:00+00:00,30.4,30.831,30.342,30.742,375017.28
2026-02-12T10:00:00+00:00,30.742,30.87,30.59,30.779,198803.61
2026-02-12T11:00:00+00:00,30.779,31.766,30.705,31.631,660258.36
2026-02-12T12:00:00+00:00,31.619,31.797,30.941,30.99,286815.82
2026-02-12T13:00:00+00:00,30.989,31.354,30.626,31.353,464476.9
2026-02-12T14:00:00+00:00,31.354,31.415,30.851,31.38,324707.32
2026-02-12T15:00:00+00:00,31.364,31.503,30.75,30.765,580879.6800000001
2026-02-12T16:00:00+00:00,30.778,30.898,29.745,29.983,1056230.27
2026-02-12T17:00:00+00:00,29.975,30.164,29.371,29.517,553334.9300000001
2026-02-12T18:00:00+00:00,29.516,29.658,29.291,29.564,480787.66
2026-02-12T19:00:00+00:00,29.564,30.1,29.551,29.721,448914.38
2026-02-12T20:00:00+00:00,29.73,29.804,29.371,29.698,295054.5
2026-02-12T21:00:00+00:00,29.701,29.9,29.506,29.796,342709.01
2026-02-12T22:00:00+00:00,29.806,30.45,29.803,30.444,224635.9
2026-02-12T23:00:00+00:00,30.428,31.099,30.318,31.068,512142.1
2026-02-13T00:00:00+00:00,31.077,31.331,30.515,30.519,427129.44
2026-02-13T01:00:00+00:00,30.52,30.826,30.396,30.808,202575.6
2026-02-13T02:00:00+00:00,30.814,31.4,30.73,31.317,292355.0
2026-02-13T03:00:00+00:00,31.329,31.349,30.69,30.73,233811.67
2026-02-13T04:00:00+00:00,30.73,30.958,30.602,30.719,212894.12
2026-02-13T05:00:00+00:00,30.727,30.863,30.555,30.612,99720.6
2026-02-13T06:00:00+00:00,30.61,30.783,30.513,30.634,79267.6
2026-02-13T07:00:00+00:00,30.63,30.867,30.459,30.7,131476.63
2026-02-13T08:00:00+00:00,30.711,30.75,30.412,30.624,240718.18
2026-02-13T09:00:00+00:00,30.625,30.635,30.158,30.349,340588.61
2026-02-13T10:00:00+00:00,30.349,30.637,30.24,30.538,146169.98
2026-02-13T11:00:00+00:00,30.539,30.606,30.175,30.526,184127.86
2026-02-13T12:00:00+00:00,30.52,30.521,29.98,30.257,169734.11
2026-02-13T13:00:00+00:00,30.256,30.989,30.221,30.559,525685.51
2026-02-13T14:00:00+00:00,30.559,31.113,30.252,30.827,516616.44
2026-02-13T15:00:00+00:00,30.833,32.311,30.833,31.524,1106357.04
2026-02-13T16:00:00+00:00,31.528,32.118,31.359,31.613,730800.53
2026-02-13T17:00:00+00:00,31.622,32.046,31.481,31.834,262610.49
2026-02-13T18:00:00+00:00,31.834,32.097,31.679,31.953,269842.29
2026-02-13T19:00:00+00:00,31.954,31.978,31.321,31.38,256429.45
2026-02-13T20:00:00+00:00,31.378,31.405,31.0,31.11,294318.24
2026-02-13T21:00:00+00:00,31.111,31.515,31.106,31.473,129149.44
2026-02-13T22:00:00+00:00,31.474,31.587,31.355,31.507,121748.67
2026-02-13T23:00:00+00:00,31.508,31.738,31.505,31.558,82289.2
2026-02-14T00:00:00+00:00,31.56,31.966,31.455,31.923,125305.8
2026-02-14T01:00:00+00:00,31.923,32.229,31.775,32.124,276389.22
2026-02-14T02:00:00+00:00,32.115,32.241,31.703,31.738,182954.84
2026-02-14T03:00:00+00:00,31.738,32.045,31.688,31.893,68595.49
2026-02-14T04:00:00+00:00,31.895,31.912,31.336,31.48,213426.06
2026-02-14T05:00:00+00:00,31.47,31.623,31.28,31.301,150115.16
2026-02-14T06:00:00+00:00,31.3,31.625,31.256,31.516,154630.09
2026-02-14T07:00:00+00:00,31.515,31.842,31.51,31.765,125301.62
2026-02-14T08:00:00+00:00,31.765,31.932,31.523,31.706,143925.77
2026-02-14T09:00:00+00:00,31.697,31.742,31.5,31.622,55887.59
2026-02-14T10:00:00+00:00,31.622,31.931,31.505,31.793,134782.37
2026-02-14T11:00:00+00:00,31.793,32.273,31.783,32.094,234654.9
2026-02-14T12:00:00+00:00,32.091,32.196,31.366,31.39,307881.5
2026-02-14T13:00:00+00:00,31.394,31.458,31.0,31.049,211059.45
2026-02-14T14:00:00+00:00,31.044,31.485,31.026,31.366,264668.15
2026-02-14T15:00:00+00:00,31.371,31.528,31.298,31.454,113415.2
2026-02-14T16:00:00+00:00,31.455,31.477,31.008,31.292,210627.89
2026-02-14T17:00:00+00:00,31.303,31.533,30.674,30.873,335700.55
2026-02-14T18:00:00+00:00,30.863,31.077,30.731,31.001,161636.11
2026-02-14T19:00:00+00:00,31.001,31.5,30.919,31.445,181925.18
2026-02-14T20:00:00+00:00,31.461,31.786,31.352,31.754,188780.73
2026-02-14T21:00:00+00:00,31.76,31.86,31.415,31.603,162109.5
2026-02-14T22:00:00+00:00,31.599,31.745,31.488,31.589,107594.49
2026-02-14T23:00:00+00:00,31.595,31.946,31.511,31.837,206976.58
2026-02-15T00:00:00+00:00,31.836,31.955,31.656,31.912,260098.6
2026-02-15T01:00:00+00:00,31.912,32.0,31.18,31.416,284912.7
2026-02-15T02:00:00+00:00,31.414,31.549,31.2,31.5,134543.78
2026-02-15T03:00:00+00:00,31.485,31.625,31.145,31.424,193788.03
2026-02-15T04:00:00+00:00,31.424,31.764,31.411,31.637,307233.41
2026-02-15T05:00:00+00:00,31.638,31.803,31.617,31.666,113576.99
2026-02-15T06:00:00+00:00,31.667,31.667,31.241,31.356,110613.38
2026-02-15T07:00:00+00:00,31.355,31.468,31.229,31.336,100253.48
2026-02-15T08:00:00+00:00,31.34,31.478,30.684,30.927,505225.07
2026-02-15T09:00:00+00:00,30.923,31.172,30.856,31.137,111443.83
2026-02-15T10:00:00+00:00,31.137,31.429,30.956,31.341,111438.09
2026-02-15T11:00:00+00:00,31.341,31.64,31.309,31.464,108231.68
2026-02-15T12:00:00+00:00,31.473,31.663,31.077,31.091,132920.73
2026-02-15T13:00:00+00:00,31.091,31.298,30.512,30.688,446713.73
2026-02-15T14:00:00+00:00,30.681,30.984,30.595,30.952,173484.86
2026-02-15T15:00:00+00:00,30.952,31.03,30.789,30.941,106839.02
2026-02-15T16:00:00+00:00,30.937,31.125,30.702,31.095,139166.61
2026-02-15T17:00:00+00:00,31.099,31.099,30.653,31.005,147939.96
2026-02-15T18:00:00+00:00,31.004,31.038,30.535,30.68,128969.0
2026-02-15T19:00:00+00:00,30.68,30.701,30.455,30.555,247613.87
2026-02-15T20:00:00+00:00,30.555,30.642,30.328,30.472,247734.94
2026-02-15T21:00:00+00:00,30.48,30.69,30.371,30.404,182154.01
2026-02-15T22:00:00+00:00,30.403,30.624,30.35,30.554,67268.03
2026-02-15T23:00:00+00:00,30.553,30.702,30.251,30.684,152204.7
2026-02-16T00:00:00+00:00,30.69,30.941,30.427,30.438,160644.35
2026-02-16T01:00:00+00:00,30.452,30.493,30.081,30.273,273049.04
2026-02-16T02:00:00+00:00,30.273,30.393,30.0,30.043,149863.59
2026-02-16T03:00:00+00:00,30.048,30.304,30.01,30.285,119131.14
2026-02-16T04:00:00+00:00,30.294,30.351,30.023,30.033,122791.28
2026-02-16T05:00:00+00:00,30.024,30.059,29.586,29.803,288004.59
2026-02-16T06:00:00+00:00,29.802,29.911,29.746,29.83,98826.66
2026-02-16T07:00:00+00:00,29.83,29.97,29.501,29.644,257201.8
2026-02-16T08:00:00+00:00,29.647,29.869,29.605,29.733,140530.79
2026-02-16T09:00:00+00:00,29.733,30.066,29.732,29.8,99229.65
2026-02-16T10:00:00+00:00,29.8,30.119,29.754,29.933,111581.54
2026-02-16T11:00:00+00:00,29.934,30.032,29.598,29.926,99392.9
2026-02-16T12:00:00+00:00,29.924,30.56,29.875,30.401,273496.64
2026-02-16T13:00:00+00:00,30.405,30.6,30.144,30.277,196695.89
2026-02-16T14:00:00+00:00,30.286,30.512,30.133,30.33,141042.49
2026-02-16T15:00:00+00:00,30.326,30.496,29.547,29.805,592130.91
2026-02-16T16:00:00+00:00,29.804,30.012,29.705,29.904,191524.63
2026-02-16T17:00:00+00:00,29.896,29.991,29.675,29.834,108308.27
2026-02-16T18:00:00+00:00,29.852,30.0,29.741,29.855,93832.71
2026-02-16T19:00:00+00:00,29.855,30.004,29.824,29.866,128230.49
2026-02-16T20:00:00+00:00,29.862,30.377,29.832,30.272,193105.05
2026-02-16T21:00:00+00:00,30.268,30.609,30.103,30.594,190260.47
2026-02-16T22:00:00+00:00,30.594,30.837,30.504,30.711,165607.21
2026-02-16T23:00:00+00:00,30.711,31.229,30.643,31.223,235451.58
2026-02-17T00:00:00+00:00,31.221,31.377,31.032,31.26,339112.87
2026-02-17T01:00:00+00:00,31.258,31.374,30.941,31.012,221722.04
2026-02-17T02:00:00+00:00,31.019,31.259,30.897,30.994,189986.34
2026-02-17T03:00:00+00:00,31.0,31.036,30.756,30.858,142618.55
2026-02-17T04:00:00+00:00,30.86,31.046,30.642,30.667,178249.61
2026-02-17T05:00:00+00:00,30.673,30.689,30.146,30.186,503799.36
2026-02-17T06:00:00+00:00,30.222,30.387,30.135,30.25,184088.69
2026-02-17T07:00:00+00:00,30.251,30.307,30.021,30.127,165650.52
2026-02-17T08:00:00+00:00,30.116,30.227,29.71,29.754,339754.51
2026-02-17T09:00:00+00:00,29.754,30.004,29.714,29.86,209002.9
2026-02-17T10:00:00+00:00,29.853,29.905,29.569,29.624,127926.89
2026-02-17T11:00:00+00:00,29.628,29.714,29.227,29.35,265637.19
2026-02-17T12:00:00+00:00,29.328,29.607,29.282,29.455,161577.82
2026-02-17T13:00:00+00:00,29.467,29.774,29.36,29.684,212601.25
2026-02-17T14:00:00+00:00,29.685,29.816,29.0,29.167,500325.35
2026-02-17T15:00:00+00:00,29.169,29.676,29.011,29.563,507435.85
2026-02-17T16:00:00+00:00,29.57,30.12,29.551,29.859,474576.51
2026-02-17T17:00:00+00:00,29.863,30.068,29.25,29.356,279950.3
2026-02-17T18:00:00+00:00,29.358,29.726,29.256,29.635,123842.67
2026-02-17T19:00:00+00:00,29.635,29.726,29.477,29.522,122501.14
2026-02-17T20:00:00+00:00,29.522,29.685,29.33,29.67,88786.45
2026-02-17T21:00:00+00:00,29.666,29.895,29.64,29.86,107607.67
2026-02-17T22:00:00+00:00,29.854,29.9,29.534,29.547,119253.33
2026-02-17T23:00:00+00:00,29.547,29.643,29.435,29.491,137803.96
2026-02-18T00:00:00+00:00,29.491,29.599,29.041,29.093,208896.36
2026-02-18T01:00:00+00:00,29.092,29.126,28.834,29.068,334074.52
2026-02-18T02:00:00+00:00,29.069,29.203,29.037,29.163,119745.2
2026-02-18T03:00:00+00:00,29.164,29.431,29.118,29.255,111026.51
2026-02-18T04:00:00+00:00,29.256,29.4,29.19,29.314,52745.57
2026-02-18T05:00:00+00:00,29.315,29.413,29.259,29.346,62843.48
2026-02-18T06:00:00+00:00,29.347,29.49,29.331,29.475,84053.67
2026-02-18T07:00:00+00:00,29.475,29.716,29.428,29.642,182706.87
2026-02-18T08:00:00+00:00,29.643,29.754,29.424,29.471,146598.44
2026-02-18T09:00:00+00:00,29.472,29.589,29.326,29.344,56472.21
2026-02-18T10:00:00+00:00,29.344,29.439,28.954,29.086,144158.68
2026-02-18T11:00:00+00:00,29.085,29.122,28.8,28.887,271837.71
2026-02-18T12:00:00+00:00,28.888,29.171,28.838,29.124,80830.5
2026-02-18T13:00:00+00:00,29.125,29.398,28.916,29.124,412776.72
2026-02-18T14:00:00+00:00,29.117,29.222,28.55,28.86,556351.41
2026-02-18T15:00:00+00:00,28.854,29.575,28.852,29.191,562786.78
2026-02-18T16:00:00+00:00,29.192,29.269,28.764,28.815,323316.43
2026-02-18T17:00:00+00:00,28.814,29.018,28.55,28.787,257135.4
2026-02-18T18:00:00+00:00,28.788,28.903,28.55,28.575,202968.4
2026-02-18T19:00:00+00:00,28.575,28.824,28.416,28.735,449146.75
2026-02-18T20:00:00+00:00,28.728,28.963,28.581,28.719,283105.83
2026-02-18T21:00:00+00:00,28.728,28.792,28.471,28.472,221100.22
2026-02-18T22:00:00+00:00,28.472,28.621,28.213,28.54,472116.4
2026-02-18T23:00:00+00:00,28.543,28.716,28.452,28.665,181056.72
2026-02-19T00:00:00+00:00,28.662,28.673,28.211,28.325,211420.87
2026-02-19T01:00:00+00:00,28.324,28.63,28.306,28.472,234998.15
2026-02-19T02:00:00+00:00,28.471,28.623,28.374,28.528,117603.55
2026-02-19T03:00:00+00:00,28.521,28.771,28.47,28.739,99661.69
2026-02-19T04:00:00+00:00,28.738,28.865,28.585,28.665,131677.74
2026-02-19T05:00:00+00:00,28.667,28.737,28.5,28.607,62168.39
2026-02-19T06:00:00+00:00,28.601,28.8,28.601,28.778,122433.91
2026-02-19T07:00:00+00:00,28.784,29.202,28.75,29.187,309646.54
2026-02-19T08:00:00+00:00,29.181,29.2,28.877,28.925,160121.21
2026-02-19T09:00:00+00:00,28.926,29.04,28.617,28.656,183630.21
2026-02-19T10:00:00+00:00,28.656,28.736,28.419,28.456,138246.06
2026-02-19T11:00:00+00:00,28.462,28.507,28.27,28.375,195902.25
2026-02-19T12:00:00+00:00,28.373,28.387,28.051,28.133,269422.6
2026-02-19T13:00:00+00:00,28.135,28.284,27.9,27.965,384042.06
2026-02-19T14:00:00+00:00,27.977,28.297,27.726,28.037,544526.25
2026-02-19T15:00:00+00:00,28.037,28.418,28.022,28.337,227707.68
2026-02-19T16:00:00+00:00,28.327,28.474,28.138,28.324,219935.36
2026-02-19T17:00:00+00:00,28.33,28.584,28.233,28.371,201322.92
2026-02-19T18:00:00+00:00,28.369,28.88,28.314,28.76,186947.35
2026-02-19T19:00:00+00:00,28.764,28.775,28.542,28.674,119324.91
2026-02-19T20:00:00+00:00,28.667,29.1,28.623,29.009,312267.17
2026-02-19T21:00:00+00:00,29.02,29.394,28.938,29.13,335646.93
2026-02-19T22:00:00+00:00,29.129,29.165,28.791,28.931,148864.38
2026-02-19T23:00:00+00:00,28.931,29.086,28.85,28.999,55376.44
2026-02-20T00:00:00+00:00,28.996,29.289,28.957,29.248,157236.14
2026-02-20T01:00:00+00:00,29.246,29.555,29.209,29.456,216932.64
2026-02-20T02:00:00+00:00,29.462,29.477,29.268,29.4,91282.01
2026-02-20T03:00:00+00:00,29.4,29.503,29.206,29.474,117293.8
2026-02-20T04:00:00+00:00,29.475,29.492,29.247,29.328,85436.6
2026-02-20T05:00:00+00:00,29.336,29.503,29.158,29.467,175857.31
2026-02-20T06:00:00+00:00,29.474,29.484,29.238,29.311,115213.93
2026-02-20T07:00:00+00:00,29.314,29.317,28.997,29.056,137628.66
2026-02-20T08:00:00+00:00,29.055,29.162,28.923,29.027,147756.11
2026-02-20T09:00:00+00:00,29.027,29.393,29.026,29.332,156055.57
2026-02-20T10:00:00+00:00,29.332,29.734,29.321,29.54,240941.14
2026-02-20T11:00:00+00:00,29.539,29.644,29.332,29.377,124728.14
2026-02-20T12:00:00+00:00,29.387,29.463,29.179,29.379,140975.45
2026-02-20T13:00:00+00:00,29.385,29.393,28.62,28.782,491758.31
2026-02-20T14:00:00+00:00,28.778,29.048,28.611,28.88,208680.1
2026-02-20T15:00:00+00:00,28.887,29.907,28.881,29.85,814453.37
2026-02-20T16:00:00+00:00,29.824,30.359,29.702,30.104,925035.1899999999
2026-02-20T17:00:00+00:00,30.103,30.139,29.516,29.936,360273.83
2026-02-20T18:00:00+00:00,29.935,30.085,29.492,30.078,290808.79
2026-02-20T19:00:00+00:00,30.077,30.132,29.83,30.092,222415.77
2026-02-20T20:00:00+00:00,30.084,30.197,29.932,30.147,172874.7
2026-02-20T21:00:00+00:00,30.148,30.182,29.902,30.029,139538.38
2026-02-20T22:00:00+00:00,30.027,30.432,29.919,30.33,185552.15
2026-02-20T23:00:00+00:00,30.335,30.403,30.183,30.366,147715.91
2026-02-21T00:00:00+00:00,30.37,30.54,30.109,30.184,136750.17
2026-02-21T01:00:00+00:00,30.185,30.46,30.123,30.344,82633.82
2026-02-21T02:00:00+00:00,30.354,30.566,30.326,30.532,81508.74
2026-02-21T03:00:00+00:00,30.534,30.542,30.17,30.273,105839.77
2026-02-21T04:00:00+00:00,30.271,30.375,30.211,30.317,91753.79
2026-02-21T05:00:00+00:00,30.317,30.414,30.182,30.371,64528.13
2026-02-21T06:00:00+00:00,30.37,30.39,30.209,30.227,35274.1
2026-02-21T07:00:00+00:00,30.22,30.3,30.057,30.088,78174.33
2026-02-21T08:00:00+00:00,30.094,30.373,30.089,30.282,131133.67
2026-02-21T09:00:00+00:00,30.281,30.511,30.269,30.354,124715.26
2026-02-21T10:00:00+00:00,30.354,30.405,30.3,30.334,38362.04
2026-02-21T11:00:00+00:00,30.333,30.424,30.115,30.127,82467.41
2026-02-21T12:00:00+00:00,30.126,30.2,29.89,29.952,224214.07
2026-02-21T13:00:00+00:00,29.951,30.061,29.848,30.046,143920.46
2026-02-21T14:00:00+00:00,30.047,30.174,29.931,30.009,185304.42
2026-02-21T15:00:00+00:00,30.009,30.065,29.734,29.918,147802.29
2026-02-21T16:00:00+00:00,29.919,29.93,29.664,29.836,120869.32
2026-02-21T17:00:00+00:00,29.836,29.933,29.737,29.885,72862.75
2026-02-21T18:00:00+00:00,29.894,30.081,29.83,29.906,135783.99
2026-02-21T19:00:00+00:00,29.91,29.993,29.763,29.844,117927.14
2026-02-21T20:00:00+00:00,29.846,29.875,29.6,29.648,103351.8
2026-02-21T21:00:00+00:00,29.651,29.766,29.56,29.727,156216.47
2026-02-21T22:00:00+00:00,29.718,29.754,29.564,29.564,48933.6
2026-02-21T23:00:00+00:00,29.564,29.766,29.561,29.73,146006.51
2026-02-22T00:00:00+00:00,29.733,29.773,29.583,29.692,65571.08
2026-02-22T01:00:00+00:00,29.692,29.93,29.649,29.865,59745.05
2026-02-22T02:00:00+00:00,29.874,29.94,29.743,29.761,27260.67
2026-02-22T03:00:00+00:00,29.761,29.89,29.681,29.714,31743.48
2026-02-22T04:00:00+00:00,29.714,29.749,29.6,29.64,59358.38
2026-02-22T05:00:00+00:00,29.64,29.672,29.606,29.672,28968.8
2026-02-22T06:00:00+00:00,29.672,29.756,29.501,29.558,74147.52
2026-02-22T07:00:00+00:00,29.562,29.619,29.424,29.434,91243.94
