datetime,open,high,low,close,volume
2025-10-19T08:00:00+00:00,2.4864,2.5109,2.4545,2.4545,350629.0
2025-10-19T09:00:00+00:00,2.4549,2.5162,2.4411,2.4967,671715.2
2025-10-19T10:00:00+00:00,2.4974,2.6304,2.4866,2.5947,1358389.8
2025-10-19T11:00:00+00:00,2.596,2.6462,2.5919,2.6119,872068.2
2025-10-19T12:00:00+00:00,2.6123,2.6175,2.5844,2.5933,166509.8
2025-10-19T13:00:00+00:00,2.594,2.6426,2.58,2.6343,260045.5
2025-10-19T14:00:00+00:00,2.6365,2.657,2.62,2.6347,370851.1
2025-10-19T15:00:00+00:00,2.6342,2.6379,2.611,2.6256,235660.8
2025-10-19T16:00:00+00:00,2.6256,2.6327,2.6046,2.6205,257400.5
2025-10-19T17:00:00+00:00,2.6203,2.6397,2.6149,2.617,103980.1
2025-10-19T18:00:00+00:00,2.6181,2.6235,2.6078,2.6171,104629.0
2025-10-19T19:00:00+00:00,2.6171,2.6179,2.5976,2.6035,99759.8
2025-10-19T20:00:00+00:00,2.6038,2.6123,2.5968,2.6114,83196.9
2025-10-19T21:00:00+00:00,2.6126,2.6126,2.5854,2.6035,140402.4
2025-10-19T22:00:00+00:00,2.6036,2.6171,2.6011,2.6098,64648.6
2025-10-19T23:00:00+00:00,2.6094,2.6094,2.5717,2.5802,149485.6
2025-10-20T00:00:00+00:00,2.5794,2.5794,2.521,2.5549,562604.9
2025-10-20T01:00:00+00:00,2.5561,2.5673,2.5452,2.5531,388386.5
2025-10-20T02:00:00+00:00,2.553,2.5721,2.5396,2.5646,310081.0
2025-10-20T03:00:00+00:00,2.564,2.6327,2.5563,2.625,173470.5
2025-10-20T04:00:00+00:00,2.6252,2.6376,2.6141,2.6359,135721.4
2025-10-20T05:00:00+00:00,2.636,2.6676,2.6248,2.6634,1711162.6000000001
2025-10-20T06:00:00+00:00,2.6629,2.6783,2.6527,2.6686,231631.8
2025-10-20T07:00:00+00:00,2.6688,2.6724,2.6406,2.6468,189322.7
2025-10-20T08:00:00+00:00,2.6454,2.664,2.6312,2.6443,261328.0
2025-10-20T09:00:00+00:00,2.6441,2.6441,2.626,2.6314,184075.9
2025-10-20T10:00:00+00:00,2.6367,2.6389,2.612,2.6154,108000.5
2025-10-20T11:00:00+00:00,2.6149,2.6193,2.6035,2.6167,179980.3
2025-10-20T12:00:00+00:00,2.6177,2.6296,2.6106,2.6214,76666.7
2025-10-20T13:00:00+00:00,2.6277,2.6415,2.6105,2.638,429889.0
2025-10-20T14:00:00+00:00,2.6369,2.6379,2.6025,2.6192,360803.4
2025-10-20T15:00:00+00:00,2.6186,2.6335,2.596,2.597,670201.3
2025-10-20T16:00:00+00:00,2.5965,2.5965,2.5509,2.563,895467.8
2025-10-20T17:00:00+00:00,2.5648,2.5813,2.5462,2.5662,408786.6
2025-10-20T18:00:00+00:00,2.5663,2.5819,2.5535,2.5815,393416.6
2025-10-20T19:00:00+00:00,2.5816,2.6019,2.5701,2.5911,133249.2
2025-10-20T20:00:00+00:00,2.585,2.5922,2.577,2.5897,45299.4
2025-10-20T21:00:00+00:00,2.5916,2.6022,2.5693,2.572,89820.3
2025-10-20T22:00:00+00:00,2.5727,2.5913,2.5645,2.5861,83491.3
2025-10-20T23:00:00+00:00,2.5857,2.5867,2.5713,2.5732,190086.0
2025-10-21T00:00:00+00:00,2.5729,2.5754,2.5611,2.5662,110104.4
2025-10-21T01:00:00+00:00,2.565,2.5678,2.5375,2.5449,220111.0
2025-10-21T02:00:00+00:00,2.5462,2.5476,2.529,2.5382,210880.7
2025-10-21T03:00:00+00:00,2.5392,2.5448,2.5238,2.5282,226630.7
2025-10-21T04:00:00+00:00,2.5275,2.5275,2.4743,2.4801,544654.2
2025-10-21T05:00:00+00:00,2.4805,2.4971,2.4722,2.4775,3199028.7000000002
2025-10-21T06:00:00+00:00,2.4775,2.498,2.4705,2.4941,432874.5
2025-10-21T07:00:00+00:00,2.4937,2.5082,2.485,2.5035,630446.3
2025-10-21T08:00:00+00:00,2.5028,2.5028,2.4681,2.4812,561045.0
2025-10-21T09:00:00+00:00,2.4806,2.4857,2.4753,2.4803,45304.7
2025-10-21T10:00:00+00:00,2.4804,2.5034,2.4734,2.4918,129572.5
2025-10-21T11:00:00+00:00,2.4915,2.5,2.482,2.4957,160354.8
2025-10-21T12:00:00+00:00,2.4959,2.5272,2.4912,2.5052,729875.5
2025-10-21T13:00:00+00:00,2.506,2.514,2.4865,2.4975,909646.7
2025-10-21T14:00:00+00:00,2.4982,2.6483,2.4966,2.6443,2851696.1000000001
2025-10-21T15:00:00+00:00,2.6458,2.6781,2.6272,2.6664,1572189.3999999999
2025-10-21T16:00:00+00:00,2.667,2.6844,2.6137,2.6192,960768.2
2025-10-21T17:00:00+00:00,2.6214,2.645,2.5842,2.6108,2995022.7000000002
2025-10-21T18:00:00+00:00,2.6121,2.6208,2.5976,2.6127,358743.0
2025-10-21T19:00:00+00:00,2.6124,2.6203,2.592,2.5961,257695.0
2025-10-21T20:00:00+00:00,2.5997,2.6012,2.5569,2.5661,325173.5
2025-10-21T21:00:00+00:00,2.5669,2.5799,2.5317,2.5672,336300.8
2025-10-21T22:00:00+00:00,2.5662,2.5682,2.5082,2.5186,517035.3
2025-10-21T23:00:00+00:00,2.5176,2.5246,2.4776,2.4875,265444.0
2025-10-22T00:00:00+00:00,2.4866,2.4991,2.4624,2.4776,344397.8
2025-10-22T01:00:00+00:00,2.4772,2.4983,2.4747,2.4836,119348.2
2025-10-22T02:00:00+00:00,2.4882,2.4947,2.4794,2.4845,269614.1
2025-10-22T03:00:00+00:00,2.4835,2.4835,2.4574,2.4697,779122.0
2025-10-22T04:00:00+00:00,2.4703,2.4878,2.4683,2.4865,210326.8
2025-10-22T05:00:00+00:00,2.4838,2.4844,2.3579,2.4161,878664.1
2025-10-22T06:00:00+00:00,2.415,2.4251,2.4081,2.4149,96512.8
2025-10-22T07:00:00+00:00,2.4145,2.4185,2.4008,2.413,124404.4
2025-10-22T08:00:00+00:00,2.4127,2.4127,2.39,2.404,201109.7
2025-10-22T09:00:00+00:00,2.4041,2.409,2.3893,2.3964,199541.7
2025-10-22T10:00:00+00:00,2.3969,2.4123,2.3926,2.3926,74293.2
2025-10-22T11:00:00+00:00,2.3937,2.4395,2.3741,2.4209,646066.3
2025-10-22T12:00:00+00:00,2.4204,2.4415,2.4143,2.4266,104031.9
2025-10-22T13:00:00+00:00,2.4276,2.4552,2.4161,2.4523,335077.2
2025-10-22T14:00:00+00:00,2.4512,2.4562,2.3959,2.4562,1310311.6000000001
2025-10-22T15:00:00+00:00,2.4569,2.4731,2.4184,2.4413,488583.4
2025-10-22T16:00:00+00:00,2.4395,2.4549,2.4263,2.4376,496817.5
2025-10-22T17:00:00+00:00,2.4383,2.445,2.4089,2.415,266195.9
2025-10-22T18:00:00+00:00,2.4166,2.4299,2.4027,2.4138,204341.6
2025-10-22T19:00:00+00:00,2.4157,2.4462,2.403,2.4266,1569662.6000000001
2025-10-22T20:00:00+00:00,2.4245,2.4325,2.4037,2.4058,181997.2
2025-10-22T21:00:00+00:00,2.4059,2.4062,2.3417,2.3604,1472707.1000000001
2025-10-22T22:00:00+00:00,2.3598,2.3717,2.3483,2.3596,533092.2
2025-10-22T23:00:00+00:00,2.3586,2.3932,2.3586,2.3815,669746.1
2025-10-23T00:00:00+00:00,2.3805,2.3939,2.3713,2.3881,240224.6
2025-10-23T01:00:00+00:00,2.3888,2.4082,2.3879,2.3985,103858.4
2025-10-23T02:00:00+00:00,2.3993,2.4047,2.3912,2.3988,20161.3
2025-10-23T03:00:00+00:00,2.399,2.413,2.398,2.4007,115058.2
2025-10-23T04:00:00+00:00,2.4008,2.4272,2.3959,2.4164,1145618.3999999999
2025-10-23T05:00:00+00:00,2.4169,2.4357,2.4165,2.4352,82807.0
2025-10-23T06:00:00+00:00,2.4354,2.47,2.429,2.4693,800661.8
2025-10-23T07:00:00+00:00,2.47,2.4701,2.4435,2.4502,346343.9
2025-10-23T08:00:00+00:00,2.449,2.4668,2.4479,2.4586,103637.0
2025-10-23T09:00:00+00:00,2.4611,2.462,2.4524,2.4601,107537.1
2025-10-23T10:00:00+00:00,2.4618,2.4742,2.4555,2.4573,278880.3
2025-10-23T11:00:00+00:00,2.4573,2.4643,2.4373,2.4432,549865.3
2025-10-23T12:00:00+00:00,2.4422,2.444,2.4228,2.4408,350199.1
2025-10-23T13:00:00+00:00,2.4454,2.4785,2.436,2.4522,393472.5
2025-10-23T14:00:00+00:00,2.4552,2.457,2.4235,2.4492,182294.8
2025-10-23T15:00:00+00:00,2.4492,2.4791,2.443,2.4587,765546.4
2025-10-23T16:00:00+00:00,2.4578,2.4859,2.451,2.4808,234526.7
2025-10-23T17:00:00+00:00,2.4847,2.503,2.459,2.4911,750376.5
2025-10-23T18:00:00+00:00,2.4948,2.4948,2.4605,2.466,307054.9
2025-10-23T19:00:00+00:00,2.4663,2.4689,2.4489,2.465,264675.9
2025-10-23T20:00:00+00:00,2.4623,2.4623,2.4069,2.4208,575535.1
2025-10-23T21:00:00+00:00,2.4199,2.4307,2.4164,2.417,350310.5
2025-10-23T22:00:00+00:00,2.4168,2.4314,2.4141,2.4254,123206.9
2025-10-23T23:00:00+00:00,2.4252,2.4303,2.4204,2.4279,87035.3
2025-10-24T00:00:00+00:00,2.4284,2.4386,2.4067,2.4288,686903.6
2025-10-24T01:00:00+00:00,2.4288,2.4336,2.4097,2.4217,320510.3
2025-10-24T02:00:00+00:00,2.4215,2.4215,2.4009,2.4138,283939.4
2025-10-24T03:00:00+00:00,2.4138,2.4139,2.4006,2.4117,178788.6
2025-10-24T04:00:00+00:00,2.4113,2.4787,2.4075,2.467,1622463.0
2025-10-24T05:00:00+00:00,2.4676,2.4914,2.4625,2.4783,1686676.8999999999
2025-10-24T06:00:00+00:00,2.4784,2.4866,2.472,2.4797,871759.8
2025-10-24T07:00:00+00:00,2.4786,2.4838,2.451,2.4615,1259528.6000000001
2025-10-24T08:00:00+00:00,2.4614,2.4818,2.4461,2.4722,254973.9
2025-10-24T09:00:00+00:00,2.4739,2.4906,2.4691,2.4791,518417.4
2025-10-24T10:00:00+00:00,2.4798,2.4802,2.4668,2.4695,91874.0
2025-10-24T11:00:00+00:00,2.4697,2.4804,2.4515,2.4804,139082.1
2025-10-24T12:00:00+00:00,2.4811,2.533,2.4754,2.5023,1083030.0
2025-10-24T13:00:00+00:00,2.5025,2.5088,2.4658,2.4991,852567.2
2025-10-24T14:00:00+00:00,2.4991,2.4991,2.4437,2.4579,856978.9
2025-10-24T15:00:00+00:00,2.4601,2.4879,2.4531,2.468,395147.0
2025-10-24T16:00:00+00:00,2.4692,2.4696,2.4471,2.4623,279095.7
2025-10-24T17:00:00+00:00,2.4634,2.4847,2.4624,2.4749,119428.7
2025-10-24T18:00:00+00:00,2.4749,2.5145,2.4722,2.5145,438225.0
2025-10-24T19:00:00+00:00,2.5112,2.5292,2.5101,2.513,221637.3
2025-10-24T20:00:00+00:00,2.5135,2.5231,2.5072,2.5171,202728.3
2025-10-24T21:00:00+00:00,2.5181,2.5199,2.5065,2.5199,137584.5
2025-10-24T22:00:00+00:00,2.5192,2.5228,2.5103,2.517,241760.2
2025-10-24T23:00:00+00:00,2.516,2.526,2.5126,2.5238,267910.2
2025-10-25T00:00:00+00:00,2.5232,2.5261,2.5127,2.5186,238334.7
2025-10-25T01:00:00+00:00,2.5187,2.5389,2.5151,2.5246,83464.9
2025-10-25T02:00:00+00:00,2.5243,2.5389,2.5191,2.5343,112794.8
2025-10-25T03:00:00+00:00,2.5337,2.5372,2.5207,2.5216,88333.0
2025-10-25T04:00:00+00:00,2.5205,2.539,2.5198,2.5283,224831.7
2025-10-25T05:00:00+00:00,2.5291,2.5321,2.5153,2.518,102215.0
2025-10-25T06:00:00+00:00,2.5184,2.5214,2.4948,2.4994,213634.1
2025-10-25T07:00:00+00:00,2.4995,2.5131,2.4847,2.4941,369455.8
2025-10-25T08:00:00+00:00,2.4941,2.5006,2.4874,2.5006,603404.4
2025-10-25T09:00:00+00:00,2.5005,2.5021,2.4795,2.4812,131382.4
2025-10-25T10:00:00+00:00,2.4809,2.4834,2.4669,2.4708,479093.6
2025-10-25T11:00:00+00:00,2.4705,2.4866,2.4672,2.4847,104638.5
2025-10-25T12:00:00+00:00,2.4845,2.5083,2.4828,2.5047,124430.7
2025-10-25T13:00:00+00:00,2.5053,2.5064,2.4945,2.5064,167248.8
2025-10-25T14:00:00+00:00,2.5068,2.5261,2.5031,2.5261,146559.3
2025-10-25T15:00:00+00:00,2.5258,2.5258,2.5117,2.5187,100737.6
2025-10-25T16:00:00+00:00,2.5187,2.5236,2.5134,2.5221,186509.4
2025-10-25T17:00:00+00:00,2.5208,2.5326,2.5191,2.5308,229557.8
2025-10-25T18:00:00+00:00,2.5305,2.5653,2.5281,2.5568,423637.0
2025-10-25T19:00:00+00:00,2.5563,2.5576,2.5436,2.5526,131812.9
2025-10-25T20:00:00+00:00,2.5527,2.5571,2.5422,2.5428,178650.6
2025-10-25T21:00:00+00:00,2.5435,2.5469,2.5295,2.5358,209839.4
2025-10-25T22:00:00+00:00,2.5357,2.5477,2.5281,2.5435,50710.8
2025-10-25T23:00:00+00:00,2.5435,2.5453,2.5311,2.5337,61777.6
2025-10-26T00:00:00+00:00,2.5343,2.5383,2.5222,2.527,169717.2
2025-10-26T01:00:00+00:00,2.5274,2.5294,2.5062,2.5079,140437.2
2025-10-26T02:00:00+00:00,2.5084,2.5123,2.4966,2.5026,200698.8
2025-10-26T03:00:00+00:00,2.5026,2.5101,2.4983,2.5079,75897.6
2025-10-26T04:00:00+00:00,2.5056,2.5254,2.5053,2.5254,92570.3
2025-10-26T05:00:00+00:00,2.5255,2.5363,2.5202,2.5359,99382.5
2025-10-26T06:00:00+00:00,2.5367,2.5368,2.5236,2.5291,86206.2
2025-10-26T07:00:00+00:00,2.53,2.5368,2.5259,2.5368,230217.8
2025-10-26T08:00:00+00:00,2.5376,2.5478,2.5366,2.5447,89274.7
2025-10-26T09:00:00+00:00,2.5452,2.5834,2.5373,2.573,259878.8
2025-10-26T10:00:00+00:00,2.573,2.5751,2.5531,2.5596,241165.1
2025-10-26T11:00:00+00:00,2.5603,2.6096,2.5517,2.6025,901397.2
2025-10-26T12:00:00+00:00,2.6056,2.6213,2.5983,2.6189,257189.9
2025-10-26T13:00:00+00:00,2.6201,2.6596,2.6163,2.6484,533471.5
2025-10-26T14:00:00+00:00,2.6475,2.6475,2.6254,2.6401,119192.1
2025-10-26T15:00:00+00:00,2.6385,2.6478,2.6288,2.6415,285376.8
2025-10-26T16:00:00+00:00,2.6413,2.6428,2.6185,2.624,324660.7
2025-10-26T17:00:00+00:00,2.6248,2.6322,2.6201,2.6284,230510.7
2025-10-26T18:00:00+00:00,2.629,2.6435,2.629,2.6384,255832.6
2025-10-26T19:00:00+00:00,2.6383,2.6383,2.6297,2.6331,127469.1
2025-10-26T20:00:00+00:00,2.632,2.6321,2.6133,2.6181,282431.8
2025-10-26T21:00:00+00:00,2.6183,2.6313,2.6062,2.6294,352646.2
2025-10-26T22:00:00+00:00,2.6328,2.6813,2.6328,2.6726,1189345.2
2025-10-26T23:00:00+00:00,2.6731,2.6845,2.6672,2.6777,227514.2
2025-10-27T00:00:00+00:00,2.6775,2.703,2.6628,2.693,1829632.5
2025-10-27T01:00:00+00:00,2.6934,2.7058,2.6756,2.7026,653358.6
2025-10-27T02:00:00+00:00,2.7031,2.7064,2.6828,2.6836,484145.0
2025-10-27T03:00:00+00:00,2.6828,2.6891,2.6637,2.6706,318835.7
2025-10-27T04:00:00+00:00,2.6707,2.716,2.6603,2.7152,233511.8
2025-10-27T05:00:00+00:00,2.7152,2.7197,2.6894,2.6907,445665.2
2025-10-27T06:00:00+00:00,2.6884,2.6884,2.6699,2.6804,2168770.1000000001
2025-10-27T07:00:00+00:00,2.6806,2.6849,2.6396,2.6569,260913.3
2025-10-27T08:00:00+00:00,2.6568,2.6632,2.6345,2.6382,336341.1
2025-10-27T09:00:00+00:00,2.6377,2.6384,2.6167,2.6253,427399.0
2025-10-27T10:00:00+00:00,2.6253,2.6372,2.6211,2.6255,338941.3
2025-10-27T11:00:00+00:00,2.6264,2.6386,2.6081,2.6352,98576.8
2025-10-27T12:00:00+00:00,2.634,2.6363,2.607,2.6077,648923.2
2025-10-27T13:00:00+00:00,2.6077,2.6211,2.5766,2.611,1057283.8999999999
2025-10-27T14:00:00+00:00,2.613,2.6144,2.5858,2.5952,698992.8
2025-10-27T15:00:00+00:00,2.5965,2.6251,2.5965,2.6221,202628.0
2025-10-27T16:00:00+00:00,2.6226,2.6613,2.6226,2.6554,279732.1
2025-10-27T17:00:00+00:00,2.6554,2.6766,2.6472,2.673,278884.2
2025-10-27T18:00:00+00:00,2.6743,2.6849,2.6591,2.6608,246191.0
2025-10-27T19:00:00+00:00,2.6599,2.6618,2.6343,2.6358,519928.7
2025-10-27T20:00:00+00:00,2.6376,2.6376,2.614,2.6189,221096.6
2025-10-27T21:00:00+00:00,2.6175,2.634,2.6107,2.6222,475846.3
2025-10-27T22:00:00+00:00,2.6213,2.6356,2.6029,2.6042,146682.7
2025-10-27T23:00:00+00:00,2.604,2.6119,2.5872,2.6097,351499.2
2025-10-28T00:00:00+00:00,2.6105,2.6181,2.5977,2.6099,142885.8
2025-10-28T01:00:00+00:00,2.611,2.6327,2.611,2.6259,94480.9
2025-10-28T02:00:00+00:00,2.626,2.6266,2.5865,2.6009,188365.6
2025-10-28T03:00:00+00:00,2.6,2.6126,2.5878,2.6001,118090.5
2025-10-28T04:00:00+00:00,2.5986,2.6109,2.59,2.6059,72984.7
2025-10-28T05:00:00+00:00,2.6034,2.609,2.5528,2.5668,1500516.3
2025-10-28T06:00:00+00:00,2.5682,2.6333,2.5679,2.6314,1363525.3999999999
2025-10-28T07:00:00+00:00,2.635,2.6418,2.6074,2.6081,322398.1
2025-10-28T08:00:00+00:00,2.611,2.6366,2.6077,2.6336,436810.5
2025-10-28T09:00:00+00:00,2.6336,2.6409,2.6111,2.6314,408090.9
2025-10-28T10:00:00+00:00,2.6312,2.6322,2.6173,2.6261,56329.2
2025-10-28T11:00:00+00:00,2.6261,2.6384,2.6089,2.6111,161006.5
2025-10-28T12:00:00+00:00,2.6115,2.6383,2.6036,2.6299,477869.2
2025-10-28T13:00:00+00:00,2.6303,2.6509,2.6303,2.645,343908.0
2025-10-28T14:00:00+00:00,2.644,2.6566,2.5593,2.611,945910.3
2025-10-28T15:00:00+00:00,2.6108,2.6169,2.5777,2.5941,497538.9
2025-10-28T16:00:00+00:00,2.593,2.6181,2.5821,2.6075,331493.6
2025-10-28T17:00:00+00:00,2.6075,2.6169,2.5983,2.6096,182658.3
2025-10-28T18:00:00+00:00,2.6075,2.6112,2.5814,2.587,302181.5
2025-10-28T19:00:00+00:00,2.5872,2.5948,2.526,2.5428,1384844.1000000001
2025-10-28T20:00:00+00:00,2.542,2.542,2.4879,2.4979,1710993.6000000001
2025-10-28T21:00:00+00:00,2.4966,2.5091,2.462,2.4937,728673.2
2025-10-28T22:00:00+00:00,2.495,2.5155,2.4871,2.509,192417.2
2025-10-28T23:00:00+00:00,2.5086,2.5107,2.4991,2.5046,163325.5
2025-10-29T00:00:00+00:00,2.5024,2.5074,2.4957,2.4972,99685.5
2025-10-29T01:00:00+00:00,2.497,2.5148,2.4924,2.506,144927.9
2025-10-29T02:00:00+00:00,2.5039,2.5109,2.501,2.5065,349151.2
2025-10-29T03:00:00+00:00,2.5055,2.506,2.4906,2.4972,1091184.6000000001
2025-10-29T04:00:00+00:00,2.4973,2.5061,2.4948,2.496,227033.7
2025-10-29T05:00:00+00:00,2.496,2.511,2.4914,2.4969,353741.6
2025-10-29T06:00:00+00:00,2.495,2.5049,2.4917,2.5,99713.6
2025-10-29T07:00:00+00:00,2.4992,2.5068,2.4921,2.5032,174337.1
2025-10-29T08:00:00+00:00,2.5032,2.5041,2.4793,2.4841,200386.6
2025-10-29T09:00:00+00:00,2.4833,2.4972,2.4788,2.4922,39648.2
2025-10-29T10:00:00+00:00,2.4908,2.526,2.49,2.5117,204789.4
2025-10-29T11:00:00+00:00,2.5119,2.539,2.5092,2.5335,583424.3
2025-10-29T12:00:00+00:00,2.5339,2.551,2.5333,2.5444,230583.0
2025-10-29T13:00:00+00:00,2.5443,2.5565,2.5264,2.5326,261761.6
2025-10-29T14:00:00+00:00,2.5339,2.5339,2.5065,2.5181,846317.4
2025-10-29T15:00:00+00:00,2.5193,2.5296,2.4835,2.4938,764280.5
2025-10-29T16:00:00+00:00,2.4934,2.5101,2.4816,2.5012,342566.3
2025-10-29T17:00:00+00:00,2.5011,2.5694,2.5006,2.5694,295635.7
2025-10-29T18:00:00+00:00,2.5694,2.5799,2.4313,2.5302,3886684.6000000001
2025-10-29T19:00:00+00:00,2.5293,2.5681,2.5146,2.546,809070.5
2025-10-29T20:00:00+00:00,2.548,2.5918,2.529,2.5841,533166.3
2025-10-29T21:00:00+00:00,2.5815,2.5872,2.5654,2.5709,529314.7
2025-10-29T22:00:00+00:00,2.5709,2.5712,2.5491,2.5522,105952.2
2025-10-29T23:00:00+00:00,2.553,2.553,2.4942,2.5109,642258.8
2025-10-30T00:00:00+00:00,2.5106,2.516,2.4828,2.5142,496508.2
2025-10-30T01:00:00+00:00,2.5107,2.511,2.4947,2.4985,69885.7
2025-10-30T02:00:00+00:00,2.5006,2.5377,2.4945,2.5372,192634.5
2025-10-30T03:00:00+00:00,2.5382,2.5387,2.5051,2.516,164878.4
2025-10-30T04:00:00+00:00,2.5136,2.5136,2.4041,2.4301,1683584.6000000001
2025-10-30T05:00:00+00:00,2.4317,2.4952,2.4235,2.49,402804.7
2025-10-30T06:00:00+00:00,2.4873,2.4978,2.4704,2.4852,185710.5
2025-10-30T07:00:00+00:00,2.4851,2.5212,2.4785,2.5103,88130.0
2025-10-30T08:00:00+00:00,2.5112,2.5112,2.4869,2.4918,198224.5
2025-10-30T09:00:00+00:00,2.4922,2.495,2.4526,2.4526,304735.8
2025-10-30T10:00:00+00:00,2.4502,2.4565,2.4338,2.438,200194.0
2025-10-30T11:00:00+00:00,2.436,2.4467,2.4293,2.4308,99115.0
2025-10-30T12:00:00+00:00,2.4303,2.4325,2.3628,2.3803,5145393.7000000002
2025-10-30T13:00:00+00:00,2.3795,2.3902,2.3286,2.3399,1497920.0
2025-10-30T14:00:00+00:00,2.3398,2.3496,2.3126,2.3207,1325257.2
2025-10-30T15:00:00+00:00,2.3197,2.3246,2.2783,2.2858,1320666.2
2025-10-30T16:00:00+00:00,2.2854,2.3012,2.2647,2.2965,1451772.2
2025-10-30T17:00:00+00:00,2.2959,2.2964,2.2342,2.2682,1672351.8
2025-10-30T18:00:00+00:00,2.2681,2.2688,2.2294,2.2326,555612.9
2025-10-30T19:00:00+00:00,2.2336,2.2377,2.2077,2.2125,1243608.3999999999
2025-10-30T20:00:00+00:00,2.2132,2.2584,2.2067,2.2576,1364904.5
2025-10-30T21:00:00+00:00,2.2551,2.2716,2.2421,2.2694,399914.1
2025-10-30T22:00:00+00:00,2.2689,2.2769,2.2652,2.2769,263399.1
2025-10-30T23:00:00+00:00,2.2769,2.2911,2.2663,2.2893,152116.0
2025-10-31T00:00:00+00:00,2.2893,2.3291,2.2863,2.3241,391005.6
2025-10-31T01:00:00+00:00,2.324,2.3437,2.3188,2.329,307150.8
2025-10-31T02:00:00+00:00,2.329,2.3297,2.2982,2.3059,583995.2
2025-10-31T03:00:00+00:00,2.3091,2.3328,2.3047,2.3295,138210.0
2025-10-31T04:00:00+00:00,2.33,2.3547,2.3272,2.3509,1479497.5
2025-10-31T05:00:00+00:00,2.3509,2.3509,2.3304,2.3378,41637.4
2025-10-31T06:00:00+00:00,2.3389,2.3496,2.3364,2.3496,48482.7
2025-10-31T07:00:00+00:00,2.3491,2.357,2.3335,2.3366,299796.8
2025-10-31T08:00:00+00:00,2.337,2.3464,2.3227,2.3453,476332.4
2025-10-31T09:00:00+00:00,2.3453,2.3539,2.3415,2.3482,1215580.0
2025-10-31T10:00:00+00:00,2.3486,2.3737,2.3467,2.3485,283496.0
2025-10-31T11:00:00+00:00,2.3502,2.375,2.3419,2.3729,248117.9
2025-10-31T12:00:00+00:00,2.3716,2.3906,2.3554,2.3554,810781.2
2025-10-31T13:00:00+00:00,2.3568,2.3822,2.3461,2.3822,212780.4
2025-10-31T14:00:00+00:00,2.3842,2.3974,2.3601,2.3906,947371.1
2025-10-31T15:00:00+00:00,2.3899,2.4001,2.3667,2.3707,619687.9
2025-10-31T16:00:00+00:00,2.3693,2.3752,2.3057,2.3104,953597.3
2025-10-31T17:00:00+00:00,2.3101,2.331,2.2969,2.3226,366053.1
2025-10-31T18:00:00+00:00,2.3227,2.3512,2.3145,2.3404,258207.1
2025-10-31T19:00:00+00:00,2.3402,2.3942,2.3256,2.387,310436.6
2025-10-31T20:00:00+00:00,2.3871,2.3877,2.3582,2.3601,108056.5
2025-10-31T21:00:00+00:00,2.3603,2.3633,2.3511,2.3581,58443.3
2025-10-31T22:00:00+00:00,2.3577,2.3709,2.3548,2.3657,191862.4
2025-10-31T23:00:00+00:00,2.3658,2.3713,2.3616,2.3625,48178.6
2025-11-01T00:00:00+00:00,2.3625,2.364,2.343,2.3558,123682.2
2025-11-01T01:00:00+00:00,2.3545,2.3621,2.34,2.34,82830.8
2025-11-01T02:00:00+00:00,2.3405,2.3599,2.3316,2.3598,542066.8
2025-11-01T03:00:00+00:00,2.3593,2.3835,2.3581,2.3784,180425.9
2025-11-01T04:00:00+00:00,2.3784,2.384,2.3631,2.3657,151934.9
2025-11-01T05:00:00+00:00,2.3667,2.3676,2.3528,2.3562,151613.6
2025-11-01T06:00:00+00:00,2.3555,2.3644,2.3472,2.3587,281112.2
2025-11-01T07:00:00+00:00,2.3595,2.3881,2.3555,2.3789,458016.9
2025-11-01T08:00:00+00:00,2.3791,2.392,2.3752,2.392,85081.1
2025-11-01T09:00:00+00:00,2.3923,2.3961,2.3715,2.3725,165807.2
2025-11-01T10:00:00+00:00,2.3763,2.3857,2.3723,2.3765,28706.1
2025-11-01T11:00:00+00:00,2.3772,2.3836,2.3736,2.3795,24758.9
2025-11-01T12:00:00+00:00,2.3798,2.3874,2.3749,2.3749,79809.3
2025-11-01T13:00:00+00:00,2.3751,2.3843,2.3577,2.3716,466301.2
2025-11-01T14:00:00+00:00,2.3723,2.3733,2.3427,2.3575,138678.7
2025-11-01T15:00:00+00:00,2.3563,2.38,2.3538,2.3748,226894.2
2025-11-01T16:00:00+00:00,2.3753,2.3941,2.3697,2.3842,214924.2
2025-11-01T17:00:00+00:00,2.3841,2.3868,2.3721,2.3771,171538.3
2025-11-01T18:00:00+00:00,2.3772,2.3864,2.3742,2.3853,52987.4
2025-11-01T19:00:00+00:00,2.3847,2.3848,2.3755,2.384,19567.0
2025-11-01T20:00:00+00:00,2.3854,2.4017,2.3833,2.3894,128387.5
2025-11-01T21:00:00+00:00,2.3892,2.3922,2.3633,2.3633,214157.7
2025-11-01T22:00:00+00:00,2.3643,2.376,2.3604,2.3749,233372.9
2025-11-01T23:00:00+00:00,2.3755,2.381,2.3695,2.3793,49696.7
2025-11-02T00:00:00+00:00,2.3787,2.3791,2.3608,2.3623,31082.8
2025-11-02T01:00:00+00:00,2.363,2.3674,2.3551,2.3604,86929.5
2025-11-02T02:00:00+00:00,2.3576,2.375,2.3571,2.3635,57161.4
2025-11-02T03:00:00+00:00,2.363,2.363,2.3476,2.3536,82338.5
2025-11-02T04:00:00+00:00,2.353,2.3798,2.35,2.3785,38653.8
2025-11-02T05:00:00+00:00,2.3784,2.3784,2.3556,2.3667,49334.8
2025-11-02T06:00:00+00:00,2.3646,2.3758,2.358,2.3744,28949.5
2025-11-02T07:00:00+00:00,2.3739,2.3949,2.3684,2.3925,30507.7
2025-11-02T08:00:00+00:00,2.3926,2.3941,2.3671,2.3697,149746.7
2025-11-02T09:00:00+00:00,2.3717,2.3827,2.3502,2.353,88159.5
2025-11-02T10:00:00+00:00,2.3529,2.3607,2.3334,2.3483,132359.6
2025-11-02T11:00:00+00:00,2.3479,2.3732,2.3413,2.3708,132989.3
2025-11-02T12:00:00+00:00,2.3711,2.3715,2.3521,2.3563,68400.2
2025-11-02T13:00:00+00:00,2.3565,2.3567,2.327,2.3431,217471.3
2025-11-02T14:00:00+00:00,2.342,2.3445,2.3025,2.3173,805799.6
2025-11-02T15:00:00+00:00,2.3155,2.3353,2.3083,2.3124,860301.4
2025-11-02T16:00:00+00:00,2.3124,2.3229,2.2835,2.3228,352780.0
2025-11-02T17:00:00+00:00,2.3226,2.3262,2.309,2.3188,380661.3
2025-11-02T18:00:00+00:00,2.3198,2.3201,2.3089,2.3144,79832.7
2025-11-02T19:00:00+00:00,2.3146,2.3172,2.294,2.3054,221300.0
2025-11-02T20:00:00+00:00,2.3054,2.3119,2.296,2.3108,50301.5
2025-11-02T21:00:00+00:00,2.3109,2.328,2.3099,2.3217,361979.2
2025-11-02T22:00:00+00:00,2.3227,2.3295,2.3056,2.3158,165904.5
2025-11-02T23:00:00+00:00,2.3176,2.3592,2.3176,2.3536,384446.3
2025-11-03T00:00:00+00:00,2.3525,2.361,2.3156,2.3193,243358.8
2025-11-03T01:00:00+00:00,2.3156,2.3223,2.2884,2.3005,242104.8
2025-11-03T02:00:00+00:00,2.2999,2.3025,2.2579,2.273,658392.7
2025-11-03T03:00:00+00:00,2.2738,2.2766,2.2013,2.2062,1630574.2
2025-11-03T04:00:00+00:00,2.2056,2.2198,2.1928,2.219,653622.7
2025-11-03T05:00:00+00:00,2.2185,2.2279,2.1917,2.1926,446548.0
2025-11-03T06:00:00+00:00,2.1926,2.1985,2.1545,2.1754,448768.4
2025-11-03T07:00:00+00:00,2.1753,2.2012,2.166,2.1927,269868.2
2025-11-03T08:00:00+00:00,2.1927,2.2129,2.1829,2.2057,210133.3
2025-11-03T09:00:00+00:00,2.2056,2.224,2.1746,2.1766,346803.8
2025-11-03T10:00:00+00:00,2.1767,2.185,2.1524,2.1607,300637.6
2025-11-03T11:00:00+00:00,2.1611,2.193,2.1611,2.1758,169296.2
2025-11-03T12:00:00+00:00,2.1761,2.1911,2.1713,2.1737,168749.1
2025-11-03T13:00:00+00:00,2.1731,2.182,2.1603,2.164,262668.3
2025-11-03T14:00:00+00:00,2.1651,2.1884,2.1579,2.18,420260.5
2025-11-03T15:00:00+00:00,2.1805,2.1847,1.9871,2.0425,4992203.0
2025-11-03T16:00:00+00:00,2.0426,2.1052,2.0323,2.0958,1784724.6000000001
2025-11-03T17:00:00+00:00,2.0954,2.1366,2.0893,2.1266,1036477.0
2025-11-03T18:00:00+00:00,2.1259,2.1317,2.088,2.0956,277050.6
2025-11-03T19:00:00+00:00,2.0964,2.106,2.0801,2.0822,337097.9
2025-11-03T20:00:00+00:00,2.085,2.0874,2.0311,2.0418,352484.3
2025-11-03T21:00:00+00:00,2.0407,2.0757,2.0309,2.0743,573614.5
2025-11-03T22:00:00+00:00,2.0741,2.0756,2.0387,2.0581,393225.6
2025-11-03T23:00:00+00:00,2.0574,2.0723,2.0399,2.069,153090.8
2025-11-04T00:00:00+00:00,2.0691,2.0961,2.0409,2.0828,298142.5
2025-11-04T01:00:00+00:00,2.0825,2.1067,2.0693,2.0897,424467.0
2025-11-04T02:00:00+00:00,2.0893,2.0968,2.073,2.0758,258426.1
2025-11-04T03:00:00+00:00,2.0772,2.0944,2.0688,2.0852,281000.7
2025-11-04T04:00:00+00:00,2.0861,2.092,2.0694,2.0694,479316.8
2025-11-04T05:00:00+00:00,2.0689,2.0807,1.975,1.9828,1498552.8999999999
2025-11-04T06:00:00+00:00,1.981,2.074,1.9796,2.0328,924174.2
2025-11-04T07:00:00+00:00,2.0312,2.035,1.9807,1.9892,808996.0
2025-11-04T08:00:00+00:00,1.9895,2.0549,1.9891,2.028,749253.2
2025-11-04T09:00:00+00:00,2.0279,2.0539,2.0192,2.0517,1424284.2
2025-11-04T10:00:00+00:00,2.0515,2.0593,2.0429,2.0532,443964.4
2025-11-04T11:00:00+00:00,2.055,2.0747,2.0471,2.0719,813188.7
2025-11-04T12:00:00+00:00,2.0702,2.0702,2.0391,2.0486,834268.0
2025-11-04T13:00:00+00:00,2.0491,2.0554,2.0188,2.0262,283205.0
2025-11-04T14:00:00+00:00,2.0257,2.0771,2.0031,2.0661,851208.1
2025-11-04T15:00:00+00:00,2.0666,2.085,2.0189,2.023,733985.8
2025-11-04T16:00:00+00:00,2.0229,2.0462,1.9818,1.9862,1220447.8
2025-11-04T17:00:00+00:00,1.9855,1.9888,1.9225,1.9621,2419525.5
2025-11-04T18:00:00+00:00,1.9613,1.9661,1.8888,1.9615,3627897.0
2025-11-04T19:00:00+00:00,1.9607,1.979,1.9225,1.9267,2032199.8999999999
2025-11-04T20:00:00+00:00,1.9265,1.9425,1.8233,1.9159,3875594.7000000002
2025-11-04T21:00:00+00:00,1.9162,1.9292,1.845,1.9291,4000320.8999999999
2025-11-04T22:00:00+00:00,1.9295,1.9966,1.9174,1.98,1454941.1000000001
2025-11-04T23:00:00+00:00,1.9825,1.9952,1.9704,1.9753,407723.1
2025-11-05T00:00:00+00:00,1.9744,1.9825,1.9371,1.9494,547808.5
2025-11-05T01:00:00+00:00,1.9497,1.9576,1.8788,1.949,2014176.3
2025-11-05T02:00:00+00:00,1.9495,2.0193,1.9495,2.018,882796.7
2025-11-05T03:00:00+00:00,2.0177,2.0311,2.0,2.0267,656305.7
2025-11-05T04:00:00+00:00,2.0256,2.0339,2.0037,2.0162,512782.1
2025-11-05T05:00:00+00:00,2.0184,2.033,2.0171,2.0245,183461.7
2025-11-05T06:00:00+00:00,2.0247,2.0324,2.0132,2.0324,146234.3
2025-11-05T07:00:00+00:00,2.0336,2.0337,2.0098,2.029,94134.1
2025-11-05T08:00:00+00:00,2.0274,2.0274,1.984,1.9996,904920.3
2025-11-05T09:00:00+00:00,1.9987,2.0363,1.9969,2.0303,3482140.5
2025-11-05T10:00:00+00:00,2.0297,2.0325,2.0035,2.0063,335980.5
2025-11-05T11:00:00+00:00,2.0053,2.055,2.0052,2.0495,349588.4
2025-11-05T12:00:00+00:00,2.0484,2.0646,2.0376,2.0576,398401.2
2025-11-05T13:00:00+00:00,2.0576,2.069,2.04,2.0561,961318.6
2025-11-05T14:00:00+00:00,2.0563,2.062,2.0191,2.0303,2932672.1000000001
2025-11-05T15:00:00+00:00,2.03,2.0422,2.0169,2.0399,974386.5
2025-11-05T16:00:00+00:00,2.0404,2.0563,2.0142,2.0495,488377.2
2025-11-05T17:00:00+00:00,2.0493,2.0571,2.0247,2.0353,423640.8
2025-11-05T18:00:00+00:00,2.0352,2.0449,2.0261,2.037,261197.6
2025-11-05T19:00:00+00:00,2.0362,2.0392,2.0121,2.029,172457.1
2025-11-05T20:00:00+00:00,2.0296,2.0439,2.0228,2.0297,180468.7
2025-11-05T21:00:00+00:00,2.0287,2.0287,2.0128,2.0212,291445.5
2025-11-05T22:00:00+00:00,2.0251,2.0408,2.0186,2.0404,279671.7
2025-11-05T23:00:00+00:00,2.0403,2.0428,2.028,2.0312,145824.0
2025-11-06T00:00:00+00:00,2.0307,2.0347,2.0202,2.0292,338968.3
2025-11-06T01:00:00+00:00,2.0287,2.0287,1.9937,2.0273,699408.8
2025-11-06T02:00:00+00:00,2.0273,2.055,2.0088,2.0426,596851.5
2025-11-06T03:00:00+00:00,2.0422,2.0477,2.0351,2.0436,336727.9
2025-11-06T04:00:00+00:00,2.0445,2.0509,2.0333,2.0399,225402.3
2025-11-06T05:00:00+00:00,2.0386,2.0386,2.0029,2.0079,366310.1
2025-11-06T06:00:00+00:00,2.0089,2.0131,1.9941,1.9959,128575.9
2025-11-06T07:00:00+00:00,1.9967,2.0067,1.9818,1.995,119731.7
2025-11-06T08:00:00+00:00,1.9912,2.006,1.9849,1.9923,79352.2
2025-11-06T09:00:00+00:00,1.9922,1.9949,1.9807,1.9881,259239.8
2025-11-06T10:00:00+00:00,1.9888,2.005,1.9747,1.9932,273197.3
2025-11-06T11:00:00+00:00,1.992,2.0012,1.9778,1.9905,182269.0
2025-11-06T12:00:00+00:00,1.9916,1.9964,1.9594,1.9641,300452.0
2025-11-06T13:00:00+00:00,1.9633,2.0077,1.9604,2.0037,722750.2
2025-11-06T14:00:00+00:00,2.004,2.0104,1.9517,1.9533,585423.8
2025-11-06T15:00:00+00:00,1.9571,1.9797,1.9289,1.9357,1322601.7
2025-11-06T16:00:00+00:00,1.9362,1.9488,1.902,1.926,1000273.5
2025-11-06T17:00:00+00:00,1.9266,1.9577,1.9203,1.9536,423027.3
2025-11-06T18:00:00+00:00,1.9531,1.9737,1.9186,1.9579,672387.0
2025-11-06T19:00:00+00:00,1.9574,1.9692,1.9485,1.9633,320557.4
2025-11-06T20:00:00+00:00,1.9631,1.9764,1.9396,1.9583,443547.2
2025-11-06T21:00:00+00:00,1.9583,1.985,1.9512,1.9782,237995.9
2025-11-06T22:00:00+00:00,1.9788,1.9848,1.9595,1.9787,96690.0
2025-11-06T23:00:00+00:00,1.9776,1.9778,1.9488,1.9665,220634.8
2025-11-07T00:00:00+00:00,1.9666,1.9954,1.9608,1.9884,205391.6
2025-11-07T01:00:00+00:00,1.988,1.9955,1.9518,1.9827,215734.1
2025-11-07T02:00:00+00:00,1.9836,1.9987,1.9639,1.997,88324.7
2025-11-07T03:00:00+00:00,1.9979,2.0102,1.9878,2.0049,599541.2
2025-11-07T04:00:00+00:00,2.0049,2.0144,1.985,2.0124,159278.6
2025-11-07T05:00:00+00:00,2.0139,2.027,2.0122,2.0224,145508.8
2025-11-07T06:00:00+00:00,2.023,2.023,2.0043,2.0059,40158.9
2025-11-07T07:00:00+00:00,2.0069,2.0225,1.9995,2.0208,151957.8
2025-11-07T08:00:00+00:00,2.0194,2.0279,2.0047,2.0103,693225.5
2025-11-07T09:00:00+00:00,2.0094,2.0102,1.9647,1.9781,618983.8
2025-11-07T10:00:00+00:00,1.9798,1.9988,1.969,1.9775,659485.2
2025-11-07T11:00:00+00:00,1.9765,1.9805,1.9477,1.972,289502.9
2025-11-07T12:00:00+00:00,1.9731,1.9792,1.9332,1.9499,574816.0
2025-11-07T13:00:00+00:00,1.9477,1.9722,1.9371,1.9621,577457.6
2025-11-07T14:00:00+00:00,1.9605,2.0059,1.9289,1.9955,1914853.2
2025-11-07T15:00:00+00:00,1.9969,2.0694,1.9834,2.0604,1098396.3
2025-11-07T16:00:00+00:00,2.0587,2.1139,2.0259,2.0967,1277659.3999999999
2025-11-07T17:00:00+00:00,2.0977,2.1483,2.0846,2.1351,1137800.3999999999
2025-11-07T18:00:00+00:00,2.1356,2.1917,2.1316,2.1789,2450205.6000000001
2025-11-07T19:00:00+00:00,2.1784,2.1819,2.1592,2.1697,361882.0
2025-11-07T20:00:00+00:00,2.1694,2.1826,2.1604,2.1786,874035.1
2025-11-07T21:00:00+00:00,2.1771,2.1907,2.1721,2.1817,161487.4
2025-11-07T22:00:00+00:00,2.1819,2.1882,2.1696,2.185,163733.4
2025-11-07T23:00:00+00:00,2.185,2.185,2.1349,2.1449,456860.6
2025-11-08T00:00:00+00:00,2.1452,2.1724,2.1338,2.135,223263.3
2025-11-08T01:00:00+00:00,2.1381,2.1778,2.1348,2.1742,630248.0
2025-11-08T02:00:00+00:00,2.1743,2.1991,2.1548,2.1548,222944.7
2025-11-08T03:00:00+00:00,2.1541,2.1785,2.1414,2.1414,129262.0
2025-11-08T04:00:00+00:00,2.142,2.1771,2.142,2.1592,92887.7
2025-11-08T05:00:00+00:00,2.1607,2.1661,2.12,2.1248,218172.1
2025-11-08T06:00:00+00:00,2.1276,2.1484,2.1162,2.1439,193272.6
2025-11-08T07:00:00+00:00,2.1423,2.1606,2.1169,2.1595,281980.0
2025-11-08T08:00:00+00:00,2.1611,2.1655,2.1454,2.1618,158142.3
2025-11-08T09:00:00+00:00,2.1606,2.1613,2.1266,2.1351,102781.2
2025-11-08T10:00:00+00:00,2.1331,2.1474,2.1302,2.1437,83413.9
2025-11-08T11:00:00+00:00,2.1428,2.1541,2.1193,2.1281,260969.6
2025-11-08T12:00:00+00:00,2.1272,2.1358,2.1208,2.1277,256090.1
2025-11-08T13:00:00+00:00,2.128,2.1285,2.0879,2.0881,254632.4
2025-11-08T14:00:00+00:00,2.0903,2.0975,2.066,2.0898,111616.6
2025-11-08T15:00:00+00:00,2.09,2.0937,2.0616,2.069,185252.6
2025-11-08T16:00:00+00:00,2.0709,2.0878,2.0607,2.0815,97961.2
2025-11-08T17:00:00+00:00,2.0814,2.1043,2.0774,2.1,47574.5
2025-11-08T18:00:00+00:00,2.1004,2.1106,2.0934,2.1052,96407.1
2025-11-08T19:00:00+00:00,2.1056,2.1081,2.0786,2.0989,100915.3
2025-11-08T20:00:00+00:00,2.0985,2.1169,2.0919,2.1137,66842.1
2025-11-08T21:00:00+00:00,2.1129,2.1177,2.1072,2.1133,43832.1
2025-11-08T22:00:00+00:00,2.1132,2.1236,2.1075,2.1179,52481.2
2025-11-08T23:00:00+00:00,2.1167,2.1251,2.1145,2.121,54629.6
2025-11-09T00:00:00+00:00,2.1216,2.122,2.0898,2.094,126293.0
2025-11-09T01:00:00+00:00,2.0938,2.1073,2.0905,2.107,29884.4
2025-11-09T02:00:00+00:00,2.1062,2.1077,2.0585,2.0619,224509.8
2025-11-09T03:00:00+00:00,2.0622,2.0717,2.05,2.0582,64672.5
2025-11-09T04:00:00+00:00,2.0594,2.0774,2.058,2.0625,43747.9
2025-11-09T05:00:00+00:00,2.0611,2.0761,2.0566,2.0745,42469.9
2025-11-09T06:00:00+00:00,2.0743,2.0933,2.0676,2.0751,40418.4
2025-11-09T07:00:00+00:00,2.0777,2.1103,2.074,2.1035,70661.7
2025-11-09T08:00:00+00:00,2.1011,2.1035,2.0824,2.089,58205.9
2025-11-09T09:00:00+00:00,2.0907,2.1074,2.0664,2.0714,403526.0
2025-11-09T10:00:00+00:00,2.0713,2.0801,2.0571,2.0798,74360.9
2025-11-09T11:00:00+00:00,2.0826,2.1032,2.0826,2.0903,80494.8
2025-11-09T12:00:00+00:00,2.0916,2.1042,2.0879,2.0895,63110.3
2025-11-09T13:00:00+00:00,2.0896,2.1073,2.0871,2.1001,89199.6
2025-11-09T14:00:00+00:00,2.1001,2.1401,2.0883,2.0989,302968.3
2025-11-09T15:00:00+00:00,2.1006,2.1348,2.1006,2.1218,214275.4
2025-11-09T16:00:00+00:00,2.1217,2.1423,2.1069,2.14,591313.5
2025-11-09T17:00:00+00:00,2.1391,2.14,2.1089,2.116,235054.0
2025-11-09T18:00:00+00:00,2.1163,2.1366,2.1054,2.1366,249229.7
2025-11-09T19:00:00+00:00,2.1368,2.1646,2.1315,2.1643,452053.0
2025-11-09T20:00:00+00:00,2.1642,2.1672,2.1478,2.1535,156068.7
2025-11-09T21:00:00+00:00,2.1567,2.1613,2.1462,2.1543,57808.0
2025-11-09T22:00:00+00:00,2.1564,2.1566,2.1322,2.1496,155050.7
2025-11-09T23:00:00+00:00,2.1506,2.1697,2.1353,2.1443,161444.1
2025-11-10T00:00:00+00:00,2.1436,2.1898,2.1279,2.1706,553677.7
2025-11-10T01:00:00+00:00,2.1704,2.182,2.1548,2.1601,439055.7
2025-11-10T02:00:00+00:00,2.1604,2.1648,2.1493,2.1615,176731.4
2025-11-10T03:00:00+00:00,2.1625,2.1886,2.1625,2.1749,79261.2
2025-11-10T04:00:00+00:00,2.1753,2.189,2.1672,2.1823,53589.1
2025-11-10T05:00:00+00:00,2.1844,2.193,2.1666,2.1805,208190.0
2025-11-10T06:00:00+00:00,2.1819,2.186,2.1629,2.1715,83985.9
2025-11-10T07:00:00+00:00,2.1741,2.1865,2.1692,2.1746,401878.3
2025-11-10T08:00:00+00:00,2.1749,2.1753,2.144,2.16,137884.4
2025-11-10T09:00:00+00:00,2.1598,2.2303,2.1566,2.2164,238426.7
2025-11-10T10:00:00+00:00,2.2175,2.2201,2.1772,2.1882,181823.1
2025-11-10T11:00:00+00:00,2.1903,2.206,2.1871,2.1941,130717.1
2025-11-10T12:00:00+00:00,2.1945,2.1965,2.1767,2.1857,166117.4
2025-11-10T13:00:00+00:00,2.1856,2.2191,2.1833,2.2052,164109.1
2025-11-10T14:00:00+00:00,2.2027,2.2028,2.1338,2.148,952491.9
2025-11-10T15:00:00+00:00,2.148,2.174,2.1364,2.1477,397270.8
2025-11-10T16:00:00+00:00,2.1477,2.1642,2.1226,2.1335,261036.0
2025-11-10T17:00:00+00:00,2.1329,2.1675,2.1318,2.1591,200819.8
2025-11-10T18:00:00+00:00,2.1609,2.1646,2.1336,2.1339,187991.1
2025-11-10T19:00:00+00:00,2.134,2.1612,2.1311,2.1474,313380.6
2025-11-10T20:00:00+00:00,2.1485,2.1681,2.1439,2.1528,375918.9
2025-11-10T21:00:00+00:00,2.1523,2.1523,2.1118,2.1241,192140.4
2025-11-10T22:00:00+00:00,2.1257,2.1727,2.1206,2.1695,201879.5
2025-11-10T23:00:00+00:00,2.1719,2.1777,2.1584,2.1616,114235.4
2025-11-11T00:00:00+00:00,2.1618,2.166,2.1157,2.1394,663772.4
2025-11-11T01:00:00+00:00,2.141,2.1964,2.1352,2.146,638057.4
2025-11-11T02:00:00+00:00,2.1463,2.1936,2.1325,2.1817,395556.7
2025-11-11T03:00:00+00:00,2.1815,2.2049,2.1806,2.1911,151610.5
2025-11-11T04:00:00+00:00,2.1909,2.1938,2.1534,2.1565,396781.1
2025-11-11T05:00:00+00:00,2.1573,2.1573,2.1259,2.1264,888659.2
2025-11-11T06:00:00+00:00,2.1272,2.1306,2.099,2.114,398551.4
2025-11-11T07:00:00+00:00,2.1137,2.1174,2.0826,2.0834,239356.5
2025-11-11T08:00:00+00:00,2.0833,2.0985,2.0724,2.0876,217135.3
2025-11-11T09:00:00+00:00,2.0885,2.1042,2.0819,2.0835,146921.5
2025-11-11T10:00:00+00:00,2.0823,2.096,2.0814,2.0896,97439.1
2025-11-11T11:00:00+00:00,2.0906,2.1026,2.0828,2.0907,24835.2
2025-11-11T12:00:00+00:00,2.0923,2.1008,2.0729,2.0863,339712.0
2025-11-11T13:00:00+00:00,2.0877,2.0973,2.0795,2.0818,182578.4
2025-11-11T14:00:00+00:00,2.0822,2.1076,2.0672,2.1063,295074.2
2025-11-11T15:00:00+00:00,2.1062,2.1062,2.0713,2.0801,227990.4
2025-11-11T16:00:00+00:00,2.0775,2.0911,2.0727,2.0777,340655.8
2025-11-11T17:00:00+00:00,2.0779,2.0927,2.0597,2.072,163576.7
2025-11-11T18:00:00+00:00,2.0759,2.0797,2.0549,2.0623,191848.1
2025-11-11T19:00:00+00:00,2.0623,2.0623,2.0364,2.0408,469056.2
2025-11-11T20:00:00+00:00,2.0411,2.0447,2.0154,2.0175,356741.7
2025-11-11T21:00:00+00:00,2.0223,2.0311,2.0075,2.0114,158142.2
2025-11-11T22:00:00+00:00,2.0094,2.0344,2.0017,2.0303,233118.2
2025-11-11T23:00:00+00:00,2.0296,2.0296,2.0013,2.0066,200775.2
2025-11-12T00:00:00+00:00,2.007,2.0196,1.9932,2.0041,433890.4
2025-11-12T01:00:00+00:00,2.0049,2.0258,2.0007,2.0222,136199.9
2025-11-12T02:00:00+00:00,2.0225,2.0327,2.0034,2.0191,828719.2
2025-11-12T03:00:00+00:00,2.0192,2.0267,2.017,2.0219,61299.8
2025-11-12T04:00:00+00:00,2.0227,2.0269,2.012,2.0213,185051.2
2025-11-12T05:00:00+00:00,2.0218,2.0303,2.0133,2.0225,116951.3
2025-11-12T06:00:00+00:00,2.0228,2.0443,2.0209,2.0316,163873.6
2025-11-12T07:00:00+00:00,2.0316,2.0377,2.009,2.0107,122747.0
2025-11-12T08:00:00+00:00,2.0127,2.0493,2.012,2.0374,109573.7
2025-11-12T09:00:00+00:00,2.0374,2.0576,2.0363,2.0517,172541.4
2025-11-12T10:00:00+00:00,2.0504,2.0758,2.0497,2.0727,268479.4
2025-11-12T11:00:00+00:00,2.0731,2.0821,2.0623,2.0667,256015.3
2025-11-12T12:00:00+00:00,2.0684,2.0771,2.0608,2.0661,652039.8
2025-11-12T13:00:00+00:00,2.0678,2.0935,2.062,2.0888,191706.9
2025-11-12T14:00:00+00:00,2.0888,2.0976,2.024,2.0469,548172.6
2025-11-12T15:00:00+00:00,2.0457,2.0582,1.9881,1.9941,771111.5
2025-11-12T16:00:00+00:00,1.9961,2.0034,1.9605,1.9696,1682020.2
2025-11-12T17:00:00+00:00,1.9706,1.9963,1.9556,1.9778,624999.9
2025-11-12T18:00:00+00:00,1.9784,1.9939,1.9738,1.9777,193239.6
2025-11-12T19:00:00+00:00,1.9736,1.9753,1.9491,1.964,443246.9
2025-11-12T20:00:00+00:00,1.9627,1.9874,1.9595,1.9746,183923.5
2025-11-12T21:00:00+00:00,1.9752,1.9837,1.9719,1.979,145544.3
2025-11-12T22:00:00+00:00,1.9778,1.9825,1.9653,1.9812,159577.3
2025-11-12T23:00:00+00:00,1.98,1.98,1.9589,1.9663,156860.6
2025-11-13T00:00:00+00:00,1.9665,1.9847,1.9641,1.9735,137102.0
2025-11-13T01:00:00+00:00,1.9739,1.9978,1.9736,1.9816,235054.6
2025-11-13T02:00:00+00:00,1.9817,1.9869,1.9705,1.9807,66582.1
2025-11-13T03:00:00+00:00,1.9795,2.0242,1.9495,2.005,439524.8
2025-11-13T04:00:00+00:00,2.004,2.0137,1.9914,2.0045,192413.3
2025-11-13T05:00:00+00:00,2.004,2.0302,1.9921,2.0244,210498.7
2025-11-13T06:00:00+00:00,2.0247,2.0369,2.019,2.0283,135802.1
2025-11-13T07:00:00+00:00,2.028,2.0378,2.018,2.023,316519.0
2025-11-13T08:00:00+00:00,2.0228,2.0334,2.0172,2.0307,73526.7
2025-11-13T09:00:00+00:00,2.0325,2.034,2.005,2.0091,164695.0
2025-11-13T10:00:00+00:00,2.0106,2.0312,2.0094,2.0156,104425.1
2025-11-13T11:00:00+00:00,2.0164,2.03,2.0138,2.0188,1140243.5
2025-11-13T12:00:00+00:00,2.0193,2.0423,2.012,2.0409,616251.4
2025-11-13T13:00:00+00:00,2.041,2.0455,2.0019,2.0079,378519.4
2025-11-13T14:00:00+00:00,2.0115,2.0529,1.9864,2.0329,682174.3
2025-11-13T15:00:00+00:00,2.0309,2.0409,1.9879,1.9933,1771778.6000000001
2025-11-13T16:00:00+00:00,1.9931,1.9971,1.9468,1.9488,544259.3
2025-11-13T17:00:00+00:00,1.9492,1.9504,1.8944,1.8967,814227.5
2025-11-13T18:00:00+00:00,1.8976,1.9052,1.8567,1.8669,1039912.5
2025-11-13T19:00:00+00:00,1.8675,1.8856,1.8348,1.8426,1350843.8999999999
2025-11-13T20:00:00+00:00,1.8424,1.8459,1.8196,1.8243,568079.7
2025-11-13T21:00:00+00:00,1.8246,1.8434,1.82,1.8317,403881.6
2025-11-13T22:00:00+00:00,1.8314,1.8814,1.8255,1.8705,429437.8
2025-11-13T23:00:00+00:00,1.873,1.8893,1.8606,1.8713,308379.7
2025-11-14T00:00:00+00:00,1.8711,1.878,1.844,1.8495,821681.1
2025-11-14T01:00:00+00:00,1.8472,1.866,1.8421,1.8508,448209.7
2025-11-14T02:00:00+00:00,1.8517,1.8657,1.8513,1.8585,443093.9
2025-11-14T03:00:00+00:00,1.8585,1.8597,1.8347,1.8412,248618.2
2025-11-14T04:00:00+00:00,1.8413,1.8413,1.763,1.7984,2139021.8999999999
2025-11-14T05:00:00+00:00,1.7994,1.8303,1.7929,1.8217,729108.1
2025-11-14T06:00:00+00:00,1.822,1.8472,1.7941,1.846,1442221.3
2025-11-14T07:00:00+00:00,1.8457,1.8533,1.8284,1.8415,744339.6
2025-11-14T08:00:00+00:00,1.8416,1.8416,1.8093,1.8168,337933.9
2025-11-14T09:00:00+00:00,1.8143,1.8221,1.7927,1.8001,290343.9
2025-11-14T10:00:00+00:00,1.8,1.8163,1.7951,1.8011,242114.4
2025-11-14T11:00:00+00:00,1.8002,1.8018,1.7718,1.7884,483063.4
2025-11-14T12:00:00+00:00,1.7886,1.7886,1.7416,1.7837,1678962.8
2025-11-14T13:00:00+00:00,1.7842,1.7912,1.7493,1.7634,625531.7
2025-11-14T14:00:00+00:00,1.7644,1.81,1.7434,1.7931,2889015.5
2025-11-14T15:00:00+00:00,1.7938,1.8193,1.7648,1.7996,1655363.8
2025-11-14T16:00:00+00:00,1.8,1.8193,1.7864,1.8136,525146.7
2025-11-14T17:00:00+00:00,1.8138,1.8183,1.7732,1.7791,484140.5
2025-11-14T18:00:00+00:00,1.78,1.8045,1.7736,1.779,279790.3
2025-11-14T19:00:00+00:00,1.7791,1.813,1.7751,1.807,444416.9
2025-11-14T20:00:00+00:00,1.8082,1.8087,1.7426,1.7533,899965.4
2025-11-14T21:00:00+00:00,1.7548,1.7811,1.7464,1.7712,236023.8
2025-11-14T22:00:00+00:00,1.7716,1.7828,1.7522,1.7576,432985.7
2025-11-14T23:00:00+00:00,1.7592,1.7592,1.7068,1.7398,706008.0
2025-11-15T00:00:00+00:00,1.7395,1.7651,1.7374,1.7568,189727.2
2025-11-15T01:00:00+00:00,1.758,1.7826,1.7509,1.781,290960.7
2025-11-15T02:00:00+00:00,1.7796,1.7939,1.7735,1.7939,290591.4
2025-11-15T03:00:00+00:00,1.7936,1.7978,1.7845,1.7912,1585532.6000000001
2025-11-15T04:00:00+00:00,1.7916,1.7986,1.7849,1.7878,391667.6
2025-11-15T05:00:00+00:00,1.7888,1.7983,1.7822,1.7958,203904.1
2025-11-15T06:00:00+00:00,1.7957,1.8063,1.7935,1.7956,155530.0
2025-11-15T07:00:00+00:00,1.7947,1.7947,1.7798,1.7825,142432.6
2025-11-15T08:00:00+00:00,1.7833,1.7843,1.7432,1.748,225066.5
2025-11-15T09:00:00+00:00,1.7476,1.7668,1.743,1.7517,95340.6
2025-11-15T10:00:00+00:00,1.7514,1.7639,1.746,1.7623,165446.4
2025-11-15T11:00:00+00:00,1.763,1.7649,1.7506,1.7544,92982.8
2025-11-15T12:00:00+00:00,1.7553,1.7771,1.7524,1.7758,126996.8
2025-11-15T13:00:00+00:00,1.7748,1.7936,1.7712,1.7908,154788.8
2025-11-15T14:00:00+00:00,1.7908,1.7919,1.7807,1.7875,174863.3
2025-11-15T15:00:00+00:00,1.7867,1.7935,1.781,1.7832,119598.7
2025-11-15T16:00:00+00:00,1.784,1.7866,1.7676,1.781,153958.9
2025-11-15T17:00:00+00:00,1.7812,1.7946,1.7746,1.7893,158111.1
2025-11-15T18:00:00+00:00,1.7896,1.7952,1.7818,1.7879,276333.0
2025-11-15T19:00:00+00:00,1.7885,1.7907,1.7813,1.7854,49256.0
2025-11-15T20:00:00+00:00,1.7854,1.7855,1.7672,1.7693,93795.0
2025-11-15T21:00:00+00:00,1.7687,1.7795,1.7537,1.7558,118804.6
2025-11-15T22:00:00+00:00,1.756,1.7728,1.7531,1.7714,96942.0
2025-11-15T23:00:00+00:00,1.7715,1.7748,1.7655,1.7688,767641.8
2025-11-16T00:00:00+00:00,1.7689,1.7714,1.7461,1.7581,305541.3
2025-11-16T01:00:00+00:00,1.7551,1.7587,1.7161,1.7455,528399.4
2025-11-16T02:00:00+00:00,1.744,1.7658,1.7356,1.7652,405992.2
2025-11-16T03:00:00+00:00,1.7656,1.77,1.7581,1.7635,65698.8
2025-11-16T04:00:00+00:00,1.7645,1.7659,1.7472,1.7552,48192.8
2025-11-16T05:00:00+00:00,1.7556,1.7733,1.7549,1.764,69830.4
2025-11-16T06:00:00+00:00,1.7636,1.7716,1.7566,1.7567,120320.5
2025-11-16T07:00:00+00:00,1.758,1.7646,1.7509,1.7646,51875.2
2025-11-16T08:00:00+00:00,1.7647,1.7684,1.7512,1.7593,69493.3
2025-11-16T09:00:00+00:00,1.7593,1.7792,1.7494,1.7792,270859.8
2025-11-16T10:00:00+00:00,1.7789,1.7789,1.7705,1.7705,212926.4
2025-11-16T11:00:00+00:00,1.772,1.7734,1.7085,1.7186,383692.2
2025-11-16T12:00:00+00:00,1.7181,1.7278,1.6976,1.7034,467885.0
2025-11-16T13:00:00+00:00,1.7027,1.7061,1.676,1.6864,398293.5
2025-11-16T14:00:00+00:00,1.686,1.707,1.6833,1.7049,223671.0
2025-11-16T15:00:00+00:00,1.7049,1.7054,1.6669,1.6697,388490.3
2025-11-16T16:00:00+00:00,1.6693,1.6855,1.6566,1.6629,702106.6
2025-11-16T17:00:00+00:00,1.6628,1.6699,1.6427,1.662,585856.6
2025-11-16T18:00:00+00:00,1.6624,1.6966,1.6523,1.6568,963114.5
2025-11-16T19:00:00+00:00,1.6566,1.6819,1.6556,1.661,753714.6
2025-11-16T20:00:00+00:00,1.6626,1.678,1.6598,1.6606,581623.8
2025-11-16T21:00:00+00:00,1.6591,1.6608,1.6445,1.6597,205238.7
2025-11-16T22:00:00+00:00,1.6599,1.6829,1.6444,1.6752,599025.3
2025-11-16T23:00:00+00:00,1.6759,1.6943,1.6424,1.6782,589664.3
2025-11-17T00:00:00+00:00,1.6782,1.696,1.654,1.6868,406326.6
2025-11-17T01:00:00+00:00,1.6867,1.6902,1.6764,1.6773,513496.7
2025-11-17T02:00:00+00:00,1.6774,1.6951,1.6735,1.6878,152080.6
2025-11-17T03:00:00+00:00,1.6882,1.7046,1.6874,1.7038,172501.8
2025-11-17T04:00:00+00:00,1.7052,1.7198,1.7016,1.7072,420649.6
2025-11-17T05:00:00+00:00,1.7079,1.7116,1.7025,1.708,169058.5
2025-11-17T06:00:00+00:00,1.7087,1.7202,1.7021,1.7201,429248.1
2025-11-17T07:00:00+00:00,1.7204,1.7287,1.7155,1.7224,459549.0
2025-11-17T08:00:00+00:00,1.7232,1.7253,1.7121,1.7142,138179.6
2025-11-17T09:00:00+00:00,1.7151,1.7291,1.7092,1.7236,334626.9
2025-11-17T10:00:00+00:00,1.7232,1.7314,1.721,1.7257,84816.1
2025-11-17T11:00:00+00:00,1.7266,1.7338,1.7187,1.7224,70754.9
2025-11-17T12:00:00+00:00,1.7225,1.7227,1.709,1.7116,52677.1
2025-11-17T13:00:00+00:00,1.7124,1.7136,1.6264,1.6408,1114941.6000000001
2025-11-17T14:00:00+00:00,1.6407,1.7328,1.6263,1.6924,2587245.3999999999
2025-11-17T15:00:00+00:00,1.6929,1.7,1.6457,1.6525,718272.3
2025-11-17T16:00:00+00:00,1.6532,1.6942,1.6303,1.6942,1205773.8
2025-11-17T17:00:00+00:00,1.6939,1.6951,1.6369,1.6439,627613.4
2025-11-17T18:00:00+00:00,1.6434,1.6516,1.6061,1.6167,1543238.7
2025-11-17T19:00:00+00:00,1.617,1.6239,1.5856,1.5954,1417962.5
2025-11-17T20:00:00+00:00,1.595,1.6103,1.5792,1.5988,808740.0
2025-11-17T21:00:00+00:00,1.5986,1.6115,1.5809,1.6016,855512.6
2025-11-17T22:00:00+00:00,1.6006,1.623,1.594,1.6143,1138010.6000000001
2025-11-17T23:00:00+00:00,1.6146,1.6217,1.6038,1.6172,545925.7
2025-11-18T00:00:00+00:00,1.6173,1.6224,1.5791,1.6173,1201965.3
2025-11-18T01:00:00+00:00,1.6172,1.634,1.6108,1.6187,1280603.3
2025-11-18T02:00:00+00:00,1.6186,1.6475,1.5989,1.611,668046.4
2025-11-18T03:00:00+00:00,1.6109,1.655,1.5927,1.6438,1474457.2
2025-11-18T04:00:00+00:00,1.6428,1.648,1.615,1.6468,346923.7
2025-11-18T05:00:00+00:00,1.6472,1.6594,1.6321,1.6389,813583.2
2025-11-18T06:00:00+00:00,1.6373,1.6468,1.6277,1.6278,513898.9
2025-11-18T07:00:00+00:00,1.6289,1.6491,1.624,1.6426,198641.2
2025-11-18T08:00:00+00:00,1.6425,1.6614,1.6405,1.6528,241241.9
2025-11-18T09:00:00+00:00,1.6527,1.6546,1.642,1.6525,286644.0
2025-11-18T10:00:00+00:00,1.6528,1.6617,1.6449,1.6604,477440.8
2025-11-18T11:00:00+00:00,1.6585,1.6617,1.6482,1.6504,510229.1
2025-11-18T12:00:00+00:00,1.6497,1.6551,1.6294,1.6468,401903.8
2025-11-18T13:00:00+00:00,1.6456,1.6478,1.632,1.6409,141948.1
2025-11-18T14:00:00+00:00,1.6408,1.6584,1.6303,1.6308,575304.0
2025-11-18T15:00:00+00:00,1.6299,1.6783,1.6187,1.6681,983856.2
2025-11-18T16:00:00+00:00,1.6693,1.6968,1.662,1.6925,511221.0
2025-11-18T17:00:00+00:00,1.6925,1.693,1.6693,1.6801,141772.7
2025-11-18T18:00:00+00:00,1.6807,1.6988,1.6807,1.687,114153.9
2025-11-18T19:00:00+00:00,1.6866,1.6987,1.6843,1.6886,63807.4
2025-11-18T20:00:00+00:00,1.6885,1.6925,1.679,1.6808,112675.2
2025-11-18T21:00:00+00:00,1.6806,1.682,1.6595,1.6608,131237.0
2025-11-18T22:00:00+00:00,1.6613,1.6848,1.661,1.681,90709.1
2025-11-18T23:00:00+00:00,1.6812,1.6812,1.6642,1.6682,154719.3
2025-11-19T00:00:00+00:00,1.6682,1.6707,1.643,1.6656,201200.6
2025-11-19T01:00:00+00:00,1.6649,1.6768,1.6551,1.6654,288326.4
2025-11-19T02:00:00+00:00,1.666,1.6789,1.6631,1.6708,169993.7
2025-11-19T03:00:00+00:00,1.6708,1.674,1.6458,1.6489,255543.9
2025-11-19T04:00:00+00:00,1.6485,1.6562,1.6444,1.6492,128227.2
2025-11-19T05:00:00+00:00,1.6478,1.6508,1.6093,1.6225,389030.1
2025-11-19T06:00:00+00:00,1.6229,1.6392,1.6172,1.6374,440562.6
2025-11-19T07:00:00+00:00,1.636,1.6604,1.6339,1.6557,88459.7
2025-11-19T08:00:00+00:00,1.6556,1.6621,1.6499,1.6531,411707.2
2025-11-19T09:00:00+00:00,1.6531,1.6543,1.6412,1.6532,203905.7
2025-11-19T10:00:00+00:00,1.6524,1.6653,1.6485,1.6492,137582.8
2025-11-19T11:00:00+00:00,1.6487,1.656,1.6439,1.6454,97000.1
2025-11-19T12:00:00+00:00,1.645,1.6555,1.6438,1.653,52028.7
2025-11-19T13:00:00+00:00,1.6538,1.6538,1.6307,1.6312,181685.0
2025-11-19T14:00:00+00:00,1.6313,1.6348,1.6068,1.6268,568078.1
2025-11-19T15:00:00+00:00,1.6278,1.6529,1.5816,1.5827,933322.3
2025-11-19T16:00:00+00:00,1.5831,1.5907,1.5466,1.552,1082500.2
2025-11-19T17:00:00+00:00,1.551,1.5583,1.534,1.5471,1307399.5
2025-11-19T18:00:00+00:00,1.5469,1.5531,1.5161,1.528,747242.2
2025-11-19T19:00:00+00:00,1.5283,1.5307,1.5095,1.5174,841555.1
2025-11-19T20:00:00+00:00,1.5181,1.5546,1.5116,1.5511,510130.1
2025-11-19T21:00:00+00:00,1.5509,1.5957,1.5456,1.5915,1498133.6000000001
2025-11-19T22:00:00+00:00,1.5915,1.5918,1.5688,1.5811,419535.2
2025-11-19T23:00:00+00:00,1.5814,1.6098,1.5798,1.6065,616703.1
2025-11-20T00:00:00+00:00,1.6062,1.6199,1.5976,1.6108,311855.9
2025-11-20T01:00:00+00:00,1.6116,1.6302,1.6096,1.6276,209897.1
2025-11-20T02:00:00+00:00,1.6274,1.6431,1.6271,1.6367,243379.2
2025-11-20T03:00:00+00:00,1.6378,1.639,1.6263,1.6304,113658.5
2025-11-20T04:00:00+00:00,1.6297,1.6424,1.6216,1.642,308458.6
2025-11-20T05:00:00+00:00,1.642,1.6444,1.6331,1.6373,295248.9
2025-11-20T06:00:00+00:00,1.6379,1.6422,1.6174,1.6261,220314.3
2025-11-20T07:00:00+00:00,1.6263,1.6414,1.6228,1.6409,260083.6
2025-11-20T08:00:00+00:00,1.6409,1.6438,1.6291,1.6323,154150.0
2025-11-20T09:00:00+00:00,1.6325,1.6341,1.6199,1.627,214253.9
2025-11-20T10:00:00+00:00,1.6271,1.6281,1.6151,1.6258,178724.8
2025-11-20T11:00:00+00:00,1.6251,1.633,1.6184,1.6321,141434.9
2025-11-20T12:00:00+00:00,1.6302,1.6565,1.6234,1.6495,289063.6
2025-11-20T13:00:00+00:00,1.6496,1.6585,1.6282,1.6311,674097.5
2025-11-20T14:00:00+00:00,1.6312,1.6407,1.606,1.6244,1069353.6000000001
2025-11-20T15:00:00+00:00,1.6246,1.6246,1.5791,1.5794,580854.6
2025-11-20T16:00:00+00:00,1.5807,1.5825,1.5113,1.5175,2367525.3999999999
2025-11-20T17:00:00+00:00,1.5183,1.5231,1.4926,1.5022,1330882.3
2025-11-20T18:00:00+00:00,1.5023,1.5165,1.4915,1.4949,606144.7
2025-11-20T19:00:00+00:00,1.4942,1.4999,1.4814,1.4971,759700.0
2025-11-20T20:00:00+00:00,1.4977,1.5096,1.4855,1.5041,737936.0
2025-11-20T21:00:00+00:00,1.5043,1.542,1.5032,1.5272,1192451.1000000001
2025-11-20T22:00:00+00:00,1.5265,1.55,1.5245,1.5417,351698.2
2025-11-20T23:00:00+00:00,1.5407,1.5424,1.494,1.4946,483638.9
2025-11-21T00:00:00+00:00,1.4965,1.518,1.4945,1.5085,497515.2
2025-11-21T01:00:00+00:00,1.5091,1.5187,1.4999,1.5076,320344.2
2025-11-21T02:00:00+00:00,1.5078,1.5087,1.4691,1.4739,786877.2
2025-11-21T03:00:00+00:00,1.4736,1.4966,1.4717,1.4806,764931.4
2025-11-21T04:00:00+00:00,1.4804,1.4891,1.4638,1.4877,282878.2
2025-11-21T05:00:00+00:00,1.4885,1.4951,1.4783,1.4827,212465.1
2025-11-21T06:00:00+00:00,1.4837,1.4881,1.4701,1.4808,284305.8
2025-11-21T07:00:00+00:00,1.4808,1.4866,1.3185,1.3903,4803663.4000000004
2025-11-21T08:00:00+00:00,1.3903,1.4133,1.375,1.3882,1921372.5
2025-11-21T09:00:00+00:00,1.3893,1.4017,1.3583,1.3583,759368.5
2025-11-21T10:00:00+00:00,1.3584,1.3732,1.3511,1.3537,787921.5
2025-11-21T11:00:00+00:00,1.3522,1.3641,1.3269,1.3375,777162.2
2025-11-21T12:00:00+00:00,1.3371,1.3799,1.3157,1.369,2785891.0
2025-11-21T13:00:00+00:00,1.3699,1.4014,1.3679,1.3912,611075.3
2025-11-21T14:00:00+00:00,1.3907,1.4134,1.3761,1.4003,1251370.1000000001
2025-11-21T15:00:00+00:00,1.4003,1.4033,1.3554,1.3602,577760.8
2025-11-21T16:00:00+00:00,1.3606,1.399,1.3369,1.3984,2213825.2999999998
2025-11-21T17:00:00+00:00,1.3985,1.4178,1.3951,1.3975,1255629.8
2025-11-21T18:00:00+00:00,1.3979,1.411,1.364,1.3991,873367.8
2025-11-21T19:00:00+00:00,1.3991,1.4049,1.3823,1.3872,732147.0
2025-11-21T20:00:00+00:00,1.3872,1.3903,1.3626,1.373,701242.1
2025-11-21T21:00:00+00:00,1.3744,1.4007,1.3627,1.3932,235552.1
2025-11-21T22:00:00+00:00,1.393,1.3981,1.3486,1.3495,216496.3
2025-11-21T23:00:00+00:00,1.3488,1.3949,1.3422,1.3904,555541.1
2025-11-22T00:00:00+00:00,1.3904,1.3989,1.3801,1.3864,309684.5
2025-11-22T01:00:00+00:00,1.388,1.3975,1.384,1.396,168654.1
2025-11-22T02:00:00+00:00,1.3977,1.3977,1.3728,1.3802,524105.9
2025-11-22T03:00:00+00:00,1.3797,1.3869,1.374,1.3776,76109.0
2025-11-22T04:00:00+00:00,1.3785,1.3785,1.3448,1.3652,422950.0
2025-11-22T05:00:00+00:00,1.3653,1.3676,1.3438,1.3562,69707.8
2025-11-22T06:00:00+00:00,1.3576,1.3762,1.3468,1.3705,149166.1
2025-11-22T07:00:00+00:00,1.3704,1.375,1.3638,1.3735,83047.0
2025-11-22T08:00:00+00:00,1.3721,1.3725,1.3379,1.3394,107412.0
2025-11-22T09:00:00+00:00,1.3401,1.3546,1.3327,1.3402,417560.1
2025-11-22T10:00:00+00:00,1.3418,1.349,1.3293,1.3359,441402.0
2025-11-22T11:00:00+00:00,1.3379,1.3605,1.3319,1.3491,157460.7
2025-11-22T12:00:00+00:00,1.3484,1.349,1.3269,1.3291,171944.4
2025-11-22T13:00:00+00:00,1.3289,1.3348,1.3107,1.3243,387384.8
2025-11-22T14:00:00+00:00,1.3253,1.3526,1.3253,1.3372,737951.5
2025-11-22T15:00:00+00:00,1.3392,1.343,1.3192,1.3228,246478.9
2025-11-22T16:00:00+00:00,1.3212,1.3416,1.3194,1.3383,213201.9
2025-11-22T17:00:00+00:00,1.3385,1.3398,1.3267,1.3341,194682.1
2025-11-22T18:00:00+00:00,1.3345,1.3461,1.3302,1.3437,159071.4
2025-11-22T19:00:00+00:00,1.3452,1.349,1.3298,1.3354,212451.8
2025-11-22T20:00:00+00:00,1.3357,1.3453,1.3175,1.3231,329023.5
2025-11-22T21:00:00+00:00,1.323,1.3344,1.323,1.3324,49986.9
2025-11-22T22:00:00+00:00,1.3327,1.3668,1.3284,1.3624,318906.1
2025-11-22T23:00:00+00:00,1.3619,1.3626,1.3424,1.3445,69083.8
2025-11-23T00:00:00+00:00,1.3443,1.3519,1.341,1.3496,124808.7
2025-11-23T01:00:00+00:00,1.3499,1.38,1.3487,1.3755,841386.4
2025-11-23T02:00:00+00:00,1.3756,1.3943,1.3722,1.3874,324977.1
2025-11-23T03:00:00+00:00,1.3879,1.3898,1.3774,1.3897,151938.1
2025-11-23T04:00:00+00:00,1.391,1.4065,1.3882,1.3943,400455.6
2025-11-23T05:00:00+00:00,1.3937,1.3939,1.3736,1.3775,170884.2
2025-11-23T06:00:00+00:00,1.3789,1.3851,1.3655,1.3665,146376.6
2025-11-23T07:00:00+00:00,1.3658,1.3661,1.3464,1.3591,359075.8
2025-11-23T08:00:00+00:00,1.3588,1.3667,1.3564,1.3647,91183.6
2025-11-23T09:00:00+00:00,1.3643,1.3773,1.3634,1.3685,242733.1
2025-11-23T10:00:00+00:00,1.3686,1.3746,1.3668,1.3729,96281.3
2025-11-23T11:00:00+00:00,1.3724,1.3738,1.3581,1.3712,67863.8
2025-11-23T12:00:00+00:00,1.3711,1.3843,1.3702,1.3748,219280.7
2025-11-23T13:00:00+00:00,1.3743,1.3792,1.3688,1.3782,169772.7
2025-11-23T14:00:00+00:00,1.3777,1.388,1.3551,1.3551,728044.8
2025-11-23T15:00:00+00:00,1.3547,1.3793,1.3509,1.3735,1392357.2
2025-11-23T16:00:00+00:00,1.3749,1.3835,1.3658,1.3658,203507.8
2025-11-23T17:00:00+00:00,1.367,1.3711,1.3576,1.3624,144281.3
2025-11-23T18:00:00+00:00,1.363,1.3809,1.363,1.3741,65225.1
2025-11-23T19:00:00+00:00,1.3746,1.3881,1.3729,1.3813,327171.8
2025-11-23T20:00:00+00:00,1.3813,1.3886,1.3781,1.3829,97889.7
2025-11-23T21:00:00+00:00,1.3829,1.3961,1.3737,1.3949,254101.9
2025-11-23T22:00:00+00:00,1.3948,1.396,1.383,1.3861,316324.8
2025-11-23T23:00:00+00:00,1.3869,1.3888,1.364,1.3676,234036.2
2025-11-24T00:00:00+00:00,1.3677,1.3738,1.3466,1.3591,621598.0
2025-11-24T01:00:00+00:00,1.3592,1.3641,1.3415,1.3619,439754.4
2025-11-24T02:00:00+00:00,1.3619,1.3938,1.3596,1.3829,489001.3
2025-11-24T03:00:00+00:00,1.3827,1.401,1.3759,1.3907,195078.4
2025-11-24T04:00:00+00:00,1.3917,1.4077,1.3666,1.3783,4167408.8999999999
2025-11-24T05:00:00+00:00,1.378,1.4173,1.3779,1.4068,1183909.7
2025-11-24T06:00:00+00:00,1.4064,1.4075,1.3832,1.3912,207765.5
2025-11-24T07:00:00+00:00,1.3909,1.3983,1.3843,1.3931,220759.3
2025-11-24T08:00:00+00:00,1.3932,1.394,1.381,1.3885,492487.1
2025-11-24T09:00:00+00:00,1.3885,1.3924,1.3545,1.3572,264776.2
2025-11-24T10:00:00+00:00,1.3573,1.372,1.357,1.3699,161997.1
2025-11-24T11:00:00+00:00,1.3703,1.3859,1.3611,1.3825,519695.4
2025-11-24T12:00:00+00:00,1.3827,1.3827,1.3618,1.3658,236476.0
2025-11-24T13:00:00+00:00,1.3656,1.3866,1.3641,1.3727,164741.7
2025-11-24T14:00:00+00:00,1.3724,1.3936,1.3555,1.3789,987570.1
2025-11-24T15:00:00+00:00,1.3801,1.4039,1.3739,1.3984,1178665.2
2025-11-24T16:00:00+00:00,1.3991,1.4402,1.3985,1.4239,735682.3
2025-11-24T17:00:00+00:00,1.4262,1.51,1.4255,1.5036,2522566.8999999999
2025-11-24T18:00:00+00:00,1.5041,1.5395,1.4967,1.528,2235431.3999999999
2025-11-24T19:00:00+00:00,1.5278,1.5658,1.5158,1.5238,2038260.6000000001
2025-11-24T20:00:00+00:00,1.5245,1.5589,1.5245,1.5512,944642.0
2025-11-24T21:00:00+00:00,1.5501,1.5534,1.5407,1.5526,379683.7
2025-11-24T22:00:00+00:00,1.5525,1.5655,1.535,1.5421,1487610.7
2025-11-24T23:00:00+00:00,1.5407,1.543,1.5229,1.5269,499186.2
2025-11-25T00:00:00+00:00,1.527,1.5479,1.521,1.5469,455470.5
2025-11-25T01:00:00+00:00,1.5447,1.5537,1.537,1.5381,302258.4
2025-11-25T02:00:00+00:00,1.5374,1.5491,1.526,1.5474,288320.5
2025-11-25T03:00:00+00:00,1.548,1.5494,1.5281,1.5345,319550.5
2025-11-25T04:00:00+00:00,1.5342,1.5634,1.5333,1.561,487446.9
2025-11-25T05:00:00+00:00,1.5606,1.571,1.5447,1.5529,351744.2
2025-11-25T06:00:00+00:00,1.5528,1.56,1.5367,1.5462,322808.7
2025-11-25T07:00:00+00:00,1.5463,1.5463,1.5229,1.5239,281619.1
2025-11-25T08:00:00+00:00,1.5246,1.5311,1.505,1.5073,414497.9
2025-11-25T09:00:00+00:00,1.5075,1.5196,1.4954,1.5191,551911.5
2025-11-25T10:00:00+00:00,1.5185,1.5407,1.5096,1.5373,486535.3
2025-11-25T11:00:00+00:00,1.5366,1.5463,1.5263,1.5296,194501.5
2025-11-25T12:00:00+00:00,1.5285,1.5377,1.5215,1.5338,312506.5
2025-11-25T13:00:00+00:00,1.5329,1.5408,1.5007,1.5047,560127.6
2025-11-25T14:00:00+00:00,1.5053,1.5137,1.4676,1.4823,1464194.6000000001
2025-11-25T15:00:00+00:00,1.4821,1.4957,1.4633,1.4864,1601362.3999999999
2025-11-25T16:00:00+00:00,1.4859,1.5117,1.4813,1.4914,489308.2
2025-11-25T17:00:00+00:00,1.4916,1.5085,1.4833,1.4962,436159.9
2025-11-25T18:00:00+00:00,1.4964,1.5053,1.4821,1.4824,185281.1
2025-11-25T19:00:00+00:00,1.4827,1.4853,1.4592,1.4828,519561.0
2025-11-25T20:00:00+00:00,1.4826,1.5186,1.4826,1.5139,934296.2
2025-11-25T21:00:00+00:00,1.5143,1.5192,1.5036,1.5086,1041840.7
2025-11-25T22:00:00+00:00,1.5082,1.5293,1.4881,1.5197,1466793.8999999999
2025-11-25T23:00:00+00:00,1.5194,1.6159,1.5143,1.5634,4605492.7000000002
2025-11-26T00:00:00+00:00,1.563,1.5649,1.5427,1.5456,780854.6
2025-11-26T01:00:00+00:00,1.5459,1.5597,1.536,1.5529,304162.9
2025-11-26T02:00:00+00:00,1.5525,1.5581,1.5336,1.5336,119323.2
2025-11-26T03:00:00+00:00,1.5335,1.5419,1.518,1.5201,374811.2
2025-11-26T04:00:00+00:00,1.5205,1.5269,1.5134,1.5241,138264.3
2025-11-26T05:00:00+00:00,1.5243,1.5336,1.523,1.5286,104850.1
2025-11-26T06:00:00+00:00,1.5285,1.5333,1.5188,1.5301,96646.8
2025-11-26T07:00:00+00:00,1.53,1.5407,1.5274,1.5406,113204.9
2025-11-26T08:00:00+00:00,1.5398,1.54,1.5216,1.5226,129714.6
2025-11-26T09:00:00+00:00,1.5226,1.5279,1.5071,1.5104,316702.2
2025-11-26T10:00:00+00:00,1.5099,1.5199,1.4994,1.5106,159066.5
2025-11-26T11:00:00+00:00,1.508,1.5139,1.4998,1.5009,187082.9
2025-11-26T12:00:00+00:00,1.5006,1.5038,1.4749,1.4759,633907.7
2025-11-26T13:00:00+00:00,1.4752,1.4931,1.4696,1.4915,603097.1
2025-11-26T14:00:00+00:00,1.4906,1.4964,1.4696,1.472,1161931.3999999999
2025-11-26T15:00:00+00:00,1.474,1.4877,1.4695,1.4799,729139.4
2025-11-26T16:00:00+00:00,1.4811,1.5088,1.4808,1.5017,1392166.5
2025-11-26T17:00:00+00:00,1.5028,1.539,1.4894,1.5348,1619684.8
2025-11-26T18:00:00+00:00,1.5363,1.5533,1.5312,1.5516,1211295.2
2025-11-26T19:00:00+00:00,1.553,1.5549,1.5402,1.5444,331691.3
2025-11-26T20:00:00+00:00,1.5443,1.5482,1.534,1.5434,201794.8
2025-11-26T21:00:00+00:00,1.5436,1.5636,1.5385,1.5519,226028.8
2025-11-26T22:00:00+00:00,1.5533,1.5614,1.5411,1.5439,231509.3
2025-11-26T23:00:00+00:00,1.5437,1.5517,1.5358,1.5426,67433.3
2025-11-27T00:00:00+00:00,1.5425,1.549,1.5345,1.5431,95794.3
2025-11-27T01:00:00+00:00,1.5431,1.5655,1.5419,1.5621,121097.7
2025-11-27T02:00:00+00:00,1.5614,1.5774,1.5557,1.5681,215371.9
2025-11-27T03:00:00+00:00,1.5693,1.5769,1.5435,1.5477,227220.8
2025-11-27T04:00:00+00:00,1.5481,1.5649,1.5424,1.5438,146273.7
2025-11-27T05:00:00+00:00,1.5431,1.5533,1.5349,1.5389,160594.8
2025-11-27T06:00:00+00:00,1.5391,1.5582,1.5358,1.5448,67531.1
2025-11-27T07:00:00+00:00,1.5452,1.5456,1.5377,1.543,77719.9
2025-11-27T08:00:00+00:00,1.5426,1.5434,1.5351,1.5393,107306.8
2025-11-27T09:00:00+00:00,1.5398,1.5533,1.5346,1.5366,163732.3
2025-11-27T10:00:00+00:00,1.5354,1.5378,1.5222,1.5291,262603.6
2025-11-27T11:00:00+00:00,1.5289,1.537,1.5238,1.5312,71743.8
2025-11-27T12:00:00+00:00,1.5314,1.5327,1.5211,1.525,501524.6
2025-11-27T13:00:00+00:00,1.525,1.5368,1.5169,1.5309,1025402.3
2025-11-27T14:00:00+00:00,1.5304,1.5368,1.5243,1.5292,88231.2
2025-11-27T15:00:00+00:00,1.528,1.5499,1.5269,1.5459,183704.3
2025-11-27T16:00:00+00:00,1.5452,1.5753,1.5452,1.5705,270749.8
2025-11-27T17:00:00+00:00,1.5701,1.5707,1.5574,1.5654,128805.6
2025-11-27T18:00:00+00:00,1.5642,1.5805,1.5611,1.5805,275883.1
2025-11-27T19:00:00+00:00,1.5798,1.5802,1.5673,1.5717,266592.8
2025-11-27T20:00:00+00:00,1.5718,1.577,1.5645,1.5715,955369.7
2025-11-27T21:00:00+00:00,1.571,1.5841,1.5623,1.5658,2119413.6000000001
2025-11-27T22:00:00+00:00,1.5656,1.5668,1.5434,1.5466,623448.5
2025-11-27T23:00:00+00:00,1.5454,1.5522,1.535,1.5427,103324.3
2025-11-28T00:00:00+00:00,1.5427,1.5494,1.5393,1.543,61240.9
2025-11-28T01:00:00+00:00,1.543,1.5432,1.5144,1.5159,1169849.3999999999
2025-11-28T02:00:00+00:00,1.516,1.5333,1.5118,1.5304,140429.1
2025-11-28T03:00:00+00:00,1.5297,1.5401,1.5269,1.5369,77674.8
2025-11-28T04:00:00+00:00,1.5374,1.5408,1.5288,1.5308,67581.8
2025-11-28T05:00:00+00:00,1.5309,1.5372,1.5236,1.5316,102001.5
2025-11-28T06:00:00+00:00,1.5319,1.5319,1.5112,1.5148,117364.0
2025-11-28T07:00:00+00:00,1.5143,1.5267,1.5141,1.5184,93063.1
2025-11-28T08:00:00+00:00,1.5188,1.5686,1.5187,1.5673,226971.7
2025-11-28T09:00:00+00:00,1.5674,1.5767,1.5538,1.5568,493908.0
2025-11-28T10:00:00+00:00,1.5568,1.5642,1.5525,1.5593,66897.7
2025-11-28T11:00:00+00:00,1.5592,1.5592,1.5321,1.5404,190443.2
2025-11-28T12:00:00+00:00,1.5394,1.5542,1.5389,1.5461,56485.4
2025-11-28T13:00:00+00:00,1.5465,1.578,1.5409,1.5714,280870.9
2025-11-28T14:00:00+00:00,1.5708,1.5938,1.5651,1.5782,540233.4
2025-11-28T15:00:00+00:00,1.5809,1.5992,1.5741,1.5826,397119.7
2025-11-28T16:00:00+00:00,1.5829,1.5833,1.541,1.541,330620.3
2025-11-28T17:00:00+00:00,1.5424,1.5424,1.5149,1.519,370922.4
2025-11-28T18:00:00+00:00,1.5196,1.5245,1.5037,1.518,513720.4
2025-11-28T19:00:00+00:00,1.518,1.5373,1.5178,1.5314,329935.1
2025-11-28T20:00:00+00:00,1.5316,1.5331,1.5204,1.533,65148.6
2025-11-28T21:00:00+00:00,1.533,1.5355,1.524,1.5241,159707.9
2025-11-28T22:00:00+00:00,1.5242,1.5302,1.5117,1.5293,184193.8
2025-11-28T23:00:00+00:00,1.53,1.5351,1.5202,1.5202,55637.4
2025-11-29T00:00:00+00:00,1.5207,1.5269,1.5173,1.5187,80417.1
2025-11-29T01:00:00+00:00,1.5183,1.5302,1.5162,1.5186,64252.9
2025-11-29T02:00:00+00:00,1.518,1.5215,1.5107,1.5157,108739.9
2025-11-29T03:00:00+00:00,1.5157,1.5195,1.5119,1.5125,275205.2
2025-11-29T04:00:00+00:00,1.5131,1.5244,1.5115,1.5242,180831.1
2025-11-29T05:00:00+00:00,1.5223,1.5225,1.5109,1.5118,47400.6
2025-11-29T06:00:00+00:00,1.5121,1.5142,1.4942,1.5033,318838.4
2025-11-29T07:00:00+00:00,1.5038,1.5118,1.5026,1.5056,94596.2
2025-11-29T08:00:00+00:00,1.5041,1.508,1.4997,1.5004,85193.7
2025-11-29T09:00:00+00:00,1.5004,1.5038,1.497,1.5013,76708.1
2025-11-29T10:00:00+00:00,1.5012,1.5074,1.4925,1.5057,143686.4
2025-11-29T11:00:00+00:00,1.5046,1.516,1.502,1.5117,82444.7
2025-11-29T12:00:00+00:00,1.5128,1.514,1.5052,1.5052,85383.8
2025-11-29T13:00:00+00:00,1.5047,1.5096,1.5036,1.5053,388773.9
2025-11-29T14:00:00+00:00,1.5053,1.5057,1.4963,1.497,60617.5
2025-11-29T15:00:00+00:00,1.4969,1.513,1.4967,1.5111,183308.4
2025-11-29T16:00:00+00:00,1.511,1.512,1.5016,1.5053,113244.7
2025-11-29T17:00:00+00:00,1.5062,1.508,1.4905,1.4949,81234.9
2025-11-29T18:00:00+00:00,1.494,1.5002,1.4848,1.4973,290937.2
2025-11-29T19:00:00+00:00,1.4975,1.5011,1.4928,1.4929,93338.3
2025-11-29T20:00:00+00:00,1.4933,1.5017,1.4881,1.5009,82819.3
2025-11-29T21:00:00+00:00,1.5012,1.5035,1.4963,1.5012,63676.8
2025-11-29T22:00:00+00:00,1.5009,1.5016,1.4956,1.4967,57394.3
2025-11-29T23:00:00+00:00,1.4968,1.5028,1.4943,1.498,60243.6
2025-11-30T00:00:00+00:00,1.498,1.5027,1.4953,1.497,76854.8
2025-11-30T01:00:00+00:00,1.4968,1.5081,1.4949,1.5072,53006.5
2025-11-30T02:00:00+00:00,1.506,1.5125,1.5033,1.5049,37899.6
2025-11-30T03:00:00+00:00,1.5047,1.5176,1.4955,1.5148,76827.2
2025-11-30T04:00:00+00:00,1.5144,1.5164,1.509,1.5118,202882.3
2025-11-30T05:00:00+00:00,1.5113,1.5116,1.4974,1.4999,156688.7
2025-11-30T06:00:00+00:00,1.5002,1.5107,1.4967,1.5089,117885.5
2025-11-30T07:00:00+00:00,1.5081,1.5229,1.5062,1.5218,98562.5
2025-11-30T08:00:00+00:00,1.523,1.5402,1.5184,1.5296,251172.8
2025-11-30T09:00:00+00:00,1.5298,1.548,1.5276,1.5466,124011.3
2025-11-30T10:00:00+00:00,1.5466,1.5477,1.5246,1.5248,164171.1
2025-11-30T11:00:00+00:00,1.5255,1.5321,1.5216,1.5251,142546.6
2025-11-30T12:00:00+00:00,1.5257,1.554,1.523,1.5529,354183.3
2025-11-30T13:00:00+00:00,1.5534,1.5689,1.547,1.5603,905647.4
2025-11-30T14:00:00+00:00,1.5615,1.5615,1.538,1.544,208504.9
2025-11-30T15:00:00+00:00,1.5444,1.5444,1.5257,1.5431,1064419.8999999999
2025-11-30T16:00:00+00:00,1.5437,1.5548,1.543,1.5476,249401.2
2025-11-30T17:00:00+00:00,1.5475,1.5483,1.5366,1.539,124898.3
2025-11-30T18:00:00+00:00,1.5402,1.5483,1.5372,1.5477,36585.4
2025-11-30T19:00:00+00:00,1.5479,1.5497,1.5397,1.5423,54509.9
2025-11-30T20:00:00+00:00,1.5422,1.5472,1.5341,1.5389,43463.1
2025-11-30T21:00:00+00:00,1.5386,1.5401,1.5315,1.5375,68029.6
2025-11-30T22:00:00+00:00,1.5383,1.5487,1.5309,1.5385,63215.2
2025-11-30T23:00:00+00:00,1.5384,1.5384,1.495,1.4965,428461.1
2025-12-01T00:00:00+00:00,1.4961,1.5003,1.3809,1.3855,3959360.7999999998
2025-12-01T01:00:00+00:00,1.3852,1.4151,1.3824,1.3905,806702.0
2025-12-01T02:00:00+00:00,1.3895,1.3987,1.3852,1.3852,666564.3
2025-12-01T03:00:00+00:00,1.3852,1.3858,1.3691,1.3733,739571.5
2025-12-01T04:00:00+00:00,1.3735,1.3789,1.3662,1.3721,207745.8
2025-12-01T05:00:00+00:00,1.3716,1.3809,1.3651,1.371,386151.6
2025-12-01T06:00:00+00:00,1.3705,1.3782,1.3669,1.3706,214266.7
2025-12-01T07:00:00+00:00,1.3707,1.3729,1.3583,1.3713,692161.4
2025-12-01T08:00:00+00:00,1.3707,1.3861,1.3669,1.3838,533887.3
2025-12-01T09:00:00+00:00,1.3842,1.3869,1.3723,1.3731,129384.2
2025-12-01T10:00:00+00:00,1.3737,1.3773,1.3685,1.3691,427526.8
2025-12-01T11:00:00+00:00,1.369,1.3697,1.3473,1.3496,406973.2
2025-12-01T12:00:00+00:00,1.3506,1.3529,1.3294,1.3503,508208.6
2025-12-01T13:00:00+00:00,1.3501,1.3633,1.3395,1.3429,860085.2
2025-12-01T14:00:00+00:00,1.3427,1.3567,1.3359,1.3384,791906.6
2025-12-01T15:00:00+00:00,1.3393,1.3393,1.3048,1.3279,1301751.0
2025-12-01T16:00:00+00:00,1.3281,1.3281,1.3079,1.3116,666669.7
2025-12-01T17:00:00+00:00,1.3127,1.3232,1.3068,1.3123,367423.6
2025-12-01T18:00:00+00:00,1.3127,1.327,1.3127,1.3249,239596.3
2025-12-01T19:00:00+00:00,1.3248,1.3254,1.3128,1.3156,203868.3
2025-12-01T20:00:00+00:00,1.3156,1.3339,1.3156,1.3235,847102.8
2025-12-01T21:00:00+00:00,1.3238,1.3462,1.3225,1.3409,2095267.0
2025-12-01T22:00:00+00:00,1.3418,1.3566,1.3385,1.3394,1104539.3999999999
2025-12-01T23:00:00+00:00,1.3395,1.3558,1.3395,1.3444,1159404.1000000001
2025-12-02T00:00:00+00:00,1.3445,1.3521,1.3407,1.3489,140205.8
2025-12-02T01:00:00+00:00,1.3477,1.3666,1.3439,1.3484,855850.6
2025-12-02T02:00:00+00:00,1.3483,1.3557,1.3422,1.3466,177399.0
2025-12-02T03:00:00+00:00,1.3473,1.3545,1.3353,1.3511,168228.5
2025-12-02T04:00:00+00:00,1.3514,1.3637,1.3507,1.3588,201002.0
2025-12-02T05:00:00+00:00,1.3589,1.3589,1.3495,1.3553,164893.9
2025-12-02T06:00:00+00:00,1.3554,1.3615,1.3491,1.3563,139216.4
2025-12-02T07:00:00+00:00,1.3565,1.3565,1.3448,1.347,360895.0
2025-12-02T08:00:00+00:00,1.3468,1.3472,1.3315,1.3353,351565.9
2025-12-02T09:00:00+00:00,1.3358,1.3498,1.3351,1.3482,73294.7
2025-12-02T10:00:00+00:00,1.3476,1.3728,1.3474,1.3692,262667.8
2025-12-02T11:00:00+00:00,1.3689,1.3845,1.367,1.383,447689.2
2025-12-02T12:00:00+00:00,1.3831,1.3942,1.3755,1.3816,779979.5
2025-12-02T13:00:00+00:00,1.3819,1.4184,1.3764,1.4137,713300.2
2025-12-02T14:00:00+00:00,1.4154,1.4776,1.4073,1.476,1101623.1000000001
2025-12-02T15:00:00+00:00,1.4762,1.6242,1.4757,1.6044,4519503.5999999996
2025-12-02T16:00:00+00:00,1.6038,1.6254,1.5778,1.586,2056620.7
2025-12-02T17:00:00+00:00,1.5862,1.6145,1.5795,1.5894,1859821.1000000001
2025-12-02T18:00:00+00:00,1.5899,1.6068,1.5846,1.5956,1427283.3999999999
2025-12-02T19:00:00+00:00,1.5959,1.6172,1.5951,1.6025,886891.5
2025-12-02T20:00:00+00:00,1.6036,1.6149,1.5914,1.6032,956667.4
2025-12-02T21:00:00+00:00,1.6032,1.6072,1.584,1.6057,1302432.2
2025-12-02T22:00:00+00:00,1.6063,1.6481,1.6063,1.6403,1246662.0
2025-12-02T23:00:00+00:00,1.6425,1.6492,1.6206,1.6277,520124.1
2025-12-03T00:00:00+00:00,1.6273,1.6475,1.6159,1.6362,706559.4
2025-12-03T01:00:00+00:00,1.6363,1.6398,1.6241,1.6248,394355.6
2025-12-03T02:00:00+00:00,1.6242,1.6397,1.6218,1.6366,475700.5
2025-12-03T03:00:00+00:00,1.637,1.683,1.6323,1.6347,1517417.7
2025-12-03T04:00:00+00:00,1.6346,1.7301,1.6341,1.7276,2487520.8999999999
2025-12-03T05:00:00+00:00,1.7267,1.7578,1.7257,1.7394,1558943.5
2025-12-03T06:00:00+00:00,1.7402,1.78,1.7257,1.7345,666408.8
2025-12-03T07:00:00+00:00,1.7346,1.7526,1.7271,1.7526,888468.7
2025-12-03T08:00:00+00:00,1.7528,1.7884,1.7468,1.7656,1530374.3
2025-12-03T09:00:00+00:00,1.7664,1.7744,1.7028,1.7164,2129515.1000000001
2025-12-03T10:00:00+00:00,1.7158,1.7333,1.6991,1.7036,1904505.8
2025-12-03T11:00:00+00:00,1.7035,1.7127,1.6948,1.7125,552031.0
2025-12-03T12:00:00+00:00,1.7125,1.7176,1.6987,1.7081,303168.5
2025-12-03T13:00:00+00:00,1.707,1.7132,1.7021,1.7062,445538.8
2025-12-03T14:00:00+00:00,1.7074,1.7291,1.6679,1.6842,3429140.7000000002
2025-12-03T15:00:00+00:00,1.685,1.7049,1.6766,1.6935,926511.7
2025-12-03T16:00:00+00:00,1.6934,1.7068,1.6777,1.6931,278409.7
2025-12-03T17:00:00+00:00,1.6933,1.6975,1.6817,1.6914,343615.6
2025-12-03T18:00:00+00:00,1.6921,1.698,1.658,1.6619,760267.1
2025-12-03T19:00:00+00:00,1.6617,1.6743,1.6584,1.6715,424555.9
2025-12-03T20:00:00+00:00,1.6715,1.6877,1.6675,1.6746,586568.3
2025-12-03T21:00:00+00:00,1.6743,1.6852,1.6695,1.6825,564690.6
2025-12-03T22:00:00+00:00,1.6826,1.7224,1.6711,1.7042,1180104.3
2025-12-03T23:00:00+00:00,1.7036,1.7132,1.6888,1.6888,539405.8
2025-12-04T00:00:00+00:00,1.6888,1.6995,1.6769,1.6969,405850.0
2025-12-04T01:00:00+00:00,1.6959,1.7192,1.6833,1.6843,602992.6
2025-12-04T02:00:00+00:00,1.6839,1.6989,1.6811,1.6899,922519.3
2025-12-04T03:00:00+00:00,1.6897,1.6898,1.6652,1.6734,311407.7
2025-12-04T04:00:00+00:00,1.673,1.6784,1.6685,1.6755,334315.5
2025-12-04T05:00:00+00:00,1.6765,1.6773,1.6537,1.6621,430204.5
2025-12-04T06:00:00+00:00,1.6622,1.6731,1.66,1.6665,177989.8
2025-12-04T07:00:00+00:00,1.6667,1.6688,1.6513,1.6675,113394.5
2025-12-04T08:00:00+00:00,1.6671,1.6804,1.6587,1.6639,792619.8
2025-12-04T09:00:00+00:00,1.665,1.6835,1.6639,1.6772,325063.3
2025-12-04T10:00:00+00:00,1.6771,1.6828,1.6735,1.6753,84427.7
2025-12-04T11:00:00+00:00,1.6754,1.6796,1.6655,1.6708,105933.7
2025-12-04T12:00:00+00:00,1.6706,1.6751,1.6626,1.6653,361706.5
2025-12-04T13:00:00+00:00,1.6657,1.6695,1.642,1.6461,1071898.1000000001
2025-12-04T14:00:00+00:00,1.6462,1.6632,1.646,1.6534,677975.1
2025-12-04T15:00:00+00:00,1.6521,1.7108,1.6521,1.6959,1100236.2
2025-12-04T16:00:00+00:00,1.6952,1.6957,1.6741,1.6779,822465.8
2025-12-04T17:00:00+00:00,1.678,1.678,1.6493,1.6638,412411.8
2025-12-04T18:00:00+00:00,1.6629,1.674,1.6542,1.6563,186641.1
2025-12-04T19:00:00+00:00,1.6576,1.6578,1.612,1.6431,1181531.0
2025-12-04T20:00:00+00:00,1.6431,1.6624,1.6356,1.6578,138645.7
2025-12-04T21:00:00+00:00,1.6564,1.6625,1.6431,1.6462,97785.5
2025-12-04T22:00:00+00:00,1.6461,1.6695,1.6461,1.6655,279398.7
2025-12-04T23:00:00+00:00,1.6648,1.6678,1.657,1.6575,317604.7
2025-12-05T00:00:00+00:00,1.6576,1.6751,1.6573,1.6663,537376.4
2025-12-05T01:00:00+00:00,1.666,1.6722,1.6597,1.6678,158203.3
2025-12-05T02:00:00+00:00,1.6679,1.6679,1.651,1.6517,566369.8
2025-12-05T03:00:00+00:00,1.6517,1.6562,1.6442,1.6495,194053.0
2025-12-05T04:00:00+00:00,1.6505,1.6536,1.6267,1.6302,905868.0
2025-12-05T05:00:00+00:00,1.6308,1.6386,1.6268,1.6309,93251.6
2025-12-05T06:00:00+00:00,1.6314,1.6379,1.6281,1.6357,98558.9
2025-12-05T07:00:00+00:00,1.6339,1.6479,1.6319,1.6433,215229.4
2025-12-05T08:00:00+00:00,1.6432,1.6434,1.6249,1.6323,171759.5
2025-12-05T09:00:00+00:00,1.6319,1.6319,1.6056,1.6119,402785.8
2025-12-05T10:00:00+00:00,1.6105,1.6391,1.6101,1.6319,1204173.5
2025-12-05T11:00:00+00:00,1.6325,1.6336,1.6136,1.6215,828956.3
2025-12-05T12:00:00+00:00,1.6212,1.6282,1.6168,1.6222,107158.9
2025-12-05T13:00:00+00:00,1.6212,1.6308,1.602,1.605,246461.4
2025-12-05T14:00:00+00:00,1.6047,1.6252,1.6046,1.6152,293149.0
2025-12-05T15:00:00+00:00,1.6158,1.668,1.6158,1.6351,917502.6
2025-12-05T16:00:00+00:00,1.6353,1.6364,1.5535,1.5711,2510715.1000000001
2025-12-05T17:00:00+00:00,1.5706,1.5814,1.5529,1.5708,817113.9
2025-12-05T18:00:00+00:00,1.5697,1.5833,1.5444,1.5451,668801.7
2025-12-05T19:00:00+00:00,1.5456,1.5731,1.5369,1.5676,535527.6
2025-12-05T20:00:00+00:00,1.5673,1.5703,1.5428,1.5456,997942.3
2025-12-05T21:00:00+00:00,1.5458,1.5538,1.5377,1.5473,837036.4
2025-12-05T22:00:00+00:00,1.546,1.5588,1.5321,1.5549,347318.7
2025-12-05T23:00:00+00:00,1.5557,1.5594,1.5435,1.5555,198344.7
2025-12-06T00:00:00+00:00,1.5548,1.5615,1.5451,1.5602,131067.4
2025-12-06T01:00:00+00:00,1.5607,1.5629,1.5457,1.5502,83849.9
2025-12-06T02:00:00+00:00,1.5505,1.5505,1.5424,1.5453,190207.7
2025-12-06T03:00:00+00:00,1.5456,1.558,1.5454,1.5542,232396.9
2025-12-06T04:00:00+00:00,1.5549,1.5549,1.5374,1.5395,84865.9
2025-12-06T05:00:00+00:00,1.5395,1.5434,1.5342,1.5394,173904.7
2025-12-06T06:00:00+00:00,1.5389,1.5447,1.5355,1.5366,48568.6
2025-12-06T07:00:00+00:00,1.5369,1.5383,1.5207,1.5243,280161.1
2025-12-06T08:00:00+00:00,1.5238,1.5238,1.5097,1.5097,1012660.0
2025-12-06T09:00:00+00:00,1.5101,1.5357,1.5094,1.5177,1141178.3999999999
2025-12-06T10:00:00+00:00,1.5175,1.5241,1.5155,1.5175,1217291.3999999999
2025-12-06T11:00:00+00:00,1.5171,1.5227,1.5155,1.5219,20750.6
2025-12-06T12:00:00+00:00,1.5221,1.5234,1.5138,1.5174,52332.0
2025-12-06T13:00:00+00:00,1.5166,1.5232,1.5146,1.516,38933.7
2025-12-06T14:00:00+00:00,1.5159,1.5389,1.5135,1.5345,767252.2
2025-12-06T15:00:00+00:00,1.5345,1.5347,1.5105,1.5229,155751.3
2025-12-06T16:00:00+00:00,1.523,1.5425,1.5219,1.5334,333317.4
2025-12-06T17:00:00+00:00,1.5334,1.5535,1.5316,1.551,151849.4
2025-12-06T18:00:00+00:00,1.5516,1.5608,1.5502,1.5573,221944.9
2025-12-06T19:00:00+00:00,1.5574,1.5595,1.5374,1.5398,712201.4
2025-12-06T20:00:00+00:00,1.5402,1.5494,1.5397,1.5485,85288.7
2025-12-06T21:00:00+00:00,1.5484,1.5586,1.5458,1.5545,150999.1
2025-12-06T22:00:00+00:00,1.5544,1.562,1.5507,1.5581,249167.7
2025-12-06T23:00:00+00:00,1.5592,1.5646,1.5498,1.5625,322287.7
2025-12-07T00:00:00+00:00,1.5628,1.5966,1.559,1.5939,583315.6
2025-12-07T01:00:00+00:00,1.5927,1.593,1.568,1.568,687537.5
2025-12-07T02:00:00+00:00,1.568,1.5855,1.568,1.5827,2395947.8999999999
2025-12-07T03:00:00+00:00,1.582,1.5921,1.5817,1.5917,673905.3
2025-12-07T04:00:00+00:00,1.592,1.5923,1.5763,1.5772,92976.8
2025-12-07T05:00:00+00:00,1.5766,1.5874,1.574,1.5819,45234.0
2025-12-07T06:00:00+00:00,1.5816,1.5905,1.5789,1.59,45022.3
2025-12-07T07:00:00+00:00,1.5903,1.5937,1.5686,1.572,119708.9
2025-12-07T08:00:00+00:00,1.5725,1.5875,1.5683,1.5742,147374.4
2025-12-07T09:00:00+00:00,1.5742,1.577,1.5614,1.5626,395747.6
2025-12-07T10:00:00+00:00,1.5625,1.5689,1.555,1.564,348091.9
2025-12-07T11:00:00+00:00,1.5643,1.579,1.5603,1.5675,298601.7
2025-12-07T12:00:00+00:00,1.5668,1.5983,1.5658,1.5904,223498.9
2025-12-07T13:00:00+00:00,1.5911,1.594,1.557,1.5594,694871.4
2025-12-07T14:00:00+00:00,1.5599,1.5604,1.5116,1.5142,803159.2
2025-12-07T15:00:00+00:00,1.5138,1.5914,1.5123,1.5828,822836.8
2025-12-07T16:00:00+00:00,1.5823,1.5823,1.5476,1.5684,831388.2
2025-12-07T17:00:00+00:00,1.5698,1.6408,1.5593,1.6352,2183815.0
2025-12-07T18:00:00+00:00,1.6378,1.6583,1.625,1.6328,1394131.1000000001
2025-12-07T19:00:00+00:00,1.6333,1.6513,1.6162,1.6494,2075231.8
2025-12-07T20:00:00+00:00,1.6499,1.6536,1.6376,1.6413,436450.5
2025-12-07T21:00:00+00:00,1.6404,1.6404,1.5803,1.5911,741503.5
2025-12-07T22:00:00+00:00,1.5908,1.5933,1.5444,1.5669,2198658.3999999999
2025-12-07T23:00:00+00:00,1.5664,1.5849,1.5567,1.5832,578417.0
2025-12-08T00:00:00+00:00,1.5833,1.59,1.5716,1.5759,349337.6
2025-12-08T01:00:00+00:00,1.5759,1.6373,1.5743,1.6074,2961263.1000000001
2025-12-08T02:00:00+00:00,1.6079,1.6231,1.6,1.6217,855627.3
2025-12-08T03:00:00+00:00,1.6217,1.6286,1.6028,1.6079,834853.6
2025-12-08T04:00:00+00:00,1.6083,1.6308,1.6057,1.621,93149.0
2025-12-08T05:00:00+00:00,1.6206,1.6257,1.613,1.6207,158548.3
2025-12-08T06:00:00+00:00,1.6206,1.6347,1.618,1.6295,139998.2
2025-12-08T07:00:00+00:00,1.6296,1.6348,1.6202,1.6219,129144.0
2025-12-08T08:00:00+00:00,1.6209,1.6348,1.6144,1.6348,133428.9
2025-12-08T09:00:00+00:00,1.6332,1.658,1.6273,1.6294,331778.8
2025-12-08T10:00:00+00:00,1.6291,1.6418,1.6241,1.6402,395630.9
2025-12-08T11:00:00+00:00,1.6414,1.6414,1.623,1.6263,87430.8
2025-12-08T12:00:00+00:00,1.6269,1.6269,1.612,1.6211,148335.8
2025-12-08T13:00:00+00:00,1.6193,1.6288,1.6059,1.6161,321996.2
2025-12-08T14:00:00+00:00,1.6159,1.642,1.6082,1.6108,369148.9
2025-12-08T15:00:00+00:00,1.6113,1.6221,1.5899,1.6104,868298.4
2025-12-08T16:00:00+00:00,1.6097,1.6298,1.6009,1.6115,269974.4
2025-12-08T17:00:00+00:00,1.612,1.6201,1.594,1.6119,207716.0
2025-12-08T18:00:00+00:00,1.6121,1.6233,1.5933,1.6014,214130.5
2025-12-08T19:00:00+00:00,1.6023,1.6135,1.5995,1.6042,299551.7
2025-12-08T20:00:00+00:00,1.605,1.6249,1.6046,1.6192,530802.6
2025-12-08T21:00:00+00:00,1.6192,1.6372,1.6116,1.6353,182333.3
2025-12-08T22:00:00+00:00,1.6351,1.6364,1.6179,1.6231,171951.7
2025-12-08T23:00:00+00:00,1.6231,1.6257,1.607,1.6102,105168.7
2025-12-09T00:00:00+00:00,1.6102,1.6141,1.5943,1.598,223246.3
2025-12-09T01:00:00+00:00,1.599,1.6016,1.5831,1.5865,294330.5
2025-12-09T02:00:00+00:00,1.5869,1.599,1.5858,1.5858,32546.1
2025-12-09T03:00:00+00:00,1.5863,1.5988,1.5769,1.5964,412150.0
2025-12-09T04:00:00+00:00,1.5968,1.5993,1.5793,1.5831,455444.4
2025-12-09T05:00:00+00:00,1.583,1.5892,1.5735,1.5823,166185.8
2025-12-09T06:00:00+00:00,1.5824,1.5904,1.5736,1.59,80853.0
2025-12-09T07:00:00+00:00,1.5902,1.6146,1.5854,1.6133,336826.9
2025-12-09T08:00:00+00:00,1.6135,1.6243,1.6076,1.6093,214994.3
2025-12-09T09:00:00+00:00,1.6091,1.61,1.6,1.6055,171218.4
2025-12-09T10:00:00+00:00,1.6058,1.6131,1.5949,1.6027,273091.4
2025-12-09T11:00:00+00:00,1.6024,1.6081,1.5927,1.6042,70598.1
2025-12-09T12:00:00+00:00,1.6037,1.615,1.596,1.6068,970869.8
2025-12-09T13:00:00+00:00,1.6066,1.6111,1.5919,1.6015,217758.0
2025-12-09T14:00:00+00:00,1.6019,1.6072,1.5895,1.6045,168206.1
2025-12-09T15:00:00+00:00,1.6044,1.6612,1.6024,1.658,1038637.8
2025-12-09T16:00:00+00:00,1.659,1.7095,1.659,1.7017,2493870.2000000002
2025-12-09T17:00:00+00:00,1.7024,1.728,1.6885,1.7095,798630.2
2025-12-09T18:00:00+00:00,1.7101,1.7155,1.6996,1.7067,172490.8
2025-12-09T19:00:00+00:00,1.7064,1.7072,1.6852,1.6882,730119.5
2025-12-09T20:00:00+00:00,1.6852,1.6924,1.6485,1.6651,6634074.9000000004
2025-12-09T21:00:00+00:00,1.6649,1.6659,1.6306,1.6448,528455.9
2025-12-09T22:00:00+00:00,1.6446,1.6654,1.6424,1.6587,330196.4
2025-12-09T23:00:00+00:00,1.6587,1.6649,1.6507,1.66,1432509.1000000001
2025-12-10T00:00:00+00:00,1.66,1.6717,1.6449,1.6454,1881229.5
2025-12-10T01:00:00+00:00,1.6456,1.6493,1.6361,1.6407,289933.3
2025-12-10T02:00:00+00:00,1.6396,1.6467,1.6327,1.6417,261444.5
2025-12-10T03:00:00+00:00,1.6419,1.6451,1.6316,1.6344,104511.7
2025-12-10T04:00:00+00:00,1.6339,1.6434,1.6291,1.6384,1823218.8999999999
2025-12-10T05:00:00+00:00,1.638,1.6443,1.6341,1.642,260453.1
2025-12-10T06:00:00+00:00,1.642,1.6438,1.6326,1.6359,83448.8
2025-12-10T07:00:00+00:00,1.6348,1.6348,1.6168,1.6261,562440.2
2025-12-10T08:00:00+00:00,1.6267,1.63,1.6207,1.6215,702298.6
2025-12-10T09:00:00+00:00,1.6217,1.6405,1.6163,1.6405,187055.4
2025-12-10T10:00:00+00:00,1.6382,1.6505,1.6047,1.6132,381918.8
2025-12-10T11:00:00+00:00,1.6122,1.6175,1.6004,1.6127,135966.2
2025-12-10T12:00:00+00:00,1.6124,1.6155,1.6051,1.6136,815698.1
2025-12-10T13:00:00+00:00,1.6118,1.6192,1.6077,1.6157,120097.9
2025-12-10T14:00:00+00:00,1.615,1.6163,1.6033,1.6115,318990.0
2025-12-10T15:00:00+00:00,1.6111,1.6202,1.6014,1.6105,115628.3
2025-12-10T16:00:00+00:00,1.6106,1.6358,1.6062,1.6175,1126113.5
2025-12-10T17:00:00+00:00,1.6175,1.6387,1.6141,1.6297,1099488.8
2025-12-10T18:00:00+00:00,1.6284,1.6712,1.6229,1.6475,545482.4
2025-12-10T19:00:00+00:00,1.6479,1.6867,1.6248,1.6675,8392804.0999999996
2025-12-10T20:00:00+00:00,1.6673,1.7152,1.639,1.6434,2038480.5
2025-12-10T21:00:00+00:00,1.6437,1.6538,1.6162,1.6204,630182.1
2025-12-10T22:00:00+00:00,1.6197,1.6343,1.6016,1.6325,417418.7
2025-12-10T23:00:00+00:00,1.6323,1.6358,1.6129,1.6141,468559.6
2025-12-11T00:00:00+00:00,1.6142,1.6185,1.5723,1.5777,632589.9
2025-12-11T01:00:00+00:00,1.5773,1.579,1.5549,1.556,598195.5
2025-12-11T02:00:00+00:00,1.5562,1.5579,1.5444,1.5507,704306.4
2025-12-11T03:00:00+00:00,1.551,1.551,1.532,1.5369,388306.4
2025-12-11T04:00:00+00:00,1.5354,1.5635,1.5293,1.5599,453565.2
2025-12-11T05:00:00+00:00,1.56,1.5604,1.5486,1.5586,308001.1
2025-12-11T06:00:00+00:00,1.5577,1.5634,1.5471,1.5501,2067871.3999999999
2025-12-11T07:00:00+00:00,1.55,1.5525,1.5385,1.5479,300375.2
2025-12-11T08:00:00+00:00,1.5482,1.55,1.53,1.5449,2319876.5
2025-12-11T09:00:00+00:00,1.5443,1.5502,1.5367,1.5393,168410.4
2025-12-11T10:00:00+00:00,1.5391,1.5445,1.5359,1.5418,100636.7
2025-12-11T11:00:00+00:00,1.5417,1.5495,1.5402,1.5441,85092.0
2025-12-11T12:00:00+00:00,1.5441,1.5506,1.536,1.5426,271195.5
2025-12-11T13:00:00+00:00,1.5428,1.5472,1.5387,1.5433,201865.6
2025-12-11T14:00:00+00:00,1.5432,1.5452,1.5206,1.5275,694495.5
2025-12-11T15:00:00+00:00,1.5264,1.5606,1.523,1.5419,839457.4
2025-12-11T16:00:00+00:00,1.5404,1.5523,1.5258,1.5388,279678.5
2025-12-11T17:00:00+00:00,1.5417,1.5614,1.5396,1.554,543843.9
2025-12-11T18:00:00+00:00,1.5529,1.5772,1.5516,1.5631,1271911.1000000001
2025-12-11T19:00:00+00:00,1.5639,1.5797,1.5551,1.56,1267249.5
2025-12-11T20:00:00+00:00,1.5602,1.5883,1.5584,1.5856,283553.8
2025-12-11T21:00:00+00:00,1.5858,1.6338,1.5829,1.6225,1723886.6000000001
2025-12-11T22:00:00+00:00,1.6212,1.6298,1.601,1.6079,1133971.1000000001
2025-12-11T23:00:00+00:00,1.6064,1.6237,1.6012,1.611,335109.7
2025-12-12T00:00:00+00:00,1.6114,1.6234,1.5962,1.5971,343421.3
2025-12-12T01:00:00+00:00,1.5984,1.6222,1.5974,1.6186,174268.3
2025-12-12T02:00:00+00:00,1.6189,1.6419,1.6115,1.6369,243938.0
2025-12-12T03:00:00+00:00,1.6381,1.6437,1.6278,1.6278,547590.1
2025-12-12T04:00:00+00:00,1.6272,1.6328,1.6211,1.6289,359884.0
2025-12-12T05:00:00+00:00,1.6289,1.6506,1.6278,1.6492,107988.2
2025-12-12T06:00:00+00:00,1.6492,1.6636,1.645,1.6502,397277.1
2025-12-12T07:00:00+00:00,1.6502,1.6584,1.6425,1.658,92868.4
2025-12-12T08:00:00+00:00,1.6583,1.6587,1.6353,1.6367,224435.9
2025-12-12T09:00:00+00:00,1.6373,1.6443,1.626,1.6427,266715.3
2025-12-12T10:00:00+00:00,1.6418,1.6475,1.6372,1.6432,100948.5
2025-12-12T11:00:00+00:00,1.6432,1.6451,1.6343,1.6434,55494.7
2025-12-12T12:00:00+00:00,1.6434,1.6585,1.6362,1.6585,100831.5
2025-12-12T13:00:00+00:00,1.6586,1.6596,1.6479,1.6532,302232.9
2025-12-12T14:00:00+00:00,1.6539,1.6601,1.6425,1.6464,194081.6
2025-12-12T15:00:00+00:00,1.6458,1.646,1.5608,1.5649,2894930.2000000002
2025-12-12T16:00:00+00:00,1.5648,1.5711,1.5371,1.5479,921858.6
2025-12-12T17:00:00+00:00,1.5481,1.5695,1.5451,1.5551,514097.8
2025-12-12T18:00:00+00:00,1.5556,1.5767,1.5536,1.56,582443.3
2025-12-12T19:00:00+00:00,1.5605,1.5628,1.5509,1.5576,64866.0
2025-12-12T20:00:00+00:00,1.556,1.5616,1.5518,1.5556,70282.2
2025-12-12T21:00:00+00:00,1.5557,1.5684,1.5535,1.5589,77278.2
2025-12-12T22:00:00+00:00,1.5593,1.5698,1.5589,1.5659,76121.9
2025-12-12T23:00:00+00:00,1.5679,1.5687,1.558,1.5586,79686.4
2025-12-13T00:00:00+00:00,1.5588,1.5686,1.5551,1.5675,89479.5
2025-12-13T01:00:00+00:00,1.5674,1.5746,1.5667,1.5714,94487.3
2025-12-13T02:00:00+00:00,1.5714,1.5867,1.5705,1.5741,130445.4
2025-12-13T03:00:00+00:00,1.5741,1.5806,1.5725,1.5779,46409.2
2025-12-13T04:00:00+00:00,1.5781,1.5842,1.5762,1.5816,44763.0
2025-12-13T05:00:00+00:00,1.5813,1.585,1.5746,1.5798,40202.6
2025-12-13T06:00:00+00:00,1.58,1.5802,1.5734,1.576,64037.4
2025-12-13T07:00:00+00:00,1.5763,1.5893,1.5763,1.5848,95350.8
2025-12-13T08:00:00+00:00,1.5851,1.6182,1.5837,1.613,365836.6
2025-12-13T09:00:00+00:00,1.6123,1.6123,1.598,1.5998,57033.9
2025-12-13T10:00:00+00:00,1.5982,1.6173,1.5934,1.6131,1099982.8999999999
2025-12-13T11:00:00+00:00,1.6139,1.6178,1.6057,1.6067,135914.5
2025-12-13T12:00:00+00:00,1.6063,1.6168,1.6003,1.6096,72294.8
2025-12-13T13:00:00+00:00,1.6113,1.6147,1.5992,1.6005,102536.5
2025-12-13T14:00:00+00:00,1.6013,1.6072,1.5952,1.5986,53634.8
2025-12-13T15:00:00+00:00,1.6008,1.6092,1.5981,1.603,128710.6
2025-12-13T16:00:00+00:00,1.6033,1.6125,1.6033,1.6088,89019.6
2025-12-13T17:00:00+00:00,1.6095,1.6096,1.5976,1.606,141640.9
2025-12-13T18:00:00+00:00,1.6059,1.6119,1.6048,1.6081,77384.5
2025-12-13T19:00:00+00:00,1.6086,1.614,1.6061,1.6111,42737.4
2025-12-13T20:00:00+00:00,1.6123,1.6127,1.602,1.6033,78418.5
2025-12-13T21:00:00+00:00,1.6034,1.6049,1.5858,1.5997,287096.3
2025-12-13T22:00:00+00:00,1.5993,1.6018,1.593,1.5981,88265.3
2025-12-13T23:00:00+00:00,1.5978,1.6061,1.595,1.605,68422.9
2025-12-14T00:00:00+00:00,1.6044,1.6184,1.5953,1.609,2929840.6000000001
2025-12-14T01:00:00+00:00,1.6092,1.6292,1.6088,1.6121,363503.1
2025-12-14T02:00:00+00:00,1.612,1.6239,1.6115,1.6167,175450.1
2025-12-14T03:00:00+00:00,1.6171,1.6171,1.6048,1.6065,208767.1
2025-12-14T04:00:00+00:00,1.6057,1.6113,1.5971,1.6006,155780.1
2025-12-14T05:00:00+00:00,1.6,1.6,1.5869,1.5988,1871184.1000000001
2025-12-14T06:00:00+00:00,1.5982,1.602,1.5901,1.5964,55372.3
2025-12-14T07:00:00+00:00,1.5963,1.604,1.5952,1.5994,52576.9
2025-12-14T08:00:00+00:00,1.5994,1.6125,1.5992,1.5992,68951.3
2025-12-14T09:00:00+00:00,1.599,1.604,1.5962,1.6004,59261.3
2025-12-14T10:00:00+00:00,1.6011,1.6093,1.59,1.6015,94839.7
2025-12-14T11:00:00+00:00,1.602,1.6032,1.5703,1.5991,219915.1
2025-12-14T12:00:00+00:00,1.5994,1.6279,1.5905,1.6205,1660314.5
2025-12-14T13:00:00+00:00,1.6191,1.6277,1.605,1.6269,224758.2
2025-12-14T14:00:00+00:00,1.6272,1.6423,1.587,1.5989,4181806.7999999998
2025-12-14T15:00:00+00:00,1.5973,1.6034,1.5807,1.5852,1374366.1000000001
2025-12-14T16:00:00+00:00,1.585,1.6033,1.5761,1.5843,442440.1
2025-12-14T17:00:00+00:00,1.5849,1.5865,1.5623,1.5645,263226.8
2025-12-14T18:00:00+00:00,1.5646,1.5811,1.5639,1.5795,182726.3
2025-12-14T19:00:00+00:00,1.5787,1.5787,1.5552,1.5628,265358.7
2025-12-14T20:00:00+00:00,1.5611,1.5722,1.5514,1.56,181014.9
2025-12-14T21:00:00+00:00,1.561,1.57,1.5541,1.5584,140024.2
2025-12-14T22:00:00+00:00,1.5588,1.5671,1.5487,1.5613,179307.7
2025-12-14T23:00:00+00:00,1.5605,1.5681,1.5257,1.5509,738394.0
2025-12-15T00:00:00+00:00,1.5525,1.5748,1.5472,1.5653,215248.6
2025-12-15T01:00:00+00:00,1.5659,1.5911,1.5618,1.5838,208691.4
2025-12-15T02:00:00+00:00,1.5832,1.6032,1.5727,1.5746,227400.9
2025-12-15T03:00:00+00:00,1.5746,1.5801,1.5571,1.5681,274785.6
2025-12-15T04:00:00+00:00,1.5691,1.5851,1.5608,1.5766,401247.6
2025-12-15T05:00:00+00:00,1.5768,1.5808,1.5689,1.5706,103518.5
2025-12-15T06:00:00+00:00,1.5717,1.5753,1.5653,1.5702,97417.8
2025-12-15T07:00:00+00:00,1.571,1.5729,1.5583,1.5646,109118.2
2025-12-15T08:00:00+00:00,1.5648,1.5712,1.5592,1.5653,98479.5
2025-12-15T09:00:00+00:00,1.5656,1.5765,1.5645,1.5719,88397.6
2025-12-15T10:00:00+00:00,1.572,1.5775,1.5665,1.572,418839.0
2025-12-15T11:00:00+00:00,1.5713,1.5739,1.5608,1.564,55592.4
2025-12-15T12:00:00+00:00,1.5648,1.5739,1.5562,1.5727,35341.0
2025-12-15T13:00:00+00:00,1.5731,1.5737,1.5516,1.5595,151502.2
2025-12-15T14:00:00+00:00,1.5593,1.5791,1.513,1.5278,1781432.6000000001
2025-12-15T15:00:00+00:00,1.5253,1.5288,1.466,1.4853,2264692.7999999998
2025-12-15T16:00:00+00:00,1.4852,1.4919,1.4634,1.4714,360489.3
2025-12-15T17:00:00+00:00,1.4726,1.4763,1.4537,1.4578,408816.6
2025-12-15T18:00:00+00:00,1.4579,1.458,1.4304,1.4543,782102.8
2025-12-15T19:00:00+00:00,1.4555,1.4707,1.455,1.4599,388199.3
2025-12-15T20:00:00+00:00,1.4597,1.4597,1.4409,1.446,332834.9
2025-12-15T21:00:00+00:00,1.446,1.4574,1.4416,1.4539,177561.6
2025-12-15T22:00:00+00:00,1.454,1.4587,1.4486,1.4571,238164.5
2025-12-15T23:00:00+00:00,1.4574,1.4723,1.4571,1.4699,881451.8
2025-12-16T00:00:00+00:00,1.4697,1.4767,1.4478,1.4501,140591.3
2025-12-16T01:00:00+00:00,1.4498,1.4592,1.4459,1.4535,569426.9
2025-12-16T02:00:00+00:00,1.4533,1.4614,1.4398,1.4561,252011.0
2025-12-16T03:00:00+00:00,1.4569,1.4591,1.44,1.4547,298453.2
2025-12-16T04:00:00+00:00,1.4563,1.4594,1.4378,1.4594,337085.5
2025-12-16T05:00:00+00:00,1.4599,1.4677,1.4567,1.4628,176519.6
2025-12-16T06:00:00+00:00,1.4627,1.4805,1.4623,1.4742,89274.1
2025-12-16T07:00:00+00:00,1.475,1.4787,1.449,1.4528,437723.5
2025-12-16T08:00:00+00:00,1.4541,1.4732,1.453,1.4644,116415.5
2025-12-16T09:00:00+00:00,1.465,1.472,1.4638,1.4662,140964.5
2025-12-16T10:00:00+00:00,1.4663,1.5004,1.463,1.4919,257351.4
2025-12-16T11:00:00+00:00,1.4936,1.5169,1.4837,1.5133,593663.5
2025-12-16T12:00:00+00:00,1.5127,1.5245,1.4996,1.5022,1123094.8
2025-12-16T13:00:00+00:00,1.5017,1.5283,1.4878,1.4878,1258944.8999999999
2025-12-16T14:00:00+00:00,1.4877,1.5252,1.4782,1.5129,668466.3
2025-12-16T15:00:00+00:00,1.5148,1.533,1.5006,1.5258,1768002.3999999999
2025-12-16T16:00:00+00:00,1.5251,1.5262,1.501,1.5108,328253.4
2025-12-16T17:00:00+00:00,1.5101,1.5218,1.4974,1.4977,192593.2
2025-12-16T18:00:00+00:00,1.4987,1.523,1.4987,1.5135,269651.3
2025-12-16T19:00:00+00:00,1.5136,1.5148,1.4991,1.5098,176744.4
2025-12-16T20:00:00+00:00,1.509,1.5257,1.5016,1.5126,235273.5
2025-12-16T21:00:00+00:00,1.5121,1.5179,1.5085,1.5112,73813.5
2025-12-16T22:00:00+00:00,1.513,1.5141,1.5067,1.5081,27645.9
2025-12-16T23:00:00+00:00,1.5081,1.5135,1.5024,1.5112,73283.6
2025-12-17T00:00:00+00:00,1.5108,1.5108,1.4922,1.4962,158304.1
2025-12-17T01:00:00+00:00,1.4973,1.5148,1.4942,1.4974,238207.7
2025-12-17T02:00:00+00:00,1.4982,1.5019,1.4875,1.4995,387357.7
2025-12-17T03:00:00+00:00,1.5,1.5047,1.4815,1.4896,1168662.8999999999
2025-12-17T04:00:00+00:00,1.49,1.4928,1.4734,1.4769,839149.4
2025-12-17T05:00:00+00:00,1.4771,1.482,1.4685,1.477,513085.0
2025-12-17T06:00:00+00:00,1.4769,1.4879,1.4768,1.4803,240005.5
2025-12-17T07:00:00+00:00,1.4808,1.487,1.4746,1.4843,158173.8
2025-12-17T08:00:00+00:00,1.4844,1.4844,1.4673,1.4698,145659.9
2025-12-17T09:00:00+00:00,1.469,1.4711,1.4628,1.4663,116318.5
2025-12-17T10:00:00+00:00,1.4661,1.4737,1.4607,1.4668,314565.7
2025-12-17T11:00:00+00:00,1.4669,1.4801,1.4667,1.4773,204795.2
2025-12-17T12:00:00+00:00,1.4774,1.4835,1.4701,1.4726,64572.1
2025-12-17T13:00:00+00:00,1.473,1.4955,1.4694,1.4887,232621.6
2025-12-17T14:00:00+00:00,1.4918,1.5286,1.4619,1.5269,1126953.7
2025-12-17T15:00:00+00:00,1.5266,1.5438,1.466,1.4734,2325963.5
2025-12-17T16:00:00+00:00,1.4723,1.4817,1.4287,1.4522,2257838.8999999999
2025-12-17T17:00:00+00:00,1.4522,1.458,1.424,1.4293,924258.2
2025-12-17T18:00:00+00:00,1.4285,1.4432,1.4079,1.4105,496254.6
2025-12-17T19:00:00+00:00,1.4116,1.4253,1.401,1.4233,352238.1
2025-12-17T20:00:00+00:00,1.4241,1.4403,1.4185,1.427,284786.6
2025-12-17T21:00:00+00:00,1.4269,1.4312,1.4127,1.4171,476908.8
2025-12-17T22:00:00+00:00,1.417,1.4277,1.4102,1.4237,317155.5
2025-12-17T23:00:00+00:00,1.4237,1.4237,1.4129,1.4226,238358.3
2025-12-18T00:00:00+00:00,1.4229,1.4243,1.4165,1.4208,291539.9
2025-12-18T01:00:00+00:00,1.4206,1.4206,1.4059,1.4082,175255.5
2025-12-18T02:00:00+00:00,1.4092,1.4228,1.405,1.4167,111521.5
2025-12-18T03:00:00+00:00,1.4168,1.4168,1.3958,1.4067,264368.9
2025-12-18T04:00:00+00:00,1.407,1.4138,1.407,1.4106,472964.8
2025-12-18T05:00:00+00:00,1.4106,1.4113,1.3915,1.3952,178291.6
2025-12-18T06:00:00+00:00,1.3946,1.4006,1.392,1.3955,334470.6
2025-12-18T07:00:00+00:00,1.3966,1.403,1.391,1.3965,57296.1
2025-12-18T08:00:00+00:00,1.397,1.4083,1.3937,1.3999,332459.6
2025-12-18T09:00:00+00:00,1.4001,1.4099,1.3952,1.405,107659.0
2025-12-18T10:00:00+00:00,1.4048,1.4098,1.4019,1.4077,193555.2
2025-12-18T11:00:00+00:00,1.4077,1.4078,1.3961,1.4,76294.4
2025-12-18T12:00:00+00:00,1.4008,1.4144,1.3977,1.4121,153906.2
2025-12-18T13:00:00+00:00,1.412,1.459,1.4115,1.4564,2002531.1000000001
2025-12-18T14:00:00+00:00,1.4558,1.4732,1.4226,1.4356,1512729.7
2025-12-18T15:00:00+00:00,1.4361,1.4594,1.4204,1.4355,694581.0
2025-12-18T16:00:00+00:00,1.4355,1.4392,1.4109,1.4219,552601.9
2025-12-18T17:00:00+00:00,1.4218,1.4223,1.3476,1.3783,1757294.8999999999
2025-12-18T18:00:00+00:00,1.3776,1.3938,1.3637,1.3702,833706.4
2025-12-18T19:00:00+00:00,1.3703,1.3707,1.3257,1.3297,1296278.3999999999
2025-12-18T20:00:00+00:00,1.3302,1.3472,1.329,1.3391,592706.5
2025-12-18T21:00:00+00:00,1.3371,1.3573,1.3371,1.3559,391667.6
2025-12-18T22:00:00+00:00,1.3559,1.3608,1.3497,1.353,294461.8
2025-12-18T23:00:00+00:00,1.3529,1.3529,1.3414,1.3458,157549.5
2025-12-19T00:00:00+00:00,1.3458,1.3489,1.3304,1.3375,253051.8
2025-12-19T01:00:00+00:00,1.338,1.3399,1.3282,1.3333,231767.0
2025-12-19T02:00:00+00:00,1.3331,1.3437,1.3279,1.3402,517092.5
2025-12-19T03:00:00+00:00,1.3398,1.3949,1.338,1.3766,1721827.6000000001
2025-12-19T04:00:00+00:00,1.3776,1.3851,1.3749,1.3825,705790.2
2025-12-19T05:00:00+00:00,1.3829,1.3876,1.3742,1.3867,399694.9
2025-12-19T06:00:00+00:00,1.3871,1.4121,1.3818,1.4108,2228104.3999999999
2025-12-19T07:00:00+00:00,1.4111,1.4544,1.4111,1.434,2095819.5
2025-12-19T08:00:00+00:00,1.4347,1.4393,1.4227,1.4294,920287.2
2025-12-19T09:00:00+00:00,1.4295,1.4303,1.4219,1.4277,1159663.5
2025-12-19T10:00:00+00:00,1.4276,1.4343,1.4157,1.4233,1198507.8
2025-12-19T11:00:00+00:00,1.4233,1.4312,1.4181,1.4281,167967.2
2025-12-19T12:00:00+00:00,1.4281,1.4383,1.4218,1.4334,233078.3
2025-12-19T13:00:00+00:00,1.4337,1.4467,1.4307,1.4365,1256003.0
2025-12-19T14:00:00+00:00,1.437,1.466,1.4297,1.4553,790723.3
2025-12-19T15:00:00+00:00,1.4545,1.4785,1.4313,1.4361,1164490.7
2025-12-19T16:00:00+00:00,1.4347,1.4716,1.4332,1.4478,914523.5
2025-12-19T17:00:00+00:00,1.4484,1.4647,1.432,1.432,1089375.3999999999
2025-12-19T18:00:00+00:00,1.4322,1.4571,1.4322,1.4512,1284401.0
2025-12-19T19:00:00+00:00,1.4527,1.4889,1.4517,1.4783,926991.0
2025-12-19T20:00:00+00:00,1.4786,1.4974,1.4685,1.4886,271058.4
2025-12-19T21:00:00+00:00,1.4895,1.4895,1.4731,1.4738,423587.6
2025-12-19T22:00:00+00:00,1.4752,1.4861,1.475,1.4824,166461.8
2025-12-19T23:00:00+00:00,1.4829,1.4862,1.4783,1.4818,168926.1
2025-12-20T00:00:00+00:00,1.4816,1.4819,1.467,1.4683,177369.7
2025-12-20T01:00:00+00:00,1.4673,1.4702,1.465,1.4677,71326.9
2025-12-20T02:00:00+00:00,1.4675,1.4708,1.4638,1.4665,75816.1
2025-12-20T03:00:00+00:00,1.4667,1.4759,1.4627,1.473,120901.5
2025-12-20T04:00:00+00:00,1.4718,1.4727,1.4573,1.4601,140972.8
2025-12-20T05:00:00+00:00,1.4604,1.4715,1.459,1.4653,78015.1
2025-12-20T06:00:00+00:00,1.466,1.4705,1.4621,1.466,44748.5
2025-12-20T07:00:00+00:00,1.4664,1.4735,1.4612,1.472,105848.1
2025-12-20T08:00:00+00:00,1.4725,1.4839,1.4725,1.4738,324518.4
2025-12-20T09:00:00+00:00,1.4734,1.4793,1.4729,1.4744,60606.9
2025-12-20T10:00:00+00:00,1.4747,1.4752,1.463,1.4642,141983.9
2025-12-20T11:00:00+00:00,1.4644,1.475,1.4636,1.4729,72992.1
2025-12-20T12:00:00+00:00,1.4731,1.474,1.4655,1.4668,46227.3
2025-12-20T13:00:00+00:00,1.4669,1.469,1.4549,1.4631,182155.2
2025-12-20T14:00:00+00:00,1.4634,1.4649,1.4532,1.4645,132421.5
2025-12-20T15:00:00+00:00,1.4645,1.4654,1.455,1.4618,387845.4
2025-12-20T16:00:00+00:00,1.4637,1.4637,1.4552,1.4604,81121.9
2025-12-20T17:00:00+00:00,1.4605,1.4639,1.4537,1.4558,108887.9
2025-12-20T18:00:00+00:00,1.4562,1.4612,1.4538,1.4581,91184.8
2025-12-20T19:00:00+00:00,1.4582,1.4589,1.4509,1.4548,129581.3
2025-12-20T20:00:00+00:00,1.455,1.4568,1.4538,1.4561,48724.5
2025-12-20T21:00:00+00:00,1.4565,1.4601,1.4541,1.4549,35781.2
2025-12-20T22:00:00+00:00,1.4557,1.4581,1.451,1.4564,53278.4
2025-12-20T23:00:00+00:00,1.456,1.4568,1.4513,1.4536,102271.2
2025-12-21T00:00:00+00:00,1.4534,1.4601,1.4533,1.4577,67266.8
2025-12-21T01:00:00+00:00,1.4576,1.4576,1.4414,1.4414,246034.3
2025-12-21T02:00:00+00:00,1.4412,1.4456,1.4346,1.4367,171316.1
2025-12-21T03:00:00+00:00,1.4367,1.4487,1.4364,1.4443,33593.8
2025-12-21T04:00:00+00:00,1.444,1.4472,1.4396,1.4403,20601.6
2025-12-21T05:00:00+00:00,1.4403,1.4444,1.4388,1.4394,74949.0
2025-12-21T06:00:00+00:00,1.4394,1.4436,1.4387,1.4413,39729.4
2025-12-21T07:00:00+00:00,1.4415,1.4432,1.4396,1.4423,54126.2
2025-12-21T08:00:00+00:00,1.4421,1.4578,1.438,1.452,565519.3
2025-12-21T09:00:00+00:00,1.4531,1.4764,1.45,1.4696,779744.5
2025-12-21T10:00:00+00:00,1.4706,1.4752,1.4567,1.4591,238352.9
2025-12-21T11:00:00+00:00,1.4593,1.4648,1.4566,1.4584,55487.1
2025-12-21T12:00:00+00:00,1.4587,1.4676,1.443,1.4488,321170.7
2025-12-21T13:00:00+00:00,1.4489,1.4489,1.4135,1.4225,1247296.8999999999
2025-12-21T14:00:00+00:00,1.4214,1.4378,1.419,1.4309,492130.3
2025-12-21T15:00:00+00:00,1.431,1.436,1.4212,1.43,105747.6
2025-12-21T16:00:00+00:00,1.4294,1.439,1.4232,1.4389,457089.9
2025-12-21T17:00:00+00:00,1.4391,1.4498,1.4385,1.4418,367557.9
2025-12-21T18:00:00+00:00,1.4417,1.4426,1.4307,1.4426,207514.8
2025-12-21T19:00:00+00:00,1.4432,1.4479,1.4344,1.445,157822.3
2025-12-21T20:00:00+00:00,1.445,1.4453,1.4346,1.4348,136718.3
2025-12-21T21:00:00+00:00,1.4351,1.4426,1.4289,1.4319,507930.4
2025-12-21T22:00:00+00:00,1.4318,1.4457,1.4296,1.4454,283996.7
2025-12-21T23:00:00+00:00,1.4458,1.4572,1.4382,1.444,393823.3
2025-12-22T00:00:00+00:00,1.4444,1.4815,1.4439,1.4535,533970.2
2025-12-22T01:00:00+00:00,1.4532,1.4723,1.45,1.4513,198367.6
2025-12-22T02:00:00+00:00,1.4503,1.4503,1.4298,1.4455,616518.8
2025-12-22T03:00:00+00:00,1.4466,1.4628,1.4417,1.4519,233956.4
2025-12-22T04:00:00+00:00,1.4529,1.4637,1.4515,1.4587,126157.7
2025-12-22T05:00:00+00:00,1.4591,1.4609,1.4477,1.4477,76926.5
2025-12-22T06:00:00+00:00,1.4476,1.454,1.4442,1.4477,46429.6
2025-12-22T07:00:00+00:00,1.4475,1.4598,1.4467,1.4534,88924.2
2025-12-22T08:00:00+00:00,1.4535,1.4705,1.4511,1.4519,509954.8
2025-12-22T09:00:00+00:00,1.453,1.4617,1.4521,1.4617,98915.1
2025-12-22T10:00:00+00:00,1.463,1.4747,1.4596,1.4674,121784.3
2025-12-22T11:00:00+00:00,1.469,1.4752,1.4626,1.4688,79362.8
2025-12-22T12:00:00+00:00,1.4701,1.4868,1.467,1.4754,111492.2
2025-12-22T13:00:00+00:00,1.4746,1.478,1.4632,1.472,93287.0
2025-12-22T14:00:00+00:00,1.4713,1.4872,1.4653,1.4799,444835.7
2025-12-22T15:00:00+00:00,1.48,1.4906,1.4656,1.4813,290326.4
2025-12-22T16:00:00+00:00,1.4809,1.4893,1.4738,1.4738,780594.4
2025-12-22T17:00:00+00:00,1.4746,1.4775,1.4657,1.471,126155.3
2025-12-22T18:00:00+00:00,1.4707,1.4786,1.465,1.4665,113697.2
2025-12-22T19:00:00+00:00,1.4663,1.4671,1.4355,1.4375,624258.0
2025-12-22T20:00:00+00:00,1.4374,1.4463,1.4311,1.4384,189054.5
2025-12-22T21:00:00+00:00,1.4381,1.4546,1.4381,1.4482,233349.2
2025-12-22T22:00:00+00:00,1.4469,1.46,1.4442,1.4574,425393.7
2025-12-22T23:00:00+00:00,1.4584,1.4625,1.4537,1.4605,64459.9
2025-12-23T00:00:00+00:00,1.4614,1.4697,1.4595,1.4619,76595.1
2025-12-23T01:00:00+00:00,1.4615,1.4628,1.4532,1.4568,72539.2
2025-12-23T02:00:00+00:00,1.4567,1.4617,1.4429,1.443,293196.7
2025-12-23T03:00:00+00:00,1.4434,1.4522,1.4355,1.4481,795781.2
2025-12-23T04:00:00+00:00,1.4471,1.4524,1.4381,1.4381,235223.1
2025-12-23T05:00:00+00:00,1.4381,1.4388,1.4252,1.436,235117.0
2025-12-23T06:00:00+00:00,1.4357,1.4403,1.4282,1.4357,154851.7
2025-12-23T07:00:00+00:00,1.4353,1.441,1.4247,1.4267,252825.5
2025-12-23T08:00:00+00:00,1.4267,1.4384,1.4261,1.4295,139859.3
2025-12-23T09:00:00+00:00,1.4297,1.4343,1.4257,1.432,56689.4
2025-12-23T10:00:00+00:00,1.4323,1.4381,1.4305,1.4357,141079.6
2025-12-23T11:00:00+00:00,1.4359,1.4443,1.4351,1.443,45589.4
2025-12-23T12:00:00+00:00,1.4429,1.443,1.433,1.4407,141273.5
2025-12-23T13:00:00+00:00,1.4404,1.442,1.4222,1.4267,220855.5
2025-12-23T14:00:00+00:00,1.4266,1.4337,1.4067,1.4182,828846.6
2025-12-23T15:00:00+00:00,1.4174,1.4401,1.4148,1.4322,1213775.1000000001
2025-12-23T16:00:00+00:00,1.431,1.4469,1.4273,1.4429,614188.8
2025-12-23T17:00:00+00:00,1.4427,1.447,1.4209,1.4209,787834.0
2025-12-23T18:00:00+00:00,1.4223,1.4432,1.4213,1.4418,672226.2
2025-12-23T19:00:00+00:00,1.442,1.447,1.4358,1.4415,61922.2
2025-12-23T20:00:00+00:00,1.4416,1.4571,1.4381,1.4451,209052.4
2025-12-23T21:00:00+00:00,1.4466,1.4469,1.4383,1.4407,64250.5
2025-12-23T22:00:00+00:00,1.4407,1.4427,1.4259,1.4306,97772.5
2025-12-23T23:00:00+00:00,1.4301,1.4368,1.426,1.4355,66906.3
2025-12-24T00:00:00+00:00,1.4356,1.4367,1.429,1.4346,79710.5
2025-12-24T01:00:00+00:00,1.435,1.438,1.4268,1.4291,42473.0
2025-12-24T02:00:00+00:00,1.4288,1.4289,1.399,1.3998,521917.0
2025-12-24T03:00:00+00:00,1.4006,1.416,1.3951,1.4135,285969.5
2025-12-24T04:00:00+00:00,1.4133,1.4171,1.4062,1.4069,74057.7
2025-12-24T05:00:00+00:00,1.4069,1.411,1.3979,1.3995,191093.1
2025-12-24T06:00:00+00:00,1.3993,1.4081,1.3959,1.4056,162534.9
2025-12-24T07:00:00+00:00,1.4054,1.41,1.4027,1.4027,126895.1
2025-12-24T08:00:00+00:00,1.402,1.4052,1.3958,1.3979,58485.2
2025-12-24T09:00:00+00:00,1.3998,1.4049,1.3998,1.4017,106336.1
2025-12-24T10:00:00+00:00,1.4012,1.4124,1.4011,1.4077,44748.5
2025-12-24T11:00:00+00:00,1.4082,1.4162,1.4082,1.4115,62152.8
2025-12-24T12:00:00+00:00,1.4115,1.4188,1.4102,1.4174,79415.3
2025-12-24T13:00:00+00:00,1.4172,1.4172,1.4031,1.4063,112822.6
2025-12-24T14:00:00+00:00,1.4073,1.4144,1.3885,1.4039,211560.0
2025-12-24T15:00:00+00:00,1.4041,1.4227,1.4007,1.4143,157545.8
2025-12-24T16:00:00+00:00,1.4138,1.428,1.4098,1.4192,266557.6
2025-12-24T17:00:00+00:00,1.4203,1.4229,1.4109,1.4118,34489.7
2025-12-24T18:00:00+00:00,1.4107,1.4141,1.407,1.4136,58912.4
2025-12-24T19:00:00+00:00,1.4131,1.4168,1.4102,1.4162,43326.5
2025-12-24T20:00:00+00:00,1.4171,1.4214,1.4127,1.4132,50047.8
2025-12-24T21:00:00+00:00,1.4138,1.4199,1.4129,1.4157,512536.4
2025-12-24T22:00:00+00:00,1.4173,1.4281,1.4168,1.4245,1110966.6000000001
2025-12-24T23:00:00+00:00,1.4245,1.4254,1.4149,1.4152,152714.0
2025-12-25T00:00:00+00:00,1.4152,1.416,1.4086,1.4097,69471.2
2025-12-25T01:00:00+00:00,1.4096,1.4167,1.4096,1.4148,18187.1
2025-12-25T02:00:00+00:00,1.4146,1.4215,1.4109,1.4188,69188.9
2025-12-25T03:00:00+00:00,1.419,1.4216,1.4139,1.4178,52002.3
2025-12-25T04:00:00+00:00,1.4175,1.4203,1.4137,1.4191,42697.0
2025-12-25T05:00:00+00:00,1.419,1.4194,1.4118,1.4143,31412.0
2025-12-25T06:00:00+00:00,1.4143,1.4167,1.4104,1.4157,99611.2
2025-12-25T07:00:00+00:00,1.4151,1.4158,1.4074,1.4121,77513.8
2025-12-25T08:00:00+00:00,1.4115,1.4187,1.4022,1.4088,150864.5
2025-12-25T09:00:00+00:00,1.4088,1.4096,1.406,1.4078,174461.1
2025-12-25T10:00:00+00:00,1.4078,1.4078,1.3908,1.3947,139185.6
2025-12-25T11:00:00+00:00,1.3946,1.4013,1.3942,1.3986,171319.6
2025-12-25T12:00:00+00:00,1.3986,1.4045,1.3978,1.4043,140660.2
2025-12-25T13:00:00+00:00,1.4041,1.4058,1.3973,1.4001,77963.4
2025-12-25T14:00:00+00:00,1.4001,1.4021,1.3943,1.3999,71527.1
2025-12-25T15:00:00+00:00,1.4005,1.4252,1.3958,1.4151,105588.6
2025-12-25T16:00:00+00:00,1.4164,1.4229,1.4056,1.4065,86375.5
2025-12-25T17:00:00+00:00,1.4063,1.4134,1.4036,1.4116,35094.3
2025-12-25T18:00:00+00:00,1.4114,1.4173,1.4106,1.4112,31706.3
2025-12-25T19:00:00+00:00,1.4122,1.4123,1.407,1.411,35159.8
2025-12-25T20:00:00+00:00,1.4105,1.4123,1.4043,1.4078,47738.1
2025-12-25T21:00:00+00:00,1.4078,1.4092,1.405,1.4065,25923.7
2025-12-25T22:00:00+00:00,1.4066,1.407,1.357,1.3694,1865714.5
2025-12-25T23:00:00+00:00,1.3692,1.3754,1.3528,1.3623,458262.1
2025-12-26T00:00:00+00:00,1.3617,1.3693,1.3565,1.3656,635319.2
2025-12-26T01:00:00+00:00,1.3655,1.3721,1.3645,1.3706,124560.5
2025-12-26T02:00:00+00:00,1.3711,1.4186,1.3703,1.4082,930030.9
2025-12-26T03:00:00+00:00,1.4085,1.4122,1.3973,1.402,418348.0
2025-12-26T04:00:00+00:00,1.4025,1.4085,1.3918,1.4051,234999.2
2025-12-26T05:00:00+00:00,1.4058,1.4067,1.3992,1.4031,239730.6
2025-12-26T06:00:00+00:00,1.4045,1.4111,1.4035,1.408,557270.9
2025-12-26T07:00:00+00:00,1.4067,1.412,1.3941,1.3976,218938.9
2025-12-26T08:00:00+00:00,1.398,1.4043,1.3976,1.4039,265201.0
2025-12-26T09:00:00+00:00,1.4038,1.4138,1.4019,1.4133,112165.7
2025-12-26T10:00:00+00:00,1.4137,1.4137,1.407,1.4093,279450.2
2025-12-26T11:00:00+00:00,1.41,1.4104,1.4031,1.405,49410.9
2025-12-26T12:00:00+00:00,1.4055,1.4088,1.4038,1.4057,105869.1
2025-12-26T13:00:00+00:00,1.4056,1.4126,1.4036,1.4104,28149.3
2025-12-26T14:00:00+00:00,1.4095,1.4106,1.377,1.3814,584877.5
2025-12-26T15:00:00+00:00,1.3815,1.3915,1.3702,1.3877,376612.6
2025-12-26T16:00:00+00:00,1.3873,1.3903,1.3734,1.3751,187744.1
2025-12-26T17:00:00+00:00,1.3756,1.3862,1.3752,1.3803,275296.0
2025-12-26T18:00:00+00:00,1.3806,1.3896,1.38,1.3854,594571.8
2025-12-26T19:00:00+00:00,1.3855,1.3936,1.3821,1.3922,89332.4
2025-12-26T20:00:00+00:00,1.3921,1.4031,1.3907,1.3977,206525.7
2025-12-26T21:00:00+00:00,1.3991,1.4015,1.3947,1.3955,72131.3
2025-12-26T22:00:00+00:00,1.3953,1.3994,1.3909,1.3971,549747.3
2025-12-26T23:00:00+00:00,1.3972,1.3997,1.3963,1.3979,21807.8
2025-12-27T00:00:00+00:00,1.3978,1.4004,1.3973,1.3994,87375.9
2025-12-27T01:00:00+00:00,1.3994,1.3994,1.3955,1.3991,40785.9
2025-12-27T02:00:00+00:00,1.3993,1.3997,1.3962,1.398,31688.1
2025-12-27T03:00:00+00:00,1.3977,1.408,1.3969,1.4069,273174.6
2025-12-27T04:00:00+00:00,1.4082,1.41,1.403,1.4037,47414.1
2025-12-27T05:00:00+00:00,1.4042,1.4069,1.4024,1.406,35872.1
2025-12-27T06:00:00+00:00,1.4061,1.4061,1.3998,1.4018,42373.1
2025-12-27T07:00:00+00:00,1.4011,1.4058,1.3994,1.4011,259007.9
2025-12-27T08:00:00+00:00,1.4013,1.404,1.3993,1.3996,55172.4
2025-12-27T09:00:00+00:00,1.3999,1.4085,1.3999,1.4055,1412288.6000000001
2025-12-27T10:00:00+00:00,1.4053,1.411,1.3934,1.4098,2467023.6000000001
2025-12-27T11:00:00+00:00,1.4087,1.416,1.4069,1.4119,1005938.9
2025-12-27T12:00:00+00:00,1.412,1.4167,1.412,1.4153,287456.4
2025-12-27T13:00:00+00:00,1.4154,1.418,1.4095,1.4143,229659.8
2025-12-27T14:00:00+00:00,1.4143,1.4248,1.4128,1.423,207126.2
2025-12-27T15:00:00+00:00,1.4227,1.4284,1.4215,1.426,144640.8
2025-12-27T16:00:00+00:00,1.4261,1.4305,1.421,1.4219,98987.0
2025-12-27T17:00:00+00:00,1.422,1.4281,1.4219,1.4276,97210.0
2025-12-27T18:00:00+00:00,1.4271,1.4281,1.4206,1.4211,376230.2
2025-12-27T19:00:00+00:00,1.4214,1.4233,1.4194,1.4223,111695.1
2025-12-27T20:00:00+00:00,1.4222,1.4273,1.4186,1.4198,124614.2
2025-12-27T21:00:00+00:00,1.42,1.4334,1.4199,1.4312,440449.2
2025-12-27T22:00:00+00:00,1.4317,1.4489,1.4313,1.4335,703124.5
2025-12-27T23:00:00+00:00,1.434,1.4587,1.4338,1.4518,359946.5
2025-12-28T00:00:00+00:00,1.4519,1.4568,1.4467,1.4473,493434.5
2025-12-28T01:00:00+00:00,1.4482,1.4522,1.4411,1.4422,566353.4
2025-12-28T02:00:00+00:00,1.4422,1.4556,1.4416,1.4501,338643.5
2025-12-28T03:00:00+00:00,1.4498,1.4532,1.4466,1.452,144175.4
2025-12-28T04:00:00+00:00,1.4519,1.4541,1.4488,1.4498,122618.3
2025-12-28T05:00:00+00:00,1.4495,1.4511,1.4457,1.4472,158519.4
2025-12-28T06:00:00+00:00,1.4473,1.4553,1.4473,1.4543,104446.1
2025-12-28T07:00:00+00:00,1.4544,1.4554,1.4494,1.451,44394.2
2025-12-28T08:00:00+00:00,1.4519,1.459,1.4519,1.4533,222400.1
2025-12-28T09:00:00+00:00,1.4531,1.4534,1.4456,1.4484,1112866.6000000001
2025-12-28T10:00:00+00:00,1.4484,1.4549,1.446,1.4484,2177572.6000000001
2025-12-28T11:00:00+00:00,1.4496,1.4563,1.4496,1.4553,175055.3
2025-12-28T12:00:00+00:00,1.4558,1.4674,1.4542,1.4553,237289.8
2025-12-28T13:00:00+00:00,1.4552,1.4596,1.4529,1.4542,163033.4
2025-12-28T14:00:00+00:00,1.4539,1.4661,1.4538,1.4625,129305.9
2025-12-28T15:00:00+00:00,1.4629,1.4669,1.4538,1.4538,140349.7
2025-12-28T16:00:00+00:00,1.4544,1.4623,1.4542,1.461,156961.3
2025-12-28T17:00:00+00:00,1.4606,1.4704,1.4606,1.4632,304696.0
2025-12-28T18:00:00+00:00,1.4636,1.4645,1.4411,1.4419,390350.2
2025-12-28T19:00:00+00:00,1.4417,1.4461,1.4334,1.4367,243602.7
2025-12-28T20:00:00+00:00,1.4367,1.4405,1.4281,1.4361,146324.3
2025-12-28T21:00:00+00:00,1.4361,1.4392,1.4324,1.4385,63978.9
2025-12-28T22:00:00+00:00,1.4386,1.4476,1.4346,1.4454,109896.8
2025-12-28T23:00:00+00:00,1.4454,1.4479,1.4376,1.4458,304119.9
2025-12-29T00:00:00+00:00,1.446,1.4618,1.4432,1.4565,378465.8
2025-12-29T01:00:00+00:00,1.4563,1.4691,1.443,1.4678,387849.9
2025-12-29T02:00:00+00:00,1.4679,1.4859,1.4679,1.4783,273083.3
2025-12-29T03:00:00+00:00,1.4788,1.5024,1.4774,1.4971,468034.7
2025-12-29T04:00:00+00:00,1.4979,1.5074,1.496,1.4972,547416.6
2025-12-29T05:00:00+00:00,1.4971,1.5147,1.4928,1.4997,729167.0
2025-12-29T06:00:00+00:00,1.5014,1.506,1.4965,1.4974,167975.0
2025-12-29T07:00:00+00:00,1.4974,1.4995,1.4864,1.494,406317.5
2025-12-29T08:00:00+00:00,1.4943,1.497,1.4825,1.4847,395724.9
2025-12-29T09:00:00+00:00,1.4846,1.4855,1.4507,1.4605,996675.2
2025-12-29T10:00:00+00:00,1.461,1.4731,1.4598,1.4658,324237.5
2025-12-29T11:00:00+00:00,1.4656,1.4674,1.4568,1.4571,258031.9
2025-12-29T12:00:00+00:00,1.4566,1.4607,1.4342,1.4522,507995.3
2025-12-29T13:00:00+00:00,1.4523,1.4546,1.4417,1.4447,131787.3
2025-12-29T14:00:00+00:00,1.4443,1.4624,1.4384,1.4434,333484.1
2025-12-29T15:00:00+00:00,1.4432,1.4557,1.4396,1.4486,170472.4
2025-12-29T16:00:00+00:00,1.4478,1.45,1.436,1.44,115993.0
2025-12-29T17:00:00+00:00,1.4401,1.4496,1.4358,1.4484,114914.0
2025-12-29T18:00:00+00:00,1.4492,1.4506,1.4321,1.4347,200386.3
2025-12-29T19:00:00+00:00,1.4347,1.4445,1.4311,1.4411,443188.7
2025-12-29T20:00:00+00:00,1.4412,1.4481,1.4344,1.4376,460539.3
2025-12-29T21:00:00+00:00,1.4371,1.4445,1.4365,1.4427,96745.0
2025-12-29T22:00:00+00:00,1.4409,1.4461,1.4372,1.4431,56865.0
2025-12-29T23:00:00+00:00,1.4427,1.4452,1.438,1.4394,58118.1
2025-12-30T00:00:00+00:00,1.4394,1.4405,1.4283,1.4347,151128.9
2025-12-30T01:00:00+00:00,1.4342,1.4353,1.4273,1.43,201394.6
2025-12-30T02:00:00+00:00,1.4303,1.4318,1.4235,1.4292,89388.3
2025-12-30T03:00:00+00:00,1.4287,1.436,1.4172,1.4339,139389.6
2025-12-30T04:00:00+00:00,1.434,1.436,1.4293,1.4314,45027.5
2025-12-30T05:00:00+00:00,1.4311,1.4318,1.4197,1.4227,66333.7
2025-12-30T06:00:00+00:00,1.4227,1.4318,1.422,1.4282,66587.0
2025-12-30T07:00:00+00:00,1.4278,1.4314,1.4248,1.4271,25881.0
2025-12-30T08:00:00+00:00,1.4271,1.4452,1.4266,1.4373,246237.3
2025-12-30T09:00:00+00:00,1.4374,1.445,1.4346,1.4441,110108.4
2025-12-30T10:00:00+00:00,1.4441,1.4452,1.4376,1.4387,46166.0
2025-12-30T11:00:00+00:00,1.4383,1.4423,1.4346,1.4371,57901.3
2025-12-30T12:00:00+00:00,1.4371,1.4437,1.437,1.4381,84315.8
2025-12-30T13:00:00+00:00,1.4369,1.4466,1.4364,1.4423,117163.8
2025-12-30T14:00:00+00:00,1.4423,1.4506,1.4273,1.4448,1418337.6000000001
2025-12-30T15:00:00+00:00,1.4455,1.4481,1.4313,1.4457,235894.0
2025-12-30T16:00:00+00:00,1.4467,1.4521,1.4357,1.441,234729.8
2025-12-30T17:00:00+00:00,1.4409,1.4441,1.4311,1.4345,186827.8
2025-12-30T18:00:00+00:00,1.4341,1.4399,1.4317,1.4346,40637.2
2025-12-30T19:00:00+00:00,1.434,1.4356,1.4238,1.4314,141626.3
2025-12-30T20:00:00+00:00,1.4308,1.4311,1.4259,1.4283,127117.4
2025-12-30T21:00:00+00:00,1.4283,1.4347,1.4275,1.4326,98485.4
2025-12-30T22:00:00+00:00,1.4338,1.4375,1.4273,1.4319,85538.6
2025-12-30T23:00:00+00:00,1.4316,1.4363,1.4301,1.4334,114208.3
2025-12-31T00:00:00+00:00,1.4335,1.4335,1.4265,1.4298,307627.3
2025-12-31T01:00:00+00:00,1.4297,1.4533,1.4295,1.4465,602062.9
2025-12-31T02:00:00+00:00,1.4447,1.4483,1.4404,1.4453,245692.1
2025-12-31T03:00:00+00:00,1.4455,1.4503,1.4402,1.4441,224527.9
2025-12-31T04:00:00+00:00,1.4444,1.4455,1.4364,1.4364,60686.7
2025-12-31T05:00:00+00:00,1.4363,1.4429,1.4354,1.4386,122881.0
2025-12-31T06:00:00+00:00,1.4392,1.4414,1.4365,1.4392,42986.0
2025-12-31T07:00:00+00:00,1.4394,1.4463,1.4391,1.4454,74389.8
2025-12-31T08:00:00+00:00,1.4454,1.4505,1.438,1.4388,237089.7
2025-12-31T09:00:00+00:00,1.4394,1.4457,1.4394,1.4436,62516.8
2025-12-31T10:00:00+00:00,1.4443,1.447,1.4399,1.4421,43239.0
2025-12-31T11:00:00+00:00,1.4424,1.4507,1.4424,1.4507,461040.6
2025-12-31T12:00:00+00:00,1.4502,1.4502,1.4421,1.4441,154500.0
2025-12-31T13:00:00+00:00,1.443,1.4507,1.4417,1.4471,78097.0
2025-12-31T14:00:00+00:00,1.4468,1.4583,1.4399,1.4445,169382.3
2025-12-31T15:00:00+00:00,1.4438,1.4465,1.4254,1.4337,218903.0
2025-12-31T16:00:00+00:00,1.4337,1.4358,1.396,1.4045,503358.0
2025-12-31T17:00:00+00:00,1.4048,1.4083,1.3999,1.4029,80286.6
2025-12-31T18:00:00+00:00,1.403,1.4085,1.4003,1.4004,113335.9
2025-12-31T19:00:00+00:00,1.4006,1.404,1.3952,1.3958,77381.9
2025-12-31T20:00:00+00:00,1.3951,1.4041,1.3875,1.3985,274826.9
2025-12-31T21:00:00+00:00,1.3981,1.404,1.3972,1.4031,51596.0
2025-12-31T22:00:00+00:00,1.4035,1.4095,1.4004,1.4018,95590.1
2025-12-31T23:00:00+00:00,1.4018,1.4057,1.4006,1.4038,27156.5
2026-01-01T00:00:00+00:00,1.4041,1.4115,1.4039,1.4089,56854.3
2026-01-01T01:00:00+00:00,1.4087,1.416,1.4055,1.4078,80409.8
2026-01-01T02:00:00+00:00,1.4072,1.4092,1.4045,1.4069,43353.7
2026-01-01T03:00:00+00:00,1.4063,1.4066,1.4009,1.4013,75365.0
2026-01-01T04:00:00+00:00,1.4015,1.4015,1.3947,1.3954,31904.3
2026-01-01T05:00:00+00:00,1.3958,1.4057,1.3958,1.402,171219.2
2026-01-01T06:00:00+00:00,1.4021,1.4022,1.3991,1.3991,30547.2
2026-01-01T07:00:00+00:00,1.4007,1.4036,1.3991,1.4026,60623.6
2026-01-01T08:00:00+00:00,1.4023,1.4088,1.4022,1.4085,54554.4
2026-01-01T09:00:00+00:00,1.4091,1.4158,1.4084,1.4102,58028.6
2026-01-01T10:00:00+00:00,1.4102,1.4115,1.4064,1.41,33336.3
2026-01-01T11:00:00+00:00,1.4095,1.413,1.4095,1.413,111575.2
2026-01-01T12:00:00+00:00,1.4127,1.413,1.4062,1.4066,17877.1
2026-01-01T13:00:00+00:00,1.4058,1.4133,1.4056,1.413,162436.4
2026-01-01T14:00:00+00:00,1.4133,1.4231,1.4125,1.4213,201498.6
2026-01-01T15:00:00+00:00,1.4218,1.4374,1.417,1.4307,278330.7
2026-01-01T16:00:00+00:00,1.4307,1.4345,1.4246,1.4319,243609.9
2026-01-01T17:00:00+00:00,1.4314,1.4495,1.4314,1.4421,235542.8
2026-01-01T18:00:00+00:00,1.4431,1.4452,1.4367,1.4395,135623.6
2026-01-01T19:00:00+00:00,1.4406,1.4497,1.4394,1.4497,71165.1
2026-01-01T20:00:00+00:00,1.4499,1.4539,1.4451,1.4522,207652.8
2026-01-01T21:00:00+00:00,1.4527,1.4536,1.4481,1.4519,113283.6
2026-01-01T22:00:00+00:00,1.4521,1.4696,1.4521,1.4682,451842.1
2026-01-01T23:00:00+00:00,1.4697,1.4757,1.4664,1.4717,326709.6
2026-01-02T00:00:00+00:00,1.4718,1.4752,1.4605,1.465,636626.7
2026-01-02T01:00:00+00:00,1.4652,1.4694,1.4629,1.4657,73729.7
2026-01-02T02:00:00+00:00,1.4656,1.4743,1.4624,1.4743,58740.3
2026-01-02T03:00:00+00:00,1.4743,1.501,1.4727,1.4978,366788.0
2026-01-02T04:00:00+00:00,1.4978,1.5008,1.4861,1.4863,101743.9
2026-01-02T05:00:00+00:00,1.4862,1.4901,1.4818,1.4895,448055.6
2026-01-02T06:00:00+00:00,1.4903,1.4983,1.489,1.4938,1173378.2
2026-01-02T07:00:00+00:00,1.4939,1.4968,1.486,1.4871,438621.3
2026-01-02T08:00:00+00:00,1.487,1.495,1.4855,1.4949,1251524.0
2026-01-02T09:00:00+00:00,1.495,1.526,1.495,1.5207,1389662.2
2026-01-02T10:00:00+00:00,1.5215,1.5287,1.515,1.521,359501.8
2026-01-02T11:00:00+00:00,1.5215,1.5215,1.5032,1.5086,137904.0
2026-01-02T12:00:00+00:00,1.5086,1.5244,1.5061,1.5216,134039.3
2026-01-02T13:00:00+00:00,1.5215,1.526,1.5181,1.5209,260395.0
2026-01-02T14:00:00+00:00,1.5219,1.5433,1.5023,1.5301,2027216.0
2026-01-02T15:00:00+00:00,1.5313,1.545,1.5146,1.5317,249247.5
2026-01-02T16:00:00+00:00,1.5338,1.5753,1.5312,1.5728,865701.6
2026-01-02T17:00:00+00:00,1.5735,1.5803,1.5639,1.5747,800480.1
2026-01-02T18:00:00+00:00,1.5756,1.5838,1.5575,1.5655,1630506.3999999999
2026-01-02T19:00:00+00:00,1.5662,1.591,1.5638,1.5876,323171.1
2026-01-02T20:00:00+00:00,1.5888,1.6167,1.5884,1.6091,1104667.0
2026-01-02T21:00:00+00:00,1.6091,1.6398,1.6037,1.6266,664549.4
2026-01-02T22:00:00+00:00,1.6275,1.6396,1.6117,1.6127,291785.1
2026-01-02T23:00:00+00:00,1.6132,1.6175,1.6046,1.6072,498660.0
2026-01-03T00:00:00+00:00,1.6075,1.6488,1.6075,1.6396,1050575.0
2026-01-03T01:00:00+00:00,1.6395,1.6742,1.6362,1.662,1521325.1000000001
2026-01-03T02:00:00+00:00,1.662,1.6725,1.6451,1.6716,336198.5
2026-01-03T03:00:00+00:00,1.6716,1.678,1.661,1.6732,471692.8
2026-01-03T04:00:00+00:00,1.6732,1.6788,1.6679,1.6688,553798.3
2026-01-03T05:00:00+00:00,1.6683,1.6731,1.6574,1.669,448527.5
2026-01-03T06:00:00+00:00,1.669,1.69,1.6439,1.6493,1436249.3
2026-01-03T07:00:00+00:00,1.6489,1.6528,1.6136,1.6234,1651138.8999999999
2026-01-03T08:00:00+00:00,1.6234,1.6381,1.6197,1.6305,717674.1
2026-01-03T09:00:00+00:00,1.6316,1.6536,1.6263,1.6477,1390954.5
2026-01-03T10:00:00+00:00,1.6482,1.6508,1.639,1.639,764080.3
2026-01-03T11:00:00+00:00,1.6389,1.6424,1.632,1.6405,362020.8
2026-01-03T12:00:00+00:00,1.6399,1.6401,1.6262,1.6298,183152.0
2026-01-03T13:00:00+00:00,1.6298,1.6598,1.6273,1.6512,568030.0
2026-01-03T14:00:00+00:00,1.6516,1.6701,1.649,1.6639,418612.4
2026-01-03T15:00:00+00:00,1.6643,1.6644,1.6486,1.6496,395453.5
2026-01-03T16:00:00+00:00,1.6499,1.6647,1.6475,1.6555,630603.2
2026-01-03T17:00:00+00:00,1.6566,1.658,1.6508,1.658,448080.3
2026-01-03T18:00:00+00:00,1.6584,1.6611,1.6508,1.6611,102239.6
2026-01-03T19:00:00+00:00,1.6608,1.6608,1.65,1.6519,74849.9
2026-01-03T20:00:00+00:00,1.6519,1.6519,1.6389,1.6451,86802.4
2026-01-03T21:00:00+00:00,1.6455,1.6547,1.6415,1.6445,209234.0
2026-01-03T22:00:00+00:00,1.6454,1.6634,1.6425,1.6626,639169.1
2026-01-03T23:00:00+00:00,1.6621,1.6694,1.6565,1.6652,1250942.1000000001
2026-01-04T00:00:00+00:00,1.6654,1.694,1.6632,1.6779,1424912.8
2026-01-04T01:00:00+00:00,1.6777,1.6854,1.6699,1.6821,308775.2
2026-01-04T02:00:00+00:00,1.6821,1.6961,1.6759,1.6843,121880.1
2026-01-04T03:00:00+00:00,1.6848,1.713,1.6847,1.7031,660410.5
2026-01-04T04:00:00+00:00,1.703,1.7112,1.698,1.6989,544595.1
2026-01-04T05:00:00+00:00,1.7004,1.7014,1.6922,1.6956,403925.7
2026-01-04T06:00:00+00:00,1.6948,1.7044,1.681,1.6858,654394.7
2026-01-04T07:00:00+00:00,1.6858,1.6982,1.6833,1.692,516866.8
2026-01-04T08:00:00+00:00,1.6921,1.6928,1.6778,1.6908,1716629.5
2026-01-04T09:00:00+00:00,1.6907,1.7092,1.6844,1.7064,850502.6
2026-01-04T10:00:00+00:00,1.7063,1.7168,1.7018,1.7072,321097.2
2026-01-04T11:00:00+00:00,1.7071,1.7071,1.6958,1.6967,353252.0
2026-01-04T12:00:00+00:00,1.6969,1.7061,1.6899,1.6934,386160.9
2026-01-04T13:00:00+00:00,1.6924,1.6953,1.6836,1.6939,250134.5
2026-01-04T14:00:00+00:00,1.6941,1.6966,1.6851,1.6954,191995.6
2026-01-04T15:00:00+00:00,1.6956,1.7025,1.6912,1.7019,149958.2
2026-01-04T16:00:00+00:00,1.7025,1.7121,1.6988,1.7088,340100.9
2026-01-04T17:00:00+00:00,1.7086,1.7511,1.7062,1.7391,1653667.7
2026-01-04T18:00:00+00:00,1.7404,1.7404,1.708,1.7201,273387.8
2026-01-04T19:00:00+00:00,1.7204,1.7204,1.6935,1.7072,279088.5
2026-01-04T20:00:00+00:00,1.707,1.7301,1.7031,1.7146,1174923.0
2026-01-04T21:00:00+00:00,1.7145,1.7218,1.6997,1.7086,482059.6
2026-01-04T22:00:00+00:00,1.7081,1.7157,1.7024,1.7086,348375.2
2026-01-04T23:00:00+00:00,1.7086,1.7248,1.6802,1.6922,1339736.3
2026-01-05T00:00:00+00:00,1.6916,1.716,1.6878,1.7068,1456516.7
2026-01-05T01:00:00+00:00,1.7071,1.7445,1.7053,1.7229,1127910.8
2026-01-05T02:00:00+00:00,1.723,1.728,1.7,1.7087,2098750.6000000001
2026-01-05T03:00:00+00:00,1.7087,1.7119,1.6969,1.7047,667887.0
2026-01-05T04:00:00+00:00,1.7032,1.7043,1.6674,1.6794,523247.8
2026-01-05T05:00:00+00:00,1.6793,1.6912,1.6725,1.6726,181677.1
2026-01-05T06:00:00+00:00,1.6742,1.6801,1.6603,1.6798,338569.3
2026-01-05T07:00:00+00:00,1.6779,1.6907,1.6767,1.6869,55904.4
2026-01-05T08:00:00+00:00,1.6868,1.6995,1.6839,1.6866,207607.8
2026-01-05T09:00:00+00:00,1.6859,1.6885,1.6743,1.6796,751155.1
2026-01-05T10:00:00+00:00,1.6812,1.6928,1.6763,1.6833,458870.9
2026-01-05T11:00:00+00:00,1.6831,1.6894,1.6802,1.6849,205931.3
2026-01-05T12:00:00+00:00,1.6847,1.6863,1.6768,1.6809,214896.6
2026-01-05T13:00:00+00:00,1.6818,1.6879,1.6716,1.6791,242428.1
2026-01-05T14:00:00+00:00,1.6798,1.6952,1.662,1.688,429949.0
2026-01-05T15:00:00+00:00,1.688,1.7121,1.676,1.7098,537405.8
2026-01-05T16:00:00+00:00,1.7094,1.7175,1.7024,1.7132,730956.9
2026-01-05T17:00:00+00:00,1.7128,1.7373,1.6981,1.7359,614397.7
2026-01-05T18:00:00+00:00,1.7362,1.7893,1.7269,1.7771,1796952.8
2026-01-05T19:00:00+00:00,1.7784,1.8383,1.7706,1.8356,1763032.0
2026-01-05T20:00:00+00:00,1.8375,1.9277,1.8352,1.8964,5603381.9000000004
2026-01-05T21:00:00+00:00,1.8973,1.907,1.8786,1.8956,1243605.0
2026-01-05T22:00:00+00:00,1.8955,1.9486,1.8787,1.9211,1900221.0
2026-01-05T23:00:00+00:00,1.9217,1.9256,1.898,1.8991,641617.7
2026-01-06T00:00:00+00:00,1.8997,1.9697,1.8991,1.9684,3061200.7999999998
2026-01-06T01:00:00+00:00,1.9677,1.9915,1.9362,1.9457,1673067.7
2026-01-06T02:00:00+00:00,1.9455,1.9565,1.9333,1.945,557271.6
2026-01-06T03:00:00+00:00,1.945,1.9526,1.9285,1.94,877112.0
2026-01-06T04:00:00+00:00,1.9407,1.9533,1.9298,1.9463,821225.8
2026-01-06T05:00:00+00:00,1.9463,1.9786,1.9454,1.972,1198655.7
2026-01-06T06:00:00+00:00,1.9719,1.9881,1.9541,1.9751,2234347.1000000001
2026-01-06T07:00:00+00:00,1.975,1.979,1.9409,1.9532,1095239.3
2026-01-06T08:00:00+00:00,1.9555,1.9883,1.955,1.9635,615571.5
2026-01-06T09:00:00+00:00,1.9629,1.9771,1.9477,1.9502,685730.2
2026-01-06T10:00:00+00:00,1.9507,1.9728,1.9456,1.9602,879015.4
2026-01-06T11:00:00+00:00,1.9598,1.9842,1.9559,1.9805,378525.3
2026-01-06T12:00:00+00:00,1.9786,2.0188,1.9697,1.9743,635618.6
2026-01-06T13:00:00+00:00,1.9746,1.9962,1.9697,1.9839,879707.3
2026-01-06T14:00:00+00:00,1.9843,2.0085,1.9515,1.9635,1538985.3
2026-01-06T15:00:00+00:00,1.9635,1.985,1.9452,1.9554,1622155.2
2026-01-06T16:00:00+00:00,1.9554,1.9595,1.85,1.8559,4706045.5
2026-01-06T17:00:00+00:00,1.8558,1.8685,1.8134,1.8156,3653143.0
2026-01-06T18:00:00+00:00,1.8156,1.8607,1.8123,1.848,780333.7
2026-01-06T19:00:00+00:00,1.8478,1.8602,1.8436,1.8502,535081.6
2026-01-06T20:00:00+00:00,1.8495,1.8711,1.8495,1.8594,1468657.3
2026-01-06T21:00:00+00:00,1.8589,1.8904,1.8519,1.8798,2258013.5
2026-01-06T22:00:00+00:00,1.8798,1.8905,1.8682,1.8846,788278.3
2026-01-06T23:00:00+00:00,1.8856,1.9113,1.8846,1.9039,520499.5
2026-01-07T00:00:00+00:00,1.9044,1.9047,1.8684,1.8694,920051.0
2026-01-07T01:00:00+00:00,1.8697,1.8851,1.8547,1.8577,512240.3
2026-01-07T02:00:00+00:00,1.8579,1.8816,1.8517,1.8807,265939.9
2026-01-07T03:00:00+00:00,1.8807,1.8847,1.8699,1.8724,169268.0
2026-01-07T04:00:00+00:00,1.8718,1.8803,1.8673,1.8696,453317.2
2026-01-07T05:00:00+00:00,1.8694,1.8779,1.8629,1.8687,364887.1
2026-01-07T06:00:00+00:00,1.8677,1.876,1.866,1.8743,213460.2
2026-01-07T07:00:00+00:00,1.8732,1.9296,1.8731,1.9292,356398.9
2026-01-07T08:00:00+00:00,1.9291,1.9785,1.9074,1.9462,1391380.7
2026-01-07T09:00:00+00:00,1.9471,1.9495,1.9039,1.9308,1212414.2
2026-01-07T10:00:00+00:00,1.9297,1.931,1.9103,1.9202,786469.6
2026-01-07T11:00:00+00:00,1.9201,1.9388,1.9054,1.9105,840935.7
2026-01-07T12:00:00+00:00,1.9101,1.914,1.8911,1.8932,363859.2
2026-01-07T13:00:00+00:00,1.8949,1.8974,1.8727,1.8829,459928.1
2026-01-07T14:00:00+00:00,1.883,1.8899,1.8531,1.8881,969045.2
2026-01-07T15:00:00+00:00,1.8893,1.89,1.8447,1.8513,519067.0
2026-01-07T16:00:00+00:00,1.8498,1.8696,1.8432,1.8471,323391.3
2026-01-07T17:00:00+00:00,1.8465,1.8639,1.8412,1.8493,350548.8
2026-01-07T18:00:00+00:00,1.8482,1.859,1.8365,1.8473,645072.3
2026-01-07T19:00:00+00:00,1.8474,1.8497,1.8245,1.8389,362839.7
2026-01-07T20:00:00+00:00,1.8391,1.8419,1.8187,1.8189,840693.7
2026-01-07T21:00:00+00:00,1.8206,1.8225,1.8014,1.812,5536075.0
2026-01-07T22:00:00+00:00,1.8116,1.8279,1.8039,1.8163,561811.1
2026-01-07T23:00:00+00:00,1.8155,1.8262,1.8035,1.8197,440926.6
2026-01-08T00:00:00+00:00,1.8195,1.8302,1.8089,1.825,787831.8
2026-01-08T01:00:00+00:00,1.8259,1.8404,1.8237,1.8373,403831.1
2026-01-08T02:00:00+00:00,1.8374,1.8374,1.8005,1.8078,196847.9
2026-01-08T03:00:00+00:00,1.8076,1.8166,1.786,1.7942,419357.2
2026-01-08T04:00:00+00:00,1.7949,1.8149,1.792,1.8089,179938.1
2026-01-08T05:00:00+00:00,1.8086,1.8157,1.796,1.7994,68116.5
2026-01-08T06:00:00+00:00,1.7999,1.8023,1.7669,1.7688,570219.8
2026-01-08T07:00:00+00:00,1.7702,1.8149,1.7638,1.8111,972055.5
2026-01-08T08:00:00+00:00,1.8122,1.8312,1.7997,1.8015,761737.4
2026-01-08T09:00:00+00:00,1.8019,1.806,1.7773,1.7798,605400.6
2026-01-08T10:00:00+00:00,1.7801,1.808,1.7646,1.8033,635198.2
2026-01-08T11:00:00+00:00,1.8034,1.8046,1.7766,1.7844,257942.8
2026-01-08T12:00:00+00:00,1.7845,1.786,1.7398,1.7568,763160.6
2026-01-08T13:00:00+00:00,1.7572,1.7722,1.7542,1.7632,330412.3
2026-01-08T14:00:00+00:00,1.7609,1.8115,1.7524,1.8053,6048748.2999999998
2026-01-08T15:00:00+00:00,1.805,1.8407,1.7834,1.8383,742660.6
2026-01-08T16:00:00+00:00,1.8381,1.8477,1.8105,1.8336,920655.1
2026-01-08T17:00:00+00:00,1.8337,1.8562,1.8275,1.8466,495551.3
2026-01-08T18:00:00+00:00,1.8456,1.8556,1.8244,1.8325,758020.9
2026-01-08T19:00:00+00:00,1.8332,1.8426,1.8294,1.8334,561263.6
2026-01-08T20:00:00+00:00,1.8319,1.8321,1.8039,1.8191,495855.6
2026-01-08T21:00:00+00:00,1.8214,1.8467,1.8211,1.8405,363386.2
2026-01-08T22:00:00+00:00,1.841,1.8497,1.8221,1.8299,517747.1
2026-01-08T23:00:00+00:00,1.8308,1.834,1.8151,1.816,145052.2
2026-01-09T00:00:00+00:00,1.8159,1.8285,1.8148,1.8222,257609.8
2026-01-09T01:00:00+00:00,1.8238,1.8369,1.7947,1.7997,391427.3
2026-01-09T02:00:00+00:00,1.7999,1.8268,1.7993,1.8037,315648.8
2026-01-09T03:00:00+00:00,1.8042,1.8259,1.8027,1.822,187899.8
2026-01-09T04:00:00+00:00,1.8227,1.8242,1.8082,1.8116,145189.6
2026-01-09T05:00:00+00:00,1.8107,1.8181,1.8054,1.8126,231942.3
2026-01-09T06:00:00+00:00,1.8123,1.8181,1.8044,1.8155,147308.1
2026-01-09T07:00:00+00:00,1.8151,1.8151,1.7994,1.8022,197529.4
2026-01-09T08:00:00+00:00,1.8017,1.805,1.7687,1.777,512713.4
2026-01-09T09:00:00+00:00,1.7786,1.8039,1.7784,1.7896,539519.3
2026-01-09T10:00:00+00:00,1.7892,1.7925,1.7837,1.7892,180473.2
2026-01-09T11:00:00+00:00,1.7901,1.8016,1.7869,1.7966,1347099.5
2026-01-09T12:00:00+00:00,1.796,1.8014,1.7831,1.7902,1037627.4
2026-01-09T13:00:00+00:00,1.7902,1.8274,1.7902,1.8132,404360.0
2026-01-09T14:00:00+00:00,1.8138,1.8152,1.7841,1.7927,895137.5
2026-01-09T15:00:00+00:00,1.7916,1.847,1.7802,1.817,3726023.2000000002
2026-01-09T16:00:00+00:00,1.8178,1.8509,1.8158,1.8411,419165.5
2026-01-09T17:00:00+00:00,1.8418,1.8466,1.8145,1.838,275491.8
2026-01-09T18:00:00+00:00,1.838,1.8403,1.796,1.8114,421494.2
2026-01-09T19:00:00+00:00,1.8119,1.8119,1.7876,1.7973,169083.1
2026-01-09T20:00:00+00:00,1.7964,1.8078,1.7918,1.7981,92485.2
2026-01-09T21:00:00+00:00,1.7974,1.8192,1.7924,1.8141,289373.8
2026-01-09T22:00:00+00:00,1.8134,1.8256,1.8086,1.824,164616.0
2026-01-09T23:00:00+00:00,1.8233,1.8255,1.8096,1.8113,121549.6
2026-01-10T00:00:00+00:00,1.8113,1.8127,1.8013,1.8015,234263.2
2026-01-10T01:00:00+00:00,1.8016,1.8133,1.7986,1.808,281539.1
2026-01-10T02:00:00+00:00,1.8083,1.8211,1.797,1.799,156417.8
2026-01-10T03:00:00+00:00,1.7989,1.7996,1.7853,1.7959,119052.3
2026-01-10T04:00:00+00:00,1.7945,1.7949,1.785,1.7899,215166.7
2026-01-10T05:00:00+00:00,1.7911,1.8004,1.7902,1.7957,44337.2
2026-01-10T06:00:00+00:00,1.7958,1.7969,1.7844,1.7934,60282.3
2026-01-10T07:00:00+00:00,1.7932,1.8079,1.7927,1.8011,61572.5
2026-01-10T08:00:00+00:00,1.8005,1.8145,1.7945,1.8139,160107.9
2026-01-10T09:00:00+00:00,1.8132,1.842,1.8108,1.842,272822.7
2026-01-10T10:00:00+00:00,1.841,1.8476,1.8315,1.8388,78380.5
2026-01-10T11:00:00+00:00,1.8386,1.8386,1.8215,1.8276,66686.0
2026-01-10T12:00:00+00:00,1.829,1.8345,1.8237,1.8273,67406.7
2026-01-10T13:00:00+00:00,1.827,1.8329,1.8166,1.8187,116762.3
2026-01-10T14:00:00+00:00,1.8185,1.823,1.8017,1.8071,82869.0
2026-01-10T15:00:00+00:00,1.8074,1.8194,1.8072,1.8155,224664.2
2026-01-10T16:00:00+00:00,1.8154,1.8178,1.7974,1.8024,315383.1
2026-01-10T17:00:00+00:00,1.8032,1.8073,1.7948,1.7967,77070.7
2026-01-10T18:00:00+00:00,1.7975,1.802,1.7927,1.7991,135134.4
2026-01-10T19:00:00+00:00,1.7991,1.8075,1.798,1.8053,117637.2
2026-01-10T20:00:00+00:00,1.807,1.8081,1.7996,1.8004,95090.1
2026-01-10T21:00:00+00:00,1.8002,1.8011,1.7905,1.7905,95374.6
2026-01-10T22:00:00+00:00,1.7911,1.7982,1.7781,1.7809,436193.5
2026-01-10T23:00:00+00:00,1.7809,1.7962,1.7795,1.7938,133770.8
2026-01-11T00:00:00+00:00,1.7939,1.7977,1.7896,1.7968,194213.5
2026-01-11T01:00:00+00:00,1.7963,1.798,1.7915,1.7976,47550.1
2026-01-11T02:00:00+00:00,1.7981,1.8059,1.797,1.8023,75556.7
2026-01-11T03:00:00+00:00,1.8028,1.8043,1.7993,1.8018,23211.2
2026-01-11T04:00:00+00:00,1.8018,1.8139,1.7967,1.8135,23605.1
2026-01-11T05:00:00+00:00,1.813,1.8205,1.8113,1.8141,48069.5
2026-01-11T06:00:00+00:00,1.8133,1.816,1.803,1.816,57043.1
2026-01-11T07:00:00+00:00,1.8154,1.8169,1.81,1.816,22316.3
2026-01-11T08:00:00+00:00,1.8161,1.8208,1.8127,1.8173,95780.7
2026-01-11T09:00:00+00:00,1.8169,1.8207,1.8078,1.8078,99586.1
2026-01-11T10:00:00+00:00,1.8088,1.8152,1.8082,1.8123,39591.9
2026-01-11T11:00:00+00:00,1.8121,1.8155,1.8101,1.8121,63882.9
2026-01-11T12:00:00+00:00,1.8132,1.8276,1.812,1.8247,118490.0
2026-01-11T13:00:00+00:00,1.8246,1.8265,1.8151,1.8151,131530.6
2026-01-11T14:00:00+00:00,1.8164,1.8335,1.8157,1.8293,157350.8
2026-01-11T15:00:00+00:00,1.8301,1.8314,1.791,1.7989,138145.0
2026-01-11T16:00:00+00:00,1.799,1.8184,1.7969,1.8079,192162.2
2026-01-11T17:00:00+00:00,1.808,1.8152,1.799,1.8148,53749.5
2026-01-11T18:00:00+00:00,1.8152,1.8192,1.8054,1.817,59858.3
2026-01-11T19:00:00+00:00,1.8172,1.8244,1.8112,1.8154,63720.8
2026-01-11T20:00:00+00:00,1.8145,1.8145,1.786,1.7991,188687.2
2026-01-11T21:00:00+00:00,1.7984,1.8024,1.7856,1.7984,100917.9
2026-01-11T22:00:00+00:00,1.7974,1.7974,1.7793,1.7831,109159.1
2026-01-11T23:00:00+00:00,1.782,1.7984,1.7665,1.795,423938.7
2026-01-12T00:00:00+00:00,1.7957,1.801,1.7637,1.789,301386.9
2026-01-12T01:00:00+00:00,1.7893,1.8103,1.7869,1.8059,308008.1
2026-01-12T02:00:00+00:00,1.8066,1.8428,1.8057,1.8377,562001.2
2026-01-12T03:00:00+00:00,1.8382,1.8513,1.8149,1.8149,550961.3
2026-01-12T04:00:00+00:00,1.8177,1.8384,1.8142,1.8375,195446.2
2026-01-12T05:00:00+00:00,1.8358,1.8441,1.8294,1.8308,126292.9
2026-01-12T06:00:00+00:00,1.8294,1.8304,1.8111,1.8138,132429.6
2026-01-12T07:00:00+00:00,1.8138,1.8248,1.7861,1.7884,344483.4
2026-01-12T08:00:00+00:00,1.7881,1.803,1.7741,1.7871,293444.2
2026-01-12T09:00:00+00:00,1.7867,1.7902,1.7796,1.7817,214770.2
2026-01-12T10:00:00+00:00,1.782,1.7891,1.7697,1.7738,361351.3
2026-01-12T11:00:00+00:00,1.7735,1.787,1.7726,1.7851,116282.0
2026-01-12T12:00:00+00:00,1.7847,1.7911,1.779,1.7822,148425.8
2026-01-12T13:00:00+00:00,1.7819,1.7853,1.7659,1.7668,340862.6
2026-01-12T14:00:00+00:00,1.7661,1.791,1.7464,1.7829,737306.5
2026-01-12T15:00:00+00:00,1.784,1.808,1.7783,1.8021,273926.1
2026-01-12T16:00:00+00:00,1.8023,1.8237,1.802,1.8089,266484.7
2026-01-12T17:00:00+00:00,1.8086,1.8137,1.7767,1.7883,526923.7
2026-01-12T18:00:00+00:00,1.7866,1.8038,1.7838,1.7943,709135.6
2026-01-12T19:00:00+00:00,1.7943,1.8014,1.7837,1.7989,939722.5
2026-01-12T20:00:00+00:00,1.799,1.8072,1.7839,1.7891,611144.3
2026-01-12T21:00:00+00:00,1.7882,1.7882,1.7529,1.7632,302457.5
2026-01-12T22:00:00+00:00,1.7633,1.7757,1.7629,1.7696,188988.3
2026-01-12T23:00:00+00:00,1.7696,1.7712,1.7576,1.762,70267.3
2026-01-13T00:00:00+00:00,1.7614,1.7733,1.7602,1.7666,233958.0
2026-01-13T01:00:00+00:00,1.7666,1.7728,1.7527,1.758,111765.4
2026-01-13T02:00:00+00:00,1.7593,1.7682,1.7562,1.7565,59200.0
2026-01-13T03:00:00+00:00,1.7577,1.7681,1.7536,1.7642,94514.5
2026-01-13T04:00:00+00:00,1.7636,1.7811,1.7636,1.7811,171701.0
2026-01-13T05:00:00+00:00,1.7813,1.8077,1.7813,1.792,355797.5
2026-01-13T06:00:00+00:00,1.7924,1.8001,1.7887,1.795,109898.3
2026-01-13T07:00:00+00:00,1.7955,1.796,1.789,1.7943,88030.6
2026-01-13T08:00:00+00:00,1.7938,1.8048,1.7924,1.8011,162650.9
2026-01-13T09:00:00+00:00,1.801,1.809,1.7892,1.8006,919435.7
2026-01-13T10:00:00+00:00,1.8021,1.8041,1.7872,1.7942,830139.1
2026-01-13T11:00:00+00:00,1.7942,1.7996,1.7899,1.7952,109556.8
2026-01-13T12:00:00+00:00,1.7949,1.7961,1.786,1.794,162626.3
2026-01-13T13:00:00+00:00,1.7946,1.8127,1.7905,1.8031,845402.6
2026-01-13T14:00:00+00:00,1.8027,1.8325,1.7948,1.8151,436126.5
2026-01-13T15:00:00+00:00,1.8137,1.8389,1.7943,1.8381,1808712.7
2026-01-13T16:00:00+00:00,1.8382,1.8487,1.8269,1.8351,933546.3
2026-01-13T17:00:00+00:00,1.8369,1.8391,1.8158,1.8207,238089.6
2026-01-13T18:00:00+00:00,1.8209,1.8365,1.8191,1.8274,458632.8
2026-01-13T19:00:00+00:00,1.8287,1.8468,1.823,1.8438,1578831.8999999999
2026-01-13T20:00:00+00:00,1.8443,1.8655,1.8297,1.8429,623635.3
2026-01-13T21:00:00+00:00,1.8431,1.8477,1.8378,1.8402,153183.8
2026-01-13T22:00:00+00:00,1.8404,1.9424,1.8404,1.9029,2067107.3
2026-01-13T23:00:00+00:00,1.904,1.911,1.8679,1.8813,1988790.7
2026-01-14T00:00:00+00:00,1.8813,1.8968,1.8768,1.8818,673512.0
2026-01-14T01:00:00+00:00,1.8819,1.8843,1.8607,1.8658,745722.3
2026-01-14T02:00:00+00:00,1.865,1.884,1.8588,1.8631,141706.3
2026-01-14T03:00:00+00:00,1.8647,1.8822,1.8614,1.8815,135595.0
2026-01-14T04:00:00+00:00,1.8815,1.8839,1.8575,1.858,165763.4
2026-01-14T05:00:00+00:00,1.8581,1.8581,1.8395,1.8438,556630.4
2026-01-14T06:00:00+00:00,1.843,1.8449,1.8268,1.8442,400145.2
2026-01-14T07:00:00+00:00,1.8443,1.8508,1.8388,1.8459,195441.5
2026-01-14T08:00:00+00:00,1.846,1.8509,1.8372,1.838,251682.3
2026-01-14T09:00:00+00:00,1.8379,1.844,1.8356,1.841,229162.5
2026-01-14T10:00:00+00:00,1.841,1.8467,1.83,1.8343,110399.2
2026-01-14T11:00:00+00:00,1.834,1.834,1.8138,1.8185,282004.4
2026-01-14T12:00:00+00:00,1.8185,1.833,1.8165,1.8282,88957.4
2026-01-14T13:00:00+00:00,1.8276,1.8301,1.8113,1.8153,245726.6
2026-01-14T14:00:00+00:00,1.815,1.857,1.8145,1.8409,750779.6
2026-01-14T15:00:00+00:00,1.8419,1.8532,1.8262,1.8391,1576169.6000000001
2026-01-14T16:00:00+00:00,1.8403,1.9345,1.8393,1.8963,1939524.8999999999
2026-01-14T17:00:00+00:00,1.8963,1.9009,1.8334,1.8409,1172000.6000000001
2026-01-14T18:00:00+00:00,1.8404,1.8559,1.816,1.8355,398916.5
2026-01-14T19:00:00+00:00,1.8326,1.8607,1.8254,1.8409,598405.1
2026-01-14T20:00:00+00:00,1.8406,1.8607,1.834,1.8483,1062282.5
2026-01-14T21:00:00+00:00,1.8482,1.8523,1.8364,1.8435,162843.9
2026-01-14T22:00:00+00:00,1.8432,1.8516,1.8358,1.8481,246915.2
2026-01-14T23:00:00+00:00,1.8489,1.8692,1.8485,1.8502,139380.4
2026-01-15T00:00:00+00:00,1.8528,1.8531,1.8348,1.8431,326460.1
2026-01-15T01:00:00+00:00,1.843,1.8556,1.8201,1.8245,490815.6
2026-01-15T02:00:00+00:00,1.8239,1.8285,1.7942,1.8069,507415.3
2026-01-15T03:00:00+00:00,1.8068,1.8109,1.7775,1.7835,655474.9
2026-01-15T04:00:00+00:00,1.784,1.8007,1.7814,1.7978,158832.9
2026-01-15T05:00:00+00:00,1.7998,1.8061,1.7982,1.8028,132291.0
2026-01-15T06:00:00+00:00,1.8018,1.8095,1.7909,1.7958,156893.8
2026-01-15T07:00:00+00:00,1.7942,1.8187,1.7928,1.814,94377.3
2026-01-15T08:00:00+00:00,1.8146,1.819,1.8062,1.8119,170522.5
2026-01-15T09:00:00+00:00,1.812,1.8417,1.8025,1.8346,587831.2
2026-01-15T10:00:00+00:00,1.8347,1.8404,1.8263,1.8401,124320.2
2026-01-15T11:00:00+00:00,1.8394,1.8532,1.8348,1.8385,1457312.5
2026-01-15T12:00:00+00:00,1.838,1.8481,1.8044,1.8242,432663.8
2026-01-15T13:00:00+00:00,1.8243,1.8297,1.8157,1.8249,326043.1
2026-01-15T14:00:00+00:00,1.8245,1.8335,1.8,1.8113,449156.6
2026-01-15T15:00:00+00:00,1.8117,1.821,1.7689,1.8022,2105181.3999999999
2026-01-15T16:00:00+00:00,1.8022,1.8036,1.7807,1.8028,562567.3
2026-01-15T17:00:00+00:00,1.8004,1.8118,1.7858,1.7875,638217.5
2026-01-15T18:00:00+00:00,1.7898,1.792,1.7595,1.7656,686624.2
2026-01-15T19:00:00+00:00,1.7682,1.7764,1.7552,1.7719,781829.2
2026-01-15T20:00:00+00:00,1.7717,1.791,1.7687,1.7767,1117275.0
2026-01-15T21:00:00+00:00,1.7783,1.7878,1.7739,1.7787,158666.3
2026-01-15T22:00:00+00:00,1.7793,1.7879,1.7721,1.7799,143088.1
2026-01-15T23:00:00+00:00,1.7797,1.7883,1.7739,1.78,97714.4
2026-01-16T00:00:00+00:00,1.78,1.7863,1.7778,1.7805,239516.5
2026-01-16T01:00:00+00:00,1.7809,1.7843,1.7729,1.7832,185085.5
2026-01-16T02:00:00+00:00,1.783,1.7908,1.7729,1.7908,161420.5
2026-01-16T03:00:00+00:00,1.791,1.7968,1.7734,1.7736,229960.7
2026-01-16T04:00:00+00:00,1.7731,1.7808,1.7636,1.7721,90587.9
2026-01-16T05:00:00+00:00,1.7721,1.7914,1.7694,1.7878,107982.6
2026-01-16T06:00:00+00:00,1.7867,1.7918,1.7812,1.7904,90155.2
2026-01-16T07:00:00+00:00,1.7893,1.7907,1.7774,1.7794,88817.1
2026-01-16T08:00:00+00:00,1.7799,1.7915,1.7795,1.7865,135096.3
2026-01-16T09:00:00+00:00,1.7862,1.7917,1.7842,1.7862,69514.2
2026-01-16T10:00:00+00:00,1.7868,1.7868,1.7778,1.7805,51946.4
2026-01-16T11:00:00+00:00,1.7799,1.7825,1.7746,1.7809,57252.1
2026-01-16T12:00:00+00:00,1.7809,1.784,1.7746,1.7787,23408.3
2026-01-16T13:00:00+00:00,1.7787,1.7789,1.7625,1.7687,70806.0
2026-01-16T14:00:00+00:00,1.7688,1.7823,1.7687,1.7715,284676.2
2026-01-16T15:00:00+00:00,1.771,1.7817,1.7093,1.7229,1647813.5
2026-01-16T16:00:00+00:00,1.7214,1.7532,1.7188,1.7421,704322.6
2026-01-16T17:00:00+00:00,1.7443,1.7519,1.7313,1.7507,877734.8
2026-01-16T18:00:00+00:00,1.7497,1.7619,1.7497,1.7588,912357.0
2026-01-16T19:00:00+00:00,1.7582,1.767,1.7485,1.7645,172118.7
2026-01-16T20:00:00+00:00,1.7645,1.784,1.753,1.7827,232947.1
2026-01-16T21:00:00+00:00,1.7833,1.791,1.779,1.7821,194605.1
2026-01-16T22:00:00+00:00,1.7835,1.7879,1.7793,1.7868,167481.1
2026-01-16T23:00:00+00:00,1.7881,1.7923,1.7854,1.7878,316216.6
2026-01-17T00:00:00+00:00,1.788,1.7892,1.7792,1.7828,220011.4
2026-01-17T01:00:00+00:00,1.7825,1.7872,1.7804,1.7859,87881.1
2026-01-17T02:00:00+00:00,1.7858,1.7859,1.7785,1.7825,160255.2
2026-01-17T03:00:00+00:00,1.7825,1.7846,1.7776,1.7845,117356.8
2026-01-17T04:00:00+00:00,1.7836,1.7922,1.7833,1.7907,61622.2
2026-01-17T05:00:00+00:00,1.7909,1.8034,1.7909,1.7985,168770.8
2026-01-17T06:00:00+00:00,1.7983,1.8017,1.7939,1.7958,52517.8
2026-01-17T07:00:00+00:00,1.7947,1.796,1.7885,1.7937,49855.4
2026-01-17T08:00:00+00:00,1.7939,1.8077,1.7912,1.8054,138445.6
2026-01-17T09:00:00+00:00,1.805,1.8058,1.7971,1.7992,30155.3
2026-01-17T10:00:00+00:00,1.7995,1.8013,1.7907,1.7926,38043.0
2026-01-17T11:00:00+00:00,1.7926,1.7963,1.7858,1.792,132995.7
2026-01-17T12:00:00+00:00,1.7921,1.8029,1.791,1.8019,50155.5
2026-01-17T13:00:00+00:00,1.8028,1.8154,1.7978,1.8013,102938.7
2026-01-17T14:00:00+00:00,1.8023,1.8127,1.7959,1.8105,85939.9
2026-01-17T15:00:00+00:00,1.8097,1.8131,1.799,1.8094,73669.8
2026-01-17T16:00:00+00:00,1.8089,1.8114,1.7923,1.7944,152279.1
2026-01-17T17:00:00+00:00,1.7943,1.7954,1.7897,1.7939,56468.9
2026-01-17T18:00:00+00:00,1.7952,1.7953,1.7904,1.7931,17132.8
2026-01-17T19:00:00+00:00,1.7928,1.7954,1.7895,1.7929,20072.5
2026-01-17T20:00:00+00:00,1.7929,1.7955,1.7876,1.7896,53545.0
2026-01-17T21:00:00+00:00,1.7897,1.7897,1.7836,1.7875,58580.1
2026-01-17T22:00:00+00:00,1.7874,1.7879,1.7727,1.7822,383582.8
2026-01-17T23:00:00+00:00,1.7815,1.786,1.7799,1.7852,31172.2
2026-01-18T00:00:00+00:00,1.7849,1.7936,1.7807,1.7815,104169.8
2026-01-18T01:00:00+00:00,1.7821,1.7824,1.766,1.7732,150639.1
2026-01-18T02:00:00+00:00,1.7732,1.7832,1.7712,1.7759,86905.8
2026-01-18T03:00:00+00:00,1.7759,1.7838,1.7759,1.7796,26316.9
2026-01-18T04:00:00+00:00,1.7792,1.7824,1.7754,1.7812,165265.1
2026-01-18T05:00:00+00:00,1.7812,1.7829,1.7778,1.7796,97697.8
2026-01-18T06:00:00+00:00,1.7793,1.7813,1.7756,1.7798,62878.2
2026-01-18T07:00:00+00:00,1.7787,1.7806,1.7721,1.7741,122460.1
2026-01-18T08:00:00+00:00,1.7731,1.7758,1.7712,1.7734,85756.4
2026-01-18T09:00:00+00:00,1.7735,1.78,1.7724,1.7778,45322.5
2026-01-18T10:00:00+00:00,1.7776,1.7776,1.768,1.7718,56825.8
2026-01-18T11:00:00+00:00,1.7707,1.7758,1.7697,1.7728,22318.0
2026-01-18T12:00:00+00:00,1.7733,1.7782,1.7691,1.7704,37485.0
2026-01-18T13:00:00+00:00,1.7701,1.7745,1.7629,1.7714,131261.1
2026-01-18T14:00:00+00:00,1.7714,1.7822,1.7663,1.7671,69164.1
2026-01-18T15:00:00+00:00,1.7672,1.7753,1.7611,1.7728,78195.4
2026-01-18T16:00:00+00:00,1.7723,1.7794,1.7681,1.77,115455.5
2026-01-18T17:00:00+00:00,1.77,1.7757,1.7652,1.7757,45722.7
2026-01-18T18:00:00+00:00,1.7759,1.796,1.7738,1.7925,285834.3
2026-01-18T19:00:00+00:00,1.7937,1.7946,1.7722,1.7733,48245.4
2026-01-18T20:00:00+00:00,1.7733,1.7838,1.768,1.779,74456.5
2026-01-18T21:00:00+00:00,1.781,1.786,1.7793,1.7815,348150.5
2026-01-18T22:00:00+00:00,1.7814,1.789,1.7809,1.7839,49183.8
2026-01-18T23:00:00+00:00,1.7838,1.7838,1.6928,1.6951,817799.4
2026-01-19T00:00:00+00:00,1.6948,1.6948,1.5179,1.5878,7121809.7999999998
2026-01-19T01:00:00+00:00,1.5869,1.6051,1.5665,1.5785,1781830.5
2026-01-19T02:00:00+00:00,1.5784,1.5934,1.5728,1.5859,542902.8
2026-01-19T03:00:00+00:00,1.5857,1.5919,1.5832,1.5905,288026.8
2026-01-19T04:00:00+00:00,1.5901,1.5931,1.5787,1.5787,163953.9
2026-01-19T05:00:00+00:00,1.5786,1.582,1.562,1.5645,409099.8
2026-01-19T06:00:00+00:00,1.5643,1.5709,1.5537,1.5556,376871.7
2026-01-19T07:00:00+00:00,1.5575,1.5664,1.5563,1.562,491231.1
2026-01-19T08:00:00+00:00,1.5623,1.5798,1.5565,1.5783,1106445.8
2026-01-19T09:00:00+00:00,1.5779,1.5779,1.5666,1.57,643643.8
2026-01-19T10:00:00+00:00,1.5701,1.5702,1.5572,1.5606,174464.7
2026-01-19T11:00:00+00:00,1.5611,1.5696,1.558,1.56,650589.3
2026-01-19T12:00:00+00:00,1.5601,1.5601,1.546,1.5538,606257.9
2026-01-19T13:00:00+00:00,1.555,1.5586,1.5479,1.5488,132028.3
2026-01-19T14:00:00+00:00,1.5495,1.5568,1.541,1.5517,666153.1
2026-01-19T15:00:00+00:00,1.5513,1.5563,1.5439,1.5548,248426.9
2026-01-19T16:00:00+00:00,1.5547,1.5814,1.5531,1.5794,1224690.7
2026-01-19T17:00:00+00:00,1.5799,1.5824,1.5712,1.572,287768.7
2026-01-19T18:00:00+00:00,1.5725,1.5774,1.5674,1.5742,64814.2
2026-01-19T19:00:00+00:00,1.5746,1.5836,1.5728,1.5795,150079.5
2026-01-19T20:00:00+00:00,1.5799,1.5843,1.5715,1.5754,364361.4
2026-01-19T21:00:00+00:00,1.5751,1.5807,1.5692,1.5692,181459.8
2026-01-19T22:00:00+00:00,1.5688,1.5737,1.558,1.5583,638013.2
2026-01-19T23:00:00+00:00,1.5583,1.5757,1.558,1.5678,370800.4
2026-01-20T00:00:00+00:00,1.5672,1.5704,1.5513,1.5533,686385.6
2026-01-20T01:00:00+00:00,1.5523,1.5728,1.5507,1.5597,192677.0
2026-01-20T02:00:00+00:00,1.5594,1.5642,1.5466,1.5606,171948.8
2026-01-20T03:00:00+00:00,1.5605,1.5632,1.5522,1.5599,117764.9
2026-01-20T04:00:00+00:00,1.5601,1.5647,1.5543,1.5543,55659.2
2026-01-20T05:00:00+00:00,1.555,1.5646,1.5482,1.5543,3460113.7999999998
2026-01-20T06:00:00+00:00,1.5543,1.563,1.5407,1.5481,733361.1
2026-01-20T07:00:00+00:00,1.5465,1.5507,1.5326,1.5337,381664.1
2026-01-20T08:00:00+00:00,1.5337,1.5393,1.5169,1.5327,337311.4
2026-01-20T09:00:00+00:00,1.5333,1.5333,1.5204,1.5209,178887.1
2026-01-20T10:00:00+00:00,1.5209,1.5271,1.518,1.5201,138895.5
2026-01-20T11:00:00+00:00,1.52,1.5257,1.511,1.513,248634.6
2026-01-20T12:00:00+00:00,1.513,1.52,1.5105,1.5171,111705.3
2026-01-20T13:00:00+00:00,1.5167,1.5167,1.5023,1.5028,287462.4
2026-01-20T14:00:00+00:00,1.5031,1.5366,1.5,1.5268,3440158.7999999998
2026-01-20T15:00:00+00:00,1.5263,1.5309,1.5027,1.5156,1174222.7
2026-01-20T16:00:00+00:00,1.5161,1.5249,1.4864,1.5,845970.7
2026-01-20T17:00:00+00:00,1.4996,1.5094,1.488,1.497,408226.6
2026-01-20T18:00:00+00:00,1.4964,1.5026,1.4895,1.497,310764.7
2026-01-20T19:00:00+00:00,1.4974,1.5055,1.4901,1.499,290777.9
2026-01-20T20:00:00+00:00,1.4971,1.5066,1.4904,1.5004,158887.2
2026-01-20T21:00:00+00:00,1.5016,1.5026,1.4856,1.4903,203911.1
2026-01-20T22:00:00+00:00,1.49,1.4968,1.4482,1.4785,1228591.8
2026-01-20T23:00:00+00:00,1.4785,1.48,1.4661,1.4685,304337.4
2026-01-21T00:00:00+00:00,1.4691,1.5121,1.4688,1.5044,539913.0
2026-01-21T01:00:00+00:00,1.5047,1.5112,1.4982,1.5003,312310.2
2026-01-21T02:00:00+00:00,1.5019,1.5139,1.5019,1.5054,220777.5
2026-01-21T03:00:00+00:00,1.506,1.5128,1.5034,1.5053,90302.4
2026-01-21T04:00:00+00:00,1.5056,1.5097,1.5025,1.5081,141450.9
2026-01-21T05:00:00+00:00,1.5076,1.5248,1.5076,1.517,112229.0
2026-01-21T06:00:00+00:00,1.5172,1.5172,1.5074,1.5088,29996.6
2026-01-21T07:00:00+00:00,1.5085,1.5135,1.5042,1.5053,125873.8
2026-01-21T08:00:00+00:00,1.5051,1.5051,1.4918,1.4972,147024.7
2026-01-21T09:00:00+00:00,1.4972,1.5048,1.4941,1.498,88633.0
2026-01-21T10:00:00+00:00,1.4983,1.5053,1.4942,1.4942,164249.8
2026-01-21T11:00:00+00:00,1.4945,1.4945,1.4696,1.471,207452.4
2026-01-21T12:00:00+00:00,1.4712,1.4739,1.4542,1.4721,284282.0
2026-01-21T13:00:00+00:00,1.4714,1.4843,1.4662,1.4709,231563.2
2026-01-21T14:00:00+00:00,1.4701,1.5195,1.469,1.5167,710638.5
2026-01-21T15:00:00+00:00,1.5158,1.5314,1.5038,1.5144,1003607.3
2026-01-21T16:00:00+00:00,1.5144,1.5161,1.4453,1.4457,1041315.0
2026-01-21T17:00:00+00:00,1.4462,1.4648,1.4405,1.456,466377.3
2026-01-21T18:00:00+00:00,1.4554,1.4811,1.4495,1.4761,430772.8
2026-01-21T19:00:00+00:00,1.4766,1.5432,1.4719,1.5408,1015735.4
2026-01-21T20:00:00+00:00,1.5411,1.5413,1.5089,1.5368,931889.5
2026-01-21T21:00:00+00:00,1.5377,1.547,1.5274,1.5321,1542636.5
2026-01-21T22:00:00+00:00,1.5326,1.5436,1.5209,1.5209,191540.6
2026-01-21T23:00:00+00:00,1.5216,1.5234,1.5031,1.5097,260274.7
2026-01-22T00:00:00+00:00,1.5099,1.5332,1.5099,1.528,250256.3
2026-01-22T01:00:00+00:00,1.5277,1.5354,1.5246,1.5326,61515.1
2026-01-22T02:00:00+00:00,1.5316,1.536,1.5238,1.5254,73099.6
2026-01-22T03:00:00+00:00,1.5256,1.5331,1.5162,1.5202,80958.2
2026-01-22T04:00:00+00:00,1.5198,1.5289,1.519,1.5266,112462.7
2026-01-22T05:00:00+00:00,1.5259,1.5259,1.518,1.5203,49653.6
2026-01-22T06:00:00+00:00,1.5208,1.532,1.5148,1.5278,190650.3
2026-01-22T07:00:00+00:00,1.5277,1.5283,1.5162,1.5198,50347.5
2026-01-22T08:00:00+00:00,1.5207,1.5305,1.5181,1.5299,104914.0
2026-01-22T09:00:00+00:00,1.53,1.5355,1.5264,1.5325,127625.6
2026-01-22T10:00:00+00:00,1.5329,1.5331,1.5242,1.5262,268566.8
2026-01-22T11:00:00+00:00,1.5258,1.5268,1.5179,1.5223,69781.8
2026-01-22T12:00:00+00:00,1.5221,1.5262,1.5193,1.5215,191226.5
2026-01-22T13:00:00+00:00,1.5213,1.5297,1.5051,1.5089,195656.8
2026-01-22T14:00:00+00:00,1.5085,1.5117,1.4875,1.4925,316731.3
2026-01-22T15:00:00+00:00,1.4919,1.5048,1.481,1.4961,446823.2
2026-01-22T16:00:00+00:00,1.4957,1.5098,1.4937,1.5046,757582.8
2026-01-22T17:00:00+00:00,1.5055,1.5109,1.4968,1.5098,148329.7
2026-01-22T18:00:00+00:00,1.509,1.5127,1.4975,1.4975,183157.1
2026-01-22T19:00:00+00:00,1.498,1.5115,1.4937,1.5061,473726.0
2026-01-22T20:00:00+00:00,1.5063,1.5089,1.4957,1.499,269227.4
2026-01-22T21:00:00+00:00,1.4999,1.5035,1.4919,1.4938,273321.6
2026-01-22T22:00:00+00:00,1.4937,1.5004,1.4917,1.494,77813.9
2026-01-22T23:00:00+00:00,1.4947,1.4964,1.4859,1.495,42013.9
2026-01-23T00:00:00+00:00,1.4953,1.4986,1.489,1.4938,75343.0
2026-01-23T01:00:00+00:00,1.4941,1.5062,1.4941,1.5054,85801.5
2026-01-23T02:00:00+00:00,1.5055,1.5072,1.4966,1.4968,68972.2
2026-01-23T03:00:00+00:00,1.4973,1.5103,1.4973,1.5054,119190.2
2026-01-23T04:00:00+00:00,1.5062,1.5106,1.5042,1.5085,22248.3
2026-01-23T05:00:00+00:00,1.508,1.5088,1.4999,1.5044,76443.0
2026-01-23T06:00:00+00:00,1.5041,1.5094,1.4942,1.4967,110602.0
2026-01-23T07:00:00+00:00,1.4994,1.5025,1.496,1.4995,49077.2
2026-01-23T08:00:00+00:00,1.4998,1.5022,1.4862,1.4887,140173.6
2026-01-23T09:00:00+00:00,1.4884,1.4945,1.4847,1.4917,194536.5
2026-01-23T10:00:00+00:00,1.4922,1.4962,1.4869,1.4903,77688.6
2026-01-23T11:00:00+00:00,1.49,1.4994,1.4895,1.4932,97441.6
2026-01-23T12:00:00+00:00,1.4936,1.4945,1.4858,1.4882,49534.5
2026-01-23T13:00:00+00:00,1.4881,1.4903,1.4843,1.4851,78383.9
2026-01-23T14:00:00+00:00,1.4849,1.4904,1.4621,1.4734,355876.2
2026-01-23T15:00:00+00:00,1.4744,1.5058,1.4688,1.5019,1622917.8
2026-01-23T16:00:00+00:00,1.5019,1.5197,1.4937,1.5081,301360.8
2026-01-23T17:00:00+00:00,1.5082,1.5348,1.4996,1.5159,632517.2
2026-01-23T18:00:00+00:00,1.5152,1.5239,1.5114,1.5139,204042.2
2026-01-23T19:00:00+00:00,1.5138,1.5138,1.4877,1.4935,326856.3
2026-01-23T20:00:00+00:00,1.4947,1.4972,1.4743,1.4821,219279.0
2026-01-23T21:00:00+00:00,1.481,1.491,1.4804,1.4827,155822.1
2026-01-23T22:00:00+00:00,1.4828,1.4953,1.4826,1.4927,148090.2
2026-01-23T23:00:00+00:00,1.4918,1.4918,1.4877,1.4878,37889.3
2026-01-24T00:00:00+00:00,1.4879,1.4919,1.4824,1.4824,48205.9
2026-01-24T01:00:00+00:00,1.4823,1.4838,1.4778,1.4832,72716.2
2026-01-24T02:00:00+00:00,1.4842,1.49,1.4837,1.4887,93831.4
2026-01-24T03:00:00+00:00,1.4889,1.497,1.4871,1.4925,51477.5
2026-01-24T04:00:00+00:00,1.4931,1.4939,1.4885,1.491,32794.6
2026-01-24T05:00:00+00:00,1.4912,1.4917,1.4861,1.4883,22572.3
2026-01-24T06:00:00+00:00,1.4891,1.4904,1.4862,1.4878,51474.5
2026-01-24T07:00:00+00:00,1.4878,1.4892,1.4827,1.4837,120965.2
2026-01-24T08:00:00+00:00,1.4839,1.4894,1.4827,1.4889,79984.8
2026-01-24T09:00:00+00:00,1.4891,1.4891,1.4834,1.484,37700.4
2026-01-24T10:00:00+00:00,1.4844,1.4878,1.4811,1.4869,114465.6
2026-01-24T11:00:00+00:00,1.4872,1.4951,1.4872,1.4881,1850821.1000000001
2026-01-24T12:00:00+00:00,1.4881,1.4922,1.4877,1.4912,38149.6
2026-01-24T13:00:00+00:00,1.4912,1.4933,1.4851,1.4851,66930.5
2026-01-24T14:00:00+00:00,1.4845,1.4923,1.4823,1.4906,96969.5
2026-01-24T15:00:00+00:00,1.4909,1.4935,1.4797,1.4809,67583.4
2026-01-24T16:00:00+00:00,1.4813,1.4851,1.4754,1.4831,104841.5
2026-01-24T17:00:00+00:00,1.483,1.487,1.4819,1.4857,36450.3
2026-01-24T18:00:00+00:00,1.4857,1.4871,1.4828,1.4835,55188.6
2026-01-24T19:00:00+00:00,1.4836,1.4838,1.4734,1.4787,1787253.3999999999
2026-01-24T20:00:00+00:00,1.479,1.4856,1.4787,1.483,58537.4
2026-01-24T21:00:00+00:00,1.483,1.4833,1.4782,1.4804,46418.6
2026-01-24T22:00:00+00:00,1.4803,1.4888,1.4803,1.4879,79052.2
2026-01-24T23:00:00+00:00,1.4886,1.4896,1.482,1.4838,70495.4
2026-01-25T00:00:00+00:00,1.4837,1.4882,1.481,1.4882,58849.4
2026-01-25T01:00:00+00:00,1.4882,1.4911,1.4834,1.4868,103609.3
2026-01-25T02:00:00+00:00,1.4868,1.4926,1.4855,1.4867,67727.6
2026-01-25T03:00:00+00:00,1.4872,1.4878,1.4715,1.4747,119680.5
2026-01-25T04:00:00+00:00,1.4738,1.481,1.4722,1.4757,30116.3
2026-01-25T05:00:00+00:00,1.4756,1.4835,1.4745,1.4832,36997.5
2026-01-25T06:00:00+00:00,1.4826,1.4827,1.4751,1.4756,27818.8
2026-01-25T07:00:00+00:00,1.4752,1.4752,1.4643,1.47,126856.8
2026-01-25T08:00:00+00:00,1.4702,1.4746,1.4616,1.4649,87613.9
2026-01-25T09:00:00+00:00,1.4638,1.4734,1.4633,1.4677,110397.5
2026-01-25T10:00:00+00:00,1.4673,1.4825,1.4668,1.4751,73408.0
2026-01-25T11:00:00+00:00,1.4747,1.4773,1.4697,1.4736,106366.6
2026-01-25T12:00:00+00:00,1.4729,1.4733,1.4668,1.4726,160683.7
2026-01-25T13:00:00+00:00,1.472,1.4736,1.4666,1.4704,62964.0
2026-01-25T14:00:00+00:00,1.4705,1.4709,1.4555,1.4632,205345.2
2026-01-25T15:00:00+00:00,1.4632,1.469,1.4516,1.4547,280409.7
2026-01-25T16:00:00+00:00,1.4547,1.4554,1.4061,1.4287,1730209.1000000001
2026-01-25T17:00:00+00:00,1.4284,1.4307,1.4167,1.4225,575469.0
2026-01-25T18:00:00+00:00,1.4204,1.4232,1.3995,1.4075,935541.2
2026-01-25T19:00:00+00:00,1.407,1.4092,1.369,1.3758,1416058.2
2026-01-25T20:00:00+00:00,1.3768,1.3907,1.372,1.3837,526578.9
2026-01-25T21:00:00+00:00,1.385,1.3955,1.3836,1.3928,323615.1
2026-01-25T22:00:00+00:00,1.3933,1.3941,1.381,1.3853,295993.6
2026-01-25T23:00:00+00:00,1.3848,1.4022,1.3796,1.3997,582939.4
2026-01-26T00:00:00+00:00,1.3996,1.4145,1.3954,1.4139,360962.2
2026-01-26T01:00:00+00:00,1.4148,1.4401,1.4134,1.4358,443541.5
2026-01-26T02:00:00+00:00,1.4365,1.4393,1.4259,1.4336,194435.9
2026-01-26T03:00:00+00:00,1.434,1.4403,1.4235,1.428,202595.0
2026-01-26T04:00:00+00:00,1.4292,1.4502,1.4283,1.444,133489.0
2026-01-26T05:00:00+00:00,1.4458,1.4458,1.4409,1.4436,90111.1
2026-01-26T06:00:00+00:00,1.4427,1.448,1.4404,1.4436,109938.4
2026-01-26T07:00:00+00:00,1.4437,1.4505,1.4405,1.4448,67394.1
2026-01-26T08:00:00+00:00,1.4459,1.4622,1.4431,1.4459,219371.1
2026-01-26T09:00:00+00:00,1.446,1.4461,1.4292,1.4305,199348.5
2026-01-26T10:00:00+00:00,1.4307,1.4389,1.4302,1.4352,57456.0
2026-01-26T11:00:00+00:00,1.4354,1.44,1.4331,1.434,53316.4
2026-01-26T12:00:00+00:00,1.434,1.441,1.4318,1.4353,91359.1
2026-01-26T13:00:00+00:00,1.4356,1.444,1.4356,1.4406,119841.1
2026-01-26T14:00:00+00:00,1.4403,1.4587,1.4297,1.4536,307323.9
2026-01-26T15:00:00+00:00,1.452,1.467,1.4314,1.4408,797195.5
2026-01-26T16:00:00+00:00,1.4406,1.4548,1.4359,1.4481,322982.7
2026-01-26T17:00:00+00:00,1.4484,1.4546,1.4308,1.443,539263.5
2026-01-26T18:00:00+00:00,1.4421,1.4588,1.442,1.4503,254078.4
2026-01-26T19:00:00+00:00,1.4496,1.4555,1.4431,1.4443,161262.1
2026-01-26T20:00:00+00:00,1.4445,1.4472,1.4349,1.4376,131389.6
2026-01-26T21:00:00+00:00,1.4369,1.46,1.4355,1.4523,362052.0
2026-01-26T22:00:00+00:00,1.4538,1.456,1.4457,1.447,116753.5
2026-01-26T23:00:00+00:00,1.446,1.4508,1.4419,1.443,115554.8
2026-01-27T00:00:00+00:00,1.4434,1.4438,1.4383,1.4423,139670.9
2026-01-27T01:00:00+00:00,1.4426,1.4519,1.4378,1.4484,167269.2
2026-01-27T02:00:00+00:00,1.4491,1.455,1.4472,1.4518,151385.0
2026-01-27T03:00:00+00:00,1.4514,1.4536,1.4449,1.4466,130420.8
2026-01-27T04:00:00+00:00,1.4465,1.4541,1.4398,1.443,143140.8
2026-01-27T05:00:00+00:00,1.4424,1.443,1.4359,1.4404,95629.6
2026-01-27T06:00:00+00:00,1.4399,1.4418,1.4304,1.4338,61356.9
2026-01-27T07:00:00+00:00,1.434,1.4388,1.4332,1.4386,115111.8
2026-01-27T08:00:00+00:00,1.4382,1.4441,1.4353,1.4395,294901.8
2026-01-27T09:00:00+00:00,1.4395,1.4395,1.432,1.4331,181320.0
2026-01-27T10:00:00+00:00,1.4332,1.441,1.4332,1.4403,147096.9
2026-01-27T11:00:00+00:00,1.4403,1.4416,1.4365,1.4375,37994.9
2026-01-27T12:00:00+00:00,1.4373,1.4421,1.4341,1.437,68957.6
2026-01-27T13:00:00+00:00,1.438,1.4382,1.4277,1.4297,75809.6
2026-01-27T14:00:00+00:00,1.4294,1.4433,1.4192,1.4216,267955.4
2026-01-27T15:00:00+00:00,1.4238,1.4452,1.4221,1.445,300853.0
2026-01-27T16:00:00+00:00,1.4454,1.4634,1.443,1.4575,1051785.7
2026-01-27T17:00:00+00:00,1.4575,1.4575,1.4239,1.4273,757644.1
2026-01-27T18:00:00+00:00,1.4267,1.4481,1.4257,1.4424,165223.7
2026-01-27T19:00:00+00:00,1.4426,1.4426,1.433,1.4338,189446.6
2026-01-27T20:00:00+00:00,1.4337,1.461,1.4326,1.4549,894272.5
2026-01-27T21:00:00+00:00,1.4547,1.4571,1.4348,1.436,419351.6
2026-01-27T22:00:00+00:00,1.4362,1.4455,1.4361,1.4397,484324.5
2026-01-27T23:00:00+00:00,1.4402,1.4468,1.4354,1.4395,223876.2
2026-01-28T00:00:00+00:00,1.4398,1.4419,1.4267,1.4374,235266.7
2026-01-28T01:00:00+00:00,1.4372,1.4402,1.4274,1.4308,173296.1
2026-01-28T02:00:00+00:00,1.4302,1.4376,1.4295,1.4333,277715.7
2026-01-28T03:00:00+00:00,1.4326,1.4366,1.4298,1.4313,88656.1
2026-01-28T04:00:00+00:00,1.4301,1.4315,1.4229,1.4264,96692.2
2026-01-28T05:00:00+00:00,1.428,1.4314,1.424,1.4314,90081.4
2026-01-28T06:00:00+00:00,1.4313,1.44,1.4304,1.4356,389215.8
2026-01-28T07:00:00+00:00,1.4355,1.4364,1.4239,1.4278,225045.9
2026-01-28T08:00:00+00:00,1.4278,1.4311,1.42,1.42,200630.6
2026-01-28T09:00:00+00:00,1.42,1.435,1.4176,1.4319,145989.1
2026-01-28T10:00:00+00:00,1.4346,1.4383,1.4278,1.428,143964.3
2026-01-28T11:00:00+00:00,1.4278,1.4464,1.4237,1.4445,277329.4
2026-01-28T12:00:00+00:00,1.4438,1.4441,1.428,1.4302,147132.7
2026-01-28T13:00:00+00:00,1.4297,1.4364,1.4267,1.4305,140270.6
2026-01-28T14:00:00+00:00,1.4311,1.4321,1.411,1.4168,289895.7
2026-01-28T15:00:00+00:00,1.4149,1.4199,1.3951,1.4037,567598.7
2026-01-28T16:00:00+00:00,1.4037,1.4116,1.3968,1.4043,287310.7
2026-01-28T17:00:00+00:00,1.4043,1.4202,1.3965,1.4165,147554.2
2026-01-28T18:00:00+00:00,1.4163,1.4163,1.4058,1.4109,177286.4
2026-01-28T19:00:00+00:00,1.4106,1.4182,1.403,1.4141,275078.6
2026-01-28T20:00:00+00:00,1.413,1.4238,1.4016,1.403,290697.8
2026-01-28T21:00:00+00:00,1.4045,1.4101,1.3925,1.4058,211793.6
2026-01-28T22:00:00+00:00,1.4068,1.4159,1.3978,1.4159,74958.6
2026-01-28T23:00:00+00:00,1.4161,1.4195,1.4023,1.4059,176272.2
2026-01-29T00:00:00+00:00,1.4068,1.4097,1.3885,1.395,196084.6
2026-01-29T01:00:00+00:00,1.3941,1.397,1.3814,1.3855,123066.1
2026-01-29T02:00:00+00:00,1.3857,1.39,1.3495,1.3634,1162282.0
2026-01-29T03:00:00+00:00,1.3642,1.3729,1.3603,1.3659,122615.8
2026-01-29T04:00:00+00:00,1.3655,1.3662,1.3548,1.3636,163755.3
2026-01-29T05:00:00+00:00,1.3635,1.3674,1.3626,1.3632,78306.5
2026-01-29T06:00:00+00:00,1.3626,1.3694,1.3622,1.3688,67524.3
2026-01-29T07:00:00+00:00,1.3689,1.371,1.3663,1.3674,316483.7
2026-01-29T08:00:00+00:00,1.3676,1.3759,1.3618,1.3681,202275.5
2026-01-29T09:00:00+00:00,1.3681,1.3709,1.3633,1.3633,46916.1
2026-01-29T10:00:00+00:00,1.3632,1.3644,1.357,1.3587,110334.0
2026-01-29T11:00:00+00:00,1.3583,1.3588,1.3485,1.3519,341653.4
2026-01-29T12:00:00+00:00,1.3519,1.3561,1.3431,1.3502,1452733.7
2026-01-29T13:00:00+00:00,1.3502,1.3622,1.3502,1.3605,209681.9
2026-01-29T14:00:00+00:00,1.361,1.3653,1.3237,1.3265,931364.6
2026-01-29T15:00:00+00:00,1.3268,1.3273,1.2751,1.2954,4160619.5
2026-01-29T16:00:00+00:00,1.2954,1.3183,1.2895,1.3178,2206484.6000000001
2026-01-29T17:00:00+00:00,1.3182,1.3377,1.309,1.313,1202556.3
2026-01-29T18:00:00+00:00,1.3132,1.3184,1.2839,1.2869,830442.2
2026-01-29T19:00:00+00:00,1.2869,1.3079,1.285,1.3021,438304.1
2026-01-29T20:00:00+00:00,1.3024,1.3146,1.2975,1.3095,182786.7
2026-01-29T21:00:00+00:00,1.3099,1.3219,1.3099,1.3185,520596.2
2026-01-29T22:00:00+00:00,1.3195,1.3234,1.3144,1.3158,185580.5
2026-01-29T23:00:00+00:00,1.3157,1.3203,1.3091,1.3201,246345.9
2026-01-30T00:00:00+00:00,1.3201,1.3321,1.3201,1.3267,604109.0
2026-01-30T01:00:00+00:00,1.3266,1.336,1.2563,1.3004,3790572.2999999998
2026-01-30T02:00:00+00:00,1.3004,1.302,1.262,1.2843,2869757.2000000002
2026-01-30T03:00:00+00:00,1.2845,1.2972,1.2813,1.2845,274630.7
2026-01-30T04:00:00+00:00,1.2854,1.3068,1.2847,1.2951,804662.3
2026-01-30T05:00:00+00:00,1.2952,1.299,1.2896,1.2961,193917.5
2026-01-30T06:00:00+00:00,1.2967,1.2974,1.264,1.2729,288517.6
2026-01-30T07:00:00+00:00,1.2732,1.301,1.2722,1.2924,740466.1
2026-01-30T08:00:00+00:00,1.2913,1.2938,1.2811,1.2873,177110.8
2026-01-30T09:00:00+00:00,1.288,1.2933,1.2748,1.2792,1287844.2
2026-01-30T10:00:00+00:00,1.2794,1.2867,1.2764,1.2839,141510.3
2026-01-30T11:00:00+00:00,1.2823,1.305,1.2811,1.2987,205315.8
2026-01-30T12:00:00+00:00,1.3002,1.3025,1.284,1.2881,315867.9
2026-01-30T13:00:00+00:00,1.2879,1.2915,1.275,1.2773,646211.0
2026-01-30T14:00:00+00:00,1.2781,1.2969,1.2762,1.2833,648451.7
2026-01-30T15:00:00+00:00,1.2852,1.2935,1.255,1.2775,722342.7
2026-01-30T16:00:00+00:00,1.2759,1.2969,1.2722,1.2869,339058.8
2026-01-30T17:00:00+00:00,1.2873,1.2958,1.2767,1.2807,564313.7
2026-01-30T18:00:00+00:00,1.2803,1.3075,1.234,1.3005,2103086.3999999999
2026-01-30T19:00:00+00:00,1.3005,1.308,1.2916,1.2954,1075504.8999999999
2026-01-30T20:00:00+00:00,1.2957,1.2957,1.2654,1.269,787048.7
2026-01-30T21:00:00+00:00,1.2684,1.2824,1.2657,1.2787,335919.8
2026-01-30T22:00:00+00:00,1.2772,1.281,1.2657,1.2744,232390.7
2026-01-30T23:00:00+00:00,1.2742,1.2769,1.2658,1.2732,150634.8
2026-01-31T00:00:00+00:00,1.2732,1.2752,1.2694,1.271,219456.1
2026-01-31T01:00:00+00:00,1.2707,1.2776,1.2653,1.2713,99014.4
2026-01-31T02:00:00+00:00,1.271,1.2715,1.2612,1.2662,112951.8
2026-01-31T03:00:00+00:00,1.2669,1.2671,1.2512,1.2546,189906.6
2026-01-31T04:00:00+00:00,1.2547,1.261,1.2529,1.2548,54125.9
2026-01-31T05:00:00+00:00,1.2547,1.2576,1.2496,1.2544,126763.6
2026-01-31T06:00:00+00:00,1.2552,1.256,1.2378,1.2464,130665.8
2026-01-31T07:00:00+00:00,1.2459,1.2475,1.2317,1.237,150826.7
2026-01-31T08:00:00+00:00,1.2385,1.2402,1.21,1.2199,1324903.1000000001
2026-01-31T09:00:00+00:00,1.221,1.2284,1.2132,1.2184,446896.1
2026-01-31T10:00:00+00:00,1.2185,1.2296,1.2158,1.2267,181030.5
2026-01-31T11:00:00+00:00,1.2278,1.23,1.2216,1.2237,144807.4
2026-01-31T12:00:00+00:00,1.2225,1.2276,1.2187,1.2224,360489.0
2026-01-31T13:00:00+00:00,1.2231,1.2244,1.2131,1.2148,232044.8
2026-01-31T14:00:00+00:00,1.2166,1.219,1.1431,1.1685,4382927.7999999998
2026-01-31T15:00:00+00:00,1.1685,1.1872,1.1675,1.1689,1105881.0
2026-01-31T16:00:00+00:00,1.1691,1.1904,1.1516,1.1591,2386564.3999999999
2026-01-31T17:00:00+00:00,1.1599,1.1638,1.0654,1.1126,7337942.0
2026-01-31T18:00:00+00:00,1.1125,1.1206,1.0362,1.1076,4277963.2000000002
2026-01-31T19:00:00+00:00,1.1075,1.1299,1.0995,1.1084,1328183.5
2026-01-31T20:00:00+00:00,1.1086,1.119,1.0942,1.1116,975195.8
2026-01-31T21:00:00+00:00,1.1109,1.1324,1.1048,1.1256,590875.4
2026-01-31T22:00:00+00:00,1.1271,1.1306,1.1169,1.1238,453391.4
2026-01-31T23:00:00+00:00,1.1235,1.1595,1.1231,1.1527,734446.4
2026-02-01T00:00:00+00:00,1.1524,1.1629,1.1499,1.1604,536738.0
2026-02-01T01:00:00+00:00,1.1617,1.1621,1.1431,1.1578,398965.0
2026-02-01T02:00:00+00:00,1.158,1.1648,1.1469,1.1509,535420.2
2026-02-01T03:00:00+00:00,1.1501,1.1555,1.1428,1.1537,210824.0
2026-02-01T04:00:00+00:00,1.154,1.154,1.141,1.1424,227964.6
2026-02-01T05:00:00+00:00,1.1422,1.1454,1.134,1.1379,459293.8
2026-02-01T06:00:00+00:00,1.1385,1.1437,1.1325,1.1382,125428.6
2026-02-01T07:00:00+00:00,1.1388,1.1538,1.1334,1.1479,241103.6
2026-02-01T08:00:00+00:00,1.1484,1.1599,1.146,1.1518,160001.8
2026-02-01T09:00:00+00:00,1.1516,1.1602,1.1405,1.1553,135643.2
2026-02-01T10:00:00+00:00,1.1554,1.157,1.1329,1.1345,274725.0
2026-02-01T11:00:00+00:00,1.1354,1.1521,1.1353,1.1482,156040.6
2026-02-01T12:00:00+00:00,1.1484,1.1493,1.1274,1.1311,158020.5
2026-02-01T13:00:00+00:00,1.1313,1.1416,1.1199,1.1248,283894.6
2026-02-01T14:00:00+00:00,1.125,1.135,1.1052,1.1231,886860.5
2026-02-01T15:00:00+00:00,1.1221,1.1224,1.0854,1.1001,822972.8
2026-02-01T16:00:00+00:00,1.0997,1.1111,1.0892,1.1036,528013.5
2026-02-01T17:00:00+00:00,1.1034,1.108,1.0933,1.108,229034.8
2026-02-01T18:00:00+00:00,1.1087,1.1328,1.108,1.1202,580188.0
2026-02-01T19:00:00+00:00,1.1206,1.1242,1.106,1.1117,110369.2
2026-02-01T20:00:00+00:00,1.1118,1.1262,1.1,1.1108,272306.8
2026-02-01T21:00:00+00:00,1.1104,1.1124,1.0978,1.1022,198849.9
2026-02-01T22:00:00+00:00,1.1038,1.1247,1.1016,1.1093,344156.3
2026-02-01T23:00:00+00:00,1.1091,1.1233,1.0728,1.1009,1594743.7
2026-02-02T00:00:00+00:00,1.1006,1.1263,1.0922,1.1181,497289.9
2026-02-02T01:00:00+00:00,1.1187,1.131,1.0995,1.1195,334147.8
2026-02-02T02:00:00+00:00,1.1193,1.1239,1.1091,1.1098,271434.0
2026-02-02T03:00:00+00:00,1.1097,1.1108,1.0606,1.1085,1718848.1000000001
2026-02-02T04:00:00+00:00,1.1094,1.1205,1.0896,1.0994,453166.4
2026-02-02T05:00:00+00:00,1.0993,1.0995,1.071,1.0839,894125.0
2026-02-02T06:00:00+00:00,1.0831,1.116,1.067,1.0992,1747853.2
2026-02-02T07:00:00+00:00,1.1004,1.113,1.0982,1.1034,414216.2
2026-02-02T08:00:00+00:00,1.1031,1.1146,1.1031,1.1113,216898.3
2026-02-02T09:00:00+00:00,1.1113,1.1295,1.1064,1.1243,298441.3
2026-02-02T10:00:00+00:00,1.124,1.13,1.1193,1.1236,534366.9
2026-02-02T11:00:00+00:00,1.123,1.127,1.1184,1.1187,209667.6
2026-02-02T12:00:00+00:00,1.1204,1.1378,1.1204,1.1346,546936.2
2026-02-02T13:00:00+00:00,1.134,1.1442,1.1304,1.1411,191336.0
2026-02-02T14:00:00+00:00,1.1404,1.1535,1.1277,1.1404,1678104.6000000001
2026-02-02T15:00:00+00:00,1.1392,1.1636,1.1367,1.1532,1179194.2
2026-02-02T16:00:00+00:00,1.153,1.1591,1.1484,1.1497,382459.6
2026-02-02T17:00:00+00:00,1.1499,1.1574,1.1445,1.1484,282570.8
2026-02-02T18:00:00+00:00,1.1485,1.1533,1.1412,1.1505,354710.7
2026-02-02T19:00:00+00:00,1.1503,1.1508,1.1422,1.1448,226428.6
2026-02-02T20:00:00+00:00,1.1438,1.1474,1.1355,1.1408,828547.1
2026-02-02T21:00:00+00:00,1.1403,1.1482,1.1403,1.1436,783204.6
2026-02-02T22:00:00+00:00,1.1439,1.1505,1.1439,1.1487,136339.3
2026-02-02T23:00:00+00:00,1.1496,1.1535,1.1449,1.1483,137676.7
2026-02-03T00:00:00+00:00,1.1485,1.1523,1.1398,1.1497,256857.3
2026-02-03T01:00:00+00:00,1.1499,1.1502,1.1385,1.1448,357251.1
2026-02-03T02:00:00+00:00,1.1446,1.145,1.12,1.1201,579770.3
2026-02-03T03:00:00+00:00,1.1214,1.1439,1.1178,1.141,1326662.8
2026-02-03T04:00:00+00:00,1.1411,1.1517,1.1371,1.1451,269541.5
2026-02-03T05:00:00+00:00,1.1451,1.1458,1.137,1.137,864302.7
2026-02-03T06:00:00+00:00,1.1373,1.1439,1.1315,1.1428,1372831.1000000001
2026-02-03T07:00:00+00:00,1.1424,1.1525,1.1388,1.1469,203085.6
2026-02-03T08:00:00+00:00,1.1472,1.1528,1.1396,1.1396,210430.8
2026-02-03T09:00:00+00:00,1.1399,1.1434,1.1229,1.1341,834401.8
2026-02-03T10:00:00+00:00,1.1342,1.1379,1.1281,1.1295,95982.4
2026-02-03T11:00:00+00:00,1.1306,1.1372,1.1298,1.1341,1588579.5
2026-02-03T12:00:00+00:00,1.1341,1.1425,1.1304,1.1408,150624.1
2026-02-03T13:00:00+00:00,1.1401,1.149,1.1385,1.1466,195358.0
2026-02-03T14:00:00+00:00,1.1455,1.1481,1.1205,1.121,992662.5
2026-02-03T15:00:00+00:00,1.1206,1.1559,1.1192,1.1531,1381926.3999999999
2026-02-03T16:00:00+00:00,1.1525,1.1529,1.1254,1.129,978828.5
2026-02-03T17:00:00+00:00,1.129,1.1301,1.0977,1.0977,1622039.0
2026-02-03T18:00:00+00:00,1.0986,1.1048,1.0729,1.0759,2061977.6000000001
2026-02-03T19:00:00+00:00,1.075,1.1346,1.0729,1.1273,3869906.8999999999
2026-02-03T20:00:00+00:00,1.127,1.1652,1.1119,1.1483,5751279.0
2026-02-03T21:00:00+00:00,1.1476,1.1555,1.1267,1.1288,1755625.1000000001
2026-02-03T22:00:00+00:00,1.1289,1.1292,1.112,1.1149,3851716.2000000002
2026-02-03T23:00:00+00:00,1.1149,1.1152,1.1025,1.1117,914493.3
2026-02-04T00:00:00+00:00,1.1118,1.1195,1.1038,1.1155,323283.7
2026-02-04T01:00:00+00:00,1.116,1.1359,1.1155,1.1256,332969.2
2026-02-04T02:00:00+00:00,1.1255,1.1293,1.1165,1.1197,313531.3
2026-02-04T03:00:00+00:00,1.119,1.1351,1.1186,1.1305,223315.0
2026-02-04T04:00:00+00:00,1.1305,1.1317,1.1247,1.1263,434398.2
2026-02-04T05:00:00+00:00,1.1262,1.128,1.1164,1.1196,94624.6
2026-02-04T06:00:00+00:00,1.1203,1.1339,1.1185,1.1311,287217.6
2026-02-04T07:00:00+00:00,1.1314,1.1359,1.1249,1.1318,298774.8
2026-02-04T08:00:00+00:00,1.1325,1.1401,1.1299,1.1386,164399.6
2026-02-04T09:00:00+00:00,1.1382,1.1382,1.123,1.1247,427265.2
2026-02-04T10:00:00+00:00,1.1247,1.1268,1.1218,1.1226,154401.2
2026-02-04T11:00:00+00:00,1.1222,1.1249,1.105,1.1189,765141.3
2026-02-04T12:00:00+00:00,1.1193,1.1221,1.1141,1.1187,266934.2
2026-02-04T13:00:00+00:00,1.1184,1.1208,1.0992,1.1001,845204.4
2026-02-04T14:00:00+00:00,1.1001,1.1111,1.0838,1.0839,1428281.8999999999
2026-02-04T15:00:00+00:00,1.084,1.098,1.0582,1.0756,2434211.5
2026-02-04T16:00:00+00:00,1.0759,1.0858,1.0584,1.0707,1556758.6000000001
2026-02-04T17:00:00+00:00,1.0702,1.0771,1.0524,1.0704,1430710.3999999999
2026-02-04T18:00:00+00:00,1.0704,1.0912,1.0518,1.0785,4665198.4000000004
2026-02-04T19:00:00+00:00,1.0789,1.108,1.076,1.1062,751500.0
2026-02-04T20:00:00+00:00,1.1069,1.1085,1.0923,1.0955,360948.1
2026-02-04T21:00:00+00:00,1.0954,1.0994,1.0721,1.0814,418732.5
2026-02-04T22:00:00+00:00,1.0816,1.0985,1.0598,1.0729,674627.6
2026-02-04T23:00:00+00:00,1.0726,1.0919,1.0693,1.0837,568987.0
2026-02-05T00:00:00+00:00,1.0839,1.0911,1.0774,1.0785,386034.0
2026-02-05T01:00:00+00:00,1.0791,1.0926,1.0691,1.0747,578403.0
2026-02-05T02:00:00+00:00,1.0751,1.0904,1.0674,1.0689,851064.2
2026-02-05T03:00:00+00:00,1.0694,1.0786,1.0612,1.0635,645175.3
2026-02-05T04:00:00+00:00,1.0631,1.0707,1.056,1.0588,597084.6
2026-02-05T05:00:00+00:00,1.0586,1.0705,1.0433,1.0568,926155.9
2026-02-05T06:00:00+00:00,1.0568,1.0573,1.0364,1.0416,746059.9
2026-02-05T07:00:00+00:00,1.0411,1.0597,1.041,1.0433,437490.8
2026-02-05T08:00:00+00:00,1.0437,1.0554,1.0425,1.0428,541151.8
2026-02-05T09:00:00+00:00,1.043,1.0524,1.0371,1.0418,352576.9
2026-02-05T10:00:00+00:00,1.042,1.0424,1.009,1.0141,918901.5
2026-02-05T11:00:00+00:00,1.0137,1.0204,0.99087,1.0082,2193461.3999999999
2026-02-05T12:00:00+00:00,1.0094,1.0128,0.99237,1.0014,2817376.7999999998
2026-02-05T13:00:00+00:00,1.0009,1.0062,0.9847,0.98926,1245098.1000000001
2026-02-05T14:00:00+00:00,0.98945,1.0185,0.9889,0.99169,2541582.7000000002
2026-02-05T15:00:00+00:00,0.99129,0.99397,0.93563,0.95942,9858736.6999999993
2026-02-05T16:00:00+00:00,0.95927,0.9793,0.9508,0.96342,3554896.6000000001
2026-02-05T17:00:00+00:00,0.96475,0.96925,0.93084,0.93995,3467784.7999999998
2026-02-05T18:00:00+00:00,0.9402,0.95052,0.92262,0.94874,2868527.6000000001
2026-02-05T19:00:00+00:00,0.94913,0.94975,0.91857,0.92381,2104251.2999999998
2026-02-05T20:00:00+00:00,0.92384,0.93077,0.8762,0.89378,11294462.5999999996
2026-02-05T21:00:00+00:00,0.89344,0.92414,0.8887,0.89567,4338884.2999999998
2026-02-05T22:00:00+00:00,0.8946,0.91152,0.88038,0.89765,3346985.7000000002
2026-02-05T23:00:00+00:00,0.89783,0.91588,0.87756,0.88239,1624139.8999999999
2026-02-06T00:00:00+00:00,0.88206,0.88796,0.78886,0.87107,12009207.4000000004
2026-02-06T01:00:00+00:00,0.87081,0.90986,0.86635,0.90516,3849853.7000000002
2026-02-06T02:00:00+00:00,0.90591,0.91426,0.8795,0.89243,2858659.3999999999
2026-02-06T03:00:00+00:00,0.89292,0.89793,0.88254,0.88938,851070.4
2026-02-06T04:00:00+00:00,0.88929,0.89687,0.8765,0.89287,1481813.3
2026-02-06T05:00:00+00:00,0.89246,0.9385,0.89066,0.9333,1054860.3999999999
2026-02-06T06:00:00+00:00,0.93313,0.93756,0.91917,0.92004,1351009.3999999999
2026-02-06T07:00:00+00:00,0.92006,0.92765,0.90963,0.91622,516723.3
2026-02-06T08:00:00+00:00,0.91594,0.92428,0.90742,0.9125,596471.5
2026-02-06T09:00:00+00:00,0.91204,0.936,0.90762,0.9334,1292650.3999999999
2026-02-06T10:00:00+00:00,0.93399,0.9512,0.9324,0.94801,534032.8
2026-02-06T11:00:00+00:00,0.94721,0.95362,0.94229,0.94844,1526592.8
2026-02-06T12:00:00+00:00,0.94831,0.94831,0.94,0.94794,356055.7
2026-02-06T13:00:00+00:00,0.94777,0.9621,0.94609,0.94665,981631.9
2026-02-06T14:00:00+00:00,0.94648,0.98638,0.94402,0.97622,3654476.5
2026-02-06T15:00:00+00:00,0.97668,0.98746,0.96381,0.97758,5456927.5999999996
2026-02-06T16:00:00+00:00,0.97887,1.0136,0.97469,1.0082,2058081.3999999999
2026-02-06T17:00:00+00:00,1.0072,1.0286,1.0025,1.0145,1360731.3
2026-02-06T18:00:00+00:00,1.014,1.0151,0.99161,0.99933,1489120.8
2026-02-06T19:00:00+00:00,0.99967,1.0103,0.9956,1.0079,281353.0
2026-02-06T20:00:00+00:00,1.0075,1.0111,0.99373,0.99926,401068.3
2026-02-06T21:00:00+00:00,1.0001,1.0106,0.99415,1.0095,251244.1
2026-02-06T22:00:00+00:00,1.0097,1.025,1.0074,1.022,445371.2
2026-02-06T23:00:00+00:00,1.0219,1.0267,1.0078,1.0142,479163.0
2026-02-07T00:00:00+00:00,1.0143,1.0143,0.99698,1.0021,924841.8
2026-02-07T01:00:00+00:00,1.0021,1.0133,0.99538,1.0113,392555.7
2026-02-07T02:00:00+00:00,1.0111,1.0144,1.0038,1.0054,193634.5
2026-02-07T03:00:00+00:00,1.0063,1.0147,1.0047,1.0088,296841.3
2026-02-07T04:00:00+00:00,1.009,1.0156,0.99944,1.004,338955.8
2026-02-07T05:00:00+00:00,1.0037,1.0129,1.0005,1.0033,330266.9
2026-02-07T06:00:00+00:00,1.0031,1.0092,0.98352,0.98352,878548.4
2026-02-07T07:00:00+00:00,0.984,0.9887,0.96081,0.97123,2056921.5
2026-02-07T08:00:00+00:00,0.97045,0.98274,0.96702,0.98018,374978.2
2026-02-07T09:00:00+00:00,0.97984,0.98553,0.97412,0.97666,274572.9
2026-02-07T10:00:00+00:00,0.97681,0.9808,0.97125,0.97529,231713.9
2026-02-07T11:00:00+00:00,0.97492,0.97611,0.97038,0.97387,197905.8
2026-02-07T12:00:00+00:00,0.97386,1.0061,0.97298,0.99549,1228713.1000000001
2026-02-07T13:00:00+00:00,0.99584,1.0003,0.98571,0.99173,385905.7
2026-02-07T14:00:00+00:00,0.99269,0.99528,0.98131,0.98349,245857.7
2026-02-07T15:00:00+00:00,0.98227,0.99913,0.98169,0.994,244706.2
2026-02-07T16:00:00+00:00,0.99461,1.0182,0.99135,0.99728,6173287.2999999998
2026-02-07T17:00:00+00:00,0.99835,1.0066,0.99265,1.0012,402039.2
2026-02-07T18:00:00+00:00,1.0017,1.0215,1.0007,1.0132,1994246.8
2026-02-07T19:00:00+00:00,1.0131,1.0138,1.0061,1.0078,770471.7
2026-02-07T20:00:00+00:00,1.0072,1.0165,1.0058,1.0159,386376.8
2026-02-07T21:00:00+00:00,1.016,1.0187,1.0097,1.011,1440983.0
2026-02-07T22:00:00+00:00,1.011,1.0132,1.0061,1.0082,388172.7
2026-02-07T23:00:00+00:00,1.0077,1.0088,0.99963,1.0048,223854.9
2026-02-08T00:00:00+00:00,1.0045,1.005,0.99507,0.9984,332260.1
2026-02-08T01:00:00+00:00,0.99893,1.0039,0.99833,1.0007,363049.6
2026-02-08T02:00:00+00:00,1.0008,1.0021,0.99164,0.99406,234851.4
2026-02-08T03:00:00+00:00,0.99411,0.99567,0.98571,0.98694,134676.8
2026-02-08T04:00:00+00:00,0.98689,0.98924,0.98228,0.98916,522711.2
2026-02-08T05:00:00+00:00,0.98922,0.99232,0.98523,0.98675,129561.7
2026-02-08T06:00:00+00:00,0.9867,0.98913,0.98475,0.98609,395276.5
2026-02-08T07:00:00+00:00,0.98612,0.9906,0.98117,0.99022,334253.9
2026-02-08T08:00:00+00:00,0.98996,1.008,0.98812,1.0067,259762.7
2026-02-08T09:00:00+00:00,1.0066,1.0082,0.9918,0.99496,1439621.5
2026-02-08T10:00:00+00:00,0.99372,0.9984,0.98269,0.9869,394228.8
2026-02-08T11:00:00+00:00,0.98712,1.0035,0.98664,1.0009,300928.3
2026-02-08T12:00:00+00:00,1.0015,1.002,0.99293,0.99888,379021.3
2026-02-08T13:00:00+00:00,0.99789,1.0024,0.99267,1.0024,363554.3
2026-02-08T14:00:00+00:00,1.0027,1.0055,0.9986,1.0013,146010.4
2026-02-08T15:00:00+00:00,1.0017,1.0064,0.98472,0.98933,700963.6
2026-02-08T16:00:00+00:00,0.98947,0.99253,0.9639,0.96857,764827.4
2026-02-08T17:00:00+00:00,0.96829,0.9798,0.96829,0.97744,418223.8
2026-02-08T18:00:00+00:00,0.97771,0.99282,0.97771,0.98677,394855.7
2026-02-08T19:00:00+00:00,0.98693,0.99295,0.98438,0.99275,165139.1
2026-02-08T20:00:00+00:00,0.99192,0.99192,0.97585,0.97725,132557.0
2026-02-08T21:00:00+00:00,0.97748,0.98004,0.96759,0.97153,387913.9
2026-02-08T22:00:00+00:00,0.97151,0.97709,0.9693,0.97554,195916.2
2026-02-08T23:00:00+00:00,0.9753,0.99788,0.96519,0.97144,1033584.9
2026-02-09T00:00:00+00:00,0.97144,0.97438,0.96392,0.97253,607916.7
2026-02-09T01:00:00+00:00,0.97275,0.98333,0.96658,0.97329,493377.3
2026-02-09T02:00:00+00:00,0.97308,0.98437,0.96917,0.97684,280392.9
2026-02-09T03:00:00+00:00,0.97815,0.98795,0.9755,0.98594,233983.9
2026-02-09T04:00:00+00:00,0.98622,0.98678,0.98055,0.98313,217477.0
2026-02-09T05:00:00+00:00,0.98244,0.98582,0.97893,0.98582,134112.3
2026-02-09T06:00:00+00:00,0.98475,0.98475,0.96893,0.97443,484035.1
2026-02-09T07:00:00+00:00,0.97413,0.97693,0.96703,0.96865,311141.8
2026-02-09T08:00:00+00:00,0.96879,0.97078,0.95068,0.95663,546111.3
2026-02-09T09:00:00+00:00,0.95647,0.95851,0.94492,0.94781,453484.3
2026-02-09T10:00:00+00:00,0.94797,0.9493,0.92531,0.93032,699595.7
2026-02-09T11:00:00+00:00,0.93054,0.94216,0.93054,0.93911,244866.2
2026-02-09T12:00:00+00:00,0.93905,0.9446,0.93871,0.94149,145729.3
2026-02-09T13:00:00+00:00,0.94133,0.9443,0.9282,0.92854,276095.7
2026-02-09T14:00:00+00:00,0.9285,0.9521,0.9274,0.94738,1026350.2
2026-02-09T15:00:00+00:00,0.94794,0.95933,0.93923,0.95455,1270439.7
2026-02-09T16:00:00+00:00,0.95653,0.97504,0.94672,0.964,2011870.3
2026-02-09T17:00:00+00:00,0.96307,0.97523,0.95544,0.97269,2889100.2999999998
2026-02-09T18:00:00+00:00,0.97296,0.97776,0.95964,0.96099,3771328.3999999999
2026-02-09T19:00:00+00:00,0.96076,0.97007,0.95807,0.96841,334594.3
2026-02-09T20:00:00+00:00,0.96793,0.97233,0.96178,0.9704,386881.1
2026-02-09T21:00:00+00:00,0.96924,0.97101,0.95365,0.96523,517298.0
2026-02-09T22:00:00+00:00,0.96524,0.973,0.96462,0.96747,2175387.7999999998
2026-02-09T23:00:00+00:00,0.96764,0.9726,0.96068,0.96213,1543302.0
2026-02-10T00:00:00+00:00,0.96233,0.96391,0.9574,0.95949,140262.6
2026-02-10T01:00:00+00:00,0.95961,0.9737,0.95859,0.97089,340134.6
2026-02-10T02:00:00+00:00,0.97178,0.97224,0.96504,0.96689,164024.6
2026-02-10T03:00:00+00:00,0.96742,0.96894,0.94435,0.95129,527660.3
2026-02-10T04:00:00+00:00,0.95129,0.96177,0.95079,0.96022,278613.6
2026-02-10T05:00:00+00:00,0.95945,0.95971,0.94436,0.94729,212165.1
2026-02-10T06:00:00+00:00,0.94707,0.9496,0.93054,0.93432,346024.2
2026-02-10T07:00:00+00:00,0.93429,0.94378,0.93429,0.93901,191026.0
2026-02-10T08:00:00+00:00,0.93916,0.94809,0.93807,0.94695,368830.5
2026-02-10T09:00:00+00:00,0.94691,0.95187,0.94155,0.94531,305965.0
2026-02-10T10:00:00+00:00,0.94578,0.94761,0.94038,0.94141,140514.8
2026-02-10T11:00:00+00:00,0.94136,0.94523,0.93455,0.93602,522890.5
2026-02-10T12:00:00+00:00,0.93602,0.93895,0.92901,0.93229,945710.3
2026-02-10T13:00:00+00:00,0.93165,0.93947,0.93078,0.93453,212431.7
2026-02-10T14:00:00+00:00,0.93471,0.93956,0.9217,0.9281,1506776.2
2026-02-10T15:00:00+00:00,0.9275,0.93929,0.92447,0.93198,748626.1
2026-02-10T16:00:00+00:00,0.93318,0.93998,0.92799,0.93099,246814.6
2026-02-10T17:00:00+00:00,0.931,0.94073,0.92828,0.93715,175814.6
2026-02-10T18:00:00+00:00,0.93831,0.93836,0.91413,0.91865,429778.1
2026-02-10T19:00:00+00:00,0.91843,0.9261,0.91493,0.92093,1673439.7
2026-02-10T20:00:00+00:00,0.92105,0.92441,0.91804,0.92367,181007.2
2026-02-10T21:00:00+00:00,0.92286,0.92729,0.91862,0.92393,346257.6
2026-02-10T22:00:00+00:00,0.92423,0.93208,0.92353,0.92622,148689.8
2026-02-10T23:00:00+00:00,0.9268,0.93145,0.92557,0.92976,181301.4
2026-02-11T00:00:00+00:00,0.92953,0.93409,0.92833,0.93386,171901.5
2026-02-11T01:00:00+00:00,0.93385,0.93424,0.93014,0.93192,141558.5
2026-02-11T02:00:00+00:00,0.93232,0.93695,0.92929,0.9293,407863.8
2026-02-11T03:00:00+00:00,0.92936,0.9342,0.9192,0.92757,264346.8
2026-02-11T04:00:00+00:00,0.92753,0.92824,0.91026,0.9121,565040.7
2026-02-11T05:00:00+00:00,0.9121,0.91556,0.90462,0.90496,408912.4
2026-02-11T06:00:00+00:00,0.90485,0.90564,0.89282,0.89481,797048.4
2026-02-11T07:00:00+00:00,0.89494,0.89987,0.89276,0.89631,151068.8
2026-02-11T08:00:00+00:00,0.89585,0.89793,0.89311,0.89521,224442.2
2026-02-11T09:00:00+00:00,0.89646,0.89845,0.8883,0.89039,215624.0
2026-02-11T10:00:00+00:00,0.89057,0.89127,0.88312,0.8855,274820.4
2026-02-11T11:00:00+00:00,0.885,0.89355,0.885,0.89327,305328.1
2026-02-11T12:00:00+00:00,0.89336,0.90198,0.89081,0.89725,387051.5
2026-02-11T13:00:00+00:00,0.89734,0.90731,0.8924,0.90595,1468887.3999999999
2026-02-11T14:00:00+00:00,0.90674,0.93074,0.88553,0.8869,1944578.0
2026-02-11T15:00:00+00:00,0.88707,0.89338,0.8746,0.88334,1692024.0
2026-02-11T16:00:00+00:00,0.88304,0.898,0.87557,0.87706,428591.3
2026-02-11T17:00:00+00:00,0.87705,0.8959,0.87483,0.88489,335093.9
2026-02-11T18:00:00+00:00,0.88533,0.89476,0.87901,0.89052,575415.8
2026-02-11T19:00:00+00:00,0.89066,0.89806,0.88795,0.8941,303878.6
2026-02-11T20:00:00+00:00,0.89376,0.9015,0.88763,0.90064,181843.8
2026-02-11T21:00:00+00:00,0.89993,0.9182,0.89816,0.91001,574826.5
2026-02-11T22:00:00+00:00,0.90958,0.91,0.89404,0.89588,365343.1
2026-02-11T23:00:00+00:00,0.8959,0.89882,0.88584,0.89302,441065.6
2026-02-12T00:00:00+00:00,0.89361,0.90889,0.8935,0.90526,1340546.3999999999
2026-02-12T01:00:00+00:00,0.90474,0.91317,0.90417,0.90622,268876.8
2026-02-12T02:00:00+00:00,0.90629,0.91009,0.9024,0.9068,178982.1
2026-02-12T03:00:00+00:00,0.90681,0.91274,0.90353,0.91224,1345112.8999999999
2026-02-12T04:00:00+00:00,0.91206,0.91377,0.90665,0.90904,223807.1
2026-02-12T05:00:00+00:00,0.90913,0.91854,0.90397,0.91728,329046.0
2026-02-12T06:00:00+00:00,0.91739,0.9293,0.91739,0.92528,484089.2
2026-02-12T07:00:00+00:00,0.9248,0.9343,0.92131,0.93395,1592537.8999999999
2026-02-12T08:00:00+00:00,0.93376,0.94011,0.92545,0.9306,3800695.5
2026-02-12T09:00:00+00:00,0.93093,0.94249,0.92722,0.93959,341928.0
2026-02-12T10:00:00+00:00,0.94062,0.95859,0.93502,0.95686,368049.7
2026-02-12T11:00:00+00:00,0.95694,0.9583,0.94333,0.9477,458463.5
2026-02-12T12:00:00+00:00,0.94745,0.94865,0.92967,0.93299,277929.5
2026-02-12T13:00:00+00:00,0.93298,0.93549,0.92176,0.93383,593345.5
2026-02-12T14:00:00+00:00,0.9334,0.93342,0.92102,0.92621,533025.0
2026-02-12T15:00:00+00:00,0.92538,0.93416,0.91317,0.91317,474640.2
2026-02-12T16:00:00+00:00,0.91425,0.91553,0.89229,0.89845,3377724.2999999998
2026-02-12T17:00:00+00:00,0.89845,0.91157,0.89549,0.90195,408106.3
2026-02-12T18:00:00+00:00,0.90225,0.91199,0.90042,0.90535,434525.2
2026-02-12T19:00:00+00:00,0.90561,0.9253,0.90077,0.91212,521124.3
2026-02-12T20:00:00+00:00,0.91242,0.91486,0.9017,0.90492,394752.3
2026-02-12T21:00:00+00:00,0.9057,0.9103,0.90497,0.9075,545714.7
2026-02-12T22:00:00+00:00,0.9076,0.92279,0.90581,0.92168,820374.6
2026-02-12T23:00:00+00:00,0.92159,0.92775,0.9189,0.92171,773518.7
2026-02-13T00:00:00+00:00,0.92177,0.92682,0.91404,0.91665,207908.3
2026-02-13T01:00:00+00:00,0.91674,0.92385,0.91501,0.91956,109788.8
2026-02-13T02:00:00+00:00,0.91971,0.92474,0.91722,0.92289,233559.6
2026-02-13T03:00:00+00:00,0.92233,0.92399,0.91349,0.91416,217129.9
2026-02-13T04:00:00+00:00,0.91462,0.915,0.90741,0.91018,122627.6
2026-02-13T05:00:00+00:00,0.9103,0.91188,0.90577,0.90595,148926.3
2026-02-13T06:00:00+00:00,0.90572,0.91321,0.90129,0.91288,235972.7
2026-02-13T07:00:00+00:00,0.91298,0.92,0.9115,0.91536,1706327.1000000001
2026-02-13T08:00:00+00:00,0.91505,0.93366,0.91301,0.93082,472549.6
2026-02-13T09:00:00+00:00,0.93116,0.93133,0.92456,0.92875,192896.4
2026-02-13T10:00:00+00:00,0.92813,0.92933,0.92449,0.92796,151066.8
2026-02-13T11:00:00+00:00,0.92816,0.92845,0.9213,0.92413,140068.9
2026-02-13T12:00:00+00:00,0.92371,0.92371,0.917,0.92047,75040.4
2026-02-13T13:00:00+00:00,0.9204,0.93301,0.91852,0.92821,486210.3
2026-02-13T14:00:00+00:00,0.92791,0.946,0.92372,0.93725,1076313.7
2026-02-13T15:00:00+00:00,0.93746,0.96256,0.93501,0.95243,2588610.5
2026-02-13T16:00:00+00:00,0.9524,0.98432,0.95211,0.97194,2307374.5
2026-02-13T17:00:00+00:00,0.97211,0.9814,0.96337,0.97539,355014.5
2026-02-13T18:00:00+00:00,0.97574,0.97762,0.96709,0.97593,248574.9
2026-02-13T19:00:00+00:00,0.976,0.98236,0.97046,0.97365,145432.2
2026-02-13T20:00:00+00:00,0.97434,0.97753,0.96887,0.97461,230571.5
2026-02-13T21:00:00+00:00,0.97535,0.979,0.97179,0.97383,457833.2
2026-02-13T22:00:00+00:00,0.97409,0.97478,0.9631,0.96556,487102.3
2026-02-13T23:00:00+00:00,0.96505,0.96505,0.9597,0.96103,332363.7
2026-02-14T00:00:00+00:00,0.96094,0.97023,0.95768,0.96654,225775.4
2026-02-14T01:00:00+00:00,0.96641,0.96787,0.96229,0.96501,181846.1
2026-02-14T02:00:00+00:00,0.96501,0.96693,0.9619,0.96381,132141.8
2026-02-14T03:00:00+00:00,0.96282,0.97118,0.96217,0.9687,558997.4
2026-02-14T04:00:00+00:00,0.96752,0.96815,0.9645,0.96519,42120.7
2026-02-14T05:00:00+00:00,0.96516,0.96845,0.9581,0.9593,186140.9
2026-02-14T06:00:00+00:00,0.95909,0.96094,0.95511,0.95872,286471.5
2026-02-14T07:00:00+00:00,0.95876,0.9682,0.95842,0.96614,150450.5
2026-02-14T08:00:00+00:00,0.96593,0.98414,0.96552,0.98392,585744.9
2026-02-14T09:00:00+00:00,0.9834,0.99053,0.98096,0.98841,1321276.6000000001
2026-02-14T10:00:00+00:00,0.98781,0.99208,0.98342,0.98447,101288.1
2026-02-14T11:00:00+00:00,0.98407,1.0068,0.98407,1.0051,453059.1
2026-02-14T12:00:00+00:00,1.0062,1.0121,0.98888,0.98969,632808.4
2026-02-14T13:00:00+00:00,0.99035,0.99244,0.97843,0.98216,304722.0
2026-02-14T14:00:00+00:00,0.9825,1.0034,0.98179,0.99995,214837.8
2026-02-14T15:00:00+00:00,0.99984,1.0007,0.99287,0.99829,227276.8
2026-02-14T16:00:00+00:00,0.9983,1.0086,0.98905,1.0082,323970.2
2026-02-14T17:00:00+00:00,1.01,1.0197,1.0069,1.0101,1599302.3
2026-02-14T18:00:00+00:00,1.0098,1.0286,1.0088,1.0282,325633.8
2026-02-14T19:00:00+00:00,1.0283,1.0431,1.0215,1.0337,1490422.1000000001
2026-02-14T20:00:00+00:00,1.0346,1.0408,1.0237,1.0322,786431.8
2026-02-14T21:00:00+00:00,1.0324,1.0387,1.0182,1.0283,511819.6
2026-02-14T22:00:00+00:00,1.0277,1.0404,1.0265,1.0322,209245.7
2026-02-14T23:00:00+00:00,1.032,1.0349,1.0234,1.0288,364922.3
2026-02-15T00:00:00+00:00,1.0287,1.0288,1.019,1.0267,333339.3
2026-02-15T01:00:00+00:00,1.0262,1.0364,1.0198,1.0275,538642.6
2026-02-15T02:00:00+00:00,1.0273,1.0325,1.0127,1.0203,247512.7
2026-02-15T03:00:00+00:00,1.02,1.025,1.0037,1.0211,576469.2
2026-02-15T04:00:00+00:00,1.0205,1.0385,1.02,1.0285,299474.0
2026-02-15T05:00:00+00:00,1.0294,1.0368,1.0263,1.0322,201828.1
2026-02-15T06:00:00+00:00,1.032,1.0374,1.0261,1.0287,159183.1
2026-02-15T07:00:00+00:00,1.0284,1.0492,1.0275,1.0424,1027513.3
2026-02-15T08:00:00+00:00,1.0423,1.0478,1.0169,1.0218,1313017.6000000001
2026-02-15T09:00:00+00:00,1.0218,1.029,1.0186,1.0227,299405.9
2026-02-15T10:00:00+00:00,1.0225,1.0243,1.0071,1.0128,116476.1
2026-02-15T11:00:00+00:00,1.0126,1.0142,1.0049,1.0065,82189.6
2026-02-15T12:00:00+00:00,1.0061,1.0079,0.97771,0.97771,1526671.1000000001
2026-02-15T13:00:00+00:00,0.97818,0.99194,0.97064,0.97557,726813.0
2026-02-15T14:00:00+00:00,0.97492,0.98858,0.97492,0.98664,908839.4
2026-02-15T15:00:00+00:00,0.98661,0.9941,0.98605,0.98796,236607.8
2026-02-15T16:00:00+00:00,0.98749,0.98899,0.97877,0.98585,164812.1
2026-02-15T17:00:00+00:00,0.98536,0.98982,0.96551,0.97435,1388045.3
2026-02-15T18:00:00+00:00,0.97305,0.97487,0.96262,0.965,1074762.0
2026-02-15T19:00:00+00:00,0.96595,0.96963,0.95806,0.96323,369991.4
2026-02-15T20:00:00+00:00,0.96301,0.9699,0.95883,0.96712,269569.8
2026-02-15T21:00:00+00:00,0.96732,0.97578,0.9672,0.97244,548725.4
2026-02-15T22:00:00+00:00,0.97249,0.97683,0.96943,0.97514,375670.8
2026-02-15T23:00:00+00:00,0.97504,0.97504,0.96324,0.9734,223635.5
2026-02-16T00:00:00+00:00,0.97337,0.97849,0.97077,0.97498,317014.3
2026-02-16T01:00:00+00:00,0.97566,0.9791,0.96548,0.97049,144475.3
2026-02-16T02:00:00+00:00,0.97058,0.97472,0.96221,0.96299,314112.8
2026-02-16T03:00:00+00:00,0.96315,0.96569,0.96091,0.96567,70630.1
2026-02-16T04:00:00+00:00,0.96537,0.97597,0.96488,0.97597,40781.1
2026-02-16T05:00:00+00:00,0.97681,0.97836,0.95857,0.96052,151221.6
2026-02-16T06:00:00+00:00,0.96025,0.96698,0.95803,0.96482,80169.7
2026-02-16T07:00:00+00:00,0.96459,0.96809,0.95998,0.96209,58128.5
2026-02-16T08:00:00+00:00,0.96208,0.96718,0.96119,0.96326,74445.1
2026-02-16T09:00:00+00:00,0.96364,0.97276,0.96355,0.96973,124151.5
2026-02-16T10:00:00+00:00,0.96987,0.96987,0.96389,0.96449,59447.6
2026-02-16T11:00:00+00:00,0.96429,0.96537,0.94771,0.96172,565048.3
2026-02-16T12:00:00+00:00,0.96138,0.98799,0.9593,0.98662,1634227.6000000001
2026-02-16T13:00:00+00:00,0.98704,0.99426,0.96119,0.96386,1166561.3999999999
2026-02-16T14:00:00+00:00,0.96313,0.98185,0.95948,0.97507,1445110.1000000001
2026-02-16T15:00:00+00:00,0.97427,0.98289,0.95394,0.95882,1016495.1
2026-02-16T16:00:00+00:00,0.9591,0.97225,0.95844,0.96637,273277.8
2026-02-16T17:00:00+00:00,0.96567,0.96925,0.96072,0.96483,131735.2
2026-02-16T18:00:00+00:00,0.96442,0.97028,0.96148,0.96246,221583.5
2026-02-16T19:00:00+00:00,0.96326,0.9711,0.96011,0.96728,137853.5
2026-02-16T20:00:00+00:00,0.9674,0.98039,0.96425,0.97934,133766.0
2026-02-16T21:00:00+00:00,0.97929,0.99865,0.97649,0.99865,527623.4
2026-02-16T22:00:00+00:00,0.99872,1.0041,0.98836,0.99247,846234.3
2026-02-16T23:00:00+00:00,0.99176,0.99599,0.98828,0.9918,170182.8
2026-02-17T00:00:00+00:00,0.99258,0.99753,0.98898,0.99321,160046.0
2026-02-17T01:00:00+00:00,0.99429,0.99638,0.98608,0.98629,163137.6
2026-02-17T02:00:00+00:00,0.98643,0.9982,0.98,0.99434,221735.0
2026-02-17T03:00:00+00:00,0.99312,0.99313,0.98247,0.98247,256326.5
2026-02-17T04:00:00+00:00,0.98241,0.9885,0.97906,0.98365,257984.5
2026-02-17T05:00:00+00:00,0.98394,0.98476,0.96631,0.97318,418509.9
2026-02-17T06:00:00+00:00,0.97353,0.97977,0.97353,0.97749,99674.7
2026-02-17T07:00:00+00:00,0.97752,0.97752,0.97041,0.97089,125893.1
2026-02-17T08:00:00+00:00,0.97078,0.97812,0.96809,0.97118,108706.5
2026-02-17T09:00:00+00:00,0.97116,0.97117,0.96547,0.96977,145704.1
2026-02-17T10:00:00+00:00,0.96976,0.97061,0.96075,0.96435,140921.9
2026-02-17T11:00:00+00:00,0.96525,0.97023,0.96453,0.96816,84552.7
2026-02-17T12:00:00+00:00,0.96801,0.97402,0.9669,0.96759,101563.1
2026-02-17T13:00:00+00:00,0.96799,0.98062,0.96605,0.97553,425836.6
2026-02-17T14:00:00+00:00,0.97534,0.9802,0.9534,0.9571,680357.8
2026-02-17T15:00:00+00:00,0.95703,0.96944,0.954,0.96855,525371.9
2026-02-17T16:00:00+00:00,0.969,0.98989,0.9676,0.97624,699586.1
2026-02-17T17:00:00+00:00,0.97585,0.97691,0.95133,0.9621,3656404.8999999999
2026-02-17T18:00:00+00:00,0.96168,0.97957,0.9587,0.97386,327198.7
2026-02-17T19:00:00+00:00,0.97407,0.97734,0.96531,0.96794,671904.0
2026-02-17T20:00:00+00:00,0.96715,0.9694,0.96071,0.96487,187570.6
2026-02-17T21:00:00+00:00,0.96444,0.96888,0.96212,0.96805,130662.9
2026-02-17T22:00:00+00:00,0.96811,0.97415,0.96639,0.96772,247929.2
2026-02-17T23:00:00+00:00,0.96713,0.96933,0.9645,0.96685,97559.4
2026-02-18T00:00:00+00:00,0.96748,0.9694,0.96307,0.96337,99357.6
2026-02-18T01:00:00+00:00,0.96311,0.96422,0.95766,0.96142,610220.2
2026-02-18T02:00:00+00:00,0.96161,0.9689,0.96095,0.96709,154128.9
2026-02-18T03:00:00+00:00,0.96718,0.97266,0.96683,0.97121,223017.1
2026-02-18T04:00:00+00:00,0.97114,0.97244,0.96811,0.96895,300557.4
2026-02-18T05:00:00+00:00,0.96925,0.97221,0.96723,0.96938,65381.1
2026-02-18T06:00:00+00:00,0.97007,0.97011,0.96571,0.96621,130394.5
2026-02-18T07:00:00+00:00,0.96587,0.97922,0.96431,0.97595,64546.1
2026-02-18T08:00:00+00:00,0.97607,0.98597,0.97598,0.97804,88288.2
2026-02-18T09:00:00+00:00,0.97841,0.98027,0.97644,0.97794,39803.4
2026-02-18T10:00:00+00:00,0.9779,0.9813,0.97044,0.97139,79368.8
2026-02-18T11:00:00+00:00,0.97159,0.97383,0.95922,0.9598,296078.7
2026-02-18T12:00:00+00:00,0.9598,0.9636,0.95501,0.95647,591907.7
2026-02-18T13:00:00+00:00,0.95711,0.95881,0.9475,0.95139,524622.3
2026-02-18T14:00:00+00:00,0.95096,0.95559,0.94389,0.95317,595613.8
2026-02-18T15:00:00+00:00,0.95254,0.97545,0.95254,0.96072,673032.1
2026-02-18T16:00:00+00:00,0.96074,0.96112,0.94682,0.94921,176481.0
2026-02-18T17:00:00+00:00,0.94983,0.96013,0.94926,0.95106,92621.4
2026-02-18T18:00:00+00:00,0.95124,0.9522,0.93833,0.93987,619920.5
2026-02-18T19:00:00+00:00,0.93951,0.94327,0.925,0.93203,352241.9
2026-02-18T20:00:00+00:00,0.93204,0.93668,0.92888,0.93168,166931.1
2026-02-18T21:00:00+00:00,0.9317,0.93379,0.92644,0.92831,185214.4
2026-02-18T22:00:00+00:00,0.92836,0.92995,0.92308,0.92824,646711.9
2026-02-18T23:00:00+00:00,0.92706,0.93043,0.92459,0.92994,495292.1
2026-02-19T00:00:00+00:00,0.92972,0.93085,0.92599,0.92674,417348.4
2026-02-19T01:00:00+00:00,0.92771,0.9359,0.92679,0.93532,91093.7
2026-02-19T02:00:00+00:00,0.93524,0.93917,0.93199,0.93471,186740.3
2026-02-19T03:00:00+00:00,0.93471,0.9382,0.93157,0.9359,46102.1
2026-02-19T04:00:00+00:00,0.93591,0.93881,0.93385,0.93425,56829.1
2026-02-19T05:00:00+00:00,0.93463,0.93536,0.92866,0.93235,78044.8
2026-02-19T06:00:00+00:00,0.93234,0.93895,0.93199,0.9352,535177.5
2026-02-19T07:00:00+00:00,0.93575,0.93628,0.93018,0.93235,588819.6
2026-02-19T08:00:00+00:00,0.93246,0.93246,0.90285,0.90879,1513265.3
2026-02-19T09:00:00+00:00,0.90879,0.92101,0.90879,0.91559,1940220.3999999999
2026-02-19T10:00:00+00:00,0.9155,0.92022,0.91227,0.91679,194025.5
2026-02-19T11:00:00+00:00,0.91704,0.91924,0.913,0.91476,481533.0
2026-02-19T12:00:00+00:00,0.91479,0.91673,0.9125,0.91284,200447.1
2026-02-19T13:00:00+00:00,0.91279,0.91301,0.89553,0.90344,453978.0
2026-02-19T14:00:00+00:00,0.90386,0.91396,0.9011,0.90886,804125.3
2026-02-19T15:00:00+00:00,0.90885,0.9136,0.89993,0.90413,213538.5
2026-02-19T16:00:00+00:00,0.90375,0.9126,0.89659,0.90818,411704.5
2026-02-19T17:00:00+00:00,0.90803,0.91889,0.90234,0.90666,280323.6
2026-02-19T18:00:00+00:00,0.90643,0.9184,0.90611,0.9151,350686.7
2026-02-19T19:00:00+00:00,0.91528,0.91681,0.90846,0.91528,276961.0
2026-02-19T20:00:00+00:00,0.91587,0.91928,0.91239,0.91703,354106.0
2026-02-19T21:00:00+00:00,0.91729,0.9199,0.91598,0.91663,133988.7
2026-02-19T22:00:00+00:00,0.91663,0.92169,0.91534,0.91989,124665.1
2026-02-19T23:00:00+00:00,0.9198,0.92854,0.91966,0.9281,352852.2
2026-02-20T00:00:00+00:00,0.92811,0.937,0.92388,0.93469,1025359.4
2026-02-20T01:00:00+00:00,0.93476,0.93992,0.93391,0.93695,511811.3
2026-02-20T02:00:00+00:00,0.93705,0.9425,0.93666,0.93666,123335.4
2026-02-20T03:00:00+00:00,0.93674,0.94068,0.93528,0.93655,85920.9
2026-02-20T04:00:00+00:00,0.93753,0.93753,0.9283,0.93351,623111.1
2026-02-20T05:00:00+00:00,0.93365,0.94503,0.93027,0.93809,122391.3
2026-02-20T06:00:00+00:00,0.93893,0.9439,0.93826,0.94148,79549.2
2026-02-20T07:00:00+00:00,0.94188,0.94322,0.93713,0.93935,189750.5
2026-02-20T08:00:00+00:00,0.9401,0.94799,0.9393,0.9456,186450.4
2026-02-20T09:00:00+00:00,0.94529,0.95242,0.94521,0.95114,134094.7
2026-02-20T10:00:00+00:00,0.95122,0.95865,0.94792,0.94846,472466.3
2026-02-20T11:00:00+00:00,0.94879,0.95068,0.9401,0.94428,200625.2
2026-02-20T12:00:00+00:00,0.9449,0.94864,0.94104,0.94371,949778.8
2026-02-20T13:00:00+00:00,0.94408,0.94423,0.91563,0.92128,2566668.1000000001
2026-02-20T14:00:00+00:00,0.92053,0.94019,0.92017,0.9348,400113.9
2026-02-20T15:00:00+00:00,0.93507,0.96683,0.93507,0.9668,1715249.8
2026-02-20T16:00:00+00:00,0.96684,0.97692,0.95722,0.96505,1614978.1000000001
2026-02-20T17:00:00+00:00,0.96504,0.96505,0.94095,0.95809,786588.1
2026-02-20T18:00:00+00:00,0.95718,0.97014,0.95303,0.96325,2106260.5
2026-02-20T19:00:00+00:00,0.96316,0.96544,0.9516,0.95478,711907.2
2026-02-20T20:00:00+00:00,0.95463,0.95845,0.94792,0.95503,1058376.3999999999
2026-02-20T21:00:00+00:00,0.95576,0.958,0.95293,0.95485,92305.7
2026-02-20T22:00:00+00:00,0.95474,0.95733,0.94927,0.95588,210709.1
2026-02-20T23:00:00+00:00,0.95586,0.95677,0.95111,0.95374,923176.4
2026-02-21T00:00:00+00:00,0.95367,0.95406,0.9461,0.94706,128756.1
2026-02-21T01:00:00+00:00,0.94734,0.951,0.94672,0.94966,139142.6
2026-02-21T02:00:00+00:00,0.94929,0.95445,0.94739,0.95322,88252.9
2026-02-21T03:00:00+00:00,0.95283,0.95283,0.94525,0.94874,569896.5
2026-02-21T04:00:00+00:00,0.94905,0.9533,0.94846,0.95275,81553.3
2026-02-21T05:00:00+00:00,0.9529,0.95629,0.95263,0.95378,105326.5
2026-02-21T06:00:00+00:00,0.95408,0.95488,0.94814,0.94898,23300.2
2026-02-21T07:00:00+00:00,0.94894,0.95071,0.94465,0.95004,64160.7
2026-02-21T08:00:00+00:00,0.95024,0.95478,0.94764,0.95396,85211.0
2026-02-21T09:00:00+00:00,0.95358,0.96404,0.95306,0.95589,525667.4
2026-02-21T10:00:00+00:00,0.95621,0.96063,0.95552,0.95682,41488.8
2026-02-21T11:00:00+00:00,0.95709,0.96443,0.95693,0.96001,268774.2
2026-02-21T12:00:00+00:00,0.96015,0.96167,0.95201,0.95519,449003.3
2026-02-21T13:00:00+00:00,0.95485,0.96265,0.9533,0.96221,115550.9
2026-02-21T14:00:00+00:00,0.96211,0.9684,0.95956,0.96248,354419.9
2026-02-21T15:00:00+00:00,0.96255,0.9633,0.95565,0.95888,478029.6
2026-02-21T16:00:00+00:00,0.95769,0.95856,0.94366,0.94901,924563.7
2026-02-21T17:00:00+00:00,0.94942,0.95515,0.94572,0.95268,830002.3
2026-02-21T18:00:00+00:00,0.953,0.96009,0.95155,0.95689,1085318.3
2026-02-21T19:00:00+00:00,0.95705,0.961,0.9547,0.95495,140529.3
2026-02-21T20:00:00+00:00,0.9547,0.95541,0.94748,0.94778,80406.4
2026-02-21T21:00:00+00:00,0.9485,0.95433,0.947,0.95432,74948.9
2026-02-21T22:00:00+00:00,0.95404,0.95472,0.94876,0.94908,85583.2
2026-02-21T23:00:00+00:00,0.94844,0.95091,0.9465,0.94912,52308.2
2026-02-22T00:00:00+00:00,0.9489,0.9489,0.93869,0.9417,163576.1
2026-02-22T01:00:00+00:00,0.94184,0.94534,0.94069,0.9426,91160.8
2026-02-22T02:00:00+00:00,0.9427,0.94552,0.93483,0.93486,426678.5
2026-02-22T03:00:00+00:00,0.93497,0.9378,0.93142,0.93748,91052.6
2026-02-22T04:00:00+00:00,0.93725,0.94018,0.93701,0.93923,41808.0
2026-02-22T05:00:00+00:00,0.93881,0.93963,0.93326,0.93398,340854.4
2026-02-22T06:00:00+00:00,0.93315,0.93651,0.93249,0.93493,84341.5
2026-02-22T07:00:00+00:00,0.93482,0.93759,0.93363,0.93397,175797.1
