datetime,open,high,low,close,volume
2025-10-19T08:00:00+00:00,2.3468,2.3679,2.3258,2.331,1895833.0
2025-10-19T09:00:00+00:00,2.331,2.3808,2.3167,2.3605,2037816.0
2025-10-19T10:00:00+00:00,2.3614,2.3923,2.3537,2.3838,1182140.0
2025-10-19T11:00:00+00:00,2.3838,2.3969,2.3708,2.3739,795585.0
2025-10-19T12:00:00+00:00,2.3739,2.3776,2.3608,2.3695,759331.0
2025-10-19T13:00:00+00:00,2.3702,2.4032,2.3642,2.4,576300.0
2025-10-19T14:00:00+00:00,2.402,2.4133,2.3895,2.4114,1119089.0
2025-10-19T15:00:00+00:00,2.4114,2.4121,2.3932,2.3999,1019891.0
2025-10-19T16:00:00+00:00,2.4002,2.4066,2.3872,2.3982,546065.0
2025-10-19T17:00:00+00:00,2.3984,2.4178,2.3915,2.3947,1230503.0
2025-10-19T18:00:00+00:00,2.3969,2.4106,2.3951,2.4074,290203.0
2025-10-19T19:00:00+00:00,2.4074,2.4075,2.3912,2.3976,1067850.0
2025-10-19T20:00:00+00:00,2.3975,2.4058,2.3943,2.4039,468135.0
2025-10-19T21:00:00+00:00,2.4048,2.406,2.3853,2.3943,468611.0
2025-10-19T22:00:00+00:00,2.3954,2.408,2.395,2.4011,1230691.0
2025-10-19T23:00:00+00:00,2.4001,2.4001,2.3848,2.3893,378042.0
2025-10-20T00:00:00+00:00,2.3889,2.3891,2.3528,2.3785,2823198.0
2025-10-20T01:00:00+00:00,2.38,2.3833,2.3664,2.3707,878318.0
2025-10-20T02:00:00+00:00,2.3706,2.3947,2.363,2.3855,2403770.0
2025-10-20T03:00:00+00:00,2.3853,2.4394,2.3805,2.4327,4438160.0
2025-10-20T04:00:00+00:00,2.4322,2.4468,2.4302,2.4451,1929174.0
2025-10-20T05:00:00+00:00,2.4455,2.4556,2.4358,2.4549,1221239.0
2025-10-20T06:00:00+00:00,2.455,2.4719,2.455,2.4674,1339628.0
2025-10-20T07:00:00+00:00,2.4671,2.4759,2.4598,2.4688,1208500.0
2025-10-20T08:00:00+00:00,2.4689,2.4767,2.4567,2.471,2499916.0
2025-10-20T09:00:00+00:00,2.4709,2.4735,2.4553,2.4721,2086319.0
2025-10-20T10:00:00+00:00,2.4721,2.4788,2.4586,2.465,402765.0
2025-10-20T11:00:00+00:00,2.4647,2.4651,2.451,2.4556,451824.0
2025-10-20T12:00:00+00:00,2.4563,2.4572,2.4464,2.452,489448.0
2025-10-20T13:00:00+00:00,2.4532,2.4626,2.4471,2.4589,519615.0
2025-10-20T14:00:00+00:00,2.4593,2.4704,2.4474,2.4691,708718.0
2025-10-20T15:00:00+00:00,2.4704,2.4839,2.4616,2.4619,679773.0
2025-10-20T16:00:00+00:00,2.4605,2.4661,2.4255,2.4437,2255416.0
2025-10-20T17:00:00+00:00,2.4432,2.4593,2.4347,2.4575,1776374.0
2025-10-20T18:00:00+00:00,2.4584,2.4765,2.4541,2.474,685661.0
2025-10-20T19:00:00+00:00,2.4741,2.5501,2.4694,2.5244,2814414.0
2025-10-20T20:00:00+00:00,2.5244,2.5332,2.5053,2.5301,1681211.0
2025-10-20T21:00:00+00:00,2.5311,2.532,2.4859,2.491,1190608.0
2025-10-20T22:00:00+00:00,2.4906,2.5034,2.4822,2.4968,847295.0
2025-10-20T23:00:00+00:00,2.4968,2.4968,2.4845,2.4934,795347.0
2025-10-21T00:00:00+00:00,2.4934,2.4938,2.4812,2.4859,428522.0
2025-10-21T01:00:00+00:00,2.4848,2.4851,2.4623,2.467,1630115.0
2025-10-21T02:00:00+00:00,2.467,2.4685,2.4484,2.4494,1553146.0
2025-10-21T03:00:00+00:00,2.4494,2.4612,2.4473,2.4519,1202614.0
2025-10-21T04:00:00+00:00,2.4512,2.4521,2.4165,2.4227,6186705.0
2025-10-21T05:00:00+00:00,2.4223,2.4344,2.4197,2.4223,2587129.0
2025-10-21T06:00:00+00:00,2.4226,2.4356,2.4103,2.4303,2521173.0
2025-10-21T07:00:00+00:00,2.4301,2.4336,2.4166,2.4257,2088849.0
2025-10-21T08:00:00+00:00,2.425,2.425,2.4,2.4107,2089218.0
2025-10-21T09:00:00+00:00,2.4103,2.4108,2.4006,2.4077,579285.0
2025-10-21T10:00:00+00:00,2.4084,2.427,2.404,2.4149,1035134.0
2025-10-21T11:00:00+00:00,2.4156,2.431,2.4111,2.4301,793340.0
2025-10-21T12:00:00+00:00,2.4312,2.4458,2.4224,2.4236,764846.0
2025-10-21T13:00:00+00:00,2.4236,2.4301,2.4063,2.4114,1388905.0
2025-10-21T14:00:00+00:00,2.4118,2.4866,2.4114,2.485,3440794.0
2025-10-21T15:00:00+00:00,2.4858,2.531,2.4738,2.522,7384522.0
2025-10-21T16:00:00+00:00,2.5218,2.5237,2.4808,2.4854,4438631.0
2025-10-21T17:00:00+00:00,2.486,2.5045,2.4722,2.4912,3617191.0
2025-10-21T18:00:00+00:00,2.4913,2.4978,2.4714,2.4829,4502629.0
2025-10-21T19:00:00+00:00,2.4828,2.4993,2.4807,2.4924,799293.0
2025-10-21T20:00:00+00:00,2.4931,2.4957,2.4646,2.4732,1410538.0
2025-10-21T21:00:00+00:00,2.4731,2.4901,2.45,2.4756,3069033.0
2025-10-21T22:00:00+00:00,2.4757,2.4759,2.4292,2.44,2724105.0
2025-10-21T23:00:00+00:00,2.4403,2.446,2.414,2.4209,2090104.0
2025-10-22T00:00:00+00:00,2.4208,2.4331,2.4023,2.4116,2238918.0
2025-10-22T01:00:00+00:00,2.4116,2.4282,2.4106,2.4241,1357358.0
2025-10-22T02:00:00+00:00,2.425,2.431,2.4204,2.4227,382444.0
2025-10-22T03:00:00+00:00,2.4225,2.4225,2.4075,2.4187,1406072.0
2025-10-22T04:00:00+00:00,2.419,2.436,2.4179,2.4349,662677.0
2025-10-22T05:00:00+00:00,2.4349,2.4349,2.3894,2.4042,1282420.0
2025-10-22T06:00:00+00:00,2.4025,2.4086,2.399,2.4038,308964.0
2025-10-22T07:00:00+00:00,2.4023,2.4113,2.3904,2.4083,319822.0
2025-10-22T08:00:00+00:00,2.4073,2.4073,2.3952,2.3973,285149.0
2025-10-22T09:00:00+00:00,2.3973,2.3992,2.3785,2.3834,750494.0
2025-10-22T10:00:00+00:00,2.3827,2.3903,2.3753,2.3813,1667900.0
2025-10-22T11:00:00+00:00,2.3825,2.4061,2.3652,2.3946,4220550.0
2025-10-22T12:00:00+00:00,2.3947,2.4093,2.3923,2.3986,1144847.0
2025-10-22T13:00:00+00:00,2.3989,2.4117,2.3915,2.4073,1353349.0
2025-10-22T14:00:00+00:00,2.407,2.4087,2.3667,2.4078,2739271.0
2025-10-22T15:00:00+00:00,2.4087,2.4158,2.379,2.3986,1563959.0
2025-10-22T16:00:00+00:00,2.399,2.4047,2.3785,2.3936,2193727.0
2025-10-22T17:00:00+00:00,2.3929,2.3985,2.3746,2.3763,1329078.0
2025-10-22T18:00:00+00:00,2.377,2.3846,2.3656,2.3759,6048822.0
2025-10-22T19:00:00+00:00,2.3763,2.3952,2.3548,2.3762,2105543.0
2025-10-22T20:00:00+00:00,2.3754,2.3792,2.3567,2.3609,1856854.0
2025-10-22T21:00:00+00:00,2.3624,2.3624,2.3264,2.3398,5684668.0
2025-10-22T22:00:00+00:00,2.3396,2.3526,2.331,2.3352,875630.0
2025-10-22T23:00:00+00:00,2.3364,2.3672,2.3364,2.3634,2059756.0
2025-10-23T00:00:00+00:00,2.3634,2.3712,2.3605,2.3656,1991592.0
2025-10-23T01:00:00+00:00,2.3657,2.3754,2.3627,2.3692,414930.0
2025-10-23T02:00:00+00:00,2.3694,2.3759,2.3677,2.3745,289371.0
2025-10-23T03:00:00+00:00,2.3746,2.386,2.3743,2.3781,372808.0
2025-10-23T04:00:00+00:00,2.3781,2.3897,2.3759,2.383,400561.0
2025-10-23T05:00:00+00:00,2.3844,2.394,2.3843,2.3929,461539.0
2025-10-23T06:00:00+00:00,2.3936,2.418,2.3924,2.4165,773137.0
2025-10-23T07:00:00+00:00,2.4161,2.4161,2.4011,2.4065,219881.0
2025-10-23T08:00:00+00:00,2.4066,2.4165,2.4066,2.4131,188166.0
2025-10-23T09:00:00+00:00,2.4134,2.4142,2.4057,2.4103,288646.0
2025-10-23T10:00:00+00:00,2.4112,2.4137,2.408,2.4094,232156.0
2025-10-23T11:00:00+00:00,2.4094,2.4094,2.3887,2.3904,482549.0
2025-10-23T12:00:00+00:00,2.39,2.39,2.3741,2.3879,1177722.0
2025-10-23T13:00:00+00:00,2.3872,2.4089,2.3798,2.3964,1154667.0
2025-10-23T14:00:00+00:00,2.3977,2.4041,2.3811,2.4015,879971.0
2025-10-23T15:00:00+00:00,2.4018,2.4187,2.3994,2.4071,2489223.0
2025-10-23T16:00:00+00:00,2.4077,2.4156,2.3921,2.4092,1772264.0
2025-10-23T17:00:00+00:00,2.4104,2.4261,2.3961,2.42,2107000.0
2025-10-23T18:00:00+00:00,2.4205,2.4214,2.3986,2.403,4073337.0
2025-10-23T19:00:00+00:00,2.4023,2.409,2.3913,2.4056,1700447.0
2025-10-23T20:00:00+00:00,2.4058,2.406,2.3782,2.3849,2445350.0
2025-10-23T21:00:00+00:00,2.384,2.3906,2.38,2.385,1594778.0
2025-10-23T22:00:00+00:00,2.3849,2.3965,2.3811,2.3948,2477571.0
2025-10-23T23:00:00+00:00,2.3949,2.3965,2.3886,2.393,234653.0
2025-10-24T00:00:00+00:00,2.3933,2.4025,2.386,2.3961,394095.0
2025-10-24T01:00:00+00:00,2.3961,2.4001,2.3855,2.396,354080.0
2025-10-24T02:00:00+00:00,2.3961,2.406,2.3898,2.4034,1424945.0
2025-10-24T03:00:00+00:00,2.4034,2.4087,2.3988,2.4052,511123.0
2025-10-24T04:00:00+00:00,2.4052,2.4329,2.4027,2.4283,1201717.0
2025-10-24T05:00:00+00:00,2.4288,2.444,2.4265,2.4409,607476.0
2025-10-24T06:00:00+00:00,2.4408,2.4476,2.4328,2.445,356711.0
2025-10-24T07:00:00+00:00,2.4442,2.4455,2.4278,2.4393,720380.0
2025-10-24T08:00:00+00:00,2.4395,2.4537,2.4336,2.4493,1099256.0
2025-10-24T09:00:00+00:00,2.4492,2.4626,2.4475,2.4533,1384652.0
2025-10-24T10:00:00+00:00,2.4535,2.4592,2.4448,2.4471,304128.0
2025-10-24T11:00:00+00:00,2.4475,2.4557,2.4329,2.4547,566148.0
2025-10-24T12:00:00+00:00,2.455,2.4958,2.455,2.4796,4029449.0
2025-10-24T13:00:00+00:00,2.4796,2.5133,2.4735,2.5124,2532766.0
2025-10-24T14:00:00+00:00,2.5125,2.5127,2.4687,2.4755,2420191.0
2025-10-24T15:00:00+00:00,2.4736,2.4986,2.4686,2.4776,1709333.0
2025-10-24T16:00:00+00:00,2.4784,2.4869,2.4595,2.4785,1480827.0
2025-10-24T17:00:00+00:00,2.4785,2.4893,2.4729,2.4734,552645.0
2025-10-24T18:00:00+00:00,2.4734,2.4917,2.4705,2.4899,602392.0
2025-10-24T19:00:00+00:00,2.49,2.5116,2.4895,2.4985,2161975.0
2025-10-24T20:00:00+00:00,2.499,2.514,2.498,2.5128,1297380.0
2025-10-24T21:00:00+00:00,2.5129,2.5147,2.4958,2.506,1498887.0
2025-10-24T22:00:00+00:00,2.5064,2.5122,2.4967,2.5095,501687.0
2025-10-24T23:00:00+00:00,2.5096,2.5101,2.5012,2.51,270626.0
2025-10-25T00:00:00+00:00,2.5099,2.5363,2.5019,2.5244,2298993.0
2025-10-25T01:00:00+00:00,2.5245,2.5598,2.5205,2.5451,1937109.0
2025-10-25T02:00:00+00:00,2.5451,2.55,2.5352,2.5456,727027.0
2025-10-25T03:00:00+00:00,2.5457,2.5472,2.5307,2.5397,1345054.0
2025-10-25T04:00:00+00:00,2.5392,2.5689,2.5388,2.5595,1143051.0
2025-10-25T05:00:00+00:00,2.5596,2.5648,2.5488,2.5557,624914.0
2025-10-25T06:00:00+00:00,2.5558,2.561,2.5362,2.5368,791446.0
2025-10-25T07:00:00+00:00,2.5369,2.5487,2.5362,2.5413,825399.0
2025-10-25T08:00:00+00:00,2.5413,2.5525,2.5405,2.5433,768300.0
2025-10-25T09:00:00+00:00,2.5433,2.5464,2.5348,2.5385,363289.0
2025-10-25T10:00:00+00:00,2.5388,2.5604,2.5268,2.5483,1394817.0
2025-10-25T11:00:00+00:00,2.5498,2.5689,2.5484,2.5631,449453.0
2025-10-25T12:00:00+00:00,2.5635,2.5846,2.5593,2.5785,1492272.0
2025-10-25T13:00:00+00:00,2.5785,2.5995,2.5706,2.5968,1148698.0
2025-10-25T14:00:00+00:00,2.5949,2.6188,2.5904,2.6118,3408511.0
2025-10-25T15:00:00+00:00,2.6124,2.6124,2.5942,2.5967,946650.0
2025-10-25T16:00:00+00:00,2.5968,2.6054,2.5873,2.5883,1593413.0
2025-10-25T17:00:00+00:00,2.5887,2.5986,2.5877,2.5972,596736.0
2025-10-25T18:00:00+00:00,2.5973,2.6446,2.5947,2.6413,2332379.0
2025-10-25T19:00:00+00:00,2.6414,2.6523,2.6033,2.6036,3200237.0
2025-10-25T20:00:00+00:00,2.6039,2.6171,2.5964,2.6,1608004.0
2025-10-25T21:00:00+00:00,2.6005,2.6071,2.5918,2.5966,989483.0
2025-10-25T22:00:00+00:00,2.5966,2.6028,2.589,2.5999,832072.0
2025-10-25T23:00:00+00:00,2.5992,2.6002,2.5903,2.5943,290464.0
2025-10-26T00:00:00+00:00,2.5937,2.6272,2.5908,2.6173,1149173.0
2025-10-26T01:00:00+00:00,2.6172,2.6277,2.6064,2.617,471450.0
2025-10-26T02:00:00+00:00,2.6165,2.6165,2.5937,2.5958,643327.0
2025-10-26T03:00:00+00:00,2.5956,2.613,2.5939,2.6003,439954.0
2025-10-26T04:00:00+00:00,2.6004,2.616,2.5981,2.609,350978.0
2025-10-26T05:00:00+00:00,2.609,2.6174,2.6044,2.6129,347168.0
2025-10-26T06:00:00+00:00,2.6145,2.6254,2.61,2.6254,283542.0
2025-10-26T07:00:00+00:00,2.6254,2.6254,2.6183,2.623,384373.0
2025-10-26T08:00:00+00:00,2.6233,2.6359,2.618,2.6317,531514.0
2025-10-26T09:00:00+00:00,2.6318,2.6617,2.6318,2.6459,1383365.0
2025-10-26T10:00:00+00:00,2.6459,2.6465,2.6264,2.6292,1396061.0
2025-10-26T11:00:00+00:00,2.629,2.6522,2.6179,2.6465,1520917.0
2025-10-26T12:00:00+00:00,2.6458,2.6558,2.6325,2.6382,1550438.0
2025-10-26T13:00:00+00:00,2.6381,2.6512,2.638,2.6407,697398.0
2025-10-26T14:00:00+00:00,2.6408,2.6437,2.6289,2.6373,953111.0
2025-10-26T15:00:00+00:00,2.6372,2.6454,2.6329,2.6406,709349.0
2025-10-26T16:00:00+00:00,2.6403,2.6409,2.62,2.6259,1547580.0
2025-10-26T17:00:00+00:00,2.6259,2.6281,2.6205,2.6217,812528.0
2025-10-26T18:00:00+00:00,2.6216,2.6325,2.6185,2.6186,1973644.0
2025-10-26T19:00:00+00:00,2.6186,2.6187,2.6074,2.6132,1530642.0
2025-10-26T20:00:00+00:00,2.6131,2.6147,2.5976,2.6096,508481.0
2025-10-26T21:00:00+00:00,2.6097,2.6291,2.6091,2.6178,1027567.0
2025-10-26T22:00:00+00:00,2.6186,2.6596,2.6186,2.6517,6412177.0
2025-10-26T23:00:00+00:00,2.6521,2.661,2.6423,2.6457,1415852.0
2025-10-27T00:00:00+00:00,2.6454,2.665,2.6375,2.6482,1666932.0
2025-10-27T01:00:00+00:00,2.6475,2.6693,2.6455,2.6583,750762.0
2025-10-27T02:00:00+00:00,2.6584,2.669,2.642,2.646,1128189.0
2025-10-27T03:00:00+00:00,2.6447,2.6485,2.6225,2.6345,1169389.0
2025-10-27T04:00:00+00:00,2.6346,2.6487,2.6335,2.6457,852101.0
2025-10-27T05:00:00+00:00,2.6461,2.6757,2.6399,2.6462,8084234.0
2025-10-27T06:00:00+00:00,2.6458,2.6567,2.6323,2.6505,1918053.0
2025-10-27T07:00:00+00:00,2.651,2.6597,2.6253,2.6293,2415603.0
2025-10-27T08:00:00+00:00,2.6288,2.6352,2.6118,2.6228,2590646.0
2025-10-27T09:00:00+00:00,2.6234,2.6259,2.6043,2.6119,1416577.0
2025-10-27T10:00:00+00:00,2.6116,2.6278,2.6071,2.623,387151.0
2025-10-27T11:00:00+00:00,2.6235,2.6378,2.614,2.6253,1682252.0
2025-10-27T12:00:00+00:00,2.6251,2.6316,2.6166,2.6303,778701.0
2025-10-27T13:00:00+00:00,2.6302,2.6432,2.6062,2.6262,1536701.0
2025-10-27T14:00:00+00:00,2.6265,2.6273,2.6005,2.6263,2074017.0
2025-10-27T15:00:00+00:00,2.6261,2.6637,2.6259,2.6601,2284872.0
2025-10-27T16:00:00+00:00,2.6608,2.6904,2.6607,2.6855,2401005.0
2025-10-27T17:00:00+00:00,2.685,2.6951,2.6767,2.6913,2005560.0
2025-10-27T18:00:00+00:00,2.6908,2.6966,2.6796,2.689,1350749.0
2025-10-27T19:00:00+00:00,2.6879,2.6891,2.6544,2.6676,5064537.0
2025-10-27T20:00:00+00:00,2.6686,2.6686,2.6252,2.6255,4541660.0
2025-10-27T21:00:00+00:00,2.6252,2.6488,2.6226,2.6334,3420263.0
2025-10-27T22:00:00+00:00,2.6331,2.6492,2.6308,2.6388,1172756.0
2025-10-27T23:00:00+00:00,2.6388,2.6453,2.6293,2.6326,306104.0
2025-10-28T00:00:00+00:00,2.6326,2.6506,2.6283,2.6373,1373947.0
2025-10-28T01:00:00+00:00,2.6378,2.6469,2.6314,2.64,453044.0
2025-10-28T02:00:00+00:00,2.6397,2.645,2.6065,2.6256,1151573.0
2025-10-28T03:00:00+00:00,2.626,2.6398,2.6193,2.6299,942580.0
2025-10-28T04:00:00+00:00,2.6302,2.6361,2.6209,2.6323,1942075.0
2025-10-28T05:00:00+00:00,2.6315,2.64,2.6164,2.6196,3660232.0
2025-10-28T06:00:00+00:00,2.6196,2.6479,2.6105,2.6474,2530240.0
2025-10-28T07:00:00+00:00,2.6472,2.6608,2.6351,2.637,710990.0
2025-10-28T08:00:00+00:00,2.6376,2.6606,2.634,2.6547,1351619.0
2025-10-28T09:00:00+00:00,2.6546,2.6663,2.6451,2.666,653163.0
2025-10-28T10:00:00+00:00,2.6667,2.6673,2.6534,2.6569,339707.0
2025-10-28T11:00:00+00:00,2.6573,2.6573,2.6368,2.6401,332308.0
2025-10-28T12:00:00+00:00,2.64,2.6645,2.6397,2.6608,523013.0
2025-10-28T13:00:00+00:00,2.663,2.688,2.6597,2.6648,4341351.0
2025-10-28T14:00:00+00:00,2.665,2.6671,2.6033,2.6303,5985021.0
2025-10-28T15:00:00+00:00,2.6306,2.6438,2.6234,2.6351,3402786.0
2025-10-28T16:00:00+00:00,2.6344,2.6547,2.6333,2.6477,1883553.0
2025-10-28T17:00:00+00:00,2.6481,2.6675,2.6454,2.6593,2461111.0
2025-10-28T18:00:00+00:00,2.6593,2.6733,2.655,2.6708,1050777.0
2025-10-28T19:00:00+00:00,2.6709,2.6779,2.6119,2.6397,5677807.0
2025-10-28T20:00:00+00:00,2.6401,2.6415,2.585,2.591,8206487.0
2025-10-28T21:00:00+00:00,2.5908,2.6066,2.5672,2.597,3624362.0
2025-10-28T22:00:00+00:00,2.597,2.613,2.5862,2.6105,918924.0
2025-10-28T23:00:00+00:00,2.6097,2.6137,2.6004,2.602,791508.0
2025-10-29T00:00:00+00:00,2.602,2.6181,2.599,2.6083,1123389.0
2025-10-29T01:00:00+00:00,2.6077,2.6254,2.6055,2.6175,1024021.0
2025-10-29T02:00:00+00:00,2.6175,2.6266,2.6106,2.6138,627967.0
2025-10-29T03:00:00+00:00,2.6134,2.6134,2.5983,2.6073,409350.0
2025-10-29T04:00:00+00:00,2.6071,2.6206,2.6062,2.6177,150531.0
2025-10-29T05:00:00+00:00,2.6179,2.6281,2.6107,2.6188,821347.0
2025-10-29T06:00:00+00:00,2.617,2.6335,2.6141,2.6289,483980.0
2025-10-29T07:00:00+00:00,2.6289,2.6345,2.6221,2.6336,510935.0
2025-10-29T08:00:00+00:00,2.6326,2.6352,2.6217,2.6264,454658.0
2025-10-29T09:00:00+00:00,2.6264,2.655,2.6202,2.6462,762312.0
2025-10-29T10:00:00+00:00,2.6462,2.6592,2.6362,2.6401,1316728.0
2025-10-29T11:00:00+00:00,2.6402,2.6528,2.6368,2.6478,459663.0
2025-10-29T12:00:00+00:00,2.6485,2.6576,2.6465,2.6548,573920.0
2025-10-29T13:00:00+00:00,2.6554,2.6628,2.6292,2.6334,1918167.0
2025-10-29T14:00:00+00:00,2.6329,2.6419,2.6202,2.6387,1780178.0
2025-10-29T15:00:00+00:00,2.6394,2.6483,2.613,2.6247,4386281.0
2025-10-29T16:00:00+00:00,2.6248,2.6325,2.6129,2.6255,4252187.0
2025-10-29T17:00:00+00:00,2.6254,2.6585,2.6232,2.6577,4469378.0
2025-10-29T18:00:00+00:00,2.6574,2.658,2.5462,2.6065,25603413.0
2025-10-29T19:00:00+00:00,2.6075,2.6305,2.575,2.5862,5084106.0
2025-10-29T20:00:00+00:00,2.5862,2.5992,2.5556,2.589,5460272.0
2025-10-29T21:00:00+00:00,2.589,2.6167,2.5872,2.6026,1929237.0
2025-10-29T22:00:00+00:00,2.6034,2.6074,2.5907,2.593,822335.0
2025-10-29T23:00:00+00:00,2.5928,2.5937,2.5361,2.5488,9661614.0
2025-10-30T00:00:00+00:00,2.549,2.5636,2.5274,2.5616,2442889.0
2025-10-30T01:00:00+00:00,2.5613,2.5819,2.5556,2.5772,1148512.0
2025-10-30T02:00:00+00:00,2.5775,2.588,2.5703,2.5841,541561.0
2025-10-30T03:00:00+00:00,2.5842,2.5842,2.5719,2.5777,371847.0
2025-10-30T04:00:00+00:00,2.5782,2.5785,2.4875,2.5077,7011439.0
2025-10-30T05:00:00+00:00,2.508,2.562,2.504,2.5569,3039975.0
2025-10-30T06:00:00+00:00,2.5574,2.5736,2.5547,2.5655,2246913.0
2025-10-30T07:00:00+00:00,2.5656,2.5928,2.5642,2.5823,603951.0
2025-10-30T08:00:00+00:00,2.5822,2.5887,2.5764,2.5778,832825.0
2025-10-30T09:00:00+00:00,2.5782,2.5805,2.553,2.5548,639888.0
2025-10-30T10:00:00+00:00,2.5549,2.5655,2.5465,2.5496,775445.0
2025-10-30T11:00:00+00:00,2.5497,2.5574,2.5413,2.544,350037.0
2025-10-30T12:00:00+00:00,2.5434,2.5499,2.4893,2.4998,3198027.0
2025-10-30T13:00:00+00:00,2.4996,2.5076,2.4552,2.4653,8521395.0
2025-10-30T14:00:00+00:00,2.4647,2.4848,2.461,2.472,1864696.0
2025-10-30T15:00:00+00:00,2.4718,2.4779,2.4439,2.4523,3111229.0
2025-10-30T16:00:00+00:00,2.4523,2.469,2.4442,2.4616,1680124.0
2025-10-30T17:00:00+00:00,2.4611,2.4624,2.4247,2.4502,3613841.0
2025-10-30T18:00:00+00:00,2.4509,2.4525,2.4153,2.4222,2517725.0
2025-10-30T19:00:00+00:00,2.4222,2.4245,2.3764,2.383,3869180.0
2025-10-30T20:00:00+00:00,2.3843,2.4299,2.3759,2.425,3644940.0
2025-10-30T21:00:00+00:00,2.4248,2.4326,2.4075,2.4244,3041925.0
2025-10-30T22:00:00+00:00,2.4269,2.436,2.4223,2.436,538840.0
2025-10-30T23:00:00+00:00,2.4363,2.4404,2.422,2.4378,628432.0
2025-10-31T00:00:00+00:00,2.438,2.4616,2.4332,2.4573,2873202.0
2025-10-31T01:00:00+00:00,2.4584,2.4805,2.4539,2.4795,1914814.0
2025-10-31T02:00:00+00:00,2.4796,2.4797,2.4516,2.4598,1305462.0
2025-10-31T03:00:00+00:00,2.4605,2.4692,2.4516,2.4692,373777.0
2025-10-31T04:00:00+00:00,2.4699,2.4914,2.4671,2.4904,932648.0
2025-10-31T05:00:00+00:00,2.4893,2.4914,2.48,2.4805,798243.0
2025-10-31T06:00:00+00:00,2.4837,2.4861,2.4771,2.4798,596970.0
2025-10-31T07:00:00+00:00,2.4802,2.4889,2.4685,2.4741,1815439.0
2025-10-31T08:00:00+00:00,2.4741,2.4887,2.4641,2.4886,2006332.0
2025-10-31T09:00:00+00:00,2.4881,2.4937,2.481,2.485,1052074.0
2025-10-31T10:00:00+00:00,2.4856,2.506,2.4847,2.4971,769165.0
2025-10-31T11:00:00+00:00,2.4974,2.5153,2.4851,2.5129,1524786.0
2025-10-31T12:00:00+00:00,2.5128,2.5289,2.5015,2.5041,4993102.0
2025-10-31T13:00:00+00:00,2.5044,2.5205,2.4929,2.5067,1522757.0
2025-10-31T14:00:00+00:00,2.5078,2.511,2.4914,2.5068,1984584.0
2025-10-31T15:00:00+00:00,2.5067,2.5484,2.5042,2.5221,2503836.0
2025-10-31T16:00:00+00:00,2.5217,2.5353,2.4915,2.4944,1942765.0
2025-10-31T17:00:00+00:00,2.4945,2.5121,2.4827,2.505,1631263.0
2025-10-31T18:00:00+00:00,2.5063,2.5233,2.5029,2.5203,2901978.0
2025-10-31T19:00:00+00:00,2.5201,2.5523,2.4987,2.5422,1838319.0
2025-10-31T20:00:00+00:00,2.5421,2.5421,2.5084,2.5096,352785.0
2025-10-31T21:00:00+00:00,2.51,2.5196,2.5013,2.5184,334948.0
2025-10-31T22:00:00+00:00,2.5184,2.52,2.5029,2.5058,195680.0
2025-10-31T23:00:00+00:00,2.5059,2.5122,2.5017,2.5082,137624.0
2025-11-01T00:00:00+00:00,2.5083,2.5092,2.4919,2.4986,491284.0
2025-11-01T01:00:00+00:00,2.4985,2.5045,2.4939,2.4991,262719.0
2025-11-01T02:00:00+00:00,2.4976,2.5064,2.4877,2.5039,2001796.0
2025-11-01T03:00:00+00:00,2.5036,2.5178,2.5034,2.5144,214718.0
2025-11-01T04:00:00+00:00,2.5151,2.5219,2.5087,2.5158,348396.0
2025-11-01T05:00:00+00:00,2.5161,2.5164,2.5058,2.5068,180543.0
2025-11-01T06:00:00+00:00,2.5063,2.5082,2.4964,2.5028,332909.0
2025-11-01T07:00:00+00:00,2.503,2.5124,2.4996,2.5047,259115.0
2025-11-01T08:00:00+00:00,2.5049,2.5109,2.4992,2.5109,273580.0
2025-11-01T09:00:00+00:00,2.5106,2.514,2.4993,2.5016,262496.0
2025-11-01T10:00:00+00:00,2.5028,2.5103,2.5007,2.5061,378421.0
2025-11-01T11:00:00+00:00,2.508,2.5105,2.4969,2.4986,1901498.0
2025-11-01T12:00:00+00:00,2.4985,2.5046,2.49,2.4905,718955.0
2025-11-01T13:00:00+00:00,2.4909,2.4997,2.4818,2.4884,1247254.0
2025-11-01T14:00:00+00:00,2.4883,2.4907,2.4749,2.4827,1091596.0
2025-11-01T15:00:00+00:00,2.4819,2.5034,2.4809,2.5001,509517.0
2025-11-01T16:00:00+00:00,2.5009,2.5126,2.4975,2.5072,665221.0
2025-11-01T17:00:00+00:00,2.5069,2.5083,2.5012,2.5039,185258.0
2025-11-01T18:00:00+00:00,2.5038,2.5063,2.4947,2.5052,410922.0
2025-11-01T19:00:00+00:00,2.5046,2.5051,2.4962,2.5039,1842102.0
2025-11-01T20:00:00+00:00,2.5044,2.5113,2.5044,2.5068,263263.0
2025-11-01T21:00:00+00:00,2.5074,2.5081,2.4914,2.4914,456768.0
2025-11-01T22:00:00+00:00,2.4915,2.5021,2.4887,2.5012,284708.0
2025-11-01T23:00:00+00:00,2.5018,2.5067,2.4955,2.5038,273513.0
2025-11-02T00:00:00+00:00,2.5038,2.5046,2.4974,2.5002,285772.0
2025-11-02T01:00:00+00:00,2.501,2.5039,2.4934,2.4965,276815.0
2025-11-02T02:00:00+00:00,2.4956,2.5111,2.4938,2.5107,1325555.0
2025-11-02T03:00:00+00:00,2.5093,2.5101,2.5035,2.5057,206186.0
2025-11-02T04:00:00+00:00,2.5054,2.5257,2.5046,2.5237,773648.0
2025-11-02T05:00:00+00:00,2.5235,2.5235,2.5136,2.5197,205626.0
2025-11-02T06:00:00+00:00,2.5202,2.525,2.517,2.5212,206125.0
2025-11-02T07:00:00+00:00,2.5213,2.5352,2.5159,2.5335,1437800.0
2025-11-02T08:00:00+00:00,2.5343,2.5378,2.5239,2.5263,1026393.0
2025-11-02T09:00:00+00:00,2.5267,2.5332,2.5164,2.5186,1847035.0
2025-11-02T10:00:00+00:00,2.5189,2.5276,2.5078,2.5144,1884135.0
2025-11-02T11:00:00+00:00,2.5143,2.5536,2.5106,2.5403,1005377.0
2025-11-02T12:00:00+00:00,2.5407,2.5506,2.5336,2.5354,383251.0
2025-11-02T13:00:00+00:00,2.5351,2.5409,2.5209,2.526,822470.0
2025-11-02T14:00:00+00:00,2.5249,2.5332,2.5008,2.5133,1830921.0
2025-11-02T15:00:00+00:00,2.5149,2.5178,2.4983,2.4987,1389967.0
2025-11-02T16:00:00+00:00,2.4987,2.5028,2.4823,2.5024,1395765.0
2025-11-02T17:00:00+00:00,2.5033,2.5033,2.4922,2.4998,1736134.0
2025-11-02T18:00:00+00:00,2.4995,2.4995,2.4889,2.4929,345277.0
2025-11-02T19:00:00+00:00,2.4928,2.4933,2.4765,2.4874,1367956.0
2025-11-02T20:00:00+00:00,2.4868,2.4959,2.4828,2.4955,910252.0
2025-11-02T21:00:00+00:00,2.4955,2.5156,2.4955,2.5097,2008816.0
2025-11-02T22:00:00+00:00,2.5097,2.5097,2.4863,2.4975,1819855.0
2025-11-02T23:00:00+00:00,2.498,2.5304,2.498,2.5252,1863424.0
2025-11-03T00:00:00+00:00,2.525,2.5308,2.4992,2.5005,887284.0
2025-11-03T01:00:00+00:00,2.5002,2.5002,2.4812,2.4899,2481578.0
2025-11-03T02:00:00+00:00,2.4899,2.4934,2.4535,2.4591,5797836.0
2025-11-03T03:00:00+00:00,2.4611,2.4641,2.4254,2.4287,7023787.0
2025-11-03T04:00:00+00:00,2.4283,2.4462,2.4153,2.4452,4536964.0
2025-11-03T05:00:00+00:00,2.4446,2.4518,2.425,2.4291,2218861.0
2025-11-03T06:00:00+00:00,2.4289,2.4315,2.3861,2.4063,3741519.0
2025-11-03T07:00:00+00:00,2.4052,2.4183,2.3973,2.413,1015999.0
2025-11-03T08:00:00+00:00,2.4124,2.4204,2.3953,2.4092,1474991.0
2025-11-03T09:00:00+00:00,2.4082,2.4273,2.3959,2.3989,5408682.0
2025-11-03T10:00:00+00:00,2.3984,2.4065,2.3805,2.3861,1934816.0
2025-11-03T11:00:00+00:00,2.3866,2.4145,2.3865,2.4009,1382976.0
2025-11-03T12:00:00+00:00,2.4009,2.4112,2.4,2.4013,615088.0
2025-11-03T13:00:00+00:00,2.4001,2.4172,2.3973,2.4101,1288776.0
2025-11-03T14:00:00+00:00,2.4105,2.4268,2.4105,2.4256,943541.0
2025-11-03T15:00:00+00:00,2.4259,2.4287,2.2953,2.3259,15818889.0
2025-11-03T16:00:00+00:00,2.3264,2.3782,2.3177,2.3726,6130148.0
2025-11-03T17:00:00+00:00,2.3723,2.394,2.3649,2.3802,1600975.0
2025-11-03T18:00:00+00:00,2.3795,2.3831,2.346,2.3463,2532880.0
2025-11-03T19:00:00+00:00,2.3467,2.351,2.3206,2.3223,2226456.0
2025-11-03T20:00:00+00:00,2.3244,2.3286,2.2612,2.288,5192913.0
2025-11-03T21:00:00+00:00,2.2843,2.3114,2.2665,2.3099,3183324.0
2025-11-03T22:00:00+00:00,2.3098,2.311,2.2687,2.2992,4642975.0
2025-11-03T23:00:00+00:00,2.2992,2.3127,2.2835,2.3082,1491423.0
2025-11-04T00:00:00+00:00,2.3083,2.3437,2.2988,2.335,2046210.0
2025-11-04T01:00:00+00:00,2.3362,2.3481,2.3226,2.3412,640760.0
2025-11-04T02:00:00+00:00,2.3406,2.3513,2.3329,2.338,347410.0
2025-11-04T03:00:00+00:00,2.3381,2.3624,2.3326,2.3551,352338.0
2025-11-04T04:00:00+00:00,2.3557,2.3637,2.3358,2.3373,1393585.0
2025-11-04T05:00:00+00:00,2.337,2.3411,2.2437,2.2493,6205270.0
2025-11-04T06:00:00+00:00,2.2485,2.3072,2.2482,2.2734,3039136.0
2025-11-04T07:00:00+00:00,2.2714,2.2805,2.2309,2.2428,7277666.0
2025-11-04T08:00:00+00:00,2.2426,2.2777,2.229,2.2629,8891584.0
2025-11-04T09:00:00+00:00,2.2621,2.2681,2.2474,2.2642,3918541.0
2025-11-04T10:00:00+00:00,2.265,2.2757,2.2577,2.2654,1929799.0
2025-11-04T11:00:00+00:00,2.2659,2.2835,2.2624,2.2798,7216274.0
2025-11-04T12:00:00+00:00,2.2799,2.2891,2.2598,2.2634,703312.0
2025-11-04T13:00:00+00:00,2.2631,2.2766,2.2564,2.261,741939.0
2025-11-04T14:00:00+00:00,2.2602,2.3111,2.2414,2.303,10937080.0
2025-11-04T15:00:00+00:00,2.3035,2.3256,2.2749,2.2814,4565629.0
2025-11-04T16:00:00+00:00,2.2819,2.2943,2.2312,2.2399,2324103.0
2025-11-04T17:00:00+00:00,2.2391,2.2582,2.1956,2.2301,8296778.0
2025-11-04T18:00:00+00:00,2.2291,2.2304,2.1553,2.2117,11206676.0
2025-11-04T19:00:00+00:00,2.21,2.2236,2.1661,2.169,4586524.0
2025-11-04T20:00:00+00:00,2.1687,2.1903,2.098,2.1578,21988527.0
2025-11-04T21:00:00+00:00,2.159,2.1703,2.0668,2.1544,14823968.0
2025-11-04T22:00:00+00:00,2.156,2.2228,2.1443,2.2163,7170841.0
2025-11-04T23:00:00+00:00,2.2179,2.2284,2.2041,2.2041,1014679.0
2025-11-05T00:00:00+00:00,2.2046,2.2112,2.1613,2.174,2611410.0
2025-11-05T01:00:00+00:00,2.175,2.1788,2.1006,2.1703,7043550.0
2025-11-05T02:00:00+00:00,2.1722,2.2269,2.1722,2.2261,3861207.0
2025-11-05T03:00:00+00:00,2.2258,2.2517,2.2145,2.235,2122974.0
2025-11-05T04:00:00+00:00,2.236,2.2551,2.2254,2.244,475706.0
2025-11-05T05:00:00+00:00,2.2441,2.259,2.236,2.2412,543985.0
2025-11-05T06:00:00+00:00,2.2414,2.2521,2.2294,2.2497,402475.0
2025-11-05T07:00:00+00:00,2.2499,2.2523,2.2311,2.2455,406603.0
2025-11-05T08:00:00+00:00,2.2456,2.2456,2.2038,2.2209,1034772.0
2025-11-05T09:00:00+00:00,2.2204,2.239,2.2189,2.2366,2542283.0
2025-11-05T10:00:00+00:00,2.2361,2.2395,2.2076,2.2107,873665.0
2025-11-05T11:00:00+00:00,2.2106,2.2424,2.2103,2.2361,582835.0
2025-11-05T12:00:00+00:00,2.2358,2.2525,2.2296,2.2479,1359093.0
2025-11-05T13:00:00+00:00,2.2476,2.2882,2.24,2.2624,3203676.0
2025-11-05T14:00:00+00:00,2.262,2.2846,2.2404,2.2604,9523253.0
2025-11-05T15:00:00+00:00,2.2604,2.2763,2.2501,2.2757,1459460.0
2025-11-05T16:00:00+00:00,2.2759,2.2894,2.2531,2.2847,3131852.0
2025-11-05T17:00:00+00:00,2.2843,2.2883,2.266,2.2853,5592617.0
2025-11-05T18:00:00+00:00,2.2836,2.3078,2.2766,2.3036,2789866.0
2025-11-05T19:00:00+00:00,2.3033,2.3258,2.2923,2.3211,4124254.0
2025-11-05T20:00:00+00:00,2.3214,2.3768,2.317,2.357,4327790.0
2025-11-05T21:00:00+00:00,2.357,2.3688,2.3376,2.3392,3244050.0
2025-11-05T22:00:00+00:00,2.3391,2.3599,2.3302,2.3522,5570867.0
2025-11-05T23:00:00+00:00,2.352,2.3573,2.3415,2.3421,2235900.0
2025-11-06T00:00:00+00:00,2.3423,2.3534,2.3339,2.3445,2544258.0
2025-11-06T01:00:00+00:00,2.3443,2.3443,2.3094,2.3392,1098482.0
2025-11-06T02:00:00+00:00,2.3387,2.4143,2.3214,2.387,2544263.0
2025-11-06T03:00:00+00:00,2.3861,2.388,2.3536,2.3578,3212567.0
2025-11-06T04:00:00+00:00,2.3584,2.3633,2.3455,2.3624,443525.0
2025-11-06T05:00:00+00:00,2.3621,2.3621,2.3263,2.3281,767113.0
2025-11-06T06:00:00+00:00,2.3288,2.3355,2.3174,2.3191,4088002.0
2025-11-06T07:00:00+00:00,2.318,2.3315,2.3114,2.3256,467274.0
2025-11-06T08:00:00+00:00,2.3244,2.3312,2.3139,2.3213,304841.0
2025-11-06T09:00:00+00:00,2.3218,2.3252,2.2983,2.305,13064550.0
2025-11-06T10:00:00+00:00,2.3048,2.3159,2.2941,2.3045,5791364.0
2025-11-06T11:00:00+00:00,2.304,2.3059,2.2874,2.2986,1670611.0
2025-11-06T12:00:00+00:00,2.2991,2.3015,2.2755,2.2795,3244043.0
2025-11-06T13:00:00+00:00,2.2787,2.3088,2.2781,2.3009,1652872.0
2025-11-06T14:00:00+00:00,2.3014,2.3054,2.2546,2.257,4517594.0
2025-11-06T15:00:00+00:00,2.2564,2.2689,2.2268,2.233,5067087.0
2025-11-06T16:00:00+00:00,2.2331,2.248,2.2078,2.2273,5737256.0
2025-11-06T17:00:00+00:00,2.2269,2.2458,2.214,2.2388,3076008.0
2025-11-06T18:00:00+00:00,2.2389,2.2432,2.2099,2.2305,1925167.0
2025-11-06T19:00:00+00:00,2.2296,2.2311,2.201,2.2098,1360167.0
2025-11-06T20:00:00+00:00,2.2115,2.2238,2.1791,2.1928,2222146.0
2025-11-06T21:00:00+00:00,2.1933,2.2175,2.1791,2.2157,2722963.0
2025-11-06T22:00:00+00:00,2.2144,2.2225,2.2062,2.2188,1249074.0
2025-11-06T23:00:00+00:00,2.2172,2.2176,2.1972,2.212,1049672.0
2025-11-07T00:00:00+00:00,2.2116,2.2268,2.2038,2.2186,1152118.0
2025-11-07T01:00:00+00:00,2.2194,2.2243,2.1916,2.2176,538520.0
2025-11-07T02:00:00+00:00,2.2176,2.2217,2.2017,2.2211,581941.0
2025-11-07T03:00:00+00:00,2.2213,2.2365,2.2194,2.2282,2196974.0
2025-11-07T04:00:00+00:00,2.2281,2.2296,2.2104,2.2212,2168183.0
2025-11-07T05:00:00+00:00,2.2204,2.2375,2.2202,2.2357,662823.0
2025-11-07T06:00:00+00:00,2.2356,2.2388,2.222,2.2222,1268735.0
2025-11-07T07:00:00+00:00,2.2215,2.233,2.2162,2.233,1576473.0
2025-11-07T08:00:00+00:00,2.2324,2.2336,2.2166,2.2177,407252.0
2025-11-07T09:00:00+00:00,2.2177,2.2186,2.191,2.1994,767328.0
2025-11-07T10:00:00+00:00,2.1994,2.2098,2.1761,2.1846,1198854.0
2025-11-07T11:00:00+00:00,2.1837,2.1931,2.1627,2.1874,2279269.0
2025-11-07T12:00:00+00:00,2.187,2.1966,2.1525,2.168,1714430.0
2025-11-07T13:00:00+00:00,2.1675,2.2037,2.1575,2.1864,12346164.0
2025-11-07T14:00:00+00:00,2.1858,2.2144,2.1576,2.2043,2880246.0
2025-11-07T15:00:00+00:00,2.2041,2.2206,2.1884,2.2122,5586562.0
2025-11-07T16:00:00+00:00,2.2122,2.2777,2.2023,2.2631,6543621.0
2025-11-07T17:00:00+00:00,2.2629,2.3383,2.2503,2.3087,5716890.0
2025-11-07T18:00:00+00:00,2.3093,2.3485,2.3,2.3358,2342577.0
2025-11-07T19:00:00+00:00,2.3358,2.3548,2.3238,2.352,3450076.0
2025-11-07T20:00:00+00:00,2.3521,2.3702,2.3331,2.3632,1685270.0
2025-11-07T21:00:00+00:00,2.363,2.3641,2.3335,2.3424,1648875.0
2025-11-07T22:00:00+00:00,2.343,2.3481,2.3259,2.3289,618476.0
2025-11-07T23:00:00+00:00,2.3298,2.3306,2.3124,2.3154,1048196.0
2025-11-08T00:00:00+00:00,2.3153,2.3261,2.2975,2.2993,1420569.0
2025-11-08T01:00:00+00:00,2.3,2.3183,2.2988,2.3089,5385849.0
2025-11-08T02:00:00+00:00,2.3089,2.3317,2.3023,2.3155,1264448.0
2025-11-08T03:00:00+00:00,2.3154,2.3351,2.3116,2.3192,777201.0
2025-11-08T04:00:00+00:00,2.3185,2.335,2.3182,2.3247,925744.0
2025-11-08T05:00:00+00:00,2.3264,2.3322,2.3084,2.3137,557480.0
2025-11-08T06:00:00+00:00,2.3136,2.3232,2.2936,2.3223,717277.0
2025-11-08T07:00:00+00:00,2.3236,2.3281,2.2981,2.3216,542017.0
2025-11-08T08:00:00+00:00,2.3216,2.3325,2.3133,2.3208,437094.0
2025-11-08T09:00:00+00:00,2.3215,2.326,2.307,2.3104,1601401.0
2025-11-08T10:00:00+00:00,2.3104,2.3187,2.3073,2.3121,600697.0
2025-11-08T11:00:00+00:00,2.3121,2.3174,2.2902,2.2946,1201152.0
2025-11-08T12:00:00+00:00,2.2956,2.3006,2.2866,2.293,545781.0
2025-11-08T13:00:00+00:00,2.2929,2.2942,2.2745,2.2773,3403574.0
2025-11-08T14:00:00+00:00,2.2776,2.2844,2.2621,2.275,1870171.0
2025-11-08T15:00:00+00:00,2.275,2.2766,2.242,2.2538,669873.0
2025-11-08T16:00:00+00:00,2.2549,2.2719,2.2499,2.2634,1807755.0
2025-11-08T17:00:00+00:00,2.2636,2.2697,2.2526,2.2684,364460.0
2025-11-08T18:00:00+00:00,2.2697,2.278,2.2608,2.2767,487599.0
2025-11-08T19:00:00+00:00,2.2768,2.2768,2.2534,2.2733,591646.0
2025-11-08T20:00:00+00:00,2.2723,2.2793,2.2716,2.276,246612.0
2025-11-08T21:00:00+00:00,2.2768,2.2885,2.2739,2.285,199008.0
2025-11-08T22:00:00+00:00,2.2846,2.2879,2.2781,2.2865,226145.0
2025-11-08T23:00:00+00:00,2.2858,2.286,2.2797,2.2858,154711.0
2025-11-09T00:00:00+00:00,2.2856,2.286,2.2706,2.2724,156993.0
2025-11-09T01:00:00+00:00,2.2731,2.2848,2.2694,2.2839,169796.0
2025-11-09T02:00:00+00:00,2.2839,2.2839,2.2544,2.2576,463925.0
2025-11-09T03:00:00+00:00,2.2582,2.2638,2.237,2.2527,1208090.0
2025-11-09T04:00:00+00:00,2.2536,2.2641,2.2527,2.2606,678774.0
2025-11-09T05:00:00+00:00,2.2591,2.273,2.2519,2.27,776962.0
2025-11-09T06:00:00+00:00,2.2701,2.286,2.2671,2.2771,306629.0
2025-11-09T07:00:00+00:00,2.2787,2.2982,2.2776,2.2948,743372.0
2025-11-09T08:00:00+00:00,2.2949,2.2952,2.2748,2.2788,375955.0
2025-11-09T09:00:00+00:00,2.2811,2.2898,2.2681,2.2683,167913.0
2025-11-09T10:00:00+00:00,2.2681,2.2685,2.252,2.265,1583850.0
2025-11-09T11:00:00+00:00,2.2655,2.2774,2.2655,2.2741,851146.0
2025-11-09T12:00:00+00:00,2.2742,2.2818,2.269,2.2738,874678.0
2025-11-09T13:00:00+00:00,2.2742,2.2857,2.2702,2.2771,976125.0
2025-11-09T14:00:00+00:00,2.2763,2.3274,2.2661,2.2906,5896018.0
2025-11-09T15:00:00+00:00,2.2909,2.3335,2.2892,2.3144,1705427.0
2025-11-09T16:00:00+00:00,2.3144,2.331,2.3006,2.3262,1182838.0
2025-11-09T17:00:00+00:00,2.3258,2.3264,2.3027,2.3078,1539514.0
2025-11-09T18:00:00+00:00,2.309,2.3296,2.3017,2.3273,1047296.0
2025-11-09T19:00:00+00:00,2.3275,2.3487,2.3226,2.3482,1584236.0
2025-11-09T20:00:00+00:00,2.3486,2.3543,2.3357,2.3392,1247457.0
2025-11-09T21:00:00+00:00,2.3392,2.3431,2.3311,2.3374,574740.0
2025-11-09T22:00:00+00:00,2.3373,2.3537,2.3234,2.3537,977233.0
2025-11-09T23:00:00+00:00,2.3535,2.3939,2.3535,2.3654,2383351.0
2025-11-10T00:00:00+00:00,2.3652,2.4276,2.3455,2.4156,4923242.0
2025-11-10T01:00:00+00:00,2.4156,2.4278,2.3938,2.3993,3346263.0
2025-11-10T02:00:00+00:00,2.3995,2.4241,2.3866,2.4241,1926517.0
2025-11-10T03:00:00+00:00,2.4241,2.4778,2.4241,2.4621,3683390.0
2025-11-10T04:00:00+00:00,2.4627,2.4735,2.4524,2.4647,1446799.0
2025-11-10T05:00:00+00:00,2.4663,2.4712,2.4386,2.4538,3493648.0
2025-11-10T06:00:00+00:00,2.4533,2.4746,2.4428,2.4723,870461.0
2025-11-10T07:00:00+00:00,2.4727,2.4924,2.468,2.481,1006773.0
2025-11-10T08:00:00+00:00,2.4803,2.4982,2.4692,2.4958,2187760.0
2025-11-10T09:00:00+00:00,2.4956,2.5452,2.4836,2.5374,2058023.0
2025-11-10T10:00:00+00:00,2.5382,2.5526,2.5228,2.54,2021525.0
2025-11-10T11:00:00+00:00,2.541,2.5731,2.5377,2.5402,3223466.0
2025-11-10T12:00:00+00:00,2.5404,2.5439,2.5221,2.5291,1388676.0
2025-11-10T13:00:00+00:00,2.5298,2.5698,2.5298,2.556,1933656.0
2025-11-10T14:00:00+00:00,2.5552,2.56,2.4979,2.5093,4292151.0
2025-11-10T15:00:00+00:00,2.509,2.5347,2.4998,2.5292,1929318.0
2025-11-10T16:00:00+00:00,2.5295,2.5571,2.5132,2.5286,2713001.0
2025-11-10T17:00:00+00:00,2.5283,2.5638,2.5239,2.5504,2621465.0
2025-11-10T18:00:00+00:00,2.5505,2.5545,2.5333,2.5384,1896181.0
2025-11-10T19:00:00+00:00,2.5388,2.5616,2.5388,2.5483,2263599.0
2025-11-10T20:00:00+00:00,2.5479,2.5815,2.5427,2.5623,4647799.0
2025-11-10T21:00:00+00:00,2.5632,2.5656,2.5106,2.5169,3642440.0
2025-11-10T22:00:00+00:00,2.517,2.5342,2.5128,2.5301,1709172.0
2025-11-10T23:00:00+00:00,2.532,2.541,2.5232,2.5259,702635.0
2025-11-11T00:00:00+00:00,2.5259,2.5465,2.5138,2.5393,1595541.0
2025-11-11T01:00:00+00:00,2.541,2.5708,2.5205,2.5239,2658439.0
2025-11-11T02:00:00+00:00,2.5244,2.56,2.5151,2.5382,1578398.0
2025-11-11T03:00:00+00:00,2.5382,2.5484,2.5297,2.5305,1132550.0
2025-11-11T04:00:00+00:00,2.5298,2.5323,2.4932,2.4993,1775035.0
2025-11-11T05:00:00+00:00,2.5006,2.5019,2.4731,2.4754,1992126.0
2025-11-11T06:00:00+00:00,2.4754,2.4766,2.4564,2.4726,1028553.0
2025-11-11T07:00:00+00:00,2.4726,2.4793,2.4442,2.4464,2570639.0
2025-11-11T08:00:00+00:00,2.4463,2.4583,2.4392,2.4532,1746422.0
2025-11-11T09:00:00+00:00,2.4531,2.4659,2.4516,2.4564,827969.0
2025-11-11T10:00:00+00:00,2.4556,2.4665,2.4555,2.4624,399983.0
2025-11-11T11:00:00+00:00,2.462,2.4695,2.4549,2.4593,313766.0
2025-11-11T12:00:00+00:00,2.4598,2.4652,2.4476,2.4558,575374.0
2025-11-11T13:00:00+00:00,2.4563,2.4695,2.4384,2.4432,6659587.0
2025-11-11T14:00:00+00:00,2.4431,2.4648,2.4309,2.4619,4865771.0
2025-11-11T15:00:00+00:00,2.461,2.461,2.4248,2.4356,1550316.0
2025-11-11T16:00:00+00:00,2.436,2.4404,2.4247,2.43,1455595.0
2025-11-11T17:00:00+00:00,2.4304,2.4404,2.4086,2.43,7473200.0
2025-11-11T18:00:00+00:00,2.43,2.4392,2.4221,2.4243,1553743.0
2025-11-11T19:00:00+00:00,2.4241,2.4312,2.4101,2.4148,1633177.0
2025-11-11T20:00:00+00:00,2.4153,2.4215,2.3978,2.408,1485324.0
2025-11-11T21:00:00+00:00,2.4076,2.4157,2.3863,2.3866,1220813.0
2025-11-11T22:00:00+00:00,2.386,2.4115,2.3779,2.4023,1981208.0
2025-11-11T23:00:00+00:00,2.4024,2.4031,2.386,2.3897,1608906.0
2025-11-12T00:00:00+00:00,2.3905,2.406,2.381,2.3832,2186111.0
2025-11-12T01:00:00+00:00,2.384,2.4128,2.3809,2.4049,543034.0
2025-11-12T02:00:00+00:00,2.4049,2.4049,2.3817,2.393,543568.0
2025-11-12T03:00:00+00:00,2.3929,2.4021,2.3891,2.3979,448734.0
2025-11-12T04:00:00+00:00,2.3987,2.3988,2.3882,2.3942,325257.0
2025-11-12T05:00:00+00:00,2.3944,2.4072,2.3909,2.3993,590623.0
2025-11-12T06:00:00+00:00,2.3995,2.4033,2.3879,2.3882,629347.0
2025-11-12T07:00:00+00:00,2.3879,2.3915,2.3651,2.3721,1179840.0
2025-11-12T08:00:00+00:00,2.3724,2.4146,2.3711,2.4052,1165319.0
2025-11-12T09:00:00+00:00,2.4043,2.4261,2.4012,2.4185,2109315.0
2025-11-12T10:00:00+00:00,2.4179,2.4304,2.4163,2.4227,716869.0
2025-11-12T11:00:00+00:00,2.4223,2.4386,2.4221,2.4372,1440153.0
2025-11-12T12:00:00+00:00,2.4376,2.4466,2.4317,2.4429,1371678.0
2025-11-12T13:00:00+00:00,2.4424,2.4485,2.4278,2.446,1240052.0
2025-11-12T14:00:00+00:00,2.4454,2.4479,2.3944,2.4119,3100162.0
2025-11-12T15:00:00+00:00,2.4109,2.4233,2.362,2.3678,3759453.0
2025-11-12T16:00:00+00:00,2.3669,2.3721,2.3262,2.3351,5425379.0
2025-11-12T17:00:00+00:00,2.337,2.3555,2.325,2.3475,1775507.0
2025-11-12T18:00:00+00:00,2.3475,2.3545,2.3405,2.3427,1135030.0
2025-11-12T19:00:00+00:00,2.3421,2.3509,2.3148,2.3375,2038145.0
2025-11-12T20:00:00+00:00,2.3363,2.3568,2.332,2.354,5868012.0
2025-11-12T21:00:00+00:00,2.3535,2.3937,2.3534,2.3927,2955990.0
2025-11-12T22:00:00+00:00,2.3928,2.3928,2.3632,2.3789,1324929.0
2025-11-12T23:00:00+00:00,2.3792,2.3908,2.3683,2.3876,1107838.0
2025-11-13T00:00:00+00:00,2.3876,2.4056,2.3827,2.391,4185188.0
2025-11-13T01:00:00+00:00,2.3907,2.4167,2.3907,2.4027,2253613.0
2025-11-13T02:00:00+00:00,2.4038,2.4259,2.4031,2.4215,1192570.0
2025-11-13T03:00:00+00:00,2.4216,2.5114,2.3896,2.4825,6515929.0
2025-11-13T04:00:00+00:00,2.4836,2.4901,2.4507,2.4731,4505623.0
2025-11-13T05:00:00+00:00,2.4732,2.4995,2.4555,2.4944,2648107.0
2025-11-13T06:00:00+00:00,2.4943,2.5189,2.4908,2.5017,1576744.0
2025-11-13T07:00:00+00:00,2.5018,2.5205,2.483,2.4872,4836158.0
2025-11-13T08:00:00+00:00,2.4872,2.5136,2.485,2.5006,3149086.0
2025-11-13T09:00:00+00:00,2.5007,2.5106,2.4713,2.4978,2179422.0
2025-11-13T10:00:00+00:00,2.4987,2.5265,2.4939,2.4989,2406139.0
2025-11-13T11:00:00+00:00,2.5004,2.5139,2.486,2.4942,4605024.0
2025-11-13T12:00:00+00:00,2.4954,2.5,2.4707,2.4804,3178304.0
2025-11-13T13:00:00+00:00,2.4807,2.4863,2.4453,2.4582,4417830.0
2025-11-13T14:00:00+00:00,2.4583,2.5167,2.4481,2.5016,9146831.0
2025-11-13T15:00:00+00:00,2.5011,2.5012,2.4203,2.4334,8702642.0
2025-11-13T16:00:00+00:00,2.4317,2.4423,2.3944,2.399,9517269.0
2025-11-13T17:00:00+00:00,2.4004,2.409,2.3527,2.355,8913136.0
2025-11-13T18:00:00+00:00,2.3549,2.3768,2.328,2.3412,27687926.0
2025-11-13T19:00:00+00:00,2.3413,2.3542,2.3109,2.3151,17641324.0
2025-11-13T20:00:00+00:00,2.3151,2.3223,2.2601,2.2988,31099322.0
2025-11-13T21:00:00+00:00,2.2964,2.3058,2.2782,2.2903,2773959.0
2025-11-13T22:00:00+00:00,2.2903,2.3304,2.2822,2.3271,3106266.0
2025-11-13T23:00:00+00:00,2.3269,2.3453,2.3073,2.3212,5599617.0
2025-11-14T00:00:00+00:00,2.3212,2.3312,2.2897,2.2959,2560552.0
2025-11-14T01:00:00+00:00,2.2964,2.3158,2.2889,2.3059,1027204.0
2025-11-14T02:00:00+00:00,2.3072,2.337,2.3056,2.3269,1223142.0
2025-11-14T03:00:00+00:00,2.3269,2.329,2.3028,2.3146,3012777.0
2025-11-14T04:00:00+00:00,2.3149,2.3151,2.2452,2.2896,6779649.0
2025-11-14T05:00:00+00:00,2.289,2.3179,2.2807,2.3118,2271755.0
2025-11-14T06:00:00+00:00,2.312,2.3193,2.2665,2.3179,1214813.0
2025-11-14T07:00:00+00:00,2.318,2.3258,2.2967,2.3071,1907847.0
2025-11-14T08:00:00+00:00,2.3069,2.3092,2.2821,2.2954,718250.0
2025-11-14T09:00:00+00:00,2.2955,2.3083,2.2737,2.2777,987617.0
2025-11-14T10:00:00+00:00,2.2768,2.2991,2.2761,2.2852,760077.0
2025-11-14T11:00:00+00:00,2.2846,2.2895,2.2555,2.2688,5414374.0
2025-11-14T12:00:00+00:00,2.2681,2.3592,2.2265,2.2884,37913711.0
2025-11-14T13:00:00+00:00,2.2885,2.3015,2.2555,2.2719,7071152.0
2025-11-14T14:00:00+00:00,2.2724,2.316,2.248,2.304,8246853.0
2025-11-14T15:00:00+00:00,2.3044,2.329,2.2855,2.3142,2811240.0
2025-11-14T16:00:00+00:00,2.3147,2.3422,2.293,2.3335,2502611.0
2025-11-14T17:00:00+00:00,2.3326,2.3411,2.2994,2.3088,2203027.0
2025-11-14T18:00:00+00:00,2.312,2.3299,2.2778,2.2918,8197049.0
2025-11-14T19:00:00+00:00,2.2918,2.3196,2.2759,2.311,3324876.0
2025-11-14T20:00:00+00:00,2.312,2.3165,2.252,2.2637,7272357.0
2025-11-14T21:00:00+00:00,2.2633,2.2906,2.257,2.2785,1228240.0
2025-11-14T22:00:00+00:00,2.2786,2.2874,2.2547,2.2618,1218950.0
2025-11-14T23:00:00+00:00,2.263,2.2809,2.2262,2.2466,12427809.0
2025-11-15T00:00:00+00:00,2.2464,2.2727,2.2449,2.2712,1332676.0
2025-11-15T01:00:00+00:00,2.271,2.2872,2.2582,2.2827,772974.0
2025-11-15T02:00:00+00:00,2.2825,2.3038,2.2733,2.3036,1883512.0
2025-11-15T03:00:00+00:00,2.3027,2.3052,2.2945,2.2957,2279215.0
2025-11-15T04:00:00+00:00,2.2961,2.298,2.2779,2.2853,635495.0
2025-11-15T05:00:00+00:00,2.2843,2.2883,2.275,2.2778,213823.0
2025-11-15T06:00:00+00:00,2.2779,2.2954,2.2754,2.2809,329749.0
2025-11-15T07:00:00+00:00,2.2813,2.2903,2.2766,2.287,201686.0
2025-11-15T08:00:00+00:00,2.2873,2.2876,2.2437,2.2521,792608.0
2025-11-15T09:00:00+00:00,2.2519,2.269,2.2468,2.2591,1754693.0
2025-11-15T10:00:00+00:00,2.2592,2.2686,2.252,2.2667,547980.0
2025-11-15T11:00:00+00:00,2.2665,2.2687,2.2546,2.2594,425674.0
2025-11-15T12:00:00+00:00,2.2591,2.2669,2.247,2.2638,405836.0
2025-11-15T13:00:00+00:00,2.2634,2.2807,2.2582,2.2711,483136.0
2025-11-15T14:00:00+00:00,2.2715,2.2752,2.2574,2.2621,316158.0
2025-11-15T15:00:00+00:00,2.2611,2.2624,2.2515,2.2564,959150.0
2025-11-15T16:00:00+00:00,2.256,2.2574,2.23,2.2493,1532087.0
2025-11-15T17:00:00+00:00,2.2501,2.273,2.2449,2.2625,1047838.0
2025-11-15T18:00:00+00:00,2.263,2.2685,2.254,2.2596,609922.0
2025-11-15T19:00:00+00:00,2.2597,2.2674,2.2529,2.2574,1063593.0
2025-11-15T20:00:00+00:00,2.2576,2.2623,2.2372,2.2414,1081714.0
2025-11-15T21:00:00+00:00,2.2416,2.255,2.2061,2.2264,14628268.0
2025-11-15T22:00:00+00:00,2.2265,2.2436,2.2221,2.2401,1250889.0
2025-11-15T23:00:00+00:00,2.2395,2.243,2.2291,2.2367,492964.0
2025-11-16T00:00:00+00:00,2.237,2.2375,2.2034,2.217,3456843.0
2025-11-16T01:00:00+00:00,2.2173,2.2221,2.1891,2.2108,1009328.0
2025-11-16T02:00:00+00:00,2.2106,2.2517,2.206,2.2441,1355421.0
2025-11-16T03:00:00+00:00,2.2451,2.2558,2.2388,2.2497,669978.0
2025-11-16T04:00:00+00:00,2.2505,2.254,2.2388,2.247,601101.0
2025-11-16T05:00:00+00:00,2.247,2.2647,2.2461,2.2582,785685.0
2025-11-16T06:00:00+00:00,2.258,2.27,2.2541,2.2602,714498.0
2025-11-16T07:00:00+00:00,2.2606,2.2682,2.2581,2.2671,401410.0
2025-11-16T08:00:00+00:00,2.2672,2.2716,2.2528,2.2648,476024.0
2025-11-16T09:00:00+00:00,2.2648,2.2789,2.2566,2.2778,3632672.0
2025-11-16T10:00:00+00:00,2.2775,2.2806,2.2697,2.2713,3437464.0
2025-11-16T11:00:00+00:00,2.2716,2.2732,2.2309,2.2358,1391162.0
2025-11-16T12:00:00+00:00,2.236,2.2469,2.2272,2.2361,1299203.0
2025-11-16T13:00:00+00:00,2.2356,2.239,2.2053,2.2169,1201399.0
2025-11-16T14:00:00+00:00,2.2171,2.232,2.2107,2.2242,591813.0
2025-11-16T15:00:00+00:00,2.2243,2.2243,2.1841,2.188,7097350.0
2025-11-16T16:00:00+00:00,2.1877,2.2015,2.1625,2.1713,3942253.0
2025-11-16T17:00:00+00:00,2.1716,2.1831,2.1571,2.1765,3106262.0
2025-11-16T18:00:00+00:00,2.1758,2.233,2.1758,2.1894,3506358.0
2025-11-16T19:00:00+00:00,2.1892,2.2281,2.1882,2.2169,2982594.0
2025-11-16T20:00:00+00:00,2.217,2.2326,2.2057,2.207,2603642.0
2025-11-16T21:00:00+00:00,2.2073,2.2073,2.1835,2.1978,5105523.0
2025-11-16T22:00:00+00:00,2.1978,2.2281,2.1727,2.2082,5627999.0
2025-11-16T23:00:00+00:00,2.2082,2.23,2.1659,2.2157,5251999.0
2025-11-17T00:00:00+00:00,2.2157,2.254,2.1992,2.2431,9157285.0
2025-11-17T01:00:00+00:00,2.2432,2.2482,2.2292,2.2296,2210166.0
2025-11-17T02:00:00+00:00,2.2297,2.2481,2.2254,2.2412,1217932.0
2025-11-17T03:00:00+00:00,2.2413,2.2654,2.2411,2.2588,1519158.0
2025-11-17T04:00:00+00:00,2.259,2.269,2.251,2.2536,1389089.0
2025-11-17T05:00:00+00:00,2.2537,2.2576,2.2414,2.2552,1337288.0
2025-11-17T06:00:00+00:00,2.2559,2.2659,2.251,2.263,1749136.0
2025-11-17T07:00:00+00:00,2.2639,2.2708,2.2612,2.2659,469926.0
2025-11-17T08:00:00+00:00,2.2658,2.2758,2.2636,2.2682,1169283.0
2025-11-17T09:00:00+00:00,2.2683,2.2841,2.2609,2.2753,1891476.0
2025-11-17T10:00:00+00:00,2.2755,2.2801,2.2678,2.2747,573833.0
2025-11-17T11:00:00+00:00,2.2748,2.2796,2.2681,2.2736,1342744.0
2025-11-17T12:00:00+00:00,2.2735,2.2739,2.2572,2.2627,2605151.0
2025-11-17T13:00:00+00:00,2.2629,2.2684,2.1939,2.2126,15426553.0
2025-11-17T14:00:00+00:00,2.212,2.3257,2.1955,2.2579,29080309.0
2025-11-17T15:00:00+00:00,2.2587,2.271,2.2072,2.2109,6237635.0
2025-11-17T16:00:00+00:00,2.211,2.2246,2.1716,2.2211,3179828.0
2025-11-17T17:00:00+00:00,2.2204,2.223,2.16,2.1652,2033391.0
2025-11-17T18:00:00+00:00,2.1654,2.1747,2.1423,2.1496,2586525.0
2025-11-17T19:00:00+00:00,2.1502,2.1564,2.1217,2.1281,2588415.0
2025-11-17T20:00:00+00:00,2.1281,2.1542,2.1161,2.153,4059972.0
2025-11-17T21:00:00+00:00,2.153,2.1595,2.1364,2.1548,1926682.0
2025-11-17T22:00:00+00:00,2.1549,2.1747,2.1469,2.1662,2652153.0
2025-11-17T23:00:00+00:00,2.1663,2.1746,2.1516,2.1657,2296447.0
2025-11-18T00:00:00+00:00,2.1657,2.1706,2.1224,2.1546,2966559.0
2025-11-18T01:00:00+00:00,2.1546,2.1667,2.1436,2.1465,1675152.0
2025-11-18T02:00:00+00:00,2.1465,2.1692,2.1168,2.1284,2590918.0
2025-11-18T03:00:00+00:00,2.1284,2.1791,2.1081,2.1669,4074031.0
2025-11-18T04:00:00+00:00,2.1672,2.1729,2.1371,2.1687,3338807.0
2025-11-18T05:00:00+00:00,2.169,2.1796,2.1512,2.1594,2546185.0
2025-11-18T06:00:00+00:00,2.159,2.1685,2.1375,2.1435,1410030.0
2025-11-18T07:00:00+00:00,2.1432,2.1687,2.127,2.1634,1468513.0
2025-11-18T08:00:00+00:00,2.163,2.2,2.163,2.1901,3037134.0
2025-11-18T09:00:00+00:00,2.1897,2.1941,2.1692,2.1836,1511928.0
2025-11-18T10:00:00+00:00,2.1842,2.196,2.1839,2.1956,1428835.0
2025-11-18T11:00:00+00:00,2.1956,2.2043,2.1786,2.1859,2084161.0
2025-11-18T12:00:00+00:00,2.1864,2.197,2.1723,2.1893,1890163.0
2025-11-18T13:00:00+00:00,2.1894,2.1894,2.1533,2.1714,2625904.0
2025-11-18T14:00:00+00:00,2.1716,2.2031,2.1651,2.1737,4220150.0
2025-11-18T15:00:00+00:00,2.1723,2.2307,2.1587,2.2155,6800810.0
2025-11-18T16:00:00+00:00,2.2156,2.2411,2.2027,2.2271,2297801.0
2025-11-18T17:00:00+00:00,2.2273,2.2311,2.2113,2.2221,972118.0
2025-11-18T18:00:00+00:00,2.222,2.2386,2.2197,2.2315,2527147.0
2025-11-18T19:00:00+00:00,2.2308,2.2414,2.2244,2.2296,970646.0
2025-11-18T20:00:00+00:00,2.2296,2.2429,2.2254,2.2297,869177.0
2025-11-18T21:00:00+00:00,2.2289,2.23,2.2045,2.2067,824610.0
2025-11-18T22:00:00+00:00,2.2068,2.2357,2.2065,2.2277,2746728.0
2025-11-18T23:00:00+00:00,2.2277,2.229,2.2121,2.2183,2618764.0
2025-11-19T00:00:00+00:00,2.2184,2.2186,2.1939,2.2073,1738398.0
2025-11-19T01:00:00+00:00,2.2082,2.2184,2.1983,2.2089,960217.0
2025-11-19T02:00:00+00:00,2.2089,2.2205,2.2024,2.2117,567228.0
2025-11-19T03:00:00+00:00,2.2116,2.2125,2.1811,2.186,3183430.0
2025-11-19T04:00:00+00:00,2.1858,2.189,2.1684,2.1689,1864861.0
2025-11-19T05:00:00+00:00,2.169,2.1727,2.1274,2.1395,2477193.0
2025-11-19T06:00:00+00:00,2.1397,2.1532,2.1334,2.1515,1690452.0
2025-11-19T07:00:00+00:00,2.1514,2.1719,2.1472,2.1695,996138.0
2025-11-19T08:00:00+00:00,2.1687,2.1706,2.1503,2.1542,961528.0
2025-11-19T09:00:00+00:00,2.1544,2.1544,2.1301,2.1414,1958329.0
2025-11-19T10:00:00+00:00,2.1413,2.1505,2.1322,2.1336,1550651.0
2025-11-19T11:00:00+00:00,2.1337,2.1454,2.1303,2.1315,4630836.0
2025-11-19T12:00:00+00:00,2.1318,2.1435,2.1254,2.1417,1138324.0
2025-11-19T13:00:00+00:00,2.1417,2.1417,2.1182,2.1232,1972872.0
2025-11-19T14:00:00+00:00,2.1228,2.1274,2.0971,2.1244,3618087.0
2025-11-19T15:00:00+00:00,2.1246,2.1496,2.082,2.0861,4889970.0
2025-11-19T16:00:00+00:00,2.0861,2.103,2.0732,2.0799,4354810.0
2025-11-19T17:00:00+00:00,2.0802,2.0893,2.0439,2.0586,7018938.0
2025-11-19T18:00:00+00:00,2.0562,2.0697,2.036,2.048,4749838.0
2025-11-19T19:00:00+00:00,2.0487,2.0507,2.031,2.038,3098388.0
2025-11-19T20:00:00+00:00,2.0381,2.0571,2.0277,2.0527,3335728.0
2025-11-19T21:00:00+00:00,2.0523,2.0981,2.046,2.0939,5899725.0
2025-11-19T22:00:00+00:00,2.093,2.0986,2.0724,2.0945,2358972.0
2025-11-19T23:00:00+00:00,2.0945,2.1175,2.0928,2.1108,2480386.0
2025-11-20T00:00:00+00:00,2.1108,2.1264,2.0973,2.112,1684724.0
2025-11-20T01:00:00+00:00,2.1128,2.1353,2.1108,2.1276,904696.0
2025-11-20T02:00:00+00:00,2.1285,2.1399,2.1241,2.1321,1109063.0
2025-11-20T03:00:00+00:00,2.1321,2.1416,2.1306,2.1351,1333299.0
2025-11-20T04:00:00+00:00,2.1355,2.1479,2.1205,2.1478,1023225.0
2025-11-20T05:00:00+00:00,2.1477,2.1512,2.1373,2.1433,1844883.0
2025-11-20T06:00:00+00:00,2.1434,2.1491,2.1207,2.1311,885834.0
2025-11-20T07:00:00+00:00,2.1312,2.1438,2.1254,2.142,1160108.0
2025-11-20T08:00:00+00:00,2.1419,2.143,2.1283,2.1312,495911.0
2025-11-20T09:00:00+00:00,2.1312,2.1312,2.1122,2.1197,874306.0
2025-11-20T10:00:00+00:00,2.1204,2.1279,2.1141,2.1226,310598.0
2025-11-20T11:00:00+00:00,2.1226,2.1233,2.1096,2.1173,657347.0
2025-11-20T12:00:00+00:00,2.1173,2.133,2.1116,2.1271,759289.0
2025-11-20T13:00:00+00:00,2.1277,2.1453,2.1161,2.1229,1667795.0
2025-11-20T14:00:00+00:00,2.1231,2.1398,2.0944,2.1243,3029973.0
2025-11-20T15:00:00+00:00,2.126,2.126,2.0841,2.0867,2164943.0
2025-11-20T16:00:00+00:00,2.0861,2.0885,2.0019,2.0105,12799487.0
2025-11-20T17:00:00+00:00,2.0102,2.0166,1.9825,2.0052,7276767.0
2025-11-20T18:00:00+00:00,2.0044,2.0155,1.9851,1.9891,3212948.0
2025-11-20T19:00:00+00:00,1.9888,2.0107,1.9756,2.0084,4034395.0
2025-11-20T20:00:00+00:00,2.0079,2.0227,1.988,2.0055,3754414.0
2025-11-20T21:00:00+00:00,2.0049,2.0361,2.0049,2.0226,1504709.0
2025-11-20T22:00:00+00:00,2.0223,2.0544,2.0212,2.0446,1809191.0
2025-11-20T23:00:00+00:00,2.0436,2.0464,1.9976,2.0003,6261854.0
2025-11-21T00:00:00+00:00,2.0007,2.0241,1.9997,2.0178,5303408.0
2025-11-21T01:00:00+00:00,2.0179,2.0319,2.0065,2.0174,3489881.0
2025-11-21T02:00:00+00:00,2.0167,2.0181,1.9604,1.9648,5506048.0
2025-11-21T03:00:00+00:00,1.9648,2.0022,1.9647,1.9816,3031319.0
2025-11-21T04:00:00+00:00,1.9806,1.9916,1.958,1.9864,17397477.0
2025-11-21T05:00:00+00:00,1.9855,1.9965,1.976,1.9819,6421079.0
2025-11-21T06:00:00+00:00,1.9821,1.9852,1.9544,1.9691,970564.0
2025-11-21T07:00:00+00:00,1.969,1.9761,1.8441,1.9194,18833334.0
2025-11-21T08:00:00+00:00,1.9195,1.9564,1.9155,1.9319,5596457.0
2025-11-21T09:00:00+00:00,1.9327,1.9511,1.9003,1.9028,4228599.0
2025-11-21T10:00:00+00:00,1.903,1.9128,1.8868,1.8982,3614043.0
2025-11-21T11:00:00+00:00,1.8978,1.9154,1.8743,1.8756,2580717.0
2025-11-21T12:00:00+00:00,1.8756,1.9218,1.821,1.9081,8210685.0
2025-11-21T13:00:00+00:00,1.9083,1.9419,1.9022,1.93,4048464.0
2025-11-21T14:00:00+00:00,1.9301,1.9649,1.9159,1.9512,3755242.0
2025-11-21T15:00:00+00:00,1.951,1.9555,1.9035,1.9095,3111710.0
2025-11-21T16:00:00+00:00,1.9108,1.9574,1.8854,1.9562,4393347.0
2025-11-21T17:00:00+00:00,1.9564,1.9975,1.9504,1.9753,5804738.0
2025-11-21T18:00:00+00:00,1.9759,1.9862,1.9305,1.9648,3636599.0
2025-11-21T19:00:00+00:00,1.9646,1.972,1.9403,1.9473,860534.0
2025-11-21T20:00:00+00:00,1.9473,1.953,1.9211,1.9419,2022378.0
2025-11-21T21:00:00+00:00,1.9426,1.965,1.9233,1.9536,1745958.0
2025-11-21T22:00:00+00:00,1.9533,1.9618,1.9079,1.9092,2483232.0
2025-11-21T23:00:00+00:00,1.9087,1.9536,1.899,1.9507,1183960.0
2025-11-22T00:00:00+00:00,1.9507,1.9577,1.9311,1.9433,644524.0
2025-11-22T01:00:00+00:00,1.9438,1.9607,1.9386,1.96,296935.0
2025-11-22T02:00:00+00:00,1.9608,1.963,1.9376,1.9497,482212.0
2025-11-22T03:00:00+00:00,1.9502,1.9586,1.943,1.9485,271600.0
2025-11-22T04:00:00+00:00,1.9485,1.95,1.9145,1.9357,764967.0
2025-11-22T05:00:00+00:00,1.9346,1.9399,1.9134,1.9302,555315.0
2025-11-22T06:00:00+00:00,1.931,1.9564,1.921,1.9542,724293.0
2025-11-22T07:00:00+00:00,1.9535,1.9572,1.9432,1.9531,762497.0
2025-11-22T08:00:00+00:00,1.953,1.9532,1.9073,1.9144,884949.0
2025-11-22T09:00:00+00:00,1.9144,1.9258,1.9075,1.9131,556580.0
2025-11-22T10:00:00+00:00,1.9132,1.921,1.8979,1.9018,779004.0
2025-11-22T11:00:00+00:00,1.9012,1.9257,1.8942,1.9174,416266.0
2025-11-22T12:00:00+00:00,1.9167,1.9172,1.894,1.9032,554544.0
2025-11-22T13:00:00+00:00,1.9036,1.9109,1.8884,1.8961,488716.0
2025-11-22T14:00:00+00:00,1.8967,1.9298,1.8953,1.9284,657152.0
2025-11-22T15:00:00+00:00,1.928,1.9385,1.921,1.9286,782010.0
2025-11-22T16:00:00+00:00,1.9288,1.9512,1.9268,1.9444,657960.0
2025-11-22T17:00:00+00:00,1.9443,1.9443,1.9266,1.9296,3946755.0
2025-11-22T18:00:00+00:00,1.9297,1.9323,1.9212,1.9304,1028659.0
2025-11-22T19:00:00+00:00,1.9311,1.939,1.9245,1.9271,418151.0
2025-11-22T20:00:00+00:00,1.927,1.9356,1.9194,1.9271,662120.0
2025-11-22T21:00:00+00:00,1.9263,1.9364,1.9242,1.9357,267189.0
2025-11-22T22:00:00+00:00,1.9361,1.9665,1.9285,1.9573,738069.0
2025-11-22T23:00:00+00:00,1.9572,1.9607,1.9446,1.9495,460082.0
2025-11-23T00:00:00+00:00,1.9498,1.9619,1.9489,1.959,643894.0
2025-11-23T01:00:00+00:00,1.9592,2.005,1.9567,1.9994,3730922.0
2025-11-23T02:00:00+00:00,1.9994,2.05,1.9962,2.0318,2520776.0
2025-11-23T03:00:00+00:00,2.0312,2.0455,2.0219,2.0294,2032679.0
2025-11-23T04:00:00+00:00,2.0298,2.0748,2.0294,2.0645,1571170.0
2025-11-23T05:00:00+00:00,2.0647,2.0651,2.0387,2.056,773089.0
2025-11-23T06:00:00+00:00,2.0569,2.0587,2.0358,2.0359,1690002.0
2025-11-23T07:00:00+00:00,2.0361,2.0393,2.0155,2.0262,2419721.0
2025-11-23T08:00:00+00:00,2.0258,2.0389,2.0257,2.0369,613483.0
2025-11-23T09:00:00+00:00,2.0368,2.051,2.0354,2.0455,1843007.0
2025-11-23T10:00:00+00:00,2.0456,2.0473,2.0311,2.0341,654605.0
2025-11-23T11:00:00+00:00,2.0341,2.0341,2.0218,2.0298,361041.0
2025-11-23T12:00:00+00:00,2.0303,2.0491,2.0287,2.0418,508051.0
2025-11-23T13:00:00+00:00,2.0416,2.049,2.0321,2.0476,1221430.0
2025-11-23T14:00:00+00:00,2.0477,2.0621,2.0371,2.0386,2428539.0
2025-11-23T15:00:00+00:00,2.0395,2.0654,2.0354,2.0619,2314478.0
2025-11-23T16:00:00+00:00,2.0619,2.0796,2.0511,2.0525,1936009.0
2025-11-23T17:00:00+00:00,2.0533,2.0562,2.0399,2.0457,1942510.0
2025-11-23T18:00:00+00:00,2.0454,2.0735,2.0448,2.0611,1680458.0
2025-11-23T19:00:00+00:00,2.0614,2.0784,2.0574,2.0737,588774.0
2025-11-23T20:00:00+00:00,2.0746,2.0838,2.0649,2.0675,604878.0
2025-11-23T21:00:00+00:00,2.0675,2.0814,2.0547,2.0781,765781.0
2025-11-23T22:00:00+00:00,2.0781,2.0816,2.0585,2.0738,807313.0
2025-11-23T23:00:00+00:00,2.0745,2.0764,2.0417,2.0482,4380965.0
2025-11-24T00:00:00+00:00,2.0482,2.0667,2.0228,2.0465,5546888.0
2025-11-24T01:00:00+00:00,2.0463,2.0635,2.0302,2.0572,950581.0
2025-11-24T02:00:00+00:00,2.0573,2.1092,2.0558,2.0915,12918897.0
2025-11-24T03:00:00+00:00,2.0914,2.0983,2.0767,2.0864,1686456.0
2025-11-24T04:00:00+00:00,2.0864,2.0879,2.0453,2.058,4318932.0
2025-11-24T05:00:00+00:00,2.0568,2.1033,2.0556,2.0899,4764839.0
2025-11-24T06:00:00+00:00,2.0902,2.0919,2.0637,2.071,531887.0
2025-11-24T07:00:00+00:00,2.0705,2.0746,2.0584,2.0627,1510661.0
2025-11-24T08:00:00+00:00,2.062,2.0761,2.0546,2.0733,1450360.0
2025-11-24T09:00:00+00:00,2.0733,2.0779,2.038,2.0431,1885722.0
2025-11-24T10:00:00+00:00,2.0431,2.0647,2.0424,2.0599,623296.0
2025-11-24T11:00:00+00:00,2.0598,2.0633,2.0508,2.0581,202388.0
2025-11-24T12:00:00+00:00,2.0582,2.0687,2.0481,2.0647,390001.0
2025-11-24T13:00:00+00:00,2.0645,2.1008,2.0625,2.0844,2461833.0
2025-11-24T14:00:00+00:00,2.0842,2.1026,2.0499,2.0729,3302066.0
2025-11-24T15:00:00+00:00,2.0744,2.0972,2.0683,2.0911,2422076.0
2025-11-24T16:00:00+00:00,2.0909,2.1225,2.0869,2.1175,2253157.0
2025-11-24T17:00:00+00:00,2.1178,2.21,2.1178,2.2054,5418939.0
2025-11-24T18:00:00+00:00,2.2058,2.2285,2.1854,2.2178,4695678.0
2025-11-24T19:00:00+00:00,2.2177,2.238,2.2136,2.2343,1951570.0
2025-11-24T20:00:00+00:00,2.2349,2.2861,2.2309,2.2434,3786572.0
2025-11-24T21:00:00+00:00,2.2435,2.2574,2.2324,2.2427,3557176.0
2025-11-24T22:00:00+00:00,2.2412,2.2578,2.2334,2.2409,2568339.0
2025-11-24T23:00:00+00:00,2.24,2.248,2.2211,2.2274,1454826.0
2025-11-25T00:00:00+00:00,2.2273,2.2648,2.2256,2.2598,1218582.0
2025-11-25T01:00:00+00:00,2.26,2.2621,2.2453,2.2481,928071.0
2025-11-25T02:00:00+00:00,2.2484,2.2548,2.2322,2.2505,611102.0
2025-11-25T03:00:00+00:00,2.2505,2.2598,2.2355,2.243,873085.0
2025-11-25T04:00:00+00:00,2.2426,2.2502,2.2343,2.2471,1418781.0
2025-11-25T05:00:00+00:00,2.2468,2.2581,2.2398,2.2519,271383.0
2025-11-25T06:00:00+00:00,2.2513,2.2527,2.2318,2.2368,1120326.0
2025-11-25T07:00:00+00:00,2.2372,2.2421,2.2156,2.2156,1090299.0
2025-11-25T08:00:00+00:00,2.2161,2.2202,2.1868,2.1892,1600281.0
2025-11-25T09:00:00+00:00,2.1894,2.2059,2.1852,2.1993,1611881.0
2025-11-25T10:00:00+00:00,2.199,2.2092,2.19,2.2078,680299.0
2025-11-25T11:00:00+00:00,2.2075,2.2095,2.1933,2.1951,965730.0
2025-11-25T12:00:00+00:00,2.1954,2.2188,2.194,2.2185,815891.0
2025-11-25T13:00:00+00:00,2.2176,2.2342,2.2064,2.2128,2290169.0
2025-11-25T14:00:00+00:00,2.213,2.2165,2.1692,2.1783,2732588.0
2025-11-25T15:00:00+00:00,2.1784,2.1963,2.1582,2.1866,3759715.0
2025-11-25T16:00:00+00:00,2.1874,2.2094,2.1776,2.1926,747236.0
2025-11-25T17:00:00+00:00,2.1926,2.2081,2.1796,2.1892,1315904.0
2025-11-25T18:00:00+00:00,2.1884,2.2039,2.18,2.1832,1082441.0
2025-11-25T19:00:00+00:00,2.1823,2.1851,2.1474,2.1728,3690003.0
2025-11-25T20:00:00+00:00,2.1719,2.2141,2.1652,2.1974,3340945.0
2025-11-25T21:00:00+00:00,2.1968,2.209,2.186,2.1861,1146932.0
2025-11-25T22:00:00+00:00,2.1862,2.2101,2.1694,2.2097,900892.0
2025-11-25T23:00:00+00:00,2.2087,2.2165,2.1969,2.2016,667686.0
2025-11-26T00:00:00+00:00,2.2016,2.2085,2.1917,2.1946,725247.0
2025-11-26T01:00:00+00:00,2.1943,2.2124,2.1877,2.2028,935157.0
2025-11-26T02:00:00+00:00,2.2032,2.2077,2.1905,2.1915,709787.0
2025-11-26T03:00:00+00:00,2.1913,2.1944,2.1731,2.1768,1150571.0
2025-11-26T04:00:00+00:00,2.1762,2.1797,2.1708,2.1766,519523.0
2025-11-26T05:00:00+00:00,2.1758,2.1999,2.1758,2.1927,1480418.0
2025-11-26T06:00:00+00:00,2.1927,2.204,2.1855,2.1998,721362.0
2025-11-26T07:00:00+00:00,2.1992,2.2065,2.1956,2.205,216269.0
2025-11-26T08:00:00+00:00,2.2053,2.2068,2.1884,2.1892,198528.0
2025-11-26T09:00:00+00:00,2.1889,2.1908,2.1729,2.1786,324619.0
2025-11-26T10:00:00+00:00,2.1785,2.185,2.169,2.1741,1788403.0
2025-11-26T11:00:00+00:00,2.1739,2.1754,2.1688,2.1712,734495.0
2025-11-26T12:00:00+00:00,2.1714,2.1761,2.1451,2.1513,3797623.0
2025-11-26T13:00:00+00:00,2.1509,2.1671,2.1443,2.165,1876065.0
2025-11-26T14:00:00+00:00,2.1649,2.1804,2.1486,2.1509,1950848.0
2025-11-26T15:00:00+00:00,2.1516,2.1765,2.1509,2.172,2062438.0
2025-11-26T16:00:00+00:00,2.172,2.2001,2.1716,2.1898,1291270.0
2025-11-26T17:00:00+00:00,2.19,2.2404,2.19,2.2346,2344415.0
2025-11-26T18:00:00+00:00,2.2352,2.2555,2.2242,2.2429,4269991.0
2025-11-26T19:00:00+00:00,2.2426,2.2429,2.2247,2.2322,681697.0
2025-11-26T20:00:00+00:00,2.2322,2.2328,2.2114,2.2275,1097825.0
2025-11-26T21:00:00+00:00,2.2277,2.2354,2.2176,2.2245,739197.0
2025-11-26T22:00:00+00:00,2.2256,2.2335,2.2199,2.2236,661205.0
2025-11-26T23:00:00+00:00,2.2241,2.2314,2.2194,2.223,292532.0
2025-11-27T00:00:00+00:00,2.2225,2.2326,2.2129,2.2204,484171.0
2025-11-27T01:00:00+00:00,2.2207,2.2294,2.2159,2.2267,769267.0
2025-11-27T02:00:00+00:00,2.2266,2.2346,2.219,2.2194,1052532.0
2025-11-27T03:00:00+00:00,2.2194,2.2238,2.2067,2.2099,843419.0
2025-11-27T04:00:00+00:00,2.2097,2.221,2.2088,2.2129,249650.0
2025-11-27T05:00:00+00:00,2.2125,2.2184,2.1951,2.1998,2879320.0
2025-11-27T06:00:00+00:00,2.1998,2.2154,2.1998,2.2089,2707672.0
2025-11-27T07:00:00+00:00,2.2097,2.2134,2.2025,2.2045,356412.0
2025-11-27T08:00:00+00:00,2.2041,2.2043,2.189,2.1992,325062.0
2025-11-27T09:00:00+00:00,2.1994,2.2089,2.1963,2.1977,333071.0
2025-11-27T10:00:00+00:00,2.1976,2.1978,2.1831,2.1891,885115.0
2025-11-27T11:00:00+00:00,2.1885,2.1923,2.1847,2.1885,1061018.0
2025-11-27T12:00:00+00:00,2.1884,2.1909,2.1722,2.1738,849212.0
2025-11-27T13:00:00+00:00,2.1743,2.1831,2.172,2.1798,1024421.0
2025-11-27T14:00:00+00:00,2.1799,2.187,2.1759,2.1823,1309745.0
2025-11-27T15:00:00+00:00,2.1821,2.2027,2.1798,2.2025,510531.0
2025-11-27T16:00:00+00:00,2.2023,2.218,2.1977,2.2164,1035390.0
2025-11-27T17:00:00+00:00,2.2165,2.2169,2.2015,2.2073,1277971.0
2025-11-27T18:00:00+00:00,2.2073,2.2308,2.2053,2.2291,1304116.0
2025-11-27T19:00:00+00:00,2.229,2.2306,2.2161,2.2235,947031.0
2025-11-27T20:00:00+00:00,2.2237,2.2335,2.2229,2.2273,1983103.0
2025-11-27T21:00:00+00:00,2.227,2.2291,2.2123,2.2123,3590193.0
2025-11-27T22:00:00+00:00,2.2125,2.2189,2.198,2.2047,967439.0
2025-11-27T23:00:00+00:00,2.205,2.2109,2.1956,2.1997,2337451.0
2025-11-28T00:00:00+00:00,2.1993,2.2041,2.1914,2.1919,1325290.0
2025-11-28T01:00:00+00:00,2.192,2.1927,2.1644,2.1717,2467432.0
2025-11-28T02:00:00+00:00,2.1717,2.1869,2.1668,2.1849,2414151.0
2025-11-28T03:00:00+00:00,2.185,2.1888,2.1793,2.1853,437467.0
2025-11-28T04:00:00+00:00,2.1855,2.194,2.181,2.1905,133812.0
2025-11-28T05:00:00+00:00,2.1905,2.2217,2.1887,2.2138,333542.0
2025-11-28T06:00:00+00:00,2.2143,2.2187,2.1953,2.2006,1434151.0
2025-11-28T07:00:00+00:00,2.2011,2.2109,2.1952,2.1966,1121674.0
2025-11-28T08:00:00+00:00,2.1967,2.2442,2.1967,2.2422,1948742.0
2025-11-28T09:00:00+00:00,2.2441,2.2492,2.2261,2.2321,2150505.0
2025-11-28T10:00:00+00:00,2.2321,2.2321,2.2189,2.2242,821655.0
2025-11-28T11:00:00+00:00,2.2243,2.2243,2.1846,2.1962,1593231.0
2025-11-28T12:00:00+00:00,2.196,2.2016,2.1922,2.1953,557956.0
2025-11-28T13:00:00+00:00,2.1952,2.2295,2.1883,2.2207,2353965.0
2025-11-28T14:00:00+00:00,2.2217,2.232,2.2007,2.2143,1540701.0
2025-11-28T15:00:00+00:00,2.2137,2.2749,2.213,2.2452,3759410.0
2025-11-28T16:00:00+00:00,2.2457,2.2514,2.19,2.1907,3367113.0
2025-11-28T17:00:00+00:00,2.1913,2.1958,2.166,2.1727,2898291.0
2025-11-28T18:00:00+00:00,2.1733,2.1786,2.1559,2.171,2150826.0
2025-11-28T19:00:00+00:00,2.1716,2.1933,2.171,2.1869,1679097.0
2025-11-28T20:00:00+00:00,2.1867,2.1905,2.1721,2.1877,493054.0
2025-11-28T21:00:00+00:00,2.1891,2.1909,2.1758,2.182,322488.0
2025-11-28T22:00:00+00:00,2.182,2.1894,2.1741,2.1867,2115664.0
2025-11-28T23:00:00+00:00,2.187,2.1905,2.1777,2.1783,555357.0
2025-11-29T00:00:00+00:00,2.1783,2.1855,2.1728,2.1802,271717.0
2025-11-29T01:00:00+00:00,2.1802,2.1864,2.1736,2.1767,315447.0
2025-11-29T02:00:00+00:00,2.1767,2.1824,2.1717,2.18,638125.0
2025-11-29T03:00:00+00:00,2.1796,2.1871,2.1778,2.1843,237895.0
2025-11-29T04:00:00+00:00,2.1849,2.1882,2.1787,2.188,400594.0
2025-11-29T05:00:00+00:00,2.1881,2.1885,2.1781,2.1799,109203.0
2025-11-29T06:00:00+00:00,2.1808,2.1877,2.1653,2.1834,530135.0
2025-11-29T07:00:00+00:00,2.1827,2.185,2.1744,2.179,351192.0
2025-11-29T08:00:00+00:00,2.179,2.1832,2.1729,2.1806,229795.0
2025-11-29T09:00:00+00:00,2.1806,2.1841,2.176,2.1832,201328.0
2025-11-29T10:00:00+00:00,2.1833,2.187,2.1784,2.1856,183100.0
2025-11-29T11:00:00+00:00,2.1856,2.2143,2.1829,2.2103,580549.0
2025-11-29T12:00:00+00:00,2.2105,2.2224,2.2037,2.2134,578184.0
2025-11-29T13:00:00+00:00,2.2129,2.2144,2.197,2.1994,485253.0
2025-11-29T14:00:00+00:00,2.1994,2.2103,2.1916,2.202,1213484.0
2025-11-29T15:00:00+00:00,2.2026,2.2206,2.2014,2.2182,835642.0
2025-11-29T16:00:00+00:00,2.2181,2.2218,2.2041,2.2155,3795121.0
2025-11-29T17:00:00+00:00,2.2167,2.2185,2.197,2.1977,426677.0
2025-11-29T18:00:00+00:00,2.1981,2.204,2.1888,2.2002,1536876.0
2025-11-29T19:00:00+00:00,2.2004,2.2125,2.1904,2.1927,2468257.0
2025-11-29T20:00:00+00:00,2.1932,2.2101,2.1868,2.2087,1549247.0
2025-11-29T21:00:00+00:00,2.2087,2.2146,2.2032,2.2064,253919.0
2025-11-29T22:00:00+00:00,2.2064,2.2094,2.198,2.2016,937188.0
2025-11-29T23:00:00+00:00,2.2019,2.2056,2.1969,2.201,565628.0
2025-11-30T00:00:00+00:00,2.201,2.2048,2.1981,2.1999,446129.0
2025-11-30T01:00:00+00:00,2.1999,2.2102,2.1981,2.2062,520206.0
2025-11-30T02:00:00+00:00,2.206,2.2122,2.1961,2.1977,326768.0
2025-11-30T03:00:00+00:00,2.1983,2.2107,2.1878,2.2059,2255892.0
2025-11-30T04:00:00+00:00,2.2064,2.2094,2.197,2.1992,541879.0
2025-11-30T05:00:00+00:00,2.1991,2.1992,2.1913,2.1951,343862.0
2025-11-30T06:00:00+00:00,2.1953,2.1994,2.1908,2.1942,757145.0
2025-11-30T07:00:00+00:00,2.1942,2.2007,2.1919,2.1988,282006.0
2025-11-30T08:00:00+00:00,2.1988,2.2094,2.1899,2.1908,489376.0
2025-11-30T09:00:00+00:00,2.1911,2.1975,2.1881,2.1961,535026.0
2025-11-30T10:00:00+00:00,2.1956,2.1961,2.1869,2.189,293892.0
2025-11-30T11:00:00+00:00,2.1891,2.1916,2.1814,2.1873,1332409.0
2025-11-30T12:00:00+00:00,2.1871,2.2015,2.184,2.196,1406907.0
2025-11-30T13:00:00+00:00,2.196,2.2067,2.1925,2.2037,490680.0
2025-11-30T14:00:00+00:00,2.2043,2.2047,2.1886,2.1932,1012109.0
2025-11-30T15:00:00+00:00,2.1931,2.1965,2.1849,2.1951,1237854.0
2025-11-30T16:00:00+00:00,2.1955,2.214,2.1952,2.2091,1098447.0
2025-11-30T17:00:00+00:00,2.2092,2.2097,2.1963,2.2007,1069830.0
2025-11-30T18:00:00+00:00,2.2006,2.2057,2.1945,2.2025,264501.0
2025-11-30T19:00:00+00:00,2.2028,2.2059,2.1956,2.1981,214914.0
2025-11-30T20:00:00+00:00,2.1985,2.2023,2.188,2.1957,601005.0
2025-11-30T21:00:00+00:00,2.1945,2.1945,2.1761,2.1862,3327787.0
2025-11-30T22:00:00+00:00,2.1866,2.1957,2.1851,2.1933,293747.0
2025-11-30T23:00:00+00:00,2.1925,2.1925,2.1512,2.1536,3990327.0
2025-12-01T00:00:00+00:00,2.1536,2.16,2.0562,2.0572,16289458.0
2025-12-01T01:00:00+00:00,2.0566,2.0919,2.0566,2.0776,3241627.0
2025-12-01T02:00:00+00:00,2.0777,2.0867,2.0557,2.0632,2433543.0
2025-12-01T03:00:00+00:00,2.0632,2.0643,2.0418,2.0488,1674518.0
2025-12-01T04:00:00+00:00,2.0488,2.053,2.0282,2.0293,864375.0
2025-12-01T05:00:00+00:00,2.0292,2.0359,2.0164,2.0272,985649.0
2025-12-01T06:00:00+00:00,2.0274,2.0485,2.0271,2.0461,728587.0
2025-12-01T07:00:00+00:00,2.0461,2.0575,2.0323,2.0556,453910.0
2025-12-01T08:00:00+00:00,2.0554,2.0588,2.047,2.056,482857.0
2025-12-01T09:00:00+00:00,2.0558,2.0594,2.0423,2.0452,385687.0
2025-12-01T10:00:00+00:00,2.0453,2.0474,2.0369,2.0416,415144.0
2025-12-01T11:00:00+00:00,2.0413,2.0456,2.0314,2.0333,586963.0
2025-12-01T12:00:00+00:00,2.0336,2.0354,2.0016,2.0273,1476093.0
2025-12-01T13:00:00+00:00,2.0274,2.0363,2.0091,2.0199,1359967.0
2025-12-01T14:00:00+00:00,2.0198,2.0491,2.0134,2.0311,4523606.0
2025-12-01T15:00:00+00:00,2.0323,2.0353,1.9834,2.007,4659220.0
2025-12-01T16:00:00+00:00,2.0072,2.0097,1.9857,1.9892,2080820.0
2025-12-01T17:00:00+00:00,1.9898,2.0041,1.9873,1.9945,1058599.0
2025-12-01T18:00:00+00:00,1.9947,2.0116,1.9935,2.0049,866120.0
2025-12-01T19:00:00+00:00,2.0047,2.0049,1.9866,1.9938,653314.0
2025-12-01T20:00:00+00:00,1.9936,2.0262,1.9936,2.0107,1031898.0
2025-12-01T21:00:00+00:00,2.0111,2.0426,2.0099,2.0256,2299937.0
2025-12-01T22:00:00+00:00,2.0257,2.0417,2.0179,2.0327,1096983.0
2025-12-01T23:00:00+00:00,2.0326,2.042,2.029,2.0291,358080.0
2025-12-02T00:00:00+00:00,2.0292,2.0303,2.0119,2.0209,752325.0
2025-12-02T01:00:00+00:00,2.0204,2.0426,2.0157,2.0173,1199749.0
2025-12-02T02:00:00+00:00,2.0173,2.0312,2.0093,2.0211,623329.0
2025-12-02T03:00:00+00:00,2.021,2.0257,2.0015,2.0202,881338.0
2025-12-02T04:00:00+00:00,2.0202,2.0273,2.0145,2.0155,1412973.0
2025-12-02T05:00:00+00:00,2.0148,2.0195,2.0097,2.0159,969131.0
2025-12-02T06:00:00+00:00,2.0158,2.025,2.0091,2.0231,1696488.0
2025-12-02T07:00:00+00:00,2.0231,2.0234,2.0099,2.0164,461976.0
2025-12-02T08:00:00+00:00,2.0161,2.017,1.9937,2.0019,1349364.0
2025-12-02T09:00:00+00:00,2.0014,2.019,2.0005,2.0114,561926.0
2025-12-02T10:00:00+00:00,2.0114,2.038,2.0111,2.0277,432640.0
2025-12-02T11:00:00+00:00,2.0275,2.0401,2.0248,2.0351,1017589.0
2025-12-02T12:00:00+00:00,2.0358,2.0414,2.0256,2.0392,688058.0
2025-12-02T13:00:00+00:00,2.0392,2.047,2.0332,2.0439,1301943.0
2025-12-02T14:00:00+00:00,2.0439,2.0919,2.0402,2.0917,3160522.0
2025-12-02T15:00:00+00:00,2.0912,2.1638,2.0903,2.1553,6214945.0
2025-12-02T16:00:00+00:00,2.1547,2.1609,2.1326,2.1467,3905604.0
2025-12-02T17:00:00+00:00,2.1465,2.1768,2.1439,2.169,2509106.0
2025-12-02T18:00:00+00:00,2.1688,2.1797,2.1654,2.1744,1422424.0
2025-12-02T19:00:00+00:00,2.1739,2.1829,2.1683,2.1736,748761.0
2025-12-02T20:00:00+00:00,2.1733,2.1773,2.1478,2.1643,2674020.0
2025-12-02T21:00:00+00:00,2.163,2.1759,2.162,2.1669,1008029.0
2025-12-02T22:00:00+00:00,2.1662,2.1726,2.1627,2.1684,1222122.0
2025-12-02T23:00:00+00:00,2.1687,2.1718,2.1514,2.1521,1440360.0
2025-12-03T00:00:00+00:00,2.1526,2.1575,2.1408,2.1515,1715856.0
2025-12-03T01:00:00+00:00,2.1513,2.1658,2.1476,2.161,1439216.0
2025-12-03T02:00:00+00:00,2.161,2.1895,2.1598,2.1832,1143441.0
2025-12-03T03:00:00+00:00,2.1831,2.1904,2.1737,2.1763,1137937.0
2025-12-03T04:00:00+00:00,2.1759,2.1995,2.1732,2.1983,856193.0
2025-12-03T05:00:00+00:00,2.1991,2.219,2.1981,2.2025,820894.0
2025-12-03T06:00:00+00:00,2.2026,2.2146,2.1894,2.1945,1966228.0
2025-12-03T07:00:00+00:00,2.1948,2.2054,2.1894,2.1914,431633.0
2025-12-03T08:00:00+00:00,2.1917,2.1949,2.1859,2.1879,373815.0
2025-12-03T09:00:00+00:00,2.1874,2.189,2.178,2.1839,1131984.0
2025-12-03T10:00:00+00:00,2.1837,2.19,2.1717,2.1733,1938421.0
2025-12-03T11:00:00+00:00,2.1737,2.1773,2.1665,2.1759,415505.0
2025-12-03T12:00:00+00:00,2.1765,2.1797,2.171,2.1773,583157.0
2025-12-03T13:00:00+00:00,2.1774,2.1827,2.172,2.1761,550316.0
2025-12-03T14:00:00+00:00,2.1769,2.1979,2.1425,2.1674,4780376.0
2025-12-03T15:00:00+00:00,2.1677,2.1829,2.1567,2.1683,2292991.0
2025-12-03T16:00:00+00:00,2.1683,2.1808,2.1587,2.1689,587999.0
2025-12-03T17:00:00+00:00,2.1683,2.1866,2.1659,2.1844,2760643.0
2025-12-03T18:00:00+00:00,2.184,2.1928,2.1678,2.1723,1868933.0
2025-12-03T19:00:00+00:00,2.1717,2.1865,2.1714,2.1859,1495000.0
2025-12-03T20:00:00+00:00,2.186,2.2021,2.1822,2.1977,670967.0
2025-12-03T21:00:00+00:00,2.1977,2.2102,2.1953,2.2102,454922.0
2025-12-03T22:00:00+00:00,2.2076,2.2133,2.1941,2.2031,1060603.0
2025-12-03T23:00:00+00:00,2.2031,2.2132,2.1957,2.1968,1226481.0
2025-12-04T00:00:00+00:00,2.1973,2.2057,2.1863,2.1947,832063.0
2025-12-04T01:00:00+00:00,2.1947,2.2146,2.1931,2.1934,2231919.0
2025-12-04T02:00:00+00:00,2.1933,2.2089,2.1917,2.2018,962503.0
2025-12-04T03:00:00+00:00,2.2019,2.2061,2.1929,2.1951,1887299.0
2025-12-04T04:00:00+00:00,2.1947,2.1999,2.1846,2.1874,1742397.0
2025-12-04T05:00:00+00:00,2.1877,2.1879,2.1716,2.1765,1138589.0
2025-12-04T06:00:00+00:00,2.1775,2.1849,2.1755,2.1804,3261498.0
2025-12-04T07:00:00+00:00,2.1805,2.1808,2.166,2.1725,1268477.0
2025-12-04T08:00:00+00:00,2.1722,2.1787,2.1608,2.1634,853965.0
2025-12-04T09:00:00+00:00,2.1639,2.1748,2.1635,2.171,554724.0
2025-12-04T10:00:00+00:00,2.1711,2.1722,2.1564,2.1586,646416.0
2025-12-04T11:00:00+00:00,2.1579,2.1587,2.1426,2.1506,930434.0
2025-12-04T12:00:00+00:00,2.1511,2.1544,2.1384,2.1457,1323890.0
2025-12-04T13:00:00+00:00,2.1458,2.1505,2.1258,2.1265,1283886.0
2025-12-04T14:00:00+00:00,2.1255,2.1385,2.1132,2.1205,1511177.0
2025-12-04T15:00:00+00:00,2.12,2.1572,2.12,2.1527,3301849.0
2025-12-04T16:00:00+00:00,2.1528,2.1577,2.1321,2.1372,3181702.0
2025-12-04T17:00:00+00:00,2.1373,2.1386,2.1163,2.1278,1005949.0
2025-12-04T18:00:00+00:00,2.1279,2.1284,2.0984,2.103,1627341.0
2025-12-04T19:00:00+00:00,2.103,2.1047,2.0687,2.0967,2889454.0
2025-12-04T20:00:00+00:00,2.0966,2.1078,2.0866,2.1056,949962.0
2025-12-04T21:00:00+00:00,2.1055,2.1095,2.0883,2.0901,668387.0
2025-12-04T22:00:00+00:00,2.0908,2.1045,2.0908,2.0975,773080.0
2025-12-04T23:00:00+00:00,2.0974,2.0989,2.0912,2.0952,356072.0
2025-12-05T00:00:00+00:00,2.0952,2.1123,2.0941,2.1031,1796395.0
2025-12-05T01:00:00+00:00,2.1031,2.1111,2.1024,2.1051,1500243.0
2025-12-05T02:00:00+00:00,2.1046,2.1108,2.1008,2.103,560746.0
2025-12-05T03:00:00+00:00,2.1033,2.1064,2.0866,2.0906,461958.0
2025-12-05T04:00:00+00:00,2.09,2.098,2.0781,2.0841,1139047.0
2025-12-05T05:00:00+00:00,2.0841,2.0872,2.0754,2.0809,273194.0
2025-12-05T06:00:00+00:00,2.0809,2.0888,2.0809,2.0885,384889.0
2025-12-05T07:00:00+00:00,2.0871,2.0977,2.0865,2.0928,496534.0
2025-12-05T08:00:00+00:00,2.0917,2.0932,2.0741,2.0777,718919.0
2025-12-05T09:00:00+00:00,2.0777,2.0781,2.0531,2.0569,2430696.0
2025-12-05T10:00:00+00:00,2.0565,2.0686,2.0537,2.0608,3801228.0
2025-12-05T11:00:00+00:00,2.0609,2.07,2.0535,2.0671,372430.0
2025-12-05T12:00:00+00:00,2.0669,2.0736,2.0647,2.0677,790863.0
2025-12-05T13:00:00+00:00,2.0676,2.0759,2.0566,2.0644,662778.0
2025-12-05T14:00:00+00:00,2.0648,2.0724,2.0559,2.066,4129894.0
2025-12-05T15:00:00+00:00,2.066,2.0994,2.066,2.0764,2302539.0
2025-12-05T16:00:00+00:00,2.0756,2.0773,2.0183,2.0335,3925620.0
2025-12-05T17:00:00+00:00,2.0335,2.0441,2.0171,2.0358,1518200.0
2025-12-05T18:00:00+00:00,2.0353,2.0474,2.0152,2.0181,810069.0
2025-12-05T19:00:00+00:00,2.0193,2.042,2.0123,2.0377,1719299.0
2025-12-05T20:00:00+00:00,2.0371,2.0371,2.0223,2.0232,502128.0
2025-12-05T21:00:00+00:00,2.0229,2.0324,2.0195,2.0266,839756.0
2025-12-05T22:00:00+00:00,2.0275,2.0361,2.0194,2.0311,850300.0
2025-12-05T23:00:00+00:00,2.0318,2.0385,2.0224,2.0339,919244.0
2025-12-06T00:00:00+00:00,2.034,2.0342,2.018,2.0333,1382937.0
2025-12-06T01:00:00+00:00,2.0328,2.0385,2.0265,2.0307,483098.0
2025-12-06T02:00:00+00:00,2.0304,2.0327,2.0249,2.0317,778858.0
2025-12-06T03:00:00+00:00,2.0319,2.0415,2.0319,2.0379,1267648.0
2025-12-06T04:00:00+00:00,2.0382,2.041,2.0341,2.0404,301134.0
2025-12-06T05:00:00+00:00,2.0402,2.0442,2.0364,2.0433,587842.0
2025-12-06T06:00:00+00:00,2.0426,2.05,2.0342,2.0346,455846.0
2025-12-06T07:00:00+00:00,2.035,2.0381,2.0274,2.03,448497.0
2025-12-06T08:00:00+00:00,2.0299,2.0302,2.0147,2.0166,1833031.0
2025-12-06T09:00:00+00:00,2.0166,2.028,2.0166,2.026,118476.0
2025-12-06T10:00:00+00:00,2.0252,2.0292,2.0218,2.024,139175.0
2025-12-06T11:00:00+00:00,2.0239,2.0326,2.0226,2.0308,431541.0
2025-12-06T12:00:00+00:00,2.0316,2.0336,2.0258,2.0297,258393.0
2025-12-06T13:00:00+00:00,2.0298,2.0382,2.0292,2.0306,318142.0
2025-12-06T14:00:00+00:00,2.0306,2.0473,2.0289,2.0387,622432.0
2025-12-06T15:00:00+00:00,2.0388,2.0394,2.0212,2.0293,600303.0
2025-12-06T16:00:00+00:00,2.0289,2.0381,2.027,2.0343,883298.0
2025-12-06T17:00:00+00:00,2.0344,2.0368,2.0277,2.0321,287188.0
2025-12-06T18:00:00+00:00,2.0322,2.0369,2.0286,2.0302,216462.0
2025-12-06T19:00:00+00:00,2.0302,2.0328,2.0201,2.0244,361780.0
2025-12-06T20:00:00+00:00,2.0251,2.0314,2.0223,2.0298,1161251.0
2025-12-06T21:00:00+00:00,2.0296,2.0359,2.0284,2.0328,808073.0
2025-12-06T22:00:00+00:00,2.0329,2.0353,2.0271,2.0275,272094.0
2025-12-06T23:00:00+00:00,2.0277,2.0339,2.0237,2.0301,349410.0
2025-12-07T00:00:00+00:00,2.0301,2.0386,2.0293,2.0364,304617.0
2025-12-07T01:00:00+00:00,2.0371,2.042,2.0331,2.0332,193580.0
2025-12-07T02:00:00+00:00,2.0333,2.0486,2.0333,2.0476,167222.0
2025-12-07T03:00:00+00:00,2.0481,2.0711,2.0475,2.0673,2804728.0
2025-12-07T04:00:00+00:00,2.0676,2.0732,2.0515,2.0523,883800.0
2025-12-07T05:00:00+00:00,2.0523,2.0552,2.0448,2.0475,359541.0
2025-12-07T06:00:00+00:00,2.0481,2.0509,2.0434,2.0455,161540.0
2025-12-07T07:00:00+00:00,2.0455,2.0474,2.0264,2.0295,1923223.0
2025-12-07T08:00:00+00:00,2.0296,2.0352,2.0242,2.0297,514047.0
2025-12-07T09:00:00+00:00,2.0298,2.0352,2.0231,2.0276,690622.0
2025-12-07T10:00:00+00:00,2.0277,2.0345,2.0257,2.0299,195298.0
2025-12-07T11:00:00+00:00,2.0298,2.0341,2.0276,2.0326,492484.0
2025-12-07T12:00:00+00:00,2.0329,2.0496,2.0315,2.0458,1126562.0
2025-12-07T13:00:00+00:00,2.0463,2.0471,2.0252,2.0299,250909.0
2025-12-07T14:00:00+00:00,2.0305,2.0308,1.9893,1.9991,4998240.0
2025-12-07T15:00:00+00:00,1.9979,2.0542,1.9974,2.0522,961851.0
2025-12-07T16:00:00+00:00,2.0512,2.0572,2.0372,2.0572,1703310.0
2025-12-07T17:00:00+00:00,2.0573,2.0952,2.0509,2.0865,2933254.0
2025-12-07T18:00:00+00:00,2.0863,2.1098,2.0863,2.1024,1141440.0
2025-12-07T19:00:00+00:00,2.1024,2.1067,2.0832,2.0862,1513560.0
2025-12-07T20:00:00+00:00,2.0867,2.0926,2.0784,2.0842,1242342.0
2025-12-07T21:00:00+00:00,2.0838,2.0838,2.035,2.0485,1906646.0
2025-12-07T22:00:00+00:00,2.0477,2.0483,2.0115,2.028,2465730.0
2025-12-07T23:00:00+00:00,2.0281,2.0444,2.0222,2.0434,661207.0
2025-12-08T00:00:00+00:00,2.0433,2.0485,2.0312,2.0436,424977.0
2025-12-08T01:00:00+00:00,2.0439,2.09,2.0434,2.067,1602484.0
2025-12-08T02:00:00+00:00,2.0675,2.0765,2.058,2.0735,412839.0
2025-12-08T03:00:00+00:00,2.0738,2.0757,2.0634,2.0714,106221.0
2025-12-08T04:00:00+00:00,2.0718,2.0858,2.0694,2.0736,2937925.0
2025-12-08T05:00:00+00:00,2.0736,2.0823,2.0696,2.0776,148181.0
2025-12-08T06:00:00+00:00,2.0784,2.0838,2.0722,2.0795,2047564.0
2025-12-08T07:00:00+00:00,2.0797,2.0938,2.0782,2.086,1911544.0
2025-12-08T08:00:00+00:00,2.0853,2.0943,2.0807,2.0912,277182.0
2025-12-08T09:00:00+00:00,2.0907,2.123,2.0899,2.1004,1182178.0
2025-12-08T10:00:00+00:00,2.1004,2.1055,2.0955,2.0979,508983.0
2025-12-08T11:00:00+00:00,2.0983,2.0987,2.0869,2.09,666073.0
2025-12-08T12:00:00+00:00,2.0901,2.097,2.0853,2.0946,453373.0
2025-12-08T13:00:00+00:00,2.0947,2.1014,2.0892,2.0976,449540.0
2025-12-08T14:00:00+00:00,2.0983,2.1111,2.0829,2.084,1764229.0
2025-12-08T15:00:00+00:00,2.084,2.093,2.0678,2.0763,1643564.0
2025-12-08T16:00:00+00:00,2.0753,2.0866,2.0656,2.0723,629379.0
2025-12-08T17:00:00+00:00,2.0726,2.0832,2.0646,2.0785,1312648.0
2025-12-08T18:00:00+00:00,2.0778,2.0859,2.0618,2.0677,540796.0
2025-12-08T19:00:00+00:00,2.0669,2.0836,2.0667,2.077,472211.0
2025-12-08T20:00:00+00:00,2.077,2.0934,2.076,2.0864,830237.0
2025-12-08T21:00:00+00:00,2.0869,2.0903,2.0732,2.0872,474513.0
2025-12-08T22:00:00+00:00,2.0875,2.0881,2.0739,2.0787,188515.0
2025-12-08T23:00:00+00:00,2.0787,2.0802,2.069,2.0715,241466.0
2025-12-09T00:00:00+00:00,2.0715,2.082,2.0679,2.0708,263866.0
2025-12-09T01:00:00+00:00,2.0706,2.0746,2.0577,2.0617,485817.0
2025-12-09T02:00:00+00:00,2.0617,2.0697,2.0593,2.0599,611639.0
2025-12-09T03:00:00+00:00,2.0608,2.0703,2.0562,2.069,222629.0
2025-12-09T04:00:00+00:00,2.069,2.0694,2.0525,2.054,2087904.0
2025-12-09T05:00:00+00:00,2.0535,2.0587,2.0486,2.0493,209610.0
2025-12-09T06:00:00+00:00,2.0494,2.0553,2.0415,2.0479,1759076.0
2025-12-09T07:00:00+00:00,2.049,2.0616,2.0463,2.0605,1679097.0
2025-12-09T08:00:00+00:00,2.061,2.0651,2.0547,2.0622,1286481.0
2025-12-09T09:00:00+00:00,2.0622,2.0624,2.056,2.0572,101212.0
2025-12-09T10:00:00+00:00,2.0572,2.0606,2.0457,2.0542,223991.0
2025-12-09T11:00:00+00:00,2.0546,2.0696,2.0512,2.0683,364890.0
2025-12-09T12:00:00+00:00,2.0683,2.0855,2.0664,2.0839,1798208.0
2025-12-09T13:00:00+00:00,2.0842,2.0856,2.0641,2.066,416366.0
2025-12-09T14:00:00+00:00,2.0656,2.0723,2.0475,2.0536,3542630.0
2025-12-09T15:00:00+00:00,2.0544,2.119,2.0524,2.1148,8541814.0
2025-12-09T16:00:00+00:00,2.1154,2.1746,2.1154,2.1652,4798217.0
2025-12-09T17:00:00+00:00,2.1647,2.1777,2.1416,2.1488,2745466.0
2025-12-09T18:00:00+00:00,2.1495,2.1571,2.1391,2.1471,694426.0
2025-12-09T19:00:00+00:00,2.1477,2.1483,2.1284,2.1322,2069164.0
2025-12-09T20:00:00+00:00,2.132,2.1335,2.098,2.1128,1211698.0
2025-12-09T21:00:00+00:00,2.1132,2.1165,2.0856,2.0989,1190595.0
2025-12-09T22:00:00+00:00,2.0984,2.1172,2.0954,2.11,545374.0
2025-12-09T23:00:00+00:00,2.1095,2.1133,2.1054,2.1055,340601.0
2025-12-10T00:00:00+00:00,2.1058,2.1093,2.0888,2.0893,278343.0
2025-12-10T01:00:00+00:00,2.0891,2.095,2.086,2.0888,369617.0
2025-12-10T02:00:00+00:00,2.0886,2.0933,2.0815,2.0873,1592748.0
2025-12-10T03:00:00+00:00,2.0868,2.088,2.0815,2.0829,179313.0
2025-12-10T04:00:00+00:00,2.0827,2.0959,2.0789,2.09,2830652.0
2025-12-10T05:00:00+00:00,2.0897,2.0936,2.0834,2.088,532777.0
2025-12-10T06:00:00+00:00,2.088,2.0893,2.0829,2.0865,305778.0
2025-12-10T07:00:00+00:00,2.0859,2.0859,2.0768,2.0836,750226.0
2025-12-10T08:00:00+00:00,2.0837,2.0848,2.0769,2.0773,236301.0
2025-12-10T09:00:00+00:00,2.0774,2.0886,2.0712,2.0882,1806210.0
2025-12-10T10:00:00+00:00,2.0878,2.0994,2.0659,2.0687,6022149.0
2025-12-10T11:00:00+00:00,2.0688,2.0743,2.0636,2.0719,1180759.0
2025-12-10T12:00:00+00:00,2.0708,2.0723,2.0587,2.0638,1475791.0
2025-12-10T13:00:00+00:00,2.0635,2.0692,2.0595,2.0642,3171972.0
2025-12-10T14:00:00+00:00,2.0641,2.0689,2.0581,2.0641,1309458.0
2025-12-10T15:00:00+00:00,2.063,2.073,2.0563,2.0616,1538611.0
2025-12-10T16:00:00+00:00,2.0614,2.074,2.0571,2.0677,797826.0
2025-12-10T17:00:00+00:00,2.0679,2.0752,2.0596,2.0615,633880.0
2025-12-10T18:00:00+00:00,2.0615,2.0856,2.0584,2.0679,2756900.0
2025-12-10T19:00:00+00:00,2.0676,2.0866,2.0364,2.068,7186510.0
2025-12-10T20:00:00+00:00,2.0681,2.1104,2.0576,2.0631,5521340.0
2025-12-10T21:00:00+00:00,2.063,2.0678,2.044,2.0459,1295769.0
2025-12-10T22:00:00+00:00,2.0466,2.0575,2.0336,2.0543,1236144.0
2025-12-10T23:00:00+00:00,2.054,2.0561,2.0394,2.0408,359193.0
2025-12-11T00:00:00+00:00,2.0408,2.0459,2.0204,2.0282,1557847.0
2025-12-11T01:00:00+00:00,2.028,2.029,2.0084,2.0119,562000.0
2025-12-11T02:00:00+00:00,2.012,2.0134,1.9997,2.0046,585588.0
2025-12-11T03:00:00+00:00,2.0051,2.0054,1.9916,1.9985,3135385.0
2025-12-11T04:00:00+00:00,1.9985,2.0187,1.9942,2.0164,926124.0
2025-12-11T05:00:00+00:00,2.0162,2.0162,2.0063,2.0139,224183.0
2025-12-11T06:00:00+00:00,2.014,2.0148,2.0045,2.013,152838.0
2025-12-11T07:00:00+00:00,2.0122,2.0139,2.0032,2.006,278789.0
2025-12-11T08:00:00+00:00,2.0058,2.0121,1.9998,2.0111,364749.0
2025-12-11T09:00:00+00:00,2.0112,2.0178,2.0071,2.0113,409576.0
2025-12-11T10:00:00+00:00,2.0122,2.0153,2.0078,2.0149,185783.0
2025-12-11T11:00:00+00:00,2.0147,2.0175,2.0069,2.0078,302612.0
2025-12-11T12:00:00+00:00,2.0074,2.012,2.0036,2.0066,453832.0
2025-12-11T13:00:00+00:00,2.0066,2.0137,2.0042,2.0076,332299.0
2025-12-11T14:00:00+00:00,2.0079,2.0091,1.9771,1.9913,2162653.0
2025-12-11T15:00:00+00:00,1.9902,2.0094,1.9862,1.9961,2288578.0
2025-12-11T16:00:00+00:00,1.9961,2.0032,1.9839,1.9901,667854.0
2025-12-11T17:00:00+00:00,1.9903,1.9974,1.9832,1.9941,1276793.0
2025-12-11T18:00:00+00:00,1.9936,2.0221,1.9916,2.0075,3099790.0
2025-12-11T19:00:00+00:00,2.0074,2.0254,2.0003,2.0103,1954278.0
2025-12-11T20:00:00+00:00,2.0107,2.0294,2.0088,2.0242,1336643.0
2025-12-11T21:00:00+00:00,2.0235,2.0559,2.0233,2.0416,4585729.0
2025-12-11T22:00:00+00:00,2.0416,2.0475,2.0276,2.0342,1483748.0
2025-12-11T23:00:00+00:00,2.0351,2.04,2.0311,2.0335,498804.0
2025-12-12T00:00:00+00:00,2.0337,2.039,2.0157,2.0166,843442.0
2025-12-12T01:00:00+00:00,2.0171,2.0323,2.0171,2.028,1072982.0
2025-12-12T02:00:00+00:00,2.0281,2.0432,2.0257,2.0405,694816.0
2025-12-12T03:00:00+00:00,2.0408,2.0427,2.0295,2.0313,232389.0
2025-12-12T04:00:00+00:00,2.0314,2.0329,2.026,2.0295,416508.0
2025-12-12T05:00:00+00:00,2.0295,2.0371,2.023,2.0367,265407.0
2025-12-12T06:00:00+00:00,2.0364,2.0424,2.0356,2.041,317606.0
2025-12-12T07:00:00+00:00,2.0411,2.0433,2.0322,2.0376,242944.0
2025-12-12T08:00:00+00:00,2.0374,2.0379,2.0265,2.0277,1310761.0
2025-12-12T09:00:00+00:00,2.0285,2.0365,2.025,2.0358,229554.0
2025-12-12T10:00:00+00:00,2.0354,2.0389,2.0338,2.0376,218225.0
2025-12-12T11:00:00+00:00,2.0376,2.0453,2.0351,2.0418,164041.0
2025-12-12T12:00:00+00:00,2.0421,2.0449,2.0366,2.0445,307544.0
2025-12-12T13:00:00+00:00,2.044,2.0477,2.0385,2.0405,300113.0
2025-12-12T14:00:00+00:00,2.0406,2.043,2.0305,2.0383,446079.0
2025-12-12T15:00:00+00:00,2.0371,2.0371,1.9673,1.978,7136257.0
2025-12-12T16:00:00+00:00,1.9775,2.0028,1.9737,1.987,3134524.0
2025-12-12T17:00:00+00:00,1.9875,2.0025,1.9859,1.9942,751217.0
2025-12-12T18:00:00+00:00,1.9954,2.0251,1.9894,2.0117,1112312.0
2025-12-12T19:00:00+00:00,2.012,2.0142,1.9959,2.0029,1156563.0
2025-12-12T20:00:00+00:00,2.0026,2.0055,1.9971,1.9992,502772.0
2025-12-12T21:00:00+00:00,2.0008,2.0043,1.9963,2.004,839891.0
2025-12-12T22:00:00+00:00,2.0041,2.012,2.0031,2.0097,338107.0
2025-12-12T23:00:00+00:00,2.01,2.018,2.0064,2.0066,457573.0
2025-12-13T00:00:00+00:00,2.0067,2.0131,2.0061,2.012,431821.0
2025-12-13T01:00:00+00:00,2.0115,2.0162,2.009,2.0106,183920.0
2025-12-13T02:00:00+00:00,2.01,2.0199,2.01,2.014,155020.0
2025-12-13T03:00:00+00:00,2.0138,2.0241,2.0138,2.0223,94367.0
2025-12-13T04:00:00+00:00,2.0219,2.0347,2.0219,2.0337,836446.0
2025-12-13T05:00:00+00:00,2.0337,2.0479,2.0281,2.0312,1453256.0
2025-12-13T06:00:00+00:00,2.031,2.0354,2.0264,2.0281,151782.0
2025-12-13T07:00:00+00:00,2.028,2.0316,2.0255,2.028,103720.0
2025-12-13T08:00:00+00:00,2.028,2.0425,2.028,2.0357,462330.0
2025-12-13T09:00:00+00:00,2.0358,2.0386,2.029,2.0304,2453777.0
2025-12-13T10:00:00+00:00,2.0303,2.0408,2.0301,2.0366,1250499.0
2025-12-13T11:00:00+00:00,2.0366,2.0393,2.032,2.0329,130483.0
2025-12-13T12:00:00+00:00,2.0329,2.0427,2.0294,2.0314,330275.0
2025-12-13T13:00:00+00:00,2.0312,2.0368,2.0302,2.0327,193520.0
2025-12-13T14:00:00+00:00,2.0327,2.0387,2.0274,2.0358,397821.0
2025-12-13T15:00:00+00:00,2.0356,2.0406,2.0283,2.0292,2056320.0
2025-12-13T16:00:00+00:00,2.0295,2.0331,2.0227,2.0253,632258.0
2025-12-13T17:00:00+00:00,2.0253,2.0257,2.0175,2.019,749396.0
2025-12-13T18:00:00+00:00,2.0189,2.0235,2.0152,2.0163,174447.0
2025-12-13T19:00:00+00:00,2.0164,2.0204,2.0145,2.0191,168639.0
2025-12-13T20:00:00+00:00,2.0191,2.0214,2.0147,2.0159,422379.0
2025-12-13T21:00:00+00:00,2.016,2.0225,2.0079,2.0218,1072153.0
2025-12-13T22:00:00+00:00,2.0217,2.0246,2.0163,2.0221,646779.0
2025-12-13T23:00:00+00:00,2.022,2.0231,2.0181,2.0219,338324.0
2025-12-14T00:00:00+00:00,2.0219,2.027,2.0166,2.0252,488779.0
2025-12-14T01:00:00+00:00,2.0252,2.029,2.0223,2.0249,205153.0
2025-12-14T02:00:00+00:00,2.025,2.0285,2.0229,2.0272,301876.0
2025-12-14T03:00:00+00:00,2.0274,2.029,2.022,2.0234,333919.0
2025-12-14T04:00:00+00:00,2.0234,2.0247,2.0145,2.0161,347052.0
2025-12-14T05:00:00+00:00,2.016,2.0166,2.0095,2.0152,1516012.0
2025-12-14T06:00:00+00:00,2.0151,2.0173,2.0105,2.0162,135299.0
2025-12-14T07:00:00+00:00,2.0162,2.02,2.015,2.0185,149255.0
2025-12-14T08:00:00+00:00,2.0185,2.0221,2.0133,2.0139,525065.0
2025-12-14T09:00:00+00:00,2.0139,2.0149,2.01,2.0117,534887.0
2025-12-14T10:00:00+00:00,2.0117,2.0121,2.0024,2.006,1369931.0
2025-12-14T11:00:00+00:00,2.006,2.0096,1.989,2.0009,3358901.0
2025-12-14T12:00:00+00:00,1.9998,2.0072,1.996,2.0038,1778970.0
2025-12-14T13:00:00+00:00,2.0037,2.0037,1.9964,2.0023,392873.0
2025-12-14T14:00:00+00:00,2.0038,2.0076,1.9861,1.9938,1874689.0
2025-12-14T15:00:00+00:00,1.9934,1.9961,1.9882,1.9914,1718785.0
2025-12-14T16:00:00+00:00,1.9905,2.004,1.988,1.9961,838611.0
2025-12-14T17:00:00+00:00,1.9959,1.9988,1.9823,1.986,1518163.0
2025-12-14T18:00:00+00:00,1.9861,1.9928,1.9835,1.992,961387.0
2025-12-14T19:00:00+00:00,1.992,1.992,1.9808,1.9875,1075121.0
2025-12-14T20:00:00+00:00,1.9875,1.9941,1.9815,1.9861,1823615.0
2025-12-14T21:00:00+00:00,1.9861,1.9908,1.9819,1.9859,380131.0
2025-12-14T22:00:00+00:00,1.9866,1.9926,1.981,1.9915,2107069.0
2025-12-14T23:00:00+00:00,1.993,1.9968,1.9526,1.9775,5327564.0
2025-12-15T00:00:00+00:00,1.9777,1.989,1.9742,1.983,647294.0
2025-12-15T01:00:00+00:00,1.9833,2.0029,1.9776,1.9972,2291202.0
2025-12-15T02:00:00+00:00,1.9977,2.0129,1.992,1.9951,2013149.0
2025-12-15T03:00:00+00:00,1.9947,1.9998,1.9915,1.9942,201464.0
2025-12-15T04:00:00+00:00,1.9943,2.0031,1.9919,1.9994,551790.0
2025-12-15T05:00:00+00:00,1.9999,2.0025,1.9955,1.9996,633672.0
2025-12-15T06:00:00+00:00,1.9997,2.0042,1.9948,2.0006,374773.0
2025-12-15T07:00:00+00:00,2.001,2.0017,1.992,1.994,318103.0
2025-12-15T08:00:00+00:00,1.9943,1.9979,1.9896,1.9928,167719.0
2025-12-15T09:00:00+00:00,1.9929,2.0011,1.9907,1.9976,218737.0
2025-12-15T10:00:00+00:00,1.9975,2.0002,1.9926,1.9935,712982.0
2025-12-15T11:00:00+00:00,1.9937,1.9946,1.9834,1.9869,459737.0
2025-12-15T12:00:00+00:00,1.9869,1.9873,1.9816,1.9824,1201787.0
2025-12-15T13:00:00+00:00,1.9824,1.9831,1.9552,1.9633,2808275.0
2025-12-15T14:00:00+00:00,1.9633,1.9797,1.9287,1.9403,2963523.0
2025-12-15T15:00:00+00:00,1.9395,1.9419,1.9122,1.9246,6114699.0
2025-12-15T16:00:00+00:00,1.9247,1.9298,1.9063,1.9121,1770375.0
2025-12-15T17:00:00+00:00,1.9116,1.914,1.8893,1.8908,1582303.0
2025-12-15T18:00:00+00:00,1.8907,1.8957,1.8686,1.8911,2337948.0
2025-12-15T19:00:00+00:00,1.8915,1.9077,1.8899,1.8953,1963035.0
2025-12-15T20:00:00+00:00,1.8956,1.8956,1.8787,1.8837,944814.0
2025-12-15T21:00:00+00:00,1.8821,1.8987,1.8795,1.8901,401786.0
2025-12-15T22:00:00+00:00,1.8901,1.8904,1.8798,1.8901,406155.0
2025-12-15T23:00:00+00:00,1.8894,1.8985,1.8894,1.8967,306976.0
2025-12-16T00:00:00+00:00,1.8972,1.8974,1.8774,1.878,899202.0
2025-12-16T01:00:00+00:00,1.8783,1.8918,1.8674,1.8713,958640.0
2025-12-16T02:00:00+00:00,1.8714,1.8759,1.8587,1.8685,1620003.0
2025-12-16T03:00:00+00:00,1.868,1.872,1.8542,1.8719,1361454.0
2025-12-16T04:00:00+00:00,1.8717,1.8747,1.8513,1.8719,543118.0
2025-12-16T05:00:00+00:00,1.8716,1.8831,1.868,1.8814,959358.0
2025-12-16T06:00:00+00:00,1.8816,1.8966,1.8804,1.894,1459463.0
2025-12-16T07:00:00+00:00,1.8941,1.8968,1.8736,1.8742,775594.0
2025-12-16T08:00:00+00:00,1.8744,1.885,1.8734,1.8756,327062.0
2025-12-16T09:00:00+00:00,1.876,1.8812,1.8746,1.8786,1058397.0
2025-12-16T10:00:00+00:00,1.8786,1.9107,1.8771,1.9058,638564.0
2025-12-16T11:00:00+00:00,1.9058,1.9246,1.9039,1.9202,2500266.0
2025-12-16T12:00:00+00:00,1.9196,1.9381,1.9192,1.9342,3250424.0
2025-12-16T13:00:00+00:00,1.9342,1.9478,1.9078,1.9081,5467339.0
2025-12-16T14:00:00+00:00,1.908,1.9333,1.899,1.9226,2315090.0
2025-12-16T15:00:00+00:00,1.9232,1.9452,1.9143,1.9399,2485682.0
2025-12-16T16:00:00+00:00,1.94,1.9418,1.9165,1.9271,855929.0
2025-12-16T17:00:00+00:00,1.9269,1.9339,1.9139,1.9156,731400.0
2025-12-16T18:00:00+00:00,1.9159,1.9376,1.9133,1.9297,1026059.0
2025-12-16T19:00:00+00:00,1.9297,1.9325,1.9146,1.9261,727377.0
2025-12-16T20:00:00+00:00,1.9257,1.9328,1.9213,1.9267,524434.0
2025-12-16T21:00:00+00:00,1.9264,1.9296,1.9177,1.9253,835075.0
2025-12-16T22:00:00+00:00,1.9255,1.9294,1.9223,1.926,194563.0
2025-12-16T23:00:00+00:00,1.9259,1.9304,1.9225,1.9288,481416.0
2025-12-17T00:00:00+00:00,1.9288,1.9288,1.9186,1.9231,652989.0
2025-12-17T01:00:00+00:00,1.9238,1.9386,1.9193,1.9211,2918397.0
2025-12-17T02:00:00+00:00,1.9214,1.9335,1.9118,1.9302,932311.0
2025-12-17T03:00:00+00:00,1.9302,1.9359,1.9245,1.9245,693998.0
2025-12-17T04:00:00+00:00,1.9251,1.9281,1.9168,1.9177,349616.0
2025-12-17T05:00:00+00:00,1.9177,1.9211,1.9052,1.9194,3630729.0
2025-12-17T06:00:00+00:00,1.9196,1.9289,1.9195,1.921,791298.0
2025-12-17T07:00:00+00:00,1.9216,1.9307,1.9178,1.9229,307177.0
2025-12-17T08:00:00+00:00,1.9226,1.9229,1.9042,1.9065,390128.0
2025-12-17T09:00:00+00:00,1.9066,1.907,1.898,1.9012,226730.0
2025-12-17T10:00:00+00:00,1.901,1.9078,1.8958,1.9062,447524.0
2025-12-17T11:00:00+00:00,1.9065,1.9164,1.9058,1.9123,207691.0
2025-12-17T12:00:00+00:00,1.9124,1.9148,1.9063,1.9109,240123.0
2025-12-17T13:00:00+00:00,1.9105,1.9278,1.9042,1.9204,1014991.0
2025-12-17T14:00:00+00:00,1.9211,1.966,1.9043,1.9628,2432585.0
2025-12-17T15:00:00+00:00,1.9633,1.9861,1.9056,1.9104,12948524.0
2025-12-17T16:00:00+00:00,1.91,1.9216,1.8786,1.8984,4752675.0
2025-12-17T17:00:00+00:00,1.8972,1.8999,1.8691,1.8716,2242258.0
2025-12-17T18:00:00+00:00,1.8722,1.8813,1.8518,1.8573,4446689.0
2025-12-17T19:00:00+00:00,1.858,1.8658,1.8463,1.8642,1302941.0
2025-12-17T20:00:00+00:00,1.8644,1.8835,1.8571,1.8765,1403860.0
2025-12-17T21:00:00+00:00,1.8765,1.8772,1.8582,1.8609,1060522.0
2025-12-17T22:00:00+00:00,1.8615,1.8717,1.854,1.8674,858603.0
2025-12-17T23:00:00+00:00,1.8673,1.8674,1.8557,1.8617,247989.0
2025-12-18T00:00:00+00:00,1.8618,1.8692,1.8583,1.8692,321310.0
2025-12-18T01:00:00+00:00,1.8684,1.8684,1.8508,1.8552,529264.0
2025-12-18T02:00:00+00:00,1.8555,1.8716,1.853,1.863,665895.0
2025-12-18T03:00:00+00:00,1.863,1.8634,1.8511,1.855,667340.0
2025-12-18T04:00:00+00:00,1.8551,1.861,1.8527,1.8531,774913.0
2025-12-18T05:00:00+00:00,1.8532,1.8534,1.8294,1.8306,1035040.0
2025-12-18T06:00:00+00:00,1.8307,1.8361,1.8261,1.8323,495321.0
2025-12-18T07:00:00+00:00,1.8325,1.8432,1.8325,1.8401,703031.0
2025-12-18T08:00:00+00:00,1.8403,1.8537,1.8375,1.8531,506626.0
2025-12-18T09:00:00+00:00,1.8531,1.8714,1.8481,1.8687,387689.0
2025-12-18T10:00:00+00:00,1.8686,1.88,1.8682,1.8756,806026.0
2025-12-18T11:00:00+00:00,1.8757,1.8773,1.866,1.8773,359240.0
2025-12-18T12:00:00+00:00,1.8778,1.8879,1.8711,1.8818,916620.0
2025-12-18T13:00:00+00:00,1.8816,1.9237,1.8812,1.9132,5670970.0
2025-12-18T14:00:00+00:00,1.9136,1.9252,1.8892,1.9015,9832983.0
2025-12-18T15:00:00+00:00,1.9016,1.9332,1.8954,1.919,1389906.0
2025-12-18T16:00:00+00:00,1.9192,1.9201,1.9051,1.9105,575686.0
2025-12-18T17:00:00+00:00,1.9099,1.9102,1.838,1.8661,3671972.0
2025-12-18T18:00:00+00:00,1.866,1.8759,1.8394,1.8425,1458981.0
2025-12-18T19:00:00+00:00,1.8425,1.8454,1.8,1.8059,2359652.0
2025-12-18T20:00:00+00:00,1.8052,1.822,1.7992,1.7997,1407278.0
2025-12-18T21:00:00+00:00,1.8008,1.8231,1.8004,1.8187,1088556.0
2025-12-18T22:00:00+00:00,1.8193,1.8237,1.8134,1.8179,380061.0
2025-12-18T23:00:00+00:00,1.8174,1.8177,1.8059,1.8064,286471.0
2025-12-19T00:00:00+00:00,1.8068,1.8108,1.7803,1.7921,1266131.0
2025-12-19T01:00:00+00:00,1.7914,1.7915,1.7709,1.782,3901117.0
2025-12-19T02:00:00+00:00,1.7812,1.7978,1.7735,1.7932,385153.0
2025-12-19T03:00:00+00:00,1.7933,1.8522,1.7932,1.8389,1997649.0
2025-12-19T04:00:00+00:00,1.8392,1.8487,1.8372,1.8381,1018351.0
2025-12-19T05:00:00+00:00,1.8391,1.8394,1.8256,1.8279,1011038.0
2025-12-19T06:00:00+00:00,1.8279,1.8511,1.8259,1.85,1103707.0
2025-12-19T07:00:00+00:00,1.8504,1.8756,1.8504,1.8665,1816003.0
2025-12-19T08:00:00+00:00,1.8668,1.871,1.8587,1.8661,596869.0
2025-12-19T09:00:00+00:00,1.8656,1.869,1.8615,1.8642,224431.0
2025-12-19T10:00:00+00:00,1.8644,1.8685,1.862,1.8665,530981.0
2025-12-19T11:00:00+00:00,1.8664,1.8712,1.8632,1.8695,520076.0
2025-12-19T12:00:00+00:00,1.8704,1.8875,1.8656,1.8793,784726.0
2025-12-19T13:00:00+00:00,1.8798,1.8842,1.8646,1.8667,767297.0
2025-12-19T14:00:00+00:00,1.8671,1.8896,1.8642,1.8777,1731469.0
2025-12-19T15:00:00+00:00,1.8767,1.9043,1.8717,1.8749,2283032.0
2025-12-19T16:00:00+00:00,1.8753,1.9006,1.8736,1.8876,1166409.0
2025-12-19T17:00:00+00:00,1.8884,1.9071,1.8734,1.8734,1877563.0
2025-12-19T18:00:00+00:00,1.8737,1.8973,1.8737,1.8934,641893.0
2025-12-19T19:00:00+00:00,1.8934,1.917,1.8932,1.9069,1737889.0
2025-12-19T20:00:00+00:00,1.9075,1.92,1.904,1.908,1128883.0
2025-12-19T21:00:00+00:00,1.9088,1.9111,1.9,1.9011,1048619.0
2025-12-19T22:00:00+00:00,1.902,1.9103,1.9004,1.9073,878930.0
2025-12-19T23:00:00+00:00,1.9067,1.9086,1.9019,1.9083,818962.0
2025-12-20T00:00:00+00:00,1.9083,1.9093,1.901,1.906,486562.0
2025-12-20T01:00:00+00:00,1.9055,1.9065,1.9009,1.9017,187363.0
2025-12-20T02:00:00+00:00,1.9021,1.9021,1.8923,1.8965,396567.0
2025-12-20T03:00:00+00:00,1.8966,1.9069,1.8951,1.9033,86211.0
2025-12-20T04:00:00+00:00,1.9034,1.9068,1.8986,1.9035,399206.0
2025-12-20T05:00:00+00:00,1.9043,1.9178,1.904,1.9131,374979.0
2025-12-20T06:00:00+00:00,1.9131,1.9161,1.9125,1.9161,166810.0
2025-12-20T07:00:00+00:00,1.9157,1.918,1.9056,1.9126,1254437.0
2025-12-20T08:00:00+00:00,1.913,1.9388,1.913,1.9287,3339156.0
2025-12-20T09:00:00+00:00,1.9284,1.9574,1.9284,1.9484,4643892.0
2025-12-20T10:00:00+00:00,1.9489,1.9561,1.9393,1.9398,2132420.0
2025-12-20T11:00:00+00:00,1.9398,1.9442,1.931,1.943,1152467.0
2025-12-20T12:00:00+00:00,1.943,1.9474,1.9387,1.9404,526887.0
2025-12-20T13:00:00+00:00,1.9405,1.9427,1.92,1.9275,3848167.0
2025-12-20T14:00:00+00:00,1.9278,1.9298,1.9203,1.9281,998533.0
2025-12-20T15:00:00+00:00,1.929,1.9364,1.9174,1.9211,1754112.0
2025-12-20T16:00:00+00:00,1.921,1.9297,1.9203,1.9277,161904.0
2025-12-20T17:00:00+00:00,1.9285,1.9312,1.9211,1.9235,145730.0
2025-12-20T18:00:00+00:00,1.924,1.926,1.9192,1.9227,618775.0
2025-12-20T19:00:00+00:00,1.923,1.9258,1.9198,1.9252,405596.0
2025-12-20T20:00:00+00:00,1.9251,1.9283,1.9238,1.9274,334310.0
2025-12-20T21:00:00+00:00,1.9274,1.9306,1.9252,1.9304,543908.0
2025-12-20T22:00:00+00:00,1.9313,1.9371,1.9259,1.9336,1694010.0
2025-12-20T23:00:00+00:00,1.9328,1.9357,1.9303,1.934,215614.0
2025-12-21T00:00:00+00:00,1.933,1.9393,1.9301,1.9383,330574.0
2025-12-21T01:00:00+00:00,1.9383,1.9419,1.9275,1.9282,643351.0
2025-12-21T02:00:00+00:00,1.9281,1.9341,1.9176,1.9246,906801.0
2025-12-21T03:00:00+00:00,1.9245,1.938,1.9232,1.9289,583188.0
2025-12-21T04:00:00+00:00,1.9291,1.9298,1.9242,1.9249,368680.0
2025-12-21T05:00:00+00:00,1.9249,1.9267,1.922,1.9222,153500.0
2025-12-21T06:00:00+00:00,1.9222,1.9249,1.9201,1.9207,386364.0
2025-12-21T07:00:00+00:00,1.9205,1.9283,1.9193,1.9253,579370.0
2025-12-21T08:00:00+00:00,1.925,1.9422,1.9223,1.9361,283664.0
2025-12-21T09:00:00+00:00,1.9361,1.949,1.9325,1.9452,1434274.0
2025-12-21T10:00:00+00:00,1.9463,1.9498,1.9312,1.9333,694500.0
2025-12-21T11:00:00+00:00,1.9337,1.936,1.9312,1.9336,193559.0
2025-12-21T12:00:00+00:00,1.9339,1.9382,1.927,1.9291,447497.0
2025-12-21T13:00:00+00:00,1.9294,1.9294,1.8873,1.8983,14950184.0
2025-12-21T14:00:00+00:00,1.8982,1.9138,1.8962,1.9064,1835225.0
2025-12-21T15:00:00+00:00,1.9065,1.9079,1.8986,1.9038,619404.0
2025-12-21T16:00:00+00:00,1.9039,1.9078,1.8978,1.9067,513184.0
2025-12-21T17:00:00+00:00,1.9071,1.9172,1.9061,1.9075,1053409.0
2025-12-21T18:00:00+00:00,1.9072,1.9125,1.9015,1.9119,224680.0
2025-12-21T19:00:00+00:00,1.9119,1.9183,1.9079,1.9171,1307722.0
2025-12-21T20:00:00+00:00,1.917,1.9173,1.911,1.9117,174381.0
2025-12-21T21:00:00+00:00,1.9116,1.9187,1.9065,1.9065,3557469.0
2025-12-21T22:00:00+00:00,1.9066,1.9176,1.9052,1.9168,290347.0
2025-12-21T23:00:00+00:00,1.9172,1.9259,1.9172,1.9209,5423924.0
2025-12-22T00:00:00+00:00,1.9214,1.9481,1.921,1.9234,2060960.0
2025-12-22T01:00:00+00:00,1.9235,1.9368,1.92,1.92,2903852.0
2025-12-22T02:00:00+00:00,1.92,1.9207,1.9034,1.9184,1929705.0
2025-12-22T03:00:00+00:00,1.9186,1.9258,1.9127,1.9193,228992.0
2025-12-22T04:00:00+00:00,1.9194,1.9255,1.9175,1.9242,292255.0
2025-12-22T05:00:00+00:00,1.9244,1.9281,1.918,1.9197,573741.0
2025-12-22T06:00:00+00:00,1.9197,1.9207,1.9134,1.9172,1472777.0
2025-12-22T07:00:00+00:00,1.9169,1.9285,1.9159,1.9267,1206044.0
2025-12-22T08:00:00+00:00,1.9259,1.9327,1.9165,1.9171,1550492.0
2025-12-22T09:00:00+00:00,1.9173,1.9231,1.9138,1.9217,540826.0
2025-12-22T10:00:00+00:00,1.9221,1.9291,1.9167,1.9257,331803.0
2025-12-22T11:00:00+00:00,1.9259,1.9371,1.9232,1.9341,1677448.0
2025-12-22T12:00:00+00:00,1.9345,1.9454,1.931,1.9352,2354655.0
2025-12-22T13:00:00+00:00,1.9352,1.9373,1.9266,1.9329,675730.0
2025-12-22T14:00:00+00:00,1.9325,1.9418,1.9237,1.939,2581708.0
2025-12-22T15:00:00+00:00,1.9399,1.946,1.9175,1.9337,1110795.0
2025-12-22T16:00:00+00:00,1.9337,1.9419,1.932,1.9392,803836.0
2025-12-22T17:00:00+00:00,1.9385,1.9391,1.9214,1.9293,526431.0
2025-12-22T18:00:00+00:00,1.9293,1.9375,1.9239,1.9272,404128.0
2025-12-22T19:00:00+00:00,1.9262,1.9273,1.9011,1.902,1376561.0
2025-12-22T20:00:00+00:00,1.9011,1.9054,1.891,1.8957,3358396.0
2025-12-22T21:00:00+00:00,1.8955,1.9026,1.8926,1.896,2619192.0
2025-12-22T22:00:00+00:00,1.8948,1.908,1.8918,1.9079,717734.0
2025-12-22T23:00:00+00:00,1.9078,1.9079,1.9003,1.9029,364572.0
2025-12-23T00:00:00+00:00,1.9033,1.909,1.8989,1.9033,454886.0
2025-12-23T01:00:00+00:00,1.9036,1.9074,1.8962,1.8981,1379882.0
2025-12-23T02:00:00+00:00,1.898,1.9052,1.8905,1.8927,1009920.0
2025-12-23T03:00:00+00:00,1.8931,1.8944,1.8835,1.8922,706254.0
2025-12-23T04:00:00+00:00,1.8915,1.8966,1.8875,1.8875,398203.0
2025-12-23T05:00:00+00:00,1.8876,1.8899,1.8764,1.8816,1961627.0
2025-12-23T06:00:00+00:00,1.8815,1.8853,1.873,1.881,1776995.0
2025-12-23T07:00:00+00:00,1.881,1.8858,1.8778,1.88,976245.0
2025-12-23T08:00:00+00:00,1.88,1.8815,1.8752,1.8769,292253.0
2025-12-23T09:00:00+00:00,1.8769,1.8865,1.8769,1.8857,1144846.0
2025-12-23T10:00:00+00:00,1.885,1.8996,1.8849,1.8975,1073922.0
2025-12-23T11:00:00+00:00,1.8975,1.905,1.8975,1.9047,975901.0
2025-12-23T12:00:00+00:00,1.9043,1.9043,1.8962,1.8996,777585.0
2025-12-23T13:00:00+00:00,1.8987,1.9001,1.8754,1.8777,1305678.0
2025-12-23T14:00:00+00:00,1.8778,1.8852,1.8627,1.8722,1718754.0
2025-12-23T15:00:00+00:00,1.8717,1.891,1.8694,1.8806,1295031.0
2025-12-23T16:00:00+00:00,1.8805,1.8926,1.8776,1.8899,1630868.0
2025-12-23T17:00:00+00:00,1.8903,1.8921,1.868,1.8686,2524097.0
2025-12-23T18:00:00+00:00,1.8688,1.8838,1.8666,1.8813,767456.0
2025-12-23T19:00:00+00:00,1.8814,1.8863,1.8774,1.882,296273.0
2025-12-23T20:00:00+00:00,1.8818,1.8942,1.8769,1.8802,4827043.0
2025-12-23T21:00:00+00:00,1.8797,1.8842,1.8752,1.8807,4420071.0
2025-12-23T22:00:00+00:00,1.8807,1.8832,1.8748,1.8788,318278.0
2025-12-23T23:00:00+00:00,1.8789,1.8789,1.8714,1.8723,112134.0
2025-12-24T00:00:00+00:00,1.8729,1.8769,1.8687,1.8728,351297.0
2025-12-24T01:00:00+00:00,1.873,1.8775,1.8698,1.8703,245192.0
2025-12-24T02:00:00+00:00,1.87,1.8704,1.8496,1.8542,972449.0
2025-12-24T03:00:00+00:00,1.8536,1.8633,1.8439,1.8613,428881.0
2025-12-24T04:00:00+00:00,1.8611,1.8668,1.8532,1.8543,468190.0
2025-12-24T05:00:00+00:00,1.8544,1.8563,1.8425,1.8465,327295.0
2025-12-24T06:00:00+00:00,1.8462,1.8526,1.8362,1.8517,636180.0
2025-12-24T07:00:00+00:00,1.8513,1.8594,1.8503,1.8544,170424.0
2025-12-24T08:00:00+00:00,1.8538,1.8615,1.8513,1.8515,388537.0
2025-12-24T09:00:00+00:00,1.8522,1.8579,1.8522,1.8541,361081.0
2025-12-24T10:00:00+00:00,1.8533,1.869,1.8532,1.8651,303506.0
2025-12-24T11:00:00+00:00,1.865,1.8743,1.865,1.8682,313472.0
2025-12-24T12:00:00+00:00,1.868,1.8723,1.8626,1.8712,1127534.0
2025-12-24T13:00:00+00:00,1.871,1.8718,1.863,1.8691,609256.0
2025-12-24T14:00:00+00:00,1.8693,1.8772,1.8511,1.8587,1365658.0
2025-12-24T15:00:00+00:00,1.8585,1.8691,1.8525,1.8626,330671.0
2025-12-24T16:00:00+00:00,1.8621,1.8705,1.8553,1.8614,538468.0
2025-12-24T17:00:00+00:00,1.861,1.8709,1.8505,1.8506,6332737.0
2025-12-24T18:00:00+00:00,1.8507,1.8585,1.8486,1.8557,155852.0
2025-12-24T19:00:00+00:00,1.8555,1.8622,1.853,1.8615,2042898.0
2025-12-24T20:00:00+00:00,1.8615,1.8697,1.8615,1.8634,1874330.0
2025-12-24T21:00:00+00:00,1.8644,1.8661,1.8624,1.8639,190798.0
2025-12-24T22:00:00+00:00,1.8637,1.8688,1.8595,1.8688,173894.0
2025-12-24T23:00:00+00:00,1.8698,1.8698,1.8609,1.8625,638440.0
2025-12-25T00:00:00+00:00,1.8623,1.8651,1.8567,1.8574,1030306.0
2025-12-25T01:00:00+00:00,1.8575,1.8664,1.856,1.8663,243375.0
2025-12-25T02:00:00+00:00,1.8657,1.8723,1.8631,1.8707,215217.0
2025-12-25T03:00:00+00:00,1.8707,1.8739,1.8667,1.8698,152339.0
2025-12-25T04:00:00+00:00,1.8696,1.8745,1.8685,1.8727,60764.0
2025-12-25T05:00:00+00:00,1.8727,1.8738,1.8684,1.8688,43395.0
2025-12-25T06:00:00+00:00,1.8685,1.8759,1.8659,1.8754,168202.0
2025-12-25T07:00:00+00:00,1.8752,1.8758,1.8719,1.874,61201.0
2025-12-25T08:00:00+00:00,1.874,1.8804,1.8652,1.8731,560584.0
2025-12-25T09:00:00+00:00,1.8733,1.8734,1.8662,1.8711,1371993.0
2025-12-25T10:00:00+00:00,1.871,1.871,1.8528,1.8558,340415.0
2025-12-25T11:00:00+00:00,1.8568,1.8662,1.8563,1.8587,2897128.0
2025-12-25T12:00:00+00:00,1.8576,1.8648,1.8551,1.8648,367777.0
2025-12-25T13:00:00+00:00,1.8649,1.8699,1.8622,1.8683,119637.0
2025-12-25T14:00:00+00:00,1.8684,1.8698,1.8646,1.869,534834.0
2025-12-25T15:00:00+00:00,1.8691,1.8886,1.8652,1.8816,760551.0
2025-12-25T16:00:00+00:00,1.8824,1.8827,1.8683,1.8707,264522.0
2025-12-25T17:00:00+00:00,1.8709,1.8718,1.8649,1.8702,753317.0
2025-12-25T18:00:00+00:00,1.8702,1.8744,1.8689,1.8728,416676.0
2025-12-25T19:00:00+00:00,1.8729,1.8733,1.8698,1.8727,85046.0
2025-12-25T20:00:00+00:00,1.873,1.8732,1.8642,1.8681,183550.0
2025-12-25T21:00:00+00:00,1.8682,1.8688,1.864,1.8653,201272.0
2025-12-25T22:00:00+00:00,1.8649,1.8649,1.84,1.8451,708228.0
2025-12-25T23:00:00+00:00,1.8449,1.8503,1.828,1.8318,1012058.0
2025-12-26T00:00:00+00:00,1.8318,1.8363,1.8237,1.8305,1998783.0
2025-12-26T01:00:00+00:00,1.8305,1.8388,1.8288,1.836,765500.0
2025-12-26T02:00:00+00:00,1.8354,1.8793,1.8332,1.8687,1174506.0
2025-12-26T03:00:00+00:00,1.8688,1.8727,1.8585,1.8638,213354.0
2025-12-26T04:00:00+00:00,1.8639,1.8696,1.8544,1.8651,303372.0
2025-12-26T05:00:00+00:00,1.865,1.8716,1.8628,1.8702,354047.0
2025-12-26T06:00:00+00:00,1.8693,1.8774,1.8685,1.8751,148409.0
2025-12-26T07:00:00+00:00,1.874,1.8822,1.8617,1.8633,1196167.0
2025-12-26T08:00:00+00:00,1.8637,1.8698,1.8622,1.866,336143.0
2025-12-26T09:00:00+00:00,1.8662,1.877,1.8662,1.876,335626.0
2025-12-26T10:00:00+00:00,1.8765,1.8801,1.872,1.8779,306487.0
2025-12-26T11:00:00+00:00,1.8783,1.8783,1.8704,1.8704,339150.0
2025-12-26T12:00:00+00:00,1.8706,1.8734,1.87,1.8719,120868.0
2025-12-26T13:00:00+00:00,1.8718,1.8793,1.8682,1.8777,123545.0
2025-12-26T14:00:00+00:00,1.8777,1.8777,1.8422,1.844,1106535.0
2025-12-26T15:00:00+00:00,1.844,1.844,1.8263,1.8361,1735533.0
2025-12-26T16:00:00+00:00,1.8368,1.8458,1.8331,1.8336,1105654.0
2025-12-26T17:00:00+00:00,1.8343,1.848,1.8343,1.8422,995002.0
2025-12-26T18:00:00+00:00,1.8429,1.8469,1.8395,1.8442,155889.0
2025-12-26T19:00:00+00:00,1.8443,1.8496,1.8413,1.8448,170325.0
2025-12-26T20:00:00+00:00,1.845,1.8596,1.8447,1.8534,592091.0
2025-12-26T21:00:00+00:00,1.8541,1.8563,1.846,1.8464,152316.0
2025-12-26T22:00:00+00:00,1.8463,1.8492,1.842,1.8468,168499.0
2025-12-26T23:00:00+00:00,1.8467,1.848,1.8415,1.8428,126862.0
2025-12-27T00:00:00+00:00,1.8429,1.8451,1.841,1.8445,226237.0
2025-12-27T01:00:00+00:00,1.8448,1.8465,1.8422,1.8461,287797.0
2025-12-27T02:00:00+00:00,1.8463,1.852,1.8446,1.8482,686457.0
2025-12-27T03:00:00+00:00,1.8489,1.8527,1.8462,1.8506,79977.0
2025-12-27T04:00:00+00:00,1.851,1.8517,1.8466,1.8472,193704.0
2025-12-27T05:00:00+00:00,1.8476,1.849,1.8454,1.8489,128856.0
2025-12-27T06:00:00+00:00,1.8492,1.8492,1.8466,1.8472,67921.0
2025-12-27T07:00:00+00:00,1.8472,1.8513,1.847,1.8471,210636.0
2025-12-27T08:00:00+00:00,1.8472,1.8508,1.8472,1.8492,68988.0
2025-12-27T09:00:00+00:00,1.8493,1.8548,1.8493,1.8501,125501.0
2025-12-27T10:00:00+00:00,1.8501,1.8519,1.8444,1.8477,89562.0
2025-12-27T11:00:00+00:00,1.8477,1.8517,1.8466,1.8502,197170.0
2025-12-27T12:00:00+00:00,1.8503,1.8525,1.8493,1.8503,262365.0
2025-12-27T13:00:00+00:00,1.8504,1.851,1.8441,1.845,81561.0
2025-12-27T14:00:00+00:00,1.8451,1.8487,1.8424,1.8485,95509.0
2025-12-27T15:00:00+00:00,1.8485,1.8505,1.8461,1.8486,113482.0
2025-12-27T16:00:00+00:00,1.8488,1.8491,1.8432,1.844,233920.0
2025-12-27T17:00:00+00:00,1.8442,1.8505,1.8427,1.8483,488147.0
2025-12-27T18:00:00+00:00,1.8484,1.8527,1.8484,1.8489,259690.0
2025-12-27T19:00:00+00:00,1.8489,1.8564,1.8473,1.8548,214446.0
2025-12-27T20:00:00+00:00,1.8555,1.8588,1.8525,1.8546,188534.0
2025-12-27T21:00:00+00:00,1.8547,1.8618,1.8547,1.8614,193413.0
2025-12-27T22:00:00+00:00,1.8619,1.8744,1.8609,1.8617,914584.0
2025-12-27T23:00:00+00:00,1.8621,1.8779,1.8617,1.873,311950.0
2025-12-28T00:00:00+00:00,1.8728,1.8759,1.8687,1.8708,358788.0
2025-12-28T01:00:00+00:00,1.8709,1.8742,1.8684,1.8699,191365.0
2025-12-28T02:00:00+00:00,1.8698,1.8776,1.8693,1.8726,286607.0
2025-12-28T03:00:00+00:00,1.8725,1.8743,1.8709,1.874,492549.0
2025-12-28T04:00:00+00:00,1.8737,1.8768,1.8723,1.8735,237965.0
2025-12-28T05:00:00+00:00,1.8735,1.8759,1.8714,1.8724,69036.0
2025-12-28T06:00:00+00:00,1.8721,1.8786,1.8719,1.8766,115139.0
2025-12-28T07:00:00+00:00,1.8766,1.8787,1.8726,1.8726,251079.0
2025-12-28T08:00:00+00:00,1.8733,1.8758,1.8678,1.8679,338955.0
2025-12-28T09:00:00+00:00,1.8681,1.8682,1.8617,1.8642,316034.0
2025-12-28T10:00:00+00:00,1.8642,1.8711,1.8642,1.8708,1173476.0
2025-12-28T11:00:00+00:00,1.8708,1.8734,1.869,1.8715,231160.0
2025-12-28T12:00:00+00:00,1.8719,1.8723,1.8654,1.8655,179792.0
2025-12-28T13:00:00+00:00,1.8659,1.8697,1.8647,1.8672,207959.0
2025-12-28T14:00:00+00:00,1.8668,1.8761,1.8666,1.8707,144452.0
2025-12-28T15:00:00+00:00,1.8708,1.8751,1.8686,1.8695,196577.0
2025-12-28T16:00:00+00:00,1.8701,1.8719,1.8655,1.8661,256105.0
2025-12-28T17:00:00+00:00,1.8661,1.8712,1.866,1.868,204564.0
2025-12-28T18:00:00+00:00,1.8682,1.8682,1.8537,1.8565,740188.0
2025-12-28T19:00:00+00:00,1.8562,1.8599,1.8533,1.857,310263.0
2025-12-28T20:00:00+00:00,1.8565,1.8624,1.8542,1.8584,252909.0
2025-12-28T21:00:00+00:00,1.8577,1.8617,1.8548,1.8613,327493.0
2025-12-28T22:00:00+00:00,1.8616,1.8703,1.86,1.8675,165808.0
2025-12-28T23:00:00+00:00,1.8682,1.8702,1.859,1.8646,199552.0
2025-12-29T00:00:00+00:00,1.865,1.8771,1.8623,1.8728,319903.0
2025-12-29T01:00:00+00:00,1.8728,1.8848,1.8646,1.8812,301577.0
2025-12-29T02:00:00+00:00,1.882,1.896,1.8816,1.8906,562811.0
2025-12-29T03:00:00+00:00,1.8918,1.9161,1.8912,1.914,503372.0
2025-12-29T04:00:00+00:00,1.9143,1.917,1.9094,1.9141,2052740.0
2025-12-29T05:00:00+00:00,1.9137,1.9142,1.9023,1.9023,411694.0
2025-12-29T06:00:00+00:00,1.9022,1.9078,1.8991,1.901,621060.0
2025-12-29T07:00:00+00:00,1.9015,1.9036,1.8919,1.9002,911956.0
2025-12-29T08:00:00+00:00,1.9009,1.9045,1.8956,1.8979,688099.0
2025-12-29T09:00:00+00:00,1.8983,1.8986,1.8655,1.8752,1812807.0
2025-12-29T10:00:00+00:00,1.8751,1.8825,1.8725,1.8753,421995.0
2025-12-29T11:00:00+00:00,1.8753,1.8764,1.8709,1.8709,1188313.0
2025-12-29T12:00:00+00:00,1.8712,1.8726,1.8544,1.8664,846388.0
2025-12-29T13:00:00+00:00,1.8664,1.8693,1.857,1.8625,158688.0
2025-12-29T14:00:00+00:00,1.8624,1.8774,1.859,1.8659,501758.0
2025-12-29T15:00:00+00:00,1.8659,1.8729,1.8625,1.8645,212419.0
2025-12-29T16:00:00+00:00,1.8644,1.8678,1.8576,1.8613,224516.0
2025-12-29T17:00:00+00:00,1.8613,1.8652,1.8583,1.8647,236379.0
2025-12-29T18:00:00+00:00,1.8647,1.8666,1.8541,1.8544,268767.0
2025-12-29T19:00:00+00:00,1.8544,1.8591,1.8493,1.8525,483425.0
2025-12-29T20:00:00+00:00,1.8528,1.856,1.8442,1.8484,562395.0
2025-12-29T21:00:00+00:00,1.8486,1.8535,1.8478,1.8529,334621.0
2025-12-29T22:00:00+00:00,1.8529,1.8551,1.8445,1.8513,189169.0
2025-12-29T23:00:00+00:00,1.8513,1.8525,1.847,1.8498,325639.0
2025-12-30T00:00:00+00:00,1.8496,1.8537,1.8458,1.8498,291190.0
2025-12-30T01:00:00+00:00,1.8505,1.8507,1.8441,1.8465,56133.0
2025-12-30T02:00:00+00:00,1.8472,1.8513,1.8431,1.8513,247629.0
2025-12-30T03:00:00+00:00,1.8513,1.8621,1.8479,1.8604,337979.0
2025-12-30T04:00:00+00:00,1.8604,1.8628,1.8569,1.8603,73141.0
2025-12-30T05:00:00+00:00,1.86,1.8616,1.854,1.8576,118328.0
2025-12-30T06:00:00+00:00,1.8574,1.8665,1.8574,1.861,112294.0
2025-12-30T07:00:00+00:00,1.861,1.8641,1.8561,1.8597,225082.0
2025-12-30T08:00:00+00:00,1.8593,1.8707,1.8588,1.866,1566395.0
2025-12-30T09:00:00+00:00,1.8661,1.8697,1.8638,1.8682,165617.0
2025-12-30T10:00:00+00:00,1.8682,1.8687,1.8605,1.861,210326.0
2025-12-30T11:00:00+00:00,1.8609,1.8633,1.8593,1.8612,279048.0
2025-12-30T12:00:00+00:00,1.8614,1.8675,1.8607,1.8629,640383.0
2025-12-30T13:00:00+00:00,1.8629,1.8645,1.8597,1.8631,365526.0
2025-12-30T14:00:00+00:00,1.8627,1.8749,1.8537,1.8724,1341540.0
2025-12-30T15:00:00+00:00,1.8726,1.8785,1.8646,1.8773,1628372.0
2025-12-30T16:00:00+00:00,1.8773,1.8815,1.8694,1.878,639094.0
2025-12-30T17:00:00+00:00,1.8774,1.8855,1.8713,1.8737,409961.0
2025-12-30T18:00:00+00:00,1.8738,1.8827,1.873,1.8783,169561.0
2025-12-30T19:00:00+00:00,1.8785,1.8796,1.8705,1.8755,241454.0
2025-12-30T20:00:00+00:00,1.8757,1.8757,1.8658,1.8677,280249.0
2025-12-30T21:00:00+00:00,1.8682,1.8725,1.8678,1.8718,136310.0
2025-12-30T22:00:00+00:00,1.8726,1.8778,1.8713,1.8716,227259.0
2025-12-30T23:00:00+00:00,1.871,1.8779,1.8707,1.8777,279676.0
2025-12-31T00:00:00+00:00,1.877,1.877,1.8715,1.874,483044.0
2025-12-31T01:00:00+00:00,1.8735,1.8834,1.8713,1.8787,610959.0
2025-12-31T02:00:00+00:00,1.8788,1.8793,1.8757,1.8783,183421.0
2025-12-31T03:00:00+00:00,1.8781,1.8787,1.8689,1.8706,108521.0
2025-12-31T04:00:00+00:00,1.8716,1.8716,1.8666,1.8677,94021.0
2025-12-31T05:00:00+00:00,1.8677,1.8721,1.8676,1.8714,40552.0
2025-12-31T06:00:00+00:00,1.8719,1.8749,1.8698,1.8725,64071.0
2025-12-31T07:00:00+00:00,1.8723,1.8723,1.8683,1.8716,84573.0
2025-12-31T08:00:00+00:00,1.872,1.8744,1.865,1.8668,150905.0
2025-12-31T09:00:00+00:00,1.8668,1.8712,1.8668,1.8704,126277.0
2025-12-31T10:00:00+00:00,1.8705,1.873,1.8692,1.8707,72473.0
2025-12-31T11:00:00+00:00,1.8716,1.8804,1.8714,1.8784,331750.0
2025-12-31T12:00:00+00:00,1.8782,1.8785,1.873,1.876,146075.0
2025-12-31T13:00:00+00:00,1.8754,1.8778,1.8721,1.8756,104158.0
2025-12-31T14:00:00+00:00,1.8756,1.8822,1.8636,1.8656,564877.0
2025-12-31T15:00:00+00:00,1.8663,1.8668,1.853,1.859,446020.0
2025-12-31T16:00:00+00:00,1.859,1.8599,1.8394,1.8437,646350.0
2025-12-31T17:00:00+00:00,1.8437,1.8445,1.8333,1.834,1000203.0
2025-12-31T18:00:00+00:00,1.8343,1.8407,1.8319,1.8338,443116.0
2025-12-31T19:00:00+00:00,1.8337,1.8378,1.8266,1.8278,1922557.0
2025-12-31T20:00:00+00:00,1.8279,1.8341,1.8114,1.8302,1871122.0
2025-12-31T21:00:00+00:00,1.8295,1.8424,1.827,1.8408,523111.0
2025-12-31T22:00:00+00:00,1.8406,1.847,1.8363,1.8403,398717.0
2025-12-31T23:00:00+00:00,1.8399,1.8436,1.8393,1.8415,292292.0
2026-01-01T00:00:00+00:00,1.8416,1.8484,1.8397,1.8445,124246.0
2026-01-01T01:00:00+00:00,1.8448,1.847,1.8402,1.8404,218626.0
2026-01-01T02:00:00+00:00,1.8409,1.8422,1.8389,1.8392,239741.0
2026-01-01T03:00:00+00:00,1.8393,1.8414,1.8338,1.8339,383772.0
2026-01-01T04:00:00+00:00,1.8344,1.8344,1.8271,1.8303,302282.0
2026-01-01T05:00:00+00:00,1.8304,1.8553,1.8304,1.8444,953585.0
2026-01-01T06:00:00+00:00,1.8444,1.8469,1.8441,1.8448,156301.0
2026-01-01T07:00:00+00:00,1.8452,1.8465,1.8408,1.8412,61807.0
2026-01-01T08:00:00+00:00,1.8414,1.85,1.8411,1.8497,239219.0
2026-01-01T09:00:00+00:00,1.8493,1.854,1.8487,1.8516,129655.0
2026-01-01T10:00:00+00:00,1.8516,1.8541,1.8508,1.8523,52312.0
2026-01-01T11:00:00+00:00,1.8528,1.8558,1.8492,1.8547,176082.0
2026-01-01T12:00:00+00:00,1.8547,1.8558,1.8508,1.8525,343621.0
2026-01-01T13:00:00+00:00,1.8522,1.8588,1.8517,1.8579,289195.0
2026-01-01T14:00:00+00:00,1.8577,1.8594,1.8518,1.8556,287098.0
2026-01-01T15:00:00+00:00,1.8557,1.8664,1.8515,1.8621,254258.0
2026-01-01T16:00:00+00:00,1.8621,1.8643,1.8559,1.8638,242054.0
2026-01-01T17:00:00+00:00,1.8639,1.8748,1.8637,1.8681,323707.0
2026-01-01T18:00:00+00:00,1.8683,1.8705,1.8648,1.8687,557115.0
2026-01-01T19:00:00+00:00,1.869,1.8734,1.867,1.8734,297255.0
2026-01-01T20:00:00+00:00,1.8738,1.876,1.868,1.8713,213401.0
2026-01-01T21:00:00+00:00,1.8708,1.8721,1.8672,1.8706,365218.0
2026-01-01T22:00:00+00:00,1.8706,1.8758,1.8677,1.8755,200668.0
2026-01-01T23:00:00+00:00,1.8761,1.8803,1.8721,1.879,713008.0
2026-01-02T00:00:00+00:00,1.8795,1.8817,1.8745,1.8781,321451.0
2026-01-02T01:00:00+00:00,1.8784,1.8796,1.8718,1.8719,149776.0
2026-01-02T02:00:00+00:00,1.8719,1.8765,1.8688,1.8765,215418.0
2026-01-02T03:00:00+00:00,1.8765,1.8922,1.8752,1.8883,818529.0
2026-01-02T04:00:00+00:00,1.8887,1.8902,1.8755,1.8762,1627947.0
2026-01-02T05:00:00+00:00,1.8763,1.8767,1.8716,1.8755,361340.0
2026-01-02T06:00:00+00:00,1.8755,1.8807,1.8743,1.8765,143681.0
2026-01-02T07:00:00+00:00,1.8766,1.8776,1.8703,1.8709,603241.0
2026-01-02T08:00:00+00:00,1.8714,1.8793,1.871,1.8793,110230.0
2026-01-02T09:00:00+00:00,1.8797,1.9004,1.8781,1.8965,2023307.0
2026-01-02T10:00:00+00:00,1.8972,1.9087,1.8962,1.8969,826302.0
2026-01-02T11:00:00+00:00,1.897,1.8972,1.8867,1.8905,529098.0
2026-01-02T12:00:00+00:00,1.8904,1.902,1.8892,1.8984,345411.0
2026-01-02T13:00:00+00:00,1.8983,1.9042,1.8957,1.8961,355517.0
2026-01-02T14:00:00+00:00,1.8962,1.9225,1.8874,1.9165,3306367.0
2026-01-02T15:00:00+00:00,1.9163,1.9245,1.8982,1.9169,1056123.0
2026-01-02T16:00:00+00:00,1.918,1.963,1.9154,1.9619,3068468.0
2026-01-02T17:00:00+00:00,1.962,1.9972,1.962,1.9924,5191455.0
2026-01-02T18:00:00+00:00,1.9919,1.9978,1.9698,1.9776,2131744.0
2026-01-02T19:00:00+00:00,1.9785,1.995,1.9728,1.9913,763548.0
2026-01-02T20:00:00+00:00,1.9914,1.9964,1.9782,1.9798,2804036.0
2026-01-02T21:00:00+00:00,1.9791,2.02,1.9791,2.0159,3509579.0
2026-01-02T22:00:00+00:00,2.0168,2.03,2.0095,2.0147,3192029.0
2026-01-02T23:00:00+00:00,2.0147,2.0178,2.0042,2.006,1313405.0
2026-01-03T00:00:00+00:00,2.0057,2.0386,2.0057,2.0138,1816865.0
2026-01-03T01:00:00+00:00,2.013,2.031,2.0111,2.0296,928811.0
2026-01-03T02:00:00+00:00,2.0293,2.0297,2.0183,2.0239,886403.0
2026-01-03T03:00:00+00:00,2.0238,2.0419,2.0188,2.0393,859501.0
2026-01-03T04:00:00+00:00,2.039,2.0548,2.0369,2.048,882545.0
2026-01-03T05:00:00+00:00,2.048,2.0547,2.0271,2.0304,745970.0
2026-01-03T06:00:00+00:00,2.0302,2.0348,2.0068,2.0105,989284.0
2026-01-03T07:00:00+00:00,2.0108,2.0139,1.983,1.993,4786629.0
2026-01-03T08:00:00+00:00,1.9929,2.0089,1.9912,2.0065,2866851.0
2026-01-03T09:00:00+00:00,2.0066,2.0208,2.0045,2.0132,822282.0
2026-01-03T10:00:00+00:00,2.0132,2.014,2.0022,2.0041,963909.0
2026-01-03T11:00:00+00:00,2.0049,2.0049,1.9967,1.9992,622640.0
2026-01-03T12:00:00+00:00,1.9986,2.004,1.9932,2.002,559272.0
2026-01-03T13:00:00+00:00,2.0015,2.0087,1.9996,2.0043,1742140.0
2026-01-03T14:00:00+00:00,2.0044,2.0176,2.0036,2.01,1010346.0
2026-01-03T15:00:00+00:00,2.0101,2.0122,2.0042,2.0055,290794.0
2026-01-03T16:00:00+00:00,2.0054,2.0099,1.9993,2.0016,704591.0
2026-01-03T17:00:00+00:00,2.0017,2.0035,1.9962,2.0011,1984077.0
2026-01-03T18:00:00+00:00,2.001,2.0102,1.9968,2.0094,797650.0
2026-01-03T19:00:00+00:00,2.0093,2.0093,2.002,2.0065,212373.0
2026-01-03T20:00:00+00:00,2.0069,2.0101,1.9972,2.0067,1656131.0
2026-01-03T21:00:00+00:00,2.0067,2.0133,2.0041,2.0084,314618.0
2026-01-03T22:00:00+00:00,2.0086,2.0165,2.0029,2.0135,757045.0
2026-01-03T23:00:00+00:00,2.0135,2.0182,2.0115,2.0179,571002.0
2026-01-04T00:00:00+00:00,2.0174,2.0473,2.0156,2.0419,2102480.0
2026-01-04T01:00:00+00:00,2.0419,2.042,2.0257,2.0342,495774.0
2026-01-04T02:00:00+00:00,2.0338,2.0357,2.0259,2.0295,341478.0
2026-01-04T03:00:00+00:00,2.0297,2.0607,2.0297,2.0567,920215.0
2026-01-04T04:00:00+00:00,2.0566,2.0675,2.0523,2.0602,1879123.0
2026-01-04T05:00:00+00:00,2.0603,2.0747,2.0552,2.0663,810760.0
2026-01-04T06:00:00+00:00,2.0658,2.0722,2.0579,2.0676,717399.0
2026-01-04T07:00:00+00:00,2.0672,2.0803,2.0616,2.0712,422211.0
2026-01-04T08:00:00+00:00,2.0724,2.0844,2.0594,2.0767,694358.0
2026-01-04T09:00:00+00:00,2.0767,2.0883,2.0666,2.0858,1036214.0
2026-01-04T10:00:00+00:00,2.0849,2.0913,2.0774,2.0903,416567.0
2026-01-04T11:00:00+00:00,2.0894,2.0962,2.082,2.0942,717569.0
2026-01-04T12:00:00+00:00,2.0937,2.12,2.0911,2.1166,2022555.0
2026-01-04T13:00:00+00:00,2.1161,2.1161,2.0908,2.1013,1796286.0
2026-01-04T14:00:00+00:00,2.1012,2.1056,2.0807,2.0902,802959.0
2026-01-04T15:00:00+00:00,2.0901,2.0962,2.0811,2.0902,550565.0
2026-01-04T16:00:00+00:00,2.0896,2.0927,2.0833,2.0902,322016.0
2026-01-04T17:00:00+00:00,2.0903,2.1025,2.0896,2.0944,571312.0
2026-01-04T18:00:00+00:00,2.0945,2.0948,2.0732,2.0866,1150190.0
2026-01-04T19:00:00+00:00,2.0862,2.0885,2.072,2.0831,1171003.0
2026-01-04T20:00:00+00:00,2.0836,2.0945,2.0808,2.0912,552666.0
2026-01-04T21:00:00+00:00,2.0906,2.1023,2.0883,2.0954,474448.0
2026-01-04T22:00:00+00:00,2.0957,2.0989,2.0785,2.0854,633477.0
2026-01-04T23:00:00+00:00,2.0849,2.0965,2.0833,2.0909,1249745.0
2026-01-05T00:00:00+00:00,2.09,2.1163,2.0872,2.1112,3081508.0
2026-01-05T01:00:00+00:00,2.1122,2.1654,2.1086,2.1554,3069364.0
2026-01-05T02:00:00+00:00,2.1564,2.1609,2.1348,2.1428,2256004.0
2026-01-05T03:00:00+00:00,2.1431,2.1526,2.1364,2.1421,497589.0
2026-01-05T04:00:00+00:00,2.1421,2.1453,2.1174,2.1263,922943.0
2026-01-05T05:00:00+00:00,2.1258,2.1368,2.1213,2.1225,473257.0
2026-01-05T06:00:00+00:00,2.1223,2.1275,2.1082,2.1229,695638.0
2026-01-05T07:00:00+00:00,2.1229,2.1341,2.1225,2.1332,383610.0
2026-01-05T08:00:00+00:00,2.133,2.1516,2.131,2.1382,703524.0
2026-01-05T09:00:00+00:00,2.1382,2.1461,2.1268,2.1368,1683408.0
2026-01-05T10:00:00+00:00,2.1363,2.1483,2.1308,2.1369,1217593.0
2026-01-05T11:00:00+00:00,2.137,2.137,2.1248,2.1329,875739.0
2026-01-05T12:00:00+00:00,2.1322,2.1367,2.1223,2.1263,464344.0
2026-01-05T13:00:00+00:00,2.1267,2.1305,2.1108,2.1161,1850240.0
2026-01-05T14:00:00+00:00,2.1161,2.1531,2.1114,2.1488,4909252.0
2026-01-05T15:00:00+00:00,2.1492,2.1686,2.1375,2.1647,1921687.0
2026-01-05T16:00:00+00:00,2.1644,2.1955,2.1639,2.1933,2042389.0
2026-01-05T17:00:00+00:00,2.1929,2.2067,2.1668,2.2064,5543372.0
2026-01-05T18:00:00+00:00,2.206,2.2687,2.1989,2.2664,8691327.0
2026-01-05T19:00:00+00:00,2.2665,2.2809,2.2577,2.2772,6852060.0
2026-01-05T20:00:00+00:00,2.277,2.3494,2.2762,2.3138,9376702.0
2026-01-05T21:00:00+00:00,2.3148,2.3425,2.3122,2.3346,2383856.0
2026-01-05T22:00:00+00:00,2.3346,2.344,2.321,2.3347,2467604.0
2026-01-05T23:00:00+00:00,2.3345,2.368,2.3338,2.3471,4093500.0
2026-01-06T00:00:00+00:00,2.3465,2.3734,2.3153,2.3734,5788821.0
2026-01-06T01:00:00+00:00,2.371,2.4038,2.3613,2.372,7230817.0
2026-01-06T02:00:00+00:00,2.3729,2.4164,2.371,2.3926,4535390.0
2026-01-06T03:00:00+00:00,2.3927,2.4005,2.3795,2.3856,1463386.0
2026-01-06T04:00:00+00:00,2.3855,2.3936,2.3658,2.3869,2012705.0
2026-01-06T05:00:00+00:00,2.3868,2.406,2.3814,2.3887,3351378.0
2026-01-06T06:00:00+00:00,2.3883,2.3991,2.3739,2.3755,1303828.0
2026-01-06T07:00:00+00:00,2.3758,2.3763,2.3209,2.3293,9192695.0
2026-01-06T08:00:00+00:00,2.3295,2.345,2.3241,2.3316,4699429.0
2026-01-06T09:00:00+00:00,2.3316,2.357,2.3297,2.3508,1846560.0
2026-01-06T10:00:00+00:00,2.3509,2.3632,2.3457,2.3601,1835385.0
2026-01-06T11:00:00+00:00,2.3606,2.3763,2.3554,2.3762,1615430.0
2026-01-06T12:00:00+00:00,2.376,2.3936,2.3674,2.3727,2679505.0
2026-01-06T13:00:00+00:00,2.3725,2.378,2.3658,2.3703,1403644.0
2026-01-06T14:00:00+00:00,2.3709,2.3982,2.3688,2.3775,9949731.0
2026-01-06T15:00:00+00:00,2.378,2.3914,2.334,2.3479,7281822.0
2026-01-06T16:00:00+00:00,2.3484,2.354,2.2672,2.2817,11093550.0
2026-01-06T17:00:00+00:00,2.2808,2.288,2.2083,2.209,12588638.0
2026-01-06T18:00:00+00:00,2.2083,2.2544,2.2039,2.2448,5348367.0
2026-01-06T19:00:00+00:00,2.245,2.2574,2.2235,2.2269,4259343.0
2026-01-06T20:00:00+00:00,2.2271,2.2666,2.227,2.257,10115908.0
2026-01-06T21:00:00+00:00,2.2571,2.2908,2.2487,2.2821,10080139.0
2026-01-06T22:00:00+00:00,2.2815,2.2985,2.2748,2.2909,2044352.0
2026-01-06T23:00:00+00:00,2.2914,2.3101,2.2862,2.3035,3339291.0
2026-01-07T00:00:00+00:00,2.3035,2.3201,2.2811,2.2824,5492423.0
2026-01-07T01:00:00+00:00,2.2822,2.2925,2.2561,2.2654,3826417.0
2026-01-07T02:00:00+00:00,2.2651,2.2792,2.2573,2.275,2952822.0
2026-01-07T03:00:00+00:00,2.2759,2.2808,2.2614,2.2656,1065440.0
2026-01-07T04:00:00+00:00,2.2662,2.274,2.258,2.2586,1050895.0
2026-01-07T05:00:00+00:00,2.259,2.2645,2.2449,2.2515,5881355.0
2026-01-07T06:00:00+00:00,2.2517,2.2696,2.2499,2.2636,845497.0
2026-01-07T07:00:00+00:00,2.2642,2.2862,2.2642,2.2796,960778.0
2026-01-07T08:00:00+00:00,2.279,2.2903,2.2734,2.2834,817158.0
2026-01-07T09:00:00+00:00,2.2837,2.2837,2.2318,2.2405,7571796.0
2026-01-07T10:00:00+00:00,2.24,2.2528,2.236,2.2511,679308.0
2026-01-07T11:00:00+00:00,2.249,2.2579,2.2457,2.2512,3548515.0
2026-01-07T12:00:00+00:00,2.2499,2.2556,2.2424,2.2471,568470.0
2026-01-07T13:00:00+00:00,2.2481,2.2555,2.2378,2.2442,3047094.0
2026-01-07T14:00:00+00:00,2.2445,2.2446,2.2061,2.2287,3834530.0
2026-01-07T15:00:00+00:00,2.2285,2.2298,2.1833,2.1954,4580455.0
2026-01-07T16:00:00+00:00,2.1945,2.2228,2.1935,2.2008,4829735.0
2026-01-07T17:00:00+00:00,2.2009,2.2093,2.1866,2.1927,4842409.0
2026-01-07T18:00:00+00:00,2.1926,2.2021,2.181,2.1869,1032105.0
2026-01-07T19:00:00+00:00,2.1867,2.1976,2.1703,2.1931,2543546.0
2026-01-07T20:00:00+00:00,2.1931,2.1977,2.1705,2.1722,4506642.0
2026-01-07T21:00:00+00:00,2.173,2.1854,2.1716,2.1786,1064831.0
2026-01-07T22:00:00+00:00,2.1778,2.191,2.1654,2.17,765742.0
2026-01-07T23:00:00+00:00,2.1685,2.1801,2.1511,2.1644,1500061.0
2026-01-08T00:00:00+00:00,2.1651,2.1732,2.1447,2.169,3183262.0
2026-01-08T01:00:00+00:00,2.1698,2.1895,2.1693,2.1817,1597293.0
2026-01-08T02:00:00+00:00,2.1811,2.1909,2.1584,2.1667,1614218.0
2026-01-08T03:00:00+00:00,2.1666,2.1748,2.1441,2.1496,1159407.0
2026-01-08T04:00:00+00:00,2.1491,2.171,2.144,2.16,558018.0
2026-01-08T05:00:00+00:00,2.1611,2.1647,2.1389,2.1426,659436.0
2026-01-08T06:00:00+00:00,2.142,2.1454,2.107,2.1071,3943689.0
2026-01-08T07:00:00+00:00,2.1066,2.1217,2.0963,2.1182,1768808.0
2026-01-08T08:00:00+00:00,2.1185,2.1325,2.1065,2.1115,671069.0
2026-01-08T09:00:00+00:00,2.1123,2.1208,2.0935,2.0955,1568561.0
2026-01-08T10:00:00+00:00,2.0956,2.106,2.0802,2.1029,1817923.0
2026-01-08T11:00:00+00:00,2.1022,2.104,2.0819,2.0915,3534599.0
2026-01-08T12:00:00+00:00,2.0914,2.0914,2.0719,2.081,2064507.0
2026-01-08T13:00:00+00:00,2.0803,2.0943,2.0781,2.0865,1091753.0
2026-01-08T14:00:00+00:00,2.0864,2.099,2.0661,2.0874,19171858.0
2026-01-08T15:00:00+00:00,2.0873,2.1287,2.0741,2.1274,21621638.0
2026-01-08T16:00:00+00:00,2.1275,2.1471,2.1134,2.1465,15088127.0
2026-01-08T17:00:00+00:00,2.1465,2.17,2.1401,2.1644,2994513.0
2026-01-08T18:00:00+00:00,2.1643,2.166,2.1261,2.1375,1895715.0
2026-01-08T19:00:00+00:00,2.1375,2.1507,2.1317,2.1362,702353.0
2026-01-08T20:00:00+00:00,2.1365,2.1365,2.1146,2.1281,1092181.0
2026-01-08T21:00:00+00:00,2.1284,2.1453,2.1245,2.1402,774325.0
2026-01-08T22:00:00+00:00,2.1409,2.1489,2.1222,2.1344,2834385.0
2026-01-08T23:00:00+00:00,2.1344,2.1368,2.1216,2.1228,1124757.0
2026-01-09T00:00:00+00:00,2.1234,2.1378,2.1216,2.132,1589771.0
2026-01-09T01:00:00+00:00,2.1327,2.1432,2.1103,2.1104,1101596.0
2026-01-09T02:00:00+00:00,2.1105,2.1362,2.11,2.1188,1120080.0
2026-01-09T03:00:00+00:00,2.1197,2.1365,2.1171,2.1359,683726.0
2026-01-09T04:00:00+00:00,2.1348,2.1384,2.1271,2.1278,1336019.0
2026-01-09T05:00:00+00:00,2.1279,2.1384,2.1257,2.1384,475782.0
2026-01-09T06:00:00+00:00,2.138,2.1475,2.1306,2.1444,1016691.0
2026-01-09T07:00:00+00:00,2.1439,2.1439,2.1196,2.1197,507856.0
2026-01-09T08:00:00+00:00,2.1202,2.1236,2.0688,2.0823,34675703.0
2026-01-09T09:00:00+00:00,2.0819,2.1113,2.0817,2.097,16634081.0
2026-01-09T10:00:00+00:00,2.0965,2.107,2.0932,2.1015,2847654.0
2026-01-09T11:00:00+00:00,2.1015,2.1098,2.0971,2.1036,634165.0
2026-01-09T12:00:00+00:00,2.1035,2.1054,2.091,2.0976,736246.0
2026-01-09T13:00:00+00:00,2.0974,2.119,2.0936,2.1061,1362537.0
2026-01-09T14:00:00+00:00,2.1058,2.1103,2.082,2.0915,4323223.0
2026-01-09T15:00:00+00:00,2.0918,2.1632,2.0803,2.1171,28311830.0
2026-01-09T16:00:00+00:00,2.1171,2.1448,2.114,2.1319,6971013.0
2026-01-09T17:00:00+00:00,2.1327,2.1327,2.092,2.107,869551.0
2026-01-09T18:00:00+00:00,2.107,2.1097,2.0757,2.0914,1481492.0
2026-01-09T19:00:00+00:00,2.0927,2.0927,2.0778,2.0832,979424.0
2026-01-09T20:00:00+00:00,2.0818,2.0917,2.0797,2.0845,372046.0
2026-01-09T21:00:00+00:00,2.0842,2.0945,2.0759,2.0925,1449810.0
2026-01-09T22:00:00+00:00,2.0914,2.1006,2.0873,2.0979,343088.0
2026-01-09T23:00:00+00:00,2.0972,2.0985,2.0915,2.0954,466870.0
2026-01-10T00:00:00+00:00,2.0953,2.0966,2.0892,2.0916,431242.0
2026-01-10T01:00:00+00:00,2.0915,2.0965,2.0895,2.0953,310665.0
2026-01-10T02:00:00+00:00,2.095,2.1012,2.089,2.0939,668730.0
2026-01-10T03:00:00+00:00,2.0939,2.0974,2.0866,2.0899,529298.0
2026-01-10T04:00:00+00:00,2.0902,2.0905,2.0817,2.083,749170.0
2026-01-10T05:00:00+00:00,2.0833,2.092,2.0801,2.0891,241946.0
2026-01-10T06:00:00+00:00,2.0892,2.0938,2.0848,2.0921,168773.0
2026-01-10T07:00:00+00:00,2.0921,2.1009,2.0917,2.1002,453175.0
2026-01-10T08:00:00+00:00,2.1001,2.1018,2.09,2.0935,259307.0
2026-01-10T09:00:00+00:00,2.0934,2.0981,2.091,2.0968,133390.0
2026-01-10T10:00:00+00:00,2.0967,2.1047,2.0949,2.1037,600703.0
2026-01-10T11:00:00+00:00,2.1038,2.1044,2.0983,2.102,268147.0
2026-01-10T12:00:00+00:00,2.1023,2.1093,2.0995,2.1008,759392.0
2026-01-10T13:00:00+00:00,2.1007,2.1007,2.0905,2.0914,134344.0
2026-01-10T14:00:00+00:00,2.0913,2.0921,2.087,2.0901,498488.0
2026-01-10T15:00:00+00:00,2.0894,2.0948,2.0889,2.0923,430234.0
2026-01-10T16:00:00+00:00,2.0923,2.0962,2.0891,2.0941,323154.0
2026-01-10T17:00:00+00:00,2.0941,2.0971,2.0876,2.09,643291.0
2026-01-10T18:00:00+00:00,2.0903,2.1001,2.0874,2.0966,753752.0
2026-01-10T19:00:00+00:00,2.0963,2.0977,2.0913,2.0935,135500.0
2026-01-10T20:00:00+00:00,2.0936,2.0944,2.0906,2.0909,242750.0
2026-01-10T21:00:00+00:00,2.0909,2.0909,2.087,2.0904,514397.0
2026-01-10T22:00:00+00:00,2.0904,2.095,2.0831,2.085,301884.0
2026-01-10T23:00:00+00:00,2.0848,2.0915,2.0848,2.0897,67531.0
2026-01-11T00:00:00+00:00,2.09,2.094,2.0861,2.0894,370878.0
2026-01-11T01:00:00+00:00,2.0891,2.0923,2.0858,2.0919,139022.0
2026-01-11T02:00:00+00:00,2.092,2.0951,2.089,2.0923,119004.0
2026-01-11T03:00:00+00:00,2.0921,2.0948,2.0911,2.094,312037.0
2026-01-11T04:00:00+00:00,2.0945,2.0945,2.0888,2.0922,630839.0
2026-01-11T05:00:00+00:00,2.0921,2.0956,2.0892,2.0953,192886.0
2026-01-11T06:00:00+00:00,2.0954,2.0954,2.0848,2.0936,870860.0
2026-01-11T07:00:00+00:00,2.0939,2.098,2.0895,2.0919,114765.0
2026-01-11T08:00:00+00:00,2.0919,2.097,2.0877,2.0962,206942.0
2026-01-11T09:00:00+00:00,2.0958,2.0964,2.0896,2.0913,391289.0
2026-01-11T10:00:00+00:00,2.0914,2.0942,2.0894,2.0919,53129.0
2026-01-11T11:00:00+00:00,2.0921,2.0954,2.0905,2.0948,78284.0
2026-01-11T12:00:00+00:00,2.0956,2.1057,2.095,2.1035,782847.0
2026-01-11T13:00:00+00:00,2.104,2.1045,2.0938,2.0972,312971.0
2026-01-11T14:00:00+00:00,2.097,2.1092,2.0967,2.1072,1016342.0
2026-01-11T15:00:00+00:00,2.1083,2.1088,2.0828,2.0883,656829.0
2026-01-11T16:00:00+00:00,2.0885,2.1024,2.0863,2.0936,1146975.0
2026-01-11T17:00:00+00:00,2.0946,2.0976,2.0851,2.0935,223314.0
2026-01-11T18:00:00+00:00,2.0936,2.0948,2.0871,2.0924,302287.0
2026-01-11T19:00:00+00:00,2.0921,2.0957,2.0845,2.0859,172103.0
2026-01-11T20:00:00+00:00,2.0859,2.0859,2.045,2.0643,3789777.0
2026-01-11T21:00:00+00:00,2.0643,2.0742,2.0543,2.0736,883875.0
2026-01-11T22:00:00+00:00,2.0728,2.0729,2.0558,2.0612,960385.0
2026-01-11T23:00:00+00:00,2.0593,2.0777,2.0461,2.0736,3463371.0
2026-01-12T00:00:00+00:00,2.0734,2.0734,2.0363,2.0549,3652078.0
2026-01-12T01:00:00+00:00,2.0549,2.0766,2.0538,2.0633,1230337.0
2026-01-12T02:00:00+00:00,2.0645,2.1068,2.0634,2.0996,1600081.0
2026-01-12T03:00:00+00:00,2.1004,2.1056,2.0796,2.0825,1434816.0
2026-01-12T04:00:00+00:00,2.0825,2.0948,2.0812,2.0907,452977.0
2026-01-12T05:00:00+00:00,2.0905,2.0917,2.0818,2.0826,533812.0
2026-01-12T06:00:00+00:00,2.0824,2.0851,2.0682,2.0706,819093.0
2026-01-12T07:00:00+00:00,2.0711,2.076,2.0517,2.053,885256.0
2026-01-12T08:00:00+00:00,2.0531,2.0594,2.0347,2.0495,7953151.0
2026-01-12T09:00:00+00:00,2.0494,2.0539,2.0419,2.0435,1782829.0
2026-01-12T10:00:00+00:00,2.0434,2.0481,2.0344,2.0359,810877.0
2026-01-12T11:00:00+00:00,2.0359,2.0485,2.0345,2.0482,944061.0
2026-01-12T12:00:00+00:00,2.0482,2.0542,2.0466,2.049,391550.0
2026-01-12T13:00:00+00:00,2.0491,2.0598,2.043,2.0513,1344166.0
2026-01-12T14:00:00+00:00,2.0513,2.0765,2.0404,2.0719,3285723.0
2026-01-12T15:00:00+00:00,2.072,2.093,2.0681,2.093,4477035.0
2026-01-12T16:00:00+00:00,2.0926,2.1079,2.0856,2.0935,3825269.0
2026-01-12T17:00:00+00:00,2.0939,2.0991,2.0461,2.0666,11609186.0
2026-01-12T18:00:00+00:00,2.0671,2.0768,2.0595,2.066,1090335.0
2026-01-12T19:00:00+00:00,2.066,2.0716,2.0576,2.0693,1410436.0
2026-01-12T20:00:00+00:00,2.0692,2.0749,2.062,2.0632,549585.0
2026-01-12T21:00:00+00:00,2.0631,2.0642,2.0391,2.048,1996349.0
2026-01-12T22:00:00+00:00,2.0485,2.0574,2.0484,2.0534,504184.0
2026-01-12T23:00:00+00:00,2.053,2.0567,2.0448,2.0539,416551.0
2026-01-13T00:00:00+00:00,2.053,2.0596,2.0503,2.058,670831.0
2026-01-13T01:00:00+00:00,2.0581,2.0633,2.0483,2.0531,834886.0
2026-01-13T02:00:00+00:00,2.053,2.0596,2.0499,2.0513,940315.0
2026-01-13T03:00:00+00:00,2.0514,2.0576,2.0466,2.0496,210606.0
2026-01-13T04:00:00+00:00,2.049,2.0573,2.0487,2.057,79139.0
2026-01-13T05:00:00+00:00,2.0575,2.0795,2.0575,2.0625,1398836.0
2026-01-13T06:00:00+00:00,2.0634,2.0655,2.0571,2.0625,918221.0
2026-01-13T07:00:00+00:00,2.0627,2.0627,2.0522,2.0528,452903.0
2026-01-13T08:00:00+00:00,2.0527,2.0683,2.0527,2.0654,316703.0
2026-01-13T09:00:00+00:00,2.0653,2.0742,2.0593,2.0653,965299.0
2026-01-13T10:00:00+00:00,2.0651,2.0695,2.0575,2.0601,442656.0
2026-01-13T11:00:00+00:00,2.06,2.063,2.0572,2.0596,408695.0
2026-01-13T12:00:00+00:00,2.0598,2.0629,2.0554,2.0624,848345.0
2026-01-13T13:00:00+00:00,2.0623,2.0778,2.0593,2.0677,2064676.0
2026-01-13T14:00:00+00:00,2.068,2.096,2.0602,2.0769,3628751.0
2026-01-13T15:00:00+00:00,2.0763,2.1009,2.0653,2.0974,3817305.0
2026-01-13T16:00:00+00:00,2.0979,2.1138,2.0883,2.104,3999001.0
2026-01-13T17:00:00+00:00,2.1039,2.1077,2.083,2.0915,1313512.0
2026-01-13T18:00:00+00:00,2.0908,2.1125,2.0879,2.1057,1602191.0
2026-01-13T19:00:00+00:00,2.1061,2.1388,2.1033,2.1386,8184197.0
2026-01-13T20:00:00+00:00,2.1389,2.149,2.119,2.1329,5975221.0
2026-01-13T21:00:00+00:00,2.1322,2.1404,2.12,2.1202,1149809.0
2026-01-13T22:00:00+00:00,2.1202,2.1815,2.1202,2.173,11967931.0
2026-01-13T23:00:00+00:00,2.1741,2.1837,2.1507,2.1651,6178328.0
2026-01-14T00:00:00+00:00,2.1652,2.1779,2.1569,2.1663,1694999.0
2026-01-14T01:00:00+00:00,2.1665,2.176,2.1591,2.1741,2566110.0
2026-01-14T02:00:00+00:00,2.1742,2.1911,2.167,2.1704,3751780.0
2026-01-14T03:00:00+00:00,2.1705,2.1842,2.164,2.1827,3031267.0
2026-01-14T04:00:00+00:00,2.1829,2.1844,2.1621,2.1624,1054370.0
2026-01-14T05:00:00+00:00,2.1623,2.1628,2.1506,2.1521,3143825.0
2026-01-14T06:00:00+00:00,2.1512,2.1516,2.1331,2.1488,2062168.0
2026-01-14T07:00:00+00:00,2.1489,2.1559,2.1389,2.1477,485433.0
2026-01-14T08:00:00+00:00,2.1477,2.1522,2.1414,2.1415,803595.0
2026-01-14T09:00:00+00:00,2.1414,2.1527,2.1407,2.1466,1311729.0
2026-01-14T10:00:00+00:00,2.1465,2.1484,2.1281,2.1356,2204217.0
2026-01-14T11:00:00+00:00,2.1356,2.1356,2.1119,2.115,2490198.0
2026-01-14T12:00:00+00:00,2.115,2.1264,2.1112,2.1249,786228.0
2026-01-14T13:00:00+00:00,2.1248,2.1318,2.1112,2.115,1232652.0
2026-01-14T14:00:00+00:00,2.1149,2.1684,2.114,2.159,4301770.0
2026-01-14T15:00:00+00:00,2.1592,2.1731,2.1419,2.1553,6954596.0
2026-01-14T16:00:00+00:00,2.1554,2.1746,2.155,2.1586,2985454.0
2026-01-14T17:00:00+00:00,2.1588,2.1658,2.135,2.1379,4962891.0
2026-01-14T18:00:00+00:00,2.1375,2.1524,2.1246,2.1393,4308207.0
2026-01-14T19:00:00+00:00,2.1394,2.1641,2.134,2.1452,2481664.0
2026-01-14T20:00:00+00:00,2.1456,2.1606,2.1388,2.1492,2977473.0
2026-01-14T21:00:00+00:00,2.1492,2.1538,2.1406,2.1468,897734.0
2026-01-14T22:00:00+00:00,2.1468,2.1468,2.1304,2.1349,3373184.0
2026-01-14T23:00:00+00:00,2.1347,2.1453,2.1309,2.1386,515236.0
2026-01-15T00:00:00+00:00,2.1386,2.1429,2.1271,2.1316,847092.0
2026-01-15T01:00:00+00:00,2.132,2.1394,2.116,2.1184,2897017.0
2026-01-15T02:00:00+00:00,2.1185,2.1247,2.1001,2.1036,1359008.0
2026-01-15T03:00:00+00:00,2.1042,2.1073,2.0815,2.088,4036281.0
2026-01-15T04:00:00+00:00,2.0877,2.1032,2.0856,2.1008,952430.0
2026-01-15T05:00:00+00:00,2.1009,2.1051,2.0963,2.0994,626394.0
2026-01-15T06:00:00+00:00,2.0993,2.1019,2.0893,2.0914,1115892.0
2026-01-15T07:00:00+00:00,2.0913,2.1055,2.0893,2.1012,279222.0
2026-01-15T08:00:00+00:00,2.1012,2.1047,2.0955,2.1034,483987.0
2026-01-15T09:00:00+00:00,2.1033,2.1217,2.0963,2.1161,313858.0
2026-01-15T10:00:00+00:00,2.1163,2.1196,2.1074,2.115,933020.0
2026-01-15T11:00:00+00:00,2.115,2.1216,2.1083,2.1111,396186.0
2026-01-15T12:00:00+00:00,2.111,2.1194,2.1065,2.1176,477836.0
2026-01-15T13:00:00+00:00,2.1177,2.1318,2.1149,2.1291,2346193.0
2026-01-15T14:00:00+00:00,2.1291,2.1326,2.0866,2.0958,2537812.0
2026-01-15T15:00:00+00:00,2.0957,2.1057,2.0676,2.0948,5330402.0
2026-01-15T16:00:00+00:00,2.0951,2.0981,2.0838,2.091,1094793.0
2026-01-15T17:00:00+00:00,2.0906,2.0976,2.0784,2.0807,1113067.0
2026-01-15T18:00:00+00:00,2.0807,2.0829,2.0643,2.0697,2262039.0
2026-01-15T19:00:00+00:00,2.0697,2.0714,2.0519,2.0647,3367845.0
2026-01-15T20:00:00+00:00,2.0645,2.0698,2.0571,2.0608,1232329.0
2026-01-15T21:00:00+00:00,2.0608,2.0738,2.0608,2.073,522782.0
2026-01-15T22:00:00+00:00,2.073,2.079,2.0668,2.0742,569431.0
2026-01-15T23:00:00+00:00,2.0743,2.0793,2.07,2.0777,288703.0
2026-01-16T00:00:00+00:00,2.0777,2.0857,2.0755,2.0812,1259918.0
2026-01-16T01:00:00+00:00,2.0812,2.085,2.0743,2.0767,963894.0
2026-01-16T02:00:00+00:00,2.0763,2.0763,2.0663,2.0743,291360.0
2026-01-16T03:00:00+00:00,2.0754,2.0783,2.063,2.0637,374008.0
2026-01-16T04:00:00+00:00,2.0641,2.07,2.0568,2.0624,1011309.0
2026-01-16T05:00:00+00:00,2.0627,2.0731,2.0606,2.0712,236046.0
2026-01-16T06:00:00+00:00,2.0712,2.0744,2.0665,2.0726,797021.0
2026-01-16T07:00:00+00:00,2.0726,2.077,2.0682,2.073,486964.0
2026-01-16T08:00:00+00:00,2.0731,2.0805,2.0713,2.0735,757307.0
2026-01-16T09:00:00+00:00,2.0735,2.0757,2.0657,2.0658,494752.0
2026-01-16T10:00:00+00:00,2.0659,2.0664,2.0582,2.0606,163420.0
2026-01-16T11:00:00+00:00,2.0605,2.0648,2.0573,2.064,286730.0
2026-01-16T12:00:00+00:00,2.0641,2.0672,2.0596,2.0621,252429.0
2026-01-16T13:00:00+00:00,2.0621,2.0621,2.0516,2.057,284666.0
2026-01-16T14:00:00+00:00,2.057,2.066,2.0544,2.0549,1696846.0
2026-01-16T15:00:00+00:00,2.0553,2.0638,2.0249,2.032,5313103.0
2026-01-16T16:00:00+00:00,2.032,2.0464,2.0293,2.043,810290.0
2026-01-16T17:00:00+00:00,2.0431,2.0534,2.0378,2.0514,423347.0
2026-01-16T18:00:00+00:00,2.0512,2.0536,2.046,2.0496,285537.0
2026-01-16T19:00:00+00:00,2.0496,2.0561,2.043,2.0533,447861.0
2026-01-16T20:00:00+00:00,2.0542,2.0785,2.0469,2.0773,2138529.0
2026-01-16T21:00:00+00:00,2.0775,2.0784,2.0676,2.0732,1085392.0
2026-01-16T22:00:00+00:00,2.0737,2.0753,2.068,2.0728,289100.0
2026-01-16T23:00:00+00:00,2.073,2.0731,2.0668,2.0669,168660.0
2026-01-17T00:00:00+00:00,2.0669,2.0684,2.0609,2.0638,418036.0
2026-01-17T01:00:00+00:00,2.0632,2.068,2.0621,2.0658,147188.0
2026-01-17T02:00:00+00:00,2.0656,2.0657,2.0582,2.062,156262.0
2026-01-17T03:00:00+00:00,2.0622,2.0622,2.0527,2.0547,204410.0
2026-01-17T04:00:00+00:00,2.0544,2.0645,2.0542,2.0634,236550.0
2026-01-17T05:00:00+00:00,2.0636,2.0653,2.0596,2.062,251435.0
2026-01-17T06:00:00+00:00,2.0625,2.0636,2.0583,2.0592,54137.0
2026-01-17T07:00:00+00:00,2.0593,2.0597,2.0552,2.0576,202478.0
2026-01-17T08:00:00+00:00,2.0576,2.0618,2.0572,2.061,206226.0
2026-01-17T09:00:00+00:00,2.0614,2.066,2.0606,2.0624,101577.0
2026-01-17T10:00:00+00:00,2.0624,2.0664,2.0597,2.06,72605.0
2026-01-17T11:00:00+00:00,2.0601,2.0633,2.0564,2.0611,1098707.0
2026-01-17T12:00:00+00:00,2.0612,2.0635,2.058,2.0593,286015.0
2026-01-17T13:00:00+00:00,2.0591,2.0629,2.0576,2.0614,129022.0
2026-01-17T14:00:00+00:00,2.0614,2.0786,2.0579,2.0735,632847.0
2026-01-17T15:00:00+00:00,2.0737,2.0818,2.07,2.0804,1727637.0
2026-01-17T16:00:00+00:00,2.0804,2.0811,2.0684,2.0721,1466352.0
2026-01-17T17:00:00+00:00,2.0722,2.0822,2.0714,2.0821,216985.0
2026-01-17T18:00:00+00:00,2.0818,2.0825,2.0725,2.0756,312242.0
2026-01-17T19:00:00+00:00,2.0757,2.0771,2.0723,2.0733,680298.0
2026-01-17T20:00:00+00:00,2.073,2.0747,2.0703,2.0717,59963.0
2026-01-17T21:00:00+00:00,2.0716,2.0716,2.0656,2.0679,114513.0
2026-01-17T22:00:00+00:00,2.068,2.069,2.0589,2.0642,910628.0
2026-01-17T23:00:00+00:00,2.0632,2.0668,2.0617,2.063,109723.0
2026-01-18T00:00:00+00:00,2.0626,2.0674,2.0586,2.0591,97337.0
2026-01-18T01:00:00+00:00,2.0592,2.0605,2.0476,2.0505,909831.0
2026-01-18T02:00:00+00:00,2.0511,2.0564,2.0479,2.0521,692218.0
2026-01-18T03:00:00+00:00,2.0526,2.0599,2.0513,2.0579,160044.0
2026-01-18T04:00:00+00:00,2.0579,2.0579,2.0515,2.055,111605.0
2026-01-18T05:00:00+00:00,2.0548,2.0558,2.0468,2.054,127337.0
2026-01-18T06:00:00+00:00,2.0542,2.0584,2.0537,2.0582,115754.0
2026-01-18T07:00:00+00:00,2.0576,2.0593,2.0502,2.0518,98731.0
2026-01-18T08:00:00+00:00,2.0513,2.0583,2.0498,2.0566,69026.0
2026-01-18T09:00:00+00:00,2.0563,2.0614,2.0545,2.0604,3152318.0
2026-01-18T10:00:00+00:00,2.0605,2.0607,2.054,2.0568,432253.0
2026-01-18T11:00:00+00:00,2.0567,2.0567,2.0523,2.0541,131249.0
2026-01-18T12:00:00+00:00,2.0543,2.0559,2.0515,2.0515,141141.0
2026-01-18T13:00:00+00:00,2.0515,2.0534,2.0473,2.0517,230351.0
2026-01-18T14:00:00+00:00,2.052,2.0598,2.0489,2.0492,1093710.0
2026-01-18T15:00:00+00:00,2.0496,2.0521,2.0443,2.0499,166241.0
2026-01-18T16:00:00+00:00,2.0499,2.0565,2.047,2.0492,334078.0
2026-01-18T17:00:00+00:00,2.0487,2.0565,2.0456,2.0488,258523.0
2026-01-18T18:00:00+00:00,2.0488,2.0653,2.0458,2.0615,301126.0
2026-01-18T19:00:00+00:00,2.0613,2.0636,2.0519,2.053,420980.0
2026-01-18T20:00:00+00:00,2.0533,2.0599,2.0506,2.0572,252213.0
2026-01-18T21:00:00+00:00,2.0577,2.0598,2.0555,2.057,91459.0
2026-01-18T22:00:00+00:00,2.0569,2.064,2.056,2.0602,234170.0
2026-01-18T23:00:00+00:00,2.0593,2.0595,1.9848,1.9896,12316906.0
2026-01-19T00:00:00+00:00,1.9901,1.9901,1.8457,1.944,19488852.0
2026-01-19T01:00:00+00:00,1.9438,1.9617,1.9368,1.9512,5104454.0
2026-01-19T02:00:00+00:00,1.9516,1.9623,1.9493,1.9564,515687.0
2026-01-19T03:00:00+00:00,1.9565,1.9663,1.9524,1.9661,497422.0
2026-01-19T04:00:00+00:00,1.966,1.973,1.9606,1.9625,1503822.0
2026-01-19T05:00:00+00:00,1.9625,1.9691,1.9568,1.9605,3270325.0
2026-01-19T06:00:00+00:00,1.9606,1.9648,1.9522,1.961,515337.0
2026-01-19T07:00:00+00:00,1.961,1.9625,1.9529,1.9621,1045518.0
2026-01-19T08:00:00+00:00,1.9621,1.982,1.9581,1.9793,1118494.0
2026-01-19T09:00:00+00:00,1.9792,1.9805,1.9729,1.9804,295299.0
2026-01-19T10:00:00+00:00,1.9788,1.9829,1.9714,1.9812,385226.0
2026-01-19T11:00:00+00:00,1.9813,1.9818,1.9689,1.9714,487117.0
2026-01-19T12:00:00+00:00,1.9715,1.9759,1.9663,1.9721,428742.0
2026-01-19T13:00:00+00:00,1.9716,1.9729,1.9642,1.9724,472400.0
2026-01-19T14:00:00+00:00,1.972,1.9842,1.9683,1.9782,286313.0
2026-01-19T15:00:00+00:00,1.9783,1.983,1.9759,1.9802,632592.0
2026-01-19T16:00:00+00:00,1.9803,2.0288,1.9794,2.0211,4031175.0
2026-01-19T17:00:00+00:00,2.0218,2.0248,2.007,2.0174,2267904.0
2026-01-19T18:00:00+00:00,2.0172,2.024,2.0084,2.0096,707479.0
2026-01-19T19:00:00+00:00,2.0098,2.0177,2.0067,2.0132,1447171.0
2026-01-19T20:00:00+00:00,2.0127,2.016,2.0005,2.0011,546008.0
2026-01-19T21:00:00+00:00,2.0021,2.0078,1.9957,1.9976,1552775.0
2026-01-19T22:00:00+00:00,1.9975,1.9995,1.9784,1.9795,3002087.0
2026-01-19T23:00:00+00:00,1.9793,1.9955,1.9792,1.9848,4611428.0
2026-01-20T00:00:00+00:00,1.9848,1.99,1.9812,1.9857,2048245.0
2026-01-20T01:00:00+00:00,1.9857,1.9857,1.97,1.9708,2036718.0
2026-01-20T02:00:00+00:00,1.9715,1.9717,1.9612,1.9684,1174779.0
2026-01-20T03:00:00+00:00,1.9685,1.9692,1.955,1.9619,3393722.0
2026-01-20T04:00:00+00:00,1.9618,1.9732,1.9599,1.9646,2023488.0
2026-01-20T05:00:00+00:00,1.965,1.9682,1.9533,1.9654,1775304.0
2026-01-20T06:00:00+00:00,1.9645,1.9646,1.9417,1.9476,2572217.0
2026-01-20T07:00:00+00:00,1.9476,1.9558,1.9453,1.9475,739885.0
2026-01-20T08:00:00+00:00,1.9486,1.9528,1.92,1.9271,3237771.0
2026-01-20T09:00:00+00:00,1.9271,1.9302,1.92,1.9246,1726603.0
2026-01-20T10:00:00+00:00,1.9246,1.9318,1.9241,1.9292,1244283.0
2026-01-20T11:00:00+00:00,1.9293,1.9399,1.9281,1.9281,324705.0
2026-01-20T12:00:00+00:00,1.9282,1.936,1.9277,1.9345,664266.0
2026-01-20T13:00:00+00:00,1.9343,1.9343,1.9148,1.9159,739908.0
2026-01-20T14:00:00+00:00,1.9159,1.9386,1.9146,1.9238,1229921.0
2026-01-20T15:00:00+00:00,1.9238,1.9325,1.9087,1.9162,6216469.0
2026-01-20T16:00:00+00:00,1.9166,1.9266,1.9004,1.9099,700728.0
2026-01-20T17:00:00+00:00,1.9095,1.9202,1.8965,1.9015,2696344.0
2026-01-20T18:00:00+00:00,1.902,1.908,1.8939,1.8985,880365.0
2026-01-20T19:00:00+00:00,1.8981,1.9071,1.894,1.902,566039.0
2026-01-20T20:00:00+00:00,1.902,1.9112,1.8981,1.905,1850829.0
2026-01-20T21:00:00+00:00,1.9054,1.9061,1.8824,1.8885,6431410.0
2026-01-20T22:00:00+00:00,1.8877,1.8989,1.8692,1.8893,6508502.0
2026-01-20T23:00:00+00:00,1.889,1.8924,1.8835,1.8892,1735557.0
2026-01-21T00:00:00+00:00,1.8892,1.9145,1.8882,1.913,1780541.0
2026-01-21T01:00:00+00:00,1.9133,1.9159,1.8974,1.8978,325500.0
2026-01-21T02:00:00+00:00,1.8984,1.9056,1.8914,1.8953,242615.0
2026-01-21T03:00:00+00:00,1.897,1.9071,1.8959,1.9021,196615.0
2026-01-21T04:00:00+00:00,1.9021,1.9086,1.9003,1.9075,135995.0
2026-01-21T05:00:00+00:00,1.9065,1.9256,1.905,1.9208,287694.0
2026-01-21T06:00:00+00:00,1.9204,1.9215,1.914,1.9143,218958.0
2026-01-21T07:00:00+00:00,1.9145,1.9203,1.9058,1.9082,1843453.0
2026-01-21T08:00:00+00:00,1.9086,1.9106,1.8971,1.9015,371371.0
2026-01-21T09:00:00+00:00,1.9017,1.9132,1.8993,1.9105,422501.0
2026-01-21T10:00:00+00:00,1.9106,1.9147,1.9018,1.9022,284854.0
2026-01-21T11:00:00+00:00,1.9021,1.9043,1.8862,1.8893,391767.0
2026-01-21T12:00:00+00:00,1.889,1.8977,1.8792,1.8965,4189371.0
2026-01-21T13:00:00+00:00,1.8965,1.9048,1.8911,1.8958,648538.0
2026-01-21T14:00:00+00:00,1.8957,1.9443,1.8911,1.9411,3046200.0
2026-01-21T15:00:00+00:00,1.9416,1.9604,1.9341,1.9572,1752447.0
2026-01-21T16:00:00+00:00,1.9574,1.9583,1.8745,1.875,13135436.0
2026-01-21T17:00:00+00:00,1.875,1.8961,1.8708,1.8909,14182192.0
2026-01-21T18:00:00+00:00,1.8899,1.913,1.8816,1.904,1135076.0
2026-01-21T19:00:00+00:00,1.9043,1.9841,1.8977,1.9728,25538159.0
2026-01-21T20:00:00+00:00,1.9728,1.973,1.9487,1.9719,1687160.0
2026-01-21T21:00:00+00:00,1.9731,1.9859,1.9665,1.9743,1819745.0
2026-01-21T22:00:00+00:00,1.9744,1.9896,1.9652,1.9652,3677073.0
2026-01-21T23:00:00+00:00,1.9652,1.9675,1.9398,1.9475,3778558.0
2026-01-22T00:00:00+00:00,1.9476,1.9605,1.9475,1.9549,1480637.0
2026-01-22T01:00:00+00:00,1.9548,1.9671,1.952,1.9586,2147662.0
2026-01-22T02:00:00+00:00,1.9579,1.9609,1.9448,1.946,1772800.0
2026-01-22T03:00:00+00:00,1.9455,1.9552,1.9421,1.9477,413785.0
2026-01-22T04:00:00+00:00,1.9473,1.9545,1.9473,1.953,243518.0
2026-01-22T05:00:00+00:00,1.9529,1.9545,1.946,1.9527,172679.0
2026-01-22T06:00:00+00:00,1.9532,1.9593,1.948,1.9556,580226.0
2026-01-22T07:00:00+00:00,1.9551,1.9561,1.9458,1.9472,3319780.0
2026-01-22T08:00:00+00:00,1.9471,1.959,1.9468,1.9582,2115496.0
2026-01-22T09:00:00+00:00,1.9582,1.9638,1.9558,1.9634,346866.0
2026-01-22T10:00:00+00:00,1.963,1.963,1.9531,1.9562,157480.0
2026-01-22T11:00:00+00:00,1.9554,1.956,1.9425,1.9437,295827.0
2026-01-22T12:00:00+00:00,1.9427,1.9489,1.9406,1.9406,933767.0
2026-01-22T13:00:00+00:00,1.9408,1.9464,1.926,1.9292,2472411.0
2026-01-22T14:00:00+00:00,1.9295,1.932,1.9146,1.915,2229026.0
2026-01-22T15:00:00+00:00,1.9148,1.9229,1.9009,1.9143,7072771.0
2026-01-22T16:00:00+00:00,1.9141,1.9285,1.9052,1.9224,1076875.0
2026-01-22T17:00:00+00:00,1.9226,1.9292,1.9109,1.9285,2758086.0
2026-01-22T18:00:00+00:00,1.9281,1.9327,1.92,1.9213,881621.0
2026-01-22T19:00:00+00:00,1.9214,1.9347,1.9171,1.9327,441571.0
2026-01-22T20:00:00+00:00,1.9316,1.9327,1.9182,1.9216,222401.0
2026-01-22T21:00:00+00:00,1.9223,1.9307,1.9196,1.9242,146803.0
2026-01-22T22:00:00+00:00,1.9244,1.931,1.9218,1.9234,1247107.0
2026-01-22T23:00:00+00:00,1.9232,1.9247,1.9106,1.9228,5525006.0
2026-01-23T00:00:00+00:00,1.9225,1.9251,1.9154,1.9168,1734930.0
2026-01-23T01:00:00+00:00,1.917,1.9233,1.9158,1.9211,264947.0
2026-01-23T02:00:00+00:00,1.921,1.922,1.9082,1.9083,412375.0
2026-01-23T03:00:00+00:00,1.9083,1.9169,1.9083,1.915,211100.0
2026-01-23T04:00:00+00:00,1.915,1.9248,1.9127,1.9194,768299.0
2026-01-23T05:00:00+00:00,1.9194,1.9204,1.9066,1.9103,3492411.0
2026-01-23T06:00:00+00:00,1.91,1.9161,1.9023,1.9092,433761.0
2026-01-23T07:00:00+00:00,1.9103,1.9136,1.9079,1.9132,532143.0
2026-01-23T08:00:00+00:00,1.9135,1.914,1.9015,1.9051,841326.0
2026-01-23T09:00:00+00:00,1.9045,1.9108,1.901,1.9063,297281.0
2026-01-23T10:00:00+00:00,1.9063,1.9119,1.9061,1.9071,393531.0
2026-01-23T11:00:00+00:00,1.9071,1.9137,1.9059,1.9131,170571.0
2026-01-23T12:00:00+00:00,1.913,1.9133,1.9079,1.9089,104649.0
2026-01-23T13:00:00+00:00,1.9089,1.9113,1.903,1.904,197180.0
2026-01-23T14:00:00+00:00,1.9039,1.9062,1.8862,1.895,3827276.0
2026-01-23T15:00:00+00:00,1.8961,1.9219,1.8881,1.9205,2783209.0
2026-01-23T16:00:00+00:00,1.9211,1.9495,1.9194,1.9357,1224193.0
2026-01-23T17:00:00+00:00,1.9354,1.9647,1.9264,1.9464,3389237.0
2026-01-23T18:00:00+00:00,1.9464,1.959,1.9415,1.9437,741690.0
2026-01-23T19:00:00+00:00,1.9433,1.9434,1.9205,1.9221,1781360.0
2026-01-23T20:00:00+00:00,1.9226,1.9252,1.907,1.915,7494034.0
2026-01-23T21:00:00+00:00,1.9151,1.9252,1.9137,1.9185,790624.0
2026-01-23T22:00:00+00:00,1.9172,1.928,1.9167,1.9257,2236926.0
2026-01-23T23:00:00+00:00,1.9248,1.9248,1.918,1.9193,333165.0
2026-01-24T00:00:00+00:00,1.9186,1.9223,1.917,1.9179,237510.0
2026-01-24T01:00:00+00:00,1.9178,1.9208,1.9152,1.9195,373019.0
2026-01-24T02:00:00+00:00,1.9199,1.9257,1.9193,1.923,400158.0
2026-01-24T03:00:00+00:00,1.9222,1.9263,1.9206,1.9227,219920.0
2026-01-24T04:00:00+00:00,1.9226,1.9265,1.9219,1.9239,43017.0
2026-01-24T05:00:00+00:00,1.9244,1.9244,1.9191,1.9209,51113.0
2026-01-24T06:00:00+00:00,1.9211,1.9211,1.917,1.9176,238232.0
2026-01-24T07:00:00+00:00,1.9177,1.9191,1.916,1.9176,169090.0
2026-01-24T08:00:00+00:00,1.9178,1.9203,1.9173,1.9188,134829.0
2026-01-24T09:00:00+00:00,1.9188,1.9189,1.914,1.917,191731.0
2026-01-24T10:00:00+00:00,1.9162,1.9171,1.9144,1.9168,61128.0
2026-01-24T11:00:00+00:00,1.9165,1.9193,1.9163,1.9164,102767.0
2026-01-24T12:00:00+00:00,1.916,1.9218,1.9149,1.9188,87771.0
2026-01-24T13:00:00+00:00,1.9188,1.923,1.918,1.9182,89455.0
2026-01-24T14:00:00+00:00,1.9178,1.9206,1.9162,1.9188,1423481.0
2026-01-24T15:00:00+00:00,1.9187,1.9209,1.9116,1.9126,1156966.0
2026-01-24T16:00:00+00:00,1.9122,1.9162,1.9097,1.9139,377154.0
2026-01-24T17:00:00+00:00,1.9141,1.9179,1.9122,1.9163,282313.0
2026-01-24T18:00:00+00:00,1.9162,1.92,1.9157,1.9199,291081.0
2026-01-24T19:00:00+00:00,1.9199,1.9202,1.914,1.9156,842443.0
2026-01-24T20:00:00+00:00,1.9157,1.918,1.9156,1.9166,119784.0
2026-01-24T21:00:00+00:00,1.9167,1.917,1.9138,1.9168,79556.0
2026-01-24T22:00:00+00:00,1.9174,1.9223,1.9171,1.9209,466034.0
2026-01-24T23:00:00+00:00,1.9209,1.9212,1.9136,1.9136,128304.0
2026-01-25T00:00:00+00:00,1.9136,1.9159,1.9102,1.9137,210580.0
2026-01-25T01:00:00+00:00,1.9137,1.9139,1.9027,1.9049,372568.0
2026-01-25T02:00:00+00:00,1.9047,1.9088,1.9045,1.906,232883.0
2026-01-25T03:00:00+00:00,1.9061,1.907,1.8973,1.8996,864810.0
2026-01-25T04:00:00+00:00,1.8997,1.9028,1.8979,1.9002,567466.0
2026-01-25T05:00:00+00:00,1.9001,1.9009,1.8964,1.9008,569484.0
2026-01-25T06:00:00+00:00,1.9008,1.9013,1.8948,1.8973,559029.0
2026-01-25T07:00:00+00:00,1.8973,1.8982,1.8929,1.8937,306865.0
2026-01-25T08:00:00+00:00,1.894,1.8984,1.8888,1.8896,238062.0
2026-01-25T09:00:00+00:00,1.8897,1.8986,1.886,1.8932,2853274.0
2026-01-25T10:00:00+00:00,1.8933,1.9119,1.8928,1.907,1881983.0
2026-01-25T11:00:00+00:00,1.9066,1.9103,1.8996,1.9015,145234.0
2026-01-25T12:00:00+00:00,1.9015,1.9026,1.897,1.8999,195962.0
2026-01-25T13:00:00+00:00,1.9,1.9026,1.8939,1.9013,147118.0
2026-01-25T14:00:00+00:00,1.9014,1.9014,1.8833,1.8873,2153171.0
2026-01-25T15:00:00+00:00,1.8866,1.8926,1.8837,1.8869,317181.0
2026-01-25T16:00:00+00:00,1.8861,1.8867,1.8444,1.8527,7396323.0
2026-01-25T17:00:00+00:00,1.8527,1.8608,1.8354,1.8458,4779175.0
2026-01-25T18:00:00+00:00,1.8453,1.8493,1.8247,1.8351,2280683.0
2026-01-25T19:00:00+00:00,1.8347,1.8398,1.81,1.817,2926011.0
2026-01-25T20:00:00+00:00,1.8169,1.8259,1.8117,1.8225,1606341.0
2026-01-25T21:00:00+00:00,1.8226,1.8397,1.8226,1.8386,1581439.0
2026-01-25T22:00:00+00:00,1.8392,1.8392,1.8173,1.828,8415858.0
2026-01-25T23:00:00+00:00,1.8289,1.8375,1.8224,1.8342,4891861.0
2026-01-26T00:00:00+00:00,1.8341,1.8523,1.8317,1.8513,2605382.0
2026-01-26T01:00:00+00:00,1.8519,1.8877,1.8517,1.8824,5140143.0
2026-01-26T02:00:00+00:00,1.8833,1.8845,1.8707,1.8753,1357069.0
2026-01-26T03:00:00+00:00,1.875,1.8816,1.8639,1.8682,628697.0
2026-01-26T04:00:00+00:00,1.8683,1.8938,1.8683,1.8777,841391.0
2026-01-26T05:00:00+00:00,1.8781,1.8814,1.8746,1.8799,257313.0
2026-01-26T06:00:00+00:00,1.8807,1.8853,1.8752,1.8797,513652.0
2026-01-26T07:00:00+00:00,1.8791,1.8842,1.8758,1.8809,329574.0
2026-01-26T08:00:00+00:00,1.8813,1.8967,1.8794,1.8888,4997659.0
2026-01-26T09:00:00+00:00,1.8889,1.8896,1.8759,1.8787,465818.0
2026-01-26T10:00:00+00:00,1.8787,1.89,1.8786,1.8863,197589.0
2026-01-26T11:00:00+00:00,1.8867,1.894,1.8867,1.8908,195919.0
2026-01-26T12:00:00+00:00,1.8909,1.9013,1.8909,1.8986,1529734.0
2026-01-26T13:00:00+00:00,1.8986,1.9161,1.8973,1.9055,717954.0
2026-01-26T14:00:00+00:00,1.9056,1.927,1.9002,1.9189,3693125.0
2026-01-26T15:00:00+00:00,1.9186,1.9444,1.9127,1.9242,5571230.0
2026-01-26T16:00:00+00:00,1.9244,1.9378,1.9173,1.9181,2173245.0
2026-01-26T17:00:00+00:00,1.9183,1.9209,1.899,1.9105,2857282.0
2026-01-26T18:00:00+00:00,1.9108,1.926,1.9064,1.917,2636956.0
2026-01-26T19:00:00+00:00,1.917,1.9221,1.9033,1.9063,616257.0
2026-01-26T20:00:00+00:00,1.9067,1.9084,1.8907,1.8914,3800923.0
2026-01-26T21:00:00+00:00,1.8914,1.9056,1.8885,1.8983,2381529.0
2026-01-26T22:00:00+00:00,1.8982,1.9025,1.894,1.8986,709481.0
2026-01-26T23:00:00+00:00,1.8986,1.9118,1.8945,1.9033,3138062.0
2026-01-27T00:00:00+00:00,1.9033,1.9042,1.8981,1.9032,446614.0
2026-01-27T01:00:00+00:00,1.9027,1.9099,1.897,1.9054,1604285.0
2026-01-27T02:00:00+00:00,1.9054,1.915,1.9043,1.9138,472793.0
2026-01-27T03:00:00+00:00,1.9138,1.9159,1.9072,1.9089,934164.0
2026-01-27T04:00:00+00:00,1.9085,1.9167,1.9069,1.9081,501933.0
2026-01-27T05:00:00+00:00,1.9081,1.9085,1.9,1.9016,365622.0
2026-01-27T06:00:00+00:00,1.9015,1.9021,1.8939,1.8974,430238.0
2026-01-27T07:00:00+00:00,1.8973,1.9001,1.8963,1.8992,2281559.0
2026-01-27T08:00:00+00:00,1.8992,1.902,1.8923,1.894,1523271.0
2026-01-27T09:00:00+00:00,1.894,1.8941,1.8823,1.8824,454712.0
2026-01-27T10:00:00+00:00,1.8826,1.8886,1.8823,1.8845,237252.0
2026-01-27T11:00:00+00:00,1.884,1.8916,1.8809,1.8881,651334.0
2026-01-27T12:00:00+00:00,1.8882,1.8921,1.8834,1.8843,495720.0
2026-01-27T13:00:00+00:00,1.8841,1.8856,1.8733,1.8761,1079240.0
2026-01-27T14:00:00+00:00,1.8761,1.8952,1.8758,1.8826,2545567.0
2026-01-27T15:00:00+00:00,1.883,1.8948,1.8792,1.8922,3414815.0
2026-01-27T16:00:00+00:00,1.8922,1.9179,1.8917,1.9136,8874518.0
2026-01-27T17:00:00+00:00,1.9136,1.9143,1.876,1.88,2365914.0
2026-01-27T18:00:00+00:00,1.8801,1.9119,1.8777,1.906,1013498.0
2026-01-27T19:00:00+00:00,1.9063,1.9101,1.8984,1.9062,944618.0
2026-01-27T20:00:00+00:00,1.9063,1.9288,1.9056,1.9227,2214008.0
2026-01-27T21:00:00+00:00,1.9225,1.9288,1.9105,1.9116,629459.0
2026-01-27T22:00:00+00:00,1.9117,1.9255,1.9112,1.9184,622293.0
2026-01-27T23:00:00+00:00,1.919,1.9215,1.9147,1.9152,523369.0
2026-01-28T00:00:00+00:00,1.9152,1.9188,1.9085,1.9113,644684.0
2026-01-28T01:00:00+00:00,1.9113,1.9123,1.8969,1.902,1743440.0
2026-01-28T02:00:00+00:00,1.9018,1.9043,1.8939,1.9018,339510.0
2026-01-28T03:00:00+00:00,1.9011,1.9032,1.897,1.901,210400.0
2026-01-28T04:00:00+00:00,1.9011,1.9035,1.8961,1.9003,171021.0
2026-01-28T05:00:00+00:00,1.9019,1.9117,1.8988,1.9116,291651.0
2026-01-28T06:00:00+00:00,1.9118,1.9241,1.9118,1.9208,561204.0
2026-01-28T07:00:00+00:00,1.9212,1.9227,1.9136,1.9153,450992.0
2026-01-28T08:00:00+00:00,1.9155,1.9182,1.9082,1.9089,111545.0
2026-01-28T09:00:00+00:00,1.9092,1.9325,1.9061,1.9321,1074663.0
2026-01-28T10:00:00+00:00,1.9321,1.9359,1.9261,1.9272,377562.0
2026-01-28T11:00:00+00:00,1.9269,1.9423,1.9229,1.9411,437149.0
2026-01-28T12:00:00+00:00,1.9414,1.9421,1.9238,1.9257,662228.0
2026-01-28T13:00:00+00:00,1.9258,1.9373,1.9252,1.9328,692724.0
2026-01-28T14:00:00+00:00,1.9323,1.9323,1.9147,1.9185,1196991.0
2026-01-28T15:00:00+00:00,1.9187,1.9234,1.9011,1.9067,991148.0
2026-01-28T16:00:00+00:00,1.9077,1.9147,1.9006,1.9072,2131008.0
2026-01-28T17:00:00+00:00,1.9073,1.9273,1.9008,1.9216,956675.0
2026-01-28T18:00:00+00:00,1.9212,1.9213,1.9114,1.9157,684083.0
2026-01-28T19:00:00+00:00,1.9153,1.9232,1.9062,1.9188,1194057.0
2026-01-28T20:00:00+00:00,1.9187,1.9323,1.9146,1.9167,989453.0
2026-01-28T21:00:00+00:00,1.9173,1.9211,1.907,1.9147,717697.0
2026-01-28T22:00:00+00:00,1.9143,1.919,1.9089,1.9183,348735.0
2026-01-28T23:00:00+00:00,1.9183,1.9189,1.9075,1.9111,789009.0
2026-01-29T00:00:00+00:00,1.9111,1.9129,1.9,1.9067,1072960.0
2026-01-29T01:00:00+00:00,1.9064,1.9077,1.8897,1.8911,524158.0
2026-01-29T02:00:00+00:00,1.8911,1.8955,1.8689,1.8734,5390178.0
2026-01-29T03:00:00+00:00,1.8735,1.8831,1.8701,1.8747,893735.0
2026-01-29T04:00:00+00:00,1.8741,1.8785,1.8644,1.8776,611354.0
2026-01-29T05:00:00+00:00,1.8777,1.884,1.8769,1.878,1586483.0
2026-01-29T06:00:00+00:00,1.8777,1.8884,1.8773,1.8849,194109.0
2026-01-29T07:00:00+00:00,1.8849,1.888,1.8833,1.8838,145168.0
2026-01-29T08:00:00+00:00,1.8848,1.889,1.8757,1.8789,260452.0
2026-01-29T09:00:00+00:00,1.8788,1.8798,1.8722,1.8728,835390.0
2026-01-29T10:00:00+00:00,1.8728,1.8756,1.8701,1.8732,126104.0
2026-01-29T11:00:00+00:00,1.8733,1.8737,1.8668,1.8703,349331.0
2026-01-29T12:00:00+00:00,1.8702,1.8735,1.8642,1.872,1006795.0
2026-01-29T13:00:00+00:00,1.8723,1.8763,1.872,1.8747,346139.0
2026-01-29T14:00:00+00:00,1.8752,1.8772,1.8236,1.8252,6458626.0
2026-01-29T15:00:00+00:00,1.825,1.8287,1.7851,1.8008,12353543.0
2026-01-29T16:00:00+00:00,1.8006,1.8181,1.7916,1.8148,2876218.0
2026-01-29T17:00:00+00:00,1.8149,1.843,1.8119,1.8119,6661772.0
2026-01-29T18:00:00+00:00,1.8119,1.8175,1.7814,1.7835,5104536.0
2026-01-29T19:00:00+00:00,1.7838,1.7963,1.7768,1.7895,4895743.0
2026-01-29T20:00:00+00:00,1.7885,1.8075,1.785,1.8012,2837364.0
2026-01-29T21:00:00+00:00,1.8011,1.8067,1.7958,1.8045,752100.0
2026-01-29T22:00:00+00:00,1.8047,1.8134,1.8035,1.809,1849187.0
2026-01-29T23:00:00+00:00,1.8088,1.8093,1.7972,1.8064,1826131.0
2026-01-30T00:00:00+00:00,1.8064,1.8114,1.7954,1.797,2985678.0
2026-01-30T01:00:00+00:00,1.7971,1.8036,1.6972,1.7537,53461276.0
2026-01-30T02:00:00+00:00,1.7537,1.759,1.7247,1.7466,5560291.0
2026-01-30T03:00:00+00:00,1.7467,1.7596,1.74,1.7466,840589.0
2026-01-30T04:00:00+00:00,1.7469,1.7707,1.7459,1.7618,2020631.0
2026-01-30T05:00:00+00:00,1.7622,1.7685,1.7566,1.7627,687046.0
2026-01-30T06:00:00+00:00,1.7625,1.7629,1.7289,1.7386,2472646.0
2026-01-30T07:00:00+00:00,1.7383,1.7609,1.737,1.758,2478416.0
2026-01-30T08:00:00+00:00,1.7579,1.7622,1.7426,1.7483,689463.0
2026-01-30T09:00:00+00:00,1.7488,1.7523,1.7321,1.7392,611138.0
2026-01-30T10:00:00+00:00,1.739,1.751,1.737,1.7495,612253.0
2026-01-30T11:00:00+00:00,1.7494,1.7735,1.7471,1.7686,1351861.0
2026-01-30T12:00:00+00:00,1.7684,1.7738,1.758,1.7607,1245030.0
2026-01-30T13:00:00+00:00,1.7608,1.7632,1.745,1.751,1514646.0
2026-01-30T14:00:00+00:00,1.7511,1.7774,1.7511,1.7599,1735840.0
2026-01-30T15:00:00+00:00,1.7607,1.7805,1.7397,1.7578,5366622.0
2026-01-30T16:00:00+00:00,1.7565,1.7752,1.7469,1.762,3137369.0
2026-01-30T17:00:00+00:00,1.7622,1.7725,1.7475,1.752,3022969.0
2026-01-30T18:00:00+00:00,1.7516,1.7794,1.7108,1.7724,15302539.0
2026-01-30T19:00:00+00:00,1.7723,1.7835,1.7663,1.7697,2695168.0
2026-01-30T20:00:00+00:00,1.7704,1.7704,1.7326,1.7391,3261050.0
2026-01-30T21:00:00+00:00,1.7385,1.7496,1.7232,1.7289,1488914.0
2026-01-30T22:00:00+00:00,1.728,1.7356,1.7169,1.7272,801608.0
2026-01-30T23:00:00+00:00,1.7272,1.7354,1.7216,1.7338,806289.0
2026-01-31T00:00:00+00:00,1.7339,1.7399,1.7318,1.7354,842523.0
2026-01-31T01:00:00+00:00,1.7352,1.7461,1.7344,1.7451,256517.0
2026-01-31T02:00:00+00:00,1.7453,1.7531,1.7331,1.7484,389197.0
2026-01-31T03:00:00+00:00,1.7486,1.751,1.7412,1.7431,313585.0
2026-01-31T04:00:00+00:00,1.7435,1.7474,1.7348,1.7369,301506.0
2026-01-31T05:00:00+00:00,1.737,1.7378,1.7295,1.7367,496599.0
2026-01-31T06:00:00+00:00,1.7371,1.7386,1.7208,1.728,704518.0
2026-01-31T07:00:00+00:00,1.7279,1.7322,1.7109,1.7174,397464.0
2026-01-31T08:00:00+00:00,1.7189,1.7214,1.6768,1.6923,20380918.0
2026-01-31T09:00:00+00:00,1.6926,1.7053,1.6893,1.6987,1850736.0
2026-01-31T10:00:00+00:00,1.6994,1.7098,1.6938,1.7056,780889.0
2026-01-31T11:00:00+00:00,1.7056,1.7056,1.6978,1.7011,1012953.0
2026-01-31T12:00:00+00:00,1.7011,1.7011,1.6846,1.6889,2280778.0
2026-01-31T13:00:00+00:00,1.6893,1.6897,1.6715,1.6755,1799106.0
2026-01-31T14:00:00+00:00,1.6757,1.6798,1.6121,1.6399,11552434.0
2026-01-31T15:00:00+00:00,1.6398,1.6587,1.6322,1.6344,2780388.0
2026-01-31T16:00:00+00:00,1.6346,1.6476,1.6027,1.6094,12677810.0
2026-01-31T17:00:00+00:00,1.6091,1.6149,1.5374,1.5668,18151155.0
2026-01-31T18:00:00+00:00,1.5669,1.6018,1.5024,1.5836,16811532.0
2026-01-31T19:00:00+00:00,1.5844,1.6101,1.5736,1.583,7786128.0
2026-01-31T20:00:00+00:00,1.5819,1.5987,1.57,1.593,3191161.0
2026-01-31T21:00:00+00:00,1.5925,1.6253,1.5867,1.6194,4592255.0
2026-01-31T22:00:00+00:00,1.6196,1.6207,1.6018,1.6135,1625815.0
2026-01-31T23:00:00+00:00,1.6126,1.6524,1.6121,1.6451,3476087.0
2026-02-01T00:00:00+00:00,1.6451,1.674,1.6414,1.6627,2926387.0
2026-02-01T01:00:00+00:00,1.6627,1.6654,1.644,1.6586,2709067.0
2026-02-01T02:00:00+00:00,1.6593,1.6784,1.6562,1.6682,1858333.0
2026-02-01T03:00:00+00:00,1.6683,1.6714,1.6574,1.6653,888457.0
2026-02-01T04:00:00+00:00,1.6662,1.673,1.6605,1.6644,1272034.0
2026-02-01T05:00:00+00:00,1.6639,1.6683,1.6542,1.6573,722976.0
2026-02-01T06:00:00+00:00,1.6574,1.6713,1.6524,1.6552,1899530.0
2026-02-01T07:00:00+00:00,1.6561,1.669,1.6458,1.6578,1790222.0
2026-02-01T08:00:00+00:00,1.6581,1.676,1.6567,1.6619,951233.0
2026-02-01T09:00:00+00:00,1.6619,1.6676,1.6518,1.6655,746940.0
2026-02-01T10:00:00+00:00,1.6654,1.6666,1.631,1.6318,1669688.0
2026-02-01T11:00:00+00:00,1.632,1.6527,1.6313,1.6487,1289274.0
2026-02-01T12:00:00+00:00,1.6489,1.649,1.632,1.6393,1561376.0
2026-02-01T13:00:00+00:00,1.6394,1.6512,1.6253,1.6282,1615556.0
2026-02-01T14:00:00+00:00,1.6283,1.6324,1.5975,1.6155,5159725.0
2026-02-01T15:00:00+00:00,1.6155,1.6168,1.5757,1.5941,7874854.0
2026-02-01T16:00:00+00:00,1.594,1.608,1.5811,1.5917,3979365.0
2026-02-01T17:00:00+00:00,1.5918,1.6012,1.586,1.6009,5648986.0
2026-02-01T18:00:00+00:00,1.601,1.6257,1.6005,1.6146,2900494.0
2026-02-01T19:00:00+00:00,1.6141,1.6182,1.5897,1.5991,4040078.0
2026-02-01T20:00:00+00:00,1.5986,1.6127,1.5791,1.5977,3529718.0
2026-02-01T21:00:00+00:00,1.5978,1.5982,1.582,1.5884,1837029.0
2026-02-01T22:00:00+00:00,1.5894,1.6118,1.5856,1.5982,1783884.0
2026-02-01T23:00:00+00:00,1.5988,1.6115,1.5499,1.5891,9675422.0
2026-02-02T00:00:00+00:00,1.5896,1.6173,1.5769,1.6034,3192729.0
2026-02-02T01:00:00+00:00,1.603,1.6141,1.5801,1.6011,2017082.0
2026-02-02T02:00:00+00:00,1.6009,1.6084,1.586,1.5898,2966089.0
2026-02-02T03:00:00+00:00,1.5893,1.5909,1.53,1.5796,9827489.0
2026-02-02T04:00:00+00:00,1.5804,1.5989,1.5562,1.5756,2357606.0
2026-02-02T05:00:00+00:00,1.576,1.5761,1.533,1.5486,3175710.0
2026-02-02T06:00:00+00:00,1.5484,1.5947,1.5303,1.5798,6986274.0
2026-02-02T07:00:00+00:00,1.579,1.5953,1.5745,1.5782,1660376.0
2026-02-02T08:00:00+00:00,1.5792,1.5993,1.5792,1.5896,934698.0
2026-02-02T09:00:00+00:00,1.5894,1.613,1.5865,1.6075,1570159.0
2026-02-02T10:00:00+00:00,1.6087,1.6138,1.6043,1.6104,1074469.0
2026-02-02T11:00:00+00:00,1.6114,1.6261,1.6111,1.6205,1025483.0
2026-02-02T12:00:00+00:00,1.6205,1.6539,1.6202,1.6447,1259689.0
2026-02-02T13:00:00+00:00,1.6439,1.6501,1.631,1.6366,10033161.0
2026-02-02T14:00:00+00:00,1.6365,1.6452,1.6212,1.6281,14706271.0
2026-02-02T15:00:00+00:00,1.6281,1.6522,1.6247,1.6405,10172798.0
2026-02-02T16:00:00+00:00,1.6407,1.6562,1.6357,1.6424,5177510.0
2026-02-02T17:00:00+00:00,1.6426,1.651,1.6359,1.6395,1097882.0
2026-02-02T18:00:00+00:00,1.6399,1.6493,1.633,1.641,7711095.0
2026-02-02T19:00:00+00:00,1.6409,1.6414,1.6241,1.6254,3147861.0
2026-02-02T20:00:00+00:00,1.6244,1.6316,1.6116,1.6122,4643873.0
2026-02-02T21:00:00+00:00,1.6131,1.6251,1.6123,1.6216,1527422.0
2026-02-02T22:00:00+00:00,1.6225,1.6319,1.6204,1.6245,1398455.0
2026-02-02T23:00:00+00:00,1.6252,1.6252,1.616,1.6179,1569921.0
2026-02-03T00:00:00+00:00,1.6181,1.6204,1.6061,1.6171,3193700.0
2026-02-03T01:00:00+00:00,1.6164,1.6167,1.6061,1.6156,1060566.0
2026-02-03T02:00:00+00:00,1.6157,1.6164,1.5895,1.5909,1265513.0
2026-02-03T03:00:00+00:00,1.5912,1.6137,1.587,1.612,1620672.0
2026-02-03T04:00:00+00:00,1.612,1.6234,1.6084,1.6208,2122421.0
2026-02-03T05:00:00+00:00,1.6216,1.6217,1.6062,1.6071,2886823.0
2026-02-03T06:00:00+00:00,1.6071,1.6123,1.5981,1.6116,1472759.0
2026-02-03T07:00:00+00:00,1.6116,1.6229,1.6068,1.616,1461910.0
2026-02-03T08:00:00+00:00,1.6164,1.6245,1.6116,1.6153,644741.0
2026-02-03T09:00:00+00:00,1.6154,1.6211,1.5945,1.6022,1851860.0
2026-02-03T10:00:00+00:00,1.603,1.6069,1.5965,1.5988,1181625.0
2026-02-03T11:00:00+00:00,1.5988,1.6065,1.5968,1.602,1123267.0
2026-02-03T12:00:00+00:00,1.6023,1.6097,1.5976,1.6073,1767995.0
2026-02-03T13:00:00+00:00,1.6075,1.6149,1.6036,1.6111,531120.0
2026-02-03T14:00:00+00:00,1.6114,1.6154,1.5818,1.582,4142108.0
2026-02-03T15:00:00+00:00,1.5823,1.6205,1.5781,1.6176,7326115.0
2026-02-03T16:00:00+00:00,1.6174,1.6174,1.5814,1.5853,3334551.0
2026-02-03T17:00:00+00:00,1.585,1.5888,1.5573,1.5573,7097468.0
2026-02-03T18:00:00+00:00,1.5576,1.5637,1.5291,1.5307,10457872.0
2026-02-03T19:00:00+00:00,1.5306,1.5902,1.527,1.5804,15435661.0
2026-02-03T20:00:00+00:00,1.5802,1.6318,1.5656,1.6194,8984545.0
2026-02-03T21:00:00+00:00,1.6181,1.6308,1.6012,1.6018,17705957.0
2026-02-03T22:00:00+00:00,1.6018,1.6038,1.5832,1.5874,6166151.0
2026-02-03T23:00:00+00:00,1.5877,1.5881,1.5689,1.5784,2117959.0
2026-02-04T00:00:00+00:00,1.5786,1.5847,1.5667,1.5751,1754269.0
2026-02-04T01:00:00+00:00,1.5751,1.6008,1.5751,1.5921,9981488.0
2026-02-04T02:00:00+00:00,1.5919,1.5947,1.5766,1.5852,2500298.0
2026-02-04T03:00:00+00:00,1.5852,1.605,1.5827,1.599,989779.0
2026-02-04T04:00:00+00:00,1.599,1.6032,1.5931,1.5942,1561677.0
2026-02-04T05:00:00+00:00,1.5943,1.5957,1.5827,1.586,229661.0
2026-02-04T06:00:00+00:00,1.5863,1.6051,1.5847,1.6012,2476827.0
2026-02-04T07:00:00+00:00,1.6008,1.608,1.598,1.6049,2095293.0
2026-02-04T08:00:00+00:00,1.6049,1.6114,1.5991,1.6094,3187292.0
2026-02-04T09:00:00+00:00,1.6092,1.6092,1.5967,1.5979,1177971.0
2026-02-04T10:00:00+00:00,1.5982,1.6029,1.5947,1.5947,1508880.0
2026-02-04T11:00:00+00:00,1.5952,1.5988,1.5784,1.5915,3760500.0
2026-02-04T12:00:00+00:00,1.5916,1.5972,1.5879,1.5904,3325579.0
2026-02-04T13:00:00+00:00,1.5904,1.5912,1.564,1.5642,3567024.0
2026-02-04T14:00:00+00:00,1.5641,1.5739,1.5422,1.544,7188053.0
2026-02-04T15:00:00+00:00,1.5439,1.5634,1.5293,1.5428,11305293.0
2026-02-04T16:00:00+00:00,1.5431,1.5488,1.5183,1.5302,10369504.0
2026-02-04T17:00:00+00:00,1.5304,1.5381,1.5049,1.5212,5418624.0
2026-02-04T18:00:00+00:00,1.5212,1.5529,1.5036,1.534,7077819.0
2026-02-04T19:00:00+00:00,1.5342,1.5557,1.5252,1.5539,3440251.0
2026-02-04T20:00:00+00:00,1.5541,1.5555,1.5345,1.5356,2471541.0
2026-02-04T21:00:00+00:00,1.5363,1.5382,1.5058,1.5168,5089910.0
2026-02-04T22:00:00+00:00,1.5167,1.5439,1.4936,1.5106,4742790.0
2026-02-04T23:00:00+00:00,1.5105,1.5255,1.5045,1.5108,7355544.0
2026-02-05T00:00:00+00:00,1.5109,1.5142,1.4884,1.49,6453370.0
2026-02-05T01:00:00+00:00,1.4902,1.5017,1.4595,1.4743,6903336.0
2026-02-05T02:00:00+00:00,1.4745,1.4846,1.45,1.4525,5905007.0
2026-02-05T03:00:00+00:00,1.4521,1.4662,1.4392,1.4422,3652945.0
2026-02-05T04:00:00+00:00,1.4424,1.4574,1.4366,1.4449,2694902.0
2026-02-05T05:00:00+00:00,1.4448,1.4572,1.43,1.4411,2772106.0
2026-02-05T06:00:00+00:00,1.4411,1.4436,1.4182,1.4264,2498696.0
2026-02-05T07:00:00+00:00,1.4255,1.4489,1.4246,1.4318,1944674.0
2026-02-05T08:00:00+00:00,1.4319,1.4422,1.4259,1.4274,1143084.0
2026-02-05T09:00:00+00:00,1.4273,1.4438,1.4118,1.4132,3429849.0
2026-02-05T10:00:00+00:00,1.4137,1.4146,1.3568,1.3671,10982125.0
2026-02-05T11:00:00+00:00,1.3667,1.3818,1.3423,1.3643,8211281.0
2026-02-05T12:00:00+00:00,1.3644,1.3769,1.3533,1.3646,7007148.0
2026-02-05T13:00:00+00:00,1.3646,1.3689,1.3415,1.3521,4551919.0
2026-02-05T14:00:00+00:00,1.3519,1.3862,1.3518,1.3565,8839643.0
2026-02-05T15:00:00+00:00,1.3564,1.3632,1.2678,1.2958,39564034.0
2026-02-05T16:00:00+00:00,1.296,1.3106,1.2713,1.2795,21678047.0
2026-02-05T17:00:00+00:00,1.2796,1.2834,1.2184,1.2489,42314260.0
2026-02-05T18:00:00+00:00,1.2494,1.2658,1.2143,1.2597,23959374.0
2026-02-05T19:00:00+00:00,1.2606,1.2621,1.2072,1.2127,11294877.0
2026-02-05T20:00:00+00:00,1.2128,1.2232,1.1382,1.191,41868157.0
2026-02-05T21:00:00+00:00,1.1907,1.2063,1.1507,1.1622,29678471.0
2026-02-05T22:00:00+00:00,1.162,1.2363,1.1479,1.2245,18813877.0
2026-02-05T23:00:00+00:00,1.2244,1.264,1.2078,1.2135,14680926.0
2026-02-06T00:00:00+00:00,1.2134,1.2357,1.1187,1.2162,34409717.0
2026-02-06T01:00:00+00:00,1.2162,1.2922,1.214,1.2771,13121088.0
2026-02-06T02:00:00+00:00,1.2795,1.2844,1.2422,1.2601,10937088.0
2026-02-06T03:00:00+00:00,1.2607,1.2759,1.2552,1.2685,2345648.0
2026-02-06T04:00:00+00:00,1.2688,1.2904,1.2624,1.2801,4024534.0
2026-02-06T05:00:00+00:00,1.2796,1.329,1.2775,1.3283,11225849.0
2026-02-06T06:00:00+00:00,1.3277,1.3334,1.3002,1.3017,5309743.0
2026-02-06T07:00:00+00:00,1.302,1.312,1.2875,1.2911,6815679.0
2026-02-06T08:00:00+00:00,1.2912,1.3078,1.284,1.3014,2258711.0
2026-02-06T09:00:00+00:00,1.3013,1.3297,1.2922,1.328,1976789.0
2026-02-06T10:00:00+00:00,1.3276,1.3863,1.327,1.3573,4834259.0
2026-02-06T11:00:00+00:00,1.3572,1.3696,1.3504,1.3664,6108553.0
2026-02-06T12:00:00+00:00,1.3668,1.3815,1.3568,1.3798,2027822.0
2026-02-06T13:00:00+00:00,1.3816,1.439,1.3752,1.4265,6441924.0
2026-02-06T14:00:00+00:00,1.4266,1.484,1.4018,1.477,14913472.0
2026-02-06T15:00:00+00:00,1.4775,1.5412,1.4626,1.5115,19360523.0
2026-02-06T16:00:00+00:00,1.5117,1.5326,1.4855,1.4888,14950920.0
2026-02-06T17:00:00+00:00,1.4883,1.5166,1.4805,1.4942,5885251.0
2026-02-06T18:00:00+00:00,1.4938,1.4951,1.449,1.4562,9260212.0
2026-02-06T19:00:00+00:00,1.4564,1.4675,1.4371,1.4561,9230852.0
2026-02-06T20:00:00+00:00,1.4553,1.462,1.4367,1.4474,4720779.0
2026-02-06T21:00:00+00:00,1.4476,1.4653,1.4392,1.4569,2534044.0
2026-02-06T22:00:00+00:00,1.4586,1.489,1.4541,1.4884,3242567.0
2026-02-06T23:00:00+00:00,1.4879,1.4969,1.4636,1.4683,5486024.0
2026-02-07T00:00:00+00:00,1.4684,1.4873,1.4448,1.4574,6717283.0
2026-02-07T01:00:00+00:00,1.4572,1.4763,1.4319,1.4672,3270523.0
2026-02-07T02:00:00+00:00,1.4669,1.4719,1.4543,1.4593,864633.0
2026-02-07T03:00:00+00:00,1.4593,1.4844,1.4573,1.4726,1601514.0
2026-02-07T04:00:00+00:00,1.4725,1.484,1.4505,1.461,2346792.0
2026-02-07T05:00:00+00:00,1.4601,1.4688,1.4515,1.4586,2818211.0
2026-02-07T06:00:00+00:00,1.4571,1.4685,1.4326,1.4326,3720701.0
2026-02-07T07:00:00+00:00,1.4332,1.4459,1.405,1.4127,8468821.0
2026-02-07T08:00:00+00:00,1.4124,1.4275,1.4021,1.4243,1750314.0
2026-02-07T09:00:00+00:00,1.423,1.4262,1.4052,1.4119,1405826.0
2026-02-07T10:00:00+00:00,1.4123,1.4171,1.3856,1.3985,4609934.0
2026-02-07T11:00:00+00:00,1.3985,1.4023,1.3855,1.392,3822343.0
2026-02-07T12:00:00+00:00,1.3913,1.4396,1.3903,1.4171,4737725.0
2026-02-07T13:00:00+00:00,1.4175,1.4239,1.3949,1.4021,1988022.0
2026-02-07T14:00:00+00:00,1.4039,1.412,1.3915,1.3995,5995689.0
2026-02-07T15:00:00+00:00,1.3996,1.4208,1.397,1.4078,3764362.0
2026-02-07T16:00:00+00:00,1.4088,1.4348,1.4059,1.4182,15190770.0
2026-02-07T17:00:00+00:00,1.4173,1.4291,1.4085,1.4228,3331446.0
2026-02-07T18:00:00+00:00,1.4237,1.4472,1.4237,1.4399,2436748.0
2026-02-07T19:00:00+00:00,1.4393,1.4394,1.4273,1.4283,1600858.0
2026-02-07T20:00:00+00:00,1.4296,1.4399,1.426,1.4355,1300088.0
2026-02-07T21:00:00+00:00,1.4356,1.4373,1.4265,1.4282,539268.0
2026-02-07T22:00:00+00:00,1.4278,1.4322,1.4189,1.4216,2237785.0
2026-02-07T23:00:00+00:00,1.4224,1.4267,1.4124,1.422,907481.0
2026-02-08T00:00:00+00:00,1.4224,1.4279,1.4135,1.4196,1972818.0
2026-02-08T01:00:00+00:00,1.4205,1.4368,1.4191,1.4316,1193771.0
2026-02-08T02:00:00+00:00,1.4317,1.441,1.4234,1.429,1301121.0
2026-02-08T03:00:00+00:00,1.4292,1.4324,1.4125,1.4158,934014.0
2026-02-08T04:00:00+00:00,1.4162,1.4224,1.4089,1.422,1348102.0
2026-02-08T05:00:00+00:00,1.4221,1.4248,1.4155,1.418,472352.0
2026-02-08T06:00:00+00:00,1.4175,1.4208,1.4126,1.4154,1127150.0
2026-02-08T07:00:00+00:00,1.4152,1.4204,1.4115,1.4196,861122.0
2026-02-08T08:00:00+00:00,1.4202,1.4621,1.4186,1.4516,3419570.0
2026-02-08T09:00:00+00:00,1.4528,1.4576,1.4328,1.4379,2953318.0
2026-02-08T10:00:00+00:00,1.4371,1.445,1.425,1.4301,767227.0
2026-02-08T11:00:00+00:00,1.4303,1.4518,1.4296,1.4517,1512877.0
2026-02-08T12:00:00+00:00,1.4518,1.456,1.4424,1.455,2903930.0
2026-02-08T13:00:00+00:00,1.455,1.468,1.4488,1.4594,1885029.0
2026-02-08T14:00:00+00:00,1.4608,1.4667,1.4568,1.46,2082949.0
2026-02-08T15:00:00+00:00,1.4603,1.4618,1.4289,1.4384,1588373.0
2026-02-08T16:00:00+00:00,1.4374,1.4447,1.4085,1.4173,3315106.0
2026-02-08T17:00:00+00:00,1.4176,1.4343,1.4176,1.43,2354607.0
2026-02-08T18:00:00+00:00,1.43,1.4522,1.4282,1.4381,885733.0
2026-02-08T19:00:00+00:00,1.4383,1.4499,1.4376,1.4488,1702347.0
2026-02-08T20:00:00+00:00,1.4489,1.4489,1.4327,1.436,598829.0
2026-02-08T21:00:00+00:00,1.4359,1.4393,1.4231,1.4267,1912420.0
2026-02-08T22:00:00+00:00,1.4269,1.4358,1.4243,1.4341,398532.0
2026-02-08T23:00:00+00:00,1.434,1.4617,1.4203,1.4299,8463989.0
2026-02-09T00:00:00+00:00,1.4297,1.4405,1.4238,1.4328,1505078.0
2026-02-09T01:00:00+00:00,1.432,1.4437,1.4183,1.4234,1346908.0
2026-02-09T02:00:00+00:00,1.4232,1.4527,1.4196,1.4413,1087358.0
2026-02-09T03:00:00+00:00,1.4417,1.4537,1.4395,1.4519,1095539.0
2026-02-09T04:00:00+00:00,1.4511,1.4518,1.443,1.4471,615903.0
2026-02-09T05:00:00+00:00,1.4469,1.4531,1.4401,1.4505,824496.0
2026-02-09T06:00:00+00:00,1.4502,1.4502,1.4272,1.4349,2182390.0
2026-02-09T07:00:00+00:00,1.4339,1.4379,1.4204,1.4245,1648824.0
2026-02-09T08:00:00+00:00,1.4247,1.4287,1.4,1.4068,2626254.0
2026-02-09T09:00:00+00:00,1.4067,1.4114,1.3929,1.3977,2494757.0
2026-02-09T10:00:00+00:00,1.3979,1.4057,1.3721,1.3821,2611991.0
2026-02-09T11:00:00+00:00,1.3826,1.3961,1.3826,1.3919,2107249.0
2026-02-09T12:00:00+00:00,1.3924,1.4135,1.3924,1.4075,1902161.0
2026-02-09T13:00:00+00:00,1.4081,1.4115,1.3949,1.3951,1437447.0
2026-02-09T14:00:00+00:00,1.3951,1.4376,1.3944,1.4298,7175729.0
2026-02-09T15:00:00+00:00,1.4301,1.4494,1.4199,1.4436,5046838.0
2026-02-09T16:00:00+00:00,1.4447,1.4634,1.4355,1.4511,3945485.0
2026-02-09T17:00:00+00:00,1.4506,1.4553,1.4325,1.4497,2935699.0
2026-02-09T18:00:00+00:00,1.4501,1.4583,1.4365,1.4422,3727986.0
2026-02-09T19:00:00+00:00,1.4425,1.4551,1.4409,1.4504,4487160.0
2026-02-09T20:00:00+00:00,1.4513,1.4559,1.4433,1.454,1690533.0
2026-02-09T21:00:00+00:00,1.4535,1.4576,1.4379,1.4504,4007714.0
2026-02-09T22:00:00+00:00,1.4509,1.4514,1.4422,1.4438,2090084.0
2026-02-09T23:00:00+00:00,1.4437,1.4478,1.4343,1.4361,773785.0
2026-02-10T00:00:00+00:00,1.4362,1.4409,1.433,1.4368,652683.0
2026-02-10T01:00:00+00:00,1.4367,1.4524,1.436,1.4461,995716.0
2026-02-10T02:00:00+00:00,1.4471,1.4481,1.4419,1.4462,1207352.0
2026-02-10T03:00:00+00:00,1.4464,1.4496,1.4278,1.434,2234179.0
2026-02-10T04:00:00+00:00,1.4341,1.4511,1.4337,1.4465,2118079.0
2026-02-10T05:00:00+00:00,1.4463,1.4485,1.4361,1.441,1161872.0
2026-02-10T06:00:00+00:00,1.4409,1.4412,1.4131,1.4196,1600835.0
2026-02-10T07:00:00+00:00,1.4194,1.4273,1.4193,1.4215,1000177.0
2026-02-10T08:00:00+00:00,1.4217,1.432,1.4142,1.4287,1051830.0
2026-02-10T09:00:00+00:00,1.4284,1.4349,1.4163,1.4202,1532097.0
2026-02-10T10:00:00+00:00,1.4202,1.4226,1.4143,1.4151,476231.0
2026-02-10T11:00:00+00:00,1.415,1.4186,1.4056,1.4072,910607.0
2026-02-10T12:00:00+00:00,1.4072,1.4126,1.4043,1.408,3256384.0
2026-02-10T13:00:00+00:00,1.4075,1.416,1.4035,1.4136,1163996.0
2026-02-10T14:00:00+00:00,1.4137,1.4246,1.3927,1.4015,6343812.0
2026-02-10T15:00:00+00:00,1.4013,1.4127,1.3968,1.4052,2573611.0
2026-02-10T16:00:00+00:00,1.4058,1.4196,1.3987,1.4148,1161787.0
2026-02-10T17:00:00+00:00,1.4152,1.4281,1.4125,1.4236,1490710.0
2026-02-10T18:00:00+00:00,1.423,1.4245,1.3933,1.4012,2061912.0
2026-02-10T19:00:00+00:00,1.4016,1.4086,1.3963,1.3998,702855.0
2026-02-10T20:00:00+00:00,1.3994,1.4017,1.3913,1.3956,700966.0
2026-02-10T21:00:00+00:00,1.3956,1.401,1.3906,1.3945,566718.0
2026-02-10T22:00:00+00:00,1.3959,1.4038,1.3923,1.3984,458104.0
2026-02-10T23:00:00+00:00,1.3986,1.4004,1.3948,1.3989,519815.0
2026-02-11T00:00:00+00:00,1.3987,1.4121,1.3982,1.4095,786853.0
2026-02-11T01:00:00+00:00,1.4092,1.4134,1.4058,1.4089,1143510.0
2026-02-11T02:00:00+00:00,1.4092,1.4193,1.4088,1.4088,1138812.0
2026-02-11T03:00:00+00:00,1.4094,1.4104,1.3933,1.403,697891.0
2026-02-11T04:00:00+00:00,1.4033,1.4079,1.3789,1.3832,3522779.0
2026-02-11T05:00:00+00:00,1.3832,1.3912,1.3736,1.3751,1218766.0
2026-02-11T06:00:00+00:00,1.3751,1.377,1.3572,1.3589,2340691.0
2026-02-11T07:00:00+00:00,1.3588,1.372,1.3573,1.3667,1364725.0
2026-02-11T08:00:00+00:00,1.3662,1.3712,1.3602,1.3665,483115.0
2026-02-11T09:00:00+00:00,1.3664,1.3685,1.3558,1.3605,493876.0
2026-02-11T10:00:00+00:00,1.3605,1.3637,1.3545,1.3599,669046.0
2026-02-11T11:00:00+00:00,1.3605,1.3793,1.3604,1.3778,854614.0
2026-02-11T12:00:00+00:00,1.378,1.3781,1.37,1.3716,771493.0
2026-02-11T13:00:00+00:00,1.3718,1.38,1.3596,1.3751,3194104.0
2026-02-11T14:00:00+00:00,1.3756,1.4073,1.3573,1.3608,6913871.0
2026-02-11T15:00:00+00:00,1.3607,1.3688,1.344,1.3526,11174861.0
2026-02-11T16:00:00+00:00,1.3531,1.3684,1.3422,1.3443,4334923.0
2026-02-11T17:00:00+00:00,1.3438,1.3788,1.3413,1.3693,2544665.0
2026-02-11T18:00:00+00:00,1.37,1.3835,1.3612,1.3774,1308843.0
2026-02-11T19:00:00+00:00,1.3773,1.3856,1.3707,1.3779,1015959.0
2026-02-11T20:00:00+00:00,1.378,1.3854,1.3741,1.3804,602164.0
2026-02-11T21:00:00+00:00,1.3808,1.3961,1.3787,1.3822,1051614.0
2026-02-11T22:00:00+00:00,1.3825,1.3839,1.369,1.3712,703569.0
2026-02-11T23:00:00+00:00,1.371,1.3718,1.3586,1.3687,1375474.0
2026-02-12T00:00:00+00:00,1.3687,1.3842,1.3677,1.3773,1304807.0
2026-02-12T01:00:00+00:00,1.3768,1.3856,1.3768,1.3803,809315.0
2026-02-12T02:00:00+00:00,1.3804,1.3841,1.3735,1.3762,424505.0
2026-02-12T03:00:00+00:00,1.3766,1.3787,1.3701,1.3753,693243.0
2026-02-12T04:00:00+00:00,1.3751,1.3798,1.3716,1.3746,680609.0
2026-02-12T05:00:00+00:00,1.3746,1.3806,1.372,1.3796,1364615.0
2026-02-12T06:00:00+00:00,1.3798,1.3881,1.3775,1.3814,427663.0
2026-02-12T07:00:00+00:00,1.3821,1.3849,1.3757,1.3816,384865.0
2026-02-12T08:00:00+00:00,1.3813,1.3837,1.3762,1.381,462579.0
2026-02-12T09:00:00+00:00,1.3812,1.3955,1.3791,1.3951,1417625.0
2026-02-12T10:00:00+00:00,1.3952,1.4031,1.3884,1.4031,2268513.0
2026-02-12T11:00:00+00:00,1.4031,1.4071,1.3915,1.4009,6252960.0
2026-02-12T12:00:00+00:00,1.4008,1.4019,1.3881,1.3913,1712004.0
2026-02-12T13:00:00+00:00,1.3914,1.4014,1.3846,1.4004,1792505.0
2026-02-12T14:00:00+00:00,1.4006,1.4012,1.3835,1.3882,1058397.0
2026-02-12T15:00:00+00:00,1.3883,1.3955,1.374,1.375,2921212.0
2026-02-12T16:00:00+00:00,1.3749,1.3772,1.3454,1.3518,17580394.0
2026-02-12T17:00:00+00:00,1.3522,1.3792,1.3459,1.3618,20487356.0
2026-02-12T18:00:00+00:00,1.3621,1.3667,1.3513,1.3628,2278476.0
2026-02-12T19:00:00+00:00,1.3627,1.3753,1.3541,1.3637,3980395.0
2026-02-12T20:00:00+00:00,1.3637,1.3659,1.3498,1.3505,4662018.0
2026-02-12T21:00:00+00:00,1.3511,1.3573,1.3481,1.3509,1409965.0
2026-02-12T22:00:00+00:00,1.351,1.3653,1.3492,1.3635,1525383.0
2026-02-12T23:00:00+00:00,1.3634,1.3691,1.3599,1.3625,5478877.0
2026-02-13T00:00:00+00:00,1.3625,1.3669,1.3473,1.353,7732490.0
2026-02-13T01:00:00+00:00,1.3533,1.3619,1.3487,1.3566,990025.0
2026-02-13T02:00:00+00:00,1.3568,1.3679,1.3562,1.3659,834165.0
2026-02-13T03:00:00+00:00,1.366,1.3709,1.3611,1.3639,736862.0
2026-02-13T04:00:00+00:00,1.3642,1.3674,1.357,1.3574,331949.0
2026-02-13T05:00:00+00:00,1.3577,1.3599,1.3526,1.3526,300114.0
2026-02-13T06:00:00+00:00,1.3525,1.3567,1.3477,1.3562,281840.0
2026-02-13T07:00:00+00:00,1.3562,1.362,1.3487,1.3531,770092.0
2026-02-13T08:00:00+00:00,1.3531,1.369,1.3513,1.366,3632758.0
2026-02-13T09:00:00+00:00,1.3664,1.3703,1.364,1.3676,467451.0
2026-02-13T10:00:00+00:00,1.3675,1.372,1.3642,1.3676,595049.0
2026-02-13T11:00:00+00:00,1.3677,1.3689,1.3601,1.3673,1002833.0
2026-02-13T12:00:00+00:00,1.3673,1.3673,1.3589,1.3638,631662.0
2026-02-13T13:00:00+00:00,1.3637,1.3815,1.361,1.3754,1187947.0
2026-02-13T14:00:00+00:00,1.3759,1.3935,1.3674,1.3831,4076268.0
2026-02-13T15:00:00+00:00,1.3847,1.4212,1.38,1.4031,12489894.0
2026-02-13T16:00:00+00:00,1.4037,1.4271,1.3987,1.4158,3924888.0
2026-02-13T17:00:00+00:00,1.4158,1.42,1.4067,1.4139,732886.0
2026-02-13T18:00:00+00:00,1.4135,1.4195,1.4053,1.4148,728368.0
2026-02-13T19:00:00+00:00,1.415,1.4185,1.4075,1.4106,2327931.0
2026-02-13T20:00:00+00:00,1.4104,1.4135,1.4041,1.4127,2561348.0
2026-02-13T21:00:00+00:00,1.4128,1.4158,1.4061,1.409,666037.0
2026-02-13T22:00:00+00:00,1.4089,1.4092,1.3974,1.4023,1563349.0
2026-02-13T23:00:00+00:00,1.4022,1.408,1.4013,1.4063,492009.0
2026-02-14T00:00:00+00:00,1.4064,1.416,1.4047,1.4129,1461435.0
2026-02-14T01:00:00+00:00,1.4134,1.4174,1.41,1.4114,658143.0
2026-02-14T02:00:00+00:00,1.4114,1.414,1.4091,1.4101,265123.0
2026-02-14T03:00:00+00:00,1.4102,1.4173,1.4096,1.4156,435182.0
2026-02-14T04:00:00+00:00,1.4156,1.4188,1.412,1.412,337500.0
2026-02-14T05:00:00+00:00,1.4119,1.415,1.4071,1.4074,440799.0
2026-02-14T06:00:00+00:00,1.4076,1.4143,1.4071,1.4139,216370.0
2026-02-14T07:00:00+00:00,1.414,1.4244,1.4112,1.4215,291609.0
2026-02-14T08:00:00+00:00,1.4216,1.4481,1.4211,1.4462,1191453.0
2026-02-14T09:00:00+00:00,1.4466,1.46,1.4456,1.4514,1357562.0
2026-02-14T10:00:00+00:00,1.4513,1.4513,1.4413,1.4464,456949.0
2026-02-14T11:00:00+00:00,1.4467,1.4723,1.4461,1.4709,1761068.0
2026-02-14T12:00:00+00:00,1.4709,1.476,1.4597,1.4637,1374472.0
2026-02-14T13:00:00+00:00,1.4635,1.4688,1.4507,1.4563,1434839.0
2026-02-14T14:00:00+00:00,1.4564,1.4735,1.4543,1.4704,1026234.0
2026-02-14T15:00:00+00:00,1.4697,1.4719,1.4635,1.4679,975131.0
2026-02-14T16:00:00+00:00,1.4682,1.4751,1.4561,1.4736,1880058.0
2026-02-14T17:00:00+00:00,1.474,1.479,1.4676,1.4723,696634.0
2026-02-14T18:00:00+00:00,1.4723,1.492,1.4693,1.4874,987980.0
2026-02-14T19:00:00+00:00,1.4873,1.4989,1.4832,1.4964,925183.0
2026-02-14T20:00:00+00:00,1.4972,1.5073,1.487,1.4927,1514038.0
2026-02-14T21:00:00+00:00,1.4932,1.5032,1.4883,1.4965,961411.0
2026-02-14T22:00:00+00:00,1.4952,1.504,1.4925,1.4996,631821.0
2026-02-14T23:00:00+00:00,1.4992,1.5123,1.4983,1.5074,2523675.0
2026-02-15T00:00:00+00:00,1.5081,1.5311,1.5049,1.52,5957271.0
2026-02-15T01:00:00+00:00,1.5198,1.5431,1.5142,1.5273,4903694.0
2026-02-15T02:00:00+00:00,1.527,1.5341,1.5155,1.527,1516014.0
2026-02-15T03:00:00+00:00,1.527,1.5328,1.5051,1.5255,2545056.0
2026-02-15T04:00:00+00:00,1.5258,1.5589,1.5244,1.5447,2658951.0
2026-02-15T05:00:00+00:00,1.5446,1.5915,1.5445,1.5824,4368004.0
2026-02-15T06:00:00+00:00,1.5824,1.587,1.5713,1.5786,1531382.0
2026-02-15T07:00:00+00:00,1.578,1.6489,1.5749,1.6481,3919033.0
2026-02-15T08:00:00+00:00,1.6477,1.6686,1.6116,1.6157,11674865.0
2026-02-15T09:00:00+00:00,1.6155,1.622,1.588,1.5892,3978800.0
2026-02-15T10:00:00+00:00,1.5892,1.5956,1.5718,1.5843,3441893.0
2026-02-15T11:00:00+00:00,1.5843,1.594,1.5568,1.5614,1585194.0
2026-02-15T12:00:00+00:00,1.5615,1.5648,1.5196,1.5201,6722033.0
2026-02-15T13:00:00+00:00,1.5218,1.5395,1.5111,1.5186,4173899.0
2026-02-15T14:00:00+00:00,1.5183,1.5369,1.5144,1.5317,2836858.0
2026-02-15T15:00:00+00:00,1.5323,1.543,1.5204,1.5223,2267723.0
2026-02-15T16:00:00+00:00,1.5218,1.5224,1.5065,1.5218,3448319.0
2026-02-15T17:00:00+00:00,1.5212,1.5233,1.4807,1.4935,3847781.0
2026-02-15T18:00:00+00:00,1.4932,1.494,1.4641,1.4684,2766621.0
2026-02-15T19:00:00+00:00,1.4682,1.4688,1.447,1.4531,6497601.0
2026-02-15T20:00:00+00:00,1.4529,1.4667,1.4445,1.4609,3654432.0
2026-02-15T21:00:00+00:00,1.4611,1.4747,1.4605,1.4711,3052074.0
2026-02-15T22:00:00+00:00,1.4714,1.4886,1.4676,1.4847,1795094.0
2026-02-15T23:00:00+00:00,1.4844,1.485,1.4568,1.4742,1990083.0
2026-02-16T00:00:00+00:00,1.4744,1.4857,1.4701,1.4767,1610355.0
2026-02-16T01:00:00+00:00,1.4774,1.4812,1.4639,1.4732,1415222.0
2026-02-16T02:00:00+00:00,1.4732,1.4791,1.453,1.455,831448.0
2026-02-16T03:00:00+00:00,1.4552,1.4618,1.4525,1.4603,884283.0
2026-02-16T04:00:00+00:00,1.4602,1.4747,1.4588,1.473,1502471.0
2026-02-16T05:00:00+00:00,1.473,1.4744,1.4475,1.455,1157188.0
2026-02-16T06:00:00+00:00,1.4539,1.4674,1.4532,1.4642,594690.0
2026-02-16T07:00:00+00:00,1.4638,1.4699,1.4572,1.4602,1225552.0
2026-02-16T08:00:00+00:00,1.4609,1.4699,1.4604,1.4688,1166046.0
2026-02-16T09:00:00+00:00,1.469,1.5131,1.4683,1.5005,4067173.0
2026-02-16T10:00:00+00:00,1.5005,1.5014,1.4823,1.4889,1930122.0
2026-02-16T11:00:00+00:00,1.4891,1.4921,1.467,1.4837,1878427.0
2026-02-16T12:00:00+00:00,1.483,1.5066,1.4794,1.5036,3059062.0
2026-02-16T13:00:00+00:00,1.5041,1.5153,1.4803,1.4897,9369250.0
2026-02-16T14:00:00+00:00,1.4888,1.5078,1.484,1.494,5809825.0
2026-02-16T15:00:00+00:00,1.4943,1.5023,1.4607,1.4735,3879605.0
2026-02-16T16:00:00+00:00,1.4739,1.4937,1.4723,1.4864,3143198.0
2026-02-16T17:00:00+00:00,1.4862,1.492,1.4807,1.4826,2641265.0
2026-02-16T18:00:00+00:00,1.4829,1.4861,1.4699,1.4713,1835752.0
2026-02-16T19:00:00+00:00,1.4713,1.4811,1.4713,1.4746,1543091.0
2026-02-16T20:00:00+00:00,1.4743,1.4877,1.4676,1.4847,808919.0
2026-02-16T21:00:00+00:00,1.4836,1.4925,1.4801,1.4908,1169003.0
2026-02-16T22:00:00+00:00,1.4903,1.4925,1.4813,1.483,599731.0
2026-02-16T23:00:00+00:00,1.4833,1.4895,1.4815,1.4865,997117.0
2026-02-17T00:00:00+00:00,1.4864,1.4901,1.4814,1.4828,1063523.0
2026-02-17T01:00:00+00:00,1.4836,1.4906,1.4776,1.4781,1037758.0
2026-02-17T02:00:00+00:00,1.4778,1.4919,1.4725,1.4861,1252148.0
2026-02-17T03:00:00+00:00,1.4858,1.4887,1.4806,1.4815,2792463.0
2026-02-17T04:00:00+00:00,1.4821,1.4875,1.4731,1.4852,2116273.0
2026-02-17T05:00:00+00:00,1.4855,1.4865,1.4689,1.4744,1223818.0
2026-02-17T06:00:00+00:00,1.4749,1.4797,1.473,1.4777,379020.0
2026-02-17T07:00:00+00:00,1.4777,1.4777,1.4682,1.4716,517712.0
2026-02-17T08:00:00+00:00,1.4716,1.4761,1.4627,1.4665,393219.0
2026-02-17T09:00:00+00:00,1.4656,1.4662,1.4533,1.4603,2727595.0
2026-02-17T10:00:00+00:00,1.4601,1.4615,1.4506,1.4544,1971763.0
2026-02-17T11:00:00+00:00,1.4548,1.4588,1.4493,1.4517,1237172.0
2026-02-17T12:00:00+00:00,1.4518,1.4618,1.4513,1.456,523469.0
2026-02-17T13:00:00+00:00,1.4561,1.4625,1.4507,1.4572,635674.0
2026-02-17T14:00:00+00:00,1.4569,1.4616,1.4259,1.4344,3045759.0
2026-02-17T15:00:00+00:00,1.4343,1.458,1.4337,1.456,1695223.0
2026-02-17T16:00:00+00:00,1.4566,1.4938,1.4566,1.4762,3381830.0
2026-02-17T17:00:00+00:00,1.4761,1.4784,1.4564,1.464,1460311.0
2026-02-17T18:00:00+00:00,1.4645,1.4884,1.4631,1.4825,2055881.0
2026-02-17T19:00:00+00:00,1.4827,1.4879,1.4758,1.4846,1348960.0
2026-02-17T20:00:00+00:00,1.4848,1.4878,1.4745,1.4878,1536672.0
2026-02-17T21:00:00+00:00,1.4867,1.4921,1.4784,1.4827,2120343.0
2026-02-17T22:00:00+00:00,1.4827,1.4836,1.4716,1.4733,1240282.0
2026-02-17T23:00:00+00:00,1.4731,1.476,1.4698,1.4728,429544.0
2026-02-18T00:00:00+00:00,1.4735,1.4784,1.4679,1.469,344930.0
2026-02-18T01:00:00+00:00,1.469,1.4698,1.4629,1.466,795522.0
2026-02-18T02:00:00+00:00,1.466,1.4757,1.4658,1.4747,372353.0
2026-02-18T03:00:00+00:00,1.4744,1.4825,1.474,1.4787,873383.0
2026-02-18T04:00:00+00:00,1.4783,1.4841,1.4758,1.4796,718795.0
2026-02-18T05:00:00+00:00,1.4797,1.4863,1.4746,1.4746,662017.0
2026-02-18T06:00:00+00:00,1.4751,1.483,1.4748,1.4792,239878.0
2026-02-18T07:00:00+00:00,1.4794,1.4876,1.4761,1.4858,205930.0
2026-02-18T08:00:00+00:00,1.4861,1.493,1.4847,1.4888,392377.0
2026-02-18T09:00:00+00:00,1.4887,1.4918,1.4843,1.487,852043.0
2026-02-18T10:00:00+00:00,1.4872,1.4892,1.4757,1.4775,850603.0
2026-02-18T11:00:00+00:00,1.4774,1.4775,1.463,1.4659,1360346.0
2026-02-18T12:00:00+00:00,1.4662,1.4708,1.458,1.4635,1214421.0
2026-02-18T13:00:00+00:00,1.4645,1.4708,1.4602,1.4689,731955.0
2026-02-18T14:00:00+00:00,1.4682,1.4701,1.4515,1.4645,3525321.0
2026-02-18T15:00:00+00:00,1.4643,1.4881,1.4631,1.4757,1886007.0
2026-02-18T16:00:00+00:00,1.4761,1.4765,1.4565,1.459,1772672.0
2026-02-18T17:00:00+00:00,1.4588,1.47,1.4537,1.4555,730915.0
2026-02-18T18:00:00+00:00,1.4562,1.4578,1.4394,1.4406,2204172.0
2026-02-18T19:00:00+00:00,1.4401,1.4446,1.4157,1.4218,13176281.0
2026-02-18T20:00:00+00:00,1.4228,1.432,1.4186,1.421,2267249.0
2026-02-18T21:00:00+00:00,1.4216,1.4279,1.4149,1.4192,1678810.0
2026-02-18T22:00:00+00:00,1.4196,1.4236,1.4148,1.4196,1139825.0
2026-02-18T23:00:00+00:00,1.4197,1.4219,1.4097,1.421,1470523.0
2026-02-19T00:00:00+00:00,1.4211,1.4233,1.4139,1.416,507321.0
2026-02-19T01:00:00+00:00,1.4162,1.4259,1.4138,1.4259,1873897.0
2026-02-19T02:00:00+00:00,1.4261,1.429,1.419,1.4255,445853.0
2026-02-19T03:00:00+00:00,1.4254,1.429,1.4215,1.4277,227165.0
2026-02-19T04:00:00+00:00,1.4278,1.4294,1.4154,1.4168,245377.0
2026-02-19T05:00:00+00:00,1.4169,1.42,1.4043,1.4116,2156280.0
2026-02-19T06:00:00+00:00,1.4112,1.4272,1.4111,1.4272,3035463.0
2026-02-19T07:00:00+00:00,1.4274,1.4386,1.422,1.4321,7845564.0
2026-02-19T08:00:00+00:00,1.4318,1.4343,1.414,1.4153,1994366.0
2026-02-19T09:00:00+00:00,1.4161,1.4268,1.4136,1.4143,762351.0
2026-02-19T10:00:00+00:00,1.4146,1.4166,1.4073,1.4101,615483.0
2026-02-19T11:00:00+00:00,1.4101,1.4162,1.4061,1.4087,580572.0
2026-02-19T12:00:00+00:00,1.4088,1.4137,1.405,1.4073,1085176.0
2026-02-19T13:00:00+00:00,1.4073,1.4085,1.3865,1.392,3026738.0
2026-02-19T14:00:00+00:00,1.3918,1.4047,1.3897,1.4003,925083.0
2026-02-19T15:00:00+00:00,1.3997,1.4091,1.3859,1.3969,1117804.0
2026-02-19T16:00:00+00:00,1.3966,1.3978,1.3814,1.3922,4168088.0
2026-02-19T17:00:00+00:00,1.3916,1.4121,1.3902,1.3955,1186987.0
2026-02-19T18:00:00+00:00,1.395,1.4129,1.3937,1.4127,1167153.0
2026-02-19T19:00:00+00:00,1.4125,1.4177,1.4035,1.4114,2356189.0
2026-02-19T20:00:00+00:00,1.4114,1.4135,1.4037,1.4096,437415.0
2026-02-19T21:00:00+00:00,1.4112,1.4122,1.4066,1.4066,1083243.0
2026-02-19T22:00:00+00:00,1.4075,1.4096,1.3948,1.4005,1010024.0
2026-02-19T23:00:00+00:00,1.4005,1.409,1.3993,1.4061,312010.0
2026-02-20T00:00:00+00:00,1.4059,1.4206,1.4048,1.4158,2256198.0
2026-02-20T01:00:00+00:00,1.4158,1.4243,1.4149,1.4243,592034.0
2026-02-20T02:00:00+00:00,1.4243,1.4284,1.4166,1.4167,594479.0
2026-02-20T03:00:00+00:00,1.4167,1.4196,1.4108,1.4119,208291.0
2026-02-20T04:00:00+00:00,1.4125,1.4127,1.3996,1.4097,329135.0
2026-02-20T05:00:00+00:00,1.4101,1.4233,1.404,1.418,1316973.0
2026-02-20T06:00:00+00:00,1.418,1.4207,1.4125,1.4193,498154.0
2026-02-20T07:00:00+00:00,1.4201,1.4226,1.4153,1.4186,1110389.0
2026-02-20T08:00:00+00:00,1.4186,1.4219,1.4137,1.4177,451054.0
2026-02-20T09:00:00+00:00,1.4177,1.4277,1.4176,1.422,578040.0
2026-02-20T10:00:00+00:00,1.422,1.4267,1.4195,1.42,570528.0
2026-02-20T11:00:00+00:00,1.4199,1.4213,1.4026,1.4047,484230.0
2026-02-20T12:00:00+00:00,1.4049,1.4084,1.4026,1.4042,518888.0
2026-02-20T13:00:00+00:00,1.4042,1.4043,1.3769,1.3835,2107884.0
2026-02-20T14:00:00+00:00,1.3834,1.4064,1.3831,1.3986,1368001.0
2026-02-20T15:00:00+00:00,1.3987,1.4294,1.3987,1.4283,4041946.0
2026-02-20T16:00:00+00:00,1.4284,1.4376,1.4231,1.4322,3120788.0
2026-02-20T17:00:00+00:00,1.4321,1.4321,1.4073,1.4289,2636177.0
2026-02-20T18:00:00+00:00,1.4289,1.4382,1.4228,1.4321,3321039.0
2026-02-20T19:00:00+00:00,1.4322,1.4341,1.4204,1.4227,518429.0
2026-02-20T20:00:00+00:00,1.423,1.4289,1.4142,1.4184,2968293.0
2026-02-20T21:00:00+00:00,1.4194,1.4248,1.4171,1.4211,383193.0
2026-02-20T22:00:00+00:00,1.4212,1.429,1.4171,1.4289,461347.0
2026-02-20T23:00:00+00:00,1.429,1.431,1.4232,1.4288,558123.0
2026-02-21T00:00:00+00:00,1.4286,1.4289,1.4192,1.4219,816088.0
2026-02-21T01:00:00+00:00,1.4223,1.4319,1.4222,1.4296,797864.0
2026-02-21T02:00:00+00:00,1.4301,1.4327,1.428,1.4297,243222.0
2026-02-21T03:00:00+00:00,1.4301,1.4301,1.4229,1.4247,424174.0
2026-02-21T04:00:00+00:00,1.4252,1.4288,1.4239,1.4278,213366.0
2026-02-21T05:00:00+00:00,1.4277,1.4307,1.426,1.4272,326608.0
2026-02-21T06:00:00+00:00,1.4275,1.435,1.4273,1.4285,496356.0
2026-02-21T07:00:00+00:00,1.4288,1.4322,1.4271,1.4303,266090.0
2026-02-21T08:00:00+00:00,1.4304,1.4342,1.4269,1.4332,256096.0
2026-02-21T09:00:00+00:00,1.433,1.4452,1.4325,1.4388,628424.0
2026-02-21T10:00:00+00:00,1.4386,1.4417,1.4362,1.4389,306421.0
2026-02-21T11:00:00+00:00,1.4388,1.445,1.4384,1.4431,221908.0
2026-02-21T12:00:00+00:00,1.444,1.4449,1.4352,1.4395,538718.0
2026-02-21T13:00:00+00:00,1.4393,1.4473,1.4366,1.4469,239705.0
2026-02-21T14:00:00+00:00,1.4467,1.4631,1.444,1.4543,2424509.0
2026-02-21T15:00:00+00:00,1.4552,1.4562,1.446,1.4492,765255.0
2026-02-21T16:00:00+00:00,1.4492,1.4511,1.4377,1.4406,775705.0
2026-02-21T17:00:00+00:00,1.4407,1.4419,1.4357,1.4409,629701.0
2026-02-21T18:00:00+00:00,1.4411,1.4488,1.4411,1.447,171968.0
2026-02-21T19:00:00+00:00,1.4475,1.448,1.4417,1.4425,515187.0
2026-02-21T20:00:00+00:00,1.4427,1.4427,1.4346,1.4364,497731.0
2026-02-21T21:00:00+00:00,1.4366,1.4413,1.4352,1.4402,234933.0
2026-02-21T22:00:00+00:00,1.4398,1.4425,1.4312,1.4325,920106.0
2026-02-21T23:00:00+00:00,1.432,1.4345,1.4292,1.4297,664346.0
2026-02-22T00:00:00+00:00,1.4293,1.4329,1.4234,1.4278,566842.0
2026-02-22T01:00:00+00:00,1.4277,1.4321,1.4271,1.4318,324627.0
2026-02-22T02:00:00+00:00,1.4318,1.4319,1.4215,1.4231,334950.0
2026-02-22T03:00:00+00:00,1.423,1.4266,1.4176,1.4229,323244.0
2026-02-22T04:00:00+00:00,1.4228,1.4249,1.4208,1.4219,204905.0
2026-02-22T05:00:00+00:00,1.4218,1.4222,1.4166,1.4198,201891.0
2026-02-22T06:00:00+00:00,1.4198,1.4238,1.4175,1.4224,354070.0
2026-02-22T07:00:00+00:00,1.4225,1.4228,1.4184,1.4202,343218.0
