datetime,open,high,low,close,volume
2026-01-06T14:00:00+00:00,58.726,58.726,58.193,58.193,741.418
2026-01-06T15:00:00+00:00,58.151,58.416,57.794,58.16,5231.049
2026-01-06T16:00:00+00:00,58.136,58.222,57.962,57.962,1669.355
2026-01-06T17:00:00+00:00,57.932,57.95,57.623,57.626,873.657
2026-01-06T18:00:00+00:00,57.647,57.671,57.647,57.653,23.219
2026-01-06T19:00:00+00:00,57.654,57.654,57.02,57.022,563.976
2026-01-06T20:00:00+00:00,57.02,57.034,56.863,56.965,923.245
2026-01-06T21:00:00+00:00,56.946,57.02,56.89,56.984,52.148
2026-01-06T22:00:00+00:00,56.982,57.684,56.981,56.981,316.323
2026-01-06T23:00:00+00:00,56.982,57.07,56.744,56.744,612.013
2026-01-07T00:00:00+00:00,56.745,56.819,55.912,56.282,2331.382
2026-01-07T01:00:00+00:00,56.5,56.62,56.34,56.411,174.637
2026-01-07T02:00:00+00:00,56.406,56.427,56.303,56.427,288.102
2026-01-07T03:00:00+00:00,56.451,56.454,56.273,56.303,164.667
2026-01-07T04:00:00+00:00,56.322,56.374,56.248,56.269,47.587
2026-01-07T05:00:00+00:00,56.234,56.251,56.153,56.184,345.355
2026-01-07T06:00:00+00:00,56.35,56.399,56.23,56.23,86.754
2026-01-07T07:00:00+00:00,56.23,56.355,56.227,56.311,73.769
2026-01-07T08:00:00+00:00,56.304,56.57,56.279,56.523,70.216
2026-01-07T09:00:00+00:00,56.504,56.653,56.3,56.35,436.743
2026-01-07T10:00:00+00:00,56.347,56.827,56.305,56.827,87.231
2026-01-07T11:00:00+00:00,56.861,56.975,56.775,56.848,1196.559
2026-01-07T12:00:00+00:00,56.833,57.071,56.767,57.023,1214.611
2026-01-07T13:00:00+00:00,57.114,57.142,56.831,56.969,161.515
2026-01-07T14:00:00+00:00,56.952,57.039,56.407,56.45,372.527
2026-01-07T15:00:00+00:00,56.493,56.61,56.321,56.439,309.529
2026-01-07T16:00:00+00:00,56.423,56.524,56.215,56.215,589.021
2026-01-07T17:00:00+00:00,56.156,56.156,55.812,55.91,971.799
2026-01-07T18:00:00+00:00,55.897,55.954,55.897,55.954,983.474
2026-01-07T19:00:00+00:00,55.985,56.279,55.985,56.279,271.385
2026-01-07T20:00:00+00:00,56.213,56.28,56.213,56.28,32.045
2026-01-07T21:00:00+00:00,56.286,56.355,56.24,56.355,253.001
2026-01-07T22:00:00+00:00,56.344,57.512,55.814,57.512,1183.83
2026-01-07T23:00:00+00:00,57.231,57.512,56.187,56.35,1539.724
2026-01-08T00:00:00+00:00,56.328,56.328,56.328,56.328,0.887
2026-01-08T01:00:00+00:00,56.302,56.405,56.302,56.405,119.647
2026-01-08T02:00:00+00:00,56.448,56.448,56.168,56.168,1027.343
2026-01-08T03:00:00+00:00,56.175,56.212,56.11,56.181,594.127
2026-01-08T04:00:00+00:00,56.253,56.31,56.253,56.291,123.201
2026-01-08T05:00:00+00:00,56.291,56.291,56.291,56.291,0.0
2026-01-08T06:00:00+00:00,56.27,56.27,56.215,56.215,275.155
2026-01-08T07:00:00+00:00,56.24,56.24,56.2,56.2,88.336
2026-01-08T08:00:00+00:00,56.2,56.2,56.071,56.104,435.599
2026-01-08T09:00:00+00:00,56.15,56.501,56.15,56.446,5649.45
2026-01-08T10:00:00+00:00,56.434,56.681,56.405,56.681,527.514
2026-01-08T11:00:00+00:00,56.625,56.895,56.625,56.787,482.877
2026-01-08T12:00:00+00:00,56.865,56.906,56.836,56.906,101.394
2026-01-08T13:00:00+00:00,56.838,57.117,56.827,57.042,265.632
2026-01-08T14:00:00+00:00,57.077,57.197,56.916,56.956,1616.877
2026-01-08T15:00:00+00:00,56.96,57.016,56.81,56.884,141.205
2026-01-08T16:00:00+00:00,56.875,57.119,56.875,56.997,420.054
2026-01-08T17:00:00+00:00,57.078,57.338,57.078,57.338,615.024
2026-01-08T18:00:00+00:00,57.323,57.683,57.323,57.682,156.964
2026-01-08T19:00:00+00:00,57.688,58.262,57.599,58.249,3593.609
2026-01-08T20:00:00+00:00,58.249,58.669,58.249,58.616,649.818
2026-01-08T21:00:00+00:00,58.589,58.722,58.385,58.437,434.076
2026-01-08T22:00:00+00:00,58.436,58.437,56.797,57.772,1349.895
2026-01-08T23:00:00+00:00,57.774,58.435,57.774,58.297,913.489
2026-01-09T00:00:00+00:00,58.284,58.284,58.218,58.277,24.908
2026-01-09T01:00:00+00:00,58.195,58.195,57.98,58.115,384.166
2026-01-09T02:00:00+00:00,58.12,58.165,58.12,58.165,25.294
2026-01-09T03:00:00+00:00,58.069,58.08,58.069,58.08,11.105
2026-01-09T04:00:00+00:00,58.119,58.187,58.119,58.166,316.571
2026-01-09T05:00:00+00:00,58.127,58.255,58.119,58.186,281.498
2026-01-09T06:00:00+00:00,58.186,58.376,58.186,58.346,504.942
2026-01-09T07:00:00+00:00,58.365,58.58,58.326,58.373,1212.123
2026-01-09T08:00:00+00:00,58.364,58.487,58.216,58.426,2626.192
2026-01-09T09:00:00+00:00,58.426,58.48,57.79,57.91,1502.158
2026-01-09T10:00:00+00:00,57.91,58.42,57.91,58.38,1193.003
2026-01-09T11:00:00+00:00,58.42,58.62,58.13,58.532,1961.088
2026-01-09T12:00:00+00:00,58.532,58.532,58.417,58.428,907.266
2026-01-09T13:00:00+00:00,58.42,58.48,58.349,58.349,389.712
2026-01-09T14:00:00+00:00,58.415,59.47,58.415,59.349,2327.121
2026-01-09T15:00:00+00:00,59.322,59.615,59.067,59.615,3021.309
2026-01-09T16:00:00+00:00,59.589,59.905,59.353,59.763,2623.623
2026-01-09T17:00:00+00:00,59.763,59.791,59.296,59.43,401.985
2026-01-09T18:00:00+00:00,59.478,59.495,59.132,59.424,1878.681
2026-01-09T19:00:00+00:00,59.464,59.464,59.105,59.114,870.088
2026-01-09T20:00:00+00:00,59.089,59.089,59.0,59.0,2265.358
2026-01-09T21:00:00+00:00,58.943,58.983,58.762,58.98,5090.708
2026-01-09T22:00:00+00:00,58.992,59.558,58.501,58.501,183.569
2026-01-09T23:00:00+00:00,58.862,59.006,58.862,59.006,1.703
2026-01-10T00:00:00+00:00,59.006,59.006,59.006,59.006,0.0
2026-01-10T01:00:00+00:00,58.911,58.911,58.911,58.911,1.782
2026-01-10T02:00:00+00:00,58.91,58.91,58.91,58.91,1.015
2026-01-10T03:00:00+00:00,58.911,58.911,58.911,58.911,0.2
2026-01-10T04:00:00+00:00,58.91,58.91,58.84,58.84,4.019
2026-01-10T05:00:00+00:00,58.84,58.911,58.8,58.8,2.063
2026-01-10T06:00:00+00:00,58.8,58.854,58.744,58.774,53.941
2026-01-10T07:00:00+00:00,58.818,59.215,58.766,58.766,22.3
2026-01-10T08:00:00+00:00,58.799,58.8,58.744,58.744,72.821
2026-01-10T09:00:00+00:00,58.886,59.166,58.886,58.897,58.442
2026-01-10T10:00:00+00:00,58.897,58.897,58.897,58.897,0.0
2026-01-10T11:00:00+00:00,58.894,59.175,58.894,58.968,5.685
2026-01-10T12:00:00+00:00,58.968,58.968,58.968,58.968,0.0
2026-01-10T13:00:00+00:00,58.931,59.006,58.763,58.862,8.676
2026-01-10T14:00:00+00:00,59.006,59.083,58.792,58.853,7.963
2026-01-10T15:00:00+00:00,58.853,58.854,58.756,58.756,10.505
2026-01-10T16:00:00+00:00,58.871,59.001,58.744,59.001,27.294
2026-01-10T17:00:00+00:00,59.001,59.001,59.001,59.001,0.0
2026-01-10T18:00:00+00:00,58.955,58.955,58.812,58.812,2.715
2026-01-10T19:00:00+00:00,58.851,58.851,58.747,58.849,36.359
2026-01-10T20:00:00+00:00,58.849,59.938,58.744,59.049,1394.16
2026-01-10T21:00:00+00:00,58.804,59.049,58.744,59.049,808.292
2026-01-10T22:00:00+00:00,59.049,59.049,59.049,59.049,0.0
2026-01-10T23:00:00+00:00,58.933,59.418,58.745,58.81,2003.607
2026-01-11T00:00:00+00:00,58.951,59.39,58.877,59.012,767.446
2026-01-11T01:00:00+00:00,59.012,59.012,59.012,59.012,0.0
2026-01-11T02:00:00+00:00,59.227,59.578,59.031,59.031,36.362
2026-01-11T03:00:00+00:00,59.134,59.547,59.134,59.315,39.228
2026-01-11T04:00:00+00:00,59.241,59.552,59.029,59.324,16.187
2026-01-11T05:00:00+00:00,59.324,59.324,59.324,59.324,0.0
2026-01-11T06:00:00+00:00,59.216,59.4,58.775,59.368,69.49
2026-01-11T07:00:00+00:00,59.399,59.576,59.397,59.576,30.832
2026-01-11T08:00:00+00:00,59.487,59.62,58.803,59.439,391.943
2026-01-11T09:00:00+00:00,59.632,59.78,59.071,59.534,156.963
2026-01-11T10:00:00+00:00,59.45,59.598,59.06,59.598,65.536
2026-01-11T11:00:00+00:00,59.364,59.66,59.1,59.656,67.889
2026-01-11T12:00:00+00:00,59.533,59.656,59.101,59.656,37.562
2026-01-11T13:00:00+00:00,59.607,59.777,59.15,59.15,306.388
2026-01-11T14:00:00+00:00,59.245,59.571,59.181,59.571,35.419
2026-01-11T15:00:00+00:00,59.306,59.591,59.153,59.174,30.413
2026-01-11T16:00:00+00:00,59.278,59.777,59.039,59.503,538.11
2026-01-11T17:00:00+00:00,59.43,60.045,58.945,59.986,921.834
2026-01-11T18:00:00+00:00,59.986,60.731,59.799,60.406,2015.617
2026-01-11T19:00:00+00:00,60.242,60.315,58.917,59.685,747.491
2026-01-11T20:00:00+00:00,59.685,59.806,59.683,59.687,87.413
2026-01-11T21:00:00+00:00,59.619,59.619,59.155,59.6,345.652
2026-01-11T22:00:00+00:00,59.62,59.91,59.62,59.747,65.994
2026-01-11T23:00:00+00:00,59.673,59.673,58.833,59.52,4403.221
2026-01-12T00:00:00+00:00,59.514,59.549,59.245,59.245,692.999
2026-01-12T01:00:00+00:00,59.243,59.243,58.58,58.66,2164.684
2026-01-12T02:00:00+00:00,58.762,59.062,58.762,59.062,1791.548
2026-01-12T03:00:00+00:00,59.064,59.156,59.064,59.156,1227.105
2026-01-12T04:00:00+00:00,59.185,59.22,59.109,59.109,392.641
2026-01-12T05:00:00+00:00,59.11,59.12,59.1,59.1,432.949
2026-01-12T06:00:00+00:00,59.184,59.245,59.1,59.245,175.622
2026-01-12T07:00:00+00:00,59.16,59.16,58.901,58.901,814.74
2026-01-12T08:00:00+00:00,58.9,58.931,58.63,58.82,418.51
2026-01-12T09:00:00+00:00,58.815,58.916,58.69,58.735,201.383
2026-01-12T10:00:00+00:00,58.758,58.758,58.59,58.65,1176.464
2026-01-12T11:00:00+00:00,58.696,58.696,58.38,58.555,675.92
2026-01-12T12:00:00+00:00,58.55,58.958,58.509,58.851,4276.114
2026-01-12T13:00:00+00:00,58.958,58.958,58.703,58.703,177.362
2026-01-12T14:00:00+00:00,58.64,58.913,58.542,58.753,1958.695
2026-01-12T15:00:00+00:00,58.773,59.09,58.724,59.09,1223.507
2026-01-12T16:00:00+00:00,58.98,59.201,58.98,58.997,419.143
2026-01-12T17:00:00+00:00,58.92,59.063,58.92,59.063,121.783
2026-01-12T18:00:00+00:00,59.047,59.047,58.893,58.951,2105.753
2026-01-12T19:00:00+00:00,59.014,59.66,59.014,59.32,3114.407
2026-01-12T20:00:00+00:00,59.334,59.456,59.177,59.45,524.977
2026-01-12T21:00:00+00:00,59.425,59.714,59.34,59.671,1426.62
2026-01-12T22:00:00+00:00,59.665,59.855,59.517,59.593,868.954
2026-01-12T23:00:00+00:00,59.73,59.749,59.599,59.672,1009.768
2026-01-13T00:00:00+00:00,59.638,59.65,59.59,59.59,53.12
2026-01-13T01:00:00+00:00,59.59,59.805,59.59,59.69,296.822
2026-01-13T02:00:00+00:00,59.618,59.679,59.424,59.631,785.198
2026-01-13T03:00:00+00:00,59.511,59.562,59.491,59.562,258.751
2026-01-13T04:00:00+00:00,59.613,59.79,59.613,59.771,729.33
2026-01-13T05:00:00+00:00,59.777,59.852,59.628,59.762,1423.822
2026-01-13T06:00:00+00:00,59.759,59.92,59.727,59.891,855.582
2026-01-13T07:00:00+00:00,59.827,59.974,59.7,59.7,969.374
2026-01-13T08:00:00+00:00,59.7,60.1,59.631,60.1,155.837
2026-01-13T09:00:00+00:00,60.095,60.61,60.08,60.271,782.295
2026-01-13T10:00:00+00:00,60.473,60.52,60.07,60.169,41.192
2026-01-13T11:00:00+00:00,60.127,60.533,60.126,60.52,223.767
2026-01-13T12:00:00+00:00,60.523,60.523,60.38,60.5,15.908
2026-01-13T13:00:00+00:00,60.531,60.57,60.162,60.233,525.961
2026-01-13T14:00:00+00:00,60.233,61.192,60.233,60.805,3569.161
2026-01-13T15:00:00+00:00,60.932,61.17,60.78,61.089,7774.516
2026-01-13T16:00:00+00:00,61.117,61.21,60.953,61.092,1540.611
2026-01-13T17:00:00+00:00,61.105,61.105,60.644,60.645,1991.267
2026-01-13T18:00:00+00:00,60.63,61.152,60.63,61.09,142.196
2026-01-13T19:00:00+00:00,61.094,61.096,60.253,60.983,2378.672
2026-01-13T20:00:00+00:00,60.887,60.902,60.779,60.867,1952.048
2026-01-13T21:00:00+00:00,60.828,60.904,60.828,60.878,301.888
2026-01-13T22:00:00+00:00,60.814,60.924,60.645,60.922,184.316
2026-01-13T23:00:00+00:00,60.887,60.969,60.85,60.91,429.456
2026-01-14T00:00:00+00:00,60.928,60.929,60.928,60.929,8.211
2026-01-14T01:00:00+00:00,60.81,60.864,60.72,60.864,30.18
2026-01-14T02:00:00+00:00,60.864,60.864,60.864,60.864,0.0
2026-01-14T03:00:00+00:00,60.7,60.79,60.7,60.79,34.423
2026-01-14T04:00:00+00:00,60.79,60.84,60.768,60.807,80.313
2026-01-14T05:00:00+00:00,60.807,60.807,60.67,60.752,203.526
2026-01-14T06:00:00+00:00,60.67,60.832,60.574,60.603,333.866
2026-01-14T07:00:00+00:00,60.64,60.68,60.49,60.61,154.191
2026-01-14T08:00:00+00:00,60.6,60.68,60.32,60.541,304.734
2026-01-14T09:00:00+00:00,60.549,60.918,60.248,60.917,1184.679
2026-01-14T10:00:00+00:00,60.891,61.9,60.891,61.9,744.792
2026-01-14T11:00:00+00:00,61.903,61.99,61.58,61.75,1786.628
2026-01-14T12:00:00+00:00,61.799,61.799,61.3,61.778,433.382
2026-01-14T13:00:00+00:00,61.793,62.0,61.476,61.582,675.984
2026-01-14T14:00:00+00:00,61.603,61.75,61.47,61.624,358.66
2026-01-14T15:00:00+00:00,61.604,61.67,61.089,61.57,1304.03
2026-01-14T16:00:00+00:00,61.58,61.902,61.338,61.612,1621.397
2026-01-14T17:00:00+00:00,61.62,61.89,61.51,61.786,332.343
2026-01-14T18:00:00+00:00,61.738,61.845,61.638,61.845,3811.515
2026-01-14T19:00:00+00:00,61.718,62.459,61.718,62.333,2133.939
2026-01-14T20:00:00+00:00,62.3,62.3,59.26,60.132,12074.285
2026-01-14T21:00:00+00:00,60.124,61.772,59.97,60.95,2325.691
2026-01-14T22:00:00+00:00,60.982,61.379,60.93,61.342,970.668
2026-01-14T23:00:00+00:00,61.27,61.27,60.489,60.706,3391.564
2026-01-15T00:00:00+00:00,60.713,60.847,60.713,60.847,83.079
2026-01-15T01:00:00+00:00,60.841,60.841,60.056,60.18,987.249
2026-01-15T02:00:00+00:00,60.254,60.276,60.03,60.1,25.297
2026-01-15T03:00:00+00:00,60.02,60.154,59.81,59.97,626.947
2026-01-15T04:00:00+00:00,59.903,59.989,59.89,59.989,333.947
2026-01-15T05:00:00+00:00,59.948,59.948,59.832,59.832,0.867
2026-01-15T06:00:00+00:00,59.896,60.182,59.896,60.168,1455.515
2026-01-15T07:00:00+00:00,60.061,60.061,59.78,59.89,258.322
2026-01-15T08:00:00+00:00,59.901,60.152,59.834,59.991,1681.973
2026-01-15T09:00:00+00:00,60.073,60.17,59.209,59.274,2202.148
2026-01-15T10:00:00+00:00,59.233,59.617,59.023,59.537,1873.498
2026-01-15T11:00:00+00:00,59.528,59.901,59.528,59.788,402.795
2026-01-15T12:00:00+00:00,59.849,59.942,59.224,59.259,810.634
2026-01-15T13:00:00+00:00,59.266,59.35,59.044,59.21,838.237
2026-01-15T14:00:00+00:00,59.23,59.395,58.811,59.134,5217.676
2026-01-15T15:00:00+00:00,59.208,59.208,58.929,59.189,225.716
2026-01-15T16:00:00+00:00,59.21,59.33,58.92,58.963,1954.925
2026-01-15T17:00:00+00:00,58.949,59.029,58.872,59.029,350.898
2026-01-15T18:00:00+00:00,59.053,59.429,58.969,59.149,3003.958
2026-01-15T19:00:00+00:00,59.15,59.209,58.907,58.933,2440.618
2026-01-15T20:00:00+00:00,58.929,58.995,58.792,58.855,1632.924
2026-01-15T21:00:00+00:00,58.961,59.253,58.961,59.253,875.516
2026-01-15T22:00:00+00:00,59.266,59.47,59.266,59.47,70.444
2026-01-15T23:00:00+00:00,59.328,59.328,59.018,59.165,133.078
2026-01-16T00:00:00+00:00,59.16,59.242,59.14,59.14,118.033
2026-01-16T01:00:00+00:00,59.121,59.261,59.121,59.258,305.872
2026-01-16T02:00:00+00:00,59.175,59.175,59.024,59.024,1.014
2026-01-16T03:00:00+00:00,59.024,59.024,59.024,59.024,0.0
2026-01-16T04:00:00+00:00,58.994,58.994,58.97,58.97,10.148
2026-01-16T05:00:00+00:00,59.058,59.08,58.993,58.993,100.339
2026-01-16T06:00:00+00:00,58.969,59.025,58.87,59.025,153.205
2026-01-16T07:00:00+00:00,59.101,59.374,59.101,59.268,21.949
2026-01-16T08:00:00+00:00,59.193,59.552,59.118,59.525,58.373
2026-01-16T09:00:00+00:00,59.553,59.801,59.553,59.645,566.174
2026-01-16T10:00:00+00:00,59.719,59.87,59.661,59.87,546.334
2026-01-16T11:00:00+00:00,59.801,59.87,59.801,59.87,139.67
2026-01-16T12:00:00+00:00,59.865,60.088,59.745,59.745,581.997
2026-01-16T13:00:00+00:00,59.738,59.876,59.69,59.876,240.935
2026-01-16T14:00:00+00:00,59.933,59.99,59.5,59.53,816.986
2026-01-16T15:00:00+00:00,59.527,59.741,59.44,59.68,2847.158
2026-01-16T16:00:00+00:00,59.612,59.911,59.611,59.736,2098.922
2026-01-16T17:00:00+00:00,59.803,59.889,59.572,59.745,517.084
2026-01-16T18:00:00+00:00,59.783,59.972,59.62,59.708,808.0
2026-01-16T19:00:00+00:00,59.771,59.771,59.301,59.39,858.559
2026-01-16T20:00:00+00:00,59.43,59.529,59.375,59.375,2356.763
2026-01-16T21:00:00+00:00,59.354,59.362,59.297,59.297,559.081
2026-01-16T22:00:00+00:00,59.26,59.262,59.196,59.262,33.97
2026-01-16T23:00:00+00:00,59.262,60.742,59.262,59.643,1710.227
2026-01-17T00:00:00+00:00,59.654,59.989,58.959,59.407,760.535
2026-01-17T01:00:00+00:00,59.407,59.407,59.407,59.407,0.0
2026-01-17T02:00:00+00:00,59.407,59.999,59.137,59.999,225.898
2026-01-17T03:00:00+00:00,59.913,60.0,58.975,60.0,1517.253
2026-01-17T04:00:00+00:00,59.75,59.753,59.601,59.745,45.352
2026-01-17T05:00:00+00:00,59.62,59.64,59.052,59.053,666.518
2026-01-17T06:00:00+00:00,59.039,59.314,58.93,59.258,56.8
2026-01-17T07:00:00+00:00,59.344,59.344,59.07,59.07,12.125
2026-01-17T08:00:00+00:00,59.21,59.354,59.21,59.354,0.37
2026-01-17T09:00:00+00:00,59.354,59.354,59.354,59.354,0.0
2026-01-17T10:00:00+00:00,59.211,59.26,59.08,59.26,19.167
2026-01-17T11:00:00+00:00,59.26,59.26,59.26,59.26,0.0
2026-01-17T12:00:00+00:00,59.14,59.14,59.08,59.08,1.146
2026-01-17T13:00:00+00:00,59.189,59.428,59.08,59.428,35.342
2026-01-17T14:00:00+00:00,59.279,59.61,59.08,59.08,277.985
2026-01-17T15:00:00+00:00,59.327,59.832,59.327,59.832,168.76
2026-01-17T16:00:00+00:00,59.269,59.269,59.269,59.269,2.995
2026-01-17T17:00:00+00:00,59.278,59.576,59.22,59.22,15.879
2026-01-17T18:00:00+00:00,59.307,59.672,59.189,59.189,53.209
2026-01-17T19:00:00+00:00,59.306,59.306,59.306,59.306,0.71
2026-01-17T20:00:00+00:00,59.373,59.373,59.272,59.315,13.437
2026-01-17T21:00:00+00:00,59.273,59.89,59.152,59.89,118.552
2026-01-17T22:00:00+00:00,59.306,59.596,59.153,59.328,50.755
2026-01-17T23:00:00+00:00,59.185,59.578,59.137,59.578,33.754
2026-01-18T00:00:00+00:00,59.578,59.578,59.578,59.578,0.0
2026-01-18T01:00:00+00:00,59.417,59.551,59.417,59.551,16.85
2026-01-18T02:00:00+00:00,59.49,59.715,59.49,59.715,67.319
2026-01-18T03:00:00+00:00,59.715,59.715,59.715,59.715,0.0
2026-01-18T04:00:00+00:00,59.715,59.715,59.715,59.715,0.0
2026-01-18T05:00:00+00:00,59.715,59.715,59.715,59.715,0.0
2026-01-18T06:00:00+00:00,59.643,59.643,59.498,59.498,0.39
2026-01-18T07:00:00+00:00,59.521,59.7,59.485,59.7,67.689
2026-01-18T08:00:00+00:00,59.672,59.812,59.521,59.811,30.942
2026-01-18T09:00:00+00:00,59.549,59.549,59.549,59.549,0.536
2026-01-18T10:00:00+00:00,59.549,59.549,59.536,59.536,21.782
2026-01-18T11:00:00+00:00,59.544,59.549,59.544,59.549,0.376
2026-01-18T12:00:00+00:00,59.549,59.549,59.537,59.549,85.096
2026-01-18T13:00:00+00:00,59.549,59.78,59.549,59.78,5.523
2026-01-18T14:00:00+00:00,59.78,59.78,59.78,59.78,0.0
2026-01-18T15:00:00+00:00,59.721,59.779,59.485,59.485,41.232
2026-01-18T16:00:00+00:00,59.646,59.9,59.485,59.485,123.04
2026-01-18T17:00:00+00:00,59.653,60.2,59.653,59.915,45.03
2026-01-18T18:00:00+00:00,59.806,60.2,59.27,59.689,819.786
2026-01-18T19:00:00+00:00,59.683,59.688,59.292,59.57,49.631
2026-01-18T20:00:00+00:00,59.492,59.708,59.11,59.11,477.287
2026-01-18T21:00:00+00:00,59.112,59.446,59.08,59.378,89.75
2026-01-18T22:00:00+00:00,59.373,59.927,59.1,59.927,83.994
2026-01-18T23:00:00+00:00,59.452,59.452,58.741,59.089,1572.796
2026-01-19T00:00:00+00:00,59.049,59.379,58.98,59.309,431.013
2026-01-19T01:00:00+00:00,59.309,59.445,59.19,59.445,285.582
2026-01-19T02:00:00+00:00,59.449,59.449,59.449,59.449,1.519
2026-01-19T03:00:00+00:00,59.4,59.487,59.4,59.487,217.995
2026-01-19T04:00:00+00:00,59.456,59.499,59.456,59.482,58.786
2026-01-19T05:00:00+00:00,59.438,59.438,59.241,59.265,57.212
2026-01-19T06:00:00+00:00,59.246,59.246,59.043,59.043,135.108
2026-01-19T07:00:00+00:00,59.019,59.251,58.97,58.998,3115.051
2026-01-19T08:00:00+00:00,59.074,59.14,58.681,58.928,419.697
2026-01-19T09:00:00+00:00,58.987,58.987,58.583,58.698,167.113
2026-01-19T10:00:00+00:00,58.656,59.079,58.656,58.954,3587.292
2026-01-19T11:00:00+00:00,58.911,59.109,58.88,59.084,38.916
2026-01-19T12:00:00+00:00,59.013,59.051,58.939,58.98,15.046
2026-01-19T13:00:00+00:00,59.052,59.1,59.013,59.1,80.307
2026-01-19T14:00:00+00:00,59.059,59.273,59.01,59.268,176.031
2026-01-19T15:00:00+00:00,59.346,59.417,59.279,59.378,33.146
2026-01-19T16:00:00+00:00,59.386,59.503,59.365,59.406,902.231
2026-01-19T17:00:00+00:00,59.5,59.525,57.5,59.27,3501.878
2026-01-19T18:00:00+00:00,59.27,59.411,59.269,59.411,328.024
2026-01-19T19:00:00+00:00,59.41,59.45,59.41,59.45,8.415
2026-01-19T20:00:00+00:00,59.47,59.473,59.39,59.39,35.508
2026-01-19T21:00:00+00:00,59.39,59.473,59.39,59.438,22.031
2026-01-19T22:00:00+00:00,59.47,59.9,59.428,59.9,1251.685
2026-01-19T23:00:00+00:00,59.795,59.795,59.34,59.391,2120.96
2026-01-20T00:00:00+00:00,59.419,59.584,59.419,59.51,136.324
2026-01-20T01:00:00+00:00,59.48,59.48,59.341,59.35,35.607
2026-01-20T02:00:00+00:00,59.31,59.33,59.28,59.33,17.39
2026-01-20T03:00:00+00:00,59.34,59.4,59.34,59.4,3.767
2026-01-20T04:00:00+00:00,59.427,59.52,59.427,59.433,28.463
2026-01-20T05:00:00+00:00,59.37,59.38,59.339,59.339,51.138
2026-01-20T06:00:00+00:00,59.43,59.431,59.235,59.36,2.531
2026-01-20T07:00:00+00:00,59.439,59.55,59.001,59.06,127.129
2026-01-20T08:00:00+00:00,59.03,59.03,58.797,58.99,8.255
2026-01-20T09:00:00+00:00,59.058,59.539,59.058,59.488,381.358
2026-01-20T10:00:00+00:00,59.49,59.684,59.427,59.64,983.001
2026-01-20T11:00:00+00:00,59.62,59.639,59.457,59.639,336.939
2026-01-20T12:00:00+00:00,59.719,59.977,59.719,59.89,624.34
2026-01-20T13:00:00+00:00,59.85,59.88,59.57,59.57,168.797
2026-01-20T14:00:00+00:00,59.59,60.476,59.582,60.376,2344.299
2026-01-20T15:00:00+00:00,60.41,60.5,60.036,60.07,2736.576
2026-01-20T16:00:00+00:00,60.077,60.391,60.07,60.32,1259.514
2026-01-20T17:00:00+00:00,60.409,60.443,60.327,60.443,2620.35
2026-01-20T18:00:00+00:00,60.436,60.5,60.254,60.27,643.801
2026-01-20T19:00:00+00:00,60.26,60.38,59.969,59.99,203.779
2026-01-20T20:00:00+00:00,59.995,59.995,59.392,59.45,1057.979
2026-01-20T21:00:00+00:00,59.497,59.59,59.497,59.52,63.886
2026-01-20T22:00:00+00:00,59.49,59.58,59.49,59.53,183.947
2026-01-20T23:00:00+00:00,59.62,59.81,59.527,59.657,1397.157
2026-01-21T00:00:00+00:00,59.63,59.688,59.54,59.688,490.723
2026-01-21T01:00:00+00:00,59.69,59.768,59.54,59.768,389.53
2026-01-21T02:00:00+00:00,59.779,59.844,59.721,59.77,272.303
2026-01-21T03:00:00+00:00,59.77,59.878,59.77,59.79,337.988
2026-01-21T04:00:00+00:00,59.78,59.843,59.768,59.768,37.323
2026-01-21T05:00:00+00:00,59.78,59.903,59.776,59.89,135.848
2026-01-21T06:00:00+00:00,59.88,59.96,59.74,59.84,237.019
2026-01-21T07:00:00+00:00,59.86,59.86,59.534,59.68,495.42
2026-01-21T08:00:00+00:00,59.58,59.711,59.33,59.38,849.307
2026-01-21T09:00:00+00:00,59.379,59.867,59.24,59.867,11194.151
2026-01-21T10:00:00+00:00,59.896,60.031,59.77,59.94,749.787
2026-01-21T11:00:00+00:00,59.98,60.584,59.98,60.34,1886.089
2026-01-21T12:00:00+00:00,60.42,60.58,60.418,60.507,90.669
2026-01-21T13:00:00+00:00,60.53,60.859,60.365,60.397,1539.528
2026-01-21T14:00:00+00:00,60.385,60.484,60.189,60.408,1332.241
2026-01-21T15:00:00+00:00,60.38,60.5,60.127,60.5,715.902
2026-01-21T16:00:00+00:00,60.51,60.646,60.36,60.485,359.872
2026-01-21T17:00:00+00:00,60.55,60.55,60.356,60.47,460.411
2026-01-21T18:00:00+00:00,60.503,60.8,60.503,60.75,803.693
2026-01-21T19:00:00+00:00,60.69,60.69,60.44,60.627,6564.327
2026-01-21T20:00:00+00:00,60.65,60.72,60.548,60.708,1074.17
2026-01-21T21:00:00+00:00,60.697,60.73,60.676,60.73,56.392
2026-01-21T22:00:00+00:00,60.719,60.719,60.719,60.719,8.668
2026-01-21T23:00:00+00:00,60.72,60.72,60.494,60.494,1860.426
2026-01-22T00:00:00+00:00,60.519,60.543,60.46,60.543,1230.398
2026-01-22T01:00:00+00:00,60.53,60.767,60.5,60.714,2318.094
2026-01-22T02:00:00+00:00,60.7,60.756,60.64,60.754,733.467
2026-01-22T03:00:00+00:00,60.755,60.816,60.726,60.776,55.606
2026-01-22T04:00:00+00:00,60.776,60.786,60.773,60.773,103.666
2026-01-22T05:00:00+00:00,60.78,60.78,60.697,60.759,52.216
2026-01-22T06:00:00+00:00,60.641,60.68,60.554,60.61,184.002
2026-01-22T07:00:00+00:00,60.636,60.636,60.398,60.435,83.742
2026-01-22T08:00:00+00:00,60.485,60.586,60.327,60.327,295.541
2026-01-22T09:00:00+00:00,60.308,60.308,60.02,60.09,411.987
2026-01-22T10:00:00+00:00,60.056,60.136,59.818,59.849,1530.572
2026-01-22T11:00:00+00:00,59.89,59.94,59.519,59.751,2159.162
2026-01-22T12:00:00+00:00,59.779,59.779,59.499,59.499,518.103
2026-01-22T13:00:00+00:00,59.49,59.768,59.368,59.708,494.6
2026-01-22T14:00:00+00:00,59.717,59.984,59.45,59.809,3969.546
2026-01-22T15:00:00+00:00,59.798,59.83,59.502,59.736,1934.712
2026-01-22T16:00:00+00:00,59.81,59.917,59.411,59.47,763.643
2026-01-22T17:00:00+00:00,59.45,59.52,58.978,59.16,3180.98
2026-01-22T18:00:00+00:00,59.186,59.29,59.06,59.256,1687.33
2026-01-22T19:00:00+00:00,59.256,59.412,59.21,59.329,3618.331
2026-01-22T20:00:00+00:00,59.355,59.487,59.35,59.411,284.82
2026-01-22T21:00:00+00:00,59.455,59.645,59.438,59.645,434.711
2026-01-22T22:00:00+00:00,59.661,59.661,59.559,59.661,61.946
2026-01-22T23:00:00+00:00,59.661,59.74,59.59,59.592,3625.998
2026-01-23T00:00:00+00:00,59.61,59.694,59.6,59.694,3394.84
2026-01-23T01:00:00+00:00,59.74,59.789,59.672,59.789,370.747
2026-01-23T02:00:00+00:00,59.78,59.89,59.73,59.871,43.296
2026-01-23T03:00:00+00:00,59.869,59.93,59.851,59.93,98.515
2026-01-23T04:00:00+00:00,59.9,59.9,59.889,59.889,9.949
2026-01-23T05:00:00+00:00,59.905,59.914,59.792,59.914,222.1
2026-01-23T06:00:00+00:00,59.833,60.006,59.833,60.006,81.468
2026-01-23T07:00:00+00:00,59.976,59.976,59.67,59.759,108.157
2026-01-23T08:00:00+00:00,59.728,60.031,59.69,59.895,13194.992
2026-01-23T09:00:00+00:00,59.951,60.054,59.86,59.89,11855.425
2026-01-23T10:00:00+00:00,59.89,60.268,59.89,60.241,5168.851
2026-01-23T11:00:00+00:00,60.239,60.421,60.223,60.283,443.128
2026-01-23T12:00:00+00:00,60.37,60.508,60.334,60.46,3145.768
2026-01-23T13:00:00+00:00,60.45,60.922,60.325,60.922,239.746
2026-01-23T14:00:00+00:00,60.975,61.243,60.871,61.151,7071.675
2026-01-23T15:00:00+00:00,61.152,61.152,60.792,60.81,2819.191
2026-01-23T16:00:00+00:00,60.771,61.17,60.734,61.123,1496.64
2026-01-23T17:00:00+00:00,61.09,61.222,60.824,61.173,1458.058
2026-01-23T18:00:00+00:00,61.18,61.251,60.985,61.077,2739.349
2026-01-23T19:00:00+00:00,61.108,61.256,60.996,61.063,1870.017
2026-01-23T20:00:00+00:00,61.094,61.217,61.08,61.128,1732.031
2026-01-23T21:00:00+00:00,61.22,61.367,61.209,61.31,2596.687
2026-01-23T22:00:00+00:00,61.308,61.52,61.308,61.52,1079.619
2026-01-23T23:00:00+00:00,61.494,61.495,61.38,61.38,108.225
2026-01-24T00:00:00+00:00,61.437,61.495,61.433,61.495,98.872
2026-01-24T01:00:00+00:00,61.516,61.574,61.47,61.47,345.608
2026-01-24T02:00:00+00:00,61.577,61.68,61.461,61.678,143.472
2026-01-24T03:00:00+00:00,61.706,61.74,61.562,61.661,933.571
2026-01-24T04:00:00+00:00,61.665,61.71,61.665,61.71,18.787
2026-01-24T05:00:00+00:00,61.71,61.74,61.701,61.74,56.702
2026-01-24T06:00:00+00:00,61.74,61.74,61.601,61.74,176.641
2026-01-24T07:00:00+00:00,61.611,61.732,61.599,61.63,42.537
2026-01-24T08:00:00+00:00,61.777,61.83,61.68,61.77,73.265
2026-01-24T09:00:00+00:00,61.77,61.87,61.77,61.87,781.238
2026-01-24T10:00:00+00:00,61.83,61.899,61.83,61.899,76.219
2026-01-24T11:00:00+00:00,61.819,61.948,61.818,61.948,49.079
2026-01-24T12:00:00+00:00,61.862,61.862,61.86,61.86,1.671
2026-01-24T13:00:00+00:00,61.948,61.948,61.948,61.948,1.747
2026-01-24T14:00:00+00:00,61.948,62.045,61.948,62.045,69.347
2026-01-24T15:00:00+00:00,62.044,62.094,61.99,62.094,112.497
2026-01-24T16:00:00+00:00,61.99,62.07,61.983,62.07,706.12
2026-01-24T17:00:00+00:00,61.994,62.08,61.927,62.08,95.682
2026-01-24T18:00:00+00:00,62.08,62.08,62.001,62.08,64.321
2026-01-24T19:00:00+00:00,62.08,62.583,61.861,62.4,8886.575
2026-01-24T20:00:00+00:00,62.331,62.536,62.3,62.39,1641.353
2026-01-24T21:00:00+00:00,62.391,62.528,62.39,62.4,49.308
2026-01-24T22:00:00+00:00,62.472,62.473,62.424,62.44,974.873
2026-01-24T23:00:00+00:00,62.473,62.473,62.473,62.473,29.059
2026-01-25T00:00:00+00:00,62.473,62.49,62.28,62.49,2071.114
2026-01-25T01:00:00+00:00,62.5,62.51,62.414,62.414,104.179
2026-01-25T02:00:00+00:00,62.462,62.462,62.462,62.462,1.038
2026-01-25T03:00:00+00:00,62.41,62.51,62.41,62.51,463.798
2026-01-25T04:00:00+00:00,62.41,62.51,58.277,61.79,14204.973
2026-01-25T05:00:00+00:00,61.882,62.014,61.759,61.921,2195.692
2026-01-25T06:00:00+00:00,61.921,61.921,61.811,61.812,52.427
2026-01-25T07:00:00+00:00,61.811,62.398,61.711,62.13,4294.93
2026-01-25T08:00:00+00:00,62.081,62.21,62.053,62.093,1124.717
2026-01-25T09:00:00+00:00,62.239,62.239,60.837,62.02,3973.291
2026-01-25T10:00:00+00:00,62.02,62.1,62.02,62.02,110.996
2026-01-25T11:00:00+00:00,62.017,62.032,62.01,62.016,9.408
2026-01-25T12:00:00+00:00,61.98,61.984,61.967,61.984,32.172
2026-01-25T13:00:00+00:00,61.984,61.984,61.967,61.967,44.966
2026-01-25T14:00:00+00:00,61.967,61.967,61.92,61.96,282.491
2026-01-25T15:00:00+00:00,61.959,61.96,61.91,61.91,430.991
2026-01-25T16:00:00+00:00,61.92,61.92,61.917,61.917,370.956
2026-01-25T17:00:00+00:00,61.917,61.92,61.917,61.92,114.63
2026-01-25T18:00:00+00:00,61.917,62.021,61.7,61.957,3599.352
2026-01-25T19:00:00+00:00,61.9,61.91,61.82,61.82,108.996
2026-01-25T20:00:00+00:00,61.86,61.91,61.708,61.728,157.393
2026-01-25T21:00:00+00:00,61.728,61.728,61.728,61.728,0.0
2026-01-25T22:00:00+00:00,61.87,62.42,61.5,61.66,4457.963
2026-01-25T23:00:00+00:00,61.65,61.65,60.445,61.108,10039.283
2026-01-26T00:00:00+00:00,61.074,61.193,60.908,61.142,2732.394
2026-01-26T01:00:00+00:00,61.18,61.279,61.04,61.15,716.982
2026-01-26T02:00:00+00:00,61.15,61.15,61.018,61.018,7.019
2026-01-26T03:00:00+00:00,61.0,61.099,60.945,61.099,692.114
2026-01-26T04:00:00+00:00,61.126,61.27,61.126,61.21,610.09
2026-01-26T05:00:00+00:00,61.27,61.294,61.032,61.228,1067.28
2026-01-26T06:00:00+00:00,61.23,61.67,61.168,61.57,10643.952
2026-01-26T07:00:00+00:00,61.491,61.519,61.03,61.034,99.332
2026-01-26T08:00:00+00:00,61.03,61.209,60.859,61.209,1056.252
2026-01-26T09:00:00+00:00,61.288,61.3,60.88,61.117,1860.677
2026-01-26T10:00:00+00:00,61.16,61.268,60.973,61.268,158.529
2026-01-26T11:00:00+00:00,61.2,61.416,61.098,61.152,715.799
2026-01-26T12:00:00+00:00,61.15,61.19,60.9,60.91,459.839
2026-01-26T13:00:00+00:00,60.936,61.02,60.58,60.84,2630.509
2026-01-26T14:00:00+00:00,60.837,60.9,60.573,60.599,827.869
2026-01-26T15:00:00+00:00,60.61,61.046,60.477,60.669,2422.631
2026-01-26T16:00:00+00:00,60.641,60.86,60.462,60.86,452.984
2026-01-26T17:00:00+00:00,60.841,60.968,60.765,60.968,1040.468
2026-01-26T18:00:00+00:00,60.866,60.866,60.57,60.709,584.792
2026-01-26T19:00:00+00:00,60.655,60.7,60.45,60.588,18324.392
2026-01-26T20:00:00+00:00,60.623,60.771,60.291,60.771,1619.72
2026-01-26T21:00:00+00:00,60.771,60.84,60.63,60.84,972.955
2026-01-26T22:00:00+00:00,60.84,60.9,60.75,60.899,180.765
2026-01-26T23:00:00+00:00,60.801,60.82,60.767,60.82,13.737
2026-01-27T00:00:00+00:00,60.764,60.839,60.723,60.723,975.661
2026-01-27T01:00:00+00:00,60.719,60.719,60.203,60.203,1149.43
2026-01-27T02:00:00+00:00,60.242,60.347,60.203,60.244,501.945
2026-01-27T03:00:00+00:00,60.243,60.289,60.203,60.203,23.838
2026-01-27T04:00:00+00:00,60.203,60.29,60.2,60.2,48.046
2026-01-27T05:00:00+00:00,60.2,60.338,60.181,60.338,427.97
2026-01-27T06:00:00+00:00,60.341,60.48,60.341,60.431,138.352
2026-01-27T07:00:00+00:00,60.419,60.42,60.33,60.33,100.373
2026-01-27T08:00:00+00:00,60.359,60.38,60.153,60.293,523.822
2026-01-27T09:00:00+00:00,60.373,60.62,60.3,60.574,2875.426
2026-01-27T10:00:00+00:00,60.578,61.0,60.578,60.988,673.614
2026-01-27T11:00:00+00:00,60.9,60.9,60.6,60.61,1076.654
2026-01-27T12:00:00+00:00,60.591,60.688,60.463,60.629,375.133
2026-01-27T13:00:00+00:00,60.699,61.8,60.622,61.706,1153.153
2026-01-27T14:00:00+00:00,61.782,61.782,60.902,61.252,3506.738
2026-01-27T15:00:00+00:00,61.29,61.6,61.101,61.6,1379.861
2026-01-27T16:00:00+00:00,61.625,61.91,61.625,61.861,1911.575
2026-01-27T17:00:00+00:00,61.879,62.138,61.83,61.96,1055.31
2026-01-27T18:00:00+00:00,62.018,62.147,61.91,61.933,8173.373
2026-01-27T19:00:00+00:00,61.974,62.61,61.974,62.192,13823.446
2026-01-27T20:00:00+00:00,62.266,62.648,62.263,62.6,2233.809
2026-01-27T21:00:00+00:00,62.514,62.62,62.412,62.56,2189.39
2026-01-27T22:00:00+00:00,62.62,62.63,62.62,62.63,45.2
2026-01-27T23:00:00+00:00,62.575,62.679,62.509,62.566,485.764
2026-01-28T00:00:00+00:00,62.611,62.611,62.481,62.59,658.638
2026-01-28T01:00:00+00:00,62.618,62.656,62.371,62.473,906.072
2026-01-28T02:00:00+00:00,62.591,62.775,62.591,62.695,762.731
2026-01-28T03:00:00+00:00,62.695,62.91,62.695,62.76,4248.502
2026-01-28T04:00:00+00:00,62.749,62.87,62.749,62.87,315.878
2026-01-28T05:00:00+00:00,62.81,62.894,62.79,62.849,9493.333
2026-01-28T06:00:00+00:00,62.849,62.905,62.796,62.826,17363.035
2026-01-28T07:00:00+00:00,62.7,62.7,62.391,62.435,13166.808
2026-01-28T08:00:00+00:00,62.475,62.786,62.431,62.786,3666.476
2026-01-28T09:00:00+00:00,62.7,62.703,62.087,62.134,3439.816
2026-01-28T10:00:00+00:00,62.155,62.254,62.053,62.064,1059.62
2026-01-28T11:00:00+00:00,62.08,62.547,62.08,62.545,1030.627
2026-01-28T12:00:00+00:00,62.53,62.956,62.391,62.765,7741.884
2026-01-28T13:00:00+00:00,62.765,63.23,62.721,63.033,20127.214
2026-01-28T14:00:00+00:00,63.156,63.404,62.683,63.07,7519.675
2026-01-28T15:00:00+00:00,63.071,63.153,62.64,62.964,27579.02
2026-01-28T16:00:00+00:00,62.986,63.073,62.692,62.692,2920.273
2026-01-28T17:00:00+00:00,62.749,62.967,62.571,62.758,2228.732
2026-01-28T18:00:00+00:00,62.741,63.177,62.704,63.142,3359.22
2026-01-28T19:00:00+00:00,63.142,63.38,63.059,63.333,14766.796
2026-01-28T20:00:00+00:00,63.333,63.675,63.333,63.447,19031.164
2026-01-28T21:00:00+00:00,63.447,63.636,63.392,63.565,5310.588
2026-01-28T22:00:00+00:00,63.55,63.79,63.55,63.714,1079.288
2026-01-28T23:00:00+00:00,63.704,63.857,63.388,63.4,4006.462
2026-01-29T00:00:00+00:00,63.419,63.715,63.392,63.609,1603.444
2026-01-29T01:00:00+00:00,63.604,63.826,63.524,63.826,8595.681
2026-01-29T02:00:00+00:00,63.806,64.047,63.672,64.047,8410.509
2026-01-29T03:00:00+00:00,64.043,64.13,63.961,64.13,4451.148
2026-01-29T04:00:00+00:00,64.13,64.484,64.08,64.457,8998.272
2026-01-29T05:00:00+00:00,64.376,64.382,64.131,64.203,3659.222
2026-01-29T06:00:00+00:00,64.182,64.469,64.156,64.214,17624.25
2026-01-29T07:00:00+00:00,64.232,64.45,64.122,64.165,11279.164
2026-01-29T08:00:00+00:00,64.152,64.711,64.137,64.711,6940.934
2026-01-29T09:00:00+00:00,64.702,65.189,64.452,65.121,27871.663
2026-01-29T10:00:00+00:00,65.121,65.121,64.481,64.79,31295.421
2026-01-29T11:00:00+00:00,64.769,64.93,64.418,64.748,5245.576
2026-01-29T12:00:00+00:00,64.726,64.92,64.614,64.719,7460.707
2026-01-29T13:00:00+00:00,64.699,65.682,64.699,65.528,8023.18
2026-01-29T14:00:00+00:00,65.546,66.659,65.521,66.317,9385.985
2026-01-29T15:00:00+00:00,66.355,66.39,64.794,65.445,21823.166
2026-01-29T16:00:00+00:00,65.434,65.9,65.022,65.316,14049.864
2026-01-29T17:00:00+00:00,65.3,65.74,65.17,65.51,13820.173
2026-01-29T18:00:00+00:00,65.56,65.6,64.944,65.162,6315.418
2026-01-29T19:00:00+00:00,65.156,65.589,65.124,65.447,3619.964
2026-01-29T20:00:00+00:00,65.448,65.986,65.442,65.582,7974.801
2026-01-29T21:00:00+00:00,65.579,65.669,65.376,65.617,8975.784
2026-01-29T22:00:00+00:00,65.68,65.92,65.6,65.92,1742.095
2026-01-29T23:00:00+00:00,65.778,65.885,65.556,65.655,10672.108
2026-01-30T00:00:00+00:00,65.585,65.702,64.267,65.404,18262.66
2026-01-30T01:00:00+00:00,65.43,65.555,64.72,64.778,10787.355
2026-01-30T02:00:00+00:00,64.81,64.824,63.675,64.468,11915.12
2026-01-30T03:00:00+00:00,64.478,64.478,64.167,64.3,4362.111
2026-01-30T04:00:00+00:00,64.239,64.424,64.239,64.374,1255.296
2026-01-30T05:00:00+00:00,64.31,64.748,64.29,64.48,2058.222
2026-01-30T06:00:00+00:00,64.463,64.49,63.951,63.951,13123.256
2026-01-30T07:00:00+00:00,63.96,64.19,63.89,64.073,56071.213
2026-01-30T08:00:00+00:00,64.023,64.589,64.023,64.391,4559.107
2026-01-30T09:00:00+00:00,64.403,65.008,64.403,64.586,7142.317
2026-01-30T10:00:00+00:00,64.549,64.78,64.118,64.549,1718.401
2026-01-30T11:00:00+00:00,64.571,64.933,64.238,64.92,3138.878
2026-01-30T12:00:00+00:00,64.892,65.22,64.812,65.01,313.721
2026-01-30T13:00:00+00:00,65.146,65.354,64.851,65.306,6778.152
2026-01-30T14:00:00+00:00,65.25,65.777,65.222,65.617,7112.229
2026-01-30T15:00:00+00:00,65.643,65.72,65.27,65.625,10580.937
2026-01-30T16:00:00+00:00,65.625,66.185,65.489,65.728,14765.699
2026-01-30T17:00:00+00:00,65.73,65.86,64.379,64.512,12405.488
2026-01-30T18:00:00+00:00,64.532,64.75,64.185,64.699,5039.526
2026-01-30T19:00:00+00:00,64.696,65.652,64.685,65.591,5079.619
2026-01-30T20:00:00+00:00,65.59,65.95,65.539,65.785,9178.126
2026-01-30T21:00:00+00:00,65.827,65.89,65.7,65.739,1835.617
2026-01-30T22:00:00+00:00,65.74,65.776,65.57,65.691,965.772
2026-01-30T23:00:00+00:00,65.776,65.776,65.655,65.655,922.445
2026-01-31T00:00:00+00:00,65.73,66.07,65.41,65.624,4377.533
2026-01-31T01:00:00+00:00,65.71,65.71,65.62,65.621,64.751
2026-01-31T02:00:00+00:00,65.71,65.71,65.56,65.56,770.988
2026-01-31T03:00:00+00:00,65.678,65.678,65.56,65.562,219.134
2026-01-31T04:00:00+00:00,65.562,65.735,65.561,65.602,1497.095
2026-01-31T05:00:00+00:00,65.7,65.714,65.602,65.714,282.104
2026-01-31T06:00:00+00:00,65.714,65.74,65.714,65.74,46.917
2026-01-31T07:00:00+00:00,65.74,65.748,65.5,65.707,807.67
2026-01-31T08:00:00+00:00,65.707,65.707,65.573,65.707,171.042
2026-01-31T09:00:00+00:00,65.707,65.707,65.63,65.707,256.972
2026-01-31T10:00:00+00:00,65.707,65.707,65.641,65.707,165.875
2026-01-31T11:00:00+00:00,65.707,65.718,65.621,65.708,227.236
2026-01-31T12:00:00+00:00,65.708,65.708,65.621,65.708,86.945
2026-01-31T13:00:00+00:00,65.708,65.769,65.621,65.769,1083.334
2026-01-31T14:00:00+00:00,65.779,65.85,65.74,65.849,381.072
2026-01-31T15:00:00+00:00,65.859,65.921,65.859,65.921,624.307
2026-01-31T16:00:00+00:00,65.921,65.968,65.92,65.951,401.183
2026-01-31T17:00:00+00:00,65.967,65.974,65.64,65.64,4379.993
2026-01-31T18:00:00+00:00,65.641,65.8,65.528,65.528,946.59
2026-01-31T19:00:00+00:00,65.529,65.661,65.503,65.51,1187.513
2026-01-31T20:00:00+00:00,65.51,65.64,65.45,65.45,870.044
2026-01-31T21:00:00+00:00,65.45,65.58,65.45,65.45,79.944
2026-01-31T22:00:00+00:00,65.45,65.45,65.121,65.121,1929.664
2026-01-31T23:00:00+00:00,65.143,65.279,64.981,64.981,648.769
2026-02-01T00:00:00+00:00,64.981,64.983,63.478,64.13,6901.3
2026-02-01T01:00:00+00:00,64.011,64.846,63.939,64.302,2947.318
2026-02-01T02:00:00+00:00,64.302,64.508,64.29,64.32,1060.543
2026-02-01T03:00:00+00:00,64.317,64.44,64.13,64.202,1785.427
2026-02-01T04:00:00+00:00,64.202,64.388,64.136,64.202,39.343
2026-02-01T05:00:00+00:00,64.202,64.347,64.14,64.14,1167.523
2026-02-01T06:00:00+00:00,64.142,64.341,64.137,64.201,80.045
2026-02-01T07:00:00+00:00,64.201,64.341,64.137,64.137,108.575
2026-02-01T08:00:00+00:00,64.139,64.307,64.136,64.136,183.256
2026-02-01T09:00:00+00:00,64.136,64.341,64.136,64.24,473.967
2026-02-01T10:00:00+00:00,64.289,64.315,64.2,64.23,1108.621
2026-02-01T11:00:00+00:00,64.23,64.67,64.223,64.445,1901.296
2026-02-01T12:00:00+00:00,64.445,65.064,64.256,64.912,1714.643
2026-02-01T13:00:00+00:00,64.912,65.315,64.678,64.86,1253.484
2026-02-01T14:00:00+00:00,65.023,65.524,64.885,65.216,2605.474
2026-02-01T15:00:00+00:00,65.216,65.754,65.098,65.597,2149.726
2026-02-01T16:00:00+00:00,65.749,65.753,65.24,65.676,3094.218
2026-02-01T17:00:00+00:00,65.676,65.78,65.45,65.468,2888.815
2026-02-01T18:00:00+00:00,65.468,65.587,65.233,65.373,3101.918
2026-02-01T19:00:00+00:00,65.373,65.557,65.256,65.262,2247.916
2026-02-01T20:00:00+00:00,65.252,65.526,64.935,65.005,2069.597
2026-02-01T21:00:00+00:00,65.005,65.337,64.909,64.909,706.785
2026-02-01T22:00:00+00:00,65.313,65.337,64.83,64.83,1099.259
2026-02-01T23:00:00+00:00,64.825,64.826,60.713,63.317,38735.234
2026-02-02T00:00:00+00:00,63.17,63.727,63.17,63.59,7705.896
2026-02-02T01:00:00+00:00,63.589,63.589,62.516,62.815,10059.866
2026-02-02T02:00:00+00:00,62.994,63.0,62.232,62.232,2884.303
2026-02-02T03:00:00+00:00,62.382,62.605,62.23,62.314,6599.522
2026-02-02T04:00:00+00:00,62.229,62.232,62.03,62.213,2464.831
2026-02-02T05:00:00+00:00,62.089,62.089,61.28,61.371,16701.776
2026-02-02T06:00:00+00:00,61.355,61.693,61.349,61.6,2417.384
2026-02-02T07:00:00+00:00,61.649,62.052,61.593,61.896,1716.935
2026-02-02T08:00:00+00:00,61.686,62.185,61.48,61.503,7860.164
2026-02-02T09:00:00+00:00,61.501,62.131,61.248,62.07,11848.655
2026-02-02T10:00:00+00:00,62.007,62.263,61.764,61.78,14762.919
2026-02-02T11:00:00+00:00,61.851,61.918,61.587,61.858,3147.205
2026-02-02T12:00:00+00:00,61.909,62.214,61.909,62.047,6019.86
2026-02-02T13:00:00+00:00,62.04,62.079,61.551,62.03,2451.763
2026-02-02T14:00:00+00:00,62.029,62.5,61.953,61.953,12766.983
2026-02-02T15:00:00+00:00,61.98,62.434,61.707,61.8,8252.811
2026-02-02T16:00:00+00:00,61.983,62.073,61.68,61.871,7506.906
2026-02-02T17:00:00+00:00,61.855,61.859,61.55,61.642,1002.252
2026-02-02T18:00:00+00:00,61.694,61.986,61.453,61.627,1244.287
2026-02-02T19:00:00+00:00,61.606,62.108,61.486,61.947,695.092
2026-02-02T20:00:00+00:00,61.938,62.2,61.938,62.172,1292.566
2026-02-02T21:00:00+00:00,62.203,62.278,62.105,62.258,1148.457
2026-02-02T22:00:00+00:00,62.26,62.343,61.642,62.286,336.553
2026-02-02T23:00:00+00:00,62.204,62.204,61.77,61.896,7514.384
2026-02-03T00:00:00+00:00,61.87,62.034,61.853,62.019,1923.034
2026-02-03T01:00:00+00:00,62.02,62.468,62.007,62.378,7270.187
2026-02-03T02:00:00+00:00,62.379,62.388,61.58,61.757,1529.735
2026-02-03T03:00:00+00:00,61.73,62.001,61.63,61.947,542.081
2026-02-03T04:00:00+00:00,61.958,62.036,61.831,61.88,10486.001
2026-02-03T05:00:00+00:00,61.89,61.934,61.702,61.769,638.701
2026-02-03T06:00:00+00:00,61.748,61.988,61.64,61.969,18441.543
2026-02-03T07:00:00+00:00,61.909,62.09,61.723,62.004,25968.616
2026-02-03T08:00:00+00:00,61.943,62.194,61.627,61.8,8816.434
2026-02-03T09:00:00+00:00,61.799,61.95,61.445,61.83,9187.199
2026-02-03T10:00:00+00:00,61.831,62.535,61.831,62.4,9899.461
2026-02-03T11:00:00+00:00,62.343,62.343,62.07,62.309,1773.522
2026-02-03T12:00:00+00:00,62.309,63.1,62.309,62.917,29635.938
2026-02-03T13:00:00+00:00,62.937,63.0,62.471,62.601,13608.699
2026-02-03T14:00:00+00:00,62.6,63.136,62.31,62.79,6201.419
2026-02-03T15:00:00+00:00,62.762,63.02,62.61,63.02,7572.36
2026-02-03T16:00:00+00:00,62.875,63.11,62.65,62.689,9301.645
2026-02-03T17:00:00+00:00,62.68,63.779,62.631,63.13,21188.481
2026-02-03T18:00:00+00:00,63.125,63.17,62.618,62.806,26033.748
2026-02-03T19:00:00+00:00,62.79,63.537,62.446,63.42,9263.128
2026-02-03T20:00:00+00:00,63.5,64.205,63.5,64.09,2040.432
2026-02-03T21:00:00+00:00,64.099,64.189,63.603,63.994,10205.667
2026-02-03T22:00:00+00:00,63.988,64.273,63.88,64.273,209.828
2026-02-03T23:00:00+00:00,63.99,63.99,63.67,63.82,980.138
2026-02-04T00:00:00+00:00,63.82,63.987,63.76,63.82,2929.708
2026-02-04T01:00:00+00:00,63.82,64.21,63.51,64.207,13850.793
2026-02-04T02:00:00+00:00,64.174,64.263,63.59,63.7,7657.322
2026-02-04T03:00:00+00:00,63.71,63.96,63.659,63.915,5523.037
2026-02-04T04:00:00+00:00,63.86,63.932,63.81,63.878,10996.653
2026-02-04T05:00:00+00:00,63.88,63.89,63.769,63.769,2078.413
2026-02-04T06:00:00+00:00,63.77,63.883,63.675,63.774,5104.143
2026-02-04T07:00:00+00:00,63.8,63.83,63.369,63.429,4788.462
2026-02-04T08:00:00+00:00,63.464,63.73,62.918,63.207,7481.397
2026-02-04T09:00:00+00:00,63.17,63.782,63.11,63.763,11297.293
2026-02-04T10:00:00+00:00,63.748,63.782,63.461,63.55,6525.822
2026-02-04T11:00:00+00:00,63.51,63.53,63.269,63.34,2642.495
2026-02-04T12:00:00+00:00,63.28,63.619,63.26,63.424,3222.94
2026-02-04T13:00:00+00:00,63.38,63.508,61.656,62.733,12099.793
2026-02-04T14:00:00+00:00,62.869,63.46,62.801,63.46,10582.431
2026-02-04T15:00:00+00:00,63.282,63.498,63.21,63.302,11554.167
2026-02-04T16:00:00+00:00,63.336,63.663,63.04,63.65,5491.157
2026-02-04T17:00:00+00:00,63.692,65.416,63.556,65.209,15589.071
2026-02-04T18:00:00+00:00,64.936,65.308,64.659,64.963,3579.533
2026-02-04T19:00:00+00:00,64.901,65.345,63.729,64.186,8213.51
2026-02-04T20:00:00+00:00,64.163,64.569,64.161,64.287,3717.262
2026-02-04T21:00:00+00:00,64.263,64.481,64.208,64.434,1529.903
2026-02-04T22:00:00+00:00,64.45,64.501,64.39,64.501,152.075
2026-02-04T23:00:00+00:00,64.501,64.504,63.992,64.441,3718.583
2026-02-05T00:00:00+00:00,64.418,64.631,64.328,64.373,2395.858
2026-02-05T01:00:00+00:00,64.351,64.442,64.073,64.073,6213.334
2026-02-05T02:00:00+00:00,64.011,64.055,63.593,63.601,1681.549
2026-02-05T03:00:00+00:00,63.59,63.89,63.464,63.693,197.46
2026-02-05T04:00:00+00:00,63.682,63.812,63.682,63.737,1540.694
2026-02-05T05:00:00+00:00,63.68,63.856,63.625,63.846,2265.188
2026-02-05T06:00:00+00:00,63.75,63.937,63.715,63.863,4929.086
2026-02-05T07:00:00+00:00,63.874,64.081,63.833,64.02,9722.049
2026-02-05T08:00:00+00:00,64.136,64.22,63.98,64.08,5969.395
2026-02-05T09:00:00+00:00,63.983,64.383,63.982,64.195,7575.643
2026-02-05T10:00:00+00:00,64.19,64.426,64.15,64.15,2310.228
2026-02-05T11:00:00+00:00,64.113,64.572,64.1,64.473,7237.023
2026-02-05T12:00:00+00:00,64.555,64.647,63.62,63.8,15008.849
2026-02-05T13:00:00+00:00,63.76,63.954,63.266,63.437,14389.253
2026-02-05T14:00:00+00:00,63.377,63.649,63.049,63.552,13820.646
2026-02-05T15:00:00+00:00,63.54,63.56,62.737,62.97,12495.322
2026-02-05T16:00:00+00:00,63.08,63.592,62.742,63.577,1115.528
2026-02-05T17:00:00+00:00,63.582,63.85,63.436,63.605,1522.864
2026-02-05T18:00:00+00:00,63.594,63.694,63.319,63.398,1301.985
2026-02-05T19:00:00+00:00,63.421,63.468,62.965,63.174,1110.808
2026-02-05T20:00:00+00:00,63.194,63.46,63.153,63.253,1068.042
2026-02-05T21:00:00+00:00,63.279,63.279,63.044,63.162,568.489
2026-02-05T22:00:00+00:00,63.107,63.516,63.07,63.124,959.211
2026-02-05T23:00:00+00:00,62.998,63.013,62.903,62.903,152.614
2026-02-06T00:00:00+00:00,62.837,62.964,62.346,62.908,4184.024
2026-02-06T01:00:00+00:00,62.907,63.112,62.702,63.056,1367.694
2026-02-06T02:00:00+00:00,63.06,63.872,63.017,63.429,3251.135
2026-02-06T03:00:00+00:00,63.439,63.653,63.439,63.653,3266.172
2026-02-06T04:00:00+00:00,63.669,63.751,63.618,63.678,495.03
2026-02-06T05:00:00+00:00,63.668,64.208,63.64,64.081,1306.381
2026-02-06T06:00:00+00:00,64.146,64.291,64.015,64.095,907.958
2026-02-06T07:00:00+00:00,64.076,64.318,64.076,64.191,4862.487
2026-02-06T08:00:00+00:00,64.12,64.275,63.777,64.211,1991.112
2026-02-06T09:00:00+00:00,64.11,64.632,64.09,64.252,2625.147
2026-02-06T10:00:00+00:00,64.22,64.22,63.38,63.38,1199.748
2026-02-06T11:00:00+00:00,63.506,63.68,62.987,63.27,3807.596
2026-02-06T12:00:00+00:00,63.27,63.27,62.831,63.059,5795.183
2026-02-06T13:00:00+00:00,62.971,63.5,62.204,62.335,9224.627
2026-02-06T14:00:00+00:00,62.375,63.669,62.299,63.669,3517.976
2026-02-06T15:00:00+00:00,63.613,64.168,63.518,64.031,1357.173
2026-02-06T16:00:00+00:00,63.848,64.2,63.848,64.021,1549.428
2026-02-06T17:00:00+00:00,64.111,64.376,64.111,64.372,1042.999
2026-02-06T18:00:00+00:00,64.223,64.315,63.882,64.031,2403.149
2026-02-06T19:00:00+00:00,63.91,63.916,63.349,63.349,2657.312
2026-02-06T20:00:00+00:00,63.328,63.438,63.243,63.426,1917.793
2026-02-06T21:00:00+00:00,63.436,63.497,63.39,63.485,440.164
2026-02-06T22:00:00+00:00,63.485,63.485,63.485,63.485,0.0
2026-02-06T23:00:00+00:00,63.46,63.46,63.46,63.46,99.873
2026-02-07T00:00:00+00:00,63.4,63.46,62.965,63.46,342.468
2026-02-07T01:00:00+00:00,63.264,63.46,63.252,63.3,38.181
2026-02-07T02:00:00+00:00,63.44,63.44,63.33,63.41,462.898
2026-02-07T03:00:00+00:00,63.434,63.584,63.415,63.583,51.874
2026-02-07T04:00:00+00:00,63.41,63.596,63.41,63.596,13.057
2026-02-07T05:00:00+00:00,63.486,63.562,63.486,63.562,19.994
2026-02-07T06:00:00+00:00,63.486,63.486,63.207,63.435,142.897
2026-02-07T07:00:00+00:00,63.335,64.191,63.334,63.784,172.965
2026-02-07T08:00:00+00:00,63.409,63.799,63.405,63.405,43.237
2026-02-07T09:00:00+00:00,63.406,63.727,63.406,63.727,1.651
2026-02-07T10:00:00+00:00,63.409,63.409,63.406,63.406,7.401
2026-02-07T11:00:00+00:00,63.408,63.765,62.984,63.765,159.276
2026-02-07T12:00:00+00:00,63.331,63.669,63.27,63.271,50.149
2026-02-07T13:00:00+00:00,63.47,63.68,63.02,63.181,59.446
2026-02-07T14:00:00+00:00,63.182,63.588,63.182,63.385,36.165
2026-02-07T15:00:00+00:00,63.484,63.765,63.3,63.642,554.056
2026-02-07T16:00:00+00:00,63.53,63.53,63.3,63.319,84.93
2026-02-07T17:00:00+00:00,63.32,63.32,63.32,63.32,0.274
2026-02-07T18:00:00+00:00,63.557,63.948,63.18,63.662,127.114
2026-02-07T19:00:00+00:00,63.5,63.67,62.871,62.997,508.147
2026-02-07T20:00:00+00:00,63.395,63.395,62.861,63.147,81.793
2026-02-07T21:00:00+00:00,62.884,63.12,62.883,63.12,43.326
2026-02-07T22:00:00+00:00,63.131,63.131,63.131,63.131,1.588
2026-02-07T23:00:00+00:00,62.884,62.884,62.88,62.88,42.536
2026-02-08T00:00:00+00:00,62.881,63.01,62.858,63.009,52.737
2026-02-08T01:00:00+00:00,62.853,62.853,62.852,62.852,6.334
2026-02-08T02:00:00+00:00,62.851,63.061,62.851,63.061,164.954
2026-02-08T03:00:00+00:00,63.021,63.072,63.02,63.02,4.101
2026-02-08T04:00:00+00:00,62.851,63.075,62.76,62.771,55.592
2026-02-08T05:00:00+00:00,62.772,62.772,62.772,62.772,0.002
2026-02-08T06:00:00+00:00,62.775,63.14,62.76,62.983,50.885
2026-02-08T07:00:00+00:00,62.983,62.983,62.983,62.983,0.0
2026-02-08T08:00:00+00:00,62.763,62.763,62.657,62.657,45.622
2026-02-08T09:00:00+00:00,62.631,63.382,62.623,63.039,66.72
2026-02-08T10:00:00+00:00,63.039,63.383,62.5,62.729,75.812
2026-02-08T11:00:00+00:00,63.003,63.003,62.867,62.867,16.333
2026-02-08T12:00:00+00:00,62.867,62.867,62.867,62.867,79.447
2026-02-08T13:00:00+00:00,62.867,63.141,62.867,62.869,104.656
2026-02-08T14:00:00+00:00,62.869,62.869,62.868,62.868,6.892
2026-02-08T15:00:00+00:00,62.87,62.87,62.867,62.867,31.55
2026-02-08T16:00:00+00:00,62.867,62.867,62.867,62.867,0.0
2026-02-08T17:00:00+00:00,63.077,63.124,63.077,63.099,17.327
2026-02-08T18:00:00+00:00,63.102,63.102,63.102,63.102,1.894
2026-02-08T19:00:00+00:00,63.136,63.249,62.985,63.249,48.777
2026-02-08T20:00:00+00:00,63.217,63.424,62.5,63.16,212.518
2026-02-08T21:00:00+00:00,63.16,63.16,63.16,63.16,0.389
2026-02-08T22:00:00+00:00,63.26,63.423,63.16,63.423,12.544
2026-02-08T23:00:00+00:00,63.161,63.161,62.657,62.992,1747.701
2026-02-09T00:00:00+00:00,62.926,63.121,62.88,63.074,264.07
2026-02-09T01:00:00+00:00,63.107,63.219,63.013,63.219,801.534
2026-02-09T02:00:00+00:00,63.199,63.199,62.825,62.95,184.508
2026-02-09T03:00:00+00:00,62.952,63.041,62.883,62.974,162.242
2026-02-09T04:00:00+00:00,62.974,63.011,62.881,62.929,220.864
2026-02-09T05:00:00+00:00,62.929,62.98,62.853,62.855,71.989
2026-02-09T06:00:00+00:00,62.865,62.95,62.822,62.832,50.67
2026-02-09T07:00:00+00:00,62.771,62.806,62.669,62.678,570.78
2026-02-09T08:00:00+00:00,62.787,63.066,62.741,62.88,1345.235
2026-02-09T09:00:00+00:00,62.872,63.117,62.797,62.797,4556.606
2026-02-09T10:00:00+00:00,62.958,63.727,62.864,63.727,593.574
2026-02-09T11:00:00+00:00,63.65,63.772,63.472,63.737,529.207
2026-02-09T12:00:00+00:00,63.673,63.754,63.594,63.699,3242.475
2026-02-09T13:00:00+00:00,63.645,63.645,63.202,63.237,2528.974
2026-02-09T14:00:00+00:00,63.208,64.259,63.119,64.01,11537.987
2026-02-09T15:00:00+00:00,63.964,64.454,63.919,64.246,3797.788
2026-02-09T16:00:00+00:00,64.176,64.882,64.131,64.853,2894.362
2026-02-09T17:00:00+00:00,64.873,64.873,64.578,64.815,2449.516
2026-02-09T18:00:00+00:00,64.837,64.837,64.466,64.493,1979.133
2026-02-09T19:00:00+00:00,64.506,64.532,64.213,64.26,584.414
2026-02-09T20:00:00+00:00,64.263,64.332,64.196,64.312,980.756
2026-02-09T21:00:00+00:00,64.311,64.477,64.268,64.441,555.767
2026-02-09T22:00:00+00:00,64.44,64.63,64.44,64.501,937.701
2026-02-09T23:00:00+00:00,64.645,64.645,64.31,64.445,312.046
2026-02-10T00:00:00+00:00,64.445,64.446,64.276,64.324,226.029
2026-02-10T01:00:00+00:00,64.319,64.331,63.94,64.331,1385.285
2026-02-10T02:00:00+00:00,64.39,64.39,64.227,64.324,1110.903
2026-02-10T03:00:00+00:00,64.264,64.264,64.111,64.111,895.876
2026-02-10T04:00:00+00:00,64.22,64.22,64.155,64.195,87.145
2026-02-10T05:00:00+00:00,64.166,64.193,64.095,64.12,976.338
2026-02-10T06:00:00+00:00,64.088,64.42,64.088,64.315,348.107
2026-02-10T07:00:00+00:00,64.397,64.55,64.218,64.337,3755.252
2026-02-10T08:00:00+00:00,64.185,64.609,64.17,64.608,1405.315
2026-02-10T09:00:00+00:00,64.624,64.71,64.598,64.602,423.481
2026-02-10T10:00:00+00:00,64.056,64.43,64.01,64.27,6399.644
2026-02-10T11:00:00+00:00,64.399,64.611,64.31,64.58,382.006
2026-02-10T12:00:00+00:00,64.51,64.577,64.27,64.439,4179.466
2026-02-10T13:00:00+00:00,64.383,64.671,64.383,64.471,4246.534
2026-02-10T14:00:00+00:00,64.5,64.62,64.134,64.478,8769.245
2026-02-10T15:00:00+00:00,64.497,64.574,64.052,64.108,4489.899
2026-02-10T16:00:00+00:00,64.076,64.113,63.697,63.836,2583.923
2026-02-10T17:00:00+00:00,63.88,64.14,63.735,63.985,388.833
2026-02-10T18:00:00+00:00,63.904,63.98,63.52,63.62,4660.476
2026-02-10T19:00:00+00:00,63.729,64.018,63.691,64.018,1725.726
2026-02-10T20:00:00+00:00,63.923,64.235,63.923,64.168,512.339
2026-02-10T21:00:00+00:00,64.155,64.155,64.01,64.05,1866.225
2026-02-10T22:00:00+00:00,64.005,64.1,63.931,64.1,233.211
2026-02-10T23:00:00+00:00,64.093,64.206,64.093,64.199,225.793
2026-02-11T00:00:00+00:00,64.199,64.226,64.119,64.172,1222.642
2026-02-11T01:00:00+00:00,64.162,64.23,64.15,64.23,1676.624
2026-02-11T02:00:00+00:00,64.23,64.49,64.213,64.49,442.07
2026-02-11T03:00:00+00:00,64.422,64.433,64.296,64.39,77.156
2026-02-11T04:00:00+00:00,64.392,64.411,64.297,64.333,53.048
2026-02-11T05:00:00+00:00,64.338,64.35,64.206,64.244,377.511
2026-02-11T06:00:00+00:00,64.251,64.355,64.251,64.355,335.931
2026-02-11T07:00:00+00:00,64.34,64.566,64.3,64.441,606.368
2026-02-11T08:00:00+00:00,64.45,64.82,64.45,64.671,415.318
2026-02-11T09:00:00+00:00,64.68,64.862,64.645,64.735,467.396
2026-02-11T10:00:00+00:00,64.718,64.813,64.608,64.786,396.803
2026-02-11T11:00:00+00:00,64.786,65.275,64.776,65.256,815.967
2026-02-11T12:00:00+00:00,65.248,65.355,64.847,65.311,1191.046
2026-02-11T13:00:00+00:00,65.284,65.412,65.043,65.253,4259.99
2026-02-11T14:00:00+00:00,65.261,65.678,65.242,65.41,3691.739
2026-02-11T15:00:00+00:00,65.386,65.416,64.64,64.795,2934.373
2026-02-11T16:00:00+00:00,64.789,65.159,64.701,64.95,683.875
2026-02-11T17:00:00+00:00,64.956,65.019,64.659,64.79,1367.868
2026-02-11T18:00:00+00:00,64.781,65.031,64.159,64.527,3606.677
2026-02-11T19:00:00+00:00,64.569,64.791,64.368,64.686,1370.51
2026-02-11T20:00:00+00:00,64.711,64.901,64.652,64.881,2568.054
2026-02-11T21:00:00+00:00,64.87,64.988,64.743,64.763,586.596
2026-02-11T22:00:00+00:00,64.763,64.978,64.688,64.977,172.569
2026-02-11T23:00:00+00:00,64.809,64.848,64.708,64.809,1409.474
2026-02-12T00:00:00+00:00,64.808,64.962,64.807,64.873,704.644
2026-02-12T01:00:00+00:00,64.84,64.912,64.719,64.78,216.235
2026-02-12T02:00:00+00:00,64.8,64.845,64.72,64.795,228.706
2026-02-12T03:00:00+00:00,64.795,64.894,64.767,64.8,1298.527
2026-02-12T04:00:00+00:00,64.8,64.949,64.76,64.845,4003.385
2026-02-12T05:00:00+00:00,64.843,64.855,64.585,64.77,104.577
2026-02-12T06:00:00+00:00,64.789,64.793,64.519,64.666,431.155
2026-02-12T07:00:00+00:00,64.693,64.75,64.567,64.639,1181.925
2026-02-12T08:00:00+00:00,64.636,64.88,64.57,64.758,1115.515
2026-02-12T09:00:00+00:00,64.855,64.867,64.215,64.32,683.96
2026-02-12T10:00:00+00:00,64.297,64.368,64.022,64.282,555.554
2026-02-12T11:00:00+00:00,64.324,64.514,64.181,64.329,262.087
2026-02-12T12:00:00+00:00,64.355,64.47,64.205,64.289,163.936
2026-02-12T13:00:00+00:00,64.218,64.449,63.842,64.119,610.705
2026-02-12T14:00:00+00:00,64.07,64.244,63.745,63.815,2646.689
2026-02-12T15:00:00+00:00,63.824,63.932,63.339,63.429,2397.854
2026-02-12T16:00:00+00:00,63.431,63.468,62.52,62.548,6968.299
2026-02-12T17:00:00+00:00,62.548,62.716,62.349,62.454,2183.726
2026-02-12T18:00:00+00:00,62.472,62.551,62.426,62.426,249.025
2026-02-12T19:00:00+00:00,62.443,62.847,62.264,62.755,1787.383
2026-02-12T20:00:00+00:00,62.72,62.726,62.622,62.702,588.771
2026-02-12T21:00:00+00:00,62.696,62.73,62.645,62.73,101.576
2026-02-12T22:00:00+00:00,62.667,63.351,62.547,63.351,391.484
2026-02-12T23:00:00+00:00,62.884,62.884,62.739,62.784,769.173
2026-02-13T00:00:00+00:00,62.833,62.89,62.678,62.74,718.76
2026-02-13T01:00:00+00:00,62.678,62.802,62.645,62.658,3036.167
2026-02-13T02:00:00+00:00,62.649,62.649,62.49,62.569,803.293
2026-02-13T03:00:00+00:00,62.569,62.674,62.468,62.54,1083.762
2026-02-13T04:00:00+00:00,62.557,62.608,62.48,62.594,210.283
2026-02-13T05:00:00+00:00,62.593,62.597,62.422,62.492,478.959
2026-02-13T06:00:00+00:00,62.514,62.669,62.514,62.669,92.541
2026-02-13T07:00:00+00:00,62.599,62.599,62.536,62.57,265.041
2026-02-13T08:00:00+00:00,62.497,62.803,62.407,62.721,600.747
2026-02-13T09:00:00+00:00,62.715,62.975,62.596,62.839,537.327
2026-02-13T10:00:00+00:00,62.889,63.055,62.748,62.98,338.774
2026-02-13T11:00:00+00:00,62.933,62.933,62.0,62.228,3146.01
2026-02-13T12:00:00+00:00,62.297,62.416,62.156,62.385,402.655
2026-02-13T13:00:00+00:00,62.522,62.844,62.513,62.843,40.921
2026-02-13T14:00:00+00:00,62.712,62.763,62.239,62.501,1668.222
2026-02-13T15:00:00+00:00,62.574,62.8,62.481,62.592,1130.558
2026-02-13T16:00:00+00:00,62.516,62.8,62.396,62.534,750.622
2026-02-13T17:00:00+00:00,62.667,62.996,62.538,62.942,1534.037
2026-02-13T18:00:00+00:00,62.889,63.002,62.717,62.817,2702.955
2026-02-13T19:00:00+00:00,62.799,62.815,62.545,62.545,656.77
2026-02-13T20:00:00+00:00,62.584,62.584,62.257,62.576,1589.924
2026-02-13T21:00:00+00:00,62.705,62.705,62.704,62.704,16.38
2026-02-13T22:00:00+00:00,62.589,62.589,62.494,62.556,36.84
2026-02-13T23:00:00+00:00,62.569,63.135,62.531,63.135,59.524
2026-02-14T00:00:00+00:00,62.55,62.909,62.55,62.793,23.052
2026-02-14T01:00:00+00:00,62.782,62.821,62.408,62.408,12.364
2026-02-14T02:00:00+00:00,62.475,62.803,62.242,62.803,23.442
2026-02-14T03:00:00+00:00,62.764,62.806,62.383,62.806,17.321
2026-02-14T04:00:00+00:00,62.5,62.78,62.408,62.761,21.502
2026-02-14T05:00:00+00:00,62.739,62.739,62.738,62.738,2.078
2026-02-14T06:00:00+00:00,62.501,62.501,62.5,62.5,3.852
2026-02-14T07:00:00+00:00,62.737,62.737,62.737,62.737,0.878
2026-02-14T08:00:00+00:00,62.621,62.781,62.621,62.621,21.28
2026-02-14T09:00:00+00:00,62.621,63.106,62.62,62.831,414.631
2026-02-14T10:00:00+00:00,62.62,62.8,62.62,62.62,7.473
2026-02-14T11:00:00+00:00,62.619,62.789,62.619,62.789,10.598
2026-02-14T12:00:00+00:00,62.789,62.813,62.493,62.493,30.91
2026-02-14T13:00:00+00:00,62.776,63.03,62.486,62.486,24.977
2026-02-14T14:00:00+00:00,62.493,62.823,62.447,62.823,4.281
2026-02-14T15:00:00+00:00,62.79,62.835,62.79,62.835,1.836
2026-02-14T16:00:00+00:00,62.493,62.493,62.17,62.17,71.573
2026-02-14T17:00:00+00:00,62.412,63.1,62.411,62.862,211.155
2026-02-14T18:00:00+00:00,62.965,62.966,62.965,62.966,6.886
2026-02-14T19:00:00+00:00,62.913,62.972,62.911,62.971,57.649
2026-02-14T20:00:00+00:00,62.971,62.971,62.971,62.971,0.722
2026-02-14T21:00:00+00:00,62.971,62.996,62.56,62.56,33.886
2026-02-14T22:00:00+00:00,62.946,63.009,62.945,63.009,31.677
2026-02-14T23:00:00+00:00,63.003,63.065,62.566,63.064,1280.963
2026-02-15T00:00:00+00:00,63.064,63.064,63.064,63.064,0.0
2026-02-15T01:00:00+00:00,62.956,62.96,62.896,62.96,419.761
2026-02-15T02:00:00+00:00,62.96,62.988,62.896,62.988,215.096
2026-02-15T03:00:00+00:00,62.96,62.96,62.959,62.959,14.512
2026-02-15T04:00:00+00:00,62.96,63.016,62.96,63.016,0.4
2026-02-15T05:00:00+00:00,63.016,63.016,63.016,63.016,0.0
2026-02-15T06:00:00+00:00,63.099,63.099,63.086,63.086,59.268
2026-02-15T07:00:00+00:00,63.101,63.101,63.101,63.101,30.635
2026-02-15T08:00:00+00:00,63.101,63.101,63.101,63.101,0.346
2026-02-15T09:00:00+00:00,63.1,63.101,63.025,63.025,27.062
2026-02-15T10:00:00+00:00,63.118,63.118,63.118,63.118,0.174
2026-02-15T11:00:00+00:00,63.026,63.118,63.02,63.118,126.988
2026-02-15T12:00:00+00:00,63.118,63.329,63.035,63.035,1126.609
2026-02-15T13:00:00+00:00,63.035,63.309,63.014,63.309,172.814
2026-02-15T14:00:00+00:00,63.309,63.309,63.309,63.309,0.0
2026-02-15T15:00:00+00:00,63.307,63.307,63.171,63.171,3.632
2026-02-15T16:00:00+00:00,63.314,63.314,63.177,63.177,2.418
2026-02-15T17:00:00+00:00,63.177,63.177,63.177,63.177,0.0
2026-02-15T18:00:00+00:00,63.221,63.221,63.22,63.22,8.892
2026-02-15T19:00:00+00:00,63.233,63.28,63.233,63.28,128.282
2026-02-15T20:00:00+00:00,63.28,63.31,63.28,63.31,77.426
2026-02-15T21:00:00+00:00,63.31,63.32,63.31,63.32,110.013
2026-02-15T22:00:00+00:00,63.32,63.331,63.32,63.324,32.729
2026-02-15T23:00:00+00:00,63.294,63.294,62.716,62.773,1711.316
2026-02-16T00:00:00+00:00,62.812,62.835,62.812,62.835,1.024
2026-02-16T01:00:00+00:00,62.77,62.833,62.753,62.791,331.74
2026-02-16T02:00:00+00:00,62.783,62.863,62.687,62.813,800.758
2026-02-16T03:00:00+00:00,62.814,62.879,62.723,62.814,516.224
2026-02-16T04:00:00+00:00,62.825,62.859,62.787,62.815,492.213
2026-02-16T05:00:00+00:00,62.819,62.84,62.733,62.763,397.144
2026-02-16T06:00:00+00:00,62.754,62.877,62.731,62.823,3093.071
2026-02-16T07:00:00+00:00,62.825,62.853,62.693,62.728,3424.9
2026-02-16T08:00:00+00:00,62.729,62.732,62.415,62.421,1877.021
2026-02-16T09:00:00+00:00,62.472,62.735,62.402,62.413,2756.262
2026-02-16T10:00:00+00:00,62.403,62.915,62.376,62.863,1852.383
2026-02-16T11:00:00+00:00,62.848,62.934,62.761,62.824,271.303
2026-02-16T12:00:00+00:00,62.806,62.993,62.756,62.935,409.569
2026-02-16T13:00:00+00:00,62.926,63.049,62.868,62.98,630.582
2026-02-16T14:00:00+00:00,62.95,63.414,62.926,63.356,3911.354
2026-02-16T15:00:00+00:00,63.347,63.468,63.123,63.434,2805.848
2026-02-16T16:00:00+00:00,63.453,63.598,63.372,63.44,3058.387
2026-02-16T17:00:00+00:00,63.44,63.699,63.44,63.699,433.819
2026-02-16T18:00:00+00:00,63.753,63.753,63.632,63.653,1056.244
2026-02-16T19:00:00+00:00,63.66,63.662,63.589,63.589,277.329
2026-02-16T20:00:00+00:00,63.639,63.691,63.614,63.691,145.646
2026-02-16T21:00:00+00:00,63.614,63.652,63.614,63.652,52.714
2026-02-16T22:00:00+00:00,63.615,63.773,63.614,63.773,122.194
2026-02-16T23:00:00+00:00,63.614,63.623,63.562,63.623,1637.523
2026-02-17T00:00:00+00:00,63.614,63.65,63.614,63.615,25.128
2026-02-17T01:00:00+00:00,63.56,63.633,63.488,63.488,826.595
2026-02-17T02:00:00+00:00,63.509,63.527,63.304,63.357,6963.576
2026-02-17T03:00:00+00:00,63.358,63.4,63.301,63.357,634.69
2026-02-17T04:00:00+00:00,63.357,63.377,63.257,63.313,350.243
2026-02-17T05:00:00+00:00,63.313,63.317,63.184,63.198,399.135
2026-02-17T06:00:00+00:00,63.203,63.231,63.104,63.16,2829.567
2026-02-17T07:00:00+00:00,63.148,63.153,62.967,63.023,323.834
2026-02-17T08:00:00+00:00,63.038,63.083,62.818,62.926,995.479
2026-02-17T09:00:00+00:00,62.907,63.133,62.834,63.115,1457.822
2026-02-17T10:00:00+00:00,63.115,63.598,63.08,63.506,8569.708
2026-02-17T11:00:00+00:00,63.49,64.014,63.49,63.694,7615.135
2026-02-17T12:00:00+00:00,63.753,63.8,63.397,63.446,3394.227
2026-02-17T13:00:00+00:00,63.421,63.478,62.256,62.325,9680.963
2026-02-17T14:00:00+00:00,62.289,62.813,62.246,62.37,4629.756
2026-02-17T15:00:00+00:00,62.328,62.633,61.611,61.897,12221.659
2026-02-17T16:00:00+00:00,61.889,62.356,61.882,62.265,4108.6
2026-02-17T17:00:00+00:00,62.243,62.243,61.828,62.087,2436.557
2026-02-17T18:00:00+00:00,62.097,62.445,62.095,62.369,7904.86
2026-02-17T19:00:00+00:00,62.335,62.455,62.172,62.353,4833.773
2026-02-17T20:00:00+00:00,62.233,62.335,62.216,62.223,2211.835
2026-02-17T21:00:00+00:00,62.252,62.292,62.17,62.272,752.628
2026-02-17T22:00:00+00:00,62.259,62.259,62.216,62.259,22.525
2026-02-17T23:00:00+00:00,62.217,62.255,62.118,62.197,180.707
2026-02-18T00:00:00+00:00,62.209,62.275,62.151,62.151,505.182
2026-02-18T01:00:00+00:00,62.224,62.291,62.219,62.279,710.967
2026-02-18T02:00:00+00:00,62.293,62.386,62.27,62.312,157.225
2026-02-18T03:00:00+00:00,62.312,62.605,62.311,62.447,4094.12
2026-02-18T04:00:00+00:00,62.448,62.541,62.432,62.519,326.663
2026-02-18T05:00:00+00:00,62.536,62.536,62.434,62.434,24.791
2026-02-18T06:00:00+00:00,62.382,62.478,62.331,62.437,1625.848
2026-02-18T07:00:00+00:00,62.384,62.483,62.369,62.444,1202.881
2026-02-18T08:00:00+00:00,62.47,62.649,62.47,62.563,994.075
2026-02-18T09:00:00+00:00,62.418,62.701,62.418,62.597,4025.672
2026-02-18T10:00:00+00:00,62.641,63.077,62.58,63.077,1088.929
2026-02-18T11:00:00+00:00,63.097,63.537,63.097,63.507,4990.734
2026-02-18T12:00:00+00:00,63.609,64.107,63.489,63.974,4398.267
2026-02-18T13:00:00+00:00,64.04,64.04,63.778,63.839,2488.994
2026-02-18T14:00:00+00:00,63.763,64.661,63.704,64.353,13910.192
2026-02-18T15:00:00+00:00,64.38,64.438,64.159,64.304,9551.588
2026-02-18T16:00:00+00:00,64.339,64.715,64.271,64.683,5680.091
2026-02-18T17:00:00+00:00,64.625,65.104,64.554,65.095,3015.188
2026-02-18T18:00:00+00:00,65.075,65.261,64.856,65.198,7889.921
2026-02-18T19:00:00+00:00,65.198,65.527,64.952,65.177,7140.727
2026-02-18T20:00:00+00:00,65.178,65.617,65.103,65.325,13701.948
2026-02-18T21:00:00+00:00,65.369,65.424,64.938,65.099,3677.314
2026-02-18T22:00:00+00:00,65.097,65.517,65.041,65.449,4457.8
2026-02-18T23:00:00+00:00,65.06,65.44,64.915,65.179,3656.948
2026-02-19T00:00:00+00:00,65.179,65.269,65.09,65.2,1661.617
2026-02-19T01:00:00+00:00,65.173,65.312,65.003,65.304,2334.746
2026-02-19T02:00:00+00:00,65.303,65.428,65.285,65.393,6956.655
2026-02-19T03:00:00+00:00,65.393,65.503,65.345,65.463,2540.965
2026-02-19T04:00:00+00:00,65.474,65.526,65.23,65.252,5578.439
2026-02-19T05:00:00+00:00,65.308,65.39,65.29,65.31,1063.997
2026-02-19T06:00:00+00:00,65.33,65.384,65.255,65.305,1299.198
2026-02-19T07:00:00+00:00,65.335,65.852,65.293,65.839,5574.322
2026-02-19T08:00:00+00:00,65.825,66.296,65.756,66.275,3246.399
2026-02-19T09:00:00+00:00,66.263,66.33,65.8,65.98,21323.079
2026-02-19T10:00:00+00:00,65.964,66.291,65.832,66.088,24647.345
2026-02-19T11:00:00+00:00,66.104,66.41,65.965,66.141,3228.129
2026-02-19T12:00:00+00:00,66.19,66.31,66.059,66.2,2352.988
2026-02-19T13:00:00+00:00,66.2,66.67,66.136,66.546,6925.285
2026-02-19T14:00:00+00:00,66.5,66.62,66.1,66.454,11121.457
2026-02-19T15:00:00+00:00,66.454,66.632,65.2,66.578,57514.288
2026-02-19T16:00:00+00:00,66.558,66.706,66.348,66.676,8869.653
2026-02-19T17:00:00+00:00,66.702,66.818,66.469,66.598,14069.854
2026-02-19T18:00:00+00:00,66.571,66.627,66.2,66.511,31584.307
2026-02-19T19:00:00+00:00,66.511,66.614,66.39,66.614,8040.594
2026-02-19T20:00:00+00:00,66.581,66.83,66.561,66.807,6362.796
2026-02-19T21:00:00+00:00,66.838,66.865,66.01,66.669,33637.037
2026-02-19T22:00:00+00:00,66.697,66.737,66.656,66.677,1669.693
2026-02-19T23:00:00+00:00,66.677,66.677,66.46,66.46,2635.985
2026-02-20T00:00:00+00:00,66.468,66.517,66.312,66.517,2537.429
2026-02-20T01:00:00+00:00,66.46,66.758,66.437,66.584,10070.747
2026-02-20T02:00:00+00:00,66.606,66.864,66.595,66.649,5805.53
2026-02-20T03:00:00+00:00,66.647,66.716,66.552,66.704,4636.837
2026-02-20T04:00:00+00:00,66.662,66.77,66.654,66.735,2698.378
2026-02-20T05:00:00+00:00,66.775,67.031,66.767,66.889,4870.727
2026-02-20T06:00:00+00:00,66.89,67.097,66.771,66.771,6495.754
2026-02-20T07:00:00+00:00,66.782,66.828,66.352,66.352,5734.172
2026-02-20T08:00:00+00:00,66.371,66.442,65.842,66.103,33215.566
2026-02-20T09:00:00+00:00,66.125,66.552,65.928,66.117,27482.0
2026-02-20T10:00:00+00:00,66.107,66.152,65.937,66.038,8533.817
2026-02-20T11:00:00+00:00,66.068,66.32,65.787,65.963,19089.731
2026-02-20T12:00:00+00:00,65.944,66.177,65.921,66.137,5919.405
2026-02-20T13:00:00+00:00,66.137,66.247,66.01,66.233,4916.034
2026-02-20T14:00:00+00:00,66.234,66.47,65.889,66.268,18276.703
2026-02-20T15:00:00+00:00,66.283,66.645,65.871,65.933,27177.786
2026-02-20T16:00:00+00:00,65.939,66.314,65.822,66.163,12896.902
2026-02-20T17:00:00+00:00,66.176,66.52,66.125,66.489,12092.099
2026-02-20T18:00:00+00:00,66.489,66.761,66.37,66.674,9517.632
2026-02-20T19:00:00+00:00,66.56,66.569,66.355,66.471,12513.689
2026-02-20T20:00:00+00:00,66.521,66.529,66.285,66.412,5057.955
2026-02-20T21:00:00+00:00,66.437,66.491,66.362,66.414,2732.521
2026-02-20T22:00:00+00:00,66.396,66.6,66.396,66.6,1164.233
2026-02-20T23:00:00+00:00,66.57,66.6,66.543,66.6,341.063
2026-02-21T00:00:00+00:00,66.6,66.678,66.587,66.678,421.062
2026-02-21T01:00:00+00:00,66.678,66.759,66.629,66.759,1000.055
2026-02-21T02:00:00+00:00,66.76,66.871,66.642,66.757,479.778
2026-02-21T03:00:00+00:00,66.81,66.81,66.783,66.783,141.652
2026-02-21T04:00:00+00:00,66.783,66.899,66.783,66.803,313.746
2026-02-21T05:00:00+00:00,66.803,66.914,66.803,66.803,86.255
2026-02-21T06:00:00+00:00,66.914,66.928,66.804,66.928,136.647
2026-02-21T07:00:00+00:00,66.83,66.928,66.83,66.928,90.328
2026-02-21T08:00:00+00:00,66.83,66.981,66.83,66.88,1014.858
2026-02-21T09:00:00+00:00,66.981,67.055,66.942,67.055,268.297
2026-02-21T10:00:00+00:00,67.055,67.144,66.995,66.996,379.151
2026-02-21T11:00:00+00:00,67.144,67.167,66.995,66.998,567.799
2026-02-21T12:00:00+00:00,66.998,67.181,66.998,67.181,213.914
2026-02-21T13:00:00+00:00,67.18,67.212,67.068,67.156,466.955
2026-02-21T14:00:00+00:00,67.102,67.156,67.1,67.156,45.224
2026-02-21T15:00:00+00:00,67.156,67.156,67.126,67.143,107.974
2026-02-21T16:00:00+00:00,67.127,67.143,67.1,67.143,860.342
2026-02-21T17:00:00+00:00,67.102,67.212,67.101,67.212,1145.82
2026-02-21T18:00:00+00:00,67.212,67.212,67.102,67.212,115.054
2026-02-21T19:00:00+00:00,67.212,67.212,67.145,67.212,8.631
2026-02-21T20:00:00+00:00,67.145,67.255,67.102,67.255,1098.831
2026-02-21T21:00:00+00:00,67.255,67.33,67.135,67.33,411.835
2026-02-21T22:00:00+00:00,67.33,67.33,67.258,67.33,283.68
2026-02-21T23:00:00+00:00,67.33,67.33,67.075,67.329,98.498
2026-02-22T00:00:00+00:00,67.33,67.33,67.33,67.33,29.728
2026-02-22T01:00:00+00:00,67.222,67.334,67.222,67.222,285.495
2026-02-22T02:00:00+00:00,67.334,67.334,67.222,67.334,101.762
2026-02-22T03:00:00+00:00,67.222,67.624,67.222,67.497,2646.335
2026-02-22T04:00:00+00:00,67.5,67.646,66.691,66.9,8865.319
2026-02-22T05:00:00+00:00,67.03,67.049,66.806,66.806,2124.204
2026-02-22T06:00:00+00:00,67.022,67.023,66.806,66.806,1271.327
2026-02-22T07:00:00+00:00,67.019,67.021,66.82,66.82,29.477
2026-02-22T08:00:00+00:00,66.819,66.928,66.529,66.928,2897.095
2026-02-22T09:00:00+00:00,66.85,67.022,66.85,67.022,2339.991
2026-02-22T10:00:00+00:00,67.011,67.028,67.0,67.027,475.921
2026-02-22T11:00:00+00:00,67.0,67.0,67.0,67.0,2258.394
2026-02-22T12:00:00+00:00,67.013,67.039,67.0,67.039,476.892
2026-02-22T13:00:00+00:00,67.017,67.039,67.0,67.0,343.139
2026-02-22T14:00:00+00:00,67.045,67.063,67.019,67.062,128.916
2026-02-22T15:00:00+00:00,67.061,67.09,67.0,67.09,740.893
2026-02-22T16:00:00+00:00,67.089,67.117,67.023,67.117,96.921
2026-02-22T17:00:00+00:00,67.117,67.204,67.017,67.204,855.962
2026-02-22T18:00:00+00:00,67.203,67.388,67.2,67.388,1102.309
2026-02-22T19:00:00+00:00,67.388,67.734,67.3,67.666,3951.165
2026-02-22T20:00:00+00:00,67.666,68.253,67.587,67.94,6077.69
2026-02-22T21:00:00+00:00,67.874,67.94,67.669,67.78,3125.482
2026-02-22T22:00:00+00:00,67.78,67.781,67.305,67.556,4851.979
2026-02-22T23:00:00+00:00,67.274,67.412,65.7,66.083,24858.497
2026-02-23T00:00:00+00:00,66.064,66.096,65.692,65.702,11604.513
2026-02-23T01:00:00+00:00,65.699,65.999,65.607,65.999,7592.421
2026-02-23T02:00:00+00:00,65.966,66.094,65.966,65.972,7881.587
2026-02-23T03:00:00+00:00,65.972,65.988,65.771,65.774,4528.281
2026-02-23T04:00:00+00:00,65.774,65.808,65.586,65.647,3719.083
2026-02-23T05:00:00+00:00,65.654,65.826,65.654,65.821,2703.879
2026-02-23T06:00:00+00:00,65.751,65.817,65.683,65.713,1526.315
2026-02-23T07:00:00+00:00,65.744,65.84,65.594,65.728,7061.528
2026-02-23T08:00:00+00:00,65.739,65.978,65.69,65.953,10472.026
2026-02-23T09:00:00+00:00,65.92,66.369,65.863,66.273,8760.058
2026-02-23T10:00:00+00:00,66.279,66.291,66.111,66.22,8322.553
2026-02-23T11:00:00+00:00,66.146,66.522,66.083,66.493,3511.349
2026-02-23T12:00:00+00:00,66.526,66.785,66.504,66.728,6475.723
2026-02-23T13:00:00+00:00,66.76,66.988,66.61,66.98,3435.016
2026-02-23T14:00:00+00:00,66.985,67.236,66.808,67.032,10861.321
2026-02-23T15:00:00+00:00,67.064,67.301,66.835,66.852,7139.798
2026-02-23T16:00:00+00:00,66.821,67.169,66.344,66.441,16278.749
2026-02-23T17:00:00+00:00,66.412,66.486,66.14,66.271,6402.363
2026-02-23T18:00:00+00:00,66.253,66.412,66.182,66.27,3398.552
2026-02-23T19:00:00+00:00,66.253,66.435,66.164,66.388,3645.276
2026-02-23T20:00:00+00:00,66.374,66.542,66.374,66.471,5095.005
2026-02-23T21:00:00+00:00,66.471,66.529,66.4,66.41,25700.072
2026-02-23T22:00:00+00:00,66.427,66.572,66.427,66.531,4806.807
2026-02-23T23:00:00+00:00,66.529,66.532,66.397,66.404,53097.052
2026-02-24T00:00:00+00:00,66.417,66.472,66.288,66.387,11211.744
2026-02-24T01:00:00+00:00,66.352,66.539,66.122,66.52,13529.165
2026-02-24T02:00:00+00:00,66.52,66.842,66.5,66.835,9039.458
2026-02-24T03:00:00+00:00,66.829,66.984,66.816,66.934,6817.796
2026-02-24T04:00:00+00:00,66.934,66.954,66.798,66.807,10880.062
2026-02-24T05:00:00+00:00,66.799,67.332,66.656,66.923,69605.424
2026-02-24T06:00:00+00:00,66.914,66.914,66.741,66.857,3920.326
2026-02-24T07:00:00+00:00,66.856,66.87,66.529,66.562,17546.887
2026-02-24T08:00:00+00:00,66.562,66.593,66.318,66.542,26223.366
2026-02-24T09:00:00+00:00,66.543,66.678,66.349,66.653,30348.448
2026-02-24T10:00:00+00:00,66.678,66.706,66.266,66.342,11514.933
2026-02-24T11:00:00+00:00,66.311,66.466,66.227,66.433,3923.922
2026-02-24T12:00:00+00:00,66.395,66.697,66.334,66.697,6894.908
2026-02-24T13:00:00+00:00,66.697,67.353,66.697,66.953,41831.263
2026-02-24T14:00:00+00:00,66.954,66.993,66.483,66.586,14757.379
2026-02-24T15:00:00+00:00,66.571,66.72,65.708,65.973,27183.597
2026-02-24T16:00:00+00:00,65.944,66.279,65.883,66.013,10319.705
2026-02-24T17:00:00+00:00,66.025,66.356,65.766,65.883,4748.892
2026-02-24T18:00:00+00:00,65.886,66.089,65.84,65.99,3137.684
2026-02-24T19:00:00+00:00,65.961,65.981,65.631,65.958,2655.45
2026-02-24T20:00:00+00:00,65.867,66.497,65.867,66.345,7287.873
2026-02-24T21:00:00+00:00,66.389,66.389,66.148,66.168,1028.932
2026-02-24T22:00:00+00:00,66.175,66.243,66.125,66.14,5415.882
2026-02-24T23:00:00+00:00,66.142,66.169,66.02,66.039,846.056
2026-02-25T00:00:00+00:00,66.096,66.293,66.046,66.181,2275.525
2026-02-25T01:00:00+00:00,66.191,66.37,66.056,66.157,3933.839
2026-02-25T02:00:00+00:00,66.164,66.366,66.164,66.333,1522.871
2026-02-25T03:00:00+00:00,66.434,66.642,66.067,66.101,8227.798
2026-02-25T04:00:00+00:00,66.036,66.147,66.036,66.14,695.329
2026-02-25T05:00:00+00:00,66.091,66.146,66.032,66.078,8797.029
2026-02-25T06:00:00+00:00,66.067,66.067,65.796,65.975,1313.551
2026-02-25T07:00:00+00:00,66.009,66.15,65.918,65.979,6394.637
2026-02-25T08:00:00+00:00,65.958,66.056,65.826,66.056,3548.594
2026-02-25T09:00:00+00:00,66.036,66.134,65.541,65.735,11125.153
2026-02-25T10:00:00+00:00,65.692,66.094,65.692,65.937,10776.453
2026-02-25T11:00:00+00:00,65.986,66.013,65.862,65.912,5606.237
2026-02-25T12:00:00+00:00,65.894,66.323,65.878,66.283,15561.753
2026-02-25T13:00:00+00:00,66.266,66.326,65.931,65.953,8066.468
2026-02-25T14:00:00+00:00,65.98,66.062,65.301,65.331,14609.676
2026-02-25T15:00:00+00:00,65.328,65.651,65.286,65.434,22280.788
2026-02-25T16:00:00+00:00,65.41,65.586,65.185,65.474,20029.236
2026-02-25T17:00:00+00:00,65.536,65.609,65.409,65.609,4182.336
2026-02-25T18:00:00+00:00,65.538,65.806,65.529,65.638,2068.187
2026-02-25T19:00:00+00:00,65.635,65.738,65.4,65.738,2538.939
2026-02-25T20:00:00+00:00,65.738,65.738,65.485,65.495,4294.017
2026-02-25T21:00:00+00:00,65.51,65.677,65.482,65.654,7124.33
2026-02-25T22:00:00+00:00,65.647,65.723,65.632,65.632,2226.958
2026-02-25T23:00:00+00:00,65.757,65.757,65.661,65.669,3119.418
2026-02-26T00:00:00+00:00,65.651,65.862,65.599,65.796,2252.517
2026-02-26T01:00:00+00:00,65.78,65.78,65.598,65.705,2537.307
2026-02-26T02:00:00+00:00,65.645,65.672,65.365,65.467,1138.11
2026-02-26T03:00:00+00:00,65.473,65.589,65.463,65.548,3215.847
2026-02-26T04:00:00+00:00,65.601,65.635,65.59,65.63,223.386
2026-02-26T05:00:00+00:00,65.622,65.696,65.521,65.535,2169.77
2026-02-26T06:00:00+00:00,65.576,65.589,65.458,65.532,1082.139
2026-02-26T07:00:00+00:00,65.528,65.662,65.435,65.535,11118.956
2026-02-26T08:00:00+00:00,65.54,65.643,65.486,65.491,4178.119
2026-02-26T09:00:00+00:00,65.448,65.448,64.831,65.152,13266.114
2026-02-26T10:00:00+00:00,65.154,65.154,64.228,64.385,27049.269
2026-02-26T11:00:00+00:00,64.376,64.652,64.34,64.34,8261.18
2026-02-26T12:00:00+00:00,64.35,64.422,63.849,64.182,17561.065
2026-02-26T13:00:00+00:00,64.106,64.49,63.648,64.433,21379.319
2026-02-26T14:00:00+00:00,64.416,64.726,64.094,64.726,14348.037
2026-02-26T15:00:00+00:00,64.795,66.557,64.795,66.557,41362.26
2026-02-26T16:00:00+00:00,66.44,66.692,65.949,66.454,20153.839
2026-02-26T17:00:00+00:00,66.444,66.577,66.147,66.504,3972.809
2026-02-26T18:00:00+00:00,66.506,66.648,65.021,65.662,77518.19
2026-02-26T19:00:00+00:00,65.728,65.793,64.931,65.335,73270.528
2026-02-26T20:00:00+00:00,65.341,65.573,65.276,65.476,1311.923
2026-02-26T21:00:00+00:00,65.494,65.591,65.425,65.462,2596.251
2026-02-26T22:00:00+00:00,65.462,65.547,65.402,65.547,2583.745
2026-02-26T23:00:00+00:00,65.476,65.53,65.233,65.277,1670.407
2026-02-27T00:00:00+00:00,65.208,65.316,65.167,65.292,1946.288
2026-02-27T01:00:00+00:00,65.254,65.254,64.906,65.062,2639.037
2026-02-27T02:00:00+00:00,65.116,65.124,64.994,65.022,3095.981
2026-02-27T03:00:00+00:00,65.092,65.369,65.075,65.335,2228.551
2026-02-27T04:00:00+00:00,65.339,65.463,65.29,65.328,1703.947
2026-02-27T05:00:00+00:00,65.435,65.667,65.41,65.529,2439.081
2026-02-27T06:00:00+00:00,65.604,65.76,65.519,65.727,6553.013
2026-02-27T07:00:00+00:00,65.739,65.782,65.702,65.738,642.732
2026-02-27T08:00:00+00:00,65.743,66.024,65.582,65.721,5170.643
2026-02-27T09:00:00+00:00,65.703,66.461,65.653,66.461,6106.487
2026-02-27T10:00:00+00:00,66.499,66.892,66.15,66.595,29307.684
2026-02-27T11:00:00+00:00,66.586,66.942,66.509,66.912,8760.067
2026-02-27T12:00:00+00:00,66.885,67.065,66.788,67.041,3277.868
2026-02-27T13:00:00+00:00,67.1,67.788,67.095,67.75,36904.872
2026-02-27T14:00:00+00:00,67.761,67.825,66.935,67.014,30174.046
2026-02-27T15:00:00+00:00,67.004,67.543,66.225,67.007,31576.702
2026-02-27T16:00:00+00:00,66.952,67.007,66.489,66.6,11760.505
2026-02-27T17:00:00+00:00,66.6,66.907,66.25,66.898,30062.699
2026-02-27T18:00:00+00:00,66.899,67.209,66.811,67.2,15313.696
2026-02-27T19:00:00+00:00,67.181,67.388,66.987,67.271,31971.591
2026-02-27T20:00:00+00:00,67.271,67.576,67.188,67.398,12204.277
2026-02-27T21:00:00+00:00,67.338,67.616,67.154,67.53,8983.633
2026-02-27T22:00:00+00:00,67.53,70.654,67.443,70.038,34424.374
2026-02-27T23:00:00+00:00,70.076,70.092,68.603,68.603,19003.694
2026-02-28T00:00:00+00:00,68.526,68.674,68.521,68.521,2687.192
2026-02-28T01:00:00+00:00,68.522,68.701,68.425,68.535,1264.703
2026-02-28T02:00:00+00:00,68.535,68.802,68.1,68.504,5646.862
2026-02-28T03:00:00+00:00,68.596,68.74,68.134,68.572,3107.092
2026-02-28T04:00:00+00:00,68.566,68.683,68.486,68.683,1499.883
2026-02-28T05:00:00+00:00,68.683,68.719,68.494,68.71,1177.93
2026-02-28T06:00:00+00:00,68.71,70.654,68.71,70.654,31744.92
2026-02-28T07:00:00+00:00,70.654,70.654,70.5,70.654,6510.084
2026-02-28T08:00:00+00:00,70.654,70.654,70.654,70.654,8968.425
2026-02-28T09:00:00+00:00,70.654,70.654,70.654,70.654,54.217
2026-02-28T10:00:00+00:00,70.654,70.654,70.654,70.654,1169.28
2026-02-28T11:00:00+00:00,70.654,70.654,70.654,70.654,3656.216
2026-02-28T12:00:00+00:00,70.654,70.654,70.654,70.654,1693.254
2026-02-28T13:00:00+00:00,70.654,70.654,70.654,70.654,1560.258
2026-02-28T14:00:00+00:00,70.654,70.654,70.555,70.654,13274.358
2026-02-28T15:00:00+00:00,70.654,70.654,70.654,70.654,1345.142
2026-02-28T16:00:00+00:00,70.654,70.654,70.654,70.654,156.158
2026-02-28T17:00:00+00:00,70.654,70.654,70.654,70.654,469.347
2026-02-28T18:00:00+00:00,70.654,70.654,70.654,70.654,1001.406
2026-02-28T19:00:00+00:00,70.654,70.654,70.654,70.654,4409.303
2026-02-28T20:00:00+00:00,70.654,70.654,70.654,70.654,1481.426
2026-02-28T21:00:00+00:00,70.654,70.654,70.654,70.654,4983.766
2026-02-28T22:00:00+00:00,70.654,70.654,70.654,70.654,5376.473
2026-02-28T23:00:00+00:00,70.654,70.654,70.654,70.654,2972.609
2026-03-01T00:00:00+00:00,70.654,70.654,70.654,70.654,54.536
2026-03-01T01:00:00+00:00,70.654,70.654,70.654,70.654,189.379
2026-03-01T02:00:00+00:00,70.654,70.654,70.654,70.654,2259.46
2026-03-01T03:00:00+00:00,70.654,70.654,70.654,70.654,1000.463
2026-03-01T04:00:00+00:00,70.654,70.654,70.654,70.654,306.452
2026-03-01T05:00:00+00:00,70.654,70.654,70.654,70.654,33.796
2026-03-01T06:00:00+00:00,70.654,70.654,70.654,70.654,87.767
2026-03-01T07:00:00+00:00,70.654,70.654,70.654,70.654,130.375
2026-03-01T08:00:00+00:00,70.654,70.654,70.654,70.654,1263.684
2026-03-01T09:00:00+00:00,70.654,70.654,70.654,70.654,10.742
2026-03-01T10:00:00+00:00,70.654,70.654,70.654,70.654,28972.124
2026-03-01T11:00:00+00:00,70.654,70.654,70.654,70.654,661.657
2026-03-01T12:00:00+00:00,70.654,70.654,70.654,70.654,3.144
2026-03-01T13:00:00+00:00,70.654,70.654,70.654,70.654,31.988
2026-03-01T14:00:00+00:00,70.654,70.654,70.654,70.654,4453.652
2026-03-01T15:00:00+00:00,70.654,70.654,70.654,70.654,5.426
2026-03-01T16:00:00+00:00,70.654,70.654,70.654,70.654,1.0
2026-03-01T17:00:00+00:00,70.654,70.654,70.654,70.654,83.485
2026-03-01T18:00:00+00:00,70.654,70.654,70.654,70.654,868.424
2026-03-01T19:00:00+00:00,70.654,70.654,70.654,70.654,47.581
2026-03-01T20:00:00+00:00,70.654,70.654,70.654,70.654,52.071
2026-03-01T21:00:00+00:00,70.654,70.654,70.654,70.654,70.917
2026-03-01T22:00:00+00:00,70.654,70.654,70.654,70.654,88.056
2026-03-01T23:00:00+00:00,70.654,75.733,70.654,72.052,352560.718
2026-03-02T00:00:00+00:00,72.052,72.26,71.642,71.888,72729.657
2026-03-02T01:00:00+00:00,71.9,71.953,69.45,69.752,171980.843
2026-03-02T02:00:00+00:00,69.757,70.449,69.406,70.141,85845.242
2026-03-02T03:00:00+00:00,70.141,71.214,70.078,70.816,27932.459
2026-03-02T04:00:00+00:00,70.816,71.453,70.559,71.277,15061.472
2026-03-02T05:00:00+00:00,71.274,71.606,70.98,71.606,34298.119
2026-03-02T06:00:00+00:00,71.606,72.378,71.601,72.032,49262.027
2026-03-02T07:00:00+00:00,72.037,73.379,72.037,73.277,113403.869
2026-03-02T08:00:00+00:00,73.276,73.393,72.137,72.562,62832.936
2026-03-02T09:00:00+00:00,72.512,72.57,71.859,72.477,28519.372
2026-03-02T10:00:00+00:00,72.469,72.469,71.333,72.052,37195.87
2026-03-02T11:00:00+00:00,72.081,72.667,71.094,72.001,75352.399
2026-03-02T12:00:00+00:00,71.976,72.978,71.976,72.65,22754.802
2026-03-02T13:00:00+00:00,72.642,72.642,71.775,72.424,29783.265
2026-03-02T14:00:00+00:00,72.298,72.581,70.696,71.076,104886.614
2026-03-02T15:00:00+00:00,71.083,71.851,70.915,71.285,92013.343
2026-03-02T16:00:00+00:00,71.28,71.388,70.099,70.88,78941.628
2026-03-02T17:00:00+00:00,70.88,70.975,70.224,70.644,44266.861
2026-03-02T18:00:00+00:00,70.634,71.28,70.354,71.137,20007.696
2026-03-02T19:00:00+00:00,71.127,71.383,70.865,70.937,19756.78
2026-03-02T20:00:00+00:00,70.943,73.0,70.943,71.592,183921.852
2026-03-02T21:00:00+00:00,71.595,72.104,70.931,71.019,79048.875
2026-03-02T22:00:00+00:00,71.02,71.369,70.007,70.999,34546.665
2026-03-02T23:00:00+00:00,70.999,71.51,70.413,70.984,57991.345
2026-03-03T00:00:00+00:00,70.984,71.762,70.979,71.703,28036.36
2026-03-03T01:00:00+00:00,71.712,72.195,71.704,71.781,28357.203
2026-03-03T02:00:00+00:00,71.771,72.58,71.58,72.481,23353.793
2026-03-03T03:00:00+00:00,72.492,72.79,72.376,72.477,10234.213
2026-03-03T04:00:00+00:00,72.476,72.8,72.321,72.712,10118.762
2026-03-03T05:00:00+00:00,72.726,73.383,72.57,72.897,35576.734
2026-03-03T06:00:00+00:00,72.876,73.0,72.313,73.0,177898.999
2026-03-03T07:00:00+00:00,73.0,74.104,72.925,73.78,136677.295
2026-03-03T08:00:00+00:00,73.734,74.415,73.393,74.415,137770.019
2026-03-03T09:00:00+00:00,74.381,75.525,74.292,75.2,93574.363
2026-03-03T10:00:00+00:00,75.212,77.124,74.847,76.519,171163.799
2026-03-03T11:00:00+00:00,76.46,77.497,75.904,77.12,131912.598
2026-03-03T12:00:00+00:00,77.108,77.54,75.644,75.886,146662.341
2026-03-03T13:00:00+00:00,75.904,76.493,75.342,76.134,119945.063
2026-03-03T14:00:00+00:00,76.147,78.029,76.147,76.729,310607.089
2026-03-03T15:00:00+00:00,76.758,77.602,76.472,76.901,331648.208
2026-03-03T16:00:00+00:00,76.933,77.248,74.067,75.886,243587.605
2026-03-03T17:00:00+00:00,75.907,76.425,75.007,75.527,77405.306
2026-03-03T18:00:00+00:00,75.499,75.499,73.638,74.665,125693.271
2026-03-03T19:00:00+00:00,74.606,74.873,71.72,73.612,543396.879
2026-03-03T20:00:00+00:00,73.637,74.19,73.08,74.094,94255.04
2026-03-03T21:00:00+00:00,74.061,75.173,74.034,74.852,87264.429
2026-03-03T22:00:00+00:00,74.802,75.1,74.3,74.581,11185.955
2026-03-03T23:00:00+00:00,74.594,75.613,74.58,75.597,55159.707
2026-03-04T00:00:00+00:00,75.544,75.779,74.286,74.986,56317.557
2026-03-04T01:00:00+00:00,74.986,75.735,74.433,74.979,94236.728
2026-03-04T02:00:00+00:00,74.957,75.525,74.8,75.029,41208.668
2026-03-04T03:00:00+00:00,75.024,75.333,74.684,75.117,31401.595
2026-03-04T04:00:00+00:00,75.167,75.598,75.025,75.495,50353.002
2026-03-04T05:00:00+00:00,75.504,76.357,75.275,75.976,80003.55
2026-03-04T06:00:00+00:00,75.926,76.91,75.831,76.88,64769.228
2026-03-04T07:00:00+00:00,76.867,77.086,76.299,76.476,105988.417
2026-03-04T08:00:00+00:00,76.418,77.173,76.049,76.66,250899.236
2026-03-04T09:00:00+00:00,76.661,76.841,75.534,76.743,122467.475
2026-03-04T10:00:00+00:00,76.75,76.75,74.704,75.142,327290.48
2026-03-04T11:00:00+00:00,75.142,75.581,74.372,74.848,86490.682
2026-03-04T12:00:00+00:00,74.838,75.224,74.183,74.641,352126.119
2026-03-04T13:00:00+00:00,74.655,74.663,73.268,73.88,178116.337
2026-03-04T14:00:00+00:00,73.908,75.14,73.653,74.312,191517.396
2026-03-04T15:00:00+00:00,74.361,74.54,73.728,74.25,132233.335
2026-03-04T16:00:00+00:00,74.271,74.758,73.664,74.193,107882.63
2026-03-04T17:00:00+00:00,74.206,75.24,74.118,75.162,127851.517
2026-03-04T18:00:00+00:00,75.174,75.24,74.721,74.876,74055.03
2026-03-04T19:00:00+00:00,74.862,74.862,74.373,74.559,40042.461
2026-03-04T20:00:00+00:00,74.568,75.43,74.568,75.388,51210.628
2026-03-04T21:00:00+00:00,75.369,76.276,75.304,76.073,47589.833
2026-03-04T22:00:00+00:00,76.054,76.465,75.545,75.767,22508.79
2026-03-04T23:00:00+00:00,75.829,76.12,75.781,75.91,32444.309
2026-03-05T00:00:00+00:00,75.923,75.923,75.488,75.706,21465.001
2026-03-05T01:00:00+00:00,75.706,76.999,75.706,76.973,80625.132
2026-03-05T02:00:00+00:00,76.999,77.466,76.818,77.451,47684.508
2026-03-05T03:00:00+00:00,77.43,77.43,76.95,77.046,51070.488
2026-03-05T04:00:00+00:00,77.051,77.602,77.001,77.323,28872.734
2026-03-05T05:00:00+00:00,77.353,78.103,77.303,77.76,41811.773
2026-03-05T06:00:00+00:00,77.724,77.826,76.153,76.674,355987.078
2026-03-05T07:00:00+00:00,76.713,77.354,76.652,77.213,66640.034
2026-03-05T08:00:00+00:00,77.172,77.72,76.9,77.059,154104.458
2026-03-05T09:00:00+00:00,77.057,77.181,74.996,76.313,478554.114
2026-03-05T10:00:00+00:00,76.367,76.652,76.112,76.449,40313.987
2026-03-05T11:00:00+00:00,76.459,77.182,76.305,77.075,56682.217
2026-03-05T12:00:00+00:00,77.054,77.489,76.661,77.206,66831.647
2026-03-05T13:00:00+00:00,77.188,77.342,76.603,77.096,135553.841
2026-03-05T14:00:00+00:00,77.078,78.353,76.827,77.934,141362.368
2026-03-05T15:00:00+00:00,77.923,79.066,77.631,78.598,129685.144
2026-03-05T16:00:00+00:00,78.653,79.957,78.311,79.203,166172.895
2026-03-05T17:00:00+00:00,79.135,79.802,78.804,79.653,120063.878
2026-03-05T18:00:00+00:00,79.621,81.14,79.062,80.896,84399.411
2026-03-05T19:00:00+00:00,80.797,81.704,80.582,81.567,281222.204
2026-03-05T20:00:00+00:00,81.567,82.082,79.329,79.802,278879.866
2026-03-05T21:00:00+00:00,79.8,79.968,78.549,78.878,135869.945
2026-03-05T22:00:00+00:00,78.923,80.44,78.851,80.416,22801.675
2026-03-05T23:00:00+00:00,80.384,80.415,78.865,79.477,120218.159
2026-03-06T00:00:00+00:00,79.417,79.565,78.554,78.717,98019.074
2026-03-06T01:00:00+00:00,78.68,79.923,78.249,79.873,57141.131
2026-03-06T02:00:00+00:00,79.88,79.912,79.222,79.696,25272.636
2026-03-06T03:00:00+00:00,79.731,80.244,79.534,80.132,16840.964
2026-03-06T04:00:00+00:00,80.112,80.163,79.842,80.108,12924.263
2026-03-06T05:00:00+00:00,80.108,80.518,79.758,80.427,18545.891
2026-03-06T06:00:00+00:00,80.407,81.009,80.289,80.745,51534.195
2026-03-06T07:00:00+00:00,80.805,81.178,80.323,81.175,33830.061
2026-03-06T08:00:00+00:00,81.137,81.6,80.888,81.185,142503.523
2026-03-06T09:00:00+00:00,81.07,84.734,80.963,84.585,435551.938
2026-03-06T10:00:00+00:00,84.55,84.585,83.485,83.868,222935.884
2026-03-06T11:00:00+00:00,83.858,86.14,83.814,86.001,175192.158
2026-03-06T12:00:00+00:00,86.006,86.489,85.127,85.88,168662.581
2026-03-06T13:00:00+00:00,85.856,87.59,84.7,87.212,592498.831
2026-03-06T14:00:00+00:00,87.191,89.489,86.764,88.486,485682.485
2026-03-06T15:00:00+00:00,88.439,89.25,87.192,88.429,358958.668
2026-03-06T16:00:00+00:00,88.469,89.7,87.701,89.623,412975.274
2026-03-06T17:00:00+00:00,89.689,92.112,88.94,91.985,427758.029
2026-03-06T18:00:00+00:00,91.997,92.041,89.109,91.4,375476.653
2026-03-06T19:00:00+00:00,91.425,91.425,89.95,91.061,187820.004
2026-03-06T20:00:00+00:00,91.057,91.103,90.228,90.692,140099.327
2026-03-06T21:00:00+00:00,90.678,91.419,90.451,91.121,146951.051
2026-03-06T22:00:00+00:00,91.121,91.188,88.6,89.572,115426.457
2026-03-06T23:00:00+00:00,89.512,90.36,88.455,89.721,59515.773
2026-03-07T00:00:00+00:00,89.721,90.81,89.604,89.944,49636.318
2026-03-07T01:00:00+00:00,89.944,90.7,89.5,89.576,24726.386
2026-03-07T02:00:00+00:00,89.576,90.193,89.316,89.744,25512.618
2026-03-07T03:00:00+00:00,89.672,90.534,89.571,89.649,24355.128
2026-03-07T04:00:00+00:00,89.655,93.437,89.637,92.151,150944.562
2026-03-07T05:00:00+00:00,92.151,92.97,91.359,92.684,40199.682
2026-03-07T06:00:00+00:00,92.684,93.506,92.142,92.287,49310.638
2026-03-07T07:00:00+00:00,92.287,93.592,91.715,92.972,50765.672
2026-03-07T08:00:00+00:00,93.04,93.777,91.4,93.501,105380.787
2026-03-07T09:00:00+00:00,93.498,93.583,91.434,91.76,60354.592
2026-03-07T10:00:00+00:00,91.764,92.28,90.014,92.207,69336.527
2026-03-07T11:00:00+00:00,92.271,92.299,90.0,90.733,68670.742
2026-03-07T12:00:00+00:00,90.82,92.928,90.703,91.773,62135.199
2026-03-07T13:00:00+00:00,91.847,92.7,91.118,91.848,53708.184
2026-03-07T14:00:00+00:00,91.848,92.25,91.0,91.249,46575.055
2026-03-07T15:00:00+00:00,91.29,91.964,91.0,91.311,46293.662
2026-03-07T16:00:00+00:00,91.311,91.658,90.1,90.913,100326.744
2026-03-07T17:00:00+00:00,90.913,91.836,90.464,90.827,46262.803
2026-03-07T18:00:00+00:00,90.854,91.425,90.4,91.307,46840.374
2026-03-07T19:00:00+00:00,91.345,93.69,91.1,93.093,101180.162
2026-03-07T20:00:00+00:00,93.093,93.333,91.82,92.731,75505.327
2026-03-07T21:00:00+00:00,92.735,93.799,92.4,93.024,53488.72
2026-03-07T22:00:00+00:00,93.025,94.671,92.925,94.24,97058.123
2026-03-07T23:00:00+00:00,94.102,95.203,94.02,94.35,110513.918
2026-03-08T00:00:00+00:00,94.349,95.615,94.2,95.01,99132.283
2026-03-08T01:00:00+00:00,95.01,95.799,94.5,95.422,112158.368
2026-03-08T02:00:00+00:00,95.422,95.833,95.031,95.829,65373.468
2026-03-08T03:00:00+00:00,95.682,95.833,95.433,95.52,39121.054
2026-03-08T04:00:00+00:00,95.52,95.833,95.433,95.738,55839.535
2026-03-08T05:00:00+00:00,95.736,95.833,95.71,95.833,36516.761
2026-03-08T06:00:00+00:00,95.833,95.833,95.71,95.788,36168.246
2026-03-08T07:00:00+00:00,95.788,95.833,95.517,95.614,46259.184
2026-03-08T08:00:00+00:00,95.641,95.833,94.541,94.729,56616.789
2026-03-08T09:00:00+00:00,94.632,95.832,94.274,94.274,113564.717
2026-03-08T10:00:00+00:00,94.274,95.8,92.423,94.847,165461.001
2026-03-08T11:00:00+00:00,94.752,95.66,94.064,95.203,84684.37
2026-03-08T12:00:00+00:00,95.196,95.7,94.65,95.563,100554.782
2026-03-08T13:00:00+00:00,95.633,95.83,94.926,95.054,74710.033
2026-03-08T14:00:00+00:00,95.054,95.5,94.507,95.212,73880.774
2026-03-08T15:00:00+00:00,95.212,95.4,94.4,94.862,47345.038
2026-03-08T16:00:00+00:00,94.862,95.327,94.66,95.083,59251.095
2026-03-08T17:00:00+00:00,95.083,95.812,94.96,95.777,78211.6
2026-03-08T18:00:00+00:00,95.777,95.833,95.652,95.833,28382.56
2026-03-08T19:00:00+00:00,95.833,95.833,95.833,95.833,13489.912
2026-03-08T20:00:00+00:00,95.833,95.833,95.367,95.833,66032.866
2026-03-08T21:00:00+00:00,95.833,95.833,95.64,95.833,86095.29
2026-03-08T22:00:00+00:00,95.833,111.53,95.831,106.01,1404190.0090000001
2026-03-08T23:00:00+00:00,106.06,107.82,103.94,107.23,379055.645
2026-03-09T00:00:00+00:00,107.27,109.47,105.88,107.67,318489.683
2026-03-09T01:00:00+00:00,107.58,113.76,107.3,113.15,585338.328
2026-03-09T02:00:00+00:00,113.23,118.0,110.86,112.85,870736.909
2026-03-09T03:00:00+00:00,112.75,115.34,109.54,114.59,490854.879
2026-03-09T04:00:00+00:00,114.51,115.64,113.55,114.53,288210.162
2026-03-09T05:00:00+00:00,114.53,114.64,102.4,103.45,1238353.0009999999
2026-03-09T06:00:00+00:00,103.55,106.65,99.463,103.91,941709.232
2026-03-09T07:00:00+00:00,103.87,103.89,100.28,102.5,650979.193
2026-03-09T08:00:00+00:00,102.5,104.86,101.18,102.71,495423.386
2026-03-09T09:00:00+00:00,102.68,104.09,93.357,100.18,1146197.209
2026-03-09T10:00:00+00:00,100.18,103.08,99.771,102.5,445415.325
2026-03-09T11:00:00+00:00,102.5,102.89,100.39,101.0,313693.067
2026-03-09T12:00:00+00:00,101.02,102.53,98.732,101.21,571364.791
2026-03-09T13:00:00+00:00,101.23,101.23,96.316,98.465,1046528.198
2026-03-09T14:00:00+00:00,98.54,103.7,98.172,99.498,902376.353
2026-03-09T15:00:00+00:00,99.568,99.696,94.101,95.072,854439.542
2026-03-09T16:00:00+00:00,95.082,96.539,92.83,94.255,803297.262
2026-03-09T17:00:00+00:00,94.283,95.609,93.814,94.399,322776.271
2026-03-09T18:00:00+00:00,94.372,94.544,90.93,94.202,781911.754
2026-03-09T19:00:00+00:00,94.167,94.466,80.146,85.726,3392102.892
2026-03-09T20:00:00+00:00,85.578,88.56,82.4,84.567,1463924.2790000001
2026-03-09T21:00:00+00:00,84.51,87.938,84.173,84.439,450158.121
2026-03-09T22:00:00+00:00,84.285,89.635,84.058,87.228,585969.531
2026-03-09T23:00:00+00:00,87.228,89.266,86.488,87.76,321798.758
2026-03-10T00:00:00+00:00,87.766,88.256,84.285,85.875,580594.414
2026-03-10T01:00:00+00:00,85.864,86.023,83.487,83.958,420742.951
2026-03-10T02:00:00+00:00,83.968,87.952,83.913,87.717,376349.042
2026-03-10T03:00:00+00:00,87.712,90.113,87.112,88.637,665066.189
2026-03-10T04:00:00+00:00,88.595,89.801,88.396,89.203,363330.78
2026-03-10T05:00:00+00:00,89.162,89.205,86.331,88.03,350822.389
2026-03-10T06:00:00+00:00,88.017,89.135,86.825,88.834,247255.811
2026-03-10T07:00:00+00:00,88.841,89.041,84.6,84.943,373579.795
2026-03-10T08:00:00+00:00,84.963,87.8,84.459,87.716,265311.204
2026-03-10T09:00:00+00:00,87.736,87.889,84.98,85.992,343819.691
2026-03-10T10:00:00+00:00,86.027,88.94,85.849,87.463,368593.627
2026-03-10T11:00:00+00:00,87.499,88.518,85.22,87.772,364338.523
2026-03-10T12:00:00+00:00,87.783,89.744,87.473,88.174,382212.609
2026-03-10T13:00:00+00:00,88.237,88.263,86.2,86.526,433902.752
2026-03-10T14:00:00+00:00,86.526,87.392,82.1,83.5,959350.825
2026-03-10T15:00:00+00:00,83.471,84.234,82.17,83.589,470568.004
2026-03-10T16:00:00+00:00,83.629,84.997,81.4,81.654,602436.566
2026-03-10T17:00:00+00:00,81.653,82.008,76.567,79.649,2091357.2390000001
2026-03-10T18:00:00+00:00,79.615,86.229,79.085,83.446,1669187.291
2026-03-10T19:00:00+00:00,83.446,86.635,83.294,85.975,1102995.2930000001
2026-03-10T20:00:00+00:00,85.896,86.513,85.0,85.564,391736.199
2026-03-10T21:00:00+00:00,85.564,86.636,84.58,85.825,256189.311
2026-03-10T22:00:00+00:00,85.825,87.836,85.825,87.642,388243.864
2026-03-10T23:00:00+00:00,87.633,87.641,84.084,84.82,423449.903
2026-03-11T00:00:00+00:00,84.764,84.955,81.0,82.279,893498.206
2026-03-11T01:00:00+00:00,82.274,83.704,81.801,82.616,347689.606
2026-03-11T02:00:00+00:00,82.603,84.073,82.475,83.339,412551.496
2026-03-11T03:00:00+00:00,83.352,83.559,82.0,82.257,260521.969
2026-03-11T04:00:00+00:00,82.25,83.399,81.892,82.502,262791.73
2026-03-11T05:00:00+00:00,82.473,83.429,82.409,83.11,333943.856
2026-03-11T06:00:00+00:00,83.116,83.653,82.3,82.757,224777.016
2026-03-11T07:00:00+00:00,82.788,84.906,82.471,84.617,531220.844
2026-03-11T08:00:00+00:00,84.587,85.857,84.057,85.49,497744.546
2026-03-11T09:00:00+00:00,85.51,87.859,85.348,87.66,496136.968
2026-03-11T10:00:00+00:00,87.659,87.659,83.584,84.013,625415.664
2026-03-11T11:00:00+00:00,84.013,86.307,83.709,85.809,704893.716
2026-03-11T12:00:00+00:00,85.82,87.082,85.294,86.194,586228.411
2026-03-11T13:00:00+00:00,86.239,86.273,82.769,83.267,711872.0600000001
2026-03-11T14:00:00+00:00,83.267,86.152,81.563,85.269,1175010.175
2026-03-11T15:00:00+00:00,85.315,86.707,84.889,86.61,362827.311
2026-03-11T16:00:00+00:00,86.634,87.537,85.919,86.153,493454.08
2026-03-11T17:00:00+00:00,86.161,87.404,85.374,86.846,492078.584
2026-03-11T18:00:00+00:00,86.84,87.504,85.918,86.32,596881.525
2026-03-11T19:00:00+00:00,86.32,87.236,86.02,87.164,202287.71
2026-03-11T20:00:00+00:00,87.184,87.7,86.987,87.342,259927.749
2026-03-11T21:00:00+00:00,87.366,88.375,86.952,87.525,172094.554
2026-03-11T22:00:00+00:00,87.52,92.043,87.285,90.107,911513.153
2026-03-11T23:00:00+00:00,90.107,93.665,89.935,91.751,924222.621
2026-03-12T00:00:00+00:00,91.741,93.521,91.249,92.178,854592.9889999999
2026-03-12T01:00:00+00:00,92.172,92.974,90.532,92.165,604986.219
2026-03-12T02:00:00+00:00,92.16,95.0,92.154,93.514,644979.934
2026-03-12T03:00:00+00:00,93.555,94.615,93.114,93.663,361835.985
2026-03-12T04:00:00+00:00,93.666,94.388,93.247,93.972,174491.554
2026-03-12T05:00:00+00:00,93.962,93.962,91.289,91.986,716776.633
2026-03-12T06:00:00+00:00,92.021,92.645,90.404,91.398,451351.283
2026-03-12T07:00:00+00:00,91.396,91.422,89.112,89.647,512622.378
2026-03-12T08:00:00+00:00,89.648,91.652,89.44,91.237,395193.157
2026-03-12T09:00:00+00:00,91.239,91.963,89.999,90.149,369861.997
2026-03-12T10:00:00+00:00,90.139,90.806,89.654,90.08,360073.691
2026-03-12T11:00:00+00:00,90.08,91.761,90.04,91.604,338738.555
2026-03-12T12:00:00+00:00,91.614,92.456,91.316,91.779,501999.853
2026-03-12T13:00:00+00:00,91.751,93.954,91.493,93.6,1062682.2220000001
2026-03-12T14:00:00+00:00,93.643,94.599,92.85,94.16,1130113.2
2026-03-12T15:00:00+00:00,94.15,95.479,92.629,92.919,1579390.0160000001
2026-03-12T16:00:00+00:00,92.94,94.212,91.626,93.429,697849.912
2026-03-12T17:00:00+00:00,93.428,94.308,93.066,93.221,357075.129
2026-03-12T18:00:00+00:00,93.219,95.514,92.83,95.371,409808.565
2026-03-12T19:00:00+00:00,95.392,95.786,94.294,95.068,430953.592
2026-03-12T20:00:00+00:00,95.074,95.413,94.482,95.119,301691.367
2026-03-12T21:00:00+00:00,95.11,96.316,94.825,96.181,221849.616
2026-03-12T22:00:00+00:00,96.181,96.929,94.561,95.136,667881.047
2026-03-12T23:00:00+00:00,95.16,96.335,95.16,95.426,320295.501
2026-03-13T00:00:00+00:00,95.456,95.539,93.504,94.408,691099.911
2026-03-13T01:00:00+00:00,94.41,94.974,93.493,94.458,335710.708
2026-03-13T02:00:00+00:00,94.454,95.301,94.116,95.115,272851.923
2026-03-13T03:00:00+00:00,95.104,95.441,94.047,94.384,205901.421
2026-03-13T04:00:00+00:00,94.385,94.692,94.05,94.11,87571.995
2026-03-13T05:00:00+00:00,94.112,94.478,93.743,93.928,125064.898
2026-03-13T06:00:00+00:00,93.974,95.185,93.364,95.114,190898.064
2026-03-13T07:00:00+00:00,95.115,96.433,94.978,96.087,305433.606
2026-03-13T08:00:00+00:00,96.1,96.754,94.492,94.64,323598.829
2026-03-13T09:00:00+00:00,94.639,95.244,93.881,94.784,331205.753
2026-03-13T10:00:00+00:00,94.769,94.907,92.448,92.693,380783.966
2026-03-13T11:00:00+00:00,92.687,94.068,92.191,92.48,372153.462
2026-03-13T12:00:00+00:00,92.495,93.411,91.0,92.443,413364.11
2026-03-13T13:00:00+00:00,92.428,93.324,91.821,93.221,640287.317
2026-03-13T14:00:00+00:00,93.24,94.436,92.805,94.253,289127.505
2026-03-13T15:00:00+00:00,94.259,95.394,94.053,94.905,452866.741
2026-03-13T16:00:00+00:00,94.887,95.968,94.755,95.245,379568.304
2026-03-13T17:00:00+00:00,95.246,96.414,94.829,96.154,333733.695
2026-03-13T18:00:00+00:00,96.1,97.362,95.248,95.723,498381.608
2026-03-13T19:00:00+00:00,95.727,96.468,95.54,96.29,277066.743
2026-03-13T20:00:00+00:00,96.29,97.36,96.285,97.36,208402.054
2026-03-13T21:00:00+00:00,97.326,97.74,97.0,97.424,133928.981
2026-03-13T22:00:00+00:00,97.44,98.384,97.01,98.047,131128.996
2026-03-13T23:00:00+00:00,98.045,98.43,95.278,95.765,321828.359
2026-03-14T00:00:00+00:00,95.776,97.725,95.5,97.381,149276.612
2026-03-14T01:00:00+00:00,97.418,98.0,96.86,97.936,48356.619
2026-03-14T02:00:00+00:00,97.936,99.9,97.432,99.743,180124.599
2026-03-14T03:00:00+00:00,99.721,99.85,98.14,98.988,113179.862
2026-03-14T04:00:00+00:00,98.961,99.478,98.596,99.421,69077.455
2026-03-14T05:00:00+00:00,99.423,99.7,98.6,99.298,49284.077
2026-03-14T06:00:00+00:00,99.345,99.63,98.918,99.57,30168.661
2026-03-14T07:00:00+00:00,99.568,99.8,98.723,99.443,46793.485
2026-03-14T08:00:00+00:00,99.443,101.37,99.202,100.62,215159.916
2026-03-14T09:00:00+00:00,100.57,101.4,100.12,101.27,82986.387
2026-03-14T10:00:00+00:00,101.26,102.05,100.66,101.94,155887.674
2026-03-14T11:00:00+00:00,101.93,102.05,101.25,101.78,99306.102
2026-03-14T12:00:00+00:00,101.89,103.07,101.59,102.75,118677.76
2026-03-14T13:00:00+00:00,102.75,103.28,101.1,101.22,203984.196
2026-03-14T14:00:00+00:00,101.19,102.34,101.18,102.2,120045.412
2026-03-14T15:00:00+00:00,102.2,102.23,100.12,101.26,192357.429
2026-03-14T16:00:00+00:00,101.27,102.15,100.9,101.83,85440.421
2026-03-14T17:00:00+00:00,101.82,102.69,101.72,102.2,88523.223
2026-03-14T18:00:00+00:00,102.21,102.52,101.3,101.76,56367.629
2026-03-14T19:00:00+00:00,101.72,102.7,101.7,102.7,77394.883
2026-03-14T20:00:00+00:00,102.67,103.0,102.25,102.41,68666.459
2026-03-14T21:00:00+00:00,102.41,102.9,101.63,102.43,47826.616
2026-03-14T22:00:00+00:00,102.38,102.49,101.54,102.12,58530.699
2026-03-14T23:00:00+00:00,102.12,102.16,98.35,99.89,362277.345
2026-03-15T00:00:00+00:00,99.802,101.03,99.0,100.78,106062.403
2026-03-15T01:00:00+00:00,100.73,100.78,97.1,98.32,313721.376
2026-03-15T02:00:00+00:00,98.286,99.0,96.958,97.454,157971.384
2026-03-15T03:00:00+00:00,97.273,98.603,96.958,98.444,154967.159
2026-03-15T04:00:00+00:00,98.531,99.134,97.44,98.108,110426.147
2026-03-15T05:00:00+00:00,98.132,99.703,97.805,99.1,56910.829
2026-03-15T06:00:00+00:00,99.071,100.78,98.65,100.2,105212.06
2026-03-15T07:00:00+00:00,100.2,100.44,98.468,98.468,73263.501
2026-03-15T08:00:00+00:00,98.633,99.509,98.4,99.44,37560.201
2026-03-15T09:00:00+00:00,99.374,100.72,98.78,99.276,47358.051
2026-03-15T10:00:00+00:00,99.227,100.1,98.876,99.275,36597.472
2026-03-15T11:00:00+00:00,99.323,100.36,99.072,99.154,28699.247
2026-03-15T12:00:00+00:00,99.192,100.74,98.943,100.03,35357.833
2026-03-15T13:00:00+00:00,100.04,101.01,99.651,100.0,55490.16
2026-03-15T14:00:00+00:00,99.911,101.85,99.839,101.04,85257.578
2026-03-15T15:00:00+00:00,101.01,101.71,101.01,101.27,35329.544
2026-03-15T16:00:00+00:00,101.23,101.64,100.77,101.52,47498.122
2026-03-15T17:00:00+00:00,101.52,101.79,101.07,101.23,55149.558
2026-03-15T18:00:00+00:00,101.23,101.85,100.88,101.7,47467.864
2026-03-15T19:00:00+00:00,101.72,101.88,100.6,101.25,78313.068
2026-03-15T20:00:00+00:00,101.24,101.74,100.06,100.32,105146.635
2026-03-15T21:00:00+00:00,100.28,101.96,98.701,101.37,289808.696
2026-03-15T22:00:00+00:00,101.37,101.63,97.515,97.747,1248693.196
2026-03-15T23:00:00+00:00,97.747,98.497,96.5,96.893,498989.682
2026-03-16T00:00:00+00:00,96.894,97.002,95.628,95.72,358338.84
2026-03-16T01:00:00+00:00,95.696,97.192,94.928,96.97,366734.585
2026-03-16T02:00:00+00:00,96.987,97.919,96.576,97.457,180615.582
2026-03-16T03:00:00+00:00,97.466,97.695,96.965,97.6,95756.095
2026-03-16T04:00:00+00:00,97.6,98.056,97.537,97.839,65946.623
2026-03-16T05:00:00+00:00,97.839,98.042,96.708,96.84,141884.427
2026-03-16T06:00:00+00:00,96.821,98.093,96.505,97.331,148868.497
2026-03-16T07:00:00+00:00,97.345,99.29,97.023,98.827,204585.073
2026-03-16T08:00:00+00:00,98.803,99.214,98.039,98.33,185666.639
2026-03-16T09:00:00+00:00,98.279,98.78,97.252,97.716,92314.169
2026-03-16T10:00:00+00:00,97.716,97.905,95.58,95.67,224079.139
2026-03-16T11:00:00+00:00,95.685,96.689,95.566,96.009,149513.496
2026-03-16T12:00:00+00:00,95.984,96.518,93.3,94.101,653890.751
2026-03-16T13:00:00+00:00,94.106,94.62,91.782,92.189,743654.916
2026-03-16T14:00:00+00:00,92.148,94.522,91.914,94.183,574507.3639999999
2026-03-16T15:00:00+00:00,94.216,94.756,93.599,94.45,290552.836
2026-03-16T16:00:00+00:00,94.461,95.597,94.009,94.567,268547.862
2026-03-16T17:00:00+00:00,94.601,94.611,92.692,93.294,597222.602
2026-03-16T18:00:00+00:00,93.293,93.561,91.94,92.484,487549.974
2026-03-16T19:00:00+00:00,92.483,93.777,92.005,92.433,386547.991
2026-03-16T20:00:00+00:00,92.412,93.25,92.118,93.11,471844.767
2026-03-16T21:00:00+00:00,93.097,93.532,92.913,93.384,71010.049
2026-03-16T22:00:00+00:00,93.384,94.181,92.941,93.829,223208.4
2026-03-16T23:00:00+00:00,93.881,94.181,93.347,93.804,142049.169
2026-03-17T00:00:00+00:00,93.781,95.3,93.744,94.859,207730.268
2026-03-17T01:00:00+00:00,94.825,95.163,94.247,94.944,210844.594
2026-03-17T02:00:00+00:00,94.922,95.242,94.638,95.06,160307.444
2026-03-17T03:00:00+00:00,95.047,95.354,94.847,95.175,87338.966
2026-03-17T04:00:00+00:00,95.172,95.489,94.578,94.956,66828.813
2026-03-17T05:00:00+00:00,94.957,97.118,94.432,96.951,152844.251
2026-03-17T06:00:00+00:00,96.976,97.542,96.161,96.709,379984.657
2026-03-17T07:00:00+00:00,96.761,96.978,95.705,96.073,205493.561
2026-03-17T08:00:00+00:00,96.03,96.956,95.894,96.624,171401.179
2026-03-17T09:00:00+00:00,96.59,96.606,94.928,95.207,212580.813
2026-03-17T10:00:00+00:00,95.221,96.232,95.202,95.526,118675.604
2026-03-17T11:00:00+00:00,95.527,96.356,95.501,96.217,69372.056
2026-03-17T12:00:00+00:00,96.222,96.319,94.586,94.637,212861.242
2026-03-17T13:00:00+00:00,94.6,94.807,93.244,94.394,395628.414
2026-03-17T14:00:00+00:00,94.406,94.764,93.149,93.442,211620.084
2026-03-17T15:00:00+00:00,93.446,95.125,93.225,94.825,242110.045
2026-03-17T16:00:00+00:00,94.805,95.0,93.558,94.294,361512.508
2026-03-17T17:00:00+00:00,94.297,95.32,94.245,95.147,135925.158
2026-03-17T18:00:00+00:00,95.074,95.63,94.776,95.231,100825.824
2026-03-17T19:00:00+00:00,95.23,95.59,95.0,95.419,140808.934
2026-03-17T20:00:00+00:00,95.419,95.57,95.049,95.254,46833.723
2026-03-17T21:00:00+00:00,95.254,95.484,95.2,95.363,36621.518
2026-03-17T22:00:00+00:00,95.363,95.675,94.251,95.166,295193.999
2026-03-17T23:00:00+00:00,95.169,95.634,94.921,95.27,99722.067
2026-03-18T00:00:00+00:00,95.27,95.313,93.983,94.209,163557.367
2026-03-18T01:00:00+00:00,94.19,94.49,93.851,94.247,131602.927
2026-03-18T02:00:00+00:00,94.284,94.454,93.232,93.733,125395.856
2026-03-18T03:00:00+00:00,93.739,93.834,92.371,92.45,166619.314
