datetime,open,high,low,close,volume
2025-11-13T14:00:00+00:00,400.69,428.92,400.69,414.88,3586.692
2025-11-13T15:00:00+00:00,414.88,417.26,404.33,408.13,4611.19
2025-11-13T16:00:00+00:00,407.92,408.36,401.11,401.63,2368.682
2025-11-13T17:00:00+00:00,401.95,411.35,398.8,401.38,2824.319
2025-11-13T18:00:00+00:00,401.61,402.24,396.62,398.83,1972.394
2025-11-13T19:00:00+00:00,398.84,403.65,396.74,400.09,2422.467
2025-11-13T20:00:00+00:00,400.26,404.38,399.43,401.74,1191.892
2025-11-13T21:00:00+00:00,402.0,403.61,400.51,400.51,1057.347
2025-11-13T22:00:00+00:00,400.51,401.24,399.52,400.93,575.467
2025-11-13T23:00:00+00:00,400.93,404.11,400.93,402.22,631.3
2025-11-14T00:00:00+00:00,402.22,402.49,400.75,400.75,307.929
2025-11-14T01:00:00+00:00,400.76,400.77,397.06,398.57,477.845
2025-11-14T02:00:00+00:00,398.61,401.61,398.61,400.15,537.266
2025-11-14T03:00:00+00:00,400.13,401.2,399.55,400.48,232.138
2025-11-14T04:00:00+00:00,400.48,400.49,391.14,393.91,697.897
2025-11-14T05:00:00+00:00,392.95,398.0,387.95,395.84,912.034
2025-11-14T06:00:00+00:00,395.8,397.82,392.22,394.83,249.469
2025-11-14T07:00:00+00:00,394.84,395.42,392.48,394.17,290.778
2025-11-14T08:00:00+00:00,394.04,394.99,392.03,393.85,275.756
2025-11-14T09:00:00+00:00,393.85,396.07,389.41,390.83,517.479
2025-11-14T10:00:00+00:00,390.81,394.71,390.03,390.97,710.726
2025-11-14T11:00:00+00:00,390.8,391.0,385.88,387.63,755.511
2025-11-14T12:00:00+00:00,387.87,387.9,381.1,383.57,1431.234
2025-11-14T13:00:00+00:00,383.57,386.01,381.02,383.34,536.226
2025-11-14T14:00:00+00:00,383.33,398.31,382.81,398.3,4669.535
2025-11-14T15:00:00+00:00,398.28,405.48,392.16,404.6,6925.892
2025-11-14T16:00:00+00:00,404.6,411.78,401.41,409.02,3872.914
2025-11-14T17:00:00+00:00,409.02,410.13,407.03,408.46,1333.956
2025-11-14T18:00:00+00:00,408.8,410.4,404.35,407.34,1287.226
2025-11-14T19:00:00+00:00,407.31,412.76,403.58,409.89,2292.252
2025-11-14T20:00:00+00:00,409.89,409.91,403.6,403.74,1328.069
2025-11-14T21:00:00+00:00,404.08,405.71,403.62,403.74,493.303
2025-11-14T22:00:00+00:00,403.72,403.86,403.72,403.86,379.886
2025-11-14T23:00:00+00:00,403.86,404.36,403.86,404.36,474.186
2025-11-15T00:00:00+00:00,404.36,405.55,404.35,405.53,462.748
2025-11-15T01:00:00+00:00,405.53,405.55,405.27,405.34,311.053
2025-11-15T02:00:00+00:00,405.55,405.55,405.34,405.55,65.618
2025-11-15T03:00:00+00:00,405.55,405.55,405.38,405.55,53.464
2025-11-15T04:00:00+00:00,405.54,405.55,405.54,405.54,70.725
2025-11-15T05:00:00+00:00,405.54,405.55,405.54,405.55,110.572
2025-11-15T06:00:00+00:00,405.54,405.55,405.54,405.54,67.282
2025-11-15T07:00:00+00:00,405.55,408.42,404.75,405.6,649.985
2025-11-15T08:00:00+00:00,405.6,405.61,405.36,405.6,143.424
2025-11-15T09:00:00+00:00,405.61,405.61,405.58,405.61,435.628
2025-11-15T10:00:00+00:00,405.61,405.63,405.5,405.56,264.795
2025-11-15T11:00:00+00:00,405.56,406.17,404.34,405.51,432.257
2025-11-15T12:00:00+00:00,405.51,405.51,405.48,405.49,259.674
2025-11-15T13:00:00+00:00,405.49,405.86,405.48,405.63,156.161
2025-11-15T14:00:00+00:00,405.63,405.68,405.59,405.68,82.023
2025-11-15T15:00:00+00:00,405.68,406.79,405.61,406.25,235.999
2025-11-15T16:00:00+00:00,406.25,406.59,405.47,405.79,793.865
2025-11-15T17:00:00+00:00,405.79,405.89,405.79,405.83,331.152
2025-11-15T18:00:00+00:00,405.83,405.83,405.82,405.83,156.463
2025-11-15T19:00:00+00:00,405.82,405.83,405.82,405.83,95.759
2025-11-15T20:00:00+00:00,405.83,406.24,405.82,405.91,247.997
2025-11-15T21:00:00+00:00,405.91,405.91,405.82,405.82,287.61
2025-11-15T22:00:00+00:00,405.83,406.24,405.66,406.24,441.58
2025-11-15T23:00:00+00:00,405.83,405.83,405.44,405.77,122.135
2025-11-16T00:00:00+00:00,405.78,406.65,405.77,406.06,213.35
2025-11-16T01:00:00+00:00,405.8,406.12,405.8,406.12,72.133
2025-11-16T02:00:00+00:00,406.05,406.07,405.82,405.82,29.498
2025-11-16T03:00:00+00:00,406.01,406.41,405.92,406.41,91.357
2025-11-16T04:00:00+00:00,405.92,408.05,405.92,406.02,300.536
2025-11-16T05:00:00+00:00,406.02,406.02,405.92,405.92,24.698
2025-11-16T06:00:00+00:00,405.92,406.02,405.88,406.02,52.162
2025-11-16T07:00:00+00:00,406.02,408.1,405.72,405.76,295.174
2025-11-16T08:00:00+00:00,406.65,408.1,405.44,406.8,435.423
2025-11-16T09:00:00+00:00,406.8,408.1,406.29,406.3,144.631
2025-11-16T10:00:00+00:00,406.55,406.63,405.44,406.15,359.161
2025-11-16T11:00:00+00:00,406.15,406.16,406.14,406.16,88.584
2025-11-16T12:00:00+00:00,406.14,407.21,405.58,406.32,353.969
2025-11-16T13:00:00+00:00,406.32,406.34,406.32,406.33,556.339
2025-11-16T14:00:00+00:00,406.34,406.34,406.33,406.34,266.344
2025-11-16T15:00:00+00:00,406.33,406.36,406.33,406.35,520.917
2025-11-16T16:00:00+00:00,406.36,406.37,406.35,406.37,319.771
2025-11-16T17:00:00+00:00,406.37,406.99,406.36,406.99,938.542
2025-11-16T18:00:00+00:00,406.99,406.99,406.35,406.69,253.714
2025-11-16T19:00:00+00:00,406.77,407.0,406.35,406.99,410.925
2025-11-16T20:00:00+00:00,406.98,407.0,406.98,407.0,242.753
2025-11-16T21:00:00+00:00,406.99,407.0,406.95,406.95,366.987
2025-11-16T22:00:00+00:00,406.95,406.96,406.95,406.95,176.983
2025-11-16T23:00:00+00:00,406.96,407.0,406.45,406.5,515.17
2025-11-17T00:00:00+00:00,406.51,406.94,406.5,406.88,495.404
2025-11-17T01:00:00+00:00,406.88,407.0,401.9,402.62,2382.999
2025-11-17T02:00:00+00:00,402.62,402.95,401.32,401.47,464.16
2025-11-17T03:00:00+00:00,401.47,404.43,401.46,404.24,570.955
2025-11-17T04:00:00+00:00,404.24,407.8,403.71,407.61,436.266
2025-11-17T05:00:00+00:00,407.9,407.9,404.99,406.85,381.354
2025-11-17T06:00:00+00:00,406.84,406.85,406.08,406.3,218.952
2025-11-17T07:00:00+00:00,406.3,410.0,406.28,408.35,628.908
2025-11-17T08:00:00+00:00,407.95,409.55,407.85,409.1,422.827
2025-11-17T09:00:00+00:00,409.11,409.45,407.35,407.72,737.704
2025-11-17T10:00:00+00:00,407.69,407.91,404.34,404.36,1121.722
2025-11-17T11:00:00+00:00,404.36,404.36,400.79,402.98,984.929
2025-11-17T12:00:00+00:00,403.05,403.05,400.36,401.35,1282.08
2025-11-17T13:00:00+00:00,401.35,401.35,397.5,398.47,853.52
2025-11-17T14:00:00+00:00,398.41,416.51,397.55,416.21,4255.358
2025-11-17T15:00:00+00:00,416.34,417.67,411.0,416.26,3386.582
2025-11-17T16:00:00+00:00,416.27,424.83,413.07,423.45,4714.635
2025-11-17T17:00:00+00:00,423.46,423.56,413.85,413.85,2564.86
2025-11-17T18:00:00+00:00,413.89,416.34,408.46,408.78,5722.691
2025-11-17T19:00:00+00:00,408.78,409.75,405.92,406.04,2430.15
2025-11-17T20:00:00+00:00,406.03,409.47,404.92,408.78,3308.308
2025-11-17T21:00:00+00:00,408.77,409.71,408.76,409.26,2951.555
2025-11-17T22:00:00+00:00,409.25,409.28,409.21,409.28,728.976
2025-11-17T23:00:00+00:00,409.28,411.66,409.28,411.41,956.326
2025-11-18T00:00:00+00:00,411.41,411.86,409.18,409.89,1020.904
2025-11-18T01:00:00+00:00,409.88,414.55,409.88,411.3,625.184
2025-11-18T02:00:00+00:00,411.35,411.35,409.56,409.81,360.076
2025-11-18T03:00:00+00:00,409.81,409.81,406.78,407.02,602.085
2025-11-18T04:00:00+00:00,407.02,407.02,400.0,403.63,816.557
2025-11-18T05:00:00+00:00,403.63,405.82,402.54,404.72,267.006
2025-11-18T06:00:00+00:00,404.71,404.72,403.04,403.73,210.814
2025-11-18T07:00:00+00:00,403.73,406.48,403.03,406.0,320.014
2025-11-18T08:00:00+00:00,405.99,409.67,405.89,408.24,462.15
2025-11-18T09:00:00+00:00,408.24,409.45,406.73,408.37,795.928
2025-11-18T10:00:00+00:00,408.38,408.38,406.99,407.95,367.805
2025-11-18T11:00:00+00:00,407.76,411.86,405.88,406.67,1139.04
2025-11-18T12:00:00+00:00,406.67,406.98,405.25,405.35,942.847
2025-11-18T13:00:00+00:00,405.73,406.13,404.43,405.62,799.172
2025-11-18T14:00:00+00:00,405.55,408.21,396.72,396.72,7968.075
2025-11-18T15:00:00+00:00,396.83,399.71,393.78,398.7,3436.666
2025-11-18T16:00:00+00:00,398.7,406.61,398.56,405.01,3265.392
2025-11-18T17:00:00+00:00,404.99,408.55,401.59,407.12,1631.996
2025-11-18T18:00:00+00:00,407.29,407.29,402.63,402.63,906.183
2025-11-18T19:00:00+00:00,402.62,406.56,402.05,405.38,1361.464
2025-11-18T20:00:00+00:00,405.56,405.61,401.0,401.36,1339.418
2025-11-18T21:00:00+00:00,401.5,401.5,399.04,400.25,569.455
2025-11-18T22:00:00+00:00,400.26,400.44,399.89,399.89,310.861
2025-11-18T23:00:00+00:00,399.89,401.42,399.89,400.35,468.105
2025-11-19T00:00:00+00:00,400.32,400.48,398.57,398.68,289.314
2025-11-19T01:00:00+00:00,398.68,400.01,397.59,399.12,398.849
2025-11-19T02:00:00+00:00,399.11,406.42,398.37,402.45,1341.343
2025-11-19T03:00:00+00:00,402.45,405.05,399.16,399.79,559.233
2025-11-19T04:00:00+00:00,399.79,401.26,399.68,400.17,348.512
2025-11-19T05:00:00+00:00,399.9,400.21,398.57,398.57,841.594
2025-11-19T06:00:00+00:00,398.57,400.21,398.57,400.21,667.597
2025-11-19T07:00:00+00:00,400.21,401.97,400.21,401.89,533.431
2025-11-19T08:00:00+00:00,401.88,401.88,400.19,400.97,730.652
2025-11-19T09:00:00+00:00,400.97,403.76,400.33,403.72,820.819
2025-11-19T10:00:00+00:00,403.73,404.58,402.97,404.58,454.561
2025-11-19T11:00:00+00:00,404.58,406.31,404.29,404.36,945.738
2025-11-19T12:00:00+00:00,404.29,406.83,403.93,406.14,929.567
2025-11-19T13:00:00+00:00,406.15,407.24,403.74,405.67,1067.289
2025-11-19T14:00:00+00:00,405.67,410.25,401.11,408.36,4294.465
2025-11-19T15:00:00+00:00,408.42,412.74,400.28,404.45,6591.941
2025-11-19T16:00:00+00:00,404.51,409.44,404.16,405.72,2485.754
2025-11-19T17:00:00+00:00,405.71,405.71,396.1,402.97,3001.691
2025-11-19T18:00:00+00:00,402.96,403.78,400.16,403.1,1583.359
2025-11-19T19:00:00+00:00,403.11,403.63,400.09,401.8,5020.267
2025-11-19T20:00:00+00:00,402.18,405.69,401.17,403.63,2030.69
2025-11-19T21:00:00+00:00,403.75,412.87,402.8,408.39,3809.154
2025-11-19T22:00:00+00:00,408.39,410.13,406.86,407.67,1369.721
2025-11-19T23:00:00+00:00,407.6,411.09,407.6,410.83,957.488
2025-11-20T00:00:00+00:00,410.83,411.42,409.77,409.96,659.381
2025-11-20T01:00:00+00:00,409.96,415.89,409.96,412.14,1134.272
2025-11-20T02:00:00+00:00,412.14,412.93,412.0,412.53,223.755
2025-11-20T03:00:00+00:00,412.53,413.23,412.53,412.82,301.087
2025-11-20T04:00:00+00:00,412.82,413.46,412.79,413.46,157.664
2025-11-20T05:00:00+00:00,413.46,413.46,412.9,413.01,329.438
2025-11-20T06:00:00+00:00,412.98,413.08,410.81,411.16,532.096
2025-11-20T07:00:00+00:00,411.16,412.0,411.16,411.49,563.756
2025-11-20T08:00:00+00:00,411.53,412.85,411.52,412.68,383.274
2025-11-20T09:00:00+00:00,412.68,412.68,409.19,409.83,1368.788
2025-11-20T10:00:00+00:00,409.83,411.4,409.29,411.35,1098.403
2025-11-20T11:00:00+00:00,411.35,411.35,410.35,410.37,370.317
2025-11-20T12:00:00+00:00,410.37,413.09,410.37,413.0,965.83
2025-11-20T13:00:00+00:00,413.0,415.25,412.73,413.25,1400.658
2025-11-20T14:00:00+00:00,413.26,425.27,412.54,425.27,7184.55
2025-11-20T15:00:00+00:00,425.33,428.53,422.96,423.52,4630.251
2025-11-20T16:00:00+00:00,423.5,423.5,407.55,408.71,9008.801
2025-11-20T17:00:00+00:00,408.71,411.05,398.81,403.88,7270.656
2025-11-20T18:00:00+00:00,403.87,408.01,397.5,400.12,4654.897
2025-11-20T19:00:00+00:00,399.93,405.85,397.7,405.0,4105.045
2025-11-20T20:00:00+00:00,405.0,405.0,395.12,395.15,4472.7
2025-11-20T21:00:00+00:00,395.15,396.25,391.25,393.97,2912.512
2025-11-20T22:00:00+00:00,393.06,395.94,390.37,393.88,2544.837
2025-11-20T23:00:00+00:00,393.88,399.1,392.9,397.72,1267.263
2025-11-21T00:00:00+00:00,397.84,398.92,397.32,397.44,762.146
2025-11-21T01:00:00+00:00,397.44,400.85,396.58,400.2,621.324
2025-11-21T02:00:00+00:00,400.21,400.21,395.93,395.93,937.728
2025-11-21T03:00:00+00:00,395.94,398.5,394.75,397.36,530.238
2025-11-21T04:00:00+00:00,397.58,397.87,396.19,397.47,481.483
2025-11-21T05:00:00+00:00,397.47,398.12,394.55,396.46,866.403
2025-11-21T06:00:00+00:00,396.46,397.73,396.46,397.3,265.372
2025-11-21T07:00:00+00:00,397.3,399.16,393.2,393.2,1272.909
2025-11-21T08:00:00+00:00,393.32,398.77,391.01,397.75,1044.872
2025-11-21T09:00:00+00:00,397.75,400.73,395.33,395.34,1859.331
2025-11-21T10:00:00+00:00,395.34,398.32,393.12,398.23,1278.231
2025-11-21T11:00:00+00:00,398.23,399.28,395.41,395.8,1430.672
2025-11-21T12:00:00+00:00,395.85,399.77,392.83,398.57,2433.715
2025-11-21T13:00:00+00:00,398.63,401.92,397.49,400.52,1041.943
2025-11-21T14:00:00+00:00,400.51,402.33,395.12,395.12,7832.126
2025-11-21T15:00:00+00:00,395.14,398.26,384.67,385.97,12455.25
2025-11-21T16:00:00+00:00,385.85,399.19,384.02,398.62,6991.34
2025-11-21T17:00:00+00:00,398.84,402.24,397.42,398.56,6384.422
2025-11-21T18:00:00+00:00,398.83,402.14,393.31,399.55,5938.59
2025-11-21T19:00:00+00:00,399.54,402.1,396.42,397.16,2686.259
2025-11-21T20:00:00+00:00,397.17,398.58,390.82,390.95,2442.4
2025-11-21T21:00:00+00:00,391.02,393.61,389.92,393.48,1935.252
2025-11-21T22:00:00+00:00,393.45,393.61,392.33,393.18,500.416
2025-11-21T23:00:00+00:00,393.19,394.36,392.89,393.77,286.308
2025-11-22T00:00:00+00:00,393.89,393.91,393.13,393.73,416.489
2025-11-22T01:00:00+00:00,393.74,394.92,393.33,394.06,269.157
2025-11-22T02:00:00+00:00,394.11,394.11,392.72,393.02,255.486
2025-11-22T03:00:00+00:00,393.01,393.27,392.96,393.0,136.432
2025-11-22T04:00:00+00:00,393.0,393.01,393.0,393.0,116.782
2025-11-22T05:00:00+00:00,393.0,393.01,393.0,393.0,71.06
2025-11-22T06:00:00+00:00,393.0,393.01,393.0,393.01,99.921
2025-11-22T07:00:00+00:00,393.0,393.0,392.28,392.28,96.629
2025-11-22T08:00:00+00:00,392.29,392.29,391.98,392.0,143.948
2025-11-22T09:00:00+00:00,391.99,393.21,391.99,392.02,210.634
2025-11-22T10:00:00+00:00,392.01,392.02,383.86,389.26,1251.943
2025-11-22T11:00:00+00:00,388.49,391.2,387.58,391.04,339.012
2025-11-22T12:00:00+00:00,391.04,391.35,391.04,391.22,116.122
2025-11-22T13:00:00+00:00,391.22,391.23,391.22,391.23,95.597
2025-11-22T14:00:00+00:00,391.23,391.23,391.22,391.23,52.685
2025-11-22T15:00:00+00:00,391.22,392.02,391.22,391.82,255.379
2025-11-22T16:00:00+00:00,391.82,391.84,391.81,391.81,200.191
2025-11-22T17:00:00+00:00,391.81,392.55,391.81,392.47,233.124
2025-11-22T18:00:00+00:00,392.46,392.47,392.46,392.46,131.037
2025-11-22T19:00:00+00:00,392.46,393.13,392.46,392.46,288.587
2025-11-22T20:00:00+00:00,392.47,392.47,384.11,390.67,778.708
2025-11-22T21:00:00+00:00,390.68,390.68,390.67,390.67,63.018
2025-11-22T22:00:00+00:00,390.67,392.05,390.67,392.05,388.53
2025-11-22T23:00:00+00:00,390.93,390.93,390.92,390.92,29.049
2025-11-23T00:00:00+00:00,390.93,390.93,390.92,390.92,87.875
2025-11-23T01:00:00+00:00,390.92,391.58,390.92,391.58,198.893
2025-11-23T02:00:00+00:00,391.08,391.15,391.02,391.04,141.364
2025-11-23T03:00:00+00:00,391.04,393.88,391.04,393.53,382.64
2025-11-23T04:00:00+00:00,393.53,393.53,392.9,392.9,137.614
2025-11-23T05:00:00+00:00,392.91,392.92,390.74,390.99,405.712
2025-11-23T06:00:00+00:00,390.92,394.1,389.61,389.68,684.339
2025-11-23T07:00:00+00:00,389.65,389.66,388.39,388.47,125.227
2025-11-23T08:00:00+00:00,388.47,391.52,388.47,390.01,265.103
2025-11-23T09:00:00+00:00,390.0,391.51,389.79,390.52,264.832
2025-11-23T10:00:00+00:00,390.1,390.55,390.1,390.12,8.997
2025-11-23T11:00:00+00:00,390.12,390.13,390.11,390.12,163.698
2025-11-23T12:00:00+00:00,390.11,393.88,390.11,391.42,429.456
2025-11-23T13:00:00+00:00,390.48,391.15,389.57,391.15,194.361
2025-11-23T14:00:00+00:00,391.14,392.6,391.14,392.37,153.037
2025-11-23T15:00:00+00:00,392.37,392.38,392.37,392.37,32.582
2025-11-23T16:00:00+00:00,392.37,394.36,391.58,392.83,476.392
2025-11-23T17:00:00+00:00,393.71,395.0,392.84,394.05,249.885
2025-11-23T18:00:00+00:00,394.06,399.37,393.2,394.81,1249.724
2025-11-23T19:00:00+00:00,394.81,398.04,394.31,394.75,568.596
2025-11-23T20:00:00+00:00,394.62,398.66,394.62,396.29,311.215
2025-11-23T21:00:00+00:00,396.16,399.58,396.16,397.01,370.755
2025-11-23T22:00:00+00:00,397.55,399.72,397.43,398.0,398.444
2025-11-23T23:00:00+00:00,398.01,398.23,397.12,397.64,213.93
2025-11-24T00:00:00+00:00,397.65,397.65,396.01,396.01,194.97
2025-11-24T01:00:00+00:00,396.25,401.9,394.83,398.05,1430.817
2025-11-24T02:00:00+00:00,398.24,400.1,392.91,399.37,534.084
2025-11-24T03:00:00+00:00,399.36,401.2,392.69,397.36,925.857
2025-11-24T04:00:00+00:00,397.68,401.84,396.89,397.59,621.997
2025-11-24T05:00:00+00:00,397.6,398.98,397.52,398.58,121.317
2025-11-24T06:00:00+00:00,398.35,398.5,394.57,397.34,326.119
2025-11-24T07:00:00+00:00,397.34,398.2,396.57,397.31,212.258
2025-11-24T08:00:00+00:00,397.3,399.02,397.07,398.42,223.659
2025-11-24T09:00:00+00:00,398.42,399.85,396.08,398.31,491.411
2025-11-24T10:00:00+00:00,398.32,398.69,397.04,397.8,231.026
2025-11-24T11:00:00+00:00,397.52,398.43,397.52,398.42,502.278
2025-11-24T12:00:00+00:00,398.41,399.53,397.12,399.52,515.659
2025-11-24T13:00:00+00:00,399.52,400.02,398.51,398.65,921.771
2025-11-24T14:00:00+00:00,398.66,412.05,398.65,411.44,6956.197
2025-11-24T15:00:00+00:00,411.44,417.28,411.44,414.91,8877.035
2025-11-24T16:00:00+00:00,414.91,434.84,414.9,418.98,8818.25
2025-11-24T17:00:00+00:00,418.95,420.21,417.89,419.16,4694.82
2025-11-24T18:00:00+00:00,419.02,419.98,418.01,419.48,4679.356
2025-11-24T19:00:00+00:00,419.46,421.68,416.88,417.58,4418.92
2025-11-24T20:00:00+00:00,417.58,421.17,416.17,417.81,7446.311
2025-11-24T21:00:00+00:00,417.48,418.86,417.39,418.69,2137.582
2025-11-24T22:00:00+00:00,418.69,420.29,418.67,419.55,1155.238
2025-11-24T23:00:00+00:00,419.54,419.55,418.1,418.63,928.582
2025-11-25T00:00:00+00:00,418.65,419.11,417.69,418.95,505.787
2025-11-25T01:00:00+00:00,418.95,420.02,418.83,419.05,460.464
2025-11-25T02:00:00+00:00,419.05,419.16,418.7,419.05,410.832
2025-11-25T03:00:00+00:00,419.05,420.22,418.53,420.22,563.659
2025-11-25T04:00:00+00:00,419.38,421.53,419.35,420.38,1318.015
2025-11-25T05:00:00+00:00,420.38,420.42,415.21,418.73,1011.231
2025-11-25T06:00:00+00:00,418.73,419.15,416.85,417.15,354.079
2025-11-25T07:00:00+00:00,417.15,417.45,417.13,417.22,463.288
2025-11-25T08:00:00+00:00,417.22,418.15,415.71,415.99,1157.008
2025-11-25T09:00:00+00:00,415.99,415.99,412.54,414.22,2196.102
2025-11-25T10:00:00+00:00,414.22,415.36,414.0,415.23,1325.393
2025-11-25T11:00:00+00:00,415.14,417.09,414.34,415.4,1683.654
2025-11-25T12:00:00+00:00,415.4,418.95,415.01,418.82,2185.649
2025-11-25T13:00:00+00:00,418.73,418.76,414.67,415.03,2846.069
2025-11-25T14:00:00+00:00,415.03,416.83,407.37,412.36,12955.579
2025-11-25T15:00:00+00:00,412.32,412.32,405.95,410.91,16438.652
2025-11-25T16:00:00+00:00,410.94,415.4,408.65,414.21,5200.56
2025-11-25T17:00:00+00:00,414.33,420.97,414.21,417.52,6401.126
2025-11-25T18:00:00+00:00,417.47,419.67,416.7,417.14,3128.372
2025-11-25T19:00:00+00:00,417.1,417.37,414.66,417.37,3377.918
2025-11-25T20:00:00+00:00,417.4,420.06,416.64,419.42,2973.934
2025-11-25T21:00:00+00:00,419.42,419.95,418.41,418.99,726.92
2025-11-25T22:00:00+00:00,418.74,418.99,418.33,418.82,448.357
2025-11-25T23:00:00+00:00,418.82,420.26,418.34,418.55,739.227
2025-11-26T00:00:00+00:00,418.55,419.34,418.55,419.14,847.689
2025-11-26T01:00:00+00:00,419.14,422.02,419.14,421.19,1112.954
2025-11-26T02:00:00+00:00,421.25,422.2,419.72,421.19,745.014
2025-11-26T03:00:00+00:00,421.43,423.03,421.19,422.84,703.153
2025-11-26T04:00:00+00:00,422.84,427.97,421.24,422.3,1023.993
2025-11-26T05:00:00+00:00,422.3,423.22,421.74,422.65,1006.574
2025-11-26T06:00:00+00:00,422.65,423.5,422.28,422.94,805.458
2025-11-26T07:00:00+00:00,422.94,423.57,422.36,423.09,598.297
2025-11-26T08:00:00+00:00,423.09,423.63,421.88,422.2,731.499
2025-11-26T09:00:00+00:00,422.2,423.03,421.6,421.72,957.666
2025-11-26T10:00:00+00:00,421.73,423.57,421.72,423.41,1281.174
2025-11-26T11:00:00+00:00,423.4,425.48,423.4,424.76,1020.609
2025-11-26T12:00:00+00:00,424.76,425.89,423.7,425.66,2972.428
2025-11-26T13:00:00+00:00,425.64,425.66,424.35,425.27,2644.663
2025-11-26T14:00:00+00:00,425.27,425.6,417.41,417.63,7222.576
2025-11-26T15:00:00+00:00,417.55,421.32,417.06,419.65,5337.943
2025-11-26T16:00:00+00:00,419.65,421.09,418.3,420.88,2063.751
2025-11-26T17:00:00+00:00,420.92,423.19,419.53,422.5,3439.326
2025-11-26T18:00:00+00:00,422.6,424.23,421.53,423.39,2270.552
2025-11-26T19:00:00+00:00,423.4,426.55,423.06,424.19,1959.408
2025-11-26T20:00:00+00:00,424.33,427.03,423.89,426.77,3627.865
2025-11-26T21:00:00+00:00,426.65,427.69,426.26,426.57,1107.243
2025-11-26T22:00:00+00:00,426.51,426.88,426.07,426.26,608.695
2025-11-26T23:00:00+00:00,426.25,426.26,426.11,426.13,131.229
2025-11-27T00:00:00+00:00,426.14,426.54,426.09,426.31,665.961
2025-11-27T01:00:00+00:00,426.34,426.53,426.1,426.5,321.742
2025-11-27T02:00:00+00:00,426.5,426.5,426.49,426.49,472.916
2025-11-27T03:00:00+00:00,426.5,426.5,426.49,426.5,311.478
2025-11-27T04:00:00+00:00,426.5,426.51,426.49,426.5,412.16
2025-11-27T05:00:00+00:00,426.51,426.91,426.49,426.63,194.965
2025-11-27T06:00:00+00:00,426.63,426.63,426.62,426.62,104.959
2025-11-27T07:00:00+00:00,426.63,426.63,426.62,426.63,71.845
2025-11-27T08:00:00+00:00,426.62,426.63,426.62,426.62,104.669
2025-11-27T09:00:00+00:00,426.62,426.69,426.1,426.28,792.204
2025-11-27T10:00:00+00:00,426.2,426.25,426.04,426.14,388.031
2025-11-27T11:00:00+00:00,426.14,426.22,426.12,426.21,586.316
2025-11-27T12:00:00+00:00,426.21,426.21,425.94,426.14,521.175
2025-11-27T13:00:00+00:00,426.14,426.71,425.7,426.68,683.771
2025-11-27T14:00:00+00:00,426.67,426.88,426.65,426.82,449.094
2025-11-27T15:00:00+00:00,426.82,427.31,426.79,427.31,753.472
2025-11-27T16:00:00+00:00,427.28,429.67,427.05,428.76,636.6
2025-11-27T17:00:00+00:00,428.81,429.9,428.52,429.09,1120.374
2025-11-27T18:00:00+00:00,429.03,429.9,428.7,429.14,945.632
2025-11-27T19:00:00+00:00,429.15,429.15,429.09,429.09,186.098
2025-11-27T20:00:00+00:00,429.09,429.13,428.54,428.55,277.428
2025-11-27T21:00:00+00:00,428.55,428.55,426.93,426.94,457.825
2025-11-27T22:00:00+00:00,426.94,426.95,426.38,426.63,297.325
2025-11-27T23:00:00+00:00,426.63,427.0,426.2,426.89,323.121
2025-11-28T00:00:00+00:00,426.87,427.26,426.56,427.11,321.595
2025-11-28T01:00:00+00:00,427.22,429.07,426.22,429.02,543.352
2025-11-28T02:00:00+00:00,429.02,429.08,428.15,428.58,394.869
2025-11-28T03:00:00+00:00,428.59,429.69,428.58,429.02,307.382
2025-11-28T04:00:00+00:00,429.03,429.09,428.49,428.49,244.208
2025-11-28T05:00:00+00:00,428.5,428.5,427.61,427.9,432.696
2025-11-28T06:00:00+00:00,427.9,428.13,427.9,428.12,747.152
2025-11-28T07:00:00+00:00,428.13,428.23,428.1,428.13,275.777
2025-11-28T08:00:00+00:00,428.16,429.55,427.47,428.39,1030.222
2025-11-28T09:00:00+00:00,428.38,428.53,427.65,428.08,1047.119
2025-11-28T10:00:00+00:00,428.09,428.66,427.96,428.65,464.402
2025-11-28T11:00:00+00:00,428.64,429.0,428.25,428.53,707.152
2025-11-28T12:00:00+00:00,428.54,429.7,428.53,428.91,524.026
2025-11-28T13:00:00+00:00,428.9,429.1,427.84,427.94,716.245
2025-11-28T14:00:00+00:00,428.04,433.04,425.65,429.22,5943.661
2025-11-28T15:00:00+00:00,429.05,430.25,426.43,430.24,3755.604
2025-11-28T16:00:00+00:00,430.15,432.68,428.56,429.53,2803.442
2025-11-28T17:00:00+00:00,429.47,430.53,428.37,430.05,2169.313
2025-11-28T18:00:00+00:00,430.21,430.38,429.77,430.17,1161.658
2025-11-28T19:00:00+00:00,430.16,430.42,430.08,430.34,1060.988
2025-11-28T20:00:00+00:00,430.34,430.66,430.34,430.52,269.037
2025-11-28T21:00:00+00:00,430.51,430.64,430.45,430.5,243.574
2025-11-28T22:00:00+00:00,430.51,430.55,430.03,430.2,300.033
2025-11-28T23:00:00+00:00,430.24,430.25,430.18,430.25,192.989
2025-11-29T00:00:00+00:00,430.24,430.26,430.24,430.26,134.488
2025-11-29T01:00:00+00:00,430.25,430.26,430.22,430.24,283.324
2025-11-29T02:00:00+00:00,430.24,430.25,430.18,430.22,122.92
2025-11-29T03:00:00+00:00,430.22,430.25,430.21,430.24,105.979
2025-11-29T04:00:00+00:00,430.25,430.27,430.13,430.27,276.155
2025-11-29T05:00:00+00:00,430.28,430.33,430.15,430.32,140.587
2025-11-29T06:00:00+00:00,430.32,430.34,430.3,430.33,27.9
2025-11-29T07:00:00+00:00,430.32,430.95,430.32,430.9,245.827
2025-11-29T08:00:00+00:00,430.74,431.51,430.74,431.04,440.545
2025-11-29T09:00:00+00:00,431.13,431.5,430.83,431.23,430.025
2025-11-29T10:00:00+00:00,431.11,431.3,430.98,431.29,209.573
2025-11-29T11:00:00+00:00,431.3,431.39,431.26,431.39,114.411
2025-11-29T12:00:00+00:00,431.39,431.4,431.38,431.39,54.724
2025-11-29T13:00:00+00:00,431.4,431.4,431.39,431.4,117.012
2025-11-29T14:00:00+00:00,431.4,431.4,430.68,430.89,318.902
2025-11-29T15:00:00+00:00,430.88,430.89,430.88,430.89,58.859
2025-11-29T16:00:00+00:00,430.89,430.89,430.88,430.88,48.994
2025-11-29T17:00:00+00:00,430.89,431.16,430.87,431.12,478.821
2025-11-29T18:00:00+00:00,431.1,431.16,430.99,431.03,44.077
2025-11-29T19:00:00+00:00,430.99,431.03,430.96,431.0,84.979
2025-11-29T20:00:00+00:00,431.0,431.0,430.97,431.0,115.017
2025-11-29T21:00:00+00:00,431.0,431.0,430.87,430.9,205.294
2025-11-29T22:00:00+00:00,430.9,430.92,430.13,430.56,223.07
2025-11-29T23:00:00+00:00,430.56,430.57,430.41,430.41,131.936
2025-11-30T00:00:00+00:00,430.38,430.56,430.38,430.53,72.17
2025-11-30T01:00:00+00:00,430.53,431.17,430.48,431.17,365.033
2025-11-30T02:00:00+00:00,431.19,431.56,430.76,431.18,374.779
2025-11-30T03:00:00+00:00,431.19,431.4,430.8,431.1,307.705
2025-11-30T04:00:00+00:00,431.04,431.08,431.02,431.06,34.655
2025-11-30T05:00:00+00:00,431.07,431.21,430.7,431.19,83.813
2025-11-30T06:00:00+00:00,431.2,431.25,430.92,431.04,79.198
2025-11-30T07:00:00+00:00,431.04,431.2,430.92,431.05,117.555
2025-11-30T08:00:00+00:00,431.05,431.25,430.92,431.07,438.002
2025-11-30T09:00:00+00:00,431.1,431.25,430.92,431.21,70.918
2025-11-30T10:00:00+00:00,431.24,431.59,431.24,431.43,56.693
2025-11-30T11:00:00+00:00,431.47,431.47,431.46,431.46,31.352
2025-11-30T12:00:00+00:00,431.46,431.67,430.92,431.51,364.217
2025-11-30T13:00:00+00:00,431.51,432.51,431.14,431.79,399.702
2025-11-30T14:00:00+00:00,431.76,433.19,431.53,432.15,612.564
2025-11-30T15:00:00+00:00,432.15,432.6,432.01,432.01,108.654
2025-11-30T16:00:00+00:00,432.39,432.6,432.12,432.35,140.002
2025-11-30T17:00:00+00:00,432.3,432.78,432.29,432.57,381.405
2025-11-30T18:00:00+00:00,432.59,432.88,432.1,432.75,185.215
2025-11-30T19:00:00+00:00,432.75,433.0,432.53,432.88,77.247
2025-11-30T20:00:00+00:00,432.7,433.3,432.7,433.13,82.032
2025-11-30T21:00:00+00:00,433.13,433.14,432.7,432.81,92.325
2025-11-30T22:00:00+00:00,432.81,433.4,432.73,433.12,156.43
2025-11-30T23:00:00+00:00,433.1,433.14,431.16,432.08,828.11
2025-12-01T00:00:00+00:00,432.08,432.16,424.79,425.58,2381.398
2025-12-01T01:00:00+00:00,425.64,426.45,422.65,426.0,3096.394
2025-12-01T02:00:00+00:00,426.0,426.29,423.85,424.5,625.519
2025-12-01T03:00:00+00:00,424.5,424.54,422.92,424.01,1370.781
2025-12-01T04:00:00+00:00,423.99,424.58,422.67,423.15,925.004
2025-12-01T05:00:00+00:00,423.14,423.56,421.57,423.17,682.206
2025-12-01T06:00:00+00:00,423.17,425.9,423.17,425.5,656.466
2025-12-01T07:00:00+00:00,425.52,426.54,424.35,426.15,707.242
2025-12-01T08:00:00+00:00,426.14,426.27,425.49,425.59,354.411
2025-12-01T09:00:00+00:00,425.58,425.93,425.0,425.06,555.922
2025-12-01T10:00:00+00:00,425.22,425.69,425.13,425.51,506.276
2025-12-01T11:00:00+00:00,425.55,425.55,423.88,424.74,668.683
2025-12-01T12:00:00+00:00,424.75,425.31,423.47,423.85,901.756
2025-12-01T13:00:00+00:00,423.89,424.71,423.21,424.32,1121.059
2025-12-01T14:00:00+00:00,424.44,431.28,424.31,428.93,8041.94
2025-12-01T15:00:00+00:00,429.02,433.48,426.36,429.46,7100.998
2025-12-01T16:00:00+00:00,429.42,429.47,425.82,427.97,2246.52
2025-12-01T17:00:00+00:00,428.02,431.08,427.4,429.33,3212.854
2025-12-01T18:00:00+00:00,429.24,430.33,427.7,428.55,2683.186
2025-12-01T19:00:00+00:00,428.42,428.54,426.25,426.48,1928.385
2025-12-01T20:00:00+00:00,426.48,430.32,426.41,430.02,3079.245
2025-12-01T21:00:00+00:00,430.18,430.91,429.59,429.71,660.401
2025-12-01T22:00:00+00:00,429.65,430.4,429.5,429.89,610.874
2025-12-01T23:00:00+00:00,430.07,430.33,429.5,429.5,759.077
2025-12-02T00:00:00+00:00,429.42,429.42,428.63,428.77,572.252
2025-12-02T01:00:00+00:00,428.76,430.17,428.16,429.3,1232.349
2025-12-02T02:00:00+00:00,429.3,429.49,428.67,429.44,305.195
2025-12-02T03:00:00+00:00,429.44,429.45,428.85,428.89,131.451
2025-12-02T04:00:00+00:00,428.88,428.92,428.64,428.64,214.219
2025-12-02T05:00:00+00:00,428.64,428.65,428.64,428.65,279.799
2025-12-02T06:00:00+00:00,428.65,428.68,428.64,428.65,166.136
2025-12-02T07:00:00+00:00,428.66,429.13,428.66,429.06,629.822
2025-12-02T08:00:00+00:00,429.05,429.28,428.58,429.02,552.527
2025-12-02T09:00:00+00:00,429.24,430.96,429.2,430.68,901.438
2025-12-02T10:00:00+00:00,430.65,432.0,430.43,431.91,839.332
2025-12-02T11:00:00+00:00,431.91,432.1,431.42,431.54,780.947
2025-12-02T12:00:00+00:00,431.54,433.01,430.61,431.79,840.659
2025-12-02T13:00:00+00:00,431.79,432.76,431.59,432.69,904.367
2025-12-02T14:00:00+00:00,432.75,433.46,427.73,429.32,9226.967
2025-12-02T15:00:00+00:00,429.2,436.78,429.2,429.85,10213.627
2025-12-02T16:00:00+00:00,429.85,429.86,422.32,424.33,9736.559
2025-12-02T17:00:00+00:00,424.55,426.46,423.69,423.69,1869.766
2025-12-02T18:00:00+00:00,423.64,426.39,423.2,426.39,975.976
2025-12-02T19:00:00+00:00,426.35,429.3,425.53,429.3,2667.508
2025-12-02T20:00:00+00:00,429.27,431.09,428.88,429.23,2706.554
2025-12-02T21:00:00+00:00,429.19,429.67,428.37,428.69,307.802
2025-12-02T22:00:00+00:00,428.7,429.23,428.41,428.8,549.655
2025-12-02T23:00:00+00:00,428.8,428.87,428.34,428.5,450.327
2025-12-03T00:00:00+00:00,428.53,428.56,427.89,427.93,326.559
2025-12-03T01:00:00+00:00,427.95,428.91,427.75,428.28,498.199
2025-12-03T02:00:00+00:00,428.25,429.28,428.14,429.06,393.62
2025-12-03T03:00:00+00:00,429.06,429.82,428.9,429.62,312.426
2025-12-03T04:00:00+00:00,429.61,429.95,428.89,429.07,352.492
2025-12-03T05:00:00+00:00,429.2,429.83,429.01,429.5,326.786
2025-12-03T06:00:00+00:00,429.5,429.84,429.05,429.21,282.95
2025-12-03T07:00:00+00:00,429.11,429.62,429.11,429.56,64.563
2025-12-03T08:00:00+00:00,429.59,429.6,428.82,429.24,259.278
2025-12-03T09:00:00+00:00,429.19,430.63,429.14,430.51,439.414
2025-12-03T10:00:00+00:00,430.51,430.51,430.13,430.22,291.576
2025-12-03T11:00:00+00:00,430.24,430.27,429.58,430.16,235.266
2025-12-03T12:00:00+00:00,430.12,431.05,429.83,430.69,380.703
2025-12-03T13:00:00+00:00,430.68,435.73,430.67,434.22,3606.267
2025-12-03T14:00:00+00:00,434.22,440.26,429.87,437.06,16090.635
2025-12-03T15:00:00+00:00,437.31,444.34,437.31,440.66,11815.539
2025-12-03T16:00:00+00:00,440.68,442.28,437.79,440.31,6918.171
2025-12-03T17:00:00+00:00,440.21,442.05,439.57,441.14,3187.68
2025-12-03T18:00:00+00:00,441.17,447.54,441.08,446.38,5543.527
2025-12-03T19:00:00+00:00,446.39,447.98,445.27,445.63,3770.524
2025-12-03T20:00:00+00:00,445.63,449.0,445.56,446.76,3034.517
2025-12-03T21:00:00+00:00,446.8,447.15,445.66,446.48,1560.636
2025-12-03T22:00:00+00:00,446.48,448.35,446.12,446.64,2410.675
2025-12-03T23:00:00+00:00,447.12,448.4,446.21,447.81,3162.513
2025-12-04T00:00:00+00:00,447.81,449.81,447.06,447.38,2288.925
2025-12-04T01:00:00+00:00,447.75,449.4,447.35,447.94,681.517
2025-12-04T02:00:00+00:00,447.97,448.37,447.06,447.59,365.325
2025-12-04T03:00:00+00:00,447.59,448.13,447.12,447.81,214.995
2025-12-04T04:00:00+00:00,448.0,449.53,447.43,447.77,419.789
2025-12-04T05:00:00+00:00,447.77,448.1,447.4,447.7,431.619
2025-12-04T06:00:00+00:00,447.7,447.95,447.42,447.94,355.047
2025-12-04T07:00:00+00:00,447.96,449.9,447.96,449.81,480.371
2025-12-04T08:00:00+00:00,449.81,449.81,448.46,449.08,592.756
2025-12-04T09:00:00+00:00,448.98,451.09,448.29,450.7,2754.656
2025-12-04T10:00:00+00:00,450.71,452.14,450.24,450.74,1099.748
2025-12-04T11:00:00+00:00,450.73,450.74,448.86,449.02,1070.319
2025-12-04T12:00:00+00:00,449.02,450.2,448.62,449.61,1082.293
2025-12-04T13:00:00+00:00,449.59,449.6,448.09,448.41,996.745
2025-12-04T14:00:00+00:00,448.41,455.14,446.9,451.11,5756.217
2025-12-04T15:00:00+00:00,451.15,452.9,446.11,448.76,4443.336
2025-12-04T16:00:00+00:00,448.87,450.25,447.37,449.91,6366.838
2025-12-04T17:00:00+00:00,449.9,451.0,447.96,448.45,6590.579
2025-12-04T18:00:00+00:00,448.41,449.37,446.62,448.79,3445.723
2025-12-04T19:00:00+00:00,448.77,450.1,446.33,449.64,6446.795
2025-12-04T20:00:00+00:00,449.59,454.54,448.88,454.51,8877.315
2025-12-04T21:00:00+00:00,454.25,454.86,453.73,453.85,584.319
2025-12-04T22:00:00+00:00,453.85,454.22,453.31,453.58,486.087
2025-12-04T23:00:00+00:00,453.56,454.03,453.42,453.51,268.677
2025-12-05T00:00:00+00:00,453.51,454.19,453.47,454.19,512.839
2025-12-05T01:00:00+00:00,454.13,455.14,453.54,454.05,769.755
2025-12-05T02:00:00+00:00,454.06,454.2,453.93,454.2,313.679
2025-12-05T03:00:00+00:00,454.21,454.52,454.14,454.29,273.532
2025-12-05T04:00:00+00:00,454.3,454.32,454.23,454.27,259.102
2025-12-05T05:00:00+00:00,454.27,454.75,454.22,454.61,601.617
2025-12-05T06:00:00+00:00,454.67,455.5,454.67,455.5,515.653
2025-12-05T07:00:00+00:00,455.49,456.39,455.43,455.63,1015.552
2025-12-05T08:00:00+00:00,455.61,456.3,455.53,456.01,513.19
2025-12-05T09:00:00+00:00,456.0,456.93,455.22,455.99,1311.639
2025-12-05T10:00:00+00:00,455.99,456.14,455.4,455.82,587.548
2025-12-05T11:00:00+00:00,455.82,455.82,454.71,454.83,1019.359
2025-12-05T12:00:00+00:00,454.83,455.2,454.29,454.82,633.93
2025-12-05T13:00:00+00:00,454.82,455.22,451.53,452.01,1389.79
2025-12-05T14:00:00+00:00,452.02,458.74,451.78,455.48,11044.064
2025-12-05T15:00:00+00:00,455.63,458.93,454.55,456.54,11525.122
2025-12-05T16:00:00+00:00,456.55,457.04,451.9,455.21,7024.222
2025-12-05T17:00:00+00:00,455.21,455.25,453.32,454.84,2514.457
2025-12-05T18:00:00+00:00,454.84,455.64,454.28,454.67,1516.289
2025-12-05T19:00:00+00:00,454.62,455.81,453.74,455.17,3982.541
2025-12-05T20:00:00+00:00,455.2,455.7,454.39,454.88,4577.691
2025-12-05T21:00:00+00:00,454.87,455.03,454.51,454.91,453.328
2025-12-05T22:00:00+00:00,454.93,455.02,454.67,454.73,366.392
2025-12-05T23:00:00+00:00,454.78,454.78,454.2,454.42,1162.08
2025-12-06T00:00:00+00:00,454.41,454.7,454.27,454.63,422.328
2025-12-06T01:00:00+00:00,454.61,454.67,454.61,454.63,46.377
2025-12-06T02:00:00+00:00,454.63,454.64,454.63,454.63,37.894
2025-12-06T03:00:00+00:00,454.64,454.64,454.17,454.41,191.822
2025-12-06T04:00:00+00:00,454.41,454.94,454.39,454.67,155.05
2025-12-06T05:00:00+00:00,454.67,454.69,454.67,454.69,47.426
2025-12-06T06:00:00+00:00,454.68,454.97,454.68,454.97,104.779
2025-12-06T07:00:00+00:00,454.97,455.03,454.91,454.94,109.386
2025-12-06T08:00:00+00:00,454.95,455.1,454.85,454.87,40.639
2025-12-06T09:00:00+00:00,454.87,455.29,454.67,455.08,172.287
2025-12-06T10:00:00+00:00,455.08,455.08,455.07,455.08,22.105
2025-12-06T11:00:00+00:00,455.07,455.08,455.07,455.07,86.946
2025-12-06T12:00:00+00:00,455.08,455.08,455.07,455.07,38.379
2025-12-06T13:00:00+00:00,455.07,455.08,455.06,455.06,64.75
2025-12-06T14:00:00+00:00,455.06,455.07,454.62,454.78,150.381
2025-12-06T15:00:00+00:00,454.78,454.8,454.77,454.77,96.551
2025-12-06T16:00:00+00:00,454.77,455.22,454.77,455.09,135.843
2025-12-06T17:00:00+00:00,455.06,455.09,454.17,454.33,260.828
2025-12-06T18:00:00+00:00,454.31,454.32,453.92,454.05,122.244
2025-12-06T19:00:00+00:00,454.06,454.06,453.6,453.6,93.172
2025-12-06T20:00:00+00:00,453.71,453.71,453.22,453.43,229.833
2025-12-06T21:00:00+00:00,453.49,453.5,453.1,453.11,143.244
2025-12-06T22:00:00+00:00,453.34,453.8,453.06,453.8,155.154
2025-12-06T23:00:00+00:00,453.8,454.13,453.62,453.99,113.317
2025-12-07T00:00:00+00:00,453.99,454.42,453.74,454.33,138.823
2025-12-07T01:00:00+00:00,454.42,454.42,454.4,454.4,54.741
2025-12-07T02:00:00+00:00,454.42,454.43,454.4,454.43,75.766
2025-12-07T03:00:00+00:00,454.43,454.43,454.42,454.43,68.862
2025-12-07T04:00:00+00:00,454.43,454.43,454.42,454.42,14.5
2025-12-07T05:00:00+00:00,454.42,454.44,453.37,453.37,155.468
2025-12-07T06:00:00+00:00,453.47,453.6,453.11,453.17,311.529
2025-12-07T07:00:00+00:00,453.31,453.36,453.17,453.36,29.034
2025-12-07T08:00:00+00:00,453.33,453.36,453.33,453.33,62.048
2025-12-07T09:00:00+00:00,453.35,453.39,453.0,453.06,82.653
2025-12-07T10:00:00+00:00,453.06,453.5,453.0,453.33,81.349
2025-12-07T11:00:00+00:00,453.33,453.33,453.14,453.32,49.091
2025-12-07T12:00:00+00:00,453.32,453.33,452.92,453.14,138.272
2025-12-07T13:00:00+00:00,453.14,453.33,452.81,453.33,81.246
2025-12-07T14:00:00+00:00,453.32,455.34,453.32,454.66,467.276
2025-12-07T15:00:00+00:00,454.65,454.65,454.58,454.62,27.862
2025-12-07T16:00:00+00:00,454.62,455.07,454.57,455.07,54.725
2025-12-07T17:00:00+00:00,454.93,454.93,454.42,454.58,229.556
2025-12-07T18:00:00+00:00,454.57,454.9,454.57,454.67,52.299
2025-12-07T19:00:00+00:00,454.68,454.91,454.44,454.51,77.822
2025-12-07T20:00:00+00:00,454.51,454.83,454.51,454.78,20.555
2025-12-07T21:00:00+00:00,454.82,454.82,454.58,454.67,23.505
2025-12-07T22:00:00+00:00,454.69,454.72,454.52,454.57,13.259
2025-12-07T23:00:00+00:00,454.58,455.31,454.0,455.3,215.699
2025-12-08T00:00:00+00:00,455.3,455.42,454.45,454.46,54.152
2025-12-08T01:00:00+00:00,454.45,454.63,452.5,453.33,514.347
2025-12-08T02:00:00+00:00,453.33,453.61,452.26,453.56,147.886
2025-12-08T03:00:00+00:00,453.55,453.91,453.43,453.43,99.502
2025-12-08T04:00:00+00:00,453.43,454.11,452.87,454.1,176.232
2025-12-08T05:00:00+00:00,454.11,454.11,453.6,453.92,88.157
2025-12-08T06:00:00+00:00,453.91,454.99,452.32,452.78,529.095
2025-12-08T07:00:00+00:00,452.77,452.86,452.01,452.01,88.841
2025-12-08T08:00:00+00:00,452.08,452.22,450.0,450.76,474.32
2025-12-08T09:00:00+00:00,450.77,451.76,449.89,449.93,496.631
2025-12-08T10:00:00+00:00,449.89,450.29,448.91,449.9,386.302
2025-12-08T11:00:00+00:00,449.84,449.99,447.5,448.31,2291.965
2025-12-08T12:00:00+00:00,448.54,449.63,448.01,449.21,1265.133
2025-12-08T13:00:00+00:00,449.16,449.25,447.97,448.22,1294.589
2025-12-08T14:00:00+00:00,448.2,449.66,443.88,445.14,12753.278
2025-12-08T15:00:00+00:00,445.19,445.63,439.89,440.1,5472.165
2025-12-08T16:00:00+00:00,440.0,440.54,438.03,438.45,2052.893
2025-12-08T17:00:00+00:00,438.44,439.36,436.77,439.19,3293.479
2025-12-08T18:00:00+00:00,439.23,439.65,435.6,436.11,1844.314
2025-12-08T19:00:00+00:00,436.09,438.34,435.73,437.45,981.67
2025-12-08T20:00:00+00:00,437.37,439.68,437.13,439.68,1842.724
2025-12-08T21:00:00+00:00,439.73,440.45,439.37,439.89,644.611
2025-12-08T22:00:00+00:00,440.01,440.87,440.01,440.56,413.546
2025-12-08T23:00:00+00:00,440.47,440.63,439.71,440.12,244.159
2025-12-09T00:00:00+00:00,440.12,440.2,439.54,439.64,200.495
2025-12-09T01:00:00+00:00,439.63,441.18,439.63,440.42,406.503
2025-12-09T02:00:00+00:00,440.31,441.0,439.15,439.86,410.784
2025-12-09T03:00:00+00:00,439.8,439.8,438.51,439.17,208.001
2025-12-09T04:00:00+00:00,439.14,439.61,436.61,438.46,1123.522
2025-12-09T05:00:00+00:00,438.46,438.47,436.33,436.71,372.28
2025-12-09T06:00:00+00:00,436.72,437.91,435.56,437.91,394.26
2025-12-09T07:00:00+00:00,437.91,438.14,437.15,438.06,153.932
2025-12-09T08:00:00+00:00,438.08,439.23,438.02,438.63,545.961
2025-12-09T09:00:00+00:00,438.4,438.45,435.58,435.58,1078.874
2025-12-09T10:00:00+00:00,435.57,436.36,435.23,436.24,357.857
2025-12-09T11:00:00+00:00,436.22,436.58,435.54,436.57,584.721
2025-12-09T12:00:00+00:00,436.59,437.44,435.91,435.91,1277.974
2025-12-09T13:00:00+00:00,435.91,436.48,435.65,435.79,234.386
2025-12-09T14:00:00+00:00,436.16,444.52,435.21,444.52,7827.184
2025-12-09T15:00:00+00:00,444.37,448.09,442.75,447.89,4111.16
2025-12-09T16:00:00+00:00,447.89,449.3,446.29,449.01,1915.303
2025-12-09T17:00:00+00:00,449.06,451.69,448.94,451.66,1884.655
2025-12-09T18:00:00+00:00,451.54,452.41,448.25,449.12,1967.444
2025-12-09T19:00:00+00:00,449.03,449.75,447.95,448.9,2295.123
2025-12-09T20:00:00+00:00,448.89,448.93,445.31,445.63,5059.886
2025-12-09T21:00:00+00:00,445.67,445.67,444.7,445.12,1136.469
2025-12-09T22:00:00+00:00,445.1,445.19,444.77,445.09,328.013
2025-12-09T23:00:00+00:00,444.96,445.23,444.81,445.01,2191.544
2025-12-10T00:00:00+00:00,445.01,445.99,445.01,445.33,583.336
2025-12-10T01:00:00+00:00,445.36,448.31,445.36,447.64,2701.34
2025-12-10T02:00:00+00:00,447.65,447.71,446.71,447.45,531.379
2025-12-10T03:00:00+00:00,447.45,448.29,447.45,448.1,621.391
2025-12-10T04:00:00+00:00,448.1,448.55,448.0,448.51,390.401
2025-12-10T05:00:00+00:00,448.31,448.43,447.05,447.34,583.385
2025-12-10T06:00:00+00:00,447.39,447.88,447.35,447.74,245.812
2025-12-10T07:00:00+00:00,447.73,448.66,447.66,448.63,561.071
2025-12-10T08:00:00+00:00,448.64,449.0,448.38,448.72,182.327
2025-12-10T09:00:00+00:00,448.7,449.02,447.83,447.93,450.824
2025-12-10T10:00:00+00:00,448.01,448.39,447.02,447.84,250.11
2025-12-10T11:00:00+00:00,447.63,448.58,447.49,447.85,197.991
2025-12-10T12:00:00+00:00,447.84,447.92,446.3,446.77,211.584
2025-12-10T13:00:00+00:00,446.77,447.68,446.77,447.28,567.792
2025-12-10T14:00:00+00:00,447.32,450.0,443.78,445.23,6671.028
2025-12-10T15:00:00+00:00,445.23,446.85,444.04,445.05,3203.721
2025-12-10T16:00:00+00:00,444.94,447.27,444.42,446.21,1792.481
2025-12-10T17:00:00+00:00,446.15,446.48,444.56,445.97,1078.434
2025-12-10T18:00:00+00:00,445.97,446.68,444.42,445.19,973.157
2025-12-10T19:00:00+00:00,445.12,452.04,445.05,451.93,8143.049
2025-12-10T20:00:00+00:00,452.08,456.88,451.26,451.72,5069.131
2025-12-10T21:00:00+00:00,451.85,452.8,448.33,450.85,2491.616
2025-12-10T22:00:00+00:00,450.87,450.94,449.1,450.19,506.626
2025-12-10T23:00:00+00:00,450.24,450.39,449.24,449.55,335.994
2025-12-11T00:00:00+00:00,449.52,449.52,448.23,448.4,740.585
2025-12-11T01:00:00+00:00,448.45,449.88,448.29,449.3,854.957
2025-12-11T02:00:00+00:00,449.29,449.54,444.2,445.85,2275.306
2025-12-11T03:00:00+00:00,445.68,446.45,441.91,444.67,1044.42
2025-12-11T04:00:00+00:00,444.82,446.34,444.44,445.3,521.397
2025-12-11T05:00:00+00:00,445.05,445.74,444.6,445.28,764.866
2025-12-11T06:00:00+00:00,445.22,446.74,445.02,446.7,591.176
2025-12-11T07:00:00+00:00,446.68,446.89,445.92,446.89,1201.013
2025-12-11T08:00:00+00:00,446.88,447.03,444.11,446.02,879.245
2025-12-11T09:00:00+00:00,445.76,448.09,445.56,447.52,578.117
2025-12-11T10:00:00+00:00,447.66,447.74,446.57,447.63,398.905
2025-12-11T11:00:00+00:00,447.58,448.9,447.18,448.41,234.566
2025-12-11T12:00:00+00:00,448.14,449.93,447.98,449.1,771.1
2025-12-11T13:00:00+00:00,448.98,448.98,447.18,447.7,387.667
2025-12-11T14:00:00+00:00,447.8,449.2,441.16,441.53,3786.575
2025-12-11T15:00:00+00:00,441.71,446.3,440.44,442.08,2278.336
2025-12-11T16:00:00+00:00,442.1,445.19,440.86,442.99,2453.69
2025-12-11T17:00:00+00:00,443.17,446.76,443.09,446.33,1531.074
2025-12-11T18:00:00+00:00,446.23,447.69,445.64,446.53,1142.898
2025-12-11T19:00:00+00:00,446.38,447.87,445.85,446.69,1325.278
2025-12-11T20:00:00+00:00,446.64,446.97,444.29,446.86,3123.151
2025-12-11T21:00:00+00:00,446.88,448.08,446.69,447.63,730.395
2025-12-11T22:00:00+00:00,447.57,447.75,445.41,446.15,291.368
2025-12-11T23:00:00+00:00,446.15,446.97,445.9,446.23,506.286
2025-12-12T00:00:00+00:00,446.14,446.23,445.68,445.82,761.383
2025-12-12T01:00:00+00:00,445.87,447.63,445.65,447.5,1089.127
2025-12-12T02:00:00+00:00,447.44,447.52,446.95,447.48,605.976
2025-12-12T03:00:00+00:00,447.44,447.64,446.77,447.5,496.357
2025-12-12T04:00:00+00:00,447.47,447.89,447.09,447.54,481.686
2025-12-12T05:00:00+00:00,447.55,447.84,447.26,447.63,311.57
2025-12-12T06:00:00+00:00,447.63,447.74,447.21,447.43,134.154
2025-12-12T07:00:00+00:00,447.43,447.51,447.04,447.51,102.2
2025-12-12T08:00:00+00:00,447.49,447.73,447.15,447.28,165.552
2025-12-12T09:00:00+00:00,447.54,447.73,445.25,445.83,425.188
2025-12-12T10:00:00+00:00,445.67,446.29,445.43,445.93,218.836
2025-12-12T11:00:00+00:00,445.88,446.43,445.84,445.84,108.508
2025-12-12T12:00:00+00:00,445.83,446.54,445.46,446.51,142.943
2025-12-12T13:00:00+00:00,446.01,448.21,445.87,448.21,656.869
2025-12-12T14:00:00+00:00,448.26,462.98,446.81,460.9,8809.422
2025-12-12T15:00:00+00:00,460.8,461.06,447.63,447.94,9507.077
2025-12-12T16:00:00+00:00,447.91,449.98,441.93,443.45,4799.561
2025-12-12T17:00:00+00:00,443.45,451.72,443.39,450.76,1866.94
2025-12-12T18:00:00+00:00,450.97,456.44,450.8,453.8,2831.771
2025-12-12T19:00:00+00:00,453.95,454.01,450.22,452.41,1972.109
2025-12-12T20:00:00+00:00,452.79,458.97,452.13,458.97,3183.885
2025-12-12T21:00:00+00:00,458.97,459.18,457.2,457.52,274.133
2025-12-12T22:00:00+00:00,457.5,457.52,456.02,456.29,126.683
2025-12-12T23:00:00+00:00,456.3,456.5,455.64,456.2,75.91
2025-12-13T00:00:00+00:00,456.2,456.72,456.06,456.25,155.11
2025-12-13T01:00:00+00:00,456.25,456.95,456.07,456.22,127.238
2025-12-13T02:00:00+00:00,456.4,456.44,456.4,456.44,11.05
2025-12-13T03:00:00+00:00,456.43,456.44,456.39,456.39,34.151
2025-12-13T04:00:00+00:00,456.39,456.41,456.39,456.39,10.14
2025-12-13T05:00:00+00:00,456.41,456.42,456.39,456.42,15.623
2025-12-13T06:00:00+00:00,456.41,456.42,456.09,456.42,94.987
2025-12-13T07:00:00+00:00,456.38,456.42,455.47,456.12,211.297
2025-12-13T08:00:00+00:00,455.83,456.22,455.7,456.14,124.296
2025-12-13T09:00:00+00:00,456.0,456.14,455.7,455.8,159.762
2025-12-13T10:00:00+00:00,455.8,455.88,455.8,455.8,32.056
2025-12-13T11:00:00+00:00,455.8,455.82,455.65,455.69,86.759
2025-12-13T12:00:00+00:00,455.72,455.82,455.23,455.79,100.304
2025-12-13T13:00:00+00:00,455.82,455.86,455.74,455.81,18.423
2025-12-13T14:00:00+00:00,455.81,457.0,455.74,457.0,264.061
2025-12-13T15:00:00+00:00,456.71,457.0,456.3,456.99,165.381
2025-12-13T16:00:00+00:00,456.95,457.0,456.76,456.82,111.984
2025-12-13T17:00:00+00:00,456.82,457.0,456.75,457.0,60.119
2025-12-13T18:00:00+00:00,456.99,457.0,456.75,457.0,70.522
2025-12-13T19:00:00+00:00,457.0,457.0,454.27,455.36,461.381
2025-12-13T20:00:00+00:00,455.36,456.21,455.32,456.14,95.52
2025-12-13T21:00:00+00:00,456.1,456.21,455.85,456.18,29.301
2025-12-13T22:00:00+00:00,456.19,456.31,456.14,456.3,25.161
2025-12-13T23:00:00+00:00,456.33,456.4,456.06,456.4,16.134
2025-12-14T00:00:00+00:00,456.08,456.4,456.07,456.17,40.481
2025-12-14T01:00:00+00:00,456.17,456.22,455.61,455.78,158.615
2025-12-14T02:00:00+00:00,455.81,455.94,455.73,455.86,33.859
2025-12-14T03:00:00+00:00,455.86,456.09,455.46,456.02,150.128
2025-12-14T04:00:00+00:00,456.03,456.14,455.83,455.95,50.2
2025-12-14T05:00:00+00:00,455.95,456.0,455.7,455.77,146.218
2025-12-14T06:00:00+00:00,455.76,456.25,455.59,456.14,495.897
2025-12-14T07:00:00+00:00,456.12,456.31,455.77,456.01,334.307
2025-12-14T08:00:00+00:00,456.01,456.05,455.56,455.94,174.53
2025-12-14T09:00:00+00:00,455.82,456.03,455.5,455.87,100.013
2025-12-14T10:00:00+00:00,455.84,455.9,455.56,455.83,36.573
2025-12-14T11:00:00+00:00,455.83,456.11,455.35,455.8,106.727
2025-12-14T12:00:00+00:00,455.73,455.82,455.72,455.79,25.054
2025-12-14T13:00:00+00:00,455.79,455.81,455.73,455.73,21.751
2025-12-14T14:00:00+00:00,455.77,455.82,455.33,455.5,48.51
2025-12-14T15:00:00+00:00,455.54,456.01,455.46,455.62,49.889
2025-12-14T16:00:00+00:00,455.62,455.74,455.6,455.74,56.626
2025-12-14T17:00:00+00:00,455.74,456.64,455.72,456.51,155.021
2025-12-14T18:00:00+00:00,456.53,457.0,456.53,457.0,195.162
2025-12-14T19:00:00+00:00,456.96,459.52,456.36,457.44,1065.157
2025-12-14T20:00:00+00:00,457.38,457.38,456.21,456.5,273.105
2025-12-14T21:00:00+00:00,456.5,457.13,456.16,456.25,167.99
2025-12-14T22:00:00+00:00,456.19,458.24,452.37,454.75,1110.663
2025-12-14T23:00:00+00:00,454.73,455.27,452.43,454.39,849.829
2025-12-15T00:00:00+00:00,454.39,455.27,453.41,453.78,251.635
2025-12-15T01:00:00+00:00,453.95,463.79,453.95,461.99,2806.376
2025-12-15T02:00:00+00:00,462.31,462.71,461.43,462.39,241.114
2025-12-15T03:00:00+00:00,462.39,462.8,461.18,461.69,429.596
2025-12-15T04:00:00+00:00,461.69,462.0,461.11,462.0,144.879
2025-12-15T05:00:00+00:00,462.0,463.12,461.68,462.99,355.081
2025-12-15T06:00:00+00:00,462.99,463.24,461.82,461.82,487.895
2025-12-15T07:00:00+00:00,461.84,462.43,461.24,461.54,240.151
2025-12-15T08:00:00+00:00,461.72,462.65,460.65,462.33,167.804
2025-12-15T09:00:00+00:00,461.99,464.92,461.11,464.55,816.759
2025-12-15T10:00:00+00:00,464.46,464.74,463.3,463.37,293.852
2025-12-15T11:00:00+00:00,463.36,464.3,463.36,463.68,120.213
2025-12-15T12:00:00+00:00,463.68,466.52,463.61,465.16,1713.388
2025-12-15T13:00:00+00:00,465.43,470.75,464.73,469.91,1829.48
2025-12-15T14:00:00+00:00,469.81,481.95,467.53,477.5,16169.081
2025-12-15T15:00:00+00:00,477.4,480.4,470.84,478.86,12980.276
2025-12-15T16:00:00+00:00,478.53,482.0,475.11,477.22,7489.988
2025-12-15T17:00:00+00:00,477.25,478.21,474.73,477.45,5304.589
2025-12-15T18:00:00+00:00,477.45,478.89,474.66,477.23,3779.37
2025-12-15T19:00:00+00:00,477.19,479.25,475.52,478.84,1482.621
2025-12-15T20:00:00+00:00,478.96,480.99,475.42,475.49,4272.225
2025-12-15T21:00:00+00:00,475.49,476.71,472.92,473.88,1805.797
2025-12-15T22:00:00+00:00,473.67,474.4,473.4,473.96,435.856
2025-12-15T23:00:00+00:00,473.96,474.84,473.24,473.38,577.729
2025-12-16T00:00:00+00:00,473.41,473.63,470.99,471.84,1348.065
2025-12-16T01:00:00+00:00,471.84,472.38,467.23,467.6,1739.389
2025-12-16T02:00:00+00:00,467.6,469.53,466.11,469.02,1733.195
2025-12-16T03:00:00+00:00,469.03,469.2,466.1,467.64,480.459
2025-12-16T04:00:00+00:00,467.72,468.93,467.03,468.24,750.471
2025-12-16T05:00:00+00:00,468.31,471.28,467.5,469.9,500.829
2025-12-16T06:00:00+00:00,469.9,469.9,468.42,469.62,377.51
2025-12-16T07:00:00+00:00,469.61,470.56,468.7,469.59,447.579
2025-12-16T08:00:00+00:00,469.5,472.03,469.5,471.19,460.108
2025-12-16T09:00:00+00:00,471.19,471.65,468.76,469.21,351.589
2025-12-16T10:00:00+00:00,469.22,471.85,468.9,471.42,471.31
2025-12-16T11:00:00+00:00,471.26,472.7,470.66,472.38,485.741
2025-12-16T12:00:00+00:00,472.28,473.61,471.77,472.91,498.147
2025-12-16T13:00:00+00:00,472.93,476.99,471.79,473.07,8881.598
2025-12-16T14:00:00+00:00,473.16,478.54,466.08,478.35,8642.44
2025-12-16T15:00:00+00:00,478.34,488.0,473.06,476.37,13500.928
2025-12-16T16:00:00+00:00,476.4,479.65,471.95,479.37,6809.353
2025-12-16T17:00:00+00:00,479.46,481.59,476.39,476.5,4499.357
2025-12-16T18:00:00+00:00,476.58,480.26,475.87,479.89,3911.694
2025-12-16T19:00:00+00:00,479.78,487.01,477.66,486.06,7252.159
2025-12-16T20:00:00+00:00,485.48,495.0,485.14,490.21,17765.525
2025-12-16T21:00:00+00:00,490.28,492.0,488.75,489.01,2141.04
2025-12-16T22:00:00+00:00,489.01,489.92,488.23,489.05,6658.749
2025-12-16T23:00:00+00:00,489.58,489.63,480.62,486.45,5208.511
2025-12-17T00:00:00+00:00,486.12,491.26,485.0,491.03,1378.891
2025-12-17T01:00:00+00:00,491.03,491.21,487.62,488.37,800.549
2025-12-17T02:00:00+00:00,488.37,489.89,488.1,489.5,839.204
2025-12-17T03:00:00+00:00,489.5,491.76,485.96,489.74,3019.445
2025-12-17T04:00:00+00:00,489.75,490.69,488.92,489.83,350.147
2025-12-17T05:00:00+00:00,489.83,490.36,488.6,490.11,1023.702
2025-12-17T06:00:00+00:00,490.01,495.3,489.96,493.82,3446.945
2025-12-17T07:00:00+00:00,494.06,494.18,492.83,493.51,1155.581
2025-12-17T08:00:00+00:00,493.54,493.54,491.63,492.7,2228.55
2025-12-17T09:00:00+00:00,492.41,493.18,490.97,492.18,3173.99
2025-12-17T10:00:00+00:00,492.57,493.25,490.79,491.45,674.162
2025-12-17T11:00:00+00:00,491.45,492.0,488.63,490.2,1093.94
2025-12-17T12:00:00+00:00,490.34,492.2,488.27,488.73,888.337
2025-12-17T13:00:00+00:00,488.73,489.71,486.66,488.5,2255.462
2025-12-17T14:00:00+00:00,488.64,495.12,486.48,493.3,10320.997
2025-12-17T15:00:00+00:00,493.32,493.32,477.68,478.22,7253.176
2025-12-17T16:00:00+00:00,478.22,480.62,475.0,477.18,6139.93
2025-12-17T17:00:00+00:00,477.15,479.36,473.0,474.82,7316.469
2025-12-17T18:00:00+00:00,474.85,477.11,467.5,467.95,7135.656
2025-12-17T19:00:00+00:00,468.06,470.82,466.48,470.82,5270.56
2025-12-17T20:00:00+00:00,470.83,471.32,467.14,467.32,6294.552
2025-12-17T21:00:00+00:00,467.07,470.29,466.07,466.22,3013.188
2025-12-17T22:00:00+00:00,466.14,469.05,464.39,468.43,1827.255
2025-12-17T23:00:00+00:00,468.4,468.69,465.26,467.17,2278.931
2025-12-18T00:00:00+00:00,467.22,469.35,466.87,469.35,650.472
2025-12-18T01:00:00+00:00,469.29,471.36,468.62,470.34,1324.716
2025-12-18T02:00:00+00:00,470.34,472.84,469.64,471.32,2667.326
2025-12-18T03:00:00+00:00,471.15,471.54,469.03,470.37,394.09
2025-12-18T04:00:00+00:00,470.28,472.09,470.2,471.74,1416.091
2025-12-18T05:00:00+00:00,471.57,471.78,470.64,471.47,139.923
2025-12-18T06:00:00+00:00,471.5,471.86,469.92,470.62,584.568
2025-12-18T07:00:00+00:00,470.63,472.42,470.63,471.68,820.592
2025-12-18T08:00:00+00:00,471.54,473.26,471.38,472.86,516.115
2025-12-18T09:00:00+00:00,472.76,475.22,471.67,475.04,1505.584
2025-12-18T10:00:00+00:00,475.04,475.21,473.73,473.77,513.43
2025-12-18T11:00:00+00:00,473.78,473.95,472.99,473.45,649.585
2025-12-18T12:00:00+00:00,473.49,474.69,472.87,474.07,1588.457
2025-12-18T13:00:00+00:00,473.93,478.73,473.66,477.2,3160.806
2025-12-18T14:00:00+00:00,477.25,482.14,473.31,480.76,12916.037
2025-12-18T15:00:00+00:00,480.88,487.32,477.99,486.59,9996.572
2025-12-18T16:00:00+00:00,486.8,490.86,485.86,489.38,9573.56
2025-12-18T17:00:00+00:00,489.19,490.4,484.69,489.85,9823.345
2025-12-18T18:00:00+00:00,489.78,489.9,487.36,488.66,1592.635
2025-12-18T19:00:00+00:00,488.48,488.69,483.72,484.51,3047.466
2025-12-18T20:00:00+00:00,484.34,489.16,483.66,483.86,2693.617
2025-12-18T21:00:00+00:00,483.67,484.15,482.49,483.29,873.732
2025-12-18T22:00:00+00:00,483.29,485.05,483.27,484.5,292.667
2025-12-18T23:00:00+00:00,484.34,485.06,483.16,485.06,364.079
2025-12-19T00:00:00+00:00,484.81,485.1,484.03,485.1,200.26
2025-12-19T01:00:00+00:00,485.2,485.86,483.82,485.0,262.82
2025-12-19T02:00:00+00:00,484.96,485.0,483.96,483.96,296.272
2025-12-19T03:00:00+00:00,483.99,488.26,483.99,487.14,1135.389
2025-12-19T04:00:00+00:00,487.36,488.87,487.3,487.37,269.63
2025-12-19T05:00:00+00:00,487.31,487.99,486.3,487.16,300.479
2025-12-19T06:00:00+00:00,487.15,487.54,486.79,487.1,290.041
2025-12-19T07:00:00+00:00,487.18,488.72,487.08,488.13,387.127
2025-12-19T08:00:00+00:00,488.15,489.23,487.37,487.93,422.93
2025-12-19T09:00:00+00:00,487.78,490.0,487.2,489.31,414.951
2025-12-19T10:00:00+00:00,489.31,489.9,488.37,488.75,178.948
2025-12-19T11:00:00+00:00,488.75,489.5,488.24,488.52,422.724
2025-12-19T12:00:00+00:00,488.53,489.51,487.76,488.04,580.805
2025-12-19T13:00:00+00:00,488.04,488.38,487.11,487.91,463.405
2025-12-19T14:00:00+00:00,487.76,490.54,481.66,484.88,10000.107
2025-12-19T15:00:00+00:00,484.87,486.15,477.94,478.73,4788.954
2025-12-19T16:00:00+00:00,478.61,481.87,475.15,475.62,2850.924
2025-12-19T17:00:00+00:00,475.93,480.53,475.71,478.35,1776.851
2025-12-19T18:00:00+00:00,478.14,483.39,478.09,481.92,1729.291
2025-12-19T19:00:00+00:00,482.01,484.22,480.85,482.37,1303.674
2025-12-19T20:00:00+00:00,482.43,484.21,481.01,481.3,901.77
2025-12-19T21:00:00+00:00,481.4,484.95,481.28,482.83,326.764
2025-12-19T22:00:00+00:00,482.9,483.59,482.6,483.37,236.086
2025-12-19T23:00:00+00:00,483.25,483.37,483.16,483.35,368.227
2025-12-20T00:00:00+00:00,483.27,483.78,482.65,482.78,1250.405
2025-12-20T01:00:00+00:00,482.69,482.91,482.68,482.91,38.076
2025-12-20T02:00:00+00:00,482.91,483.14,482.89,483.04,64.405
2025-12-20T03:00:00+00:00,483.0,483.22,482.91,483.14,144.523
2025-12-20T04:00:00+00:00,483.09,483.15,482.92,483.03,44.722
2025-12-20T05:00:00+00:00,483.11,483.12,482.83,482.83,73.131
2025-12-20T06:00:00+00:00,482.87,482.89,482.83,482.83,68.446
2025-12-20T07:00:00+00:00,482.84,482.88,482.27,482.65,287.265
2025-12-20T08:00:00+00:00,482.65,482.74,480.6,481.21,946.132
2025-12-20T09:00:00+00:00,481.14,481.24,480.25,480.48,102.7
2025-12-20T10:00:00+00:00,480.49,481.31,480.24,481.07,230.653
2025-12-20T11:00:00+00:00,480.97,481.14,480.46,480.46,57.42
2025-12-20T12:00:00+00:00,480.47,481.08,480.46,480.88,151.06
2025-12-20T13:00:00+00:00,481.09,481.49,481.07,481.39,28.955
2025-12-20T14:00:00+00:00,481.39,482.89,480.98,482.31,291.936
2025-12-20T15:00:00+00:00,482.31,482.83,481.71,482.51,182.027
2025-12-20T16:00:00+00:00,482.3,482.5,482.18,482.18,20.535
2025-12-20T17:00:00+00:00,482.27,482.89,481.94,481.94,338.718
2025-12-20T18:00:00+00:00,481.94,482.11,480.04,480.58,340.854
2025-12-20T19:00:00+00:00,480.49,480.88,479.73,480.12,90.105
2025-12-20T20:00:00+00:00,480.1,480.1,479.73,480.08,30.678
2025-12-20T21:00:00+00:00,479.99,482.49,479.74,482.42,353.002
2025-12-20T22:00:00+00:00,482.42,482.89,482.42,482.42,151.584
2025-12-20T23:00:00+00:00,482.62,482.86,482.41,482.86,53.915
2025-12-21T00:00:00+00:00,482.88,482.88,482.68,482.77,6.676
2025-12-21T01:00:00+00:00,482.76,482.89,482.76,482.88,48.279
2025-12-21T02:00:00+00:00,482.85,482.86,482.8,482.8,1.885
2025-12-21T03:00:00+00:00,482.81,482.81,478.0,480.38,193.744
2025-12-21T04:00:00+00:00,480.38,482.75,480.36,482.64,113.884
2025-12-21T05:00:00+00:00,482.63,482.78,482.63,482.78,24.174
2025-12-21T06:00:00+00:00,482.79,482.79,482.78,482.78,24.851
2025-12-21T07:00:00+00:00,482.78,482.89,482.3,482.44,135.023
2025-12-21T08:00:00+00:00,482.79,482.88,482.44,482.85,36.569
2025-12-21T09:00:00+00:00,482.86,482.89,482.85,482.89,36.035
2025-12-21T10:00:00+00:00,482.88,482.89,482.75,482.86,62.771
2025-12-21T11:00:00+00:00,482.86,482.89,482.67,482.88,138.08
2025-12-21T12:00:00+00:00,482.88,482.89,482.54,482.58,125.628
2025-12-21T13:00:00+00:00,482.85,482.85,482.49,482.71,39.409
2025-12-21T14:00:00+00:00,482.71,482.71,482.65,482.71,13.255
2025-12-21T15:00:00+00:00,482.73,482.89,482.02,482.79,109.967
2025-12-21T16:00:00+00:00,482.79,482.89,482.53,482.87,100.086
2025-12-21T17:00:00+00:00,482.85,482.89,482.42,482.8,67.962
2025-12-21T18:00:00+00:00,482.81,482.89,482.8,482.88,19.103
2025-12-21T19:00:00+00:00,482.89,482.89,482.8,482.83,66.104
2025-12-21T20:00:00+00:00,482.83,482.89,482.7,482.88,44.26
2025-12-21T21:00:00+00:00,482.88,482.89,482.59,482.59,83.38
2025-12-21T22:00:00+00:00,482.68,482.89,482.59,482.89,121.118
2025-12-21T23:00:00+00:00,482.88,482.89,482.88,482.89,50.241
2025-12-22T00:00:00+00:00,482.89,482.89,481.72,482.87,320.001
2025-12-22T01:00:00+00:00,482.84,486.69,482.78,486.69,8649.96
2025-12-22T02:00:00+00:00,486.68,488.18,485.49,487.07,1087.666
2025-12-22T03:00:00+00:00,487.07,488.18,486.34,487.55,767.897
2025-12-22T04:00:00+00:00,487.53,488.65,486.58,488.2,1936.623
2025-12-22T05:00:00+00:00,488.2,488.5,485.97,487.16,2725.515
2025-12-22T06:00:00+00:00,487.16,488.04,486.36,487.54,2197.363
2025-12-22T07:00:00+00:00,487.45,488.65,487.27,488.5,2160.117
2025-12-22T08:00:00+00:00,488.48,489.38,487.75,488.98,1961.242
2025-12-22T09:00:00+00:00,489.08,489.4,487.92,488.59,2475.631
2025-12-22T10:00:00+00:00,488.72,489.49,486.92,487.38,4664.568
2025-12-22T11:00:00+00:00,487.2,488.24,486.14,486.71,1904.621
2025-12-22T12:00:00+00:00,486.7,488.68,486.45,488.62,384.866
2025-12-22T13:00:00+00:00,488.62,488.94,487.31,488.28,1230.976
2025-12-22T14:00:00+00:00,488.25,499.51,487.89,494.27,10009.11
2025-12-22T15:00:00+00:00,494.17,494.67,486.07,491.83,5051.783
2025-12-22T16:00:00+00:00,491.83,494.81,491.39,494.4,2270.375
2025-12-22T17:00:00+00:00,494.4,495.91,493.6,495.3,1440.024
2025-12-22T18:00:00+00:00,495.34,496.54,492.93,496.43,2221.274
2025-12-22T19:00:00+00:00,496.53,496.85,492.35,493.4,897.819
2025-12-22T20:00:00+00:00,493.45,493.68,487.9,489.14,2277.81
2025-12-22T21:00:00+00:00,489.15,490.14,489.0,489.99,491.47
2025-12-22T22:00:00+00:00,489.86,490.1,489.43,489.85,476.175
2025-12-22T23:00:00+00:00,489.86,490.28,489.52,489.83,566.398
2025-12-23T00:00:00+00:00,489.84,490.48,489.79,490.43,414.559
2025-12-23T01:00:00+00:00,490.43,491.96,490.19,490.57,297.275
2025-12-23T02:00:00+00:00,490.5,491.54,490.22,491.28,86.865
2025-12-23T03:00:00+00:00,491.28,491.29,490.21,490.68,182.343
2025-12-23T04:00:00+00:00,490.69,490.74,489.4,489.97,337.08
2025-12-23T05:00:00+00:00,490.04,490.35,489.41,490.05,141.319
2025-12-23T06:00:00+00:00,490.05,490.14,487.53,487.67,548.93
2025-12-23T07:00:00+00:00,487.57,489.28,487.2,489.07,489.421
2025-12-23T08:00:00+00:00,489.1,490.01,488.93,489.33,657.867
2025-12-23T09:00:00+00:00,489.33,491.02,488.99,490.5,517.632
2025-12-23T10:00:00+00:00,490.51,491.03,490.36,490.73,903.333
2025-12-23T11:00:00+00:00,490.87,490.87,489.83,489.95,1351.95
2025-12-23T12:00:00+00:00,490.03,491.24,490.03,490.66,435.295
2025-12-23T13:00:00+00:00,490.55,490.65,486.67,486.91,1059.889
2025-12-23T14:00:00+00:00,486.92,491.74,485.83,487.38,9394.889
2025-12-23T15:00:00+00:00,487.38,488.55,485.1,487.98,3445.441
2025-12-23T16:00:00+00:00,488.03,489.37,484.42,486.71,2012.982
2025-12-23T17:00:00+00:00,486.44,487.46,484.37,484.69,2276.0
2025-12-23T18:00:00+00:00,484.67,486.87,483.02,483.55,1110.128
2025-12-23T19:00:00+00:00,483.55,487.38,483.49,486.9,2577.001
2025-12-23T20:00:00+00:00,486.85,487.8,485.22,486.03,744.989
2025-12-23T21:00:00+00:00,486.08,486.51,485.22,486.51,131.595
2025-12-23T22:00:00+00:00,486.51,486.51,485.63,485.64,70.726
2025-12-23T23:00:00+00:00,485.72,485.82,485.44,485.58,40.727
2025-12-24T00:00:00+00:00,485.65,486.02,485.61,485.7,80.961
2025-12-24T01:00:00+00:00,485.76,486.58,485.66,485.96,277.804
2025-12-24T02:00:00+00:00,485.88,486.16,485.16,485.73,544.806
2025-12-24T03:00:00+00:00,485.6,486.05,485.46,485.65,70.516
2025-12-24T04:00:00+00:00,485.62,485.82,485.19,485.19,126.923
2025-12-24T05:00:00+00:00,485.4,486.0,485.4,485.79,362.937
2025-12-24T06:00:00+00:00,485.76,486.27,485.76,486.27,322.341
2025-12-24T07:00:00+00:00,486.1,486.99,485.94,486.67,136.076
2025-12-24T08:00:00+00:00,486.59,486.67,486.31,486.39,78.799
2025-12-24T09:00:00+00:00,486.49,486.67,486.1,486.51,989.925
2025-12-24T10:00:00+00:00,486.55,486.67,486.1,486.43,445.829
2025-12-24T11:00:00+00:00,486.44,486.67,486.17,486.23,154.82
2025-12-24T12:00:00+00:00,486.26,486.84,486.19,486.47,190.193
2025-12-24T13:00:00+00:00,486.51,488.12,486.24,487.63,223.39
2025-12-24T14:00:00+00:00,487.83,493.03,480.02,480.89,4020.475
2025-12-24T15:00:00+00:00,480.89,481.53,476.9,479.24,2609.697
2025-12-24T16:00:00+00:00,479.24,483.18,479.01,482.5,1679.601
2025-12-24T17:00:00+00:00,482.48,485.49,481.79,485.32,1230.646
2025-12-24T18:00:00+00:00,485.29,486.45,484.54,485.07,609.535
2025-12-24T19:00:00+00:00,485.06,485.08,484.01,484.39,228.462
2025-12-24T20:00:00+00:00,484.29,485.06,484.25,485.06,194.4
2025-12-24T21:00:00+00:00,485.05,485.45,484.82,485.17,86.855
2025-12-24T22:00:00+00:00,485.26,485.47,484.8,485.04,92.812
2025-12-24T23:00:00+00:00,485.15,490.0,485.15,485.86,1107.043
2025-12-25T00:00:00+00:00,485.85,485.96,485.83,485.94,30.779
2025-12-25T01:00:00+00:00,485.93,486.16,485.9,485.9,42.231
2025-12-25T02:00:00+00:00,485.98,486.15,485.85,486.15,25.668
2025-12-25T03:00:00+00:00,486.14,486.74,484.87,485.8,356.475
2025-12-25T04:00:00+00:00,485.79,486.17,485.51,486.09,176.212
2025-12-25T05:00:00+00:00,486.05,487.83,486.0,486.24,176.487
2025-12-25T06:00:00+00:00,486.28,486.61,486.21,486.3,67.663
2025-12-25T07:00:00+00:00,486.3,486.61,486.05,486.25,46.602
2025-12-25T08:00:00+00:00,486.25,486.25,485.96,486.05,49.847
2025-12-25T09:00:00+00:00,486.17,489.99,481.0,484.76,1332.942
2025-12-25T10:00:00+00:00,484.76,486.47,484.6,486.1,334.221
2025-12-25T11:00:00+00:00,486.05,486.28,485.25,486.18,470.863
2025-12-25T12:00:00+00:00,485.92,486.37,485.33,485.49,275.0
2025-12-25T13:00:00+00:00,485.48,486.07,484.86,485.84,374.042
2025-12-25T14:00:00+00:00,485.61,486.07,485.32,485.75,163.827
2025-12-25T15:00:00+00:00,485.74,486.08,485.4,485.85,179.485
2025-12-25T16:00:00+00:00,485.75,485.97,485.34,485.86,175.904
2025-12-25T17:00:00+00:00,485.67,485.93,485.37,485.86,98.051
2025-12-25T18:00:00+00:00,485.48,486.01,482.5,484.87,685.695
2025-12-25T19:00:00+00:00,484.89,485.59,484.89,485.59,191.706
2025-12-25T20:00:00+00:00,485.52,485.52,479.26,484.81,476.519
2025-12-25T21:00:00+00:00,484.81,485.05,484.4,484.53,124.626
2025-12-25T22:00:00+00:00,484.49,485.39,484.33,485.11,93.349
2025-12-25T23:00:00+00:00,485.16,485.39,483.84,484.39,156.805
2025-12-26T00:00:00+00:00,484.43,486.68,484.15,486.35,315.498
2025-12-26T01:00:00+00:00,486.37,487.42,485.92,486.03,302.228
2025-12-26T02:00:00+00:00,486.03,487.17,485.95,486.8,165.625
2025-12-26T03:00:00+00:00,486.76,487.64,486.35,486.75,353.162
2025-12-26T04:00:00+00:00,486.75,486.86,486.29,486.57,91.819
2025-12-26T05:00:00+00:00,486.4,486.86,485.92,486.13,232.906
2025-12-26T06:00:00+00:00,486.11,487.05,485.85,486.39,420.223
2025-12-26T07:00:00+00:00,486.42,486.49,485.43,485.95,225.629
2025-12-26T08:00:00+00:00,485.9,486.89,484.62,485.83,1056.544
2025-12-26T09:00:00+00:00,485.86,486.29,485.6,486.26,212.114
2025-12-26T10:00:00+00:00,486.37,487.88,485.99,486.42,223.251
2025-12-26T11:00:00+00:00,486.45,486.99,486.38,486.65,78.629
2025-12-26T12:00:00+00:00,486.75,486.83,485.92,486.25,232.92
2025-12-26T13:00:00+00:00,486.25,486.39,485.66,486.08,128.928
2025-12-26T14:00:00+00:00,486.18,489.27,482.12,482.67,2405.165
2025-12-26T15:00:00+00:00,482.51,482.75,474.3,478.44,2881.986
2025-12-26T16:00:00+00:00,478.48,479.73,477.51,478.79,1182.105
2025-12-26T17:00:00+00:00,478.73,481.09,477.2,480.83,1380.669
2025-12-26T18:00:00+00:00,480.75,480.84,478.2,478.94,757.787
2025-12-26T19:00:00+00:00,479.14,479.73,478.14,478.96,445.058
2025-12-26T20:00:00+00:00,479.15,479.34,475.51,475.63,528.232
2025-12-26T21:00:00+00:00,475.67,475.96,475.14,475.65,328.832
2025-12-26T22:00:00+00:00,475.37,475.75,475.16,475.51,42.187
2025-12-26T23:00:00+00:00,475.45,475.5,474.99,475.11,37.242
2025-12-27T00:00:00+00:00,475.21,475.3,474.55,474.55,46.327
2025-12-27T01:00:00+00:00,474.58,474.89,474.21,474.41,99.648
2025-12-27T02:00:00+00:00,474.41,474.85,473.86,474.36,1192.349
2025-12-27T03:00:00+00:00,474.35,474.69,474.35,474.63,93.5
2025-12-27T04:00:00+00:00,474.63,474.78,474.36,474.36,27.417
2025-12-27T05:00:00+00:00,474.36,474.6,474.36,474.38,23.144
2025-12-27T06:00:00+00:00,474.39,474.77,473.83,474.08,385.588
2025-12-27T07:00:00+00:00,474.08,474.53,474.08,474.33,384.738
2025-12-27T08:00:00+00:00,474.33,474.79,473.83,473.94,452.977
2025-12-27T09:00:00+00:00,473.93,474.47,473.88,473.92,60.398
2025-12-27T10:00:00+00:00,473.91,474.16,473.84,473.93,81.397
2025-12-27T11:00:00+00:00,473.93,474.16,473.93,473.93,14.315
2025-12-27T12:00:00+00:00,473.93,474.12,473.79,473.79,22.849
2025-12-27T13:00:00+00:00,473.79,474.16,473.79,474.11,74.659
2025-12-27T14:00:00+00:00,474.02,474.16,473.79,473.99,178.964
2025-12-27T15:00:00+00:00,474.1,474.16,473.91,474.16,30.378
2025-12-27T16:00:00+00:00,474.0,474.15,473.88,473.88,15.904
2025-12-27T17:00:00+00:00,473.89,474.19,473.88,473.9,130.921
2025-12-27T18:00:00+00:00,473.9,474.38,473.89,473.89,247.916
2025-12-27T19:00:00+00:00,473.89,473.98,473.38,473.38,168.643
2025-12-27T20:00:00+00:00,473.4,473.63,472.6,472.87,209.327
2025-12-27T21:00:00+00:00,472.61,472.97,472.58,472.86,69.876
2025-12-27T22:00:00+00:00,472.86,473.38,472.44,472.44,173.816
2025-12-27T23:00:00+00:00,472.44,472.84,472.26,472.47,191.242
2025-12-28T00:00:00+00:00,472.75,472.75,472.22,472.22,152.858
2025-12-28T01:00:00+00:00,472.23,472.75,471.68,471.8,325.734
2025-12-28T02:00:00+00:00,471.8,472.21,471.39,471.4,203.085
2025-12-28T03:00:00+00:00,471.69,471.93,471.06,471.34,322.423
2025-12-28T04:00:00+00:00,471.07,471.65,470.84,471.61,173.278
2025-12-28T05:00:00+00:00,471.51,471.89,471.32,471.61,351.636
2025-12-28T06:00:00+00:00,471.74,472.21,471.26,471.53,482.257
2025-12-28T07:00:00+00:00,471.56,472.31,471.01,472.31,764.829
2025-12-28T08:00:00+00:00,471.99,472.45,471.47,472.45,778.402
2025-12-28T09:00:00+00:00,472.16,472.27,471.71,472.11,147.586
2025-12-28T10:00:00+00:00,472.1,472.23,471.71,472.23,23.032
2025-12-28T11:00:00+00:00,472.22,472.6,472.08,472.6,54.782
2025-12-28T12:00:00+00:00,472.56,473.53,472.14,473.36,144.86
2025-12-28T13:00:00+00:00,473.36,473.89,473.22,473.89,180.388
2025-12-28T14:00:00+00:00,473.89,474.36,473.55,474.03,163.653
2025-12-28T15:00:00+00:00,474.03,474.61,473.87,474.4,184.583
2025-12-28T16:00:00+00:00,474.4,475.83,474.4,475.6,194.768
2025-12-28T17:00:00+00:00,475.54,476.67,475.22,476.04,239.91
2025-12-28T18:00:00+00:00,476.43,476.5,475.2,476.17,322.588
2025-12-28T19:00:00+00:00,476.26,477.73,475.39,476.91,427.654
2025-12-28T20:00:00+00:00,476.53,480.0,476.02,476.02,546.574
2025-12-28T21:00:00+00:00,476.02,476.5,476.02,476.46,233.92
2025-12-28T22:00:00+00:00,476.49,476.5,475.52,475.88,251.208
2025-12-28T23:00:00+00:00,475.89,476.37,474.89,475.76,314.676
2025-12-29T00:00:00+00:00,475.64,476.17,475.15,475.16,175.248
2025-12-29T01:00:00+00:00,475.24,476.5,468.09,469.2,1015.943
2025-12-29T02:00:00+00:00,469.2,470.03,467.82,469.95,264.044
2025-12-29T03:00:00+00:00,469.8,469.9,468.98,469.43,256.024
2025-12-29T04:00:00+00:00,469.51,471.11,469.51,470.87,276.195
2025-12-29T05:00:00+00:00,470.78,470.81,470.0,470.66,178.722
2025-12-29T06:00:00+00:00,470.29,471.25,470.0,470.93,124.481
2025-12-29T07:00:00+00:00,471.13,471.41,470.11,470.32,103.198
2025-12-29T08:00:00+00:00,470.31,470.78,469.32,469.59,332.57
2025-12-29T09:00:00+00:00,469.59,471.35,467.5,468.76,512.986
2025-12-29T10:00:00+00:00,468.67,469.3,468.2,468.42,581.311
2025-12-29T11:00:00+00:00,468.29,468.52,467.74,468.31,193.334
2025-12-29T12:00:00+00:00,468.45,471.14,468.45,469.92,510.924
2025-12-29T13:00:00+00:00,469.83,470.28,468.07,468.35,347.498
2025-12-29T14:00:00+00:00,468.42,469.25,460.01,462.82,13026.506
2025-12-29T15:00:00+00:00,462.76,467.74,461.23,466.71,4078.795
2025-12-29T16:00:00+00:00,466.88,469.05,466.2,467.94,2068.206
2025-12-29T17:00:00+00:00,467.92,468.23,465.58,466.03,1502.277
2025-12-29T18:00:00+00:00,465.96,465.96,462.49,462.85,1527.824
2025-12-29T19:00:00+00:00,462.95,464.36,462.01,464.16,1721.161
2025-12-29T20:00:00+00:00,463.98,464.16,459.51,459.81,3165.985
2025-12-29T21:00:00+00:00,459.62,459.92,457.45,458.33,1955.797
2025-12-29T22:00:00+00:00,458.33,458.96,457.59,458.49,1263.502
2025-12-29T23:00:00+00:00,458.49,459.16,458.26,458.38,669.591
2025-12-30T00:00:00+00:00,458.45,458.62,457.58,457.83,428.439
2025-12-30T01:00:00+00:00,457.76,460.06,457.65,458.69,418.113
2025-12-30T02:00:00+00:00,458.69,459.66,458.49,459.46,312.489
2025-12-30T03:00:00+00:00,459.46,461.67,459.11,461.54,272.947
2025-12-30T04:00:00+00:00,461.67,462.29,461.08,461.91,487.689
2025-12-30T05:00:00+00:00,462.06,462.65,461.1,462.53,1128.494
2025-12-30T06:00:00+00:00,462.45,463.7,462.37,463.27,448.814
2025-12-30T07:00:00+00:00,463.25,463.43,462.03,462.3,298.464
2025-12-30T08:00:00+00:00,462.25,463.54,462.25,463.08,193.346
2025-12-30T09:00:00+00:00,463.04,465.02,462.58,464.47,975.587
2025-12-30T10:00:00+00:00,464.71,464.79,463.86,463.91,224.54
2025-12-30T11:00:00+00:00,464.05,464.31,463.71,463.75,169.592
2025-12-30T12:00:00+00:00,463.88,463.99,461.86,462.3,297.129
2025-12-30T13:00:00+00:00,462.31,463.98,462.21,462.81,324.725
2025-12-30T14:00:00+00:00,463.02,463.21,454.71,459.37,4917.688
2025-12-30T15:00:00+00:00,459.12,461.92,458.01,461.92,2767.51
2025-12-30T16:00:00+00:00,461.98,463.09,460.71,461.97,1557.665
2025-12-30T17:00:00+00:00,462.14,463.39,459.76,460.24,1978.358
2025-12-30T18:00:00+00:00,460.35,460.86,458.67,459.54,1106.66
2025-12-30T19:00:00+00:00,459.39,459.93,457.34,458.21,1344.998
2025-12-30T20:00:00+00:00,458.21,458.55,454.55,454.57,3478.745
2025-12-30T21:00:00+00:00,454.67,455.75,454.51,455.58,424.883
2025-12-30T22:00:00+00:00,455.5,456.04,455.13,455.66,81.108
2025-12-30T23:00:00+00:00,455.66,455.79,454.95,455.18,1253.626
2025-12-31T00:00:00+00:00,455.31,455.31,454.23,454.23,279.605
2025-12-31T01:00:00+00:00,454.24,455.28,453.6,453.88,1318.91
2025-12-31T02:00:00+00:00,453.84,453.84,452.97,453.28,1046.138
2025-12-31T03:00:00+00:00,453.29,453.85,452.81,453.24,500.709
2025-12-31T04:00:00+00:00,453.17,453.68,452.81,453.31,313.772
2025-12-31T05:00:00+00:00,453.3,453.94,452.82,453.06,330.614
2025-12-31T06:00:00+00:00,453.13,453.5,452.56,453.5,490.316
2025-12-31T07:00:00+00:00,453.55,453.8,453.09,453.38,364.117
2025-12-31T08:00:00+00:00,453.43,453.48,452.88,453.46,535.834
2025-12-31T09:00:00+00:00,453.46,454.1,453.25,453.8,1051.11
2025-12-31T10:00:00+00:00,453.71,454.01,453.47,453.84,579.801
2025-12-31T11:00:00+00:00,453.82,455.04,453.65,454.34,856.137
2025-12-31T12:00:00+00:00,454.38,457.01,454.01,456.7,1083.317
2025-12-31T13:00:00+00:00,456.69,458.95,455.84,458.05,310.457
2025-12-31T14:00:00+00:00,457.89,458.63,453.05,454.93,5635.02
2025-12-31T15:00:00+00:00,454.7,455.59,452.8,454.37,2987.605
2025-12-31T16:00:00+00:00,454.25,454.51,452.58,454.18,2773.732
2025-12-31T17:00:00+00:00,453.97,455.84,453.41,453.58,970.877
2025-12-31T18:00:00+00:00,453.64,455.67,453.64,454.11,1880.332
2025-12-31T19:00:00+00:00,454.09,454.27,451.87,452.17,1435.333
2025-12-31T20:00:00+00:00,452.12,452.62,449.85,450.75,4474.525
2025-12-31T21:00:00+00:00,450.72,450.97,450.23,450.8,304.633
2025-12-31T22:00:00+00:00,450.5,450.91,450.08,450.49,120.114
2025-12-31T23:00:00+00:00,450.49,450.49,450.26,450.27,3.412
2026-01-01T00:00:00+00:00,450.5,450.5,450.06,450.22,41.331
2026-01-01T01:00:00+00:00,450.13,450.84,449.81,450.51,190.355
2026-01-01T02:00:00+00:00,450.45,451.7,450.16,450.34,344.34
2026-01-01T03:00:00+00:00,450.39,450.62,450.25,450.27,132.427
2026-01-01T04:00:00+00:00,450.29,450.71,450.17,450.45,135.705
2026-01-01T05:00:00+00:00,450.34,450.96,450.22,450.5,107.643
2026-01-01T06:00:00+00:00,450.5,450.8,450.22,450.22,433.951
2026-01-01T07:00:00+00:00,450.29,451.01,450.22,450.69,424.171
2026-01-01T08:00:00+00:00,450.7,452.02,450.67,451.75,388.293
2026-01-01T09:00:00+00:00,451.84,452.56,451.42,451.85,107.184
2026-01-01T10:00:00+00:00,451.61,451.63,450.99,451.41,26.772
2026-01-01T11:00:00+00:00,451.52,451.63,450.96,451.33,27.05
2026-01-01T12:00:00+00:00,451.24,451.33,450.8,451.11,1.55
2026-01-01T13:00:00+00:00,451.11,451.94,451.11,451.92,71.314
2026-01-01T14:00:00+00:00,451.82,452.22,451.68,451.69,60.068
2026-01-01T15:00:00+00:00,451.69,452.09,451.6,451.99,38.355
2026-01-01T16:00:00+00:00,451.99,451.99,451.64,451.69,188.115
2026-01-01T17:00:00+00:00,451.68,451.91,450.23,450.66,227.763
2026-01-01T18:00:00+00:00,450.66,450.77,450.49,450.69,34.055
2026-01-01T19:00:00+00:00,450.77,452.24,450.5,450.84,197.228
2026-01-01T20:00:00+00:00,450.84,452.24,450.67,451.57,175.599
2026-01-01T21:00:00+00:00,452.09,453.94,451.91,452.97,185.966
2026-01-01T22:00:00+00:00,452.78,453.64,452.68,453.52,16.38
2026-01-01T23:00:00+00:00,453.52,454.03,451.53,451.53,736.065
2026-01-02T00:00:00+00:00,451.69,452.47,450.49,450.64,564.314
2026-01-02T01:00:00+00:00,450.74,458.66,450.6,456.55,1259.462
2026-01-02T02:00:00+00:00,456.58,458.03,456.34,456.83,213.784
2026-01-02T03:00:00+00:00,456.63,457.58,456.44,457.14,329.069
2026-01-02T04:00:00+00:00,457.14,457.34,456.72,457.1,93.037
2026-01-02T05:00:00+00:00,457.01,458.24,456.07,457.78,400.56
2026-01-02T06:00:00+00:00,457.52,457.89,456.59,457.23,310.177
2026-01-02T07:00:00+00:00,457.23,458.09,457.04,458.05,146.351
2026-01-02T08:00:00+00:00,458.06,460.01,458.05,459.81,855.011
2026-01-02T09:00:00+00:00,459.48,462.48,459.17,462.06,529.222
2026-01-02T10:00:00+00:00,462.06,462.53,459.78,460.08,400.434
2026-01-02T11:00:00+00:00,460.08,460.52,458.81,458.88,172.559
2026-01-02T12:00:00+00:00,458.77,458.77,455.49,457.17,405.092
2026-01-02T13:00:00+00:00,457.16,458.77,455.65,457.01,688.471
2026-01-02T14:00:00+00:00,457.14,460.18,450.01,452.86,5347.114
2026-01-02T15:00:00+00:00,453.11,454.56,444.27,444.27,8011.278
2026-01-02T16:00:00+00:00,444.27,445.69,442.0,442.83,4953.554
2026-01-02T17:00:00+00:00,442.72,443.51,440.65,440.71,3161.967
2026-01-02T18:00:00+00:00,440.67,441.4,435.84,436.48,2229.921
2026-01-02T19:00:00+00:00,436.4,442.36,436.4,441.08,1192.207
2026-01-02T20:00:00+00:00,441.1,442.22,438.37,438.61,1677.967
2026-01-02T21:00:00+00:00,439.01,440.55,438.54,440.08,421.34
2026-01-02T22:00:00+00:00,440.1,441.24,440.1,440.45,53.763
2026-01-02T23:00:00+00:00,440.73,441.42,440.47,441.31,89.418
2026-01-03T00:00:00+00:00,441.31,442.5,440.85,441.79,391.665
2026-01-03T01:00:00+00:00,442.05,442.64,441.48,441.49,136.386
2026-01-03T02:00:00+00:00,441.49,442.83,441.48,442.57,164.698
2026-01-03T03:00:00+00:00,442.57,442.92,441.48,442.43,426.87
2026-01-03T04:00:00+00:00,442.7,444.51,442.34,443.81,477.998
2026-01-03T05:00:00+00:00,443.82,443.84,443.29,443.29,182.184
2026-01-03T06:00:00+00:00,443.38,443.9,443.26,443.3,138.495
2026-01-03T07:00:00+00:00,443.34,443.68,443.3,443.5,164.674
2026-01-03T08:00:00+00:00,443.42,443.61,443.25,443.26,156.824
2026-01-03T09:00:00+00:00,443.26,443.56,442.45,442.59,109.99
2026-01-03T10:00:00+00:00,442.66,442.77,441.92,441.92,141.17
2026-01-03T11:00:00+00:00,441.95,442.62,441.92,442.0,55.936
2026-01-03T12:00:00+00:00,442.03,442.27,441.9,441.9,54.001
2026-01-03T13:00:00+00:00,441.9,442.28,441.65,441.73,32.832
2026-01-03T14:00:00+00:00,441.74,442.06,441.62,441.86,53.448
2026-01-03T15:00:00+00:00,441.86,441.87,441.67,441.67,28.93
2026-01-03T16:00:00+00:00,441.67,442.0,441.62,441.7,37.272
2026-01-03T17:00:00+00:00,441.71,442.08,441.46,441.52,106.467
2026-01-03T18:00:00+00:00,441.51,441.97,441.48,441.86,35.723
2026-01-03T19:00:00+00:00,441.86,442.02,441.47,442.02,85.185
2026-01-03T20:00:00+00:00,442.07,442.11,441.43,441.45,126.218
2026-01-03T21:00:00+00:00,441.46,442.12,441.43,441.87,215.735
2026-01-03T22:00:00+00:00,441.87,442.02,441.38,441.6,87.822
2026-01-03T23:00:00+00:00,441.4,441.99,441.4,441.79,40.697
2026-01-04T00:00:00+00:00,441.61,441.97,441.53,441.87,47.72
2026-01-04T01:00:00+00:00,441.67,442.12,441.62,441.94,207.747
2026-01-04T02:00:00+00:00,442.0,442.44,441.87,442.44,328.515
2026-01-04T03:00:00+00:00,442.29,442.8,442.28,442.78,165.143
2026-01-04T04:00:00+00:00,442.78,442.8,442.47,442.64,86.396
2026-01-04T05:00:00+00:00,442.55,443.8,441.87,442.93,448.554
2026-01-04T06:00:00+00:00,442.93,443.33,442.21,442.71,133.439
2026-01-04T07:00:00+00:00,442.71,442.71,442.22,442.24,87.138
2026-01-04T08:00:00+00:00,442.22,442.93,442.02,442.07,140.107
2026-01-04T09:00:00+00:00,442.01,442.38,441.65,441.66,92.43
2026-01-04T10:00:00+00:00,441.66,442.37,441.53,441.6,93.244
2026-01-04T11:00:00+00:00,441.6,441.98,441.53,441.84,120.947
2026-01-04T12:00:00+00:00,441.84,442.05,441.63,442.02,92.827
2026-01-04T13:00:00+00:00,442.02,445.6,442.0,444.54,403.972
2026-01-04T14:00:00+00:00,444.53,445.73,444.0,445.5,147.036
2026-01-04T15:00:00+00:00,445.5,445.5,445.18,445.19,63.049
2026-01-04T16:00:00+00:00,445.18,446.34,445.18,445.58,234.614
2026-01-04T17:00:00+00:00,445.67,445.77,445.66,445.77,17.128
2026-01-04T18:00:00+00:00,445.77,448.37,445.74,447.17,370.856
2026-01-04T19:00:00+00:00,447.17,448.35,446.93,448.35,75.563
2026-01-04T20:00:00+00:00,448.36,448.38,447.51,448.13,107.226
2026-01-04T21:00:00+00:00,448.13,448.13,447.38,447.38,80.065
2026-01-04T22:00:00+00:00,447.32,447.68,446.89,447.05,225.471
2026-01-04T23:00:00+00:00,447.02,447.15,444.82,446.23,585.415
2026-01-05T00:00:00+00:00,445.76,447.3,445.76,447.05,411.089
2026-01-05T01:00:00+00:00,447.07,447.31,443.47,446.07,1081.384
2026-01-05T02:00:00+00:00,446.08,446.64,445.66,446.14,190.913
2026-01-05T03:00:00+00:00,446.15,446.33,446.15,446.22,43.551
2026-01-05T04:00:00+00:00,446.22,446.44,446.04,446.39,71.371
2026-01-05T05:00:00+00:00,446.39,446.54,446.21,446.3,63.248
2026-01-05T06:00:00+00:00,446.3,447.15,446.13,446.5,232.417
2026-01-05T07:00:00+00:00,446.48,446.52,445.42,446.25,311.711
2026-01-05T08:00:00+00:00,446.3,448.32,446.03,446.5,533.254
2026-01-05T09:00:00+00:00,446.31,446.44,444.26,444.76,914.077
2026-01-05T10:00:00+00:00,444.68,446.54,444.26,446.28,220.599
2026-01-05T11:00:00+00:00,446.3,446.42,445.39,445.61,743.204
2026-01-05T12:00:00+00:00,445.42,446.17,444.68,445.76,489.193
2026-01-05T13:00:00+00:00,445.76,446.34,443.99,445.41,1201.405
2026-01-05T14:00:00+00:00,445.3,454.99,445.17,452.98,6190.011
2026-01-05T15:00:00+00:00,452.99,456.89,451.93,455.47,2090.048
2026-01-05T16:00:00+00:00,455.43,456.76,453.83,456.32,1396.751
2026-01-05T17:00:00+00:00,456.1,457.87,455.41,455.92,2341.617
2026-01-05T18:00:00+00:00,455.97,457.34,454.07,457.21,1651.304
2026-01-05T19:00:00+00:00,457.19,457.32,454.29,455.58,1528.722
2026-01-05T20:00:00+00:00,455.47,456.39,451.19,451.74,2886.811
2026-01-05T21:00:00+00:00,451.97,452.44,449.05,449.3,1325.959
2026-01-05T22:00:00+00:00,449.3,451.95,448.63,451.69,664.734
2026-01-05T23:00:00+00:00,451.69,452.72,451.56,451.86,397.15
2026-01-06T00:00:00+00:00,451.86,452.35,450.64,451.6,560.076
2026-01-06T01:00:00+00:00,451.6,454.02,451.34,453.72,756.013
2026-01-06T02:00:00+00:00,453.63,454.78,453.62,454.22,686.681
2026-01-06T03:00:00+00:00,454.23,454.66,453.63,453.99,386.699
2026-01-06T04:00:00+00:00,454.09,455.33,453.99,454.88,526.806
2026-01-06T05:00:00+00:00,454.89,455.01,453.55,453.63,349.913
2026-01-06T06:00:00+00:00,453.55,454.53,453.07,453.56,584.942
2026-01-06T07:00:00+00:00,453.63,453.9,452.58,452.79,504.888
2026-01-06T08:00:00+00:00,452.62,452.88,450.42,451.2,842.074
2026-01-06T09:00:00+00:00,451.28,452.09,449.58,451.67,830.885
2026-01-06T10:00:00+00:00,451.95,452.9,450.35,451.02,539.88
2026-01-06T11:00:00+00:00,451.02,451.09,448.91,450.13,490.92
2026-01-06T12:00:00+00:00,450.19,450.22,449.26,450.07,489.673
2026-01-06T13:00:00+00:00,449.94,450.4,447.95,448.35,547.653
2026-01-06T14:00:00+00:00,448.34,448.66,436.22,437.34,5396.385
2026-01-06T15:00:00+00:00,437.36,439.76,434.78,434.98,3676.391
2026-01-06T16:00:00+00:00,434.93,434.93,430.34,431.61,3967.415
2026-01-06T17:00:00+00:00,431.61,432.89,430.17,430.54,2705.472
2026-01-06T18:00:00+00:00,430.52,432.61,429.34,431.43,2372.031
2026-01-06T19:00:00+00:00,431.46,434.98,430.82,431.22,2968.463
2026-01-06T20:00:00+00:00,431.23,433.53,430.37,433.28,1616.475
2026-01-06T21:00:00+00:00,433.53,435.28,433.53,434.72,614.892
2026-01-06T22:00:00+00:00,434.88,435.02,434.25,434.67,334.851
2026-01-06T23:00:00+00:00,434.69,435.54,434.39,435.1,783.109
2026-01-07T00:00:00+00:00,435.11,435.95,434.95,435.02,318.666
2026-01-07T01:00:00+00:00,435.15,436.05,434.74,435.6,265.923
2026-01-07T02:00:00+00:00,435.67,436.06,435.42,435.46,124.542
2026-01-07T03:00:00+00:00,435.46,436.77,435.31,436.28,466.809
2026-01-07T04:00:00+00:00,436.35,436.55,435.64,435.76,179.303
2026-01-07T05:00:00+00:00,435.79,436.22,435.21,435.63,433.909
2026-01-07T06:00:00+00:00,435.64,436.54,435.64,436.11,263.625
2026-01-07T07:00:00+00:00,436.1,436.3,435.71,436.25,249.321
2026-01-07T08:00:00+00:00,436.19,436.67,435.5,436.1,250.104
2026-01-07T09:00:00+00:00,436.02,436.06,433.99,435.33,1030.501
2026-01-07T10:00:00+00:00,435.34,435.71,432.52,432.75,978.933
2026-01-07T11:00:00+00:00,432.84,433.87,431.98,433.87,759.539
2026-01-07T12:00:00+00:00,433.85,435.02,433.24,434.48,152.313
2026-01-07T13:00:00+00:00,434.58,436.0,434.39,435.24,776.868
2026-01-07T14:00:00+00:00,435.09,438.09,432.0,433.84,4360.189
2026-01-07T15:00:00+00:00,433.89,437.24,432.33,436.05,2443.691
2026-01-07T16:00:00+00:00,436.11,438.49,435.49,437.26,1532.56
2026-01-07T17:00:00+00:00,437.26,437.89,436.2,437.55,1444.216
2026-01-07T18:00:00+00:00,437.74,437.86,435.01,435.01,604.988
2026-01-07T19:00:00+00:00,435.1,437.46,434.35,437.02,1289.702
2026-01-07T20:00:00+00:00,437.02,437.61,431.4,431.55,1429.547
2026-01-07T21:00:00+00:00,431.65,432.26,430.96,431.82,877.945
2026-01-07T22:00:00+00:00,431.82,432.31,431.82,432.24,89.395
2026-01-07T23:00:00+00:00,432.23,432.55,431.77,432.17,220.443
2026-01-08T00:00:00+00:00,432.26,432.38,431.9,432.19,119.315
2026-01-08T01:00:00+00:00,432.04,433.1,432.04,432.56,386.74
2026-01-08T02:00:00+00:00,432.56,432.7,431.71,432.13,278.833
2026-01-08T03:00:00+00:00,432.08,432.13,431.2,431.46,691.096
2026-01-08T04:00:00+00:00,431.5,432.32,431.36,431.75,387.901
2026-01-08T05:00:00+00:00,431.66,431.89,431.27,431.38,136.841
2026-01-08T06:00:00+00:00,431.45,431.48,428.74,429.98,1380.559
2026-01-08T07:00:00+00:00,430.01,431.92,429.28,431.48,1364.871
2026-01-08T08:00:00+00:00,431.48,431.48,430.96,431.38,207.023
2026-01-08T09:00:00+00:00,431.37,431.81,428.96,429.18,1370.357
2026-01-08T10:00:00+00:00,429.39,429.84,428.97,429.6,220.41
2026-01-08T11:00:00+00:00,429.9,430.54,429.36,429.4,723.841
2026-01-08T12:00:00+00:00,429.5,429.55,426.93,427.58,1132.162
2026-01-08T13:00:00+00:00,427.55,428.94,427.5,428.23,749.573
2026-01-08T14:00:00+00:00,428.22,432.15,425.0,429.82,7554.494
2026-01-08T15:00:00+00:00,429.82,435.74,429.18,435.28,5977.022
2026-01-08T16:00:00+00:00,435.11,436.79,433.8,436.21,1831.935
2026-01-08T17:00:00+00:00,436.13,437.12,434.51,436.36,6910.644
2026-01-08T18:00:00+00:00,436.33,436.72,433.01,433.43,1164.996
2026-01-08T19:00:00+00:00,433.28,435.63,432.52,435.24,2910.296
2026-01-08T20:00:00+00:00,435.14,436.53,434.74,436.26,1110.72
2026-01-08T21:00:00+00:00,436.31,436.99,435.55,436.22,533.036
2026-01-08T22:00:00+00:00,436.22,436.53,435.94,436.32,308.596
2026-01-08T23:00:00+00:00,436.32,436.48,435.72,435.75,193.626
2026-01-09T00:00:00+00:00,435.75,435.75,435.28,435.37,1882.681
2026-01-09T01:00:00+00:00,435.32,435.89,434.56,435.2,390.677
2026-01-09T02:00:00+00:00,435.15,435.85,434.68,435.7,190.05
2026-01-09T03:00:00+00:00,435.79,436.15,435.55,435.74,314.129
2026-01-09T04:00:00+00:00,435.73,435.95,435.35,435.7,126.592
2026-01-09T05:00:00+00:00,435.7,436.08,435.33,435.91,132.093
2026-01-09T06:00:00+00:00,435.9,436.92,435.67,436.75,84.125
2026-01-09T07:00:00+00:00,436.76,437.11,436.25,436.98,134.627
2026-01-09T08:00:00+00:00,436.87,437.53,435.86,435.98,577.036
2026-01-09T09:00:00+00:00,435.98,437.64,435.89,437.43,323.866
2026-01-09T10:00:00+00:00,437.34,437.54,436.92,437.14,151.73
2026-01-09T11:00:00+00:00,437.06,438.31,436.55,437.75,330.615
2026-01-09T12:00:00+00:00,437.64,438.57,437.64,438.07,302.14
2026-01-09T13:00:00+00:00,438.0,438.67,437.07,438.04,543.903
2026-01-09T14:00:00+00:00,438.04,438.5,431.89,438.08,5426.774
2026-01-09T15:00:00+00:00,438.08,444.31,435.67,443.12,4580.282
2026-01-09T16:00:00+00:00,443.12,444.72,442.12,443.73,1698.891
2026-01-09T17:00:00+00:00,443.53,448.21,443.49,447.48,2984.51
2026-01-09T18:00:00+00:00,447.48,449.1,446.47,447.79,3846.298
2026-01-09T19:00:00+00:00,447.7,448.0,445.18,445.75,1714.441
2026-01-09T20:00:00+00:00,445.63,445.88,444.43,445.06,1771.85
2026-01-09T21:00:00+00:00,444.92,445.41,444.76,444.99,809.707
2026-01-09T22:00:00+00:00,444.91,445.13,444.61,445.13,236.385
2026-01-09T23:00:00+00:00,445.13,445.38,445.09,445.29,91.333
2026-01-10T00:00:00+00:00,445.29,445.73,445.11,445.73,279.07
2026-01-10T01:00:00+00:00,445.73,445.75,445.47,445.66,149.225
2026-01-10T02:00:00+00:00,445.63,445.82,445.62,445.69,28.325
2026-01-10T03:00:00+00:00,445.68,445.96,445.62,445.81,95.746
2026-01-10T04:00:00+00:00,445.97,445.98,445.8,445.83,14.288
2026-01-10T05:00:00+00:00,445.83,445.9,445.71,445.88,61.276
2026-01-10T06:00:00+00:00,445.88,446.31,445.64,446.31,98.521
2026-01-10T07:00:00+00:00,446.26,446.31,446.18,446.31,92.557
2026-01-10T08:00:00+00:00,446.31,446.32,446.22,446.25,136.961
2026-01-10T09:00:00+00:00,446.25,446.25,446.24,446.25,26.662
2026-01-10T10:00:00+00:00,446.25,446.25,446.03,446.19,35.68
2026-01-10T11:00:00+00:00,446.19,446.19,446.18,446.19,16.733
2026-01-10T12:00:00+00:00,446.19,446.19,445.69,445.88,107.079
2026-01-10T13:00:00+00:00,445.88,445.88,445.56,445.62,30.496
2026-01-10T14:00:00+00:00,445.63,445.67,445.45,445.55,25.342
2026-01-10T15:00:00+00:00,445.66,445.66,445.5,445.5,18.567
2026-01-10T16:00:00+00:00,445.54,445.55,445.39,445.39,19.519
2026-01-10T17:00:00+00:00,445.4,445.4,444.71,444.71,76.097
2026-01-10T18:00:00+00:00,444.79,450.0,444.72,446.55,662.983
2026-01-10T19:00:00+00:00,446.55,446.77,445.83,445.84,194.197
2026-01-10T20:00:00+00:00,445.83,445.83,445.22,445.33,163.805
2026-01-10T21:00:00+00:00,445.33,445.38,444.69,445.11,91.48
2026-01-10T22:00:00+00:00,445.1,445.1,444.76,444.99,22.884
2026-01-10T23:00:00+00:00,444.98,445.03,444.97,445.03,14.569
2026-01-11T00:00:00+00:00,445.05,445.4,445.05,445.34,54.63
2026-01-11T01:00:00+00:00,445.35,445.38,445.34,445.35,12.75
2026-01-11T02:00:00+00:00,445.35,445.57,445.35,445.57,13.639
2026-01-11T03:00:00+00:00,445.4,446.3,445.4,445.86,132.662
2026-01-11T04:00:00+00:00,445.86,446.21,445.86,446.13,49.832
2026-01-11T05:00:00+00:00,445.9,445.94,445.89,445.94,27.585
2026-01-11T06:00:00+00:00,445.9,445.94,445.87,445.89,40.411
2026-01-11T07:00:00+00:00,445.9,445.94,445.89,445.89,32.878
2026-01-11T08:00:00+00:00,445.89,446.19,445.89,446.15,12.982
2026-01-11T09:00:00+00:00,446.14,446.14,445.86,445.93,142.223
2026-01-11T10:00:00+00:00,445.93,445.94,445.86,445.89,21.021
2026-01-11T11:00:00+00:00,445.9,446.07,445.89,445.91,55.319
2026-01-11T12:00:00+00:00,445.92,446.16,445.92,446.16,17.385
2026-01-11T13:00:00+00:00,446.18,446.32,446.16,446.27,37.558
2026-01-11T14:00:00+00:00,446.27,446.27,446.14,446.17,110.177
2026-01-11T15:00:00+00:00,446.17,446.17,445.9,445.9,145.288
2026-01-11T16:00:00+00:00,445.9,445.91,445.33,445.59,89.404
2026-01-11T17:00:00+00:00,445.55,445.73,445.08,445.43,114.618
2026-01-11T18:00:00+00:00,445.43,447.84,445.32,445.76,273.904
2026-01-11T19:00:00+00:00,445.73,446.22,445.46,445.88,70.067
2026-01-11T20:00:00+00:00,445.94,446.34,445.82,446.34,47.643
2026-01-11T21:00:00+00:00,446.34,446.38,446.3,446.32,0.64
2026-01-11T22:00:00+00:00,446.3,446.6,446.04,446.49,121.899
2026-01-11T23:00:00+00:00,446.44,446.77,446.08,446.12,37.734
2026-01-12T00:00:00+00:00,446.12,446.21,445.83,445.94,156.902
2026-01-12T01:00:00+00:00,445.91,446.21,442.44,444.37,654.26
2026-01-12T02:00:00+00:00,444.3,448.13,444.01,446.26,1406.244
2026-01-12T03:00:00+00:00,446.3,448.18,446.21,446.8,1236.683
2026-01-12T04:00:00+00:00,446.75,446.83,443.99,445.25,136.661
2026-01-12T05:00:00+00:00,445.25,445.25,442.94,443.57,64.238
2026-01-12T06:00:00+00:00,443.61,444.16,442.75,443.52,174.347
2026-01-12T07:00:00+00:00,443.48,443.66,442.83,443.27,334.211
2026-01-12T08:00:00+00:00,443.24,443.42,440.49,442.18,2306.376
2026-01-12T09:00:00+00:00,442.18,442.47,440.15,441.0,1858.255
2026-01-12T10:00:00+00:00,441.17,442.53,440.9,441.71,979.004
2026-01-12T11:00:00+00:00,441.68,442.61,441.35,441.97,498.092
2026-01-12T12:00:00+00:00,442.25,443.05,440.85,442.66,379.761
2026-01-12T13:00:00+00:00,442.67,442.88,441.07,441.35,1572.662
2026-01-12T14:00:00+00:00,441.28,450.13,438.29,448.69,5962.605
2026-01-12T15:00:00+00:00,448.71,450.33,447.24,447.67,1812.657
2026-01-12T16:00:00+00:00,447.67,451.5,447.52,450.92,1768.86
2026-01-12T17:00:00+00:00,450.95,454.31,450.94,452.38,1909.294
2026-01-12T18:00:00+00:00,452.49,452.53,450.34,451.4,1503.675
2026-01-12T19:00:00+00:00,451.34,452.37,449.84,451.05,838.808
2026-01-12T20:00:00+00:00,450.83,451.54,448.33,449.01,4349.372
2026-01-12T21:00:00+00:00,449.09,450.14,448.43,448.55,2384.905
2026-01-12T22:00:00+00:00,448.48,449.37,448.41,449.04,276.904
2026-01-12T23:00:00+00:00,449.06,449.14,448.3,448.67,448.84
2026-01-13T00:00:00+00:00,448.68,448.69,447.74,448.27,797.888
2026-01-13T01:00:00+00:00,448.19,448.72,447.51,447.76,486.341
2026-01-13T02:00:00+00:00,447.76,448.92,447.76,448.59,349.124
2026-01-13T03:00:00+00:00,448.49,448.86,448.01,448.33,333.725
2026-01-13T04:00:00+00:00,448.29,448.45,447.99,448.36,346.537
2026-01-13T05:00:00+00:00,448.39,449.04,447.98,448.61,255.356
2026-01-13T06:00:00+00:00,448.67,449.01,448.58,448.8,177.155
2026-01-13T07:00:00+00:00,448.72,449.0,448.3,449.0,319.103
2026-01-13T08:00:00+00:00,448.94,449.0,448.18,448.34,568.306
2026-01-13T09:00:00+00:00,448.26,449.64,447.81,449.16,15875.239
2026-01-13T10:00:00+00:00,449.16,449.45,448.08,448.52,642.704
2026-01-13T11:00:00+00:00,448.49,449.2,448.39,449.14,453.623
2026-01-13T12:00:00+00:00,449.21,450.12,448.94,449.26,2164.704
2026-01-13T13:00:00+00:00,449.17,451.65,448.43,450.96,2705.168
2026-01-13T14:00:00+00:00,450.96,452.51,447.09,448.28,3834.843
2026-01-13T15:00:00+00:00,448.32,451.48,445.68,451.14,4332.303
2026-01-13T16:00:00+00:00,451.14,451.99,449.47,450.82,2535.197
2026-01-13T17:00:00+00:00,450.74,451.11,447.04,447.31,1599.66
2026-01-13T18:00:00+00:00,447.17,448.77,444.88,445.04,7440.638
2026-01-13T19:00:00+00:00,445.03,447.31,444.09,446.88,960.532
2026-01-13T20:00:00+00:00,446.92,447.8,445.36,447.26,1065.056
2026-01-13T21:00:00+00:00,447.34,447.95,447.0,447.05,510.616
2026-01-13T22:00:00+00:00,447.01,447.48,447.01,447.3,306.727
2026-01-13T23:00:00+00:00,447.25,447.51,446.88,447.14,132.861
2026-01-14T00:00:00+00:00,447.11,447.34,446.7,447.09,261.34
2026-01-14T01:00:00+00:00,447.1,447.34,445.41,445.86,735.414
2026-01-14T02:00:00+00:00,445.91,446.46,445.49,446.32,422.92
2026-01-14T03:00:00+00:00,446.29,447.01,446.13,446.41,237.491
2026-01-14T04:00:00+00:00,446.41,446.73,446.05,446.17,372.817
2026-01-14T05:00:00+00:00,446.17,446.19,444.99,445.28,2583.84
2026-01-14T06:00:00+00:00,445.33,446.48,445.32,446.47,296.83
2026-01-14T07:00:00+00:00,446.44,446.89,446.34,446.53,202.054
2026-01-14T08:00:00+00:00,446.56,446.96,446.16,446.72,159.301
2026-01-14T09:00:00+00:00,446.72,447.01,446.06,446.06,1361.658
2026-01-14T10:00:00+00:00,446.08,446.54,443.34,444.31,719.946
2026-01-14T11:00:00+00:00,444.32,444.68,443.64,444.02,488.045
2026-01-14T12:00:00+00:00,444.05,445.32,443.22,445.06,1443.601
2026-01-14T13:00:00+00:00,445.06,445.19,444.12,444.28,603.146
2026-01-14T14:00:00+00:00,444.29,444.89,438.58,439.05,6986.658
2026-01-14T15:00:00+00:00,438.68,443.78,436.09,437.14,5806.346
2026-01-14T16:00:00+00:00,437.2,439.29,434.24,434.51,8678.666
2026-01-14T17:00:00+00:00,434.49,436.48,434.25,435.38,3242.257
2026-01-14T18:00:00+00:00,435.26,436.69,434.96,436.45,1488.875
2026-01-14T19:00:00+00:00,436.35,437.55,435.83,436.86,1021.2
2026-01-14T20:00:00+00:00,436.88,439.36,435.08,439.21,3284.82
2026-01-14T21:00:00+00:00,439.18,439.66,437.35,437.86,393.028
2026-01-14T22:00:00+00:00,437.86,438.28,437.79,438.2,219.389
2026-01-14T23:00:00+00:00,438.27,438.39,437.67,438.07,135.573
2026-01-15T00:00:00+00:00,438.12,438.19,437.78,437.98,43.693
2026-01-15T01:00:00+00:00,437.98,439.21,436.54,438.1,467.708
2026-01-15T02:00:00+00:00,438.1,438.12,437.34,437.69,544.033
2026-01-15T03:00:00+00:00,437.72,438.01,437.2,437.33,652.835
2026-01-15T04:00:00+00:00,437.42,437.71,437.39,437.4,293.955
2026-01-15T05:00:00+00:00,437.49,438.38,437.4,438.2,182.983
2026-01-15T06:00:00+00:00,438.28,439.9,438.11,439.77,194.98
2026-01-15T07:00:00+00:00,439.8,440.08,439.35,439.77,227.704
2026-01-15T08:00:00+00:00,439.8,440.4,439.53,440.2,191.245
2026-01-15T09:00:00+00:00,440.21,441.81,439.75,441.32,895.605
2026-01-15T10:00:00+00:00,441.33,441.77,440.9,441.39,393.324
2026-01-15T11:00:00+00:00,441.42,441.82,440.78,441.22,367.965
2026-01-15T12:00:00+00:00,441.19,442.24,440.44,442.2,2381.708
2026-01-15T13:00:00+00:00,442.24,442.26,440.9,441.45,1029.517
2026-01-15T14:00:00+00:00,441.45,444.73,441.15,442.12,2811.879
2026-01-15T15:00:00+00:00,442.05,445.48,439.82,443.44,2175.981
2026-01-15T16:00:00+00:00,443.37,444.42,442.14,442.64,1182.95
2026-01-15T17:00:00+00:00,442.67,443.62,441.28,441.58,1266.26
2026-01-15T18:00:00+00:00,441.57,444.05,441.43,443.09,2192.961
2026-01-15T19:00:00+00:00,443.08,443.08,439.86,440.6,729.215
2026-01-15T20:00:00+00:00,440.41,440.63,437.93,438.45,2366.208
2026-01-15T21:00:00+00:00,438.44,439.37,438.12,438.9,151.809
2026-01-15T22:00:00+00:00,438.89,439.25,438.72,439.01,59.757
2026-01-15T23:00:00+00:00,439.02,439.35,439.0,439.17,216.993
2026-01-16T00:00:00+00:00,439.18,439.51,439.06,439.47,216.299
2026-01-16T01:00:00+00:00,439.47,440.62,439.45,440.5,223.432
2026-01-16T02:00:00+00:00,440.49,440.52,440.07,440.38,68.576
2026-01-16T03:00:00+00:00,440.35,440.94,440.26,440.84,44.32
2026-01-16T04:00:00+00:00,440.79,441.53,440.69,441.45,84.077
2026-01-16T05:00:00+00:00,441.45,441.61,440.62,440.99,266.613
2026-01-16T06:00:00+00:00,441.06,441.69,440.97,441.15,72.495
2026-01-16T07:00:00+00:00,441.14,441.68,441.02,441.45,151.164
2026-01-16T08:00:00+00:00,441.46,441.72,440.94,441.11,232.348
2026-01-16T09:00:00+00:00,441.1,441.46,440.26,440.45,164.792
2026-01-16T10:00:00+00:00,440.44,441.11,440.42,440.97,133.03
2026-01-16T11:00:00+00:00,441.01,442.09,440.54,441.37,483.856
2026-01-16T12:00:00+00:00,441.37,441.78,441.07,441.21,1129.056
2026-01-16T13:00:00+00:00,441.22,441.22,440.24,440.64,192.152
2026-01-16T14:00:00+00:00,440.51,447.37,439.72,443.41,4383.029
2026-01-16T15:00:00+00:00,443.38,443.65,435.5,436.88,5121.608
2026-01-16T16:00:00+00:00,436.87,439.93,436.57,439.11,1094.133
2026-01-16T17:00:00+00:00,439.12,439.68,438.11,438.46,1259.318
2026-01-16T18:00:00+00:00,438.3,441.07,438.0,440.09,1869.162
2026-01-16T19:00:00+00:00,440.09,440.95,439.26,440.43,389.228
2026-01-16T20:00:00+00:00,440.4,440.72,437.65,437.86,787.267
2026-01-16T21:00:00+00:00,437.96,439.23,437.52,438.41,374.543
2026-01-16T22:00:00+00:00,438.42,438.42,437.55,437.98,462.192
2026-01-16T23:00:00+00:00,438.0,438.19,437.57,437.71,141.738
2026-01-17T00:00:00+00:00,437.71,437.85,437.31,437.61,282.731
2026-01-17T01:00:00+00:00,437.6,437.84,437.4,437.53,203.14
2026-01-17T02:00:00+00:00,437.52,437.86,437.29,437.64,124.939
2026-01-17T03:00:00+00:00,437.64,437.8,437.38,437.6,33.795
2026-01-17T04:00:00+00:00,437.61,437.9,437.51,437.56,22.955
2026-01-17T05:00:00+00:00,437.55,437.79,437.42,437.62,18.946
2026-01-17T06:00:00+00:00,437.63,437.8,437.55,437.61,86.814
2026-01-17T07:00:00+00:00,437.61,437.71,436.85,437.49,128.352
2026-01-17T08:00:00+00:00,437.5,437.73,437.29,437.6,71.214
2026-01-17T09:00:00+00:00,437.55,437.73,437.3,437.49,51.654
2026-01-17T10:00:00+00:00,437.54,437.59,436.75,437.39,87.212
2026-01-17T11:00:00+00:00,437.39,437.45,437.2,437.26,37.458
2026-01-17T12:00:00+00:00,437.26,437.3,436.99,437.26,25.008
2026-01-17T13:00:00+00:00,437.18,437.3,436.84,436.86,419.095
2026-01-17T14:00:00+00:00,436.86,437.3,436.81,437.3,138.164
2026-01-17T15:00:00+00:00,437.29,437.3,437.06,437.25,55.23
2026-01-17T16:00:00+00:00,437.24,437.25,436.67,437.17,76.47
2026-01-17T17:00:00+00:00,437.17,437.17,436.35,436.79,137.599
2026-01-17T18:00:00+00:00,436.78,436.85,436.43,436.7,23.787
2026-01-17T19:00:00+00:00,436.72,436.85,436.59,436.73,20.302
2026-01-17T20:00:00+00:00,436.73,436.84,436.64,436.73,43.89
2026-01-17T21:00:00+00:00,436.74,436.74,435.58,435.72,115.87
2026-01-17T22:00:00+00:00,435.7,436.19,435.05,435.28,147.308
2026-01-17T23:00:00+00:00,435.31,435.55,434.35,435.36,243.336
2026-01-18T00:00:00+00:00,435.35,435.36,435.03,435.1,41.479
2026-01-18T01:00:00+00:00,435.09,435.1,434.2,434.88,148.833
2026-01-18T02:00:00+00:00,434.93,435.19,434.81,435.01,49.53
2026-01-18T03:00:00+00:00,434.95,435.01,434.72,434.92,44.339
2026-01-18T04:00:00+00:00,434.9,436.02,434.59,435.49,227.011
2026-01-18T05:00:00+00:00,435.46,435.65,435.45,435.65,17.474
2026-01-18T06:00:00+00:00,435.5,435.7,435.46,435.46,2.287
2026-01-18T07:00:00+00:00,435.46,435.46,435.38,435.38,2.658
2026-01-18T08:00:00+00:00,435.38,435.38,435.03,435.1,40.185
2026-01-18T09:00:00+00:00,435.05,435.81,434.53,435.61,146.033
2026-01-18T10:00:00+00:00,435.6,435.61,434.77,434.79,30.2
2026-01-18T11:00:00+00:00,434.78,434.96,434.72,434.73,62.602
2026-01-18T12:00:00+00:00,434.81,435.38,434.67,434.81,80.326
2026-01-18T13:00:00+00:00,434.82,435.15,434.6,434.98,146.435
2026-01-18T14:00:00+00:00,434.92,435.28,434.81,435.01,178.563
2026-01-18T15:00:00+00:00,435.01,435.3,434.4,434.93,139.347
2026-01-18T16:00:00+00:00,434.93,435.1,434.7,434.93,60.625
2026-01-18T17:00:00+00:00,434.93,435.0,434.69,434.79,58.621
2026-01-18T18:00:00+00:00,434.8,435.19,434.8,435.01,49.422
2026-01-18T19:00:00+00:00,435.01,435.2,434.6,434.92,98.374
2026-01-18T20:00:00+00:00,434.94,434.99,434.4,434.61,116.739
2026-01-18T21:00:00+00:00,434.6,434.74,434.4,434.74,131.774
2026-01-18T22:00:00+00:00,434.75,435.0,433.67,434.22,417.689
2026-01-18T23:00:00+00:00,434.22,434.38,431.68,433.59,1117.843
2026-01-19T00:00:00+00:00,433.59,437.29,431.16,433.06,1538.857
2026-01-19T01:00:00+00:00,433.05,437.8,433.05,436.79,2555.866
2026-01-19T02:00:00+00:00,436.8,436.85,432.65,433.49,703.789
2026-01-19T03:00:00+00:00,433.49,434.15,432.68,432.74,539.364
2026-01-19T04:00:00+00:00,432.74,433.8,430.63,432.93,759.394
2026-01-19T05:00:00+00:00,432.93,433.01,430.79,432.35,406.564
2026-01-19T06:00:00+00:00,432.34,433.73,432.32,433.7,310.389
2026-01-19T07:00:00+00:00,433.7,433.84,430.01,430.78,382.957
2026-01-19T08:00:00+00:00,430.86,433.14,430.76,433.02,319.589
2026-01-19T09:00:00+00:00,432.94,432.98,431.51,431.51,159.534
2026-01-19T10:00:00+00:00,431.48,431.79,431.0,431.72,70.719
2026-01-19T11:00:00+00:00,431.7,431.98,430.21,431.42,287.794
2026-01-19T12:00:00+00:00,431.42,432.5,431.0,431.58,240.552
2026-01-19T13:00:00+00:00,431.55,431.98,430.29,431.85,414.74
2026-01-19T14:00:00+00:00,431.85,432.16,429.86,431.92,293.402
2026-01-19T15:00:00+00:00,431.92,435.33,431.88,434.84,613.277
2026-01-19T16:00:00+00:00,434.83,435.3,433.9,434.8,844.319
2026-01-19T17:00:00+00:00,434.84,435.98,434.43,435.68,1001.09
2026-01-19T18:00:00+00:00,435.68,435.68,435.05,435.47,64.388
2026-01-19T19:00:00+00:00,435.47,435.7,435.01,435.38,231.692
2026-01-19T20:00:00+00:00,435.38,436.1,435.0,435.64,307.587
2026-01-19T21:00:00+00:00,435.64,435.64,434.58,435.03,374.895
2026-01-19T22:00:00+00:00,435.03,435.22,434.82,435.01,144.994
2026-01-19T23:00:00+00:00,435.0,435.01,433.66,433.91,638.951
2026-01-20T00:00:00+00:00,433.91,433.95,433.25,433.68,649.766
2026-01-20T01:00:00+00:00,433.69,435.39,430.48,432.7,3096.153
2026-01-20T02:00:00+00:00,432.67,433.62,431.77,432.19,339.057
2026-01-20T03:00:00+00:00,432.18,432.18,431.28,431.82,120.202
2026-01-20T04:00:00+00:00,431.76,431.78,430.3,430.3,71.348
2026-01-20T05:00:00+00:00,430.3,430.88,429.65,430.06,1379.074
2026-01-20T06:00:00+00:00,430.46,430.6,426.72,427.92,952.607
2026-01-20T07:00:00+00:00,427.93,428.29,426.71,426.76,407.302
2026-01-20T08:00:00+00:00,426.88,426.89,424.2,424.5,2323.944
2026-01-20T09:00:00+00:00,424.76,427.25,421.96,423.57,5100.655
2026-01-20T10:00:00+00:00,423.57,426.95,423.49,425.79,1252.967
2026-01-20T11:00:00+00:00,425.79,427.0,425.66,426.89,450.765
2026-01-20T12:00:00+00:00,426.95,428.97,426.5,428.01,1014.895
2026-01-20T13:00:00+00:00,428.02,428.2,425.53,425.64,3034.404
2026-01-20T14:00:00+00:00,425.67,430.6,423.78,425.1,5929.961
2026-01-20T15:00:00+00:00,424.93,427.86,423.87,426.19,4786.997
2026-01-20T16:00:00+00:00,426.19,427.0,423.99,425.12,1801.057
2026-01-20T17:00:00+00:00,425.15,427.41,423.93,424.87,3953.218
2026-01-20T18:00:00+00:00,424.89,425.45,422.56,423.02,1484.654
2026-01-20T19:00:00+00:00,423.05,423.66,420.89,421.69,1956.614
2026-01-20T20:00:00+00:00,421.58,421.58,417.74,419.36,2610.003
2026-01-20T21:00:00+00:00,419.31,419.74,416.23,419.67,2691.658
2026-01-20T22:00:00+00:00,419.66,419.66,418.86,419.03,1159.902
2026-01-20T23:00:00+00:00,419.04,419.76,419.0,419.02,265.842
2026-01-21T00:00:00+00:00,418.97,420.13,418.97,420.06,336.443
2026-01-21T01:00:00+00:00,420.13,421.71,419.89,421.67,210.347
2026-01-21T02:00:00+00:00,421.66,422.09,421.14,421.4,662.068
2026-01-21T03:00:00+00:00,421.5,422.13,421.48,422.12,174.02
2026-01-21T04:00:00+00:00,422.12,422.94,421.26,422.91,724.773
2026-01-21T05:00:00+00:00,422.91,424.06,422.69,423.85,404.892
2026-01-21T06:00:00+00:00,423.86,423.88,422.64,422.64,381.085
2026-01-21T07:00:00+00:00,422.79,423.76,422.76,422.92,217.71
2026-01-21T08:00:00+00:00,422.92,423.02,421.91,422.11,240.639
2026-01-21T09:00:00+00:00,422.11,422.78,420.7,420.72,829.698
2026-01-21T10:00:00+00:00,420.7,421.75,420.52,421.24,1932.766
2026-01-21T11:00:00+00:00,421.24,421.39,418.68,418.84,2114.146
2026-01-21T12:00:00+00:00,418.98,419.43,417.71,419.0,2750.907
2026-01-21T13:00:00+00:00,419.02,420.99,419.0,420.09,3225.632
2026-01-21T14:00:00+00:00,420.19,424.27,419.74,423.89,6950.268
2026-01-21T15:00:00+00:00,424.02,429.61,424.0,429.27,3250.908
2026-01-21T16:00:00+00:00,429.3,429.68,422.41,423.02,3576.999
2026-01-21T17:00:00+00:00,422.95,425.03,420.18,424.75,4213.369
2026-01-21T18:00:00+00:00,424.7,427.33,422.98,427.09,1653.284
2026-01-21T19:00:00+00:00,427.06,438.13,426.11,437.58,7370.001
2026-01-21T20:00:00+00:00,437.58,437.74,430.39,431.55,6201.381
2026-01-21T21:00:00+00:00,431.6,433.68,431.3,433.61,1682.924
2026-01-21T22:00:00+00:00,433.58,434.49,433.45,433.61,326.888
2026-01-21T23:00:00+00:00,433.59,434.12,432.76,433.44,502.817
2026-01-22T00:00:00+00:00,433.44,434.54,433.21,434.26,198.048
2026-01-22T01:00:00+00:00,434.22,434.87,434.02,434.4,216.46
2026-01-22T02:00:00+00:00,434.42,434.58,433.99,434.4,263.178
2026-01-22T03:00:00+00:00,434.42,434.81,434.15,434.49,283.815
2026-01-22T04:00:00+00:00,434.51,434.53,434.0,434.37,347.37
2026-01-22T05:00:00+00:00,434.39,434.42,433.51,433.52,110.71
2026-01-22T06:00:00+00:00,433.58,433.84,432.91,433.67,253.691
2026-01-22T07:00:00+00:00,433.68,434.54,433.16,434.54,207.669
2026-01-22T08:00:00+00:00,434.57,436.59,434.42,436.21,985.296
2026-01-22T09:00:00+00:00,436.21,436.99,435.97,436.98,502.908
2026-01-22T10:00:00+00:00,436.96,437.51,436.37,437.5,427.287
2026-01-22T11:00:00+00:00,437.49,438.32,436.41,436.47,448.536
2026-01-22T12:00:00+00:00,436.57,436.7,435.36,436.16,276.93
2026-01-22T13:00:00+00:00,436.24,437.5,436.0,437.38,278.718
2026-01-22T14:00:00+00:00,437.37,437.55,432.94,434.1,13682.575
2026-01-22T15:00:00+00:00,434.06,439.13,432.95,437.29,7000.262
2026-01-22T16:00:00+00:00,437.25,439.2,436.65,437.94,3781.647
2026-01-22T17:00:00+00:00,437.94,445.81,437.32,445.63,5423.729
2026-01-22T18:00:00+00:00,445.56,448.31,444.48,446.25,7292.844
2026-01-22T19:00:00+00:00,446.33,449.04,446.33,446.49,2636.626
2026-01-22T20:00:00+00:00,446.45,449.65,445.71,449.49,3649.207
2026-01-22T21:00:00+00:00,449.52,451.77,448.6,448.74,1441.222
2026-01-22T22:00:00+00:00,448.74,449.6,448.32,448.65,572.819
2026-01-22T23:00:00+00:00,448.59,449.13,447.9,448.96,1606.703
2026-01-23T00:00:00+00:00,448.96,450.38,448.95,450.36,365.858
2026-01-23T01:00:00+00:00,450.39,452.06,450.31,450.84,650.515
2026-01-23T02:00:00+00:00,450.81,451.12,449.85,449.97,456.352
2026-01-23T03:00:00+00:00,449.95,452.43,449.65,451.56,1288.685
2026-01-23T04:00:00+00:00,451.5,451.8,450.98,451.67,364.272
2026-01-23T05:00:00+00:00,451.57,453.63,451.29,453.48,313.753
2026-01-23T06:00:00+00:00,453.48,454.1,452.78,453.11,345.894
2026-01-23T07:00:00+00:00,453.13,454.07,452.5,452.52,1642.413
2026-01-23T08:00:00+00:00,452.51,452.94,450.62,450.82,389.42
2026-01-23T09:00:00+00:00,450.87,451.15,447.39,448.34,868.873
2026-01-23T10:00:00+00:00,448.15,448.93,447.88,448.72,366.165
2026-01-23T11:00:00+00:00,448.89,450.61,448.26,448.36,1009.39
2026-01-23T12:00:00+00:00,448.43,449.49,448.37,449.29,432.405
2026-01-23T13:00:00+00:00,449.31,450.43,446.58,446.98,431.142
2026-01-23T14:00:00+00:00,446.9,450.82,444.18,449.82,8166.96
2026-01-23T15:00:00+00:00,449.88,452.22,445.88,452.13,6176.649
2026-01-23T16:00:00+00:00,452.06,452.47,448.74,448.96,4409.301
2026-01-23T17:00:00+00:00,448.92,449.53,445.67,445.8,4017.504
2026-01-23T18:00:00+00:00,445.78,447.6,445.5,447.48,2173.319
2026-01-23T19:00:00+00:00,447.49,448.66,447.22,448.5,2102.57
2026-01-23T20:00:00+00:00,448.59,449.57,447.15,449.26,1568.821
2026-01-23T21:00:00+00:00,449.26,449.55,447.86,447.86,438.887
2026-01-23T22:00:00+00:00,447.86,448.3,447.63,447.96,128.591
2026-01-23T23:00:00+00:00,447.96,448.5,447.92,447.92,46.776
2026-01-24T00:00:00+00:00,447.94,447.98,447.29,447.49,71.311
2026-01-24T01:00:00+00:00,447.53,448.09,447.52,447.73,26.02
2026-01-24T02:00:00+00:00,447.73,447.91,447.7,447.72,38.986
2026-01-24T03:00:00+00:00,447.72,447.73,447.7,447.73,32.462
2026-01-24T04:00:00+00:00,447.73,447.73,447.68,447.68,338.757
2026-01-24T05:00:00+00:00,447.68,447.7,447.68,447.69,13.954
2026-01-24T06:00:00+00:00,447.69,448.39,447.68,447.69,92.408
2026-01-24T07:00:00+00:00,447.69,448.1,447.57,447.61,33.527
2026-01-24T08:00:00+00:00,447.6,447.67,447.08,447.56,55.625
2026-01-24T09:00:00+00:00,447.54,447.71,447.0,447.31,135.627
2026-01-24T10:00:00+00:00,447.31,447.68,447.17,447.53,62.459
2026-01-24T11:00:00+00:00,447.51,447.73,447.08,447.58,73.395
2026-01-24T12:00:00+00:00,447.47,447.6,447.38,447.6,20.271
2026-01-24T13:00:00+00:00,447.47,447.48,447.02,447.39,49.518
2026-01-24T14:00:00+00:00,447.38,447.49,446.69,446.98,272.019
2026-01-24T15:00:00+00:00,446.97,446.98,446.7,446.95,28.185
2026-01-24T16:00:00+00:00,446.92,446.93,446.69,446.74,29.129
2026-01-24T17:00:00+00:00,446.73,446.78,446.13,446.75,170.403
2026-01-24T18:00:00+00:00,446.76,446.85,446.28,446.76,50.023
2026-01-24T19:00:00+00:00,446.83,447.01,446.61,446.68,67.119
2026-01-24T20:00:00+00:00,446.81,447.03,446.57,446.87,35.033
2026-01-24T21:00:00+00:00,446.92,447.15,446.54,446.68,63.129
2026-01-24T22:00:00+00:00,446.86,447.03,446.76,446.8,49.617
2026-01-24T23:00:00+00:00,446.8,447.74,446.73,447.38,190.597
2026-01-25T00:00:00+00:00,447.38,447.45,446.88,447.45,552.137
2026-01-25T01:00:00+00:00,447.44,447.44,445.71,446.38,785.119
2026-01-25T02:00:00+00:00,446.38,446.38,446.36,446.36,1.426
2026-01-25T03:00:00+00:00,446.37,446.38,446.05,446.37,5.122
2026-01-25T04:00:00+00:00,446.29,446.54,446.28,446.53,51.947
2026-01-25T05:00:00+00:00,446.53,446.68,446.53,446.68,72.826
2026-01-25T06:00:00+00:00,446.68,446.68,446.56,446.56,9.746
2026-01-25T07:00:00+00:00,446.56,446.57,446.25,446.52,56.223
2026-01-25T08:00:00+00:00,446.49,446.79,446.4,446.51,58.408
2026-01-25T09:00:00+00:00,446.4,446.51,445.67,446.4,264.921
2026-01-25T10:00:00+00:00,446.41,446.42,445.96,446.4,75.162
2026-01-25T11:00:00+00:00,446.4,446.87,446.12,446.27,157.664
2026-01-25T12:00:00+00:00,446.36,446.46,446.25,446.46,56.135
2026-01-25T13:00:00+00:00,446.43,446.61,446.02,446.3,72.434
2026-01-25T14:00:00+00:00,446.33,446.4,445.85,446.27,162.399
2026-01-25T15:00:00+00:00,446.27,446.28,445.65,445.88,238.392
2026-01-25T16:00:00+00:00,445.89,446.15,445.05,445.17,725.7
2026-01-25T17:00:00+00:00,445.16,445.79,445.0,445.06,215.688
2026-01-25T18:00:00+00:00,445.05,445.15,443.94,444.79,259.306
2026-01-25T19:00:00+00:00,444.78,445.23,442.62,442.85,1273.86
2026-01-25T20:00:00+00:00,442.85,443.29,440.86,441.68,443.828
2026-01-25T21:00:00+00:00,441.66,442.83,441.25,442.42,357.515
2026-01-25T22:00:00+00:00,442.41,442.72,439.83,440.76,594.387
2026-01-25T23:00:00+00:00,440.75,441.78,440.28,441.7,277.421
2026-01-26T00:00:00+00:00,441.7,443.2,441.7,442.99,355.667
2026-01-26T01:00:00+00:00,442.99,446.55,442.83,444.15,1740.533
2026-01-26T02:00:00+00:00,444.14,444.54,441.69,442.16,261.14
2026-01-26T03:00:00+00:00,442.17,443.4,442.17,442.49,268.39
2026-01-26T04:00:00+00:00,442.49,442.57,442.14,442.52,133.722
2026-01-26T05:00:00+00:00,442.46,443.63,442.27,443.5,138.684
2026-01-26T06:00:00+00:00,443.51,444.21,443.13,444.17,160.97
2026-01-26T07:00:00+00:00,444.17,445.02,443.97,444.74,375.98
2026-01-26T08:00:00+00:00,444.72,446.25,444.71,445.96,505.793
2026-01-26T09:00:00+00:00,445.96,445.99,443.09,443.87,502.567
2026-01-26T10:00:00+00:00,443.86,445.11,443.53,444.82,342.737
2026-01-26T11:00:00+00:00,444.8,445.38,444.44,445.14,393.381
2026-01-26T12:00:00+00:00,445.16,446.35,445.07,445.69,2710.591
2026-01-26T13:00:00+00:00,445.71,445.89,444.11,445.36,546.614
2026-01-26T14:00:00+00:00,445.3,446.1,437.95,439.14,4919.54
2026-01-26T15:00:00+00:00,439.18,441.55,436.94,438.66,2608.236
2026-01-26T16:00:00+00:00,438.67,440.57,438.22,439.65,1471.528
2026-01-26T17:00:00+00:00,439.62,440.49,438.15,438.15,1855.129
2026-01-26T18:00:00+00:00,438.22,438.88,437.84,438.56,1123.114
2026-01-26T19:00:00+00:00,438.55,438.73,436.78,436.82,1203.178
2026-01-26T20:00:00+00:00,436.81,436.89,434.32,435.25,6268.307
2026-01-26T21:00:00+00:00,435.22,435.67,434.8,434.83,237.903
2026-01-26T22:00:00+00:00,434.8,435.7,434.55,435.68,632.603
2026-01-26T23:00:00+00:00,435.68,436.15,435.33,435.9,147.811
2026-01-27T00:00:00+00:00,435.92,435.92,435.34,435.34,105.323
2026-01-27T01:00:00+00:00,435.36,437.29,435.36,437.17,185.536
2026-01-27T02:00:00+00:00,437.17,437.33,437.04,437.07,289.284
2026-01-27T03:00:00+00:00,437.07,438.17,437.07,437.75,170.866
2026-01-27T04:00:00+00:00,437.75,437.95,437.3,437.85,718.424
2026-01-27T05:00:00+00:00,437.85,438.35,437.62,438.29,103.539
2026-01-27T06:00:00+00:00,438.29,438.41,437.88,438.01,162.222
2026-01-27T07:00:00+00:00,438.01,438.22,437.61,438.1,207.817
2026-01-27T08:00:00+00:00,438.1,438.37,438.0,438.21,175.602
2026-01-27T09:00:00+00:00,438.19,438.58,437.51,437.7,293.749
2026-01-27T10:00:00+00:00,437.7,438.18,437.58,437.84,296.128
2026-01-27T11:00:00+00:00,437.85,438.03,437.51,437.8,261.765
2026-01-27T12:00:00+00:00,437.81,438.03,436.7,436.75,610.853
2026-01-27T13:00:00+00:00,436.75,438.0,436.75,437.26,544.593
2026-01-27T14:00:00+00:00,437.27,438.03,431.94,434.53,7754.229
2026-01-27T15:00:00+00:00,434.49,436.61,433.75,434.79,6788.283
2026-01-27T16:00:00+00:00,434.82,435.92,433.99,435.54,1401.503
2026-01-27T17:00:00+00:00,435.44,435.49,433.36,433.6,1234.423
2026-01-27T18:00:00+00:00,433.37,433.54,432.14,432.19,1641.929
2026-01-27T19:00:00+00:00,432.28,432.87,430.87,432.67,3153.217
2026-01-27T20:00:00+00:00,432.67,433.96,431.02,431.27,1016.288
2026-01-27T21:00:00+00:00,431.26,431.53,430.96,431.34,502.435
2026-01-27T22:00:00+00:00,431.35,432.17,431.24,431.86,527.572
2026-01-27T23:00:00+00:00,431.8,432.16,431.62,431.94,285.969
2026-01-28T00:00:00+00:00,431.95,432.52,431.86,432.52,308.931
2026-01-28T01:00:00+00:00,432.66,433.44,432.57,432.84,863.353
2026-01-28T02:00:00+00:00,432.84,433.08,432.33,433.04,218.931
2026-01-28T03:00:00+00:00,433.04,433.15,432.51,432.67,90.737
2026-01-28T04:00:00+00:00,432.63,433.11,432.57,433.11,64.8
2026-01-28T05:00:00+00:00,433.09,433.48,433.0,433.48,122.445
2026-01-28T06:00:00+00:00,433.28,434.02,433.26,433.35,224.503
2026-01-28T07:00:00+00:00,433.35,433.94,433.21,433.21,161.496
2026-01-28T08:00:00+00:00,433.22,433.57,432.27,432.61,254.864
2026-01-28T09:00:00+00:00,432.54,432.8,431.14,432.04,516.493
2026-01-28T10:00:00+00:00,432.19,432.25,431.33,432.03,335.962
2026-01-28T11:00:00+00:00,432.12,432.53,431.84,432.41,335.629
2026-01-28T12:00:00+00:00,432.3,432.87,431.29,431.83,272.12
2026-01-28T13:00:00+00:00,431.95,434.81,431.95,434.29,1078.797
2026-01-28T14:00:00+00:00,434.29,438.36,431.57,437.53,5321.863
2026-01-28T15:00:00+00:00,437.46,438.09,432.44,433.25,5263.053
2026-01-28T16:00:00+00:00,433.29,434.39,432.22,433.44,4069.341
2026-01-28T17:00:00+00:00,433.56,435.71,432.53,432.9,1900.939
2026-01-28T18:00:00+00:00,432.86,435.66,432.69,434.94,1863.031
2026-01-28T19:00:00+00:00,434.93,435.99,432.18,434.65,2160.538
2026-01-28T20:00:00+00:00,434.65,436.21,430.67,430.7,2684.223
2026-01-28T21:00:00+00:00,430.94,447.97,426.0,444.77,9971.689
2026-01-28T22:00:00+00:00,444.8,450.2,432.43,436.51,11729.55
2026-01-28T23:00:00+00:00,436.57,443.47,435.23,436.38,3065.024
2026-01-29T00:00:00+00:00,436.34,439.78,435.84,439.76,609.72
2026-01-29T01:00:00+00:00,439.88,441.19,437.41,438.42,994.192
2026-01-29T02:00:00+00:00,438.43,439.18,438.33,438.62,1057.482
2026-01-29T03:00:00+00:00,438.63,441.48,438.63,440.56,1260.564
2026-01-29T04:00:00+00:00,440.69,440.69,439.46,440.13,1280.836
2026-01-29T05:00:00+00:00,440.15,441.17,439.5,440.85,873.312
2026-01-29T06:00:00+00:00,440.86,442.95,440.85,442.64,548.234
2026-01-29T07:00:00+00:00,442.64,443.0,441.88,442.33,251.247
2026-01-29T08:00:00+00:00,442.25,443.12,441.82,442.7,426.72
2026-01-29T09:00:00+00:00,442.69,444.41,441.38,443.09,442.305
2026-01-29T10:00:00+00:00,443.08,445.44,442.84,444.65,588.701
2026-01-29T11:00:00+00:00,444.63,444.76,442.35,442.54,903.511
2026-01-29T12:00:00+00:00,442.53,442.53,439.85,440.74,845.642
2026-01-29T13:00:00+00:00,440.83,440.95,437.76,438.54,913.454
2026-01-29T14:00:00+00:00,438.54,440.2,423.39,423.78,13885.282
2026-01-29T15:00:00+00:00,423.67,428.12,415.13,417.63,21655.89
2026-01-29T16:00:00+00:00,417.63,423.61,417.38,421.05,15683.417
2026-01-29T17:00:00+00:00,421.16,425.01,420.35,420.66,4232.076
2026-01-29T18:00:00+00:00,420.69,425.16,420.0,420.9,10764.118
2026-01-29T19:00:00+00:00,420.9,421.29,418.2,418.31,6827.446
2026-01-29T20:00:00+00:00,418.35,418.7,415.08,416.52,10772.526
2026-01-29T21:00:00+00:00,416.55,418.95,416.53,418.67,1510.874
2026-01-29T22:00:00+00:00,418.67,436.72,418.47,429.41,10711.626
2026-01-29T23:00:00+00:00,429.6,432.54,427.62,430.61,905.788
2026-01-30T00:00:00+00:00,430.6,430.6,428.39,428.51,944.613
2026-01-30T01:00:00+00:00,428.57,429.85,423.94,427.12,1547.632
2026-01-30T02:00:00+00:00,427.12,427.21,422.29,425.53,1198.695
2026-01-30T03:00:00+00:00,425.57,427.37,424.92,426.47,462.972
2026-01-30T04:00:00+00:00,426.5,427.82,426.45,426.5,321.877
2026-01-30T05:00:00+00:00,426.5,428.54,426.5,427.62,245.716
2026-01-30T06:00:00+00:00,427.57,427.64,425.29,425.55,970.326
2026-01-30T07:00:00+00:00,425.47,426.24,423.92,423.92,884.915
2026-01-30T08:00:00+00:00,423.91,425.11,423.25,424.36,473.398
2026-01-30T09:00:00+00:00,424.34,426.12,421.0,422.26,639.129
2026-01-30T10:00:00+00:00,422.19,424.57,421.58,424.07,200.88
2026-01-30T11:00:00+00:00,424.14,426.7,424.04,426.28,549.763
2026-01-30T12:00:00+00:00,426.1,428.22,425.14,425.24,1476.909
2026-01-30T13:00:00+00:00,425.2,426.59,422.5,423.48,526.663
2026-01-30T14:00:00+00:00,423.32,430.14,421.94,425.1,5529.109
2026-01-30T15:00:00+00:00,425.33,439.97,425.16,437.21,8440.616
2026-01-30T16:00:00+00:00,437.1,439.92,435.1,435.11,5397.405
2026-01-30T17:00:00+00:00,435.22,439.55,434.24,435.59,4131.009
2026-01-30T18:00:00+00:00,435.47,437.46,432.32,435.71,7144.2
2026-01-30T19:00:00+00:00,435.76,436.78,432.52,433.59,8644.321
2026-01-30T20:00:00+00:00,433.69,434.7,430.25,430.44,10352.459
2026-01-30T21:00:00+00:00,430.44,430.78,429.07,430.1,790.4
2026-01-30T22:00:00+00:00,429.98,430.27,429.32,429.35,237.732
2026-01-30T23:00:00+00:00,429.4,429.79,429.32,429.52,203.728
2026-01-31T00:00:00+00:00,429.54,429.55,429.07,429.48,101.915
2026-01-31T01:00:00+00:00,429.49,430.1,429.17,429.54,203.711
2026-01-31T02:00:00+00:00,429.36,430.14,429.36,429.95,74.24
2026-01-31T03:00:00+00:00,429.96,430.14,429.6,429.96,124.005
2026-01-31T04:00:00+00:00,429.96,430.14,429.73,429.85,135.57
2026-01-31T05:00:00+00:00,429.85,429.85,429.36,429.67,230.295
2026-01-31T06:00:00+00:00,429.66,430.26,429.64,429.64,171.616
2026-01-31T07:00:00+00:00,429.62,429.98,429.36,429.37,82.246
2026-01-31T08:00:00+00:00,429.37,429.74,429.01,429.03,139.39
2026-01-31T09:00:00+00:00,429.03,429.16,428.83,429.09,55.57
2026-01-31T10:00:00+00:00,429.09,429.16,428.73,428.88,103.935
2026-01-31T11:00:00+00:00,428.87,429.02,428.86,429.01,29.51
2026-01-31T12:00:00+00:00,429.0,429.16,428.66,428.91,108.828
2026-01-31T13:00:00+00:00,428.9,428.91,428.36,428.52,158.738
2026-01-31T14:00:00+00:00,428.53,428.66,426.8,426.82,605.313
2026-01-31T15:00:00+00:00,426.82,428.28,426.81,427.37,655.194
2026-01-31T16:00:00+00:00,427.35,427.35,426.81,426.86,833.397
2026-01-31T17:00:00+00:00,426.84,426.84,424.45,425.03,1627.55
2026-01-31T18:00:00+00:00,425.02,425.17,421.45,423.87,1081.217
2026-01-31T19:00:00+00:00,423.88,425.5,421.86,425.34,976.481
2026-01-31T20:00:00+00:00,425.33,425.43,424.23,424.94,318.915
2026-01-31T21:00:00+00:00,424.96,425.33,424.58,424.61,265.05
2026-01-31T22:00:00+00:00,424.58,424.89,423.19,423.91,302.282
2026-01-31T23:00:00+00:00,423.94,424.09,422.87,423.76,134.725
2026-02-01T00:00:00+00:00,423.74,424.43,423.32,424.43,448.694
2026-02-01T01:00:00+00:00,424.43,425.82,424.39,424.42,295.159
2026-02-01T02:00:00+00:00,424.42,424.52,424.06,424.52,211.612
2026-02-01T03:00:00+00:00,424.52,424.52,423.95,423.99,310.342
2026-02-01T04:00:00+00:00,424.02,424.52,423.68,424.25,77.401
2026-02-01T05:00:00+00:00,424.25,424.88,423.74,424.29,322.841
2026-02-01T06:00:00+00:00,424.29,424.29,423.35,423.36,282.307
2026-02-01T07:00:00+00:00,423.36,423.64,423.35,423.48,82.631
2026-02-01T08:00:00+00:00,423.44,423.58,422.37,423.12,864.332
2026-02-01T09:00:00+00:00,423.1,423.58,423.1,423.11,38.295
2026-02-01T10:00:00+00:00,423.06,423.67,422.64,423.15,119.709
2026-02-01T11:00:00+00:00,423.14,423.32,422.33,423.29,411.07
2026-02-01T12:00:00+00:00,423.3,423.56,423.24,423.29,49.239
2026-02-01T13:00:00+00:00,423.28,423.78,422.59,422.87,143.337
2026-02-01T14:00:00+00:00,422.96,425.11,422.96,424.72,408.603
2026-02-01T15:00:00+00:00,424.72,424.84,423.71,424.45,100.181
2026-02-01T16:00:00+00:00,424.45,424.87,423.78,424.45,250.395
2026-02-01T17:00:00+00:00,424.34,424.65,424.31,424.44,60.198
2026-02-01T18:00:00+00:00,424.42,424.88,424.05,424.35,167.081
2026-02-01T19:00:00+00:00,424.35,425.09,423.91,424.71,304.793
2026-02-01T20:00:00+00:00,424.71,424.71,423.83,423.92,234.459
2026-02-01T21:00:00+00:00,423.91,424.06,423.0,423.62,380.314
2026-02-01T22:00:00+00:00,423.59,424.93,423.46,424.93,219.205
2026-02-01T23:00:00+00:00,424.67,430.0,424.23,426.76,1647.659
2026-02-02T00:00:00+00:00,426.76,430.91,426.12,428.9,3026.013
2026-02-02T01:00:00+00:00,428.89,429.41,421.48,422.79,3012.649
2026-02-02T02:00:00+00:00,422.84,424.28,422.23,422.48,595.978
2026-02-02T03:00:00+00:00,422.45,423.67,418.28,418.91,2075.123
2026-02-02T04:00:00+00:00,418.85,421.78,416.76,421.53,1585.623
2026-02-02T05:00:00+00:00,421.49,421.49,418.51,418.72,828.159
2026-02-02T06:00:00+00:00,418.7,419.56,417.66,418.75,585.884
2026-02-02T07:00:00+00:00,418.66,420.53,418.16,420.4,994.936
2026-02-02T08:00:00+00:00,420.39,422.86,420.39,422.01,1489.867
2026-02-02T09:00:00+00:00,422.01,423.21,420.44,422.56,1109.385
2026-02-02T10:00:00+00:00,422.56,422.74,420.49,421.26,876.126
2026-02-02T11:00:00+00:00,421.05,422.4,419.17,420.14,1575.485
2026-02-02T12:00:00+00:00,420.32,423.93,420.0,422.74,921.776
2026-02-02T13:00:00+00:00,422.58,422.7,420.85,422.19,880.883
2026-02-02T14:00:00+00:00,422.22,422.9,414.56,417.56,12649.357
2026-02-02T15:00:00+00:00,417.36,422.5,416.53,420.19,7424.648
2026-02-02T16:00:00+00:00,420.19,420.28,418.38,420.01,2821.339
2026-02-02T17:00:00+00:00,420.07,424.77,419.82,424.65,1624.428
2026-02-02T18:00:00+00:00,424.65,427.69,424.39,426.76,3823.493
2026-02-02T19:00:00+00:00,426.76,426.76,423.21,423.28,3022.117
2026-02-02T20:00:00+00:00,423.28,424.92,421.98,421.98,1151.294
2026-02-02T21:00:00+00:00,421.69,425.11,419.07,423.11,2665.94
2026-02-02T22:00:00+00:00,423.11,424.62,422.86,424.14,622.567
2026-02-02T23:00:00+00:00,424.13,424.92,423.19,424.8,436.148
2026-02-03T00:00:00+00:00,424.8,425.14,424.25,425.14,300.17
2026-02-03T01:00:00+00:00,425.19,426.93,425.03,425.8,1293.827
2026-02-03T02:00:00+00:00,425.81,425.9,423.74,424.95,668.626
2026-02-03T03:00:00+00:00,424.94,425.73,424.76,425.73,138.563
2026-02-03T04:00:00+00:00,425.67,426.42,425.59,426.3,301.565
2026-02-03T05:00:00+00:00,426.3,426.92,425.89,426.92,285.256
2026-02-03T06:00:00+00:00,426.93,427.37,426.56,426.6,184.874
2026-02-03T07:00:00+00:00,426.54,427.05,426.07,426.81,389.209
2026-02-03T08:00:00+00:00,426.81,427.27,426.56,426.77,562.387
2026-02-03T09:00:00+00:00,426.78,427.16,425.74,426.86,529.928
2026-02-03T10:00:00+00:00,426.87,427.3,426.3,426.85,974.304
2026-02-03T11:00:00+00:00,426.85,427.19,426.4,426.72,322.185
2026-02-03T12:00:00+00:00,426.59,427.0,426.11,426.6,384.965
2026-02-03T13:00:00+00:00,426.54,427.28,426.02,426.42,358.216
2026-02-03T14:00:00+00:00,426.41,426.41,420.22,420.57,6643.96
2026-02-03T15:00:00+00:00,420.28,428.44,419.85,425.65,9918.873
2026-02-03T16:00:00+00:00,425.47,427.67,422.13,425.48,6257.694
2026-02-03T17:00:00+00:00,425.71,425.74,417.65,417.68,7131.241
2026-02-03T18:00:00+00:00,417.65,419.37,416.15,416.15,3817.369
2026-02-03T19:00:00+00:00,416.14,420.04,413.63,419.1,8754.691
2026-02-03T20:00:00+00:00,419.03,422.72,417.7,422.23,3568.457
2026-02-03T21:00:00+00:00,422.14,423.01,420.22,420.9,599.695
2026-02-03T22:00:00+00:00,420.98,421.15,420.08,420.49,373.337
2026-02-03T23:00:00+00:00,420.44,421.46,420.22,421.02,238.779
2026-02-04T00:00:00+00:00,420.84,420.91,419.49,419.55,219.943
2026-02-04T01:00:00+00:00,419.55,421.77,419.5,419.75,1011.537
2026-02-04T02:00:00+00:00,419.67,420.62,419.22,419.34,154.105
2026-02-04T03:00:00+00:00,419.33,420.43,419.14,420.32,84.427
2026-02-04T04:00:00+00:00,420.32,420.53,419.83,420.38,156.116
2026-02-04T05:00:00+00:00,420.37,420.65,420.04,420.5,119.358
2026-02-04T06:00:00+00:00,420.56,421.32,420.56,421.09,81.257
2026-02-04T07:00:00+00:00,421.08,421.57,420.84,421.21,194.126
2026-02-04T08:00:00+00:00,421.2,421.31,420.17,420.81,184.491
2026-02-04T09:00:00+00:00,420.84,421.18,418.12,419.39,401.274
2026-02-04T10:00:00+00:00,419.36,421.45,419.22,421.43,688.702
2026-02-04T11:00:00+00:00,421.42,421.94,420.76,421.46,379.901
2026-02-04T12:00:00+00:00,421.29,421.95,420.8,421.01,282.9
2026-02-04T13:00:00+00:00,421.03,423.3,420.11,421.08,1127.061
2026-02-04T14:00:00+00:00,421.0,424.0,417.79,419.36,7264.629
2026-02-04T15:00:00+00:00,419.35,419.35,411.56,412.12,9449.574
2026-02-04T16:00:00+00:00,412.02,412.41,403.63,406.1,6717.838
2026-02-04T17:00:00+00:00,406.21,407.47,399.22,402.65,6287.432
2026-02-04T18:00:00+00:00,402.7,406.62,401.48,405.12,2949.68
2026-02-04T19:00:00+00:00,405.01,409.46,402.99,409.37,5040.952
2026-02-04T20:00:00+00:00,409.37,409.47,405.69,406.2,2950.152
2026-02-04T21:00:00+00:00,406.2,408.06,405.08,407.28,893.81
2026-02-04T22:00:00+00:00,407.28,407.57,406.22,406.32,254.807
2026-02-04T23:00:00+00:00,406.45,408.62,406.45,407.94,69.794
2026-02-05T00:00:00+00:00,407.82,408.03,407.54,407.64,283.58
2026-02-05T01:00:00+00:00,407.72,409.49,407.67,408.71,345.045
2026-02-05T02:00:00+00:00,408.73,408.75,404.46,404.52,846.056
2026-02-05T03:00:00+00:00,404.53,405.67,402.99,403.48,692.877
2026-02-05T04:00:00+00:00,403.43,404.81,401.72,404.65,938.219
2026-02-05T05:00:00+00:00,404.73,406.13,403.68,405.05,432.352
2026-02-05T06:00:00+00:00,405.16,407.45,405.16,407.26,460.132
2026-02-05T07:00:00+00:00,407.39,407.84,406.86,407.32,368.315
2026-02-05T08:00:00+00:00,407.26,408.77,406.5,406.62,401.434
2026-02-05T09:00:00+00:00,406.35,407.71,405.59,407.05,579.448
2026-02-05T10:00:00+00:00,407.0,408.35,406.69,407.55,181.544
2026-02-05T11:00:00+00:00,407.42,408.01,406.33,406.85,297.091
2026-02-05T12:00:00+00:00,406.52,406.97,396.82,398.77,1629.197
2026-02-05T13:00:00+00:00,398.62,400.58,394.36,395.17,3595.567
2026-02-05T14:00:00+00:00,395.25,401.09,392.73,395.52,8618.662
2026-02-05T15:00:00+00:00,395.3,395.69,387.55,392.72,11069.757
2026-02-05T16:00:00+00:00,392.78,398.93,390.29,398.18,5472.629
2026-02-05T17:00:00+00:00,398.2,401.62,396.4,400.3,3600.315
2026-02-05T18:00:00+00:00,400.27,401.97,397.81,399.36,2075.294
2026-02-05T19:00:00+00:00,398.97,401.33,394.52,396.0,3570.594
2026-02-05T20:00:00+00:00,396.09,398.13,393.09,397.18,3247.055
2026-02-05T21:00:00+00:00,397.05,399.26,391.37,391.76,2376.801
2026-02-05T22:00:00+00:00,391.82,392.93,389.94,391.64,761.36
2026-02-05T23:00:00+00:00,391.82,392.42,389.93,389.96,667.217
2026-02-06T00:00:00+00:00,389.96,389.96,387.38,388.83,1884.14
2026-02-06T01:00:00+00:00,388.73,394.75,388.42,393.43,2576.048
2026-02-06T02:00:00+00:00,393.43,394.39,392.1,393.98,1274.385
2026-02-06T03:00:00+00:00,393.98,394.09,392.43,392.53,520.433
2026-02-06T04:00:00+00:00,392.51,392.51,390.28,390.87,443.124
2026-02-06T05:00:00+00:00,391.21,394.8,390.64,394.6,765.8
2026-02-06T06:00:00+00:00,394.66,395.93,392.94,393.68,1147.648
2026-02-06T07:00:00+00:00,393.7,395.59,393.32,395.12,840.726
2026-02-06T08:00:00+00:00,395.12,395.94,393.66,395.84,1133.917
2026-02-06T09:00:00+00:00,395.69,404.37,395.29,403.23,1324.327
2026-02-06T10:00:00+00:00,403.3,405.72,402.46,405.48,763.375
2026-02-06T11:00:00+00:00,405.82,406.68,405.08,405.45,927.454
2026-02-06T12:00:00+00:00,405.36,405.57,399.3,400.04,977.596
2026-02-06T13:00:00+00:00,400.22,403.01,399.49,402.38,1143.46
2026-02-06T14:00:00+00:00,402.31,409.82,397.79,407.07,9862.288
2026-02-06T15:00:00+00:00,407.0,412.2,405.72,409.03,6805.261
2026-02-06T16:00:00+00:00,409.14,412.52,407.42,410.45,6256.942
2026-02-06T17:00:00+00:00,410.4,414.55,410.15,413.31,3403.688
2026-02-06T18:00:00+00:00,413.27,413.76,411.26,411.26,3160.579
2026-02-06T19:00:00+00:00,411.23,414.68,411.17,413.76,1952.571
2026-02-06T20:00:00+00:00,413.67,414.51,410.82,410.98,1772.024
2026-02-06T21:00:00+00:00,411.16,411.44,409.79,410.33,587.575
2026-02-06T22:00:00+00:00,410.44,412.14,410.44,412.01,406.779
2026-02-06T23:00:00+00:00,411.95,412.0,411.23,411.36,60.574
2026-02-07T00:00:00+00:00,411.37,412.12,411.16,411.84,326.141
2026-02-07T01:00:00+00:00,411.67,412.08,409.43,412.08,305.319
2026-02-07T02:00:00+00:00,412.0,412.0,411.42,411.69,21.612
2026-02-07T03:00:00+00:00,411.68,411.68,411.52,411.68,17.826
2026-02-07T04:00:00+00:00,411.68,412.18,411.67,412.18,146.259
2026-02-07T05:00:00+00:00,412.18,412.41,412.0,412.17,34.595
2026-02-07T06:00:00+00:00,412.17,412.31,411.5,411.81,43.953
2026-02-07T07:00:00+00:00,411.73,411.9,411.11,411.18,87.863
2026-02-07T08:00:00+00:00,411.18,411.19,410.82,410.94,103.216
2026-02-07T09:00:00+00:00,410.94,410.94,410.6,410.63,111.669
2026-02-07T10:00:00+00:00,410.65,410.76,410.47,410.47,167.765
2026-02-07T11:00:00+00:00,410.47,410.61,410.0,410.17,331.274
2026-02-07T12:00:00+00:00,410.17,411.0,410.17,410.71,251.686
2026-02-07T13:00:00+00:00,410.52,410.92,410.03,410.69,131.923
2026-02-07T14:00:00+00:00,410.65,410.98,410.6,410.78,301.792
2026-02-07T15:00:00+00:00,411.0,411.45,410.68,411.37,52.493
2026-02-07T16:00:00+00:00,411.29,411.41,410.16,410.83,215.622
2026-02-07T17:00:00+00:00,410.88,411.25,410.65,411.24,309.333
2026-02-07T18:00:00+00:00,411.24,411.25,411.17,411.25,40.808
2026-02-07T19:00:00+00:00,411.25,411.79,411.25,411.6,49.672
2026-02-07T20:00:00+00:00,411.68,411.98,411.68,411.98,26.366
2026-02-07T21:00:00+00:00,411.97,411.97,411.58,411.78,28.989
2026-02-07T22:00:00+00:00,411.86,411.98,411.59,411.73,27.781
2026-02-07T23:00:00+00:00,411.73,411.77,411.53,411.72,19.352
2026-02-08T00:00:00+00:00,411.7,411.74,411.43,411.66,11.577
2026-02-08T01:00:00+00:00,411.69,411.85,411.44,411.64,18.521
2026-02-08T02:00:00+00:00,411.71,411.74,411.4,411.56,75.124
2026-02-08T03:00:00+00:00,411.56,411.74,411.52,411.73,70.324
2026-02-08T04:00:00+00:00,411.74,411.74,411.54,411.68,100.774
2026-02-08T05:00:00+00:00,411.67,411.74,411.55,411.74,23.64
2026-02-08T06:00:00+00:00,411.74,411.74,411.55,411.68,110.88
2026-02-08T07:00:00+00:00,411.72,411.74,411.41,411.74,183.369
2026-02-08T08:00:00+00:00,411.74,412.5,411.64,411.91,65.463
2026-02-08T09:00:00+00:00,411.91,411.91,411.66,411.83,13.585
2026-02-08T10:00:00+00:00,411.83,411.93,411.78,411.84,18.468
2026-02-08T11:00:00+00:00,411.84,411.97,411.75,411.89,39.51
2026-02-08T12:00:00+00:00,411.89,412.0,411.85,411.99,11.8
2026-02-08T13:00:00+00:00,412.0,413.18,411.99,413.02,1307.754
2026-02-08T14:00:00+00:00,413.04,413.26,412.8,413.01,798.948
2026-02-08T15:00:00+00:00,413.0,413.6,412.71,412.99,786.089
2026-02-08T16:00:00+00:00,412.99,413.12,412.42,412.74,384.61
2026-02-08T17:00:00+00:00,412.96,413.15,412.92,413.01,23.876
2026-02-08T18:00:00+00:00,413.02,413.02,412.92,412.92,25.675
2026-02-08T19:00:00+00:00,412.92,412.96,412.85,412.96,145.148
2026-02-08T20:00:00+00:00,412.94,412.94,412.23,412.51,187.482
2026-02-08T21:00:00+00:00,412.43,412.67,412.05,412.44,162.924
2026-02-08T22:00:00+00:00,412.21,413.48,412.21,412.73,231.689
2026-02-08T23:00:00+00:00,412.85,414.42,412.73,413.23,231.794
2026-02-09T00:00:00+00:00,413.24,414.11,410.35,412.51,908.944
2026-02-09T01:00:00+00:00,412.47,415.2,411.89,414.03,1735.171
2026-02-09T02:00:00+00:00,413.85,414.35,413.38,413.89,277.337
2026-02-09T03:00:00+00:00,413.93,414.35,413.69,413.76,100.923
2026-02-09T04:00:00+00:00,413.9,414.3,413.74,413.78,54.721
2026-02-09T05:00:00+00:00,413.77,414.84,413.77,414.71,52.443
2026-02-09T06:00:00+00:00,414.66,414.66,413.97,414.18,42.669
2026-02-09T07:00:00+00:00,414.1,414.1,412.57,413.34,328.3
2026-02-09T08:00:00+00:00,413.26,414.94,413.26,413.92,192.396
2026-02-09T09:00:00+00:00,413.95,414.51,413.0,413.06,381.349
2026-02-09T10:00:00+00:00,413.17,413.17,408.56,409.75,363.877
2026-02-09T11:00:00+00:00,409.65,410.71,409.25,410.42,187.438
2026-02-09T12:00:00+00:00,410.45,411.01,409.04,410.14,260.57
2026-02-09T13:00:00+00:00,410.34,412.43,410.0,410.08,476.119
2026-02-09T14:00:00+00:00,410.15,413.59,407.26,409.68,6845.353
2026-02-09T15:00:00+00:00,409.56,418.68,409.29,418.05,5898.063
2026-02-09T16:00:00+00:00,418.31,420.88,417.62,420.43,1060.281
2026-02-09T17:00:00+00:00,420.43,421.3,419.69,419.69,1940.09
2026-02-09T18:00:00+00:00,419.7,419.91,417.84,419.52,2494.324
2026-02-09T19:00:00+00:00,419.56,421.06,419.47,420.19,2383.693
2026-02-09T20:00:00+00:00,420.07,420.51,416.38,417.27,3676.14
2026-02-09T21:00:00+00:00,417.45,417.78,416.45,417.63,438.53
2026-02-09T22:00:00+00:00,417.64,417.7,417.32,417.34,165.993
2026-02-09T23:00:00+00:00,417.34,418.47,417.29,417.85,524.844
2026-02-10T00:00:00+00:00,417.78,417.88,417.27,417.39,180.0
2026-02-10T01:00:00+00:00,417.43,417.66,416.64,417.21,820.493
2026-02-10T02:00:00+00:00,417.21,417.58,416.68,416.9,612.294
2026-02-10T03:00:00+00:00,416.94,416.94,416.1,416.79,670.362
2026-02-10T04:00:00+00:00,416.79,417.6,416.72,417.6,214.991
2026-02-10T05:00:00+00:00,417.6,417.69,416.8,417.63,569.44
2026-02-10T06:00:00+00:00,417.64,417.64,416.31,416.46,312.915
2026-02-10T07:00:00+00:00,416.5,417.51,416.5,416.98,490.662
2026-02-10T08:00:00+00:00,417.07,417.26,416.81,416.88,278.606
2026-02-10T09:00:00+00:00,416.88,419.26,416.8,418.05,1028.555
2026-02-10T10:00:00+00:00,418.05,418.4,417.87,418.05,211.781
2026-02-10T11:00:00+00:00,417.99,418.72,417.68,418.46,217.518
2026-02-10T12:00:00+00:00,418.52,421.08,418.52,419.8,495.941
2026-02-10T13:00:00+00:00,419.8,420.09,418.85,418.88,302.108
2026-02-10T14:00:00+00:00,418.96,425.5,417.38,422.37,8109.293
2026-02-10T15:00:00+00:00,422.16,425.34,420.09,424.98,4389.725
2026-02-10T16:00:00+00:00,425.01,425.19,420.79,423.71,2396.949
2026-02-10T17:00:00+00:00,423.84,427.45,422.94,425.23,2270.191
2026-02-10T18:00:00+00:00,425.23,426.14,422.52,424.51,1356.055
2026-02-10T19:00:00+00:00,424.65,426.05,423.94,425.83,2539.944
2026-02-10T20:00:00+00:00,425.83,427.1,423.75,425.1,4507.01
2026-02-10T21:00:00+00:00,425.22,426.2,424.69,425.49,1084.789
2026-02-10T22:00:00+00:00,425.62,425.7,424.45,424.72,933.84
2026-02-10T23:00:00+00:00,424.96,425.58,424.54,425.25,426.002
2026-02-11T00:00:00+00:00,425.29,426.0,425.05,425.8,349.227
2026-02-11T01:00:00+00:00,425.8,426.02,424.78,425.34,1198.768
2026-02-11T02:00:00+00:00,425.35,426.09,425.34,425.79,473.18
2026-02-11T03:00:00+00:00,425.79,426.24,425.49,426.18,334.861
2026-02-11T04:00:00+00:00,426.25,426.33,425.55,425.9,283.635
2026-02-11T05:00:00+00:00,425.86,426.12,425.05,425.54,429.643
2026-02-11T06:00:00+00:00,425.63,426.11,425.1,425.28,211.686
2026-02-11T07:00:00+00:00,425.19,425.46,424.27,425.27,559.922
2026-02-11T08:00:00+00:00,425.36,425.48,423.59,424.28,722.643
2026-02-11T09:00:00+00:00,424.3,425.11,423.46,423.52,431.177
2026-02-11T10:00:00+00:00,423.47,423.47,422.1,422.79,529.665
2026-02-11T11:00:00+00:00,422.77,423.88,422.77,423.29,222.184
2026-02-11T12:00:00+00:00,423.36,424.8,423.26,424.26,257.339
2026-02-11T13:00:00+00:00,424.35,428.17,423.36,427.8,1487.099
2026-02-11T14:00:00+00:00,427.72,436.3,426.53,431.4,11536.382
2026-02-11T15:00:00+00:00,431.24,431.99,420.08,424.03,7616.269
2026-02-11T16:00:00+00:00,424.19,427.03,423.4,423.58,3217.461
2026-02-11T17:00:00+00:00,423.55,426.23,422.12,423.48,2751.834
2026-02-11T18:00:00+00:00,423.61,425.78,422.24,425.34,2747.017
2026-02-11T19:00:00+00:00,425.52,427.63,424.69,426.83,2020.65
2026-02-11T20:00:00+00:00,426.8,429.08,425.45,428.19,1798.104
2026-02-11T21:00:00+00:00,428.11,428.51,427.74,428.0,659.513
2026-02-11T22:00:00+00:00,428.0,428.01,427.5,427.84,381.344
2026-02-11T23:00:00+00:00,427.77,427.86,427.14,427.32,114.944
2026-02-12T00:00:00+00:00,427.23,427.67,426.95,427.48,515.333
2026-02-12T01:00:00+00:00,427.45,428.25,425.93,427.6,686.507
2026-02-12T02:00:00+00:00,427.42,427.8,427.12,427.67,112.431
2026-02-12T03:00:00+00:00,427.64,428.49,427.47,428.35,129.173
2026-02-12T04:00:00+00:00,428.34,428.8,427.97,428.26,257.087
2026-02-12T05:00:00+00:00,428.28,428.82,428.28,428.7,104.049
2026-02-12T06:00:00+00:00,428.76,428.9,428.17,428.45,368.554
2026-02-12T07:00:00+00:00,428.43,429.2,428.42,428.69,264.622
2026-02-12T08:00:00+00:00,428.73,429.51,428.7,429.34,424.812
2026-02-12T09:00:00+00:00,429.19,429.62,428.37,429.02,394.329
2026-02-12T10:00:00+00:00,429.12,429.47,428.86,429.15,129.572
2026-02-12T11:00:00+00:00,429.18,429.67,429.18,429.47,218.209
2026-02-12T12:00:00+00:00,429.49,431.29,429.49,430.18,258.339
2026-02-12T13:00:00+00:00,430.15,431.54,429.62,431.11,277.709
2026-02-12T14:00:00+00:00,431.09,436.1,428.1,428.56,7889.873
2026-02-12T15:00:00+00:00,428.41,430.94,424.49,424.95,6276.31
2026-02-12T16:00:00+00:00,425.0,425.34,417.92,418.55,7517.614
2026-02-12T17:00:00+00:00,418.61,419.91,414.61,414.72,4134.916
2026-02-12T18:00:00+00:00,414.55,417.7,414.14,416.49,3358.279
2026-02-12T19:00:00+00:00,416.72,416.94,414.39,415.39,2592.472
2026-02-12T20:00:00+00:00,415.35,417.3,414.65,416.92,1959.948
2026-02-12T21:00:00+00:00,416.92,418.06,416.53,418.03,501.874
2026-02-12T22:00:00+00:00,417.84,417.84,417.17,417.57,222.878
2026-02-12T23:00:00+00:00,417.42,417.9,415.74,416.1,1035.027
2026-02-13T00:00:00+00:00,416.2,417.11,414.53,414.89,1177.375
2026-02-13T01:00:00+00:00,414.7,417.89,414.7,416.73,624.838
2026-02-13T02:00:00+00:00,416.73,417.73,416.73,417.03,301.914
2026-02-13T03:00:00+00:00,417.0,417.43,415.78,416.23,379.218
2026-02-13T04:00:00+00:00,416.23,417.35,416.01,416.26,137.971
2026-02-13T05:00:00+00:00,416.28,416.35,414.53,415.19,464.915
2026-02-13T06:00:00+00:00,415.2,415.49,412.71,414.48,584.09
2026-02-13T07:00:00+00:00,414.44,416.42,414.35,415.63,242.5
2026-02-13T08:00:00+00:00,415.71,417.52,414.97,416.73,864.224
2026-02-13T09:00:00+00:00,416.88,416.88,415.19,415.65,930.65
2026-02-13T10:00:00+00:00,415.62,416.01,415.33,415.44,147.354
2026-02-13T11:00:00+00:00,415.3,415.3,413.12,414.63,799.721
2026-02-13T12:00:00+00:00,414.63,414.68,413.0,413.56,561.76
2026-02-13T13:00:00+00:00,413.58,417.5,413.08,417.05,2228.418
2026-02-13T14:00:00+00:00,417.04,418.73,411.01,413.6,8591.893
2026-02-13T15:00:00+00:00,413.55,418.18,412.05,415.48,7554.949
2026-02-13T16:00:00+00:00,415.54,419.75,414.84,419.39,8761.201
2026-02-13T17:00:00+00:00,419.4,421.21,419.01,419.15,3698.866
2026-02-13T18:00:00+00:00,419.35,424.3,418.76,421.63,6590.59
2026-02-13T19:00:00+00:00,421.43,422.3,419.33,419.45,2882.377
2026-02-13T20:00:00+00:00,419.53,419.96,416.52,417.58,1940.842
2026-02-13T21:00:00+00:00,417.45,417.68,415.69,417.15,734.812
2026-02-13T22:00:00+00:00,417.16,417.78,417.1,417.52,193.431
2026-02-13T23:00:00+00:00,417.6,417.61,415.66,416.41,2965.088
2026-02-14T00:00:00+00:00,416.42,417.09,415.97,416.99,869.54
2026-02-14T01:00:00+00:00,416.98,417.55,416.42,417.53,437.964
2026-02-14T02:00:00+00:00,417.53,417.55,416.83,416.88,150.544
2026-02-14T03:00:00+00:00,416.88,417.37,416.87,417.31,137.766
2026-02-14T04:00:00+00:00,417.31,417.37,417.01,417.33,59.729
2026-02-14T05:00:00+00:00,417.31,417.38,417.02,417.31,63.181
2026-02-14T06:00:00+00:00,417.3,417.52,417.15,417.52,113.299
2026-02-14T07:00:00+00:00,417.48,417.62,417.06,417.31,500.942
2026-02-14T08:00:00+00:00,417.32,417.99,417.17,417.91,508.051
2026-02-14T09:00:00+00:00,417.91,418.05,417.49,418.01,306.523
2026-02-14T10:00:00+00:00,418.01,418.01,417.64,417.69,220.025
2026-02-14T11:00:00+00:00,417.69,419.13,417.69,418.25,527.532
2026-02-14T12:00:00+00:00,418.24,418.53,417.53,417.98,445.547
2026-02-14T13:00:00+00:00,417.98,418.22,417.64,417.9,220.884
2026-02-14T14:00:00+00:00,417.91,418.22,417.5,417.79,149.743
2026-02-14T15:00:00+00:00,417.75,418.16,417.5,417.7,115.165
2026-02-14T16:00:00+00:00,417.7,417.78,417.31,417.52,96.474
2026-02-14T17:00:00+00:00,417.52,417.79,416.97,417.64,169.424
2026-02-14T18:00:00+00:00,417.57,417.79,417.47,417.63,37.887
2026-02-14T19:00:00+00:00,417.67,418.07,417.53,417.54,112.196
2026-02-14T20:00:00+00:00,417.79,418.06,417.74,417.89,39.716
2026-02-14T21:00:00+00:00,417.9,417.97,417.51,417.73,84.465
2026-02-14T22:00:00+00:00,417.82,418.17,417.69,417.95,62.33
2026-02-14T23:00:00+00:00,418.05,418.18,417.59,417.83,117.42
2026-02-15T00:00:00+00:00,417.86,418.0,417.75,418.0,24.8
2026-02-15T01:00:00+00:00,417.93,418.02,417.57,417.83,45.053
2026-02-15T02:00:00+00:00,417.79,417.88,417.47,417.59,59.753
2026-02-15T03:00:00+00:00,417.6,417.92,417.22,417.56,193.3
2026-02-15T04:00:00+00:00,417.58,417.81,417.25,417.57,140.87
2026-02-15T05:00:00+00:00,417.52,418.46,417.51,417.63,186.986
2026-02-15T06:00:00+00:00,417.64,417.85,417.43,417.43,74.657
2026-02-15T07:00:00+00:00,417.49,417.86,417.4,417.59,118.52
2026-02-15T08:00:00+00:00,417.6,417.82,417.22,417.23,164.037
2026-02-15T09:00:00+00:00,417.31,417.57,417.24,417.5,219.837
2026-02-15T10:00:00+00:00,417.51,417.71,417.31,417.4,97.948
2026-02-15T11:00:00+00:00,417.38,417.83,417.36,417.62,64.288
2026-02-15T12:00:00+00:00,417.61,417.61,417.23,417.44,84.568
2026-02-15T13:00:00+00:00,417.49,417.5,417.27,417.36,66.778
2026-02-15T14:00:00+00:00,417.36,417.4,416.94,417.12,93.77
2026-02-15T15:00:00+00:00,417.2,417.36,417.03,417.36,79.891
2026-02-15T16:00:00+00:00,417.34,417.45,417.01,417.35,100.022
2026-02-15T17:00:00+00:00,417.31,417.45,416.9,417.17,104.022
2026-02-15T18:00:00+00:00,417.1,417.27,416.89,417.02,162.914
2026-02-15T19:00:00+00:00,417.02,417.35,416.33,417.22,515.434
2026-02-15T20:00:00+00:00,417.29,418.0,416.43,417.6,1007.852
2026-02-15T21:00:00+00:00,417.36,417.76,416.84,417.43,263.507
2026-02-15T22:00:00+00:00,417.42,417.84,417.14,417.19,298.758
2026-02-15T23:00:00+00:00,417.27,417.46,416.75,417.14,340.093
2026-02-16T00:00:00+00:00,417.2,418.32,417.2,418.1,1035.669
2026-02-16T01:00:00+00:00,418.13,418.38,417.63,417.94,314.606
2026-02-16T02:00:00+00:00,417.94,418.3,417.55,417.92,558.659
2026-02-16T03:00:00+00:00,417.92,418.29,417.84,418.13,140.058
2026-02-16T04:00:00+00:00,418.15,418.29,417.96,418.0,102.218
2026-02-16T05:00:00+00:00,418.0,418.03,417.39,417.96,148.181
2026-02-16T06:00:00+00:00,417.96,418.3,417.76,418.23,139.135
2026-02-16T07:00:00+00:00,418.23,418.82,417.91,418.3,362.585
2026-02-16T08:00:00+00:00,418.29,419.09,418.15,418.6,543.718
2026-02-16T09:00:00+00:00,418.6,419.19,418.23,418.59,413.834
2026-02-16T10:00:00+00:00,418.59,418.9,418.19,418.29,170.706
2026-02-16T11:00:00+00:00,418.28,418.59,417.53,418.34,290.045
2026-02-16T12:00:00+00:00,418.27,418.67,417.91,418.53,53.89
2026-02-16T13:00:00+00:00,418.45,418.57,417.58,417.78,83.512
2026-02-16T14:00:00+00:00,417.77,417.77,416.83,417.42,679.052
2026-02-16T15:00:00+00:00,417.42,417.55,416.17,416.7,629.977
2026-02-16T16:00:00+00:00,416.66,416.98,416.34,416.89,227.42
2026-02-16T17:00:00+00:00,416.92,417.4,416.75,417.07,194.247
2026-02-16T18:00:00+00:00,417.07,417.1,416.68,416.87,66.771
2026-02-16T19:00:00+00:00,416.86,416.86,416.69,416.79,184.279
2026-02-16T20:00:00+00:00,416.79,416.8,416.39,416.8,129.716
2026-02-16T21:00:00+00:00,416.79,416.87,416.54,416.8,145.2
2026-02-16T22:00:00+00:00,416.8,417.39,416.8,417.2,81.519
2026-02-16T23:00:00+00:00,417.21,417.89,416.69,417.81,384.947
2026-02-17T00:00:00+00:00,417.82,418.46,417.13,417.68,237.636
2026-02-17T01:00:00+00:00,417.7,419.31,415.33,415.68,808.662
2026-02-17T02:00:00+00:00,415.72,416.23,414.16,415.39,805.513
2026-02-17T03:00:00+00:00,415.4,415.4,413.18,414.2,1346.897
2026-02-17T04:00:00+00:00,414.2,414.62,413.76,414.49,650.623
2026-02-17T05:00:00+00:00,414.49,414.49,412.82,413.27,557.097
2026-02-17T06:00:00+00:00,413.2,414.75,413.16,414.52,398.339
2026-02-17T07:00:00+00:00,414.44,414.65,413.4,414.39,369.685
2026-02-17T08:00:00+00:00,414.43,415.64,414.34,414.69,514.546
2026-02-17T09:00:00+00:00,414.69,415.54,414.06,414.08,772.888
2026-02-17T10:00:00+00:00,414.11,414.28,412.16,412.36,734.512
2026-02-17T11:00:00+00:00,412.45,412.93,410.92,412.93,619.008
2026-02-17T12:00:00+00:00,412.8,413.64,411.96,411.96,280.363
2026-02-17T13:00:00+00:00,411.81,413.37,410.09,412.19,1988.198
2026-02-17T14:00:00+00:00,412.24,413.43,402.59,403.0,8596.005
2026-02-17T15:00:00+00:00,402.9,405.28,400.39,404.46,8609.154
2026-02-17T16:00:00+00:00,404.47,409.54,404.4,407.53,4958.724
2026-02-17T17:00:00+00:00,407.49,407.51,403.41,405.32,2472.404
2026-02-17T18:00:00+00:00,405.37,412.51,404.53,412.38,3276.678
2026-02-17T19:00:00+00:00,412.43,413.09,410.82,410.92,2702.551
2026-02-17T20:00:00+00:00,410.92,411.76,409.47,410.52,1683.444
2026-02-17T21:00:00+00:00,410.51,411.16,409.66,410.2,266.835
2026-02-17T22:00:00+00:00,410.23,410.26,409.85,410.0,72.873
2026-02-17T23:00:00+00:00,409.99,409.99,409.06,409.08,136.475
2026-02-18T00:00:00+00:00,409.11,409.94,409.03,409.2,243.175
2026-02-18T01:00:00+00:00,409.15,410.77,408.8,410.58,488.502
2026-02-18T02:00:00+00:00,410.58,411.94,410.32,410.8,353.844
2026-02-18T03:00:00+00:00,410.81,411.99,410.67,411.83,165.183
2026-02-18T04:00:00+00:00,411.81,412.6,411.57,412.26,107.878
2026-02-18T05:00:00+00:00,412.3,412.54,412.18,412.36,63.252
2026-02-18T06:00:00+00:00,412.33,412.44,411.76,412.11,115.615
2026-02-18T07:00:00+00:00,412.03,412.34,411.67,412.22,165.944
2026-02-18T08:00:00+00:00,412.3,413.67,412.29,413.27,161.931
2026-02-18T09:00:00+00:00,413.3,414.12,412.73,413.78,170.052
2026-02-18T10:00:00+00:00,413.62,414.91,413.49,414.04,755.183
2026-02-18T11:00:00+00:00,414.03,414.36,412.85,413.07,717.565
2026-02-18T12:00:00+00:00,413.16,413.99,411.87,412.5,385.495
2026-02-18T13:00:00+00:00,412.62,412.79,410.53,410.86,505.652
2026-02-18T14:00:00+00:00,410.89,413.92,409.75,412.45,7432.834
2026-02-18T15:00:00+00:00,412.55,415.55,411.26,415.22,5894.549
2026-02-18T16:00:00+00:00,415.26,416.21,413.71,413.71,1366.237
2026-02-18T17:00:00+00:00,413.91,416.48,413.72,415.99,723.89
2026-02-18T18:00:00+00:00,416.06,416.65,412.43,413.32,2042.21
2026-02-18T19:00:00+00:00,413.29,413.8,409.74,410.08,1442.12
2026-02-18T20:00:00+00:00,410.15,411.9,409.84,411.19,1926.324
2026-02-18T21:00:00+00:00,411.17,411.17,409.89,410.03,287.352
2026-02-18T22:00:00+00:00,410.16,410.99,410.12,410.81,441.459
2026-02-18T23:00:00+00:00,410.82,411.07,410.12,410.52,608.615
2026-02-19T00:00:00+00:00,410.47,410.54,410.08,410.17,627.871
2026-02-19T01:00:00+00:00,410.17,411.28,410.16,411.03,294.971
2026-02-19T02:00:00+00:00,411.04,411.17,410.75,410.86,208.119
2026-02-19T03:00:00+00:00,410.87,411.35,410.83,411.35,111.595
2026-02-19T04:00:00+00:00,411.33,411.63,410.99,411.17,211.898
2026-02-19T05:00:00+00:00,411.18,411.63,410.83,411.09,396.557
2026-02-19T06:00:00+00:00,411.09,411.75,410.88,411.71,286.506
2026-02-19T07:00:00+00:00,411.7,412.44,411.62,411.93,309.527
2026-02-19T08:00:00+00:00,411.94,412.27,410.79,410.79,342.529
2026-02-19T09:00:00+00:00,410.79,411.22,408.59,409.31,499.988
2026-02-19T10:00:00+00:00,409.31,409.32,407.33,408.0,599.578
2026-02-19T11:00:00+00:00,408.0,408.76,407.3,408.43,353.895
2026-02-19T12:00:00+00:00,408.48,408.65,407.17,407.79,333.002
2026-02-19T13:00:00+00:00,407.81,408.14,406.97,407.48,538.592
2026-02-19T14:00:00+00:00,407.44,409.38,403.98,408.44,5244.241
2026-02-19T15:00:00+00:00,408.36,412.78,408.06,412.76,5638.08
2026-02-19T16:00:00+00:00,412.77,414.83,411.1,412.84,8779.028
2026-02-19T17:00:00+00:00,412.85,415.23,409.26,409.54,5237.902
2026-02-19T18:00:00+00:00,409.41,410.71,408.52,410.71,1929.822
2026-02-19T19:00:00+00:00,410.72,410.96,408.43,409.8,2073.625
2026-02-19T20:00:00+00:00,409.78,411.73,409.72,411.54,2183.672
2026-02-19T21:00:00+00:00,411.53,411.77,411.07,411.48,218.816
2026-02-19T22:00:00+00:00,411.44,411.62,410.96,410.96,414.761
2026-02-19T23:00:00+00:00,411.08,411.58,410.96,411.21,204.164
2026-02-20T00:00:00+00:00,411.27,411.93,411.14,411.75,172.458
2026-02-20T01:00:00+00:00,411.67,413.76,411.54,412.33,426.296
2026-02-20T02:00:00+00:00,412.33,412.77,411.91,411.93,114.868
2026-02-20T03:00:00+00:00,411.99,412.18,411.9,411.95,57.481
2026-02-20T04:00:00+00:00,411.83,412.11,411.78,412.01,55.538
2026-02-20T05:00:00+00:00,412.01,412.23,412.0,412.22,53.494
2026-02-20T06:00:00+00:00,412.25,412.59,412.25,412.59,187.152
2026-02-20T07:00:00+00:00,412.53,412.99,412.31,412.32,328.699
2026-02-20T08:00:00+00:00,412.32,412.83,412.03,412.83,251.287
2026-02-20T09:00:00+00:00,412.85,413.15,412.33,412.39,304.937
2026-02-20T10:00:00+00:00,412.39,412.61,411.99,412.17,269.634
2026-02-20T11:00:00+00:00,412.08,412.08,410.21,410.63,732.317
2026-02-20T12:00:00+00:00,410.58,411.42,410.11,411.06,241.62
2026-02-20T13:00:00+00:00,411.05,411.8,408.39,409.13,922.721
2026-02-20T14:00:00+00:00,409.04,410.62,405.42,408.17,4763.251
2026-02-20T15:00:00+00:00,408.3,413.49,407.08,413.14,7701.792
2026-02-20T16:00:00+00:00,413.26,414.56,409.09,410.86,3894.474
2026-02-20T17:00:00+00:00,411.06,411.06,405.83,409.54,4112.263
2026-02-20T18:00:00+00:00,409.54,413.5,408.69,413.22,3444.8
2026-02-20T19:00:00+00:00,413.18,413.65,409.59,409.75,677.648
2026-02-20T20:00:00+00:00,409.65,412.16,409.46,411.91,1346.7
2026-02-20T21:00:00+00:00,411.8,411.99,410.76,411.11,543.683
2026-02-20T22:00:00+00:00,411.09,411.32,410.96,411.2,289.719
2026-02-20T23:00:00+00:00,411.13,411.33,410.91,411.32,286.986
2026-02-21T00:00:00+00:00,411.31,411.5,411.05,411.21,402.744
2026-02-21T01:00:00+00:00,411.13,412.03,410.89,411.44,327.997
2026-02-21T02:00:00+00:00,411.43,411.49,411.07,411.32,202.594
2026-02-21T03:00:00+00:00,411.2,411.31,410.98,411.14,151.19
2026-02-21T04:00:00+00:00,411.16,411.35,410.88,411.11,147.836
2026-02-21T05:00:00+00:00,411.07,411.46,411.04,411.31,104.776
2026-02-21T06:00:00+00:00,411.25,411.45,411.0,411.16,76.674
2026-02-21T07:00:00+00:00,411.12,411.48,410.94,411.11,160.37
2026-02-21T08:00:00+00:00,411.08,411.24,410.87,411.22,150.017
2026-02-21T09:00:00+00:00,411.17,411.23,410.81,411.12,120.702
2026-02-21T10:00:00+00:00,411.09,413.07,410.93,411.35,413.579
2026-02-21T11:00:00+00:00,411.3,411.38,411.05,411.37,92.708
2026-02-21T12:00:00+00:00,411.35,411.41,411.05,411.25,74.529
2026-02-21T13:00:00+00:00,411.25,411.42,411.06,411.27,106.072
2026-02-21T14:00:00+00:00,411.26,411.43,411.07,411.41,51.561
2026-02-21T15:00:00+00:00,411.33,411.59,411.12,411.45,50.291
2026-02-21T16:00:00+00:00,411.41,411.57,411.17,411.33,134.671
2026-02-21T17:00:00+00:00,411.33,411.42,411.23,411.41,33.419
2026-02-21T18:00:00+00:00,411.31,411.42,411.23,411.36,30.894
2026-02-21T19:00:00+00:00,411.27,411.42,411.2,411.21,9.227
2026-02-21T20:00:00+00:00,411.24,411.42,410.89,411.05,85.512
2026-02-21T21:00:00+00:00,411.1,411.32,411.03,411.29,32.313
2026-02-21T22:00:00+00:00,411.3,411.42,409.24,410.88,293.727
2026-02-21T23:00:00+00:00,410.88,411.14,410.75,410.89,96.446
2026-02-22T00:00:00+00:00,410.9,411.02,410.78,410.8,33.917
2026-02-22T01:00:00+00:00,410.88,411.0,410.73,410.88,45.11
2026-02-22T02:00:00+00:00,410.95,411.0,410.76,410.92,100.127
2026-02-22T03:00:00+00:00,410.87,411.23,410.81,411.02,125.469
2026-02-22T04:00:00+00:00,411.03,411.24,410.89,410.98,99.067
2026-02-22T05:00:00+00:00,410.99,411.0,410.92,410.93,85.294
2026-02-22T06:00:00+00:00,410.94,411.06,410.79,410.96,118.363
2026-02-22T07:00:00+00:00,410.86,411.02,410.67,410.79,123.441
2026-02-22T08:00:00+00:00,410.83,410.95,410.63,410.69,152.081
2026-02-22T09:00:00+00:00,410.8,410.96,410.46,410.91,204.433
2026-02-22T10:00:00+00:00,410.91,411.03,410.81,410.93,155.835
2026-02-22T11:00:00+00:00,410.93,411.17,410.9,411.15,127.255
2026-02-22T12:00:00+00:00,411.11,411.11,410.87,411.01,107.477
2026-02-22T13:00:00+00:00,410.91,411.2,410.91,411.02,73.026
2026-02-22T14:00:00+00:00,411.0,411.06,410.8,410.8,28.712
2026-02-22T15:00:00+00:00,410.8,410.96,410.57,410.89,221.518
2026-02-22T16:00:00+00:00,410.9,410.9,410.45,410.56,80.447
2026-02-22T17:00:00+00:00,410.56,410.79,410.39,410.61,116.331
2026-02-22T18:00:00+00:00,410.62,410.69,410.26,410.44,207.671
2026-02-22T19:00:00+00:00,410.45,411.05,410.11,410.68,270.382
2026-02-22T20:00:00+00:00,410.68,410.68,410.52,410.67,23.575
2026-02-22T21:00:00+00:00,410.64,410.96,410.25,410.58,102.598
2026-02-22T22:00:00+00:00,410.61,410.67,410.23,410.52,109.964
2026-02-22T23:00:00+00:00,410.46,411.12,409.28,410.34,683.653
2026-02-23T00:00:00+00:00,409.49,410.5,407.66,407.66,1226.57
2026-02-23T01:00:00+00:00,407.55,408.36,406.07,406.87,1847.03
2026-02-23T02:00:00+00:00,406.87,407.0,406.26,406.96,651.921
2026-02-23T03:00:00+00:00,406.98,407.5,406.44,406.86,487.157
2026-02-23T04:00:00+00:00,406.81,406.93,406.44,406.55,250.249
2026-02-23T05:00:00+00:00,406.55,407.12,406.3,407.03,334.878
2026-02-23T06:00:00+00:00,407.03,407.35,406.82,407.02,195.079
2026-02-23T07:00:00+00:00,407.01,407.93,407.01,407.6,399.9
2026-02-23T08:00:00+00:00,407.67,407.71,406.4,407.64,769.721
2026-02-23T09:00:00+00:00,407.64,409.36,407.64,408.91,569.187
2026-02-23T10:00:00+00:00,408.84,408.98,406.67,408.14,1221.707
2026-02-23T11:00:00+00:00,408.11,408.72,407.37,407.72,847.922
2026-02-23T12:00:00+00:00,407.77,408.44,407.54,407.74,558.563
2026-02-23T13:00:00+00:00,407.78,408.01,406.91,407.34,341.614
2026-02-23T14:00:00+00:00,407.33,407.79,402.41,402.75,2998.636
2026-02-23T15:00:00+00:00,402.54,404.93,400.38,400.84,2319.238
2026-02-23T16:00:00+00:00,400.97,401.24,396.65,398.36,3526.604
2026-02-23T17:00:00+00:00,398.19,398.88,394.3,395.16,2167.443
2026-02-23T18:00:00+00:00,395.03,396.82,394.24,394.46,1726.902
2026-02-23T19:00:00+00:00,394.49,396.04,394.1,395.39,1011.488
2026-02-23T20:00:00+00:00,395.27,400.03,394.56,400.02,2239.719
2026-02-23T21:00:00+00:00,399.9,400.4,399.28,399.58,1024.299
2026-02-23T22:00:00+00:00,399.59,400.02,399.59,399.89,93.518
2026-02-23T23:00:00+00:00,399.88,400.14,399.16,399.17,449.257
2026-02-24T00:00:00+00:00,399.32,399.85,398.98,399.68,213.77
2026-02-24T01:00:00+00:00,399.61,400.28,399.22,399.55,418.831
2026-02-24T02:00:00+00:00,399.56,400.92,399.56,400.77,500.27
2026-02-24T03:00:00+00:00,400.69,400.75,400.15,400.52,188.841
2026-02-24T04:00:00+00:00,400.51,400.69,399.97,400.19,401.168
2026-02-24T05:00:00+00:00,400.24,400.38,399.32,399.52,169.5
2026-02-24T06:00:00+00:00,399.6,400.05,399.53,399.98,150.527
2026-02-24T07:00:00+00:00,400.06,400.51,399.91,400.21,62.884
2026-02-24T08:00:00+00:00,400.11,400.11,398.21,398.64,174.199
2026-02-24T09:00:00+00:00,398.65,399.55,398.24,398.79,295.98
2026-02-24T10:00:00+00:00,398.79,399.08,397.2,397.75,187.437
2026-02-24T11:00:00+00:00,397.8,397.83,396.68,397.58,94.856
2026-02-24T12:00:00+00:00,397.67,398.86,396.98,397.24,681.183
2026-02-24T13:00:00+00:00,397.5,399.01,397.5,398.95,98.113
2026-02-24T14:00:00+00:00,398.73,403.52,397.83,402.59,4163.317
2026-02-24T15:00:00+00:00,402.48,407.6,401.21,404.6,3307.906
2026-02-24T16:00:00+00:00,404.63,405.7,402.34,404.65,1970.322
2026-02-24T17:00:00+00:00,404.61,405.62,403.8,404.76,640.885
2026-02-24T18:00:00+00:00,404.84,406.77,404.84,406.68,1683.908
2026-02-24T19:00:00+00:00,406.63,409.52,406.58,408.79,1780.681
2026-02-24T20:00:00+00:00,408.74,410.79,408.14,409.34,1694.444
2026-02-24T21:00:00+00:00,409.47,409.66,409.01,409.09,277.987
2026-02-24T22:00:00+00:00,409.09,409.27,408.9,408.92,420.028
2026-02-24T23:00:00+00:00,408.92,409.07,408.83,409.0,156.467
2026-02-25T00:00:00+00:00,408.95,409.36,408.55,409.36,138.363
2026-02-25T01:00:00+00:00,409.47,410.18,409.0,409.97,229.757
2026-02-25T02:00:00+00:00,409.9,410.24,409.74,410.07,149.816
2026-02-25T03:00:00+00:00,410.01,410.12,409.16,409.33,357.094
2026-02-25T04:00:00+00:00,409.37,409.65,409.22,409.45,87.697
2026-02-25T05:00:00+00:00,409.46,409.78,409.31,409.61,627.793
2026-02-25T06:00:00+00:00,409.63,409.78,409.12,409.37,97.302
2026-02-25T07:00:00+00:00,409.43,409.47,408.77,408.84,173.696
2026-02-25T08:00:00+00:00,408.89,409.69,408.89,409.48,171.828
2026-02-25T09:00:00+00:00,409.5,409.72,409.02,409.34,283.628
2026-02-25T10:00:00+00:00,409.34,409.41,408.54,408.74,211.041
2026-02-25T11:00:00+00:00,408.74,409.59,408.52,409.59,114.102
2026-02-25T12:00:00+00:00,409.4,411.35,409.29,410.7,787.637
2026-02-25T13:00:00+00:00,410.57,411.33,410.41,410.97,175.919
2026-02-25T14:00:00+00:00,410.97,420.35,410.7,415.62,4819.186
2026-02-25T15:00:00+00:00,415.73,416.29,413.61,415.36,1446.969
2026-02-25T16:00:00+00:00,415.48,415.54,413.3,414.58,693.689
2026-02-25T17:00:00+00:00,414.63,417.01,413.97,415.26,4301.577
2026-02-25T18:00:00+00:00,415.28,416.38,414.31,415.91,614.162
2026-02-25T19:00:00+00:00,415.84,416.64,415.54,416.06,572.794
2026-02-25T20:00:00+00:00,415.91,417.74,414.94,417.48,1672.559
2026-02-25T21:00:00+00:00,417.43,418.49,416.56,417.09,1796.185
2026-02-25T22:00:00+00:00,417.07,417.18,415.78,415.97,870.995
2026-02-25T23:00:00+00:00,415.98,416.67,414.67,415.18,621.503
2026-02-26T00:00:00+00:00,415.2,415.7,414.75,415.01,257.552
2026-02-26T01:00:00+00:00,414.94,415.48,414.37,415.06,424.818
2026-02-26T02:00:00+00:00,415.05,415.06,414.36,414.56,171.025
2026-02-26T03:00:00+00:00,414.62,415.08,414.41,414.77,90.657
2026-02-26T04:00:00+00:00,414.77,414.87,414.56,414.7,102.873
2026-02-26T05:00:00+00:00,414.66,414.83,414.48,414.76,75.383
2026-02-26T06:00:00+00:00,414.76,415.62,414.68,414.87,390.317
2026-02-26T07:00:00+00:00,414.87,415.67,414.87,415.05,860.926
2026-02-26T08:00:00+00:00,415.02,415.5,414.89,415.2,106.835
2026-02-26T09:00:00+00:00,415.2,415.8,414.66,415.33,306.453
2026-02-26T10:00:00+00:00,415.26,415.38,414.45,414.94,286.507
2026-02-26T11:00:00+00:00,414.93,414.98,414.27,414.76,84.242
2026-02-26T12:00:00+00:00,414.71,415.35,414.71,415.13,190.839
2026-02-26T13:00:00+00:00,415.18,415.63,414.75,415.06,125.188
2026-02-26T14:00:00+00:00,415.13,416.51,410.39,413.08,2401.228
2026-02-26T15:00:00+00:00,413.22,413.86,404.99,409.32,2271.966
2026-02-26T16:00:00+00:00,409.49,410.1,404.32,404.71,1454.659
2026-02-26T17:00:00+00:00,404.76,406.37,403.66,404.57,4038.494
2026-02-26T18:00:00+00:00,404.68,407.72,404.13,407.3,568.985
2026-02-26T19:00:00+00:00,407.23,409.39,407.15,407.55,717.039
2026-02-26T20:00:00+00:00,408.07,409.18,407.15,408.5,1733.568
2026-02-26T21:00:00+00:00,408.61,408.85,407.44,407.55,465.034
2026-02-26T22:00:00+00:00,407.53,407.65,406.98,407.31,219.847
2026-02-26T23:00:00+00:00,407.28,407.37,406.65,406.76,474.851
2026-02-27T00:00:00+00:00,406.85,406.98,406.44,406.74,194.482
2026-02-27T01:00:00+00:00,407.08,407.4,406.69,406.88,216.498
2026-02-27T02:00:00+00:00,406.85,407.17,406.6,406.96,45.428
2026-02-27T03:00:00+00:00,406.98,407.15,406.2,406.89,466.295
2026-02-27T04:00:00+00:00,406.89,407.19,406.6,407.01,202.595
2026-02-27T05:00:00+00:00,407.07,407.7,407.07,407.33,141.124
2026-02-27T06:00:00+00:00,407.3,407.5,406.76,407.26,117.879
2026-02-27T07:00:00+00:00,407.26,408.27,407.26,408.25,152.657
2026-02-27T08:00:00+00:00,408.23,408.86,407.73,408.33,478.385
2026-02-27T09:00:00+00:00,408.39,409.4,408.29,408.59,482.127
2026-02-27T10:00:00+00:00,408.43,408.43,407.29,407.7,159.319
2026-02-27T11:00:00+00:00,407.71,408.12,406.43,406.81,237.966
2026-02-27T12:00:00+00:00,406.94,407.55,405.45,405.75,849.42
2026-02-27T13:00:00+00:00,406.06,406.27,403.0,404.46,843.952
2026-02-27T14:00:00+00:00,404.65,405.36,400.78,403.2,2988.611
2026-02-27T15:00:00+00:00,403.28,407.09,402.84,403.2,2524.306
2026-02-27T16:00:00+00:00,403.19,403.79,400.86,402.07,1382.736
2026-02-27T17:00:00+00:00,402.11,403.07,399.12,399.75,1461.546
2026-02-27T18:00:00+00:00,399.77,400.4,398.2,398.61,1417.022
2026-02-27T19:00:00+00:00,398.82,400.46,398.78,398.93,945.889
2026-02-27T20:00:00+00:00,398.91,403.16,398.79,402.47,2238.575
2026-02-27T21:00:00+00:00,402.43,402.73,402.28,402.43,539.759
2026-02-27T22:00:00+00:00,402.44,402.45,401.57,401.57,896.859
2026-02-27T23:00:00+00:00,401.56,401.89,401.49,401.6,203.011
2026-02-28T00:00:00+00:00,401.59,401.81,401.54,401.71,185.385
2026-02-28T01:00:00+00:00,401.68,401.7,401.19,401.28,466.254
2026-02-28T02:00:00+00:00,401.3,401.67,401.18,401.34,730.803
2026-02-28T03:00:00+00:00,401.44,402.35,401.44,401.56,1061.491
2026-02-28T04:00:00+00:00,401.54,401.58,401.18,401.31,137.479
2026-02-28T05:00:00+00:00,401.28,401.53,401.08,401.15,323.746
2026-02-28T06:00:00+00:00,401.15,401.17,399.86,400.08,3404.143
2026-02-28T07:00:00+00:00,400.08,400.17,398.88,399.33,2055.121
2026-02-28T08:00:00+00:00,399.23,399.44,398.05,399.18,1540.562
2026-02-28T09:00:00+00:00,399.2,399.25,397.98,398.15,622.099
2026-02-28T10:00:00+00:00,398.15,398.25,397.4,398.02,314.106
2026-02-28T11:00:00+00:00,397.99,398.06,397.11,397.76,453.484
2026-02-28T12:00:00+00:00,397.76,397.91,397.35,397.87,142.631
2026-02-28T13:00:00+00:00,397.92,399.88,397.47,399.4,1819.081
2026-02-28T14:00:00+00:00,399.4,400.69,398.4,398.41,286.425
2026-02-28T15:00:00+00:00,398.4,399.69,398.29,399.16,269.424
2026-02-28T16:00:00+00:00,399.13,399.47,398.57,398.82,264.482
2026-02-28T17:00:00+00:00,398.83,400.01,398.83,399.79,251.278
2026-02-28T18:00:00+00:00,399.75,399.76,399.21,399.32,280.385
2026-02-28T19:00:00+00:00,399.33,400.77,399.27,399.93,312.542
2026-02-28T20:00:00+00:00,399.77,403.26,399.73,402.27,2215.608
2026-02-28T21:00:00+00:00,402.27,402.57,401.83,402.07,571.005
2026-02-28T22:00:00+00:00,402.1,403.89,402.1,402.99,1159.92
2026-02-28T23:00:00+00:00,402.89,403.88,402.07,402.4,594.796
2026-03-01T00:00:00+00:00,402.42,402.72,402.07,402.32,184.498
2026-03-01T01:00:00+00:00,402.27,402.59,402.07,402.24,417.135
2026-03-01T02:00:00+00:00,402.27,403.38,402.07,402.86,1558.557
2026-03-01T03:00:00+00:00,402.86,403.66,402.4,403.33,835.274
2026-03-01T04:00:00+00:00,403.49,403.99,403.2,403.82,610.937
2026-03-01T05:00:00+00:00,403.74,404.0,403.2,403.76,278.6
2026-03-01T06:00:00+00:00,403.75,404.01,403.69,403.99,211.612
2026-03-01T07:00:00+00:00,403.93,404.16,403.72,403.9,155.894
2026-03-01T08:00:00+00:00,403.8,403.99,403.35,403.53,187.112
2026-03-01T09:00:00+00:00,403.52,403.52,402.71,402.71,83.955
2026-03-01T10:00:00+00:00,402.84,402.84,402.4,402.75,168.205
2026-03-01T11:00:00+00:00,402.79,402.82,402.4,402.41,163.399
2026-03-01T12:00:00+00:00,402.41,402.57,402.4,402.4,79.331
2026-03-01T13:00:00+00:00,402.4,402.73,402.16,402.34,704.865
2026-03-01T14:00:00+00:00,402.32,402.67,401.39,401.42,1028.757
2026-03-01T15:00:00+00:00,401.42,401.65,401.23,401.65,421.118
2026-03-01T16:00:00+00:00,401.63,402.11,401.15,401.31,432.758
2026-03-01T17:00:00+00:00,401.36,401.77,401.27,401.42,219.677
2026-03-01T18:00:00+00:00,401.52,401.88,401.42,401.68,205.216
2026-03-01T19:00:00+00:00,401.63,401.73,401.27,401.44,134.32
2026-03-01T20:00:00+00:00,401.42,401.44,399.43,399.47,643.645
2026-03-01T21:00:00+00:00,399.56,399.78,399.25,399.41,635.653
2026-03-01T22:00:00+00:00,399.49,401.14,397.41,398.15,719.227
