datetime,open,high,low,close,volume
2025-12-26T00:00:00+00:00,73.6,73.987,73.58,73.952,1988.57
2025-12-26T01:00:00+00:00,73.96,75.0,73.95,74.59,5117.05
2025-12-26T02:00:00+00:00,74.59,74.88,74.298,74.76,786.9
2025-12-26T03:00:00+00:00,74.76,74.889,74.394,74.45,976.84
2025-12-26T04:00:00+00:00,74.425,74.74,74.395,74.52,385.29
2025-12-26T05:00:00+00:00,74.595,74.889,74.562,74.889,239.58
2025-12-26T06:00:00+00:00,74.978,75.22,74.575,74.693,1411.67
2025-12-26T07:00:00+00:00,74.62,74.82,74.59,74.66,645.36
2025-12-26T08:00:00+00:00,74.68,74.99,74.65,74.985,794.42
2025-12-26T09:00:00+00:00,74.934,74.95,74.699,74.796,640.4
2025-12-26T10:00:00+00:00,74.796,75.45,74.796,74.9,2152.62
2025-12-26T11:00:00+00:00,74.896,74.9,73.57,74.33,2987.45
2025-12-26T12:00:00+00:00,74.4,74.57,73.95,74.231,721.07
2025-12-26T13:00:00+00:00,74.08,74.844,74.017,74.7,1549.81
2025-12-26T14:00:00+00:00,74.716,76.511,74.479,75.2,4767.61
2025-12-26T15:00:00+00:00,75.2,76.179,74.479,76.03,5814.82
2025-12-26T16:00:00+00:00,76.029,76.38,75.573,76.333,3090.52
2025-12-26T17:00:00+00:00,76.333,76.99,75.9,76.651,7194.64
2025-12-26T18:00:00+00:00,76.651,77.765,76.35,77.449,5931.92
2025-12-26T19:00:00+00:00,77.43,77.855,77.01,77.098,9072.87
2025-12-26T20:00:00+00:00,77.099,78.596,76.74,78.4,20552.08
2025-12-26T21:00:00+00:00,78.4,79.28,77.894,79.2,8397.82
2025-12-26T22:00:00+00:00,79.277,79.285,78.67,79.201,6409.9
2025-12-26T23:00:00+00:00,79.2,79.2,77.794,79.119,6954.05
2025-12-27T00:00:00+00:00,79.05,79.12,78.64,78.641,3066.87
2025-12-27T01:00:00+00:00,78.641,79.01,78.3,78.302,2815.45
2025-12-27T02:00:00+00:00,78.504,78.948,78.301,78.928,1671.77
2025-12-27T03:00:00+00:00,78.928,78.957,78.817,78.94,1679.08
2025-12-27T04:00:00+00:00,78.94,79.202,78.761,78.937,3926.53
2025-12-27T05:00:00+00:00,78.92,78.927,78.725,78.9,2426.62
2025-12-27T06:00:00+00:00,78.9,78.92,78.83,78.84,1742.32
2025-12-27T07:00:00+00:00,78.84,79.191,78.84,78.98,4469.61
2025-12-27T08:00:00+00:00,78.891,78.98,78.89,78.96,717.87
2025-12-27T09:00:00+00:00,78.891,79.191,78.89,79.11,2183.86
2025-12-27T10:00:00+00:00,79.015,79.191,78.91,78.92,2545.11
2025-12-27T11:00:00+00:00,78.96,78.99,78.91,78.99,1083.44
2025-12-27T12:00:00+00:00,78.99,79.04,78.88,79.0,748.44
2025-12-27T13:00:00+00:00,78.978,79.029,78.957,79.029,1294.74
2025-12-27T14:00:00+00:00,79.02,79.04,78.951,78.99,1624.8
2025-12-27T15:00:00+00:00,78.99,79.01,78.97,79.0,794.09
2025-12-27T16:00:00+00:00,78.97,79.11,78.97,78.99,2084.67
2025-12-27T17:00:00+00:00,79.01,79.05,78.93,79.025,4983.59
2025-12-27T18:00:00+00:00,79.025,79.2,78.987,79.021,4743.43
2025-12-27T19:00:00+00:00,79.022,79.087,79.022,79.04,2980.0
2025-12-27T20:00:00+00:00,79.04,79.074,78.873,79.02,3534.85
2025-12-27T21:00:00+00:00,79.04,79.1,79.02,79.06,675.6
2025-12-27T22:00:00+00:00,79.1,79.203,79.094,79.203,2552.59
2025-12-27T23:00:00+00:00,79.203,79.203,79.199,79.203,1975.0
2025-12-28T00:00:00+00:00,79.203,79.52,79.199,79.51,2907.06
2025-12-28T01:00:00+00:00,79.51,79.576,79.199,79.411,2102.58
2025-12-28T02:00:00+00:00,79.411,79.411,79.2,79.402,1143.94
2025-12-28T03:00:00+00:00,79.402,80.0,79.284,79.994,4204.62
2025-12-28T04:00:00+00:00,79.418,80.202,79.41,80.0,6397.61
2025-12-28T05:00:00+00:00,79.752,80.0,79.55,79.824,2135.08
2025-12-28T06:00:00+00:00,79.59,79.825,79.572,79.816,1661.27
2025-12-28T07:00:00+00:00,79.825,80.808,79.439,80.6,4232.91
2025-12-28T08:00:00+00:00,79.929,80.79,79.5,79.99,2044.52
2025-12-28T09:00:00+00:00,80.148,80.447,79.613,80.441,1818.62
2025-12-28T10:00:00+00:00,80.441,80.443,79.876,80.19,1687.85
2025-12-28T11:00:00+00:00,80.232,80.952,79.849,80.8,4574.57
2025-12-28T12:00:00+00:00,80.282,80.899,80.2,80.493,2629.57
2025-12-28T13:00:00+00:00,80.568,81.809,80.216,80.6,7619.63
2025-12-28T14:00:00+00:00,80.6,81.316,80.5,80.54,4383.99
2025-12-28T15:00:00+00:00,80.62,81.05,80.451,80.929,3067.87
2025-12-28T16:00:00+00:00,80.91,82.8,80.9,81.203,20995.66
2025-12-28T17:00:00+00:00,81.19,82.5,80.8,81.5,10681.84
2025-12-28T18:00:00+00:00,81.5,81.625,81.3,81.34,3390.47
2025-12-28T19:00:00+00:00,81.415,82.0,80.94,81.308,7747.97
2025-12-28T20:00:00+00:00,81.456,81.459,80.663,81.31,3023.99
2025-12-28T21:00:00+00:00,81.31,81.458,80.3,80.412,6297.03
2025-12-28T22:00:00+00:00,80.95,82.3,80.412,81.54,14699.8
2025-12-28T23:00:00+00:00,81.476,84.0,80.5,81.5,95129.28
2025-12-29T00:00:00+00:00,81.336,82.0,75.0,77.15,109073.72
2025-12-29T01:00:00+00:00,77.15,78.81,76.25,77.314,21254.05
2025-12-29T02:00:00+00:00,77.247,78.61,76.921,78.02,18426.36
2025-12-29T03:00:00+00:00,78.272,80.83,78.105,80.299,10716.91
2025-12-29T04:00:00+00:00,80.299,80.299,79.192,79.88,22691.56
2025-12-29T05:00:00+00:00,79.8,80.622,78.82,79.193,18424.36
2025-12-29T06:00:00+00:00,79.082,79.487,74.786,75.988,50138.8
2025-12-29T07:00:00+00:00,75.988,76.904,74.46,76.0,38254.1
2025-12-29T08:00:00+00:00,75.97,76.3,73.906,74.722,38216.92
2025-12-29T09:00:00+00:00,74.654,75.74,74.141,75.643,18013.2
2025-12-29T10:00:00+00:00,75.633,75.735,74.73,75.462,14996.34
2025-12-29T11:00:00+00:00,75.462,75.832,73.721,73.945,20703.67
2025-12-29T12:00:00+00:00,74.199,75.316,74.199,75.297,15449.65
2025-12-29T13:00:00+00:00,75.279,75.999,72.55,73.89,32237.41
2025-12-29T14:00:00+00:00,73.8,73.81,72.0,72.709,28161.73
2025-12-29T15:00:00+00:00,72.464,72.464,70.536,71.554,42107.39
2025-12-29T16:00:00+00:00,71.536,72.719,71.25,72.58,38353.01
2025-12-29T17:00:00+00:00,72.505,72.81,71.43,71.73,21708.04
2025-12-29T18:00:00+00:00,71.662,71.957,70.653,71.791,36247.54
2025-12-29T19:00:00+00:00,71.694,72.56,71.34,72.413,13014.15
2025-12-29T20:00:00+00:00,72.413,73.298,72.402,72.876,23007.22
2025-12-29T21:00:00+00:00,72.876,72.893,72.094,72.35,12820.34
2025-12-29T22:00:00+00:00,72.35,72.49,72.06,72.395,4529.9
2025-12-29T23:00:00+00:00,72.265,72.93,71.197,72.675,18275.14
2025-12-30T00:00:00+00:00,72.435,73.22,72.18,72.657,13819.69
2025-12-30T01:00:00+00:00,72.8,73.76,72.126,73.647,12983.19
2025-12-30T02:00:00+00:00,73.781,73.925,73.098,73.921,14171.75
2025-12-30T03:00:00+00:00,73.762,74.523,73.718,74.231,11447.76
2025-12-30T04:00:00+00:00,74.39,74.621,74.277,74.5,12947.5
2025-12-30T05:00:00+00:00,74.504,75.199,74.037,75.085,36852.37
2025-12-30T06:00:00+00:00,75.08,75.117,74.031,74.95,22183.33
2025-12-30T07:00:00+00:00,74.908,75.091,74.169,74.87,15821.06
2025-12-30T08:00:00+00:00,74.87,74.915,73.809,74.316,10000.45
2025-12-30T09:00:00+00:00,74.319,74.693,74.16,74.669,6039.26
2025-12-30T10:00:00+00:00,74.669,74.688,74.365,74.445,7440.32
2025-12-30T11:00:00+00:00,74.445,74.89,74.445,74.89,8015.28
2025-12-30T12:00:00+00:00,74.89,76.152,74.829,76.065,24421.14
2025-12-30T13:00:00+00:00,76.09,76.569,75.273,76.3,37731.93
2025-12-30T14:00:00+00:00,76.355,76.503,75.01,75.447,27428.44
2025-12-30T15:00:00+00:00,75.483,76.507,75.045,76.05,37069.24
2025-12-30T16:00:00+00:00,76.021,77.19,75.751,77.054,20655.45
2025-12-30T17:00:00+00:00,77.06,77.894,77.003,77.541,53121.55
2025-12-30T18:00:00+00:00,77.557,78.15,77.2,77.601,31155.11
2025-12-30T19:00:00+00:00,77.61,77.75,75.843,76.251,67821.77
2025-12-30T20:00:00+00:00,76.258,76.698,75.396,75.996,37761.58
2025-12-30T21:00:00+00:00,76.062,76.663,76.007,76.241,15590.67
2025-12-30T22:00:00+00:00,76.26,76.665,75.838,76.403,4057.73
2025-12-30T23:00:00+00:00,76.264,76.453,74.503,75.25,60013.58
2025-12-31T00:00:00+00:00,75.25,75.413,74.221,74.715,43032.0
2025-12-31T01:00:00+00:00,74.646,75.756,74.396,75.519,50566.37
2025-12-31T02:00:00+00:00,75.519,75.808,72.854,73.25,50832.73
2025-12-31T03:00:00+00:00,73.25,73.468,71.763,72.143,57678.49
2025-12-31T04:00:00+00:00,72.15,72.82,71.567,71.702,18451.16
2025-12-31T05:00:00+00:00,71.718,72.568,70.682,71.02,28989.69
2025-12-31T06:00:00+00:00,71.025,71.9,70.6,71.839,23502.5
2025-12-31T07:00:00+00:00,71.844,72.468,71.6,72.236,17775.43
2025-12-31T08:00:00+00:00,72.267,72.441,71.05,71.142,38045.27
2025-12-31T09:00:00+00:00,71.059,72.448,71.059,71.984,23926.07
2025-12-31T10:00:00+00:00,71.984,72.279,71.554,71.92,22590.05
2025-12-31T11:00:00+00:00,71.933,72.341,71.739,72.016,10770.99
2025-12-31T12:00:00+00:00,72.002,72.059,71.37,71.894,17178.23
2025-12-31T13:00:00+00:00,71.907,72.415,71.596,72.291,10858.52
2025-12-31T14:00:00+00:00,72.274,73.86,71.711,73.726,27605.31
2025-12-31T15:00:00+00:00,73.726,73.726,72.14,72.412,32817.41
2025-12-31T16:00:00+00:00,72.404,72.612,71.476,71.863,24593.15
2025-12-31T17:00:00+00:00,71.748,72.165,71.224,71.376,14051.05
2025-12-31T18:00:00+00:00,71.429,71.899,71.182,71.73,15444.44
2025-12-31T19:00:00+00:00,71.689,71.94,70.522,70.644,23962.28
2025-12-31T20:00:00+00:00,70.522,71.519,70.065,71.152,26490.96
2025-12-31T21:00:00+00:00,71.339,71.77,71.081,71.62,6611.82
2025-12-31T22:00:00+00:00,71.684,71.76,71.512,71.581,5486.97
2025-12-31T23:00:00+00:00,71.581,71.817,71.553,71.572,11661.56
2026-01-01T00:00:00+00:00,71.572,71.61,71.512,71.522,1646.25
2026-01-01T01:00:00+00:00,71.522,71.729,71.522,71.591,1536.75
2026-01-01T02:00:00+00:00,71.591,71.614,71.49,71.595,1118.36
2026-01-01T03:00:00+00:00,71.595,71.769,71.402,71.769,6249.63
2026-01-01T04:00:00+00:00,71.769,71.769,71.51,71.568,2761.88
2026-01-01T05:00:00+00:00,71.568,71.57,71.491,71.55,1104.2
2026-01-01T06:00:00+00:00,71.55,71.56,71.491,71.505,648.53
2026-01-01T07:00:00+00:00,71.505,71.552,71.495,71.552,1814.89
2026-01-01T08:00:00+00:00,71.552,71.663,71.55,71.59,1051.98
2026-01-01T09:00:00+00:00,71.59,71.7,71.572,71.612,1391.18
2026-01-01T10:00:00+00:00,71.612,71.63,71.607,71.617,2558.71
2026-01-01T11:00:00+00:00,71.617,71.617,71.616,71.617,1146.82
2026-01-01T12:00:00+00:00,71.617,71.78,71.601,71.78,1289.94
2026-01-01T13:00:00+00:00,71.78,71.78,71.611,71.78,1768.26
2026-01-01T14:00:00+00:00,71.78,71.879,71.612,71.76,1422.53
2026-01-01T15:00:00+00:00,71.798,71.839,71.612,71.769,1655.35
2026-01-01T16:00:00+00:00,71.706,71.75,71.623,71.671,754.35
2026-01-01T17:00:00+00:00,71.671,71.95,71.623,71.9,1570.08
2026-01-01T18:00:00+00:00,71.899,71.899,71.78,71.869,890.45
2026-01-01T19:00:00+00:00,71.869,71.996,71.8,71.865,2596.06
2026-01-01T20:00:00+00:00,71.865,72.004,71.8,71.989,3906.02
2026-01-01T21:00:00+00:00,71.989,72.36,71.826,72.234,5920.08
2026-01-01T22:00:00+00:00,72.193,72.8,71.98,72.618,5633.47
2026-01-01T23:00:00+00:00,72.565,73.19,71.8,72.9,16278.53
2026-01-02T00:00:00+00:00,72.9,73.2,71.98,72.833,7381.23
2026-01-02T01:00:00+00:00,72.833,73.166,72.373,72.854,4183.26
2026-01-02T02:00:00+00:00,72.93,73.183,72.223,72.907,6227.3
2026-01-02T03:00:00+00:00,72.907,73.67,72.4,73.398,14804.73
2026-01-02T04:00:00+00:00,73.398,73.825,73.02,73.63,13150.94
2026-01-02T05:00:00+00:00,73.63,74.1,73.283,74.1,7506.04
2026-01-02T06:00:00+00:00,73.962,76.1,73.65,74.1,24197.78
2026-01-02T07:00:00+00:00,74.1,74.35,73.71,74.21,14575.12
2026-01-02T08:00:00+00:00,74.142,74.956,74.0,74.553,9005.42
2026-01-02T09:00:00+00:00,74.41,74.998,74.381,74.51,20989.15
2026-01-02T10:00:00+00:00,74.52,75.0,74.383,74.549,42574.11
2026-01-02T11:00:00+00:00,74.687,74.8,74.116,74.39,12142.17
2026-01-02T12:00:00+00:00,74.39,74.584,73.892,74.104,14113.31
2026-01-02T13:00:00+00:00,74.058,74.29,73.634,73.879,18364.15
2026-01-02T14:00:00+00:00,74.019,74.485,73.206,73.641,35824.7
2026-01-02T15:00:00+00:00,73.641,73.866,72.684,72.739,30738.67
2026-01-02T16:00:00+00:00,72.684,72.74,71.649,72.242,44260.3
2026-01-02T17:00:00+00:00,72.247,72.949,71.9,71.963,25936.12
2026-01-02T18:00:00+00:00,71.957,72.102,71.509,71.959,10671.16
2026-01-02T19:00:00+00:00,71.938,72.816,71.938,72.145,14973.09
2026-01-02T20:00:00+00:00,72.142,73.299,71.982,72.695,16207.21
2026-01-02T21:00:00+00:00,72.63,72.938,72.426,72.938,8746.28
2026-01-02T22:00:00+00:00,72.882,73.499,72.82,73.46,8104.58
2026-01-02T23:00:00+00:00,73.24,73.989,73.03,73.15,5534.49
2026-01-03T00:00:00+00:00,73.15,73.211,73.111,73.211,809.23
2026-01-03T01:00:00+00:00,73.16,73.3,73.16,73.282,684.97
2026-01-03T02:00:00+00:00,73.282,73.282,73.111,73.13,1405.31
2026-01-03T03:00:00+00:00,73.13,73.39,73.01,73.034,1596.1
2026-01-03T04:00:00+00:00,73.036,73.398,73.036,73.226,1688.79
2026-01-03T05:00:00+00:00,73.228,73.389,73.15,73.307,745.05
2026-01-03T06:00:00+00:00,73.306,73.398,73.169,73.398,1937.3
2026-01-03T07:00:00+00:00,73.397,74.0,73.217,73.629,4256.72
2026-01-03T08:00:00+00:00,73.659,74.5,73.356,74.342,10666.16
2026-01-03T09:00:00+00:00,74.266,74.8,73.88,74.121,9017.19
2026-01-03T10:00:00+00:00,74.044,74.15,73.001,73.2,8873.04
2026-01-03T11:00:00+00:00,73.2,74.299,73.011,73.916,5584.4
2026-01-03T12:00:00+00:00,73.985,74.17,73.87,73.94,3111.15
2026-01-03T13:00:00+00:00,73.864,74.027,73.73,73.84,4865.2
2026-01-03T14:00:00+00:00,73.84,73.924,73.67,73.878,3137.16
2026-01-03T15:00:00+00:00,73.774,73.96,73.774,73.95,2522.48
2026-01-03T16:00:00+00:00,73.884,73.957,73.763,73.946,1967.51
2026-01-03T17:00:00+00:00,73.943,74.023,73.53,74.02,2287.07
2026-01-03T18:00:00+00:00,74.02,74.17,73.445,73.877,3985.12
2026-01-03T19:00:00+00:00,73.876,74.414,73.8,74.078,1608.91
2026-01-03T20:00:00+00:00,73.985,74.078,73.91,73.91,966.44
2026-01-03T21:00:00+00:00,73.91,74.11,73.882,73.895,2171.27
2026-01-03T22:00:00+00:00,73.896,74.018,73.117,73.673,4949.78
2026-01-03T23:00:00+00:00,73.634,74.22,73.427,73.854,1408.68
2026-01-04T00:00:00+00:00,73.854,73.94,73.76,73.761,1184.24
2026-01-04T01:00:00+00:00,73.772,73.871,72.842,73.645,5250.75
2026-01-04T02:00:00+00:00,73.6,73.6,72.865,73.16,3616.61
2026-01-04T03:00:00+00:00,73.162,73.42,72.742,72.952,3074.72
2026-01-04T04:00:00+00:00,73.084,73.503,73.082,73.216,1140.16
2026-01-04T05:00:00+00:00,73.245,73.33,72.815,72.978,1325.05
2026-01-04T06:00:00+00:00,72.977,73.19,72.742,72.902,865.58
2026-01-04T07:00:00+00:00,72.983,73.148,72.743,73.148,2214.07
2026-01-04T08:00:00+00:00,73.137,73.138,72.989,73.09,310.99
2026-01-04T09:00:00+00:00,73.09,73.44,73.084,73.098,665.09
2026-01-04T10:00:00+00:00,73.197,73.197,72.89,73.08,2259.42
2026-01-04T11:00:00+00:00,73.078,73.08,72.88,72.996,1207.14
2026-01-04T12:00:00+00:00,72.992,73.503,72.835,72.994,3914.66
2026-01-04T13:00:00+00:00,72.837,72.993,72.745,72.895,1017.39
2026-01-04T14:00:00+00:00,72.748,73.268,72.745,72.815,3283.29
2026-01-04T15:00:00+00:00,72.816,73.275,72.816,72.935,2162.1
2026-01-04T16:00:00+00:00,72.935,73.05,72.935,73.04,1278.15
2026-01-04T17:00:00+00:00,73.028,73.03,72.981,73.019,482.29
2026-01-04T18:00:00+00:00,73.028,73.186,73.0,73.082,1417.79
2026-01-04T19:00:00+00:00,73.133,73.22,73.03,73.161,1763.82
2026-01-04T20:00:00+00:00,73.161,73.79,72.887,73.79,7184.22
2026-01-04T21:00:00+00:00,73.684,74.184,73.295,73.34,3940.31
2026-01-04T22:00:00+00:00,73.295,74.273,73.295,73.889,3891.56
2026-01-04T23:00:00+00:00,73.87,74.235,73.009,74.131,20306.03
2026-01-05T00:00:00+00:00,74.19,75.716,74.094,75.47,23371.6
2026-01-05T01:00:00+00:00,75.6,76.629,75.267,75.536,25320.55
2026-01-05T02:00:00+00:00,75.725,76.0,75.089,75.78,6001.37
2026-01-05T03:00:00+00:00,75.824,76.135,75.322,75.328,17492.13
2026-01-05T04:00:00+00:00,75.322,75.73,75.322,75.634,5529.47
2026-01-05T05:00:00+00:00,75.513,75.746,75.063,75.444,3681.35
2026-01-05T06:00:00+00:00,75.444,75.749,75.341,75.586,5259.34
2026-01-05T07:00:00+00:00,75.586,75.759,75.43,75.522,4346.43
2026-01-05T08:00:00+00:00,75.566,76.028,75.521,75.852,14208.94
2026-01-05T09:00:00+00:00,75.852,76.47,75.754,76.46,11399.97
2026-01-05T10:00:00+00:00,76.459,76.5,75.807,75.961,9708.36
2026-01-05T11:00:00+00:00,75.886,75.974,74.84,74.932,15620.42
2026-01-05T12:00:00+00:00,74.931,75.348,74.708,75.041,9514.13
2026-01-05T13:00:00+00:00,75.05,76.03,75.05,76.03,16447.51
2026-01-05T14:00:00+00:00,75.787,77.279,75.787,76.806,28981.85
2026-01-05T15:00:00+00:00,76.879,77.27,76.376,77.225,25681.59
2026-01-05T16:00:00+00:00,77.181,78.029,76.671,77.15,42254.62
2026-01-05T17:00:00+00:00,77.182,77.196,76.26,76.608,19910.65
2026-01-05T18:00:00+00:00,76.516,76.99,76.359,76.629,5007.66
2026-01-05T19:00:00+00:00,76.619,76.62,75.757,76.219,12150.05
2026-01-05T20:00:00+00:00,76.213,76.51,75.809,76.235,7812.22
2026-01-05T21:00:00+00:00,76.235,76.691,76.17,76.629,12285.65
2026-01-05T22:00:00+00:00,76.61,76.758,76.6,76.697,2657.36
2026-01-05T23:00:00+00:00,76.699,76.844,76.046,76.176,12325.19
2026-01-06T00:00:00+00:00,76.287,76.54,76.166,76.365,5156.16
2026-01-06T01:00:00+00:00,76.365,76.834,76.04,76.744,4409.26
2026-01-06T02:00:00+00:00,76.772,77.958,76.57,77.711,26720.8
2026-01-06T03:00:00+00:00,77.785,79.268,77.77,78.889,45238.2
2026-01-06T04:00:00+00:00,78.889,79.34,78.596,78.69,11609.5
2026-01-06T05:00:00+00:00,78.84,79.33,78.24,78.451,47772.71
2026-01-06T06:00:00+00:00,78.46,79.163,78.46,78.87,24598.99
2026-01-06T07:00:00+00:00,78.87,79.014,78.093,78.151,12769.89
2026-01-06T08:00:00+00:00,78.151,78.65,78.094,78.62,9809.34
2026-01-06T09:00:00+00:00,78.618,78.618,77.452,77.673,18465.31
2026-01-06T10:00:00+00:00,77.662,77.972,77.402,77.866,21032.43
2026-01-06T11:00:00+00:00,77.866,78.403,77.866,78.366,10901.53
2026-01-06T12:00:00+00:00,78.366,78.606,78.163,78.395,11054.45
2026-01-06T13:00:00+00:00,78.396,79.2,78.162,79.023,18849.05
2026-01-06T14:00:00+00:00,79.085,80.459,78.814,80.383,32919.84
2026-01-06T15:00:00+00:00,80.377,80.807,79.651,80.369,45439.46
2026-01-06T16:00:00+00:00,80.376,80.898,79.887,80.586,29400.43
2026-01-06T17:00:00+00:00,80.69,81.336,80.561,81.259,36014.68
2026-01-06T18:00:00+00:00,81.244,81.423,80.203,81.035,38567.97
2026-01-06T19:00:00+00:00,81.035,81.035,79.8,80.102,50807.13
2026-01-06T20:00:00+00:00,80.091,81.434,79.962,81.219,20521.96
2026-01-06T21:00:00+00:00,81.215,81.444,81.038,81.291,11785.44
2026-01-06T22:00:00+00:00,81.294,81.666,80.871,81.08,7333.87
2026-01-06T23:00:00+00:00,81.271,84.343,81.17,82.553,79789.37
2026-01-07T00:00:00+00:00,82.459,82.99,82.417,82.5,14219.66
2026-01-07T01:00:00+00:00,82.5,82.82,79.6,80.456,78143.52
2026-01-07T02:00:00+00:00,80.417,82.0,79.75,81.23,28127.98
2026-01-07T03:00:00+00:00,81.243,81.394,80.342,80.412,22487.94
2026-01-07T04:00:00+00:00,80.438,80.484,79.501,79.699,16962.24
2026-01-07T05:00:00+00:00,79.752,80.609,78.32,79.182,31156.8
2026-01-07T06:00:00+00:00,79.157,80.513,79.037,79.467,99263.57
2026-01-07T07:00:00+00:00,79.5,80.588,79.333,80.245,15111.43
2026-01-07T08:00:00+00:00,80.245,80.384,79.701,79.791,24179.7
2026-01-07T09:00:00+00:00,79.772,79.86,79.15,79.752,9673.62
2026-01-07T10:00:00+00:00,79.752,79.874,79.181,79.548,15802.33
2026-01-07T11:00:00+00:00,79.55,79.67,78.91,78.924,12876.24
2026-01-07T12:00:00+00:00,78.992,79.284,78.485,78.714,19553.06
2026-01-07T13:00:00+00:00,78.727,78.9,77.148,77.555,45071.88
2026-01-07T14:00:00+00:00,77.6,78.485,76.697,77.692,60174.49
2026-01-07T15:00:00+00:00,77.705,77.818,76.513,77.352,25095.41
2026-01-07T16:00:00+00:00,77.351,79.28,77.196,79.062,49234.32
2026-01-07T17:00:00+00:00,79.039,79.41,77.884,78.239,40894.8
2026-01-07T18:00:00+00:00,78.158,79.38,77.398,78.263,34783.72
2026-01-07T19:00:00+00:00,78.263,78.8,77.88,78.62,27112.8
2026-01-07T20:00:00+00:00,78.604,78.819,78.32,78.594,12160.82
2026-01-07T21:00:00+00:00,78.594,78.594,78.101,78.284,15760.39
2026-01-07T22:00:00+00:00,78.283,78.698,78.148,78.4,5439.24
2026-01-07T23:00:00+00:00,78.4,78.997,78.269,78.799,16428.9
2026-01-08T00:00:00+00:00,78.899,79.591,77.59,78.065,43388.8
2026-01-08T01:00:00+00:00,78.02,79.138,77.555,78.735,12606.45
2026-01-08T02:00:00+00:00,78.65,78.74,77.782,78.089,13297.94
2026-01-08T03:00:00+00:00,78.087,78.41,77.714,78.105,12272.24
2026-01-08T04:00:00+00:00,78.024,78.119,77.678,77.754,8198.25
2026-01-08T05:00:00+00:00,77.706,77.723,75.59,76.231,55626.13
2026-01-08T06:00:00+00:00,76.178,76.689,75.561,76.394,12118.32
2026-01-08T07:00:00+00:00,76.393,76.641,75.704,76.049,8457.29
2026-01-08T08:00:00+00:00,76.051,76.051,75.23,75.755,20719.35
2026-01-08T09:00:00+00:00,75.766,76.344,75.704,76.151,7066.3
2026-01-08T10:00:00+00:00,76.238,76.238,75.627,76.062,8830.69
2026-01-08T11:00:00+00:00,76.105,76.105,75.389,75.424,8584.16
2026-01-08T12:00:00+00:00,75.36,75.407,74.541,75.268,29313.07
2026-01-08T13:00:00+00:00,75.236,75.385,74.13,74.217,17167.3
2026-01-08T14:00:00+00:00,74.189,74.975,73.891,74.653,58127.56
2026-01-08T15:00:00+00:00,74.653,76.464,74.251,76.034,32817.15
2026-01-08T16:00:00+00:00,75.96,76.541,75.556,76.279,14732.98
2026-01-08T17:00:00+00:00,76.325,76.833,75.834,76.3,11133.47
2026-01-08T18:00:00+00:00,76.267,76.267,75.36,75.879,16829.1
2026-01-08T19:00:00+00:00,75.879,76.203,75.631,75.999,14578.86
2026-01-08T20:00:00+00:00,75.999,77.18,75.999,77.006,15599.11
2026-01-08T21:00:00+00:00,77.042,77.419,76.82,77.097,8229.7
2026-01-08T22:00:00+00:00,77.097,77.45,77.097,77.119,6639.6
2026-01-08T23:00:00+00:00,77.117,77.497,76.568,76.756,28260.78
2026-01-09T00:00:00+00:00,76.791,76.99,76.038,76.057,16315.79
2026-01-09T01:00:00+00:00,76.134,77.011,75.667,76.794,19634.72
2026-01-09T02:00:00+00:00,76.794,77.839,76.794,77.101,11671.12
2026-01-09T03:00:00+00:00,77.127,77.241,76.27,76.868,26604.78
2026-01-09T04:00:00+00:00,76.79,77.0,76.555,76.813,4102.91
2026-01-09T05:00:00+00:00,76.876,77.264,76.437,77.128,14197.8
2026-01-09T06:00:00+00:00,77.225,77.646,76.741,77.27,8885.49
2026-01-09T07:00:00+00:00,77.344,77.572,77.193,77.269,13067.23
2026-01-09T08:00:00+00:00,77.259,78.459,77.154,77.564,14180.24
2026-01-09T09:00:00+00:00,77.564,78.364,77.539,78.021,16916.84
2026-01-09T10:00:00+00:00,78.106,78.257,77.893,78.189,6164.51
2026-01-09T11:00:00+00:00,78.238,78.3,77.689,78.143,5331.29
2026-01-09T12:00:00+00:00,78.149,78.49,77.4,77.5,42917.5
2026-01-09T13:00:00+00:00,77.531,78.7,77.45,78.331,37249.04
2026-01-09T14:00:00+00:00,78.37,79.692,78.34,79.401,46975.88
2026-01-09T15:00:00+00:00,79.368,80.5,79.0,80.211,32353.59
2026-01-09T16:00:00+00:00,80.19,80.585,79.641,80.49,36948.76
2026-01-09T17:00:00+00:00,80.453,80.509,79.358,79.597,28778.19
2026-01-09T18:00:00+00:00,79.58,80.081,79.413,80.023,23850.95
2026-01-09T19:00:00+00:00,80.023,80.18,79.74,79.957,22778.01
2026-01-09T20:00:00+00:00,79.957,80.26,79.599,79.827,40945.78
2026-01-09T21:00:00+00:00,79.815,80.057,79.718,79.929,13483.84
2026-01-09T22:00:00+00:00,79.943,80.99,79.3,80.262,9943.02
2026-01-09T23:00:00+00:00,80.262,80.45,79.893,80.046,4513.81
2026-01-10T00:00:00+00:00,80.045,80.23,79.85,79.947,2306.5
2026-01-10T01:00:00+00:00,79.948,80.034,79.93,80.001,1917.56
2026-01-10T02:00:00+00:00,80.001,80.039,79.5,79.712,7330.46
2026-01-10T03:00:00+00:00,79.712,79.77,79.5,79.7,2914.63
2026-01-10T04:00:00+00:00,79.724,80.444,79.308,80.002,33818.6
2026-01-10T05:00:00+00:00,79.986,80.162,79.432,79.446,16922.97
2026-01-10T06:00:00+00:00,79.447,79.526,79.1,79.332,13241.22
2026-01-10T07:00:00+00:00,79.372,80.166,79.332,79.979,24908.44
2026-01-10T08:00:00+00:00,79.975,80.2,79.963,80.103,2634.28
2026-01-10T09:00:00+00:00,80.199,80.2,79.997,80.0,2681.32
2026-01-10T10:00:00+00:00,80.0,80.0,79.97,79.975,974.85
2026-01-10T11:00:00+00:00,79.975,79.976,79.952,79.968,963.22
2026-01-10T12:00:00+00:00,79.968,79.976,79.967,79.976,697.52
2026-01-10T13:00:00+00:00,79.976,79.976,79.94,79.972,684.38
2026-01-10T14:00:00+00:00,79.972,80.0,79.967,80.0,664.41
2026-01-10T15:00:00+00:00,80.0,80.0,79.985,79.986,1657.91
2026-01-10T16:00:00+00:00,79.986,79.986,79.983,79.984,1751.67
2026-01-10T17:00:00+00:00,79.984,80.06,79.973,80.056,3218.37
2026-01-10T18:00:00+00:00,80.056,80.1,80.047,80.05,1448.29
2026-01-10T19:00:00+00:00,80.049,80.104,80.02,80.1,3792.21
2026-01-10T20:00:00+00:00,80.1,80.2,80.1,80.199,875.59
2026-01-10T21:00:00+00:00,80.198,80.2,80.114,80.199,873.5
2026-01-10T22:00:00+00:00,80.199,80.199,80.078,80.157,1550.13
2026-01-10T23:00:00+00:00,80.157,80.157,79.961,80.037,4800.3
2026-01-11T00:00:00+00:00,80.037,80.037,79.863,79.931,1686.15
2026-01-11T01:00:00+00:00,79.983,79.994,79.931,79.991,164.07
2026-01-11T02:00:00+00:00,79.991,80.004,79.989,80.004,569.61
2026-01-11T03:00:00+00:00,80.004,80.073,80.003,80.06,1293.97
2026-01-11T04:00:00+00:00,80.06,80.265,80.003,80.197,2178.92
2026-01-11T05:00:00+00:00,80.205,80.223,80.155,80.2,619.3
2026-01-11T06:00:00+00:00,80.201,80.248,80.155,80.2,956.28
2026-01-11T07:00:00+00:00,80.2,80.2,80.118,80.169,921.03
2026-01-11T08:00:00+00:00,80.168,80.169,80.035,80.129,803.34
2026-01-11T09:00:00+00:00,80.128,80.129,80.126,80.129,368.12
2026-01-11T10:00:00+00:00,80.129,80.129,80.099,80.1,610.53
2026-01-11T11:00:00+00:00,80.1,80.1,80.003,80.07,3265.12
2026-01-11T12:00:00+00:00,80.07,80.081,80.03,80.078,571.53
2026-01-11T13:00:00+00:00,80.079,80.081,80.003,80.08,839.18
2026-01-11T14:00:00+00:00,80.08,80.086,80.032,80.072,1272.55
2026-01-11T15:00:00+00:00,80.072,80.11,80.052,80.109,639.24
2026-01-11T16:00:00+00:00,80.108,80.51,80.059,80.422,6716.04
2026-01-11T17:00:00+00:00,80.42,80.48,80.362,80.401,2220.78
2026-01-11T18:00:00+00:00,80.362,80.5,80.362,80.493,1631.5
2026-01-11T19:00:00+00:00,80.481,80.493,80.263,80.405,2526.81
2026-01-11T20:00:00+00:00,80.405,80.405,80.222,80.367,2101.37
2026-01-11T21:00:00+00:00,80.342,80.415,80.32,80.415,1566.93
2026-01-11T22:00:00+00:00,80.414,80.425,80.12,80.321,4143.74
2026-01-11T23:00:00+00:00,80.321,82.039,80.123,81.573,56779.33
2026-01-12T00:00:00+00:00,81.684,83.782,81.579,83.25,65143.18
2026-01-12T01:00:00+00:00,83.319,84.232,82.843,82.893,46527.99
2026-01-12T02:00:00+00:00,82.893,83.652,82.52,83.377,29806.03
2026-01-12T03:00:00+00:00,83.377,83.874,83.161,83.392,26536.09
2026-01-12T04:00:00+00:00,83.441,83.68,83.244,83.542,15286.45
2026-01-12T05:00:00+00:00,83.542,84.756,83.476,84.691,35134.4
2026-01-12T06:00:00+00:00,84.592,84.804,84.106,84.579,19388.91
2026-01-12T07:00:00+00:00,84.501,84.569,83.721,84.328,30490.78
2026-01-12T08:00:00+00:00,84.239,84.64,84.15,84.32,12699.72
2026-01-12T09:00:00+00:00,84.32,84.63,84.037,84.297,12441.83
2026-01-12T10:00:00+00:00,84.314,84.469,84.114,84.268,8395.89
2026-01-12T11:00:00+00:00,84.3,84.3,83.587,83.829,11207.67
2026-01-12T12:00:00+00:00,83.873,84.402,83.8,84.208,13630.03
2026-01-12T13:00:00+00:00,84.25,86.166,84.204,85.763,71317.69
2026-01-12T14:00:00+00:00,85.847,85.856,84.022,85.18,110139.2
2026-01-12T15:00:00+00:00,85.184,86.07,85.079,85.4,48003.52
2026-01-12T16:00:00+00:00,85.458,86.364,85.458,86.16,49545.59
2026-01-12T17:00:00+00:00,86.159,86.285,85.4,86.009,42427.98
2026-01-12T18:00:00+00:00,86.009,86.049,84.876,85.554,31206.96
2026-01-12T19:00:00+00:00,85.557,85.984,85.447,85.75,22150.66
2026-01-12T20:00:00+00:00,85.752,85.77,84.826,85.249,22433.13
2026-01-12T21:00:00+00:00,85.205,85.31,84.72,85.26,17380.29
2026-01-12T22:00:00+00:00,85.26,85.354,84.733,85.04,19716.77
2026-01-12T23:00:00+00:00,85.072,85.401,83.515,84.501,87532.59
2026-01-13T00:00:00+00:00,84.47,84.621,83.928,84.32,23847.87
2026-01-13T01:00:00+00:00,84.192,84.42,83.703,83.84,26409.34
2026-01-13T02:00:00+00:00,83.84,85.74,83.82,85.544,36727.87
2026-01-13T03:00:00+00:00,85.549,86.4,85.312,85.546,25825.83
2026-01-13T04:00:00+00:00,85.546,86.08,85.511,85.778,21109.88
2026-01-13T05:00:00+00:00,85.848,86.006,84.709,85.487,27799.89
2026-01-13T06:00:00+00:00,85.454,85.454,84.811,85.082,15868.41
2026-01-13T07:00:00+00:00,85.082,85.57,84.753,85.344,10015.46
2026-01-13T08:00:00+00:00,85.346,86.083,85.346,85.943,20353.25
2026-01-13T09:00:00+00:00,85.912,86.13,85.43,85.542,13361.84
2026-01-13T10:00:00+00:00,85.542,85.842,85.449,85.801,13170.19
2026-01-13T11:00:00+00:00,85.8,86.153,85.643,85.823,16386.41
2026-01-13T12:00:00+00:00,85.823,86.113,85.5,86.043,29292.05
2026-01-13T13:00:00+00:00,86.043,87.88,85.938,87.747,129524.54
2026-01-13T14:00:00+00:00,87.761,89.09,87.548,88.856,239878.82
2026-01-13T15:00:00+00:00,88.856,88.864,87.535,88.834,126158.73
2026-01-13T16:00:00+00:00,88.823,89.111,88.062,88.985,58384.37
2026-01-13T17:00:00+00:00,88.958,89.091,86.577,87.059,92405.37
2026-01-13T18:00:00+00:00,87.063,87.883,86.242,87.696,125120.91
2026-01-13T19:00:00+00:00,87.697,88.06,86.978,87.529,62289.0
2026-01-13T20:00:00+00:00,87.528,87.528,85.937,86.72,81337.35
2026-01-13T21:00:00+00:00,86.762,87.185,86.688,87.023,17492.82
2026-01-13T22:00:00+00:00,87.019,87.323,86.615,87.14,17900.22
2026-01-13T23:00:00+00:00,87.088,87.901,86.939,87.81,58298.64
2026-01-14T00:00:00+00:00,87.83,89.667,87.707,88.5,111044.14
2026-01-14T01:00:00+00:00,88.5,89.95,88.339,89.9,67516.18
2026-01-14T02:00:00+00:00,89.9,90.026,89.484,89.79,66561.92
2026-01-14T03:00:00+00:00,89.79,90.8,89.21,90.75,75026.34
2026-01-14T04:00:00+00:00,90.739,91.577,90.606,90.792,109650.4
2026-01-14T05:00:00+00:00,90.798,91.29,89.103,89.566,73060.88
2026-01-14T06:00:00+00:00,89.537,90.645,89.44,90.207,51198.9
2026-01-14T07:00:00+00:00,90.213,90.644,89.945,90.229,33609.56
2026-01-14T08:00:00+00:00,90.272,90.37,89.349,90.183,29886.27
2026-01-14T09:00:00+00:00,90.188,90.703,90.098,90.634,33727.41
2026-01-14T10:00:00+00:00,90.6,90.805,90.135,90.203,39202.47
2026-01-14T11:00:00+00:00,90.181,90.765,89.977,90.568,29915.2
2026-01-14T12:00:00+00:00,90.573,92.113,90.573,92.013,82852.43
2026-01-14T13:00:00+00:00,92.02,92.26,91.09,91.765,69581.96
2026-01-14T14:00:00+00:00,91.787,92.266,90.507,91.232,110737.87
2026-01-14T15:00:00+00:00,91.228,91.9,90.174,91.816,97550.37
2026-01-14T16:00:00+00:00,91.833,92.063,90.65,91.163,44787.43
2026-01-14T17:00:00+00:00,91.218,91.393,89.714,90.571,79287.11
2026-01-14T18:00:00+00:00,90.595,92.387,90.391,92.365,69060.62
2026-01-14T19:00:00+00:00,92.389,93.049,92.18,92.833,100091.16
2026-01-14T20:00:00+00:00,92.833,93.552,92.338,93.261,67905.91
2026-01-14T21:00:00+00:00,93.268,93.34,92.293,93.261,65851.97
2026-01-14T22:00:00+00:00,93.261,93.88,92.649,92.825,48890.07
2026-01-14T23:00:00+00:00,92.823,93.713,91.064,92.257,176417.73
2026-01-15T00:00:00+00:00,92.257,93.0,91.801,92.349,72066.79
2026-01-15T01:00:00+00:00,92.33,92.46,86.237,88.099,366725.04
2026-01-15T02:00:00+00:00,88.054,90.172,87.737,88.668,139846.17
2026-01-15T03:00:00+00:00,88.7,88.862,86.487,87.838,142199.35
2026-01-15T04:00:00+00:00,87.845,88.6,87.479,87.772,73292.96
2026-01-15T05:00:00+00:00,87.77,88.438,86.981,88.07,70611.26
2026-01-15T06:00:00+00:00,88.101,89.875,88.053,89.841,61108.72
2026-01-15T07:00:00+00:00,89.888,93.224,89.168,89.387,95165.86
2026-01-15T08:00:00+00:00,89.393,89.957,88.592,89.922,44177.0
2026-01-15T09:00:00+00:00,89.94,90.651,89.479,90.532,104081.17
2026-01-15T10:00:00+00:00,90.534,91.461,90.477,91.115,42544.52
2026-01-15T11:00:00+00:00,91.091,91.599,90.906,91.258,45242.46
2026-01-15T12:00:00+00:00,91.238,91.448,90.657,91.09,31927.77
2026-01-15T13:00:00+00:00,91.093,91.097,87.891,88.519,140537.27
2026-01-15T14:00:00+00:00,88.52,90.489,87.887,90.371,106946.81
2026-01-15T15:00:00+00:00,90.37,90.929,89.689,90.611,73838.3
2026-01-15T16:00:00+00:00,90.618,92.008,90.035,91.142,74347.56
2026-01-15T17:00:00+00:00,91.105,91.954,91.105,91.891,47418.14
2026-01-15T18:00:00+00:00,91.931,92.776,91.931,92.364,77379.28
2026-01-15T19:00:00+00:00,92.338,93.076,92.062,92.543,100094.26
2026-01-15T20:00:00+00:00,92.523,92.544,91.217,91.966,70492.91
2026-01-15T21:00:00+00:00,91.942,92.63,91.849,92.402,73486.14
2026-01-15T22:00:00+00:00,92.37,92.5,91.79,92.206,19575.06
2026-01-15T23:00:00+00:00,92.204,92.787,89.7,91.44,229373.74
2026-01-16T00:00:00+00:00,91.39,91.451,90.525,90.576,45019.54
2026-01-16T01:00:00+00:00,90.558,92.061,90.353,91.128,112446.55
2026-01-16T02:00:00+00:00,91.121,91.342,89.49,90.053,63705.2
2026-01-16T03:00:00+00:00,90.047,90.769,89.857,90.178,17575.36
2026-01-16T04:00:00+00:00,90.202,90.959,90.202,90.91,28938.93
2026-01-16T05:00:00+00:00,90.91,91.86,90.45,91.485,40120.94
2026-01-16T06:00:00+00:00,91.505,91.505,89.908,90.438,45512.73
2026-01-16T07:00:00+00:00,90.442,91.223,90.437,91.024,39690.59
2026-01-16T08:00:00+00:00,90.996,91.415,90.773,91.183,15996.76
2026-01-16T09:00:00+00:00,91.174,91.765,91.031,91.134,61682.29
2026-01-16T10:00:00+00:00,91.162,91.557,90.4,90.539,24395.58
2026-01-16T11:00:00+00:00,90.539,91.384,90.1,91.076,37237.65
2026-01-16T12:00:00+00:00,91.059,91.059,90.02,90.096,30143.04
2026-01-16T13:00:00+00:00,90.05,90.189,87.695,88.889,161657.92
2026-01-16T14:00:00+00:00,88.858,89.8,88.41,89.152,147300.26
2026-01-16T15:00:00+00:00,89.2,89.897,86.9,87.89,204159.65
2026-01-16T16:00:00+00:00,87.91,89.27,87.83,88.803,232668.27
2026-01-16T17:00:00+00:00,88.794,88.94,88.02,88.671,51919.28
2026-01-16T18:00:00+00:00,88.66,89.753,88.33,89.04,66605.22
2026-01-16T19:00:00+00:00,89.035,89.45,88.62,89.337,20981.13
2026-01-16T20:00:00+00:00,89.327,89.559,88.765,89.323,24791.78
2026-01-16T21:00:00+00:00,89.327,90.132,89.231,90.089,51743.49
2026-01-16T22:00:00+00:00,90.103,90.886,89.113,89.785,26205.04
2026-01-16T23:00:00+00:00,89.731,90.041,89.615,89.97,7521.54
2026-01-17T00:00:00+00:00,89.901,89.999,89.75,89.799,3947.55
2026-01-17T01:00:00+00:00,89.767,89.975,89.67,89.828,5328.23
2026-01-17T02:00:00+00:00,89.828,89.862,89.802,89.814,1988.1
2026-01-17T03:00:00+00:00,89.815,89.824,89.57,89.746,5644.62
2026-01-17T04:00:00+00:00,89.678,89.85,89.54,89.74,4253.2
2026-01-17T05:00:00+00:00,89.756,89.87,89.58,89.687,2306.85
2026-01-17T06:00:00+00:00,89.718,89.825,89.59,89.777,2453.64
2026-01-17T07:00:00+00:00,89.798,89.938,89.774,89.799,2223.71
2026-01-17T08:00:00+00:00,89.806,89.806,89.775,89.799,2002.01
2026-01-17T09:00:00+00:00,89.8,89.811,89.791,89.811,3137.31
2026-01-17T10:00:00+00:00,89.811,89.861,89.76,89.81,2778.23
2026-01-17T11:00:00+00:00,89.81,89.95,89.802,89.907,2601.06
2026-01-17T12:00:00+00:00,89.907,90.039,89.882,89.971,2552.0
2026-01-17T13:00:00+00:00,89.971,90.035,89.93,89.993,2297.95
2026-01-17T14:00:00+00:00,89.987,90.039,89.93,89.955,2821.78
2026-01-17T15:00:00+00:00,89.955,90.027,89.927,90.002,2401.92
2026-01-17T16:00:00+00:00,90.002,90.027,89.795,89.863,2996.07
2026-01-17T17:00:00+00:00,89.864,89.9,89.649,89.82,4392.66
2026-01-17T18:00:00+00:00,89.82,89.85,89.819,89.824,1145.72
2026-01-17T19:00:00+00:00,89.824,90.012,89.824,90.003,3449.43
2026-01-17T20:00:00+00:00,90.003,90.16,89.98,90.159,5247.64
2026-01-17T21:00:00+00:00,90.159,90.643,90.055,90.408,19322.1
2026-01-17T22:00:00+00:00,90.408,90.688,90.408,90.511,7154.78
2026-01-17T23:00:00+00:00,90.59,90.77,90.193,90.33,7228.99
2026-01-18T00:00:00+00:00,90.351,90.522,90.351,90.45,2111.51
2026-01-18T01:00:00+00:00,90.445,90.529,90.44,90.446,1848.83
2026-01-18T02:00:00+00:00,90.446,90.538,90.443,90.454,605.27
2026-01-18T03:00:00+00:00,90.454,90.699,90.454,90.687,2336.15
2026-01-18T04:00:00+00:00,90.638,91.226,90.467,90.507,19255.4
2026-01-18T05:00:00+00:00,90.507,90.507,90.0,90.3,6311.07
2026-01-18T06:00:00+00:00,90.3,90.31,90.015,90.238,5198.07
2026-01-18T07:00:00+00:00,90.238,90.3,90.121,90.273,1795.75
2026-01-18T08:00:00+00:00,90.267,90.33,90.189,90.28,3607.78
2026-01-18T09:00:00+00:00,90.28,90.281,90.27,90.281,1801.43
2026-01-18T10:00:00+00:00,90.281,90.301,90.267,90.301,7588.59
2026-01-18T11:00:00+00:00,90.3,90.679,90.275,90.502,2917.19
2026-01-18T12:00:00+00:00,90.556,90.78,90.385,90.549,8721.12
2026-01-18T13:00:00+00:00,90.549,90.68,90.431,90.547,3552.15
2026-01-18T14:00:00+00:00,90.598,90.598,90.539,90.567,1549.89
2026-01-18T15:00:00+00:00,90.575,90.669,90.552,90.555,1695.7
2026-01-18T16:00:00+00:00,90.555,90.67,90.338,90.482,5494.11
2026-01-18T17:00:00+00:00,90.483,90.76,90.368,90.596,6050.27
2026-01-18T18:00:00+00:00,90.596,90.8,90.3,90.772,11288.01
2026-01-18T19:00:00+00:00,90.778,90.87,90.673,90.717,4310.65
2026-01-18T20:00:00+00:00,90.718,91.5,90.718,91.203,13599.01
2026-01-18T21:00:00+00:00,91.203,91.477,91.02,91.033,10389.63
2026-01-18T22:00:00+00:00,91.033,91.45,90.764,90.988,11630.97
2026-01-18T23:00:00+00:00,90.992,94.204,90.992,93.333,310576.32
2026-01-19T00:00:00+00:00,93.38,93.857,92.531,93.73,69030.57
2026-01-19T01:00:00+00:00,93.74,94.189,92.768,93.217,72183.67
2026-01-19T02:00:00+00:00,93.218,93.498,92.646,93.311,36793.19
2026-01-19T03:00:00+00:00,93.321,93.44,92.837,93.047,24852.12
2026-01-19T04:00:00+00:00,93.048,93.229,92.812,92.83,25217.56
2026-01-19T05:00:00+00:00,92.83,93.559,92.815,93.23,22190.76
2026-01-19T06:00:00+00:00,93.238,93.878,93.114,93.878,27337.71
2026-01-19T07:00:00+00:00,93.884,93.891,93.08,93.182,18607.19
2026-01-19T08:00:00+00:00,93.164,93.456,92.436,92.626,28148.58
2026-01-19T09:00:00+00:00,92.621,93.226,92.555,93.176,15504.67
2026-01-19T10:00:00+00:00,93.175,93.261,92.93,93.132,10000.97
2026-01-19T11:00:00+00:00,93.138,93.665,92.629,92.909,149867.67
2026-01-19T12:00:00+00:00,92.943,93.636,92.834,93.325,137920.6
2026-01-19T13:00:00+00:00,93.342,93.636,93.168,93.303,32652.23
2026-01-19T14:00:00+00:00,93.332,93.918,93.2,93.863,35278.32
2026-01-19T15:00:00+00:00,93.883,94.209,93.572,93.859,66118.49
2026-01-19T16:00:00+00:00,93.859,94.647,93.681,94.461,63378.31
2026-01-19T17:00:00+00:00,94.456,94.715,94.35,94.696,28827.16
2026-01-19T18:00:00+00:00,94.665,94.68,94.405,94.504,30923.01
2026-01-19T19:00:00+00:00,94.504,94.61,94.23,94.406,14903.23
2026-01-19T20:00:00+00:00,94.376,94.406,94.2,94.3,12554.46
2026-01-19T21:00:00+00:00,94.3,94.51,94.132,94.481,6219.12
2026-01-19T22:00:00+00:00,94.481,94.828,94.36,94.736,9932.23
2026-01-19T23:00:00+00:00,94.8,94.8,93.761,93.795,57707.57
2026-01-20T00:00:00+00:00,93.806,93.942,93.125,93.18,47011.44
2026-01-20T01:00:00+00:00,93.181,93.874,92.9,93.088,41937.08
2026-01-20T02:00:00+00:00,93.078,93.443,92.701,93.002,67575.11
2026-01-20T03:00:00+00:00,93.001,93.595,92.587,93.353,21323.18
2026-01-20T04:00:00+00:00,93.353,94.338,93.353,94.266,42861.05
2026-01-20T05:00:00+00:00,94.25,94.633,94.118,94.509,33722.72
2026-01-20T06:00:00+00:00,94.474,94.536,93.386,93.946,75282.3
2026-01-20T07:00:00+00:00,93.963,94.568,93.894,94.323,53595.81
2026-01-20T08:00:00+00:00,94.303,95.643,94.24,95.427,77862.39
2026-01-20T09:00:00+00:00,95.406,95.604,94.924,95.039,49465.56
2026-01-20T10:00:00+00:00,95.022,95.499,95.0,95.256,55315.85
2026-01-20T11:00:00+00:00,95.24,96.074,95.213,95.793,47242.82
2026-01-20T12:00:00+00:00,95.767,96.003,95.2,95.79,33251.15
2026-01-20T13:00:00+00:00,95.76,95.76,94.71,95.21,64912.1
2026-01-20T14:00:00+00:00,95.18,97.316,93.8,94.972,204308.68
2026-01-20T15:00:00+00:00,94.971,95.28,93.143,93.937,185975.18
2026-01-20T16:00:00+00:00,93.949,94.459,93.621,94.247,64215.04
2026-01-20T17:00:00+00:00,94.22,94.665,93.63,94.585,55638.06
2026-01-20T18:00:00+00:00,94.57,95.109,94.178,94.648,61956.43
2026-01-20T19:00:00+00:00,94.659,94.83,94.258,94.488,41700.16
2026-01-20T20:00:00+00:00,94.471,94.471,93.728,94.231,103825.38
2026-01-20T21:00:00+00:00,94.235,94.757,94.221,94.655,34082.89
2026-01-20T22:00:00+00:00,94.637,95.2,94.201,94.758,28511.06
2026-01-20T23:00:00+00:00,94.758,94.956,94.0,94.876,54869.09
2026-01-21T00:00:00+00:00,94.894,95.541,94.81,95.35,53419.05
2026-01-21T01:00:00+00:00,95.344,95.41,93.961,94.462,88509.28
2026-01-21T02:00:00+00:00,94.435,94.63,93.556,94.124,64686.13
2026-01-21T03:00:00+00:00,94.142,94.397,93.358,93.919,41725.28
2026-01-21T04:00:00+00:00,93.905,94.6,93.817,94.36,52609.68
2026-01-21T05:00:00+00:00,94.371,94.972,94.007,94.634,43717.68
2026-01-21T06:00:00+00:00,94.642,95.122,94.303,94.404,66162.86
2026-01-21T07:00:00+00:00,94.379,94.816,94.181,94.785,24806.83
2026-01-21T08:00:00+00:00,94.756,95.146,94.635,94.938,28999.33
2026-01-21T09:00:00+00:00,94.961,95.356,94.947,95.194,37523.83
2026-01-21T10:00:00+00:00,95.206,95.267,94.933,94.933,18832.96
2026-01-21T11:00:00+00:00,94.934,95.101,94.463,94.719,32268.52
2026-01-21T12:00:00+00:00,94.729,94.868,94.111,94.21,47791.32
2026-01-21T13:00:00+00:00,94.196,95.099,93.73,95.003,137416.46
2026-01-21T14:00:00+00:00,94.993,95.15,93.5,93.74,156186.0
2026-01-21T15:00:00+00:00,93.755,94.254,92.268,93.673,220345.4
2026-01-21T16:00:00+00:00,93.673,93.95,93.164,93.407,95985.09
2026-01-21T17:00:00+00:00,93.403,93.416,92.348,93.328,106996.83
2026-01-21T18:00:00+00:00,93.328,93.674,92.4,93.655,98019.44
2026-01-21T19:00:00+00:00,93.621,93.665,90.357,91.396,425587.03
2026-01-21T20:00:00+00:00,91.333,92.68,90.88,92.68,165621.24
2026-01-21T21:00:00+00:00,92.651,93.392,92.406,93.152,86324.97
2026-01-21T22:00:00+00:00,93.151,93.152,92.38,93.149,26826.74
2026-01-21T23:00:00+00:00,93.149,93.15,90.967,90.977,82824.79
2026-01-22T00:00:00+00:00,91.017,91.945,90.902,91.905,80426.99
2026-01-22T01:00:00+00:00,91.89,92.73,90.98,92.301,110990.05
2026-01-22T02:00:00+00:00,92.306,92.966,91.705,92.759,42989.56
2026-01-22T03:00:00+00:00,92.75,93.462,92.652,93.427,54429.28
2026-01-22T04:00:00+00:00,93.413,93.469,93.133,93.348,38909.48
2026-01-22T05:00:00+00:00,93.31,93.905,93.204,93.821,59721.8
2026-01-22T06:00:00+00:00,93.802,94.118,93.71,94.099,42455.4
2026-01-22T07:00:00+00:00,94.109,94.348,94.043,94.221,47380.89
2026-01-22T08:00:00+00:00,94.222,94.415,93.812,94.103,27769.29
2026-01-22T09:00:00+00:00,94.097,94.299,93.532,93.9,39968.32
2026-01-22T10:00:00+00:00,93.868,93.868,93.39,93.792,11673.88
2026-01-22T11:00:00+00:00,93.792,94.019,93.551,93.57,30939.61
2026-01-22T12:00:00+00:00,93.553,93.783,92.931,93.046,42564.45
2026-01-22T13:00:00+00:00,93.085,93.613,92.934,93.547,67537.86
2026-01-22T14:00:00+00:00,93.568,94.355,93.341,93.893,117234.82
2026-01-22T15:00:00+00:00,93.876,95.922,93.506,95.681,199781.15
2026-01-22T16:00:00+00:00,95.706,95.942,95.112,95.831,145430.89
2026-01-22T17:00:00+00:00,95.803,96.559,95.452,96.334,133545.39
2026-01-22T18:00:00+00:00,96.293,96.616,95.928,96.26,75062.78
2026-01-22T19:00:00+00:00,96.231,96.41,95.466,95.894,74000.76
2026-01-22T20:00:00+00:00,95.923,96.439,95.885,96.105,48141.78
2026-01-22T21:00:00+00:00,96.107,96.485,96.026,96.4,49008.88
2026-01-22T22:00:00+00:00,96.283,96.657,95.96,96.104,12723.11
2026-01-22T23:00:00+00:00,96.059,97.02,95.947,97.002,109200.37
2026-01-23T00:00:00+00:00,97.0,97.29,96.664,97.201,78803.82
2026-01-23T01:00:00+00:00,97.197,98.92,96.908,98.573,178754.06
2026-01-23T02:00:00+00:00,98.564,99.199,98.221,98.746,87700.68
2026-01-23T03:00:00+00:00,98.707,98.948,98.37,98.672,50078.7
2026-01-23T04:00:00+00:00,98.696,98.774,98.45,98.683,27994.88
2026-01-23T05:00:00+00:00,98.707,99.3,98.57,99.031,62393.37
2026-01-23T06:00:00+00:00,99.028,99.277,98.679,98.993,31627.35
2026-01-23T07:00:00+00:00,99.014,99.049,98.565,98.657,49854.27
2026-01-23T08:00:00+00:00,98.657,98.714,97.57,97.975,143825.61
2026-01-23T09:00:00+00:00,97.978,98.38,97.735,98.209,47341.32
2026-01-23T10:00:00+00:00,98.223,99.07,97.99,98.966,66669.2
2026-01-23T11:00:00+00:00,98.962,99.028,98.464,99.012,52693.73
2026-01-23T12:00:00+00:00,98.99,99.349,98.647,99.26,58696.69
2026-01-23T13:00:00+00:00,99.231,99.68,98.696,99.575,168918.54
2026-01-23T14:00:00+00:00,99.622,99.78,98.972,99.279,240767.91
2026-01-23T15:00:00+00:00,99.303,100.3,99.118,99.731,197306.76
2026-01-23T16:00:00+00:00,99.738,100.89,99.715,100.59,207122.07
2026-01-23T17:00:00+00:00,100.63,101.31,100.43,100.7,136101.78
2026-01-23T18:00:00+00:00,100.66,101.34,100.63,100.77,78758.5
2026-01-23T19:00:00+00:00,100.78,101.95,100.72,101.77,280993.01
2026-01-23T20:00:00+00:00,101.74,102.61,101.5,102.43,205498.82
2026-01-23T21:00:00+00:00,102.43,103.3,102.16,103.07,179245.92
2026-01-23T22:00:00+00:00,103.14,103.25,102.48,102.7,48325.55
2026-01-23T23:00:00+00:00,102.75,103.98,102.62,103.47,78757.66
2026-01-24T00:00:00+00:00,103.49,104.0,103.1,103.26,59620.24
2026-01-24T01:00:00+00:00,103.23,103.61,102.64,103.2,56052.92
2026-01-24T02:00:00+00:00,103.2,103.68,103.12,103.49,12759.3
2026-01-24T03:00:00+00:00,103.49,103.62,103.1,103.55,20236.24
2026-01-24T04:00:00+00:00,103.55,103.76,102.96,103.49,26373.26
2026-01-24T05:00:00+00:00,103.49,103.84,101.0,103.38,35432.82
2026-01-24T06:00:00+00:00,103.4,103.48,103.3,103.48,18465.68
2026-01-24T07:00:00+00:00,103.47,104.15,103.43,104.03,35533.35
2026-01-24T08:00:00+00:00,104.03,104.46,103.4,104.23,42940.58
2026-01-24T09:00:00+00:00,104.23,104.41,104.06,104.31,16153.44
2026-01-24T10:00:00+00:00,104.31,104.45,103.8,104.05,17329.27
2026-01-24T11:00:00+00:00,104.05,104.13,103.4,103.76,38070.37
2026-01-24T12:00:00+00:00,103.76,103.96,103.41,103.56,20832.3
2026-01-24T13:00:00+00:00,103.55,103.96,103.41,103.68,9903.35
2026-01-24T14:00:00+00:00,103.69,103.96,103.66,103.74,7287.32
2026-01-24T15:00:00+00:00,103.74,104.0,103.56,103.93,13364.91
2026-01-24T16:00:00+00:00,103.93,104.3,103.6,104.24,19623.13
2026-01-24T17:00:00+00:00,104.24,104.24,103.4,103.41,23669.81
2026-01-24T18:00:00+00:00,103.43,104.12,103.4,104.07,15204.21
2026-01-24T19:00:00+00:00,104.07,104.18,103.75,103.94,16601.78
2026-01-24T20:00:00+00:00,103.94,104.18,103.94,104.1,6838.11
2026-01-24T21:00:00+00:00,104.1,104.16,103.77,103.83,11297.26
2026-01-24T22:00:00+00:00,103.83,104.02,103.65,103.81,8428.24
2026-01-24T23:00:00+00:00,103.81,103.92,103.65,103.75,7941.57
2026-01-25T00:00:00+00:00,103.74,104.26,103.73,103.84,14979.75
2026-01-25T01:00:00+00:00,103.8,104.2,103.79,104.16,10448.72
2026-01-25T02:00:00+00:00,104.16,104.39,103.91,104.39,9361.07
2026-01-25T03:00:00+00:00,104.37,104.8,104.33,104.63,26298.88
2026-01-25T04:00:00+00:00,104.63,105.15,104.6,104.81,25330.05
2026-01-25T05:00:00+00:00,104.8,104.89,104.46,104.58,12211.19
2026-01-25T06:00:00+00:00,104.57,104.93,104.49,104.87,10363.05
2026-01-25T07:00:00+00:00,104.87,105.46,104.83,104.92,24430.55
2026-01-25T08:00:00+00:00,104.95,105.22,104.85,105.22,14194.62
2026-01-25T09:00:00+00:00,105.17,105.25,104.56,105.04,25196.01
2026-01-25T10:00:00+00:00,105.06,105.26,104.85,104.88,13013.32
2026-01-25T11:00:00+00:00,104.88,104.88,104.59,104.78,10190.67
2026-01-25T12:00:00+00:00,104.78,104.9,104.56,104.8,11309.63
2026-01-25T13:00:00+00:00,104.79,104.79,104.57,104.74,7483.33
2026-01-25T14:00:00+00:00,104.74,104.74,103.61,104.17,40972.3
2026-01-25T15:00:00+00:00,104.16,104.37,103.99,104.32,6539.42
2026-01-25T16:00:00+00:00,104.32,106.09,104.21,105.27,120820.45
2026-01-25T17:00:00+00:00,105.25,106.0,105.1,105.89,42559.26
2026-01-25T18:00:00+00:00,105.85,105.89,104.97,105.13,43202.88
2026-01-25T19:00:00+00:00,105.1,105.8,104.08,104.3,71561.07
2026-01-25T20:00:00+00:00,104.3,105.9,104.2,105.24,54789.51
2026-01-25T21:00:00+00:00,105.28,105.54,105.24,105.54,15452.96
2026-01-25T22:00:00+00:00,105.54,105.67,104.54,105.21,50173.42
2026-01-25T23:00:00+00:00,105.21,107.0,103.37,105.03,299023.04
2026-01-26T00:00:00+00:00,105.07,107.31,104.62,106.18,163255.76
2026-01-26T01:00:00+00:00,106.18,108.59,105.0,107.58,139471.37
2026-01-26T02:00:00+00:00,107.63,109.48,106.82,108.94,142287.29
2026-01-26T03:00:00+00:00,108.94,109.33,107.59,108.22,95953.88
2026-01-26T04:00:00+00:00,108.23,108.43,107.26,108.06,72683.27
2026-01-26T05:00:00+00:00,108.08,108.15,105.88,107.77,104585.32
2026-01-26T06:00:00+00:00,107.78,108.85,107.25,107.66,241334.66
2026-01-26T07:00:00+00:00,107.65,108.44,107.25,108.38,64993.63
2026-01-26T08:00:00+00:00,108.38,110.39,108.23,109.34,174413.38
2026-01-26T09:00:00+00:00,109.3,110.19,108.66,109.12,125914.07
2026-01-26T10:00:00+00:00,109.1,109.66,109.1,109.48,59510.13
2026-01-26T11:00:00+00:00,109.48,109.48,108.31,109.38,82583.52
2026-01-26T12:00:00+00:00,109.36,111.36,109.06,109.39,282474.27
2026-01-26T13:00:00+00:00,109.36,110.39,108.8,109.11,171023.6
2026-01-26T14:00:00+00:00,109.11,111.69,108.53,111.23,321735.13
2026-01-26T15:00:00+00:00,111.25,112.43,110.67,112.21,375622.61
2026-01-26T16:00:00+00:00,112.22,114.56,111.87,114.31,443770.57
2026-01-26T17:00:00+00:00,114.31,117.52,114.14,117.21,569417.95
2026-01-26T18:00:00+00:00,117.21,117.76,110.71,111.14,1293916.03
2026-01-26T19:00:00+00:00,111.07,111.15,106.44,107.47,1065234.99
2026-01-26T20:00:00+00:00,107.48,109.68,107.28,108.47,803660.01
2026-01-26T21:00:00+00:00,108.5,108.73,101.94,104.02,917128.79
2026-01-26T22:00:00+00:00,104.02,104.49,102.14,104.09,180324.43
2026-01-26T23:00:00+00:00,104.08,107.91,103.06,106.77,593687.71
2026-01-27T00:00:00+00:00,106.79,107.76,104.3,106.2,374195.14
2026-01-27T01:00:00+00:00,106.25,110.76,105.72,110.15,501331.04
2026-01-27T02:00:00+00:00,110.11,111.3,109.39,110.4,271157.25
2026-01-27T03:00:00+00:00,110.4,110.7,108.89,109.86,269832.07
2026-01-27T04:00:00+00:00,109.83,110.0,107.61,108.2,207286.99
2026-01-27T05:00:00+00:00,108.14,110.03,107.21,109.95,312756.69
2026-01-27T06:00:00+00:00,109.99,110.73,109.26,109.94,185088.54
2026-01-27T07:00:00+00:00,109.87,113.47,109.63,112.62,428307.88
2026-01-27T08:00:00+00:00,112.61,112.85,110.16,111.32,490624.17
2026-01-27T09:00:00+00:00,111.27,113.03,111.01,112.55,402157.35
2026-01-27T10:00:00+00:00,112.52,113.02,111.82,112.41,294934.56
2026-01-27T11:00:00+00:00,112.39,112.8,110.8,111.64,309684.98
2026-01-27T12:00:00+00:00,111.62,112.08,110.55,111.08,283884.25
2026-01-27T13:00:00+00:00,111.1,113.08,110.93,111.96,420898.27
2026-01-27T14:00:00+00:00,111.95,111.95,106.33,106.72,1304896.8
2026-01-27T15:00:00+00:00,106.72,108.81,105.1,108.43,789795.48
2026-01-27T16:00:00+00:00,108.44,109.7,107.6,107.96,419137.45
2026-01-27T17:00:00+00:00,108.0,108.25,106.06,106.6,543364.47
2026-01-27T18:00:00+00:00,106.64,108.32,105.82,107.93,493800.08
2026-01-27T19:00:00+00:00,107.94,109.45,107.56,109.4,307733.74
2026-01-27T20:00:00+00:00,109.43,112.44,109.32,112.17,800994.42
2026-01-27T21:00:00+00:00,112.18,113.11,111.65,112.16,405178.37
2026-01-27T22:00:00+00:00,112.15,112.5,111.1,112.37,88741.68
2026-01-27T23:00:00+00:00,112.37,113.33,110.72,112.88,260659.78
2026-01-28T00:00:00+00:00,112.92,114.18,111.92,113.47,264179.94
2026-01-28T01:00:00+00:00,113.46,114.41,112.93,113.24,321969.87
2026-01-28T02:00:00+00:00,113.24,114.62,113.08,114.56,241546.13
2026-01-28T03:00:00+00:00,114.54,115.5,114.33,114.84,311392.25
2026-01-28T04:00:00+00:00,114.84,116.01,114.84,115.85,335996.95
2026-01-28T05:00:00+00:00,115.85,116.29,115.15,115.42,215291.52
2026-01-28T06:00:00+00:00,115.41,115.65,113.89,115.27,239600.45
2026-01-28T07:00:00+00:00,115.27,115.37,113.69,114.8,200594.57
2026-01-28T08:00:00+00:00,114.8,115.19,113.5,113.98,204899.04
2026-01-28T09:00:00+00:00,113.91,114.24,112.17,113.07,362738.75
2026-01-28T10:00:00+00:00,113.07,113.61,112.57,113.01,193813.14
2026-01-28T11:00:00+00:00,113.0,113.0,111.28,112.53,353815.68
2026-01-28T12:00:00+00:00,112.56,113.66,111.99,113.59,212622.83
2026-01-28T13:00:00+00:00,113.6,114.72,113.33,114.16,303312.12
2026-01-28T14:00:00+00:00,114.16,115.53,112.91,114.97,730739.2
2026-01-28T15:00:00+00:00,114.95,115.67,112.05,113.19,1070273.45
2026-01-28T16:00:00+00:00,113.17,114.88,112.8,114.71,352899.98
2026-01-28T17:00:00+00:00,114.71,115.06,113.72,114.23,392752.06
2026-01-28T18:00:00+00:00,114.23,114.3,110.64,111.79,668009.55
2026-01-28T19:00:00+00:00,111.78,114.83,110.62,114.49,953574.6800000001
2026-01-28T20:00:00+00:00,114.5,117.55,114.19,116.48,784747.49
2026-01-28T21:00:00+00:00,116.48,116.99,115.2,116.61,361400.37
2026-01-28T22:00:00+00:00,116.65,117.39,116.42,116.86,103463.96
2026-01-28T23:00:00+00:00,116.87,119.51,115.43,117.85,981948.86
2026-01-29T00:00:00+00:00,117.85,118.46,116.21,118.0,465451.27
2026-01-29T01:00:00+00:00,117.96,118.73,116.91,117.99,411857.97
2026-01-29T02:00:00+00:00,118.0,118.0,116.85,117.74,209648.79
2026-01-29T03:00:00+00:00,117.73,118.11,117.08,117.47,318313.63
2026-01-29T04:00:00+00:00,117.5,118.61,117.17,118.47,229423.48
2026-01-29T05:00:00+00:00,118.46,118.6,117.67,118.35,219457.58
2026-01-29T06:00:00+00:00,118.39,120.61,118.37,119.11,412845.11
2026-01-29T07:00:00+00:00,119.09,119.32,117.8,118.27,288912.94
2026-01-29T08:00:00+00:00,118.27,118.42,115.47,116.65,468806.78
2026-01-29T09:00:00+00:00,116.64,117.87,116.54,117.72,201973.69
2026-01-29T10:00:00+00:00,117.79,117.89,116.66,116.73,197665.19
2026-01-29T11:00:00+00:00,116.77,118.84,116.29,118.53,324614.59
2026-01-29T12:00:00+00:00,118.54,119.96,118.19,119.01,259441.77
2026-01-29T13:00:00+00:00,119.0,119.74,118.44,119.28,203286.59
2026-01-29T14:00:00+00:00,119.3,122.0,118.87,119.38,849198.15
2026-01-29T15:00:00+00:00,119.35,119.38,106.92,110.3,2396322.3799999999
2026-01-29T16:00:00+00:00,110.27,113.87,109.9,112.35,1162139.46
2026-01-29T17:00:00+00:00,112.38,116.12,112.35,114.73,879556.64
2026-01-29T18:00:00+00:00,114.7,116.72,113.6,114.69,781853.89
2026-01-29T19:00:00+00:00,114.71,114.81,111.89,113.71,784819.79
2026-01-29T20:00:00+00:00,113.7,117.43,112.71,116.7,762174.53
2026-01-29T21:00:00+00:00,116.69,117.58,115.44,115.9,690237.02
2026-01-29T22:00:00+00:00,115.96,116.43,115.83,116.02,87710.62
2026-01-29T23:00:00+00:00,116.03,118.02,115.8,117.72,382565.16
2026-01-30T00:00:00+00:00,117.73,118.68,116.68,116.79,296554.18
2026-01-30T01:00:00+00:00,116.85,117.27,112.76,113.32,700176.4399999999
2026-01-30T02:00:00+00:00,113.35,114.26,108.23,111.11,1177279.75
2026-01-30T03:00:00+00:00,111.11,111.39,108.64,109.96,575201.8199999999
2026-01-30T04:00:00+00:00,109.95,111.43,109.84,111.14,394906.23
2026-01-30T05:00:00+00:00,111.12,112.59,109.93,110.11,318361.72
2026-01-30T06:00:00+00:00,110.16,111.09,107.31,107.96,543107.21
2026-01-30T07:00:00+00:00,107.97,109.62,104.86,107.22,1044816.76
2026-01-30T08:00:00+00:00,107.2,107.21,103.42,104.21,934847.21
2026-01-30T09:00:00+00:00,104.2,105.08,94.59,98.175,3262653.0
2026-01-30T10:00:00+00:00,98.139,100.91,97.521,100.89,1128338.5
2026-01-30T11:00:00+00:00,100.85,103.53,100.28,103.08,849615.49
2026-01-30T12:00:00+00:00,103.04,104.12,98.703,99.461,1082496.75
2026-01-30T13:00:00+00:00,99.448,101.7,96.654,98.202,1146669.9099999999
2026-01-30T14:00:00+00:00,98.203,101.71,97.561,99.37,1184936.1200000001
2026-01-30T15:00:00+00:00,99.37,100.27,97.561,98.366,1254248.72
2026-01-30T16:00:00+00:00,98.373,98.542,91.648,94.147,1695378.3600000001
2026-01-30T17:00:00+00:00,94.147,94.43,85.137,86.189,2648329.8999999999
2026-01-30T18:00:00+00:00,86.19,87.8,76.23,83.957,5578118.2699999996
2026-01-30T19:00:00+00:00,83.957,86.724,81.678,85.952,1959209.72
2026-01-30T20:00:00+00:00,85.943,86.13,81.959,83.405,1298115.8899999999
2026-01-30T21:00:00+00:00,83.379,86.075,83.126,85.89,517950.86
2026-01-30T22:00:00+00:00,85.868,86.16,84.913,85.205,116519.82
2026-01-30T23:00:00+00:00,85.205,86.571,84.688,86.096,146094.94
2026-01-31T00:00:00+00:00,86.058,87.355,85.49,85.658,190553.76
2026-01-31T01:00:00+00:00,85.637,86.588,85.586,85.953,170759.65
2026-01-31T02:00:00+00:00,85.953,86.191,85.901,86.0,87275.37
2026-01-31T03:00:00+00:00,86.001,86.906,86.0,86.475,143915.64
2026-01-31T04:00:00+00:00,86.42,86.543,86.251,86.318,78572.94
2026-01-31T05:00:00+00:00,86.317,86.628,86.289,86.513,34291.33
2026-01-31T06:00:00+00:00,86.513,86.625,86.412,86.583,38222.55
2026-01-31T07:00:00+00:00,86.58,86.8,86.239,86.353,87763.89
2026-01-31T08:00:00+00:00,86.346,86.662,86.302,86.604,70091.84
2026-01-31T09:00:00+00:00,86.581,86.699,86.2,86.268,60791.78
2026-01-31T10:00:00+00:00,86.244,86.296,86.048,86.093,24589.42
2026-01-31T11:00:00+00:00,86.079,86.13,85.302,86.066,100028.88
2026-01-31T12:00:00+00:00,86.066,86.13,85.819,85.991,30619.29
2026-01-31T13:00:00+00:00,85.99,86.0,85.87,85.94,33518.84
2026-01-31T14:00:00+00:00,85.938,85.975,85.457,85.828,72813.97
2026-01-31T15:00:00+00:00,85.834,86.018,85.807,85.919,23400.49
2026-01-31T16:00:00+00:00,85.919,85.947,85.401,85.515,48520.61
2026-01-31T17:00:00+00:00,85.51,85.541,84.054,85.129,291603.35
2026-01-31T18:00:00+00:00,85.112,85.2,84.794,84.979,96389.36
2026-01-31T19:00:00+00:00,84.977,85.114,84.876,84.981,29696.82
2026-01-31T20:00:00+00:00,84.981,85.206,84.96,85.134,20671.59
2026-01-31T21:00:00+00:00,85.139,85.139,84.879,84.91,26810.06
2026-01-31T22:00:00+00:00,84.931,85.098,84.892,85.07,17181.97
2026-01-31T23:00:00+00:00,85.064,85.098,84.998,85.049,15096.05
2026-02-01T00:00:00+00:00,85.049,85.344,85.037,85.32,15951.25
2026-02-01T01:00:00+00:00,85.315,85.386,85.18,85.213,19083.53
2026-02-01T02:00:00+00:00,85.183,85.24,85.139,85.219,11087.3
2026-02-01T03:00:00+00:00,85.219,85.357,85.178,85.349,19967.14
2026-02-01T04:00:00+00:00,85.337,85.464,85.289,85.333,15088.5
2026-02-01T05:00:00+00:00,85.332,85.354,85.309,85.329,11100.17
2026-02-01T06:00:00+00:00,85.33,85.33,85.249,85.291,11560.79
2026-02-01T07:00:00+00:00,85.289,85.341,85.225,85.26,10492.76
2026-02-01T08:00:00+00:00,85.26,85.295,85.22,85.275,6902.25
2026-02-01T09:00:00+00:00,85.29,85.291,85.141,85.2,10811.47
2026-02-01T10:00:00+00:00,85.2,85.213,84.992,85.04,17900.44
2026-02-01T11:00:00+00:00,85.04,85.06,84.824,84.891,38894.79
2026-02-01T12:00:00+00:00,84.891,84.95,84.863,84.914,24530.73
2026-02-01T13:00:00+00:00,84.906,84.92,84.761,84.82,40441.65
2026-02-01T14:00:00+00:00,84.82,84.829,84.562,84.705,57471.75
2026-02-01T15:00:00+00:00,84.705,84.769,84.054,84.548,66642.23
2026-02-01T16:00:00+00:00,84.547,84.548,83.907,84.222,52423.74
2026-02-01T17:00:00+00:00,84.234,84.496,84.15,84.388,26093.74
2026-02-01T18:00:00+00:00,84.385,84.826,84.385,84.768,20996.75
2026-02-01T19:00:00+00:00,84.736,85.034,84.626,84.788,40127.03
2026-02-01T20:00:00+00:00,84.788,84.788,82.811,82.811,140294.99
2026-02-01T21:00:00+00:00,82.865,83.61,82.318,82.996,177666.59
2026-02-01T22:00:00+00:00,82.97,84.54,82.819,83.73,113872.67
2026-02-01T23:00:00+00:00,83.654,84.165,77.079,81.542,1782128.97
2026-02-02T00:00:00+00:00,81.55,87.999,81.221,85.771,1318042.8
2026-02-02T01:00:00+00:00,85.753,85.807,79.243,84.863,1320330.5
2026-02-02T02:00:00+00:00,84.87,85.074,80.423,81.019,731392.83
2026-02-02T03:00:00+00:00,81.052,82.0,76.754,77.144,1037347.2
2026-02-02T04:00:00+00:00,77.16,80.535,75.526,79.31,921048.36
2026-02-02T05:00:00+00:00,79.271,79.811,73.212,76.669,1228760.47
2026-02-02T06:00:00+00:00,76.618,77.848,72.063,74.815,1861403.95
2026-02-02T07:00:00+00:00,74.88,78.14,72.927,76.71,876340.54
2026-02-02T08:00:00+00:00,76.714,79.929,75.682,79.079,804068.35
2026-02-02T09:00:00+00:00,79.05,82.719,77.184,82.129,1058371.0
2026-02-02T10:00:00+00:00,82.096,82.859,80.276,81.904,698776.46
2026-02-02T11:00:00+00:00,81.885,84.244,81.851,82.931,615185.77
2026-02-02T12:00:00+00:00,82.931,84.513,81.807,83.945,946981.84
2026-02-02T13:00:00+00:00,83.92,83.984,79.847,81.736,925302.48
2026-02-02T14:00:00+00:00,81.766,82.768,78.1,78.753,832744.58
2026-02-02T15:00:00+00:00,78.731,80.004,75.75,75.92,1385004.3500000001
2026-02-02T16:00:00+00:00,75.93,79.619,75.49,78.599,948914.72
2026-02-02T17:00:00+00:00,78.621,80.205,77.987,79.399,663344.25
2026-02-02T18:00:00+00:00,79.366,79.793,76.451,79.224,569257.6
2026-02-02T19:00:00+00:00,79.182,81.721,78.678,81.3,591400.99
2026-02-02T20:00:00+00:00,81.26,81.457,79.955,80.103,595056.8
2026-02-02T21:00:00+00:00,80.112,80.953,79.086,79.354,384247.72
2026-02-02T22:00:00+00:00,79.344,79.624,79.28,79.432,45886.45
2026-02-02T23:00:00+00:00,79.46,82.929,79.449,82.9,731505.4399999999
2026-02-03T00:00:00+00:00,82.905,84.152,81.818,81.87,774037.9300000001
2026-02-03T01:00:00+00:00,81.86,85.6,81.808,84.479,784001.02
2026-02-03T02:00:00+00:00,84.566,84.566,81.033,81.848,792660.97
2026-02-03T03:00:00+00:00,81.812,83.432,81.325,83.378,411523.5
2026-02-03T04:00:00+00:00,83.36,83.939,82.542,83.431,248667.76
2026-02-03T05:00:00+00:00,83.405,83.901,82.9,83.244,220315.86
2026-02-03T06:00:00+00:00,83.259,85.578,83.099,84.94,409166.84
2026-02-03T07:00:00+00:00,84.914,86.97,84.374,86.747,688417.77
2026-02-03T08:00:00+00:00,86.705,87.953,86.287,87.342,629518.78
2026-02-03T09:00:00+00:00,87.34,87.719,85.633,86.693,589171.85
2026-02-03T10:00:00+00:00,86.688,87.42,86.196,86.403,329063.6
2026-02-03T11:00:00+00:00,86.411,87.029,85.477,86.483,480887.18
2026-02-03T12:00:00+00:00,86.487,87.566,86.19,87.169,338279.53
2026-02-03T13:00:00+00:00,87.194,89.164,87.04,88.107,518683.99
2026-02-03T14:00:00+00:00,88.121,88.994,86.48,88.129,963214.71
2026-02-03T15:00:00+00:00,88.126,88.609,87.093,88.385,800176.9
2026-02-03T16:00:00+00:00,88.416,89.167,86.711,86.885,533459.0600000001
2026-02-03T17:00:00+00:00,86.86,86.93,82.862,83.795,1427468.1399999999
2026-02-03T18:00:00+00:00,83.75,85.322,82.783,84.022,1054046.1200000001
2026-02-03T19:00:00+00:00,84.024,85.254,82.721,84.612,715667.79
2026-02-03T20:00:00+00:00,84.611,85.551,83.58,84.999,645158.65
2026-02-03T21:00:00+00:00,84.975,85.872,84.785,85.202,229174.48
2026-02-03T22:00:00+00:00,85.213,85.694,85.0,85.39,94961.9
2026-02-03T23:00:00+00:00,85.383,85.793,83.347,84.545,652744.84
2026-02-04T00:00:00+00:00,84.549,86.27,84.54,85.827,420622.58
2026-02-04T01:00:00+00:00,85.827,87.629,85.593,87.4,696370.4
2026-02-04T02:00:00+00:00,87.4,88.246,86.864,87.093,315829.85
2026-02-04T03:00:00+00:00,87.09,88.0,86.472,87.78,358893.53
2026-02-04T04:00:00+00:00,87.799,88.404,87.443,88.296,221784.0
2026-02-04T05:00:00+00:00,88.295,88.295,87.514,87.909,372567.47
2026-02-04T06:00:00+00:00,87.909,89.712,87.016,89.666,507181.5
2026-02-04T07:00:00+00:00,89.666,90.782,88.942,90.433,621285.52
2026-02-04T08:00:00+00:00,90.409,90.568,89.656,90.309,238342.71
2026-02-04T09:00:00+00:00,90.303,90.339,88.159,89.306,495941.38
2026-02-04T10:00:00+00:00,89.334,90.44,89.243,90.359,409724.32
2026-02-04T11:00:00+00:00,90.353,90.558,88.947,90.541,463223.75
2026-02-04T12:00:00+00:00,90.541,90.773,89.622,89.783,263000.04
2026-02-04T13:00:00+00:00,89.761,92.042,89.346,91.642,544666.02
2026-02-04T14:00:00+00:00,91.638,92.296,88.462,89.752,1457207.3300000001
2026-02-04T15:00:00+00:00,89.728,90.486,86.213,86.819,2076123.3400000001
2026-02-04T16:00:00+00:00,86.822,87.35,84.009,85.333,1324227.4199999999
2026-02-04T17:00:00+00:00,85.328,86.626,84.612,84.935,1205876.71
2026-02-04T18:00:00+00:00,84.904,86.4,83.633,85.941,875641.76
2026-02-04T19:00:00+00:00,85.912,87.457,85.689,87.17,572236.83
2026-02-04T20:00:00+00:00,87.14,87.76,85.615,87.41,335528.23
2026-02-04T21:00:00+00:00,87.461,88.165,87.167,88.046,140468.98
2026-02-04T22:00:00+00:00,88.064,88.3,87.285,88.015,197425.77
2026-02-04T23:00:00+00:00,87.995,90.101,87.967,89.468,497030.83
2026-02-05T00:00:00+00:00,89.446,90.409,88.692,89.593,231179.0
2026-02-05T01:00:00+00:00,89.622,89.95,86.584,86.594,656076.45
2026-02-05T02:00:00+00:00,86.614,86.745,74.127,74.564,3805825.0099999998
2026-02-05T03:00:00+00:00,74.623,77.798,73.728,77.137,2938033.8700000001
2026-02-05T04:00:00+00:00,77.132,77.942,75.833,76.195,1344483.6499999999
2026-02-05T05:00:00+00:00,76.193,77.979,73.967,77.339,1535108.95
2026-02-05T06:00:00+00:00,77.349,79.573,76.563,78.511,1047619.34
2026-02-05T07:00:00+00:00,78.487,80.357,78.18,79.992,857211.55
2026-02-05T08:00:00+00:00,80.031,81.053,78.995,79.796,771489.5699999999
2026-02-05T09:00:00+00:00,79.78,79.935,77.654,78.619,1519636.6699999999
2026-02-05T10:00:00+00:00,78.618,79.097,77.857,78.493,1085391.74
2026-02-05T11:00:00+00:00,78.49,79.449,78.063,78.365,809264.27
2026-02-05T12:00:00+00:00,78.361,78.814,75.537,75.957,2112774.1299999999
2026-02-05T13:00:00+00:00,75.998,77.84,74.765,76.036,2380273.96
2026-02-05T14:00:00+00:00,76.049,77.451,73.501,76.326,3357155.77
2026-02-05T15:00:00+00:00,76.32,77.099,72.254,74.119,4208815.1500000004
2026-02-05T16:00:00+00:00,74.106,77.54,73.91,77.135,2909993.3399999999
2026-02-05T17:00:00+00:00,77.114,77.53,76.066,76.65,1785539.01
2026-02-05T18:00:00+00:00,76.633,77.9,75.135,76.128,2183620.21
2026-02-05T19:00:00+00:00,76.118,76.51,74.219,74.635,1336250.27
2026-02-05T20:00:00+00:00,74.639,75.368,72.859,73.717,1488713.71
2026-02-05T21:00:00+00:00,73.714,74.375,70.578,70.891,2262056.1600000001
2026-02-05T22:00:00+00:00,70.891,71.595,70.333,71.138,1084280.71
2026-02-05T23:00:00+00:00,71.162,71.256,66.893,67.194,2960457.8399999999
2026-02-06T00:00:00+00:00,67.203,70.2,65.0,70.091,5795749.6699999999
2026-02-06T01:00:00+00:00,70.09,71.33,68.532,70.828,4548547.0899999999
2026-02-06T02:00:00+00:00,70.822,73.28,70.026,71.834,3537216.71
2026-02-06T03:00:00+00:00,71.796,73.203,70.5,72.932,1853262.01
2026-02-06T04:00:00+00:00,72.946,73.239,72.173,72.424,1046057.02
2026-02-06T05:00:00+00:00,72.381,75.089,72.3,74.998,746698.13
2026-02-06T06:00:00+00:00,74.997,75.274,71.963,72.562,885401.02
2026-02-06T07:00:00+00:00,72.526,73.162,71.859,72.258,718306.03
2026-02-06T08:00:00+00:00,72.233,74.485,71.553,73.703,736460.16
2026-02-06T09:00:00+00:00,73.715,74.564,73.195,74.055,386522.13
2026-02-06T10:00:00+00:00,74.045,74.45,73.388,74.253,134663.2
2026-02-06T11:00:00+00:00,74.266,75.08,73.654,74.675,200365.32
2026-02-06T12:00:00+00:00,74.674,75.055,73.799,74.899,322734.66
2026-02-06T13:00:00+00:00,74.924,76.32,74.744,75.485,690072.37
2026-02-06T14:00:00+00:00,75.474,76.46,74.182,76.3,870117.22
2026-02-06T15:00:00+00:00,76.312,77.079,75.45,75.825,808360.88
2026-02-06T16:00:00+00:00,75.802,76.633,75.028,76.437,389731.37
2026-02-06T17:00:00+00:00,76.481,77.566,76.306,77.463,193745.71
2026-02-06T18:00:00+00:00,77.432,78.109,76.702,77.184,359949.4
2026-02-06T19:00:00+00:00,77.184,77.728,77.02,77.484,154162.15
2026-02-06T20:00:00+00:00,77.455,77.68,76.611,77.46,293759.04
2026-02-06T21:00:00+00:00,77.459,78.082,76.965,77.738,145925.07
2026-02-06T22:00:00+00:00,77.736,78.35,77.62,77.996,104319.39
2026-02-06T23:00:00+00:00,77.995,78.106,77.691,77.699,39438.34
2026-02-07T00:00:00+00:00,77.712,77.844,77.557,77.607,21759.11
2026-02-07T01:00:00+00:00,77.607,77.756,77.552,77.666,7279.19
2026-02-07T02:00:00+00:00,77.666,77.8,77.652,77.702,7472.45
2026-02-07T03:00:00+00:00,77.702,77.79,77.689,77.723,5835.44
2026-02-07T04:00:00+00:00,77.717,77.767,77.652,77.739,8429.25
2026-02-07T05:00:00+00:00,77.734,77.838,77.661,77.779,8103.02
2026-02-07T06:00:00+00:00,77.781,77.848,77.721,77.752,11069.5
2026-02-07T07:00:00+00:00,77.752,77.799,77.645,77.769,42435.14
2026-02-07T08:00:00+00:00,77.769,77.769,77.61,77.682,4106.8
2026-02-07T09:00:00+00:00,77.684,77.695,77.57,77.661,5865.18
2026-02-07T10:00:00+00:00,77.661,77.722,77.65,77.681,2998.2
2026-02-07T11:00:00+00:00,77.685,77.798,77.657,77.688,5192.81
2026-02-07T12:00:00+00:00,77.689,77.79,77.643,77.732,5584.68
2026-02-07T13:00:00+00:00,77.74,77.825,77.707,77.805,3123.24
2026-02-07T14:00:00+00:00,77.815,77.953,77.746,77.77,14348.59
2026-02-07T15:00:00+00:00,77.78,77.86,77.735,77.808,11425.88
2026-02-07T16:00:00+00:00,77.807,77.855,77.725,77.762,6240.96
2026-02-07T17:00:00+00:00,77.773,77.795,77.725,77.775,2731.09
2026-02-07T18:00:00+00:00,77.775,77.831,77.774,77.825,2830.83
2026-02-07T19:00:00+00:00,77.826,77.94,77.826,77.877,5166.19
2026-02-07T20:00:00+00:00,77.878,77.926,77.842,77.852,3588.68
2026-02-07T21:00:00+00:00,77.856,77.905,77.84,77.878,2155.46
2026-02-07T22:00:00+00:00,77.878,77.913,77.858,77.889,1602.34
2026-02-07T23:00:00+00:00,77.887,77.995,77.845,77.939,6398.66
2026-02-08T00:00:00+00:00,77.939,78.075,77.914,77.933,8634.99
2026-02-08T01:00:00+00:00,77.933,77.974,77.917,77.951,5163.59
2026-02-08T02:00:00+00:00,77.951,78.069,77.937,78.024,6546.94
2026-02-08T03:00:00+00:00,78.046,78.076,77.979,77.988,5404.06
2026-02-08T04:00:00+00:00,77.987,78.044,77.965,78.011,3472.23
2026-02-08T05:00:00+00:00,78.002,78.081,77.948,78.029,14715.13
2026-02-08T06:00:00+00:00,78.03,78.261,78.004,78.105,7555.07
2026-02-08T07:00:00+00:00,78.12,78.187,78.056,78.102,9637.48
2026-02-08T08:00:00+00:00,78.11,78.141,78.076,78.109,3703.74
2026-02-08T09:00:00+00:00,78.108,78.141,78.076,78.114,6133.33
2026-02-08T10:00:00+00:00,78.114,78.145,77.99,78.059,8325.85
2026-02-08T11:00:00+00:00,78.059,78.138,77.95,78.081,10912.29
2026-02-08T12:00:00+00:00,78.102,78.218,78.083,78.175,9987.24
2026-02-08T13:00:00+00:00,78.175,78.204,78.122,78.197,4817.05
2026-02-08T14:00:00+00:00,78.19,78.301,78.1,78.265,26412.08
2026-02-08T15:00:00+00:00,78.265,78.452,78.081,78.13,21700.92
2026-02-08T16:00:00+00:00,78.13,78.236,78.087,78.108,9294.88
2026-02-08T17:00:00+00:00,78.109,78.191,78.072,78.098,8840.54
2026-02-08T18:00:00+00:00,78.091,78.199,77.996,78.129,12983.76
2026-02-08T19:00:00+00:00,78.131,78.19,78.1,78.131,4145.59
2026-02-08T20:00:00+00:00,78.131,78.364,78.131,78.3,11762.78
2026-02-08T21:00:00+00:00,78.3,78.375,78.267,78.369,5085.55
2026-02-08T22:00:00+00:00,78.367,79.935,78.3,79.675,104166.76
2026-02-08T23:00:00+00:00,79.684,80.265,78.178,79.844,808262.64
2026-02-09T00:00:00+00:00,79.847,80.065,79.01,79.516,368549.09
2026-02-09T01:00:00+00:00,79.523,81.619,79.397,80.236,716880.92
2026-02-09T02:00:00+00:00,80.263,81.294,79.691,80.957,398882.7
2026-02-09T03:00:00+00:00,80.927,81.589,80.877,81.054,212288.42
2026-02-09T04:00:00+00:00,81.034,82.091,80.882,81.741,157001.32
2026-02-09T05:00:00+00:00,81.759,82.244,81.561,82.135,114117.35
2026-02-09T06:00:00+00:00,82.143,82.435,81.1,82.086,249288.87
2026-02-09T07:00:00+00:00,82.059,82.059,80.439,81.035,266071.46
2026-02-09T08:00:00+00:00,81.044,82.18,80.957,81.916,203227.92
2026-02-09T09:00:00+00:00,81.903,82.18,81.0,81.052,173337.56
2026-02-09T10:00:00+00:00,81.032,81.338,78.642,79.155,386857.31
2026-02-09T11:00:00+00:00,79.156,80.362,79.0,80.306,232285.49
2026-02-09T12:00:00+00:00,80.321,80.763,79.879,80.297,210757.82
2026-02-09T13:00:00+00:00,80.298,80.726,79.064,79.725,412274.14
2026-02-09T14:00:00+00:00,79.725,81.903,79.384,81.623,567048.11
2026-02-09T15:00:00+00:00,81.623,82.682,81.195,82.675,258349.32
2026-02-09T16:00:00+00:00,82.667,83.666,82.479,83.529,251472.76
2026-02-09T17:00:00+00:00,83.518,83.648,82.441,82.641,207799.63
2026-02-09T18:00:00+00:00,82.649,83.177,82.035,83.156,141840.43
2026-02-09T19:00:00+00:00,83.156,83.609,82.859,83.385,51192.28
2026-02-09T20:00:00+00:00,83.409,84.019,83.365,83.829,126936.28
2026-02-09T21:00:00+00:00,83.851,83.882,83.01,83.425,118175.33
2026-02-09T22:00:00+00:00,83.441,83.835,83.202,83.614,150225.47
2026-02-09T23:00:00+00:00,83.614,84.084,80.889,81.761,532268.28
2026-02-10T00:00:00+00:00,81.741,82.717,81.111,81.499,329898.66
2026-02-10T01:00:00+00:00,81.506,82.112,80.781,82.112,245735.84
2026-02-10T02:00:00+00:00,82.106,82.931,81.92,82.101,161650.2
2026-02-10T03:00:00+00:00,82.079,82.17,80.928,81.446,151579.75
2026-02-10T04:00:00+00:00,81.445,81.683,81.031,81.324,71753.89
2026-02-10T05:00:00+00:00,81.311,81.729,80.556,81.57,126133.96
2026-02-10T06:00:00+00:00,81.579,82.051,81.16,81.216,80025.78
2026-02-10T07:00:00+00:00,81.216,81.807,81.01,81.733,166693.63
2026-02-10T08:00:00+00:00,81.738,82.417,81.259,82.271,152162.06
2026-02-10T09:00:00+00:00,82.257,82.793,81.942,82.055,101694.76
2026-02-10T10:00:00+00:00,82.086,82.571,81.784,82.225,115044.3
2026-02-10T11:00:00+00:00,82.222,82.37,81.651,82.235,75186.07
2026-02-10T12:00:00+00:00,82.257,82.561,81.326,81.592,142471.2
2026-02-10T13:00:00+00:00,81.596,82.186,81.23,81.946,268167.39
2026-02-10T14:00:00+00:00,81.96,83.01,81.23,82.116,607947.7
2026-02-10T15:00:00+00:00,82.1,82.208,80.384,80.939,419305.09
2026-02-10T16:00:00+00:00,80.953,80.982,79.8,80.486,491638.13
2026-02-10T17:00:00+00:00,80.497,81.625,80.43,81.004,335492.84
2026-02-10T18:00:00+00:00,81.025,81.152,80.282,80.69,124405.61
2026-02-10T19:00:00+00:00,80.712,81.277,80.472,81.117,53960.73
2026-02-10T20:00:00+00:00,81.089,81.303,80.628,80.971,97046.59
2026-02-10T21:00:00+00:00,80.943,81.056,80.599,80.768,72527.52
2026-02-10T22:00:00+00:00,80.804,80.95,80.581,80.798,40564.13
2026-02-10T23:00:00+00:00,80.844,81.637,80.816,81.397,101056.32
2026-02-11T00:00:00+00:00,81.394,81.84,81.051,81.394,50129.67
2026-02-11T01:00:00+00:00,81.406,82.0,81.232,81.972,66779.06
2026-02-11T02:00:00+00:00,81.972,82.529,81.636,82.332,93688.87
2026-02-11T03:00:00+00:00,82.317,82.846,82.152,82.671,91030.66
2026-02-11T04:00:00+00:00,82.67,82.741,82.364,82.411,57936.11
2026-02-11T05:00:00+00:00,82.412,82.637,81.991,82.151,63863.6
2026-02-11T06:00:00+00:00,82.128,83.521,81.958,83.384,107231.6
2026-02-11T07:00:00+00:00,83.389,84.021,83.263,83.757,122799.87
2026-02-11T08:00:00+00:00,83.763,84.02,83.329,83.747,66990.55
2026-02-11T09:00:00+00:00,83.744,84.983,83.375,84.713,130288.58
2026-02-11T10:00:00+00:00,84.728,85.72,84.586,85.581,290570.93
2026-02-11T11:00:00+00:00,85.576,86.262,85.406,86.131,172579.13
2026-02-11T12:00:00+00:00,86.136,86.323,84.949,85.807,261594.77
2026-02-11T13:00:00+00:00,85.777,85.897,83.399,84.659,949174.86
2026-02-11T14:00:00+00:00,84.679,85.479,83.254,83.736,1087898.22
2026-02-11T15:00:00+00:00,83.766,84.659,82.6,83.3,613306.09
2026-02-11T16:00:00+00:00,83.3,84.02,82.691,83.692,258210.43
2026-02-11T17:00:00+00:00,83.703,84.852,83.323,84.707,145291.95
2026-02-11T18:00:00+00:00,84.702,84.733,83.904,84.13,160907.75
2026-02-11T19:00:00+00:00,84.105,84.646,83.997,84.16,96933.32
2026-02-11T20:00:00+00:00,84.175,84.616,83.947,84.476,122542.58
2026-02-11T21:00:00+00:00,84.47,84.616,83.852,84.36,154959.38
2026-02-11T22:00:00+00:00,84.374,84.555,84.289,84.502,31670.61
2026-02-11T23:00:00+00:00,84.491,85.063,82.776,82.776,337809.16
2026-02-12T00:00:00+00:00,82.805,83.155,81.785,82.474,408922.26
2026-02-12T01:00:00+00:00,82.467,83.42,81.5,83.391,248628.49
2026-02-12T02:00:00+00:00,83.415,83.65,82.979,83.462,107597.16
2026-02-12T03:00:00+00:00,83.439,84.1,83.247,83.523,168219.62
2026-02-12T04:00:00+00:00,83.51,83.783,82.954,83.476,109290.23
2026-02-12T05:00:00+00:00,83.474,84.174,83.377,83.974,108530.47
2026-02-12T06:00:00+00:00,84.026,84.227,83.007,83.095,133214.75
2026-02-12T07:00:00+00:00,83.09,83.56,82.733,83.385,159608.79
2026-02-12T08:00:00+00:00,83.386,83.948,83.23,83.847,160801.59
2026-02-12T09:00:00+00:00,83.848,84.02,83.683,83.78,115249.98
2026-02-12T10:00:00+00:00,83.779,83.981,83.1,83.237,172132.69
2026-02-12T11:00:00+00:00,83.255,83.632,83.138,83.503,81278.78
2026-02-12T12:00:00+00:00,83.487,83.546,81.904,82.29,230100.81
2026-02-12T13:00:00+00:00,82.279,83.253,82.026,83.092,341324.59
2026-02-12T14:00:00+00:00,83.091,83.535,82.286,82.502,272612.6
2026-02-12T15:00:00+00:00,82.492,83.185,82.357,82.415,399826.07
2026-02-12T16:00:00+00:00,82.395,82.562,74.946,76.289,3577891.71
2026-02-12T17:00:00+00:00,76.265,77.834,75.496,75.505,834540.12
2026-02-12T18:00:00+00:00,75.496,76.912,74.691,76.122,611703.5
2026-02-12T19:00:00+00:00,76.103,76.806,75.744,76.274,327563.79
2026-02-12T20:00:00+00:00,76.264,76.463,74.329,74.808,379948.29
2026-02-12T21:00:00+00:00,74.789,75.474,74.693,75.213,160403.97
2026-02-12T22:00:00+00:00,75.196,75.779,75.189,75.602,134830.69
2026-02-12T23:00:00+00:00,75.595,75.67,73.944,75.162,642612.54
2026-02-13T00:00:00+00:00,75.137,76.362,74.714,75.098,416030.77
2026-02-13T01:00:00+00:00,75.096,77.301,75.072,76.733,419248.01
2026-02-13T02:00:00+00:00,76.745,77.139,76.35,77.108,128256.86
2026-02-13T03:00:00+00:00,77.107,77.346,76.649,77.073,198163.61
2026-02-13T04:00:00+00:00,77.082,77.683,76.986,77.059,210850.0
2026-02-13T05:00:00+00:00,77.079,77.467,75.966,76.081,290874.09
2026-02-13T06:00:00+00:00,76.094,77.43,76.065,77.362,210142.5
2026-02-13T07:00:00+00:00,77.333,78.377,76.86,77.901,224988.52
2026-02-13T08:00:00+00:00,77.884,79.319,77.82,78.887,325773.92
2026-02-13T09:00:00+00:00,78.871,79.063,78.15,78.177,196376.9
2026-02-13T10:00:00+00:00,78.188,78.726,77.533,77.639,200245.84
2026-02-13T11:00:00+00:00,77.65,77.677,76.625,77.325,254966.4
2026-02-13T12:00:00+00:00,77.324,78.052,76.899,77.77,184238.51
2026-02-13T13:00:00+00:00,77.795,79.269,77.03,78.659,580536.45
2026-02-13T14:00:00+00:00,78.659,79.094,76.01,77.374,730222.5
2026-02-13T15:00:00+00:00,77.36,78.707,76.936,77.057,628208.76
2026-02-13T16:00:00+00:00,77.02,78.454,77.02,77.583,272203.09
2026-02-13T17:00:00+00:00,77.617,78.25,77.301,77.718,133564.68
2026-02-13T18:00:00+00:00,77.733,78.258,77.564,77.67,97144.69
2026-02-13T19:00:00+00:00,77.688,78.263,77.335,77.335,87189.71
2026-02-13T20:00:00+00:00,77.333,77.51,76.518,77.021,118695.06
2026-02-13T21:00:00+00:00,77.045,77.501,76.833,77.339,106880.12
2026-02-13T22:00:00+00:00,77.308,77.415,77.231,77.287,22509.31
2026-02-13T23:00:00+00:00,77.273,77.375,77.186,77.256,11389.11
2026-02-14T00:00:00+00:00,77.253,77.348,77.243,77.303,9261.83
2026-02-14T01:00:00+00:00,77.305,77.329,77.303,77.314,3912.46
2026-02-14T02:00:00+00:00,77.314,77.346,77.295,77.343,3564.48
2026-02-14T03:00:00+00:00,77.342,77.343,77.307,77.313,591.77
2026-02-14T04:00:00+00:00,77.315,77.333,77.298,77.298,999.4
2026-02-14T05:00:00+00:00,77.299,77.34,77.295,77.34,1330.0
2026-02-14T06:00:00+00:00,77.33,77.356,77.309,77.324,3083.76
2026-02-14T07:00:00+00:00,77.325,77.351,77.32,77.346,3456.24
2026-02-14T08:00:00+00:00,77.347,77.455,77.347,77.4,4602.87
2026-02-14T09:00:00+00:00,77.399,77.446,77.376,77.421,5767.34
2026-02-14T10:00:00+00:00,77.42,77.512,77.398,77.453,9393.75
2026-02-14T11:00:00+00:00,77.454,77.464,77.404,77.425,4662.17
2026-02-14T12:00:00+00:00,77.425,77.44,77.397,77.434,2698.59
2026-02-14T13:00:00+00:00,77.433,77.444,77.395,77.432,3254.12
2026-02-14T14:00:00+00:00,77.428,77.444,77.407,77.407,1266.3
2026-02-14T15:00:00+00:00,77.42,77.443,77.385,77.413,2627.58
2026-02-14T16:00:00+00:00,77.413,77.416,77.362,77.391,2075.77
2026-02-14T17:00:00+00:00,77.392,77.392,77.374,77.384,838.03
2026-02-14T18:00:00+00:00,77.384,77.397,77.383,77.39,374.25
2026-02-14T19:00:00+00:00,77.391,77.424,77.387,77.401,3520.32
2026-02-14T20:00:00+00:00,77.408,77.444,77.396,77.434,3761.73
2026-02-14T21:00:00+00:00,77.421,77.421,77.399,77.405,723.03
2026-02-14T22:00:00+00:00,77.407,77.407,77.383,77.402,1048.93
2026-02-14T23:00:00+00:00,77.402,77.434,77.38,77.38,2263.05
2026-02-15T00:00:00+00:00,77.402,77.402,77.367,77.388,1607.42
2026-02-15T01:00:00+00:00,77.388,77.418,77.388,77.404,1154.39
2026-02-15T02:00:00+00:00,77.404,77.425,77.392,77.405,270.8
2026-02-15T03:00:00+00:00,77.405,77.447,77.396,77.397,2469.63
2026-02-15T04:00:00+00:00,77.397,77.425,77.393,77.394,495.17
2026-02-15T05:00:00+00:00,77.394,77.394,77.344,77.38,2309.57
2026-02-15T06:00:00+00:00,77.379,77.395,77.377,77.379,791.1
2026-02-15T07:00:00+00:00,77.379,77.379,77.351,77.371,944.52
2026-02-15T08:00:00+00:00,77.371,77.371,77.354,77.37,686.08
2026-02-15T09:00:00+00:00,77.37,77.416,77.369,77.416,1125.52
2026-02-15T10:00:00+00:00,77.414,77.434,77.4,77.4,536.26
2026-02-15T11:00:00+00:00,77.406,77.421,77.4,77.402,490.46
2026-02-15T12:00:00+00:00,77.413,77.458,77.403,77.424,3944.46
2026-02-15T13:00:00+00:00,77.436,77.479,77.416,77.449,6802.36
2026-02-15T14:00:00+00:00,77.449,77.485,77.449,77.48,3064.38
2026-02-15T15:00:00+00:00,77.465,77.49,77.449,77.471,568.06
2026-02-15T16:00:00+00:00,77.483,78.557,77.483,78.172,53540.3
2026-02-15T17:00:00+00:00,78.172,78.187,77.585,77.734,21628.39
2026-02-15T18:00:00+00:00,77.74,77.78,77.595,77.719,9084.57
2026-02-15T19:00:00+00:00,77.719,77.722,77.54,77.564,6136.95
2026-02-15T20:00:00+00:00,77.572,77.898,77.563,77.89,13699.88
2026-02-15T21:00:00+00:00,77.89,77.941,77.791,77.872,7051.5
2026-02-15T22:00:00+00:00,77.855,77.871,77.637,77.701,6927.62
2026-02-15T23:00:00+00:00,77.67,78.553,74.787,76.349,762851.63
2026-02-16T00:00:00+00:00,76.354,76.944,75.946,76.813,230718.71
2026-02-16T01:00:00+00:00,76.786,77.55,76.477,77.357,145280.78
2026-02-16T02:00:00+00:00,77.374,77.54,75.791,75.809,89350.88
2026-02-16T03:00:00+00:00,75.84,75.915,74.695,75.211,230275.6
2026-02-16T04:00:00+00:00,75.222,75.496,74.894,75.276,75317.33
2026-02-16T05:00:00+00:00,75.276,75.936,75.035,75.895,56413.71
2026-02-16T06:00:00+00:00,75.894,77.011,75.789,76.535,64074.56
2026-02-16T07:00:00+00:00,76.532,77.043,76.435,76.945,64040.19
2026-02-16T08:00:00+00:00,76.937,77.263,76.55,77.107,82287.69
2026-02-16T09:00:00+00:00,77.095,77.379,76.959,76.991,69897.85
2026-02-16T10:00:00+00:00,76.996,77.353,76.755,77.09,72611.73
2026-02-16T11:00:00+00:00,77.098,77.171,76.82,77.106,47785.06
2026-02-16T12:00:00+00:00,77.099,77.177,76.698,76.95,65774.09
2026-02-16T13:00:00+00:00,76.95,77.124,76.753,76.953,65815.94
2026-02-16T14:00:00+00:00,76.925,77.128,76.329,76.635,89033.79
2026-02-16T15:00:00+00:00,76.636,76.75,75.942,76.1,77707.86
2026-02-16T16:00:00+00:00,76.105,76.664,75.726,76.318,76378.9
2026-02-16T17:00:00+00:00,76.337,76.74,76.337,76.55,46968.84
2026-02-16T18:00:00+00:00,76.555,76.863,76.475,76.735,51274.91
2026-02-16T19:00:00+00:00,76.737,76.782,76.455,76.627,39731.24
2026-02-16T20:00:00+00:00,76.641,76.681,76.508,76.556,6510.97
2026-02-16T21:00:00+00:00,76.541,76.687,76.503,76.668,17369.94
2026-02-16T22:00:00+00:00,76.657,76.822,76.635,76.647,19213.66
2026-02-16T23:00:00+00:00,76.647,76.848,76.139,76.437,150497.73
2026-02-17T00:00:00+00:00,76.44,76.503,74.4,74.682,177022.18
2026-02-17T01:00:00+00:00,74.692,76.307,73.1,75.838,418718.61
2026-02-17T02:00:00+00:00,75.845,76.427,75.638,76.289,81488.65
2026-02-17T03:00:00+00:00,76.271,76.467,74.944,75.459,197568.83
2026-02-17T04:00:00+00:00,75.473,75.685,74.953,75.151,64330.46
2026-02-17T05:00:00+00:00,75.132,75.243,72.612,73.903,641064.96
2026-02-17T06:00:00+00:00,73.928,74.833,73.906,74.71,190824.31
2026-02-17T07:00:00+00:00,74.705,75.12,74.248,74.995,116922.64
2026-02-17T08:00:00+00:00,74.995,75.484,74.859,75.005,105813.72
2026-02-17T09:00:00+00:00,75.002,75.082,74.043,74.622,135233.09
2026-02-17T10:00:00+00:00,74.611,74.981,73.669,73.97,126101.82
2026-02-17T11:00:00+00:00,73.975,74.863,73.973,74.732,78298.65
2026-02-17T12:00:00+00:00,74.721,75.278,74.51,74.62,114966.33
2026-02-17T13:00:00+00:00,74.623,74.676,72.997,73.008,340886.14
2026-02-17T14:00:00+00:00,73.003,74.778,72.138,72.36,810739.98
2026-02-17T15:00:00+00:00,72.313,73.355,71.989,73.24,524466.21
2026-02-17T16:00:00+00:00,73.247,73.889,73.119,73.132,252066.5
2026-02-17T17:00:00+00:00,73.12,73.188,72.05,72.725,277451.1
2026-02-17T18:00:00+00:00,72.711,74.1,72.624,73.815,285615.01
2026-02-17T19:00:00+00:00,73.814,74.096,73.42,73.517,212596.58
2026-02-17T20:00:00+00:00,73.517,73.625,73.082,73.29,89007.58
2026-02-17T21:00:00+00:00,73.285,73.702,73.248,73.569,51278.56
2026-02-17T22:00:00+00:00,73.573,73.757,73.502,73.643,27987.1
2026-02-17T23:00:00+00:00,73.642,73.798,72.309,72.457,294548.86
2026-02-18T00:00:00+00:00,72.455,73.057,72.368,72.57,128897.99
2026-02-18T01:00:00+00:00,72.573,73.556,72.573,73.46,116813.03
2026-02-18T02:00:00+00:00,73.482,73.882,73.262,73.574,69722.49
2026-02-18T03:00:00+00:00,73.585,74.78,73.565,74.752,128194.01
2026-02-18T04:00:00+00:00,74.717,75.884,74.514,75.884,123390.34
2026-02-18T05:00:00+00:00,75.883,76.162,75.494,75.621,87528.38
2026-02-18T06:00:00+00:00,75.623,75.776,75.257,75.518,64778.2
2026-02-18T07:00:00+00:00,75.518,76.077,75.448,75.715,42529.26
2026-02-18T08:00:00+00:00,75.718,76.055,75.545,75.862,82613.66
2026-02-18T09:00:00+00:00,75.857,76.101,75.665,75.706,34754.5
2026-02-18T10:00:00+00:00,75.699,76.308,75.458,75.73,54951.2
2026-02-18T11:00:00+00:00,75.718,75.898,75.3,75.439,48121.46
2026-02-18T12:00:00+00:00,75.44,75.882,75.3,75.678,76107.68
2026-02-18T13:00:00+00:00,75.68,76.998,75.624,76.676,118103.09
2026-02-18T14:00:00+00:00,76.687,77.79,76.648,77.623,198813.15
2026-02-18T15:00:00+00:00,77.648,78.306,77.54,77.668,252458.3
2026-02-18T16:00:00+00:00,77.676,78.245,77.638,77.815,117620.49
2026-02-18T17:00:00+00:00,77.818,78.327,77.667,78.159,110894.04
2026-02-18T18:00:00+00:00,78.175,78.307,76.93,77.24,192904.23
2026-02-18T19:00:00+00:00,77.223,77.439,76.278,76.642,180721.68
2026-02-18T20:00:00+00:00,76.657,77.381,76.507,77.316,155006.84
2026-02-18T21:00:00+00:00,77.315,77.346,77.033,77.154,63505.63
2026-02-18T22:00:00+00:00,77.167,77.4,77.16,77.277,37680.25
2026-02-18T23:00:00+00:00,77.272,77.666,76.883,77.144,236729.98
2026-02-19T00:00:00+00:00,77.141,77.163,76.421,76.455,171139.88
2026-02-19T01:00:00+00:00,76.448,77.284,76.44,77.259,135903.12
2026-02-19T02:00:00+00:00,77.271,77.436,76.999,77.168,61826.04
2026-02-19T03:00:00+00:00,77.176,78.071,77.04,77.967,44353.21
2026-02-19T04:00:00+00:00,77.966,78.232,77.65,77.887,46059.29
2026-02-19T05:00:00+00:00,77.886,78.126,77.873,77.939,30282.17
2026-02-19T06:00:00+00:00,77.949,78.962,77.905,78.837,65688.86
2026-02-19T07:00:00+00:00,78.861,79.23,78.808,78.899,80740.94
2026-02-19T08:00:00+00:00,78.891,79.5,78.63,79.203,63213.45
2026-02-19T09:00:00+00:00,79.204,79.307,78.361,78.573,67725.09
2026-02-19T10:00:00+00:00,78.575,78.596,78.15,78.463,72675.42
2026-02-19T11:00:00+00:00,78.456,78.619,77.327,77.898,147115.1
2026-02-19T12:00:00+00:00,77.914,78.252,77.37,78.066,142128.83
2026-02-19T13:00:00+00:00,78.073,78.452,77.514,78.345,199167.45
2026-02-19T14:00:00+00:00,78.337,78.346,77.151,77.953,252483.41
2026-02-19T15:00:00+00:00,77.964,79.104,77.915,78.629,315338.36
2026-02-19T16:00:00+00:00,78.623,78.635,77.333,77.518,248132.1
2026-02-19T17:00:00+00:00,77.522,78.041,77.391,77.542,149839.97
2026-02-19T18:00:00+00:00,77.542,77.892,77.427,77.761,152217.95
2026-02-19T19:00:00+00:00,77.752,78.091,77.518,77.747,78876.14
2026-02-19T20:00:00+00:00,77.758,78.495,77.748,78.397,78870.38
2026-02-19T21:00:00+00:00,78.381,78.541,78.135,78.524,87426.89
2026-02-19T22:00:00+00:00,78.528,78.531,78.316,78.355,26256.42
2026-02-19T23:00:00+00:00,78.378,78.722,77.846,77.912,219784.45
2026-02-20T00:00:00+00:00,77.913,78.73,77.805,78.7,207726.88
2026-02-20T01:00:00+00:00,78.688,78.765,78.153,78.328,170567.44
2026-02-20T02:00:00+00:00,78.329,78.684,77.946,78.139,84002.73
2026-02-20T03:00:00+00:00,78.13,78.647,77.385,77.698,160405.62
2026-02-20T04:00:00+00:00,77.704,78.353,77.682,78.222,75018.61
2026-02-20T05:00:00+00:00,78.232,79.001,78.232,78.714,124902.2
2026-02-20T06:00:00+00:00,78.712,79.245,78.553,78.867,273030.67
2026-02-20T07:00:00+00:00,78.861,79.174,78.747,78.812,123022.79
2026-02-20T08:00:00+00:00,78.819,80.083,78.809,79.994,170512.73
2026-02-20T09:00:00+00:00,79.987,81.302,79.938,80.386,313345.32
2026-02-20T10:00:00+00:00,80.395,81.03,80.265,80.79,150166.37
2026-02-20T11:00:00+00:00,80.796,81.036,80.145,80.524,158379.64
2026-02-20T12:00:00+00:00,80.51,80.745,80.044,80.593,135387.18
2026-02-20T13:00:00+00:00,80.592,81.047,80.179,80.856,366927.73
2026-02-20T14:00:00+00:00,80.85,82.058,80.566,81.754,327502.31
2026-02-20T15:00:00+00:00,81.753,82.618,79.857,81.866,1095722.9099999999
2026-02-20T16:00:00+00:00,81.866,82.62,81.514,82.455,517870.14
2026-02-20T17:00:00+00:00,82.455,82.894,81.862,82.725,446412.14
2026-02-20T18:00:00+00:00,82.732,82.909,82.267,82.834,278003.7
2026-02-20T19:00:00+00:00,82.835,83.357,82.695,83.277,123541.6
2026-02-20T20:00:00+00:00,83.261,84.586,83.225,84.477,358321.24
2026-02-20T21:00:00+00:00,84.466,84.643,83.837,84.584,320930.99
2026-02-20T22:00:00+00:00,84.59,84.855,84.353,84.673,103172.32
2026-02-20T23:00:00+00:00,84.661,84.8,84.587,84.587,34062.63
2026-02-21T00:00:00+00:00,84.608,84.714,84.515,84.654,30226.93
2026-02-21T01:00:00+00:00,84.654,84.673,84.548,84.594,8649.71
2026-02-21T02:00:00+00:00,84.594,84.616,84.507,84.547,14217.93
2026-02-21T03:00:00+00:00,84.548,84.622,84.537,84.616,11254.77
2026-02-21T04:00:00+00:00,84.616,84.621,84.535,84.593,4212.07
2026-02-21T05:00:00+00:00,84.593,84.622,84.559,84.616,5598.14
2026-02-21T06:00:00+00:00,84.61,84.622,84.594,84.622,2843.3
2026-02-21T07:00:00+00:00,84.622,84.622,84.61,84.615,4981.95
2026-02-21T08:00:00+00:00,84.616,84.79,84.603,84.735,12720.77
2026-02-21T09:00:00+00:00,84.734,84.766,84.655,84.711,15691.15
2026-02-21T10:00:00+00:00,84.707,84.731,84.65,84.67,8286.21
2026-02-21T11:00:00+00:00,84.67,84.692,84.649,84.659,7914.96
2026-02-21T12:00:00+00:00,84.66,84.67,84.594,84.656,8612.45
2026-02-21T13:00:00+00:00,84.642,84.66,84.61,84.654,6146.1
2026-02-21T14:00:00+00:00,84.648,84.66,84.586,84.659,9496.75
2026-02-21T15:00:00+00:00,84.655,84.708,84.65,84.68,9094.03
2026-02-21T16:00:00+00:00,84.68,84.773,84.641,84.696,10017.01
2026-02-21T17:00:00+00:00,84.696,84.745,84.669,84.741,4403.3
2026-02-21T18:00:00+00:00,84.741,84.892,84.734,84.888,7631.67
2026-02-21T19:00:00+00:00,84.885,85.0,84.865,84.94,10409.35
2026-02-21T20:00:00+00:00,84.941,84.98,84.752,84.818,11945.02
2026-02-21T21:00:00+00:00,84.804,84.856,84.786,84.845,4244.59
2026-02-21T22:00:00+00:00,84.839,84.862,84.812,84.841,2611.82
2026-02-21T23:00:00+00:00,84.842,84.908,84.816,84.845,4862.56
2026-02-22T00:00:00+00:00,84.841,84.925,84.841,84.895,4540.84
2026-02-22T01:00:00+00:00,84.898,84.965,84.876,84.959,9048.98
2026-02-22T02:00:00+00:00,84.96,85.076,84.941,85.038,17286.73
2026-02-22T03:00:00+00:00,85.037,85.12,85.002,85.029,14152.73
2026-02-22T04:00:00+00:00,85.028,85.103,85.024,85.053,5159.06
2026-02-22T05:00:00+00:00,85.053,85.128,85.015,85.058,8030.88
2026-02-22T06:00:00+00:00,85.057,85.1,85.055,85.087,2098.63
2026-02-22T07:00:00+00:00,85.088,85.162,85.079,85.095,6315.61
2026-02-22T08:00:00+00:00,85.095,85.155,85.061,85.084,4784.32
2026-02-22T09:00:00+00:00,85.084,85.112,85.074,85.081,3313.46
2026-02-22T10:00:00+00:00,85.084,85.089,85.051,85.065,5408.04
2026-02-22T11:00:00+00:00,85.066,85.08,84.997,85.017,7817.58
2026-02-22T12:00:00+00:00,85.017,85.114,84.926,85.107,16363.61
2026-02-22T13:00:00+00:00,85.105,85.23,85.083,85.222,10697.98
2026-02-22T14:00:00+00:00,85.223,85.462,85.2,85.425,22103.94
2026-02-22T15:00:00+00:00,85.412,85.556,85.168,85.307,28670.01
2026-02-22T16:00:00+00:00,85.312,85.769,85.308,85.404,80873.6
2026-02-22T17:00:00+00:00,85.411,85.616,85.374,85.602,30215.92
2026-02-22T18:00:00+00:00,85.602,85.654,85.374,85.39,61892.66
2026-02-22T19:00:00+00:00,85.394,85.572,85.356,85.358,39892.3
2026-02-22T20:00:00+00:00,85.355,85.701,85.355,85.623,113715.04
2026-02-22T21:00:00+00:00,85.623,85.66,85.51,85.605,25941.3
2026-02-22T22:00:00+00:00,85.604,86.005,85.579,85.869,55268.93
2026-02-22T23:00:00+00:00,85.853,87.256,84.841,87.019,894031.04
2026-02-23T00:00:00+00:00,87.022,87.116,86.016,86.275,394332.49
2026-02-23T01:00:00+00:00,86.289,87.91,85.887,86.798,358514.8
2026-02-23T02:00:00+00:00,86.797,87.846,86.744,87.554,204696.57
2026-02-23T03:00:00+00:00,87.557,87.629,86.974,87.16,180778.63
2026-02-23T04:00:00+00:00,87.149,87.506,87.001,87.114,112648.92
2026-02-23T05:00:00+00:00,87.114,87.235,86.734,86.964,105193.09
2026-02-23T06:00:00+00:00,86.966,87.102,86.262,86.338,155068.79
2026-02-23T07:00:00+00:00,86.348,86.608,85.092,85.797,335185.93
2026-02-23T08:00:00+00:00,85.784,86.4,85.615,86.352,128724.0
2026-02-23T09:00:00+00:00,86.328,86.814,86.242,86.7,173966.21
2026-02-23T10:00:00+00:00,86.699,87.092,86.643,86.991,125280.95
2026-02-23T11:00:00+00:00,86.989,87.015,86.228,86.522,128106.17
2026-02-23T12:00:00+00:00,86.509,87.17,86.366,87.117,149294.11
2026-02-23T13:00:00+00:00,87.115,87.158,85.675,85.707,331954.94
2026-02-23T14:00:00+00:00,85.718,88.1,85.661,87.322,380584.08
2026-02-23T15:00:00+00:00,87.333,87.642,86.337,86.702,520761.43
2026-02-23T16:00:00+00:00,86.696,87.475,85.957,86.74,323533.36
2026-02-23T17:00:00+00:00,86.754,87.063,86.331,86.918,244293.97
2026-02-23T18:00:00+00:00,86.941,87.79,86.725,87.701,156116.79
2026-02-23T19:00:00+00:00,87.694,87.921,87.502,87.74,92766.88
2026-02-23T20:00:00+00:00,87.74,89.127,87.721,88.932,198627.6
2026-02-23T21:00:00+00:00,88.921,88.931,88.0,88.246,170264.14
2026-02-23T22:00:00+00:00,88.243,88.469,88.216,88.439,62294.81
2026-02-23T23:00:00+00:00,88.463,88.951,87.562,88.135,474617.12
2026-02-24T00:00:00+00:00,88.135,88.321,87.346,87.722,462216.53
2026-02-24T01:00:00+00:00,87.695,87.695,84.201,86.487,1586864.05
2026-02-24T02:00:00+00:00,86.484,87.49,86.221,87.415,604948.83
2026-02-24T03:00:00+00:00,87.406,87.599,86.828,86.879,264063.06
2026-02-24T04:00:00+00:00,86.875,87.041,86.648,86.777,191718.6
2026-02-24T05:00:00+00:00,86.776,88.234,86.667,88.135,497629.46
2026-02-24T06:00:00+00:00,88.145,88.903,87.821,88.121,343146.15
2026-02-24T07:00:00+00:00,88.116,88.421,87.881,87.948,182863.21
2026-02-24T08:00:00+00:00,87.927,88.278,87.679,88.132,214744.41
2026-02-24T09:00:00+00:00,88.133,88.357,87.863,88.065,111865.55
2026-02-24T10:00:00+00:00,88.056,88.636,87.87,88.081,155495.43
2026-02-24T11:00:00+00:00,88.088,88.308,87.809,88.094,102211.41
2026-02-24T12:00:00+00:00,88.082,88.205,87.296,87.745,217040.54
2026-02-24T13:00:00+00:00,87.743,88.25,86.041,86.195,327645.79
2026-02-24T14:00:00+00:00,86.194,87.532,85.384,87.165,618918.96
2026-02-24T15:00:00+00:00,87.167,88.091,86.943,87.843,337571.94
2026-02-24T16:00:00+00:00,87.853,88.289,87.012,87.402,217326.74
2026-02-24T17:00:00+00:00,87.409,88.049,87.409,88.025,172893.98
2026-02-24T18:00:00+00:00,88.026,88.256,87.087,87.266,137927.74
2026-02-24T19:00:00+00:00,87.255,87.358,86.451,86.981,199029.92
2026-02-24T20:00:00+00:00,86.973,87.672,86.283,87.304,267169.11
2026-02-24T21:00:00+00:00,87.299,87.427,86.981,87.119,110771.21
2026-02-24T22:00:00+00:00,87.118,87.482,86.766,86.978,112661.99
2026-02-24T23:00:00+00:00,86.986,87.404,86.526,87.2,377802.98
2026-02-25T00:00:00+00:00,87.2,87.471,86.742,87.385,247113.44
2026-02-25T01:00:00+00:00,87.405,88.714,87.366,88.294,488556.34
2026-02-25T02:00:00+00:00,88.296,89.75,88.292,89.403,640790.28
2026-02-25T03:00:00+00:00,89.405,89.85,88.835,89.521,721371.91
2026-02-25T04:00:00+00:00,89.521,89.609,89.145,89.445,245990.86
2026-02-25T05:00:00+00:00,89.462,91.235,89.443,90.823,710822.65
2026-02-25T06:00:00+00:00,90.803,90.875,90.121,90.55,915811.96
2026-02-25T07:00:00+00:00,90.559,90.683,90.159,90.37,477242.72
2026-02-25T08:00:00+00:00,90.362,91.098,90.358,90.932,217202.57
2026-02-25T09:00:00+00:00,90.932,90.991,90.412,90.705,205298.63
2026-02-25T10:00:00+00:00,90.712,90.898,90.32,90.505,187229.63
2026-02-25T11:00:00+00:00,90.5,90.509,89.508,90.472,372026.58
2026-02-25T12:00:00+00:00,90.485,90.74,90.143,90.603,226454.97
2026-02-25T13:00:00+00:00,90.609,91.021,90.273,90.586,344285.31
2026-02-25T14:00:00+00:00,90.567,90.887,88.593,90.621,755978.36
2026-02-25T15:00:00+00:00,90.634,90.847,89.578,90.669,470756.81
2026-02-25T16:00:00+00:00,90.66,91.022,90.347,90.86,338703.98
2026-02-25T17:00:00+00:00,90.847,91.14,90.591,91.052,261990.05
2026-02-25T18:00:00+00:00,91.046,91.283,90.636,90.68,154814.52
2026-02-25T19:00:00+00:00,90.693,91.288,90.616,91.091,214098.33
2026-02-25T20:00:00+00:00,91.097,91.234,88.088,88.34,765981.3199999999
2026-02-25T21:00:00+00:00,88.349,89.595,88.261,89.114,568248.58
2026-02-25T22:00:00+00:00,89.12,89.272,88.85,89.057,130038.7
2026-02-25T23:00:00+00:00,89.06,89.554,87.35,87.527,898509.42
2026-02-26T00:00:00+00:00,87.522,89.53,87.442,89.312,756767.02
2026-02-26T01:00:00+00:00,89.328,90.318,89.136,89.554,492340.8
2026-02-26T02:00:00+00:00,89.544,89.755,87.807,88.765,386911.29
2026-02-26T03:00:00+00:00,88.768,89.276,88.6,89.248,267388.09
2026-02-26T04:00:00+00:00,89.254,89.728,89.11,89.272,202250.97
2026-02-26T05:00:00+00:00,89.273,89.944,89.158,89.387,194828.89
2026-02-26T06:00:00+00:00,89.396,89.639,88.686,89.103,214315.29
2026-02-26T07:00:00+00:00,89.109,89.256,88.046,88.402,254027.17
2026-02-26T08:00:00+00:00,88.417,88.52,86.239,87.366,562751.74
2026-02-26T09:00:00+00:00,87.367,87.756,87.147,87.503,147748.31
2026-02-26T10:00:00+00:00,87.516,87.685,86.684,86.846,208307.21
2026-02-26T11:00:00+00:00,86.825,87.686,86.825,87.14,201544.21
2026-02-26T12:00:00+00:00,87.15,87.377,85.884,87.209,371345.63
2026-02-26T13:00:00+00:00,87.202,87.477,86.44,87.139,478328.35
2026-02-26T14:00:00+00:00,87.159,87.159,85.682,86.634,507797.85
2026-02-26T15:00:00+00:00,86.599,87.61,85.175,87.45,608536.9
2026-02-26T16:00:00+00:00,87.451,87.495,86.56,86.711,321090.52
2026-02-26T17:00:00+00:00,86.722,87.302,86.283,86.634,258133.35
2026-02-26T18:00:00+00:00,86.638,87.56,86.338,87.405,206722.85
2026-02-26T19:00:00+00:00,87.414,88.457,87.359,88.278,220719.53
2026-02-26T20:00:00+00:00,88.276,88.95,88.262,88.81,156760.55
2026-02-26T21:00:00+00:00,88.81,88.933,88.148,88.218,150508.04
2026-02-26T22:00:00+00:00,88.237,88.256,87.912,88.137,42907.56
2026-02-26T23:00:00+00:00,88.129,88.51,87.866,88.173,265787.77
2026-02-27T00:00:00+00:00,88.174,88.901,88.048,88.408,296632.75
2026-02-27T01:00:00+00:00,88.415,89.526,87.753,89.495,366051.11
2026-02-27T02:00:00+00:00,89.494,90.077,89.299,89.856,293537.67
2026-02-27T03:00:00+00:00,89.855,89.978,89.355,89.374,188878.4
2026-02-27T04:00:00+00:00,89.356,89.817,89.328,89.518,74353.02
2026-02-27T05:00:00+00:00,89.521,90.19,89.474,90.1,140544.34
2026-02-27T06:00:00+00:00,90.093,90.61,90.001,90.185,179931.23
2026-02-27T07:00:00+00:00,90.193,90.315,89.798,90.181,144288.26
2026-02-27T08:00:00+00:00,90.179,90.343,89.536,89.574,113032.26
2026-02-27T09:00:00+00:00,89.586,90.052,89.481,89.694,117145.97
2026-02-27T10:00:00+00:00,89.697,89.797,89.061,89.703,148253.67
2026-02-27T11:00:00+00:00,89.704,90.065,89.621,90.011,117240.96
2026-02-27T12:00:00+00:00,90.018,90.14,89.443,89.772,149639.13
2026-02-27T13:00:00+00:00,89.767,92.734,89.712,92.148,640989.96
2026-02-27T14:00:00+00:00,92.147,92.355,90.929,91.649,497484.52
2026-02-27T15:00:00+00:00,91.641,93.848,91.556,93.535,421893.89
2026-02-27T16:00:00+00:00,93.546,94.111,93.037,93.213,368580.32
2026-02-27T17:00:00+00:00,93.221,93.908,92.992,93.649,284304.35
2026-02-27T18:00:00+00:00,93.644,93.838,92.26,93.168,261340.92
2026-02-27T19:00:00+00:00,93.159,93.51,92.82,93.155,120863.96
2026-02-27T20:00:00+00:00,93.153,93.897,93.049,93.819,163771.91
2026-02-27T21:00:00+00:00,93.807,93.91,93.566,93.756,108210.02
2026-02-27T22:00:00+00:00,93.75,93.995,93.736,93.907,37931.2
2026-02-27T23:00:00+00:00,93.898,94.0,93.771,93.897,32141.93
2026-02-28T00:00:00+00:00,93.921,94.102,93.9,94.055,26733.65
2026-02-28T01:00:00+00:00,94.057,94.145,94.007,94.118,17052.9
2026-02-28T02:00:00+00:00,94.119,94.212,94.094,94.164,13112.83
2026-02-28T03:00:00+00:00,94.164,94.294,94.138,94.287,15070.64
2026-02-28T04:00:00+00:00,94.285,94.448,94.284,94.404,20036.78
2026-02-28T05:00:00+00:00,94.405,94.447,94.351,94.399,15034.35
2026-02-28T06:00:00+00:00,94.399,96.493,94.376,95.592,277438.79
2026-02-28T07:00:00+00:00,95.6,95.944,94.825,95.47,240432.55
2026-02-28T08:00:00+00:00,95.479,96.317,95.409,96.209,128862.61
2026-02-28T09:00:00+00:00,96.212,97.529,96.2,97.462,190889.43
2026-02-28T10:00:00+00:00,97.479,97.534,96.088,96.204,277119.99
2026-02-28T11:00:00+00:00,96.205,96.55,95.026,95.441,181281.23
2026-02-28T12:00:00+00:00,95.444,95.897,94.967,95.43,250496.94
2026-02-28T13:00:00+00:00,95.421,95.814,94.938,95.105,79183.31
2026-02-28T14:00:00+00:00,95.105,95.536,94.6,94.868,105245.06
2026-02-28T15:00:00+00:00,94.865,95.218,94.753,95.012,64398.21
2026-02-28T16:00:00+00:00,95.012,95.629,95.001,95.441,52804.38
2026-02-28T17:00:00+00:00,95.44,95.442,95.19,95.327,22959.69
2026-02-28T18:00:00+00:00,95.33,95.39,95.025,95.08,20585.77
2026-02-28T19:00:00+00:00,95.073,95.28,94.609,94.862,35154.08
2026-02-28T20:00:00+00:00,94.868,95.036,94.43,94.521,41363.14
2026-02-28T21:00:00+00:00,94.522,94.851,94.51,94.814,28905.75
2026-02-28T22:00:00+00:00,94.814,95.141,94.581,95.014,48311.31
2026-02-28T23:00:00+00:00,95.013,95.179,94.946,95.068,28650.03
2026-03-01T00:00:00+00:00,95.076,95.354,95.062,95.221,28993.76
2026-03-01T01:00:00+00:00,95.22,95.225,94.71,94.733,41648.54
2026-03-01T02:00:00+00:00,94.728,94.741,94.031,94.261,93545.46
2026-03-01T03:00:00+00:00,94.261,94.274,93.541,94.097,113054.06
2026-03-01T04:00:00+00:00,94.101,94.55,93.948,94.336,43580.96
2026-03-01T05:00:00+00:00,94.34,94.581,94.168,94.207,42622.44
2026-03-01T06:00:00+00:00,94.21,94.422,94.173,94.283,24111.03
2026-03-01T07:00:00+00:00,94.315,94.437,94.257,94.38,11085.83
2026-03-01T08:00:00+00:00,94.38,94.573,94.38,94.468,9408.25
2026-03-01T09:00:00+00:00,94.472,95.469,94.472,95.23,64701.58
2026-03-01T10:00:00+00:00,95.23,95.3,94.549,94.655,101656.54
2026-03-01T11:00:00+00:00,94.655,94.7,94.484,94.664,22835.39
2026-03-01T12:00:00+00:00,94.658,95.075,94.658,94.967,19356.31
2026-03-01T13:00:00+00:00,94.977,95.443,94.967,95.2,43002.33
2026-03-01T14:00:00+00:00,95.2,95.4,95.15,95.364,30692.5
2026-03-01T15:00:00+00:00,95.353,95.401,95.185,95.313,26717.19
2026-03-01T16:00:00+00:00,95.321,96.053,95.317,95.695,73289.17
2026-03-01T17:00:00+00:00,95.683,96.163,95.639,95.884,37756.56
2026-03-01T18:00:00+00:00,95.89,96.105,95.857,96.073,40607.27
2026-03-01T19:00:00+00:00,96.074,96.35,95.787,96.35,54022.09
2026-03-01T20:00:00+00:00,96.35,97.534,96.302,97.498,174512.2
2026-03-01T21:00:00+00:00,97.5,97.534,97.417,97.534,48991.09
2026-03-01T22:00:00+00:00,97.534,97.534,97.26,97.534,114343.31
2026-03-01T23:00:00+00:00,97.534,97.76,93.96,95.593,626212.5
2026-03-02T00:00:00+00:00,95.601,95.703,94.098,94.162,397199.83
2026-03-02T01:00:00+00:00,94.15,94.697,91.964,92.203,876743.96
2026-03-02T02:00:00+00:00,92.206,93.99,92.18,93.887,284522.77
2026-03-02T03:00:00+00:00,93.878,94.596,93.707,94.317,154939.37
2026-03-02T04:00:00+00:00,94.32,94.435,93.337,93.764,173571.47
2026-03-02T05:00:00+00:00,93.763,94.312,93.377,94.046,120288.17
2026-03-02T06:00:00+00:00,94.027,95.324,93.961,94.904,184162.09
2026-03-02T07:00:00+00:00,94.89,96.075,94.833,96.056,218146.42
2026-03-02T08:00:00+00:00,96.053,96.129,95.276,95.42,179432.39
2026-03-02T09:00:00+00:00,95.411,95.735,94.928,95.335,149728.35
2026-03-02T10:00:00+00:00,95.339,95.652,95.038,95.168,275943.47
2026-03-02T11:00:00+00:00,95.186,95.364,94.281,94.558,344002.37
2026-03-02T12:00:00+00:00,94.555,95.278,94.22,95.028,176052.35
2026-03-02T13:00:00+00:00,95.014,95.063,93.0,93.838,396441.6
2026-03-02T14:00:00+00:00,93.81,93.819,88.276,89.911,1952847.76
2026-03-02T15:00:00+00:00,89.918,90.828,88.413,88.682,825555.91
2026-03-02T16:00:00+00:00,88.689,88.689,86.432,87.039,1419111.8799999999
2026-03-02T17:00:00+00:00,87.053,88.211,86.809,87.939,542556.28
2026-03-02T18:00:00+00:00,87.953,88.931,87.525,88.783,336223.95
2026-03-02T19:00:00+00:00,88.806,89.712,88.755,89.341,230194.5
2026-03-02T20:00:00+00:00,89.33,90.788,89.207,89.99,354132.4
2026-03-02T21:00:00+00:00,90.004,90.166,89.232,89.266,212447.94
2026-03-02T22:00:00+00:00,89.262,89.725,89.261,89.668,88861.58
2026-03-02T23:00:00+00:00,89.672,90.293,89.382,90.025,343512.36
2026-03-03T00:00:00+00:00,90.03,91.33,89.708,90.567,299103.59
2026-03-03T01:00:00+00:00,90.563,91.233,88.37,88.697,471914.85
2026-03-03T02:00:00+00:00,88.654,90.24,88.133,90.129,392141.09
2026-03-03T03:00:00+00:00,90.13,90.296,89.71,90.172,182156.34
2026-03-03T04:00:00+00:00,90.175,90.307,89.498,89.643,176336.15
2026-03-03T05:00:00+00:00,89.641,90.06,86.071,86.901,652598.76
2026-03-03T06:00:00+00:00,86.913,87.426,82.886,85.141,1303993.0900000001
2026-03-03T07:00:00+00:00,85.128,87.405,84.773,87.116,571107.61
2026-03-03T08:00:00+00:00,87.113,87.683,84.733,84.873,609103.15
2026-03-03T09:00:00+00:00,84.865,85.398,82.98,84.307,771494.25
2026-03-03T10:00:00+00:00,84.291,84.676,81.596,82.009,857100.96
2026-03-03T11:00:00+00:00,81.967,82.563,77.933,81.194,2516402.8500000001
2026-03-03T12:00:00+00:00,81.209,83.373,80.754,83.134,939152.85
2026-03-03T13:00:00+00:00,83.131,83.23,81.283,82.257,965474.98
2026-03-03T14:00:00+00:00,82.253,82.887,79.136,79.535,1264051.3200000001
2026-03-03T15:00:00+00:00,79.523,82.622,79.492,82.518,1054159.4099999999
2026-03-03T16:00:00+00:00,82.509,83.769,82.035,82.529,723895.15
2026-03-03T17:00:00+00:00,82.534,83.105,81.615,82.166,473905.99
2026-03-03T18:00:00+00:00,82.149,84.086,82.138,83.559,441607.52
2026-03-03T19:00:00+00:00,83.563,83.884,82.257,83.061,545621.26
2026-03-03T20:00:00+00:00,83.072,83.532,82.025,82.532,326948.56
2026-03-03T21:00:00+00:00,82.521,82.786,81.841,82.031,200540.27
2026-03-03T22:00:00+00:00,82.028,82.262,81.934,82.251,35590.81
2026-03-03T23:00:00+00:00,82.256,83.116,81.534,82.946,353666.47
2026-03-04T00:00:00+00:00,82.951,83.338,81.858,83.172,314484.91
2026-03-04T01:00:00+00:00,83.175,84.361,82.222,84.298,583412.02
2026-03-04T02:00:00+00:00,84.292,85.435,83.933,83.985,488491.54
2026-03-04T03:00:00+00:00,83.979,85.151,83.277,84.965,898405.11
2026-03-04T04:00:00+00:00,84.966,85.364,84.379,84.601,448284.69
2026-03-04T05:00:00+00:00,84.61,84.958,84.143,84.574,528306.54
2026-03-04T06:00:00+00:00,84.573,84.891,83.757,84.858,594104.0699999999
2026-03-04T07:00:00+00:00,84.867,85.227,84.739,84.774,364935.7
2026-03-04T08:00:00+00:00,84.763,85.851,84.379,85.333,457550.06
2026-03-04T09:00:00+00:00,85.326,86.317,85.1,86.22,607931.47
2026-03-04T10:00:00+00:00,86.229,86.645,85.557,86.006,459376.94
2026-03-04T11:00:00+00:00,85.991,86.532,85.902,86.22,228513.16
2026-03-04T12:00:00+00:00,86.199,86.796,84.933,85.46,635379.5
2026-03-04T13:00:00+00:00,85.46,86.237,84.584,84.744,474868.25
2026-03-04T14:00:00+00:00,84.754,85.271,83.184,83.529,846394.9399999999
2026-03-04T15:00:00+00:00,83.502,84.633,83.044,84.205,597574.84
2026-03-04T16:00:00+00:00,84.223,84.631,83.267,83.565,254627.96
2026-03-04T17:00:00+00:00,83.563,83.954,83.0,83.564,257592.56
2026-03-04T18:00:00+00:00,83.555,83.64,82.139,83.291,407983.3
2026-03-04T19:00:00+00:00,83.292,83.773,83.037,83.584,161209.44
2026-03-04T20:00:00+00:00,83.594,83.736,82.856,83.164,152005.09
2026-03-04T21:00:00+00:00,83.165,83.585,83.122,83.56,69632.59
2026-03-04T22:00:00+00:00,83.535,83.8,83.445,83.695,27636.79
2026-03-04T23:00:00+00:00,83.66,84.04,83.275,84.008,181329.15
2026-03-05T00:00:00+00:00,84.011,84.358,83.865,84.097,173418.01
2026-03-05T01:00:00+00:00,84.117,85.174,84.103,84.341,251375.64
2026-03-05T02:00:00+00:00,84.333,85.124,84.321,85.124,188831.16
2026-03-05T03:00:00+00:00,85.097,85.633,84.659,84.921,272298.9
2026-03-05T04:00:00+00:00,84.916,85.107,84.204,84.598,184581.51
2026-03-05T05:00:00+00:00,84.623,84.773,82.322,82.583,261509.93
2026-03-05T06:00:00+00:00,82.554,83.555,80.443,83.403,1038123.9399999999
2026-03-05T07:00:00+00:00,83.388,83.866,83.117,83.624,327248.78
2026-03-05T08:00:00+00:00,83.631,83.907,82.741,83.808,433591.97
2026-03-05T09:00:00+00:00,83.802,85.094,83.547,84.2,511471.76
2026-03-05T10:00:00+00:00,84.17,84.549,83.667,84.285,172217.87
2026-03-05T11:00:00+00:00,84.286,84.649,84.064,84.137,187693.04
2026-03-05T12:00:00+00:00,84.142,84.74,83.946,83.995,225322.76
2026-03-05T13:00:00+00:00,83.989,84.114,81.61,82.536,718719.0
2026-03-05T14:00:00+00:00,82.518,83.291,81.87,82.661,506124.39
2026-03-05T15:00:00+00:00,82.654,83.367,81.399,82.381,456768.42
2026-03-05T16:00:00+00:00,82.389,82.411,81.121,81.763,336462.55
2026-03-05T17:00:00+00:00,81.764,82.429,81.354,81.496,239438.94
2026-03-05T18:00:00+00:00,81.488,82.484,81.307,81.673,279859.68
2026-03-05T19:00:00+00:00,81.665,82.062,80.6,81.027,233882.03
2026-03-05T20:00:00+00:00,81.036,82.393,80.774,82.036,252163.79
2026-03-05T21:00:00+00:00,82.036,82.411,81.921,82.318,98715.95
2026-03-05T22:00:00+00:00,82.318,82.431,82.199,82.426,21311.65
2026-03-05T23:00:00+00:00,82.413,83.273,77.348,82.75,589148.83
2026-03-06T00:00:00+00:00,82.734,83.313,82.29,82.326,157413.78
2026-03-06T01:00:00+00:00,82.312,84.442,81.785,84.098,311876.3
2026-03-06T02:00:00+00:00,84.089,84.124,83.386,83.799,141406.99
2026-03-06T03:00:00+00:00,83.81,84.629,83.81,84.365,154784.32
2026-03-06T04:00:00+00:00,84.365,84.518,84.075,84.192,97598.1
2026-03-06T05:00:00+00:00,84.191,84.373,83.444,83.757,203219.71
2026-03-06T06:00:00+00:00,83.749,84.525,83.557,84.413,206140.71
2026-03-06T07:00:00+00:00,84.41,84.76,83.968,84.741,174102.01
2026-03-06T08:00:00+00:00,84.724,84.852,83.864,84.272,217342.86
2026-03-06T09:00:00+00:00,84.28,84.309,82.454,82.806,334894.08
2026-03-06T10:00:00+00:00,82.796,83.274,82.39,82.996,215324.07
2026-03-06T11:00:00+00:00,82.995,83.519,81.916,82.34,232201.31
2026-03-06T12:00:00+00:00,82.336,82.833,82.176,82.361,263625.15
2026-03-06T13:00:00+00:00,82.36,84.173,81.67,82.626,709658.91
2026-03-06T14:00:00+00:00,82.617,83.845,82.409,83.845,463927.76
2026-03-06T15:00:00+00:00,83.827,85.071,83.808,84.249,475542.43
2026-03-06T16:00:00+00:00,84.25,84.931,83.705,84.016,182794.57
2026-03-06T17:00:00+00:00,84.042,84.32,83.618,84.041,152554.5
2026-03-06T18:00:00+00:00,84.06,84.654,83.804,84.453,146608.96
2026-03-06T19:00:00+00:00,84.45,84.794,84.333,84.443,102169.83
2026-03-06T20:00:00+00:00,84.443,84.552,83.642,83.908,98083.52
2026-03-06T21:00:00+00:00,83.909,84.526,83.868,84.476,110783.84
2026-03-06T22:00:00+00:00,84.479,84.635,84.413,84.466,22267.93
2026-03-06T23:00:00+00:00,84.465,84.542,84.419,84.478,26343.85
2026-03-07T00:00:00+00:00,84.471,84.477,84.35,84.453,16170.79
2026-03-07T01:00:00+00:00,84.445,84.5,84.38,84.455,5108.35
2026-03-07T02:00:00+00:00,84.455,84.645,84.442,84.518,9538.34
2026-03-07T03:00:00+00:00,84.52,84.767,84.485,84.643,15564.39
2026-03-07T04:00:00+00:00,84.638,84.683,84.567,84.61,4411.65
2026-03-07T05:00:00+00:00,84.611,84.638,84.571,84.6,5784.48
2026-03-07T06:00:00+00:00,84.598,84.693,84.561,84.622,6433.93
2026-03-07T07:00:00+00:00,84.621,84.626,84.336,84.521,7245.72
2026-03-07T08:00:00+00:00,84.521,84.698,84.452,84.638,6595.37
2026-03-07T09:00:00+00:00,84.638,84.721,84.611,84.648,3215.03
2026-03-07T10:00:00+00:00,84.658,84.703,84.627,84.696,1441.09
2026-03-07T11:00:00+00:00,84.696,84.767,84.691,84.736,15350.61
2026-03-07T12:00:00+00:00,84.737,84.816,84.735,84.743,2703.34
2026-03-07T13:00:00+00:00,84.743,84.754,84.735,84.741,7343.16
2026-03-07T14:00:00+00:00,84.739,84.774,84.704,84.774,4016.82
2026-03-07T15:00:00+00:00,84.774,84.816,84.756,84.775,1579.56
2026-03-07T16:00:00+00:00,84.774,84.825,84.7,84.741,6531.47
2026-03-07T17:00:00+00:00,84.738,84.759,84.666,84.688,2910.09
2026-03-07T18:00:00+00:00,84.688,84.71,84.586,84.7,3091.43
2026-03-07T19:00:00+00:00,84.701,84.733,84.612,84.617,3488.61
2026-03-07T20:00:00+00:00,84.617,84.65,84.593,84.641,4305.82
2026-03-07T21:00:00+00:00,84.64,84.7,84.601,84.686,2812.37
2026-03-07T22:00:00+00:00,84.685,84.775,84.637,84.673,4644.05
2026-03-07T23:00:00+00:00,84.673,84.76,84.642,84.662,3386.56
2026-03-08T00:00:00+00:00,84.663,84.797,84.663,84.727,2705.17
2026-03-08T01:00:00+00:00,84.728,84.781,84.679,84.754,3510.39
2026-03-08T02:00:00+00:00,84.734,84.734,84.669,84.677,2005.63
2026-03-08T03:00:00+00:00,84.677,84.686,84.459,84.598,5657.81
2026-03-08T04:00:00+00:00,84.597,84.627,84.556,84.559,8834.32
2026-03-08T05:00:00+00:00,84.561,84.678,84.518,84.61,3612.5
2026-03-08T06:00:00+00:00,84.61,84.613,84.515,84.612,4746.24
2026-03-08T07:00:00+00:00,84.61,84.61,84.536,84.593,5561.27
2026-03-08T08:00:00+00:00,84.592,84.635,84.549,84.578,3897.66
2026-03-08T09:00:00+00:00,84.578,84.6,84.561,84.597,1535.8
2026-03-08T10:00:00+00:00,84.599,84.599,84.488,84.509,4606.55
2026-03-08T11:00:00+00:00,84.511,84.535,84.296,84.47,5704.22
2026-03-08T12:00:00+00:00,84.505,84.517,84.375,84.453,5508.21
2026-03-08T13:00:00+00:00,84.452,84.511,84.378,84.469,3978.38
2026-03-08T14:00:00+00:00,84.477,84.499,84.358,84.442,5936.34
2026-03-08T15:00:00+00:00,84.444,84.444,84.315,84.398,5587.39
2026-03-08T16:00:00+00:00,84.402,84.443,84.285,84.367,15601.54
2026-03-08T17:00:00+00:00,84.367,84.373,84.336,84.36,5428.7
2026-03-08T18:00:00+00:00,84.359,84.394,84.25,84.394,7180.75
2026-03-08T19:00:00+00:00,84.353,84.411,84.34,84.375,5265.49
2026-03-08T20:00:00+00:00,84.385,84.444,84.343,84.382,6567.73
2026-03-08T21:00:00+00:00,84.395,84.403,84.216,84.224,10969.59
2026-03-08T22:00:00+00:00,84.222,84.92,82.381,83.266,459139.25
2026-03-08T23:00:00+00:00,83.268,83.532,80.99,81.895,548007.52
2026-03-09T00:00:00+00:00,81.901,82.26,80.708,81.384,471102.79
2026-03-09T01:00:00+00:00,81.378,81.395,79.622,80.958,580787.99
2026-03-09T02:00:00+00:00,80.958,82.942,80.568,82.69,466509.59
2026-03-09T03:00:00+00:00,82.678,83.414,82.384,83.025,213678.15
2026-03-09T04:00:00+00:00,83.03,83.511,82.478,82.543,136687.91
2026-03-09T05:00:00+00:00,82.541,84.73,82.376,84.238,273148.31
2026-03-09T06:00:00+00:00,84.26,84.952,83.654,83.719,246913.39
2026-03-09T07:00:00+00:00,83.716,83.783,83.125,83.554,188052.32
2026-03-09T08:00:00+00:00,83.555,83.871,83.249,83.695,148617.56
2026-03-09T09:00:00+00:00,83.692,84.516,83.547,83.957,271450.62
2026-03-09T10:00:00+00:00,83.966,84.229,83.016,83.199,171272.18
2026-03-09T11:00:00+00:00,83.208,83.546,82.802,83.222,169943.36
2026-03-09T12:00:00+00:00,83.223,84.129,83.223,83.736,148919.08
2026-03-09T13:00:00+00:00,83.743,85.223,83.441,83.541,306446.74
2026-03-09T14:00:00+00:00,83.531,84.521,83.162,84.331,298968.99
2026-03-09T15:00:00+00:00,84.337,84.627,84.074,84.43,158112.57
2026-03-09T16:00:00+00:00,84.449,84.83,84.288,84.721,105355.82
2026-03-09T17:00:00+00:00,84.718,84.808,83.883,84.332,108639.55
2026-03-09T18:00:00+00:00,84.332,86.133,84.107,85.847,151740.88
2026-03-09T19:00:00+00:00,85.841,86.794,85.737,86.418,163772.32
2026-03-09T20:00:00+00:00,86.414,87.069,86.367,87.015,119417.42
2026-03-09T21:00:00+00:00,87.003,87.014,86.778,86.822,26521.19
2026-03-09T22:00:00+00:00,86.816,87.583,86.627,87.5,157310.46
2026-03-09T23:00:00+00:00,87.512,88.106,87.041,87.402,245812.6
2026-03-10T00:00:00+00:00,87.393,87.714,86.858,87.011,187817.77
2026-03-10T01:00:00+00:00,87.03,89.553,86.674,89.469,290558.0
2026-03-10T02:00:00+00:00,89.469,90.032,88.766,88.882,190176.14
2026-03-10T03:00:00+00:00,88.878,89.325,87.801,88.144,161362.74
2026-03-10T04:00:00+00:00,88.152,88.504,87.975,88.406,70840.63
2026-03-10T05:00:00+00:00,88.424,89.2,88.42,89.118,71357.38
2026-03-10T06:00:00+00:00,89.119,89.186,88.613,88.909,65094.79
2026-03-10T07:00:00+00:00,88.915,89.153,88.394,89.146,103420.73
2026-03-10T08:00:00+00:00,89.152,89.35,88.832,89.004,90645.41
2026-03-10T09:00:00+00:00,88.998,89.454,88.985,89.15,36829.38
2026-03-10T10:00:00+00:00,89.132,89.132,87.826,88.395,127449.28
2026-03-10T11:00:00+00:00,88.389,88.911,88.026,88.384,82053.07
2026-03-10T12:00:00+00:00,88.384,88.807,87.935,88.586,110635.46
2026-03-10T13:00:00+00:00,88.582,89.663,88.411,88.797,151093.17
2026-03-10T14:00:00+00:00,88.802,89.364,88.374,89.21,100989.04
2026-03-10T15:00:00+00:00,89.226,89.814,89.093,89.518,92997.84
2026-03-10T16:00:00+00:00,89.524,89.75,89.101,89.501,57519.09
2026-03-10T17:00:00+00:00,89.49,89.629,88.931,89.043,97583.35
2026-03-10T18:00:00+00:00,89.04,89.122,86.98,87.911,239224.42
2026-03-10T19:00:00+00:00,87.91,88.659,87.746,88.399,100912.18
2026-03-10T20:00:00+00:00,88.396,88.634,88.234,88.256,74602.86
2026-03-10T21:00:00+00:00,88.271,88.398,88.194,88.331,7903.62
2026-03-10T22:00:00+00:00,88.327,88.921,88.225,88.27,102598.31
2026-03-10T23:00:00+00:00,88.271,88.577,88.016,88.407,68897.74
2026-03-11T00:00:00+00:00,88.413,89.244,87.784,89.208,89073.75
2026-03-11T01:00:00+00:00,89.219,89.41,88.383,88.523,71322.95
2026-03-11T02:00:00+00:00,88.537,89.022,87.844,88.799,110870.4
2026-03-11T03:00:00+00:00,88.807,88.905,88.068,88.26,44980.14
2026-03-11T04:00:00+00:00,88.215,88.443,88.036,88.236,43539.45
2026-03-11T05:00:00+00:00,88.256,88.366,87.082,87.644,184776.17
2026-03-11T06:00:00+00:00,87.631,88.052,87.276,87.365,91618.74
2026-03-11T07:00:00+00:00,87.369,87.588,86.437,86.986,242425.67
2026-03-11T08:00:00+00:00,86.986,87.278,86.438,87.111,136146.94
2026-03-11T09:00:00+00:00,87.107,87.367,86.439,86.625,99062.34
2026-03-11T10:00:00+00:00,86.635,87.179,86.472,86.598,111243.09
2026-03-11T11:00:00+00:00,86.609,87.025,86.018,86.291,143829.45
2026-03-11T12:00:00+00:00,86.274,86.772,85.269,85.304,194959.51
2026-03-11T13:00:00+00:00,85.286,86.22,84.447,85.265,314544.97
2026-03-11T14:00:00+00:00,85.252,85.954,85.248,85.521,140354.9
2026-03-11T15:00:00+00:00,85.528,85.715,84.72,84.853,143510.07
2026-03-11T16:00:00+00:00,84.855,85.413,84.455,85.314,104770.87
2026-03-11T17:00:00+00:00,85.323,85.57,84.724,85.261,92911.43
2026-03-11T18:00:00+00:00,85.273,85.901,85.254,85.47,56478.41
2026-03-11T19:00:00+00:00,85.491,86.066,85.435,86.042,43601.4
2026-03-11T20:00:00+00:00,86.035,86.098,85.652,85.752,33566.64
2026-03-11T21:00:00+00:00,85.751,85.821,85.644,85.689,6147.27
2026-03-11T22:00:00+00:00,85.696,85.843,84.638,84.952,90012.68
2026-03-11T23:00:00+00:00,84.945,85.211,84.562,84.616,66429.23
2026-03-12T00:00:00+00:00,84.614,85.687,83.935,85.625,162504.22
2026-03-12T01:00:00+00:00,85.629,85.9,84.94,85.473,90689.47
2026-03-12T02:00:00+00:00,85.451,85.683,84.329,84.522,87794.61
2026-03-12T03:00:00+00:00,84.516,84.976,84.378,84.85,122475.24
2026-03-12T04:00:00+00:00,84.846,84.896,84.361,84.388,73776.79
2026-03-12T05:00:00+00:00,84.393,85.415,84.392,85.29,101554.74
2026-03-12T06:00:00+00:00,85.29,86.523,85.101,86.155,121894.32
2026-03-12T07:00:00+00:00,86.147,87.018,85.839,86.976,105555.18
2026-03-12T08:00:00+00:00,86.992,87.146,86.511,86.733,102713.72
2026-03-12T09:00:00+00:00,86.757,87.124,86.688,87.056,76979.07
2026-03-12T10:00:00+00:00,87.041,87.255,86.794,87.22,120854.57
2026-03-12T11:00:00+00:00,87.214,87.241,86.726,86.922,90328.1
2026-03-12T12:00:00+00:00,86.932,87.455,86.58,87.307,182088.56
2026-03-12T13:00:00+00:00,87.304,87.469,85.699,85.904,214883.75
2026-03-12T14:00:00+00:00,85.9,86.471,85.187,85.56,287527.61
2026-03-12T15:00:00+00:00,85.561,85.648,84.498,85.246,291222.95
2026-03-12T16:00:00+00:00,85.248,85.627,84.887,85.142,104205.57
2026-03-12T17:00:00+00:00,85.142,85.436,84.733,84.831,89001.98
2026-03-12T18:00:00+00:00,84.826,85.195,84.69,84.805,50064.04
2026-03-12T19:00:00+00:00,84.798,85.053,84.378,84.53,69729.0
2026-03-12T20:00:00+00:00,84.503,84.626,83.008,83.836,224002.4
2026-03-12T21:00:00+00:00,83.841,83.932,83.673,83.776,32087.11
2026-03-12T22:00:00+00:00,83.777,84.342,83.445,84.342,116351.66
2026-03-12T23:00:00+00:00,84.34,84.5,84.021,84.048,93625.49
2026-03-13T00:00:00+00:00,84.028,85.067,83.954,85.053,114728.88
2026-03-13T01:00:00+00:00,85.049,85.443,84.027,84.803,108233.5
2026-03-13T02:00:00+00:00,84.826,85.244,84.397,84.451,135180.51
2026-03-13T03:00:00+00:00,84.464,84.752,84.112,84.697,95176.46
2026-03-13T04:00:00+00:00,84.696,84.723,84.193,84.337,65155.9
2026-03-13T05:00:00+00:00,84.337,84.503,83.212,83.677,177483.0
2026-03-13T06:00:00+00:00,83.679,83.907,82.229,82.512,237517.04
2026-03-13T07:00:00+00:00,82.501,82.852,81.533,82.422,305336.38
2026-03-13T08:00:00+00:00,82.417,82.914,81.628,82.716,152606.4
2026-03-13T09:00:00+00:00,82.713,83.13,82.349,83.014,134440.67
2026-03-13T10:00:00+00:00,83.008,83.517,82.653,83.256,100258.1
2026-03-13T11:00:00+00:00,83.252,83.859,82.949,83.743,96857.94
2026-03-13T12:00:00+00:00,83.754,84.46,83.677,84.268,124348.58
2026-03-13T13:00:00+00:00,84.263,84.471,83.363,83.579,130548.91
2026-03-13T14:00:00+00:00,83.58,83.662,80.66,80.665,241142.68
2026-03-13T15:00:00+00:00,80.669,81.614,80.231,80.294,214905.72
2026-03-13T16:00:00+00:00,80.298,80.58,79.449,80.348,226697.59
2026-03-13T17:00:00+00:00,80.354,81.373,80.341,80.96,84449.76
2026-03-13T18:00:00+00:00,80.977,81.249,80.719,81.044,54303.31
2026-03-13T19:00:00+00:00,81.046,81.138,79.862,80.248,272722.38
2026-03-13T20:00:00+00:00,80.257,80.592,79.873,80.506,74519.69
2026-03-13T21:00:00+00:00,80.515,80.668,80.434,80.652,19773.14
2026-03-13T22:00:00+00:00,80.646,80.712,80.586,80.696,13672.87
2026-03-13T23:00:00+00:00,80.702,80.711,80.589,80.643,18794.6
2026-03-14T00:00:00+00:00,80.643,80.678,80.426,80.651,17897.38
2026-03-14T01:00:00+00:00,80.65,80.659,80.579,80.58,5002.76
2026-03-14T02:00:00+00:00,80.585,80.591,80.397,80.556,6747.7
2026-03-14T03:00:00+00:00,80.558,80.606,80.52,80.564,3467.82
2026-03-14T04:00:00+00:00,80.565,80.708,80.546,80.602,7363.98
2026-03-14T05:00:00+00:00,80.603,80.772,80.592,80.648,8471.28
2026-03-14T06:00:00+00:00,80.647,80.665,80.444,80.605,7160.96
2026-03-14T07:00:00+00:00,80.605,80.815,80.572,80.592,7566.54
2026-03-14T08:00:00+00:00,80.591,80.757,80.517,80.62,21639.11
2026-03-14T09:00:00+00:00,80.62,80.734,80.62,80.666,7066.47
2026-03-14T10:00:00+00:00,80.662,80.673,80.585,80.634,4944.91
2026-03-14T11:00:00+00:00,80.635,80.649,80.565,80.622,5207.5
2026-03-14T12:00:00+00:00,80.633,80.656,80.602,80.625,2426.45
2026-03-14T13:00:00+00:00,80.622,80.644,80.506,80.584,7322.88
2026-03-14T14:00:00+00:00,80.584,80.677,80.537,80.62,8252.78
2026-03-14T15:00:00+00:00,80.62,80.666,80.601,80.607,7162.2
