datetime,open,high,low,close,volume
2025-11-12T20:00:00+00:00,194.63,205.0,191.2,193.35,21735.867
2025-11-12T21:00:00+00:00,193.71,194.35,193.6,194.02,4771.164
2025-11-12T22:00:00+00:00,194.02,194.46,193.5,193.97,3936.637
2025-11-12T23:00:00+00:00,193.87,193.96,192.05,192.42,5139.786
2025-11-13T00:00:00+00:00,192.42,193.48,192.42,192.66,2355.296
2025-11-13T01:00:00+00:00,192.66,194.17,192.63,193.88,4593.895
2025-11-13T02:00:00+00:00,193.88,194.33,193.02,193.7,2148.576
2025-11-13T03:00:00+00:00,193.72,194.0,193.2,193.68,1531.619
2025-11-13T04:00:00+00:00,193.68,194.5,192.61,193.72,1419.253
2025-11-13T05:00:00+00:00,193.63,195.39,193.63,195.24,1982.913
2025-11-13T06:00:00+00:00,195.24,195.24,193.41,194.01,3318.175
2025-11-13T07:00:00+00:00,194.01,194.01,193.4,193.85,2001.473
2025-11-13T08:00:00+00:00,193.56,193.83,193.4,193.75,1645.356
2025-11-13T09:00:00+00:00,193.75,193.76,191.87,192.45,2551.171
2025-11-13T10:00:00+00:00,192.59,193.24,192.42,192.94,3147.007
2025-11-13T11:00:00+00:00,192.87,193.23,192.25,192.42,3430.422
2025-11-13T12:00:00+00:00,192.42,192.83,192.41,192.49,2466.869
2025-11-13T13:00:00+00:00,192.45,192.55,191.13,191.13,4239.742
2025-11-13T14:00:00+00:00,191.14,191.92,186.91,188.69,13754.299
2025-11-13T15:00:00+00:00,188.69,191.65,185.75,186.35,9233.02
2025-11-13T16:00:00+00:00,186.35,186.96,185.5,185.8,5831.037
2025-11-13T17:00:00+00:00,185.86,187.37,185.72,185.72,4389.774
2025-11-13T18:00:00+00:00,185.73,186.08,183.89,184.72,6183.636
2025-11-13T19:00:00+00:00,184.74,186.44,183.98,185.6,3040.077
2025-11-13T20:00:00+00:00,185.6,187.0,184.83,186.81,7126.632
2025-11-13T21:00:00+00:00,186.81,187.53,186.81,186.96,2950.286
2025-11-13T22:00:00+00:00,186.95,186.96,186.09,186.21,8637.825
2025-11-13T23:00:00+00:00,186.21,190.0,186.21,186.96,5390.158
2025-11-14T00:00:00+00:00,186.96,186.96,186.55,186.56,841.188
2025-11-14T01:00:00+00:00,186.55,186.69,186.32,186.55,1333.098
2025-11-14T02:00:00+00:00,186.54,186.55,186.4,186.41,856.585
2025-11-14T03:00:00+00:00,186.41,186.55,186.18,186.52,1573.642
2025-11-14T04:00:00+00:00,186.52,186.52,181.64,184.03,3575.972
2025-11-14T05:00:00+00:00,184.04,185.94,183.16,185.93,1793.303
2025-11-14T06:00:00+00:00,185.93,186.35,185.7,185.92,1991.862
2025-11-14T07:00:00+00:00,185.92,185.93,184.6,185.79,1617.473
2025-11-14T08:00:00+00:00,185.38,185.38,184.1,184.64,599.322
2025-11-14T09:00:00+00:00,184.63,185.1,183.6,184.28,1130.59
2025-11-14T10:00:00+00:00,184.28,184.88,184.12,184.42,634.807
2025-11-14T11:00:00+00:00,184.42,184.5,182.0,182.81,3375.785
2025-11-14T12:00:00+00:00,182.8,182.85,177.15,180.84,4894.438
2025-11-14T13:00:00+00:00,180.87,182.34,178.88,181.25,3181.948
2025-11-14T14:00:00+00:00,181.25,187.66,180.77,186.91,11619.328
2025-11-14T15:00:00+00:00,186.92,189.31,185.71,188.46,14787.927
2025-11-14T16:00:00+00:00,188.47,190.59,187.48,189.95,7316.321
2025-11-14T17:00:00+00:00,189.95,190.4,188.89,189.33,6428.419
2025-11-14T18:00:00+00:00,189.33,189.74,188.42,189.35,5143.447
2025-11-14T19:00:00+00:00,189.36,191.52,188.69,190.71,6482.012
2025-11-14T20:00:00+00:00,190.72,190.76,189.42,190.04,4029.961
2025-11-14T21:00:00+00:00,190.03,190.45,189.83,189.94,1532.101
2025-11-14T22:00:00+00:00,189.89,190.13,189.89,190.13,1209.217
2025-11-14T23:00:00+00:00,190.12,190.8,190.05,190.8,940.746
2025-11-15T00:00:00+00:00,190.84,190.98,190.83,190.98,540.565
2025-11-15T01:00:00+00:00,190.98,191.1,190.79,191.07,1529.5
2025-11-15T02:00:00+00:00,191.05,191.07,190.6,191.0,377.722
2025-11-15T03:00:00+00:00,190.97,191.04,190.97,191.04,143.403
2025-11-15T04:00:00+00:00,191.02,191.04,191.02,191.02,115.81
2025-11-15T05:00:00+00:00,191.02,191.03,191.02,191.03,220.683
2025-11-15T06:00:00+00:00,191.02,191.27,191.02,191.14,649.295
2025-11-15T07:00:00+00:00,191.04,191.16,191.04,191.06,541.999
2025-11-15T08:00:00+00:00,191.05,191.89,191.05,191.32,1354.964
2025-11-15T09:00:00+00:00,191.32,191.9,191.05,191.16,844.318
2025-11-15T10:00:00+00:00,191.16,191.27,191.05,191.23,745.536
2025-11-15T11:00:00+00:00,191.22,191.31,191.05,191.22,1937.987
2025-11-15T12:00:00+00:00,191.22,191.27,191.21,191.27,472.399
2025-11-15T13:00:00+00:00,191.26,192.42,191.21,191.23,2740.712
2025-11-15T14:00:00+00:00,191.23,192.42,191.22,191.64,1575.598
2025-11-15T15:00:00+00:00,191.64,191.64,191.54,191.55,1118.221
2025-11-15T16:00:00+00:00,191.54,191.55,191.53,191.54,412.768
2025-11-15T17:00:00+00:00,191.53,191.54,191.5,191.52,1031.848
2025-11-15T18:00:00+00:00,191.5,191.52,191.5,191.51,639.759
2025-11-15T19:00:00+00:00,191.5,191.51,191.5,191.51,753.258
2025-11-15T20:00:00+00:00,191.5,191.54,191.5,191.51,2651.459
2025-11-15T21:00:00+00:00,191.51,191.54,191.51,191.52,595.548
2025-11-15T22:00:00+00:00,191.51,191.54,191.51,191.52,1538.554
2025-11-15T23:00:00+00:00,191.51,191.52,191.51,191.52,233.369
2025-11-16T00:00:00+00:00,191.51,191.52,191.51,191.52,325.976
2025-11-16T01:00:00+00:00,191.51,191.52,191.5,191.52,469.506
2025-11-16T02:00:00+00:00,191.51,194.0,191.5,191.88,2762.887
2025-11-16T03:00:00+00:00,191.87,191.89,191.65,191.87,765.346
2025-11-16T04:00:00+00:00,191.76,191.88,191.73,191.79,417.818
2025-11-16T05:00:00+00:00,191.78,191.79,191.61,191.66,535.261
2025-11-16T06:00:00+00:00,191.61,191.64,191.61,191.63,401.601
2025-11-16T07:00:00+00:00,191.62,191.64,191.62,191.64,581.497
2025-11-16T08:00:00+00:00,191.63,191.79,191.63,191.77,1174.021
2025-11-16T09:00:00+00:00,191.76,191.77,191.66,191.7,791.984
2025-11-16T10:00:00+00:00,191.69,191.79,191.69,191.79,1148.055
2025-11-16T11:00:00+00:00,191.78,191.79,191.78,191.79,614.469
2025-11-16T12:00:00+00:00,191.78,191.79,191.78,191.79,572.373
2025-11-16T13:00:00+00:00,191.78,191.79,191.78,191.79,1902.592
2025-11-16T14:00:00+00:00,191.78,191.79,191.78,191.79,268.116
2025-11-16T15:00:00+00:00,191.79,191.79,191.78,191.79,1490.728
2025-11-16T16:00:00+00:00,191.79,191.79,191.78,191.79,404.284
2025-11-16T17:00:00+00:00,191.79,191.8,191.69,191.8,2556.157
2025-11-16T18:00:00+00:00,191.8,191.8,191.73,191.78,974.381
2025-11-16T19:00:00+00:00,191.78,200.0,191.57,191.62,3987.042
2025-11-16T20:00:00+00:00,191.62,192.24,191.62,192.1,2036.098
2025-11-16T21:00:00+00:00,192.1,192.12,191.79,192.1,1504.198
2025-11-16T22:00:00+00:00,192.1,192.11,192.1,192.11,383.309
2025-11-16T23:00:00+00:00,192.1,192.1,192.09,192.1,841.2
2025-11-17T00:00:00+00:00,192.09,192.1,192.0,192.08,1001.873
2025-11-17T01:00:00+00:00,192.07,193.31,191.8,191.8,4351.494
2025-11-17T02:00:00+00:00,192.1,192.37,192.0,192.25,1103.413
2025-11-17T03:00:00+00:00,192.26,192.52,192.26,192.42,500.337
2025-11-17T04:00:00+00:00,192.42,192.54,192.41,192.47,741.309
2025-11-17T05:00:00+00:00,192.47,192.47,192.36,192.37,953.677
2025-11-17T06:00:00+00:00,192.37,192.37,191.74,191.87,2669.866
2025-11-17T07:00:00+00:00,191.87,192.46,191.74,192.17,1765.044
2025-11-17T08:00:00+00:00,192.17,195.63,192.12,194.84,2024.176
2025-11-17T09:00:00+00:00,194.85,195.69,191.21,191.24,3680.775
2025-11-17T10:00:00+00:00,191.24,191.24,188.75,189.35,4612.85
2025-11-17T11:00:00+00:00,189.35,189.79,189.23,189.29,3204.198
2025-11-17T12:00:00+00:00,189.3,189.3,187.77,188.1,3901.442
2025-11-17T13:00:00+00:00,188.09,188.1,186.56,187.58,3937.57
2025-11-17T14:00:00+00:00,187.58,197.43,185.17,192.55,29298.241
2025-11-17T15:00:00+00:00,192.43,194.95,185.0,187.08,33111.459
2025-11-17T16:00:00+00:00,187.08,188.16,185.89,188.16,8665.385
2025-11-17T17:00:00+00:00,188.15,188.16,186.7,186.7,6174.285
2025-11-17T18:00:00+00:00,186.7,187.46,185.55,185.7,5472.58
2025-11-17T19:00:00+00:00,185.69,185.81,184.56,184.71,6603.579
2025-11-17T20:00:00+00:00,184.77,186.5,184.38,186.5,7397.763
2025-11-17T21:00:00+00:00,186.5,187.18,183.78,186.73,5747.401
2025-11-17T22:00:00+00:00,186.73,186.73,186.09,186.1,1999.803
2025-11-17T23:00:00+00:00,186.1,186.63,186.09,186.15,1630.517
2025-11-18T00:00:00+00:00,186.15,186.15,184.98,185.09,1966.112
2025-11-18T01:00:00+00:00,185.09,186.33,185.08,186.31,1282.455
2025-11-18T02:00:00+00:00,186.31,186.31,185.93,185.94,1756.062
2025-11-18T03:00:00+00:00,185.93,185.93,184.04,184.19,1302.232
2025-11-18T04:00:00+00:00,184.19,184.19,183.4,184.16,1620.736
2025-11-18T05:00:00+00:00,184.18,185.03,183.41,184.13,2136.626
2025-11-18T06:00:00+00:00,184.14,184.14,183.6,184.11,434.318
2025-11-18T07:00:00+00:00,184.11,184.11,182.3,183.94,1520.289
2025-11-18T08:00:00+00:00,183.94,185.99,183.94,185.53,1523.314
2025-11-18T09:00:00+00:00,185.53,185.8,184.71,185.32,2666.162
2025-11-18T10:00:00+00:00,185.32,185.32,184.62,185.16,1101.57
2025-11-18T11:00:00+00:00,185.08,185.16,183.86,185.05,2123.695
2025-11-18T12:00:00+00:00,185.01,185.2,184.08,184.38,4890.8
2025-11-18T13:00:00+00:00,184.33,184.97,183.91,184.02,3859.026
2025-11-18T14:00:00+00:00,184.0,184.18,167.0,180.36,30738.985
2025-11-18T15:00:00+00:00,180.42,182.65,179.63,181.22,11217.974
2025-11-18T16:00:00+00:00,181.22,183.47,180.13,183.1,8996.825
2025-11-18T17:00:00+00:00,183.1,184.69,181.48,184.4,16675.785
2025-11-18T18:00:00+00:00,184.41,184.66,183.18,183.29,9533.304
2025-11-18T19:00:00+00:00,183.29,186.69,183.29,184.01,11071.909
2025-11-18T20:00:00+00:00,184.01,184.08,181.68,181.76,10875.766
2025-11-18T21:00:00+00:00,181.76,181.76,180.7,181.22,4593.535
2025-11-18T22:00:00+00:00,181.23,181.23,180.93,181.01,3527.854
2025-11-18T23:00:00+00:00,181.0,181.83,181.0,181.52,1756.761
2025-11-19T00:00:00+00:00,181.52,181.52,181.0,181.11,1789.323
2025-11-19T01:00:00+00:00,181.15,181.53,181.0,181.35,1994.265
2025-11-19T02:00:00+00:00,181.36,184.5,181.36,182.56,3395.977
2025-11-19T03:00:00+00:00,182.57,182.87,181.59,181.63,2511.286
2025-11-19T04:00:00+00:00,181.63,182.68,181.17,181.57,2997.847
2025-11-19T05:00:00+00:00,181.57,181.77,181.21,181.71,4179.19
2025-11-19T06:00:00+00:00,181.71,181.8,181.7,181.77,4778.008
2025-11-19T07:00:00+00:00,181.77,182.94,181.76,182.58,9297.252
2025-11-19T08:00:00+00:00,182.56,185.92,182.5,183.66,6889.846
2025-11-19T09:00:00+00:00,183.66,184.68,182.23,182.88,4463.618
2025-11-19T10:00:00+00:00,182.83,183.91,182.01,183.64,2344.894
2025-11-19T11:00:00+00:00,183.66,183.99,182.59,183.35,3934.815
2025-11-19T12:00:00+00:00,183.53,185.16,183.34,184.96,3901.78
2025-11-19T13:00:00+00:00,184.95,185.08,184.1,184.75,5234.651
2025-11-19T14:00:00+00:00,184.75,188.16,183.46,187.74,23391.298
2025-11-19T15:00:00+00:00,187.74,187.97,185.66,185.7,17569.198
2025-11-19T16:00:00+00:00,185.71,187.01,184.74,185.04,15022.66
2025-11-19T17:00:00+00:00,185.05,185.05,182.77,184.73,28160.129
2025-11-19T18:00:00+00:00,184.82,185.62,184.28,185.43,13121.502
2025-11-19T19:00:00+00:00,185.4,186.16,184.44,185.34,16955.551
2025-11-19T20:00:00+00:00,185.4,187.88,184.53,185.43,32160.33
2025-11-19T21:00:00+00:00,185.22,197.71,183.66,194.73,87056.532
2025-11-19T22:00:00+00:00,194.74,198.55,193.29,194.37,45821.901
2025-11-19T23:00:00+00:00,194.36,196.81,194.18,196.29,10399.905
2025-11-20T00:00:00+00:00,196.27,196.88,195.61,195.78,10225.307
2025-11-20T01:00:00+00:00,195.73,196.57,195.69,195.98,3161.191
2025-11-20T02:00:00+00:00,195.97,196.67,195.11,195.89,3924.214
2025-11-20T03:00:00+00:00,195.89,196.98,195.18,196.92,2120.406
2025-11-20T04:00:00+00:00,196.94,198.43,196.92,197.58,4628.382
2025-11-20T05:00:00+00:00,197.61,197.9,196.64,196.84,5007.495
2025-11-20T06:00:00+00:00,196.84,198.0,196.8,198.0,4592.302
2025-11-20T07:00:00+00:00,198.0,198.95,197.61,198.26,4687.536
2025-11-20T08:00:00+00:00,198.26,198.26,196.67,196.96,4944.729
2025-11-20T09:00:00+00:00,196.97,197.07,195.83,196.0,26850.872
2025-11-20T10:00:00+00:00,196.01,196.06,194.67,196.0,12144.411
2025-11-20T11:00:00+00:00,196.0,196.6,195.0,195.48,14687.446
2025-11-20T12:00:00+00:00,195.48,195.97,194.84,195.65,6139.065
2025-11-20T13:00:00+00:00,195.66,197.11,195.3,195.98,10240.973
2025-11-20T14:00:00+00:00,195.98,196.66,190.5,195.26,30937.209
2025-11-20T15:00:00+00:00,195.23,195.61,192.06,192.29,18651.025
2025-11-20T16:00:00+00:00,192.32,192.32,184.38,185.16,53615.801
2025-11-20T17:00:00+00:00,185.17,186.46,181.98,183.82,29131.72
2025-11-20T18:00:00+00:00,183.81,185.89,181.56,182.32,16549.56
2025-11-20T19:00:00+00:00,182.32,183.64,181.2,183.6,11337.308
2025-11-20T20:00:00+00:00,183.6,183.66,180.17,180.65,10134.757
2025-11-20T21:00:00+00:00,180.65,181.26,179.21,179.78,8057.608
2025-11-20T22:00:00+00:00,179.77,180.0,178.23,178.78,5305.509
2025-11-20T23:00:00+00:00,178.77,181.01,178.64,180.65,5209.6
2025-11-21T00:00:00+00:00,180.65,181.63,180.17,181.34,4668.57
2025-11-21T01:00:00+00:00,181.34,183.05,181.34,182.85,2489.974
2025-11-21T02:00:00+00:00,182.81,182.82,180.68,181.21,4800.072
2025-11-21T03:00:00+00:00,181.22,181.43,180.26,181.42,3798.115
2025-11-21T04:00:00+00:00,181.41,181.42,179.37,180.14,6667.061
2025-11-21T05:00:00+00:00,180.14,181.58,179.92,180.62,5405.063
2025-11-21T06:00:00+00:00,180.61,181.15,180.4,181.08,5307.002
2025-11-21T07:00:00+00:00,181.09,182.26,179.39,179.7,11747.108
2025-11-21T08:00:00+00:00,179.7,180.95,178.66,180.63,10116.36
2025-11-21T09:00:00+00:00,180.63,181.4,175.83,175.9,10654.892
2025-11-21T10:00:00+00:00,175.9,177.79,173.9,177.4,12552.506
2025-11-21T11:00:00+00:00,177.41,178.73,176.92,177.31,7040.361
2025-11-21T12:00:00+00:00,177.31,180.88,176.02,180.28,16017.069
2025-11-21T13:00:00+00:00,180.22,182.92,179.91,181.95,11167.704
2025-11-21T14:00:00+00:00,181.94,182.59,176.91,178.51,31509.453
2025-11-21T15:00:00+00:00,178.52,179.7,173.07,175.23,57451.972
2025-11-21T16:00:00+00:00,175.24,181.19,174.76,181.09,46165.966
2025-11-21T17:00:00+00:00,181.09,181.91,179.79,180.75,27494.788
2025-11-21T18:00:00+00:00,180.74,184.15,178.63,182.85,42452.804
2025-11-21T19:00:00+00:00,182.85,184.44,180.8,181.21,27073.124
2025-11-21T20:00:00+00:00,181.21,181.96,178.61,178.85,18404.913
2025-11-21T21:00:00+00:00,178.84,180.17,178.62,180.16,6570.897
2025-11-21T22:00:00+00:00,180.16,180.17,179.58,179.95,2368.147
2025-11-21T23:00:00+00:00,179.95,180.36,179.94,180.33,2189.593
2025-11-22T00:00:00+00:00,180.33,180.37,179.84,180.11,3073.616
2025-11-22T01:00:00+00:00,180.11,180.12,180.01,180.11,567.106
2025-11-22T02:00:00+00:00,180.12,180.12,180.11,180.12,222.046
2025-11-22T03:00:00+00:00,180.11,180.12,180.11,180.12,516.403
2025-11-22T04:00:00+00:00,180.12,180.12,180.11,180.12,453.875
2025-11-22T05:00:00+00:00,180.11,180.12,179.74,179.87,543.903
2025-11-22T06:00:00+00:00,179.87,181.43,179.86,181.39,2623.877
2025-11-22T07:00:00+00:00,181.42,181.43,179.46,179.9,2261.349
2025-11-22T08:00:00+00:00,179.9,179.9,179.8,179.8,733.596
2025-11-22T09:00:00+00:00,179.81,179.91,179.81,179.88,710.89
2025-11-22T10:00:00+00:00,179.89,180.82,179.88,179.91,1804.604
2025-11-22T11:00:00+00:00,179.91,180.0,178.88,179.93,2001.213
2025-11-22T12:00:00+00:00,179.92,180.53,179.92,180.25,1454.289
2025-11-22T13:00:00+00:00,180.24,180.25,176.25,179.26,5616.791
2025-11-22T14:00:00+00:00,179.39,179.9,178.42,179.81,3001.292
2025-11-22T15:00:00+00:00,179.81,179.81,179.27,179.31,1685.593
2025-11-22T16:00:00+00:00,179.31,179.57,179.3,179.57,770.673
2025-11-22T17:00:00+00:00,179.57,179.63,179.55,179.56,1341.988
2025-11-22T18:00:00+00:00,179.56,179.56,179.55,179.56,556.752
2025-11-22T19:00:00+00:00,179.56,180.35,178.88,180.0,2046.318
2025-11-22T20:00:00+00:00,180.0,180.07,179.48,179.49,1025.185
2025-11-22T21:00:00+00:00,179.49,179.49,179.47,179.48,604.751
2025-11-22T22:00:00+00:00,179.48,179.48,179.45,179.46,620.596
2025-11-22T23:00:00+00:00,179.46,179.46,179.45,179.46,415.937
2025-11-23T00:00:00+00:00,179.46,179.47,179.45,179.46,471.235
2025-11-23T01:00:00+00:00,179.47,179.61,179.46,179.6,812.861
2025-11-23T02:00:00+00:00,179.61,179.61,179.6,179.61,389.083
2025-11-23T03:00:00+00:00,179.61,179.75,179.6,179.75,421.415
2025-11-23T04:00:00+00:00,179.75,179.87,179.74,179.87,528.752
2025-11-23T05:00:00+00:00,179.87,180.7,179.86,180.56,1771.26
2025-11-23T06:00:00+00:00,180.55,180.56,180.33,180.33,1076.804
2025-11-23T07:00:00+00:00,180.32,180.33,180.3,180.3,637.669
2025-11-23T08:00:00+00:00,180.31,180.31,180.3,180.31,743.631
2025-11-23T09:00:00+00:00,180.3,180.31,180.3,180.31,319.192
2025-11-23T10:00:00+00:00,180.31,180.31,180.3,180.31,327.037
2025-11-23T11:00:00+00:00,180.31,180.31,180.3,180.31,2171.647
2025-11-23T12:00:00+00:00,180.31,180.31,180.3,180.3,620.524
2025-11-23T13:00:00+00:00,180.31,180.31,180.3,180.31,1146.845
2025-11-23T14:00:00+00:00,180.31,180.5,180.31,180.38,1879.396
2025-11-23T15:00:00+00:00,180.49,181.6,180.48,180.78,2415.264
2025-11-23T16:00:00+00:00,180.77,181.04,180.31,180.72,1649.527
2025-11-23T17:00:00+00:00,180.73,182.05,180.72,181.18,1673.225
2025-11-23T18:00:00+00:00,181.18,181.5,180.0,180.08,2384.196
2025-11-23T19:00:00+00:00,180.09,182.02,180.08,181.91,2685.114
2025-11-23T20:00:00+00:00,181.91,182.0,180.95,181.6,1627.762
2025-11-23T21:00:00+00:00,181.6,183.59,181.0,181.81,1987.167
2025-11-23T22:00:00+00:00,181.83,182.1,181.83,182.01,1586.863
2025-11-23T23:00:00+00:00,182.07,183.48,180.81,181.3,2036.035
2025-11-24T00:00:00+00:00,181.29,183.11,181.29,182.45,1268.496
2025-11-24T01:00:00+00:00,182.45,182.45,180.2,180.66,2128.022
2025-11-24T02:00:00+00:00,180.66,181.57,180.65,181.27,2527.996
2025-11-24T03:00:00+00:00,181.26,181.26,180.86,181.15,1322.925
2025-11-24T04:00:00+00:00,181.14,181.14,180.37,180.43,1690.563
2025-11-24T05:00:00+00:00,180.43,181.02,180.27,180.66,982.786
2025-11-24T06:00:00+00:00,180.65,180.78,179.91,180.58,1621.418
2025-11-24T07:00:00+00:00,180.58,181.44,180.3,180.93,2498.147
2025-11-24T08:00:00+00:00,180.9,181.44,180.62,181.34,1554.582
2025-11-24T09:00:00+00:00,181.34,181.51,179.33,179.99,2283.986
2025-11-24T10:00:00+00:00,179.98,180.08,178.8,179.66,2743.604
2025-11-24T11:00:00+00:00,179.67,179.81,179.12,179.68,2607.014
2025-11-24T12:00:00+00:00,179.71,180.18,179.6,180.0,3519.834
2025-11-24T13:00:00+00:00,180.0,180.36,179.58,179.59,4674.901
2025-11-24T14:00:00+00:00,179.6,180.81,176.4,177.88,35718.703
2025-11-24T15:00:00+00:00,177.88,179.85,177.52,178.6,36116.138
2025-11-24T16:00:00+00:00,178.63,184.27,178.63,182.12,35112.353
2025-11-24T17:00:00+00:00,182.15,183.37,181.97,182.48,20036.403
2025-11-24T18:00:00+00:00,182.51,182.83,181.31,182.11,12684.405
2025-11-24T19:00:00+00:00,182.09,182.55,181.14,181.54,13296.774
2025-11-24T20:00:00+00:00,181.55,183.47,181.18,182.86,18810.079
2025-11-24T21:00:00+00:00,182.88,183.05,181.85,181.99,5715.618
2025-11-24T22:00:00+00:00,182.0,182.32,178.71,179.53,9709.338
2025-11-24T23:00:00+00:00,179.6,180.28,177.73,179.75,10625.691
2025-11-25T00:00:00+00:00,179.75,179.87,179.06,179.77,4795.596
2025-11-25T01:00:00+00:00,179.77,179.97,177.95,178.89,5730.244
2025-11-25T02:00:00+00:00,178.86,180.07,178.32,178.95,4230.436
2025-11-25T03:00:00+00:00,178.95,179.35,178.03,178.62,3557.245
2025-11-25T04:00:00+00:00,178.69,179.46,178.65,179.1,3129.915
2025-11-25T05:00:00+00:00,179.1,179.75,177.73,179.06,8797.015
2025-11-25T06:00:00+00:00,179.06,179.28,178.54,178.95,2507.653
2025-11-25T07:00:00+00:00,178.96,179.07,177.02,178.94,5681.071
2025-11-25T08:00:00+00:00,178.94,179.02,178.0,178.28,3347.798
2025-11-25T09:00:00+00:00,178.29,178.43,175.7,176.56,9761.397
2025-11-25T10:00:00+00:00,176.56,176.73,174.27,175.13,14702.231
2025-11-25T11:00:00+00:00,175.13,176.27,174.12,175.46,10184.327
2025-11-25T12:00:00+00:00,175.44,176.87,175.25,175.48,7193.262
2025-11-25T13:00:00+00:00,175.39,175.66,173.67,173.98,13475.099
2025-11-25T14:00:00+00:00,173.97,175.05,170.44,172.36,82535.535
2025-11-25T15:00:00+00:00,172.36,173.02,169.47,172.54,79748.678
2025-11-25T16:00:00+00:00,172.56,175.33,171.91,174.77,34755.071
2025-11-25T17:00:00+00:00,174.73,176.59,174.4,175.32,18375.784
2025-11-25T18:00:00+00:00,175.26,176.86,175.25,176.06,12493.197
2025-11-25T19:00:00+00:00,176.02,176.2,173.64,175.12,16389.823
2025-11-25T20:00:00+00:00,175.2,178.13,175.2,177.77,20810.538
2025-11-25T21:00:00+00:00,177.82,177.91,176.13,176.8,6687.377
2025-11-25T22:00:00+00:00,176.8,177.71,176.63,177.34,6356.107
2025-11-25T23:00:00+00:00,177.34,177.72,176.75,176.88,5540.836
2025-11-26T00:00:00+00:00,176.89,177.07,176.7,177.0,5812.343
2025-11-26T01:00:00+00:00,177.02,178.94,176.8,177.63,4607.467
2025-11-26T02:00:00+00:00,177.63,181.07,177.63,178.72,8194.974
2025-11-26T03:00:00+00:00,178.68,178.74,177.63,178.28,3189.639
2025-11-26T04:00:00+00:00,178.25,180.45,176.82,177.61,4968.282
2025-11-26T05:00:00+00:00,177.53,178.7,177.53,178.49,2920.416
2025-11-26T06:00:00+00:00,178.49,179.26,178.1,178.56,3778.288
2025-11-26T07:00:00+00:00,178.56,178.71,178.39,178.4,2274.209
2025-11-26T08:00:00+00:00,178.39,178.39,175.75,177.04,5235.98
2025-11-26T09:00:00+00:00,177.08,177.1,174.5,175.39,7517.029
2025-11-26T10:00:00+00:00,175.39,177.12,175.38,177.04,4503.485
2025-11-26T11:00:00+00:00,177.03,177.61,176.62,177.01,11535.486
2025-11-26T12:00:00+00:00,177.0,177.55,175.83,177.25,20328.049
2025-11-26T13:00:00+00:00,177.2,181.74,177.08,181.46,25510.124
2025-11-26T14:00:00+00:00,181.46,182.85,178.5,178.56,40043.043
2025-11-26T15:00:00+00:00,178.6,180.73,178.37,180.68,27733.976
2025-11-26T16:00:00+00:00,180.7,181.79,179.99,180.88,15328.816
2025-11-26T17:00:00+00:00,180.94,181.79,180.13,181.23,15699.84
2025-11-26T18:00:00+00:00,181.27,181.82,179.88,180.51,20649.278
2025-11-26T19:00:00+00:00,180.52,180.86,179.91,180.21,13570.958
2025-11-26T20:00:00+00:00,180.22,180.77,179.94,180.29,16575.533
2025-11-26T21:00:00+00:00,180.32,180.43,179.53,179.77,3884.482
2025-11-26T22:00:00+00:00,179.75,179.83,179.46,179.81,3169.473
2025-11-26T23:00:00+00:00,179.76,180.02,179.63,179.74,4661.638
2025-11-27T00:00:00+00:00,179.6,179.74,179.29,179.44,2518.126
2025-11-27T01:00:00+00:00,179.44,179.66,179.0,179.39,4865.046
2025-11-27T02:00:00+00:00,179.39,179.91,179.37,179.65,7353.314
2025-11-27T03:00:00+00:00,179.74,179.92,179.39,179.71,7672.99
2025-11-27T04:00:00+00:00,179.73,179.97,179.37,179.51,5443.715
2025-11-27T05:00:00+00:00,179.51,179.99,179.36,179.88,1149.344
2025-11-27T06:00:00+00:00,179.88,179.89,179.76,179.81,1084.791
2025-11-27T07:00:00+00:00,179.81,180.5,179.81,179.88,2975.462
2025-11-27T08:00:00+00:00,179.88,180.04,179.7,179.88,3154.958
2025-11-27T09:00:00+00:00,179.88,180.25,179.88,179.95,3228.499
2025-11-27T10:00:00+00:00,179.93,180.06,179.39,180.04,2213.804
2025-11-27T11:00:00+00:00,180.04,180.06,180.03,180.06,2552.039
2025-11-27T12:00:00+00:00,180.06,180.08,180.03,180.03,2981.738
2025-11-27T13:00:00+00:00,180.07,180.07,179.57,179.62,1660.484
2025-11-27T14:00:00+00:00,179.63,180.5,179.51,180.19,7837.181
2025-11-27T15:00:00+00:00,180.18,181.27,179.88,181.08,5470.723
2025-11-27T16:00:00+00:00,181.08,181.08,180.1,180.47,2537.45
2025-11-27T17:00:00+00:00,180.48,180.48,180.47,180.48,684.743
2025-11-27T18:00:00+00:00,180.48,181.0,180.47,180.57,5682.0
2025-11-27T19:00:00+00:00,180.57,180.6,180.56,180.6,1367.983
2025-11-27T20:00:00+00:00,180.59,180.6,180.59,180.6,575.095
2025-11-27T21:00:00+00:00,180.6,181.26,180.48,180.69,2273.447
2025-11-27T22:00:00+00:00,180.69,181.08,180.67,180.88,2012.238
2025-11-27T23:00:00+00:00,180.89,181.29,179.96,179.98,2759.004
2025-11-28T00:00:00+00:00,179.98,180.78,179.95,180.76,1198.509
2025-11-28T01:00:00+00:00,180.75,181.13,180.56,180.98,5928.256
2025-11-28T02:00:00+00:00,180.97,180.98,180.38,180.63,1838.13
2025-11-28T03:00:00+00:00,180.62,181.1,180.0,180.69,4580.35
2025-11-28T04:00:00+00:00,180.69,181.05,180.68,180.68,1571.614
2025-11-28T05:00:00+00:00,180.68,180.7,180.03,180.65,2061.82
2025-11-28T06:00:00+00:00,180.51,180.73,180.43,180.57,1887.191
2025-11-28T07:00:00+00:00,180.57,180.76,180.23,180.54,2041.086
2025-11-28T08:00:00+00:00,180.54,180.77,180.21,180.43,1751.32
2025-11-28T09:00:00+00:00,180.44,180.6,179.96,180.3,4053.043
2025-11-28T10:00:00+00:00,180.3,180.85,180.27,180.73,2498.493
2025-11-28T11:00:00+00:00,180.74,181.28,180.38,180.73,3710.551
2025-11-28T12:00:00+00:00,180.74,181.19,180.74,181.04,3660.587
2025-11-28T13:00:00+00:00,181.05,181.05,179.74,179.98,4706.121
2025-11-28T14:00:00+00:00,179.98,180.08,176.96,178.02,19369.133
2025-11-28T15:00:00+00:00,178.06,178.39,177.13,178.01,9952.077
2025-11-28T16:00:00+00:00,178.01,178.09,176.67,176.96,7168.313
2025-11-28T17:00:00+00:00,177.0,177.43,176.56,177.03,10781.691
2025-11-28T18:00:00+00:00,176.99,177.01,176.58,176.73,4990.611
2025-11-28T19:00:00+00:00,176.75,177.24,176.69,176.87,2185.131
2025-11-28T20:00:00+00:00,176.87,177.59,176.71,176.73,1787.022
2025-11-28T21:00:00+00:00,176.81,176.91,176.71,176.85,866.881
2025-11-28T22:00:00+00:00,176.85,176.89,176.85,176.89,608.849
2025-11-28T23:00:00+00:00,176.89,176.89,176.87,176.88,554.95
2025-11-29T00:00:00+00:00,176.88,176.88,176.72,176.75,567.74
2025-11-29T01:00:00+00:00,176.75,176.76,176.08,176.16,879.128
2025-11-29T02:00:00+00:00,176.14,176.67,176.14,176.65,860.093
2025-11-29T03:00:00+00:00,176.61,176.65,176.41,176.51,492.84
2025-11-29T04:00:00+00:00,176.51,176.58,176.49,176.58,823.547
2025-11-29T05:00:00+00:00,176.57,176.58,176.57,176.57,227.731
2025-11-29T06:00:00+00:00,176.58,176.58,176.57,176.58,344.564
2025-11-29T07:00:00+00:00,176.58,176.59,176.35,176.44,871.966
2025-11-29T08:00:00+00:00,176.45,176.45,176.44,176.44,245.203
2025-11-29T09:00:00+00:00,176.44,176.46,176.44,176.46,492.909
2025-11-29T10:00:00+00:00,176.46,176.51,176.44,176.5,347.326
2025-11-29T11:00:00+00:00,176.51,176.69,176.07,176.18,1180.408
2025-11-29T12:00:00+00:00,176.16,176.46,176.05,176.17,1310.347
2025-11-29T13:00:00+00:00,176.13,176.17,176.05,176.13,548.782
2025-11-29T14:00:00+00:00,176.13,176.13,176.11,176.13,288.82
2025-11-29T15:00:00+00:00,176.12,176.13,175.6,175.86,1094.396
2025-11-29T16:00:00+00:00,175.86,175.86,175.84,175.85,404.973
2025-11-29T17:00:00+00:00,175.85,176.05,175.83,176.04,599.441
2025-11-29T18:00:00+00:00,176.04,176.08,175.96,176.05,820.222
2025-11-29T19:00:00+00:00,176.05,176.05,176.04,176.05,281.956
2025-11-29T20:00:00+00:00,176.05,176.05,176.03,176.05,303.284
2025-11-29T21:00:00+00:00,176.05,176.41,176.0,176.27,1418.768
2025-11-29T22:00:00+00:00,176.26,176.36,176.24,176.29,452.126
2025-11-29T23:00:00+00:00,176.29,176.3,176.28,176.29,235.944
2025-11-30T00:00:00+00:00,176.29,176.31,176.28,176.29,165.72
2025-11-30T01:00:00+00:00,176.29,176.79,176.28,176.71,801.35
2025-11-30T02:00:00+00:00,176.75,176.82,176.47,176.66,598.896
2025-11-30T03:00:00+00:00,176.66,176.75,176.5,176.75,449.831
2025-11-30T04:00:00+00:00,176.77,176.85,176.6,176.6,393.429
2025-11-30T05:00:00+00:00,176.71,176.76,176.63,176.75,114.74
2025-11-30T06:00:00+00:00,176.73,176.89,176.73,176.77,517.022
2025-11-30T07:00:00+00:00,176.84,176.89,176.76,176.77,352.739
2025-11-30T08:00:00+00:00,176.77,177.2,176.75,176.92,856.511
2025-11-30T09:00:00+00:00,176.89,177.09,176.75,176.75,534.656
2025-11-30T10:00:00+00:00,176.75,176.77,176.75,176.75,324.714
2025-11-30T11:00:00+00:00,176.75,176.96,176.75,176.79,473.223
2025-11-30T12:00:00+00:00,176.8,176.99,176.75,176.79,574.047
2025-11-30T13:00:00+00:00,176.79,176.92,176.75,176.78,372.224
2025-11-30T14:00:00+00:00,176.77,176.97,176.75,176.95,902.638
2025-11-30T15:00:00+00:00,176.91,177.0,176.75,176.77,882.282
2025-11-30T16:00:00+00:00,176.77,176.91,176.75,176.76,485.564
2025-11-30T17:00:00+00:00,176.76,176.77,176.73,176.73,716.548
2025-11-30T18:00:00+00:00,176.74,176.74,176.73,176.73,389.978
2025-11-30T19:00:00+00:00,176.74,176.77,176.24,176.37,968.808
2025-11-30T20:00:00+00:00,176.37,176.39,175.88,176.13,1191.176
2025-11-30T21:00:00+00:00,176.13,176.96,176.13,176.5,2607.678
2025-11-30T22:00:00+00:00,176.54,176.83,176.39,176.62,980.278
2025-11-30T23:00:00+00:00,176.62,176.81,176.49,176.66,1216.234
2025-12-01T00:00:00+00:00,176.66,176.69,175.09,175.61,3504.401
2025-12-01T01:00:00+00:00,175.65,175.82,173.88,174.76,6157.303
2025-12-01T02:00:00+00:00,174.75,174.91,174.0,174.59,2544.75
2025-12-01T03:00:00+00:00,174.59,174.63,173.79,174.04,2191.006
2025-12-01T04:00:00+00:00,174.06,174.16,173.59,173.98,2462.229
2025-12-01T05:00:00+00:00,173.94,174.18,173.25,174.05,2868.593
2025-12-01T06:00:00+00:00,174.14,175.2,174.05,175.2,2150.492
2025-12-01T07:00:00+00:00,175.08,175.5,174.5,175.37,2012.539
2025-12-01T08:00:00+00:00,175.38,176.26,175.21,175.51,2613.838
2025-12-01T09:00:00+00:00,175.5,175.64,174.78,175.07,3511.897
2025-12-01T10:00:00+00:00,175.06,175.9,175.04,175.72,2971.176
2025-12-01T11:00:00+00:00,175.68,175.68,174.92,175.17,3400.379
2025-12-01T12:00:00+00:00,175.18,175.48,173.24,173.48,13466.692
2025-12-01T13:00:00+00:00,173.48,175.29,173.48,174.99,10236.058
2025-12-01T14:00:00+00:00,174.99,178.76,173.71,178.2,34049.946
2025-12-01T15:00:00+00:00,178.2,179.98,177.61,179.4,43186.724
2025-12-01T16:00:00+00:00,179.4,179.86,178.33,179.62,28464.696
2025-12-01T17:00:00+00:00,179.63,180.31,179.34,179.34,18371.149
2025-12-01T18:00:00+00:00,179.38,179.99,179.18,179.95,14750.13
2025-12-01T19:00:00+00:00,179.94,179.94,178.66,178.92,8985.037
2025-12-01T20:00:00+00:00,178.9,180.0,178.85,180.0,13407.102
2025-12-01T21:00:00+00:00,179.94,180.61,179.83,179.96,9051.797
2025-12-01T22:00:00+00:00,179.96,180.0,179.75,179.99,5834.389
2025-12-01T23:00:00+00:00,179.99,179.99,179.64,179.82,5455.496
2025-12-02T00:00:00+00:00,179.81,179.89,179.66,179.77,2473.221
2025-12-02T01:00:00+00:00,179.77,180.84,179.74,180.42,4677.277
2025-12-02T02:00:00+00:00,180.41,180.52,179.87,180.42,2026.271
2025-12-02T03:00:00+00:00,180.43,180.45,179.57,180.19,3366.114
2025-12-02T04:00:00+00:00,180.19,180.73,179.37,180.29,3430.366
2025-12-02T05:00:00+00:00,180.28,180.41,179.95,180.24,1805.235
2025-12-02T06:00:00+00:00,180.3,180.34,179.65,180.1,1542.242
2025-12-02T07:00:00+00:00,180.1,180.11,179.63,179.81,2310.511
2025-12-02T08:00:00+00:00,179.81,180.08,178.87,180.07,2167.907
2025-12-02T09:00:00+00:00,180.07,180.44,180.0,180.27,3374.349
2025-12-02T10:00:00+00:00,180.25,181.09,180.06,180.9,5460.477
2025-12-02T11:00:00+00:00,180.88,181.61,180.7,181.34,8427.403
2025-12-02T12:00:00+00:00,181.26,181.6,181.18,181.39,4386.922
2025-12-02T13:00:00+00:00,181.39,182.36,181.15,182.36,6243.65
2025-12-02T14:00:00+00:00,182.38,185.62,181.68,184.74,45628.31
2025-12-02T15:00:00+00:00,184.79,185.52,182.98,183.72,37055.159
2025-12-02T16:00:00+00:00,183.73,183.89,180.06,181.44,55404.648
2025-12-02T17:00:00+00:00,181.42,182.43,181.31,181.31,10643.497
2025-12-02T18:00:00+00:00,181.3,182.13,181.11,181.36,6595.671
2025-12-02T19:00:00+00:00,181.28,181.82,180.8,181.67,6141.851
2025-12-02T20:00:00+00:00,181.67,181.88,181.01,181.43,10674.317
2025-12-02T21:00:00+00:00,181.44,181.55,180.99,181.52,4710.563
2025-12-02T22:00:00+00:00,181.53,181.76,181.37,181.65,4049.662
2025-12-02T23:00:00+00:00,181.65,181.99,181.55,181.68,5163.221
2025-12-03T00:00:00+00:00,181.62,181.89,180.88,181.22,4219.978
2025-12-03T01:00:00+00:00,181.21,181.7,181.21,181.47,1662.126
2025-12-03T02:00:00+00:00,181.46,182.09,181.4,182.02,2751.216
2025-12-03T03:00:00+00:00,182.01,182.87,181.41,182.45,3351.749
2025-12-03T04:00:00+00:00,182.46,182.53,181.74,182.09,1806.712
2025-12-03T05:00:00+00:00,182.09,182.31,181.63,182.19,2583.038
2025-12-03T06:00:00+00:00,182.18,182.28,181.96,182.21,957.911
2025-12-03T07:00:00+00:00,182.21,182.62,182.2,182.53,1238.232
2025-12-03T08:00:00+00:00,182.53,182.88,181.8,182.44,1651.116
2025-12-03T09:00:00+00:00,182.41,182.48,181.63,182.36,3468.669
2025-12-03T10:00:00+00:00,182.32,182.47,182.16,182.26,2128.603
2025-12-03T11:00:00+00:00,182.22,182.72,181.84,182.61,2526.049
2025-12-03T12:00:00+00:00,182.61,183.94,182.49,183.72,4063.839
2025-12-03T13:00:00+00:00,183.77,184.46,183.38,183.41,6493.37
2025-12-03T14:00:00+00:00,183.38,183.51,179.09,179.91,54280.657
2025-12-03T15:00:00+00:00,179.91,182.44,179.9,180.96,38887.057
2025-12-03T16:00:00+00:00,181.0,181.41,179.92,180.01,18811.41
2025-12-03T17:00:00+00:00,180.01,180.77,179.91,180.61,18196.886
2025-12-03T18:00:00+00:00,180.64,181.25,180.4,180.65,16537.677
2025-12-03T19:00:00+00:00,180.65,181.35,180.55,180.69,7761.321
2025-12-03T20:00:00+00:00,180.72,181.07,179.43,179.63,8117.664
2025-12-03T21:00:00+00:00,179.63,180.0,179.6,179.88,3576.829
2025-12-03T22:00:00+00:00,179.88,180.23,179.88,180.1,2288.286
2025-12-03T23:00:00+00:00,180.1,180.18,179.89,180.05,1461.813
2025-12-04T00:00:00+00:00,180.06,180.23,179.87,179.95,1218.629
2025-12-04T01:00:00+00:00,179.92,180.6,179.81,180.3,2091.557
2025-12-04T02:00:00+00:00,180.31,180.39,180.01,180.05,542.351
2025-12-04T03:00:00+00:00,180.05,180.77,179.65,180.4,4246.194
2025-12-04T04:00:00+00:00,180.32,180.65,179.55,180.42,2647.661
2025-12-04T05:00:00+00:00,180.42,180.58,179.91,180.31,1187.803
2025-12-04T06:00:00+00:00,180.31,180.67,180.31,180.59,920.595
2025-12-04T07:00:00+00:00,180.59,181.0,180.59,180.82,1278.631
2025-12-04T08:00:00+00:00,180.81,180.81,180.24,180.3,1175.228
2025-12-04T09:00:00+00:00,180.3,180.87,180.07,180.85,2948.555
2025-12-04T10:00:00+00:00,180.85,180.89,180.26,180.42,1696.338
2025-12-04T11:00:00+00:00,180.42,180.56,180.18,180.44,1939.226
2025-12-04T12:00:00+00:00,180.45,180.54,180.16,180.38,2436.164
2025-12-04T13:00:00+00:00,180.36,180.51,180.12,180.46,2354.108
2025-12-04T14:00:00+00:00,180.47,183.05,180.18,180.87,25057.282
2025-12-04T15:00:00+00:00,180.87,183.01,180.18,181.78,19862.219
2025-12-04T16:00:00+00:00,181.8,184.35,181.26,184.26,23752.41
2025-12-04T17:00:00+00:00,184.25,184.55,183.35,183.56,10215.914
2025-12-04T18:00:00+00:00,183.56,183.82,183.15,183.48,10914.659
2025-12-04T19:00:00+00:00,183.46,183.46,182.03,182.94,11385.116
2025-12-04T20:00:00+00:00,182.88,183.41,182.35,183.41,12251.932
2025-12-04T21:00:00+00:00,183.38,183.79,183.34,183.51,3539.223
2025-12-04T22:00:00+00:00,183.51,183.55,183.11,183.16,3005.737
2025-12-04T23:00:00+00:00,183.16,183.41,183.12,183.16,2146.473
2025-12-05T00:00:00+00:00,183.18,183.55,183.16,183.47,2272.615
2025-12-05T01:00:00+00:00,183.43,183.76,183.36,183.54,1295.299
2025-12-05T02:00:00+00:00,183.53,184.1,183.47,183.98,1030.3
2025-12-05T03:00:00+00:00,183.98,184.45,183.95,184.21,1913.729
2025-12-05T04:00:00+00:00,184.21,184.66,184.11,184.27,1249.993
2025-12-05T05:00:00+00:00,184.27,184.61,184.25,184.61,1400.066
2025-12-05T06:00:00+00:00,184.61,184.72,183.97,184.53,1452.136
2025-12-05T07:00:00+00:00,184.53,185.0,184.51,184.91,1037.129
2025-12-05T08:00:00+00:00,184.91,185.2,184.1,184.59,3625.851
2025-12-05T09:00:00+00:00,184.58,184.89,184.52,184.62,3482.118
2025-12-05T10:00:00+00:00,184.62,184.73,184.41,184.42,1555.569
2025-12-05T11:00:00+00:00,184.41,184.63,184.23,184.55,2420.645
2025-12-05T12:00:00+00:00,184.55,184.6,183.98,184.25,1547.497
2025-12-05T13:00:00+00:00,184.35,184.43,183.25,183.48,5166.359
2025-12-05T14:00:00+00:00,183.48,184.64,181.08,182.04,16560.821
2025-12-05T15:00:00+00:00,182.03,183.39,181.61,182.09,9683.679
2025-12-05T16:00:00+00:00,182.1,182.56,181.54,182.19,8738.717
2025-12-05T17:00:00+00:00,182.16,182.38,181.58,182.35,4282.073
2025-12-05T18:00:00+00:00,182.34,182.54,181.73,181.97,3171.087
2025-12-05T19:00:00+00:00,181.91,182.01,181.23,181.91,2712.075
2025-12-05T20:00:00+00:00,181.91,182.55,181.32,182.48,12824.295
2025-12-05T21:00:00+00:00,182.48,182.65,182.4,182.52,1157.048
2025-12-05T22:00:00+00:00,182.51,182.52,182.37,182.49,958.797
2025-12-05T23:00:00+00:00,182.49,182.5,182.26,182.32,971.84
2025-12-06T00:00:00+00:00,182.32,182.38,182.26,182.38,2130.037
2025-12-06T01:00:00+00:00,182.38,182.54,182.08,182.1,1009.559
2025-12-06T02:00:00+00:00,182.09,182.36,182.09,182.22,672.445
2025-12-06T03:00:00+00:00,182.23,182.23,181.9,182.17,712.706
2025-12-06T04:00:00+00:00,182.18,182.25,182.06,182.24,344.859
2025-12-06T05:00:00+00:00,182.25,182.27,182.06,182.2,361.099
2025-12-06T06:00:00+00:00,182.19,182.21,182.09,182.2,169.889
2025-12-06T07:00:00+00:00,182.21,182.24,181.96,182.08,443.344
2025-12-06T08:00:00+00:00,182.08,182.11,181.98,182.11,125.379
2025-12-06T09:00:00+00:00,182.09,182.14,181.96,181.97,186.344
2025-12-06T10:00:00+00:00,182.04,182.13,181.99,182.13,103.186
2025-12-06T11:00:00+00:00,182.12,182.55,182.11,182.27,700.076
2025-12-06T12:00:00+00:00,182.24,182.3,182.17,182.26,209.356
2025-12-06T13:00:00+00:00,182.27,182.35,182.18,182.32,177.356
2025-12-06T14:00:00+00:00,182.33,182.46,182.32,182.46,113.9
2025-12-06T15:00:00+00:00,182.46,182.51,182.44,182.47,263.117
2025-12-06T16:00:00+00:00,182.48,182.48,182.31,182.36,426.344
2025-12-06T17:00:00+00:00,182.35,182.36,182.35,182.36,106.533
2025-12-06T18:00:00+00:00,182.36,182.45,182.33,182.41,289.706
2025-12-06T19:00:00+00:00,182.42,182.42,182.36,182.36,140.891
2025-12-06T20:00:00+00:00,182.39,182.39,182.38,182.39,84.983
2025-12-06T21:00:00+00:00,182.39,182.56,182.38,182.54,234.222
2025-12-06T22:00:00+00:00,182.54,182.95,182.54,182.73,901.006
2025-12-06T23:00:00+00:00,182.73,182.73,182.72,182.72,62.967
2025-12-07T00:00:00+00:00,182.73,182.73,182.72,182.73,71.442
2025-12-07T01:00:00+00:00,182.72,182.73,182.72,182.72,122.423
2025-12-07T02:00:00+00:00,182.72,182.73,182.63,182.73,446.579
2025-12-07T03:00:00+00:00,182.73,182.81,182.72,182.81,230.09
2025-12-07T04:00:00+00:00,182.81,182.92,182.78,182.88,353.373
2025-12-07T05:00:00+00:00,182.88,183.02,182.81,183.02,239.48
2025-12-07T06:00:00+00:00,183.02,183.02,182.81,182.85,255.459
2025-12-07T07:00:00+00:00,182.87,182.87,182.59,182.7,484.902
2025-12-07T08:00:00+00:00,182.69,182.7,182.69,182.69,52.928
2025-12-07T09:00:00+00:00,182.69,182.7,182.69,182.69,122.209
2025-12-07T10:00:00+00:00,182.69,182.7,182.68,182.68,66.508
2025-12-07T11:00:00+00:00,182.68,182.69,182.49,182.56,224.558
2025-12-07T12:00:00+00:00,182.64,182.7,182.36,182.51,465.484
2025-12-07T13:00:00+00:00,182.5,182.5,182.29,182.45,496.973
2025-12-07T14:00:00+00:00,182.44,183.05,182.38,182.7,1127.193
2025-12-07T15:00:00+00:00,182.7,182.85,182.27,182.85,1289.604
2025-12-07T16:00:00+00:00,182.85,182.89,182.81,182.89,583.923
2025-12-07T17:00:00+00:00,182.89,183.1,182.83,183.07,631.729
2025-12-07T18:00:00+00:00,183.07,183.07,183.06,183.07,248.611
2025-12-07T19:00:00+00:00,183.07,183.16,183.06,183.16,694.783
2025-12-07T20:00:00+00:00,183.16,183.33,183.13,183.33,410.415
2025-12-07T21:00:00+00:00,183.29,183.55,183.29,183.55,497.765
2025-12-07T22:00:00+00:00,183.54,183.55,183.25,183.41,817.524
2025-12-07T23:00:00+00:00,183.36,183.42,183.13,183.13,264.267
2025-12-08T00:00:00+00:00,183.12,183.44,183.11,183.41,427.405
2025-12-08T01:00:00+00:00,183.41,183.41,182.32,182.53,1484.286
2025-12-08T02:00:00+00:00,182.5,182.77,182.36,182.58,771.386
2025-12-08T03:00:00+00:00,182.6,182.86,182.6,182.76,231.545
2025-12-08T04:00:00+00:00,182.75,182.99,182.71,182.81,421.375
2025-12-08T05:00:00+00:00,182.8,183.44,182.18,182.91,3349.17
2025-12-08T06:00:00+00:00,182.94,183.49,182.92,183.04,1438.2
2025-12-08T07:00:00+00:00,182.99,183.39,182.91,183.15,620.975
2025-12-08T08:00:00+00:00,183.14,183.16,182.54,182.58,1931.296
2025-12-08T09:00:00+00:00,182.73,182.74,181.96,182.45,2735.459
2025-12-08T10:00:00+00:00,182.48,183.12,182.12,183.05,1893.015
2025-12-08T11:00:00+00:00,183.05,183.15,182.66,182.81,1728.829
2025-12-08T12:00:00+00:00,182.81,182.95,182.66,182.88,1377.42
2025-12-08T13:00:00+00:00,182.88,183.17,182.29,182.51,2600.045
2025-12-08T14:00:00+00:00,182.51,185.7,182.24,183.4,34869.899
2025-12-08T15:00:00+00:00,183.44,184.56,182.5,183.72,11959.644
2025-12-08T16:00:00+00:00,183.71,183.85,183.2,183.63,10383.28
2025-12-08T17:00:00+00:00,183.66,186.94,183.05,185.88,18687.676
2025-12-08T18:00:00+00:00,185.91,188.02,184.39,184.51,28217.889
2025-12-08T19:00:00+00:00,184.52,185.15,183.91,184.59,13784.302
2025-12-08T20:00:00+00:00,184.6,185.58,182.54,185.57,15685.211
2025-12-08T21:00:00+00:00,185.6,190.12,185.51,189.14,18607.988
2025-12-08T22:00:00+00:00,189.18,191.23,189.16,190.28,14018.844
2025-12-08T23:00:00+00:00,190.27,190.31,189.12,189.47,8110.641
2025-12-09T00:00:00+00:00,189.5,189.97,189.46,189.9,4439.769
2025-12-09T01:00:00+00:00,189.9,190.17,188.92,189.5,4558.682
2025-12-09T02:00:00+00:00,189.44,189.54,188.92,189.14,1933.157
2025-12-09T03:00:00+00:00,189.14,189.26,188.26,189.19,7021.106
2025-12-09T04:00:00+00:00,189.19,190.19,189.03,189.5,4285.885
2025-12-09T05:00:00+00:00,189.56,189.62,188.91,189.19,2330.497
2025-12-09T06:00:00+00:00,189.19,189.55,188.87,189.54,2933.73
2025-12-09T07:00:00+00:00,189.55,189.75,189.51,189.72,2118.141
2025-12-09T08:00:00+00:00,189.72,189.74,189.31,189.46,1067.709
2025-12-09T09:00:00+00:00,189.44,189.53,188.21,188.47,5338.497
2025-12-09T10:00:00+00:00,188.47,189.25,186.5,186.54,15909.687
2025-12-09T11:00:00+00:00,186.59,186.88,185.06,186.81,6703.859
2025-12-09T12:00:00+00:00,186.83,187.79,186.83,187.42,3165.883
2025-12-09T13:00:00+00:00,187.44,187.48,185.97,186.66,6851.437
2025-12-09T14:00:00+00:00,186.65,186.72,183.48,184.12,31625.54
2025-12-09T15:00:00+00:00,184.13,185.32,184.01,185.19,15465.547
2025-12-09T16:00:00+00:00,185.19,185.71,184.37,184.85,10987.491
2025-12-09T17:00:00+00:00,184.88,185.3,184.53,185.16,5790.316
2025-12-09T18:00:00+00:00,185.17,185.18,184.56,184.81,4909.428
2025-12-09T19:00:00+00:00,184.87,184.87,184.27,184.38,3107.069
2025-12-09T20:00:00+00:00,184.4,185.12,184.15,185.11,6732.309
2025-12-09T21:00:00+00:00,185.11,185.22,184.55,184.63,2999.431
2025-12-09T22:00:00+00:00,184.63,184.96,184.6,184.7,2826.386
2025-12-09T23:00:00+00:00,184.71,184.82,184.57,184.63,698.124
2025-12-10T00:00:00+00:00,184.61,184.63,184.42,184.51,1202.113
2025-12-10T01:00:00+00:00,184.51,184.51,184.08,184.24,1968.739
2025-12-10T02:00:00+00:00,184.2,184.31,184.12,184.24,887.499
2025-12-10T03:00:00+00:00,184.29,184.35,184.15,184.25,525.691
2025-12-10T04:00:00+00:00,184.21,184.44,184.19,184.37,730.556
2025-12-10T05:00:00+00:00,184.37,184.5,184.36,184.43,1019.43
2025-12-10T06:00:00+00:00,184.47,184.87,184.46,184.83,1166.598
2025-12-10T07:00:00+00:00,184.83,185.28,184.77,185.07,2899.031
2025-12-10T08:00:00+00:00,185.07,185.33,184.89,184.95,3581.304
2025-12-10T09:00:00+00:00,185.01,185.15,184.63,184.87,1428.929
2025-12-10T10:00:00+00:00,184.91,185.79,184.47,184.75,2259.029
2025-12-10T11:00:00+00:00,184.74,185.98,184.69,185.61,3607.988
2025-12-10T12:00:00+00:00,185.6,185.93,185.13,185.69,8687.543
2025-12-10T13:00:00+00:00,185.66,185.95,185.41,185.46,2734.072
2025-12-10T14:00:00+00:00,185.45,185.54,183.86,184.44,16631.302
2025-12-10T15:00:00+00:00,184.42,184.7,182.69,182.88,14525.342
2025-12-10T16:00:00+00:00,182.86,183.0,182.06,182.64,8768.977
2025-12-10T17:00:00+00:00,182.59,183.52,182.45,183.32,5194.696
2025-12-10T18:00:00+00:00,183.28,183.34,182.46,182.96,4166.83
2025-12-10T19:00:00+00:00,182.97,184.6,182.61,184.6,21553.943
2025-12-10T20:00:00+00:00,184.6,184.68,183.48,183.77,8810.797
2025-12-10T21:00:00+00:00,183.78,183.78,181.7,182.17,4109.832
2025-12-10T22:00:00+00:00,182.16,182.55,181.5,181.56,2531.596
2025-12-10T23:00:00+00:00,181.55,181.82,181.3,181.59,1239.389
2025-12-11T00:00:00+00:00,181.59,181.65,181.23,181.41,2059.721
2025-12-11T01:00:00+00:00,181.35,181.56,181.06,181.2,1484.552
2025-12-11T02:00:00+00:00,181.17,181.3,179.64,180.16,3472.608
2025-12-11T03:00:00+00:00,180.23,180.34,178.76,179.99,4415.243
2025-12-11T04:00:00+00:00,179.97,180.23,179.43,180.19,6894.464
2025-12-11T05:00:00+00:00,180.17,180.27,179.95,180.27,1261.143
2025-12-11T06:00:00+00:00,180.26,180.51,179.72,179.85,1679.141
2025-12-11T07:00:00+00:00,179.87,180.18,179.68,180.07,3051.392
2025-12-11T08:00:00+00:00,180.07,180.47,179.78,180.36,1546.137
2025-12-11T09:00:00+00:00,180.31,181.06,180.24,180.39,3417.543
2025-12-11T10:00:00+00:00,180.4,180.82,180.18,180.78,8474.53
2025-12-11T11:00:00+00:00,180.78,180.85,180.4,180.77,1709.832
2025-12-11T12:00:00+00:00,180.77,181.49,180.63,181.36,12357.455
2025-12-11T13:00:00+00:00,181.35,181.53,180.72,180.92,3785.561
2025-12-11T14:00:00+00:00,180.94,181.24,176.84,176.85,26229.172
2025-12-11T15:00:00+00:00,176.91,178.66,176.57,177.47,15583.035
2025-12-11T16:00:00+00:00,177.44,177.98,176.88,177.63,13405.807
2025-12-11T17:00:00+00:00,177.6,179.14,177.31,178.75,14431.21
2025-12-11T18:00:00+00:00,178.69,180.12,178.68,179.87,7525.985
2025-12-11T19:00:00+00:00,179.86,181.29,179.74,180.5,6704.33
2025-12-11T20:00:00+00:00,180.49,180.98,180.03,180.98,14745.737
2025-12-11T21:00:00+00:00,180.99,181.79,180.32,181.02,4393.272
2025-12-11T22:00:00+00:00,181.0,181.0,179.27,180.6,2730.628
2025-12-11T23:00:00+00:00,180.56,181.0,180.01,180.16,2378.752
2025-12-12T00:00:00+00:00,180.18,180.18,179.64,179.81,1946.283
2025-12-12T01:00:00+00:00,179.82,180.18,179.73,180.09,778.312
2025-12-12T02:00:00+00:00,180.12,180.76,180.12,180.61,1704.584
2025-12-12T03:00:00+00:00,180.61,180.64,180.04,180.34,4017.264
2025-12-12T04:00:00+00:00,180.34,180.39,180.2,180.28,702.718
2025-12-12T05:00:00+00:00,180.3,180.64,180.25,180.48,1498.791
2025-12-12T06:00:00+00:00,180.53,180.66,180.23,180.33,1929.897
2025-12-12T07:00:00+00:00,180.29,180.5,180.25,180.27,783.574
2025-12-12T08:00:00+00:00,180.27,180.3,179.98,180.12,1292.487
2025-12-12T09:00:00+00:00,180.14,180.34,179.05,179.46,2387.249
2025-12-12T10:00:00+00:00,179.42,179.85,179.15,179.79,1352.196
2025-12-12T11:00:00+00:00,179.78,180.62,179.62,180.5,2335.27
2025-12-12T12:00:00+00:00,180.43,183.19,180.24,182.36,11691.56
2025-12-12T13:00:00+00:00,182.34,183.18,181.37,181.94,3837.932
2025-12-12T14:00:00+00:00,181.94,182.77,180.43,181.05,18294.571
2025-12-12T15:00:00+00:00,181.04,181.06,177.2,177.26,16901.799
2025-12-12T16:00:00+00:00,177.24,178.21,175.2,175.81,43780.119
2025-12-12T17:00:00+00:00,175.82,177.55,175.69,176.83,14280.791
2025-12-12T18:00:00+00:00,176.8,178.11,176.4,176.78,8656.404
2025-12-12T19:00:00+00:00,176.96,176.97,176.02,176.28,2948.469
2025-12-12T20:00:00+00:00,176.27,176.64,174.62,175.06,7970.327
2025-12-12T21:00:00+00:00,175.06,175.18,174.8,175.11,616.853
2025-12-12T22:00:00+00:00,175.09,175.15,174.88,174.93,271.599
2025-12-12T23:00:00+00:00,174.96,174.96,174.78,174.83,393.728
2025-12-13T00:00:00+00:00,174.86,175.28,174.81,175.15,940.447
2025-12-13T01:00:00+00:00,175.13,175.26,175.05,175.15,270.581
2025-12-13T02:00:00+00:00,175.24,175.24,174.79,175.02,474.786
2025-12-13T03:00:00+00:00,175.06,175.24,174.46,175.17,343.775
2025-12-13T04:00:00+00:00,175.17,175.21,175.01,175.1,289.44
2025-12-13T05:00:00+00:00,175.2,175.7,175.1,175.42,417.337
2025-12-13T06:00:00+00:00,175.4,175.4,174.85,175.08,478.954
2025-12-13T07:00:00+00:00,175.07,175.79,174.62,175.27,1139.626
2025-12-13T08:00:00+00:00,175.41,175.54,174.53,175.23,542.281
2025-12-13T09:00:00+00:00,175.21,175.33,175.17,175.25,349.892
2025-12-13T10:00:00+00:00,175.24,175.28,175.17,175.2,224.349
2025-12-13T11:00:00+00:00,175.21,175.26,175.21,175.24,78.857
2025-12-13T12:00:00+00:00,175.24,175.7,175.24,175.4,414.485
2025-12-13T13:00:00+00:00,175.4,175.43,175.25,175.27,124.552
2025-12-13T14:00:00+00:00,175.26,175.26,175.25,175.25,39.129
2025-12-13T15:00:00+00:00,175.25,175.34,175.25,175.28,303.439
2025-12-13T16:00:00+00:00,175.29,175.33,174.91,175.08,257.55
2025-12-13T17:00:00+00:00,175.26,175.26,175.22,175.25,36.49
2025-12-13T18:00:00+00:00,175.24,175.25,174.9,175.16,318.157
2025-12-13T19:00:00+00:00,175.16,175.33,174.92,175.2,245.493
2025-12-13T20:00:00+00:00,175.22,175.24,175.21,175.23,139.477
2025-12-13T21:00:00+00:00,175.23,175.24,175.23,175.23,78.706
2025-12-13T22:00:00+00:00,175.23,175.24,175.23,175.24,3.084
2025-12-13T23:00:00+00:00,175.24,175.24,175.23,175.24,1.892
2025-12-14T00:00:00+00:00,175.24,175.24,175.23,175.24,16.752
2025-12-14T01:00:00+00:00,175.24,175.24,175.23,175.24,67.481
2025-12-14T02:00:00+00:00,175.23,175.24,175.22,175.22,49.3
2025-12-14T03:00:00+00:00,175.23,175.35,175.14,175.22,259.806
2025-12-14T04:00:00+00:00,175.22,175.33,175.22,175.26,172.216
2025-12-14T05:00:00+00:00,175.27,175.5,175.23,175.24,325.291
2025-12-14T06:00:00+00:00,175.25,175.25,175.22,175.22,110.269
2025-12-14T07:00:00+00:00,175.24,175.5,175.22,175.29,204.215
2025-12-14T08:00:00+00:00,175.29,175.29,175.26,175.26,55.242
2025-12-14T09:00:00+00:00,175.27,175.27,174.82,175.26,332.766
2025-12-14T10:00:00+00:00,175.26,175.26,175.22,175.22,55.951
2025-12-14T11:00:00+00:00,175.22,175.33,175.15,175.3,343.251
2025-12-14T12:00:00+00:00,175.28,175.28,174.61,175.15,160.819
2025-12-14T13:00:00+00:00,175.14,175.41,175.12,175.34,481.335
2025-12-14T14:00:00+00:00,175.33,175.33,173.07,175.15,2139.895
2025-12-14T15:00:00+00:00,175.14,175.14,174.41,174.71,680.358
2025-12-14T16:00:00+00:00,174.7,174.8,174.4,174.62,371.575
2025-12-14T17:00:00+00:00,174.37,174.7,174.32,174.69,859.502
2025-12-14T18:00:00+00:00,174.45,174.7,173.99,174.52,853.345
2025-12-14T19:00:00+00:00,174.33,174.58,171.14,173.53,10977.342
2025-12-14T20:00:00+00:00,173.07,173.53,172.5,173.11,549.964
2025-12-14T21:00:00+00:00,173.04,173.59,172.8,173.06,1729.57
2025-12-14T22:00:00+00:00,173.06,173.62,173.06,173.3,539.653
2025-12-14T23:00:00+00:00,173.33,173.7,172.55,173.54,1576.388
2025-12-15T00:00:00+00:00,173.54,174.0,173.33,173.33,1108.951
2025-12-15T01:00:00+00:00,173.33,176.99,173.33,176.33,5764.704
2025-12-15T02:00:00+00:00,176.34,176.52,175.99,176.31,648.009
2025-12-15T03:00:00+00:00,176.29,176.46,176.16,176.17,586.782
2025-12-15T04:00:00+00:00,176.17,176.18,175.84,175.98,300.349
2025-12-15T05:00:00+00:00,175.96,176.26,175.93,176.24,525.593
2025-12-15T06:00:00+00:00,176.23,176.29,175.88,176.11,476.27
2025-12-15T07:00:00+00:00,176.13,176.41,176.0,176.14,921.2
2025-12-15T08:00:00+00:00,176.15,176.36,175.73,176.28,2302.292
2025-12-15T09:00:00+00:00,176.3,177.2,176.16,177.07,1441.884
2025-12-15T10:00:00+00:00,177.08,177.08,176.52,176.81,1058.427
2025-12-15T11:00:00+00:00,176.78,177.18,176.61,176.78,2801.548
2025-12-15T12:00:00+00:00,176.74,177.23,176.66,177.23,3175.02
2025-12-15T13:00:00+00:00,177.24,177.41,176.88,177.17,1216.54
2025-12-15T14:00:00+00:00,177.26,178.09,175.79,177.16,8603.544
2025-12-15T15:00:00+00:00,177.19,178.33,174.96,176.98,12618.908
2025-12-15T16:00:00+00:00,176.92,178.41,176.81,177.81,31034.978
2025-12-15T17:00:00+00:00,177.8,178.02,177.05,177.36,7756.536
2025-12-15T18:00:00+00:00,177.34,177.56,176.71,177.47,1835.269
2025-12-15T19:00:00+00:00,177.51,177.66,176.28,176.91,1672.983
2025-12-15T20:00:00+00:00,176.9,176.96,175.94,176.28,6059.391
2025-12-15T21:00:00+00:00,176.28,176.66,176.0,176.53,754.726
2025-12-15T22:00:00+00:00,176.63,176.75,176.49,176.53,494.614
2025-12-15T23:00:00+00:00,176.55,176.86,176.09,176.09,1401.736
2025-12-16T00:00:00+00:00,176.07,176.12,175.76,175.81,921.861
2025-12-16T01:00:00+00:00,175.89,175.94,174.57,175.0,1125.71
2025-12-16T02:00:00+00:00,175.0,175.28,174.68,174.7,1321.989
2025-12-16T03:00:00+00:00,174.7,175.0,174.61,174.89,475.224
2025-12-16T04:00:00+00:00,174.73,175.11,174.6,174.74,3401.508
2025-12-16T05:00:00+00:00,174.64,174.82,174.57,174.63,548.337
2025-12-16T06:00:00+00:00,174.66,174.81,174.47,174.62,939.876
2025-12-16T07:00:00+00:00,174.61,174.77,174.18,174.49,1007.036
2025-12-16T08:00:00+00:00,174.53,174.97,174.33,174.74,1663.019
2025-12-16T09:00:00+00:00,174.62,175.46,174.6,174.97,1326.612
2025-12-16T10:00:00+00:00,174.98,175.9,174.83,175.63,996.628
2025-12-16T11:00:00+00:00,175.58,176.18,175.39,176.16,207.584
2025-12-16T12:00:00+00:00,176.12,176.98,175.94,176.7,1141.73
2025-12-16T13:00:00+00:00,176.68,177.71,176.44,176.66,2484.563
2025-12-16T14:00:00+00:00,176.63,177.28,174.93,177.28,10647.563
2025-12-16T15:00:00+00:00,177.3,177.44,175.52,176.86,13820.143
2025-12-16T16:00:00+00:00,176.88,177.29,175.72,176.97,4836.972
2025-12-16T17:00:00+00:00,176.92,177.08,176.26,176.36,2775.783
2025-12-16T18:00:00+00:00,176.36,177.71,176.21,177.55,2256.259
2025-12-16T19:00:00+00:00,177.49,177.51,176.06,176.8,5981.29
2025-12-16T20:00:00+00:00,176.77,178.2,176.73,177.62,9125.834
2025-12-16T21:00:00+00:00,177.51,177.6,177.0,177.25,3361.032
2025-12-16T22:00:00+00:00,177.26,177.38,177.14,177.26,292.929
2025-12-16T23:00:00+00:00,177.22,177.37,176.99,177.06,964.112
2025-12-17T00:00:00+00:00,177.05,177.35,176.94,177.16,331.021
2025-12-17T01:00:00+00:00,177.12,177.8,176.62,177.73,2984.908
2025-12-17T02:00:00+00:00,177.77,177.77,177.08,177.19,2637.016
2025-12-17T03:00:00+00:00,177.11,177.48,177.1,177.19,744.078
2025-12-17T04:00:00+00:00,177.19,177.32,176.94,176.94,340.941
2025-12-17T05:00:00+00:00,176.94,177.09,176.77,177.08,508.703
2025-12-17T06:00:00+00:00,177.08,177.56,177.08,177.39,665.169
2025-12-17T07:00:00+00:00,177.33,177.54,177.26,177.54,652.92
2025-12-17T08:00:00+00:00,177.46,177.57,177.12,177.43,333.482
2025-12-17T09:00:00+00:00,177.32,177.89,177.1,177.78,5920.013
2025-12-17T10:00:00+00:00,177.71,178.43,177.64,178.28,1014.657
2025-12-17T11:00:00+00:00,178.31,178.32,177.81,177.81,444.24
2025-12-17T12:00:00+00:00,177.94,178.34,177.83,178.25,559.474
2025-12-17T13:00:00+00:00,178.27,178.27,176.42,177.41,12449.527
2025-12-17T14:00:00+00:00,177.3,177.58,173.4,174.6,17234.131
2025-12-17T15:00:00+00:00,174.56,174.56,171.2,171.57,16256.108
2025-12-17T16:00:00+00:00,171.52,172.25,170.35,171.09,31654.46
2025-12-17T17:00:00+00:00,171.1,172.47,170.44,172.17,6236.527
2025-12-17T18:00:00+00:00,172.18,172.82,171.35,171.67,8266.607
2025-12-17T19:00:00+00:00,171.7,171.76,170.7,171.57,3299.331
2025-12-17T20:00:00+00:00,171.6,171.81,170.86,170.9,5565.799
2025-12-17T21:00:00+00:00,170.93,172.29,170.64,170.92,3763.021
2025-12-17T22:00:00+00:00,170.89,171.59,170.62,171.55,1172.132
2025-12-17T23:00:00+00:00,171.57,171.58,170.86,170.95,1027.047
2025-12-18T00:00:00+00:00,170.92,171.34,170.79,171.34,326.929
2025-12-18T01:00:00+00:00,171.35,171.8,171.35,171.57,792.263
2025-12-18T02:00:00+00:00,171.6,172.02,171.59,171.74,381.113
2025-12-18T03:00:00+00:00,171.71,171.71,171.23,171.44,367.491
2025-12-18T04:00:00+00:00,171.41,171.75,171.41,171.62,294.973
2025-12-18T05:00:00+00:00,171.59,171.82,171.55,171.79,426.588
2025-12-18T06:00:00+00:00,171.82,171.83,171.52,171.69,559.965
2025-12-18T07:00:00+00:00,171.74,172.38,171.7,172.17,3276.917
2025-12-18T08:00:00+00:00,172.2,172.48,171.94,172.29,2452.45
2025-12-18T09:00:00+00:00,172.4,172.97,172.25,172.84,2847.469
2025-12-18T10:00:00+00:00,172.84,173.24,172.61,173.08,1444.815
2025-12-18T11:00:00+00:00,173.08,173.5,172.92,173.17,629.916
2025-12-18T12:00:00+00:00,173.13,173.22,172.66,172.69,1461.654
2025-12-18T13:00:00+00:00,172.75,174.38,172.63,173.71,6186.487
2025-12-18T14:00:00+00:00,173.71,174.87,171.85,173.81,18389.803
2025-12-18T15:00:00+00:00,173.84,176.12,172.74,175.43,11449.736
2025-12-18T16:00:00+00:00,175.37,175.92,174.84,175.64,12801.214
2025-12-18T17:00:00+00:00,175.69,175.72,173.64,175.12,7647.666
2025-12-18T18:00:00+00:00,175.13,175.29,174.68,174.81,1816.639
2025-12-18T19:00:00+00:00,174.81,174.93,173.76,173.88,4677.874
2025-12-18T20:00:00+00:00,173.84,174.89,173.67,174.01,2029.169
2025-12-18T21:00:00+00:00,174.01,174.17,173.63,174.0,1987.32
2025-12-18T22:00:00+00:00,174.04,174.83,174.04,174.73,1768.302
2025-12-18T23:00:00+00:00,174.65,175.12,174.46,175.02,705.903
2025-12-19T00:00:00+00:00,175.06,175.08,174.8,174.8,138.913
2025-12-19T01:00:00+00:00,174.8,175.11,174.66,174.95,583.064
2025-12-19T02:00:00+00:00,174.96,175.2,174.81,174.99,786.11
2025-12-19T03:00:00+00:00,175.01,176.05,174.93,176.0,2800.938
2025-12-19T04:00:00+00:00,175.97,176.98,175.75,176.83,986.91
2025-12-19T05:00:00+00:00,176.83,176.95,176.37,176.37,3130.322
2025-12-19T06:00:00+00:00,176.37,176.42,175.81,176.05,1033.57
2025-12-19T07:00:00+00:00,176.1,176.93,176.1,176.38,517.339
2025-12-19T08:00:00+00:00,176.43,176.69,176.41,176.47,391.601
2025-12-19T09:00:00+00:00,176.41,176.53,176.27,176.42,1309.808
2025-12-19T10:00:00+00:00,176.42,176.78,176.15,176.38,936.097
2025-12-19T11:00:00+00:00,176.38,177.2,176.21,176.49,3748.0
2025-12-19T12:00:00+00:00,176.47,176.89,175.6,175.71,5880.971
2025-12-19T13:00:00+00:00,175.74,176.2,175.59,175.93,2859.316
2025-12-19T14:00:00+00:00,175.9,180.5,175.7,180.13,19425.658
2025-12-19T15:00:00+00:00,180.18,180.7,178.27,178.82,9368.293
2025-12-19T16:00:00+00:00,178.79,180.19,178.54,179.71,4701.087
2025-12-19T17:00:00+00:00,179.69,180.99,179.69,180.57,3859.928
2025-12-19T18:00:00+00:00,180.62,180.65,179.46,179.72,1650.515
2025-12-19T19:00:00+00:00,179.71,180.96,179.71,180.27,3217.449
2025-12-19T20:00:00+00:00,180.37,180.92,179.98,180.86,11193.786
2025-12-19T21:00:00+00:00,180.89,181.24,180.73,180.89,4166.377
2025-12-19T22:00:00+00:00,180.89,180.96,180.68,180.82,533.892
2025-12-19T23:00:00+00:00,180.82,181.16,180.79,181.13,219.503
2025-12-20T00:00:00+00:00,181.09,181.34,181.09,181.31,763.745
2025-12-20T01:00:00+00:00,181.34,181.35,181.19,181.19,90.282
2025-12-20T02:00:00+00:00,181.2,181.51,180.96,181.25,336.6
2025-12-20T03:00:00+00:00,181.21,181.29,181.19,181.24,112.012
2025-12-20T04:00:00+00:00,181.23,181.28,181.18,181.22,70.13
2025-12-20T05:00:00+00:00,181.22,181.22,181.19,181.2,48.293
2025-12-20T06:00:00+00:00,181.2,181.34,181.19,181.26,282.115
2025-12-20T07:00:00+00:00,181.25,181.29,181.24,181.26,8.014
2025-12-20T08:00:00+00:00,181.26,181.33,181.26,181.32,265.212
2025-12-20T09:00:00+00:00,181.31,181.35,181.18,181.22,171.934
2025-12-20T10:00:00+00:00,181.22,181.89,181.22,181.32,252.051
2025-12-20T11:00:00+00:00,181.32,181.32,181.31,181.32,23.788
2025-12-20T12:00:00+00:00,181.32,181.75,181.18,181.37,494.121
2025-12-20T13:00:00+00:00,181.37,181.37,181.24,181.29,15.413
2025-12-20T14:00:00+00:00,181.29,181.38,181.26,181.3,136.589
2025-12-20T15:00:00+00:00,181.3,182.06,181.3,181.84,558.132
2025-12-20T16:00:00+00:00,181.83,182.17,181.47,181.68,333.559
2025-12-20T17:00:00+00:00,181.68,181.76,181.48,181.51,347.275
2025-12-20T18:00:00+00:00,181.51,181.6,181.33,181.52,187.341
2025-12-20T19:00:00+00:00,181.52,181.7,181.32,181.51,265.079
2025-12-20T20:00:00+00:00,181.51,182.76,181.45,181.51,853.558
2025-12-20T21:00:00+00:00,181.53,181.58,181.42,181.47,114.587
2025-12-20T22:00:00+00:00,181.51,181.66,181.5,181.56,77.356
2025-12-20T23:00:00+00:00,181.52,181.62,180.8,181.38,594.375
2025-12-21T00:00:00+00:00,181.38,181.38,181.33,181.33,10.166
2025-12-21T01:00:00+00:00,181.33,181.34,181.27,181.32,76.948
2025-12-21T02:00:00+00:00,181.31,181.32,181.3,181.32,44.441
2025-12-21T03:00:00+00:00,181.32,181.32,181.3,181.31,22.295
2025-12-21T04:00:00+00:00,181.31,181.31,181.3,181.3,22.465
2025-12-21T05:00:00+00:00,181.3,181.37,181.29,181.29,72.719
2025-12-21T06:00:00+00:00,181.3,181.36,181.29,181.36,22.718
2025-12-21T07:00:00+00:00,181.3,181.35,181.29,181.29,11.503
2025-12-21T08:00:00+00:00,181.3,181.32,181.1,181.3,196.604
2025-12-21T09:00:00+00:00,181.28,181.29,180.83,181.14,245.78
2025-12-21T10:00:00+00:00,181.15,181.15,180.98,181.11,97.054
2025-12-21T11:00:00+00:00,181.11,181.29,181.1,181.22,193.272
2025-12-21T12:00:00+00:00,181.21,181.21,181.0,181.09,118.256
2025-12-21T13:00:00+00:00,181.09,181.14,181.0,181.11,137.594
2025-12-21T14:00:00+00:00,181.06,181.14,180.95,181.07,77.134
2025-12-21T15:00:00+00:00,181.08,181.12,180.93,181.12,86.521
2025-12-21T16:00:00+00:00,181.14,181.14,180.94,181.09,67.142
2025-12-21T17:00:00+00:00,181.12,181.14,180.99,181.09,66.266
2025-12-21T18:00:00+00:00,181.09,181.3,181.09,181.19,82.195
2025-12-21T19:00:00+00:00,181.18,181.19,181.09,181.18,15.14
2025-12-21T20:00:00+00:00,181.19,181.19,181.15,181.16,15.347
2025-12-21T21:00:00+00:00,181.16,181.17,181.09,181.12,34.266
2025-12-21T22:00:00+00:00,181.1,181.29,181.09,181.1,50.087
2025-12-21T23:00:00+00:00,181.11,181.2,181.06,181.2,139.603
2025-12-22T00:00:00+00:00,181.22,181.46,180.81,181.14,192.766
2025-12-22T01:00:00+00:00,181.12,182.95,181.08,182.72,1748.69
2025-12-22T02:00:00+00:00,182.7,182.79,182.3,182.52,918.773
2025-12-22T03:00:00+00:00,182.5,182.73,182.16,182.51,402.668
2025-12-22T04:00:00+00:00,182.51,182.7,182.28,182.45,683.168
2025-12-22T05:00:00+00:00,182.48,182.48,181.63,182.19,257.725
2025-12-22T06:00:00+00:00,182.18,182.47,182.11,182.31,116.941
2025-12-22T07:00:00+00:00,182.31,182.56,182.31,182.48,326.26
2025-12-22T08:00:00+00:00,182.49,182.71,182.45,182.47,283.046
2025-12-22T09:00:00+00:00,182.47,183.14,182.36,183.05,1624.207
2025-12-22T10:00:00+00:00,182.99,183.25,182.97,183.23,230.411
2025-12-22T11:00:00+00:00,183.26,183.66,183.13,183.13,1371.495
2025-12-22T12:00:00+00:00,183.15,184.55,182.92,184.45,5895.985
2025-12-22T13:00:00+00:00,184.45,184.45,183.8,184.33,1979.577
2025-12-22T14:00:00+00:00,184.31,184.44,182.34,183.84,10850.99
2025-12-22T15:00:00+00:00,183.86,184.13,182.72,183.7,3720.578
2025-12-22T16:00:00+00:00,183.75,183.8,183.05,183.14,2096.174
2025-12-22T17:00:00+00:00,183.19,183.41,182.81,183.19,3798.651
2025-12-22T18:00:00+00:00,183.17,183.44,183.04,183.16,533.796
2025-12-22T19:00:00+00:00,183.17,183.58,183.04,183.51,2840.276
2025-12-22T20:00:00+00:00,183.49,183.83,183.24,183.64,3279.335
2025-12-22T21:00:00+00:00,183.62,183.74,183.26,183.43,2088.857
2025-12-22T22:00:00+00:00,183.44,183.48,183.31,183.43,606.872
2025-12-22T23:00:00+00:00,183.38,183.42,183.25,183.32,77.745
2025-12-23T00:00:00+00:00,183.29,183.33,183.24,183.32,77.541
2025-12-23T01:00:00+00:00,183.33,184.3,183.29,183.5,1361.568
2025-12-23T02:00:00+00:00,183.5,183.76,183.5,183.52,233.609
2025-12-23T03:00:00+00:00,183.53,183.61,183.35,183.39,374.2
2025-12-23T04:00:00+00:00,183.4,183.4,183.16,183.17,651.017
2025-12-23T05:00:00+00:00,183.16,183.32,183.13,183.16,1006.995
2025-12-23T06:00:00+00:00,183.17,183.17,182.43,182.61,1012.016
2025-12-23T07:00:00+00:00,182.55,183.16,182.45,183.14,1295.662
2025-12-23T08:00:00+00:00,183.13,183.33,183.05,183.29,233.649
2025-12-23T09:00:00+00:00,183.3,183.76,182.95,183.57,933.471
2025-12-23T10:00:00+00:00,183.55,183.63,182.91,183.09,809.055
2025-12-23T11:00:00+00:00,183.1,183.23,182.9,183.09,656.73
2025-12-23T12:00:00+00:00,183.1,183.27,182.8,182.92,256.813
2025-12-23T13:00:00+00:00,182.96,182.99,181.86,182.14,756.014
2025-12-23T14:00:00+00:00,182.16,184.86,181.92,184.21,6920.179
2025-12-23T15:00:00+00:00,184.25,186.61,183.49,186.5,5628.049
2025-12-23T16:00:00+00:00,186.48,188.22,186.28,188.22,5574.683
2025-12-23T17:00:00+00:00,188.22,188.48,187.73,187.98,5151.121
2025-12-23T18:00:00+00:00,187.96,188.58,187.69,188.54,2488.711
2025-12-23T19:00:00+00:00,188.51,188.71,188.3,188.47,1921.075
2025-12-23T20:00:00+00:00,188.51,189.25,188.44,189.13,2078.57
2025-12-23T21:00:00+00:00,189.11,189.35,188.42,188.6,1033.681
2025-12-23T22:00:00+00:00,188.6,188.74,188.4,188.61,547.28
2025-12-23T23:00:00+00:00,188.6,188.6,188.24,188.45,297.261
2025-12-24T00:00:00+00:00,188.46,188.72,188.4,188.61,313.579
2025-12-24T01:00:00+00:00,188.7,189.07,188.34,188.47,766.403
2025-12-24T02:00:00+00:00,188.47,188.55,188.11,188.31,1752.467
2025-12-24T03:00:00+00:00,188.33,188.8,188.22,188.68,401.061
2025-12-24T04:00:00+00:00,188.69,188.69,188.37,188.43,242.195
2025-12-24T05:00:00+00:00,188.43,188.7,188.23,188.7,411.713
2025-12-24T06:00:00+00:00,188.7,188.72,188.48,188.61,302.404
2025-12-24T07:00:00+00:00,188.66,188.72,188.52,188.71,452.686
2025-12-24T08:00:00+00:00,188.68,188.84,188.56,188.7,908.33
2025-12-24T09:00:00+00:00,188.69,188.72,188.49,188.62,313.769
2025-12-24T10:00:00+00:00,188.62,188.64,188.15,188.32,393.848
2025-12-24T11:00:00+00:00,188.34,188.42,188.12,188.4,409.743
2025-12-24T12:00:00+00:00,188.41,188.72,188.31,188.58,468.571
2025-12-24T13:00:00+00:00,188.58,188.72,188.39,188.69,390.413
2025-12-24T14:00:00+00:00,188.69,188.71,187.46,187.65,4433.002
2025-12-24T15:00:00+00:00,187.74,188.22,186.64,187.36,2713.434
2025-12-24T16:00:00+00:00,187.33,188.41,187.29,188.26,1660.648
2025-12-24T17:00:00+00:00,188.23,188.6,187.95,188.56,2137.193
2025-12-24T18:00:00+00:00,188.56,188.67,187.69,188.3,1181.709
2025-12-24T19:00:00+00:00,188.3,188.44,188.25,188.31,343.256
2025-12-24T20:00:00+00:00,188.31,188.37,188.27,188.37,25.646
2025-12-24T21:00:00+00:00,188.38,188.51,188.12,188.14,658.176
2025-12-24T22:00:00+00:00,188.15,188.15,188.08,188.08,103.743
2025-12-24T23:00:00+00:00,188.09,188.14,188.08,188.12,56.558
2025-12-25T00:00:00+00:00,188.12,188.43,188.09,188.27,189.824
2025-12-25T01:00:00+00:00,188.25,188.25,188.0,188.17,260.658
2025-12-25T02:00:00+00:00,188.15,188.19,188.1,188.19,7.002
2025-12-25T03:00:00+00:00,188.19,188.2,188.11,188.11,94.554
2025-12-25T04:00:00+00:00,188.12,188.18,188.12,188.18,7.218
2025-12-25T05:00:00+00:00,188.18,188.18,188.12,188.16,38.798
2025-12-25T06:00:00+00:00,188.16,188.16,188.12,188.12,4.373
2025-12-25T07:00:00+00:00,188.13,188.18,188.1,188.11,39.739
2025-12-25T08:00:00+00:00,188.12,188.16,188.11,188.15,21.881
2025-12-25T09:00:00+00:00,188.16,188.2,188.0,188.19,198.613
2025-12-25T10:00:00+00:00,188.17,188.19,188.1,188.11,45.305
2025-12-25T11:00:00+00:00,188.12,188.14,188.1,188.12,31.053
2025-12-25T12:00:00+00:00,188.12,188.12,188.12,188.12,10.384
2025-12-25T13:00:00+00:00,188.12,188.18,188.05,188.16,53.365
2025-12-25T14:00:00+00:00,188.16,188.67,188.08,188.55,559.606
2025-12-25T15:00:00+00:00,188.55,188.83,187.83,188.42,1365.408
2025-12-25T16:00:00+00:00,188.42,188.43,188.41,188.43,46.246
2025-12-25T17:00:00+00:00,188.43,188.5,188.42,188.45,95.549
2025-12-25T18:00:00+00:00,188.45,188.5,188.44,188.48,62.039
2025-12-25T19:00:00+00:00,188.48,188.53,188.43,188.46,135.186
2025-12-25T20:00:00+00:00,188.46,188.54,188.46,188.51,37.01
2025-12-25T21:00:00+00:00,188.5,188.5,188.43,188.47,48.652
2025-12-25T22:00:00+00:00,188.48,188.53,188.43,188.44,54.368
2025-12-25T23:00:00+00:00,188.44,188.49,187.72,187.9,543.241
2025-12-26T00:00:00+00:00,187.91,188.13,187.91,188.05,80.602
2025-12-26T01:00:00+00:00,188.07,189.77,188.07,189.72,1565.691
2025-12-26T02:00:00+00:00,189.73,190.02,189.47,190.02,720.656
2025-12-26T03:00:00+00:00,190.03,190.74,189.86,190.17,677.531
2025-12-26T04:00:00+00:00,190.16,190.22,189.51,189.92,614.611
2025-12-26T05:00:00+00:00,189.92,190.14,189.9,190.02,575.069
2025-12-26T06:00:00+00:00,190.01,190.16,189.69,189.82,887.511
2025-12-26T07:00:00+00:00,189.82,189.86,189.22,189.77,480.376
2025-12-26T08:00:00+00:00,189.77,189.82,188.63,189.28,4086.018
2025-12-26T09:00:00+00:00,189.31,189.81,189.23,189.74,1030.944
2025-12-26T10:00:00+00:00,189.72,189.82,189.58,189.8,206.062
2025-12-26T11:00:00+00:00,189.8,189.91,189.53,189.62,1402.674
2025-12-26T12:00:00+00:00,189.57,189.66,189.32,189.51,318.782
2025-12-26T13:00:00+00:00,189.52,190.4,189.51,190.15,1922.446
2025-12-26T14:00:00+00:00,190.16,192.27,189.61,191.21,10759.007
2025-12-26T15:00:00+00:00,191.21,192.12,190.17,191.88,5714.792
2025-12-26T16:00:00+00:00,191.92,192.0,190.82,190.97,2613.772
2025-12-26T17:00:00+00:00,190.95,191.11,190.46,191.1,2186.936
2025-12-26T18:00:00+00:00,191.1,192.53,191.01,192.49,5464.001
2025-12-26T19:00:00+00:00,192.45,192.69,191.88,191.96,2910.827
2025-12-26T20:00:00+00:00,191.96,191.96,190.67,190.73,11211.214
2025-12-26T21:00:00+00:00,190.78,190.86,190.21,190.53,3003.314
2025-12-26T22:00:00+00:00,190.51,190.84,190.22,190.4,790.614
2025-12-26T23:00:00+00:00,190.4,190.47,190.22,190.32,95.239
2025-12-27T00:00:00+00:00,190.32,190.41,190.3,190.39,523.608
2025-12-27T01:00:00+00:00,190.38,190.42,190.37,190.38,109.77
2025-12-27T02:00:00+00:00,190.41,190.59,190.37,190.56,226.826
2025-12-27T03:00:00+00:00,190.57,190.68,190.46,190.51,224.989
2025-12-27T04:00:00+00:00,190.51,190.68,190.51,190.61,16.279
2025-12-27T05:00:00+00:00,190.6,190.76,190.59,190.65,216.299
2025-12-27T06:00:00+00:00,190.64,191.21,190.64,190.93,490.739
2025-12-27T07:00:00+00:00,190.89,190.93,190.87,190.91,397.726
2025-12-27T08:00:00+00:00,190.91,190.95,190.88,190.9,21.535
2025-12-27T09:00:00+00:00,190.94,190.94,190.84,190.94,136.584
2025-12-27T10:00:00+00:00,190.93,191.22,190.84,191.06,96.614
2025-12-27T11:00:00+00:00,191.1,191.1,190.93,190.94,49.246
2025-12-27T12:00:00+00:00,190.93,191.21,190.88,190.95,195.629
2025-12-27T13:00:00+00:00,190.94,191.04,190.82,190.97,188.511
2025-12-27T14:00:00+00:00,190.84,190.97,190.8,190.95,66.738
2025-12-27T15:00:00+00:00,190.91,191.01,190.89,190.9,61.772
2025-12-27T16:00:00+00:00,190.93,190.93,190.77,190.81,150.463
2025-12-27T17:00:00+00:00,190.81,190.98,190.7,190.81,164.647
2025-12-27T18:00:00+00:00,190.81,191.21,190.77,190.83,222.944
2025-12-27T19:00:00+00:00,190.83,190.84,190.79,190.82,49.751
2025-12-27T20:00:00+00:00,190.82,191.88,190.17,191.12,2349.383
2025-12-27T21:00:00+00:00,191.17,191.45,191.03,191.11,477.61
2025-12-27T22:00:00+00:00,191.11,191.58,191.05,191.12,483.182
2025-12-27T23:00:00+00:00,191.08,191.15,190.76,190.98,256.674
2025-12-28T00:00:00+00:00,190.98,190.98,190.69,190.82,111.909
2025-12-28T01:00:00+00:00,190.79,190.79,190.78,190.78,25.978
2025-12-28T02:00:00+00:00,190.78,190.81,190.55,190.67,237.407
2025-12-28T03:00:00+00:00,190.63,190.78,190.56,190.56,274.86
2025-12-28T04:00:00+00:00,190.62,190.66,190.62,190.63,10.58
2025-12-28T05:00:00+00:00,190.62,190.63,190.55,190.59,328.031
2025-12-28T06:00:00+00:00,190.56,190.57,190.34,190.5,658.446
2025-12-28T07:00:00+00:00,190.4,190.5,190.34,190.5,332.96
2025-12-28T08:00:00+00:00,190.44,190.55,190.39,190.5,329.268
2025-12-28T09:00:00+00:00,190.52,190.52,190.36,190.46,157.224
2025-12-28T10:00:00+00:00,190.45,190.52,190.42,190.44,21.444
2025-12-28T11:00:00+00:00,190.42,190.52,190.26,190.37,178.093
2025-12-28T12:00:00+00:00,190.36,190.37,190.34,190.34,152.537
2025-12-28T13:00:00+00:00,190.34,190.4,190.34,190.34,31.904
2025-12-28T14:00:00+00:00,190.35,190.46,190.32,190.34,57.112
2025-12-28T15:00:00+00:00,190.45,190.5,190.34,190.5,138.877
2025-12-28T16:00:00+00:00,190.38,190.58,190.23,190.42,203.193
2025-12-28T17:00:00+00:00,190.4,190.51,190.31,190.41,128.648
2025-12-28T18:00:00+00:00,190.45,190.51,190.37,190.45,20.827
2025-12-28T19:00:00+00:00,190.47,190.51,190.4,190.46,7.532
2025-12-28T20:00:00+00:00,190.48,190.52,190.42,190.52,15.039
2025-12-28T21:00:00+00:00,190.42,190.51,190.4,190.45,34.36
2025-12-28T22:00:00+00:00,190.43,190.58,190.17,190.29,307.492
2025-12-28T23:00:00+00:00,190.29,190.77,187.82,190.18,1764.595
2025-12-29T00:00:00+00:00,190.22,190.4,189.72,190.21,514.951
2025-12-29T01:00:00+00:00,190.26,191.0,190.26,190.95,1147.859
2025-12-29T02:00:00+00:00,190.85,191.0,190.26,190.39,1149.871
2025-12-29T03:00:00+00:00,190.52,191.06,190.52,190.7,1506.44
2025-12-29T04:00:00+00:00,190.68,191.16,190.68,190.95,594.03
2025-12-29T05:00:00+00:00,190.95,191.06,190.6,190.73,653.379
2025-12-29T06:00:00+00:00,190.71,190.71,190.21,190.22,632.948
2025-12-29T07:00:00+00:00,190.23,190.28,189.45,189.8,467.175
2025-12-29T08:00:00+00:00,189.8,189.98,188.59,188.64,738.368
2025-12-29T09:00:00+00:00,188.61,189.14,187.76,188.05,2980.159
2025-12-29T10:00:00+00:00,187.99,188.48,187.79,188.19,889.97
2025-12-29T11:00:00+00:00,188.17,188.47,187.8,188.47,769.511
2025-12-29T12:00:00+00:00,188.47,188.61,188.07,188.07,1473.751
2025-12-29T13:00:00+00:00,188.07,188.49,187.71,188.05,1786.822
2025-12-29T14:00:00+00:00,188.02,188.75,186.05,186.67,10132.701
2025-12-29T15:00:00+00:00,186.68,187.74,186.1,187.0,4521.315
2025-12-29T16:00:00+00:00,186.98,187.63,186.52,187.36,2904.489
2025-12-29T17:00:00+00:00,187.31,187.56,186.85,187.53,1513.61
2025-12-29T18:00:00+00:00,187.52,187.84,187.14,187.28,1388.604
2025-12-29T19:00:00+00:00,187.28,188.13,187.08,187.95,1256.316
2025-12-29T20:00:00+00:00,187.95,188.4,187.59,188.32,1684.168
2025-12-29T21:00:00+00:00,188.26,188.31,187.97,188.1,566.39
2025-12-29T22:00:00+00:00,188.11,188.11,187.89,188.0,26.061
2025-12-29T23:00:00+00:00,187.99,188.0,187.74,187.84,227.195
2025-12-30T00:00:00+00:00,187.83,187.94,187.68,187.79,360.682
2025-12-30T01:00:00+00:00,187.76,187.9,187.59,187.77,2287.958
2025-12-30T02:00:00+00:00,187.79,187.91,187.62,187.65,486.941
2025-12-30T03:00:00+00:00,187.65,187.9,187.64,187.9,65.658
2025-12-30T04:00:00+00:00,187.85,188.13,187.85,188.13,113.07
2025-12-30T05:00:00+00:00,188.14,188.3,187.99,188.09,300.254
2025-12-30T06:00:00+00:00,188.13,188.14,187.74,187.74,524.243
2025-12-30T07:00:00+00:00,187.74,187.78,187.41,187.66,1719.205
2025-12-30T08:00:00+00:00,187.66,188.05,187.51,187.97,750.274
2025-12-30T09:00:00+00:00,187.97,188.26,187.89,187.95,823.349
2025-12-30T10:00:00+00:00,187.99,188.16,187.9,188.09,1082.026
2025-12-30T11:00:00+00:00,188.09,188.45,188.02,188.32,347.303
2025-12-30T12:00:00+00:00,188.29,188.75,188.29,188.62,506.673
2025-12-30T13:00:00+00:00,188.62,188.67,188.33,188.52,375.019
2025-12-30T14:00:00+00:00,188.51,188.89,187.17,187.59,8985.876
2025-12-30T15:00:00+00:00,187.57,187.95,186.99,187.93,4759.18
2025-12-30T16:00:00+00:00,187.89,188.55,187.79,188.1,5367.813
2025-12-30T17:00:00+00:00,188.05,188.16,187.74,188.15,1426.811
2025-12-30T18:00:00+00:00,188.11,188.34,187.9,188.28,1237.512
2025-12-30T19:00:00+00:00,188.3,188.38,187.72,188.04,1097.291
2025-12-30T20:00:00+00:00,187.97,188.01,187.5,187.58,1347.026
2025-12-30T21:00:00+00:00,187.62,187.78,187.3,187.33,659.181
2025-12-30T22:00:00+00:00,187.34,187.51,187.2,187.28,340.744
2025-12-30T23:00:00+00:00,187.28,187.42,187.16,187.24,385.916
2025-12-31T00:00:00+00:00,187.34,187.36,187.03,187.15,529.788
2025-12-31T01:00:00+00:00,187.15,187.41,187.07,187.24,290.263
2025-12-31T02:00:00+00:00,187.27,187.58,187.23,187.32,353.637
2025-12-31T03:00:00+00:00,187.37,187.43,187.13,187.22,331.675
2025-12-31T04:00:00+00:00,187.18,187.35,187.17,187.2,55.969
2025-12-31T05:00:00+00:00,187.2,187.32,186.88,186.93,267.515
2025-12-31T06:00:00+00:00,186.9,186.98,186.88,186.93,2624.897
2025-12-31T07:00:00+00:00,186.93,187.64,186.88,187.52,1127.664
2025-12-31T08:00:00+00:00,187.55,187.83,187.16,187.29,979.366
2025-12-31T09:00:00+00:00,187.29,187.36,186.8,186.87,2649.085
2025-12-31T10:00:00+00:00,186.86,187.43,186.75,187.33,3129.655
2025-12-31T11:00:00+00:00,187.33,188.03,187.29,187.8,1684.662
2025-12-31T12:00:00+00:00,187.8,188.34,187.71,188.26,1256.741
2025-12-31T13:00:00+00:00,188.28,189.75,188.09,189.63,1796.491
2025-12-31T14:00:00+00:00,189.63,190.52,188.14,188.65,10602.004
2025-12-31T15:00:00+00:00,188.62,189.16,188.2,188.25,5488.252
2025-12-31T16:00:00+00:00,188.33,189.05,188.26,189.01,2335.938
2025-12-31T17:00:00+00:00,189.01,189.25,188.54,188.73,922.607
2025-12-31T18:00:00+00:00,188.74,189.05,188.66,188.69,885.036
2025-12-31T19:00:00+00:00,188.74,188.83,187.39,187.79,1629.067
2025-12-31T20:00:00+00:00,187.78,187.78,186.84,186.88,3525.523
2025-12-31T21:00:00+00:00,186.88,187.0,186.67,186.69,1463.328
2025-12-31T22:00:00+00:00,186.67,187.12,186.58,186.75,544.561
2025-12-31T23:00:00+00:00,186.78,187.01,186.71,186.84,276.035
2026-01-01T00:00:00+00:00,186.85,186.85,186.66,186.75,233.382
2026-01-01T01:00:00+00:00,186.75,187.53,186.75,187.07,1263.774
2026-01-01T02:00:00+00:00,187.07,187.08,186.91,187.05,221.365
2026-01-01T03:00:00+00:00,187.05,187.07,186.95,187.07,155.764
2026-01-01T04:00:00+00:00,187.08,187.11,186.58,186.99,471.705
2026-01-01T05:00:00+00:00,186.98,187.0,186.91,187.0,192.234
2026-01-01T06:00:00+00:00,186.99,187.53,186.97,187.01,838.297
2026-01-01T07:00:00+00:00,187.01,187.24,187.0,187.1,401.792
2026-01-01T08:00:00+00:00,187.1,187.28,187.07,187.19,538.139
2026-01-01T09:00:00+00:00,187.18,187.24,187.18,187.24,59.279
2026-01-01T10:00:00+00:00,187.22,187.22,187.15,187.2,48.204
2026-01-01T11:00:00+00:00,187.19,187.28,187.15,187.25,35.844
2026-01-01T12:00:00+00:00,187.25,187.37,186.74,187.17,525.654
2026-01-01T13:00:00+00:00,187.16,187.16,186.86,186.98,243.103
2026-01-01T14:00:00+00:00,186.97,187.23,186.97,187.11,209.689
2026-01-01T15:00:00+00:00,187.1,187.18,187.08,187.08,20.502
2026-01-01T16:00:00+00:00,187.12,187.27,187.08,187.27,61.766
2026-01-01T17:00:00+00:00,187.23,187.88,186.8,187.18,529.096
2026-01-01T18:00:00+00:00,187.18,187.19,186.9,187.08,128.853
2026-01-01T19:00:00+00:00,187.09,187.19,187.04,187.12,53.082
2026-01-01T20:00:00+00:00,187.1,187.26,187.05,187.16,25.345
2026-01-01T21:00:00+00:00,187.16,187.86,187.16,187.86,213.783
2026-01-01T22:00:00+00:00,187.86,187.9,187.22,187.37,216.537
2026-01-01T23:00:00+00:00,187.37,187.91,187.37,187.76,186.738
2026-01-02T00:00:00+00:00,187.76,188.0,187.04,187.13,873.605
2026-01-02T01:00:00+00:00,187.15,188.17,187.15,187.76,462.096
2026-01-02T02:00:00+00:00,187.77,188.42,187.77,188.35,412.116
2026-01-02T03:00:00+00:00,188.35,188.71,188.31,188.48,247.924
2026-01-02T04:00:00+00:00,188.49,188.69,188.49,188.6,142.976
2026-01-02T05:00:00+00:00,188.5,188.5,188.32,188.42,316.573
2026-01-02T06:00:00+00:00,188.42,188.64,188.38,188.53,239.629
2026-01-02T07:00:00+00:00,188.53,188.66,188.47,188.56,379.317
2026-01-02T08:00:00+00:00,188.6,189.55,188.6,189.51,1459.051
2026-01-02T09:00:00+00:00,189.51,190.28,189.51,190.15,1282.027
2026-01-02T10:00:00+00:00,190.16,190.23,189.82,189.97,3374.194
2026-01-02T11:00:00+00:00,189.95,190.08,189.81,189.92,433.306
2026-01-02T12:00:00+00:00,189.81,189.83,189.16,189.17,917.179
2026-01-02T13:00:00+00:00,189.14,189.43,189.13,189.31,518.562
2026-01-02T14:00:00+00:00,189.2,192.9,188.75,191.73,17203.958
2026-01-02T15:00:00+00:00,191.78,192.23,188.9,189.03,11407.807
2026-01-02T16:00:00+00:00,189.03,190.1,188.44,189.36,5031.36
2026-01-02T17:00:00+00:00,189.37,189.93,189.16,189.5,2007.239
2026-01-02T18:00:00+00:00,189.51,189.75,188.34,188.61,3298.819
2026-01-02T19:00:00+00:00,188.65,189.6,188.6,188.67,3417.928
2026-01-02T20:00:00+00:00,188.7,189.22,188.5,188.83,6783.219
2026-01-02T21:00:00+00:00,188.78,189.03,188.5,188.65,433.898
2026-01-02T22:00:00+00:00,188.66,188.84,188.62,188.78,207.153
2026-01-02T23:00:00+00:00,188.78,188.91,188.75,188.88,1492.521
2026-01-03T00:00:00+00:00,188.92,189.06,188.84,189.06,541.694
2026-01-03T01:00:00+00:00,189.06,189.14,188.9,189.06,228.191
2026-01-03T02:00:00+00:00,189.06,189.21,188.88,189.11,286.417
2026-01-03T03:00:00+00:00,189.11,189.26,188.5,188.65,961.721
2026-01-03T04:00:00+00:00,188.64,188.92,187.91,188.5,1119.894
2026-01-03T05:00:00+00:00,188.5,189.2,188.44,188.86,737.784
2026-01-03T06:00:00+00:00,188.85,188.85,188.8,188.84,43.232
2026-01-03T07:00:00+00:00,188.86,188.99,188.7,188.7,111.572
2026-01-03T08:00:00+00:00,188.69,188.77,188.66,188.77,53.118
2026-01-03T09:00:00+00:00,188.7,188.75,188.58,188.74,194.34
2026-01-03T10:00:00+00:00,188.7,188.78,188.6,188.62,152.293
2026-01-03T11:00:00+00:00,188.62,188.66,188.62,188.65,116.244
2026-01-03T12:00:00+00:00,188.64,188.83,188.63,188.71,309.612
2026-01-03T13:00:00+00:00,188.78,188.85,188.45,188.7,383.901
2026-01-03T14:00:00+00:00,188.77,188.91,188.71,188.89,210.632
2026-01-03T15:00:00+00:00,188.81,188.98,188.78,188.91,96.566
2026-01-03T16:00:00+00:00,188.88,188.99,188.84,188.88,28.368
2026-01-03T17:00:00+00:00,188.92,188.99,188.82,188.96,98.818
2026-01-03T18:00:00+00:00,188.9,189.09,188.9,189.09,141.051
2026-01-03T19:00:00+00:00,189.11,189.6,188.97,189.48,203.91
2026-01-03T20:00:00+00:00,189.61,189.92,189.48,189.73,310.375
2026-01-03T21:00:00+00:00,189.73,190.23,189.56,190.22,497.44
2026-01-03T22:00:00+00:00,190.18,190.94,189.87,190.31,744.063
2026-01-03T23:00:00+00:00,190.35,190.5,189.85,190.14,268.952
2026-01-04T00:00:00+00:00,190.17,190.28,188.82,189.78,432.279
2026-01-04T01:00:00+00:00,189.77,189.77,189.53,189.59,100.876
2026-01-04T02:00:00+00:00,189.57,189.73,189.53,189.59,360.16
2026-01-04T03:00:00+00:00,189.57,189.74,189.48,189.5,486.899
2026-01-04T04:00:00+00:00,189.48,189.7,189.46,189.58,148.639
2026-01-04T05:00:00+00:00,189.6,189.6,189.19,189.42,356.355
2026-01-04T06:00:00+00:00,189.42,191.4,189.41,190.36,822.296
2026-01-04T07:00:00+00:00,190.36,190.56,190.28,190.4,448.644
2026-01-04T08:00:00+00:00,190.39,190.4,190.27,190.33,229.617
2026-01-04T09:00:00+00:00,190.36,190.63,190.33,190.46,387.401
2026-01-04T10:00:00+00:00,190.47,190.59,190.43,190.43,268.074
2026-01-04T11:00:00+00:00,190.43,190.52,190.42,190.47,56.502
2026-01-04T12:00:00+00:00,190.46,190.56,190.43,190.46,16.186
2026-01-04T13:00:00+00:00,190.47,190.65,190.42,190.59,52.971
2026-01-04T14:00:00+00:00,190.61,190.89,190.61,190.89,175.178
2026-01-04T15:00:00+00:00,190.89,191.05,189.5,190.45,408.66
2026-01-04T16:00:00+00:00,190.43,190.43,190.27,190.32,135.301
2026-01-04T17:00:00+00:00,190.29,190.32,190.24,190.29,130.778
2026-01-04T18:00:00+00:00,190.29,190.29,190.19,190.2,44.123
2026-01-04T19:00:00+00:00,190.21,190.21,190.07,190.09,36.418
2026-01-04T20:00:00+00:00,190.08,190.08,189.62,189.76,396.683
2026-01-04T21:00:00+00:00,189.89,189.9,188.61,188.67,532.289
2026-01-04T22:00:00+00:00,188.69,188.92,188.55,188.89,305.514
2026-01-04T23:00:00+00:00,188.89,189.22,188.74,189.1,167.43
2026-01-05T00:00:00+00:00,189.11,189.91,189.11,189.61,306.417
2026-01-05T01:00:00+00:00,189.64,190.48,189.5,190.0,1587.986
2026-01-05T02:00:00+00:00,190.0,190.2,189.8,190.17,1060.175
2026-01-05T03:00:00+00:00,190.17,190.24,190.17,190.22,409.591
2026-01-05T04:00:00+00:00,190.21,190.21,189.72,189.75,701.39
2026-01-05T05:00:00+00:00,189.75,190.04,189.75,190.03,161.538
2026-01-05T06:00:00+00:00,190.03,190.13,189.74,189.88,930.894
2026-01-05T07:00:00+00:00,189.88,190.0,189.5,189.64,534.738
2026-01-05T08:00:00+00:00,189.65,190.09,189.64,190.02,963.251
2026-01-05T09:00:00+00:00,190.02,190.46,189.89,190.12,844.621
2026-01-05T10:00:00+00:00,190.11,191.2,190.07,191.14,832.058
2026-01-05T11:00:00+00:00,191.13,191.96,191.01,191.1,3145.955
2026-01-05T12:00:00+00:00,191.1,191.84,191.04,191.68,1595.771
2026-01-05T13:00:00+00:00,191.63,192.0,191.29,191.82,429.451
2026-01-05T14:00:00+00:00,191.82,193.68,189.6,190.21,12156.199
2026-01-05T15:00:00+00:00,190.22,190.57,189.45,190.29,5296.481
2026-01-05T16:00:00+00:00,190.26,191.02,189.41,189.5,2048.398
2026-01-05T17:00:00+00:00,189.48,189.48,187.21,188.03,4814.996
2026-01-05T18:00:00+00:00,188.05,188.31,187.14,187.57,1756.969
2026-01-05T19:00:00+00:00,187.63,187.63,186.24,186.87,3288.465
2026-01-05T20:00:00+00:00,186.86,188.22,186.62,188.16,3070.535
2026-01-05T21:00:00+00:00,188.11,188.57,187.47,187.67,2131.548
2026-01-05T22:00:00+00:00,187.71,189.45,187.33,187.71,886.717
2026-01-05T23:00:00+00:00,187.76,188.14,187.56,187.9,871.509
2026-01-06T00:00:00+00:00,187.9,188.2,187.85,188.0,700.879
2026-01-06T01:00:00+00:00,188.0,188.29,187.98,188.14,544.542
2026-01-06T02:00:00+00:00,188.17,188.83,188.15,188.77,698.128
2026-01-06T03:00:00+00:00,188.75,188.99,188.63,188.92,1813.587
2026-01-06T04:00:00+00:00,188.92,189.43,188.85,189.3,741.883
2026-01-06T05:00:00+00:00,189.38,189.42,189.09,189.2,496.702
2026-01-06T06:00:00+00:00,189.18,189.62,189.13,189.62,572.797
2026-01-06T07:00:00+00:00,189.62,189.73,189.18,189.36,1224.379
2026-01-06T08:00:00+00:00,189.34,189.34,188.33,188.96,591.727
2026-01-06T09:00:00+00:00,189.11,189.43,188.27,189.27,1045.574
2026-01-06T10:00:00+00:00,189.27,189.58,189.1,189.29,3964.301
2026-01-06T11:00:00+00:00,189.38,189.57,189.01,189.2,425.253
2026-01-06T12:00:00+00:00,189.23,189.48,189.11,189.44,543.086
2026-01-06T13:00:00+00:00,189.48,189.88,189.46,189.73,689.791
2026-01-06T14:00:00+00:00,189.72,192.18,189.04,191.95,9795.195
2026-01-06T15:00:00+00:00,191.96,192.1,188.98,189.21,5693.442
2026-01-06T16:00:00+00:00,189.17,190.0,187.75,189.52,9453.134
2026-01-06T17:00:00+00:00,189.46,189.72,188.55,188.73,2871.789
2026-01-06T18:00:00+00:00,188.69,188.8,187.36,188.24,1869.884
2026-01-06T19:00:00+00:00,188.2,188.26,187.56,187.83,2209.669
2026-01-06T20:00:00+00:00,187.84,187.88,186.86,187.41,2937.602
2026-01-06T21:00:00+00:00,187.36,187.91,187.32,187.81,736.796
2026-01-06T22:00:00+00:00,187.81,188.1,187.71,187.99,1273.675
2026-01-06T23:00:00+00:00,187.99,188.8,187.99,188.33,1148.949
2026-01-07T00:00:00+00:00,188.33,188.54,188.19,188.34,988.558
2026-01-07T01:00:00+00:00,188.34,188.59,188.09,188.09,622.834
2026-01-07T02:00:00+00:00,188.08,188.22,187.99,188.15,455.164
2026-01-07T03:00:00+00:00,188.15,188.27,188.06,188.11,211.506
2026-01-07T04:00:00+00:00,188.11,188.14,187.83,187.93,540.888
2026-01-07T05:00:00+00:00,187.92,188.1,187.78,187.96,414.224
2026-01-07T06:00:00+00:00,187.97,188.23,187.87,187.94,505.816
2026-01-07T07:00:00+00:00,187.94,188.17,187.87,187.99,1013.176
2026-01-07T08:00:00+00:00,188.08,188.13,187.52,187.57,890.404
2026-01-07T09:00:00+00:00,187.62,187.92,187.23,187.78,1866.274
2026-01-07T10:00:00+00:00,187.81,187.84,186.95,187.36,782.759
2026-01-07T11:00:00+00:00,187.36,187.98,187.3,187.94,754.3
2026-01-07T12:00:00+00:00,187.87,188.55,187.87,188.22,662.689
2026-01-07T13:00:00+00:00,188.14,188.4,187.75,188.1,1171.902
2026-01-07T14:00:00+00:00,188.03,190.18,186.73,190.0,9610.774
2026-01-07T15:00:00+00:00,190.08,191.29,188.57,189.62,16577.575
2026-01-07T16:00:00+00:00,189.64,190.29,189.18,190.19,8247.429
2026-01-07T17:00:00+00:00,190.14,190.5,189.69,189.91,7770.718
2026-01-07T18:00:00+00:00,189.93,190.13,189.36,189.79,2698.551
2026-01-07T19:00:00+00:00,189.78,189.98,189.2,189.26,3356.878
2026-01-07T20:00:00+00:00,189.28,189.38,188.77,189.2,3011.944
2026-01-07T21:00:00+00:00,189.2,189.23,189.01,189.13,789.778
2026-01-07T22:00:00+00:00,189.13,189.24,189.08,189.11,384.716
2026-01-07T23:00:00+00:00,189.13,189.21,189.0,189.06,212.891
2026-01-08T00:00:00+00:00,189.06,189.39,188.98,189.35,246.704
2026-01-08T01:00:00+00:00,189.37,189.37,189.01,189.1,831.648
2026-01-08T02:00:00+00:00,189.11,189.16,188.75,188.76,453.069
2026-01-08T03:00:00+00:00,188.77,188.96,188.66,188.68,904.668
2026-01-08T04:00:00+00:00,188.68,188.76,188.58,188.75,853.037
2026-01-08T05:00:00+00:00,188.76,188.89,188.37,188.37,1119.38
2026-01-08T06:00:00+00:00,188.36,188.36,187.74,188.19,1235.524
2026-01-08T07:00:00+00:00,188.2,190.8,188.03,189.33,6039.255
2026-01-08T08:00:00+00:00,189.33,189.96,189.25,189.67,904.971
2026-01-08T09:00:00+00:00,189.68,190.18,189.38,189.76,3004.039
2026-01-08T10:00:00+00:00,189.73,190.0,189.37,189.71,2001.409
2026-01-08T11:00:00+00:00,189.69,190.29,189.69,190.03,1645.303
2026-01-08T12:00:00+00:00,189.99,190.05,189.56,189.7,1044.447
2026-01-08T13:00:00+00:00,189.67,189.98,189.57,189.8,878.454
2026-01-08T14:00:00+00:00,189.74,189.79,185.96,185.96,31252.333
2026-01-08T15:00:00+00:00,185.96,187.03,185.11,185.58,19058.892
2026-01-08T16:00:00+00:00,185.58,185.86,184.69,185.02,4419.809
2026-01-08T17:00:00+00:00,185.01,185.09,183.93,184.63,7732.748
2026-01-08T18:00:00+00:00,184.59,185.05,184.23,184.35,2058.599
2026-01-08T19:00:00+00:00,184.33,185.14,183.85,184.78,1945.01
2026-01-08T20:00:00+00:00,184.78,185.49,184.6,185.14,4388.937
2026-01-08T21:00:00+00:00,185.12,185.36,185.05,185.21,1010.067
2026-01-08T22:00:00+00:00,185.28,185.44,185.2,185.25,968.292
2026-01-08T23:00:00+00:00,185.26,185.29,185.05,185.07,329.514
2026-01-09T00:00:00+00:00,185.08,185.27,185.07,185.15,397.825
2026-01-09T01:00:00+00:00,185.16,185.43,184.76,184.88,546.146
2026-01-09T02:00:00+00:00,184.88,185.25,184.81,185.05,438.042
2026-01-09T03:00:00+00:00,185.06,185.27,184.89,185.04,755.603
2026-01-09T04:00:00+00:00,185.04,185.23,185.03,185.2,499.49
2026-01-09T05:00:00+00:00,185.12,185.24,185.02,185.1,845.922
2026-01-09T06:00:00+00:00,185.06,185.17,185.01,185.17,906.541
2026-01-09T07:00:00+00:00,185.18,185.29,185.02,185.22,282.473
2026-01-09T08:00:00+00:00,185.22,185.51,185.0,185.04,495.757
2026-01-09T09:00:00+00:00,185.07,185.9,185.07,185.68,396.748
2026-01-09T10:00:00+00:00,185.72,185.99,185.69,185.81,365.685
2026-01-09T11:00:00+00:00,185.8,186.94,185.55,185.99,1653.098
2026-01-09T12:00:00+00:00,185.9,185.93,185.58,185.89,489.468
2026-01-09T13:00:00+00:00,185.85,186.19,185.56,186.08,818.035
2026-01-09T14:00:00+00:00,186.07,186.27,183.92,184.8,7720.328
2026-01-09T15:00:00+00:00,184.89,185.67,183.8,184.98,4365.725
2026-01-09T16:00:00+00:00,185.0,185.82,184.96,185.4,10428.19
2026-01-09T17:00:00+00:00,185.4,185.61,184.81,185.16,1695.793
2026-01-09T18:00:00+00:00,185.16,185.48,184.93,185.48,1162.678
2026-01-09T19:00:00+00:00,185.48,186.36,185.34,185.6,3189.236
2026-01-09T20:00:00+00:00,185.63,186.1,184.87,184.87,1981.07
2026-01-09T21:00:00+00:00,185.01,185.17,184.92,185.04,787.111
2026-01-09T22:00:00+00:00,185.11,185.12,185.0,185.03,132.138
2026-01-09T23:00:00+00:00,185.06,185.2,184.97,184.97,202.213
2026-01-10T00:00:00+00:00,184.98,185.05,184.93,184.97,37.911
2026-01-10T01:00:00+00:00,185.06,185.19,185.0,185.12,124.533
2026-01-10T02:00:00+00:00,185.08,185.16,184.95,184.95,283.927
2026-01-10T03:00:00+00:00,184.96,185.11,184.94,184.99,616.937
2026-01-10T04:00:00+00:00,184.99,185.04,184.89,184.89,490.031
2026-01-10T05:00:00+00:00,184.89,185.04,184.89,184.95,217.722
2026-01-10T06:00:00+00:00,184.96,185.33,184.93,185.13,737.956
2026-01-10T07:00:00+00:00,185.04,185.16,184.95,185.05,699.935
2026-01-10T08:00:00+00:00,184.95,185.2,184.95,185.09,497.505
2026-01-10T09:00:00+00:00,185.09,185.18,185.05,185.18,102.291
2026-01-10T10:00:00+00:00,185.18,185.43,184.89,185.25,273.036
2026-01-10T11:00:00+00:00,185.22,185.23,185.11,185.13,63.723
2026-01-10T12:00:00+00:00,185.14,185.26,185.14,185.26,19.752
2026-01-10T13:00:00+00:00,185.25,185.35,185.25,185.25,74.644
2026-01-10T14:00:00+00:00,185.26,185.34,185.25,185.29,135.736
2026-01-10T15:00:00+00:00,185.28,185.3,185.25,185.25,66.151
2026-01-10T16:00:00+00:00,185.27,185.36,185.25,185.25,47.38
2026-01-10T17:00:00+00:00,185.26,185.47,184.95,185.12,342.788
2026-01-10T18:00:00+00:00,185.0,185.22,184.95,185.21,520.362
2026-01-10T19:00:00+00:00,185.15,185.21,184.74,184.92,950.906
2026-01-10T20:00:00+00:00,184.8,185.07,184.77,184.89,108.262
2026-01-10T21:00:00+00:00,184.87,184.87,184.69,184.72,85.857
2026-01-10T22:00:00+00:00,184.72,184.75,184.57,184.67,126.582
2026-01-10T23:00:00+00:00,184.65,184.8,184.49,184.66,80.684
2026-01-11T00:00:00+00:00,184.68,184.74,184.66,184.67,61.055
2026-01-11T01:00:00+00:00,184.67,184.8,184.67,184.79,73.395
2026-01-11T02:00:00+00:00,184.79,185.89,184.78,185.05,564.026
2026-01-11T03:00:00+00:00,185.02,185.16,184.96,185.08,74.484
2026-01-11T04:00:00+00:00,185.07,185.17,185.07,185.14,24.531
2026-01-11T05:00:00+00:00,185.15,185.35,185.14,185.15,293.538
2026-01-11T06:00:00+00:00,185.17,185.41,185.05,185.05,2559.697
2026-01-11T07:00:00+00:00,185.06,185.5,185.0,185.43,2360.704
2026-01-11T08:00:00+00:00,185.42,185.53,185.25,185.3,283.608
2026-01-11T09:00:00+00:00,185.31,185.44,185.31,185.4,112.788
2026-01-11T10:00:00+00:00,185.4,185.55,185.4,185.51,111.058
2026-01-11T11:00:00+00:00,185.52,185.63,185.3,185.44,195.315
2026-01-11T12:00:00+00:00,185.46,186.01,185.46,185.53,126.501
2026-01-11T13:00:00+00:00,185.53,185.6,185.48,185.57,51.883
2026-01-11T14:00:00+00:00,185.56,185.66,185.48,185.66,341.05
2026-01-11T15:00:00+00:00,185.65,185.68,185.4,185.46,286.173
2026-01-11T16:00:00+00:00,185.45,187.0,185.41,185.87,576.578
2026-01-11T17:00:00+00:00,185.91,186.14,185.35,185.39,496.483
2026-01-11T18:00:00+00:00,185.35,185.7,185.0,185.1,617.301
2026-01-11T19:00:00+00:00,185.06,186.27,184.8,184.85,949.3
2026-01-11T20:00:00+00:00,184.8,185.06,184.66,184.91,195.923
2026-01-11T21:00:00+00:00,184.91,185.1,184.82,185.1,61.504
2026-01-11T22:00:00+00:00,185.06,185.81,183.53,184.92,2092.63
2026-01-11T23:00:00+00:00,184.79,185.4,184.65,185.34,519.779
2026-01-12T00:00:00+00:00,185.36,185.45,184.78,184.86,712.676
2026-01-12T01:00:00+00:00,184.85,184.86,183.49,183.77,1608.884
2026-01-12T02:00:00+00:00,183.75,183.79,183.09,183.54,621.38
2026-01-12T03:00:00+00:00,183.53,183.61,183.14,183.43,549.513
2026-01-12T04:00:00+00:00,183.42,183.44,183.07,183.43,362.837
2026-01-12T05:00:00+00:00,183.43,183.47,182.63,183.17,1113.013
2026-01-12T06:00:00+00:00,183.18,183.31,182.96,183.14,371.382
2026-01-12T07:00:00+00:00,183.13,183.53,182.98,183.4,422.929
2026-01-12T08:00:00+00:00,183.38,183.5,182.52,182.74,694.658
2026-01-12T09:00:00+00:00,182.75,183.08,182.57,182.79,1273.798
2026-01-12T10:00:00+00:00,182.79,182.9,182.56,182.6,1413.76
2026-01-12T11:00:00+00:00,182.61,182.97,182.5,182.96,358.455
2026-01-12T12:00:00+00:00,182.97,183.26,182.89,183.1,651.725
2026-01-12T13:00:00+00:00,183.12,183.64,183.01,183.42,440.633
2026-01-12T14:00:00+00:00,183.37,186.21,183.0,184.97,11814.993
2026-01-12T15:00:00+00:00,184.95,185.22,183.82,184.55,2475.827
2026-01-12T16:00:00+00:00,184.55,185.62,184.35,185.48,2269.654
2026-01-12T17:00:00+00:00,185.46,186.94,185.39,186.22,4344.924
2026-01-12T18:00:00+00:00,186.26,187.16,186.23,186.88,3311.147
2026-01-12T19:00:00+00:00,186.88,187.16,186.61,186.73,804.505
2026-01-12T20:00:00+00:00,186.6,186.6,185.03,185.03,2056.194
2026-01-12T21:00:00+00:00,185.06,185.23,184.85,184.88,777.883
2026-01-12T22:00:00+00:00,184.96,185.24,184.86,185.01,1027.783
2026-01-12T23:00:00+00:00,184.99,185.1,184.76,184.78,653.418
2026-01-13T00:00:00+00:00,184.77,184.83,184.61,184.67,681.249
2026-01-13T01:00:00+00:00,184.65,184.83,184.09,184.43,538.177
2026-01-13T02:00:00+00:00,184.49,184.8,184.47,184.63,295.597
2026-01-13T03:00:00+00:00,184.66,184.93,184.48,184.92,597.696
2026-01-13T04:00:00+00:00,184.89,184.93,184.61,184.8,622.763
2026-01-13T05:00:00+00:00,184.8,185.14,184.69,184.97,694.279
2026-01-13T06:00:00+00:00,184.98,185.19,184.85,185.07,438.105
2026-01-13T07:00:00+00:00,185.09,185.37,184.97,185.29,398.722
2026-01-13T08:00:00+00:00,185.22,185.41,184.97,185.06,514.392
2026-01-13T09:00:00+00:00,185.07,185.77,185.03,185.56,1875.815
2026-01-13T10:00:00+00:00,185.65,185.65,185.25,185.47,728.52
2026-01-13T11:00:00+00:00,185.47,185.87,185.34,185.48,1069.503
2026-01-13T12:00:00+00:00,185.44,185.44,184.77,184.87,747.134
2026-01-13T13:00:00+00:00,184.94,186.24,184.85,185.82,1041.235
2026-01-13T14:00:00+00:00,185.83,185.83,183.72,184.23,11872.909
2026-01-13T15:00:00+00:00,184.24,184.84,183.52,184.84,6820.63
2026-01-13T16:00:00+00:00,184.84,188.17,184.67,187.78,9926.815
2026-01-13T17:00:00+00:00,187.79,187.86,184.82,185.02,5316.286
2026-01-13T18:00:00+00:00,184.93,185.46,184.61,184.71,2119.763
2026-01-13T19:00:00+00:00,184.71,185.0,184.26,184.45,2038.096
2026-01-13T20:00:00+00:00,184.45,185.87,184.24,185.77,2532.831
2026-01-13T21:00:00+00:00,185.76,185.96,185.42,185.62,1159.86
2026-01-13T22:00:00+00:00,185.6,185.99,185.55,185.99,767.835
2026-01-13T23:00:00+00:00,185.99,186.05,185.7,185.9,702.571
2026-01-14T00:00:00+00:00,185.9,186.08,185.86,185.93,468.169
2026-01-14T01:00:00+00:00,185.95,186.1,185.53,185.53,702.214
2026-01-14T02:00:00+00:00,185.53,185.81,185.53,185.61,890.181
2026-01-14T03:00:00+00:00,185.64,185.96,185.59,185.93,679.312
2026-01-14T04:00:00+00:00,185.93,185.96,185.61,185.62,265.005
2026-01-14T05:00:00+00:00,185.62,185.64,185.47,185.56,612.584
2026-01-14T06:00:00+00:00,185.56,185.64,184.73,184.95,1172.168
2026-01-14T07:00:00+00:00,184.95,185.3,184.93,185.13,393.93
2026-01-14T08:00:00+00:00,185.12,185.37,185.08,185.32,313.82
2026-01-14T09:00:00+00:00,185.37,185.41,184.89,185.04,601.339
2026-01-14T10:00:00+00:00,185.04,185.04,184.16,184.34,334.794
2026-01-14T11:00:00+00:00,184.33,184.64,184.21,184.58,211.147
2026-01-14T12:00:00+00:00,184.57,184.8,184.15,184.78,338.867
2026-01-14T13:00:00+00:00,184.78,185.0,184.53,184.62,1147.253
2026-01-14T14:00:00+00:00,184.62,184.78,181.51,181.72,10871.483
2026-01-14T15:00:00+00:00,181.72,182.75,180.99,181.6,13886.42
2026-01-14T16:00:00+00:00,181.6,182.2,181.35,181.8,3154.191
2026-01-14T17:00:00+00:00,181.82,182.22,181.51,182.12,2727.868
2026-01-14T18:00:00+00:00,182.12,182.39,181.57,182.12,1763.342
2026-01-14T19:00:00+00:00,182.09,182.1,181.25,181.44,2882.29
2026-01-14T20:00:00+00:00,181.51,183.31,181.0,183.31,3553.999
2026-01-14T21:00:00+00:00,183.26,183.45,182.74,182.88,1470.658
2026-01-14T22:00:00+00:00,182.88,183.11,182.71,182.81,2027.539
2026-01-14T23:00:00+00:00,182.79,182.88,182.65,182.86,3507.466
2026-01-15T00:00:00+00:00,182.87,182.9,182.66,182.76,538.697
2026-01-15T01:00:00+00:00,182.76,182.98,182.21,182.63,1837.603
2026-01-15T02:00:00+00:00,182.68,183.0,182.55,182.65,1611.305
2026-01-15T03:00:00+00:00,182.66,182.76,182.37,182.38,653.191
2026-01-15T04:00:00+00:00,182.38,182.42,182.0,182.11,368.561
2026-01-15T05:00:00+00:00,182.2,183.13,182.2,183.04,483.571
2026-01-15T06:00:00+00:00,182.99,184.25,182.91,183.98,1229.557
2026-01-15T07:00:00+00:00,183.92,184.07,183.66,183.99,607.958
2026-01-15T08:00:00+00:00,184.02,184.37,183.88,184.17,877.145
2026-01-15T09:00:00+00:00,184.22,185.51,184.19,185.33,2084.608
2026-01-15T10:00:00+00:00,185.35,186.0,185.35,185.83,1037.451
2026-01-15T11:00:00+00:00,185.84,186.63,185.82,186.24,778.504
2026-01-15T12:00:00+00:00,186.25,186.25,184.81,185.52,1616.211
2026-01-15T13:00:00+00:00,185.5,186.49,185.19,186.03,983.484
2026-01-15T14:00:00+00:00,186.04,189.12,185.66,188.38,11572.767
2026-01-15T15:00:00+00:00,188.35,188.85,186.9,187.76,4015.319
2026-01-15T16:00:00+00:00,187.75,189.03,187.4,188.91,1790.419
2026-01-15T17:00:00+00:00,188.89,189.31,188.26,188.39,2311.477
2026-01-15T18:00:00+00:00,188.41,189.78,188.26,189.59,1162.349
2026-01-15T19:00:00+00:00,189.59,189.59,188.12,188.71,1850.378
2026-01-15T20:00:00+00:00,188.85,188.85,186.38,187.1,5983.417
2026-01-15T21:00:00+00:00,187.13,187.39,186.9,187.3,951.116
2026-01-15T22:00:00+00:00,187.3,187.8,187.27,187.42,3915.152
2026-01-15T23:00:00+00:00,187.42,187.6,187.39,187.51,1329.347
2026-01-16T00:00:00+00:00,187.51,187.82,187.51,187.73,923.509
2026-01-16T01:00:00+00:00,187.73,188.63,187.69,187.99,5359.717
2026-01-16T02:00:00+00:00,187.99,188.22,187.92,187.99,598.963
2026-01-16T03:00:00+00:00,188.0,188.14,187.97,188.04,108.332
2026-01-16T04:00:00+00:00,188.1,188.36,188.07,188.27,361.919
2026-01-16T05:00:00+00:00,188.34,188.7,188.34,188.67,234.884
2026-01-16T06:00:00+00:00,188.69,188.76,188.38,188.4,691.255
2026-01-16T07:00:00+00:00,188.37,188.82,188.35,188.77,778.03
2026-01-16T08:00:00+00:00,188.77,188.94,188.44,188.65,505.214
2026-01-16T09:00:00+00:00,188.62,189.1,188.53,188.6,1010.283
2026-01-16T10:00:00+00:00,188.62,189.41,188.46,189.03,502.906
2026-01-16T11:00:00+00:00,189.09,189.11,188.61,188.64,273.358
2026-01-16T12:00:00+00:00,188.6,188.86,188.44,188.52,371.333
2026-01-16T13:00:00+00:00,188.52,188.65,188.15,188.56,2785.69
2026-01-16T14:00:00+00:00,188.55,190.46,188.24,189.26,12758.426
2026-01-16T15:00:00+00:00,189.22,189.3,187.16,188.06,10561.583
2026-01-16T16:00:00+00:00,188.06,188.3,187.56,188.1,2258.831
2026-01-16T17:00:00+00:00,188.09,188.4,187.5,187.69,1438.411
2026-01-16T18:00:00+00:00,187.74,188.29,187.71,188.17,1082.751
2026-01-16T19:00:00+00:00,188.17,188.49,187.68,187.98,1366.508
2026-01-16T20:00:00+00:00,188.0,188.07,186.18,186.3,6077.674
2026-01-16T21:00:00+00:00,186.26,186.53,186.16,186.38,853.22
2026-01-16T22:00:00+00:00,186.4,186.49,186.29,186.39,125.221
2026-01-16T23:00:00+00:00,186.39,186.52,186.34,186.38,243.526
2026-01-17T00:00:00+00:00,186.38,186.48,186.33,186.33,128.537
2026-01-17T01:00:00+00:00,186.33,186.42,186.22,186.23,2500.467
2026-01-17T02:00:00+00:00,186.25,186.27,186.25,186.27,9.656
2026-01-17T03:00:00+00:00,186.27,186.27,186.26,186.26,1.661
2026-01-17T04:00:00+00:00,186.27,186.27,186.26,186.26,7.261
2026-01-17T05:00:00+00:00,186.27,186.37,186.26,186.33,75.627
2026-01-17T06:00:00+00:00,186.34,186.45,186.23,186.32,199.277
2026-01-17T07:00:00+00:00,186.32,186.56,186.31,186.44,395.619
2026-01-17T08:00:00+00:00,186.44,186.45,186.21,186.43,309.176
2026-01-17T09:00:00+00:00,186.35,186.45,185.63,186.15,594.119
2026-01-17T10:00:00+00:00,186.17,186.2,186.09,186.17,18.296
2026-01-17T11:00:00+00:00,186.16,186.21,186.12,186.15,58.825
2026-01-17T12:00:00+00:00,186.16,186.28,186.07,186.17,93.613
2026-01-17T13:00:00+00:00,186.18,186.24,186.16,186.16,7.791
2026-01-17T14:00:00+00:00,186.17,186.18,186.16,186.16,30.542
2026-01-17T15:00:00+00:00,186.16,186.45,186.12,186.34,380.664
2026-01-17T16:00:00+00:00,186.28,186.28,186.26,186.26,24.811
2026-01-17T17:00:00+00:00,186.25,186.25,186.23,186.23,36.954
2026-01-17T18:00:00+00:00,186.25,186.33,186.23,186.24,36.145
2026-01-17T19:00:00+00:00,186.24,186.33,186.23,186.33,14.61
2026-01-17T20:00:00+00:00,186.32,186.33,186.22,186.33,90.377
2026-01-17T21:00:00+00:00,186.32,186.33,186.21,186.32,104.201
2026-01-17T22:00:00+00:00,186.32,186.33,186.12,186.21,162.545
2026-01-17T23:00:00+00:00,186.2,186.28,185.36,186.07,365.222
2026-01-18T00:00:00+00:00,186.07,186.12,186.07,186.12,9.12
2026-01-18T01:00:00+00:00,186.11,186.12,185.26,185.45,477.793
2026-01-18T02:00:00+00:00,185.45,185.62,185.36,185.62,58.298
2026-01-18T03:00:00+00:00,185.62,185.85,185.62,185.82,221.101
2026-01-18T04:00:00+00:00,185.82,185.82,185.59,185.68,38.291
2026-01-18T05:00:00+00:00,185.69,185.73,185.45,185.56,228.629
2026-01-18T06:00:00+00:00,185.52,185.75,185.52,185.68,129.83
2026-01-18T07:00:00+00:00,185.68,185.68,185.54,185.62,80.799
2026-01-18T08:00:00+00:00,185.6,185.61,185.28,185.58,255.661
2026-01-18T09:00:00+00:00,185.56,185.57,185.43,185.51,46.892
2026-01-18T10:00:00+00:00,185.51,185.63,185.1,185.52,296.84
2026-01-18T11:00:00+00:00,185.56,185.6,185.52,185.55,50.518
2026-01-18T12:00:00+00:00,185.53,185.6,185.53,185.56,24.001
2026-01-18T13:00:00+00:00,185.56,185.56,185.5,185.54,45.789
2026-01-18T14:00:00+00:00,185.54,185.54,185.43,185.51,80.501
2026-01-18T15:00:00+00:00,185.5,185.51,185.0,185.23,497.013
2026-01-18T16:00:00+00:00,185.24,185.34,185.2,185.28,166.346
2026-01-18T17:00:00+00:00,185.28,185.3,185.1,185.26,241.399
2026-01-18T18:00:00+00:00,185.26,185.29,185.21,185.25,99.292
2026-01-18T19:00:00+00:00,185.23,185.54,185.12,185.15,452.589
2026-01-18T20:00:00+00:00,185.15,185.33,185.01,185.1,570.254
2026-01-18T21:00:00+00:00,185.07,185.7,185.0,185.31,1128.977
2026-01-18T22:00:00+00:00,185.32,185.48,185.19,185.38,242.107
2026-01-18T23:00:00+00:00,185.38,185.68,185.0,185.09,590.843
2026-01-19T00:00:00+00:00,185.06,185.73,184.86,185.23,1478.507
2026-01-19T01:00:00+00:00,185.23,185.86,185.23,185.86,717.3
2026-01-19T02:00:00+00:00,185.86,185.86,185.2,185.27,392.552
2026-01-19T03:00:00+00:00,185.27,185.27,183.5,184.5,11811.698
2026-01-19T04:00:00+00:00,184.49,184.5,182.79,183.65,2725.279
2026-01-19T05:00:00+00:00,183.65,183.93,183.52,183.75,883.084
2026-01-19T06:00:00+00:00,183.76,183.93,183.67,183.88,594.502
2026-01-19T07:00:00+00:00,183.9,183.93,183.06,183.88,1447.491
2026-01-19T08:00:00+00:00,183.89,183.93,182.72,183.92,1050.248
2026-01-19T09:00:00+00:00,183.92,183.93,182.5,182.7,1306.205
2026-01-19T10:00:00+00:00,182.72,183.35,182.45,182.46,2287.107
2026-01-19T11:00:00+00:00,182.49,182.53,181.7,182.03,1962.843
2026-01-19T12:00:00+00:00,182.06,182.7,181.86,182.7,2963.497
2026-01-19T13:00:00+00:00,182.7,182.7,182.46,182.61,283.963
2026-01-19T14:00:00+00:00,182.59,182.59,181.66,182.36,487.11
2026-01-19T15:00:00+00:00,182.34,183.1,182.09,183.1,3153.916
2026-01-19T16:00:00+00:00,183.08,183.14,183.05,183.14,486.279
2026-01-19T17:00:00+00:00,183.13,183.37,183.03,183.37,1807.932
2026-01-19T18:00:00+00:00,183.34,183.37,183.29,183.32,214.94
2026-01-19T19:00:00+00:00,183.32,183.41,183.32,183.36,1067.429
2026-01-19T20:00:00+00:00,183.37,183.57,182.88,183.28,588.466
2026-01-19T21:00:00+00:00,183.28,183.28,183.27,183.27,33.258
2026-01-19T22:00:00+00:00,183.27,183.28,183.01,183.05,132.313
2026-01-19T23:00:00+00:00,183.06,183.67,182.96,183.32,884.751
2026-01-20T00:00:00+00:00,183.37,183.39,183.2,183.34,185.591
2026-01-20T01:00:00+00:00,183.35,183.81,181.97,183.25,3514.905
2026-01-20T02:00:00+00:00,183.3,183.73,183.16,183.62,2680.503
2026-01-20T03:00:00+00:00,183.63,183.68,183.16,183.16,1403.732
2026-01-20T04:00:00+00:00,183.17,183.21,182.67,182.67,463.595
2026-01-20T05:00:00+00:00,182.7,183.28,182.58,182.9,908.282
2026-01-20T06:00:00+00:00,182.9,183.13,181.89,182.42,1538.788
2026-01-20T07:00:00+00:00,182.44,182.5,181.81,181.95,815.249
2026-01-20T08:00:00+00:00,181.96,182.11,180.76,181.37,9160.86
2026-01-20T09:00:00+00:00,181.36,181.95,180.0,180.83,6953.396
2026-01-20T10:00:00+00:00,180.83,181.64,180.64,181.37,855.309
2026-01-20T11:00:00+00:00,181.37,181.89,181.37,181.88,631.626
2026-01-20T12:00:00+00:00,181.9,182.89,181.79,182.42,1445.499
2026-01-20T13:00:00+00:00,182.38,182.45,181.58,181.59,5181.669
2026-01-20T14:00:00+00:00,181.6,182.31,179.7,179.98,17225.429
2026-01-20T15:00:00+00:00,179.93,181.83,179.68,180.6,16257.042
2026-01-20T16:00:00+00:00,180.64,181.24,179.61,180.08,6287.744
2026-01-20T17:00:00+00:00,179.98,180.25,179.36,179.81,4767.114
2026-01-20T18:00:00+00:00,179.81,180.11,178.93,179.77,3709.272
2026-01-20T19:00:00+00:00,179.77,179.97,179.2,179.58,5303.312
2026-01-20T20:00:00+00:00,179.56,179.62,177.89,178.15,3625.509
2026-01-20T21:00:00+00:00,178.11,179.0,177.94,178.79,1351.88
2026-01-20T22:00:00+00:00,178.77,178.92,178.67,178.83,1981.93
2026-01-20T23:00:00+00:00,178.83,179.19,178.6,178.73,435.913
2026-01-21T00:00:00+00:00,178.69,179.22,178.69,179.21,372.715
2026-01-21T01:00:00+00:00,179.21,179.67,179.18,179.66,573.52
2026-01-21T02:00:00+00:00,179.66,179.85,179.46,179.53,199.267
2026-01-21T03:00:00+00:00,179.54,179.87,179.44,179.47,172.004
2026-01-21T04:00:00+00:00,179.59,179.78,179.45,179.74,1195.279
2026-01-21T05:00:00+00:00,179.68,179.95,179.55,179.9,1243.269
2026-01-21T06:00:00+00:00,179.88,179.97,179.64,179.74,365.085
2026-01-21T07:00:00+00:00,179.71,180.07,179.68,179.85,382.465
2026-01-21T08:00:00+00:00,179.85,179.89,179.65,179.73,364.771
2026-01-21T09:00:00+00:00,179.75,179.94,178.89,178.89,824.177
2026-01-21T10:00:00+00:00,178.87,179.73,178.87,179.29,1350.237
2026-01-21T11:00:00+00:00,179.28,180.22,178.55,178.55,880.654
2026-01-21T12:00:00+00:00,178.53,178.79,177.96,178.76,1066.438
2026-01-21T13:00:00+00:00,178.72,179.02,178.28,178.61,6326.572
2026-01-21T14:00:00+00:00,178.5,180.84,178.5,180.45,27277.369
2026-01-21T15:00:00+00:00,180.45,183.17,180.03,182.73,13756.581
2026-01-21T16:00:00+00:00,182.74,183.72,180.03,180.15,13020.33
2026-01-21T17:00:00+00:00,180.22,180.57,179.22,180.3,8671.809
2026-01-21T18:00:00+00:00,180.29,181.22,179.75,181.21,1237.971
2026-01-21T19:00:00+00:00,181.09,185.32,180.99,185.25,15435.012
2026-01-21T20:00:00+00:00,185.28,185.38,183.23,183.26,6828.784
2026-01-21T21:00:00+00:00,183.3,183.56,182.97,183.42,1438.191
2026-01-21T22:00:00+00:00,183.44,184.1,183.43,184.0,1374.816
2026-01-21T23:00:00+00:00,184.0,184.12,183.61,183.87,397.947
2026-01-22T00:00:00+00:00,183.86,183.93,183.71,183.87,183.996
2026-01-22T01:00:00+00:00,183.84,184.34,183.71,184.22,2164.953
2026-01-22T02:00:00+00:00,184.2,184.25,183.85,183.89,1869.566
2026-01-22T03:00:00+00:00,183.88,184.17,183.87,184.01,407.077
2026-01-22T04:00:00+00:00,184.02,184.23,183.94,184.03,284.729
2026-01-22T05:00:00+00:00,184.05,184.17,183.82,183.84,625.067
2026-01-22T06:00:00+00:00,183.87,184.0,183.33,183.96,841.82
2026-01-22T07:00:00+00:00,184.01,184.28,183.62,184.06,1083.556
2026-01-22T08:00:00+00:00,184.11,185.28,184.06,185.2,1629.806
2026-01-22T09:00:00+00:00,185.14,185.54,185.0,185.19,1646.005
2026-01-22T10:00:00+00:00,185.25,185.26,184.77,185.12,1523.931
2026-01-22T11:00:00+00:00,185.1,185.27,184.57,184.72,1249.732
2026-01-22T12:00:00+00:00,184.73,185.16,184.73,185.05,802.664
2026-01-22T13:00:00+00:00,185.05,185.05,184.39,184.9,3169.859
2026-01-22T14:00:00+00:00,184.89,186.62,184.01,184.33,46262.402
2026-01-22T15:00:00+00:00,184.33,185.42,184.0,185.12,13914.857
2026-01-22T16:00:00+00:00,185.1,186.18,185.01,185.57,6093.895
2026-01-22T17:00:00+00:00,185.56,185.61,184.46,184.6,5051.969
2026-01-22T18:00:00+00:00,184.59,185.25,184.46,184.55,5152.845
2026-01-22T19:00:00+00:00,184.53,184.97,184.37,184.56,8765.641
2026-01-22T20:00:00+00:00,184.54,184.97,184.06,184.8,9599.753
2026-01-22T21:00:00+00:00,184.84,184.96,184.17,184.25,690.996
2026-01-22T22:00:00+00:00,184.27,184.42,184.07,184.22,442.566
2026-01-22T23:00:00+00:00,184.21,184.29,183.88,184.13,1946.315
2026-01-23T00:00:00+00:00,184.13,184.5,184.13,184.36,1668.712
2026-01-23T01:00:00+00:00,184.41,184.75,184.31,184.53,1399.726
2026-01-23T02:00:00+00:00,184.5,184.53,184.38,184.47,1056.161
2026-01-23T03:00:00+00:00,184.47,184.8,184.47,184.71,1850.92
2026-01-23T04:00:00+00:00,184.71,184.73,184.53,184.67,322.163
2026-01-23T05:00:00+00:00,184.67,184.67,184.51,184.63,409.534
2026-01-23T06:00:00+00:00,184.6,184.76,184.55,184.62,357.589
2026-01-23T07:00:00+00:00,184.63,184.83,184.62,184.76,319.857
2026-01-23T08:00:00+00:00,184.75,184.84,184.14,184.19,664.247
2026-01-23T09:00:00+00:00,184.19,184.37,183.59,183.9,1226.632
2026-01-23T10:00:00+00:00,183.9,184.1,183.72,184.06,504.9
2026-01-23T11:00:00+00:00,184.05,188.98,184.05,187.31,10520.172
2026-01-23T12:00:00+00:00,187.28,187.87,187.0,187.32,2688.353
2026-01-23T13:00:00+00:00,187.31,187.49,186.44,187.0,2493.095
2026-01-23T14:00:00+00:00,187.02,189.73,186.9,187.84,56323.063
2026-01-23T15:00:00+00:00,187.88,188.41,187.34,187.77,12592.751
2026-01-23T16:00:00+00:00,187.8,188.2,187.21,187.84,10685.944
2026-01-23T17:00:00+00:00,187.82,188.27,187.24,187.43,2622.101
2026-01-23T18:00:00+00:00,187.44,188.29,187.31,188.16,2976.483
2026-01-23T19:00:00+00:00,188.15,188.49,187.41,187.64,2892.296
2026-01-23T20:00:00+00:00,187.66,187.97,187.18,187.69,2825.467
2026-01-23T21:00:00+00:00,187.75,187.81,187.34,187.58,1014.454
2026-01-23T22:00:00+00:00,187.59,187.59,187.29,187.34,372.571
2026-01-23T23:00:00+00:00,187.34,187.4,187.3,187.37,87.543
2026-01-24T00:00:00+00:00,187.36,187.43,187.32,187.36,69.747
2026-01-24T01:00:00+00:00,187.35,187.62,187.32,187.51,145.899
2026-01-24T02:00:00+00:00,187.51,187.53,187.37,187.45,456.379
2026-01-24T03:00:00+00:00,187.45,187.69,187.45,187.6,254.027
2026-01-24T04:00:00+00:00,187.59,187.7,187.45,187.6,494.168
2026-01-24T05:00:00+00:00,187.6,187.6,187.58,187.59,84.012
2026-01-24T06:00:00+00:00,187.59,187.6,187.58,187.6,46.6
2026-01-24T07:00:00+00:00,187.6,187.6,187.58,187.59,64.22
2026-01-24T08:00:00+00:00,187.59,187.6,187.58,187.59,135.385
2026-01-24T09:00:00+00:00,187.58,187.6,187.58,187.59,244.624
2026-01-24T10:00:00+00:00,187.59,187.6,187.58,187.6,46.511
2026-01-24T11:00:00+00:00,187.6,187.6,187.59,187.6,67.307
2026-01-24T12:00:00+00:00,187.6,187.6,187.58,187.59,29.513
2026-01-24T13:00:00+00:00,187.58,187.58,187.42,187.46,168.537
2026-01-24T14:00:00+00:00,187.46,187.49,187.45,187.47,78.879
2026-01-24T15:00:00+00:00,187.42,187.45,187.0,187.26,154.193
2026-01-24T16:00:00+00:00,187.26,187.3,187.24,187.3,117.295
2026-01-24T17:00:00+00:00,187.3,187.46,186.88,187.41,676.814
2026-01-24T18:00:00+00:00,187.4,187.41,187.27,187.28,92.822
2026-01-24T19:00:00+00:00,187.27,187.28,187.23,187.25,91.238
2026-01-24T20:00:00+00:00,187.24,187.26,186.82,187.21,761.024
2026-01-24T21:00:00+00:00,187.21,187.21,187.2,187.21,16.934
2026-01-24T22:00:00+00:00,187.21,187.21,187.12,187.19,85.957
2026-01-24T23:00:00+00:00,187.19,187.26,187.13,187.26,283.628
2026-01-25T00:00:00+00:00,187.26,187.4,187.25,187.34,168.653
2026-01-25T01:00:00+00:00,187.37,187.37,186.15,186.81,2411.491
2026-01-25T02:00:00+00:00,186.81,186.84,186.78,186.82,307.136
2026-01-25T03:00:00+00:00,186.83,186.92,186.82,186.9,290.878
2026-01-25T04:00:00+00:00,186.9,187.01,186.9,187.01,70.572
2026-01-25T05:00:00+00:00,187.01,187.32,187.01,187.29,259.818
2026-01-25T06:00:00+00:00,187.29,187.29,187.09,187.1,219.226
2026-01-25T07:00:00+00:00,187.1,187.1,186.93,186.94,330.783
2026-01-25T08:00:00+00:00,186.94,187.12,186.84,186.89,1232.839
2026-01-25T09:00:00+00:00,186.89,187.08,186.85,187.05,57.089
2026-01-25T10:00:00+00:00,187.05,187.05,186.93,187.02,56.244
2026-01-25T11:00:00+00:00,187.02,187.02,186.93,186.99,63.924
2026-01-25T12:00:00+00:00,186.99,186.99,186.9,186.98,215.651
2026-01-25T13:00:00+00:00,186.98,186.98,186.96,186.97,17.635
2026-01-25T14:00:00+00:00,186.97,186.98,186.96,186.97,32.513
2026-01-25T15:00:00+00:00,186.97,187.04,186.88,186.92,263.425
2026-01-25T16:00:00+00:00,186.92,186.92,186.5,186.61,1111.38
2026-01-25T17:00:00+00:00,186.62,186.78,186.32,186.51,336.116
2026-01-25T18:00:00+00:00,186.52,186.6,186.15,186.29,987.487
2026-01-25T19:00:00+00:00,186.35,186.46,185.45,185.81,4679.574
2026-01-25T20:00:00+00:00,185.85,185.94,184.44,185.11,9467.39
2026-01-25T21:00:00+00:00,185.16,185.28,184.62,185.06,666.329
2026-01-25T22:00:00+00:00,185.06,185.06,184.1,184.61,1662.399
2026-01-25T23:00:00+00:00,184.61,185.59,184.49,185.46,1150.051
2026-01-26T00:00:00+00:00,185.47,185.69,185.43,185.62,204.562
2026-01-26T01:00:00+00:00,185.61,187.02,185.61,186.5,4966.777
2026-01-26T02:00:00+00:00,186.47,186.55,186.13,186.13,231.224
2026-01-26T03:00:00+00:00,186.14,186.37,185.91,186.24,352.376
2026-01-26T04:00:00+00:00,186.24,186.34,186.18,186.26,181.644
2026-01-26T05:00:00+00:00,186.26,186.63,186.25,186.37,1036.476
2026-01-26T06:00:00+00:00,186.4,186.88,186.35,186.47,978.683
2026-01-26T07:00:00+00:00,186.48,186.98,186.31,186.96,2191.051
2026-01-26T08:00:00+00:00,186.96,187.21,186.71,186.91,1203.008
2026-01-26T09:00:00+00:00,186.94,187.14,185.77,186.22,676.198
2026-01-26T10:00:00+00:00,186.22,186.56,186.09,186.38,1134.345
2026-01-26T11:00:00+00:00,186.37,186.37,186.06,186.28,544.602
2026-01-26T12:00:00+00:00,186.28,186.59,186.14,186.5,3296.61
2026-01-26T13:00:00+00:00,186.5,186.92,186.21,186.79,3746.086
2026-01-26T14:00:00+00:00,186.82,189.1,186.77,187.61,13769.249
2026-01-26T15:00:00+00:00,187.5,187.79,186.99,187.28,4986.775
2026-01-26T16:00:00+00:00,187.27,187.29,186.21,187.08,17271.722
2026-01-26T17:00:00+00:00,187.08,187.29,186.3,186.58,3099.514
2026-01-26T18:00:00+00:00,186.56,187.08,186.06,187.06,6929.603
2026-01-26T19:00:00+00:00,187.05,187.09,186.26,186.3,2162.036
2026-01-26T20:00:00+00:00,186.3,186.82,186.04,186.43,2067.578
2026-01-26T21:00:00+00:00,186.42,186.49,186.22,186.32,574.447
2026-01-26T22:00:00+00:00,186.31,186.44,186.24,186.43,1021.578
2026-01-26T23:00:00+00:00,186.44,186.51,186.29,186.45,1311.867
2026-01-27T00:00:00+00:00,186.44,186.51,186.38,186.49,674.76
2026-01-27T01:00:00+00:00,186.44,186.82,186.44,186.62,622.193
2026-01-27T02:00:00+00:00,186.61,187.15,186.61,187.13,859.323
2026-01-27T03:00:00+00:00,187.11,187.23,186.98,187.17,788.84
2026-01-27T04:00:00+00:00,187.16,187.35,187.15,187.35,844.182
2026-01-27T05:00:00+00:00,187.35,187.35,187.1,187.35,441.927
2026-01-27T06:00:00+00:00,187.35,187.62,187.33,187.44,323.831
2026-01-27T07:00:00+00:00,187.43,187.6,187.36,187.56,695.309
2026-01-27T08:00:00+00:00,187.56,187.64,187.2,187.6,1722.881
2026-01-27T09:00:00+00:00,187.59,187.67,187.25,187.63,1981.69
2026-01-27T10:00:00+00:00,187.63,187.85,187.63,187.64,1097.586
2026-01-27T11:00:00+00:00,187.65,187.78,187.38,187.56,989.961
2026-01-27T12:00:00+00:00,187.56,187.9,187.18,187.19,2191.802
2026-01-27T13:00:00+00:00,187.19,187.38,187.08,187.35,1117.756
2026-01-27T14:00:00+00:00,187.35,187.79,185.82,187.68,13973.745
2026-01-27T15:00:00+00:00,187.69,190.01,187.62,189.51,18114.081
2026-01-27T16:00:00+00:00,189.57,190.42,189.42,189.85,8460.729
2026-01-27T17:00:00+00:00,189.82,190.4,189.11,189.25,5042.025
2026-01-27T18:00:00+00:00,189.25,189.87,189.05,189.48,3032.008
2026-01-27T19:00:00+00:00,189.47,189.54,189.06,189.4,2483.498
2026-01-27T20:00:00+00:00,189.39,189.84,188.63,188.63,2439.069
2026-01-27T21:00:00+00:00,188.63,189.05,188.33,188.97,3755.298
2026-01-27T22:00:00+00:00,188.96,189.17,188.84,189.04,751.016
2026-01-27T23:00:00+00:00,189.01,189.07,188.91,188.95,410.311
2026-01-28T00:00:00+00:00,188.95,189.66,188.95,189.64,1394.345
2026-01-28T01:00:00+00:00,189.62,189.65,189.29,189.34,592.493
2026-01-28T02:00:00+00:00,189.34,189.85,189.23,189.32,1119.507
2026-01-28T03:00:00+00:00,189.32,191.5,189.23,190.94,11787.586
2026-01-28T04:00:00+00:00,190.95,192.9,190.95,191.61,16956.598
2026-01-28T05:00:00+00:00,191.61,192.2,191.43,191.74,2191.76
2026-01-28T06:00:00+00:00,191.76,192.67,191.76,192.17,3808.818
2026-01-28T07:00:00+00:00,192.18,192.64,192.03,192.3,1460.637
2026-01-28T08:00:00+00:00,192.28,192.31,191.83,192.12,896.302
2026-01-28T09:00:00+00:00,192.02,192.85,191.22,191.33,2901.987
2026-01-28T10:00:00+00:00,191.29,192.19,191.14,192.15,1870.954
2026-01-28T11:00:00+00:00,192.15,192.17,191.57,191.72,1485.882
2026-01-28T12:00:00+00:00,191.68,192.8,191.22,192.52,2567.596
2026-01-28T13:00:00+00:00,192.52,192.53,191.71,191.98,3425.47
2026-01-28T14:00:00+00:00,191.91,192.7,190.59,191.91,18461.917
2026-01-28T15:00:00+00:00,191.91,192.36,190.86,191.06,6196.27
2026-01-28T16:00:00+00:00,191.02,192.13,189.94,190.42,3763.248
2026-01-28T17:00:00+00:00,190.4,191.95,190.31,191.85,3557.52
2026-01-28T18:00:00+00:00,191.71,192.06,191.42,192.03,3177.014
2026-01-28T19:00:00+00:00,192.02,192.41,191.08,191.75,3260.654
2026-01-28T20:00:00+00:00,191.71,192.3,191.06,191.56,5359.462
2026-01-28T21:00:00+00:00,191.67,193.14,191.47,192.42,14150.079
2026-01-28T22:00:00+00:00,192.36,192.57,192.0,192.19,1815.322
2026-01-28T23:00:00+00:00,192.23,192.24,190.68,190.76,2340.563
2026-01-29T00:00:00+00:00,190.73,190.8,190.07,190.26,2101.429
2026-01-29T01:00:00+00:00,190.26,190.65,190.11,190.34,1604.24
2026-01-29T02:00:00+00:00,190.37,190.6,190.2,190.22,468.865
2026-01-29T03:00:00+00:00,190.22,190.92,190.22,190.79,1838.819
2026-01-29T04:00:00+00:00,190.77,191.2,190.72,191.12,1309.449
2026-01-29T05:00:00+00:00,191.09,191.57,190.97,191.2,919.36
2026-01-29T06:00:00+00:00,191.2,191.61,191.19,191.55,357.058
2026-01-29T07:00:00+00:00,191.55,191.71,191.39,191.53,259.785
2026-01-29T08:00:00+00:00,191.5,191.52,190.99,191.37,1185.52
2026-01-29T09:00:00+00:00,191.42,191.42,190.35,190.51,6056.378
2026-01-29T10:00:00+00:00,190.49,191.25,190.3,190.92,6082.854
2026-01-29T11:00:00+00:00,190.92,191.43,190.82,191.41,1374.865
2026-01-29T12:00:00+00:00,191.41,191.63,191.14,191.15,1070.49
2026-01-29T13:00:00+00:00,191.15,191.85,191.15,191.66,1538.786
2026-01-29T14:00:00+00:00,191.65,193.68,190.3,190.97,16742.076
2026-01-29T15:00:00+00:00,190.99,190.99,186.19,186.52,34742.843
2026-01-29T16:00:00+00:00,186.51,188.59,186.17,188.36,5986.983
2026-01-29T17:00:00+00:00,188.28,190.06,188.1,189.34,16693.374
2026-01-29T18:00:00+00:00,189.35,190.7,189.35,190.59,2604.754
2026-01-29T19:00:00+00:00,190.59,190.8,190.09,190.61,2454.37
2026-01-29T20:00:00+00:00,190.59,192.74,190.46,192.47,4312.017
2026-01-29T21:00:00+00:00,192.45,192.88,191.78,192.16,2975.272
2026-01-29T22:00:00+00:00,192.13,192.23,191.17,191.24,1525.295
2026-01-29T23:00:00+00:00,191.23,191.82,190.71,191.37,1453.192
2026-01-30T00:00:00+00:00,191.36,191.56,191.1,191.17,1277.488
2026-01-30T01:00:00+00:00,191.16,191.16,190.19,190.39,2377.717
2026-01-30T02:00:00+00:00,190.39,190.48,189.01,189.93,1183.912
2026-01-30T03:00:00+00:00,189.96,190.45,189.75,189.98,994.15
2026-01-30T04:00:00+00:00,189.97,190.48,189.97,190.28,259.66
2026-01-30T05:00:00+00:00,190.27,190.38,189.96,190.19,672.133
2026-01-30T06:00:00+00:00,190.18,190.2,189.63,189.74,797.1
2026-01-30T07:00:00+00:00,189.74,190.2,189.48,189.52,1318.833
2026-01-30T08:00:00+00:00,189.5,190.13,189.28,190.13,1777.697
2026-01-30T09:00:00+00:00,190.13,190.53,188.38,188.89,3067.79
2026-01-30T10:00:00+00:00,188.99,189.84,188.86,189.64,770.053
2026-01-30T11:00:00+00:00,189.63,190.53,189.59,190.34,1679.813
2026-01-30T12:00:00+00:00,190.34,191.1,190.07,190.5,3282.088
2026-01-30T13:00:00+00:00,190.5,190.85,190.03,190.6,651.191
2026-01-30T14:00:00+00:00,190.56,193.39,190.48,191.66,20880.515
2026-01-30T15:00:00+00:00,191.64,194.75,191.29,193.69,17954.084
2026-01-30T16:00:00+00:00,193.75,193.93,191.95,192.36,9765.084
2026-01-30T17:00:00+00:00,192.38,193.02,191.64,191.81,12451.985
2026-01-30T18:00:00+00:00,191.78,191.84,190.25,191.47,13878.323
2026-01-30T19:00:00+00:00,191.43,191.83,190.67,190.67,5826.997
2026-01-30T20:00:00+00:00,190.82,191.48,189.5,191.0,15771.19
2026-01-30T21:00:00+00:00,191.29,191.32,189.19,190.37,4863.615
2026-01-30T22:00:00+00:00,190.38,191.04,189.97,190.17,4895.002
2026-01-30T23:00:00+00:00,190.16,190.49,189.88,189.88,594.537
2026-01-31T00:00:00+00:00,190.01,190.2,189.57,190.2,548.76
2026-01-31T01:00:00+00:00,190.21,190.21,189.96,190.04,326.175
2026-01-31T02:00:00+00:00,190.02,190.12,189.9,190.11,384.001
2026-01-31T03:00:00+00:00,190.1,190.2,190.05,190.2,183.432
2026-01-31T04:00:00+00:00,190.19,190.2,190.07,190.09,110.64
2026-01-31T05:00:00+00:00,190.08,190.29,190.08,190.21,342.013
2026-01-31T06:00:00+00:00,190.22,190.32,190.07,190.11,238.608
2026-01-31T07:00:00+00:00,190.1,190.34,190.1,190.15,98.358
2026-01-31T08:00:00+00:00,190.15,190.15,189.93,189.95,339.656
2026-01-31T09:00:00+00:00,189.95,190.0,189.77,189.85,863.554
2026-01-31T10:00:00+00:00,189.84,189.98,189.84,189.86,118.646
2026-01-31T11:00:00+00:00,189.86,189.88,189.63,189.71,642.991
2026-01-31T12:00:00+00:00,189.68,189.81,189.68,189.79,35.842
2026-01-31T13:00:00+00:00,189.79,189.79,189.77,189.79,24.505
2026-01-31T14:00:00+00:00,189.78,189.81,188.65,188.98,1320.747
2026-01-31T15:00:00+00:00,188.98,189.53,188.97,189.37,610.349
2026-01-31T16:00:00+00:00,189.37,189.56,188.94,189.39,1982.984
2026-01-31T17:00:00+00:00,189.39,189.47,189.1,189.18,2507.701
2026-01-31T18:00:00+00:00,189.17,189.31,188.25,188.67,2069.848
2026-01-31T19:00:00+00:00,188.67,188.71,187.49,188.4,2923.452
2026-01-31T20:00:00+00:00,188.4,188.4,187.76,188.24,397.314
2026-01-31T21:00:00+00:00,188.26,188.4,188.21,188.25,213.725
2026-01-31T22:00:00+00:00,188.25,188.39,187.59,187.82,818.927
2026-01-31T23:00:00+00:00,187.82,188.05,187.61,187.82,549.262
2026-02-01T00:00:00+00:00,187.83,188.17,187.75,187.76,574.754
2026-02-01T01:00:00+00:00,187.77,187.95,187.42,187.46,163.61
2026-02-01T02:00:00+00:00,187.47,188.16,187.44,187.92,917.111
2026-02-01T03:00:00+00:00,187.91,188.08,187.86,187.87,332.567
2026-02-01T04:00:00+00:00,187.87,188.08,187.86,188.08,152.492
2026-02-01T05:00:00+00:00,188.08,188.13,188.08,188.13,48.572
2026-02-01T06:00:00+00:00,188.13,188.13,187.97,188.11,200.964
2026-02-01T07:00:00+00:00,188.11,188.14,187.84,187.96,377.233
2026-02-01T08:00:00+00:00,187.95,187.96,187.88,187.94,112.009
2026-02-01T09:00:00+00:00,187.94,187.97,187.84,187.85,125.151
2026-02-01T10:00:00+00:00,187.85,187.91,187.71,187.75,250.806
2026-02-01T11:00:00+00:00,187.74,187.81,187.52,187.72,133.111
2026-02-01T12:00:00+00:00,187.71,187.93,187.45,187.68,275.194
2026-02-01T13:00:00+00:00,187.69,187.92,187.61,187.74,397.584
2026-02-01T14:00:00+00:00,187.74,188.13,187.29,188.05,1781.838
2026-02-01T15:00:00+00:00,188.05,188.11,187.64,187.77,462.052
2026-02-01T16:00:00+00:00,187.77,187.96,187.76,187.87,284.992
2026-02-01T17:00:00+00:00,187.85,187.92,187.74,187.75,83.679
2026-02-01T18:00:00+00:00,187.77,187.82,187.65,187.8,262.329
2026-02-01T19:00:00+00:00,187.79,188.32,187.76,188.29,531.734
2026-02-01T20:00:00+00:00,188.29,188.34,188.14,188.32,309.981
2026-02-01T21:00:00+00:00,188.32,188.44,188.13,188.23,431.011
2026-02-01T22:00:00+00:00,188.2,188.34,188.1,188.34,283.404
2026-02-01T23:00:00+00:00,188.42,189.01,187.73,188.62,3395.785
2026-02-02T00:00:00+00:00,188.63,190.36,188.32,189.69,7744.416
2026-02-02T01:00:00+00:00,189.7,190.29,187.24,187.49,4784.235
2026-02-02T02:00:00+00:00,187.55,188.04,187.38,187.48,1548.505
2026-02-02T03:00:00+00:00,187.53,187.53,186.0,186.0,3819.583
2026-02-02T04:00:00+00:00,186.0,187.39,185.11,186.99,2183.063
2026-02-02T05:00:00+00:00,187.11,187.15,185.78,186.13,542.269
2026-02-02T06:00:00+00:00,186.13,186.21,185.17,185.49,2129.235
2026-02-02T07:00:00+00:00,185.63,187.57,185.59,187.44,1492.731
2026-02-02T08:00:00+00:00,187.44,188.63,187.42,187.77,4965.715
2026-02-02T09:00:00+00:00,187.72,187.99,187.21,187.85,1602.383
2026-02-02T10:00:00+00:00,187.87,188.2,187.2,187.43,1036.395
2026-02-02T11:00:00+00:00,187.43,188.05,187.26,187.88,635.666
2026-02-02T12:00:00+00:00,187.91,189.57,187.91,189.12,1145.643
2026-02-02T13:00:00+00:00,189.12,189.26,188.08,188.48,1740.624
2026-02-02T14:00:00+00:00,188.61,188.77,186.51,186.69,16982.936
2026-02-02T15:00:00+00:00,186.64,189.35,186.49,188.66,11008.355
2026-02-02T16:00:00+00:00,188.66,189.48,187.91,189.43,4823.224
2026-02-02T17:00:00+00:00,189.36,190.07,189.11,189.85,3884.199
2026-02-02T18:00:00+00:00,189.89,190.6,189.64,190.15,24684.475
2026-02-02T19:00:00+00:00,190.11,190.2,187.54,187.59,3004.945
2026-02-02T20:00:00+00:00,187.57,187.74,185.04,185.66,4566.423
2026-02-02T21:00:00+00:00,185.7,186.74,183.65,185.12,7749.58
2026-02-02T22:00:00+00:00,185.14,187.38,185.05,186.78,1820.924
2026-02-02T23:00:00+00:00,186.65,187.07,186.25,186.31,420.142
2026-02-03T00:00:00+00:00,186.32,186.79,186.22,186.3,585.417
2026-02-03T01:00:00+00:00,186.33,187.01,186.28,186.77,2397.755
2026-02-03T02:00:00+00:00,186.68,186.68,186.05,186.15,708.286
2026-02-03T03:00:00+00:00,186.18,186.64,186.11,186.61,611.37
2026-02-03T04:00:00+00:00,186.64,186.85,186.58,186.82,494.386
2026-02-03T05:00:00+00:00,186.85,186.92,186.59,186.87,550.156
2026-02-03T06:00:00+00:00,186.81,187.16,186.67,187.12,713.784
2026-02-03T07:00:00+00:00,187.09,187.21,186.88,187.18,613.21
2026-02-03T08:00:00+00:00,187.11,187.5,186.85,186.85,1224.513
2026-02-03T09:00:00+00:00,186.91,187.17,186.26,186.64,750.116
2026-02-03T10:00:00+00:00,186.64,187.0,186.3,186.41,917.756
2026-02-03T11:00:00+00:00,186.45,186.62,186.17,186.54,324.147
2026-02-03T12:00:00+00:00,186.54,187.24,186.53,187.04,428.572
2026-02-03T13:00:00+00:00,187.04,187.28,186.84,186.99,389.129
2026-02-03T14:00:00+00:00,186.96,187.06,181.75,181.99,23913.481
2026-02-03T15:00:00+00:00,181.96,182.07,179.71,180.94,15126.21
2026-02-03T16:00:00+00:00,180.77,180.95,179.24,180.14,4883.103
2026-02-03T17:00:00+00:00,180.16,180.48,178.73,178.82,6409.966
2026-02-03T18:00:00+00:00,178.86,179.81,178.53,178.53,6143.086
2026-02-03T19:00:00+00:00,178.51,179.6,176.38,178.01,7868.243
2026-02-03T20:00:00+00:00,178.02,180.51,177.68,180.43,4312.714
2026-02-03T21:00:00+00:00,180.43,180.95,178.85,179.91,6485.913
2026-02-03T22:00:00+00:00,179.8,179.87,178.69,179.03,4076.701
2026-02-03T23:00:00+00:00,178.97,179.57,178.84,179.24,1527.427
2026-02-04T00:00:00+00:00,179.23,179.33,179.03,179.22,775.949
2026-02-04T01:00:00+00:00,179.22,180.27,179.22,179.93,2548.568
2026-02-04T02:00:00+00:00,179.98,180.39,179.7,179.79,650.456
2026-02-04T03:00:00+00:00,179.78,180.19,179.36,179.87,1234.842
2026-02-04T04:00:00+00:00,179.88,179.89,179.34,179.48,617.254
2026-02-04T05:00:00+00:00,179.45,180.01,179.42,179.71,611.159
2026-02-04T06:00:00+00:00,179.71,180.08,179.5,179.98,347.718
2026-02-04T07:00:00+00:00,179.99,180.41,179.82,180.21,1133.0
2026-02-04T08:00:00+00:00,180.19,180.19,179.44,179.8,923.826
2026-02-04T09:00:00+00:00,179.81,180.0,179.07,179.56,1593.249
2026-02-04T10:00:00+00:00,179.56,181.0,179.52,180.86,1706.579
2026-02-04T11:00:00+00:00,180.86,181.79,180.49,181.57,1903.752
2026-02-04T12:00:00+00:00,181.37,181.51,180.69,180.79,478.477
2026-02-04T13:00:00+00:00,180.79,180.88,179.55,179.66,2674.883
2026-02-04T14:00:00+00:00,179.62,180.15,177.33,177.61,10913.722
2026-02-04T15:00:00+00:00,177.87,178.24,175.8,175.93,15303.248
2026-02-04T16:00:00+00:00,176.01,176.1,173.42,174.8,5234.769
2026-02-04T17:00:00+00:00,174.75,175.36,172.01,173.25,6573.648
2026-02-04T18:00:00+00:00,173.42,174.57,172.56,174.3,13297.544
2026-02-04T19:00:00+00:00,174.36,176.23,173.92,176.14,5949.268
2026-02-04T20:00:00+00:00,176.21,176.3,174.42,174.59,18024.35
2026-02-04T21:00:00+00:00,174.54,177.81,174.49,177.52,18444.029
2026-02-04T22:00:00+00:00,177.44,178.75,177.37,177.53,4372.718
2026-02-04T23:00:00+00:00,177.48,177.86,177.16,177.24,2787.731
2026-02-05T00:00:00+00:00,177.2,178.08,177.14,177.78,1318.696
2026-02-05T01:00:00+00:00,177.68,178.55,176.78,177.01,2433.295
2026-02-05T02:00:00+00:00,177.05,177.13,175.0,175.23,3759.904
2026-02-05T03:00:00+00:00,175.18,176.08,174.96,175.15,2287.661
2026-02-05T04:00:00+00:00,175.15,176.04,174.64,176.01,2895.812
2026-02-05T05:00:00+00:00,175.99,176.51,175.33,176.12,576.57
2026-02-05T06:00:00+00:00,176.08,177.36,176.08,177.36,1404.576
2026-02-05T07:00:00+00:00,177.49,177.94,177.17,177.26,2479.348
2026-02-05T08:00:00+00:00,177.3,178.09,176.81,177.06,1758.043
2026-02-05T09:00:00+00:00,177.07,178.22,176.94,177.73,756.66
2026-02-05T10:00:00+00:00,177.65,178.49,177.62,177.86,627.673
2026-02-05T11:00:00+00:00,177.72,177.95,176.42,176.92,3200.058
2026-02-05T12:00:00+00:00,176.92,177.08,172.53,174.13,3876.404
2026-02-05T13:00:00+00:00,174.08,175.15,173.73,174.07,2380.1
2026-02-05T14:00:00+00:00,174.16,177.0,173.27,173.88,22068.224
2026-02-05T15:00:00+00:00,173.95,174.24,171.43,173.19,41527.985
2026-02-05T16:00:00+00:00,173.17,175.72,171.89,175.34,18821.685
2026-02-05T17:00:00+00:00,175.29,175.88,174.53,175.06,2455.916
2026-02-05T18:00:00+00:00,175.09,175.49,173.2,173.37,3259.845
2026-02-05T19:00:00+00:00,173.26,174.58,172.88,173.22,4297.786
2026-02-05T20:00:00+00:00,173.23,174.29,171.23,172.11,4841.225
2026-02-05T21:00:00+00:00,172.12,173.63,170.28,171.43,6532.301
2026-02-05T22:00:00+00:00,171.44,172.31,170.89,171.02,1851.711
2026-02-05T23:00:00+00:00,171.19,172.04,170.01,170.3,1580.86
2026-02-06T00:00:00+00:00,170.32,171.23,170.0,170.77,2661.528
2026-02-06T01:00:00+00:00,170.78,172.63,170.5,172.36,7073.534
2026-02-06T02:00:00+00:00,172.37,173.03,172.29,172.46,1700.144
2026-02-06T03:00:00+00:00,172.55,172.63,171.9,172.39,2058.085
2026-02-06T04:00:00+00:00,172.11,172.51,171.42,171.59,254.887
2026-02-06T05:00:00+00:00,171.65,172.85,171.55,172.85,340.872
2026-02-06T06:00:00+00:00,172.71,173.58,172.69,172.98,301.32
2026-02-06T07:00:00+00:00,172.83,173.02,172.16,172.96,860.597
2026-02-06T08:00:00+00:00,172.96,173.17,172.21,173.02,386.701
2026-02-06T09:00:00+00:00,172.92,176.24,172.89,176.22,1289.648
2026-02-06T10:00:00+00:00,176.21,177.41,175.61,177.41,13681.481
2026-02-06T11:00:00+00:00,177.4,178.04,177.18,177.6,2551.936
2026-02-06T12:00:00+00:00,177.52,177.57,176.1,176.42,2934.98
2026-02-06T13:00:00+00:00,176.42,177.92,175.85,177.24,4731.341
2026-02-06T14:00:00+00:00,177.31,181.81,175.0,180.67,41225.186
2026-02-06T15:00:00+00:00,180.66,183.1,179.54,183.01,16791.63
2026-02-06T16:00:00+00:00,182.92,184.5,182.69,183.43,6384.448
2026-02-06T17:00:00+00:00,183.27,185.33,183.11,184.71,4191.622
2026-02-06T18:00:00+00:00,184.64,185.16,184.31,184.69,2607.597
2026-02-06T19:00:00+00:00,184.69,185.16,184.27,185.05,3219.157
2026-02-06T20:00:00+00:00,185.04,187.04,184.82,185.44,5892.182
2026-02-06T21:00:00+00:00,185.57,186.21,185.24,185.62,1575.501
2026-02-06T22:00:00+00:00,185.62,185.62,185.01,185.32,1353.996
2026-02-06T23:00:00+00:00,185.28,185.65,185.14,185.47,685.523
2026-02-07T00:00:00+00:00,185.47,185.64,185.22,185.46,518.564
2026-02-07T01:00:00+00:00,185.47,185.72,185.29,185.56,404.85
2026-02-07T02:00:00+00:00,185.58,185.78,185.3,185.59,193.98
2026-02-07T03:00:00+00:00,185.58,185.77,185.03,185.5,131.129
2026-02-07T04:00:00+00:00,185.54,185.69,185.5,185.6,40.639
2026-02-07T05:00:00+00:00,185.6,185.6,185.43,185.43,45.973
2026-02-07T06:00:00+00:00,185.4,185.58,185.24,185.35,157.053
2026-02-07T07:00:00+00:00,185.29,185.86,185.17,185.4,130.664
2026-02-07T08:00:00+00:00,185.49,185.53,185.36,185.39,65.269
2026-02-07T09:00:00+00:00,185.37,185.59,185.29,185.41,56.025
2026-02-07T10:00:00+00:00,185.41,185.52,185.25,185.42,134.821
2026-02-07T11:00:00+00:00,185.41,185.42,185.23,185.23,21.599
2026-02-07T12:00:00+00:00,185.31,185.42,185.16,185.25,125.903
2026-02-07T13:00:00+00:00,185.32,185.42,185.17,185.28,91.761
2026-02-07T14:00:00+00:00,185.32,185.42,185.25,185.41,290.632
2026-02-07T15:00:00+00:00,185.41,185.42,185.09,185.36,452.831
2026-02-07T16:00:00+00:00,185.33,185.79,185.26,185.47,133.175
2026-02-07T17:00:00+00:00,185.47,185.84,185.46,185.55,475.308
2026-02-07T18:00:00+00:00,185.54,185.97,185.54,185.62,389.781
2026-02-07T19:00:00+00:00,185.64,185.72,185.63,185.72,6.879
2026-02-07T20:00:00+00:00,185.73,185.88,185.7,185.7,56.945
2026-02-07T21:00:00+00:00,185.71,185.79,185.59,185.67,64.081
2026-02-07T22:00:00+00:00,185.59,185.82,185.56,185.81,117.377
2026-02-07T23:00:00+00:00,185.81,185.81,185.47,185.58,177.363
2026-02-08T00:00:00+00:00,185.51,185.81,185.41,185.47,143.408
2026-02-08T01:00:00+00:00,185.47,185.83,185.45,185.45,110.774
2026-02-08T02:00:00+00:00,185.45,185.91,185.37,185.62,104.909
2026-02-08T03:00:00+00:00,185.59,185.75,185.48,185.61,16.095
2026-02-08T04:00:00+00:00,185.62,185.63,185.37,185.58,116.247
2026-02-08T05:00:00+00:00,185.62,185.63,185.55,185.62,75.042
2026-02-08T06:00:00+00:00,185.63,185.63,185.55,185.55,155.195
2026-02-08T07:00:00+00:00,185.62,185.63,185.36,185.36,907.342
2026-02-08T08:00:00+00:00,185.46,185.63,185.37,185.4,406.409
2026-02-08T09:00:00+00:00,185.42,185.58,185.4,185.4,296.771
2026-02-08T10:00:00+00:00,185.4,185.58,185.37,185.46,302.318
2026-02-08T11:00:00+00:00,185.48,185.85,185.45,185.61,551.561
2026-02-08T12:00:00+00:00,185.6,185.85,185.54,185.64,306.07
2026-02-08T13:00:00+00:00,185.64,185.92,185.64,185.81,180.181
2026-02-08T14:00:00+00:00,185.89,185.89,185.74,185.88,55.41
2026-02-08T15:00:00+00:00,185.88,186.22,185.83,185.9,413.181
2026-02-08T16:00:00+00:00,185.88,186.92,185.85,186.2,1676.316
2026-02-08T17:00:00+00:00,186.2,186.62,186.2,186.25,125.141
2026-02-08T18:00:00+00:00,186.25,186.42,186.25,186.25,87.941
2026-02-08T19:00:00+00:00,186.25,186.35,185.87,185.87,88.864
2026-02-08T20:00:00+00:00,185.87,185.95,185.76,185.76,205.659
2026-02-08T21:00:00+00:00,185.84,185.98,185.0,185.39,792.366
2026-02-08T22:00:00+00:00,185.43,185.79,185.23,185.45,261.062
2026-02-08T23:00:00+00:00,185.46,186.28,185.46,186.23,241.685
2026-02-09T00:00:00+00:00,186.23,187.19,186.08,186.08,482.478
2026-02-09T01:00:00+00:00,186.08,187.2,185.24,186.24,1801.519
2026-02-09T02:00:00+00:00,186.13,186.63,186.13,186.22,785.756
2026-02-09T03:00:00+00:00,186.22,186.5,185.88,185.9,182.309
2026-02-09T04:00:00+00:00,185.82,186.4,185.82,185.99,1087.499
2026-02-09T05:00:00+00:00,185.75,186.21,185.62,185.92,1283.689
2026-02-09T06:00:00+00:00,186.0,186.0,185.26,185.41,255.784
2026-02-09T07:00:00+00:00,185.4,185.44,184.66,185.18,689.962
2026-02-09T08:00:00+00:00,185.05,185.73,185.05,185.39,211.764
2026-02-09T09:00:00+00:00,185.28,185.29,183.9,184.08,1285.797
2026-02-09T10:00:00+00:00,184.12,184.2,182.93,183.92,550.039
2026-02-09T11:00:00+00:00,183.98,184.24,183.5,183.95,622.634
2026-02-09T12:00:00+00:00,183.94,184.4,183.61,183.89,384.133
2026-02-09T13:00:00+00:00,183.96,185.34,183.94,184.33,5839.901
2026-02-09T14:00:00+00:00,184.31,193.69,183.82,191.84,33740.659
2026-02-09T15:00:00+00:00,191.36,192.89,190.86,192.18,25892.31
2026-02-09T16:00:00+00:00,192.19,192.68,191.5,191.61,10343.867
2026-02-09T17:00:00+00:00,191.56,193.81,191.39,191.85,50187.132
2026-02-09T18:00:00+00:00,191.9,192.22,191.22,191.27,4220.178
2026-02-09T19:00:00+00:00,191.24,191.72,191.15,191.18,6676.644
2026-02-09T20:00:00+00:00,191.15,191.37,189.75,190.1,9458.031
2026-02-09T21:00:00+00:00,190.07,190.38,190.07,190.22,1912.735
2026-02-09T22:00:00+00:00,190.22,190.48,190.13,190.25,1243.827
2026-02-09T23:00:00+00:00,190.26,190.33,190.12,190.19,444.661
2026-02-10T00:00:00+00:00,190.18,190.33,189.78,189.97,967.035
2026-02-10T01:00:00+00:00,190.03,190.25,189.65,189.97,2533.809
2026-02-10T02:00:00+00:00,190.03,190.17,189.64,189.84,1127.33
2026-02-10T03:00:00+00:00,189.84,189.84,189.54,189.69,1990.886
2026-02-10T04:00:00+00:00,189.62,190.14,189.62,190.13,1280.892
2026-02-10T05:00:00+00:00,190.1,191.44,189.84,191.26,1915.129
2026-02-10T06:00:00+00:00,191.25,191.25,190.49,190.68,2741.121
2026-02-10T07:00:00+00:00,190.68,191.12,190.57,191.08,1290.042
2026-02-10T08:00:00+00:00,191.11,191.38,190.76,190.97,1702.964
2026-02-10T09:00:00+00:00,191.05,191.61,190.76,191.23,6888.624
2026-02-10T10:00:00+00:00,191.23,191.4,191.03,191.24,2338.431
2026-02-10T11:00:00+00:00,191.14,191.62,190.9,191.49,755.54
2026-02-10T12:00:00+00:00,191.5,192.54,191.5,191.81,7323.485
2026-02-10T13:00:00+00:00,191.82,191.9,191.32,191.8,11676.067
2026-02-10T14:00:00+00:00,191.8,192.63,188.57,189.55,45340.749
2026-02-10T15:00:00+00:00,189.55,190.44,188.24,190.25,15799.423
2026-02-10T16:00:00+00:00,190.33,190.55,189.15,189.5,5967.115
2026-02-10T17:00:00+00:00,189.51,190.65,189.47,190.46,7539.813
2026-02-10T18:00:00+00:00,190.49,190.52,189.2,189.68,9946.094
2026-02-10T19:00:00+00:00,189.62,189.76,189.01,189.27,7038.647
2026-02-10T20:00:00+00:00,189.13,189.72,188.6,188.69,5484.927
2026-02-10T21:00:00+00:00,188.77,188.92,188.55,188.84,1033.398
2026-02-10T22:00:00+00:00,188.83,188.84,188.65,188.82,621.272
2026-02-10T23:00:00+00:00,188.89,189.21,188.76,189.21,709.194
2026-02-11T00:00:00+00:00,189.21,189.21,189.01,189.11,862.173
2026-02-11T01:00:00+00:00,189.07,189.75,189.03,189.53,1046.216
2026-02-11T02:00:00+00:00,189.51,189.65,189.4,189.64,435.319
2026-02-11T03:00:00+00:00,189.65,190.05,189.4,189.87,893.006
2026-02-11T04:00:00+00:00,189.82,189.82,189.27,189.28,1410.98
2026-02-11T05:00:00+00:00,189.27,189.74,189.2,189.2,1594.524
2026-02-11T06:00:00+00:00,189.22,189.37,188.93,189.07,1020.218
2026-02-11T07:00:00+00:00,189.06,189.2,188.8,188.92,1248.802
2026-02-11T08:00:00+00:00,188.93,189.12,188.59,188.94,1414.227
2026-02-11T09:00:00+00:00,188.95,189.39,188.5,188.53,1904.987
2026-02-11T10:00:00+00:00,188.51,188.59,188.19,188.59,1916.451
2026-02-11T11:00:00+00:00,188.58,190.11,188.58,189.42,1710.326
2026-02-11T12:00:00+00:00,189.3,190.14,189.18,189.78,933.033
2026-02-11T13:00:00+00:00,189.84,192.61,189.76,192.06,9677.514
2026-02-11T14:00:00+00:00,192.05,193.36,191.16,191.49,23472.033
2026-02-11T15:00:00+00:00,191.34,192.11,188.95,191.7,19486.3
2026-02-11T16:00:00+00:00,191.79,192.33,190.88,191.12,5730.083
2026-02-11T17:00:00+00:00,191.11,192.42,190.57,191.94,5391.345
2026-02-11T18:00:00+00:00,191.97,192.11,191.16,191.92,3918.121
2026-02-11T19:00:00+00:00,191.91,192.32,191.48,191.61,7522.452
2026-02-11T20:00:00+00:00,191.63,191.7,190.12,190.12,5138.188
2026-02-11T21:00:00+00:00,190.18,190.69,189.74,190.64,2472.822
2026-02-11T22:00:00+00:00,190.65,190.69,190.3,190.59,751.482
2026-02-11T23:00:00+00:00,190.59,190.74,190.52,190.56,811.106
2026-02-12T00:00:00+00:00,190.48,190.75,190.3,190.72,693.266
2026-02-12T01:00:00+00:00,190.7,190.83,190.36,190.63,1314.501
2026-02-12T02:00:00+00:00,190.69,190.85,190.51,190.74,765.729
2026-02-12T03:00:00+00:00,190.77,190.92,190.62,190.72,670.16
2026-02-12T04:00:00+00:00,190.73,191.09,190.72,190.96,356.019
2026-02-12T05:00:00+00:00,190.99,191.04,190.84,190.97,343.634
2026-02-12T06:00:00+00:00,191.0,191.0,190.35,190.71,1195.298
2026-02-12T07:00:00+00:00,190.69,191.18,190.65,191.02,802.758
2026-02-12T08:00:00+00:00,191.06,191.32,190.73,191.18,1157.485
2026-02-12T09:00:00+00:00,191.16,191.85,190.97,191.66,1034.288
2026-02-12T10:00:00+00:00,191.65,191.71,191.33,191.56,832.083
2026-02-12T11:00:00+00:00,191.65,192.27,191.65,191.97,551.622
2026-02-12T12:00:00+00:00,191.98,192.57,191.8,192.29,418.681
2026-02-12T13:00:00+00:00,192.25,192.88,191.96,192.78,4102.188
2026-02-12T14:00:00+00:00,192.78,193.83,191.47,191.67,18379.013
2026-02-12T15:00:00+00:00,191.61,192.2,189.36,189.39,11076.917
2026-02-12T16:00:00+00:00,189.43,189.96,187.47,189.5,16875.199
2026-02-12T17:00:00+00:00,189.5,190.65,189.05,189.81,16430.763
2026-02-12T18:00:00+00:00,189.68,190.1,188.64,190.03,7916.405
2026-02-12T19:00:00+00:00,190.0,190.12,188.31,188.42,5247.876
2026-02-12T20:00:00+00:00,188.45,188.62,186.71,187.11,6836.579
2026-02-12T21:00:00+00:00,187.11,188.31,186.8,188.01,3631.835
2026-02-12T22:00:00+00:00,188.01,188.13,187.69,188.13,1276.939
2026-02-12T23:00:00+00:00,187.96,188.54,187.56,188.09,1935.321
2026-02-13T00:00:00+00:00,188.06,188.53,187.13,187.41,1530.365
2026-02-13T01:00:00+00:00,187.35,187.87,187.33,187.58,1205.151
2026-02-13T02:00:00+00:00,187.62,188.31,187.62,187.94,734.336
2026-02-13T03:00:00+00:00,188.0,188.16,187.26,187.35,512.013
2026-02-13T04:00:00+00:00,187.34,187.9,187.26,187.27,1276.454
2026-02-13T05:00:00+00:00,187.32,187.46,186.64,186.83,703.585
2026-02-13T06:00:00+00:00,186.92,187.27,186.0,186.78,1565.484
2026-02-13T07:00:00+00:00,186.77,187.48,186.72,186.9,1162.349
2026-02-13T08:00:00+00:00,186.91,187.32,186.29,187.19,1497.353
2026-02-13T09:00:00+00:00,187.2,188.5,186.63,187.91,1891.941
2026-02-13T10:00:00+00:00,187.93,188.52,187.06,187.13,713.412
2026-02-13T11:00:00+00:00,187.17,187.19,186.22,186.92,2340.557
2026-02-13T12:00:00+00:00,187.06,187.45,186.67,186.87,441.812
2026-02-13T13:00:00+00:00,186.9,188.16,186.01,187.64,2416.575
2026-02-13T14:00:00+00:00,187.57,188.24,182.32,182.59,17378.063
2026-02-13T15:00:00+00:00,182.63,185.37,182.41,183.45,15835.793
2026-02-13T16:00:00+00:00,183.58,184.86,183.0,184.05,9399.562
2026-02-13T17:00:00+00:00,184.05,185.17,183.88,184.26,22845.306
2026-02-13T18:00:00+00:00,184.31,184.98,183.82,184.3,14958.608
2026-02-13T19:00:00+00:00,184.48,184.48,183.04,183.04,10860.966
2026-02-13T20:00:00+00:00,183.06,183.52,181.79,182.97,3904.529
2026-02-13T21:00:00+00:00,182.95,183.33,182.9,183.28,1264.648
2026-02-13T22:00:00+00:00,183.25,183.28,182.99,183.17,335.503
2026-02-13T23:00:00+00:00,183.16,183.23,183.09,183.15,153.94
2026-02-14T00:00:00+00:00,183.08,183.23,182.98,183.02,762.428
2026-02-14T01:00:00+00:00,183.01,183.51,182.9,183.39,884.102
2026-02-14T02:00:00+00:00,183.3,183.38,183.16,183.17,396.095
2026-02-14T03:00:00+00:00,183.24,183.29,183.14,183.15,138.049
2026-02-14T04:00:00+00:00,183.2,183.2,183.13,183.14,148.545
2026-02-14T05:00:00+00:00,183.15,183.31,183.1,183.27,183.067
2026-02-14T06:00:00+00:00,183.26,183.33,183.14,183.32,147.614
2026-02-14T07:00:00+00:00,183.33,183.37,183.14,183.33,207.871
2026-02-14T08:00:00+00:00,183.37,183.55,183.29,183.47,261.287
2026-02-14T09:00:00+00:00,183.47,183.68,183.34,183.57,331.667
2026-02-14T10:00:00+00:00,183.61,183.71,183.5,183.54,215.238
2026-02-14T11:00:00+00:00,183.56,183.69,183.52,183.57,158.472
2026-02-14T12:00:00+00:00,183.65,183.65,183.09,183.17,1726.097
2026-02-14T13:00:00+00:00,183.2,183.41,183.14,183.27,336.849
2026-02-14T14:00:00+00:00,183.29,183.31,183.2,183.27,245.027
2026-02-14T15:00:00+00:00,183.24,183.31,183.18,183.27,125.249
2026-02-14T16:00:00+00:00,183.27,183.42,183.25,183.32,328.435
2026-02-14T17:00:00+00:00,183.32,183.47,183.27,183.3,384.108
2026-02-14T18:00:00+00:00,183.3,183.33,183.3,183.31,31.406
2026-02-14T19:00:00+00:00,183.31,183.47,183.29,183.3,150.872
2026-02-14T20:00:00+00:00,183.32,183.51,183.3,183.31,245.444
2026-02-14T21:00:00+00:00,183.31,183.47,183.3,183.35,229.419
2026-02-14T22:00:00+00:00,183.33,183.55,183.27,183.33,193.175
2026-02-14T23:00:00+00:00,183.34,183.55,183.19,183.41,251.318
2026-02-15T00:00:00+00:00,183.42,183.48,183.26,183.48,607.745
2026-02-15T01:00:00+00:00,183.48,184.05,183.27,183.42,1397.877
2026-02-15T02:00:00+00:00,183.46,183.47,183.35,183.47,236.002
2026-02-15T03:00:00+00:00,183.38,183.48,183.23,183.27,262.957
2026-02-15T04:00:00+00:00,183.25,183.38,183.2,183.21,154.943
2026-02-15T05:00:00+00:00,183.2,183.46,183.08,183.13,513.292
2026-02-15T06:00:00+00:00,183.13,183.25,183.05,183.05,227.894
2026-02-15T07:00:00+00:00,183.09,183.33,183.06,183.24,168.764
2026-02-15T08:00:00+00:00,183.24,183.32,183.19,183.23,276.478
2026-02-15T09:00:00+00:00,183.22,183.35,183.21,183.25,128.593
2026-02-15T10:00:00+00:00,183.26,183.36,183.25,183.31,128.206
2026-02-15T11:00:00+00:00,183.32,183.32,183.25,183.27,114.137
2026-02-15T12:00:00+00:00,183.27,183.28,182.35,182.95,1049.655
2026-02-15T13:00:00+00:00,182.95,182.96,182.42,182.85,1521.868
2026-02-15T14:00:00+00:00,182.85,182.86,182.8,182.8,303.742
2026-02-15T15:00:00+00:00,182.8,182.8,181.84,182.62,2441.675
2026-02-15T16:00:00+00:00,182.63,182.63,182.53,182.54,816.893
2026-02-15T17:00:00+00:00,182.54,182.54,182.24,182.33,1875.618
2026-02-15T18:00:00+00:00,182.33,182.33,182.25,182.28,898.301
2026-02-15T19:00:00+00:00,182.28,182.3,182.21,182.22,430.225
2026-02-15T20:00:00+00:00,182.21,182.26,182.12,182.2,2581.268
2026-02-15T21:00:00+00:00,182.2,182.24,182.12,182.16,824.685
2026-02-15T22:00:00+00:00,182.16,182.19,182.12,182.15,752.579
2026-02-15T23:00:00+00:00,182.16,182.19,182.01,182.15,1123.818
2026-02-16T00:00:00+00:00,182.14,182.15,182.1,182.15,678.016
2026-02-16T01:00:00+00:00,182.15,182.15,182.1,182.15,334.368
2026-02-16T02:00:00+00:00,182.15,182.38,182.14,182.38,3258.272
2026-02-16T03:00:00+00:00,182.38,182.48,182.34,182.45,352.012
2026-02-16T04:00:00+00:00,182.44,182.48,182.44,182.47,201.704
2026-02-16T05:00:00+00:00,182.48,182.73,182.47,182.58,505.323
2026-02-16T06:00:00+00:00,182.58,182.59,181.66,182.37,1121.654
2026-02-16T07:00:00+00:00,182.36,182.7,182.36,182.69,1949.724
2026-02-16T08:00:00+00:00,182.7,182.89,182.69,182.87,1069.785
2026-02-16T09:00:00+00:00,182.87,183.0,182.86,182.98,625.464
2026-02-16T10:00:00+00:00,182.99,183.0,182.89,182.9,397.733
2026-02-16T11:00:00+00:00,182.91,182.91,182.09,182.58,3174.858
2026-02-16T12:00:00+00:00,182.58,182.7,182.58,182.64,194.736
2026-02-16T13:00:00+00:00,182.65,182.7,182.63,182.64,230.227
2026-02-16T14:00:00+00:00,182.64,182.65,182.11,182.19,2242.991
2026-02-16T15:00:00+00:00,182.19,182.29,182.0,182.1,1398.855
2026-02-16T16:00:00+00:00,182.04,182.1,181.8,181.81,1371.168
2026-02-16T17:00:00+00:00,181.8,181.94,181.74,181.76,808.516
2026-02-16T18:00:00+00:00,181.77,181.86,181.58,181.65,427.314
2026-02-16T19:00:00+00:00,181.64,181.67,181.56,181.57,1561.799
2026-02-16T20:00:00+00:00,181.56,181.57,181.55,181.55,496.656
2026-02-16T21:00:00+00:00,181.55,181.56,181.12,181.52,1554.371
2026-02-16T22:00:00+00:00,181.51,181.64,181.27,181.45,1526.947
2026-02-16T23:00:00+00:00,181.45,182.23,181.45,182.18,1268.714
2026-02-17T00:00:00+00:00,182.18,182.5,182.1,182.26,689.994
2026-02-17T01:00:00+00:00,182.22,184.27,181.82,181.98,5736.848
2026-02-17T02:00:00+00:00,181.98,182.44,181.55,181.93,1306.875
2026-02-17T03:00:00+00:00,181.88,181.92,181.0,181.16,1122.543
2026-02-17T04:00:00+00:00,181.03,181.5,180.89,181.4,1060.157
2026-02-17T05:00:00+00:00,181.45,181.52,180.73,180.98,1079.155
2026-02-17T06:00:00+00:00,181.01,181.89,180.98,181.87,1233.871
2026-02-17T07:00:00+00:00,181.87,182.14,181.31,182.03,521.576
2026-02-17T08:00:00+00:00,182.07,182.6,181.63,181.79,682.996
2026-02-17T09:00:00+00:00,181.7,182.13,181.35,181.94,2298.89
2026-02-17T10:00:00+00:00,182.01,182.13,180.78,180.98,1586.026
2026-02-17T11:00:00+00:00,180.96,181.56,180.45,181.26,2923.665
2026-02-17T12:00:00+00:00,181.37,181.9,181.11,181.17,908.438
2026-02-17T13:00:00+00:00,181.15,181.68,180.37,181.22,3680.415
2026-02-17T14:00:00+00:00,181.22,183.45,179.4,179.43,30587.533
2026-02-17T15:00:00+00:00,179.33,181.99,179.27,181.82,22834.661
2026-02-17T16:00:00+00:00,181.88,184.66,181.88,184.14,11338.214
2026-02-17T17:00:00+00:00,184.12,184.92,183.63,184.92,8149.303
2026-02-17T18:00:00+00:00,184.89,186.04,184.31,185.72,17906.086
2026-02-17T19:00:00+00:00,185.72,187.26,185.68,186.1,6450.537
2026-02-17T20:00:00+00:00,186.13,186.32,184.52,185.15,6329.859
2026-02-17T21:00:00+00:00,185.11,188.56,184.76,187.09,4488.357
2026-02-17T22:00:00+00:00,186.91,187.13,186.43,186.71,2627.839
2026-02-17T23:00:00+00:00,186.71,186.84,185.65,185.84,1666.677
2026-02-18T00:00:00+00:00,185.79,186.75,185.79,186.6,605.258
2026-02-18T01:00:00+00:00,186.51,186.64,186.06,186.49,1957.954
2026-02-18T02:00:00+00:00,186.5,187.0,186.33,186.97,643.517
2026-02-18T03:00:00+00:00,186.95,187.48,186.6,187.44,450.881
2026-02-18T04:00:00+00:00,187.45,187.9,187.27,187.9,685.148
2026-02-18T05:00:00+00:00,187.9,188.23,187.54,187.54,1443.991
2026-02-18T06:00:00+00:00,187.56,187.59,187.22,187.41,345.543
2026-02-18T07:00:00+00:00,187.41,187.45,187.03,187.22,188.071
2026-02-18T08:00:00+00:00,187.22,187.84,187.22,187.74,447.301
2026-02-18T09:00:00+00:00,187.79,188.65,187.58,188.39,2182.681
2026-02-18T10:00:00+00:00,188.33,188.84,188.02,188.08,1650.992
2026-02-18T11:00:00+00:00,188.11,188.83,188.0,188.73,3857.005
2026-02-18T12:00:00+00:00,188.57,189.35,188.38,188.68,2355.71
2026-02-18T13:00:00+00:00,188.73,189.48,188.24,188.41,3671.355
2026-02-18T14:00:00+00:00,188.49,189.23,187.51,188.85,15305.331
2026-02-18T15:00:00+00:00,188.85,190.85,188.85,190.37,71534.083
2026-02-18T16:00:00+00:00,190.32,190.79,188.89,189.0,46061.843
2026-02-18T17:00:00+00:00,188.97,189.63,188.86,189.23,3480.733
2026-02-18T18:00:00+00:00,189.29,189.86,188.31,188.99,3349.91
2026-02-18T19:00:00+00:00,188.92,189.23,187.02,187.16,5027.353
2026-02-18T20:00:00+00:00,187.16,188.53,186.85,187.93,19256.237
2026-02-18T21:00:00+00:00,187.95,188.32,187.73,187.81,1223.681
2026-02-18T22:00:00+00:00,187.84,188.5,187.8,188.5,323.643
2026-02-18T23:00:00+00:00,188.47,188.5,187.99,188.19,3507.593
2026-02-19T00:00:00+00:00,188.16,188.2,187.9,187.9,940.736
2026-02-19T01:00:00+00:00,188.0,188.51,187.85,188.15,2857.362
2026-02-19T02:00:00+00:00,188.2,188.31,188.04,188.29,700.469
2026-02-19T03:00:00+00:00,188.31,188.64,188.15,188.37,813.151
2026-02-19T04:00:00+00:00,188.37,188.51,188.18,188.24,489.049
2026-02-19T05:00:00+00:00,188.24,188.78,188.06,188.61,1300.924
2026-02-19T06:00:00+00:00,188.62,189.13,188.49,189.06,930.677
2026-02-19T07:00:00+00:00,189.09,189.2,188.82,188.96,682.734
2026-02-19T08:00:00+00:00,189.0,189.48,188.25,188.41,6763.16
2026-02-19T09:00:00+00:00,188.42,188.67,187.29,187.76,1096.363
2026-02-19T10:00:00+00:00,187.76,187.76,187.11,187.46,1163.821
2026-02-19T11:00:00+00:00,187.48,187.62,187.19,187.41,601.253
2026-02-19T12:00:00+00:00,187.4,187.85,187.03,187.45,773.705
2026-02-19T13:00:00+00:00,187.5,187.63,187.11,187.23,1224.805
2026-02-19T14:00:00+00:00,187.21,187.46,185.88,186.85,19197.539
2026-02-19T15:00:00+00:00,186.76,188.7,186.5,188.05,36088.324
2026-02-19T16:00:00+00:00,187.98,188.06,186.63,186.85,6285.743
2026-02-19T17:00:00+00:00,186.82,187.13,185.96,186.08,6123.359
2026-02-19T18:00:00+00:00,186.03,186.87,186.01,186.85,2942.304
2026-02-19T19:00:00+00:00,186.88,187.31,186.61,186.81,5573.147
2026-02-19T20:00:00+00:00,186.8,188.1,186.8,188.1,2305.674
2026-02-19T21:00:00+00:00,188.08,188.36,187.51,187.56,952.581
2026-02-19T22:00:00+00:00,187.54,187.71,187.27,187.35,796.598
2026-02-19T23:00:00+00:00,187.35,187.71,187.3,187.62,489.114
2026-02-20T00:00:00+00:00,187.57,188.19,187.46,188.15,1793.457
2026-02-20T01:00:00+00:00,188.13,188.35,187.87,187.9,1265.387
2026-02-20T02:00:00+00:00,187.96,188.09,187.7,187.7,1411.719
2026-02-20T03:00:00+00:00,187.76,188.0,187.7,187.89,162.732
2026-02-20T04:00:00+00:00,187.84,188.1,187.83,187.83,161.627
2026-02-20T05:00:00+00:00,187.78,188.52,187.78,188.32,7536.293
2026-02-20T06:00:00+00:00,188.32,188.57,188.1,188.2,7513.398
2026-02-20T07:00:00+00:00,188.21,188.45,188.04,188.1,4575.506
2026-02-20T08:00:00+00:00,188.05,188.33,187.89,188.29,2785.094
2026-02-20T09:00:00+00:00,188.25,189.18,188.14,188.79,2072.403
2026-02-20T10:00:00+00:00,188.82,189.11,188.44,188.49,917.286
2026-02-20T11:00:00+00:00,188.41,188.42,187.53,187.53,1084.021
2026-02-20T12:00:00+00:00,187.64,187.74,186.88,187.45,1191.83
2026-02-20T13:00:00+00:00,187.44,187.59,186.5,186.82,2102.708
2026-02-20T14:00:00+00:00,186.84,188.89,186.16,187.74,12181.91
2026-02-20T15:00:00+00:00,187.82,190.25,186.67,190.14,32924.874
2026-02-20T16:00:00+00:00,190.16,190.41,188.71,189.84,17218.056
2026-02-20T17:00:00+00:00,189.86,189.96,187.69,188.89,21605.206
2026-02-20T18:00:00+00:00,188.89,190.08,188.3,189.99,10281.063
2026-02-20T19:00:00+00:00,189.98,190.23,189.1,189.35,3543.678
2026-02-20T20:00:00+00:00,189.38,190.06,189.31,189.94,2050.872
2026-02-20T21:00:00+00:00,189.91,190.02,189.49,189.71,2694.355
2026-02-20T22:00:00+00:00,189.71,190.23,189.63,190.15,1039.118
2026-02-20T23:00:00+00:00,190.14,190.18,189.97,190.09,1328.887
2026-02-21T00:00:00+00:00,190.09,190.25,189.99,190.18,671.029
2026-02-21T01:00:00+00:00,190.12,191.0,189.69,190.2,1377.117
2026-02-21T02:00:00+00:00,190.23,190.63,190.17,190.31,578.391
2026-02-21T03:00:00+00:00,190.4,190.56,190.33,190.56,396.398
2026-02-21T04:00:00+00:00,190.51,190.57,190.31,190.51,541.758
2026-02-21T05:00:00+00:00,190.48,190.66,190.23,190.43,542.519
2026-02-21T06:00:00+00:00,190.38,190.49,190.31,190.46,349.53
2026-02-21T07:00:00+00:00,190.46,190.7,190.4,190.42,592.781
2026-02-21T08:00:00+00:00,190.42,190.54,190.4,190.44,273.907
2026-02-21T09:00:00+00:00,190.42,190.57,190.34,190.42,394.693
2026-02-21T10:00:00+00:00,190.42,190.54,190.37,190.42,341.963
2026-02-21T11:00:00+00:00,190.42,190.44,190.39,190.4,173.794
2026-02-21T12:00:00+00:00,190.4,190.51,190.4,190.45,154.596
2026-02-21T13:00:00+00:00,190.46,190.53,190.4,190.48,216.795
2026-02-21T14:00:00+00:00,190.48,190.94,190.41,190.51,947.688
2026-02-21T15:00:00+00:00,190.52,190.61,190.39,190.52,225.647
2026-02-21T16:00:00+00:00,190.52,190.68,190.49,190.49,97.617
2026-02-21T17:00:00+00:00,190.5,190.5,190.38,190.44,81.694
2026-02-21T18:00:00+00:00,190.45,190.51,190.08,190.35,702.798
2026-02-21T19:00:00+00:00,190.34,190.43,190.12,190.15,356.684
2026-02-21T20:00:00+00:00,190.15,190.31,190.04,190.07,161.333
2026-02-21T21:00:00+00:00,190.04,190.16,189.93,190.09,216.836
2026-02-21T22:00:00+00:00,190.09,190.12,189.77,189.96,662.243
2026-02-21T23:00:00+00:00,189.97,191.53,189.89,190.2,1514.874
2026-02-22T00:00:00+00:00,190.16,190.31,190.03,190.16,107.049
2026-02-22T01:00:00+00:00,190.16,190.22,190.12,190.18,10.573
2026-02-22T02:00:00+00:00,190.18,190.27,190.02,190.11,113.494
2026-02-22T03:00:00+00:00,190.05,190.17,189.98,190.07,302.115
2026-02-22T04:00:00+00:00,190.06,190.18,189.91,190.08,421.235
2026-02-22T05:00:00+00:00,190.05,191.22,190.02,190.33,699.269
2026-02-22T06:00:00+00:00,190.3,190.4,190.21,190.3,235.889
2026-02-22T07:00:00+00:00,190.32,190.44,190.2,190.37,491.518
2026-02-22T08:00:00+00:00,190.35,190.54,190.28,190.31,599.019
2026-02-22T09:00:00+00:00,190.31,190.31,190.19,190.21,555.089
2026-02-22T10:00:00+00:00,190.21,190.29,189.74,190.11,1412.074
2026-02-22T11:00:00+00:00,190.11,191.16,190.07,190.25,1225.185
2026-02-22T12:00:00+00:00,190.26,190.28,190.13,190.14,441.269
2026-02-22T13:00:00+00:00,190.14,190.15,190.09,190.12,251.693
2026-02-22T14:00:00+00:00,190.12,190.12,190.01,190.02,125.566
2026-02-22T15:00:00+00:00,190.02,190.11,190.01,190.03,94.008
2026-02-22T16:00:00+00:00,190.03,190.11,189.97,189.97,222.219
2026-02-22T17:00:00+00:00,189.97,190.01,189.71,189.86,1646.912
2026-02-22T18:00:00+00:00,189.87,189.9,189.79,189.88,512.751
2026-02-22T19:00:00+00:00,189.88,189.97,189.79,189.85,173.124
2026-02-22T20:00:00+00:00,189.89,190.08,189.85,189.96,333.467
2026-02-22T21:00:00+00:00,189.99,190.05,189.86,190.03,188.352
2026-02-22T22:00:00+00:00,190.03,191.53,189.9,190.42,847.717
2026-02-22T23:00:00+00:00,190.3,190.3,189.5,189.78,3495.774
2026-02-23T00:00:00+00:00,189.75,189.82,187.84,188.81,4704.031
2026-02-23T01:00:00+00:00,188.81,188.84,188.04,188.11,6096.049
2026-02-23T02:00:00+00:00,188.05,188.32,187.66,188.06,11573.405
2026-02-23T03:00:00+00:00,188.07,188.37,187.84,188.22,1514.375
2026-02-23T04:00:00+00:00,188.26,188.32,188.01,188.15,1710.258
2026-02-23T05:00:00+00:00,188.14,188.18,187.85,188.07,1409.205
2026-02-23T06:00:00+00:00,188.06,188.61,188.04,188.61,1537.923
2026-02-23T07:00:00+00:00,188.62,189.33,188.61,189.0,1513.399
2026-02-23T08:00:00+00:00,189.02,189.22,188.67,189.03,1204.303
2026-02-23T09:00:00+00:00,189.03,190.71,189.02,190.5,3442.617
2026-02-23T10:00:00+00:00,190.39,190.51,189.44,190.26,810.369
2026-02-23T11:00:00+00:00,190.19,190.24,189.25,189.4,677.006
2026-02-23T12:00:00+00:00,189.39,189.81,189.31,189.65,1371.895
2026-02-23T13:00:00+00:00,189.65,191.13,189.59,190.9,1852.094
2026-02-23T14:00:00+00:00,190.94,194.04,190.59,193.27,15326.416
2026-02-23T15:00:00+00:00,193.2,193.51,190.32,190.33,10571.132
2026-02-23T16:00:00+00:00,190.38,191.35,189.66,190.77,8532.91
2026-02-23T17:00:00+00:00,190.78,191.39,189.85,191.13,8108.136
2026-02-23T18:00:00+00:00,191.04,191.89,190.94,190.97,1131.289
2026-02-23T19:00:00+00:00,191.05,191.37,190.29,190.62,6646.991
2026-02-23T20:00:00+00:00,190.57,191.76,190.36,191.69,5957.978
2026-02-23T21:00:00+00:00,191.75,192.08,191.57,191.98,1236.187
2026-02-23T22:00:00+00:00,192.01,192.07,191.74,191.77,142.412
2026-02-23T23:00:00+00:00,191.83,192.12,191.73,191.81,365.693
2026-02-24T00:00:00+00:00,191.9,192.25,191.64,192.24,1733.504
2026-02-24T01:00:00+00:00,192.13,193.29,192.06,192.21,4596.456
2026-02-24T02:00:00+00:00,192.21,192.85,192.13,192.66,2126.18
2026-02-24T03:00:00+00:00,192.64,193.28,192.59,193.08,2184.687
2026-02-24T04:00:00+00:00,193.1,193.28,192.92,193.22,3743.988
2026-02-24T05:00:00+00:00,193.24,193.29,192.83,192.94,15562.27
2026-02-24T06:00:00+00:00,192.93,193.3,192.84,193.14,20679.048
2026-02-24T07:00:00+00:00,193.14,193.82,193.04,193.4,18747.49
2026-02-24T08:00:00+00:00,193.2,193.45,192.83,193.2,20091.799
2026-02-24T09:00:00+00:00,193.08,193.31,192.29,192.79,4323.445
2026-02-24T10:00:00+00:00,192.77,193.03,192.48,192.76,1146.982
2026-02-24T11:00:00+00:00,192.72,193.24,192.41,192.51,7504.353
2026-02-24T12:00:00+00:00,192.5,192.52,189.24,190.35,10209.101
2026-02-24T13:00:00+00:00,190.33,191.34,190.03,191.06,4409.13
2026-02-24T14:00:00+00:00,191.02,192.24,187.65,189.96,25058.663
2026-02-24T15:00:00+00:00,189.92,192.85,189.83,192.35,11968.539
2026-02-24T16:00:00+00:00,192.35,193.52,192.06,193.14,9916.828
2026-02-24T17:00:00+00:00,193.17,193.95,193.05,193.2,13876.468
2026-02-24T18:00:00+00:00,193.24,193.53,192.76,192.86,21084.539
2026-02-24T19:00:00+00:00,192.86,193.5,192.36,192.98,11274.109
2026-02-24T20:00:00+00:00,192.95,193.93,192.78,193.01,8366.842
2026-02-24T21:00:00+00:00,193.01,193.01,192.61,192.79,1613.676
2026-02-24T22:00:00+00:00,192.79,192.8,192.57,192.74,958.188
2026-02-24T23:00:00+00:00,192.74,193.01,192.59,193.01,972.675
2026-02-25T00:00:00+00:00,193.01,193.45,192.91,193.2,805.263
2026-02-25T01:00:00+00:00,193.2,193.85,193.08,193.72,2144.578
2026-02-25T02:00:00+00:00,193.75,194.0,193.55,193.87,1369.742
2026-02-25T03:00:00+00:00,193.88,193.89,193.32,193.6,832.423
2026-02-25T04:00:00+00:00,193.63,193.67,193.42,193.44,309.498
2026-02-25T05:00:00+00:00,193.5,193.64,193.38,193.54,713.178
2026-02-25T06:00:00+00:00,193.6,193.88,193.52,193.7,2785.607
2026-02-25T07:00:00+00:00,193.7,193.78,193.52,193.77,1966.993
2026-02-25T08:00:00+00:00,193.77,194.16,193.7,193.93,3039.963
2026-02-25T09:00:00+00:00,193.87,194.21,193.65,193.98,3800.138
2026-02-25T10:00:00+00:00,193.98,194.22,193.89,194.22,2159.562
2026-02-25T11:00:00+00:00,194.22,194.93,194.17,194.77,4698.793
2026-02-25T12:00:00+00:00,194.72,194.74,194.26,194.47,2430.161
2026-02-25T13:00:00+00:00,194.5,194.9,194.44,194.63,3004.858
2026-02-25T14:00:00+00:00,194.72,196.18,193.89,196.07,17167.043
2026-02-25T15:00:00+00:00,196.07,196.95,195.39,196.35,16350.266
2026-02-25T16:00:00+00:00,196.34,197.45,195.91,197.3,22852.63
2026-02-25T17:00:00+00:00,197.37,197.89,197.1,197.16,14212.595
2026-02-25T18:00:00+00:00,197.17,197.21,196.67,196.71,19613.209
2026-02-25T19:00:00+00:00,196.76,198.87,196.75,197.6,51103.296
2026-02-25T20:00:00+00:00,197.43,197.55,195.62,195.83,22954.862
2026-02-25T21:00:00+00:00,195.82,203.58,193.42,201.08,108572.507
2026-02-25T22:00:00+00:00,201.18,201.69,195.37,197.49,24731.199
2026-02-25T23:00:00+00:00,197.38,198.48,192.65,196.04,26694.685
2026-02-26T00:00:00+00:00,195.97,196.16,193.76,195.86,20597.748
2026-02-26T01:00:00+00:00,195.76,196.26,194.92,195.26,3273.985
2026-02-26T02:00:00+00:00,195.27,195.39,194.88,195.17,1118.554
2026-02-26T03:00:00+00:00,195.19,195.46,195.08,195.23,2699.798
2026-02-26T04:00:00+00:00,195.21,196.01,195.21,195.73,1578.212
2026-02-26T05:00:00+00:00,195.73,196.39,195.5,196.28,747.071
2026-02-26T06:00:00+00:00,196.31,198.4,196.27,198.38,9392.911
2026-02-26T07:00:00+00:00,198.35,198.76,197.84,198.35,3791.411
2026-02-26T08:00:00+00:00,198.36,198.44,197.38,197.67,3063.797
2026-02-26T09:00:00+00:00,197.56,199.17,197.37,199.1,6758.735
2026-02-26T10:00:00+00:00,199.06,199.11,196.8,197.3,3387.988
2026-02-26T11:00:00+00:00,197.32,198.37,196.36,197.97,4414.054
2026-02-26T12:00:00+00:00,197.86,198.94,197.45,197.9,27427.391
2026-02-26T13:00:00+00:00,197.83,198.53,197.04,197.48,11100.136
2026-02-26T14:00:00+00:00,197.5,197.86,188.33,189.63,87618.195
2026-02-26T15:00:00+00:00,189.63,189.96,184.71,186.44,163236.269
2026-02-26T16:00:00+00:00,186.47,188.5,185.94,186.04,29330.071
2026-02-26T17:00:00+00:00,186.04,188.21,185.9,186.84,19289.329
2026-02-26T18:00:00+00:00,186.89,186.89,184.84,185.24,23428.52
2026-02-26T19:00:00+00:00,185.25,186.73,184.95,185.5,29150.747
2026-02-26T20:00:00+00:00,185.47,185.64,184.4,185.13,17112.699
2026-02-26T21:00:00+00:00,185.11,185.76,184.64,185.45,16210.028
2026-02-26T22:00:00+00:00,185.58,185.98,185.09,185.52,12070.995
2026-02-26T23:00:00+00:00,185.52,185.81,184.64,185.56,19529.294
2026-02-27T00:00:00+00:00,185.56,185.64,185.05,185.3,10821.518
2026-02-27T01:00:00+00:00,185.37,186.15,185.27,185.5,2964.726
2026-02-27T02:00:00+00:00,185.5,185.8,184.99,185.72,3462.067
2026-02-27T03:00:00+00:00,185.66,186.06,185.65,185.8,2352.36
2026-02-27T04:00:00+00:00,185.8,186.12,185.4,185.91,3965.322
2026-02-27T05:00:00+00:00,185.98,186.5,185.91,186.32,1114.262
2026-02-27T06:00:00+00:00,186.37,186.37,185.35,185.86,3552.539
2026-02-27T07:00:00+00:00,185.89,186.7,185.86,186.6,7804.123
2026-02-27T08:00:00+00:00,186.6,186.71,186.17,186.28,3637.179
2026-02-27T09:00:00+00:00,186.26,186.81,185.87,186.11,3227.13
2026-02-27T10:00:00+00:00,186.09,186.18,185.51,185.65,3648.959
2026-02-27T11:00:00+00:00,185.65,185.81,184.49,184.91,4823.318
2026-02-27T12:00:00+00:00,184.8,184.97,183.5,183.8,4027.128
2026-02-27T13:00:00+00:00,183.78,184.28,181.67,182.65,26604.634
2026-02-27T14:00:00+00:00,182.76,183.01,179.81,180.02,52422.234
2026-02-27T15:00:00+00:00,180.02,182.85,180.02,181.72,29541.105
2026-02-27T16:00:00+00:00,181.67,182.19,180.34,180.5,18471.689
2026-02-27T17:00:00+00:00,180.59,180.87,179.16,180.06,12469.097
2026-02-27T18:00:00+00:00,179.96,180.06,178.21,178.54,7548.255
2026-02-27T19:00:00+00:00,178.51,179.83,178.25,179.57,7198.495
2026-02-27T20:00:00+00:00,179.52,179.55,176.56,177.27,21342.558
2026-02-27T21:00:00+00:00,177.27,177.82,177.2,177.65,5956.789
2026-02-27T22:00:00+00:00,177.73,178.45,177.73,178.09,2287.224
2026-02-27T23:00:00+00:00,178.11,178.2,177.9,178.16,4783.852
2026-02-28T00:00:00+00:00,178.14,178.28,177.66,177.88,2172.838
2026-02-28T01:00:00+00:00,177.89,178.18,177.76,177.9,1341.254
2026-02-28T02:00:00+00:00,177.84,178.15,177.76,178.02,4418.415
2026-02-28T03:00:00+00:00,177.95,178.39,177.95,178.07,2433.344
2026-02-28T04:00:00+00:00,178.0,178.44,177.96,178.24,2005.977
2026-02-28T05:00:00+00:00,178.23,178.39,177.97,178.2,1417.171
2026-02-28T06:00:00+00:00,178.2,178.21,177.21,177.81,12183.356
2026-02-28T07:00:00+00:00,177.69,177.82,177.28,177.35,3928.793
2026-02-28T08:00:00+00:00,177.35,177.77,176.39,177.45,9915.295
2026-02-28T09:00:00+00:00,177.46,177.58,176.68,176.82,3240.476
2026-02-28T10:00:00+00:00,176.81,177.06,175.7,176.44,5758.881
2026-02-28T11:00:00+00:00,176.43,176.93,175.86,176.6,3586.858
2026-02-28T12:00:00+00:00,176.67,177.12,176.46,176.79,2366.698
2026-02-28T13:00:00+00:00,176.79,177.74,176.29,177.57,5196.07
2026-02-28T14:00:00+00:00,177.56,177.58,176.2,176.83,5249.827
2026-02-28T15:00:00+00:00,176.81,177.56,176.39,177.08,3778.53
2026-02-28T16:00:00+00:00,177.16,177.45,175.97,176.9,5721.56
2026-02-28T17:00:00+00:00,176.89,177.13,176.34,177.11,4037.594
2026-02-28T18:00:00+00:00,177.1,177.13,176.74,176.86,748.97
2026-02-28T19:00:00+00:00,176.85,177.01,176.65,176.9,1328.168
2026-02-28T20:00:00+00:00,176.9,178.53,176.9,178.13,3476.813
2026-02-28T21:00:00+00:00,178.05,178.37,178.01,178.27,1424.275
2026-02-28T22:00:00+00:00,178.28,180.75,178.26,178.8,3735.116
2026-02-28T23:00:00+00:00,178.93,179.1,178.29,178.48,2045.358
2026-03-01T00:00:00+00:00,178.45,179.04,178.21,178.64,2095.78
2026-03-01T01:00:00+00:00,178.61,179.34,178.19,178.51,3791.922
2026-03-01T02:00:00+00:00,178.51,179.16,178.48,178.95,3130.508
2026-03-01T03:00:00+00:00,178.93,180.11,178.6,179.39,6220.875
2026-03-01T04:00:00+00:00,179.39,179.74,179.0,179.73,4271.651
2026-03-01T05:00:00+00:00,179.71,179.99,179.48,179.87,3940.407
2026-03-01T06:00:00+00:00,179.79,180.76,179.32,180.21,3066.298
2026-03-01T07:00:00+00:00,180.11,180.91,179.75,179.97,4022.449
2026-03-01T08:00:00+00:00,180.04,180.42,179.46,180.19,2799.617
2026-03-01T09:00:00+00:00,180.26,180.76,179.4,179.64,2973.509
2026-03-01T10:00:00+00:00,179.53,179.74,178.63,179.62,2799.534
2026-03-01T11:00:00+00:00,179.61,179.83,178.96,179.31,2291.159
2026-03-01T12:00:00+00:00,179.3,179.46,179.06,179.41,873.906
2026-03-01T13:00:00+00:00,179.39,179.5,178.01,178.47,5832.493
2026-03-01T14:00:00+00:00,178.47,179.04,178.01,178.67,5042.879
2026-03-01T15:00:00+00:00,178.72,179.54,178.3,178.87,5531.785
2026-03-01T16:00:00+00:00,178.89,179.1,178.22,178.73,5509.787
