datetime,funding_rate,premium
2026-01-06T15:00:00.076000+00:00,0.00000625,0.0002451466
2026-01-06T16:00:00.036000+00:00,0.0000160616,0.0005569863
2026-01-06T17:00:00.012000+00:00,0.0000384907,0.000915852
2026-01-06T18:00:00.001000+00:00,0.00000625,-0.0000086622
2026-01-06T19:00:00.037000+00:00,0.000036763,0.0008882079
2026-01-06T20:00:00.018000+00:00,0.0001603396,0.0028654333
2026-01-06T21:00:00.062000+00:00,0.00000625,0.0002064573
2026-01-06T22:00:00.005000+00:00,0.00000625,0.0000877873
2026-01-06T23:00:00.008000+00:00,0.0000625589,0.0013009421
2026-01-07T00:00:00.119000+00:00,0.0000098878,0.0004582047
2026-01-07T01:00:00.007000+00:00,0.00000625,0.0003566222
2026-01-07T02:00:00.010000+00:00,0.00000625,-0.0001553476
2026-01-07T03:00:00.017000+00:00,0.00000625,0.0000059787
2026-01-07T04:00:00.033000+00:00,0.00000625,-0.0000104755
2026-01-07T05:00:00.087000+00:00,0.00000625,-0.0000036215
2026-01-07T06:00:00.009000+00:00,0.00000625,0.0000602999
2026-01-07T07:00:00.014000+00:00,0.00000625,0.0001010555
2026-01-07T08:00:00.062000+00:00,0.00000625,-0.0001210743
2026-01-07T09:00:00.082000+00:00,0.000005762,-0.0002078076
2026-01-07T10:00:00.029000+00:00,0.00000625,0.0000233694
2026-01-07T11:00:00.048000+00:00,0.00000625,-0.000129194
2026-01-07T12:00:00.096000+00:00,0.00000625,0.00031252
2026-01-07T13:00:00.074000+00:00,0.0000021933,-0.0002649069
2026-01-07T14:00:00.040000+00:00,0.0000290733,0.0007651729
2026-01-07T15:00:00.099000+00:00,0.00000625,-0.0001997993
2026-01-07T16:00:00.081000+00:00,0.00000625,0.0000995495
2026-01-07T17:00:00.013000+00:00,0.00000625,0.0000679736
2026-01-07T18:00:00.014000+00:00,0.0000185756,0.00059721
2026-01-07T19:00:00.055000+00:00,0.00000625,-0.0000953901
2026-01-07T20:00:00.113000+00:00,0.00000625,-0.0000570138
2026-01-07T21:00:00.117000+00:00,0.00000625,0.000020364
2026-01-07T22:00:00.043000+00:00,0.0000025858,-0.0002586265
2026-01-07T23:00:00.090000+00:00,-0.0000105135,-0.0004682167
2026-01-08T00:00:00.001000+00:00,0.0000403518,0.0009456287
2026-01-08T01:00:00.035000+00:00,0.0000047546,-0.0002239271
2026-01-08T02:00:00.029000+00:00,0.0000007904,-0.0002873542
2026-01-08T03:00:00.014000+00:00,0.0000060906,-0.00020255
2026-01-08T04:00:00.069000+00:00,-0.0000114623,-0.0004833962
2026-01-08T05:00:00.155000+00:00,-0.0000043447,-0.0003695149
2026-01-08T06:00:00.094000+00:00,0.00000625,-0.0000421338
2026-01-08T07:00:00.010000+00:00,0.000039198,0.0009271678
2026-01-08T08:00:00.089000+00:00,0.000006623,0.0004059682
2026-01-08T09:00:00.077000+00:00,0.00000625,-0.0000512328
2026-01-08T10:00:00.037000+00:00,0.00000625,0.000032782
2026-01-08T11:00:00.015000+00:00,0.00000625,0.0001383746
2026-01-08T12:00:00.137000+00:00,0.00000625,0.0000693886
2026-01-08T13:00:00.040000+00:00,0.00000625,0.0000267043
2026-01-08T14:00:00+00:00,0.00000625,0.0001192457
2026-01-08T15:00:00.106000+00:00,0.00000625,0.0001937887
2026-01-08T16:00:00.063000+00:00,0.00000625,0.0000849602
2026-01-08T17:00:00.004000+00:00,0.00000625,0.0000962239
2026-01-08T18:00:00.008000+00:00,0.00000625,0.000359211
2026-01-08T19:00:00.013000+00:00,0.00000625,0.0002735613
2026-01-08T20:00:00.098000+00:00,0.00000625,0.0003651937
2026-01-08T21:00:00.116000+00:00,0.0000247744,0.0006963896
2026-01-08T22:00:00.008000+00:00,0.0000096605,0.0004545685
2026-01-08T23:00:00.085000+00:00,-0.0002140664,-0.0037250623
2026-01-09T00:00:00.020000+00:00,0.00000625,-0.0000008169
2026-01-09T01:00:00.016000+00:00,0.00000625,0.000031853
2026-01-09T02:00:00.063000+00:00,0.00000625,0.0000326395
2026-01-09T03:00:00.059000+00:00,0.00000625,0.000044546
2026-01-09T04:00:00.100000+00:00,0.00000625,0.0001180733
2026-01-09T05:00:00.158000+00:00,0.00000625,0.000022394
2026-01-09T06:00:00.046000+00:00,0.00000625,0.0000291334
2026-01-09T07:00:00.012000+00:00,0.00000625,0.0000332911
2026-01-09T08:00:00.028000+00:00,0.00000625,0.0003254531
2026-01-09T09:00:00.072000+00:00,0.000064433,0.0013309283
2026-01-09T10:00:00.077000+00:00,0.0000909275,0.0017548401
2026-01-09T11:00:00.050000+00:00,0.0001259289,0.002314863
2026-01-09T12:00:00.041000+00:00,0.0001683867,0.0029941873
2026-01-09T13:00:00.005000+00:00,0.0001610215,0.0028763438
2026-01-09T14:00:00.032000+00:00,0.000159144,0.0028463047
2026-01-09T15:00:00.042000+00:00,0.0000417162,0.0009674598
2026-01-09T16:00:00.002000+00:00,0.0000633658,0.0013138531
2026-01-09T17:00:00.004000+00:00,0.0000830353,0.0016285641
2026-01-09T18:00:00.018000+00:00,0.0000950431,0.0018206891
2026-01-09T19:00:00.042000+00:00,0.0000318983,0.0008103727
2026-01-09T20:00:00.065000+00:00,0.0000870855,0.0016933675
2026-01-09T21:00:00+00:00,0.0000923212,0.0017771389
2026-01-09T22:00:00.018000+00:00,0.0000951004,0.0018216057
2026-01-09T23:00:00.025000+00:00,0.0001923318,0.0033773095
2026-01-10T00:00:00.103000+00:00,0.0001535878,0.0027574049
2026-01-10T01:00:00.110000+00:00,0.0001274398,0.0023390374
2026-01-10T02:00:00.064000+00:00,0.0002164676,0.0037634821
2026-01-10T03:00:00.039000+00:00,0.0002069879,0.0036118064
2026-01-10T04:00:00.085000+00:00,0.0001984925,0.0034758793
2026-01-10T05:00:00.065000+00:00,0.0001974188,0.0034587009
2026-01-10T06:00:00.034000+00:00,0.0001941564,0.0034065017
2026-01-10T07:00:00.035000+00:00,0.0001553013,0.0027848215
2026-01-10T08:00:00.072000+00:00,0.0001686189,0.0029979025
2026-01-10T09:00:00.033000+00:00,0.0001129386,0.0021070175
2026-01-10T10:00:00.024000+00:00,0.0001257334,0.0023117339
2026-01-10T11:00:00.060000+00:00,0.0001615868,0.002885388
2026-01-10T12:00:00.034000+00:00,0.0001603393,0.0028654292
2026-01-10T13:00:00.030000+00:00,0.0001637854,0.0029205665
2026-01-10T14:00:00.051000+00:00,0.0001617901,0.0028886418
2026-01-10T15:00:00.017000+00:00,0.0001412941,0.0025607062
2026-01-10T16:00:00.003000+00:00,0.00000625,0.0003685087
2026-01-10T17:00:00.066000+00:00,0.00000625,-0.0000455315
2026-01-10T18:00:00.054000+00:00,-0.0000244199,-0.0006907189
2026-01-10T19:00:00.025000+00:00,0.00000625,-0.0000582054
2026-01-10T20:00:00.081000+00:00,0.00000625,0.0003621451
2026-01-10T21:00:00.083000+00:00,0.0000065594,0.000404951
2026-01-10T22:00:00.025000+00:00,0.00000625,-0.0001709476
2026-01-10T23:00:00.047000+00:00,0.00000625,0.0000685135
2026-01-11T00:00:00.007000+00:00,0.0000241504,0.0006864062
2026-01-11T01:00:00.046000+00:00,0.0000939917,0.0018038666
2026-01-11T02:00:00.078000+00:00,0.0000371829,0.0008949257
2026-01-11T03:00:00.099000+00:00,0.000088081,0.0017092958
2026-01-11T04:00:00.011000+00:00,0.0001006264,0.0019100221
2026-01-11T05:00:00.012000+00:00,0.0000786623,0.0015585971
2026-01-11T06:00:00.038000+00:00,0.0000609443,0.0012751083
2026-01-11T07:00:00.049000+00:00,0.0000333874,0.0008341988
2026-01-11T08:00:00.066000+00:00,0.00000625,0.000317155
2026-01-11T09:00:00.045000+00:00,0.0000912809,0.0017604946
2026-01-11T10:00:00.103000+00:00,0.0001055762,0.0019892192
2026-01-11T11:00:00.105000+00:00,0.0000613922,0.001282276
2026-01-11T12:00:00.018000+00:00,0.0000596201,0.0012539214
2026-01-11T13:00:00.035000+00:00,0.0000653134,0.0013450147
2026-01-11T14:00:00.034000+00:00,0.0000440942,0.001005507
2026-01-11T15:00:00.124000+00:00,-0.0000145556,-0.0005328897
2026-01-11T16:00:00.122000+00:00,-0.0000081704,-0.0004307259
2026-01-11T17:00:00.061000+00:00,0.00000625,0.0002743726
2026-01-11T18:00:00.004000+00:00,0.000137528,0.0025004476
2026-01-11T19:00:00.023000+00:00,0.0003193245,0.0054091925
2026-01-11T20:00:00.002000+00:00,0.0000033391,-0.0002465741
2026-01-11T21:00:00.010000+00:00,-0.0000266539,-0.0007264617
2026-01-11T22:00:00.083000+00:00,-0.0000826751,-0.0016228022
2026-01-11T23:00:00.127000+00:00,0.0000535034,0.0011560537
2026-01-12T00:00:00.053000+00:00,0.0000665728,0.0013651655
2026-01-12T01:00:00.080000+00:00,0.000071038,0.001436608
2026-01-12T02:00:00.090000+00:00,0.000053185,0.0011509598
2026-01-12T03:00:00.016000+00:00,0.0000331653,0.0008306443
2026-01-12T04:00:00.021000+00:00,0.0000518545,0.0011296723
2026-01-12T05:00:00.027000+00:00,0.0001009006,0.0019144095
2026-01-12T06:00:00.025000+00:00,0.0000774088,0.0015385405
2026-01-12T07:00:00.061000+00:00,0.0000672666,0.0013762664
2026-01-12T08:00:00.053000+00:00,0.0000933032,0.0017928517
2026-01-12T09:00:00.088000+00:00,0.0000576851,0.0012229621
2026-01-12T10:00:00.042000+00:00,0.0000523279,0.001137247
2026-01-12T11:00:00.003000+00:00,0.0000387162,0.0009194584
2026-01-12T12:00:00.088000+00:00,0.0000395872,0.0009333944
2026-01-12T13:00:00.053000+00:00,0.0000793102,0.001568963
2026-01-12T14:00:00.107000+00:00,0.0000891159,0.001725855
2026-01-12T15:00:00.059000+00:00,0.000109161,0.0020465766
2026-01-12T16:00:00.040000+00:00,0.0000963139,0.0018410225
2026-01-12T17:00:00.086000+00:00,0.00008605,0.0016768001
2026-01-12T18:00:00.057000+00:00,0.0000604813,0.0012677015
2026-01-12T19:00:00.008000+00:00,0.0000709744,0.0014355898
2026-01-12T20:00:00.098000+00:00,0.0000416269,0.0009660306
2026-01-12T21:00:00.078000+00:00,0.000062324,0.0012971843
2026-01-12T22:00:00.075000+00:00,0.0000725868,0.0014613896
2026-01-12T23:00:00.024000+00:00,0.0000074233,0.0004187732
2026-01-13T00:00:00.109000+00:00,0.0000425971,0.000981553
2026-01-13T01:00:00.121000+00:00,0.0000784454,0.001555127
2026-01-13T02:00:00.017000+00:00,0.0000775466,0.001540746
2026-01-13T03:00:00.043000+00:00,0.0000798505,0.0015776078
2026-01-13T04:00:00.068000+00:00,0.0000412383,0.0009598126
2026-01-13T05:00:00.079000+00:00,0.0000846625,0.0016545997
2026-01-13T06:00:00.029000+00:00,0.0001118028,0.0020888447
2026-01-13T07:00:00.089000+00:00,0.0000955643,0.0018290293
2026-01-13T08:00:00.032000+00:00,0.0001121847,0.0020949556
2026-01-13T09:00:00.003000+00:00,0.0000806681,0.0015906899
2026-01-13T10:00:00.232000+00:00,0.0000889482,0.001723171
2026-01-13T11:00:00.011000+00:00,0.0000831902,0.0016310424
2026-01-13T12:00:00.032000+00:00,0.0000610963,0.0012775402
2026-01-13T13:00:00.083000+00:00,0.0000752153,0.0015034455
2026-01-13T14:00:00.043000+00:00,0.000090631,0.0017500956
2026-01-13T15:00:00.051000+00:00,0.0000725417,0.001460667
2026-01-13T16:00:00.100000+00:00,0.0000168273,0.0005692376
2026-01-13T17:00:00.039000+00:00,0.00000625,0.0002833434
2026-01-13T18:00:00.042000+00:00,0.0000127313,0.0005037004
2026-01-13T19:00:00.031000+00:00,0.0000230492,0.0006687865
2026-01-13T20:00:00.005000+00:00,0.0000399757,0.0009396111
2026-01-13T21:00:00.017000+00:00,0.0000317931,0.0008086889
2026-01-13T22:00:00+00:00,0.0000239008,0.0006824124
2026-01-13T23:00:00.037000+00:00,-0.0000448903,-0.0010182449
2026-01-14T00:00:00.057000+00:00,0.0000065384,0.0004046144
2026-01-14T01:00:00.019000+00:00,0.0000242768,0.0006884285
2026-01-14T02:00:00.050000+00:00,0.0001066789,0.0020068626
2026-01-14T03:00:00.053000+00:00,0.0000750733,0.0015011726
2026-01-14T04:00:00.063000+00:00,0.0000395277,0.0009324429
2026-01-14T05:00:00.023000+00:00,0.0000403251,0.000945202
2026-01-14T06:00:00.066000+00:00,0.000057611,0.0012217757
2026-01-14T07:00:00.099000+00:00,0.0000562555,0.001200088
2026-01-14T08:00:00.062000+00:00,0.0000711797,0.0014388753
2026-01-14T09:00:00.051000+00:00,0.0000908915,0.0017542634
2026-01-14T10:00:00.015000+00:00,0.0000795013,0.00157202
2026-01-14T11:00:00+00:00,0.0000750552,0.0015008838
2026-01-14T12:00:00.043000+00:00,0.0000930697,0.0017891155
2026-01-14T13:00:00.040000+00:00,0.0000832507,0.0016320106
2026-01-14T14:00:00.084000+00:00,0.0000785976,0.0015575617
2026-01-14T15:00:00.001000+00:00,0.0000836023,0.0016376361
2026-01-14T16:00:00.013000+00:00,0.0000746586,0.0014945377
2026-01-14T17:00:00.085000+00:00,0.000083542,0.0016366721
2026-01-14T18:00:00.113000+00:00,0.000050397,0.0011063518
2026-01-14T19:00:00.071000+00:00,0.0001628561,0.0029056979
2026-01-14T20:00:00.090000+00:00,0.0001024245,0.0019387923
2026-01-14T21:00:00.039000+00:00,0.0001228697,0.0022659158
2026-01-14T22:00:00.018000+00:00,0.0000888344,0.001721351
2026-01-14T23:00:00.024000+00:00,0.0001353086,0.0024649384
2026-01-15T00:00:00.028000+00:00,0.0000273808,0.0007380928
2026-01-15T01:00:00.004000+00:00,0.0000249245,0.0006987916
2026-01-15T02:00:00.052000+00:00,0.0000293544,0.0007696705
2026-01-15T03:00:00.019000+00:00,0.0000220484,0.0006527746
2026-01-15T04:00:00.018000+00:00,0.0000174736,0.0005795783
2026-01-15T05:00:00.081000+00:00,0.0000156998,0.0005511968
2026-01-15T06:00:00.021000+00:00,0.0000335773,0.0008372374
2026-01-15T07:00:00.057000+00:00,0.0000291368,0.0007661883
2026-01-15T08:00:00.029000+00:00,0.0000290709,0.0007651342
2026-01-15T09:00:00.023000+00:00,0.0000284116,0.0007545854
2026-01-15T10:00:00.082000+00:00,0.0000345259,0.0008524137
2026-01-15T11:00:00.076000+00:00,0.0000176427,0.0005822828
2026-01-15T12:00:00.028000+00:00,0.0000300374,0.0007805978
2026-01-15T13:00:00.044000+00:00,0.0000204465,0.0006271448
2026-01-15T14:00:00.054000+00:00,0.000024835,0.0006973599
2026-01-15T15:00:00.001000+00:00,0.0000141632,0.0005266108
2026-01-15T16:00:00.020000+00:00,0.0000106571,0.0004705131
2026-01-15T17:00:00.067000+00:00,0.0000084655,0.0004354481
2026-01-15T18:00:00.062000+00:00,0.0000136963,0.0005191408
2026-01-15T19:00:00.003000+00:00,0.000033179,0.0008308645
2026-01-15T20:00:00.057000+00:00,0.0000336515,0.0008384236
2026-01-15T21:00:00.062000+00:00,0.0000108164,0.0004730622
2026-01-15T22:00:00.033000+00:00,0.0000192352,0.0006077626
2026-01-15T23:00:00+00:00,0.0000421141,0.0009738254
2026-01-16T00:00:00.092000+00:00,0.0000264025,0.0007224393
2026-01-16T01:00:00.045000+00:00,0.0000389735,0.0009235759
2026-01-16T02:00:00.007000+00:00,0.0000462202,0.001039523
2026-01-16T03:00:00.044000+00:00,0.0000286414,0.0007582623
2026-01-16T04:00:00.096000+00:00,0.0000335549,0.0008368785
2026-01-16T05:00:00.028000+00:00,0.0000290635,0.0007650153
2026-01-16T06:00:00.013000+00:00,0.0000423833,0.0009781322
2026-01-16T07:00:00.059000+00:00,0.000040033,0.0009405288
2026-01-16T08:00:00.044000+00:00,0.0000291656,0.0007666503
2026-01-16T09:00:00.013000+00:00,0.0000336511,0.0008384174
2026-01-16T10:00:00.073000+00:00,0.0000399249,0.0009387976
2026-01-16T11:00:00.003000+00:00,0.0000406197,0.0009499153
2026-01-16T12:00:00.005000+00:00,0.0000252832,0.0007045319
2026-01-16T13:00:00.060000+00:00,0.0000232344,0.0006717505
2026-01-16T14:00:00.084000+00:00,0.0000304269,0.0007868306
2026-01-16T15:00:00.051000+00:00,0.0000273366,0.0007373862
2026-01-16T16:00:00.040000+00:00,0.0000211373,0.0006381973
2026-01-16T17:00:00.051000+00:00,0.0000388354,0.0009213657
2026-01-16T18:00:00.045000+00:00,0.0000413379,0.0009614071
2026-01-16T19:00:00.147000+00:00,0.0000619137,0.0012906184
2026-01-16T20:00:00.078000+00:00,0.0000512733,0.001120373
2026-01-16T21:00:00.092000+00:00,0.0000255559,0.0007088937
2026-01-16T22:00:00.120000+00:00,0.0000426931,0.0009830892
2026-01-16T23:00:00.021000+00:00,0.00000625,0.0001509011
2026-01-17T00:00:00.037000+00:00,0.0002283507,0.0039536118
2026-01-17T01:00:00.055000+00:00,0.0001879463,0.0033071404
2026-01-17T02:00:00.090000+00:00,-0.0000527702,-0.0011443225
2026-01-17T03:00:00.036000+00:00,-0.0000457133,-0.0010314133
2026-01-17T04:00:00.003000+00:00,0.0001382983,0.0025127722
2026-01-17T05:00:00.027000+00:00,0.0001443372,0.0026093949
2026-01-17T06:00:00.104000+00:00,0.0000816453,0.0016063243
2026-01-17T07:00:00.005000+00:00,-0.0001834142,-0.0032346277
2026-01-17T08:00:00.022000+00:00,0.00000625,-0.0000203297
2026-01-17T09:00:00.004000+00:00,0.00000625,-0.0001587322
2026-01-17T10:00:00.039000+00:00,0.0000219212,0.0006507386
2026-01-17T11:00:00.095000+00:00,0.00000625,0.000198062
2026-01-17T12:00:00.021000+00:00,0.00000625,0.0002449824
2026-01-17T13:00:00.089000+00:00,0.000023337,0.0006733922
2026-01-17T14:00:00.030000+00:00,0.0000413138,0.0009610211
2026-01-17T15:00:00.010000+00:00,0.0001503025,0.0027048394
2026-01-17T16:00:00.102000+00:00,0.0000816415,0.0016062638
2026-01-17T17:00:00.010000+00:00,0.0002193977,0.0038103635
2026-01-17T18:00:00.066000+00:00,0.0001931045,0.0033896718
2026-01-17T19:00:00.038000+00:00,0.0001838429,0.0032414867
2026-01-17T20:00:00.073000+00:00,0.0001725827,0.0030613232
2026-01-17T21:00:00.017000+00:00,0.0000988506,0.0018816091
2026-01-17T22:00:00.036000+00:00,0.0001059751,0.0019956012
2026-01-17T23:00:00.100000+00:00,0.0001375023,0.0025000375
2026-01-18T00:00:00.017000+00:00,0.0001086016,0.0020376255
2026-01-18T01:00:00.117000+00:00,0.0001026207,0.0019419314
2026-01-18T02:00:00.061000+00:00,0.0001058035,0.0019928556
2026-01-18T03:00:00.047000+00:00,0.0002023309,0.0035372941
2026-01-18T04:00:00.062000+00:00,0.0001796501,0.0031744017
2026-01-18T05:00:00.034000+00:00,0.0001591542,0.0028464673
2026-01-18T06:00:00.066000+00:00,0.0001574867,0.002819787
2026-01-18T07:00:00.063000+00:00,0.0001545378,0.0027726053
2026-01-18T08:00:00.106000+00:00,0.0000727205,0.0014635286
2026-01-18T09:00:00.110000+00:00,0.0000584874,0.0012357989
2026-01-18T10:00:00.047000+00:00,0.00000625,0.0002011835
2026-01-18T11:00:00.085000+00:00,0.00000625,-0.0000838208
2026-01-18T12:00:00.016000+00:00,-0.0000096577,-0.0004545231
2026-01-18T13:00:00.054000+00:00,0.00000625,0.0001156773
2026-01-18T14:00:00.035000+00:00,0.0000296982,0.0007751717
2026-01-18T15:00:00.030000+00:00,0.0000280495,0.0007487924
2026-01-18T16:00:00.021000+00:00,0.0000157803,0.0005524854
2026-01-18T17:00:00.040000+00:00,0.0000148435,0.0005374964
2026-01-18T18:00:00.067000+00:00,0.0001028829,0.0019461256
2026-01-18T19:00:00.018000+00:00,0.0000852469,0.0016639506
2026-01-18T20:00:00.055000+00:00,0.0001344482,0.0024511707
2026-01-18T21:00:00.024000+00:00,0.0001065078,0.0020041255
2026-01-18T22:00:00.042000+00:00,-0.0000522064,-0.0011353026
2026-01-18T23:00:00.113000+00:00,0.00000625,0.0001622035
2026-01-19T00:00:00.034000+00:00,0.0000426208,0.0009819329
2026-01-19T01:00:00.098000+00:00,0.0000266399,0.0007262383
2026-01-19T02:00:00.001000+00:00,0.0000273229,0.0007371666
2026-01-19T03:00:00.009000+00:00,0.0000205126,0.0006282019
2026-01-19T04:00:00.051000+00:00,0.0000165936,0.0005654971
2026-01-19T05:00:00+00:00,0.0000270971,0.000733554
2026-01-19T06:00:00.033000+00:00,0.0000476322,0.001062115
2026-01-19T07:00:00.014000+00:00,0.0000372293,0.0008956684
2026-01-19T08:00:00.026000+00:00,0.0000395383,0.0009326124
2026-01-19T09:00:00.012000+00:00,0.000035152,0.000862432
2026-01-19T10:00:00.012000+00:00,0.0000430936,0.000989497
2026-01-19T11:00:00.094000+00:00,0.0000263961,0.0007223368
2026-01-19T12:00:00+00:00,0.0000241245,0.0006859913
2026-01-19T13:00:00.041000+00:00,0.000027968,0.0007474883
2026-01-19T14:00:00.040000+00:00,0.0000213186,0.0006410979
2026-01-19T15:00:00.049000+00:00,0.0000205954,0.0006295272
2026-01-19T16:00:00.056000+00:00,0.0000215729,0.000645166
2026-01-19T17:00:00.011000+00:00,0.0000225475,0.0006607595
2026-01-19T18:00:00.005000+00:00,0.00000625,0.0003326889
2026-01-19T19:00:00.012000+00:00,-0.000005714,-0.0003914234
2026-01-19T20:00:00.025000+00:00,0.00000625,0.000012051
2026-01-19T21:00:00.079000+00:00,0.0000054902,-0.0002121569
2026-01-19T22:00:00.033000+00:00,0.00000625,-0.0001561349
2026-01-19T23:00:00.040000+00:00,0.0000663776,0.0013620422
2026-01-20T00:00:00.007000+00:00,0.000022828,0.0006652474
2026-01-20T01:00:00.011000+00:00,0.0000137498,0.0005199975
2026-01-20T02:00:00.057000+00:00,0.0000200433,0.0006206927
2026-01-20T03:00:00.001000+00:00,0.0000146329,0.000534127
2026-01-20T04:00:00.167000+00:00,0.0000147391,0.0005358253
2026-01-20T05:00:00.112000+00:00,0.0000213113,0.0006409815
2026-01-20T06:00:00.064000+00:00,0.0000184753,0.0005956054
2026-01-20T07:00:00.110000+00:00,0.0000158322,0.0005533154
2026-01-20T08:00:00.010000+00:00,0.0000180565,0.0005889044
2026-01-20T09:00:00.079000+00:00,0.0000169697,0.0005715148
2026-01-20T10:00:00.046000+00:00,0.0000134306,0.0005148899
2026-01-20T11:00:00.018000+00:00,0.0000181157,0.0005898513
2026-01-20T12:00:00.064000+00:00,0.0000136382,0.0005182108
2026-01-20T13:00:00.054000+00:00,0.00000625,0.0003082919
2026-01-20T14:00:00.109000+00:00,0.0000141644,0.0005266308
2026-01-20T15:00:00.061000+00:00,0.00000625,0.0003006559
2026-01-20T16:00:00.047000+00:00,0.00000625,0.0001058337
2026-01-20T17:00:00.034000+00:00,0.000009401,0.0004504154
2026-01-20T18:00:00.037000+00:00,0.0000191828,0.0006069247
2026-01-20T19:00:00.028000+00:00,0.0000088245,0.0004411926
2026-01-20T20:00:00.020000+00:00,0.0000119307,0.0004908912
2026-01-20T21:00:00.025000+00:00,0.0000115057,0.0004840917
2026-01-20T22:00:00.005000+00:00,0.0000131896,0.0005110338
2026-01-20T23:00:00.015000+00:00,0.0000193627,0.0006098035
2026-01-21T00:00:00.063000+00:00,0.0000122961,0.0004967373
2026-01-21T01:00:00.039000+00:00,0.00000625,0.0003824956
2026-01-21T02:00:00.038000+00:00,0.00000625,0.0003834293
2026-01-21T03:00:00.143000+00:00,0.0000094388,0.0004510204
2026-01-21T04:00:00.034000+00:00,0.0000079309,0.000426894
2026-01-21T05:00:00.057000+00:00,0.0000128917,0.0005062668
2026-01-21T06:00:00.014000+00:00,0.0000089428,0.0004430854
2026-01-21T07:00:00.016000+00:00,0.0000126474,0.0005023578
2026-01-21T08:00:00.028000+00:00,0.0000167214,0.0005675417
2026-01-21T09:00:00.046000+00:00,0.000014498,0.0005319678
2026-01-21T10:00:00.018000+00:00,0.00000625,0.0002520586
2026-01-21T11:00:00.027000+00:00,0.00000625,0.0002477741
2026-01-21T12:00:00.031000+00:00,0.000008746,0.0004399367
2026-01-21T13:00:00.094000+00:00,0.0000079879,0.0004278059
2026-01-21T14:00:00.007000+00:00,0.0000086407,0.0004382506
2026-01-21T15:00:00.012000+00:00,0.00001079,0.0004726397
2026-01-21T16:00:00.016000+00:00,0.0000194696,0.0006115133
2026-01-21T17:00:00.079000+00:00,0.0000204745,0.0006275915
2026-01-21T18:00:00.006000+00:00,0.0000195381,0.0006126099
2026-01-21T19:00:00.021000+00:00,0.0000198146,0.0006170329
2026-01-21T20:00:00.017000+00:00,0.00000625,0.000398644
2026-01-21T21:00:00.045000+00:00,0.00000625,0.0001889969
2026-01-21T22:00:00.093000+00:00,0.000007583,0.0004213283
2026-01-21T23:00:00.012000+00:00,0.0000079049,0.0004264788
2026-01-22T00:00:00.068000+00:00,0.0000448316,0.001017305
2026-01-22T01:00:00.076000+00:00,0.00000625,0.0001869015
2026-01-22T02:00:00.069000+00:00,0.00000625,0.0000793234
2026-01-22T03:00:00.112000+00:00,0.00000625,0.000066073
2026-01-22T04:00:00.005000+00:00,0.00000625,0.0000350669
2026-01-22T05:00:00.033000+00:00,0.00000625,0.0000303449
2026-01-22T06:00:00.029000+00:00,0.00000625,0.0000366749
2026-01-22T07:00:00.022000+00:00,0.00000625,0.0000527659
2026-01-22T08:00:00.084000+00:00,0.00000625,0.0000528284
2026-01-22T09:00:00.040000+00:00,0.00000625,0.0000348616
2026-01-22T10:00:00.057000+00:00,0.00000625,0.0000608514
2026-01-22T11:00:00.047000+00:00,0.00000625,0.0001066176
2026-01-22T12:00:00.063000+00:00,0.00000625,0.0001577391
2026-01-22T13:00:00.020000+00:00,0.00000625,0.0002124223
2026-01-22T14:00:00.092000+00:00,0.00000625,0.0001052092
2026-01-22T15:00:00.007000+00:00,0.00000625,0.000059311
2026-01-22T16:00:00.083000+00:00,0.00000625,0.000275712
2026-01-22T17:00:00.035000+00:00,0.0000087284,0.000439655
2026-01-22T18:00:00.004000+00:00,0.00000625,0.0003289481
2026-01-22T19:00:00.016000+00:00,0.00000625,0.0000508914
2026-01-22T20:00:00.017000+00:00,0.0000141993,0.000527189
2026-01-22T21:00:00.096000+00:00,0.00000625,0.0003324099
2026-01-22T22:00:00.013000+00:00,0.00000625,0.0002268261
2026-01-22T23:00:00.019000+00:00,-0.0000532747,-0.0011523954
2026-01-23T00:00:00.009000+00:00,0.0000183168,0.0005930681
2026-01-23T01:00:00.034000+00:00,0.0000137163,0.0005194607
2026-01-23T02:00:00.028000+00:00,0.0000074056,0.0004184894
2026-01-23T03:00:00.122000+00:00,0.0000068676,0.0004098816
2026-01-23T04:00:00.017000+00:00,0.00000625,0.0003454187
2026-01-23T05:00:00.154000+00:00,0.0000081805,0.0004308881
2026-01-23T06:00:00.112000+00:00,0.0000099149,0.0004586384
2026-01-23T07:00:00.066000+00:00,0.0000062933,0.0004006934
2026-01-23T08:00:00.100000+00:00,0.0000180058,0.0005880921
2026-01-23T09:00:00.005000+00:00,0.00000625,-0.0000300298
2026-01-23T10:00:00.058000+00:00,-0.0000078446,-0.0004255142
2026-01-23T11:00:00.030000+00:00,-0.0000428652,-0.0009858426
2026-01-23T12:00:00.029000+00:00,-0.0000098206,-0.0004571302
2026-01-23T13:00:00.018000+00:00,-0.0000097081,-0.000455329
2026-01-23T14:00:00.013000+00:00,-0.0000147208,-0.000535533
2026-01-23T15:00:00.048000+00:00,0.00000625,-0.0000942634
2026-01-23T16:00:00.010000+00:00,0.00000625,-0.0000498063
2026-01-23T17:00:00.061000+00:00,0.00000625,-0.0000172896
2026-01-23T18:00:00.037000+00:00,0.00000625,-0.0000306459
2026-01-23T19:00:00.047000+00:00,0.00000625,-0.0000046196
2026-01-23T20:00:00.055000+00:00,0.00000625,0.0000356501
2026-01-23T21:00:00.085000+00:00,0.00000625,0.0002185053
2026-01-23T22:00:00.039000+00:00,0.00000625,0.0003560835
2026-01-23T23:00:00.085000+00:00,0.0000451335,0.0010221358
2026-01-24T00:00:00.017000+00:00,0.0000734075,0.0014745193
2026-01-24T01:00:00.061000+00:00,0.0000655628,0.0013490053
2026-01-24T02:00:00.093000+00:00,0.0000921327,0.0017741225
2026-01-24T03:00:00.032000+00:00,0.0001101141,0.0020618256
2026-01-24T04:00:00.067000+00:00,0.0000860624,0.0016769978
2026-01-24T05:00:00.043000+00:00,0.0000499625,0.0010993993
2026-01-24T06:00:00.032000+00:00,0.0000629258,0.0013068135
2026-01-24T07:00:00.003000+00:00,0.0000496898,0.0010950366
2026-01-24T08:00:00.030000+00:00,0.0000611622,0.0012785956
2026-01-24T09:00:00.058000+00:00,0.0000940255,0.0018044084
2026-01-24T10:00:00.112000+00:00,0.0001106286,0.0020700572
2026-01-24T11:00:00.027000+00:00,0.0000709564,0.0014353026
2026-01-24T12:00:00.100000+00:00,0.000063399,0.0013143842
2026-01-24T13:00:00.080000+00:00,0.0000578946,0.0012263142
2026-01-24T14:00:00.016000+00:00,0.0000465821,0.0010453128
2026-01-24T15:00:00.060000+00:00,0.0000727699,0.0014643184
2026-01-24T16:00:00.092000+00:00,0.0000948034,0.0018168548
2026-01-24T17:00:00.040000+00:00,0.0000233942,0.000674307
2026-01-24T18:00:00.011000+00:00,0.0000163293,0.000561269
2026-01-24T19:00:00.036000+00:00,0.0000275218,0.0007403493
2026-01-24T20:00:00.028000+00:00,0.0001075596,0.0020209537
2026-01-24T21:00:00.012000+00:00,0.0002140432,0.0037246913
2026-01-24T22:00:00.056000+00:00,0.0001293245,0.0023691925
2026-01-24T23:00:00.017000+00:00,0.0000437292,0.0009996667
2026-01-25T00:00:00.006000+00:00,0.0000085994,0.000437591
2026-01-25T01:00:00.021000+00:00,0.0000204428,0.0006270851
2026-01-25T02:00:00.135000+00:00,0.000024095,0.0006855196
2026-01-25T03:00:00.054000+00:00,0.0000237731,0.0006803697
2026-01-25T04:00:00.109000+00:00,0.0000207169,0.0006314699
2026-01-25T05:00:00.110000+00:00,-0.0001842295,-0.0032476713
2026-01-25T06:00:00.117000+00:00,-0.0001684202,-0.0029947232
2026-01-25T07:00:00.059000+00:00,-0.0000866247,-0.0016859959
2026-01-25T08:00:00.042000+00:00,0.0000160458,0.0005567334
2026-01-25T09:00:00.055000+00:00,0.0001581129,0.0028298065
2026-01-25T10:00:00.045000+00:00,0.000062017,0.0012922716
2026-01-25T11:00:00.011000+00:00,0.00000625,-0.00018834
2026-01-25T12:00:00.029000+00:00,-0.0000075094,-0.0004201511
2026-01-25T13:00:00.065000+00:00,-0.0000334743,-0.0008355896
2026-01-25T14:00:00.031000+00:00,-0.0000053936,-0.0003862973
2026-01-25T15:00:00.075000+00:00,-0.0000209173,-0.0006346772
2026-01-25T16:00:00.012000+00:00,-0.0000236984,-0.000679174
2026-01-25T17:00:00.013000+00:00,-0.0000020146,-0.000332234
2026-01-25T18:00:00.020000+00:00,0.00000625,-0.0001159417
2026-01-25T19:00:00.010000+00:00,-0.0000160776,-0.0005572422
2026-01-25T20:00:00.016000+00:00,-0.0000267332,-0.000727731
2026-01-25T21:00:00.021000+00:00,-0.0000256268,-0.0007100294
2026-01-25T22:00:00.063000+00:00,-0.000039346,-0.0009295356
2026-01-25T23:00:00.127000+00:00,-0.0000285713,-0.0007571407
2026-01-26T00:00:00.127000+00:00,0.00000625,0.0000116697
2026-01-26T01:00:00.001000+00:00,0.00000625,0.0003262022
2026-01-26T02:00:00.026000+00:00,0.00000625,0.0003416275
2026-01-26T03:00:00.059000+00:00,0.00000625,0.0000870252
2026-01-26T04:00:00.056000+00:00,0.00000625,0.0001059842
2026-01-26T05:00:00.020000+00:00,0.0000229885,0.0006678156
2026-01-26T06:00:00.101000+00:00,0.0000261561,0.0007184978
2026-01-26T07:00:00.055000+00:00,0.00000625,0.0003174184
2026-01-26T08:00:00.040000+00:00,0.0000170209,0.000572335
2026-01-26T09:00:00.056000+00:00,0.0000173897,0.0005782355
2026-01-26T10:00:00.060000+00:00,0.0000126027,0.0005016431
2026-01-26T11:00:00.055000+00:00,0.0000143353,0.0005293644
2026-01-26T12:00:00.081000+00:00,0.0000105659,0.0004690545
2026-01-26T13:00:00+00:00,0.0000081111,0.0004297777
2026-01-26T14:00:00.050000+00:00,0.0000067703,0.0004083241
2026-01-26T15:00:00.064000+00:00,0.00000625,0.0003813635
2026-01-26T16:00:00.006000+00:00,0.0000069563,0.0004113007
2026-01-26T17:00:00.012000+00:00,0.0000102682,0.0004642905
2026-01-26T18:00:00.010000+00:00,0.00000625,0.0003791988
2026-01-26T19:00:00.045000+00:00,0.0000100282,0.0004604512
2026-01-26T20:00:00.034000+00:00,-0.0000158786,-0.000554058
2026-01-26T21:00:00.094000+00:00,-0.0000326049,-0.0008216778
2026-01-26T22:00:00.049000+00:00,-0.0000238089,-0.0006809428
2026-01-26T23:00:00.079000+00:00,-0.0000157946,-0.0005527129
2026-01-27T00:00:00.085000+00:00,-0.0000220104,-0.0006521663
2026-01-27T01:00:00.073000+00:00,-0.000014089,-0.0005254235
2026-01-27T02:00:00.052000+00:00,-0.0000178052,-0.0005848833
2026-01-27T03:00:00.012000+00:00,-0.0000197311,-0.0006156968
2026-01-27T04:00:00.017000+00:00,-0.0000130551,-0.0005088824
2026-01-27T05:00:00.023000+00:00,-0.000017938,-0.0005870087
2026-01-27T06:00:00+00:00,-0.000021557,-0.0006449117
2026-01-27T07:00:00.049000+00:00,-0.0000254759,-0.000707615
2026-01-27T08:00:00.092000+00:00,-0.0000190003,-0.0006040056
2026-01-27T09:00:00.020000+00:00,-0.0000222073,-0.0006553166
2026-01-27T10:00:00.056000+00:00,-0.0000128036,-0.0005048575
2026-01-27T11:00:00.003000+00:00,-0.0000094875,-0.0004518007
2026-01-27T12:00:00.051000+00:00,-0.0000060175,-0.0003962803
2026-01-27T13:00:00.006000+00:00,-0.000018029,-0.0005884645
2026-01-27T14:00:00.041000+00:00,-0.0000148183,-0.000537092
2026-01-27T15:00:00.074000+00:00,-0.0000076368,-0.000422189
2026-01-27T16:00:00.103000+00:00,-0.0000058378,-0.000393405
2026-01-27T17:00:00.024000+00:00,-0.0000169862,-0.000571779
2026-01-27T18:00:00.011000+00:00,-0.0000187613,-0.0006001812
2026-01-27T19:00:00.027000+00:00,0.0000004753,-0.0002923951
2026-01-27T20:00:00.082000+00:00,0.00000625,0.0003707238
2026-01-27T21:00:00.015000+00:00,0.000012239,0.0004958244
2026-01-27T22:00:00.042000+00:00,0.0000066009,0.000405615
2026-01-27T23:00:00.015000+00:00,0.00000625,0.0003060809
2026-01-28T00:00:00.090000+00:00,0.00000625,0.0003816314
2026-01-28T01:00:00.024000+00:00,0.00000625,0.0003101301
2026-01-28T02:00:00.053000+00:00,0.000010909,0.0004745441
2026-01-28T03:00:00.047000+00:00,0.000008965,0.00044344
2026-01-28T04:00:00.114000+00:00,0.0000185768,0.000597229
2026-01-28T05:00:00.046000+00:00,0.0000109146,0.0004746335
2026-01-28T06:00:00.127000+00:00,0.0000095181,0.0004522893
2026-01-28T07:00:00.070000+00:00,0.00000625,-0.0001807245
2026-01-28T08:00:00.044000+00:00,0.00000625,-0.0000050002
2026-01-28T09:00:00.042000+00:00,0.00000625,-0.0000590479
2026-01-28T10:00:00.038000+00:00,0.00000625,-0.0001669018
2026-01-28T11:00:00.016000+00:00,-0.0000214636,-0.0006434171
2026-01-28T12:00:00.051000+00:00,-0.0000305921,-0.0007894742
2026-01-28T13:00:00.094000+00:00,-0.0000255103,-0.0007081648
2026-01-28T14:00:00.054000+00:00,-0.0000301089,-0.0007817429
2026-01-28T15:00:00.003000+00:00,-0.0001319289,-0.0024108623
2026-01-28T16:00:00.022000+00:00,0.000003216,-0.0002485441
2026-01-28T17:00:00.048000+00:00,0.00000625,0.0000020365
2026-01-28T18:00:00.020000+00:00,0.00000625,0.0002033353
2026-01-28T19:00:00.072000+00:00,0.00000625,0.0001833325
2026-01-28T20:00:00.063000+00:00,0.0000235473,0.0006767574
2026-01-28T21:00:00.108000+00:00,0.0001055653,0.0019890449
2026-01-28T22:00:00.010000+00:00,0.000061005,0.0012760807
2026-01-28T23:00:00.022000+00:00,0.000136419,0.0024827044
2026-01-29T00:00:00.027000+00:00,0.0000664294,0.0013628702
2026-01-29T01:00:00.021000+00:00,0.0000532352,0.0011517634
2026-01-29T02:00:00.049000+00:00,0.00000625,0.0002735713
2026-01-29T03:00:00.013000+00:00,0.00000625,0.0001709416
2026-01-29T04:00:00.038000+00:00,0.00000625,0.0002298387
2026-01-29T05:00:00.051000+00:00,0.0000398512,0.0009376199
2026-01-29T06:00:00.048000+00:00,0.000053907,0.0011625115
2026-01-29T07:00:00.087000+00:00,0.0000073484,0.0004175746
2026-01-29T08:00:00.047000+00:00,0.0000417541,0.000968066
2026-01-29T09:00:00.026000+00:00,0.0000492426,0.0010878811
2026-01-29T10:00:00.066000+00:00,0.0000638589,0.0013217432
2026-01-29T11:00:00.051000+00:00,0.0001128032,0.0021048518
2026-01-29T12:00:00+00:00,0.00000625,0.0003731351
2026-01-29T13:00:00.120000+00:00,0.00000625,0.0003849738
2026-01-29T14:00:00.011000+00:00,0.0000293917,0.0007702672
2026-01-29T15:00:00.016000+00:00,0.0001183735,0.0021939756
2026-01-29T16:00:00.059000+00:00,0.0001022641,0.0019362257
2026-01-29T17:00:00.082000+00:00,0.0000247482,0.0006959716
2026-01-29T18:00:00.099000+00:00,0.0000332181,0.00083149
2026-01-29T19:00:00.054000+00:00,0.0000203744,0.0006259897
2026-01-29T20:00:00.035000+00:00,0.0000426141,0.0009818257
2026-01-29T21:00:00.049000+00:00,0.0000783872,0.0015541945
2026-01-29T22:00:00.059000+00:00,0.0001273025,0.0023368396
2026-01-29T23:00:00.037000+00:00,0.0001199105,0.0022185685
2026-01-30T00:00:00.022000+00:00,0.0000650112,0.0013401797
2026-01-30T01:00:00.010000+00:00,0.0000127433,0.0005038923
2026-01-30T02:00:00.075000+00:00,0.0000156477,0.0005503638
2026-01-30T03:00:00.038000+00:00,0.00000625,0.0002111258
2026-01-30T04:00:00.028000+00:00,0.00000625,0.0001559942
2026-01-30T05:00:00.053000+00:00,0.00000625,0.0002024888
2026-01-30T06:00:00.084000+00:00,0.00000625,0.0002512916
2026-01-30T07:00:00.117000+00:00,0.00000625,0.0002216114
2026-01-30T08:00:00.018000+00:00,-0.0002032378,-0.0035518046
2026-01-30T09:00:00.103000+00:00,-0.0001158824,-0.002154119
2026-01-30T10:00:00.049000+00:00,-0.0001015919,-0.0019254711
2026-01-30T11:00:00.108000+00:00,-0.0000996974,-0.0018951576
2026-01-30T12:00:00.036000+00:00,-0.0001009673,-0.0019154761
2026-01-30T13:00:00.025000+00:00,-0.000104945,-0.0019791206
2026-01-30T14:00:00.033000+00:00,-0.0000959318,-0.0018349081
2026-01-30T15:00:00.008000+00:00,-0.0000768536,-0.0015296577
2026-01-30T16:00:00.054000+00:00,-0.0000077482,-0.0004239706
2026-01-30T17:00:00.105000+00:00,0.0000142993,0.0005287882
2026-01-30T18:00:00.037000+00:00,0.00000625,0.0002465319
2026-01-30T19:00:00.042000+00:00,0.00000625,0.0000570901
2026-01-30T20:00:00.041000+00:00,-0.0000230561,-0.0006688972
2026-01-30T21:00:00.006000+00:00,0.00000625,0.0002641142
2026-01-30T22:00:00.001000+00:00,0.00000625,0.0002454358
2026-01-30T23:00:00.031000+00:00,-0.0000070782,-0.0004132514
2026-01-31T00:00:00.171000+00:00,0.0000041136,-0.000234183
2026-01-31T01:00:00.100000+00:00,-0.00003307,-0.0008291194
2026-01-31T02:00:00.068000+00:00,-0.0000301065,-0.0007817045
2026-01-31T03:00:00.097000+00:00,-0.0000580183,-0.0012282922
2026-01-31T04:00:00.012000+00:00,-0.0000457051,-0.0010312822
2026-01-31T05:00:00.026000+00:00,-0.0000209799,-0.0006356788
2026-01-31T06:00:00.002000+00:00,0.00000625,0.0000537282
2026-01-31T07:00:00.010000+00:00,0.00000625,0.0003943915
2026-01-31T08:00:00.049000+00:00,0.00000625,-0.0001301043
2026-01-31T09:00:00.076000+00:00,-0.0000300834,-0.0007813343
2026-01-31T10:00:00.022000+00:00,-0.0000064409,-0.0004030544
2026-01-31T11:00:00.050000+00:00,0.00000625,-0.0001992886
2026-01-31T12:00:00.105000+00:00,-0.0000022365,-0.0003357842
2026-01-31T13:00:00.035000+00:00,-0.0000074138,-0.0004186202
2026-01-31T14:00:00.027000+00:00,0.00000625,0.0001330041
2026-01-31T15:00:00.033000+00:00,0.0000447818,0.0010165086
2026-01-31T16:00:00.091000+00:00,0.0000662196,0.0013595142
2026-01-31T17:00:00.030000+00:00,0.0000490723,0.001085157
2026-01-31T18:00:00.057000+00:00,-0.0000342677,-0.0008482837
2026-01-31T19:00:00.118000+00:00,-0.0001187088,-0.0021993415
2026-01-31T20:00:00.081000+00:00,-0.0001211586,-0.0022385376
2026-01-31T21:00:00.058000+00:00,-0.0001030877,-0.001949403
2026-01-31T22:00:00.056000+00:00,-0.0000715483,-0.0014447727
2026-01-31T23:00:00.088000+00:00,-0.0002044672,-0.0035714758
2026-02-01T00:00:00.016000+00:00,-0.00018198,-0.0032116804
2026-02-01T01:00:00.017000+00:00,-0.0005740077,-0.0094841239
2026-02-01T02:00:00.052000+00:00,-0.0001737286,-0.0030796577
2026-02-01T03:00:00.047000+00:00,-0.0000378305,-0.0009052886
2026-02-01T04:00:00.091000+00:00,-0.000067381,-0.0013780966
2026-02-01T05:00:00.008000+00:00,-0.0000588704,-0.0012419257
2026-02-01T06:00:00.029000+00:00,-0.0000372208,-0.0008955321
2026-02-01T07:00:00.060000+00:00,-0.0000219056,-0.0006504901
2026-02-01T08:00:00.056000+00:00,-0.0000268632,-0.0007298114
2026-02-01T09:00:00+00:00,-0.0000368021,-0.0008888336
2026-02-01T10:00:00.092000+00:00,0.0000007772,-0.0002875643
2026-02-01T11:00:00.017000+00:00,0.00000625,-0.0000329494
2026-02-01T12:00:00.097000+00:00,0.0000556168,0.0011898682
2026-02-01T13:00:00.026000+00:00,0.0002068806,0.0036100901
2026-02-01T14:00:00.096000+00:00,0.0002600929,0.0044614862
2026-02-01T15:00:00.019000+00:00,0.0002101952,0.0036631238
2026-02-01T16:00:00.034000+00:00,0.0002120656,0.0036930499
2026-02-01T17:00:00.041000+00:00,0.0001278136,0.002345018
2026-02-01T18:00:00.062000+00:00,0.000133092,0.002429472
2026-02-01T19:00:00.042000+00:00,-0.000031548,-0.0008047686
2026-02-01T20:00:00.067000+00:00,-0.0000608949,-0.0012743178
2026-02-01T21:00:00.104000+00:00,-0.0001737797,-0.0030804757
2026-02-01T22:00:00.015000+00:00,-0.0000741592,-0.0014865465
2026-02-01T23:00:00.006000+00:00,-0.0001472739,-0.0026563831
2026-02-02T00:00:00.059000+00:00,-0.0002120856,-0.0036933697
2026-02-02T01:00:00.038000+00:00,-0.0000720822,-0.0014533153
2026-02-02T02:00:00.017000+00:00,-0.0000779322,-0.0015469145
2026-02-02T03:00:00.062000+00:00,-0.000048795,-0.0010807201
2026-02-02T04:00:00.064000+00:00,-0.0000364674,-0.0008834783
2026-02-02T05:00:00.106000+00:00,-0.0000539181,-0.0011626903
2026-02-02T06:00:00.074000+00:00,-0.0000474781,-0.0010596497
2026-02-02T07:00:00.020000+00:00,-0.0001636451,-0.002918322
2026-02-02T08:00:00.007000+00:00,-0.0001504042,-0.0027064674
2026-02-02T09:00:00.043000+00:00,-0.0001452921,-0.0026246731
2026-02-02T10:00:00.084000+00:00,-0.0001124545,-0.0020992714
2026-02-02T11:00:00.047000+00:00,0.00000625,-0.0001828385
2026-02-02T12:00:00.061000+00:00,-0.0000277972,-0.0007447559
2026-02-02T13:00:00.088000+00:00,-0.0000429942,-0.0009879069
2026-02-02T14:00:00.065000+00:00,-0.0000389471,-0.0009231541
2026-02-02T15:00:00.070000+00:00,-0.0000570602,-0.0012129639
2026-02-02T16:00:00.041000+00:00,-0.0000937429,-0.001799886
2026-02-02T17:00:00.065000+00:00,-0.0000865633,-0.0016850128
2026-02-02T18:00:00.066000+00:00,-0.0000913713,-0.0017619401
2026-02-02T19:00:00.004000+00:00,-0.0000876025,-0.0017016394
2026-02-02T20:00:00.023000+00:00,-0.0000861789,-0.0016788628
2026-02-02T21:00:00.014000+00:00,-0.0000771406,-0.0015342492
2026-02-02T22:00:00.099000+00:00,-0.0000667624,-0.0013681992
2026-02-02T23:00:00.055000+00:00,-0.0001790958,-0.0031655332
2026-02-03T00:00:00.013000+00:00,-0.0000532069,-0.0011513105
2026-02-03T01:00:00.015000+00:00,0.0000034927,-0.0002441162
2026-02-03T02:00:00.012000+00:00,0.00000625,0.0002990353
2026-02-03T03:00:00.032000+00:00,0.00000625,0.0001314897
2026-02-03T04:00:00.038000+00:00,0.00000625,0.000031995
2026-02-03T05:00:00.029000+00:00,0.00000625,-0.0000599979
2026-02-03T06:00:00+00:00,-0.0000782694,-0.0015523104
2026-02-03T07:00:00.068000+00:00,0.0000025183,-0.0002597076
2026-02-03T08:00:00.057000+00:00,0.0000227419,0.0006638697
2026-02-03T09:00:00.079000+00:00,0.0000466315,0.0010461039
2026-02-03T10:00:00.022000+00:00,0.000127464,0.0023394238
2026-02-03T11:00:00.065000+00:00,0.0000753844,0.0015061499
2026-02-03T12:00:00.118000+00:00,0.00000625,-0.0000297619
2026-02-03T13:00:00.065000+00:00,0.0002179015,0.0037864237
2026-02-03T14:00:00.040000+00:00,0.0002331414,0.0040302623
2026-02-03T15:00:00.025000+00:00,0.0000393298,0.0009292761
2026-02-03T16:00:00.059000+00:00,0.0000227651,0.0006642411
2026-02-03T17:00:00.001000+00:00,0.000075724,0.0015115844
2026-02-03T18:00:00.015000+00:00,0.0000329767,0.0008276278
2026-02-03T19:00:00.059000+00:00,-0.00013771,-0.0025033597
2026-02-03T20:00:00.049000+00:00,-0.0001088075,-0.0020409194
2026-02-03T21:00:00.031000+00:00,0.00000625,0.0002265808
2026-02-03T22:00:00.004000+00:00,0.0000072576,0.0004161209
2026-02-03T23:00:00.056000+00:00,0.0000685541,0.0013968655
2026-02-04T00:00:00.018000+00:00,0.000025647,0.0007103514
2026-02-04T01:00:00.045000+00:00,0.0000096756,0.000454809
2026-02-04T02:00:00.022000+00:00,0.0000340815,0.0008453048
2026-02-04T03:00:00.032000+00:00,0.0000466373,0.0010461961
2026-02-04T04:00:00.004000+00:00,0.0000247171,0.0006954733
2026-02-04T05:00:00.055000+00:00,0.00000625,0.0003342473
2026-02-04T06:00:00.042000+00:00,0.00000625,0.0000309579
2026-02-04T07:00:00.016000+00:00,0.00000625,0.0003422487
2026-02-04T08:00:00.027000+00:00,0.0000220815,0.0006533041
2026-02-04T09:00:00.003000+00:00,0.0000103037,0.0004648585
2026-02-04T10:00:00.081000+00:00,0.00000625,-0.0000636166
2026-02-04T11:00:00.016000+00:00,0.00000625,0.0000115854
2026-02-04T12:00:00.120000+00:00,0.00000625,-0.0000357016
2026-02-04T13:00:00.025000+00:00,0.00000625,0.000161689
2026-02-04T14:00:00.004000+00:00,-0.0000048691,-0.0003779055
2026-02-04T15:00:00.071000+00:00,-0.000092104,-0.0017736633
2026-02-04T16:00:00.007000+00:00,0.000002303,-0.0002631525
2026-02-04T17:00:00.105000+00:00,0.0000412762,0.0009604186
2026-02-04T18:00:00.058000+00:00,0.0000214682,0.0006434915
2026-02-04T19:00:00.028000+00:00,-0.0000302217,-0.0007835466
2026-02-04T20:00:00.001000+00:00,-0.0000543825,-0.0011701195
2026-02-04T21:00:00.072000+00:00,-0.0000460872,-0.0010373955
2026-02-04T22:00:00.051000+00:00,-0.0000351421,-0.0008622732
2026-02-04T23:00:00.022000+00:00,-0.000010806,-0.0004728956
2026-02-05T00:00:00.003000+00:00,0.00000625,0.0000235878
2026-02-05T01:00:00.010000+00:00,0.00000625,-0.0000821276
2026-02-05T02:00:00.097000+00:00,-0.0000333799,-0.0008340781
2026-02-05T03:00:00.011000+00:00,-0.000037785,-0.0009045599
2026-02-05T04:00:00.032000+00:00,-0.0000363069,-0.0008809104
2026-02-05T05:00:00.057000+00:00,-0.0000198811,-0.0006180977
2026-02-05T06:00:00.038000+00:00,0.00000625,-0.0000238695
2026-02-05T07:00:00.008000+00:00,0.00000625,0.000103063
2026-02-05T08:00:00.038000+00:00,0.00000625,0.0000597226
2026-02-05T09:00:00.023000+00:00,0.00000625,0.0000356541
2026-02-05T10:00:00.022000+00:00,0.00000625,-0.0000116287
2026-02-05T11:00:00.046000+00:00,0.00000625,-0.0000212486
2026-02-05T12:00:00.036000+00:00,0.00000625,0.0000256474
2026-02-05T13:00:00.013000+00:00,0.00000625,-0.0000349424
2026-02-05T14:00:00.012000+00:00,0.00000625,-0.0001808149
2026-02-05T15:00:00.079000+00:00,0.00000625,-0.0001139065
2026-02-05T16:00:00.065000+00:00,0.00000625,-0.0000921413
2026-02-05T17:00:00.004000+00:00,0.00000625,-0.0000594014
2026-02-05T18:00:00.104000+00:00,0.00000625,-0.000044638
2026-02-05T19:00:00.030000+00:00,0.00000625,-0.0000141785
2026-02-05T20:00:00.057000+00:00,0.00000625,-0.0000243109
2026-02-05T21:00:00.013000+00:00,0.00000625,-0.0000681046
2026-02-05T22:00:00.040000+00:00,0.00000625,-0.0000370712
2026-02-05T23:00:00.019000+00:00,0.00000625,0.0002384558
2026-02-06T00:00:00.083000+00:00,0.00000625,-0.0000124261
2026-02-06T01:00:00.049000+00:00,0.00000625,-0.0001055622
2026-02-06T02:00:00.026000+00:00,0.00000625,-0.000084969
2026-02-06T03:00:00.050000+00:00,0.00000625,0.0002166655
2026-02-06T04:00:00.075000+00:00,0.0000205913,0.0006294613
2026-02-06T05:00:00.102000+00:00,0.00000625,0.0003044836
2026-02-06T06:00:00.022000+00:00,0.00000625,0.0000806676
2026-02-06T07:00:00.074000+00:00,0.00000625,-0.000018711
2026-02-06T08:00:00.037000+00:00,0.0000156926,0.0005510809
2026-02-06T09:00:00.042000+00:00,0.0000698416,0.0014174649
2026-02-06T10:00:00.053000+00:00,0.0000741047,0.001485675
2026-02-06T11:00:00.032000+00:00,0.0000668964,0.0013703421
2026-02-06T12:00:00.009000+00:00,0.0000680224,0.0013883591
2026-02-06T13:00:00.032000+00:00,0.0000171313,0.0005741003
2026-02-06T14:00:00.024000+00:00,0.00000625,-0.0001518601
2026-02-06T15:00:00.089000+00:00,0.00000625,-0.0000163414
2026-02-06T16:00:00.036000+00:00,0.00000625,-0.0000526945
2026-02-06T17:00:00.030000+00:00,0.00000625,0.0000113632
2026-02-06T18:00:00.086000+00:00,0.00000625,-0.0000455147
2026-02-06T19:00:00.056000+00:00,0.00000625,-0.0000627552
2026-02-06T20:00:00.016000+00:00,-0.0000003671,-0.000305873
2026-02-06T21:00:00.031000+00:00,-0.000025163,-0.0007026086
2026-02-06T22:00:00.032000+00:00,-0.0000138638,-0.0005218212
2026-02-06T23:00:00.049000+00:00,-0.0000131179,-0.0005098867
2026-02-07T00:00:00.064000+00:00,-0.0001098789,-0.0020580626
2026-02-07T01:00:00.036000+00:00,-0.0000981384,-0.0018702143
2026-02-07T02:00:00.026000+00:00,-0.0001106186,-0.0020698971
2026-02-07T03:00:00.021000+00:00,-0.0001095626,-0.0020530016
2026-02-07T04:00:00.104000+00:00,0.0000875692,0.0017011075
2026-02-07T05:00:00.063000+00:00,0.0001089339,0.0020429421
2026-02-07T06:00:00.036000+00:00,0.0001658942,0.0029543064
2026-02-07T07:00:00.008000+00:00,0.00000625,0.0001312359
2026-02-07T08:00:00.048000+00:00,0.00000625,0.0000693227
2026-02-07T09:00:00.081000+00:00,0.0001943296,0.003409274
2026-02-07T10:00:00.020000+00:00,0.0001655269,0.0029484308
2026-02-07T11:00:00.008000+00:00,0.0001740282,0.003084452
2026-02-07T12:00:00.031000+00:00,0.00000625,-0.0000035573
2026-02-07T13:00:00.040000+00:00,-0.0000635966,-0.0013175454
2026-02-07T14:00:00.008000+00:00,-0.0000884637,-0.0017154184
2026-02-07T15:00:00.093000+00:00,-0.0000689818,-0.0014037092
2026-02-07T16:00:00.146000+00:00,-0.0000164152,-0.0005626432
2026-02-07T17:00:00.055000+00:00,0.0000168056,0.0005688904
2026-02-07T18:00:00.022000+00:00,-0.0000167244,-0.0005675911
2026-02-07T19:00:00.071000+00:00,0.0000344719,0.0008515497
2026-02-07T20:00:00.020000+00:00,-0.0001250833,-0.0023013333
2026-02-07T21:00:00.089000+00:00,-0.0001518584,-0.002729734
2026-02-07T22:00:00.055000+00:00,-0.0001244387,-0.0022910198
2026-02-07T23:00:00.038000+00:00,0.00000625,0.0001072642
2026-02-08T00:00:00.042000+00:00,0.00000625,0.0002911153
2026-02-08T01:00:00.003000+00:00,0.00000625,0.0001871199
2026-02-08T02:00:00.074000+00:00,0.0000323126,0.0008170019
2026-02-08T03:00:00.113000+00:00,0.0000774461,0.0015391368
2026-02-08T04:00:00.069000+00:00,0.0000763492,0.0015215875
2026-02-08T05:00:00.059000+00:00,0.0000391408,0.0009262533
2026-02-08T06:00:00.031000+00:00,0.00000625,-0.0000447441
2026-02-08T07:00:00.038000+00:00,0.00000625,-0.0000597508
2026-02-08T08:00:00.113000+00:00,-0.0000084151,-0.0004346416
2026-02-08T09:00:00.040000+00:00,0.00000625,-0.0000687217
2026-02-08T10:00:00.031000+00:00,-0.0000000911,-0.0003014574
2026-02-08T11:00:00.068000+00:00,0.00000625,0.0001240919
2026-02-08T12:00:00.077000+00:00,0.0001460502,0.0026368034
2026-02-08T13:00:00.011000+00:00,0.0001075653,0.0020210446
2026-02-08T14:00:00.051000+00:00,0.0000621798,0.0012948765
2026-02-08T15:00:00.041000+00:00,0.0000682114,0.0013913826
2026-02-08T16:00:00.023000+00:00,0.0000313803,0.0008020842
2026-02-08T17:00:00.043000+00:00,0.00000625,0.0002826549
2026-02-08T18:00:00.023000+00:00,0.0000343395,0.0008494324
2026-02-08T19:00:00.070000+00:00,0.0000383068,0.0009129094
2026-02-08T20:00:00.046000+00:00,0.0000311233,0.0007979722
2026-02-08T21:00:00.059000+00:00,0.00000625,0.0000830154
2026-02-08T22:00:00.049000+00:00,-0.0000333634,-0.0008338151
2026-02-08T23:00:00.015000+00:00,-0.0000301445,-0.0007823126
2026-02-09T00:00:00.009000+00:00,0.0000185398,0.0005966374
2026-02-09T01:00:00.034000+00:00,0.00000625,0.0001587633
2026-02-09T02:00:00.118000+00:00,0.00000625,0.0000724121
2026-02-09T03:00:00.004000+00:00,0.00000625,0.0000748973
2026-02-09T04:00:00.091000+00:00,0.00000625,0.0000945343
2026-02-09T05:00:00.037000+00:00,0.00000625,0.0002513986
2026-02-09T06:00:00.020000+00:00,0.00000625,0.0002905863
2026-02-09T07:00:00.026000+00:00,0.00000625,0.0001378939
2026-02-09T08:00:00.013000+00:00,0.00000625,0.0000404836
2026-02-09T09:00:00.040000+00:00,0.00000625,0.0000062356
2026-02-09T10:00:00.131000+00:00,-0.0000413172,-0.0009610745
2026-02-09T11:00:00.088000+00:00,-0.0000508738,-0.0011139812
2026-02-09T12:00:00.030000+00:00,-0.0000530713,-0.0011491414
2026-02-09T13:00:00.020000+00:00,-0.000044238,-0.0010078087
2026-02-09T14:00:00.015000+00:00,0.00000625,0.0002286628
2026-02-09T15:00:00.011000+00:00,0.00000625,0.0002809503
2026-02-09T16:00:00.001000+00:00,0.00000625,0.0003817661
2026-02-09T17:00:00.038000+00:00,0.0000468513,0.0010496202
2026-02-09T18:00:00.060000+00:00,0.0000381907,0.000911052
2026-02-09T19:00:00.023000+00:00,0.0000577906,0.0012246496
2026-02-09T20:00:00.059000+00:00,0.0000240807,0.0006852917
2026-02-09T21:00:00.068000+00:00,0.00000625,0.0002329357
2026-02-09T22:00:00.065000+00:00,0.00000625,0.0003340383
2026-02-09T23:00:00.046000+00:00,0.0000538868,0.0011621892
2026-02-10T00:00:00.013000+00:00,0.00004738,0.0010580803
2026-02-10T01:00:00.012000+00:00,0.0000518595,0.0011297516
2026-02-10T02:00:00.055000+00:00,0.0000710892,0.0014374278
2026-02-10T03:00:00.057000+00:00,0.0000603499,0.0012655984
2026-02-10T04:00:00.071000+00:00,0.0000361706,0.0008787301
2026-02-10T05:00:00.024000+00:00,0.0000196958,0.0006151335
2026-02-10T06:00:00.028000+00:00,0.0000251035,0.0007016558
2026-02-10T07:00:00.090000+00:00,0.0000407634,0.0009522152
2026-02-10T08:00:00.018000+00:00,0.0000439325,0.0010029204
2026-02-10T09:00:00.041000+00:00,0.0000818403,0.0016094449
2026-02-10T10:00:00.028000+00:00,0.0000726617,0.0014625869
2026-02-10T11:00:00.100000+00:00,0.0000546312,0.0011740997
2026-02-10T12:00:00.032000+00:00,0.0000695208,0.0014123332
2026-02-10T13:00:00.106000+00:00,0.0000547032,0.0011752515
2026-02-10T14:00:00.038000+00:00,0.0000540135,0.0011642163
2026-02-10T15:00:00.006000+00:00,0.0000319109,0.000810575
2026-02-10T16:00:00.009000+00:00,0.00000625,-0.0001916877
2026-02-10T17:00:00.070000+00:00,-0.0000149394,-0.0005390304
2026-02-10T18:00:00.065000+00:00,-0.0000273099,-0.0007369576
2026-02-10T19:00:00.015000+00:00,-0.0000215344,-0.0006445512
2026-02-10T20:00:00.053000+00:00,-0.0000462962,-0.0010407394
2026-02-10T21:00:00.100000+00:00,-0.0000535828,-0.0011573248
2026-02-10T22:00:00.070000+00:00,-0.0000519154,-0.0011306463
2026-02-10T23:00:00.016000+00:00,-0.000120385,-0.0022261603
2026-02-11T00:00:00.036000+00:00,-0.0000078443,-0.0004255089
2026-02-11T01:00:00.007000+00:00,-0.0000012415,-0.0003198633
2026-02-11T02:00:00.051000+00:00,0.0000036595,-0.000241448
2026-02-11T03:00:00.098000+00:00,-0.0000112709,-0.0004803347
2026-02-11T04:00:00.071000+00:00,0.00000625,-0.0001768208
2026-02-11T05:00:00.030000+00:00,0.0000034145,-0.0002453687
2026-02-11T06:00:00.005000+00:00,0.00000625,-0.0000919715
2026-02-11T07:00:00.062000+00:00,0.00000625,-0.0000788566
2026-02-11T08:00:00.095000+00:00,0.00000625,-0.0001029029
2026-02-11T09:00:00.114000+00:00,0.00000625,-0.0000976083
2026-02-11T10:00:00.048000+00:00,0.00000625,-0.0001327059
2026-02-11T11:00:00.086000+00:00,0.00000625,-0.0001222701
2026-02-11T12:00:00.022000+00:00,0.00000625,-0.0001661612
2026-02-11T13:00:00.055000+00:00,0.00000625,-0.0001972413
2026-02-11T14:00:00.087000+00:00,-0.0000079233,-0.0004267726
2026-02-11T15:00:00.012000+00:00,-0.0000112031,-0.0004792497
2026-02-11T16:00:00.074000+00:00,-0.0000264682,-0.0007234913
2026-02-11T17:00:00.077000+00:00,-0.0000156348,-0.0005501565
2026-02-11T18:00:00.062000+00:00,-0.0000017467,-0.0003279473
2026-02-11T19:00:00.045000+00:00,0.0000045414,-0.0002273378
2026-02-11T20:00:00.051000+00:00,-0.0000307484,-0.0007919746
2026-02-11T21:00:00.053000+00:00,-0.0000321218,-0.0008139489
2026-02-11T22:00:00.067000+00:00,-0.0000330153,-0.0008282442
2026-02-11T23:00:00.087000+00:00,0.00000625,-0.0000095404
2026-02-12T00:00:00.006000+00:00,0.0000120221,0.0004923539
2026-02-12T01:00:00.034000+00:00,0.00000625,0.0002939231
2026-02-12T02:00:00.037000+00:00,0.00000625,0.0003206174
2026-02-12T03:00:00.057000+00:00,0.00000625,0.0001151339
2026-02-12T04:00:00.004000+00:00,0.00000625,0.0001873335
2026-02-12T05:00:00.075000+00:00,-0.0000099545,-0.0004592728
2026-02-12T06:00:00.077000+00:00,-0.0000031373,-0.0003501971
2026-02-12T07:00:00.029000+00:00,-0.0000039401,-0.0003630421
2026-02-12T08:00:00.036000+00:00,-0.0000163266,-0.0005612252
2026-02-12T09:00:00.054000+00:00,-0.0000029356,-0.000346969
2026-02-12T10:00:00.022000+00:00,-0.0000104135,-0.0004666158
2026-02-12T11:00:00.008000+00:00,-0.0000033951,-0.0003543218
2026-02-12T12:00:00.064000+00:00,0.00000625,-0.0001240904
2026-02-12T13:00:00.056000+00:00,0.00000625,-0.0000803385
2026-02-12T14:00:00.023000+00:00,0.00000625,0.0001155033
2026-02-12T15:00:00.004000+00:00,0.00000625,-0.000159434
2026-02-12T16:00:00.043000+00:00,-0.0000235266,-0.000676425
2026-02-12T17:00:00.026000+00:00,-0.000045378,-0.0010260483
2026-02-12T18:00:00.015000+00:00,-0.0000482874,-0.0010725992
2026-02-12T19:00:00.053000+00:00,-0.0000457919,-0.0010326704
2026-02-12T20:00:00.037000+00:00,-0.00004411,-0.0010057603
2026-02-12T21:00:00.043000+00:00,-0.0000571042,-0.0012136668
2026-02-12T22:00:00.010000+00:00,-0.0000543308,-0.0011692933
2026-02-12T23:00:00.072000+00:00,0.00000625,0.0001609343
2026-02-13T00:00:00.092000+00:00,0.0000967884,0.0018486147
2026-02-13T01:00:00.083000+00:00,0.0000462002,0.0010392037
2026-02-13T02:00:00.050000+00:00,-0.0000275697,-0.0007411147
2026-02-13T03:00:00.009000+00:00,-0.0000454457,-0.0010271305
2026-02-13T04:00:00.087000+00:00,-0.0000098905,-0.0004582474
2026-02-13T05:00:00.083000+00:00,-0.000000938,-0.0003150079
2026-02-13T06:00:00.070000+00:00,-0.0000080474,-0.0004287584
2026-02-13T07:00:00.056000+00:00,-0.0000124727,-0.0004995625
2026-02-13T08:00:00.018000+00:00,-0.0000112793,-0.0004804692
2026-02-13T09:00:00.087000+00:00,-0.0000073071,-0.0004169139
2026-02-13T10:00:00.004000+00:00,-0.0000032408,-0.0003518522
2026-02-13T11:00:00.117000+00:00,-0.000004225,-0.0003675995
2026-02-13T12:00:00.059000+00:00,-0.000001157,-0.0003185122
2026-02-13T13:00:00.040000+00:00,0.00000625,-0.0001979163
2026-02-13T14:00:00.092000+00:00,0.00000625,0.0002728506
2026-02-13T15:00:00.081000+00:00,0.00000625,0.0002072017
2026-02-13T16:00:00.038000+00:00,0.00000625,0.0000501225
2026-02-13T17:00:00.023000+00:00,0.00000625,0.0001949206
2026-02-13T18:00:00.120000+00:00,0.00000625,-0.0000493126
2026-02-13T19:00:00.063000+00:00,-0.000001506,-0.000324096
2026-02-13T20:00:00.048000+00:00,-0.0000141554,-0.0005264871
2026-02-13T21:00:00.056000+00:00,-0.0000101654,-0.0004626463
2026-02-13T22:00:00.018000+00:00,0.00000625,-0.0000336908
2026-02-13T23:00:00.072000+00:00,-0.0000132097,-0.0005113559
2026-02-14T00:00:00.041000+00:00,0.00000625,0.0000016978
2026-02-14T01:00:00.085000+00:00,0.00000625,-0.0000744212
2026-02-14T02:00:00.103000+00:00,0.0000022227,-0.0002644368
2026-02-14T03:00:00.007000+00:00,-0.0000197073,-0.0006153162
2026-02-14T04:00:00.098000+00:00,0.0000054775,-0.0002123607
2026-02-14T05:00:00.016000+00:00,-0.0000232104,-0.0006713664
2026-02-14T06:00:00.103000+00:00,0.00000625,-0.0000934966
2026-02-14T07:00:00.037000+00:00,0.00000625,0.0002848025
2026-02-14T08:00:00.001000+00:00,0.00000625,0.0002710435
2026-02-14T09:00:00.050000+00:00,0.000171371,0.0030419363
2026-02-14T10:00:00.086000+00:00,0.0000825255,0.0016204073
2026-02-14T11:00:00.026000+00:00,0.00000625,0.000164553
2026-02-14T12:00:00.125000+00:00,0.0000017204,-0.0002724738
2026-02-14T13:00:00.083000+00:00,0.0000000116,-0.0002998143
2026-02-14T14:00:00.055000+00:00,-0.0000174974,-0.0005799578
2026-02-14T15:00:00.081000+00:00,0.00000625,-0.0000230617
2026-02-14T16:00:00.035000+00:00,-0.0000058819,-0.0003941106
2026-02-14T17:00:00.075000+00:00,-0.0000319185,-0.0008106952
2026-02-14T18:00:00.102000+00:00,0.00000625,-0.0001440024
2026-02-14T19:00:00.005000+00:00,0.0001010536,0.0019168569
2026-02-14T20:00:00.071000+00:00,0.0001231111,0.002269778
2026-02-14T21:00:00.056000+00:00,0.0001482926,0.0026726809
2026-02-14T22:00:00.045000+00:00,0.0001515585,0.0027249355
2026-02-14T23:00:00.022000+00:00,0.0001460841,0.0026373455
2026-02-15T00:00:00.102000+00:00,0.0001614955,0.0028839273
2026-02-15T01:00:00.052000+00:00,0.0001806312,0.0031900994
2026-02-15T02:00:00.088000+00:00,0.0001157451,0.0021519215
2026-02-15T03:00:00.093000+00:00,0.0000632672,0.0013122753
2026-02-15T04:00:00.058000+00:00,0.0000518898,0.0011302373
2026-02-15T05:00:00.004000+00:00,0.0000311981,0.0007991688
2026-02-15T06:00:00.027000+00:00,0.0000208927,0.0006342828
2026-02-15T07:00:00.020000+00:00,0.0000469927,0.0010518828
2026-02-15T08:00:00.027000+00:00,0.0000325803,0.0008212847
2026-02-15T09:00:00.043000+00:00,0.0000237184,0.0006794941
2026-02-15T10:00:00.001000+00:00,0.0000224775,0.0006596399
2026-02-15T11:00:00.015000+00:00,0.000025414,0.000706624
2026-02-15T12:00:00.014000+00:00,0.0000257066,0.0007113062
2026-02-15T13:00:00.012000+00:00,0.0001000222,0.0019003549
2026-02-15T14:00:00.023000+00:00,0.000115267,0.0021442727
2026-02-15T15:00:00.014000+00:00,0.0001223423,0.0022574761
2026-02-15T16:00:00.083000+00:00,0.0001208672,0.0022338748
2026-02-15T17:00:00.027000+00:00,0.000077455,0.0015392793
2026-02-15T18:00:00.006000+00:00,0.0000604857,0.0012677706
2026-02-15T19:00:00.023000+00:00,0.00003808,0.0009092794
2026-02-15T20:00:00.060000+00:00,0.000028264,0.0007522244
2026-02-15T21:00:00.008000+00:00,0.0000234639,0.0006754219
2026-02-15T22:00:00.058000+00:00,0.0000263633,0.0007218121
2026-02-15T23:00:00.053000+00:00,0.0000539931,0.0011638893
2026-02-16T00:00:00.071000+00:00,0.0000288187,0.0007610998
2026-02-16T01:00:00.023000+00:00,0.0000392519,0.0009280311
2026-02-16T02:00:00.070000+00:00,0.0000160961,0.0005575369
2026-02-16T03:00:00.088000+00:00,0.0000227511,0.0006640181
2026-02-16T04:00:00.033000+00:00,0.0000138158,0.0005210521
2026-02-16T05:00:00.025000+00:00,0.00000625,0.0003300557
2026-02-16T06:00:00.006000+00:00,0.00000625,0.0001710476
2026-02-16T07:00:00.043000+00:00,0.0000182862,0.0005925792
2026-02-16T08:00:00.025000+00:00,0.0000323564,0.0008177022
2026-02-16T09:00:00.002000+00:00,0.0000181263,0.000590021
2026-02-16T10:00:00.026000+00:00,0.00000625,0.0001452825
2026-02-16T11:00:00+00:00,0.00000625,0.0001654719
2026-02-16T12:00:00.075000+00:00,0.0000069533,0.0004112527
2026-02-16T13:00:00.013000+00:00,0.000016479,0.0005636637
2026-02-16T14:00:00.083000+00:00,0.0000121427,0.0004942826
2026-02-16T15:00:00.037000+00:00,0.0000095005,0.0004520079
2026-02-16T16:00:00.099000+00:00,0.0000442805,0.0010084886
2026-02-16T17:00:00.019000+00:00,0.0000457348,0.0010317576
2026-02-16T18:00:00.138000+00:00,0.000065213,0.0013434087
2026-02-16T19:00:00.072000+00:00,0.0000379528,0.0009072453
2026-02-16T20:00:00.001000+00:00,0.0000344835,0.0008517358
2026-02-16T21:00:00.070000+00:00,0.0000399355,0.0009389685
2026-02-16T22:00:00.043000+00:00,0.0000174684,0.0005794946
2026-02-16T23:00:00.088000+00:00,0.0000287013,0.0007592203
2026-02-17T00:00:00.063000+00:00,0.0000232967,0.0006727474
2026-02-17T01:00:00.070000+00:00,0.0000334001,0.0008344015
2026-02-17T02:00:00.032000+00:00,0.0000244376,0.0006910014
2026-02-17T03:00:00.021000+00:00,0.00000625,-0.000186044
2026-02-17T04:00:00.061000+00:00,-0.0000197304,-0.0006156857
2026-02-17T05:00:00.038000+00:00,-0.0000174795,-0.0005796724
2026-02-17T06:00:00.104000+00:00,-0.0000149615,-0.0005393839
2026-02-17T07:00:00.044000+00:00,-0.0000204963,-0.0006279412
2026-02-17T08:00:00.015000+00:00,-0.0000251277,-0.0007020433
2026-02-17T09:00:00.082000+00:00,-0.000024841,-0.0006974562
2026-02-17T10:00:00.097000+00:00,-0.0000119358,-0.0004909727
2026-02-17T11:00:00.042000+00:00,0.00000625,0.0000427927
2026-02-17T12:00:00.044000+00:00,0.0000093161,0.0004490576
2026-02-17T13:00:00.044000+00:00,0.0000139043,0.0005224689
2026-02-17T14:00:00.063000+00:00,0.0000037769,-0.0002395703
2026-02-17T15:00:00.062000+00:00,0.00000625,0.0002133659
2026-02-17T16:00:00.071000+00:00,-0.0000214356,-0.0006429692
2026-02-17T17:00:00.038000+00:00,-0.0000116468,-0.0004863493
2026-02-17T18:00:00.030000+00:00,-0.0000047092,-0.0003753472
2026-02-17T19:00:00.003000+00:00,0.00000625,0.0001013037
2026-02-17T20:00:00.062000+00:00,0.0000237902,0.0006806425
2026-02-17T21:00:00.058000+00:00,0.0000263866,0.0007221857
2026-02-17T22:00:00.051000+00:00,0.0000240077,0.0006841233
2026-02-17T23:00:00.070000+00:00,0.0000102028,0.0004632452
2026-02-18T00:00:00.021000+00:00,0.0000297613,0.0007761811
2026-02-18T01:00:00.085000+00:00,0.0000263406,0.0007214502
2026-02-18T02:00:00.067000+00:00,0.0000109175,0.0004746804
2026-02-18T03:00:00.005000+00:00,0.0000150636,0.000541017
2026-02-18T04:00:00.016000+00:00,0.00000625,0.0002726998
2026-02-18T05:00:00.053000+00:00,0.0000423035,0.0009768562
2026-02-18T06:00:00.013000+00:00,0.0000442528,0.001008045
2026-02-18T07:00:00.044000+00:00,0.000025571,0.0007091364
2026-02-18T08:00:00.085000+00:00,0.0000225984,0.0006615737
2026-02-18T09:00:00.065000+00:00,0.0000269492,0.0007311878
2026-02-18T10:00:00.081000+00:00,0.0000435735,0.0009971765
2026-02-18T11:00:00.026000+00:00,0.0000451606,0.0010225702
2026-02-18T12:00:00.017000+00:00,0.0000485872,0.0010773957
2026-02-18T13:00:00.034000+00:00,0.0000085835,0.0004373364
2026-02-18T14:00:00.046000+00:00,0.0000154983,0.0005479721
2026-02-18T15:00:00.043000+00:00,0.0000795383,0.0015726124
2026-02-18T16:00:00.046000+00:00,0.0000932467,0.0017919478
2026-02-18T17:00:00.010000+00:00,0.0000790767,0.0015652278
2026-02-18T18:00:00.003000+00:00,0.0000727674,0.0014642786
2026-02-18T19:00:00.072000+00:00,0.0001211187,0.002237899
2026-02-18T20:00:00.039000+00:00,0.0001373641,0.0024978257
2026-02-18T21:00:00.040000+00:00,0.0000866024,0.0016856392
2026-02-18T22:00:00.035000+00:00,0.0000847448,0.0016559175
2026-02-18T23:00:00.022000+00:00,0.0002323442,0.0040175072
2026-02-19T00:00:00.054000+00:00,0.0001035438,0.0019567014
2026-02-19T01:00:00.073000+00:00,0.0000980704,0.0018691262
2026-02-19T02:00:00.079000+00:00,0.0000835387,0.0016366189
2026-02-19T03:00:00.021000+00:00,0.0000787135,0.0015594159
2026-02-19T04:00:00.122000+00:00,0.0000570956,0.0012135296
2026-02-19T05:00:00.058000+00:00,0.0000616083,0.0012857333
2026-02-19T06:00:00.072000+00:00,0.0000453905,0.0010262479
2026-02-19T07:00:00.126000+00:00,0.0000489816,0.0010837062
2026-02-19T08:00:00.040000+00:00,0.0000437086,0.0009993373
2026-02-19T09:00:00.019000+00:00,0.0000428033,0.0009848527
2026-02-19T10:00:00.033000+00:00,0.0000929593,0.0017873487
2026-02-19T11:00:00.010000+00:00,0.0001569747,0.0028115948
2026-02-19T12:00:00.062000+00:00,0.0000942397,0.001807836
2026-02-19T13:00:00.017000+00:00,0.0000880474,0.0017087578
2026-02-19T14:00:00.019000+00:00,0.0000773323,0.0015373164
2026-02-19T15:00:00.067000+00:00,0.0000700514,0.0014208217
2026-02-19T16:00:00.026000+00:00,0.0000508918,0.001114269
2026-02-19T17:00:00.013000+00:00,0.0000436211,0.0009979382
2026-02-19T18:00:00+00:00,0.0000412252,0.0009596026
2026-02-19T19:00:00.043000+00:00,0.00000625,0.0001796428
2026-02-19T20:00:00.009000+00:00,0.0000282408,0.0007518533
2026-02-19T21:00:00.023000+00:00,0.0000290684,0.000765094
2026-02-19T22:00:00.022000+00:00,0.0000067572,0.0004081154
2026-02-19T23:00:00.042000+00:00,0.00000625,0.0002623206
2026-02-20T00:00:00.035000+00:00,0.0000098289,0.0004572616
2026-02-20T01:00:00.190000+00:00,0.00000625,0.0002491553
2026-02-20T02:00:00.054000+00:00,0.00000625,0.0002943397
2026-02-20T03:00:00.118000+00:00,0.0000256526,0.000710442
2026-02-20T04:00:00.085000+00:00,0.0000225867,0.0006613874
2026-02-20T05:00:00.048000+00:00,0.00000625,0.0003529468
2026-02-20T06:00:00.033000+00:00,0.0000205471,0.0006287543
2026-02-20T07:00:00.077000+00:00,0.0000384164,0.0009146629
2026-02-20T08:00:00.069000+00:00,0.000041967,0.0009714727
2026-02-20T09:00:00.018000+00:00,0.0000014548,-0.0002767232
2026-02-20T10:00:00.018000+00:00,0.0000046675,-0.0002253194
2026-02-20T11:00:00.029000+00:00,0.0000281622,0.0007505947
2026-02-20T12:00:00.020000+00:00,0.00000625,0.0001095112
2026-02-20T13:00:00.001000+00:00,-0.0000158827,-0.0005541225
2026-02-20T14:00:00.062000+00:00,-0.0000079312,-0.000426899
2026-02-20T15:00:00.013000+00:00,-0.0000122264,-0.0004956231
2026-02-20T16:00:00.044000+00:00,0.00000625,0.0000629072
2026-02-20T17:00:00.002000+00:00,-0.0000162721,-0.0005603529
2026-02-20T18:00:00.056000+00:00,-0.0000015717,-0.0003251472
2026-02-20T19:00:00.125000+00:00,0.0000435646,0.0009970344
2026-02-20T20:00:00.028000+00:00,0.0000269921,0.0007318732
2026-02-20T21:00:00.083000+00:00,0.0000080485,0.0004287756
2026-02-20T22:00:00.095000+00:00,0.0000348682,0.0008578913
2026-02-20T23:00:00.033000+00:00,0.0001245905,0.0022934482
2026-02-21T00:00:00.011000+00:00,0.0000628892,0.0013062266
2026-02-21T01:00:00.131000+00:00,0.0000534866,0.0011557851
2026-02-21T02:00:00.011000+00:00,0.0000798472,0.0015775548
2026-02-21T03:00:00.063000+00:00,0.0000853169,0.0016650709
2026-02-21T04:00:00.080000+00:00,0.000074787,0.0014965916
2026-02-21T05:00:00.080000+00:00,0.000044716,0.0010154566
2026-02-21T06:00:00.034000+00:00,0.0000528022,0.0011448349
2026-02-21T07:00:00.068000+00:00,0.0000473928,0.0010582852
2026-02-21T08:00:00.035000+00:00,0.0000435532,0.0009968507
2026-02-21T09:00:00.020000+00:00,0.0000687108,0.0013993721
2026-02-21T10:00:00.068000+00:00,0.0000724584,0.0014593338
2026-02-21T11:00:00.028000+00:00,0.0000782075,0.0015513203
2026-02-21T12:00:00.071000+00:00,0.0000754015,0.0015064238
2026-02-21T13:00:00.019000+00:00,0.0000667116,0.001367385
2026-02-21T14:00:00+00:00,0.0000881377,0.0017102025
2026-02-21T15:00:00.011000+00:00,0.0000350522,0.0008608348
2026-02-21T16:00:00.010000+00:00,0.000019789,0.0006166235
2026-02-21T17:00:00.060000+00:00,0.00000625,0.0002789788
2026-02-21T18:00:00.086000+00:00,0.00000625,0.0003159848
2026-02-21T19:00:00.111000+00:00,0.0000233388,0.0006734201
2026-02-21T20:00:00.048000+00:00,0.000025508,0.0007081284
2026-02-21T21:00:00.024000+00:00,0.000008301,0.0004328161
2026-02-21T22:00:00.037000+00:00,0.0000808666,0.0015938657
2026-02-21T23:00:00.054000+00:00,0.0000234103,0.0006745649
2026-02-22T00:00:00.015000+00:00,-0.000063783,-0.0013205279
2026-02-22T01:00:00.084000+00:00,-0.0000098528,-0.000457644
2026-02-22T02:00:00.046000+00:00,0.000018434,0.0005949445
2026-02-22T03:00:00.056000+00:00,0.0000187264,0.0005996231
2026-02-22T04:00:00.066000+00:00,0.0000940771,0.0018052338
2026-02-22T05:00:00.123000+00:00,0.0000269587,0.0007313399
2026-02-22T06:00:00.012000+00:00,-0.0002065012,-0.0036040185
2026-02-22T07:00:00.039000+00:00,-0.0001363429,-0.0024814864
2026-02-22T08:00:00.009000+00:00,-0.0001030997,-0.0019495949
2026-02-22T09:00:00.017000+00:00,-0.0001181386,-0.002190217
2026-02-22T10:00:00.091000+00:00,0.00000625,0.000078659
2026-02-22T11:00:00.056000+00:00,0.00000625,0.00037132
2026-02-22T12:00:00.075000+00:00,0.00000625,0.0002708525
2026-02-22T13:00:00.038000+00:00,0.00000625,0.0002677083
2026-02-22T14:00:00.048000+00:00,0.00000625,0.0002638219
2026-02-22T15:00:00.114000+00:00,0.00000625,0.0002961245
2026-02-22T16:00:00.015000+00:00,0.00000625,0.0003874628
2026-02-22T17:00:00.036000+00:00,0.0000281049,0.0007496779
2026-02-22T18:00:00.075000+00:00,0.0000451669,0.001022671
2026-02-22T19:00:00.006000+00:00,0.0000983115,0.0018729847
2026-02-22T20:00:00.029000+00:00,0.0002537735,0.0043603753
2026-02-22T21:00:00+00:00,0.0002926424,0.0049822791
2026-02-22T22:00:00.023000+00:00,0.0000531704,0.001150727
2026-02-22T23:00:00.093000+00:00,0.00000625,-0.0001557558
2026-02-23T00:00:00.016000+00:00,0.0001349429,0.0024590861
2026-02-23T01:00:00.004000+00:00,0.0000261218,0.0007179484
2026-02-23T02:00:00.025000+00:00,0.00000625,0.0001504158
2026-02-23T03:00:00.025000+00:00,0.000021102,0.0006376326
2026-02-23T04:00:00.028000+00:00,0.000055827,0.0011932326
2026-02-23T05:00:00.010000+00:00,0.0000357092,0.0008713469
2026-02-23T06:00:00.078000+00:00,0.0000159541,0.0005552652
2026-02-23T07:00:00.058000+00:00,0.00000625,0.0002477763
2026-02-23T08:00:00.004000+00:00,0.0000339087,0.0008425396
2026-02-23T09:00:00.103000+00:00,0.0000603045,0.0012648714
2026-02-23T10:00:00.012000+00:00,0.0000535148,0.0011562367
2026-02-23T11:00:00.010000+00:00,0.0000456976,0.0010311618
2026-02-23T12:00:00.004000+00:00,0.0000370549,0.0008928792
2026-02-23T13:00:00.080000+00:00,0.0000388527,0.0009216432
2026-02-23T14:00:00.028000+00:00,0.0000342327,0.0008477233
2026-02-23T15:00:00.059000+00:00,0.0000234069,0.0006745098
2026-02-23T16:00:00.045000+00:00,0.000016025,0.0005563998
2026-02-23T17:00:00.042000+00:00,0.0000234875,0.0006757994
2026-02-23T18:00:00.076000+00:00,0.00000625,0.0002965958
2026-02-23T19:00:00.053000+00:00,0.0000399581,0.0009393301
2026-02-23T20:00:00.017000+00:00,0.0000287572,0.0007601148
2026-02-23T21:00:00.054000+00:00,0.0000312981,0.0008007691
2026-02-23T22:00:00.029000+00:00,0.0000363693,0.0008819083
2026-02-23T23:00:00.037000+00:00,0.0001350988,0.0024615809
2026-02-24T00:00:00.048000+00:00,0.0001471238,0.002653981
2026-02-24T01:00:00.134000+00:00,0.0000906461,0.001750337
2026-02-24T02:00:00.050000+00:00,0.000036713,0.0008874086
2026-02-24T03:00:00.046000+00:00,0.0000204783,0.0006276528
2026-02-24T04:00:00.015000+00:00,0.0000142484,0.0005279739
2026-02-24T05:00:00.026000+00:00,0.0000067865,0.0004085836
2026-02-24T06:00:00.085000+00:00,0.00000625,0.0001654555
2026-02-24T07:00:00.076000+00:00,0.0000438393,0.001001428
2026-02-24T08:00:00.022000+00:00,0.0000339383,0.0008430133
2026-02-24T09:00:00.048000+00:00,0.00000625,-0.0000525284
2026-02-24T10:00:00.044000+00:00,0.0000234503,0.0006752048
2026-02-24T11:00:00.020000+00:00,0.0000503874,0.0011061978
2026-02-24T12:00:00.025000+00:00,0.0000395538,0.0009328605
2026-02-24T13:00:00.047000+00:00,0.0000396872,0.0009349954
2026-02-24T14:00:00.060000+00:00,0.0001121791,0.0020948649
2026-02-24T15:00:00.057000+00:00,0.0000617489,0.0012879828
2026-02-24T16:00:00.005000+00:00,0.0000407216,0.0009515456
2026-02-24T17:00:00.049000+00:00,0.0000447677,0.0010162831
2026-02-24T18:00:00.022000+00:00,0.0000198667,0.000617868
2026-02-24T19:00:00.066000+00:00,0.0000200828,0.000621325
2026-02-24T20:00:00.026000+00:00,0.0000222751,0.0006564011
2026-02-24T21:00:00.002000+00:00,0.000029691,0.0007750562
2026-02-24T22:00:00.030000+00:00,0.0000425124,0.0009801986
2026-02-24T23:00:00.078000+00:00,0.0000489196,0.0010827141
2026-02-25T00:00:00.014000+00:00,0.0000518353,0.0011293654
2026-02-25T01:00:00.032000+00:00,0.0000514457,0.001123131
2026-02-25T02:00:00.039000+00:00,0.0000605236,0.0012683774
2026-02-25T03:00:00.030000+00:00,0.0000627022,0.0013032355
2026-02-25T04:00:00.056000+00:00,0.0000527818,0.0011445096
2026-02-25T05:00:00.028000+00:00,0.0000456849,0.0010309585
2026-02-25T06:00:00.061000+00:00,0.0000348066,0.0008569051
2026-02-25T07:00:00+00:00,0.00000625,0.0003064506
2026-02-25T08:00:00.037000+00:00,0.0000215516,0.0006448256
2026-02-25T09:00:00.060000+00:00,0.0000519293,0.0011308692
2026-02-25T10:00:00.029000+00:00,0.0000561288,0.0011980611
2026-02-25T11:00:00.055000+00:00,0.0000503009,0.0011048149
2026-02-25T12:00:00.008000+00:00,0.0000132627,0.0005122035
2026-02-25T13:00:00.008000+00:00,0.0000177484,0.0005839747
2026-02-25T14:00:00.023000+00:00,0.0000317323,0.0008077175
2026-02-25T15:00:00.051000+00:00,0.0000173009,0.0005768142
2026-02-25T16:00:00.012000+00:00,0.00000625,0.0002700409
2026-02-25T17:00:00.075000+00:00,0.0000195513,0.0006128208
2026-02-25T18:00:00.088000+00:00,0.0000216916,0.0006470662
2026-02-25T19:00:00.128000+00:00,0.0000093492,0.0004495864
2026-02-25T20:00:00.055000+00:00,0.000007117,0.000413872
2026-02-25T21:00:00.015000+00:00,0.0000208114,0.0006329828
2026-02-25T22:00:00+00:00,0.000031832,0.0008093121
2026-02-25T23:00:00.045000+00:00,0.0000476881,0.0010630093
2026-02-26T00:00:00.036000+00:00,0.000028419,0.0007547042
2026-02-26T01:00:00.091000+00:00,0.00000625,0.0003936529
2026-02-26T02:00:00.018000+00:00,0.000007719,0.0004235033
2026-02-26T03:00:00.060000+00:00,0.00000625,0.0003029377
2026-02-26T04:00:00.013000+00:00,0.00000625,0.000161975
2026-02-26T05:00:00.058000+00:00,0.0000220332,0.0006525319
2026-02-26T06:00:00.099000+00:00,0.0000217581,0.0006481303
2026-02-26T07:00:00.021000+00:00,0.00000625,0.0002103034
2026-02-26T08:00:00.072000+00:00,0.0000215119,0.0006441909
2026-02-26T09:00:00.076000+00:00,0.0000217109,0.000647375
2026-02-26T10:00:00.108000+00:00,0.0000134599,0.0005153577
2026-02-26T11:00:00.073000+00:00,0.00000625,0.0001880238
2026-02-26T12:00:00.041000+00:00,0.00000625,0.00032509
2026-02-26T13:00:00.051000+00:00,0.00000625,0.0003230065
2026-02-26T14:00:00.019000+00:00,0.0000139093,0.0005225491
2026-02-26T15:00:00.033000+00:00,0.0000073832,0.0004181305
2026-02-26T16:00:00.028000+00:00,0.0000210495,0.0006367915
2026-02-26T17:00:00.027000+00:00,0.00000625,0.0003803269
2026-02-26T18:00:00.023000+00:00,0.0000064853,0.0004037645
2026-02-26T19:00:00.009000+00:00,0.00000625,0.0002420642
2026-02-26T20:00:00.035000+00:00,0.00000625,0.0001584478
2026-02-26T21:00:00.019000+00:00,0.00000625,0.000287367
2026-02-26T22:00:00.019000+00:00,0.00000625,0.0002916843
2026-02-26T23:00:00.054000+00:00,0.00000625,-0.0001373133
2026-02-27T00:00:00.001000+00:00,0.00000625,0.0002369707
2026-02-27T01:00:00.078000+00:00,0.00000625,0.000160235
2026-02-27T02:00:00.016000+00:00,0.00000625,0.0003040229
2026-02-27T03:00:00.116000+00:00,0.00000625,0.0001946732
2026-02-27T04:00:00.057000+00:00,0.0000186774,0.0005988382
2026-02-27T05:00:00.058000+00:00,0.0000279576,0.000747321
2026-02-27T06:00:00.053000+00:00,0.00000625,0.0002712918
2026-02-27T07:00:00.067000+00:00,0.00000625,0.0001529566
2026-02-27T08:00:00.017000+00:00,0.00000625,0.0003814584
2026-02-27T09:00:00.026000+00:00,0.00000625,0.0003313055
2026-02-27T10:00:00.074000+00:00,0.00000625,0.000326749
2026-02-27T11:00:00.078000+00:00,0.0000076644,0.0004226303
2026-02-27T12:00:00.028000+00:00,0.00000625,0.0002996954
2026-02-27T13:00:00.020000+00:00,0.0000097982,0.0004567705
2026-02-27T14:00:00.036000+00:00,0.00000625,0.0003239848
2026-02-27T15:00:00.054000+00:00,0.00000625,0.0003626137
2026-02-27T16:00:00.132000+00:00,0.0000557223,0.0011915575
2026-02-27T17:00:00.041000+00:00,0.0000380647,0.0009090355
2026-02-27T18:00:00.037000+00:00,0.0000738677,0.001481884
2026-02-27T19:00:00.012000+00:00,0.0000952076,0.0018233218
2026-02-27T20:00:00.028000+00:00,0.0001180137,0.0021882198
2026-02-27T21:00:00.037000+00:00,0.0001297892,0.0023766279
2026-02-27T22:00:00.023000+00:00,0.0001145316,0.0021325061
2026-02-27T23:00:00.014000+00:00,0.0005862367,0.0096797865
2026-02-28T00:00:00.086000+00:00,0.0005985072,0.0098761154
2026-02-28T01:00:00.090000+00:00,0.0000578256,0.0012252092
2026-02-28T02:00:00.058000+00:00,0.0000184363,0.0005949809
2026-02-28T03:00:00.012000+00:00,-0.0000074074,-0.0004185189
2026-02-28T04:00:00.088000+00:00,0.0000424948,0.0009799161
2026-02-28T05:00:00.063000+00:00,0.00000625,0.0001186037
2026-02-28T06:00:00.065000+00:00,0.0000314814,0.000803702
2026-02-28T07:00:00.026000+00:00,0.0008367665,0.0136882634
2026-02-28T08:00:00.028000+00:00,0.0006772459,0.0111359336
2026-02-28T09:00:00.012000+00:00,0.0002423319,0.0041773106
2026-02-28T10:00:00.008000+00:00,0.0000889927,0.0017238835
2026-02-28T11:00:00.008000+00:00,0.0000299641,0.0007794264
2026-02-28T12:00:00.032000+00:00,0.0000064238,0.000402781
2026-02-28T13:00:00.035000+00:00,0.00000625,0.0002658697
2026-02-28T14:00:00.033000+00:00,0.00000625,0.0002268257
2026-02-28T15:00:00.021000+00:00,0.0000081671,0.0004306734
2026-02-28T16:00:00.041000+00:00,0.0000305857,0.0007893711
2026-02-28T17:00:00.025000+00:00,0.0000337297,0.0008396749
2026-02-28T18:00:00.015000+00:00,0.0000320883,0.0008134123
2026-02-28T19:00:00.074000+00:00,0.0000231072,0.0006697152
2026-02-28T20:00:00.039000+00:00,0.00000625,0.0000353837
2026-02-28T21:00:00.041000+00:00,0.00000625,0.0000351478
2026-02-28T22:00:00.035000+00:00,0.00000625,0.0000353837
2026-02-28T23:00:00.066000+00:00,0.00000625,0.0000351871
2026-03-01T00:00:00.168000+00:00,0.00000625,0.0000353837
2026-03-01T01:00:00.024000+00:00,0.00000625,0.0000353837
2026-03-01T02:00:00.052000+00:00,0.00000625,0.0000352658
2026-03-01T03:00:00.074000+00:00,0.00000625,0.0000353444
2026-03-01T04:00:00.034000+00:00,0.00000625,0.000029221
2026-03-01T05:00:00.052000+00:00,0.00000625,0.000028307
2026-03-01T06:00:00.071000+00:00,0.00000625,0.000028307
2026-03-01T07:00:00.018000+00:00,0.00000625,0.00002813
2026-03-01T08:00:00.093000+00:00,0.00000625,0.0000282569
2026-03-01T09:00:00.017000+00:00,0.00000625,0.0000232255
2026-03-01T10:00:00.018000+00:00,0.00000625,0.0000259677
2026-03-01T11:00:00.017000+00:00,0.00000625,0.000028307
2026-03-01T12:00:00.039000+00:00,0.00000625,0.000028307
2026-03-01T13:00:00.054000+00:00,0.00000625,0.0000282873
2026-03-01T14:00:00.029000+00:00,0.00000625,0.000028307
2026-03-01T15:00:00.027000+00:00,0.00000625,0.0000282971
2026-03-01T16:00:00.018000+00:00,0.00000625,0.000028307
2026-03-01T17:00:00.120000+00:00,0.00000625,0.000028307
2026-03-01T18:00:00.070000+00:00,0.0000325521,0.0008208331
2026-03-01T19:00:00.062000+00:00,0.0000905758,0.0017492129
2026-03-01T20:00:00.026000+00:00,0.0000897858,0.0017365731
2026-03-01T21:00:00.065000+00:00,0.0000885105,0.0017161685
2026-03-01T22:00:00.085000+00:00,0.0000875436,0.0017006979
2026-03-01T23:00:00.005000+00:00,0.0000879269,0.0017068311
2026-03-02T00:00:00.044000+00:00,0.0002009381,0.0035150098
2026-03-02T01:00:00.048000+00:00,0.0000576813,0.0012229011
2026-03-02T02:00:00.044000+00:00,0.0000711556,0.001438489
2026-03-02T03:00:00.063000+00:00,0.0000922971,0.0017767529
2026-03-02T04:00:00.048000+00:00,0.0000913424,0.0017614776
2026-03-02T05:00:00.071000+00:00,0.0000626147,0.0013018344
2026-03-02T06:00:00.062000+00:00,0.0000581023,0.001229636
2026-03-02T07:00:00.054000+00:00,0.0000383815,0.0009141033
2026-03-02T08:00:00.003000+00:00,0.0000567735,0.0012083753
2026-03-02T09:00:00.091000+00:00,0.0000230625,0.000669
2026-03-02T10:00:00.007000+00:00,0.0000298589,0.0007777417
2026-03-02T11:00:00.019000+00:00,0.0000212803,0.0006404849
2026-03-02T12:00:00.016000+00:00,0.0000449099,0.0010185576
2026-03-02T13:00:00.034000+00:00,0.0000399189,0.0009387024
2026-03-02T14:00:00.035000+00:00,0.0000315255,0.0008044083
2026-03-02T15:00:00.070000+00:00,0.0000399935,0.000939896
2026-03-02T16:00:00.053000+00:00,0.0000081285,0.0004300565
2026-03-02T17:00:00.086000+00:00,0.0000073626,0.0004178023
2026-03-02T18:00:00.025000+00:00,0.0000210295,0.0006364728
2026-03-02T19:00:00.044000+00:00,0.0000296344,0.0007741511
2026-03-02T20:00:00.120000+00:00,0.0000107394,0.0004718304
2026-03-02T21:00:00.038000+00:00,0.0000269171,0.0007306729
2026-03-02T22:00:00.033000+00:00,0.00000625,0.0003616896
2026-03-02T23:00:00.068000+00:00,0.0000022028,-0.0002647555
2026-03-03T00:00:00.062000+00:00,0.00000625,0.0002813852
2026-03-03T01:00:00.052000+00:00,0.0000476014,0.0010616218
2026-03-03T02:00:00.011000+00:00,0.0000342308,0.0008476936
2026-03-03T03:00:00.058000+00:00,0.0000335553,0.0008368856
2026-03-03T04:00:00.010000+00:00,0.0000352991,0.0008647859
2026-03-03T05:00:00.074000+00:00,0.0000165506,0.0005648097
2026-03-03T06:00:00.050000+00:00,0.0000068131,0.0004090097
2026-03-03T07:00:00.069000+00:00,-0.0000035167,-0.0003562674
2026-03-03T08:00:00.009000+00:00,-0.0000224162,-0.0006586592
2026-03-03T09:00:00.114000+00:00,-0.000043787,-0.0010005925
2026-03-03T10:00:00.046000+00:00,-0.0000051208,-0.0003819334
2026-03-03T11:00:00.006000+00:00,-0.0000002481,-0.0003039695
2026-03-03T12:00:00.013000+00:00,-0.0000053721,-0.0003859535
2026-03-03T13:00:00.012000+00:00,-0.0000156715,-0.0005507448
2026-03-03T14:00:00.039000+00:00,-0.0000057138,-0.0003914213
2026-03-03T15:00:00.007000+00:00,0.0000088023,0.0004408365
2026-03-03T16:00:00.004000+00:00,-0.0000015817,-0.0003253067
2026-03-03T17:00:00.041000+00:00,-0.000021329,-0.0006412648
2026-03-03T18:00:00.015000+00:00,-0.0000052464,-0.0003839422
2026-03-03T19:00:00.049000+00:00,-0.000037542,-0.0009006721
2026-03-03T20:00:00.007000+00:00,0.00000625,-0.0000914036
2026-03-03T21:00:00.014000+00:00,0.00000625,0.0003098264
2026-03-03T22:00:00.070000+00:00,0.000016285,0.0005605603
2026-03-03T23:00:00.016000+00:00,0.000019184,0.0006069436
2026-03-04T00:00:00.034000+00:00,0.0000282477,0.0007519624
2026-03-04T01:00:00.049000+00:00,0.00000625,0.0003032104
2026-03-04T02:00:00.060000+00:00,0.0000171347,0.000574156
2026-03-04T03:00:00.052000+00:00,0.00000625,0.0002052482
2026-03-04T04:00:00.001000+00:00,0.00000625,0.0001807721
2026-03-04T05:00:00.064000+00:00,0.0000064544,0.0004032705
2026-03-04T06:00:00.079000+00:00,0.0000089132,0.0004426104
2026-03-04T07:00:00.095000+00:00,0.0000277037,0.0007432592
2026-03-04T08:00:00.047000+00:00,0.0000140647,0.0005250351
2026-03-04T09:00:00.010000+00:00,-0.000026281,-0.0007204954
2026-03-04T10:00:00.069000+00:00,-0.0000156151,-0.0005498419
2026-03-04T11:00:00.024000+00:00,-0.0000405316,-0.0009485063
2026-03-04T12:00:00.133000+00:00,-0.0000253241,-0.0007051853
2026-03-04T13:00:00.019000+00:00,0.00000625,-0.0001775226
2026-03-04T14:00:00.036000+00:00,-0.0000121757,-0.0004948114
2026-03-04T15:00:00.023000+00:00,0.00000625,0.0000331455
2026-03-04T16:00:00.011000+00:00,0.00000625,0.0003867558
2026-03-04T17:00:00.095000+00:00,0.0000082875,0.0004326
2026-03-04T18:00:00.092000+00:00,0.0000204556,0.0006272899
2026-03-04T19:00:00.093000+00:00,0.00000625,0.0001003929
2026-03-04T20:00:00.047000+00:00,0.00000625,0.0002601365
2026-03-04T21:00:00.048000+00:00,0.0000166614,0.0005665828
2026-03-04T22:00:00.024000+00:00,0.00000625,0.0002900571
2026-03-04T23:00:00.045000+00:00,-0.0000100079,-0.0004601267
2026-03-05T00:00:00.022000+00:00,-0.0000191742,-0.0006067873
2026-03-05T01:00:00.018000+00:00,-0.0000168239,-0.0005691828
2026-03-05T02:00:00.139000+00:00,0.0000132635,0.0005122156
2026-03-05T03:00:00.019000+00:00,0.0000220908,0.0006534521
2026-03-05T04:00:00.027000+00:00,-0.0000012119,-0.0003193907
2026-03-05T05:00:00.001000+00:00,-0.0000235407,-0.0006766516
2026-03-05T06:00:00.037000+00:00,0.00000625,-0.000096342
2026-03-05T07:00:00.091000+00:00,0.0000285936,0.0007574983
2026-03-05T08:00:00.033000+00:00,0.0000298091,0.0007769456
2026-03-05T09:00:00.063000+00:00,0.0000140901,0.0005254409
2026-03-05T10:00:00.091000+00:00,-0.0000003873,-0.0003061969
2026-03-05T11:00:00.017000+00:00,-0.0000129845,-0.0005077519
2026-03-05T12:00:00.003000+00:00,0.0000034334,-0.0002450648
2026-03-05T13:00:00.009000+00:00,0.00000625,0.0003673772
2026-03-05T14:00:00.024000+00:00,0.00000625,-0.0000456446
2026-03-05T15:00:00.039000+00:00,-0.0000017018,-0.0003272294
2026-03-05T16:00:00.034000+00:00,0.0000047744,-0.0002236093
2026-03-05T17:00:00.083000+00:00,-0.0000012205,-0.0003195281
2026-03-05T18:00:00.048000+00:00,0.00000625,-0.0001073843
2026-03-05T19:00:00.052000+00:00,0.00000625,0.0001545826
2026-03-05T20:00:00.073000+00:00,0.0000050071,-0.0002198871
2026-03-05T21:00:00.042000+00:00,0.0000061407,-0.0002017492
2026-03-05T22:00:00.028000+00:00,-0.0000093312,-0.0004492989
2026-03-05T23:00:00.029000+00:00,0.0004832899,0.0080326387
2026-03-06T00:00:00.030000+00:00,0.00000625,0.0000836422
2026-03-06T01:00:00.082000+00:00,0.0000025201,-0.0002596778
2026-03-06T02:00:00.006000+00:00,0.00000625,0.0003451865
2026-03-06T03:00:00.079000+00:00,0.0000242682,0.0006882909
2026-03-06T04:00:00.026000+00:00,0.0000294188,0.0007707006
2026-03-06T05:00:00.112000+00:00,0.0000281039,0.0007496626
2026-03-06T06:00:00.019000+00:00,0.0000228752,0.0006660025
2026-03-06T07:00:00.028000+00:00,0.0000308902,0.000794244
2026-03-06T08:00:00.021000+00:00,0.0000178761,0.0005860183
2026-03-06T09:00:00.022000+00:00,-0.0000387404,-0.000919847
2026-03-06T10:00:00.031000+00:00,-0.0001430885,-0.0025894155
2026-03-06T11:00:00.036000+00:00,-0.0000632305,-0.0013116876
2026-03-06T12:00:00.052000+00:00,-0.000064376,-0.0013300154
2026-03-06T13:00:00.052000+00:00,-0.000120408,-0.0022265279
2026-03-06T14:00:00.033000+00:00,-0.0001625022,-0.002900035
2026-03-06T15:00:00.037000+00:00,-0.0001026619,-0.001942591
2026-03-06T16:00:00.062000+00:00,-0.0001926629,-0.0033826065
2026-03-06T17:00:00.089000+00:00,-0.0002858465,-0.0048735441
2026-03-06T18:00:00.056000+00:00,-0.0003754503,-0.0063072047
2026-03-06T19:00:00.066000+00:00,-0.0002396721,-0.0041347532
2026-03-06T20:00:00.046000+00:00,-0.0001649853,-0.0029397642
2026-03-06T21:00:00.021000+00:00,-0.0000876914,-0.0017030616
2026-03-06T22:00:00.046000+00:00,-0.0000631594,-0.0013105509
2026-03-06T23:00:00.092000+00:00,-0.0006891083,-0.0113257326
2026-03-07T00:00:00.061000+00:00,-0.0003573112,-0.0060169794
2026-03-07T01:00:00.027000+00:00,0.0001820834,0.0032133346
2026-03-07T02:00:00.050000+00:00,-0.0000293956,-0.000770329
2026-03-07T03:00:00.045000+00:00,-0.0001128414,-0.0021054625
2026-03-07T04:00:00.014000+00:00,0.0000499404,0.0010990468
2026-03-07T05:00:00.052000+00:00,0.0006990438,0.0114847003
2026-03-07T06:00:00.070000+00:00,0.0005440572,0.0090049147
2026-03-07T07:00:00.068000+00:00,0.0004757443,0.0079119082
2026-03-07T08:00:00.015000+00:00,0.000186153,0.0032784484
2026-03-07T09:00:00.005000+00:00,-0.0000014523,-0.0003232368
2026-03-07T10:00:00.014000+00:00,-0.0000382268,-0.0009116284
2026-03-07T11:00:00.002000+00:00,-0.0004017405,-0.0067278476
2026-03-07T12:00:00.031000+00:00,-0.0003451284,-0.0058220547
2026-03-07T13:00:00.033000+00:00,0.0001757761,0.0031124175
2026-03-07T14:00:00.084000+00:00,0.0001176511,0.0021824178
2026-03-07T15:00:00.012000+00:00,-0.0001500773,-0.0027012373
2026-03-07T16:00:00.014000+00:00,-0.0000150364,-0.000540583
2026-03-07T17:00:00.077000+00:00,-0.0003358766,-0.0056740261
2026-03-07T18:00:00.110000+00:00,-0.0000039473,-0.000363157
2026-03-07T19:00:00.003000+00:00,0.00000625,-0.000199513
2026-03-07T20:00:00.010000+00:00,0.0006141106,0.0101257691
2026-03-07T21:00:00.135000+00:00,0.0002884071,0.0049145142
2026-03-07T22:00:00.082000+00:00,0.0003126431,0.0053022891
2026-03-07T23:00:00.068000+00:00,0.0005364892,0.0088838271
2026-03-08T00:00:00.002000+00:00,0.0003720734,0.0062531739
2026-03-08T01:00:00.030000+00:00,0.0003407345,0.0057517515
2026-03-08T02:00:00.003000+00:00,0.0002973923,0.005058277
2026-03-08T03:00:00.042000+00:00,0.0002286207,0.003957932
2026-03-08T04:00:00.001000+00:00,0.0001395808,0.0025332928
2026-03-08T05:00:00.024000+00:00,0.0000596849,0.0012549583
2026-03-08T06:00:00.045000+00:00,0.0000349343,0.0008589483
2026-03-08T07:00:00.036000+00:00,0.00000625,0.0003084419
2026-03-08T08:00:00.041000+00:00,-0.0000199248,-0.000618797
2026-03-08T09:00:00.029000+00:00,-0.0000591563,-0.0012465011
2026-03-08T10:00:00.035000+00:00,-0.0001859178,-0.0032746845
2026-03-08T11:00:00.036000+00:00,-0.000516306,-0.0085608964
2026-03-08T12:00:00.021000+00:00,0.0001849034,0.0032584538
2026-03-08T13:00:00.049000+00:00,0.0001706391,0.0030302254
2026-03-08T14:00:00.061000+00:00,0.0001524809,0.0027396942
2026-03-08T15:00:00.088000+00:00,-0.0000666338,-0.0013661411
2026-03-08T16:00:00.024000+00:00,-0.000103924,-0.0019627846
2026-03-08T17:00:00.018000+00:00,-0.0000034193,-0.0003547092
2026-03-08T18:00:00.004000+00:00,0.0001205509,0.0022288143
2026-03-08T19:00:00+00:00,0.0002135653,0.0037170452
2026-03-08T20:00:00.074000+00:00,0.0000759428,0.0015150847
2026-03-08T21:00:00.003000+00:00,0.0000098952,0.0004583224
2026-03-08T22:00:00.038000+00:00,0.00000625,0.0002257887
2026-03-08T23:00:00.057000+00:00,0.0002033258,0.0035532132
2026-03-09T00:00:00.091000+00:00,0.00000625,0.0000915444
2026-03-09T01:00:00.052000+00:00,0.0002139076,0.0037225211
2026-03-09T02:00:00.016000+00:00,-0.0000483441,-0.0010735056
2026-03-09T03:00:00.012000+00:00,-0.0000756534,-0.0015104551
2026-03-09T04:00:00.030000+00:00,-0.0001250042,-0.0023000674
2026-03-09T05:00:00.088000+00:00,-0.0000819461,-0.0016111378
2026-03-09T06:00:00.070000+00:00,0.0000045122,-0.0002278047
2026-03-09T07:00:00.026000+00:00,0.0002917186,0.0049674973
2026-03-09T08:00:00.094000+00:00,0.0002994421,0.0050910731
2026-03-09T09:00:00.114000+00:00,0.000282893,0.0048262888
2026-03-09T10:00:00.108000+00:00,0.000066973,0.0013715677
2026-03-09T11:00:00.050000+00:00,-0.0000183825,-0.0005941203
2026-03-09T12:00:00.051000+00:00,-0.0000361543,-0.000878469
2026-03-09T13:00:00.073000+00:00,-0.0001184248,-0.0021947969
2026-03-09T14:00:00.061000+00:00,-0.0001197482,-0.0022159706
2026-03-09T15:00:00.084000+00:00,-0.0001410605,-0.0025569685
2026-03-09T16:00:00.075000+00:00,0.0000244754,0.0006916057
2026-03-09T17:00:00.049000+00:00,0.0001109417,0.0020750678
2026-03-09T18:00:00.036000+00:00,0.0001134797,0.0021156753
2026-03-09T19:00:00.053000+00:00,-0.0000348831,-0.000858129
2026-03-09T20:00:00.002000+00:00,-0.0001728959,-0.0030663342
2026-03-09T21:00:00.074000+00:00,0.00000625,0.0002135158
2026-03-09T22:00:00.010000+00:00,0.0004649318,0.0077389084
2026-03-09T23:00:00.038000+00:00,0.0004295738,0.0071731806
2026-03-10T00:00:00.042000+00:00,0.0002417914,0.0041686621
2026-03-10T01:00:00.084000+00:00,0.0000659752,0.0013556038
2026-03-10T02:00:00.013000+00:00,0.0000704705,0.0014275282
2026-03-10T03:00:00.052000+00:00,0.0000928359,0.001785374
2026-03-10T04:00:00.041000+00:00,-0.0000522462,-0.0011359387
2026-03-10T05:00:00.054000+00:00,-0.0000487121,-0.0010793931
2026-03-10T06:00:00.137000+00:00,-0.0000321984,-0.0008151748
2026-03-10T07:00:00.065000+00:00,0.00000625,-0.0001299448
2026-03-10T08:00:00.052000+00:00,0.0000040497,-0.0002352041
2026-03-10T09:00:00.017000+00:00,0.00000625,0.0003620587
2026-03-10T10:00:00.060000+00:00,0.0000134546,0.0005152739
2026-03-10T11:00:00.011000+00:00,-0.0000136503,-0.0005184052
2026-03-10T12:00:00.038000+00:00,-0.0000694461,-0.0014111381
2026-03-10T13:00:00.061000+00:00,-0.0000979388,-0.0018670202
2026-03-10T14:00:00.027000+00:00,-0.0000552568,-0.0011841081
2026-03-10T15:00:00.083000+00:00,0.0000049411,-0.0002209431
2026-03-10T16:00:00.045000+00:00,0.0000191469,0.0006063508
2026-03-10T17:00:00.004000+00:00,-0.0000081529,-0.0004304462
2026-03-10T18:00:00.018000+00:00,0.0000450523,0.0010208371
2026-03-10T19:00:00.049000+00:00,0.00000625,-0.0000086782
2026-03-10T20:00:00.050000+00:00,-0.0000546971,-0.0011751534
2026-03-10T21:00:00.058000+00:00,-0.000078362,-0.0015537922
2026-03-10T22:00:00.068000+00:00,-0.0001793815,-0.003170104
2026-03-10T23:00:00.061000+00:00,0.0000841123,0.001645797
2026-03-11T00:00:00.088000+00:00,0.00000625,-0.0001855322
2026-03-11T01:00:00.002000+00:00,0.00000625,0.000074825
2026-03-11T02:00:00.098000+00:00,0.0000094677,0.0004514831
2026-03-11T03:00:00.016000+00:00,-0.0000004776,-0.0003076415
2026-03-11T04:00:00.038000+00:00,0.0000079769,0.0004276297
2026-03-11T05:00:00.075000+00:00,0.0000467999,0.0010487983
2026-03-11T06:00:00.135000+00:00,0.0000093581,0.0004497299
2026-03-11T07:00:00.014000+00:00,-0.0000481871,-0.0010709933
2026-03-11T08:00:00.056000+00:00,-0.0000304837,-0.0007877393
2026-03-11T09:00:00.082000+00:00,0.0000042408,-0.0002321473
2026-03-11T10:00:00.084000+00:00,-0.0000559623,-0.0011953966
2026-03-11T11:00:00.001000+00:00,-0.0000511656,-0.0011186488
2026-03-11T12:00:00.013000+00:00,-0.0000253332,-0.0007053316
2026-03-11T13:00:00.063000+00:00,-0.0000337317,-0.000839708
2026-03-11T14:00:00.004000+00:00,-0.0000597055,-0.0012552877
2026-03-11T15:00:00.051000+00:00,-0.0000778436,-0.0015454969
2026-03-11T16:00:00.065000+00:00,-0.0000855967,-0.0016695468
2026-03-11T17:00:00.068000+00:00,-0.0000992316,-0.0018877052
2026-03-11T18:00:00.102000+00:00,-0.0000691611,-0.0014065772
2026-03-11T19:00:00.082000+00:00,-0.0000767925,-0.0015286806
2026-03-11T20:00:00.026000+00:00,-0.0001124928,-0.0020998855
2026-03-11T21:00:00.008000+00:00,-0.0000963554,-0.0018416864
2026-03-11T22:00:00.035000+00:00,-0.0000368239,-0.0008891819
2026-03-11T23:00:00.069000+00:00,0.0001219884,0.0022518137
2026-03-12T00:00:00.084000+00:00,0.0000665379,0.0013646072
2026-03-12T01:00:00.006000+00:00,0.0000189523,0.0006032362
2026-03-12T02:00:00.080000+00:00,0.0000236718,0.0006787489
2026-03-12T03:00:00.036000+00:00,0.0000436598,0.0009985567
2026-03-12T04:00:00.065000+00:00,0.0000372583,0.0008961329
2026-03-12T05:00:00.094000+00:00,0.0000931145,0.0017898313
2026-03-12T06:00:00.108000+00:00,0.00000625,0.0001253193
2026-03-12T07:00:00.046000+00:00,-0.0000125746,-0.0005011928
2026-03-12T08:00:00.068000+00:00,0.000008608,0.0004377287
2026-03-12T09:00:00.063000+00:00,0.000051686,0.0011269753
2026-03-12T10:00:00.013000+00:00,0.00000625,-0.000131298
2026-03-12T11:00:00.017000+00:00,0.00000625,-0.0000296192
2026-03-12T12:00:00.106000+00:00,0.00000625,0.0000215371
2026-03-12T13:00:00.062000+00:00,-0.0000164501,-0.0005632009
2026-03-12T14:00:00.110000+00:00,-0.0000016552,-0.0003264827
2026-03-12T15:00:00.024000+00:00,-0.0000281222,-0.0007499552
2026-03-12T16:00:00.064000+00:00,-0.0001031006,-0.0019496093
2026-03-12T17:00:00.004000+00:00,-0.0001061857,-0.0019989705
2026-03-12T18:00:00.004000+00:00,-0.0000898518,-0.0017376289
2026-03-12T19:00:00.025000+00:00,-0.0000751018,-0.0015016291
2026-03-12T20:00:00.165000+00:00,-0.0001059674,-0.0019954777
2026-03-12T21:00:00.073000+00:00,-0.0001236709,-0.0022787337
2026-03-12T22:00:00.071000+00:00,-0.0000017605,-0.0003281676
2026-03-12T23:00:00.070000+00:00,0.0000257063,0.0007113014
2026-03-13T00:00:00.061000+00:00,0.00000625,0.0003490328
2026-03-13T01:00:00.032000+00:00,0.00000625,0.0001432239
2026-03-13T02:00:00.025000+00:00,0.00000625,0.000161007
2026-03-13T03:00:00.021000+00:00,0.0000064545,0.0004032723
2026-03-13T04:00:00.099000+00:00,0.00000625,0.0003416155
2026-03-13T05:00:00.089000+00:00,0.00000625,0.0002895576
2026-03-13T06:00:00.064000+00:00,0.000010417,0.0004666723
2026-03-13T07:00:00.082000+00:00,0.00000625,0.0003791429
2026-03-13T08:00:00.016000+00:00,0.0000068531,0.0004096493
2026-03-13T09:00:00.045000+00:00,0.0000153289,0.0005452624
2026-03-13T10:00:00.034000+00:00,0.0000119397,0.0004910358
2026-03-13T11:00:00.010000+00:00,0.00000625,0.0003206236
2026-03-13T12:00:00.009000+00:00,0.00000625,0.0002774528
2026-03-13T13:00:00.059000+00:00,0.000014915,0.0005386395
2026-03-13T14:00:00.032000+00:00,0.0000102537,0.0004640596
2026-03-13T15:00:00.021000+00:00,0.0000132552,0.0005120829
2026-03-13T16:00:00.051000+00:00,0.0000101331,0.0004621297
2026-03-13T17:00:00.044000+00:00,0.00000625,0.0001703679
2026-03-13T18:00:00.052000+00:00,0.0000120862,0.0004933785
2026-03-13T19:00:00.006000+00:00,0.00000625,0.000389698
2026-03-13T20:00:00.021000+00:00,0.0000169701,0.0005715213
2026-03-13T21:00:00.092000+00:00,0.0000083546,0.0004336737
2026-03-13T22:00:00.005000+00:00,0.0000782517,0.0015520273
2026-03-13T23:00:00.109000+00:00,0.00000625,0.0000153518
2026-03-14T00:00:00.044000+00:00,0.0001017869,0.001928591
2026-03-14T01:00:00.094000+00:00,-0.0000774803,-0.0015396852
2026-03-14T02:00:00.100000+00:00,0.00000625,0.0001236622
2026-03-14T03:00:00.013000+00:00,0.0004764918,0.007923869
2026-03-14T04:00:00.019000+00:00,0.0004031021,0.0067496344
2026-03-14T05:00:00.095000+00:00,0.00000625,0.000238216
2026-03-14T06:00:00.072000+00:00,0.000097131,0.001854096
2026-03-14T07:00:00.036000+00:00,0.0001415195,0.0025643122
2026-03-14T08:00:00.041000+00:00,0.0000065749,0.0004051986
2026-03-14T09:00:00.025000+00:00,0.0004537638,0.0075602205
2026-03-14T10:00:00.098000+00:00,0.0003560235,0.0059963763
2026-03-14T11:00:00.047000+00:00,0.0002388776,0.0041220413
2026-03-14T12:00:00.020000+00:00,0.0003211552,0.0054384827
2026-03-14T13:00:00.042000+00:00,0.0002685963,0.0045975404
2026-03-14T14:00:00.076000+00:00,0.0000225725,0.0006611599
2026-03-14T15:00:00.009000+00:00,-0.0000465513,-0.0010448212
2026-03-14T16:00:00.100000+00:00,-0.0003143649,-0.0053298377
2026-03-14T17:00:00.061000+00:00,0.0001053097,0.0019849546
2026-03-14T18:00:00.018000+00:00,0.000246409,0.0042425437
2026-03-14T19:00:00.048000+00:00,0.00000625,0.000044391
2026-03-14T20:00:00.035000+00:00,0.0000647068,0.0013353088
2026-03-14T21:00:00.015000+00:00,0.0001863772,0.0032820357
2026-03-14T22:00:00.041000+00:00,0.0000221545,0.0006544718
2026-03-14T23:00:00.044000+00:00,-0.0001876931,-0.0033030889
2026-03-15T00:00:00.099000+00:00,-0.0006941712,-0.0114067393
2026-03-15T01:00:00.102000+00:00,-0.0002327854,-0.0040245657
2026-03-15T02:00:00.005000+00:00,-0.0008782838,-0.0143525405
2026-03-15T03:00:00.130000+00:00,-0.0007217886,-0.0118486178
2026-03-15T04:00:00.040000+00:00,-0.0001443726,-0.0026099622
2026-03-15T05:00:00.066000+00:00,0.0000506167,0.0011098666
2026-03-15T06:00:00.010000+00:00,0.0002016007,0.0035256109
2026-03-15T07:00:00.046000+00:00,0.0004801065,0.0079817032
2026-03-15T08:00:00.003000+00:00,0.0000736307,0.0014780909
2026-03-15T09:00:00.067000+00:00,0.00000625,0.0002341973
2026-03-15T10:00:00.003000+00:00,0.0000843323,0.0016493176
2026-03-15T11:00:00.039000+00:00,0.0000561823,0.0011989168
2026-03-15T12:00:00.060000+00:00,0.0000121777,0.0004948427
2026-03-15T13:00:00.023000+00:00,0.0000023435,-0.0002625048
2026-03-15T14:00:00.023000+00:00,0.0002447483,0.0042159731
2026-03-15T15:00:00.084000+00:00,0.0004554561,0.0075872972
2026-03-15T16:00:00.034000+00:00,0.0002774355,0.0047389678
2026-03-15T17:00:00.036000+00:00,0.00000625,0.0002636544
2026-03-15T18:00:00.003000+00:00,0.0001098148,0.0020570376
2026-03-15T19:00:00.127000+00:00,0.0000097633,0.0004562121
2026-03-15T20:00:00.024000+00:00,-0.0000452437,-0.0010238999
2026-03-15T21:00:00.083000+00:00,-0.0000174441,-0.0005791048
2026-03-15T22:00:00.019000+00:00,-0.0001562319,-0.002799711
2026-03-15T23:00:00.037000+00:00,0.00000625,-0.0001136653
2026-03-16T00:00:00.090000+00:00,-0.0000300271,-0.0007804332
2026-03-16T01:00:00.002000+00:00,-0.0000030394,-0.0003486296
2026-03-16T02:00:00.078000+00:00,0.000003077,-0.0002507675
2026-03-16T03:00:00.040000+00:00,0.00000625,0.0000569605
2026-03-16T04:00:00.012000+00:00,0.00000625,0.0000266069
2026-03-16T05:00:00.021000+00:00,0.00000625,0.0000557607
2026-03-16T06:00:00.092000+00:00,0.000001807,-0.0002710874
2026-03-16T07:00:00.033000+00:00,0.0000012087,-0.0002806615
2026-03-16T08:00:00.062000+00:00,0.00000625,0.0000992172
2026-03-16T09:00:00.035000+00:00,0.00000625,0.0002263338
2026-03-16T10:00:00.042000+00:00,0.00000625,0.000228541
2026-03-16T11:00:00.013000+00:00,0.00000625,-0.0000136399
2026-03-16T12:00:00.013000+00:00,0.00000625,0.0000499569
2026-03-16T13:00:00+00:00,0.00000625,-0.0000117561
2026-03-16T14:00:00.099000+00:00,0.0000038958,-0.000237667
2026-03-16T15:00:00.013000+00:00,0.0000283879,0.0007542069
2026-03-16T16:00:00.033000+00:00,0.0000517861,0.0011285771
2026-03-16T17:00:00.023000+00:00,0.0000467965,0.001048744
2026-03-16T18:00:00.045000+00:00,0.0000176816,0.0005829055
2026-03-16T19:00:00.080000+00:00,0.0000092593,0.0004481491
2026-03-16T20:00:00.001000+00:00,0.0000176723,0.0005827572
2026-03-16T21:00:00.032000+00:00,0.00000625,-0.0001804847
2026-03-16T22:00:00+00:00,-0.0000230718,-0.0006691487
2026-03-16T23:00:00.003000+00:00,0.00000625,0.0002486739
2026-03-17T00:00:00.034000+00:00,-0.0000205902,-0.0006294435
2026-03-17T01:00:00.045000+00:00,-0.0000192889,-0.0006086224
2026-03-17T02:00:00.050000+00:00,-0.0000209997,-0.0006359952
2026-03-17T03:00:00.010000+00:00,-0.0000294538,-0.00077126
2026-03-17T04:00:00.073000+00:00,-0.0000068591,-0.0004097463
2026-03-17T05:00:00.048000+00:00,0.00000625,-0.0001865882
2026-03-17T06:00:00.113000+00:00,-0.0000148661,-0.000537857
2026-03-17T07:00:00.039000+00:00,-0.000029296,-0.0007687358
2026-03-17T08:00:00+00:00,-0.0000079387,-0.0004270188
2026-03-17T09:00:00.002000+00:00,-0.0000182373,-0.0005917971
2026-03-17T10:00:00.075000+00:00,-0.0000103141,-0.0004650254
2026-03-17T11:00:00.115000+00:00,0.0000039479,-0.0002368331
2026-03-17T12:00:00.006000+00:00,0.00000625,-0.00018629
2026-03-17T13:00:00.013000+00:00,0.0000038619,-0.0002382101
2026-03-17T14:00:00.047000+00:00,0.00000625,-0.0001636971
2026-03-17T15:00:00.074000+00:00,-0.000008608,-0.0004377279
2026-03-17T16:00:00.038000+00:00,-0.0000074219,-0.0004187505
2026-03-17T17:00:00.054000+00:00,-0.0000088708,-0.0004419323
2026-03-17T18:00:00.071000+00:00,-0.0000060757,-0.0003972112
2026-03-17T19:00:00.018000+00:00,0.0000042003,-0.0002327948
2026-03-17T20:00:00.034000+00:00,0.0000043649,-0.0002301617
2026-03-17T21:00:00.072000+00:00,0.00000625,-0.0001967228
2026-03-17T22:00:00.003000+00:00,0.00000625,0.0003248508
2026-03-17T23:00:00.011000+00:00,0.00000625,-0.0001710445
2026-03-18T00:00:00.028000+00:00,0.00000625,-0.0001376962
2026-03-18T01:00:00.016000+00:00,0.0000061295,-0.0002019282
2026-03-18T02:00:00.026000+00:00,0.0000037217,-0.0002404529
2026-03-18T03:00:00.060000+00:00,-0.000000642,-0.0003102713
2026-03-18T04:00:00.054000+00:00,-0.0000037522,-0.0003600351
2026-03-18T05:00:00.001000+00:00,0.00000625,-0.000072532
2026-03-18T06:00:00.067000+00:00,0.00000625,-0.0001191994
2026-03-18T07:00:00.033000+00:00,-0.0000134474,-0.0005151589
2026-03-18T08:00:00.005000+00:00,-0.0000033775,-0.0003540407
2026-03-18T09:00:00.052000+00:00,-0.0000008934,-0.0003142943
2026-03-18T10:00:00.037000+00:00,-0.0000149084,-0.0005385348
2026-03-18T11:00:00.025000+00:00,-0.0000130199,-0.000508318
2026-03-18T12:00:00.062000+00:00,-0.0000028149,-0.0003450378
2026-03-18T13:00:00.007000+00:00,0.00000625,-0.0000043457
2026-03-18T14:00:00.026000+00:00,0.00000625,0.0002219635
2026-03-18T15:00:00.035000+00:00,0.0000018363,-0.0002706197
2026-03-18T16:00:00.009000+00:00,-0.0000226747,-0.0006627948
2026-03-18T17:00:00.066000+00:00,-0.0000062801,-0.0004004813
2026-03-18T18:00:00.052000+00:00,-0.0000175159,-0.000580254
2026-03-18T19:00:00.045000+00:00,-0.0000134885,-0.0005158154
2026-03-18T20:00:00.055000+00:00,-0.0000190416,-0.0006046663
2026-03-18T21:00:00.050000+00:00,-0.0000270014,-0.0007320225
2026-03-18T22:00:00.035000+00:00,-0.0001593631,-0.0028498097
2026-03-18T23:00:00.040000+00:00,-0.000021082,-0.000637312
2026-03-19T00:00:00.090000+00:00,-0.0000154592,-0.000547348
2026-03-19T01:00:00.009000+00:00,-0.0000144464,-0.0005311422
2026-03-19T02:00:00.012000+00:00,-0.0000209394,-0.0006350306
2026-03-19T03:00:00.041000+00:00,-0.0000495683,-0.0010930926
2026-03-19T04:00:00.010000+00:00,-0.0000241752,-0.000686803
2026-03-19T05:00:00.090000+00:00,-0.0000113664,-0.000481863
2026-03-19T06:00:00.052000+00:00,-0.0000175279,-0.0005804469
2026-03-19T07:00:00.107000+00:00,-0.0000173154,-0.0005770471
2026-03-19T08:00:00.064000+00:00,-0.0000120888,-0.0004934215
2026-03-19T09:00:00.026000+00:00,-0.0000020895,-0.0003334319
2026-03-19T10:00:00.123000+00:00,-0.0000061803,-0.0003988846
2026-03-19T11:00:00.052000+00:00,0.00000625,0.0001632569
2026-03-19T12:00:00.006000+00:00,0.0000012326,-0.0002802786
2026-03-19T13:00:00.045000+00:00,0.00000625,-0.0000408904
2026-03-19T14:00:00.059000+00:00,-0.0000213458,-0.0006415335
2026-03-19T15:00:00.002000+00:00,-0.0000101115,-0.0004617836
2026-03-19T16:00:00.031000+00:00,0.00000625,-0.0001037519
2026-03-19T17:00:00.011000+00:00,-0.000015502,-0.0005480312
2026-03-19T18:00:00.049000+00:00,-0.0000050514,-0.0003808216
2026-03-19T19:00:00.024000+00:00,0.0000025508,-0.0002591868
2026-03-19T20:00:00.037000+00:00,0.0000089031,0.0004424494
2026-03-19T21:00:00.022000+00:00,0.0000024728,-0.0002604348
2026-03-19T22:00:00.001000+00:00,-0.0000594182,-0.0012506904
2026-03-19T23:00:00.001000+00:00,-0.0000203763,-0.0006260205
2026-03-20T00:00:00.103000+00:00,-0.0000145242,-0.0005323876
2026-03-20T01:00:00.073000+00:00,0.00000625,-0.0001758216
2026-03-20T02:00:00.053000+00:00,0.0000081182,0.0004298915
2026-03-20T03:00:00.072000+00:00,0.00000625,-0.0001757043
2026-03-20T04:00:00.004000+00:00,0.00000625,0.0001337332
2026-03-20T05:00:00.107000+00:00,0.0000010232,-0.0002836294
2026-03-20T06:00:00.096000+00:00,-0.0000007116,-0.0003113863
2026-03-20T07:00:00.012000+00:00,0.00000625,0.0001741284
2026-03-20T08:00:00.003000+00:00,0.0000013204,-0.0002788733
2026-03-20T09:00:00.021000+00:00,0.00000625,-0.0001664788
2026-03-20T10:00:00.063000+00:00,0.0000056152,-0.0002101561
2026-03-20T11:00:00.048000+00:00,0.00000625,0.0001088598
2026-03-20T12:00:00.087000+00:00,0.00000625,0.0003065575
2026-03-20T13:00:00.148000+00:00,0.0000093108,0.0004489722
2026-03-20T14:00:00.115000+00:00,0.00000625,0.0000318239
2026-03-20T15:00:00.034000+00:00,-0.0000004437,-0.0003070992
2026-03-20T16:00:00.074000+00:00,-0.0000157505,-0.0005520074
2026-03-20T17:00:00.075000+00:00,-0.0000128335,-0.0005053362
2026-03-20T18:00:00.035000+00:00,-0.0000073615,-0.0004177836
2026-03-20T19:00:00.044000+00:00,0.00000625,-0.000067598
2026-03-20T20:00:00.034000+00:00,-0.000009723,-0.0004555686
2026-03-20T21:00:00.007000+00:00,0.000005511,-0.0002118242
2026-03-20T22:00:00+00:00,-0.0009044977,-0.0147719633
2026-03-20T23:00:00.047000+00:00,-0.0002221387,-0.0038542197
2026-03-21T00:00:00.093000+00:00,0.00000625,0.0001742379
2026-03-21T01:00:00.011000+00:00,-0.0000934629,-0.0017954062
2026-03-21T02:00:00.032000+00:00,0.00000625,0.0003404444
2026-03-21T03:00:00.013000+00:00,0.00000625,0.0003485693
2026-03-21T04:00:00.040000+00:00,-0.000059397,-0.0012503518
2026-03-21T05:00:00.041000+00:00,0.0000951966,0.0018231457
2026-03-21T06:00:00.066000+00:00,0.0000736121,0.0014777931
2026-03-21T07:00:00.010000+00:00,0.0001576386,0.002822218
2026-03-21T08:00:00.075000+00:00,0.0000544698,0.0011715174
2026-03-21T09:00:00.064000+00:00,-0.0003184335,-0.0053949363
2026-03-21T10:00:00+00:00,-0.0000616825,-0.0012869201
2026-03-21T11:00:00.008000+00:00,0.0000056239,-0.000210018
2026-03-21T12:00:00.094000+00:00,0.00000625,0.0002571778
2026-03-21T13:00:00.015000+00:00,-0.000108813,-0.0020410084
2026-03-21T14:00:00.045000+00:00,0.0000284416,0.000755066
2026-03-21T15:00:00.051000+00:00,-0.0000283775,-0.0007540393
2026-03-21T16:00:00.039000+00:00,-0.0000676812,-0.0013828993
2026-03-21T17:00:00.032000+00:00,0.00000625,0.0002684169
2026-03-21T18:00:00.020000+00:00,0.0000023942,-0.0002616933
2026-03-21T19:00:00.057000+00:00,-0.0001184334,-0.0021949339
2026-03-21T20:00:00.073000+00:00,-0.000271921,-0.0046507367
2026-03-21T21:00:00.086000+00:00,0.00000625,0.0001161991
2026-03-21T22:00:00.004000+00:00,0.0001949172,0.0034186744
2026-03-21T23:00:00.026000+00:00,0.0000718409,0.0014494548
2026-03-22T00:00:00.042000+00:00,0.0002416962,0.0041671396
2026-03-22T01:00:00.020000+00:00,0.0004870736,0.0080931783
2026-03-22T02:00:00.085000+00:00,0.000374293,0.0062886884
2026-03-22T03:00:00.085000+00:00,0.0001867673,0.0032882769
2026-03-22T04:00:00.007000+00:00,-0.0000260602,-0.0007169638
2026-03-22T05:00:00.062000+00:00,-0.0000573001,-0.0012168016
2026-03-22T06:00:00.062000+00:00,-0.0001085266,-0.0020364257
2026-03-22T07:00:00.088000+00:00,0.00000625,0.0003973995
2026-03-22T08:00:00.050000+00:00,0.00000625,-0.0000161957
2026-03-22T09:00:00.062000+00:00,0.0001075893,0.0020214286
2026-03-22T10:00:00.003000+00:00,0.0001975382,0.0034606118
2026-03-22T11:00:00.044000+00:00,0.0001232752,0.0022724028
2026-03-22T12:00:00.049000+00:00,0.0001295437,0.0023726989
2026-03-22T13:00:00.046000+00:00,-0.0000490533,-0.0010848526
2026-03-22T14:00:00.011000+00:00,-0.0000080226,-0.0004283616
2026-03-22T15:00:00.042000+00:00,0.0000676842,0.0013829474
2026-03-22T16:00:00.021000+00:00,-0.0000063975,-0.0004023598
2026-03-22T17:00:00.006000+00:00,0.0000331844,0.0008309511
2026-03-22T18:00:00.081000+00:00,0.0001149509,0.0021392136
2026-03-22T19:00:00.039000+00:00,0.0003014192,0.0051227071
2026-03-22T20:00:00.048000+00:00,0.0002214387,0.003843019
2026-03-22T21:00:00.082000+00:00,0.000285023,0.0048603674
2026-03-22T22:00:00.090000+00:00,0.000394088,0.0066054081
2026-03-22T23:00:00.049000+00:00,-0.0000008349,-0.0003133589
2026-03-23T00:00:00.261000+00:00,0.00000625,0.0001549112
2026-03-23T01:00:00.069000+00:00,-0.0000244836,-0.0006917375
2026-03-23T02:00:00.040000+00:00,-0.0000392056,-0.0009272903
2026-03-23T03:00:00.111000+00:00,-0.0000045061,-0.0003720977
2026-03-23T04:00:00.086000+00:00,-0.0000098034,-0.0004568539
2026-03-23T05:00:00.014000+00:00,-0.0000429227,-0.000986763
2026-03-23T06:00:00.068000+00:00,-0.0000416171,-0.0009658737
2026-03-23T07:00:00.043000+00:00,-0.0000254402,-0.0007070435
2026-03-23T08:00:00.066000+00:00,-0.0000148154,-0.0005370456
2026-03-23T09:00:00.071000+00:00,0.0000016994,-0.0002728102
2026-03-23T10:00:00.081000+00:00,0.00000625,0.0000730002
2026-03-23T11:00:00.004000+00:00,0.0000039025,-0.0002375605
2026-03-23T12:00:00.045000+00:00,-0.0000910139,-0.0017562224
2026-03-23T13:00:00.056000+00:00,-0.0000319509,-0.0008112146
2026-03-23T14:00:00.053000+00:00,-0.0000229567,-0.0006673072
2026-03-23T15:00:00.071000+00:00,-0.0000238478,-0.0006815647
2026-03-23T16:00:00.048000+00:00,0.00000625,0.0002543117
2026-03-23T17:00:00.080000+00:00,0.00000625,-0.0000151277
2026-03-23T18:00:00.041000+00:00,0.00000625,-0.0000173399
2026-03-23T19:00:00.054000+00:00,-0.0000112824,-0.0004805186
2026-03-23T20:00:00.019000+00:00,0.0000048546,-0.0002223268
2026-03-23T21:00:00.090000+00:00,-0.0000240086,-0.0006841376
2026-03-23T22:00:00.162000+00:00,-0.0001253131,-0.002305009
2026-03-23T23:00:00.056000+00:00,0.0000092981,0.0004487696
2026-03-24T00:00:00.027000+00:00,0.00000625,0.0003788007
2026-03-24T01:00:00.082000+00:00,0.00000625,0.0002150386
2026-03-24T02:00:00.034000+00:00,0.00000625,0.0001715566
2026-03-24T03:00:00+00:00,0.00000625,-0.0000167789
2026-03-24T04:00:00.016000+00:00,0.00000625,-0.0000308585
2026-03-24T05:00:00.079000+00:00,0.00000625,0.0001045292
2026-03-24T06:00:00.003000+00:00,0.00000625,0.0002195737
2026-03-24T07:00:00.088000+00:00,0.00000625,0.0002175641
2026-03-24T08:00:00.033000+00:00,0.00000625,-0.0000545537
2026-03-24T09:00:00.051000+00:00,-0.0000040121,-0.0003641938
2026-03-24T10:00:00.105000+00:00,-0.0000051962,-0.0003831386
2026-03-24T11:00:00.045000+00:00,0.00000625,-0.0000438011
2026-03-24T12:00:00.096000+00:00,-0.0000055463,-0.0003887402
2026-03-24T13:00:00.028000+00:00,-0.0000049783,-0.0003796523
2026-03-24T14:00:00.089000+00:00,-0.0000137355,-0.0005197687
2026-03-24T15:00:00.033000+00:00,-0.0000044507,-0.0003712114
2026-03-24T16:00:00.039000+00:00,-0.0000091875,-0.0004469994
2026-03-24T17:00:00.061000+00:00,-0.0000149405,-0.000539048
2026-03-24T18:00:00.062000+00:00,-0.0000203663,-0.0006258614
2026-03-24T19:00:00.040000+00:00,-0.0000085897,-0.0004374349
2026-03-24T20:00:00.058000+00:00,0.0000052979,-0.0002152335
2026-03-24T21:00:00.159000+00:00,-0.0000050727,-0.0003811635
2026-03-24T22:00:00.052000+00:00,-0.000177015,-0.0031322399
2026-03-24T23:00:00.069000+00:00,-0.0000286818,-0.0007589091
2026-03-25T00:00:00.048000+00:00,-0.0000172808,-0.0005764933
2026-03-25T01:00:00.110000+00:00,-0.0000130046,-0.0005080729
2026-03-25T02:00:00.086000+00:00,-0.0000141854,-0.0005269667
2026-03-25T03:00:00.069000+00:00,0.0000022941,-0.0002632938
2026-03-25T04:00:00.059000+00:00,-0.0000227502,-0.0006640039
2026-03-25T05:00:00.076000+00:00,-0.000008912,-0.0004425926
2026-03-25T06:00:00.043000+00:00,-0.0000073458,-0.0004175325
2026-03-25T07:00:00.053000+00:00,-0.0000132771,-0.0005124331
2026-03-25T08:00:00.007000+00:00,-0.0000060538,-0.0003968615
2026-03-25T09:00:00.057000+00:00,0.00000625,0.0000654545
2026-03-25T10:00:00.090000+00:00,0.00000625,0.0001597873
2026-03-25T11:00:00.018000+00:00,0.00000625,0.0001083132
2026-03-25T12:00:00.038000+00:00,0.00000625,0.0001455283
2026-03-25T13:00:00.032000+00:00,0.00000625,0.0000794859
2026-03-25T14:00:00.041000+00:00,0.00000625,-0.0001601576
2026-03-25T15:00:00.062000+00:00,0.00000625,-0.0001970433
2026-03-25T16:00:00.052000+00:00,-0.0000115565,-0.0004849036
2026-03-25T17:00:00.022000+00:00,-0.0000123562,-0.000497699
2026-03-25T18:00:00.075000+00:00,-0.0000245793,-0.0006932685
2026-03-25T19:00:00.037000+00:00,-0.0000228975,-0.0006663597
2026-03-25T20:00:00.025000+00:00,-0.0000387076,-0.0009193217
2026-03-25T21:00:00.066000+00:00,-0.0000254892,-0.0007078264
2026-03-25T22:00:00.023000+00:00,-0.0001186816,-0.0021989054
2026-03-25T23:00:00.072000+00:00,-0.0000322301,-0.0008156814
2026-03-26T00:00:00.035000+00:00,-0.0000314875,-0.0008037997
2026-03-26T01:00:00.006000+00:00,-0.0000121027,-0.0004936429
2026-03-26T02:00:00.139000+00:00,0.00000625,-0.0001591441
2026-03-26T03:00:00.114000+00:00,-0.0000039566,-0.0003633055
2026-03-26T04:00:00.110000+00:00,-0.000018839,-0.0006014239
2026-03-26T05:00:00.097000+00:00,0.0000011896,-0.0002809657
2026-03-26T06:00:00.014000+00:00,-0.000016002,-0.0005560324
2026-03-26T07:00:00.009000+00:00,-0.0000151399,-0.0005422376
2026-03-26T08:00:00.094000+00:00,-0.0000164375,-0.0005629992
2026-03-26T09:00:00.075000+00:00,-0.0000154122,-0.0005465959
2026-03-26T10:00:00.001000+00:00,-0.000001846,-0.0003295357
2026-03-26T11:00:00.072000+00:00,-0.0000371974,-0.0008951584
2026-03-26T12:00:00.020000+00:00,-0.0000354594,-0.0008673509
2026-03-26T13:00:00.078000+00:00,-0.0000210097,-0.0006361554
2026-03-26T14:00:00.066000+00:00,-0.0000263538,-0.0007216602
2026-03-26T15:00:00.018000+00:00,-0.0000174231,-0.00057877
2026-03-26T16:00:00.055000+00:00,-0.0000254596,-0.0007073529
2026-03-26T17:00:00.026000+00:00,-0.0000244577,-0.000691323
2026-03-26T18:00:00.030000+00:00,-0.0000182822,-0.0005925148
2026-03-26T19:00:00.003000+00:00,-0.0000246371,-0.0006941941
2026-03-26T20:00:00.077000+00:00,-0.0000207875,-0.0006325994
2026-03-26T21:00:00.031000+00:00,-0.0000592946,-0.001248713
2026-03-26T22:00:00.068000+00:00,-0.0000400928,-0.0009414841
2026-03-26T23:00:00.071000+00:00,-0.0000259697,-0.0007155154
2026-03-27T00:00:00.013000+00:00,-0.000023359,-0.0006737437
2026-03-27T01:00:00.004000+00:00,-0.0000108754,-0.000474006
2026-03-27T02:00:00.007000+00:00,-0.0000030848,-0.0003493565
2026-03-27T03:00:00.045000+00:00,-0.0000120293,-0.0004924681
2026-03-27T04:00:00.027000+00:00,-0.0000251609,-0.0007025749
2026-03-27T05:00:00.055000+00:00,-0.000023015,-0.0006682396
2026-03-27T06:00:00.021000+00:00,-0.0000263937,-0.0007222997
2026-03-27T07:00:00.047000+00:00,-0.0000140202,-0.0005243229
2026-03-27T08:00:00.042000+00:00,-0.0000246979,-0.0006951664
2026-03-27T09:00:00.078000+00:00,-0.0000148026,-0.0005368418
2026-03-27T10:00:00.011000+00:00,-0.0000220205,-0.0006523282
2026-03-27T11:00:00.056000+00:00,-0.0000181928,-0.0005910853
2026-03-27T12:00:00.073000+00:00,-0.0000306476,-0.0007903613
2026-03-27T13:00:00.020000+00:00,-0.000025474,-0.0007075842
2026-03-27T14:00:00.027000+00:00,-0.0000299871,-0.0007797934
2026-03-27T15:00:00.082000+00:00,-0.0000330885,-0.000829416
2026-03-27T16:00:00.069000+00:00,-0.0000373092,-0.0008969473
2026-03-27T17:00:00.063000+00:00,-0.0000531045,-0.0011496716
2026-03-27T18:00:00.018000+00:00,-0.000054053,-0.0011648488
2026-03-27T19:00:00.017000+00:00,-0.0000630713,-0.0013091402
2026-03-27T20:00:00.043000+00:00,-0.0000709651,-0.0014354419
2026-03-27T21:00:00.064000+00:00,-0.0001141881,-0.0021270103
2026-03-27T22:00:00.044000+00:00,-0.0000410081,-0.0009561298
2026-03-27T23:00:00.008000+00:00,-0.000197806,-0.0034648954
2026-03-28T00:00:00.062000+00:00,-0.0000128722,-0.0005059557
2026-03-28T01:00:00.004000+00:00,-0.0003759074,-0.0063145188
2026-03-28T02:00:00.051000+00:00,-0.0002365121,-0.0040841929
2026-03-28T03:00:00.023000+00:00,0.00000625,0.000364189
2026-03-28T04:00:00.106000+00:00,-0.000059567,-0.0012530727
2026-03-28T05:00:00.055000+00:00,0.000243927,0.0042028313
2026-03-28T06:00:00.067000+00:00,0.0000788115,0.0015609837
2026-03-28T07:00:00.039000+00:00,-0.0001190493,-0.0022047895
2026-03-28T08:00:00.007000+00:00,-0.0002829339,-0.004826943
2026-03-28T09:00:00.008000+00:00,-0.000062966,-0.0013074567
2026-03-28T10:00:00.014000+00:00,0.00000625,-0.0001718633
2026-03-28T11:00:00.095000+00:00,0.000081844,0.0016095048
2026-03-28T12:00:00.014000+00:00,0.000054909,0.0011785434
2026-03-28T13:00:00.013000+00:00,0.0000904305,0.0017468886
2026-03-28T14:00:00.047000+00:00,-0.0001515335,-0.0027245356
2026-03-28T15:00:00.042000+00:00,-0.0000545546,-0.0011728738
2026-03-28T16:00:00.047000+00:00,-0.0000068782,-0.0004100515
2026-03-28T17:00:00.074000+00:00,-0.0000002209,-0.000303535
2026-03-28T18:00:00.070000+00:00,0.0000428839,0.0009861431
2026-03-28T19:00:00.007000+00:00,0.0000337672,0.0008402757
2026-03-28T20:00:00.075000+00:00,0.0001336448,0.0024383169
2026-03-28T21:00:00.036000+00:00,0.0000413586,0.0009617369
2026-03-28T22:00:00.009000+00:00,0.00000625,0.0002987925
2026-03-28T23:00:00.040000+00:00,0.00000625,0.0001738728
2026-03-29T00:00:00.085000+00:00,0.0001724938,0.0030599004
2026-03-29T01:00:00.068000+00:00,0.0002113887,0.0036822197
2026-03-29T02:00:00.040000+00:00,0.0000711659,0.0014386538
2026-03-29T03:00:00.050000+00:00,0.000044326,0.0010092157
2026-03-29T04:00:00.034000+00:00,0.00000625,-0.0001431623
2026-03-29T05:00:00.054000+00:00,-0.000020858,-0.0006337285
2026-03-29T06:00:00.017000+00:00,-0.0001290637,-0.0023650186
2026-03-29T07:00:00.047000+00:00,0.00000625,0.0000513695
2026-03-29T08:00:00.033000+00:00,0.000159085,0.0028453594
2026-03-29T09:00:00.036000+00:00,0.0001733063,0.0030729005
2026-03-29T10:00:00.121000+00:00,0.00000625,0.0002073795
2026-03-29T11:00:00.002000+00:00,0.0001135284,0.0021164551
2026-03-29T12:00:00.067000+00:00,0.0002039069,0.0035625096
2026-03-29T13:00:00.056000+00:00,0.0001179589,0.0021873417
2026-03-29T14:00:00.026000+00:00,0.0001188946,0.002202314
2026-03-29T15:00:00.057000+00:00,0.0002998282,0.0050972517
2026-03-29T16:00:00.029000+00:00,0.0002955317,0.0050285077
2026-03-29T17:00:00.011000+00:00,-0.0002061191,-0.0035979062
2026-03-29T18:00:00.092000+00:00,-0.0000631717,-0.0013107479
2026-03-29T19:00:00.066000+00:00,-0.0000668157,-0.0013690516
2026-03-29T20:00:00.062000+00:00,0.0000088491,0.0004415854
2026-03-29T21:00:00.026000+00:00,0.00000625,0.0002008973
2026-03-29T22:00:00.013000+00:00,0.00000625,-0.0001172556
2026-03-29T23:00:00.096000+00:00,-0.0000486789,-0.0010788628
2026-03-30T00:00:00.038000+00:00,-0.000031105,-0.0007976804
2026-03-30T01:00:00.030000+00:00,-0.0000528237,-0.0011451788
2026-03-30T02:00:00.054000+00:00,-0.0000455783,-0.0010292522
2026-03-30T03:00:00.013000+00:00,-0.0000294715,-0.000771544
2026-03-30T04:00:00.074000+00:00,-0.0000460345,-0.0010365514
2026-03-30T05:00:00.056000+00:00,-0.0000587152,-0.0012394438
2026-03-30T06:00:00.089000+00:00,-0.000050916,-0.0011146564
2026-03-30T07:00:00.043000+00:00,-0.000032721,-0.0008235365
2026-03-30T08:00:00.192000+00:00,-0.0000374092,-0.0008985466
2026-03-30T09:00:00.039000+00:00,-0.0000380171,-0.0009082731
2026-03-30T10:00:00.052000+00:00,-0.0000443544,-0.0010096708
2026-03-30T11:00:00.059000+00:00,-0.0000692019,-0.0014072298
2026-03-30T12:00:00.038000+00:00,-0.0000736996,-0.0014791934
2026-03-30T13:00:00.031000+00:00,-0.000072502,-0.0014600315
2026-03-30T14:00:00.046000+00:00,-0.0000906444,-0.0017503108
2026-03-30T15:00:00.019000+00:00,-0.0000928431,-0.0017854895
2026-03-30T16:00:00.071000+00:00,-0.000087245,-0.0016959207
2026-03-30T17:00:00.108000+00:00,-0.0001023109,-0.0019369745
2026-03-30T18:00:00.051000+00:00,-0.0001003889,-0.0019062229
2026-03-30T19:00:00.085000+00:00,-0.0001106449,-0.0020703185
2026-03-30T20:00:00.055000+00:00,-0.0001054278,-0.0019868446
2026-03-30T21:00:00.095000+00:00,-0.000088721,-0.0017195363
2026-03-30T22:00:00.021000+00:00,-0.0000808469,-0.0015935505
2026-03-30T23:00:00.066000+00:00,-0.0001058236,-0.001993177
2026-03-31T00:00:00.016000+00:00,-0.0001270102,-0.0023321635
2026-03-31T01:00:00.038000+00:00,-0.0001309142,-0.0023946268
2026-03-31T02:00:00.066000+00:00,-0.0000674464,-0.0013791429
2026-03-31T03:00:00.092000+00:00,-0.0000271365,-0.0007341833
2026-03-31T04:00:00.073000+00:00,-0.000040614,-0.0009498237
2026-03-31T05:00:00.062000+00:00,-0.0000930664,-0.0017890624
2026-03-31T06:00:00.022000+00:00,-0.0000716246,-0.0014459931
2026-03-31T07:00:00.045000+00:00,-0.0000476866,-0.0010629853
2026-03-31T08:00:00+00:00,-0.000070315,-0.0014250402
2026-03-31T09:00:00.056000+00:00,-0.0000715579,-0.0014449257
2026-03-31T10:00:00.021000+00:00,-0.0000516361,-0.0011261768
2026-03-31T11:00:00.032000+00:00,-0.0000642268,-0.0013276295
2026-03-31T12:00:00.073000+00:00,-0.0000606859,-0.001270975
2026-03-31T13:00:00.030000+00:00,-0.0000343525,-0.0008496396
2026-03-31T14:00:00.038000+00:00,-0.0000554379,-0.0011870057
2026-03-31T15:00:00.043000+00:00,-0.0000585412,-0.0012366585
2026-03-31T16:00:00.025000+00:00,-0.0000784916,-0.0015558654
2026-03-31T17:00:00.030000+00:00,-0.0000859311,-0.0016748971
2026-03-31T18:00:00.007000+00:00,-0.0000786525,-0.00155844
2026-03-31T19:00:00.051000+00:00,-0.0000513612,-0.0011217797
2026-03-31T20:00:00.039000+00:00,-0.0000590007,-0.0012440111
2026-03-31T21:00:00.026000+00:00,-0.000116507,-0.0021641127
2026-03-31T22:00:00.046000+00:00,-0.0000250006,-0.0007000104
2026-03-31T23:00:00.029000+00:00,-0.0001286816,-0.0023589062
2026-04-01T00:00:00.068000+00:00,-0.0001339993,-0.0024439885
2026-04-01T01:00:00.022000+00:00,-0.0001335102,-0.002436163
2026-04-01T02:00:00.050000+00:00,-0.0001106849,-0.0020709588
2026-04-01T03:00:00.044000+00:00,-0.000144477,-0.002611632
2026-04-01T04:00:00.042000+00:00,-0.0000831788,-0.001630861
2026-04-01T05:00:00.057000+00:00,-0.0000668381,-0.0013694092
2026-04-01T06:00:00.051000+00:00,-0.0001087889,-0.0020406219
2026-04-01T07:00:00.039000+00:00,-0.0001138254,-0.0021212058
2026-04-01T08:00:00.062000+00:00,-0.0000356762,-0.0008708191
2026-04-01T09:00:00.046000+00:00,-0.0000382406,-0.0009118503
2026-04-01T10:00:00.050000+00:00,-0.0000564015,-0.0012024243
2026-04-01T11:00:00.068000+00:00,-0.0000588423,-0.0012414763
2026-04-01T12:00:00.081000+00:00,-0.0000377927,-0.0009046837
2026-04-01T13:00:00.011000+00:00,-0.0000561986,-0.0011991783
2026-04-01T14:00:00.131000+00:00,-0.0000738775,-0.0014820396
2026-04-01T15:00:00.029000+00:00,-0.0000625238,-0.0013003808
2026-04-01T16:00:00.078000+00:00,-0.0001150968,-0.0021415486
2026-04-01T17:00:00.076000+00:00,-0.0001605411,-0.0028686582
2026-04-01T18:00:00.071000+00:00,-0.0000973596,-0.0018577534
2026-04-01T19:00:00.017000+00:00,-0.0000775132,-0.0015402119
2026-04-01T20:00:00.045000+00:00,-0.0000521155,-0.0011338486
2026-04-01T21:00:00.041000+00:00,-0.0000564804,-0.0012036872
2026-04-01T22:00:00.030000+00:00,0.0000217548,0.0006480763
2026-04-01T23:00:00.042000+00:00,-0.00003046,-0.0007873605
2026-04-02T00:00:00.177000+00:00,-0.0000405751,-0.0009492014
2026-04-02T01:00:00.004000+00:00,-0.000041869,-0.0009699047
2026-04-02T02:00:00.060000+00:00,-0.0000643327,-0.0013293229
2026-04-02T03:00:00.041000+00:00,-0.0000816806,-0.0016068893
2026-04-02T04:00:00.059000+00:00,-0.0000605281,-0.0012684502
2026-04-02T05:00:00.030000+00:00,-0.0000518271,-0.0011292333
2026-04-02T06:00:00.039000+00:00,-0.0000401883,-0.0009430129
2026-04-02T07:00:00.070000+00:00,-0.0000441756,-0.0010068098
2026-04-02T08:00:00.129000+00:00,-0.0000623001,-0.0012968019
2026-04-02T09:00:00.026000+00:00,-0.0000691154,-0.0014058468
2026-04-02T10:00:00.051000+00:00,-0.0000599194,-0.0012587102
2026-04-02T11:00:00.014000+00:00,-0.000091476,-0.0017636162
2026-04-02T12:00:00.021000+00:00,-0.0000943093,-0.0018089491
2026-04-02T13:00:00.075000+00:00,-0.0001278027,-0.0023448428
2026-04-02T14:00:00.049000+00:00,-0.000199337,-0.0034893922
2026-04-02T15:00:00.065000+00:00,-0.0001670414,-0.0029726619
2026-04-02T16:00:00.040000+00:00,-0.0001970863,-0.0034533803
2026-04-02T17:00:00.022000+00:00,-0.0002441105,-0.004205768
2026-04-02T18:00:00.037000+00:00,-0.0003484065,-0.005874504
2026-04-02T19:00:00.006000+00:00,-0.0003641125,-0.0061257995
2026-04-02T20:00:00.023000+00:00,-0.0003269047,-0.005530475
2026-04-02T21:00:00.131000+00:00,-0.0003547757,-0.0059764119
2026-04-02T22:00:00.013000+00:00,-0.0002817311,-0.004807698
2026-04-02T23:00:00.004000+00:00,-0.0000393102,-0.0009289637
2026-04-03T00:00:00.021000+00:00,-0.0000630751,-0.0013092015
2026-04-03T01:00:00.043000+00:00,-0.0001287437,-0.0023598994
2026-04-03T02:00:00.023000+00:00,0.00000625,0.0003178486
2026-04-03T03:00:00.048000+00:00,0.000081415,0.0016026402
2026-04-03T04:00:00.039000+00:00,0.0001143045,0.0021288724
2026-04-03T05:00:00.086000+00:00,-0.0000647442,-0.0013359075
2026-04-03T06:00:00.049000+00:00,-0.000014488,-0.0005318082
2026-04-03T07:00:00.028000+00:00,0.0000325149,0.0008202386
2026-04-03T08:00:00.069000+00:00,0.00000625,0.0000334495
2026-04-03T09:00:00.054000+00:00,-0.0000934749,-0.0017955986
2026-04-03T10:00:00.043000+00:00,-0.0000557284,-0.0011916537
2026-04-03T11:00:00.041000+00:00,-0.0000639125,-0.0013226
2026-04-03T12:00:00.031000+00:00,-0.0000782476,-0.0015519615
2026-04-03T13:00:00.058000+00:00,0.0000119489,0.0004911831
2026-04-03T14:00:00.001000+00:00,0.0001349847,0.0024597553
2026-04-03T15:00:00.044000+00:00,0.000100653,0.0019104483
2026-04-03T16:00:00.033000+00:00,0.0001257419,0.0023118711
2026-04-03T17:00:00.040000+00:00,0.0001351138,0.0024618204
2026-04-03T18:00:00.069000+00:00,0.000093889,0.0018022239
2026-04-03T19:00:00.026000+00:00,-0.0000189197,-0.0006027159
2026-04-03T20:00:00.036000+00:00,-0.0000326796,-0.0008228737
2026-04-03T21:00:00.048000+00:00,0.000085917,0.0016746717
2026-04-03T22:00:00.031000+00:00,-0.0001392441,-0.0025279053
2026-04-03T23:00:00.039000+00:00,-0.0000807529,-0.0015920461
2026-04-04T00:00:00.063000+00:00,0.00000625,0.0002195112
2026-04-04T01:00:00.014000+00:00,-0.000047151,-0.0010544167
2026-04-04T02:00:00.021000+00:00,-0.000069931,-0.0014188955
2026-04-04T03:00:00.064000+00:00,-0.0000430302,-0.0009884826
2026-04-04T04:00:00.011000+00:00,0.000005492,-0.0002121273
2026-04-04T05:00:00.063000+00:00,-0.0000600597,-0.0012609551
2026-04-04T06:00:00.057000+00:00,-0.0000320659,-0.000813054
2026-04-04T07:00:00.051000+00:00,0.00000625,0.0003412726
2026-04-04T08:00:00.033000+00:00,0.0000341638,0.0008466211
2026-04-04T09:00:00.008000+00:00,0.0000576725,0.0012227604
2026-04-04T10:00:00.029000+00:00,0.0000359332,0.0008749313
2026-04-04T11:00:00.050000+00:00,0.000029528,0.0007724484
2026-04-04T12:00:00.009000+00:00,0.0000508797,0.0011140756
2026-04-04T13:00:00.107000+00:00,0.0000093853,0.0004501649
2026-04-04T14:00:00.065000+00:00,-0.0000211627,-0.0006386035
2026-04-04T15:00:00.008000+00:00,0.0000213372,0.0006413955
2026-04-04T16:00:00.038000+00:00,0.0000343313,0.0008493015
2026-04-04T17:00:00.041000+00:00,0.0000535195,0.0011563113
2026-04-04T18:00:00.064000+00:00,0.0000199575,0.0006193198
2026-04-04T19:00:00.012000+00:00,0.000026243,0.0007198882
2026-04-04T20:00:00.063000+00:00,0.00000625,-0.0001874357
2026-04-04T21:00:00.037000+00:00,0.00000625,0.0002970047
2026-04-04T22:00:00.032000+00:00,0.0000072528,0.0004160448
2026-04-04T23:00:00.014000+00:00,0.0000130276,0.0005084419
2026-04-05T00:00:00.047000+00:00,0.000026829,0.0007292645
2026-04-05T01:00:00.058000+00:00,0.00000625,0.0003036029
2026-04-05T02:00:00.058000+00:00,0.0000256809,0.0007108945
2026-04-05T03:00:00.014000+00:00,-0.0000190768,-0.0006052283
2026-04-05T04:00:00.022000+00:00,0.0000078119,0.0004249911
2026-04-05T05:00:00.024000+00:00,0.0000511598,0.0011185566
2026-04-05T06:00:00.051000+00:00,0.0000728157,0.0014650517
2026-04-05T07:00:00.048000+00:00,0.0000729392,0.0014670279
2026-04-05T08:00:00.066000+00:00,-0.0000044781,-0.0003716497
2026-04-05T09:00:00.017000+00:00,0.00000625,-0.0000787388
2026-04-05T10:00:00.017000+00:00,0.00000625,-0.0000128533
2026-04-05T11:00:00.024000+00:00,0.00000625,0.0002693867
2026-04-05T12:00:00.017000+00:00,0.0000455016,0.0010280259
2026-04-05T13:00:00.047000+00:00,0.00021328,0.0037124793
2026-04-05T14:00:00.057000+00:00,0.0001740641,0.0030850251
2026-04-05T15:00:00.081000+00:00,-0.0000591314,-0.0012461016
2026-04-05T16:00:00.031000+00:00,-0.0002196435,-0.0038142961
2026-04-05T17:00:00.049000+00:00,-0.000102416,-0.0019386564
2026-04-05T18:00:00.042000+00:00,0.0000732981,0.0014727694
2026-04-05T19:00:00.041000+00:00,0.0000629029,0.0013064463
2026-04-05T20:00:00.030000+00:00,-0.0000892266,-0.0017276259
2026-04-05T21:00:00.003000+00:00,-0.0000125297,-0.0005004746
2026-04-05T22:00:00.060000+00:00,-0.0000469565,-0.0010513046
2026-04-05T23:00:00.020000+00:00,-0.0003453325,-0.0058253203
2026-04-06T00:00:00.029000+00:00,-0.0003819125,-0.0064106
2026-04-06T01:00:00.040000+00:00,-0.0003611019,-0.00607763
2026-04-06T02:00:00+00:00,-0.0002698859,-0.004618175
2026-04-06T03:00:00.049000+00:00,-0.0003472986,-0.0058567777
2026-04-06T04:00:00.002000+00:00,-0.0003512875,-0.0059205995
2026-04-06T05:00:00.047000+00:00,-0.0003816494,-0.0064063898
2026-04-06T06:00:00.025000+00:00,-0.0003445596,-0.005812953
2026-04-06T07:00:00.064000+00:00,-0.0003276456,-0.0055423295
2026-04-06T08:00:00.053000+00:00,-0.0003226694,-0.0054627099
2026-04-06T09:00:00.012000+00:00,-0.0003119838,-0.0052917412
2026-04-06T10:00:00.006000+00:00,-0.0003374727,-0.005699563
2026-04-06T11:00:00.016000+00:00,-0.0003022993,-0.005136789
2026-04-06T12:00:00.072000+00:00,-0.0002967117,-0.0050473868
2026-04-06T13:00:00.031000+00:00,-0.0002626727,-0.0045027633
2026-04-06T14:00:00.066000+00:00,-0.000310846,-0.0052735354
2026-04-06T15:00:00.048000+00:00,-0.0003118334,-0.0052893345
2026-04-06T16:00:00.056000+00:00,-0.0003105517,-0.0052688269
2026-04-06T17:00:00.002000+00:00,-0.0003453231,-0.0058251691
2026-04-06T18:00:00.039000+00:00,-0.000347665,-0.0058626397
2026-04-06T19:00:00+00:00,-0.0003245355,-0.0054925686
2026-04-06T20:00:00.078000+00:00,-0.0002933267,-0.0049932275
2026-04-06T21:00:00.054000+00:00,-0.0002727539,-0.0046640619
2026-04-06T22:00:00.043000+00:00,-0.0000930725,-0.0017891599
2026-04-06T23:00:00.021000+00:00,-0.0002808468,-0.004793549
2026-04-07T00:00:00.046000+00:00,-0.0003065765,-0.0052052245
2026-04-07T01:00:00.015000+00:00,-0.0002996744,-0.0050947905
2026-04-07T02:00:00.012000+00:00,-0.0003050642,-0.0051810267
2026-04-07T03:00:00.093000+00:00,-0.0003256321,-0.0055101137
2026-04-07T04:00:00.017000+00:00,-0.0003225492,-0.005460787
2026-04-07T05:00:00.006000+00:00,-0.0003467299,-0.0058476781
2026-04-07T06:00:00.030000+00:00,-0.000362947,-0.0061071518
2026-04-07T07:00:00.064000+00:00,-0.0003441647,-0.0058066351
2026-04-07T08:00:00.020000+00:00,-0.0003191982,-0.0054071718
2026-04-07T09:00:00.031000+00:00,-0.0003547245,-0.0059755919
2026-04-07T10:00:00.005000+00:00,-0.0003287217,-0.0055595469
2026-04-07T11:00:00.030000+00:00,-0.0003353497,-0.005665596
2026-04-07T12:00:00.037000+00:00,-0.0003673979,-0.0061783658
2026-04-07T13:00:00.060000+00:00,-0.0004222959,-0.0070567351
2026-04-07T14:00:00.027000+00:00,-0.0004554694,-0.0075875109
2026-04-07T15:00:00.041000+00:00,-0.0004751553,-0.0079024855
2026-04-07T16:00:00.036000+00:00,-0.0004643576,-0.0077297218
2026-04-07T17:00:00.024000+00:00,-0.0004358332,-0.0072733307
2026-04-07T18:00:00.013000+00:00,-0.0004339521,-0.0072432338
2026-04-07T19:00:00.017000+00:00,-0.0004206598,-0.0070305562
2026-04-07T20:00:00.041000+00:00,-0.0004708737,-0.0078339792
2026-04-07T21:00:00.062000+00:00,-0.0005366341,-0.0088861463
2026-04-07T22:00:00.029000+00:00,-0.0007138566,-0.0117217048
2026-04-07T23:00:00.038000+00:00,-0.0005642039,-0.0093272617
2026-04-08T00:00:00.094000+00:00,-0.0003976782,-0.0066628511
2026-04-08T01:00:00.057000+00:00,-0.0004060199,-0.006796318
2026-04-08T02:00:00.043000+00:00,-0.0004274091,-0.007138545
2026-04-08T03:00:00.059000+00:00,-0.0004295841,-0.0071733457
2026-04-08T04:00:00.012000+00:00,-0.0004457029,-0.0074312459
2026-04-08T05:00:00.056000+00:00,-0.0004932558,-0.0081920924
2026-04-08T06:00:00.065000+00:00,-0.0005301984,-0.0087831747
2026-04-08T07:00:00.039000+00:00,-0.0005098824,-0.0084581178
2026-04-08T08:00:00.005000+00:00,-0.0005333197,-0.0088331158
2026-04-08T09:00:00.047000+00:00,-0.0005441374,-0.0090061982
2026-04-08T10:00:00.004000+00:00,-0.0006080367,-0.0100285873
2026-04-08T11:00:00.027000+00:00,-0.0007070987,-0.0116135786
2026-04-08T12:00:00+00:00,-0.000681729,-0.0112076638
2026-04-08T13:00:00.019000+00:00,-0.0007194041,-0.0118104651
2026-04-08T14:00:00.064000+00:00,-0.0006985519,-0.0114768296
2026-04-08T15:00:00.025000+00:00,-0.0005771179,-0.0095338867
2026-04-08T16:00:00.054000+00:00,-0.0006462668,-0.0106402683
2026-04-08T17:00:00.009000+00:00,-0.000759684,-0.0124549446
2026-04-08T18:00:00.046000+00:00,-0.0007584023,-0.0124344371
2026-04-08T19:00:00.026000+00:00,-0.0006825482,-0.0112207705
2026-04-08T20:00:00.068000+00:00,-0.0007657277,-0.0125516429
2026-04-08T21:00:00.031000+00:00,-0.00100221,-0.0163353605
2026-04-08T22:00:00.010000+00:00,-0.0007509119,-0.0123145906
2026-04-08T23:00:00.039000+00:00,-0.0001034651,-0.0019554424
2026-04-09T00:00:00.070000+00:00,-0.0002434338,-0.0041949411
2026-04-09T01:00:00.023000+00:00,-0.0002962956,-0.0050407302
2026-04-09T02:00:00.010000+00:00,-0.0002816006,-0.0048056091
2026-04-09T03:00:00.053000+00:00,-0.0002591481,-0.0044463699
2026-04-09T04:00:00.015000+00:00,-0.0002741784,-0.0046868538
2026-04-09T05:00:00.007000+00:00,-0.0003046724,-0.0051747581
2026-04-09T06:00:00.021000+00:00,-0.0003327147,-0.0056234348
2026-04-09T07:00:00.001000+00:00,-0.0003501822,-0.0059029144
2026-04-09T08:00:00.056000+00:00,-0.0002973944,-0.00505831
2026-04-09T09:00:00.008000+00:00,-0.0003099918,-0.0052598694
2026-04-09T10:00:00.006000+00:00,-0.0002946363,-0.0050141804
2026-04-09T11:00:00.010000+00:00,-0.0004088471,-0.0068415544
2026-04-09T12:00:00.054000+00:00,-0.0004900266,-0.0081404256
2026-04-09T13:00:00.004000+00:00,-0.0005758061,-0.0095128984
2026-04-09T14:00:00.056000+00:00,-0.0005874684,-0.0096994939
2026-04-09T15:00:00.041000+00:00,-0.0006968999,-0.0114503981
2026-04-09T16:00:00.011000+00:00,-0.0008674101,-0.0141785609
2026-04-09T17:00:00.012000+00:00,-0.000736125,-0.0120780003
2026-04-09T18:00:00.001000+00:00,-0.0006962143,-0.0114394289
2026-04-09T19:00:00.031000+00:00,-0.0007023407,-0.011537451
2026-04-09T20:00:00.004000+00:00,-0.0008322301,-0.0136156823
2026-04-09T21:00:00.018000+00:00,-0.0009763765,-0.0159220242
2026-04-09T22:00:00+00:00,-0.0004295973,-0.0071735569
2026-04-09T23:00:00.071000+00:00,-0.0001753456,-0.0031055303
2026-04-10T00:00:00.062000+00:00,-0.0001070627,-0.0020130038
2026-04-10T01:00:00.013000+00:00,-0.0001467471,-0.0026479537
2026-04-10T02:00:00.002000+00:00,-0.0001929346,-0.003386953
2026-04-10T03:00:00.040000+00:00,-0.0001956387,-0.0034302192
2026-04-10T04:00:00.047000+00:00,-0.0001949298,-0.0034188773
2026-04-10T05:00:00.031000+00:00,-0.0002131541,-0.0037104661
2026-04-10T06:00:00.026000+00:00,-0.0002330102,-0.0040281628
2026-04-10T07:00:00.016000+00:00,-0.0002592868,-0.0044485894
2026-04-10T08:00:00+00:00,-0.0003487438,-0.005879901
2026-04-10T09:00:00.015000+00:00,-0.0003291045,-0.0055656713
2026-04-10T10:00:00.028000+00:00,-0.0003666743,-0.0061667895
2026-04-10T11:00:00.010000+00:00,-0.0003009657,-0.0051154507
2026-04-10T12:00:00.057000+00:00,-0.0003313265,-0.0056012242
2026-04-10T13:00:00.032000+00:00,-0.000384358,-0.0064497287
2026-04-10T14:00:00.008000+00:00,-0.0004323648,-0.0072178375
2026-04-10T15:00:00.005000+00:00,-0.0004918536,-0.0081696573
2026-04-10T16:00:00.053000+00:00,-0.0006314141,-0.0104026261
2026-04-10T17:00:00.022000+00:00,-0.0006602619,-0.0108641904
2026-04-10T18:00:00.021000+00:00,-0.0006889009,-0.0113224147
2026-04-10T19:00:00.046000+00:00,-0.0006589742,-0.0108435875
2026-04-10T20:00:00.009000+00:00,-0.0006460566,-0.0106369063
2026-04-10T21:00:00.010000+00:00,-0.0008294083,-0.013570533
2026-04-10T22:00:00.079000+00:00,-0.0004811489,-0.0079983827
2026-04-10T23:00:00.055000+00:00,-0.0001797703,-0.0031763245
2026-04-11T00:00:00.015000+00:00,-0.0000169285,-0.0005708566
2026-04-11T01:00:00.006000+00:00,-0.0000026418,-0.000342268
2026-04-11T02:00:00.020000+00:00,0.00000625,-0.000020164
2026-04-11T03:00:00.039000+00:00,0.00000625,-0.0000378415
2026-04-11T04:00:00.013000+00:00,0.00000625,0.0000205066
2026-04-11T05:00:00.005000+00:00,0.00000625,0.000154846
2026-04-11T06:00:00.024000+00:00,0.0000055349,-0.0002114421
2026-04-11T07:00:00.016000+00:00,0.0000142596,0.0005281543
2026-04-11T08:00:00.002000+00:00,-0.0000640971,-0.0013255542
2026-04-11T09:00:00.042000+00:00,0.00000625,0.0001033044
2026-04-11T10:00:00.048000+00:00,-0.0000038337,-0.0003613384
2026-04-11T11:00:00.040000+00:00,-0.0000373075,-0.0008969198
2026-04-11T12:00:00.055000+00:00,-0.0000221111,-0.0006537778
2026-04-11T13:00:00.047000+00:00,0.00000625,0.0000095473
2026-04-11T14:00:00.001000+00:00,0.00000625,0.0001659655
2026-04-11T15:00:00.041000+00:00,-0.0000488935,-0.0010822961
2026-04-11T16:00:00.034000+00:00,-0.0000577656,-0.0012242501
2026-04-11T17:00:00.008000+00:00,-0.0004081567,-0.0068305078
2026-04-11T18:00:00.033000+00:00,-0.0004142597,-0.0069281558
2026-04-11T19:00:00.047000+00:00,-0.000394553,-0.0066128477
2026-04-11T20:00:00.023000+00:00,-0.0002598161,-0.0044570581
2026-04-11T21:00:00.058000+00:00,0.0001532768,0.0027524283
2026-04-11T22:00:00.036000+00:00,0.0000397999,0.0009367985
2026-04-11T23:00:00.020000+00:00,0.0001274123,0.0023385964
2026-04-12T00:00:00.067000+00:00,0.0001681313,0.0029901015
2026-04-12T01:00:00.044000+00:00,0.0000318095,0.0008089525
2026-04-12T02:00:00.031000+00:00,0.0005660001,0.0093560021
2026-04-12T03:00:00.029000+00:00,0.0009371648,0.0152946362
2026-04-12T04:00:00.055000+00:00,0.0002860861,0.0048773774
2026-04-12T05:00:00.066000+00:00,0.000329234,0.0055677436
2026-04-12T06:00:00.047000+00:00,0.0002408629,0.0041538066
2026-04-12T07:00:00.004000+00:00,0.0000351329,0.0008621268
2026-04-12T08:00:00.022000+00:00,0.0000595659,0.001253055
2026-04-12T09:00:00.049000+00:00,0.0000666035,0.001365656
2026-04-12T10:00:00.011000+00:00,0.0000851684,0.0016626939
2026-04-12T11:00:00.022000+00:00,0.0001071617,0.002014588
2026-04-12T12:00:00.040000+00:00,0.00001513,0.0005420808
2026-04-12T13:00:00.028000+00:00,0.0001670152,0.002972244
2026-04-12T14:00:00.064000+00:00,0.0007554212,0.01238674
2026-04-12T15:00:00.065000+00:00,0.000255286,0.0043845763
2026-04-12T16:00:00.046000+00:00,0.00022397,0.00388352
2026-04-12T17:00:00.054000+00:00,0.0002275039,0.0039400624
2026-04-12T18:00:00.035000+00:00,-0.0000329908,-0.0008278529
2026-04-12T19:00:00.028000+00:00,0.0001044457,0.0019711307
2026-04-12T20:00:00.062000+00:00,0.0000747205,0.0014955274
2026-04-12T21:00:00.049000+00:00,0.0003097508,0.0052560129
2026-04-12T22:00:00.058000+00:00,0.0001430528,0.0025888452
2026-04-12T23:00:00.048000+00:00,-0.0002660044,-0.0045560708
2026-04-13T00:00:00.013000+00:00,-0.0002174938,-0.0037799003
2026-04-13T01:00:00.031000+00:00,-0.0002885641,-0.0049170258
2026-04-13T02:00:00.001000+00:00,-0.0003518423,-0.005929477
2026-04-13T03:00:00.056000+00:00,-0.00033884,-0.0057214407
2026-04-13T04:00:00.056000+00:00,-0.0003526312,-0.0059420992
2026-04-13T05:00:00.032000+00:00,-0.0003930742,-0.0065891866
2026-04-13T06:00:00.007000+00:00,-0.0004056132,-0.006789811
2026-04-13T07:00:00.011000+00:00,-0.0004475815,-0.0074613045
2026-04-13T08:00:00.015000+00:00,-0.0004295449,-0.007172718
2026-04-13T09:00:00.013000+00:00,-0.0004704282,-0.0078268505
2026-04-13T10:00:00.032000+00:00,-0.0005281209,-0.0087499337
2026-04-13T11:00:00.011000+00:00,-0.0005328485,-0.0088255765
2026-04-13T12:00:00.063000+00:00,-0.0005738671,-0.0094818741
2026-04-13T13:00:00.036000+00:00,-0.0006013851,-0.0099221613
2026-04-13T14:00:00.007000+00:00,-0.000624624,-0.0102939845
2026-04-13T15:00:00.114000+00:00,-0.0006615288,-0.0108844612
2026-04-13T16:00:00.016000+00:00,-0.0006770413,-0.0111326606
2026-04-13T17:00:00.028000+00:00,-0.0006628499,-0.0109055981
2026-04-13T18:00:00.040000+00:00,-0.0006185707,-0.010197131
2026-04-13T19:00:00.055000+00:00,-0.0006722348,-0.011055757
2026-04-13T20:00:00.032000+00:00,-0.000713376,-0.0117140158
2026-04-13T21:00:00.038000+00:00,-0.0007778429,-0.0127454858
2026-04-13T22:00:00.023000+00:00,-0.0005633454,-0.0093135265
2026-04-13T23:00:00.008000+00:00,-0.0000980087,-0.0018681388
2026-04-14T00:00:00.020000+00:00,-0.0001614771,-0.0028836339
2026-04-14T01:00:00.057000+00:00,-0.0001182657,-0.0021922511
2026-04-14T02:00:00.017000+00:00,-0.0001481978,-0.0026711652
2026-04-14T03:00:00.043000+00:00,-0.0001454254,-0.0026268067
2026-04-14T04:00:00.009000+00:00,-0.000197951,-0.0034672152
2026-04-14T05:00:00.054000+00:00,-0.0001915723,-0.0033651563
2026-04-14T06:00:00.057000+00:00,-0.0002078245,-0.003625192
2026-04-14T07:00:00.076000+00:00,-0.0002261357,-0.0039181706
2026-04-14T08:00:00.066000+00:00,-0.0001888998,-0.0033223969
2026-04-14T09:00:00.041000+00:00,-0.0001986792,-0.0034788671
2026-04-14T10:00:00.010000+00:00,-0.0002393528,-0.0041296441
2026-04-14T11:00:00.030000+00:00,-0.000261559,-0.0044849434
2026-04-14T12:00:00.053000+00:00,-0.0002802082,-0.0047833309
2026-04-14T13:00:00.039000+00:00,-0.0002827492,-0.0048239878
2026-04-14T14:00:00.012000+00:00,-0.0002908044,-0.0049528704
2026-04-14T15:00:00.056000+00:00,-0.0003034358,-0.0051549731
2026-04-14T16:00:00.029000+00:00,-0.0003258096,-0.0055129535
2026-04-14T17:00:00.057000+00:00,-0.0003040753,-0.0051652048
2026-04-14T18:00:00.062000+00:00,-0.0002849578,-0.0048593245
2026-04-14T19:00:00.040000+00:00,-0.0002758411,-0.0047134568
2026-04-14T20:00:00+00:00,-0.0003117524,-0.0052880378
2026-04-14T21:00:00.003000+00:00,-0.0003341986,-0.0056471776
2026-04-14T22:00:00.001000+00:00,-0.0002403443,-0.0041455095
2026-04-14T23:00:00.021000+00:00,0.0000277816,0.0007445063
2026-04-15T00:00:00.015000+00:00,0.000007938,0.0004270076
2026-04-15T01:00:00.054000+00:00,0.00000625,0.0003963684
2026-04-15T02:00:00.036000+00:00,0.0000235522,0.000676835
2026-04-15T03:00:00.065000+00:00,0.0000219536,0.0006512578
2026-04-15T04:00:00.053000+00:00,0.0000211395,0.0006382327
2026-04-15T05:00:00.029000+00:00,0.0000219246,0.0006507933
2026-04-15T06:00:00.060000+00:00,0.0000178406,0.0005854489
2026-04-15T07:00:00.038000+00:00,0.000016966,0.0005714567
2026-04-15T08:00:00.009000+00:00,0.0000116489,0.0004863821
2026-04-15T09:00:00.024000+00:00,0.0000109416,0.0004750658
2026-04-15T10:00:00.027000+00:00,0.0000162025,0.0005592408
2026-04-15T11:00:00.067000+00:00,0.0000232484,0.0006719747
2026-04-15T12:00:00.030000+00:00,0.0000112225,0.0004795596
2026-04-15T13:00:00.008000+00:00,0.0000153999,0.0005463978
2026-04-15T14:00:00.035000+00:00,0.0000190179,0.0006042869
2026-04-15T15:00:00.057000+00:00,0.0000153062,0.0005448996
2026-04-15T16:00:00.025000+00:00,0.0000246633,0.0006946121
2026-04-15T17:00:00.022000+00:00,0.0000322725,0.0008163594
2026-04-15T18:00:00.030000+00:00,0.0000273081,0.0007369298
2026-04-15T19:00:00.062000+00:00,0.000016371,0.0005619354
2026-04-15T20:00:00.014000+00:00,0.0000247736,0.0006963774
2026-04-15T21:00:00.049000+00:00,0.000021668,0.0006466877
2026-04-15T22:00:00.067000+00:00,-0.0000071938,-0.0004151013
2026-04-15T23:00:00.056000+00:00,0.00001688,0.0005700801
2026-04-16T00:00:00.044000+00:00,0.000030005,0.0007800794
2026-04-16T01:00:00.022000+00:00,0.0000275756,0.0007412099
2026-04-16T02:00:00.010000+00:00,0.0000245095,0.0006921513
2026-04-16T03:00:00.053000+00:00,0.0000202713,0.0006243415
2026-04-16T04:00:00.006000+00:00,0.0000213511,0.0006416176
2026-04-16T05:00:00.042000+00:00,0.000021128,0.0006380481
2026-04-16T06:00:00.031000+00:00,0.0000183832,0.0005941318
2026-04-16T07:00:00.012000+00:00,0.000017184,0.0005749448
2026-04-16T08:00:00.062000+00:00,0.0000148735,0.0005379752
2026-04-16T09:00:00.045000+00:00,0.00000625,0.0003709048
2026-04-16T10:00:00.004000+00:00,0.0000137765,0.0005204241
2026-04-16T11:00:00.035000+00:00,0.0000263062,0.0007209
2026-04-16T12:00:00.042000+00:00,0.0000206654,0.0006306459
2026-04-16T13:00:00.030000+00:00,0.0000100896,0.0004614335
2026-04-16T14:00:00.019000+00:00,0.00000625,0.0002691004
2026-04-16T15:00:00.047000+00:00,0.0000093415,0.0004494637
2026-04-16T16:00:00.051000+00:00,0.00000625,0.0002199529
2026-04-16T17:00:00.013000+00:00,0.00000625,0.0002939337
2026-04-16T18:00:00.034000+00:00,0.00000625,0.000173088
2026-04-16T19:00:00.064000+00:00,0.0000047112,-0.0002246205
2026-04-16T20:00:00.016000+00:00,0.00000625,-0.0000457838
2026-04-16T21:00:00.025000+00:00,0.00000625,-0.0000660561
2026-04-16T22:00:00.043000+00:00,0.00000625,-0.000189784
2026-04-16T23:00:00.041000+00:00,0.00000625,0.0002178456
2026-04-17T00:00:00.030000+00:00,0.00000625,0.0003001771
2026-04-17T01:00:00.015000+00:00,0.00000625,0.0000929069
2026-04-17T02:00:00.026000+00:00,0.00000625,0.0002500168
2026-04-17T03:00:00.010000+00:00,0.00000625,0.0003181444
2026-04-17T04:00:00.064000+00:00,0.00000625,0.0002614972
2026-04-17T05:00:00.052000+00:00,0.0000069476,0.0004111615
2026-04-17T06:00:00.017000+00:00,0.000013327,0.0005132313
2026-04-17T07:00:00.065000+00:00,0.0000069159,0.0004106537
2026-04-17T08:00:00.042000+00:00,0.00000625,0.0003996597
2026-04-17T09:00:00.035000+00:00,0.00000625,0.0003502331
