datetime,funding_rate,premium
2025-11-21T15:00:00.047000+00:00,-0.0001659707,-0.0016277654
2025-11-21T16:00:00.015000+00:00,0.0000111763,-0.0002105898
2025-11-21T17:00:00.023000+00:00,0.0000125,-0.0000790586
2025-11-21T18:00:00.006000+00:00,0.0000125,-0.0000118563
2025-11-21T19:00:00.093000+00:00,0.0000125,-0.0000903704
2025-11-21T20:00:00.034000+00:00,0.0000125,-0.0000600722
2025-11-21T21:00:00.031000+00:00,0.0000125,-0.0000093179
2025-11-21T22:00:00.066000+00:00,0.0000125,0.000011458
2025-11-21T23:00:00.002000+00:00,0.0000139879,0.0004119032
2025-11-22T00:00:00.049000+00:00,0.0000018665,-0.000285068
2025-11-22T01:00:00.034000+00:00,0.0000118026,-0.0002055794
2025-11-22T02:00:00.035000+00:00,0.0001419793,0.0014358342
2025-11-22T03:00:00.083000+00:00,0.0001610677,0.0015885414
2025-11-22T04:00:00.070000+00:00,0.0000125,0.0001858152
2025-11-22T05:00:00.036000+00:00,0.0000125,0.0000779383
2025-11-22T06:00:00.033000+00:00,0.0000125,0.0000428033
2025-11-22T07:00:00.060000+00:00,0.0000125,0.0000184094
2025-11-22T08:00:00.063000+00:00,0.0001614444,0.0015915554
2025-11-22T09:00:00.011000+00:00,0.0003744752,0.0032958013
2025-11-22T10:00:00.052000+00:00,0.0003357309,0.0029858468
2025-11-22T11:00:00.092000+00:00,0.0000125,0.0003941475
2025-11-22T12:00:00.045000+00:00,0.0000125,0.0001031749
2025-11-22T13:00:00.078000+00:00,0.0000125,0.0000653476
2025-11-22T14:00:00.013000+00:00,0.0000125,0.0000309239
2025-11-22T15:00:00.010000+00:00,0.0000125,0.0000183702
2025-11-22T16:00:00.011000+00:00,0.0000125,0.0000183702
2025-11-22T17:00:00.019000+00:00,0.0000125,0.0000183702
2025-11-22T18:00:00.003000+00:00,0.0000125,0.0000724296
2025-11-22T19:00:00.027000+00:00,0.0000125,0.0000322538
2025-11-22T20:00:00.045000+00:00,0.0000125,0.0000212015
2025-11-22T21:00:00.055000+00:00,0.0002334884,0.0021679075
2025-11-22T22:00:00.053000+00:00,0.0000460845,0.0006686759
2025-11-22T23:00:00.085000+00:00,0.0000125,0.0002742901
2025-11-23T00:00:00.020000+00:00,0.0000125,0.0001019932
2025-11-23T01:00:00.093000+00:00,0.0000125,0.0000542005
2025-11-23T02:00:00.046000+00:00,0.0000125,0.0000183379
2025-11-23T03:00:00.024000+00:00,0.0000125,0.0000183379
2025-11-23T04:00:00.004000+00:00,0.0000125,0.0000183379
2025-11-23T05:00:00.012000+00:00,0.0000125,0.0000183379
2025-11-23T06:00:00.007000+00:00,0.0000125,0.0000183379
2025-11-23T07:00:00.051000+00:00,0.0000125,0.0000183379
2025-11-23T08:00:00.064000+00:00,0.0000125,0.0000183379
2025-11-23T09:00:00.008000+00:00,0.0000125,0.0000183379
2025-11-23T10:00:00.023000+00:00,0.0000125,0.0000183379
2025-11-23T11:00:00.097000+00:00,0.0000125,0.0000183379
2025-11-23T12:00:00.010000+00:00,0.0000125,0.0002126529
2025-11-23T13:00:00.086000+00:00,0.0001736913,0.0016895306
2025-11-23T14:00:00.004000+00:00,-0.0001671344,-0.001637075
2025-11-23T15:00:00.040000+00:00,-0.0000784396,-0.0009275165
2025-11-23T16:00:00.021000+00:00,0.0000214075,0.0004712601
2025-11-23T17:00:00.005000+00:00,0.0000125,-0.0001721511
2025-11-23T18:00:00.020000+00:00,0.0000125,-0.0000974737
2025-11-23T19:00:00.042000+00:00,0.0000204253,0.0004634027
2025-11-23T20:00:00.076000+00:00,0.0000412672,0.0006301378
2025-11-23T21:00:00.083000+00:00,0.0000125,0.0000197068
2025-11-23T22:00:00.032000+00:00,0.0000688565,0.000850852
2025-11-23T23:00:00.050000+00:00,0.0005173371,0.0044386967
2025-11-24T00:00:00.051000+00:00,0.0002336727,0.0021693818
2025-11-24T01:00:00.030000+00:00,0.0000619178,0.0007953422
2025-11-24T02:00:00.067000+00:00,0.0003024098,0.0027192783
2025-11-24T03:00:00.010000+00:00,0.0001011488,0.0011091907
2025-11-24T04:00:00.034000+00:00,0.0000427958,0.0006423662
2025-11-24T05:00:00.042000+00:00,0.0001330538,0.0013644304
2025-11-24T06:00:00.036000+00:00,0.0001742681,0.001694145
2025-11-24T07:00:00.028000+00:00,0.0000287298,0.0005298383
2025-11-24T08:00:00.025000+00:00,0.0000748784,0.000899027
2025-11-24T09:00:00.049000+00:00,-0.0000085782,-0.0003686258
2025-11-24T10:00:00.007000+00:00,0.0000125,0.0000223087
2025-11-24T11:00:00.049000+00:00,0.0000125,0.0000584349
2025-11-24T12:00:00.056000+00:00,0.0000125,0.0001210883
2025-11-24T13:00:00.014000+00:00,0.0000125,0.0000988282
2025-11-24T14:00:00.035000+00:00,0.0000125,0.00002213
2025-11-24T15:00:00.015000+00:00,0.0000125,-0.0000158378
2025-11-24T16:00:00.011000+00:00,0.0000125,0.0000209898
2025-11-24T17:00:00.041000+00:00,0.0000062061,-0.0002503512
2025-11-24T18:00:00.097000+00:00,0.0000125,-0.0001120214
2025-11-24T19:00:00.065000+00:00,0.0000125,-0.0001416549
2025-11-24T20:00:00.083000+00:00,0.0000125,-0.0000030641
2025-11-24T21:00:00.134000+00:00,0.0000125,0.0000871635
2025-11-24T22:00:00.018000+00:00,0.0000125,0.0000307149
2025-11-24T23:00:00.013000+00:00,0.0000125,-0.0001461099
2025-11-25T00:00:00.027000+00:00,0.0000125,-0.0001137105
2025-11-25T01:00:00.029000+00:00,0.0000062867,-0.0002497061
2025-11-25T02:00:00.065000+00:00,0.0000282158,0.0005257261
2025-11-25T03:00:00.062000+00:00,0.0000524369,0.0007194954
2025-11-25T04:00:00.057000+00:00,-0.0000041646,-0.0003333167
2025-11-25T05:00:00.061000+00:00,-0.0000274963,-0.0005199708
2025-11-25T06:00:00.056000+00:00,-0.0001174886,-0.0012399084
2025-11-25T07:00:00.004000+00:00,-0.0002493908,-0.0022951262
2025-11-25T08:00:00+00:00,-0.000025316,-0.0005025278
2025-11-25T09:00:00.065000+00:00,-0.0001148855,-0.0012190837
2025-11-25T10:00:00.014000+00:00,-0.0000218877,-0.0004751019
2025-11-25T11:00:00.010000+00:00,0.0000125,-0.0001039998
2025-11-25T12:00:00.055000+00:00,0.0000115464,-0.0002076286
2025-11-25T13:00:00.083000+00:00,0.0000125,0.0000320729
2025-11-25T14:00:00.039000+00:00,0.0000125,-0.0000123081
2025-11-25T15:00:00.004000+00:00,0.0000125,0.0000268629
2025-11-25T16:00:00.060000+00:00,0.0000125,-0.0000461173
2025-11-25T17:00:00.006000+00:00,0.0000125,-0.0001265275
2025-11-25T18:00:00.054000+00:00,0.0000125,0.0000964324
2025-11-25T19:00:00.061000+00:00,0.0000125,0.0001653505
2025-11-25T20:00:00.015000+00:00,0.0000125,0.0000535635
2025-11-25T21:00:00.012000+00:00,0.0000125,0.0001016388
2025-11-25T22:00:00.013000+00:00,0.0000125,0.0002186279
2025-11-25T23:00:00.092000+00:00,0.0000125,0.0000437841
2025-11-26T00:00:00.203000+00:00,0.0000125,0.0001224015
2025-11-26T01:00:00.056000+00:00,0.0000125,0.0001845835
2025-11-26T02:00:00.030000+00:00,-0.0000655417,-0.0008243336
2025-11-26T03:00:00.063000+00:00,0.0000245522,0.0004964174
2025-11-26T04:00:00.014000+00:00,-0.0000724364,-0.0008794913
2025-11-26T05:00:00.044000+00:00,-0.0000922653,-0.0010381227
2025-11-26T06:00:00.016000+00:00,-0.0000238539,-0.0004908309
2025-11-26T07:00:00.022000+00:00,0.0000125,-0.0000306167
2025-11-26T08:00:00.098000+00:00,-0.0000177967,-0.0004423733
2025-11-26T09:00:00.091000+00:00,0.0000192453,0.0004539625
2025-11-26T10:00:00.025000+00:00,0.0000125,0.000260305
2025-11-26T11:00:00.023000+00:00,0.0000186338,0.0004490707
2025-11-26T12:00:00.100000+00:00,0.0000125,0.0001317125
2025-11-26T13:00:00.034000+00:00,0.0000125,0.0002241611
2025-11-26T14:00:00.047000+00:00,0.0000125,0.0002281627
2025-11-26T15:00:00.012000+00:00,0.0000125,0.00020374
2025-11-26T16:00:00.062000+00:00,0.0000125,0.0001703807
2025-11-26T17:00:00.062000+00:00,0.0000125,0.0000107261
2025-11-26T18:00:00.073000+00:00,0.0000125,0.0003466863
2025-11-26T19:00:00.048000+00:00,0.0000179195,0.0004433559
2025-11-26T20:00:00.065000+00:00,0.0000125,0.0001665773
2025-11-26T21:00:00.032000+00:00,0.0000125,0.0000843971
2025-11-26T22:00:00.029000+00:00,0.0000125,-0.0001063563
2025-11-26T23:00:00.032000+00:00,-0.0000048516,-0.0003388126
2025-11-27T00:00:00.024000+00:00,-0.0000376403,-0.000601122
2025-11-27T01:00:00.006000+00:00,0.0000125,0.0000048496
2025-11-27T02:00:00.090000+00:00,0.0001264517,0.0013116138
2025-11-27T03:00:00.036000+00:00,0.0000779665,0.0009237321
2025-11-27T04:00:00.062000+00:00,0.0000178678,0.0004429426
2025-11-27T05:00:00.069000+00:00,0.0000125,0.0002258854
2025-11-27T06:00:00.027000+00:00,0.0000143794,0.0004150355
2025-11-27T07:00:00.004000+00:00,0.0000093662,-0.0002250708
2025-11-27T08:00:00.031000+00:00,0.0000125,-0.0001744836
2025-11-27T09:00:00.030000+00:00,0.0000125,-0.0000891287
2025-11-27T10:00:00.037000+00:00,0.0000190863,0.0004526902
2025-11-27T11:00:00.006000+00:00,0.0000125,0.0003966263
2025-11-27T12:00:00.056000+00:00,0.0000125,0.0003630128
2025-11-27T13:00:00.129000+00:00,0.0000125,0.0001980381
2025-11-27T14:00:00.083000+00:00,-0.0001335044,-0.0013680348
2025-11-27T15:00:00.013000+00:00,-0.0000053176,-0.0003425411
2025-11-27T16:00:00.038000+00:00,-0.0000312627,-0.0005501014
2025-11-27T17:00:00.030000+00:00,-0.0000556989,-0.0007455914
2025-11-27T18:00:00.008000+00:00,-0.0000097777,-0.0003782217
2025-11-27T19:00:00.043000+00:00,0.0000125,-0.0001807214
2025-11-27T20:00:00.031000+00:00,0.0000125,-0.0000754984
2025-11-27T21:00:00.068000+00:00,0.0000125,-0.000041473
2025-11-27T22:00:00.021000+00:00,0.0000125,-0.0000179888
2025-11-27T23:00:00.015000+00:00,0.0000125,0.0000114104
2025-11-28T00:00:00.003000+00:00,0.0000121348,-0.0002029216
2025-11-28T01:00:00.096000+00:00,-0.000039424,-0.0006153916
2025-11-28T02:00:00.007000+00:00,-0.000004123,-0.0003329838
2025-11-28T03:00:00.026000+00:00,0.0000125,0.0003158661
2025-11-28T04:00:00.060000+00:00,-0.0000259954,-0.0005079631
2025-11-28T05:00:00.102000+00:00,0.0000125,-0.0000533573
2025-11-28T06:00:00.089000+00:00,-0.000009153,-0.000373224
2025-11-28T07:00:00.032000+00:00,-0.0000585789,-0.000768631
2025-11-28T08:00:00.007000+00:00,-0.0000810987,-0.0009487899
2025-11-28T09:00:00.007000+00:00,-0.0000447748,-0.0006581988
2025-11-28T10:00:00.046000+00:00,-0.0000372992,-0.0005983934
2025-11-28T11:00:00.039000+00:00,-0.0000072491,-0.0003579928
2025-11-28T12:00:00.055000+00:00,-0.0000103756,-0.0003830048
2025-11-28T13:00:00.037000+00:00,-0.000019917,-0.0004593361
2025-11-28T14:00:00.032000+00:00,-0.0000168103,-0.0004344822
2025-11-28T15:00:00+00:00,0.0000125,0.0000911325
2025-11-28T16:00:00.028000+00:00,0.0000125,0.0001143082
2025-11-28T17:00:00.067000+00:00,0.0000125,0.0000749573
2025-11-28T18:00:00.002000+00:00,0.0000125,-0.0000259193
2025-11-28T19:00:00.074000+00:00,0.000008627,-0.0002309837
2025-11-28T20:00:00.023000+00:00,-0.0000376526,-0.000601221
2025-11-28T21:00:00.034000+00:00,0.0000125,0.0000003574
2025-11-28T22:00:00.030000+00:00,-0.0000471651,-0.0006773205
2025-11-28T23:00:00.038000+00:00,-0.0000886804,-0.0010094432
2025-11-29T00:00:00.025000+00:00,-0.0000095565,-0.000376452
2025-11-29T01:00:00.081000+00:00,0.0000125,0.000228621
2025-11-29T02:00:00.015000+00:00,0.0000125,0.0001000739
2025-11-29T03:00:00.061000+00:00,0.0000221367,0.0004770938
2025-11-29T04:00:00.003000+00:00,0.000031802,0.0005544157
2025-11-29T05:00:00.146000+00:00,0.000001097,-0.0002912241
2025-11-29T06:00:00.061000+00:00,0.0000125,-0.0000882142
2025-11-29T07:00:00.067000+00:00,0.0000125,-0.0000986067
2025-11-29T08:00:00.067000+00:00,0.0000125,0.0003780783
2025-11-29T09:00:00.005000+00:00,0.0001367084,0.0013936673
2025-11-29T10:00:00.028000+00:00,0.0001319992,0.0013559937
2025-11-29T11:00:00.053000+00:00,0.0000290454,0.0005323631
2025-11-29T12:00:00+00:00,0.0000125,0.0002550853
2025-11-29T13:00:00.051000+00:00,0.0000125,0.0000694643
2025-11-29T14:00:00.026000+00:00,-0.0000124845,-0.000399876
2025-11-29T15:00:00.007000+00:00,0.0000125,-0.0001129663
2025-11-29T16:00:00.017000+00:00,-0.0001000084,-0.001100067
2025-11-29T17:00:00.109000+00:00,-0.0000366459,-0.0005931674
2025-11-29T18:00:00.004000+00:00,0.0000039479,-0.0002684165
2025-11-29T19:00:00.022000+00:00,0.0000125,-0.0001516117
2025-11-29T20:00:00.051000+00:00,0.000032626,0.0005610078
2025-11-29T21:00:00.028000+00:00,0.0000125,0.0002145917
2025-11-29T22:00:00.035000+00:00,-0.0000244545,-0.0004956364
2025-11-29T23:00:00.051000+00:00,0.0000125,-0.0001790273
2025-11-30T00:00:00.082000+00:00,0.0000125,-0.0001077192
2025-11-30T01:00:00.030000+00:00,0.0000125,-0.0000496421
2025-11-30T02:00:00.075000+00:00,0.0000125,-0.0000718909
2025-11-30T03:00:00.044000+00:00,0.000014194,0.0004135524
2025-11-30T04:00:00.090000+00:00,0.0000177783,0.0004422262
2025-11-30T05:00:00.004000+00:00,0.0000125,-0.0000392559
2025-11-30T06:00:00.004000+00:00,-0.0000035774,-0.000328619
2025-11-30T07:00:00.045000+00:00,-0.000074664,-0.0008973124
2025-11-30T08:00:00.065000+00:00,-0.0000029945,-0.0003239557
2025-11-30T09:00:00.051000+00:00,0.0000125,0.0000755546
2025-11-30T10:00:00.075000+00:00,0.0000125,0.0001273326
2025-11-30T11:00:00.070000+00:00,0.0000125,0.000055465
2025-11-30T12:00:00.054000+00:00,0.0000125,-0.0000090062
2025-11-30T13:00:00.060000+00:00,0.0000125,0.0000047668
2025-11-30T14:00:00.007000+00:00,-0.0000595546,-0.0007764369
2025-11-30T15:00:00.066000+00:00,0.000001967,-0.0002842636
2025-11-30T16:00:00.049000+00:00,0.0000125,-0.0000708197
2025-11-30T17:00:00.046000+00:00,0.0000125,-0.0000522792
2025-11-30T18:00:00.097000+00:00,0.0000125,-0.0000437973
2025-11-30T19:00:00.015000+00:00,-0.000004652,-0.0003372162
2025-11-30T20:00:00.096000+00:00,0.0000125,-0.0001366886
2025-11-30T21:00:00.035000+00:00,-0.000008529,-0.0003682323
2025-11-30T22:00:00.056000+00:00,0.0000125,-0.0000608041
2025-11-30T23:00:00.008000+00:00,0.0000125,-0.0000586517
2025-12-01T00:00:00.073000+00:00,0.0000125,-0.0000486718
2025-12-01T01:00:00.076000+00:00,0.0000125,-0.0001331875
2025-12-01T02:00:00.003000+00:00,0.0000110577,-0.0002115382
2025-12-01T03:00:00.027000+00:00,0.0000125,-0.0000866172
2025-12-01T04:00:00.028000+00:00,-0.0000009525,-0.0003076197
2025-12-01T05:00:00.048000+00:00,0.0000501715,0.0007013717
2025-12-01T06:00:00.029000+00:00,-0.0000635288,-0.0008082303
2025-12-01T07:00:00.034000+00:00,0.0000104839,-0.0002161289
2025-12-01T08:00:00.014000+00:00,0.0000125,-0.0000646367
2025-12-01T09:00:00.010000+00:00,0.0000125,-0.0001631727
2025-12-01T10:00:00.038000+00:00,0.0000125,0.0000401932
2025-12-01T11:00:00.036000+00:00,0.0000125,0.0000435067
2025-12-01T12:00:00.066000+00:00,0.0000125,0.0000067223
2025-12-01T13:00:00.024000+00:00,0.0000125,-0.0000267319
2025-12-01T14:00:00.024000+00:00,0.0000125,-0.0000568067
2025-12-01T15:00:00.067000+00:00,0.0000125,-0.0000998988
2025-12-01T16:00:00.069000+00:00,0.0000125,-0.000052059
2025-12-01T17:00:00.021000+00:00,0.0000125,0.0001714697
2025-12-01T18:00:00.060000+00:00,0.0000125,0.0000931293
2025-12-01T19:00:00+00:00,0.0000125,0.000025599
2025-12-01T20:00:00.070000+00:00,0.0000125,-0.0000693757
2025-12-01T21:00:00.006000+00:00,0.0000125,0.0000775241
2025-12-01T22:00:00.103000+00:00,0.0000125,-0.0000080183
2025-12-01T23:00:00.062000+00:00,0.0000125,-0.0000148628
2025-12-02T00:00:00.052000+00:00,0.0000125,-0.0000465578
2025-12-02T01:00:00.062000+00:00,0.0000125,-0.0000115439
2025-12-02T02:00:00.027000+00:00,0.0000491229,0.0006929831
2025-12-02T03:00:00.060000+00:00,0.0000125,0.0001250513
2025-12-02T04:00:00.023000+00:00,0.0000125,0.0003299857
2025-12-02T05:00:00.061000+00:00,0.0000125,0.000271942
2025-12-02T06:00:00.036000+00:00,0.0000125,-0.0000107879
2025-12-02T07:00:00.001000+00:00,0.0000125,0.000055548
2025-12-02T08:00:00.104000+00:00,0.0000125,0.0002519739
2025-12-02T09:00:00.038000+00:00,0.0000227348,0.0004818785
2025-12-02T10:00:00.047000+00:00,0.0000125,-0.0000247778
2025-12-02T11:00:00.037000+00:00,0.0000125,0.0001924711
2025-12-02T12:00:00.092000+00:00,0.0000125,0.0001170328
2025-12-02T13:00:00.029000+00:00,0.0000125,0.0002552652
2025-12-02T14:00:00.078000+00:00,0.0000125,0.0001886879
2025-12-02T15:00:00.070000+00:00,0.0000125,0.0001613975
2025-12-02T16:00:00.048000+00:00,0.0000125,0.0001685033
2025-12-02T17:00:00.058000+00:00,0.0000125,-0.000119209
2025-12-02T18:00:00.022000+00:00,0.0000125,-0.0000980126
2025-12-02T19:00:00.027000+00:00,0.0000125,0.0000649378
2025-12-02T20:00:00.007000+00:00,0.0000125,0.0002014513
2025-12-02T21:00:00.115000+00:00,0.0000163718,0.0004309748
2025-12-02T22:00:00.050000+00:00,0.0000125,0.0002280262
2025-12-02T23:00:00.064000+00:00,0.0000125,0.0001182495
2025-12-03T00:00:00.098000+00:00,0.0000125,0.000102283
2025-12-03T01:00:00.052000+00:00,0.0000125,0.0001083449
2025-12-03T02:00:00.028000+00:00,0.0000252572,0.0005020575
2025-12-03T03:00:00.017000+00:00,0.0000560245,0.0007481963
2025-12-03T04:00:00.010000+00:00,0.0000125,0.0001469617
2025-12-03T05:00:00.062000+00:00,0.0000677232,0.0008417858
2025-12-03T06:00:00.007000+00:00,0.000077039,0.0009163117
2025-12-03T07:00:00.016000+00:00,0.0000711271,0.000869017
2025-12-03T08:00:00.016000+00:00,0.0000578707,0.0007629653
2025-12-03T09:00:00.099000+00:00,0.0000262176,0.0005097406
2025-12-03T10:00:00.051000+00:00,0.0000459399,0.0006675191
2025-12-03T11:00:00.008000+00:00,0.0000125,0.0000588819
2025-12-03T12:00:00.008000+00:00,-0.0001007234,-0.0011057875
2025-12-03T13:00:00.033000+00:00,-0.0000938563,-0.0010508507
2025-12-03T14:00:00.068000+00:00,-0.0000333414,-0.0005667312
2025-12-03T15:00:00.020000+00:00,0.0000125,0.0000385679
2025-12-03T16:00:00.116000+00:00,0.0000125,0.0000177911
2025-12-03T17:00:00.035000+00:00,0.0000125,0.0000749883
2025-12-03T18:00:00.043000+00:00,0.0000125,0.0000120296
2025-12-03T19:00:00+00:00,0.0000125,-0.0000491557
2025-12-03T20:00:00.036000+00:00,0.0000125,-0.0000994426
2025-12-03T21:00:00.027000+00:00,0.0000125,-0.0001567081
2025-12-03T22:00:00.024000+00:00,0.0000125,-0.0000217791
2025-12-03T23:00:00.029000+00:00,0.0000125,0.0003445697
2025-12-04T00:00:00.032000+00:00,0.0000125,0.0001216225
2025-12-04T01:00:00.010000+00:00,0.0000125,-0.0000973804
2025-12-04T02:00:00.079000+00:00,-0.0000931325,-0.0010450602
2025-12-04T03:00:00.010000+00:00,-0.0000771348,-0.0009170786
2025-12-04T04:00:00.038000+00:00,-0.000050237,-0.0007018957
2025-12-04T05:00:00.064000+00:00,-0.0000317201,-0.0005537612
2025-12-04T06:00:00.059000+00:00,-0.0000426283,-0.0006410262
2025-12-04T07:00:00.011000+00:00,-0.0000822321,-0.0009578567
2025-12-04T08:00:00.049000+00:00,-0.0000326698,-0.0005613581
2025-12-04T09:00:00.085000+00:00,0.000007586,-0.0002393123
2025-12-04T10:00:00.081000+00:00,0.0000125,-0.0001052129
2025-12-04T11:00:00.050000+00:00,0.0000125,-0.000028841
2025-12-04T12:00:00.031000+00:00,0.0000120831,-0.0002033348
2025-12-04T13:00:00.064000+00:00,0.0000125,-0.0000705508
2025-12-04T14:00:00.041000+00:00,0.0000125,-0.0000190545
2025-12-04T15:00:00.047000+00:00,0.0000125,0.0000323527
2025-12-04T16:00:00.010000+00:00,0.0000125,0.000252802
2025-12-04T17:00:00.054000+00:00,0.0000125,0.0001751251
2025-12-04T18:00:00.008000+00:00,0.0000125,0.0000751317
2025-12-04T19:00:00.044000+00:00,0.0000125,0.0003234584
2025-12-04T20:00:00.021000+00:00,0.0000125,0.0003145647
2025-12-04T21:00:00.078000+00:00,0.0000125,0.0001251209
2025-12-04T22:00:00.034000+00:00,0.0000125,0.0000844886
2025-12-04T23:00:00.015000+00:00,0.0000125,0.0000702973
2025-12-05T00:00:00.002000+00:00,0.0000125,0.0001068772
2025-12-05T01:00:00.035000+00:00,0.0000125,0.0000395845
2025-12-05T02:00:00.021000+00:00,0.0000125,0.0002214657
2025-12-05T03:00:00.048000+00:00,0.0000125,0.0003247495
2025-12-05T04:00:00.066000+00:00,0.0000125,0.000090975
2025-12-05T05:00:00.044000+00:00,0.0000125,0.0001247209
2025-12-05T06:00:00.033000+00:00,0.0000125,-0.0000756741
2025-12-05T07:00:00.050000+00:00,0.0000125,0.0000050429
2025-12-05T08:00:00.032000+00:00,0.0000125,0.000318668
2025-12-05T09:00:00.019000+00:00,0.0000125,0.0002377792
2025-12-05T10:00:00.035000+00:00,0.0000125,0.0001622647
2025-12-05T11:00:00.077000+00:00,0.0000125,0.000106539
2025-12-05T12:00:00.030000+00:00,0.0000125,0.0002837656
2025-12-05T13:00:00.062000+00:00,0.0000125,0.0002495658
2025-12-05T14:00:00.047000+00:00,0.0000125,0.0003879459
2025-12-05T15:00:00.036000+00:00,0.0000159925,0.0004279399
2025-12-05T16:00:00+00:00,0.0000125,0.0003208386
2025-12-05T17:00:00.026000+00:00,0.0000125,0.0003751968
2025-12-05T18:00:00.054000+00:00,0.0000125,0.0002135866
2025-12-05T19:00:00.086000+00:00,0.0000125,0.0002092294
2025-12-05T20:00:00.004000+00:00,0.0000125,0.0002097782
2025-12-05T21:00:00.036000+00:00,0.0000125,0.0002106729
2025-12-05T22:00:00.035000+00:00,0.0000125,0.0000740806
2025-12-05T23:00:00.012000+00:00,0.0000125,0.0000649486
2025-12-06T00:00:00.052000+00:00,0.0000125,0.0001219195
2025-12-06T01:00:00.110000+00:00,0.0000125,0.0001333432
2025-12-06T02:00:00.011000+00:00,0.0000125,0.0000545901
2025-12-06T03:00:00.053000+00:00,0.0000253914,0.0005031308
2025-12-06T04:00:00.025000+00:00,0.0000125,0.0002707
2025-12-06T05:00:00.044000+00:00,0.0000125,0.0002215831
2025-12-06T06:00:00.010000+00:00,0.0000125,0.0001289474
2025-12-06T07:00:00.052000+00:00,0.0000125,0.0003011231
2025-12-06T08:00:00.049000+00:00,0.0000056368,-0.0002549053
2025-12-06T09:00:00.050000+00:00,-0.0000254255,-0.000503404
2025-12-06T10:00:00.024000+00:00,0.0000125,-0.0001720853
2025-12-06T11:00:00.005000+00:00,0.0000011712,-0.0002906307
2025-12-06T12:00:00.038000+00:00,0.0000068433,-0.0002452535
2025-12-06T13:00:00.034000+00:00,0.0000081194,-0.0002350447
2025-12-06T14:00:00.047000+00:00,0.0000125,0.000151599
2025-12-06T15:00:00.028000+00:00,0.0000894624,0.0010156988
2025-12-06T16:00:00.107000+00:00,0.0000035033,-0.0002719737
2025-12-06T17:00:00.025000+00:00,0.0000007006,-0.0002943953
2025-12-06T18:00:00.046000+00:00,0.0000125,0.0003990821
2025-12-06T19:00:00.065000+00:00,0.0000171429,0.0004371429
2025-12-06T20:00:00.038000+00:00,0.0000125,0.000291671
2025-12-06T21:00:00.067000+00:00,-0.0000140653,-0.0004125223
2025-12-06T22:00:00.120000+00:00,-0.0000011585,-0.0003092679
2025-12-06T23:00:00.058000+00:00,0.000009169,-0.0002266477
2025-12-07T00:00:00.005000+00:00,0.0000125,0.0002800853
2025-12-07T01:00:00.048000+00:00,0.0000190455,0.0004523639
2025-12-07T02:00:00.012000+00:00,0.0000125,0.0003816318
2025-12-07T03:00:00.047000+00:00,0.0000125,0.0003540989
2025-12-07T04:00:00.147000+00:00,0.0000125,0.0001323087
2025-12-07T05:00:00.081000+00:00,0.0000125,-0.0001252568
2025-12-07T06:00:00.041000+00:00,0.0000125,-0.0001539618
2025-12-07T07:00:00.003000+00:00,0.0000125,-0.0001864643
2025-12-07T08:00:00.025000+00:00,-0.0000140452,-0.0004123615
2025-12-07T09:00:00.033000+00:00,-0.0000451719,-0.0006613751
2025-12-07T10:00:00.096000+00:00,-0.0000281154,-0.0005249232
2025-12-07T11:00:00.107000+00:00,-0.0000043652,-0.0003349214
2025-12-07T12:00:00.022000+00:00,0.0000125,-0.0001460173
2025-12-07T13:00:00.015000+00:00,-0.0000054543,-0.0003436345
2025-12-07T14:00:00.007000+00:00,-0.0000848972,-0.0009791776
2025-12-07T15:00:00.003000+00:00,0.00003691,0.0005952803
2025-12-07T16:00:00.031000+00:00,0.000048966,0.000691728
2025-12-07T17:00:00.002000+00:00,-0.0000298287,-0.0005386293
2025-12-07T18:00:00.040000+00:00,-0.000051793,-0.0007143438
2025-12-07T19:00:00.096000+00:00,0.0000125,0.0001853754
2025-12-07T20:00:00.036000+00:00,0.0000534667,0.0007277334
2025-12-07T21:00:00.009000+00:00,0.0000817756,0.0009542051
2025-12-07T22:00:00.031000+00:00,0.0000178867,0.0004430935
2025-12-07T23:00:00.067000+00:00,0.0000125,0.000254573
2025-12-08T00:00:00.031000+00:00,0.0000194462,0.0004555695
2025-12-08T01:00:00.152000+00:00,0.0001035884,0.0011287073
2025-12-08T02:00:00.010000+00:00,0.0000125,0.0003115753
2025-12-08T03:00:00.024000+00:00,0.0000125,0.0002087154
2025-12-08T04:00:00.007000+00:00,0.0000125,0.0002882797
2025-12-08T05:00:00.036000+00:00,0.0000125,0.0002267141
2025-12-08T06:00:00.056000+00:00,0.0000125,0.0000533934
2025-12-08T07:00:00.006000+00:00,0.0000203897,0.0004631179
2025-12-08T08:00:00.113000+00:00,0.0000388138,0.0006105108
2025-12-08T09:00:00.062000+00:00,0.0000450661,0.0006605289
2025-12-08T10:00:00.041000+00:00,0.0000125,0.0003604999
2025-12-08T11:00:00.085000+00:00,0.0000125,0.0003498578
2025-12-08T12:00:00.019000+00:00,0.0000125,0.0002633137
2025-12-08T13:00:00.077000+00:00,0.0000125,-0.0000868229
2025-12-08T14:00:00.056000+00:00,0.0000125,-0.0000531655
2025-12-08T15:00:00.011000+00:00,0.0000125,0.0000668243
2025-12-08T16:00:00.037000+00:00,0.0000125,-0.0000501398
2025-12-08T17:00:00.037000+00:00,0.0000125,-0.0001284746
2025-12-08T18:00:00.053000+00:00,0.0000125,-0.0001250924
2025-12-08T19:00:00.047000+00:00,0.0000125,-0.0000411688
2025-12-08T20:00:00.021000+00:00,0.0000125,-0.0001262337
2025-12-08T21:00:00.150000+00:00,0.0000125,-0.000040908
2025-12-08T22:00:00.004000+00:00,0.0000125,0.0000309442
2025-12-08T23:00:00.059000+00:00,0.0000125,0.00000793
2025-12-09T00:00:00.087000+00:00,0.0000125,0.0000981671
2025-12-09T01:00:00.022000+00:00,0.0000125,0.0002268788
2025-12-09T02:00:00.045000+00:00,0.0000125,0.0000296323
2025-12-09T03:00:00.064000+00:00,0.0000125,0.000080297
2025-12-09T04:00:00.033000+00:00,0.0000125,-0.0001773405
2025-12-09T05:00:00.043000+00:00,0.0000125,-0.0001401759
2025-12-09T06:00:00.001000+00:00,0.0000002335,-0.0002981319
2025-12-09T07:00:00.090000+00:00,0.0000125,-0.0000933557
2025-12-09T08:00:00.041000+00:00,0.0000095833,-0.0002233336
2025-12-09T09:00:00.045000+00:00,0.0000125,0.0001126567
2025-12-09T10:00:00.025000+00:00,0.0000125,-0.0000058756
2025-12-09T11:00:00.029000+00:00,0.0000125,-0.0001307662
2025-12-09T12:00:00.077000+00:00,0.0000125,-0.0000668441
2025-12-09T13:00:00.052000+00:00,0.0000125,0.0000007908
2025-12-09T14:00:00.043000+00:00,0.0000125,0.0001999745
2025-12-09T15:00:00.058000+00:00,0.0000125,0.0000508692
2025-12-09T16:00:00.007000+00:00,0.0000125,-0.0000045234
2025-12-09T17:00:00.005000+00:00,0.0000125,0.0001170614
2025-12-09T18:00:00.021000+00:00,0.0000125,0.0000539558
2025-12-09T19:00:00.066000+00:00,0.0000125,0.000050129
2025-12-09T20:00:00.008000+00:00,0.0000125,0.0000292602
2025-12-09T21:00:00.033000+00:00,0.0000125,0.0001548088
2025-12-09T22:00:00.103000+00:00,0.000028678,0.0005294242
2025-12-09T23:00:00.008000+00:00,0.0000125,0.0002579969
2025-12-10T00:00:00.013000+00:00,0.0000125,0.0003223613
2025-12-10T01:00:00.046000+00:00,0.0000125,0.0001566681
2025-12-10T02:00:00.101000+00:00,0.0000125,0.0003913128
2025-12-10T03:00:00+00:00,-0.0000453232,-0.0006625855
2025-12-10T04:00:00.090000+00:00,0.0000125,-0.000107659
2025-12-10T05:00:00.079000+00:00,0.0000125,0.000321972
2025-12-10T06:00:00.065000+00:00,0.0000125,0.0003607772
2025-12-10T07:00:00.025000+00:00,0.0000125,0.0003451691
2025-12-10T08:00:00.023000+00:00,0.0000125,0.0003892839
2025-12-10T09:00:00.031000+00:00,0.0000125,0.0003766716
2025-12-10T10:00:00.108000+00:00,0.0000125,0.0001550222
2025-12-10T11:00:00.050000+00:00,0.0000125,0.0001316865
2025-12-10T12:00:00.051000+00:00,0.0000125,0.0000307868
2025-12-10T13:00:00.033000+00:00,0.0000125,0.0000553469
2025-12-10T14:00:00.003000+00:00,0.0000125,0.0000791469
2025-12-10T15:00:00.139000+00:00,0.0000125,0.0000729046
2025-12-10T16:00:00.003000+00:00,0.0000125,-0.0000161581
2025-12-10T17:00:00.019000+00:00,0.0000125,-0.0001708861
2025-12-10T18:00:00.058000+00:00,0.0000125,-0.0001425
2025-12-10T19:00:00.036000+00:00,0.0000125,-0.0000417576
2025-12-10T20:00:00.105000+00:00,0.0000125,-0.0001574326
2025-12-10T21:00:00.013000+00:00,0.0000125,0.0001830968
2025-12-10T22:00:00.057000+00:00,0.000021963,0.0004757039
2025-12-10T23:00:00+00:00,0.0000125,0.000255541
2025-12-11T00:00:00.043000+00:00,0.0000125,0.0002590744
2025-12-11T01:00:00.002000+00:00,0.0000125,0.0001935354
2025-12-11T02:00:00.017000+00:00,0.0000447494,0.0006579954
2025-12-11T03:00:00.029000+00:00,0.0000394856,0.0006158844
2025-12-11T04:00:00.035000+00:00,0.0000464365,0.0006714922
2025-12-11T05:00:00.039000+00:00,0.000041289,0.0006303116
2025-12-11T06:00:00.044000+00:00,0.0000446858,0.0006574862
2025-12-11T07:00:00.030000+00:00,0.0000629775,0.0008038202
2025-12-11T08:00:00.002000+00:00,0.0000407378,0.0006259025
2025-12-11T09:00:00.086000+00:00,0.0000401157,0.0006209259
2025-12-11T10:00:00.017000+00:00,0.0000125,0.000138123
2025-12-11T11:00:00.074000+00:00,0.0000125,0.0001779013
2025-12-11T12:00:00.085000+00:00,0.0000125,0.0002468116
2025-12-11T13:00:00.016000+00:00,0.0000125,0.0002811961
2025-12-11T14:00:00.053000+00:00,0.0000125,0.0001539845
2025-12-11T15:00:00.033000+00:00,0.0000125,0.0000550455
2025-12-11T16:00:00.037000+00:00,0.0000125,-0.0001846391
2025-12-11T17:00:00.009000+00:00,0.0000031804,-0.0002745568
2025-12-11T18:00:00.065000+00:00,0.0000125,-0.0001176152
2025-12-11T19:00:00.050000+00:00,0.0000125,-0.0000319524
2025-12-11T20:00:00.102000+00:00,0.0000125,-0.0001222407
2025-12-11T21:00:00.008000+00:00,0.0000125,-0.0000082319
2025-12-11T22:00:00.002000+00:00,0.0000125,0.0000476934
2025-12-11T23:00:00.050000+00:00,0.0000125,0.0000968946
2025-12-12T00:00:00.018000+00:00,0.0000125,0.0000272008
2025-12-12T01:00:00.171000+00:00,0.0000125,0.0000775352
2025-12-12T02:00:00.053000+00:00,0.0000125,0.000002755
2025-12-12T03:00:00.087000+00:00,0.0000125,0.0000363091
2025-12-12T04:00:00.006000+00:00,0.0000125,-0.0000100309
2025-12-12T05:00:00.009000+00:00,0.0000125,-0.0000169868
2025-12-12T06:00:00.066000+00:00,0.0000125,-0.0000712233
2025-12-12T07:00:00.063000+00:00,0.0000125,-0.0001797257
2025-12-12T08:00:00.062000+00:00,-0.0000089812,-0.0003718493
2025-12-12T09:00:00.026000+00:00,0.0000115718,-0.0002074252
2025-12-12T10:00:00.066000+00:00,0.0000173498,0.0004387981
2025-12-12T11:00:00.038000+00:00,0.0000149566,0.0004196528
2025-12-12T12:00:00.034000+00:00,0.0000304907,0.0005439257
2025-12-12T13:00:00.065000+00:00,0.0000125,0.0001997214
2025-12-12T14:00:00.016000+00:00,0.0000125,0.0000109713
2025-12-12T15:00:00.036000+00:00,0.0000125,0.0001005853
2025-12-12T16:00:00.063000+00:00,0.0000125,0.0000633076
2025-12-12T17:00:00.048000+00:00,0.0000125,0.0000371818
2025-12-12T18:00:00.100000+00:00,0.0000125,-0.0000502233
2025-12-12T19:00:00.047000+00:00,0.0000125,-0.0000371845
2025-12-12T20:00:00.061000+00:00,0.0000125,0.0001180994
2025-12-12T21:00:00.053000+00:00,0.0000125,0.0000402575
2025-12-12T22:00:00.043000+00:00,0.0000125,0.0001581229
2025-12-12T23:00:00.048000+00:00,0.0000125,0.000089625
2025-12-13T00:00:00.091000+00:00,0.0000125,-0.0001728004
2025-12-13T01:00:00.043000+00:00,0.0000125,-0.0000155986
2025-12-13T02:00:00.027000+00:00,0.0000125,-0.0000785676
2025-12-13T03:00:00.090000+00:00,0.0000125,-0.0001826346
2025-12-13T04:00:00.011000+00:00,0.0000056404,-0.0002548764
2025-12-13T05:00:00.068000+00:00,0.0000125,0.0002362455
2025-12-13T06:00:00.030000+00:00,0.0000724614,0.0008796914
2025-12-13T07:00:00.002000+00:00,0.0000125,-0.0001855648
2025-12-13T08:00:00.054000+00:00,0.0000125,-0.0001443923
2025-12-13T09:00:00.047000+00:00,0.0000125,-0.0001567711
2025-12-13T10:00:00.009000+00:00,0.0000125,-0.0001332523
2025-12-13T11:00:00.027000+00:00,0.0000125,-0.0000096319
2025-12-13T12:00:00.024000+00:00,0.0000100315,-0.000219748
2025-12-13T13:00:00.079000+00:00,0.0000125,-0.0000829241
2025-12-13T14:00:00.061000+00:00,0.0000125,-0.0001081572
2025-12-13T15:00:00.113000+00:00,0.0000125,-0.0001512169
2025-12-13T16:00:00.054000+00:00,0.0000109284,-0.0002125727
2025-12-13T17:00:00.085000+00:00,-0.0000218273,-0.0004746186
2025-12-13T18:00:00.079000+00:00,-0.0000269066,-0.0005152528
2025-12-13T19:00:00.003000+00:00,0.0000115929,-0.0002072568
2025-12-13T20:00:00.137000+00:00,0.0000125,-0.0001522488
2025-12-13T21:00:00.031000+00:00,0.0000125,0.0000854703
2025-12-13T22:00:00.014000+00:00,0.0000125,0.0000474493
2025-12-13T23:00:00.022000+00:00,0.0000125,0.0000991084
2025-12-14T00:00:00.071000+00:00,0.0000125,0.0000684457
2025-12-14T01:00:00.077000+00:00,0.0000125,0.0000118671
2025-12-14T02:00:00.004000+00:00,0.0000125,0.0000937215
2025-12-14T03:00:00.045000+00:00,0.0000125,-0.00001925
2025-12-14T04:00:00.070000+00:00,0.0000102356,-0.000218115
2025-12-14T05:00:00.007000+00:00,0.0000125,-0.000015738
2025-12-14T06:00:00.066000+00:00,0.0000125,-0.0000442387
2025-12-14T07:00:00.048000+00:00,0.0000034895,-0.0002720842
2025-12-14T08:00:00.098000+00:00,0.0001368272,0.0013946172
2025-12-14T09:00:00.052000+00:00,0.0001296646,0.0013373166
2025-12-14T10:00:00.041000+00:00,0.0000140986,0.0004127885
2025-12-14T11:00:00.121000+00:00,0.0000125,-0.0001149115
2025-12-14T12:00:00.014000+00:00,0.0001019712,0.0011157694
2025-12-14T13:00:00.017000+00:00,0.0000870897,0.0009967179
2025-12-14T14:00:00.060000+00:00,0.0000125,0.0001302753
2025-12-14T15:00:00.031000+00:00,-0.000041295,-0.0006303598
2025-12-14T16:00:00.070000+00:00,0.0000040061,-0.0002679512
2025-12-14T17:00:00.069000+00:00,0.0000125,-0.0000878605
2025-12-14T18:00:00.047000+00:00,-0.0003238172,-0.0028905378
2025-12-14T19:00:00.044000+00:00,-0.0000939588,-0.0010516705
2025-12-14T20:00:00.047000+00:00,-0.0000112114,-0.0003896912
2025-12-14T21:00:00.068000+00:00,-0.0001399547,-0.0014196374
2025-12-14T22:00:00.087000+00:00,-0.0000548077,-0.0007384616
2025-12-14T23:00:00.015000+00:00,-0.0001077904,-0.0011623233
2025-12-15T00:00:00.088000+00:00,-0.000116862,-0.001234896
2025-12-15T01:00:00.010000+00:00,-0.0000933968,-0.0010471741
2025-12-15T02:00:00.047000+00:00,0.0000125,-0.0000598266
2025-12-15T03:00:00.076000+00:00,0.0000125,-0.0000396613
2025-12-15T04:00:00.021000+00:00,0.0000125,-0.0000668744
2025-12-15T05:00:00.059000+00:00,-0.0000269682,-0.0005157458
2025-12-15T06:00:00.047000+00:00,-0.0000201968,-0.0004615743
2025-12-15T07:00:00.042000+00:00,-0.0000008076,-0.0003064608
2025-12-15T08:00:00.082000+00:00,-0.0000056634,-0.0003453071
2025-12-15T09:00:00.059000+00:00,0.0000035466,-0.0002716275
2025-12-15T10:00:00.075000+00:00,0.0000125,-0.0000390904
2025-12-15T11:00:00.123000+00:00,0.0000125,0.0002458196
2025-12-15T12:00:00.009000+00:00,0.0000125,0.0001965715
2025-12-15T13:00:00.004000+00:00,0.0000125,-0.0001130536
2025-12-15T14:00:00.067000+00:00,0.0000125,-0.0001180492
2025-12-15T15:00:00.001000+00:00,0.0000125,-0.0001482181
2025-12-15T16:00:00.063000+00:00,0.000011831,-0.0002053517
2025-12-15T17:00:00.112000+00:00,0.0000125,-0.0000621533
2025-12-15T18:00:00.057000+00:00,0.0000125,-0.0000497125
2025-12-15T19:00:00.060000+00:00,0.0000125,-0.0001414157
2025-12-15T20:00:00.032000+00:00,0.0000125,-0.0000226594
2025-12-15T21:00:00.059000+00:00,0.0000125,0.0000338072
2025-12-15T22:00:00.047000+00:00,0.0000125,0.0000264584
2025-12-15T23:00:00.069000+00:00,0.0000125,0.0000130666
2025-12-16T00:00:00.079000+00:00,0.0000125,-0.0000509978
2025-12-16T01:00:00.072000+00:00,-0.0000083793,-0.0003670342
2025-12-16T02:00:00.054000+00:00,0.0000125,-0.0001367743
2025-12-16T03:00:00.051000+00:00,-0.0000182137,-0.0004457099
2025-12-16T04:00:00.068000+00:00,-0.0000347222,-0.0005777777
2025-12-16T05:00:00.036000+00:00,-0.0000490826,-0.0006926605
2025-12-16T06:00:00.047000+00:00,-0.000034571,-0.0005765683
2025-12-16T07:00:00.012000+00:00,-0.0000544095,-0.0007352762
2025-12-16T08:00:00.101000+00:00,-0.000046505,-0.00067204
2025-12-16T09:00:00.077000+00:00,-0.000066769,-0.0008341523
2025-12-16T10:00:00.029000+00:00,-0.000014556,-0.0004164479
2025-12-16T11:00:00.055000+00:00,-0.0000414316,-0.0006314525
2025-12-16T12:00:00.047000+00:00,-0.0000272777,-0.0005182219
2025-12-16T13:00:00.026000+00:00,-0.0000230976,-0.0004847807
2025-12-16T14:00:00.003000+00:00,-0.0000121797,-0.0003974374
2025-12-16T15:00:00.025000+00:00,-0.0000060561,-0.0003484489
2025-12-16T16:00:00.075000+00:00,0.0000125,-0.0001823216
2025-12-16T17:00:00.045000+00:00,0.0000125,-0.0000481065
2025-12-16T18:00:00.063000+00:00,0.0000125,-0.0000379535
2025-12-16T19:00:00.014000+00:00,0.0000125,0.0000176881
2025-12-16T20:00:00.180000+00:00,0.0000125,0.0000713292
2025-12-16T21:00:00.001000+00:00,0.0000125,0.0001674631
2025-12-16T22:00:00.081000+00:00,0.0000125,0.0000128931
2025-12-16T23:00:00.079000+00:00,0.0000125,0.0002060874
2025-12-17T00:00:00.013000+00:00,0.0000125,0.0001367412
2025-12-17T01:00:00.109000+00:00,0.0000125,0.0001259348
2025-12-17T02:00:00.088000+00:00,0.0000125,0.0000085798
2025-12-17T03:00:00.065000+00:00,0.0000125,0.0000265545
2025-12-17T04:00:00.020000+00:00,0.0000125,0.0000088463
2025-12-17T05:00:00.122000+00:00,0.0000125,0.0003105848
2025-12-17T06:00:00.024000+00:00,0.0000125,0.0001684966
2025-12-17T07:00:00.010000+00:00,0.0000125,-0.000043788
2025-12-17T08:00:00.022000+00:00,0.0000125,-0.0000378672
2025-12-17T09:00:00.055000+00:00,0.0000125,-0.0000673234
2025-12-17T10:00:00.016000+00:00,0.0000125,0.0000113521
2025-12-17T11:00:00.072000+00:00,0.0000125,0.0000095617
2025-12-17T12:00:00.021000+00:00,0.0000125,0.0001738548
2025-12-17T13:00:00.083000+00:00,0.0000125,0.0001110398
2025-12-17T14:00:00.018000+00:00,0.0000125,0.0001256435
2025-12-17T15:00:00.040000+00:00,0.0000125,0.000100311
2025-12-17T16:00:00.034000+00:00,0.0000125,-0.0000321189
2025-12-17T17:00:00.038000+00:00,0.0000125,-0.0000532484
2025-12-17T18:00:00.074000+00:00,0.0000125,-0.0001168258
2025-12-17T19:00:00.014000+00:00,-0.0000055367,-0.0003442938
2025-12-17T20:00:00.061000+00:00,-0.0000167799,-0.000434239
2025-12-17T21:00:00.032000+00:00,-0.0000169903,-0.0004359225
2025-12-17T22:00:00.073000+00:00,0.0000125,-0.0000484905
2025-12-17T23:00:00+00:00,-0.0000300839,-0.0005406716
2025-12-18T00:00:00.033000+00:00,-0.0000263505,-0.0005108043
2025-12-18T01:00:00.079000+00:00,-0.0000311464,-0.0005491715
2025-12-18T02:00:00.030000+00:00,-0.0000197609,-0.0004580873
2025-12-18T03:00:00.055000+00:00,0.0000125,-0.0001320307
2025-12-18T04:00:00.029000+00:00,0.0000125,-0.0001482263
2025-12-18T05:00:00.055000+00:00,-0.000038533,-0.000608264
2025-12-18T06:00:00.044000+00:00,-0.0000505159,-0.0007041275
2025-12-18T07:00:00.025000+00:00,-0.0000448565,-0.000658852
2025-12-18T08:00:00.050000+00:00,-0.0000223434,-0.0004787473
2025-12-18T09:00:00.003000+00:00,-0.0000154724,-0.0004237791
2025-12-18T10:00:00.091000+00:00,-0.0000040791,-0.0003326331
2025-12-18T11:00:00.056000+00:00,-0.0000115741,-0.0003925927
2025-12-18T12:00:00.039000+00:00,-0.0000110333,-0.0003882662
2025-12-18T13:00:00.003000+00:00,0.0000125,-0.0000386901
2025-12-18T14:00:00.026000+00:00,0.0000125,-0.0000596013
2025-12-18T15:00:00.050000+00:00,-0.0000150573,-0.000420458
2025-12-18T16:00:00.031000+00:00,-0.0000076316,-0.0003610525
2025-12-18T17:00:00.074000+00:00,-0.000025609,-0.0005048723
2025-12-18T18:00:00.080000+00:00,0.0000125,-0.0000459484
2025-12-18T19:00:00.016000+00:00,0.0000125,-0.0000520618
2025-12-18T20:00:00.077000+00:00,0.0000125,0.0000149043
2025-12-18T21:00:00.013000+00:00,0.0000125,-0.0001274489
2025-12-18T22:00:00.073000+00:00,0.0000270774,0.000516619
2025-12-18T23:00:00.067000+00:00,0.0000125,0.0002516683
2025-12-19T00:00:00.067000+00:00,0.0000125,0.0003146418
2025-12-19T01:00:00.032000+00:00,0.0000456909,0.0006655275
2025-12-19T02:00:00.061000+00:00,0.0000125,0.0003345901
2025-12-19T03:00:00.012000+00:00,0.0000151214,0.0004209709
2025-12-19T04:00:00.009000+00:00,0.0004971017,0.0042768138
2025-12-19T05:00:00.067000+00:00,0.0002433038,0.0022464302
2025-12-19T06:00:00.047000+00:00,0.0002401603,0.0022212823
2025-12-19T07:00:00.033000+00:00,0.0002186156,0.0020489248
2025-12-19T08:00:00.054000+00:00,0.0001299256,0.0013394048
2025-12-19T09:00:00.013000+00:00,0.0001140982,0.0012127858
2025-12-19T10:00:00.046000+00:00,0.0000491563,0.0006932507
2025-12-19T11:00:00.006000+00:00,0.0000336267,0.0005690137
2025-12-19T12:00:00.061000+00:00,0.0000806445,0.0009451562
2025-12-19T13:00:00.006000+00:00,0.0000550134,0.0007401074
2025-12-19T14:00:00.026000+00:00,0.0000409385,0.0006275083
2025-12-19T15:00:00.126000+00:00,0.0000174472,0.0004395772
2025-12-19T16:00:00.091000+00:00,0.0000125,0.0003246923
2025-12-19T17:00:00.109000+00:00,0.0000125,0.0003290797
2025-12-19T18:00:00.025000+00:00,0.0000125,0.0003804135
2025-12-19T19:00:00.014000+00:00,0.0000125,0.0000257789
2025-12-19T20:00:00.036000+00:00,0.0000125,0.0000384269
2025-12-19T21:00:00.021000+00:00,0.0000036658,-0.0002706735
2025-12-19T22:00:00.013000+00:00,0.000010632,-0.0002149441
2025-12-19T23:00:00.045000+00:00,-0.0000137962,-0.0005207391
2025-12-20T00:00:00.049000+00:00,-0.0000163197,-0.0005611155
2025-12-20T01:00:00.054000+00:00,-0.0000052761,-0.0003844168
2025-12-20T02:00:00.052000+00:00,0.00000625,-0.0000571321
2025-12-20T03:00:00.088000+00:00,0.00000625,0.0000029544
2025-12-20T04:00:00.068000+00:00,0.00000625,-0.0000278584
2025-12-20T05:00:00.010000+00:00,0.0000054469,-0.0002128494
2025-12-20T06:00:00.061000+00:00,0.00000625,-0.000181724
2025-12-20T07:00:00.016000+00:00,0.00000625,-0.0001495707
2025-12-20T08:00:00.027000+00:00,0.00000625,-0.0001218552
2025-12-20T09:00:00.085000+00:00,0.00000625,-0.000171915
2025-12-20T10:00:00.128000+00:00,-0.0001014748,-0.0019235963
2025-12-20T11:00:00.020000+00:00,-0.0000609205,-0.001274728
2025-12-20T12:00:00.008000+00:00,-0.0000108956,-0.0004743294
2025-12-20T13:00:00.029000+00:00,-0.0000260106,-0.0007161691
2025-12-20T14:00:00.160000+00:00,0.0000499668,0.0010994689
2025-12-20T15:00:00.007000+00:00,0.00000625,-0.0001276174
2025-12-20T16:00:00.049000+00:00,-0.0000242945,-0.0006887126
2025-12-20T17:00:00.090000+00:00,-0.0000037754,-0.0003604059
2025-12-20T18:00:00.003000+00:00,0.00000625,-0.0001708705
2025-12-20T19:00:00.040000+00:00,0.00000625,-0.000080035
2025-12-20T20:00:00.009000+00:00,0.00000625,0.0002148734
2025-12-20T21:00:00.059000+00:00,0.000034096,0.0008455353
2025-12-20T22:00:00.093000+00:00,0.00000625,0.0002279576
2025-12-20T23:00:00.087000+00:00,0.00000625,0.0000975785
2025-12-21T00:00:00.121000+00:00,-0.0000401233,-0.0009419725
2025-12-21T01:00:00.035000+00:00,-0.0000279073,-0.0007465161
2025-12-21T02:00:00.051000+00:00,0.00000625,-0.0000313798
2025-12-21T03:00:00.019000+00:00,0.00000625,0.0002927659
2025-12-21T04:00:00.042000+00:00,0.00000625,0.0001136768
2025-12-21T05:00:00.026000+00:00,0.00000625,0.0001806716
2025-12-21T06:00:00.033000+00:00,0.00000625,0.0000280572
2025-12-21T07:00:00.023000+00:00,0.0000018348,-0.0002706438
2025-12-21T08:00:00.005000+00:00,0.00000625,-0.0000061561
2025-12-21T09:00:00.041000+00:00,0.00000625,0.0001511393
2025-12-21T10:00:00.026000+00:00,0.00000625,0.0002521477
2025-12-21T11:00:00.001000+00:00,0.00000625,0.0003190403
2025-12-21T12:00:00.014000+00:00,0.00000625,0.000125589
2025-12-21T13:00:00.104000+00:00,-0.0000126567,-0.0005025075
2025-12-21T14:00:00.061000+00:00,0.0000006611,-0.0002894226
2025-12-21T15:00:00.046000+00:00,-0.000002156,-0.0003344955
2025-12-21T16:00:00.090000+00:00,0.00000625,-0.0001622426
2025-12-21T17:00:00.081000+00:00,0.00000625,0.0000958044
2025-12-21T18:00:00.005000+00:00,0.0000229778,0.0006676444
2025-12-21T19:00:00.103000+00:00,0.00000625,0.0002801868
2025-12-21T20:00:00.004000+00:00,0.00000625,0.0001972127
2025-12-21T21:00:00.091000+00:00,-0.0000051498,-0.0003823972
2025-12-21T22:00:00.043000+00:00,0.00000625,0.0002194535
2025-12-21T23:00:00.179000+00:00,0.00000625,0.0001324006
2025-12-22T00:00:00.034000+00:00,0.0000037314,-0.0002402971
2025-12-22T01:00:00.030000+00:00,0.00000625,0.0000231269
2025-12-22T02:00:00.054000+00:00,-0.0000347099,-0.0008553579
2025-12-22T03:00:00.057000+00:00,-0.0000142637,-0.000528219
2025-12-22T04:00:00.017000+00:00,0.00000625,0.0002066964
2025-12-22T05:00:00.041000+00:00,0.00000625,0.0001436896
2025-12-22T06:00:00.079000+00:00,0.00000625,-0.0000954514
2025-12-22T07:00:00.012000+00:00,0.00000625,0.000163277
2025-12-22T08:00:00.066000+00:00,0.00000625,0.0001194345
2025-12-22T09:00:00.042000+00:00,0.000009313,0.0004490083
2025-12-22T10:00:00.028000+00:00,0.00000625,0.0000795903
2025-12-22T11:00:00.073000+00:00,0.00000625,0.000211536
2025-12-22T12:00:00.028000+00:00,0.00000625,0.0001666294
2025-12-22T13:00:00.031000+00:00,0.00000625,0.0001962053
2025-12-22T14:00:00.065000+00:00,0.00000625,0.0002784657
2025-12-22T15:00:00.012000+00:00,0.00000625,0.0002871228
2025-12-22T16:00:00.031000+00:00,0.00000625,-0.0000368184
2025-12-22T17:00:00.050000+00:00,0.00000625,-0.0001971006
2025-12-22T18:00:00.030000+00:00,0.00000625,-0.0001078399
2025-12-22T19:00:00.006000+00:00,0.00000625,0.0000833376
2025-12-22T20:00:00.046000+00:00,0.00000625,-0.0000078126
2025-12-22T21:00:00+00:00,0.00000625,0.0000014301
2025-12-22T22:00:00.036000+00:00,0.00000625,-0.0000709722
2025-12-22T23:00:00.053000+00:00,0.00000625,-0.0000132156
2025-12-23T00:00:00.002000+00:00,0.00000625,-0.0000341583
2025-12-23T01:00:00.098000+00:00,0.00000625,-0.0000417605
2025-12-23T02:00:00.053000+00:00,0.00000625,-0.0001736044
2025-12-23T03:00:00.060000+00:00,-0.0000023785,-0.0003380567
2025-12-23T04:00:00.059000+00:00,0.00000116,-0.0002814403
2025-12-23T05:00:00.066000+00:00,0.00000625,-0.0001426688
2025-12-23T06:00:00.065000+00:00,0.00000625,-0.0000077288
2025-12-23T07:00:00.033000+00:00,0.00000625,-0.0000098175
2025-12-23T08:00:00.066000+00:00,0.00000625,-0.000000995
2025-12-23T09:00:00.061000+00:00,0.00000625,-0.0000386772
2025-12-23T10:00:00.050000+00:00,0.00000625,-0.0000327409
2025-12-23T11:00:00.027000+00:00,0.00000625,-0.0000652988
2025-12-23T12:00:00.062000+00:00,0.00000625,0.0000008418
2025-12-23T13:00:00.067000+00:00,0.00000625,0.0000528978
2025-12-23T14:00:00.025000+00:00,0.00000625,0.0000713817
2025-12-23T15:00:00.117000+00:00,0.00000625,0.0002064317
2025-12-23T16:00:00.036000+00:00,0.00000625,0.0003308072
2025-12-23T17:00:00.118000+00:00,0.0000031548,-0.0002495233
2025-12-23T18:00:00.008000+00:00,0.00000625,0.0001168742
2025-12-23T19:00:00.021000+00:00,0.00000625,0.0001123037
2025-12-23T20:00:00.206000+00:00,0.00000625,-0.0000322585
2025-12-23T21:00:00.067000+00:00,0.00000625,-0.0001512209
2025-12-23T22:00:00.021000+00:00,0.00000625,-0.0000010053
2025-12-23T23:00:00.051000+00:00,0.00000625,-0.0000623146
2025-12-24T00:00:00.088000+00:00,0.00000625,-0.0000327454
2025-12-24T01:00:00.030000+00:00,0.00000625,-0.0000857964
2025-12-24T02:00:00.077000+00:00,0.00000625,-0.0000075314
2025-12-24T03:00:00.005000+00:00,0.00000625,0.0000087052
2025-12-24T04:00:00.045000+00:00,0.00000625,0.0000197613
2025-12-24T05:00:00.039000+00:00,0.00000625,0.0001147127
2025-12-24T06:00:00.027000+00:00,0.00000625,0.0000779317
2025-12-24T07:00:00.010000+00:00,0.00000625,0.0000265516
2025-12-24T08:00:00.074000+00:00,0.00000625,0.0000440466
2025-12-24T09:00:00.035000+00:00,0.00000625,0.0000514508
2025-12-24T10:00:00.079000+00:00,0.00000625,0.0002486719
2025-12-24T11:00:00.034000+00:00,0.00000625,0.0003565266
2025-12-24T12:00:00.028000+00:00,0.00000625,0.0000377586
2025-12-24T13:00:00.012000+00:00,0.00000625,0.0001022476
2025-12-24T14:00:00.025000+00:00,0.00000625,-0.0000457164
2025-12-24T15:00:00.087000+00:00,0.0000029261,-0.0002531819
2025-12-24T16:00:00.002000+00:00,-0.0000033928,-0.0003542855
2025-12-24T17:00:00.013000+00:00,0.00000625,0.000223929
2025-12-24T18:00:00.037000+00:00,0.00000625,0.0002921569
2025-12-24T19:00:00.010000+00:00,-0.0000219446,-0.0006511143
2025-12-24T20:00:00.012000+00:00,-0.0000098235,-0.0004571764
2025-12-24T21:00:00.014000+00:00,0.0000020353,-0.0002674345
2025-12-24T22:00:00.001000+00:00,0.00000625,0.0003136485
2025-12-24T23:00:00.087000+00:00,0.0000364303,0.0008828842
2025-12-25T00:00:00.009000+00:00,0.0000206993,0.0006311895
2025-12-25T01:00:00.033000+00:00,0.000007772,0.0004243528
2025-12-25T02:00:00.085000+00:00,0.00000625,0.0001411663
2025-12-25T03:00:00.030000+00:00,0.00000625,0.0000255101
2025-12-25T04:00:00.034000+00:00,0.00000625,0.0000380021
2025-12-25T05:00:00.023000+00:00,0.00000625,0.0000818898
2025-12-25T06:00:00.056000+00:00,0.00000625,0.0001009132
2025-12-25T07:00:00.023000+00:00,0.0000107542,0.0004720666
2025-12-25T08:00:00.045000+00:00,0.00000625,0.0000609992
2025-12-25T09:00:00.041000+00:00,0.0000618102,0.0012889629
2025-12-25T10:00:00.018000+00:00,0.0000316424,0.0008062791
2025-12-25T11:00:00.029000+00:00,0.0000219357,0.0006509718
2025-12-25T12:00:00.064000+00:00,0.00000625,-0.0000327919
2025-12-25T13:00:00.067000+00:00,0.00000625,0.0001926887
2025-12-25T14:00:00.102000+00:00,0.0000127538,0.0005040601
2025-12-25T15:00:00.042000+00:00,0.00000625,0.0003549363
2025-12-25T16:00:00.058000+00:00,0.0000107273,0.000471637
2025-12-25T17:00:00.056000+00:00,0.0000077044,0.0004232712
2025-12-25T18:00:00.010000+00:00,0.00000625,0.0003264839
2025-12-25T19:00:00.040000+00:00,0.00000625,0.0002876337
2025-12-25T20:00:00.060000+00:00,0.00000625,0.000302104
2025-12-25T21:00:00.080000+00:00,0.00000625,0.0003488567
2025-12-25T22:00:00.003000+00:00,0.00000625,0.0002340632
2025-12-25T23:00:00.019000+00:00,0.00000625,0.0003390903
2025-12-26T00:00:00.022000+00:00,0.00000625,-0.0000731546
2025-12-26T01:00:00.008000+00:00,-0.0000325662,-0.0008210594
2025-12-26T02:00:00.062000+00:00,0.00000625,0.0002639977
2025-12-26T03:00:00+00:00,0.0000532541,0.001152066
2025-12-26T04:00:00.056000+00:00,0.0000702635,0.0014242161
2025-12-26T05:00:00.092000+00:00,0.0000776732,0.0015427708
2025-12-26T06:00:00.012000+00:00,0.0000364407,0.0008830517
2025-12-26T07:00:00.039000+00:00,0.00000625,0.0002443171
2025-12-26T08:00:00.040000+00:00,0.00000625,0.0000434874
2025-12-26T09:00:00.017000+00:00,0.00000625,-0.0000348768
2025-12-26T10:00:00.113000+00:00,0.00000625,-0.0000208008
2025-12-26T11:00:00.164000+00:00,0.00000625,-0.000100443
2025-12-26T12:00:00.040000+00:00,0.00000625,-0.0000128462
2025-12-26T13:00:00.030000+00:00,0.00000625,0.0000566719
2025-12-26T14:00:00.015000+00:00,0.00000625,0.0001685213
2025-12-26T15:00:00.077000+00:00,0.00000625,0.0000783766
2025-12-26T16:00:00.036000+00:00,-0.0000049064,-0.0003785022
2025-12-26T17:00:00.019000+00:00,-0.0000166359,-0.000566175
2025-12-26T18:00:00.088000+00:00,-0.0000128401,-0.0005054414
2025-12-26T19:00:00.033000+00:00,-0.0000131431,-0.0005102901
2025-12-26T20:00:00.045000+00:00,0.00000625,-0.0000317827
2025-12-26T21:00:00.004000+00:00,0.00000625,0.0001078924
2025-12-26T22:00:00.040000+00:00,0.00000625,-0.0000106743
2025-12-26T23:00:00.040000+00:00,0.00000625,0.0000072059
2025-12-27T00:00:00.023000+00:00,0.00000625,-0.0000205294
2025-12-27T01:00:00.020000+00:00,0.00000625,0.0003392229
2025-12-27T02:00:00.019000+00:00,0.0000081716,0.0004307458
2025-12-27T03:00:00.083000+00:00,0.00000625,0.0003698619
2025-12-27T04:00:00+00:00,0.00000625,0.0002944335
2025-12-27T05:00:00.022000+00:00,0.00000625,0.0002436867
2025-12-27T06:00:00.022000+00:00,0.00000625,0.0002225538
2025-12-27T07:00:00.101000+00:00,0.00000625,0.0003115376
2025-12-27T08:00:00.049000+00:00,0.00000625,0.0002229401
2025-12-27T09:00:00.024000+00:00,0.00000625,0.0002781584
2025-12-27T10:00:00.051000+00:00,0.0000092635,0.0004482165
2025-12-27T11:00:00.058000+00:00,0.0000080432,0.0004286911
2025-12-27T12:00:00.048000+00:00,0.00000625,0.000326923
2025-12-27T13:00:00.049000+00:00,0.00000625,0.0002639044
2025-12-27T14:00:00.129000+00:00,0.00000625,-0.0000541316
2025-12-27T15:00:00.130000+00:00,0.00000625,0.0003338271
2025-12-27T16:00:00.019000+00:00,0.000008068,0.0004290877
2025-12-27T17:00:00.106000+00:00,0.0000118086,0.000488937
2025-12-27T18:00:00.021000+00:00,0.0000134277,0.0005148426
2025-12-27T19:00:00.007000+00:00,0.0000166519,0.0005664311
2025-12-27T20:00:00.057000+00:00,0.000007519,0.0004203037
2025-12-27T21:00:00.027000+00:00,0.00000625,0.0003422637
2025-12-27T22:00:00.034000+00:00,0.00000625,0.0002664737
2025-12-27T23:00:00.018000+00:00,0.00000625,0.0002980288
2025-12-28T00:00:00.072000+00:00,0.00000625,0.0001390714
2025-12-28T01:00:00.041000+00:00,0.00000625,0.000095125
2025-12-28T02:00:00.027000+00:00,0.00000625,0.0000497447
2025-12-28T03:00:00.017000+00:00,0.00000625,0.0001600622
2025-12-28T04:00:00.024000+00:00,0.00000625,0.0000556526
2025-12-28T05:00:00.062000+00:00,0.00000625,0.0000113408
2025-12-28T06:00:00.060000+00:00,0.00000625,0.0001527577
2025-12-28T07:00:00.028000+00:00,0.00000625,0.000147815
2025-12-28T08:00:00.040000+00:00,0.00000625,-0.0000246416
2025-12-28T09:00:00.005000+00:00,0.00000625,-0.0000832199
2025-12-28T10:00:00.074000+00:00,0.00000625,-0.0000825461
2025-12-28T11:00:00.057000+00:00,0.00000625,0.0003809304
2025-12-28T12:00:00.046000+00:00,0.00000625,0.0002320265
2025-12-28T13:00:00.095000+00:00,0.00000625,0.0001815827
2025-12-28T14:00:00.095000+00:00,0.00000625,0.0001504156
2025-12-28T15:00:00.109000+00:00,0.00000625,0.000071227
2025-12-28T16:00:00.008000+00:00,0.00000625,0.0001818646
2025-12-28T17:00:00.074000+00:00,0.0000073894,0.0004182309
2025-12-28T18:00:00.041000+00:00,0.0000123256,0.0004972097
2025-12-28T19:00:00.019000+00:00,0.0000154037,0.0005464595
2025-12-28T20:00:00.016000+00:00,0.00000625,0.0000203519
2025-12-28T21:00:00.047000+00:00,0.00000625,-0.0000842729
2025-12-28T22:00:00.072000+00:00,-0.0000530752,-0.0011492032
2025-12-28T23:00:00.045000+00:00,-0.0000045593,-0.0003729493
2025-12-29T00:00:00.132000+00:00,0.0000539091,0.0011625459
2025-12-29T01:00:00.082000+00:00,0.0000344789,0.0008516628
2025-12-29T02:00:00.076000+00:00,0.00000625,0.0002988374
2025-12-29T03:00:00.049000+00:00,0.00000625,-0.0000910838
2025-12-29T04:00:00.132000+00:00,0.00000625,0.0000624267
2025-12-29T05:00:00.006000+00:00,0.00000625,0.0000286914
2025-12-29T06:00:00.005000+00:00,0.0000176901,0.0005830409
2025-12-29T07:00:00.018000+00:00,0.00000625,0.0003529564
2025-12-29T08:00:00.014000+00:00,0.000013541,0.0005166564
2025-12-29T09:00:00.030000+00:00,0.0000222842,0.0006565476
2025-12-29T10:00:00.008000+00:00,0.00000625,0.0003448856
2025-12-29T11:00:00.098000+00:00,0.0000093844,0.0004501509
2025-12-29T12:00:00.026000+00:00,0.00000625,0.000254785
2025-12-29T13:00:00.001000+00:00,0.00000625,0.0002502095
2025-12-29T14:00:00.028000+00:00,0.00000625,0.0001145824
2025-12-29T15:00:00.031000+00:00,-0.0000588284,-0.0012412537
2025-12-29T16:00:00.014000+00:00,-0.0000218451,-0.0006495222
2025-12-29T17:00:00.019000+00:00,-0.0000229535,-0.0006672563
2025-12-29T18:00:00.031000+00:00,-0.0000186985,-0.0005991763
2025-12-29T19:00:00.026000+00:00,-0.00001558,-0.0005492795
2025-12-29T20:00:00.055000+00:00,-0.0000276403,-0.0007422452
2025-12-29T21:00:00.006000+00:00,-0.0000488383,-0.001081413
2025-12-29T22:00:00.075000+00:00,-0.0000579921,-0.0012278733
2025-12-29T23:00:00.040000+00:00,-0.0000223317,-0.000657307
2025-12-30T00:00:00.010000+00:00,-0.000018329,-0.0005932642
2025-12-30T01:00:00.049000+00:00,-0.0000148067,-0.0005369068
2025-12-30T02:00:00.033000+00:00,-0.0000176795,-0.0005828716
2025-12-30T03:00:00.041000+00:00,-0.0000177774,-0.0005844381
2025-12-30T04:00:00.063000+00:00,-0.0000197948,-0.0006167175
2025-12-30T05:00:00.069000+00:00,-0.0000125338,-0.0005005412
2025-12-30T06:00:00.067000+00:00,-0.0000111928,-0.000479085
2025-12-30T07:00:00.062000+00:00,-0.0000121407,-0.0004942512
2025-12-30T08:00:00.028000+00:00,-0.0000099816,-0.0004597049
2025-12-30T09:00:00.045000+00:00,-0.0000130388,-0.0005086206
2025-12-30T10:00:00.080000+00:00,-0.0000238465,-0.000681544
2025-12-30T11:00:00.054000+00:00,-0.0000212078,-0.0006393248
2025-12-30T12:00:00.003000+00:00,-0.000005864,-0.0003938237
2025-12-30T13:00:00.121000+00:00,-0.0000145113,-0.0005321804
2025-12-30T14:00:00.031000+00:00,-0.0000092825,-0.0004485195
2025-12-30T15:00:00.036000+00:00,-0.0000116025,-0.0004856396
2025-12-30T16:00:00.039000+00:00,-0.0000117718,-0.0004883486
2025-12-30T17:00:00.051000+00:00,-0.0000128037,-0.0005048586
2025-12-30T18:00:00.071000+00:00,-0.0000158695,-0.0005539116
2025-12-30T19:00:00.033000+00:00,-0.0000190283,-0.0006044529
2025-12-30T20:00:00.120000+00:00,-0.0000220224,-0.0006523581
2025-12-30T21:00:00.041000+00:00,-0.0000221642,-0.0006546273
2025-12-30T22:00:00.003000+00:00,0.0000004375,-0.0002930001
2025-12-30T23:00:00.047000+00:00,-0.0000099479,-0.0004591659
2025-12-31T00:00:00.021000+00:00,-0.000011178,-0.0004788478
2025-12-31T01:00:00.022000+00:00,-0.0000071381,-0.0004142093
2025-12-31T02:00:00.037000+00:00,-0.000024711,-0.0006953762
2025-12-31T03:00:00.053000+00:00,-0.0000248839,-0.0006981429
2025-12-31T04:00:00.057000+00:00,-0.0000254496,-0.0007071936
2025-12-31T05:00:00.011000+00:00,-0.0000279562,-0.0007472997
2025-12-31T06:00:00.002000+00:00,-0.0000298006,-0.0007768094
2025-12-31T07:00:00.029000+00:00,-0.0000313186,-0.0008010978
2025-12-31T08:00:00.063000+00:00,-0.0000231217,-0.0006699479
2025-12-31T09:00:00.019000+00:00,-0.000007715,-0.0004234394
2025-12-31T10:00:00.002000+00:00,-0.0000192273,-0.0006076369
2025-12-31T11:00:00.050000+00:00,-0.0000268036,-0.000728857
2025-12-31T12:00:00.095000+00:00,-0.000017146,-0.0005743354
2025-12-31T13:00:00.002000+00:00,-0.0000206194,-0.0006299098
2025-12-31T14:00:00.008000+00:00,-0.0000176076,-0.0005817211
2025-12-31T15:00:00.015000+00:00,-0.000004274,-0.0003683836
2025-12-31T16:00:00.089000+00:00,0.0000028488,-0.0002544196
2025-12-31T17:00:00.072000+00:00,0.00000625,-0.0000258831
2025-12-31T18:00:00.050000+00:00,0.0000005163,-0.0002917392
2025-12-31T19:00:00.053000+00:00,-0.0000048922,-0.0003782748
2025-12-31T20:00:00.058000+00:00,-0.0000062503,-0.0004000042
2025-12-31T21:00:00.043000+00:00,-0.0000107464,-0.0004719429
2025-12-31T22:00:00.100000+00:00,0.0000038497,-0.0002384053
2025-12-31T23:00:00.093000+00:00,0.0000048716,-0.000222055
2026-01-01T00:00:00.063000+00:00,-0.0000081155,-0.0004298487
2026-01-01T01:00:00.053000+00:00,0.00000625,-0.0001678688
2026-01-01T02:00:00.024000+00:00,0.00000625,0.0002003769
2026-01-01T03:00:00.012000+00:00,0.00000625,0.000103156
2026-01-01T04:00:00.036000+00:00,0.00000625,-0.0000095541
2026-01-01T05:00:00.040000+00:00,0.0000048864,-0.0002218176
2026-01-01T06:00:00.053000+00:00,0.00000625,-0.0001415949
2026-01-01T07:00:00.011000+00:00,0.00000625,0.0000888778
2026-01-01T08:00:00.045000+00:00,0.00000625,0.0002125616
2026-01-01T09:00:00.098000+00:00,0.00000625,0.0001040726
2026-01-01T10:00:00.010000+00:00,0.00000625,0.0000231034
2026-01-01T11:00:00.034000+00:00,0.00000625,-0.0001518486
2026-01-01T12:00:00.051000+00:00,0.00000625,-0.0001798649
2026-01-01T13:00:00.101000+00:00,0.00000625,-0.000032956
2026-01-01T14:00:00.010000+00:00,0.00000625,-0.000043116
2026-01-01T15:00:00.003000+00:00,-0.0000005451,-0.0003087218
2026-01-01T16:00:00.025000+00:00,0.0000029571,-0.0002526858
2026-01-01T17:00:00.034000+00:00,-0.0000034183,-0.0003546921
2026-01-01T18:00:00.042000+00:00,0.00000625,-0.0001325211
2026-01-01T19:00:00.029000+00:00,0.00000625,0.000032567
2026-01-01T20:00:00.043000+00:00,0.00000625,0.0000832893
2026-01-01T21:00:00.069000+00:00,0.00000625,0.0002256619
2026-01-01T22:00:00.047000+00:00,0.00000625,0.0003015698
2026-01-01T23:00:00.023000+00:00,0.00000625,0.000243666
2026-01-02T00:00:00.042000+00:00,0.00000625,0.0001231871
2026-01-02T01:00:00.032000+00:00,0.00000625,0.00012105
2026-01-02T02:00:00.057000+00:00,-0.0000450051,-0.0010200815
2026-01-02T03:00:00.019000+00:00,-0.000077773,-0.0015443687
2026-01-02T04:00:00.139000+00:00,-0.0000765421,-0.0015246739
2026-01-02T05:00:00.110000+00:00,-0.0000175915,-0.0005814633
2026-01-02T06:00:00.022000+00:00,0.0000074771,0.0004196337
2026-01-02T07:00:00.003000+00:00,0.00000625,-0.0000146964
2026-01-02T08:00:00.081000+00:00,-0.0000003199,-0.0003051177
2026-01-02T09:00:00.003000+00:00,0.0000002067,-0.0002966923
2026-01-02T10:00:00.091000+00:00,-0.0000139461,-0.0005231375
2026-01-02T11:00:00.048000+00:00,-0.0000125438,-0.0005007005
2026-01-02T12:00:00.042000+00:00,-0.0000029962,-0.0003479391
2026-01-02T13:00:00.114000+00:00,-0.0000041617,-0.0003665875
2026-01-02T14:00:00.009000+00:00,-0.0000139017,-0.0005224275
2026-01-02T15:00:00.105000+00:00,0.0000012401,-0.000280159
2026-01-02T16:00:00.038000+00:00,0.00000625,-0.000113644
2026-01-02T17:00:00.047000+00:00,0.000006473,0.0004035678
2026-01-02T18:00:00.034000+00:00,0.00000625,0.0003540508
2026-01-02T19:00:00.026000+00:00,0.00000625,0.0003718616
2026-01-02T20:00:00.027000+00:00,0.00000625,0.0003641684
2026-01-02T21:00:00+00:00,0.00000625,0.0003611373
2026-01-02T22:00:00.042000+00:00,0.0000064787,0.0004036589
2026-01-02T23:00:00.022000+00:00,0.0000064394,0.0004030299
2026-01-03T00:00:00.008000+00:00,0.00000625,0.0003340052
2026-01-03T01:00:00.018000+00:00,0.00000625,0.000246904
2026-01-03T02:00:00.008000+00:00,0.0000108291,0.0004732661
2026-01-03T03:00:00.074000+00:00,0.0000204687,0.0006274984
2026-01-03T04:00:00.011000+00:00,0.0000998324,0.0018973187
2026-01-03T05:00:00.006000+00:00,0.0000480883,0.0010694135
2026-01-03T06:00:00.019000+00:00,0.0000148682,0.000537891
2026-01-03T07:00:00.004000+00:00,0.00000625,0.0003952564
2026-01-03T08:00:00.011000+00:00,0.00000625,0.000074699
2026-01-03T09:00:00.067000+00:00,0.00000625,-0.0000140374
2026-01-03T10:00:00.026000+00:00,-0.0000512855,-0.0011205678
2026-01-03T11:00:00.060000+00:00,-0.0000534367,-0.0011549869
2026-01-03T12:00:00.095000+00:00,-0.0000486223,-0.0010779572
2026-01-03T13:00:00.083000+00:00,-0.0000138127,-0.0005210034
2026-01-03T14:00:00.043000+00:00,0.00000625,-0.0000885279
2026-01-03T15:00:00.072000+00:00,-0.0000166282,-0.0005660505
2026-01-03T16:00:00.044000+00:00,-0.0000183303,-0.000593285
2026-01-03T17:00:00.083000+00:00,0.00000625,-0.0000639727
2026-01-03T18:00:00.061000+00:00,-0.0000633768,-0.0013140281
2026-01-03T19:00:00.032000+00:00,-0.0000315272,-0.0008044349
2026-01-03T20:00:00.019000+00:00,-0.0000026866,-0.0003429853
2026-01-03T21:00:00.128000+00:00,0.0000192777,0.0006084433
2026-01-03T22:00:00.077000+00:00,0.00000625,-0.0000191236
2026-01-03T23:00:00.046000+00:00,0.00000625,-0.0000876229
2026-01-04T00:00:00.024000+00:00,0.00000625,-0.000011915
2026-01-04T01:00:00.010000+00:00,0.00000625,0.0001984365
2026-01-04T02:00:00.026000+00:00,0.00000625,0.0000490321
2026-01-04T03:00:00.011000+00:00,0.00000625,-0.0000712464
2026-01-04T04:00:00.063000+00:00,0.00000625,0.0000184911
2026-01-04T05:00:00.060000+00:00,0.00000625,0.000072558
2026-01-04T06:00:00.066000+00:00,0.00000625,-0.0001963209
2026-01-04T07:00:00.031000+00:00,-0.0000078628,-0.0004258051
2026-01-04T08:00:00.036000+00:00,0.0000036217,-0.0002420522
2026-01-04T09:00:00.001000+00:00,0.00000625,0.0000727336
2026-01-04T10:00:00.051000+00:00,0.00000625,-0.0001153498
2026-01-04T11:00:00.051000+00:00,0.0000074829,0.0004197267
2026-01-04T12:00:00.052000+00:00,0.0000064919,0.0004038711
2026-01-04T13:00:00.062000+00:00,0.0000395407,0.0009326508
2026-01-04T14:00:00.019000+00:00,0.000010354,0.0004656639
2026-01-04T15:00:00.078000+00:00,0.00000625,0.0000852777
2026-01-04T16:00:00.098000+00:00,0.0000078487,0.0004255794
2026-01-04T17:00:00.020000+00:00,0.00000625,0.0002845272
2026-01-04T18:00:00.054000+00:00,0.00000625,0.0002426148
2026-01-04T19:00:00.024000+00:00,0.00000625,0.0001255434
2026-01-04T20:00:00.062000+00:00,0.00000625,0.0003621448
2026-01-04T21:00:00+00:00,0.000046174,0.0010387846
2026-01-04T22:00:00.037000+00:00,0.0000476184,0.0010618939
2026-01-04T23:00:00.111000+00:00,0.0000513327,0.0011213238
2026-01-05T00:00:00+00:00,0.0000758396,0.0015134338
2026-01-05T01:00:00.014000+00:00,0.0000712347,0.0014397549
2026-01-05T02:00:00.009000+00:00,0.0000076069,0.0004217105
2026-01-05T03:00:00.010000+00:00,0.0000231255,0.0006700079
2026-01-05T04:00:00.044000+00:00,0.0000347747,0.0008563949
2026-01-05T05:00:00.042000+00:00,0.0000213093,0.0006409492
2026-01-05T06:00:00.026000+00:00,0.0000376096,0.0009017533
2026-01-05T07:00:00.067000+00:00,0.000023333,0.0006733285
2026-01-05T08:00:00.060000+00:00,0.0000227766,0.0006644252
2026-01-05T09:00:00.043000+00:00,0.0000188621,0.0006017942
2026-01-05T10:00:00.038000+00:00,0.0000103421,0.0004654739
2026-01-05T11:00:00.040000+00:00,0.0000162132,0.0005594106
2026-01-05T12:00:00.068000+00:00,0.0000206697,0.0006307148
2026-01-05T13:00:00.054000+00:00,0.0000130444,0.000508711
2026-01-05T14:00:00.015000+00:00,0.0000146719,0.0005347504
2026-01-05T15:00:00.020000+00:00,0.00000625,0.0003201033
2026-01-05T16:00:00.051000+00:00,0.00000625,0.0001029505
2026-01-05T17:00:00.085000+00:00,0.00000625,0.0003067411
2026-01-05T18:00:00.081000+00:00,0.00000625,0.0000432433
2026-01-05T19:00:00.056000+00:00,0.00000625,-0.0000145053
2026-01-05T20:00:00.045000+00:00,0.00000625,-0.0001813591
2026-01-05T21:00:00.022000+00:00,0.00000625,0.0001630553
2026-01-05T22:00:00.008000+00:00,0.00000625,0.0003436768
2026-01-05T23:00:00.068000+00:00,0.00000625,0.0003436698
2026-01-06T00:00:00.017000+00:00,0.00000625,0.0003744235
2026-01-06T01:00:00.086000+00:00,0.0000098505,0.0004576081
2026-01-06T02:00:00.073000+00:00,0.0000195087,0.0006121391
2026-01-06T03:00:00.033000+00:00,0.0000076715,0.0004227446
2026-01-06T04:00:00.036000+00:00,0.00000625,0.000374718
2026-01-06T05:00:00.075000+00:00,0.00000625,0.0003670941
2026-01-06T06:00:00.013000+00:00,0.0000309031,0.0007944497
2026-01-06T07:00:00.008000+00:00,0.0000306117,0.0007897873
2026-01-06T08:00:00.066000+00:00,0.000029353,0.0007696486
2026-01-06T09:00:00.059000+00:00,0.0000078674,0.0004258782
2026-01-06T10:00:00.012000+00:00,0.00000625,0.0000009838
2026-01-06T11:00:00.060000+00:00,0.00000625,0.0002949759
2026-01-06T12:00:00.017000+00:00,0.0000112666,0.0004802651
2026-01-06T13:00:00.002000+00:00,0.00000625,0.0003695547
2026-01-06T14:00:00.046000+00:00,0.00000625,0.0000589264
2026-01-06T15:00:00.076000+00:00,0.00000625,-0.0000163688
2026-01-06T16:00:00.036000+00:00,0.00000625,-0.0000768493
2026-01-06T17:00:00.012000+00:00,0.00000625,-0.0000185248
2026-01-06T18:00:00.001000+00:00,0.00000625,0.0000365555
2026-01-06T19:00:00.037000+00:00,0.00000625,-0.0000157811
2026-01-06T20:00:00.018000+00:00,0.00000625,-0.0000035898
2026-01-06T21:00:00.062000+00:00,0.00000625,-0.0001132092
2026-01-06T22:00:00.005000+00:00,0.00000625,0.0002002242
2026-01-06T23:00:00.008000+00:00,0.00000625,0.0000163965
2026-01-07T00:00:00.119000+00:00,0.00000625,-0.0000749611
2026-01-07T01:00:00.007000+00:00,0.0000059438,-0.0002048986
2026-01-07T02:00:00.010000+00:00,0.00000625,-0.0000868062
2026-01-07T03:00:00.017000+00:00,0.00000625,0.0002653718
2026-01-07T04:00:00.033000+00:00,0.0000153357,0.000545372
2026-01-07T05:00:00.087000+00:00,0.0000183777,0.0005940427
2026-01-07T06:00:00.009000+00:00,0.0000187527,0.0006000432
2026-01-07T07:00:00.014000+00:00,0.0000232656,0.0006722499
2026-01-07T08:00:00.062000+00:00,0.0000233534,0.0006736547
2026-01-07T09:00:00.082000+00:00,0.0000275192,0.0007403069
2026-01-07T10:00:00.029000+00:00,0.00000625,0.0002821524
2026-01-07T11:00:00.048000+00:00,0.00000625,0.0003281706
2026-01-07T12:00:00.096000+00:00,0.00000625,0.0002883973
2026-01-07T13:00:00.074000+00:00,0.00000625,0.0003313301
2026-01-07T14:00:00.040000+00:00,0.00000625,0.0003355621
2026-01-07T15:00:00.099000+00:00,0.00000625,0.0001243837
2026-01-07T16:00:00.081000+00:00,0.00000625,-0.0000373165
2026-01-07T17:00:00.013000+00:00,0.00000625,-0.0000189522
2026-01-07T18:00:00.014000+00:00,0.00000625,0.0000930403
2026-01-07T19:00:00.055000+00:00,0.00000625,0.0000564928
2026-01-07T20:00:00.113000+00:00,0.00000625,-0.0000367544
2026-01-07T21:00:00.117000+00:00,0.00000625,0.00003861
2026-01-07T22:00:00.043000+00:00,0.00000625,-0.0000083376
2026-01-07T23:00:00.090000+00:00,0.00000625,0.0000103695
2026-01-08T00:00:00.001000+00:00,0.00000625,0.0000138599
2026-01-08T01:00:00.035000+00:00,0.00000625,0.0000142114
2026-01-08T02:00:00.029000+00:00,0.00000625,0.0000400187
2026-01-08T03:00:00.014000+00:00,0.00000625,0.0000598275
2026-01-08T04:00:00.069000+00:00,0.00000625,0.0000263202
2026-01-08T05:00:00.155000+00:00,0.0000097015,0.0004552236
2026-01-08T06:00:00.094000+00:00,0.0000279572,0.0007473156
2026-01-08T07:00:00.010000+00:00,0.0000136295,0.0005180717
2026-01-08T08:00:00.089000+00:00,0.0000127304,0.0005036859
2026-01-08T09:00:00.077000+00:00,0.00000625,0.0002814594
2026-01-08T10:00:00.037000+00:00,0.00000625,0.0003419567
2026-01-08T11:00:00.015000+00:00,0.00000625,0.0002562291
2026-01-08T12:00:00.137000+00:00,0.00000625,0.0001928705
2026-01-08T13:00:00.040000+00:00,0.00000625,0.0000301868
2026-01-08T14:00:00+00:00,0.00000625,0.000015344
2026-01-08T15:00:00.106000+00:00,0.00000625,0.0001050725
2026-01-08T16:00:00.063000+00:00,0.00000625,0.0001471694
2026-01-08T17:00:00.004000+00:00,0.00000625,0.0001124623
2026-01-08T18:00:00.008000+00:00,0.00000625,0.0002023885
2026-01-08T19:00:00.013000+00:00,0.00000625,0.0001853464
2026-01-08T20:00:00.098000+00:00,0.00000625,0.000264971
2026-01-08T21:00:00.116000+00:00,0.00000625,0.0002299099
2026-01-08T22:00:00.008000+00:00,0.00000625,0.0001922591
2026-01-08T23:00:00.085000+00:00,0.0000138715,0.0005219439
2026-01-09T00:00:00.020000+00:00,0.0000088406,0.0004414491
2026-01-09T01:00:00.016000+00:00,0.00000625,0.0002160823
2026-01-09T02:00:00.063000+00:00,0.00000625,0.0000642468
2026-01-09T03:00:00.059000+00:00,0.00000625,0.0000695463
2026-01-09T04:00:00.100000+00:00,0.00000625,0.0000328957
2026-01-09T05:00:00.158000+00:00,0.00000625,0.0000791229
2026-01-09T06:00:00.046000+00:00,0.00000625,-0.0000411436
2026-01-09T07:00:00.012000+00:00,0.00000625,-0.0001738888
2026-01-09T08:00:00.028000+00:00,0.00000625,-0.0000292061
2026-01-09T09:00:00.072000+00:00,0.00000625,0.0000612921
2026-01-09T10:00:00.077000+00:00,0.00000625,0.0000645376
2026-01-09T11:00:00.050000+00:00,0.00000625,0.0001773185
2026-01-09T12:00:00.041000+00:00,0.00000625,0.0002973551
2026-01-09T13:00:00.005000+00:00,0.00000625,-0.0000048479
2026-01-09T14:00:00.032000+00:00,0.00000625,-0.0000334306
2026-01-09T15:00:00.042000+00:00,0.00000625,0.0000379548
2026-01-09T16:00:00.002000+00:00,0.00000625,0.0001167099
2026-01-09T17:00:00.004000+00:00,0.00000625,0.0001228678
2026-01-09T18:00:00.018000+00:00,0.00000625,0.0000374981
2026-01-09T19:00:00.042000+00:00,0.00000625,0.0000010731
2026-01-09T20:00:00.065000+00:00,0.00000625,-0.000072949
2026-01-09T21:00:00+00:00,0.00000625,-0.000027776
2026-01-09T22:00:00.018000+00:00,0.00000625,-0.0000105085
2026-01-09T23:00:00.025000+00:00,0.00000625,-0.000029344
2026-01-10T00:00:00.103000+00:00,0.00000625,-0.0000565454
2026-01-10T01:00:00.110000+00:00,0.00000625,-0.0000666507
2026-01-10T02:00:00.064000+00:00,0.00000625,0.0001220308
2026-01-10T03:00:00.039000+00:00,0.00000625,0.0001132328
2026-01-10T04:00:00.085000+00:00,0.00000625,0.00013237
2026-01-10T05:00:00.065000+00:00,0.00000625,0.0000150546
2026-01-10T06:00:00.034000+00:00,0.00000625,0.0001363632
2026-01-10T07:00:00.035000+00:00,0.00000625,0.0001381639
2026-01-10T08:00:00.072000+00:00,0.00000625,-0.0000598677
2026-01-10T09:00:00.033000+00:00,0.00000625,0.0002810248
2026-01-10T10:00:00.024000+00:00,0.00000625,0.0003764679
2026-01-10T11:00:00.060000+00:00,0.0000189657,0.0006034519
2026-01-10T12:00:00.034000+00:00,0.00000625,0.0003293336
2026-01-10T13:00:00.030000+00:00,0.00000625,0.0001170518
2026-01-10T14:00:00.051000+00:00,0.00000625,0.0002846388
2026-01-10T15:00:00.017000+00:00,0.00000625,0.0002545936
2026-01-10T16:00:00.003000+00:00,0.00000625,0.0002636886
2026-01-10T17:00:00.066000+00:00,0.00000625,0.0002517937
2026-01-10T18:00:00.054000+00:00,0.00000625,0.0001127106
2026-01-10T19:00:00.025000+00:00,0.00000625,0.0000330989
2026-01-10T20:00:00.081000+00:00,0.00000625,-0.000127255
2026-01-10T21:00:00.083000+00:00,0.00000625,0.0000615267
2026-01-10T22:00:00.025000+00:00,0.00000625,0.0002758424
2026-01-10T23:00:00.047000+00:00,0.00000625,0.0002977102
2026-01-11T00:00:00.007000+00:00,0.0000240768,0.0006852284
2026-01-11T01:00:00.046000+00:00,0.00000625,0.0003842049
2026-01-11T02:00:00.078000+00:00,0.00000625,0.0003825674
2026-01-11T03:00:00.099000+00:00,-0.000030033,-0.0007805287
2026-01-11T04:00:00.011000+00:00,0.00000625,0.0003317615
2026-01-11T05:00:00.012000+00:00,0.0000091178,0.0004458855
2026-01-11T06:00:00.038000+00:00,0.00000625,0.0002238531
2026-01-11T07:00:00.049000+00:00,0.00000625,0.0002288608
2026-01-11T08:00:00.066000+00:00,0.000023192,0.0006710723
2026-01-11T09:00:00.045000+00:00,0.00000625,0.0003124021
2026-01-11T10:00:00.103000+00:00,-0.0000235392,-0.0006766272
2026-01-11T11:00:00.105000+00:00,-0.0000212161,-0.0006394579
2026-01-11T12:00:00.018000+00:00,0.00000625,-0.0001189872
2026-01-11T13:00:00.035000+00:00,0.00000625,0.0002034905
2026-01-11T14:00:00.034000+00:00,0.00000625,0.0002201314
2026-01-11T15:00:00.124000+00:00,0.00000625,0.0001975061
2026-01-11T16:00:00.122000+00:00,0.0000267177,0.0007274826
2026-01-11T17:00:00.061000+00:00,0.00000625,0.0003865932
2026-01-11T18:00:00.004000+00:00,0.00000625,-0.0001440401
2026-01-11T19:00:00.023000+00:00,-0.0000124022,-0.000498436
2026-01-11T20:00:00.002000+00:00,0.00000625,-0.0001456493
2026-01-11T21:00:00.010000+00:00,0.00000625,-0.0000791448
2026-01-11T22:00:00.083000+00:00,0.00000625,-0.0000276623
2026-01-11T23:00:00.127000+00:00,0.00000625,-0.0000253221
2026-01-12T00:00:00.053000+00:00,-0.0000428279,-0.0009852465
2026-01-12T01:00:00.080000+00:00,0.0000043009,-0.0002311849
2026-01-12T02:00:00.090000+00:00,0.0000265731,0.000725169
2026-01-12T03:00:00.016000+00:00,0.00000625,-0.0001617376
2026-01-12T04:00:00.021000+00:00,0.00000625,0.0000252298
2026-01-12T05:00:00.027000+00:00,0.0000162122,0.0005593952
2026-01-12T06:00:00.025000+00:00,0.00000625,0.00009325
2026-01-12T07:00:00.061000+00:00,0.00000625,-0.0000064821
2026-01-12T08:00:00.053000+00:00,0.00000625,0.0000423142
2026-01-12T09:00:00.088000+00:00,0.00000625,0.0001059315
2026-01-12T10:00:00.042000+00:00,0.00000625,-0.0000253487
2026-01-12T11:00:00.003000+00:00,0.00000625,-0.0001665507
2026-01-12T12:00:00.088000+00:00,0.00000625,-0.0000763517
2026-01-12T13:00:00.053000+00:00,0.00000625,-0.0000744377
2026-01-12T14:00:00.107000+00:00,0.00000625,-0.0001629674
2026-01-12T15:00:00.059000+00:00,0.00000625,-0.0001572419
2026-01-12T16:00:00.040000+00:00,0.00000625,-0.0000798993
2026-01-12T17:00:00.086000+00:00,0.00000625,-0.0000405023
2026-01-12T18:00:00.057000+00:00,0.0000744236,0.0014907778
2026-01-12T19:00:00.008000+00:00,0.000049989,0.0010998241
2026-01-12T20:00:00.098000+00:00,0.0000436496,0.0009983934
2026-01-12T21:00:00.078000+00:00,0.0000411202,0.0009579226
2026-01-12T22:00:00.075000+00:00,0.000043845,0.0010015193
2026-01-12T23:00:00.024000+00:00,0.0000551378,0.0011822041
2026-01-13T00:00:00.109000+00:00,0.0000503784,0.0011060536
2026-01-13T01:00:00.121000+00:00,0.0000566292,0.0012060676
2026-01-13T02:00:00.017000+00:00,0.0000502961,0.0011047371
2026-01-13T03:00:00.043000+00:00,0.00007053,0.0014284807
2026-01-13T04:00:00.068000+00:00,0.0000577903,0.001224645
2026-01-13T05:00:00.079000+00:00,0.0000591389,0.0012462221
2026-01-13T06:00:00.029000+00:00,0.0000828203,0.0016251253
2026-01-13T07:00:00.089000+00:00,0.0000712075,0.0014393197
2026-01-13T08:00:00.032000+00:00,0.0000645981,0.0013335697
2026-01-13T09:00:00.003000+00:00,0.0000780486,0.0015487771
2026-01-13T10:00:00.232000+00:00,0.0000375687,0.0009010999
2026-01-13T11:00:00.011000+00:00,0.0000264618,0.0007233893
2026-01-13T12:00:00.032000+00:00,0.000034408,0.0008505288
2026-01-13T13:00:00.083000+00:00,0.0000131707,0.0005107313
2026-01-13T14:00:00.043000+00:00,0.0000122248,0.0004955971
2026-01-13T15:00:00.051000+00:00,0.0000105394,0.0004686301
2026-01-13T16:00:00.100000+00:00,0.0000149955,0.0005399277
2026-01-13T17:00:00.039000+00:00,0.0000173334,0.0005773342
2026-01-13T18:00:00.042000+00:00,0.0000180827,0.0005893239
2026-01-13T19:00:00.031000+00:00,0.0000288977,0.0007623634
2026-01-13T20:00:00.005000+00:00,0.0000339116,0.0008425851
2026-01-13T21:00:00.017000+00:00,0.0000294312,0.0007708984
2026-01-13T22:00:00+00:00,0.0000132634,0.0005122144
2026-01-13T23:00:00.037000+00:00,0.00000625,0.0002447866
2026-01-14T00:00:00.057000+00:00,0.00000625,0.0003725886
2026-01-14T01:00:00.019000+00:00,0.0000066105,0.0004057674
2026-01-14T02:00:00.050000+00:00,0.0000428839,0.0009861425
2026-01-14T03:00:00.053000+00:00,0.0000239792,0.0006836678
2026-01-14T04:00:00.063000+00:00,0.0000252171,0.0007034729
2026-01-14T05:00:00.023000+00:00,0.0000494971,0.0010919528
2026-01-14T06:00:00.066000+00:00,0.0000429113,0.000986581
2026-01-14T07:00:00.099000+00:00,0.000037835,0.0009053592
2026-01-14T08:00:00.062000+00:00,0.0000288999,0.0007623986
2026-01-14T09:00:00.051000+00:00,0.0000236972,0.0006791547
2026-01-14T10:00:00.015000+00:00,0.0000247619,0.00069619
2026-01-14T11:00:00+00:00,0.0000305439,0.0007887022
2026-01-14T12:00:00.043000+00:00,0.0000297792,0.0007764668
2026-01-14T13:00:00.040000+00:00,0.0000268078,0.0007289255
2026-01-14T14:00:00.084000+00:00,0.0000214532,0.0006432507
2026-01-14T15:00:00.001000+00:00,0.0000194821,0.0006117131
2026-01-14T16:00:00.013000+00:00,0.0000137768,0.0005204289
2026-01-14T17:00:00.085000+00:00,0.00000625,0.0003789804
2026-01-14T18:00:00.113000+00:00,0.00000625,0.0003596769
2026-01-14T19:00:00.071000+00:00,0.00000625,0.0003365411
2026-01-14T20:00:00.090000+00:00,0.0000063375,0.0004013999
2026-01-14T21:00:00.039000+00:00,0.00000625,0.0003602771
2026-01-14T22:00:00.018000+00:00,0.00000625,0.0003648522
2026-01-14T23:00:00.024000+00:00,0.0000092194,0.0004475107
2026-01-15T00:00:00.028000+00:00,0.0000154982,0.0005479713
2026-01-15T01:00:00.004000+00:00,0.0000218595,0.0006497525
2026-01-15T02:00:00.052000+00:00,0.0000313838,0.0008021405
2026-01-15T03:00:00.019000+00:00,0.0000274952,0.0007399228
2026-01-15T04:00:00.018000+00:00,0.0000353556,0.0008656902
2026-01-15T05:00:00.081000+00:00,0.0000312546,0.0008000743
2026-01-15T06:00:00.021000+00:00,0.00000625,0.0002809597
2026-01-15T07:00:00.057000+00:00,0.00000625,0.0001975016
2026-01-15T08:00:00.029000+00:00,0.0000091289,0.0004460626
2026-01-15T09:00:00.023000+00:00,0.0000143366,0.0005293855
2026-01-15T10:00:00.082000+00:00,0.00000625,0.000299176
2026-01-15T11:00:00.076000+00:00,0.00000625,0.0003662932
2026-01-15T12:00:00.028000+00:00,0.000007616,0.0004218563
2026-01-15T13:00:00.044000+00:00,0.00000625,0.0003976243
2026-01-15T14:00:00.054000+00:00,0.0000132746,0.0005123928
2026-01-15T15:00:00.001000+00:00,0.0000192579,0.0006081267
2026-01-15T16:00:00.020000+00:00,0.0000126396,0.0005022329
2026-01-15T17:00:00.067000+00:00,0.0000150607,0.0005409713
2026-01-15T18:00:00.062000+00:00,0.0000110421,0.0004766729
2026-01-15T19:00:00.003000+00:00,0.0000164482,0.0005631712
2026-01-15T20:00:00.057000+00:00,0.0000180816,0.0005893055
2026-01-15T21:00:00.062000+00:00,0.0000160528,0.0005568442
2026-01-15T22:00:00.033000+00:00,0.0000106031,0.0004696498
2026-01-15T23:00:00+00:00,0.00001016,0.0004625603
2026-01-16T00:00:00.092000+00:00,0.00000625,0.0003813729
2026-01-16T01:00:00.045000+00:00,0.0000115452,0.0004847228
2026-01-16T02:00:00.007000+00:00,0.0000268443,0.0007295082
2026-01-16T03:00:00.044000+00:00,0.0000259348,0.0007149568
2026-01-16T04:00:00.096000+00:00,0.0000335189,0.0008363017
2026-01-16T05:00:00.028000+00:00,0.0000253414,0.0007054626
2026-01-16T06:00:00.013000+00:00,0.000027226,0.0007356162
2026-01-16T07:00:00.059000+00:00,0.0000255055,0.0007080886
2026-01-16T08:00:00.044000+00:00,0.0000214228,0.0006427641
2026-01-16T09:00:00.013000+00:00,0.0000179158,0.0005866527
2026-01-16T10:00:00.073000+00:00,0.00000625,0.0003530957
2026-01-16T11:00:00.003000+00:00,0.0000129682,0.0005074918
2026-01-16T12:00:00.005000+00:00,0.0000152382,0.0005438115
2026-01-16T13:00:00.060000+00:00,0.00000625,0.000186912
2026-01-16T14:00:00.084000+00:00,0.00000625,0.000340983
2026-01-16T15:00:00.051000+00:00,0.0000062602,0.0004001636
2026-01-16T16:00:00.040000+00:00,0.00000625,0.0002699772
2026-01-16T17:00:00.051000+00:00,0.00000625,0.0001599643
2026-01-16T18:00:00.045000+00:00,0.00000625,0.0001896306
2026-01-16T19:00:00.147000+00:00,0.00000625,0.0001617399
2026-01-16T20:00:00.078000+00:00,0.00000625,0.0003577311
2026-01-16T21:00:00.092000+00:00,0.000008463,0.0004354083
2026-01-16T22:00:00.120000+00:00,0.00000625,0.0001594075
2026-01-16T23:00:00.021000+00:00,0.0000075163,0.0004202603
2026-01-17T00:00:00.037000+00:00,0.0000108293,0.0004732682
2026-01-17T01:00:00.055000+00:00,0.0000092527,0.0004480425
2026-01-17T02:00:00.090000+00:00,0.00003246,0.0008193606
2026-01-17T03:00:00.036000+00:00,0.0000620515,0.0012928241
2026-01-17T04:00:00.003000+00:00,0.0000425723,0.0009811569
2026-01-17T05:00:00.027000+00:00,0.0000217566,0.000648105
2026-01-17T06:00:00.104000+00:00,0.0000164398,0.0005630375
2026-01-17T07:00:00.005000+00:00,0.0000416464,0.0009663421
2026-01-17T08:00:00.022000+00:00,0.000084592,0.0016534722
2026-01-17T09:00:00.004000+00:00,0.0001028623,0.0019457974
2026-01-17T10:00:00.039000+00:00,0.0000487542,0.0010800667
2026-01-17T11:00:00.095000+00:00,-0.0000083988,-0.0004343806
2026-01-17T12:00:00.021000+00:00,-0.0000058104,-0.0003929661
2026-01-17T13:00:00.089000+00:00,-0.0000181411,-0.0005902576
2026-01-17T14:00:00.030000+00:00,-0.0000733561,-0.0014736975
2026-01-17T15:00:00.010000+00:00,-0.0000254356,-0.0007069698
2026-01-17T16:00:00.102000+00:00,-0.0001490361,-0.0026845782
2026-01-17T17:00:00.010000+00:00,-0.0000604786,-0.0012676574
2026-01-17T18:00:00.066000+00:00,-0.0000417241,-0.0009675856
2026-01-17T19:00:00.038000+00:00,-0.0000532203,-0.001151524
2026-01-17T20:00:00.073000+00:00,-0.0000132703,-0.0005123251
2026-01-17T21:00:00.017000+00:00,0.00000625,0.0000947474
2026-01-17T22:00:00.036000+00:00,0.0000010982,-0.0002824287
2026-01-17T23:00:00.100000+00:00,-0.0000025941,-0.0003415056
2026-01-18T00:00:00.017000+00:00,0.00000625,0.0000465033
2026-01-18T01:00:00.117000+00:00,0.00000625,0.0002998819
2026-01-18T02:00:00.061000+00:00,0.00000625,0.0000852796
2026-01-18T03:00:00.047000+00:00,0.00000625,-0.0001483184
2026-01-18T04:00:00.062000+00:00,0.00000625,-0.0001437663
2026-01-18T05:00:00.034000+00:00,-0.0000038469,-0.0003615509
2026-01-18T06:00:00.066000+00:00,0.0000019014,-0.0002695782
2026-01-18T07:00:00.063000+00:00,0.00000625,-0.0000627081
2026-01-18T08:00:00.106000+00:00,0.00000625,0.0001014366
2026-01-18T09:00:00.110000+00:00,-0.0000116342,-0.0004861472
2026-01-18T10:00:00.047000+00:00,-0.0000187761,-0.0006004178
2026-01-18T11:00:00.085000+00:00,-0.0000717408,-0.0014478526
2026-01-18T12:00:00.016000+00:00,-0.0000462998,-0.0010407966
2026-01-18T13:00:00.054000+00:00,-0.0000067227,-0.0004075639
2026-01-18T14:00:00.035000+00:00,0.00000625,-0.0001593757
2026-01-18T15:00:00.030000+00:00,0.00000625,0.0003111771
2026-01-18T16:00:00.021000+00:00,0.00000625,0.0002257682
2026-01-18T17:00:00.040000+00:00,0.00000625,0.0002285916
2026-01-18T18:00:00.067000+00:00,0.0000138577,0.0005217237
2026-01-18T19:00:00.018000+00:00,0.00000625,0.0001123676
2026-01-18T20:00:00.055000+00:00,0.00000625,-0.0001824358
2026-01-18T21:00:00.024000+00:00,0.0000046811,-0.000225102
2026-01-18T22:00:00.042000+00:00,0.00000625,-0.0001095732
2026-01-18T23:00:00.113000+00:00,0.00000625,0.0000121496
2026-01-19T00:00:00.034000+00:00,0.00000625,0.0001423583
2026-01-19T01:00:00.098000+00:00,-0.0001510738,-0.0027171808
2026-01-19T02:00:00.001000+00:00,0.0000237794,0.0006804711
2026-01-19T03:00:00.009000+00:00,-0.0000073188,-0.0004171015
2026-01-19T04:00:00.051000+00:00,0.00000625,-0.0001782844
2026-01-19T05:00:00+00:00,-0.000007741,-0.0004238555
2026-01-19T06:00:00.033000+00:00,0.00000625,0.0001276244
2026-01-19T07:00:00.014000+00:00,0.00000625,-0.0001380437
2026-01-19T08:00:00.026000+00:00,-0.0000146114,-0.0005337822
2026-01-19T09:00:00.012000+00:00,-0.0000066903,-0.0004070452
2026-01-19T10:00:00.012000+00:00,0.00000625,0.0000521808
2026-01-19T11:00:00.094000+00:00,-0.000011218,-0.0004794881
2026-01-19T12:00:00+00:00,-0.000093562,-0.0017969922
2026-01-19T13:00:00.041000+00:00,-0.0000848178,-0.0016570856
2026-01-19T14:00:00.040000+00:00,0.0000050481,-0.0002192306
2026-01-19T15:00:00.049000+00:00,-0.0000885381,-0.0017166098
2026-01-19T16:00:00.056000+00:00,-0.0000300799,-0.0007812787
2026-01-19T17:00:00.011000+00:00,-0.000050423,-0.0011067686
2026-01-19T18:00:00.005000+00:00,-0.0000688582,-0.0014017314
2026-01-19T19:00:00.012000+00:00,0.00000625,0.0003607052
2026-01-19T20:00:00.025000+00:00,0.000230398,0.0039863676
2026-01-19T21:00:00.079000+00:00,0.0001302695,0.0023843127
2026-01-19T22:00:00.033000+00:00,0.00000625,0.0000623392
2026-01-19T23:00:00.040000+00:00,0.00000625,-0.0001406608
2026-01-20T00:00:00.007000+00:00,0.00000625,0.0001086288
2026-01-20T01:00:00.011000+00:00,-0.0000744265,-0.0014908233
2026-01-20T02:00:00.057000+00:00,0.00000625,0.0003471446
2026-01-20T03:00:00.001000+00:00,0.00000625,0.0001677661
2026-01-20T04:00:00.167000+00:00,-0.0000164136,-0.0005626171
2026-01-20T05:00:00.112000+00:00,-0.0000104038,-0.0004664606
2026-01-20T06:00:00.064000+00:00,0.00000625,-0.0001220574
2026-01-20T07:00:00.110000+00:00,-0.0000009783,-0.0003156529
2026-01-20T08:00:00.010000+00:00,-0.0000077765,-0.0004244232
2026-01-20T09:00:00.079000+00:00,-0.0000019505,-0.0003312075
2026-01-20T10:00:00.046000+00:00,0.00000625,-0.0000384324
2026-01-20T11:00:00.018000+00:00,0.00000625,0.0000477683
2026-01-20T12:00:00.064000+00:00,0.00000625,-0.0000189841
2026-01-20T13:00:00.054000+00:00,0.00000625,-0.0000765667
2026-01-20T14:00:00.109000+00:00,0.00000625,-0.0001242299
2026-01-20T15:00:00.061000+00:00,0.00000625,-0.0000033396
2026-01-20T16:00:00.047000+00:00,0.00000625,0.0001785999
2026-01-20T17:00:00.034000+00:00,0.00000625,-0.000004506
2026-01-20T18:00:00.037000+00:00,0.00000625,0.0000080837
2026-01-20T19:00:00.028000+00:00,0.00000625,0.0000060167
2026-01-20T20:00:00.020000+00:00,0.00000625,-0.000020327
2026-01-20T21:00:00.025000+00:00,0.00000625,-0.0000619545
2026-01-20T22:00:00.005000+00:00,0.00000625,0.000049462
2026-01-20T23:00:00.015000+00:00,0.00000625,-0.0000779121
2026-01-21T00:00:00.063000+00:00,0.0000004108,-0.000293427
2026-01-21T01:00:00.039000+00:00,-0.000000832,-0.0003133126
2026-01-21T02:00:00.038000+00:00,0.00000625,-0.0001914423
2026-01-21T03:00:00.143000+00:00,0.00000625,-0.0001086818
2026-01-21T04:00:00.034000+00:00,0.00000625,-0.0000475309
2026-01-21T05:00:00.057000+00:00,0.00000625,-0.0000994316
2026-01-21T06:00:00.014000+00:00,0.0000061103,-0.0002022357
2026-01-21T07:00:00.016000+00:00,0.00000625,-0.0001859233
2026-01-21T08:00:00.028000+00:00,0.0000012483,-0.0002800265
2026-01-21T09:00:00.046000+00:00,0.0000001939,-0.0002968979
2026-01-21T10:00:00.018000+00:00,0.00000625,-0.0000893486
2026-01-21T11:00:00.027000+00:00,0.00000625,-0.0001488469
2026-01-21T12:00:00.031000+00:00,0.00000625,-0.0001236598
2026-01-21T13:00:00.094000+00:00,0.00000625,-0.0001025926
2026-01-21T14:00:00.007000+00:00,0.00000625,-0.0000461365
2026-01-21T15:00:00.012000+00:00,0.00000625,0.0000023818
2026-01-21T16:00:00.016000+00:00,0.00000625,-0.0000451303
2026-01-21T17:00:00.079000+00:00,0.00000625,-0.000049755
2026-01-21T18:00:00.006000+00:00,0.00000625,0.0000007625
2026-01-21T19:00:00.021000+00:00,0.00000625,-0.0000226711
2026-01-21T20:00:00.017000+00:00,0.00000625,0.0001165687
2026-01-21T21:00:00.045000+00:00,0.00000625,0.0000176885
2026-01-21T22:00:00.093000+00:00,0.00000625,0.0001696865
2026-01-21T23:00:00.012000+00:00,0.0000070837,0.0004133392
2026-01-22T00:00:00.068000+00:00,0.0000098826,0.0004581222
2026-01-22T01:00:00.076000+00:00,0.0000076552,0.0004224839
2026-01-22T02:00:00.069000+00:00,0.0000080365,0.0004285841
2026-01-22T03:00:00.112000+00:00,0.0000073378,0.000417404
2026-01-22T04:00:00.005000+00:00,0.00000625,0.0003075596
2026-01-22T05:00:00.033000+00:00,0.00000625,0.000313587
2026-01-22T06:00:00.029000+00:00,0.00000625,0.0003122668
2026-01-22T07:00:00.022000+00:00,0.00000625,0.0003549204
2026-01-22T08:00:00.084000+00:00,0.00000625,0.0002837876
2026-01-22T09:00:00.040000+00:00,0.0000066101,0.0004057617
2026-01-22T10:00:00.057000+00:00,0.00000625,0.0002918081
2026-01-22T11:00:00.047000+00:00,0.00000625,0.0002967309
2026-01-22T12:00:00.063000+00:00,0.00000625,0.0003445893
2026-01-22T13:00:00.020000+00:00,0.00000625,0.0000661171
2026-01-22T14:00:00.092000+00:00,0.00000625,0.0001290939
2026-01-22T15:00:00.007000+00:00,0.00000625,0.0003232446
2026-01-22T16:00:00.083000+00:00,0.0000083476,0.0004335623
2026-01-22T17:00:00.035000+00:00,0.00000625,0.0003653439
2026-01-22T18:00:00.004000+00:00,0.00000625,0.0003140191
2026-01-22T19:00:00.016000+00:00,0.00000625,0.0002133112
2026-01-22T20:00:00.017000+00:00,0.00000625,0.0002697528
2026-01-22T21:00:00.096000+00:00,0.0000092754,0.0004484061
2026-01-22T22:00:00.013000+00:00,0.00000625,0.0002488207
2026-01-22T23:00:00.019000+00:00,0.0000070521,0.0004128334
2026-01-23T00:00:00.009000+00:00,0.00000625,0.0003911612
2026-01-23T01:00:00.034000+00:00,0.0000129404,0.0005070469
2026-01-23T02:00:00.028000+00:00,0.000009969,0.0004595034
2026-01-23T03:00:00.122000+00:00,0.00000625,0.0003932063
2026-01-23T04:00:00.017000+00:00,0.00000625,0.0003923176
2026-01-23T05:00:00.154000+00:00,0.00000625,0.0003918794
2026-01-23T06:00:00.112000+00:00,0.00000625,0.000311435
2026-01-23T07:00:00.066000+00:00,0.00000625,0.0000995707
2026-01-23T08:00:00.100000+00:00,0.0000062539,0.0004000622
2026-01-23T09:00:00.005000+00:00,0.0000121813,0.0004949009
2026-01-23T10:00:00.058000+00:00,0.00000625,0.0001300202
2026-01-23T11:00:00.030000+00:00,0.00000625,0.000116628
2026-01-23T12:00:00.029000+00:00,0.00000625,0.0002578272
2026-01-23T13:00:00.018000+00:00,0.00000625,0.0002479943
2026-01-23T14:00:00.013000+00:00,0.00000625,0.0002379991
2026-01-23T15:00:00.048000+00:00,0.00000625,0.0002706971
2026-01-23T16:00:00.010000+00:00,0.00000625,0.0002543188
2026-01-23T17:00:00.061000+00:00,0.00000625,0.0002240775
2026-01-23T18:00:00.037000+00:00,0.00000625,0.0002530966
2026-01-23T19:00:00.047000+00:00,0.00000625,0.0002532961
2026-01-23T20:00:00.055000+00:00,0.00000625,0.0002652657
2026-01-23T21:00:00.085000+00:00,0.00000625,0.0003346849
2026-01-23T22:00:00.039000+00:00,0.00000625,0.0003421102
2026-01-23T23:00:00.085000+00:00,0.0000117624,0.0004881983
2026-01-24T00:00:00.017000+00:00,0.00000625,0.0003909189
2026-01-24T01:00:00.061000+00:00,0.00000625,0.000397467
2026-01-24T02:00:00.093000+00:00,0.0000106629,0.0004706062
2026-01-24T03:00:00.032000+00:00,0.00000625,0.0001053862
2026-01-24T04:00:00.067000+00:00,0.00000625,-0.00007862
2026-01-24T05:00:00.043000+00:00,0.00000625,-0.0001073506
2026-01-24T06:00:00.032000+00:00,0.00000625,-0.0000709224
2026-01-24T07:00:00.003000+00:00,0.00000625,-0.0000751113
2026-01-24T08:00:00.030000+00:00,-0.0000073396,-0.0004174342
2026-01-24T09:00:00.058000+00:00,-0.0000046751,-0.0003748024
2026-01-24T10:00:00.112000+00:00,-0.0000045563,-0.0003729008
2026-01-24T11:00:00.027000+00:00,0.00000625,0.000041517
2026-01-24T12:00:00.100000+00:00,0.00000625,0.0001469348
2026-01-24T13:00:00.080000+00:00,0.00000625,-0.0000312753
2026-01-24T14:00:00.016000+00:00,0.00000625,-0.0001715021
2026-01-24T15:00:00.060000+00:00,0.00000625,-0.0001782129
2026-01-24T16:00:00.092000+00:00,0.00000625,-0.0001865763
2026-01-24T17:00:00.040000+00:00,0.0000040509,-0.0002351851
2026-01-24T18:00:00.011000+00:00,0.0000062412,-0.0002001408
2026-01-24T19:00:00.036000+00:00,0.00000625,-0.0001928782
2026-01-24T20:00:00.028000+00:00,0.00000625,-0.0001851899
2026-01-24T21:00:00.012000+00:00,0.0000037369,-0.0002402099
2026-01-24T22:00:00.056000+00:00,0.0000025822,-0.0002586843
2026-01-24T23:00:00.017000+00:00,0.00000625,-0.0001185799
2026-01-25T00:00:00.006000+00:00,0.00000625,-0.0001387629
2026-01-25T01:00:00.021000+00:00,0.00000625,-0.0000591569
2026-01-25T02:00:00.135000+00:00,-0.0000018321,-0.0003293135
2026-01-25T03:00:00.054000+00:00,-0.000009442,-0.0004510724
2026-01-25T04:00:00.109000+00:00,-0.0000122071,-0.0004953141
2026-01-25T05:00:00.110000+00:00,0.0000006356,-0.0002898305
2026-01-25T06:00:00.117000+00:00,0.00000625,-0.000070316
2026-01-25T07:00:00.059000+00:00,0.00000625,-0.0001586047
2026-01-25T08:00:00.042000+00:00,-0.0000079069,-0.0004265112
2026-01-25T09:00:00.055000+00:00,0.00000625,-0.0001272198
2026-01-25T10:00:00.045000+00:00,0.00000625,0.0000238363
2026-01-25T11:00:00.011000+00:00,0.00000625,0.0001565915
2026-01-25T12:00:00.029000+00:00,0.00000625,0.0001717139
2026-01-25T13:00:00.065000+00:00,0.0000117682,0.0004882904
2026-01-25T14:00:00.031000+00:00,0.0000109054,0.0004744861
2026-01-25T15:00:00.075000+00:00,0.00000625,0.0003458679
2026-01-25T16:00:00.012000+00:00,0.00000625,0.0001168347
2026-01-25T17:00:00.013000+00:00,0.00000625,0.0002302561
2026-01-25T18:00:00.020000+00:00,0.0000064955,0.0004039275
2026-01-25T19:00:00.010000+00:00,0.00000625,0.0001525232
2026-01-25T20:00:00.016000+00:00,-0.0000119861,-0.0004917769
2026-01-25T21:00:00.021000+00:00,-0.000200332,-0.0035053122
2026-01-25T22:00:00.063000+00:00,0.00000625,-0.0000469055
2026-01-25T23:00:00.127000+00:00,-0.0001870721,-0.0032931534
2026-01-26T00:00:00.127000+00:00,-0.0000127284,-0.0005036541
2026-01-26T01:00:00.001000+00:00,0.0000632866,0.0013125859
2026-01-26T02:00:00.026000+00:00,-0.0000054076,-0.0003865215
2026-01-26T03:00:00.059000+00:00,0.00000625,0.0001442002
2026-01-26T04:00:00.056000+00:00,0.00000625,0.0000306814
2026-01-26T05:00:00.020000+00:00,0.00000625,0.0003908911
2026-01-26T06:00:00.101000+00:00,0.0000104844,0.0004677498
2026-01-26T07:00:00.055000+00:00,0.0000262755,0.0007204083
2026-01-26T08:00:00.040000+00:00,0.00000625,0.0003860373
2026-01-26T09:00:00.056000+00:00,0.0000208255,0.000633208
2026-01-26T10:00:00.060000+00:00,0.0000215425,0.0006446802
2026-01-26T11:00:00.055000+00:00,0.00000625,0.000305418
2026-01-26T12:00:00.081000+00:00,0.00000625,0.0002338652
2026-01-26T13:00:00+00:00,0.00000625,0.0001793191
2026-01-26T14:00:00.050000+00:00,0.00000625,0.0002200276
2026-01-26T15:00:00.064000+00:00,0.00000625,0.0002521427
2026-01-26T16:00:00.006000+00:00,0.00000625,0.0000791651
2026-01-26T17:00:00.012000+00:00,0.00000625,0.0002487855
2026-01-26T18:00:00.010000+00:00,0.00000625,0.0003310029
2026-01-26T19:00:00.045000+00:00,0.0000082579,0.0004321269
2026-01-26T20:00:00.034000+00:00,0.00000625,0.0001561392
2026-01-26T21:00:00.094000+00:00,0.00000625,0.0000894317
2026-01-26T22:00:00.049000+00:00,0.00000625,0.000271775
2026-01-26T23:00:00.079000+00:00,0.00000625,-0.0000346914
2026-01-27T00:00:00.085000+00:00,0.00000625,-0.0001275991
2026-01-27T01:00:00.073000+00:00,0.00000625,-0.000115314
2026-01-27T02:00:00.052000+00:00,0.00000625,-0.0000729452
2026-01-27T03:00:00.012000+00:00,0.00000625,-0.0000301697
2026-01-27T04:00:00.017000+00:00,0.00000625,0.0000149122
2026-01-27T05:00:00.023000+00:00,0.00000625,0.0000972102
2026-01-27T06:00:00+00:00,0.00000625,0.0000425483
2026-01-27T07:00:00.049000+00:00,0.00000625,0.0000259429
2026-01-27T08:00:00.092000+00:00,0.00000625,0.0000630798
2026-01-27T09:00:00.020000+00:00,0.00000625,0.0000504886
2026-01-27T10:00:00.056000+00:00,0.00000625,0.0000692133
2026-01-27T11:00:00.003000+00:00,0.00000625,-0.0000269819
2026-01-27T12:00:00.051000+00:00,0.00000625,0.0000667328
2026-01-27T13:00:00.006000+00:00,0.00000625,0.0001572993
2026-01-27T14:00:00.041000+00:00,0.00000625,0.00015552
2026-01-27T15:00:00.074000+00:00,0.00000625,0.0003796454
2026-01-27T16:00:00.103000+00:00,0.000008359,0.0004337433
2026-01-27T17:00:00.024000+00:00,0.00000625,0.0002742582
2026-01-27T18:00:00.011000+00:00,0.00000625,0.0003342673
2026-01-27T19:00:00.027000+00:00,0.00000625,0.0003321118
2026-01-27T20:00:00.082000+00:00,0.00000625,0.0003144232
2026-01-27T21:00:00.015000+00:00,0.00000625,0.0003834921
2026-01-27T22:00:00.042000+00:00,0.00000625,0.0003365456
2026-01-27T23:00:00.015000+00:00,0.00000625,0.0002529959
2026-01-28T00:00:00.090000+00:00,0.00000625,0.0002423625
2026-01-28T01:00:00.024000+00:00,0.00000625,0.0001598826
2026-01-28T02:00:00.053000+00:00,0.00000625,0.0002420752
2026-01-28T03:00:00.047000+00:00,0.00000625,0.000340163
2026-01-28T04:00:00.114000+00:00,0.00000625,0.0001823019
2026-01-28T05:00:00.046000+00:00,0.00000625,0.0001600655
2026-01-28T06:00:00.127000+00:00,0.00000625,0.0001209136
2026-01-28T07:00:00.070000+00:00,0.00000625,0.0001035354
2026-01-28T08:00:00.044000+00:00,0.00000625,0.000226814
2026-01-28T09:00:00.042000+00:00,0.0000067525,0.0004080394
2026-01-28T10:00:00.038000+00:00,0.00000625,0.0001703781
2026-01-28T11:00:00.016000+00:00,0.00000625,0.0001649061
2026-01-28T12:00:00.051000+00:00,0.00000625,0.0002608846
2026-01-28T13:00:00.094000+00:00,0.00000625,0.0001338376
2026-01-28T14:00:00.054000+00:00,0.00000625,0.0001291441
2026-01-28T15:00:00.003000+00:00,0.00000625,0.0003259128
2026-01-28T16:00:00.022000+00:00,0.00000625,0.0000460917
2026-01-28T17:00:00.048000+00:00,0.00000625,0.000059719
2026-01-28T18:00:00.020000+00:00,0.00000625,0.0000723752
2026-01-28T19:00:00.072000+00:00,0.0000237733,0.0006803723
2026-01-28T20:00:00.063000+00:00,0.0000119738,0.0004915814
2026-01-28T21:00:00.108000+00:00,0.00000625,0.0003936054
2026-01-28T22:00:00.010000+00:00,0.0000096438,0.0004543008
2026-01-28T23:00:00.022000+00:00,0.00000625,0.0003426372
2026-01-29T00:00:00.027000+00:00,0.00000625,0.000318065
2026-01-29T01:00:00.021000+00:00,0.00000625,0.0002123415
2026-01-29T02:00:00.049000+00:00,0.00000625,0.0000724888
2026-01-29T03:00:00.013000+00:00,0.00000625,0.0000149984
2026-01-29T04:00:00.038000+00:00,0.00000625,0.0000204912
2026-01-29T05:00:00.051000+00:00,0.00000625,0.0000285448
2026-01-29T06:00:00.048000+00:00,0.00000625,0.0000362333
2026-01-29T07:00:00.087000+00:00,0.00000625,-0.0000059269
2026-01-29T08:00:00.047000+00:00,0.00000625,0.0000799425
2026-01-29T09:00:00.026000+00:00,0.00000625,0.0000348299
2026-01-29T10:00:00.066000+00:00,0.00000625,0.0001570741
2026-01-29T11:00:00.051000+00:00,0.00000625,0.0001840304
2026-01-29T12:00:00+00:00,0.00000625,0.0003902948
2026-01-29T13:00:00.120000+00:00,0.0000117731,0.0004883693
2026-01-29T14:00:00.011000+00:00,0.00000625,0.0003937399
2026-01-29T15:00:00.016000+00:00,0.0000131153,0.0005098456
2026-01-29T16:00:00.059000+00:00,0.0000087984,0.000440775
2026-01-29T17:00:00.082000+00:00,0.00000625,0.0001517584
2026-01-29T18:00:00.099000+00:00,0.00000625,0.0002693662
2026-01-29T19:00:00.054000+00:00,0.00000625,0.0003419453
2026-01-29T20:00:00.035000+00:00,0.00000625,0.0001270955
2026-01-29T21:00:00.049000+00:00,0.00000625,0.0003931012
2026-01-29T22:00:00.059000+00:00,0.0000272864,0.0007365818
2026-01-29T23:00:00.037000+00:00,0.0000110212,0.0004763387
2026-01-30T00:00:00.022000+00:00,0.00000625,0.0002346743
2026-01-30T01:00:00.010000+00:00,0.0000128769,0.0005060308
2026-01-30T02:00:00.075000+00:00,0.0000124554,0.0004992857
2026-01-30T03:00:00.038000+00:00,0.00000625,0.0003926577
2026-01-30T04:00:00.028000+00:00,0.0000070286,0.0004124579
2026-01-30T05:00:00.053000+00:00,0.00000625,0.0003483538
2026-01-30T06:00:00.084000+00:00,0.0000097544,0.0004560705
2026-01-30T07:00:00.117000+00:00,0.0000091792,0.0004468671
2026-01-30T08:00:00.018000+00:00,0.00000625,0.0003152434
2026-01-30T09:00:00.103000+00:00,0.00000625,0.0002143907
2026-01-30T10:00:00.049000+00:00,0.00000625,0.0000872725
2026-01-30T11:00:00.108000+00:00,0.00000625,-0.0000269329
2026-01-30T12:00:00.036000+00:00,0.00000625,-0.0000155226
2026-01-30T13:00:00.025000+00:00,0.00000625,0.0000281847
2026-01-30T14:00:00.033000+00:00,0.00000625,-0.0000639176
2026-01-30T15:00:00.008000+00:00,-0.0000124738,-0.0004995801
2026-01-30T16:00:00.054000+00:00,0.00000625,0.0000783257
2026-01-30T17:00:00.105000+00:00,0.00000625,0.0001345915
2026-01-30T18:00:00.037000+00:00,0.00000625,0.0001043501
2026-01-30T19:00:00.042000+00:00,0.00000625,0.0002879896
2026-01-30T20:00:00.041000+00:00,0.00000625,0.00000246
2026-01-30T21:00:00.006000+00:00,0.00000625,0.000029708
2026-01-30T22:00:00.001000+00:00,0.0000097822,0.0004565155
2026-01-30T23:00:00.031000+00:00,0.0000139179,0.0005226858
2026-01-31T00:00:00.171000+00:00,0.0000106434,0.0004702951
2026-01-31T01:00:00.100000+00:00,0.0000133527,0.0005136428
2026-01-31T02:00:00.068000+00:00,0.0000084362,0.0004349791
2026-01-31T03:00:00.097000+00:00,0.00000625,0.0001216494
2026-01-31T04:00:00.012000+00:00,-0.0000124762,-0.0004996184
2026-01-31T05:00:00.026000+00:00,-0.0000125488,-0.0005007802
2026-01-31T06:00:00.002000+00:00,-0.000004678,-0.0003748479
2026-01-31T07:00:00.010000+00:00,0.0000000713,-0.0002988585
2026-01-31T08:00:00.049000+00:00,-0.0000030213,-0.00034834
2026-01-31T09:00:00.076000+00:00,-0.0000114014,-0.0004824216
2026-01-31T10:00:00.022000+00:00,0.0000050542,-0.0002191323
2026-01-31T11:00:00.050000+00:00,0.00000625,-0.00014399
2026-01-31T12:00:00.105000+00:00,0.00000625,0.0000457858
2026-01-31T13:00:00.035000+00:00,0.0000047278,-0.0002243547
2026-01-31T14:00:00.027000+00:00,-0.0000029077,-0.0003465239
2026-01-31T15:00:00.033000+00:00,-0.0000065229,-0.0004043661
2026-01-31T16:00:00.091000+00:00,-0.0000194514,-0.0006112227
2026-01-31T17:00:00.030000+00:00,-0.0000248774,-0.0006980387
2026-01-31T18:00:00.057000+00:00,-0.0000115172,-0.0004842752
2026-01-31T19:00:00.118000+00:00,-0.0000882586,-0.0017121373
2026-01-31T20:00:00.081000+00:00,-0.0000376722,-0.0009027551
2026-01-31T21:00:00.058000+00:00,0.00000625,-0.0000552969
2026-01-31T22:00:00.056000+00:00,0.00000625,0.0002312406
2026-01-31T23:00:00.088000+00:00,-0.0000059339,-0.000394942
2026-02-01T00:00:00.016000+00:00,-0.0000521007,-0.0011336114
2026-02-01T01:00:00.017000+00:00,-0.0000576373,-0.0012221972
2026-02-01T02:00:00.052000+00:00,-0.0000355304,-0.0008684865
2026-02-01T03:00:00.047000+00:00,-0.0000570943,-0.0012135093
2026-02-01T04:00:00.091000+00:00,-0.0000619891,-0.0012918255
2026-02-01T05:00:00.008000+00:00,-0.0000576779,-0.0012228469
2026-02-01T06:00:00.029000+00:00,-0.0000207938,-0.0006327006
2026-02-01T07:00:00.060000+00:00,-0.0000222105,-0.0006553673
2026-02-01T08:00:00.056000+00:00,-0.0000398527,-0.000937644
2026-02-01T09:00:00+00:00,-0.0000394687,-0.0009314993
2026-02-01T10:00:00.092000+00:00,-0.0000244101,-0.0006905619
2026-02-01T11:00:00.017000+00:00,0.00000625,-0.0000199687
2026-02-01T12:00:00.097000+00:00,-0.0000279222,-0.0007467554
2026-02-01T13:00:00.026000+00:00,-0.0000042247,-0.0003675948
2026-02-01T14:00:00.096000+00:00,-0.0000059,-0.0003944001
2026-02-01T15:00:00.019000+00:00,-0.0000056246,-0.000389994
2026-02-01T16:00:00.034000+00:00,0.0000047738,-0.0002236186
2026-02-01T17:00:00.041000+00:00,-0.0000205121,-0.0006281943
2026-02-01T18:00:00.062000+00:00,-0.000012702,-0.0005032315
2026-02-01T19:00:00.042000+00:00,-0.0000246699,-0.0006947182
2026-02-01T20:00:00.067000+00:00,-0.0000038314,-0.000361303
2026-02-01T21:00:00.104000+00:00,0.0000002505,-0.0002959914
2026-02-01T22:00:00.015000+00:00,0.0000049595,-0.0002206482
2026-02-01T23:00:00.006000+00:00,-0.0000033678,-0.0003538844
2026-02-02T00:00:00.059000+00:00,0.00000625,-0.0001011943
2026-02-02T01:00:00.038000+00:00,0.0002063876,0.003602202
2026-02-02T02:00:00.017000+00:00,0.000019599,0.0006135841
2026-02-02T03:00:00.062000+00:00,0.00000625,0.0003245535
2026-02-02T04:00:00.064000+00:00,0.000009708,0.0004553272
2026-02-02T05:00:00.106000+00:00,0.0000129755,0.0005076086
2026-02-02T06:00:00.074000+00:00,0.00000625,0.0003341689
2026-02-02T07:00:00.020000+00:00,-0.000018413,-0.0005946079
2026-02-02T08:00:00.007000+00:00,-0.0000400041,-0.0009400662
2026-02-02T09:00:00.043000+00:00,-0.0000254859,-0.0007077744
2026-02-02T10:00:00.084000+00:00,-0.0000103523,-0.0004656371
2026-02-02T11:00:00.047000+00:00,-0.0000157391,-0.0005518258
2026-02-02T12:00:00.061000+00:00,-0.0000220829,-0.0006533271
2026-02-02T13:00:00.088000+00:00,-0.000002061,-0.0003329755
2026-02-02T14:00:00.065000+00:00,-0.0000366605,-0.0008865677
2026-02-02T15:00:00.070000+00:00,-0.000036085,-0.0008773605
2026-02-02T16:00:00.041000+00:00,-0.0000132484,-0.0005119747
2026-02-02T17:00:00.065000+00:00,0.0000013539,-0.0002783378
2026-02-02T18:00:00.066000+00:00,0.00000625,-0.000177355
2026-02-02T19:00:00.004000+00:00,0.00000625,-0.0001878784
2026-02-02T20:00:00.023000+00:00,0.00000625,-0.0001743204
2026-02-02T21:00:00.014000+00:00,0.00000625,0.0001500731
2026-02-02T22:00:00.099000+00:00,0.00000625,0.0003356286
2026-02-02T23:00:00.055000+00:00,0.00000625,0.0003118656
2026-02-03T00:00:00.013000+00:00,0.00000625,0.0003518532
2026-02-03T01:00:00.015000+00:00,0.00000625,0.0002657012
2026-02-03T02:00:00.012000+00:00,0.0000121441,0.000494305
2026-02-03T03:00:00.032000+00:00,0.000015852,0.0005536314
2026-02-03T04:00:00.038000+00:00,0.00000625,0.0003846586
2026-02-03T05:00:00.029000+00:00,0.00000625,0.0002582428
2026-02-03T06:00:00+00:00,0.00000625,0.0003846334
2026-02-03T07:00:00.068000+00:00,0.00000625,0.000306839
2026-02-03T08:00:00.057000+00:00,0.00000625,0.0002299402
2026-02-03T09:00:00.079000+00:00,0.00000625,0.0002986826
2026-02-03T10:00:00.022000+00:00,0.00000625,0.000195295
2026-02-03T11:00:00.065000+00:00,0.00000625,0.0001648025
2026-02-03T12:00:00.118000+00:00,0.00000625,0.0002918733
2026-02-03T13:00:00.065000+00:00,0.00000625,0.0002960489
2026-02-03T14:00:00.040000+00:00,0.00000625,0.0003173575
2026-02-03T15:00:00.025000+00:00,0.00000625,0.0002136391
2026-02-03T16:00:00.059000+00:00,0.00000625,0.0002683192
2026-02-03T17:00:00.001000+00:00,0.00000625,-0.0000127221
2026-02-03T18:00:00.015000+00:00,0.00000625,-0.0000005121
2026-02-03T19:00:00.059000+00:00,0.0000069848,0.0004117574
2026-02-03T20:00:00.049000+00:00,0.00000625,0.0003589462
2026-02-03T21:00:00.031000+00:00,0.0000437919,0.0010006705
2026-02-03T22:00:00.004000+00:00,0.0000620122,0.0012921952
2026-02-03T23:00:00.056000+00:00,0.0000289447,0.0007631158
2026-02-04T00:00:00.018000+00:00,0.0000147969,0.0005367503
2026-02-04T01:00:00.045000+00:00,0.000018428,0.000594848
2026-02-04T02:00:00.022000+00:00,0.0000760099,0.001516158
2026-02-04T03:00:00.032000+00:00,0.0000467189,0.0010475024
2026-02-04T04:00:00.004000+00:00,0.0000316637,0.0008066197
2026-02-04T05:00:00.055000+00:00,0.0000420518,0.0009728284
2026-02-04T06:00:00.042000+00:00,0.0000371449,0.000894318
2026-02-04T07:00:00.016000+00:00,0.0000363377,0.0008814024
2026-02-04T08:00:00.027000+00:00,0.0000080077,0.0004281236
2026-02-04T09:00:00.003000+00:00,0.00000625,0.0000675998
2026-02-04T10:00:00.081000+00:00,0.00000625,0.0003089652
2026-02-04T11:00:00.016000+00:00,0.00000625,0.0000373662
2026-02-04T12:00:00.120000+00:00,0.00000625,-0.0000626028
2026-02-04T13:00:00.025000+00:00,0.00000625,-0.0000536826
2026-02-04T14:00:00.004000+00:00,0.00000625,0.0000294984
2026-02-04T15:00:00.071000+00:00,0.00000625,-0.0000335583
2026-02-04T16:00:00.007000+00:00,0.00000625,-0.0001365646
2026-02-04T17:00:00.105000+00:00,0.00000625,0.0002642285
2026-02-04T18:00:00.058000+00:00,0.0000109321,0.0004749136
2026-02-04T19:00:00.028000+00:00,0.0000259514,0.0007152231
2026-02-04T20:00:00.001000+00:00,0.000023338,0.0006734085
2026-02-04T21:00:00.072000+00:00,0.00000625,-0.0001299108
2026-02-04T22:00:00.051000+00:00,-0.0000017317,-0.0003277065
2026-02-04T23:00:00.022000+00:00,-0.0000138024,-0.000520839
2026-02-05T00:00:00.003000+00:00,0.00000625,0.0002218616
2026-02-05T01:00:00.010000+00:00,0.00000625,0.0003970826
2026-02-05T02:00:00.097000+00:00,0.00000625,0.000226871
2026-02-05T03:00:00.011000+00:00,0.00000625,0.000007472
2026-02-05T04:00:00.032000+00:00,-0.0000064458,-0.000403132
2026-02-05T05:00:00.057000+00:00,-0.0000513297,-0.0011212751
2026-02-05T06:00:00.038000+00:00,-0.0000813079,-0.0016009263
2026-02-05T07:00:00.008000+00:00,-0.0000960837,-0.0018373388
2026-02-05T08:00:00.038000+00:00,-0.0000573286,-0.0012172572
2026-02-05T09:00:00.023000+00:00,-0.0000619218,-0.0012907495
2026-02-05T10:00:00.022000+00:00,-0.0000562385,-0.001199816
2026-02-05T11:00:00.046000+00:00,-0.0000440521,-0.001004834
2026-02-05T12:00:00.036000+00:00,-0.0000280007,-0.0007480107
2026-02-05T13:00:00.013000+00:00,-0.0000236115,-0.0006777842
2026-02-05T14:00:00.012000+00:00,-0.0000187937,-0.0006006986
2026-02-05T15:00:00.079000+00:00,-0.0000023345,-0.0003373513
2026-02-05T16:00:00.065000+00:00,0.00000625,0.000064488
2026-02-05T17:00:00.004000+00:00,0.00000625,0.0001168825
2026-02-05T18:00:00.104000+00:00,0.00000625,0.0002087667
2026-02-05T19:00:00.030000+00:00,0.00000625,0.0000355093
2026-02-05T20:00:00.057000+00:00,0.00000625,-0.0000111005
2026-02-05T21:00:00.013000+00:00,0.00000625,-0.0000467939
2026-02-05T22:00:00.040000+00:00,0.00000625,-0.0000435242
2026-02-05T23:00:00.019000+00:00,0.00000625,-0.0000192291
2026-02-06T00:00:00.083000+00:00,0.00000625,-0.0000907008
2026-02-06T01:00:00.049000+00:00,0.00000625,-0.0001428034
2026-02-06T02:00:00.026000+00:00,-0.0000295108,-0.0007721729
2026-02-06T03:00:00.050000+00:00,0.00000625,0.0001633847
2026-02-06T04:00:00.075000+00:00,0.00000625,-0.0000010903
2026-02-06T05:00:00.102000+00:00,0.00000625,0.0000137925
2026-02-06T06:00:00.022000+00:00,0.00000625,-0.0001103935
2026-02-06T07:00:00.074000+00:00,-0.0000034764,-0.0003556222
2026-02-06T08:00:00.037000+00:00,0.00000625,0.000223617
2026-02-06T09:00:00.042000+00:00,0.00000625,0.0002862042
2026-02-06T10:00:00.053000+00:00,0.00000625,-0.0000928419
2026-02-06T11:00:00.032000+00:00,0.00000625,0.000000914
2026-02-06T12:00:00.009000+00:00,0.00000625,0.0001055648
2026-02-06T13:00:00.032000+00:00,0.00000625,0.0000142819
2026-02-06T14:00:00.024000+00:00,0.00000625,-0.0000477394
2026-02-06T15:00:00.089000+00:00,0.00000625,0.0000129116
2026-02-06T16:00:00.036000+00:00,0.00000625,-0.0000467381
2026-02-06T17:00:00.030000+00:00,0.00000625,0.0000932806
2026-02-06T18:00:00.086000+00:00,0.00000625,0.0002375258
2026-02-06T19:00:00.056000+00:00,0.00000625,0.0003060563
2026-02-06T20:00:00.016000+00:00,0.00000625,0.0002915449
2026-02-06T21:00:00.031000+00:00,0.00000625,0.0001651629
2026-02-06T22:00:00.032000+00:00,0.00000625,0.0000857148
2026-02-06T23:00:00.049000+00:00,0.00000625,0.0000325944
2026-02-07T00:00:00.064000+00:00,0.00000625,-0.0000233793
2026-02-07T01:00:00.036000+00:00,0.00000625,0.00009921
2026-02-07T02:00:00.026000+00:00,-0.0000192546,-0.0006080733
2026-02-07T03:00:00.021000+00:00,-0.000016121,-0.0005579354
2026-02-07T04:00:00.104000+00:00,-0.0000342019,-0.0008472302
2026-02-07T05:00:00.063000+00:00,-0.0000181821,-0.0005909134
2026-02-07T06:00:00.036000+00:00,-0.0000132575,-0.0005121195
2026-02-07T07:00:00.008000+00:00,0.00000625,0.0003180835
2026-02-07T08:00:00.048000+00:00,0.00000625,0.0000902221
2026-02-07T09:00:00.081000+00:00,0.0000037191,-0.0002404936
2026-02-07T10:00:00.020000+00:00,-0.0000097999,-0.0004567987
2026-02-07T11:00:00.008000+00:00,-0.0000328173,-0.0008250769
2026-02-07T12:00:00.031000+00:00,-0.0000254062,-0.0007064999
2026-02-07T13:00:00.040000+00:00,-0.0000139424,-0.000523079
2026-02-07T14:00:00.008000+00:00,-0.0000033785,-0.0003540562
2026-02-07T15:00:00.093000+00:00,-0.0000085083,-0.0004361328
2026-02-07T16:00:00.146000+00:00,0.0000168576,0.0005697222
2026-02-07T17:00:00.055000+00:00,0.00000625,0.0002090678
2026-02-07T18:00:00.022000+00:00,0.0000542541,0.0011680664
2026-02-07T19:00:00.071000+00:00,0.0000316028,0.000805644
2026-02-07T20:00:00.020000+00:00,0.000020622,0.0006299517
2026-02-07T21:00:00.089000+00:00,0.0000138668,0.0005218687
2026-02-07T22:00:00.055000+00:00,0.00000625,0.0002559262
2026-02-07T23:00:00.038000+00:00,0.00000625,-0.0000837251
2026-02-08T00:00:00.042000+00:00,-0.0000058439,-0.0003935018
2026-02-08T01:00:00.003000+00:00,-0.0000520633,-0.0011330135
2026-02-08T02:00:00.074000+00:00,-0.0000253414,-0.0007054618
2026-02-08T03:00:00.113000+00:00,-0.0000188593,-0.0006017491
2026-02-08T04:00:00.069000+00:00,-0.0000241621,-0.0006865937
2026-02-08T05:00:00.059000+00:00,-0.0000246856,-0.0006949694
2026-02-08T06:00:00.031000+00:00,-0.0000271604,-0.0007345666
2026-02-08T07:00:00.038000+00:00,-0.0000188937,-0.0006022995
2026-02-08T08:00:00.113000+00:00,-0.000008936,-0.0004429759
2026-02-08T09:00:00.040000+00:00,0.00000625,0.0000994031
2026-02-08T10:00:00.031000+00:00,0.00000625,-0.0001421043
2026-02-08T11:00:00.068000+00:00,-0.0000005052,-0.0003080835
2026-02-08T12:00:00.077000+00:00,0.000004993,-0.0002201116
2026-02-08T13:00:00.011000+00:00,0.00000625,0.0002405679
2026-02-08T14:00:00.051000+00:00,-0.0000029716,-0.0003475461
2026-02-08T15:00:00.041000+00:00,0.0000027119,-0.0002566088
2026-02-08T16:00:00.023000+00:00,-0.0000228875,-0.0006661998
2026-02-08T17:00:00.043000+00:00,-0.0000036177,-0.0003578839
2026-02-08T18:00:00.023000+00:00,0.00000625,-0.0001517879
2026-02-08T19:00:00.070000+00:00,-0.0000073729,-0.0004179667
2026-02-08T20:00:00.046000+00:00,-0.0000325191,-0.0008203048
2026-02-08T21:00:00.059000+00:00,-0.0000156257,-0.0005500116
2026-02-08T22:00:00.049000+00:00,-0.0000125277,-0.0005004427
2026-02-08T23:00:00.015000+00:00,0.0000003876,-0.000293799
2026-02-09T00:00:00.009000+00:00,0.0000417403,0.0009678453
2026-02-09T01:00:00.034000+00:00,0.0000625141,0.0013002249
2026-02-09T02:00:00.118000+00:00,0.00000625,0.000346589
2026-02-09T03:00:00.004000+00:00,0.00000625,0.0000965848
2026-02-09T04:00:00.091000+00:00,0.00000625,-0.0001094122
2026-02-09T05:00:00.037000+00:00,0.00000625,0.0002125804
2026-02-09T06:00:00.020000+00:00,0.0000077008,0.0004232135
2026-02-09T07:00:00.026000+00:00,0.00000625,0.0002991117
2026-02-09T08:00:00.013000+00:00,0.00000625,0.000006255
2026-02-09T09:00:00.040000+00:00,0.00000625,0.0000035753
2026-02-09T10:00:00.131000+00:00,0.00000625,-0.0001072201
2026-02-09T11:00:00.088000+00:00,-0.0000002402,-0.000303843
2026-02-09T12:00:00.030000+00:00,0.00000625,0.0003296267
2026-02-09T13:00:00.020000+00:00,0.000014063,0.0005250077
2026-02-09T14:00:00.015000+00:00,0.0000099601,0.0004593624
2026-02-09T15:00:00.011000+00:00,0.00000625,0.0003377643
2026-02-09T16:00:00.001000+00:00,0.00000625,0.0001430257
2026-02-09T17:00:00.038000+00:00,0.00000625,-0.0000022113
2026-02-09T18:00:00.060000+00:00,0.00000625,-0.000040478
2026-02-09T19:00:00.023000+00:00,0.00000625,-0.0001681668
2026-02-09T20:00:00.059000+00:00,0.00000625,-0.0000970299
2026-02-09T21:00:00.068000+00:00,0.00000625,-0.0001541109
2026-02-09T22:00:00.065000+00:00,0.00000625,-0.0000839728
2026-02-09T23:00:00.046000+00:00,0.00000625,-0.0000390688
2026-02-10T00:00:00.013000+00:00,0.0000033495,-0.0002464087
2026-02-10T01:00:00.012000+00:00,0.00000625,-0.0001812892
2026-02-10T02:00:00.055000+00:00,-0.0000161231,-0.0005579704
2026-02-10T03:00:00.057000+00:00,-0.0000186896,-0.0005990337
2026-02-10T04:00:00.071000+00:00,0.0000050076,-0.0002198776
2026-02-10T05:00:00.024000+00:00,-0.0000144551,-0.0005312823
2026-02-10T06:00:00.028000+00:00,-0.0000150886,-0.0005414178
2026-02-10T07:00:00.090000+00:00,-0.0000030991,-0.000349586
2026-02-10T08:00:00.018000+00:00,-0.0000198393,-0.0006174293
2026-02-10T09:00:00.041000+00:00,0.00000625,0.0001337531
2026-02-10T10:00:00.028000+00:00,0.00000625,0.0002984286
2026-02-10T11:00:00.100000+00:00,0.000008496,0.0004359358
2026-02-10T12:00:00.032000+00:00,0.00000625,-0.0000380632
2026-02-10T13:00:00.106000+00:00,0.00000625,0.0002169956
2026-02-10T14:00:00.038000+00:00,0.0000203184,0.0006250937
2026-02-10T15:00:00.006000+00:00,0.00000625,0.0002085196
2026-02-10T16:00:00.009000+00:00,0.00000625,0.0001181108
2026-02-10T17:00:00.070000+00:00,0.00000625,0.0000533188
2026-02-10T18:00:00.065000+00:00,0.00000625,0.0001795886
2026-02-10T19:00:00.015000+00:00,0.00000625,0.0001156404
2026-02-10T20:00:00.053000+00:00,0.00000625,0.000077711
2026-02-10T21:00:00.100000+00:00,0.00000625,0.0000898005
2026-02-10T22:00:00.070000+00:00,0.00000625,0.0001907572
2026-02-10T23:00:00.016000+00:00,0.00000625,0.0001920036
2026-02-11T00:00:00.036000+00:00,0.000025354,0.0007056637
2026-02-11T01:00:00.007000+00:00,0.0000243026,0.0006888416
2026-02-11T02:00:00.051000+00:00,0.0000150461,0.0005407373
2026-02-11T03:00:00.098000+00:00,0.0000361768,0.0008788293
2026-02-11T04:00:00.071000+00:00,0.0000264777,0.000723643
2026-02-11T05:00:00.030000+00:00,0.0000091286,0.0004460581
2026-02-11T06:00:00.005000+00:00,0.00000625,0.0001914721
2026-02-11T07:00:00.062000+00:00,0.0000143949,0.000530318
2026-02-11T08:00:00.095000+00:00,0.00000625,0.0001128018
2026-02-11T09:00:00.114000+00:00,0.0000085099,0.0004361584
2026-02-11T10:00:00.048000+00:00,0.00000625,0.000055453
2026-02-11T11:00:00.086000+00:00,0.0000058355,-0.0002066314
2026-02-11T12:00:00.022000+00:00,0.00000625,-0.0000406237
2026-02-11T13:00:00.055000+00:00,0.00000625,-0.0000551309
2026-02-11T14:00:00.087000+00:00,0.00000625,0.0000370657
2026-02-11T15:00:00.012000+00:00,0.00000625,0.0003851535
2026-02-11T16:00:00.074000+00:00,0.0000070101,0.000412161
2026-02-11T17:00:00.077000+00:00,0.0000080324,0.0004285182
2026-02-11T18:00:00.062000+00:00,0.00000625,0.0003347572
2026-02-11T19:00:00.045000+00:00,0.00000625,0.0002940641
2026-02-11T20:00:00.051000+00:00,0.00000625,0.0002347259
2026-02-11T21:00:00.053000+00:00,0.00000625,0.000264094
2026-02-11T22:00:00.067000+00:00,0.0000064221,0.0004027543
2026-02-11T23:00:00.087000+00:00,0.0000098244,0.0004571899
2026-02-12T00:00:00.006000+00:00,0.0000072445,0.0004159123
2026-02-12T01:00:00.034000+00:00,0.00000625,0.0003002028
2026-02-12T02:00:00.037000+00:00,0.0000393932,0.0009302919
2026-02-12T03:00:00.057000+00:00,0.0000221707,0.0006547307
2026-02-12T04:00:00.004000+00:00,0.0000347335,0.0008557355
2026-02-12T05:00:00.075000+00:00,0.0000166993,0.0005671884
2026-02-12T06:00:00.077000+00:00,0.000032315,0.0008170398
2026-02-12T07:00:00.029000+00:00,0.0000270737,0.0007331796
2026-02-12T08:00:00.036000+00:00,0.000049463,0.0010914081
2026-02-12T09:00:00.054000+00:00,0.000029041,0.0007646567
2026-02-12T10:00:00.022000+00:00,0.00000625,-0.0001292549
2026-02-12T11:00:00.008000+00:00,0.00000625,0.0000526044
2026-02-12T12:00:00.064000+00:00,0.00000625,0.0000094329
2026-02-12T13:00:00.056000+00:00,0.00000625,0.0001593925
2026-02-12T14:00:00.023000+00:00,0.00000625,0.0001656401
2026-02-12T15:00:00.004000+00:00,0.00000625,0.0002925797
2026-02-12T16:00:00.043000+00:00,0.00000625,0.000055747
2026-02-12T17:00:00.026000+00:00,0.00000625,-0.0000657942
2026-02-12T18:00:00.015000+00:00,0.00000625,-0.0000658686
2026-02-12T19:00:00.053000+00:00,0.0000121963,0.0004951403
2026-02-12T20:00:00.037000+00:00,0.0000546291,0.0011740663
2026-02-12T21:00:00.043000+00:00,0.0000629631,0.0013074095
2026-02-12T22:00:00.010000+00:00,0.0000451448,0.0010223163
2026-02-12T23:00:00.072000+00:00,0.0000352872,0.0008645957
2026-02-13T00:00:00.092000+00:00,0.0000544789,0.0011716617
2026-02-13T01:00:00.083000+00:00,0.0000632628,0.0013122048
2026-02-13T02:00:00.050000+00:00,0.0000592219,0.0012475502
2026-02-13T03:00:00.009000+00:00,0.0000321593,0.0008145482
2026-02-13T04:00:00.087000+00:00,0.0000456247,0.0010299948
2026-02-13T05:00:00.083000+00:00,0.0000294298,0.000770877
2026-02-13T06:00:00.070000+00:00,0.0000767578,0.0015281254
2026-02-13T07:00:00.056000+00:00,0.000067777,0.0013844315
2026-02-13T08:00:00.018000+00:00,0.0000435059,0.0009960946
2026-02-13T09:00:00.087000+00:00,0.0000234938,0.0006759015
2026-02-13T10:00:00.004000+00:00,0.0000163175,0.0005610807
2026-02-13T11:00:00.117000+00:00,0.0000185222,0.0005963549
2026-02-13T12:00:00.059000+00:00,0.0000075218,0.0004203492
2026-02-13T13:00:00.040000+00:00,0.0000143122,0.0005289954
2026-02-13T14:00:00.092000+00:00,0.0000099099,0.0004585588
2026-02-13T15:00:00.081000+00:00,0.00000625,0.0003507224
2026-02-13T16:00:00.038000+00:00,0.00000625,0.0003019944
2026-02-13T17:00:00.023000+00:00,0.00000625,0.0001071378
2026-02-13T18:00:00.120000+00:00,0.00000625,0.0001632453
2026-02-13T19:00:00.063000+00:00,0.00000625,0.0002012044
2026-02-13T20:00:00.048000+00:00,0.00000625,0.0001637318
2026-02-13T21:00:00.056000+00:00,0.00000625,0.0002607593
2026-02-13T22:00:00.018000+00:00,0.0000238606,0.0006817691
2026-02-13T23:00:00.072000+00:00,0.0000124349,0.0004989577
2026-02-14T00:00:00.041000+00:00,0.0000282855,0.0007525681
2026-02-14T01:00:00.085000+00:00,0.0000156039,0.0005496622
2026-02-14T02:00:00.103000+00:00,0.0000488502,0.001081604
2026-02-14T03:00:00.007000+00:00,0.00000625,0.0001255645
2026-02-14T04:00:00.098000+00:00,0.00000625,-0.000148512
2026-02-14T05:00:00.016000+00:00,0.00000625,-0.0001389405
2026-02-14T06:00:00.103000+00:00,0.00000625,-0.0001022699
2026-02-14T07:00:00.037000+00:00,0.00000625,-0.0000082902
2026-02-14T08:00:00.001000+00:00,0.00000625,0.0001090937
2026-02-14T09:00:00.050000+00:00,0.00000625,0.0003359375
2026-02-14T10:00:00.086000+00:00,0.00000625,0.0001380909
2026-02-14T11:00:00.026000+00:00,-0.000025811,-0.0007129754
2026-02-14T12:00:00.125000+00:00,-0.0000588517,-0.0012416275
2026-02-14T13:00:00.083000+00:00,-0.0000024405,-0.0003390485
2026-02-14T14:00:00.055000+00:00,0.00000625,0.0000295841
2026-02-14T15:00:00.081000+00:00,0.00000625,-0.0001577941
2026-02-14T16:00:00.035000+00:00,0.00000625,-0.0000972143
2026-02-14T17:00:00.075000+00:00,0.00000625,0.00003186
2026-02-14T18:00:00.102000+00:00,-0.0000157911,-0.0005526577
2026-02-14T19:00:00.005000+00:00,-0.0000083922,-0.0004342751
2026-02-14T20:00:00.071000+00:00,-0.0000076466,-0.0004223456
2026-02-14T21:00:00.056000+00:00,-0.000002764,-0.0003442237
2026-02-14T22:00:00.045000+00:00,-0.0000025506,-0.0003408093
2026-02-14T23:00:00.022000+00:00,0.00000625,-0.0000270273
2026-02-15T00:00:00.102000+00:00,0.00000625,0.0000929696
2026-02-15T01:00:00.052000+00:00,0.00000625,0.0002474458
2026-02-15T02:00:00.088000+00:00,0.0000263347,0.0007213559
2026-02-15T03:00:00.093000+00:00,0.0000187007,0.0005992117
2026-02-15T04:00:00.058000+00:00,0.00000625,0.0003043335
2026-02-15T05:00:00.004000+00:00,0.00000625,-0.0000508255
2026-02-15T06:00:00.027000+00:00,0.00000625,-0.000137837
2026-02-15T07:00:00.020000+00:00,0.00000625,-0.0001849578
2026-02-15T08:00:00.027000+00:00,0.0000031628,-0.0002493944
2026-02-15T09:00:00.043000+00:00,0.0000052356,-0.0002162306
2026-02-15T10:00:00.001000+00:00,-0.0000014352,-0.0003229632
2026-02-15T11:00:00.015000+00:00,-0.0000050974,-0.000381558
2026-02-15T12:00:00.014000+00:00,-0.0000055789,-0.0003892625
2026-02-15T13:00:00.012000+00:00,-0.0000000812,-0.0003012996
2026-02-15T14:00:00.023000+00:00,0.00000625,-0.0000776805
2026-02-15T15:00:00.014000+00:00,0.00000625,0.0002609173
2026-02-15T16:00:00.083000+00:00,0.0000066045,0.0004056719
2026-02-15T17:00:00.027000+00:00,0.0000150886,0.0005414183
2026-02-15T18:00:00.006000+00:00,0.0000101661,0.0004626575
2026-02-15T19:00:00.023000+00:00,0.00000625,0.0002157714
2026-02-15T20:00:00.060000+00:00,0.00000625,0.0002751697
2026-02-15T21:00:00.008000+00:00,0.00000625,0.0001228216
2026-02-15T22:00:00.058000+00:00,0.00000625,-0.0000685874
2026-02-15T23:00:00.053000+00:00,0.00000625,0.0000817184
2026-02-16T00:00:00.071000+00:00,0.0000044191,-0.0002292939
2026-02-16T01:00:00.023000+00:00,0.00000625,0.0000885122
2026-02-16T02:00:00.070000+00:00,0.00000625,0.0001963178
2026-02-16T03:00:00.088000+00:00,0.00000625,0.0002615086
2026-02-16T04:00:00.033000+00:00,0.00000625,0.0003916374
2026-02-16T05:00:00.025000+00:00,0.0000067209,0.000407534
2026-02-16T06:00:00.006000+00:00,0.00000625,0.0003275725
2026-02-16T07:00:00.043000+00:00,0.00000625,0.0003610355
2026-02-16T08:00:00.025000+00:00,0.0000436518,0.0009984288
2026-02-16T09:00:00.002000+00:00,0.0000464866,0.0010437848
2026-02-16T10:00:00.026000+00:00,0.0000822839,0.001616543
2026-02-16T11:00:00+00:00,0.0000066297,0.0004060753
2026-02-16T12:00:00.075000+00:00,0.00000625,-0.0001075906
2026-02-16T13:00:00.013000+00:00,0.00000625,-0.000056503
2026-02-16T14:00:00.083000+00:00,0.00000625,0.000273147
2026-02-16T15:00:00.037000+00:00,-0.000004056,-0.0003648967
2026-02-16T16:00:00.099000+00:00,0.00000625,0.0003217264
2026-02-16T17:00:00.019000+00:00,-0.0000092893,-0.000448629
2026-02-16T18:00:00.138000+00:00,-0.0000390084,-0.0009241349
2026-02-16T19:00:00.072000+00:00,-0.0000552851,-0.0011845611
2026-02-16T20:00:00.001000+00:00,0.00000625,-0.0001749211
2026-02-16T21:00:00.070000+00:00,0.00000625,-0.0001692318
2026-02-16T22:00:00.043000+00:00,0.00000625,-0.0001332517
2026-02-16T23:00:00.088000+00:00,0.00000625,-0.0000638484
2026-02-17T00:00:00.063000+00:00,0.00000625,0.0002949012
2026-02-17T01:00:00.070000+00:00,0.000015432,0.0005469115
2026-02-17T02:00:00.032000+00:00,0.0000510316,0.0011165048
2026-02-17T03:00:00.021000+00:00,0.0000358783,0.0008740528
2026-02-17T04:00:00.061000+00:00,0.0000254857,0.0007077716
2026-02-17T05:00:00.038000+00:00,0.00000625,0.0003838721
2026-02-17T06:00:00.104000+00:00,0.00000625,0.0003438546
2026-02-17T07:00:00.044000+00:00,0.00000625,0.000384714
2026-02-17T08:00:00.015000+00:00,0.0000249906,0.0006998491
2026-02-17T09:00:00.082000+00:00,0.0000329644,0.00082743
2026-02-17T10:00:00.097000+00:00,0.0000250268,0.000700428
2026-02-17T11:00:00.042000+00:00,0.00000625,-0.0001192747
2026-02-17T12:00:00.044000+00:00,0.00000625,-0.0001110006
2026-02-17T13:00:00.044000+00:00,0.00000625,0.0001445688
2026-02-17T14:00:00.063000+00:00,0.000010657,0.0004705125
2026-02-17T15:00:00.062000+00:00,0.0000134413,0.0005150605
2026-02-17T16:00:00.071000+00:00,0.00000625,0.0002531365
2026-02-17T17:00:00.038000+00:00,0.00000625,0.00029988
2026-02-17T18:00:00.030000+00:00,0.00000625,0.0002344848
2026-02-17T19:00:00.003000+00:00,0.00000625,0.0002227904
2026-02-17T20:00:00.062000+00:00,0.00000625,0.0001982922
2026-02-17T21:00:00.058000+00:00,0.00000625,0.0001314621
2026-02-17T22:00:00.051000+00:00,0.00000625,0.0002889009
2026-02-17T23:00:00.070000+00:00,0.0000154307,0.0005468915
2026-02-18T00:00:00.021000+00:00,0.0000229246,0.0006667929
2026-02-18T01:00:00.085000+00:00,0.00000625,0.0003024248
2026-02-18T02:00:00.067000+00:00,0.0000170772,0.0005732349
2026-02-18T03:00:00.005000+00:00,0.0000063728,0.0004019641
2026-02-18T04:00:00.016000+00:00,0.0000081104,0.0004297662
2026-02-18T05:00:00.053000+00:00,0.0000359108,0.0008745722
2026-02-18T06:00:00.013000+00:00,0.0000242633,0.0006882128
2026-02-18T07:00:00.044000+00:00,0.0000370917,0.0008934668
2026-02-18T08:00:00.085000+00:00,0.0000413798,0.0009620761
2026-02-18T09:00:00.065000+00:00,0.0000147209,0.0005355351
2026-02-18T10:00:00.081000+00:00,0.0000167602,0.0005681636
2026-02-18T11:00:00.026000+00:00,0.0000164844,0.0005637502
2026-02-18T12:00:00.017000+00:00,0.0000154874,0.000547798
2026-02-18T13:00:00.034000+00:00,0.0000136223,0.0005179566
2026-02-18T14:00:00.046000+00:00,0.00000625,0.0003271534
2026-02-18T15:00:00.043000+00:00,0.00000625,0.0002548019
2026-02-18T16:00:00.046000+00:00,0.00000625,0.0003950882
2026-02-18T17:00:00.010000+00:00,0.000016235,0.0005597599
2026-02-18T18:00:00.003000+00:00,0.0000267201,0.0007275212
2026-02-18T19:00:00.072000+00:00,0.0000240554,0.0006848872
2026-02-18T20:00:00.039000+00:00,0.00000625,0.00033042
2026-02-18T21:00:00.040000+00:00,0.0000091101,0.0004457619
2026-02-18T22:00:00.035000+00:00,0.0000132478,0.0005119651
2026-02-18T23:00:00.022000+00:00,0.00000625,0.0001427548
2026-02-19T00:00:00.054000+00:00,0.00000625,0.0000958338
2026-02-19T01:00:00.073000+00:00,0.00000625,0.000107212
2026-02-19T02:00:00.079000+00:00,0.0000190544,0.0006048697
2026-02-19T03:00:00.021000+00:00,0.00000625,0.0002449272
2026-02-19T04:00:00.122000+00:00,0.00000625,0.0001408552
2026-02-19T05:00:00.058000+00:00,0.00000625,0.0000502205
2026-02-19T06:00:00.072000+00:00,0.00000625,0.0003667198
2026-02-19T07:00:00.126000+00:00,0.0000334776,0.0008356416
2026-02-19T08:00:00.040000+00:00,0.00000625,0.0003279166
2026-02-19T09:00:00.019000+00:00,0.00000625,0.000046889
2026-02-19T10:00:00.033000+00:00,0.00000625,0.0000193298
2026-02-19T11:00:00.010000+00:00,0.00000625,0.0000640114
2026-02-19T12:00:00.062000+00:00,0.00000625,0.0001281251
2026-02-19T13:00:00.017000+00:00,0.00000625,0.0002896073
2026-02-19T14:00:00.019000+00:00,0.00000625,0.0003965599
2026-02-19T15:00:00.067000+00:00,0.00000625,0.0002225503
2026-02-19T16:00:00.026000+00:00,0.00000625,0.000333905
2026-02-19T17:00:00.013000+00:00,0.00000625,0.0003223613
2026-02-19T18:00:00+00:00,0.00000625,0.0003699644
2026-02-19T19:00:00.043000+00:00,0.00000625,0.0003488972
2026-02-19T20:00:00.009000+00:00,0.00000625,0.0002828154
2026-02-19T21:00:00.023000+00:00,0.00000625,0.000265393
2026-02-19T22:00:00.022000+00:00,0.00000625,0.0001886877
2026-02-19T23:00:00.042000+00:00,0.00000625,0.0002896224
2026-02-20T00:00:00.035000+00:00,0.0000085888,0.00043742
2026-02-20T01:00:00.190000+00:00,0.000044153,0.0010064479
2026-02-20T02:00:00.054000+00:00,0.0000561746,0.0011987936
2026-02-20T03:00:00.118000+00:00,0.0000200974,0.0006215588
2026-02-20T04:00:00.085000+00:00,0.00000625,0.0002977954
2026-02-20T05:00:00.048000+00:00,0.00000625,0.0000871057
2026-02-20T06:00:00.033000+00:00,0.00000625,0.0002219437
2026-02-20T07:00:00.077000+00:00,0.00000625,0.0002926759
2026-02-20T08:00:00.069000+00:00,0.00000625,-0.0000685297
2026-02-20T09:00:00.018000+00:00,0.00000625,0.0002280749
2026-02-20T10:00:00.018000+00:00,0.00000625,0.0001021222
2026-02-20T11:00:00.029000+00:00,0.00000625,0.0001102663
2026-02-20T12:00:00.020000+00:00,0.00000625,0.0001302693
2026-02-20T13:00:00.001000+00:00,0.00000625,0.0001226186
2026-02-20T14:00:00.062000+00:00,0.00000625,0.0000902887
2026-02-20T15:00:00.013000+00:00,0.00000625,0.0001650796
2026-02-20T16:00:00.044000+00:00,0.00000625,0.0003471864
2026-02-20T17:00:00.002000+00:00,0.00000625,0.000282696
2026-02-20T18:00:00.056000+00:00,0.0000079137,0.0004266193
2026-02-20T19:00:00.125000+00:00,0.00000625,0.0003439558
2026-02-20T20:00:00.028000+00:00,0.00000625,0.0003333176
2026-02-20T21:00:00.083000+00:00,0.00000625,0.0003359282
2026-02-20T22:00:00.095000+00:00,0.00000625,0.0002850234
2026-02-20T23:00:00.033000+00:00,0.00000625,0.0003357715
2026-02-21T00:00:00.011000+00:00,0.0000166261,0.0005660179
2026-02-21T01:00:00.131000+00:00,0.0000359027,0.0008744425
2026-02-21T02:00:00.011000+00:00,0.0000365394,0.0008846298
2026-02-21T03:00:00.063000+00:00,0.0000139102,0.0005225635
2026-02-21T04:00:00.080000+00:00,0.0000118755,0.0004900086
2026-02-21T05:00:00.080000+00:00,0.0000200072,0.0006201159
2026-02-21T06:00:00.034000+00:00,0.00000625,0.000359712
2026-02-21T07:00:00.068000+00:00,0.0000112038,0.0004792613
2026-02-21T08:00:00.035000+00:00,0.0000328047,0.0008248744
2026-02-21T09:00:00.020000+00:00,0.0000120281,0.0004924496
2026-02-21T10:00:00.068000+00:00,0.00000625,0.0000884156
2026-02-21T11:00:00.028000+00:00,0.00000625,-0.0000476904
2026-02-21T12:00:00.071000+00:00,0.0000016546,-0.0002735271
2026-02-21T13:00:00.019000+00:00,0.00000625,-0.0000440587
2026-02-21T14:00:00+00:00,0.00000625,-0.0001557
2026-02-21T15:00:00.011000+00:00,0.00000625,-0.0001355346
2026-02-21T16:00:00.010000+00:00,0.00000625,0.0000470909
2026-02-21T17:00:00.060000+00:00,0.00000625,0.0000611329
2026-02-21T18:00:00.086000+00:00,0.00000625,-0.0000528798
2026-02-21T19:00:00.111000+00:00,0.0000002923,-0.0002953235
2026-02-21T20:00:00.048000+00:00,0.00000625,-0.0000628899
2026-02-21T21:00:00.024000+00:00,-0.0000294553,-0.0007712855
2026-02-21T22:00:00.037000+00:00,-0.000011011,-0.0004761768
2026-02-21T23:00:00.054000+00:00,-0.0000039121,-0.0003625943
2026-02-22T00:00:00.015000+00:00,0.00000625,-0.000122688
2026-02-22T01:00:00.084000+00:00,0.00000625,-0.000129833
2026-02-22T02:00:00.046000+00:00,0.00000625,-0.0001532287
2026-02-22T03:00:00.056000+00:00,0.00000625,-0.0001170602
2026-02-22T04:00:00.066000+00:00,0.00000625,-0.0000015329
2026-02-22T05:00:00.123000+00:00,0.00000625,-0.0001128656
2026-02-22T06:00:00.012000+00:00,0.00000625,-0.000135844
2026-02-22T07:00:00.039000+00:00,0.00000625,-0.0001735849
2026-02-22T08:00:00.009000+00:00,-0.0000134613,-0.0005153811
2026-02-22T09:00:00.017000+00:00,-0.0000161902,-0.0005590428
2026-02-22T10:00:00.091000+00:00,-0.0000135325,-0.0005165204
2026-02-22T11:00:00.056000+00:00,-0.0000120429,-0.000492687
2026-02-22T12:00:00.075000+00:00,-0.0000130979,-0.0005095662
2026-02-22T13:00:00.038000+00:00,-0.0000156804,-0.0005508862
2026-02-22T14:00:00.048000+00:00,-0.000013205,-0.0005112807
2026-02-22T15:00:00.114000+00:00,-0.0000206384,-0.0006302137
2026-02-22T16:00:00.015000+00:00,-0.0000075072,-0.0004201157
2026-02-22T17:00:00.036000+00:00,-0.0000086099,-0.000437758
2026-02-22T18:00:00.075000+00:00,0.0000019811,-0.0002683026
2026-02-22T19:00:00.006000+00:00,0.0000007335,-0.0002882643
2026-02-22T20:00:00.029000+00:00,0.00000625,0.0000813626
2026-02-22T21:00:00+00:00,0.00000625,0.0001332647
2026-02-22T22:00:00.023000+00:00,0.00000625,0.000179737
2026-02-22T23:00:00.093000+00:00,0.00000625,0.0001672144
2026-02-23T00:00:00.016000+00:00,-0.0000370302,-0.0008924828
2026-02-23T01:00:00.004000+00:00,-0.0000487571,-0.0010801142
2026-02-23T02:00:00.025000+00:00,0.0000210502,0.0006368035
2026-02-23T03:00:00.025000+00:00,0.00000625,0.0003874361
2026-02-23T04:00:00.028000+00:00,0.0000110868,0.0004773895
2026-02-23T05:00:00.010000+00:00,0.0000196368,0.0006141889
2026-02-23T06:00:00.078000+00:00,0.0000120876,0.000493401
2026-02-23T07:00:00.058000+00:00,0.0000139229,0.0005227656
2026-02-23T08:00:00.004000+00:00,0.0000230425,0.0006686792
2026-02-23T09:00:00.103000+00:00,0.0000105818,0.0004693081
2026-02-23T10:00:00.012000+00:00,0.00000625,0.0001390812
2026-02-23T11:00:00.010000+00:00,0.00000625,0.0003407779
2026-02-23T12:00:00.004000+00:00,0.0000100127,0.0004602038
2026-02-23T13:00:00.080000+00:00,0.00000625,0.0003785468
2026-02-23T14:00:00.028000+00:00,0.00000625,0.0003757577
2026-02-23T15:00:00.059000+00:00,0.0000115613,0.0004849811
2026-02-23T16:00:00.045000+00:00,0.00000625,0.0002715491
2026-02-23T17:00:00.042000+00:00,0.00000625,-0.0000277241
2026-02-23T18:00:00.076000+00:00,0.00000625,-0.0000751168
2026-02-23T19:00:00.053000+00:00,0.00000625,-0.0001447415
2026-02-23T20:00:00.017000+00:00,0.00000625,-0.0001005319
2026-02-23T21:00:00.054000+00:00,0.00000625,-0.000066127
2026-02-23T22:00:00.029000+00:00,0.00000625,0.0000319796
2026-02-23T23:00:00.037000+00:00,0.00000625,0.0001208886
2026-02-24T00:00:00.048000+00:00,0.0000090782,0.0004452518
2026-02-24T01:00:00.134000+00:00,0.00000625,0.0003882215
2026-02-24T02:00:00.050000+00:00,0.00000625,0.0000753013
2026-02-24T03:00:00.046000+00:00,0.00000625,0.0001395789
2026-02-24T04:00:00.015000+00:00,0.00000625,0.0001122001
2026-02-24T05:00:00.026000+00:00,0.0000149354,0.0005389659
2026-02-24T06:00:00.085000+00:00,0.00000625,-0.000192303
2026-02-24T07:00:00.076000+00:00,0.00000625,0.0000268917
2026-02-24T08:00:00.022000+00:00,0.00000625,0.0003921142
2026-02-24T09:00:00.048000+00:00,0.0000064248,0.0004027976
2026-02-24T10:00:00.044000+00:00,0.00000625,0.0002626396
2026-02-24T11:00:00.020000+00:00,0.0000144874,0.0005317977
2026-02-24T12:00:00.025000+00:00,0.00000625,0.0002717715
2026-02-24T13:00:00.047000+00:00,0.00000625,0.0001769968
2026-02-24T14:00:00.060000+00:00,0.00000625,0.0002102281
2026-02-24T15:00:00.057000+00:00,0.00000625,0.0002772087
2026-02-24T16:00:00.005000+00:00,0.00000625,0.0001421513
2026-02-24T17:00:00.049000+00:00,0.00000625,0.0001769647
2026-02-24T18:00:00.022000+00:00,0.00000625,0.0001322869
2026-02-24T19:00:00.066000+00:00,0.00000625,0.0001391464
2026-02-24T20:00:00.026000+00:00,0.00000625,0.0001774676
2026-02-24T21:00:00.002000+00:00,0.00000625,0.0001991992
2026-02-24T22:00:00.030000+00:00,0.00000625,0.000066217
2026-02-24T23:00:00.078000+00:00,0.00000625,0.0001047151
2026-02-25T00:00:00.014000+00:00,0.00000625,-0.0001419263
2026-02-25T01:00:00.032000+00:00,0.00000625,0.0000217414
2026-02-25T02:00:00.039000+00:00,0.00000625,0.0000256391
2026-02-25T03:00:00.030000+00:00,0.00000625,0.0001529782
2026-02-25T04:00:00.056000+00:00,0.00000625,-0.000115151
2026-02-25T05:00:00.028000+00:00,0.00000625,0.0003675963
2026-02-25T06:00:00.061000+00:00,0.00000625,0.0002544547
2026-02-25T07:00:00+00:00,0.0000097264,0.0004556224
2026-02-25T08:00:00.037000+00:00,0.0000129041,0.0005064658
2026-02-25T09:00:00.060000+00:00,0.00000625,0.0001479337
2026-02-25T10:00:00.029000+00:00,0.00000625,-0.0000071152
2026-02-25T11:00:00.055000+00:00,0.00000625,0.0001819967
2026-02-25T12:00:00.008000+00:00,0.00000625,0.0000897672
2026-02-25T13:00:00.008000+00:00,0.00000625,0.0001703783
2026-02-25T14:00:00.023000+00:00,0.00000625,0.0002687877
2026-02-25T15:00:00.051000+00:00,0.00000625,0.0003136287
2026-02-25T16:00:00.012000+00:00,0.00000625,0.0001084491
2026-02-25T17:00:00.075000+00:00,0.00000625,0.0001150614
2026-02-25T18:00:00.088000+00:00,0.00000625,0.0001454718
2026-02-25T19:00:00.128000+00:00,0.00000625,0.0001166506
2026-02-25T20:00:00.055000+00:00,0.00000625,0.0001920695
2026-02-25T21:00:00.015000+00:00,0.00000625,0.0002687705
2026-02-25T22:00:00+00:00,0.00000625,0.0001722863
2026-02-25T23:00:00.045000+00:00,0.00000625,0.0003127536
2026-02-26T00:00:00.036000+00:00,0.000019255,0.0006080803
2026-02-26T01:00:00.091000+00:00,0.00000625,0.0003341892
2026-02-26T02:00:00.018000+00:00,0.0000157116,0.0005513857
2026-02-26T03:00:00.060000+00:00,0.00000625,0.0003285373
2026-02-26T04:00:00.013000+00:00,0.00000625,0.0003110904
2026-02-26T05:00:00.058000+00:00,0.00000625,0.0003263909
2026-02-26T06:00:00.099000+00:00,0.00000625,0.000279911
2026-02-26T07:00:00.021000+00:00,0.0000107472,0.000471955
2026-02-26T08:00:00.072000+00:00,0.0000268122,0.0007289947
2026-02-26T09:00:00.076000+00:00,0.0000242465,0.000687944
2026-02-26T10:00:00.108000+00:00,0.000009995,0.00045992
2026-02-26T11:00:00.073000+00:00,0.00000625,0.0001625707
2026-02-26T12:00:00.041000+00:00,0.00000625,0.0001870301
2026-02-26T13:00:00.051000+00:00,0.00000625,0.0000293427
2026-02-26T14:00:00.019000+00:00,0.00000625,0.0000600725
2026-02-26T15:00:00.033000+00:00,0.00000625,0.0000602855
2026-02-26T16:00:00.028000+00:00,0.00000625,0.0001418686
2026-02-26T17:00:00.027000+00:00,0.00000625,0.0002035502
2026-02-26T18:00:00.023000+00:00,0.00000625,0.0002318203
2026-02-26T19:00:00.009000+00:00,0.00000625,0.0001567936
2026-02-26T20:00:00.035000+00:00,0.00000625,0.0001927222
2026-02-26T21:00:00.019000+00:00,0.00000625,0.0001093361
2026-02-26T22:00:00.019000+00:00,0.00000625,0.0002997378
2026-02-26T23:00:00.054000+00:00,0.00000625,0.0001601678
2026-02-27T00:00:00.001000+00:00,0.00000625,0.0000773166
2026-02-27T01:00:00.078000+00:00,0.00000625,-0.0000131193
2026-02-27T02:00:00.016000+00:00,0.00000625,0.0001806157
2026-02-27T03:00:00.116000+00:00,0.00000625,0.0001880163
2026-02-27T04:00:00.057000+00:00,0.0000092934,0.0004486948
2026-02-27T05:00:00.058000+00:00,0.00000625,0.0001141616
2026-02-27T06:00:00.053000+00:00,0.00000625,0.0001847694
2026-02-27T07:00:00.067000+00:00,0.0000251418,0.0007022684
2026-02-27T08:00:00.017000+00:00,0.0000332569,0.0008321105
2026-02-27T09:00:00.026000+00:00,0.00000625,0.0002288537
2026-02-27T10:00:00.074000+00:00,0.00000625,0.0002897055
2026-02-27T11:00:00.078000+00:00,0.00000625,-0.0001920223
2026-02-27T12:00:00.028000+00:00,0.00000625,-0.0000909685
2026-02-27T13:00:00.020000+00:00,-0.0000081864,-0.0004309827
2026-02-27T14:00:00.036000+00:00,0.00000625,-0.0000019457
2026-02-27T15:00:00.054000+00:00,0.00000625,0.0000280068
2026-02-27T16:00:00.132000+00:00,0.00000625,0.0000845266
2026-02-27T17:00:00.041000+00:00,0.00000625,0.0002282747
2026-02-27T18:00:00.037000+00:00,0.00000625,0.0001470016
2026-02-27T19:00:00.012000+00:00,0.00000625,0.0001677996
2026-02-27T20:00:00.028000+00:00,0.00000625,0.0001182041
2026-02-27T21:00:00.037000+00:00,0.00000625,0.0001660256
2026-02-27T22:00:00.023000+00:00,0.00000625,0.0000885876
2026-02-27T23:00:00.014000+00:00,0.00000625,-0.0000842083
2026-02-28T00:00:00.086000+00:00,0.0000034634,-0.0002445851
2026-02-28T01:00:00.090000+00:00,0.00000625,0.0000528636
2026-02-28T02:00:00.058000+00:00,0.00000625,0.0003228891
2026-02-28T03:00:00.012000+00:00,0.00000625,-0.000009399
2026-02-28T04:00:00.088000+00:00,-0.0000003535,-0.0003056563
2026-02-28T05:00:00.063000+00:00,-0.0000073083,-0.000416933
2026-02-28T06:00:00.065000+00:00,-0.0000114002,-0.0004824026
2026-02-28T07:00:00.026000+00:00,0.00000625,-0.000123062
2026-02-28T08:00:00.028000+00:00,-0.0000221827,-0.0006549224
2026-02-28T09:00:00.012000+00:00,-0.0000506083,-0.001109733
2026-02-28T10:00:00.008000+00:00,-0.0000719114,-0.0014505829
2026-02-28T11:00:00.008000+00:00,-0.0000727503,-0.0014640041
2026-02-28T12:00:00.032000+00:00,-0.0000562458,-0.0011999333
2026-02-28T13:00:00.035000+00:00,-0.0000366037,-0.0008856594
2026-02-28T14:00:00.033000+00:00,-0.0000317075,-0.0008073197
2026-02-28T15:00:00.021000+00:00,-0.0000535845,-0.0011573519
2026-02-28T16:00:00.041000+00:00,-0.0000086342,-0.0004381476
2026-02-28T17:00:00.025000+00:00,-0.0000178328,-0.0005853241
2026-02-28T18:00:00.015000+00:00,-0.0000138912,-0.0005222587
2026-02-28T19:00:00.074000+00:00,0.00000625,-0.0001898946
2026-02-28T20:00:00.039000+00:00,-0.0000306065,-0.0007897032
2026-02-28T21:00:00.041000+00:00,0.0001201091,0.0022217452
2026-02-28T22:00:00.035000+00:00,0.0000954323,0.0018269162
2026-02-28T23:00:00.066000+00:00,0.0001096654,0.0020546466
2026-03-01T00:00:00.168000+00:00,0.0000806835,0.0015909363
2026-03-01T01:00:00.024000+00:00,0.0000353114,0.0008649827
2026-03-01T02:00:00.052000+00:00,0.00000625,0.0003977554
2026-03-01T03:00:00.074000+00:00,0.00000625,0.0003262697
2026-03-01T04:00:00.034000+00:00,0.0000114488,0.0004831814
2026-03-01T05:00:00.052000+00:00,0.00000625,0.0001227753
2026-03-01T06:00:00.071000+00:00,0.00000625,0.0000931869
2026-03-01T07:00:00.018000+00:00,0.00000625,0.0001391259
2026-03-01T08:00:00.093000+00:00,0.00000625,-0.000174021
2026-03-01T09:00:00.017000+00:00,0.00000625,-0.0000248458
2026-03-01T10:00:00.018000+00:00,0.0000048801,-0.0002219189
2026-03-01T11:00:00.017000+00:00,-0.0000106437,-0.0004702989
2026-03-01T12:00:00.039000+00:00,-0.0000063834,-0.0004021337
2026-03-01T13:00:00.054000+00:00,0.0000060885,-0.0002025836
2026-03-01T14:00:00.029000+00:00,0.00000625,0.0000156004
2026-03-01T15:00:00.027000+00:00,0.00000625,0.0000177733
2026-03-01T16:00:00.018000+00:00,0.0000023654,-0.0002621537
2026-03-01T17:00:00.120000+00:00,-0.0000264826,-0.0007237218
2026-03-01T18:00:00.070000+00:00,-0.0000274322,-0.0007389155
2026-03-01T19:00:00.062000+00:00,-0.0000240825,-0.0006853194
2026-03-01T20:00:00.026000+00:00,-0.0000392415,-0.0009278633
2026-03-01T21:00:00.065000+00:00,-0.0000510285,-0.0011164561
2026-03-01T22:00:00.085000+00:00,-0.0001020044,-0.0019320708
2026-03-01T23:00:00.005000+00:00,-0.0002041308,-0.0035660921
2026-03-02T00:00:00.044000+00:00,-0.0000226891,-0.0006630263
2026-03-02T01:00:00.048000+00:00,0.0000363588,0.0008817411
2026-03-02T02:00:00.044000+00:00,-0.0000120459,-0.0004927348
2026-03-02T03:00:00.063000+00:00,0.00000625,-0.0000745088
2026-03-02T04:00:00.048000+00:00,0.0000191226,0.0006059621
2026-03-02T05:00:00.071000+00:00,0.0000304555,0.0007872879
2026-03-02T06:00:00.062000+00:00,0.000031759,0.0008081436
2026-03-02T07:00:00.054000+00:00,0.0000251161,0.0007018578
2026-03-02T08:00:00.003000+00:00,0.00000625,0.000345278
2026-03-02T09:00:00.091000+00:00,0.0000199626,0.0006194023
2026-03-02T10:00:00.007000+00:00,0.00000625,0.000073319
2026-03-02T11:00:00.019000+00:00,0.0000072283,0.0004156534
2026-03-02T12:00:00.016000+00:00,0.0000202324,0.0006237188
2026-03-02T13:00:00.034000+00:00,0.00000625,0.0002635666
2026-03-02T14:00:00.035000+00:00,0.00000625,0.0002745965
2026-03-02T15:00:00.070000+00:00,0.00000625,0.0002653268
2026-03-02T16:00:00.053000+00:00,0.00000625,0.0001910235
2026-03-02T17:00:00.086000+00:00,0.0000131548,0.000510477
2026-03-02T18:00:00.025000+00:00,0.0000186923,0.0005990764
2026-03-02T19:00:00.044000+00:00,0.0000142731,0.0005283693
2026-03-02T20:00:00.120000+00:00,0.00000625,0.0003780534
2026-03-02T21:00:00.038000+00:00,0.00000625,0.0001754872
2026-03-02T22:00:00.033000+00:00,0.00000625,0.0001253094
2026-03-02T23:00:00.068000+00:00,0.00000625,-0.0000110865
2026-03-03T00:00:00.062000+00:00,0.00000625,0.000067259
2026-03-03T01:00:00.052000+00:00,0.00000625,0.0000277558
2026-03-03T02:00:00.011000+00:00,0.00000625,0.000390198
2026-03-03T03:00:00.058000+00:00,0.00000625,0.0003143653
2026-03-03T04:00:00.010000+00:00,0.00000625,0.000282821
2026-03-03T05:00:00.074000+00:00,0.00000625,0.0002581669
2026-03-03T06:00:00.050000+00:00,0.00000625,0.0003029566
2026-03-03T07:00:00.069000+00:00,0.00000625,-0.0000099103
2026-03-03T08:00:00.009000+00:00,-0.0000068202,-0.0004091231
2026-03-03T09:00:00.114000+00:00,0.00000625,-0.0001740749
2026-03-03T10:00:00.046000+00:00,0.00000625,0.0000165267
2026-03-03T11:00:00.006000+00:00,0.00000625,0.0001028487
2026-03-03T12:00:00.013000+00:00,0.00000625,0.0000944631
2026-03-03T13:00:00.012000+00:00,0.00000625,0.0003425942
2026-03-03T14:00:00.039000+00:00,0.00000625,0.0003258812
2026-03-03T15:00:00.007000+00:00,0.00000625,0.0002014193
2026-03-03T16:00:00.004000+00:00,0.00000625,0.0000945803
2026-03-03T17:00:00.041000+00:00,0.00000625,0.000151097
2026-03-03T18:00:00.015000+00:00,0.00000625,0.0002859431
2026-03-03T19:00:00.049000+00:00,0.00000625,0.0002551082
2026-03-03T20:00:00.007000+00:00,0.00000625,0.0001440454
2026-03-03T21:00:00.014000+00:00,0.00000625,0.0002609609
2026-03-03T22:00:00.070000+00:00,0.00000625,0.0000732236
2026-03-03T23:00:00.016000+00:00,0.00000625,-0.0000205616
2026-03-04T00:00:00.034000+00:00,0.00000625,0.0000809838
2026-03-04T01:00:00.049000+00:00,0.00000625,0.0000721314
2026-03-04T02:00:00.060000+00:00,0.0000150047,0.0005400745
2026-03-04T03:00:00.052000+00:00,0.0000100933,0.0004614921
2026-03-04T04:00:00.001000+00:00,0.00000625,0.0003861293
2026-03-04T05:00:00.064000+00:00,0.0000135791,0.0005172649
2026-03-04T06:00:00.079000+00:00,0.00000625,0.0001209961
2026-03-04T07:00:00.095000+00:00,0.00000625,0.0000661043
2026-03-04T08:00:00.047000+00:00,0.0000112972,0.0004807546
2026-03-04T09:00:00.010000+00:00,0.0000156584,0.0005505344
2026-03-04T10:00:00.069000+00:00,0.0000020337,-0.0002674612
2026-03-04T11:00:00.024000+00:00,0.00000625,-0.0001398206
2026-03-04T12:00:00.133000+00:00,0.000002444,-0.000260896
2026-03-04T13:00:00.019000+00:00,0.00000625,-0.0000469888
2026-03-04T14:00:00.036000+00:00,0.00000625,0.0001235665
2026-03-04T15:00:00.023000+00:00,0.00000625,0.0002890242
2026-03-04T16:00:00.011000+00:00,0.00000625,0.0002558212
2026-03-04T17:00:00.095000+00:00,0.00000625,0.0003628435
2026-03-04T18:00:00.092000+00:00,0.00000625,0.0002598751
2026-03-04T19:00:00.093000+00:00,0.00000625,0.0003045579
2026-03-04T20:00:00.047000+00:00,0.00000625,0.0001101791
2026-03-04T21:00:00.048000+00:00,0.00000625,0.0000960853
2026-03-04T22:00:00.024000+00:00,0.00000625,0.0001956478
2026-03-04T23:00:00.045000+00:00,0.00000625,0.0000913093
2026-03-05T00:00:00.022000+00:00,0.00000625,0.0001775052
2026-03-05T01:00:00.018000+00:00,0.0000070658,0.0004130532
2026-03-05T02:00:00.139000+00:00,0.00000625,0.0000565635
2026-03-05T03:00:00.019000+00:00,0.0000271679,0.0007346868
2026-03-05T04:00:00.027000+00:00,0.0000295008,0.0007720125
2026-03-05T05:00:00.001000+00:00,0.0000336401,0.0008382414
2026-03-05T06:00:00.037000+00:00,0.0000189611,0.0006033777
2026-03-05T07:00:00.091000+00:00,0.0000296283,0.0007740531
2026-03-05T08:00:00.033000+00:00,0.0000127147,0.0005034356
2026-03-05T09:00:00.063000+00:00,0.0000074173,0.0004186771
2026-03-05T10:00:00.091000+00:00,0.00000625,0.0002953856
2026-03-05T11:00:00.017000+00:00,0.00000625,0.0003221578
2026-03-05T12:00:00.003000+00:00,0.00000625,0.0003260842
2026-03-05T13:00:00.009000+00:00,0.00000625,0.0002963427
2026-03-05T14:00:00.024000+00:00,0.00000625,0.0002197524
2026-03-05T15:00:00.039000+00:00,0.00000625,0.0002775492
2026-03-05T16:00:00.034000+00:00,0.00000625,0.0002224214
2026-03-05T17:00:00.083000+00:00,0.00000625,0.0002736084
2026-03-05T18:00:00.048000+00:00,0.00000625,0.0002670686
2026-03-05T19:00:00.052000+00:00,0.00000625,0.0003359557
2026-03-05T20:00:00.073000+00:00,0.00000625,0.0003311901
2026-03-05T21:00:00.042000+00:00,0.00000625,0.0003372824
2026-03-05T22:00:00.028000+00:00,0.00000625,0.0002116712
2026-03-05T23:00:00.029000+00:00,0.00000625,0.0001500448
2026-03-06T00:00:00.030000+00:00,0.00000625,0.0001030055
2026-03-06T01:00:00.082000+00:00,0.00000625,0.0003148946
2026-03-06T02:00:00.006000+00:00,0.0000133247,0.0005131957
2026-03-06T03:00:00.079000+00:00,0.0000068567,0.0004097064
2026-03-06T04:00:00.026000+00:00,0.0000109114,0.0004745828
2026-03-06T05:00:00.112000+00:00,0.00000625,0.0002762031
2026-03-06T06:00:00.019000+00:00,0.0000114492,0.0004831868
2026-03-06T07:00:00.028000+00:00,0.00000625,0.0002224435
2026-03-06T08:00:00.021000+00:00,0.0000142604,0.0005281659
2026-03-06T09:00:00.022000+00:00,0.0000207797,0.0006324758
2026-03-06T10:00:00.031000+00:00,0.0000277804,0.0007444859
2026-03-06T11:00:00.036000+00:00,0.0000119015,0.0004904239
2026-03-06T12:00:00.052000+00:00,0.0000170099,0.0005721583
2026-03-06T13:00:00.052000+00:00,0.0000178781,0.0005860495
2026-03-06T14:00:00.033000+00:00,0.00000625,0.0003989008
2026-03-06T15:00:00.037000+00:00,0.00000625,0.0002905008
2026-03-06T16:00:00.062000+00:00,0.00000625,0.000157393
2026-03-06T17:00:00.089000+00:00,0.00000625,0.0002885682
2026-03-06T18:00:00.056000+00:00,0.00000625,0.0003251262
2026-03-06T19:00:00.066000+00:00,0.00000625,0.0003676644
2026-03-06T20:00:00.046000+00:00,0.00000625,0.0003799583
2026-03-06T21:00:00.021000+00:00,0.00000625,0.0003520587
2026-03-06T22:00:00.046000+00:00,0.0000063382,0.0004014115
2026-03-06T23:00:00.092000+00:00,0.0000211106,0.0006377692
2026-03-07T00:00:00.061000+00:00,0.0000098909,0.0004582547
2026-03-07T01:00:00.027000+00:00,0.00000625,0.0002827932
2026-03-07T02:00:00.050000+00:00,0.00000625,-0.000167498
2026-03-07T03:00:00.045000+00:00,0.0000339862,0.0008437787
2026-03-07T04:00:00.014000+00:00,-0.0001408969,-0.0025543503
2026-03-07T05:00:00.052000+00:00,-0.0000822601,-0.0016161623
2026-03-07T06:00:00.070000+00:00,-0.0000625068,-0.0013001087
2026-03-07T07:00:00.068000+00:00,-0.0001110343,-0.0020765492
2026-03-07T08:00:00.015000+00:00,-0.000054776,-0.0011764158
2026-03-07T09:00:00.005000+00:00,0.0000051541,-0.0002175344
2026-03-07T10:00:00.014000+00:00,0.00000625,0.0003559958
2026-03-07T11:00:00.002000+00:00,0.0000125408,0.0005006526
2026-03-07T12:00:00.031000+00:00,0.0000278226,0.0007451613
2026-03-07T13:00:00.033000+00:00,0.0000367605,0.0008881679
2026-03-07T14:00:00.084000+00:00,0.0000299808,0.0007796923
2026-03-07T15:00:00.012000+00:00,0.0000102811,0.0004644983
2026-03-07T16:00:00.014000+00:00,0.0000207253,0.000631605
2026-03-07T17:00:00.077000+00:00,0.0000158545,0.0005536714
2026-03-07T18:00:00.110000+00:00,-0.0000258246,-0.0007131942
2026-03-07T19:00:00.003000+00:00,-0.0000305272,-0.0007884359
2026-03-07T20:00:00.010000+00:00,-0.0000244668,-0.000691468
2026-03-07T21:00:00.135000+00:00,0.00000625,0.0003548769
2026-03-07T22:00:00.082000+00:00,0.0000570098,0.0012121566
2026-03-07T23:00:00.068000+00:00,0.000057746,0.0012239365
2026-03-08T00:00:00.002000+00:00,0.000025396,0.0007063364
2026-03-08T01:00:00.030000+00:00,0.0000046047,-0.0002263249
2026-03-08T02:00:00.003000+00:00,0.00000625,0.0003686204
2026-03-08T03:00:00.042000+00:00,0.0000150774,0.0005412386
2026-03-08T04:00:00.001000+00:00,0.0000092501,0.0004480023
2026-03-08T05:00:00.024000+00:00,0.0000249838,0.0006997414
2026-03-08T06:00:00.045000+00:00,0.000026002,0.0007160316
2026-03-08T07:00:00.036000+00:00,0.0000072593,0.0004161489
2026-03-08T08:00:00.041000+00:00,0.0000240291,0.0006844661
2026-03-08T09:00:00.029000+00:00,0.00000625,0.0002960572
2026-03-08T10:00:00.035000+00:00,0.00000625,0.0000779042
2026-03-08T11:00:00.036000+00:00,0.00000625,0.000389849
2026-03-08T12:00:00.021000+00:00,0.0000165217,0.0005643465
2026-03-08T13:00:00.049000+00:00,0.00000625,0.0003491689
2026-03-08T14:00:00.061000+00:00,0.00000625,0.0003441782
2026-03-08T15:00:00.088000+00:00,0.00000625,0.0002007124
2026-03-08T16:00:00.024000+00:00,0.0000195563,0.0006129009
2026-03-08T17:00:00.018000+00:00,0.0000103427,0.0004654835
2026-03-08T18:00:00.004000+00:00,0.00000625,0.0002343083
2026-03-08T19:00:00+00:00,0.00000625,0.0003144319
2026-03-08T20:00:00.074000+00:00,0.00000625,0.0003466915
2026-03-08T21:00:00.003000+00:00,0.0000153994,0.0005463902
2026-03-08T22:00:00.038000+00:00,0.00000625,-0.0000483131
2026-03-08T23:00:00.057000+00:00,-0.0002271824,-0.0039349185
2026-03-09T00:00:00.091000+00:00,-0.0002941257,-0.005006012
2026-03-09T01:00:00.052000+00:00,0.00000625,0.0001930612
2026-03-09T02:00:00.016000+00:00,0.00000625,0.0002431659
2026-03-09T03:00:00.012000+00:00,0.0000147271,0.0005356338
2026-03-09T04:00:00.030000+00:00,0.0000247918,0.0006966693
2026-03-09T05:00:00.088000+00:00,0.0000189085,0.0006025367
2026-03-09T06:00:00.070000+00:00,0.0000179123,0.0005865973
2026-03-09T07:00:00.026000+00:00,0.0000119177,0.0004906831
2026-03-09T08:00:00.094000+00:00,0.00000625,0.0000388146
2026-03-09T09:00:00.114000+00:00,0.00000625,-0.0000117305
2026-03-09T10:00:00.108000+00:00,0.00000625,-0.0001005604
2026-03-09T11:00:00.050000+00:00,0.00000625,0.0001038416
2026-03-09T12:00:00.051000+00:00,0.00000625,0.0002410928
2026-03-09T13:00:00.073000+00:00,0.00000625,0.0000186119
2026-03-09T14:00:00.061000+00:00,0.00000625,0.0000266526
2026-03-09T15:00:00.084000+00:00,0.00000625,0.0001201131
2026-03-09T16:00:00.075000+00:00,0.00000625,0.0001169759
2026-03-09T17:00:00.049000+00:00,0.00000625,0.000359859
2026-03-09T18:00:00.036000+00:00,0.00000625,0.0002721781
2026-03-09T19:00:00.053000+00:00,0.00000625,0.0001141644
2026-03-09T20:00:00.002000+00:00,0.00000625,0.0002227977
2026-03-09T21:00:00.074000+00:00,0.00000625,0.0002344005
2026-03-09T22:00:00.010000+00:00,0.00000625,0.0003895958
2026-03-09T23:00:00.038000+00:00,0.00000625,0.000280412
2026-03-10T00:00:00.042000+00:00,0.00000625,0.0003368229
2026-03-10T01:00:00.084000+00:00,0.0000285914,0.0007574627
2026-03-10T02:00:00.013000+00:00,0.0000133237,0.0005131793
2026-03-10T03:00:00.052000+00:00,0.0000266077,0.0007257225
2026-03-10T04:00:00.041000+00:00,0.0000236359,0.0006781737
2026-03-10T05:00:00.054000+00:00,0.00000625,0.0002058441
2026-03-10T06:00:00.137000+00:00,0.0000089868,0.0004437888
2026-03-10T07:00:00.065000+00:00,0.0000161995,0.0005591926
2026-03-10T08:00:00.052000+00:00,0.0000174376,0.0005790022
2026-03-10T09:00:00.017000+00:00,0.00000625,0.0003449037
2026-03-10T10:00:00.060000+00:00,0.0000119382,0.0004910108
2026-03-10T11:00:00.011000+00:00,0.00000625,0.0002910002
2026-03-10T12:00:00.038000+00:00,0.00000625,0.0003535783
2026-03-10T13:00:00.061000+00:00,0.00000625,0.0003162492
2026-03-10T14:00:00.027000+00:00,0.00000625,0.0001700287
2026-03-10T15:00:00.083000+00:00,0.00000625,0.000176453
2026-03-10T16:00:00.045000+00:00,0.00000625,0.0001493561
2026-03-10T17:00:00.004000+00:00,0.00000625,0.000155177
2026-03-10T18:00:00.018000+00:00,0.00000625,0.0001708693
2026-03-10T19:00:00.049000+00:00,0.00000625,0.0001636844
2026-03-10T20:00:00.050000+00:00,0.00000625,0.0002134752
2026-03-10T21:00:00.058000+00:00,0.00000625,0.0003310121
2026-03-10T22:00:00.068000+00:00,0.00000625,0.0003031379
2026-03-10T23:00:00.061000+00:00,0.0000068829,0.0004101269
2026-03-11T00:00:00.088000+00:00,0.00000625,0.0001545986
2026-03-11T01:00:00.002000+00:00,0.00000625,-0.0000131329
2026-03-11T02:00:00.098000+00:00,0.00000625,-0.0000296399
2026-03-11T03:00:00.016000+00:00,0.00000625,-0.000033831
2026-03-11T04:00:00.038000+00:00,0.00000625,0.0000231125
2026-03-11T05:00:00.075000+00:00,0.00000625,-0.000145202
2026-03-11T06:00:00.135000+00:00,0.00000625,-0.0000352432
2026-03-11T07:00:00.014000+00:00,0.00000625,-0.0000689631
2026-03-11T08:00:00.056000+00:00,0.00000625,-0.0001657745
2026-03-11T09:00:00.082000+00:00,0.0000008306,-0.00028671
2026-03-11T10:00:00.084000+00:00,0.00000625,-0.0000051273
2026-03-11T11:00:00.001000+00:00,0.00000625,0.0000736446
2026-03-11T12:00:00.013000+00:00,0.00000625,0.0001493156
2026-03-11T13:00:00.063000+00:00,0.00000625,0.0002936606
2026-03-11T14:00:00.004000+00:00,0.00000625,0.0002177508
2026-03-11T15:00:00.051000+00:00,0.00000625,0.0001607584
2026-03-11T16:00:00.065000+00:00,0.00000625,0.000114863
2026-03-11T17:00:00.068000+00:00,0.00000625,0.0002631103
2026-03-11T18:00:00.102000+00:00,0.00000625,0.0003627137
2026-03-11T19:00:00.082000+00:00,0.00000625,0.0003661507
2026-03-11T20:00:00.026000+00:00,0.00000625,0.0003770764
2026-03-11T21:00:00.008000+00:00,0.0000062549,0.000400079
2026-03-11T22:00:00.035000+00:00,0.000019997,0.0006199521
2026-03-11T23:00:00.069000+00:00,0.0000219875,0.0006518003
2026-03-12T00:00:00.084000+00:00,0.0000179718,0.0005875494
2026-03-12T01:00:00.006000+00:00,0.0000153101,0.0005449613
2026-03-12T02:00:00.080000+00:00,0.0000333761,0.0008340172
2026-03-12T03:00:00.036000+00:00,0.0000187507,0.0006000117
2026-03-12T04:00:00.065000+00:00,0.0000273558,0.0007376922
2026-03-12T05:00:00.094000+00:00,0.0000278122,0.0007449946
2026-03-12T06:00:00.108000+00:00,0.0000132915,0.0005126635
2026-03-12T07:00:00.046000+00:00,0.00000625,0.0002359539
2026-03-12T08:00:00.068000+00:00,0.00000625,0.0003492124
2026-03-12T09:00:00.063000+00:00,0.0000259559,0.0007152939
2026-03-12T10:00:00.013000+00:00,0.0000175012,0.0005800195
2026-03-12T11:00:00.017000+00:00,0.00000625,0.0003718705
2026-03-12T12:00:00.106000+00:00,0.0000074672,0.0004194756
2026-03-12T13:00:00.062000+00:00,0.0000142228,0.0005275651
2026-03-12T14:00:00.110000+00:00,0.00000625,0.000317375
2026-03-12T15:00:00.024000+00:00,0.00000625,0.0001436572
2026-03-12T16:00:00.064000+00:00,0.00000625,0.000189323
2026-03-12T17:00:00.004000+00:00,0.00000625,0.0001640874
2026-03-12T18:00:00.004000+00:00,0.00000625,0.0001741723
2026-03-12T19:00:00.025000+00:00,0.00000625,0.0002208091
2026-03-12T20:00:00.165000+00:00,0.00000625,0.0002466018
2026-03-12T21:00:00.073000+00:00,0.00000625,0.0001991622
2026-03-12T22:00:00.071000+00:00,0.00000625,0.0003564069
2026-03-12T23:00:00.070000+00:00,0.0000110483,0.0004767727
2026-03-13T00:00:00.061000+00:00,0.0000144121,0.0005305933
2026-03-13T01:00:00.032000+00:00,0.0000229418,0.0006670691
2026-03-13T02:00:00.025000+00:00,0.00000625,0.0003659991
2026-03-13T03:00:00.021000+00:00,0.00000625,0.0002642121
2026-03-13T04:00:00.099000+00:00,0.00000625,0.0003208756
2026-03-13T05:00:00.089000+00:00,0.00000625,0.0001890464
2026-03-13T06:00:00.064000+00:00,0.00000625,-0.0000818702
2026-03-13T07:00:00.082000+00:00,0.00000625,-0.0000443602
2026-03-13T08:00:00.016000+00:00,0.0000086752,0.0004388031
2026-03-13T09:00:00.045000+00:00,0.00000625,0.0003215229
2026-03-13T10:00:00.034000+00:00,0.00000625,-0.0000218768
2026-03-13T11:00:00.010000+00:00,0.00000625,0.0000901374
2026-03-13T12:00:00.009000+00:00,0.00000625,0.0001536957
2026-03-13T13:00:00.059000+00:00,0.00000625,0.0003565441
2026-03-13T14:00:00.032000+00:00,0.00000625,0.0002418926
2026-03-13T15:00:00.021000+00:00,0.00000625,0.00025262
2026-03-13T16:00:00.051000+00:00,0.00000625,0.0002690595
2026-03-13T17:00:00.044000+00:00,0.00000625,0.0002506541
2026-03-13T18:00:00.052000+00:00,0.00000625,0.0002428623
2026-03-13T19:00:00.006000+00:00,0.00000625,0.0002711078
2026-03-13T20:00:00.021000+00:00,0.00000625,0.0002337632
2026-03-13T21:00:00.092000+00:00,0.00000625,0.0002764497
2026-03-13T22:00:00.005000+00:00,0.00000625,0.0002114795
2026-03-13T23:00:00.109000+00:00,0.00000625,0.0002435762
2026-03-14T00:00:00.044000+00:00,0.00000625,0.0003870866
2026-03-14T01:00:00.094000+00:00,0.00000625,0.0002178958
2026-03-14T02:00:00.100000+00:00,0.00000625,0.0000036188
2026-03-14T03:00:00.013000+00:00,0.00000625,-0.0000179246
2026-03-14T04:00:00.019000+00:00,0.00000625,-0.0001610235
2026-03-14T05:00:00.095000+00:00,0.0000012307,-0.0002803085
2026-03-14T06:00:00.072000+00:00,-0.0000033331,-0.0003533296
2026-03-14T07:00:00.036000+00:00,0.0000008093,-0.0002870515
2026-03-14T08:00:00.041000+00:00,-0.0000027584,-0.0003441339
2026-03-14T09:00:00.025000+00:00,-0.0000375856,-0.0009013698
2026-03-14T10:00:00.098000+00:00,-0.0000121308,-0.0004940921
2026-03-14T11:00:00.047000+00:00,-0.0000193208,-0.0006091335
2026-03-14T12:00:00.020000+00:00,-0.0000192651,-0.0006082423
2026-03-14T13:00:00.042000+00:00,-0.0000369321,-0.0008909134
2026-03-14T14:00:00.076000+00:00,-0.000037319,-0.0008971038
2026-03-14T15:00:00.009000+00:00,-0.0000258814,-0.0007141023
2026-03-14T16:00:00.100000+00:00,-0.0000349961,-0.0008599377
2026-03-14T17:00:00.061000+00:00,-0.0000150245,-0.0005403918
2026-03-14T18:00:00.018000+00:00,-0.0000259049,-0.0007144777
2026-03-14T19:00:00.048000+00:00,-0.0000274451,-0.0007391213
2026-03-14T20:00:00.035000+00:00,-0.0000316338,-0.0008061409
2026-03-14T21:00:00.015000+00:00,-0.0000302557,-0.0007840909
2026-03-14T22:00:00.041000+00:00,-0.0000090605,-0.0004449678
2026-03-14T23:00:00.044000+00:00,-0.0000033536,-0.0003536581
2026-03-15T00:00:00.099000+00:00,0.00000625,0.0001698137
2026-03-15T01:00:00.102000+00:00,0.00000625,0.0003737901
2026-03-15T02:00:00.005000+00:00,0.0000074075,0.0004185204
2026-03-15T03:00:00.130000+00:00,0.0000168279,0.0005692456
2026-03-15T04:00:00.040000+00:00,0.00000625,0.0001609698
2026-03-15T05:00:00.066000+00:00,0.00000625,0.0002532464
2026-03-15T06:00:00.010000+00:00,0.0000272625,0.0007362001
2026-03-15T07:00:00.046000+00:00,0.0000065782,0.0004052515
2026-03-15T08:00:00.003000+00:00,0.00000625,0.0001517829
2026-03-15T09:00:00.067000+00:00,-0.0000139787,-0.000523659
2026-03-15T10:00:00.003000+00:00,-0.0000142189,-0.0005275016
2026-03-15T11:00:00.039000+00:00,-0.0000102229,-0.0004635667
2026-03-15T12:00:00.060000+00:00,-0.0000234687,-0.0006754985
2026-03-15T13:00:00.023000+00:00,0.0000022872,-0.0002634042
2026-03-15T14:00:00.023000+00:00,0.0000001647,-0.000297365
2026-03-15T15:00:00.084000+00:00,0.00000625,-0.0001440148
2026-03-15T16:00:00.034000+00:00,0.00000625,0.0003416554
2026-03-15T17:00:00.036000+00:00,-0.0000009957,-0.0003159307
2026-03-15T18:00:00.003000+00:00,-0.0000184293,-0.0005948691
2026-03-15T19:00:00.127000+00:00,-0.0000295464,-0.0007727427
2026-03-15T20:00:00.024000+00:00,-0.0000000025,-0.0003000404
2026-03-15T21:00:00.083000+00:00,0.0000092041,0.0004472659
2026-03-15T22:00:00.019000+00:00,0.0000450844,0.0010213501
2026-03-15T23:00:00.037000+00:00,0.0000600699,0.001261119
2026-03-16T00:00:00.090000+00:00,0.0000815126,0.0016042019
2026-03-16T01:00:00.002000+00:00,0.00000625,-0.0001045353
2026-03-16T02:00:00.078000+00:00,0.00000625,-0.0000916326
2026-03-16T03:00:00.040000+00:00,0.00000625,-0.0001267939
2026-03-16T04:00:00.012000+00:00,0.00000625,-0.0000289967
2026-03-16T05:00:00.021000+00:00,0.00000625,0.0001377939
2026-03-16T06:00:00.092000+00:00,0.00000625,0.0003545267
2026-03-16T07:00:00.033000+00:00,0.0000111995,0.0004791915
2026-03-16T08:00:00.062000+00:00,0.0000143736,0.0005299781
2026-03-16T09:00:00.035000+00:00,0.00000625,0.000276341
2026-03-16T10:00:00.042000+00:00,0.00000625,0.0001521767
2026-03-16T11:00:00.013000+00:00,0.00000625,-0.0000065282
2026-03-16T12:00:00.013000+00:00,0.0000163391,0.0005614256
2026-03-16T13:00:00+00:00,0.0000162435,0.0005598955
2026-03-16T14:00:00.099000+00:00,0.0000071921,0.0004150743
2026-03-16T15:00:00.013000+00:00,0.00000625,0.000380298
2026-03-16T16:00:00.033000+00:00,0.00000625,0.0002183655
2026-03-16T17:00:00.023000+00:00,0.00000625,0.0001794832
2026-03-16T18:00:00.045000+00:00,0.00000625,0.000186916
2026-03-16T19:00:00.080000+00:00,0.00000625,0.0002068529
2026-03-16T20:00:00.001000+00:00,0.00000625,0.0002205593
2026-03-16T21:00:00.032000+00:00,0.00000625,0.0000423785
2026-03-16T22:00:00+00:00,0.00000625,0.0001564784
2026-03-16T23:00:00.003000+00:00,0.00000625,0.0003904175
2026-03-17T00:00:00.034000+00:00,0.0000143523,0.0005296373
2026-03-17T01:00:00.045000+00:00,0.000020127,0.0006220326
2026-03-17T02:00:00.050000+00:00,0.0000115122,0.0004841955
2026-03-17T03:00:00.010000+00:00,0.00000625,0.0001898174
2026-03-17T04:00:00.073000+00:00,0.00000856,0.0004369607
2026-03-17T05:00:00.048000+00:00,0.00000625,0.0003997413
2026-03-17T06:00:00.113000+00:00,0.00000625,0.000161648
2026-03-17T07:00:00.039000+00:00,0.00000625,0.0000707028
2026-03-17T08:00:00+00:00,0.00000625,0.0003243877
2026-03-17T09:00:00.002000+00:00,0.00000625,-0.0000737133
2026-03-17T10:00:00.075000+00:00,0.00000625,-0.0001265429
2026-03-17T11:00:00.115000+00:00,0.00000625,-0.0000067813
2026-03-17T12:00:00.006000+00:00,0.00000625,-0.0000658532
2026-03-17T13:00:00.013000+00:00,0.00000625,0.0001070352
2026-03-17T14:00:00.047000+00:00,0.00000625,0.0003211035
2026-03-17T15:00:00.074000+00:00,0.000006847,0.0004095521
2026-03-17T16:00:00.038000+00:00,0.00000625,0.0003433297
2026-03-17T17:00:00.054000+00:00,0.00000625,0.0003315296
2026-03-17T18:00:00.071000+00:00,0.00000625,0.0002882952
2026-03-17T19:00:00.018000+00:00,0.00000625,0.0003005194
2026-03-17T20:00:00.034000+00:00,0.00000625,0.0002912894
2026-03-17T21:00:00.072000+00:00,0.0000091943,0.000447108
2026-03-17T22:00:00.003000+00:00,0.00000625,0.000338356
2026-03-17T23:00:00.011000+00:00,0.00000625,0.0002589752
2026-03-18T00:00:00.028000+00:00,0.00000625,0.0001536628
2026-03-18T01:00:00.016000+00:00,0.0000165114,0.0005641832
2026-03-18T02:00:00.026000+00:00,0.0000164632,0.0005634112
2026-03-18T03:00:00.060000+00:00,0.00000625,0.000313965
2026-03-18T04:00:00.054000+00:00,0.00000625,0.0002541337
2026-03-18T05:00:00.001000+00:00,0.00000625,0.0001102375
2026-03-18T06:00:00.067000+00:00,0.00000625,0.0003423688
2026-03-18T07:00:00.033000+00:00,0.0000103466,0.0004655452
2026-03-18T08:00:00.005000+00:00,0.0000075442,0.0004207078
2026-03-18T09:00:00.052000+00:00,0.0000151305,0.0005420876
2026-03-18T10:00:00.037000+00:00,0.00000625,0.0001993115
2026-03-18T11:00:00.025000+00:00,0.00000625,-0.0000097545
2026-03-18T12:00:00.062000+00:00,0.00000625,-0.000022975
2026-03-18T13:00:00.007000+00:00,0.00000625,0.0001975474
2026-03-18T14:00:00.026000+00:00,0.00000625,0.0001502489
2026-03-18T15:00:00.035000+00:00,0.00000625,0.0003937762
2026-03-18T16:00:00.009000+00:00,0.00000625,0.0002825963
2026-03-18T17:00:00.066000+00:00,0.00000625,0.000282933
2026-03-18T18:00:00.052000+00:00,0.00000625,0.000303171
2026-03-18T19:00:00.045000+00:00,0.00000625,0.0003128179
2026-03-18T20:00:00.055000+00:00,0.00000625,0.0003780165
2026-03-18T21:00:00.050000+00:00,0.00000625,0.0002357169
2026-03-18T22:00:00.035000+00:00,0.00000625,0.0002344736
2026-03-18T23:00:00.040000+00:00,0.00000625,0.0002154435
2026-03-19T00:00:00.090000+00:00,0.00000625,0.0002349488
2026-03-19T01:00:00.009000+00:00,0.0000178449,0.0005855185
2026-03-19T02:00:00.012000+00:00,0.00000625,0.0001349339
2026-03-19T03:00:00.041000+00:00,0.00000625,0.0003667929
2026-03-19T04:00:00.010000+00:00,0.00000625,0.0001985756
2026-03-19T05:00:00.090000+00:00,0.00000625,-0.0000142323
2026-03-19T06:00:00.052000+00:00,0.00000625,0.0001250353
2026-03-19T07:00:00.107000+00:00,0.0000096582,0.0004545308
2026-03-19T08:00:00.064000+00:00,0.00000625,0.000120843
2026-03-19T09:00:00.026000+00:00,0.00000625,-0.0000208071
2026-03-19T10:00:00.123000+00:00,0.00000625,0.0000219364
2026-03-19T11:00:00.052000+00:00,0.00000625,0.0002632254
2026-03-19T12:00:00.006000+00:00,0.00000625,0.000268276
2026-03-19T13:00:00.045000+00:00,0.0000096937,0.0004550985
2026-03-19T14:00:00.059000+00:00,0.00000625,0.0002042997
2026-03-19T15:00:00.002000+00:00,0.00000625,0.0003143288
2026-03-19T16:00:00.031000+00:00,0.00000625,0.0003212767
2026-03-19T17:00:00.011000+00:00,0.00000625,0.0003536713
2026-03-19T18:00:00.049000+00:00,0.00000625,0.0003329757
2026-03-19T19:00:00.024000+00:00,0.00000625,0.0003544162
2026-03-19T20:00:00.037000+00:00,0.00000625,0.0003389177
2026-03-19T21:00:00.022000+00:00,0.000014939,0.0005390237
2026-03-19T22:00:00.001000+00:00,0.0000140679,0.000525086
2026-03-19T23:00:00.001000+00:00,0.0000174069,0.0005785101
2026-03-20T00:00:00.103000+00:00,0.0000230516,0.0006688249
2026-03-20T01:00:00.073000+00:00,0.0000142431,0.0005278891
2026-03-20T02:00:00.053000+00:00,0.0000065226,0.0004043623
2026-03-20T03:00:00.072000+00:00,0.00000625,0.0003830801
2026-03-20T04:00:00.004000+00:00,0.00000625,0.0002119335
2026-03-20T05:00:00.107000+00:00,0.00000625,0.0002219905
2026-03-20T06:00:00.096000+00:00,0.00000625,0.0000726786
2026-03-20T07:00:00.012000+00:00,0.00000625,0.0002221973
2026-03-20T08:00:00.003000+00:00,0.0000092806,0.0004484902
2026-03-20T09:00:00.021000+00:00,0.00000625,0.0002740922
2026-03-20T10:00:00.063000+00:00,0.00000625,0.0001600055
2026-03-20T11:00:00.048000+00:00,0.00000625,0.0000529788
2026-03-20T12:00:00.087000+00:00,0.00000625,0.0001011636
2026-03-20T13:00:00.148000+00:00,0.00000625,0.0001427415
2026-03-20T14:00:00.115000+00:00,0.00000625,0.000249025
2026-03-20T15:00:00.034000+00:00,0.00000625,0.0003034226
2026-03-20T16:00:00.074000+00:00,0.00000625,0.0003365468
2026-03-20T17:00:00.075000+00:00,0.00000625,0.0003730945
2026-03-20T18:00:00.035000+00:00,0.00000625,0.0003254447
2026-03-20T19:00:00.044000+00:00,0.00000625,0.0003225509
2026-03-20T20:00:00.034000+00:00,0.00000625,0.0003336191
2026-03-20T21:00:00.007000+00:00,0.00000625,0.0001936705
2026-03-20T22:00:00+00:00,0.00000625,0.0001466757
2026-03-20T23:00:00.047000+00:00,0.00000625,-0.0001914981
2026-03-21T00:00:00.093000+00:00,0.00000625,-0.0000687698
2026-03-21T01:00:00.011000+00:00,0.00000625,0.0002883792
2026-03-21T02:00:00.032000+00:00,0.00000625,0.0000131661
2026-03-21T03:00:00.013000+00:00,0.00000625,0.0000320256
2026-03-21T04:00:00.040000+00:00,0.00000625,0.0003586991
2026-03-21T05:00:00.041000+00:00,0.00000625,0.0003228173
2026-03-21T06:00:00.066000+00:00,0.00000625,0.0002575075
2026-03-21T07:00:00.010000+00:00,0.00000625,-0.0001364737
2026-03-21T08:00:00.075000+00:00,0.00000625,0.0001738765
2026-03-21T09:00:00.064000+00:00,0.00000625,0.000335892
2026-03-21T10:00:00+00:00,0.0000246201,0.0006939222
2026-03-21T11:00:00.008000+00:00,0.0000122584,0.0004961343
2026-03-21T12:00:00.094000+00:00,0.00000625,0.0003318679
2026-03-21T13:00:00.015000+00:00,0.00000625,-0.0001288972
2026-03-21T14:00:00.045000+00:00,-0.000031884,-0.0008101441
2026-03-21T15:00:00.051000+00:00,0.0000235942,0.0006775079
2026-03-21T16:00:00.039000+00:00,0.0000484975,0.00107596
2026-03-21T17:00:00.032000+00:00,0.0000213644,0.0006418306
2026-03-21T18:00:00.020000+00:00,0.00000625,0.0001720752
2026-03-21T19:00:00.057000+00:00,0.0000060178,-0.0002037146
2026-03-21T20:00:00.073000+00:00,0.00000625,0.0000623206
2026-03-21T21:00:00.086000+00:00,0.00000625,0.0002963637
2026-03-21T22:00:00.004000+00:00,0.0000155163,0.0005482612
2026-03-21T23:00:00.026000+00:00,0.00000625,0.0002778285
2026-03-22T00:00:00.042000+00:00,-0.0000309223,-0.0007947563
2026-03-22T01:00:00.020000+00:00,-0.0000771392,-0.0015342269
2026-03-22T02:00:00.085000+00:00,-0.0000586627,-0.0012386035
2026-03-22T03:00:00.085000+00:00,-0.0001037749,-0.0019603985
2026-03-22T04:00:00.007000+00:00,-0.0000809191,-0.0015947053
2026-03-22T05:00:00.062000+00:00,-0.0000180436,-0.0005886969
2026-03-22T06:00:00.062000+00:00,0.00000625,0.0000438676
2026-03-22T07:00:00.088000+00:00,0.0000391157,0.0009258513
2026-03-22T08:00:00.050000+00:00,0.0000624804,0.001299687
2026-03-22T09:00:00.062000+00:00,0.0000305605,0.0007889676
2026-03-22T10:00:00.003000+00:00,0.0000600969,0.0012615508
2026-03-22T11:00:00.044000+00:00,-0.0000062461,-0.0003999373
2026-03-22T12:00:00.049000+00:00,0.00000625,0.0001335725
2026-03-22T13:00:00.046000+00:00,0.00000625,0.0000767928
2026-03-22T14:00:00.011000+00:00,-0.0000206316,-0.0006301054
2026-03-22T15:00:00.042000+00:00,-0.0000286635,-0.0007586165
2026-03-22T16:00:00.021000+00:00,0.00000625,0.0002978387
2026-03-22T17:00:00.006000+00:00,-0.0000090266,-0.0004444261
2026-03-22T18:00:00.081000+00:00,-0.0000094034,-0.0004504545
2026-03-22T19:00:00.039000+00:00,-0.0000212538,-0.0006400614
2026-03-22T20:00:00.048000+00:00,-0.0000258083,-0.0007129324
2026-03-22T21:00:00.082000+00:00,-0.0000564642,-0.0012034278
2026-03-22T22:00:00.090000+00:00,-0.0001763263,-0.0031212204
2026-03-22T23:00:00.049000+00:00,-0.0000661771,-0.001358833
2026-03-23T00:00:00.261000+00:00,-0.0000281751,-0.0007508018
2026-03-23T01:00:00.069000+00:00,0.00000625,-0.0000373378
2026-03-23T02:00:00.040000+00:00,0.0000098527,0.0004576427
2026-03-23T03:00:00.111000+00:00,0.0000267537,0.0007280597
2026-03-23T04:00:00.086000+00:00,0.0000237226,0.0006795613
2026-03-23T05:00:00.014000+00:00,0.0000222561,0.0006560982
2026-03-23T06:00:00.068000+00:00,0.0000266893,0.0007270287
2026-03-23T07:00:00.043000+00:00,0.0000129413,0.0005070611
2026-03-23T08:00:00.066000+00:00,0.0000082482,0.0004319717
2026-03-23T09:00:00.071000+00:00,0.00000625,0.0002761795
2026-03-23T10:00:00.081000+00:00,0.0000070749,0.0004131989
2026-03-23T11:00:00.004000+00:00,0.00000625,0.000330723
2026-03-23T12:00:00.045000+00:00,0.00000625,0.0001273512
2026-03-23T13:00:00.056000+00:00,0.00000625,-0.0000135703
2026-03-23T14:00:00.053000+00:00,0.00000625,-0.0000225827
2026-03-23T15:00:00.071000+00:00,0.00000625,0.0001449743
2026-03-23T16:00:00.048000+00:00,0.00000625,0.0001535252
2026-03-23T17:00:00.080000+00:00,0.00000625,0.0001724797
2026-03-23T18:00:00.041000+00:00,0.00000625,0.000138257
2026-03-23T19:00:00.054000+00:00,0.00000625,0.0000260417
2026-03-23T20:00:00.019000+00:00,0.00000625,0.0000313664
2026-03-23T21:00:00.090000+00:00,0.00000625,0.0000612626
2026-03-23T22:00:00.162000+00:00,0.00000625,0.0000466507
2026-03-23T23:00:00.056000+00:00,0.00000625,0.0001884576
2026-03-24T00:00:00.027000+00:00,0.00000625,0.0003955745
2026-03-24T01:00:00.082000+00:00,0.0000368006,0.0008888102
2026-03-24T02:00:00.034000+00:00,0.0000497069,0.0010953105
2026-03-24T03:00:00+00:00,0.0000411928,0.000959084
2026-03-24T04:00:00.016000+00:00,0.0000345431,0.0008526892
2026-03-24T05:00:00.079000+00:00,0.00000625,0.0001073795
2026-03-24T06:00:00.003000+00:00,0.00000625,0.0000543386
2026-03-24T07:00:00.088000+00:00,0.00000625,0.0000302326
2026-03-24T08:00:00.033000+00:00,0.00000625,0.0001509142
2026-03-24T09:00:00.051000+00:00,0.00000625,0.0000515457
2026-03-24T10:00:00.105000+00:00,0.00000625,0.0002735063
2026-03-24T11:00:00.045000+00:00,0.00000625,0.0003001308
2026-03-24T12:00:00.096000+00:00,0.00000625,0.0002893751
2026-03-24T13:00:00.028000+00:00,0.0000071402,0.0004142425
2026-03-24T14:00:00.089000+00:00,0.00000625,0.0003286158
2026-03-24T15:00:00.033000+00:00,0.00000625,0.0003111025
2026-03-24T16:00:00.039000+00:00,0.00000625,0.0001243904
2026-03-24T17:00:00.061000+00:00,0.00000625,0.0001951651
2026-03-24T18:00:00.062000+00:00,0.00000625,0.0001497276
2026-03-24T19:00:00.040000+00:00,0.00000625,0.0001775877
2026-03-24T20:00:00.058000+00:00,0.00000625,0.0001302153
2026-03-24T21:00:00.159000+00:00,0.00000625,0.0001298254
2026-03-24T22:00:00.052000+00:00,0.00000625,0.0002285033
2026-03-24T23:00:00.069000+00:00,0.00000625,0.0002310897
2026-03-25T00:00:00.048000+00:00,0.00000625,0.0002631979
2026-03-25T01:00:00.110000+00:00,0.0000094833,0.0004517323
2026-03-25T02:00:00.086000+00:00,0.0000159146,0.0005546337
2026-03-25T03:00:00.069000+00:00,0.0000246749,0.0006947978
2026-03-25T04:00:00.059000+00:00,0.0000166581,0.0005665302
2026-03-25T05:00:00.076000+00:00,0.0000256996,0.0007111933
2026-03-25T06:00:00.043000+00:00,0.0000338596,0.0008417534
2026-03-25T07:00:00.053000+00:00,0.00000625,0.0003508026
2026-03-25T08:00:00.007000+00:00,0.00000907,0.00044512
2026-03-25T09:00:00.057000+00:00,0.00000625,0.0001739325
2026-03-25T10:00:00.090000+00:00,0.00000625,0.0003111431
2026-03-25T11:00:00.018000+00:00,0.0000103413,0.0004654602
2026-03-25T12:00:00.038000+00:00,0.00000625,0.0001254656
2026-03-25T13:00:00.032000+00:00,0.00000625,0.0002503095
2026-03-25T14:00:00.041000+00:00,0.0000092668,0.0004482695
2026-03-25T15:00:00.062000+00:00,0.00000625,0.000364727
2026-03-25T16:00:00.052000+00:00,0.00000625,0.0002378387
2026-03-25T17:00:00.022000+00:00,0.00000625,0.0002297805
2026-03-25T18:00:00.075000+00:00,0.00000625,0.000233611
2026-03-25T19:00:00.037000+00:00,0.00000625,0.0002868313
2026-03-25T20:00:00.025000+00:00,0.00000625,0.0002481117
2026-03-25T21:00:00.066000+00:00,0.00000625,0.0000739644
2026-03-25T22:00:00.023000+00:00,0.00000625,0.0000081371
2026-03-25T23:00:00.072000+00:00,0.00000625,-0.0000128675
2026-03-26T00:00:00.035000+00:00,0.00000625,0.0000251367
2026-03-26T01:00:00.006000+00:00,0.0000061447,-0.0002016849
2026-03-26T02:00:00.139000+00:00,0.00000625,-0.0000696496
2026-03-26T03:00:00.114000+00:00,0.00000625,0.000261718
2026-03-26T04:00:00.110000+00:00,0.00000625,0.0001205781
2026-03-26T05:00:00.097000+00:00,0.00000625,0.0001631104
2026-03-26T06:00:00.014000+00:00,-0.0000001374,-0.0003021986
2026-03-26T07:00:00.009000+00:00,0.0000052496,-0.000216007
2026-03-26T08:00:00.094000+00:00,0.00000625,0.0000956286
2026-03-26T09:00:00.075000+00:00,0.00000625,0.0001415809
2026-03-26T10:00:00.001000+00:00,0.00000625,-0.0000844028
2026-03-26T11:00:00.072000+00:00,0.00000625,-0.0001433149
2026-03-26T12:00:00.020000+00:00,0.00000625,-0.0001067066
2026-03-26T13:00:00.078000+00:00,0.00000625,-0.000093429
2026-03-26T14:00:00.066000+00:00,0.00000625,-0.0000398072
2026-03-26T15:00:00.018000+00:00,0.00000625,-0.0000148147
2026-03-26T16:00:00.055000+00:00,0.00000625,-0.0000881133
2026-03-26T17:00:00.026000+00:00,0.00000625,-0.0001482657
2026-03-26T18:00:00.030000+00:00,0.00000625,-0.0000947955
2026-03-26T19:00:00.003000+00:00,0.00000625,0.0001378793
2026-03-26T20:00:00.077000+00:00,0.00000625,0.0001576958
2026-03-26T21:00:00.031000+00:00,0.00000625,0.0000972209
2026-03-26T22:00:00.068000+00:00,0.00000625,0.0000402411
2026-03-26T23:00:00.071000+00:00,0.00000625,0.0002097598
2026-03-27T00:00:00.013000+00:00,0.0000121821,0.0004949138
2026-03-27T01:00:00.004000+00:00,0.0000518114,0.0011289828
2026-03-27T02:00:00.007000+00:00,0.0000650997,0.0013415952
2026-03-27T03:00:00.045000+00:00,0.000024701,0.0006952155
2026-03-27T04:00:00.027000+00:00,0.0000115626,0.0004850016
2026-03-27T05:00:00.055000+00:00,0.00000625,0.0003315151
2026-03-27T06:00:00.021000+00:00,0.00000625,0.0003341318
2026-03-27T07:00:00.047000+00:00,0.00000625,0.0003940134
2026-03-27T08:00:00.042000+00:00,0.00000625,0.0002701928
2026-03-27T09:00:00.078000+00:00,0.0000112608,0.0004801735
2026-03-27T10:00:00.011000+00:00,0.0000162524,0.0005600387
2026-03-27T11:00:00.056000+00:00,0.0000224199,0.0006587181
2026-03-27T12:00:00.073000+00:00,0.000015335,0.0005453598
2026-03-27T13:00:00.020000+00:00,0.0000170973,0.0005735576
2026-03-27T14:00:00.027000+00:00,0.00000625,0.0003893908
2026-03-27T15:00:00.082000+00:00,0.00000625,-0.0000438629
2026-03-27T16:00:00.069000+00:00,0.00000625,0.0001774496
2026-03-27T17:00:00.063000+00:00,0.00000625,0.0001856167
2026-03-27T18:00:00.018000+00:00,0.00000625,0.0002690252
2026-03-27T19:00:00.017000+00:00,0.00000625,0.0003269224
2026-03-27T20:00:00.043000+00:00,0.00000625,0.0003644771
2026-03-27T21:00:00.064000+00:00,0.000014016,0.000524256
2026-03-27T22:00:00.044000+00:00,0.0000254086,0.0007065382
2026-03-27T23:00:00.008000+00:00,0.00000625,0.0003898788
2026-03-28T00:00:00.062000+00:00,0.0000091976,0.0004471614
2026-03-28T01:00:00.004000+00:00,0.00000625,0.0000876364
2026-03-28T02:00:00.051000+00:00,-0.0000034613,-0.0003553808
2026-03-28T03:00:00.023000+00:00,-0.0000050802,-0.0003812839
2026-03-28T04:00:00.106000+00:00,-0.0000048797,-0.0003780755
2026-03-28T05:00:00.055000+00:00,-0.0000024691,-0.0003395062
2026-03-28T06:00:00.067000+00:00,0.00000625,-0.0001513426
2026-03-28T07:00:00.039000+00:00,0.0000078634,0.0004258137
2026-03-28T08:00:00.007000+00:00,0.0000370321,0.0008925135
2026-03-28T09:00:00.008000+00:00,0.0000278543,0.0007456681
2026-03-28T10:00:00.014000+00:00,-0.000008489,-0.0004358245
2026-03-28T11:00:00.095000+00:00,0.00000625,-0.0000471427
2026-03-28T12:00:00.014000+00:00,0.00000625,0.0000312478
2026-03-28T13:00:00.013000+00:00,0.00000625,-0.000073711
2026-03-28T14:00:00.047000+00:00,0.0000164573,0.0005633169
2026-03-28T15:00:00.042000+00:00,0.0000490349,0.001084558
2026-03-28T16:00:00.047000+00:00,0.0000414461,0.000963138
2026-03-28T17:00:00.074000+00:00,0.0000147372,0.0005357957
2026-03-28T18:00:00.070000+00:00,0.0000418885,0.0009702157
2026-03-28T19:00:00.007000+00:00,0.0000509975,0.0011159592
2026-03-28T20:00:00.075000+00:00,0.0000581745,0.0012307918
2026-03-28T21:00:00.036000+00:00,0.0000518989,0.0011303817
2026-03-28T22:00:00.009000+00:00,0.00000625,-0.000026074
2026-03-28T23:00:00.040000+00:00,0.0000225931,0.0006614899
2026-03-29T00:00:00.085000+00:00,0.00000625,0.000084174
2026-03-29T01:00:00.068000+00:00,-0.0000319942,-0.0008119072
2026-03-29T02:00:00.040000+00:00,-0.0000980262,-0.0018684188
2026-03-29T03:00:00.050000+00:00,-0.000079393,-0.0015702881
2026-03-29T04:00:00.034000+00:00,-0.000021151,-0.0006384168
2026-03-29T05:00:00.054000+00:00,-0.000030405,-0.0007864797
2026-03-29T06:00:00.017000+00:00,-0.0000270732,-0.0007331718
2026-03-29T07:00:00.047000+00:00,-0.0000174296,-0.0005788736
2026-03-29T08:00:00.033000+00:00,-0.0000338064,-0.0008409028
2026-03-29T09:00:00.036000+00:00,-0.0000461357,-0.0010381711
2026-03-29T10:00:00.121000+00:00,-0.0000488518,-0.0010816283
2026-03-29T11:00:00.002000+00:00,-0.0000552756,-0.0011844097
2026-03-29T12:00:00.067000+00:00,-0.0000466391,-0.001046225
2026-03-29T13:00:00.056000+00:00,0.00000625,0.0001876943
2026-03-29T14:00:00.026000+00:00,0.00000625,-0.0000398269
2026-03-29T15:00:00.057000+00:00,0.00000625,-0.000188593
2026-03-29T16:00:00.029000+00:00,0.00000625,0.0001382554
2026-03-29T17:00:00.011000+00:00,0.0000579444,0.0012271104
2026-03-29T18:00:00.092000+00:00,0.0000614716,0.0012835456
2026-03-29T19:00:00.066000+00:00,0.00000625,0.0002271529
2026-03-29T20:00:00.062000+00:00,0.0000024432,-0.0002609089
2026-03-29T21:00:00.026000+00:00,-0.0000255637,-0.0007090191
2026-03-29T22:00:00.013000+00:00,-0.000025009,-0.0007001443
2026-03-29T23:00:00.096000+00:00,0.00000625,0.000131274
2026-03-30T00:00:00.038000+00:00,-0.0000231477,-0.0006703638
2026-03-30T01:00:00.030000+00:00,-0.0000278644,-0.0007458298
2026-03-30T02:00:00.054000+00:00,0.00000625,0.000165758
2026-03-30T03:00:00.013000+00:00,0.0000062546,0.000400074
2026-03-30T04:00:00.074000+00:00,0.00000625,0.0003967914
2026-03-30T05:00:00.056000+00:00,0.00000625,0.0002815938
2026-03-30T06:00:00.089000+00:00,0.00000625,0.0001370851
2026-03-30T07:00:00.043000+00:00,0.00000625,0.0001463739
2026-03-30T08:00:00.192000+00:00,0.0000068378,0.0004094044
2026-03-30T09:00:00.039000+00:00,0.000026612,0.000725792
2026-03-30T10:00:00.052000+00:00,0.0000141407,0.0005262508
2026-03-30T11:00:00.059000+00:00,0.00000625,0.0003536547
2026-03-30T12:00:00.038000+00:00,0.0000082743,0.0004323893
2026-03-30T13:00:00.031000+00:00,0.0000127112,0.0005033799
2026-03-30T14:00:00.046000+00:00,0.0000133941,0.0005143056
2026-03-30T15:00:00.019000+00:00,0.0000080582,0.0004289313
2026-03-30T16:00:00.071000+00:00,0.0000065974,0.0004055582
2026-03-30T17:00:00.108000+00:00,0.0000095096,0.0004521542
2026-03-30T18:00:00.051000+00:00,0.00000625,0.00016982
2026-03-30T19:00:00.085000+00:00,0.00000625,0.0001316337
2026-03-30T20:00:00.055000+00:00,0.00000625,0.000088336
2026-03-30T21:00:00.095000+00:00,0.00000625,0.0002067432
2026-03-30T22:00:00.021000+00:00,0.00000625,0.0003500374
2026-03-30T23:00:00.066000+00:00,0.00000625,-0.0000813426
2026-03-31T00:00:00.016000+00:00,0.00000625,-0.0001469135
2026-03-31T01:00:00.038000+00:00,-0.000023421,-0.0006747361
2026-03-31T02:00:00.066000+00:00,-0.000022548,-0.0006607684
2026-03-31T03:00:00.092000+00:00,0.00000625,-0.000157512
2026-03-31T04:00:00.073000+00:00,0.00000625,-0.0001516198
2026-03-31T05:00:00.062000+00:00,0.00000625,-0.0001881441
2026-03-31T06:00:00.022000+00:00,0.00000625,-0.0001062092
2026-03-31T07:00:00.045000+00:00,0.00000625,0.0002292636
2026-03-31T08:00:00+00:00,0.00000625,-0.0001318839
2026-03-31T09:00:00.056000+00:00,0.00000625,0.0003728774
2026-03-31T10:00:00.021000+00:00,0.00000625,0.000014529
2026-03-31T11:00:00.032000+00:00,0.00000625,0.0000650433
2026-03-31T12:00:00.073000+00:00,0.00000625,0.0000115996
2026-03-31T13:00:00.030000+00:00,0.00000625,0.0001298719
2026-03-31T14:00:00.038000+00:00,0.00000625,0.0003488869
2026-03-31T15:00:00.043000+00:00,0.00000625,0.0002997463
2026-03-31T16:00:00.025000+00:00,0.00000625,0.0001556995
2026-03-31T17:00:00.030000+00:00,0.00000625,0.0001588377
2026-03-31T18:00:00.007000+00:00,0.00000625,0.000271405
2026-03-31T19:00:00.051000+00:00,0.00000625,0.0002733624
2026-03-31T20:00:00.039000+00:00,0.00000625,0.0002796549
2026-03-31T21:00:00.026000+00:00,0.00000625,0.0002904
2026-03-31T22:00:00.046000+00:00,0.0000127155,0.0005034477
2026-03-31T23:00:00.029000+00:00,0.0000101423,0.000462277
2026-04-01T00:00:00.068000+00:00,0.00000625,0.000199035
2026-04-01T01:00:00.022000+00:00,0.00000625,0.0003709708
2026-04-01T02:00:00.050000+00:00,0.00000625,0.0002961674
2026-04-01T03:00:00.044000+00:00,0.00000625,0.000227758
2026-04-01T04:00:00.042000+00:00,0.00000625,0.0003008847
2026-04-01T05:00:00.057000+00:00,0.00000625,0.0003474306
2026-04-01T06:00:00.051000+00:00,0.00000625,0.0003421968
2026-04-01T07:00:00.039000+00:00,0.00000625,0.0001808244
2026-04-01T08:00:00.062000+00:00,0.00000625,0.000089559
2026-04-01T09:00:00.046000+00:00,0.00000625,0.0001328792
2026-04-01T10:00:00.050000+00:00,0.00000625,0.0000570354
2026-04-01T11:00:00.068000+00:00,0.00000625,0.0001736064
2026-04-01T12:00:00.081000+00:00,0.00000625,0.0000274742
2026-04-01T13:00:00.011000+00:00,0.00000625,0.0000465756
2026-04-01T14:00:00.131000+00:00,0.00000625,0.0001144663
2026-04-01T15:00:00.029000+00:00,0.00000625,0.0002217839
2026-04-01T16:00:00.078000+00:00,0.00000625,0.000294722
2026-04-01T17:00:00.076000+00:00,0.00000625,0.0002953022
2026-04-01T18:00:00.071000+00:00,0.00000625,0.0002710745
2026-04-01T19:00:00.017000+00:00,0.00000625,0.0003025238
2026-04-01T20:00:00.045000+00:00,0.00000625,0.0002378064
2026-04-01T21:00:00.041000+00:00,0.00000625,0.0001873995
2026-04-01T22:00:00.030000+00:00,0.00000625,0.0002148273
2026-04-01T23:00:00.042000+00:00,0.00000625,0.0002348425
2026-04-02T00:00:00.177000+00:00,0.0000081587,0.0004305395
2026-04-02T01:00:00.004000+00:00,0.00000625,-0.000035525
2026-04-02T02:00:00.060000+00:00,0.00000625,0.0001613581
2026-04-02T03:00:00.041000+00:00,0.00000625,0.0001633346
2026-04-02T04:00:00.059000+00:00,0.00000625,0.0001720133
2026-04-02T05:00:00.030000+00:00,0.00000625,0.0002682799
2026-04-02T06:00:00.039000+00:00,0.00000625,-0.0001702023
2026-04-02T07:00:00.070000+00:00,0.00000625,-0.0000858755
2026-04-02T08:00:00.129000+00:00,0.00000625,0.0000916046
2026-04-02T09:00:00.026000+00:00,0.00000625,0.0000393801
2026-04-02T10:00:00.051000+00:00,0.00000625,-0.0000563368
2026-04-02T11:00:00.014000+00:00,0.00000625,-0.000011911
2026-04-02T12:00:00.021000+00:00,0.00000625,0.0000230088
2026-04-02T13:00:00.075000+00:00,0.00000625,-0.0000948464
2026-04-02T14:00:00.049000+00:00,0.00000625,0.000061533
2026-04-02T15:00:00.065000+00:00,0.00000625,0.0001389809
2026-04-02T16:00:00.040000+00:00,0.00000625,0.0001368134
2026-04-02T17:00:00.022000+00:00,0.00000625,0.0001203164
2026-04-02T18:00:00.037000+00:00,0.00000625,0.0001636383
2026-04-02T19:00:00.006000+00:00,0.00000625,0.0001696768
2026-04-02T20:00:00.023000+00:00,0.00000625,0.0002080172
2026-04-02T21:00:00.131000+00:00,0.00000625,0.0001921543
2026-04-02T22:00:00.013000+00:00,0.00000625,0.0000354436
2026-04-02T23:00:00.004000+00:00,0.00000625,0.0001385889
2026-04-03T00:00:00.021000+00:00,0.00000625,0.000045964
2026-04-03T01:00:00.043000+00:00,0.00000625,0.0001532118
2026-04-03T02:00:00.023000+00:00,0.00000625,0.0000285872
2026-04-03T03:00:00.048000+00:00,-0.0000269722,-0.0007315546
2026-04-03T04:00:00.039000+00:00,-0.0000313271,-0.0008012331
2026-04-03T05:00:00.086000+00:00,-0.0000331369,-0.0008301903
2026-04-03T06:00:00.049000+00:00,-0.0000193375,-0.0006094
2026-04-03T07:00:00.028000+00:00,-0.0000169017,-0.0005704271
2026-04-03T08:00:00.069000+00:00,-0.0000417723,-0.0009683564
2026-04-03T09:00:00.054000+00:00,0.00000625,-0.0001143716
2026-04-03T10:00:00.043000+00:00,0.0000107416,0.0004718651
2026-04-03T11:00:00.041000+00:00,0.00000625,0.0002185811
2026-04-03T12:00:00.031000+00:00,-0.0000164958,-0.0005639329
2026-04-03T13:00:00.058000+00:00,0.00000625,-0.000153064
2026-04-03T14:00:00.001000+00:00,-0.0000210361,-0.0006365774
2026-04-03T15:00:00.044000+00:00,-0.0000081025,-0.0004296396
2026-04-03T16:00:00.033000+00:00,-0.0000057648,-0.0003922365
2026-04-03T17:00:00.040000+00:00,-0.0000003072,-0.0003049156
2026-04-03T18:00:00.069000+00:00,-0.0000028141,-0.0003450256
2026-04-03T19:00:00.026000+00:00,-0.0000076155,-0.0004218472
2026-04-03T20:00:00.036000+00:00,-0.0000161763,-0.0005588212
2026-04-03T21:00:00.048000+00:00,-0.0000376755,-0.0009028073
2026-04-03T22:00:00.031000+00:00,-0.0000285236,-0.0007563779
2026-04-03T23:00:00.039000+00:00,-0.0000315931,-0.0008054892
2026-04-04T00:00:00.063000+00:00,-0.0000418276,-0.000969241
2026-04-04T01:00:00.014000+00:00,-0.0000511239,-0.0011179827
2026-04-04T02:00:00.021000+00:00,-0.0000303642,-0.0007858277
2026-04-04T03:00:00.064000+00:00,-0.000033737,-0.0008397914
2026-04-04T04:00:00.011000+00:00,-0.0000006111,-0.0003097771
2026-04-04T05:00:00.063000+00:00,0.0000563682,0.0012018917
2026-04-04T06:00:00.057000+00:00,0.0000489394,0.0010830311
2026-04-04T07:00:00.051000+00:00,0.0000156332,0.0005501312
2026-04-04T08:00:00.033000+00:00,-0.0000070901,-0.0004134411
2026-04-04T09:00:00.008000+00:00,-0.0000474251,-0.0010588015
2026-04-04T10:00:00.029000+00:00,-0.0000443289,-0.0010092623
2026-04-04T11:00:00.050000+00:00,-0.0000455583,-0.0010289331
2026-04-04T12:00:00.009000+00:00,-0.0000192059,-0.0006072944
2026-04-04T13:00:00.107000+00:00,-0.0000122404,-0.0004958466
2026-04-04T14:00:00.065000+00:00,-0.0000249177,-0.0006986837
2026-04-04T15:00:00.008000+00:00,-0.000031056,-0.0007968956
2026-04-04T16:00:00.038000+00:00,-0.000043739,-0.0009998233
2026-04-04T17:00:00.041000+00:00,-0.0000110076,-0.0004761215
2026-04-04T18:00:00.064000+00:00,-0.0000130519,-0.0005088307
2026-04-04T19:00:00.012000+00:00,-0.0000016128,-0.0003258045
2026-04-04T20:00:00.063000+00:00,0.00000625,-0.0001378927
2026-04-04T21:00:00.037000+00:00,0.00000625,-0.0001727909
2026-04-04T22:00:00.032000+00:00,-0.0000022452,-0.0003359225
2026-04-04T23:00:00.014000+00:00,0.0000034842,-0.0002442524
2026-04-05T00:00:00.047000+00:00,0.00000625,0.0001055218
2026-04-05T01:00:00.058000+00:00,0.00000625,0.0001457315
2026-04-05T02:00:00.058000+00:00,0.00000625,0.0002832584
2026-04-05T03:00:00.014000+00:00,0.00000625,0.0000108713
2026-04-05T04:00:00.022000+00:00,0.00000625,0.0000468476
2026-04-05T05:00:00.024000+00:00,-0.0000463419,-0.0010414706
2026-04-05T06:00:00.051000+00:00,-0.0000347885,-0.0008566157
2026-04-05T07:00:00.048000+00:00,-0.0000211846,-0.0006389535
2026-04-05T08:00:00.066000+00:00,-0.0000181951,-0.000591121
2026-04-05T09:00:00.017000+00:00,0.00000625,-0.0001248328
2026-04-05T10:00:00.017000+00:00,0.00000625,0.0000797338
2026-04-05T11:00:00.024000+00:00,-0.0000144291,-0.0005308662
2026-04-05T12:00:00.017000+00:00,-0.0000415749,-0.0009651987
2026-04-05T13:00:00.047000+00:00,-0.0000578065,-0.0012249044
2026-04-05T14:00:00.057000+00:00,-0.000027647,-0.0007423519
2026-04-05T15:00:00.081000+00:00,0.00000625,0.0000240987
2026-04-05T16:00:00.031000+00:00,0.0000149371,0.0005389937
2026-04-05T17:00:00.049000+00:00,0.0000166021,0.0005656331
2026-04-05T18:00:00.042000+00:00,0.000027982,0.0007477117
2026-04-05T19:00:00.041000+00:00,0.0000296772,0.0007748357
2026-04-05T20:00:00.030000+00:00,0.0000566697,0.0012067151
2026-04-05T21:00:00.003000+00:00,0.0000328588,0.000825741
2026-04-05T22:00:00.060000+00:00,0.0000265382,0.0007246112
2026-04-05T23:00:00.020000+00:00,-0.0000824615,-0.0016193844
2026-04-06T00:00:00.029000+00:00,-0.0000073954,-0.0004183271
2026-04-06T01:00:00.040000+00:00,0.0000164478,0.0005631651
2026-04-06T02:00:00+00:00,0.0000248386,0.0006974168
2026-04-06T03:00:00.049000+00:00,0.0000203795,0.0006260721
2026-04-06T04:00:00.002000+00:00,0.0000142027,0.0005272437
2026-04-06T05:00:00.047000+00:00,0.0000217755,0.0006484086
2026-04-06T06:00:00.025000+00:00,0.000012708,0.0005033288
2026-04-06T07:00:00.064000+00:00,0.0000126692,0.0005027064
2026-04-06T08:00:00.053000+00:00,0.0000256495,0.0007103914
2026-04-06T09:00:00.012000+00:00,0.0000182159,0.000591455
2026-04-06T10:00:00.006000+00:00,0.0000085857,0.0004373706
2026-04-06T11:00:00.016000+00:00,0.00000625,0.0003371572
2026-04-06T12:00:00.072000+00:00,0.0000141062,0.0005257
2026-04-06T13:00:00.031000+00:00,0.0000086542,0.0004384671
2026-04-06T14:00:00.066000+00:00,0.00000625,0.0002899819
2026-04-06T15:00:00.048000+00:00,0.00000625,0.0001852594
2026-04-06T16:00:00.056000+00:00,0.00000625,0.0001113212
2026-04-06T17:00:00.002000+00:00,0.00000625,0.0002664924
2026-04-06T18:00:00.039000+00:00,0.00000625,0.000222354
2026-04-06T19:00:00+00:00,0.00000625,0.0000523984
2026-04-06T20:00:00.078000+00:00,0.00000625,0.0000483467
2026-04-06T21:00:00.054000+00:00,0.00000625,-0.0001486324
2026-04-06T22:00:00.043000+00:00,0.00000625,0.0002592644
2026-04-06T23:00:00.021000+00:00,0.00000625,-0.0000802285
2026-04-07T00:00:00.046000+00:00,0.00000625,-0.000020074
2026-04-07T01:00:00.015000+00:00,0.0000302412,0.0007838598
2026-04-07T02:00:00.012000+00:00,0.0000308635,0.0007938155
2026-04-07T03:00:00.093000+00:00,0.000027094,0.0007335045
2026-04-07T04:00:00.017000+00:00,0.0000220833,0.0006533331
2026-04-07T05:00:00.006000+00:00,0.0000128908,0.0005062526
2026-04-07T06:00:00.030000+00:00,0.00000625,0.0001135998
2026-04-07T07:00:00.064000+00:00,0.00000625,0.0001828254
2026-04-07T08:00:00.020000+00:00,0.00000625,-0.0001630139
2026-04-07T09:00:00.031000+00:00,0.00000625,-0.0001318594
2026-04-07T10:00:00.005000+00:00,0.00000625,0.0003193008
2026-04-07T11:00:00.030000+00:00,0.0000060433,-0.0002033075
2026-04-07T12:00:00.037000+00:00,-0.0000008786,-0.0003140568
2026-04-07T13:00:00.060000+00:00,0.00000625,-0.0001762617
2026-04-07T14:00:00.027000+00:00,0.00000625,0.0001889563
2026-04-07T15:00:00.041000+00:00,0.0000189703,0.0006035249
2026-04-07T16:00:00.036000+00:00,0.0000251472,0.0007023552
2026-04-07T17:00:00.024000+00:00,0.00000625,0.0001082258
2026-04-07T18:00:00.013000+00:00,0.00000625,-0.0001419388
2026-04-07T19:00:00.017000+00:00,0.00000625,-0.0001683475
2026-04-07T20:00:00.041000+00:00,0.000004454,-0.0002287364
2026-04-07T21:00:00.062000+00:00,0.00000625,0.0001437884
2026-04-07T22:00:00.029000+00:00,0.00000625,0.0001565647
2026-04-07T23:00:00.038000+00:00,0.00000625,0.0001199001
2026-04-08T00:00:00.094000+00:00,0.00000625,0.000047129
2026-04-08T01:00:00.057000+00:00,-0.0000007434,-0.0003118951
2026-04-08T02:00:00.043000+00:00,-0.0000071457,-0.0004143307
2026-04-08T03:00:00.059000+00:00,0.0000002707,-0.0002956685
2026-04-08T04:00:00.012000+00:00,0.00000625,-0.0001040269
2026-04-08T05:00:00.056000+00:00,0.00000625,0.0001874346
2026-04-08T06:00:00.065000+00:00,0.00000625,0.0000640258
2026-04-08T07:00:00.039000+00:00,0.00000625,0.0000958599
2026-04-08T08:00:00.005000+00:00,0.00000625,0.0000330005
2026-04-08T09:00:00.047000+00:00,0.00000625,0.000197552
2026-04-08T10:00:00.004000+00:00,0.00000625,0.0001654015
2026-04-08T11:00:00.027000+00:00,0.00000625,0.000193524
2026-04-08T12:00:00+00:00,0.00000625,0.0001804325
2026-04-08T13:00:00.019000+00:00,0.00000625,0.0001379764
2026-04-08T14:00:00.064000+00:00,0.00000625,0.0001857299
2026-04-08T15:00:00.025000+00:00,0.00000625,0.0001261537
2026-04-08T16:00:00.054000+00:00,0.00000625,0.0001363478
2026-04-08T17:00:00.009000+00:00,0.00000625,0.0000809357
2026-04-08T18:00:00.046000+00:00,0.00000625,0.0000705186
2026-04-08T19:00:00.026000+00:00,0.00000625,0.0001083408
2026-04-08T20:00:00.068000+00:00,0.00000625,0.0001303237
2026-04-08T21:00:00.031000+00:00,0.00000625,0.0000808714
2026-04-08T22:00:00.010000+00:00,0.00000625,0.000086576
2026-04-08T23:00:00.039000+00:00,0.00000625,0.0000163669
2026-04-09T00:00:00.070000+00:00,0.00000625,-0.0001218218
2026-04-09T01:00:00.023000+00:00,0.00000625,0.0002709361
2026-04-09T02:00:00.010000+00:00,0.00000625,0.0000537776
2026-04-09T03:00:00.053000+00:00,0.00000625,0.0000752832
2026-04-09T04:00:00.015000+00:00,0.00000625,-0.0001610252
2026-04-09T05:00:00.007000+00:00,0.00000625,-0.0001346074
2026-04-09T06:00:00.021000+00:00,0.00000625,-0.0001605878
2026-04-09T07:00:00.001000+00:00,0.00000625,0.0001606774
2026-04-09T08:00:00.056000+00:00,0.00000625,0.000141574
2026-04-09T09:00:00.008000+00:00,0.00000625,0.0001313775
2026-04-09T10:00:00.006000+00:00,0.00000625,0.0002086046
2026-04-09T11:00:00.010000+00:00,0.00000625,0.0001395965
2026-04-09T12:00:00.054000+00:00,0.00000625,0.0001373061
2026-04-09T13:00:00.004000+00:00,0.00000625,0.0000740364
2026-04-09T14:00:00.056000+00:00,0.00000625,0.0000381562
2026-04-09T15:00:00.041000+00:00,0.00000625,0.0000513726
2026-04-09T16:00:00.011000+00:00,0.00000625,0.0001685647
2026-04-09T17:00:00.012000+00:00,0.00000625,0.000242828
2026-04-09T18:00:00.001000+00:00,0.00000625,0.0001120067
2026-04-09T19:00:00.031000+00:00,0.00000625,0.0002569983
2026-04-09T20:00:00.004000+00:00,0.00000625,0.0000841632
2026-04-09T21:00:00.018000+00:00,0.00000625,-0.0000163931
2026-04-09T22:00:00+00:00,0.00000625,-0.0000341945
2026-04-09T23:00:00.071000+00:00,0.00000625,0.0003358839
2026-04-10T00:00:00.062000+00:00,0.00000625,0.0000935888
2026-04-10T01:00:00.013000+00:00,0.00000625,0.0002749252
2026-04-10T02:00:00.002000+00:00,0.00000625,0.000077862
2026-04-10T03:00:00.040000+00:00,0.00000625,0.0002138843
2026-04-10T04:00:00.047000+00:00,0.00000625,0.0001631455
2026-04-10T05:00:00.031000+00:00,0.00000625,0.0002940233
2026-04-10T06:00:00.026000+00:00,0.00000625,0.0003966227
2026-04-10T07:00:00.016000+00:00,0.00000625,0.000151764
2026-04-10T08:00:00+00:00,0.00000625,0.0000124479
2026-04-10T09:00:00.015000+00:00,0.00000625,-0.0001144228
2026-04-10T10:00:00.028000+00:00,0.00000625,0.0000641769
2026-04-10T11:00:00.010000+00:00,0.00000625,-0.0000391662
2026-04-10T12:00:00.057000+00:00,0.00000625,0.000199616
2026-04-10T13:00:00.032000+00:00,0.00000625,0.0000454564
2026-04-10T14:00:00.008000+00:00,0.00000625,0.0002169027
2026-04-10T15:00:00.005000+00:00,0.00000625,0.0002489538
2026-04-10T16:00:00.053000+00:00,0.00000625,0.0001184187
2026-04-10T17:00:00.022000+00:00,0.00000625,0.0001318058
2026-04-10T18:00:00.021000+00:00,0.00000625,0.0000336261
2026-04-10T19:00:00.046000+00:00,0.00000625,-0.0000183143
2026-04-10T20:00:00.009000+00:00,0.00000625,0.000039269
2026-04-10T21:00:00.010000+00:00,0.00000625,0.0000064577
2026-04-10T22:00:00.079000+00:00,0.00000625,0.0001332504
2026-04-10T23:00:00.055000+00:00,0.00000625,0.0002156068
2026-04-11T00:00:00.015000+00:00,0.00000625,0.0003127706
2026-04-11T01:00:00.006000+00:00,-0.0002018402,-0.0035294436
2026-04-11T02:00:00.020000+00:00,-0.0000764307,-0.0015228906
2026-04-11T03:00:00.039000+00:00,0.00000625,-0.0001375653
2026-04-11T04:00:00.013000+00:00,-0.0000128046,-0.0005048732
2026-04-11T05:00:00.005000+00:00,0.00000625,0.0000867969
2026-04-11T06:00:00.024000+00:00,0.00000625,0.0003432299
2026-04-11T07:00:00.016000+00:00,0.00000625,-0.0001200094
2026-04-11T08:00:00.002000+00:00,0.00000625,0.0003164331
2026-04-11T09:00:00.042000+00:00,0.00000625,0.0001003881
2026-04-11T10:00:00.048000+00:00,-0.0000107384,-0.0004718136
2026-04-11T11:00:00.040000+00:00,0.0000083848,0.000434157
2026-04-11T12:00:00.055000+00:00,0.00000625,0.0003833739
2026-04-11T13:00:00.047000+00:00,0.00000625,0.0003110227
2026-04-11T14:00:00.001000+00:00,0.0000399079,0.0009385263
2026-04-11T15:00:00.041000+00:00,0.0000077594,0.0004241499
2026-04-11T16:00:00.034000+00:00,0.00000625,0.000083694
2026-04-11T17:00:00.008000+00:00,0.0000084808,0.0004356931
2026-04-11T18:00:00.033000+00:00,0.0000901969,0.00174315
2026-04-11T19:00:00.047000+00:00,0.0000570747,0.0012131951
2026-04-11T20:00:00.023000+00:00,0.0000454565,0.0010273033
2026-04-11T21:00:00.058000+00:00,0.0000225415,0.0006606636
2026-04-11T22:00:00.036000+00:00,0.00000625,0.0003942465
2026-04-11T23:00:00.020000+00:00,0.00000625,0.0000973293
2026-04-12T00:00:00.067000+00:00,0.0000008742,-0.0002860126
2026-04-12T01:00:00.044000+00:00,0.00000625,0.0001488143
2026-04-12T02:00:00.031000+00:00,-0.0000869412,-0.0016910599
2026-04-12T03:00:00.029000+00:00,-0.0002220449,-0.003852718
2026-04-12T04:00:00.055000+00:00,-0.0000810736,-0.0015971781
2026-04-12T05:00:00.066000+00:00,-0.0000490619,-0.0010849906
2026-04-12T06:00:00.047000+00:00,-0.0000682669,-0.00139227
2026-04-12T07:00:00.004000+00:00,-0.0000145744,-0.0005331901
2026-04-12T08:00:00.022000+00:00,0.0000046105,-0.0002262318
2026-04-12T09:00:00.049000+00:00,0.00000625,-0.0000597949
2026-04-12T10:00:00.011000+00:00,0.00000625,-0.0000939608
2026-04-12T11:00:00.022000+00:00,-0.0000605744,-0.0012691909
2026-04-12T12:00:00.040000+00:00,-0.0000498026,-0.0010968419
2026-04-12T13:00:00.028000+00:00,-0.0000206915,-0.0006310632
2026-04-12T14:00:00.064000+00:00,-0.0000745359,-0.0014925742
2026-04-12T15:00:00.065000+00:00,-0.0000754131,-0.0015066101
2026-04-12T16:00:00.046000+00:00,-0.0000628162,-0.0013050585
2026-04-12T17:00:00.054000+00:00,-0.0000344582,-0.0008513314
2026-04-12T18:00:00.035000+00:00,-0.0000130997,-0.0005095959
2026-04-12T19:00:00.028000+00:00,0.0000187496,0.0005999938
2026-04-12T20:00:00.062000+00:00,0.00000625,-0.0001560818
2026-04-12T21:00:00.049000+00:00,0.00000625,0.0001938856
2026-04-12T22:00:00.058000+00:00,0.00000625,0.0001926969
2026-04-12T23:00:00.048000+00:00,0.0001294438,0.0023711015
2026-04-13T00:00:00.013000+00:00,0.0000551412,0.0011822585
2026-04-13T01:00:00.031000+00:00,0.0000354849,0.0008677592
2026-04-13T02:00:00.001000+00:00,0.0000278387,0.0007454193
2026-04-13T03:00:00.056000+00:00,0.0000361501,0.0008784022
2026-04-13T04:00:00.056000+00:00,0.0000222212,0.0006555389
2026-04-13T05:00:00.032000+00:00,0.0000231275,0.0006700398
2026-04-13T06:00:00.007000+00:00,0.0000336878,0.000839005
2026-04-13T07:00:00.011000+00:00,0.0000221349,0.0006541582
2026-04-13T08:00:00.015000+00:00,0.0000126318,0.0005021089
2026-04-13T09:00:00.013000+00:00,0.00000625,0.0003092693
2026-04-13T10:00:00.032000+00:00,0.00000625,0.0000997387
2026-04-13T11:00:00.011000+00:00,0.00000625,0.000242124
2026-04-13T12:00:00.063000+00:00,0.0000091906,0.0004470489
2026-04-13T13:00:00.036000+00:00,0.0000098977,0.0004583638
2026-04-13T14:00:00.007000+00:00,0.0000094547,0.0004512748
2026-04-13T15:00:00.114000+00:00,0.00000625,0.0002293535
2026-04-13T16:00:00.016000+00:00,0.00000625,0.0001884721
2026-04-13T17:00:00.028000+00:00,0.00000625,0.0001537158
2026-04-13T18:00:00.040000+00:00,0.00000625,0.0001686753
2026-04-13T19:00:00.055000+00:00,0.00000625,0.0001280838
2026-04-13T20:00:00.032000+00:00,0.00000625,0.0001520881
2026-04-13T21:00:00.038000+00:00,0.00000625,0.0001208833
2026-04-13T22:00:00.023000+00:00,0.00000625,-0.0001410185
2026-04-13T23:00:00.008000+00:00,0.00000625,0.0001275886
2026-04-14T00:00:00.020000+00:00,0.00000625,0.0002464661
2026-04-14T01:00:00.057000+00:00,0.00000625,0.0002252346
2026-04-14T02:00:00.017000+00:00,0.00000625,0.0002758556
2026-04-14T03:00:00.043000+00:00,0.00000625,0.0001360792
2026-04-14T04:00:00.009000+00:00,0.00000625,-0.000022955
2026-04-14T05:00:00.054000+00:00,0.00000625,0.0000570404
2026-04-14T06:00:00.057000+00:00,0.00000625,0.000217212
2026-04-14T07:00:00.076000+00:00,0.00000625,0.0000160796
2026-04-14T08:00:00.066000+00:00,0.00000625,0.000074767
2026-04-14T09:00:00.041000+00:00,0.00000625,0.0001825362
2026-04-14T10:00:00.010000+00:00,0.00000625,0.0002403472
2026-04-14T11:00:00.030000+00:00,0.00000625,0.0002353465
2026-04-14T12:00:00.053000+00:00,0.0000079296,0.0004268733
2026-04-14T13:00:00.039000+00:00,0.00000625,0.0003259894
2026-04-14T14:00:00.012000+00:00,0.00000625,0.0003232642
2026-04-14T15:00:00.056000+00:00,0.00000625,0.0001302048
2026-04-14T16:00:00.029000+00:00,0.00000625,0.0002834705
2026-04-14T17:00:00.057000+00:00,0.00000625,0.0002971213
2026-04-14T18:00:00.062000+00:00,0.00000625,0.0002033398
2026-04-14T19:00:00.040000+00:00,0.00000625,0.0001731012
2026-04-14T20:00:00+00:00,0.00000625,0.0001756399
2026-04-14T21:00:00.003000+00:00,0.00000625,0.0003900405
2026-04-14T22:00:00.001000+00:00,0.000011699,0.0004871836
2026-04-14T23:00:00.021000+00:00,0.00000625,0.000328098
2026-04-15T00:00:00.015000+00:00,0.00000625,0.0002522047
2026-04-15T01:00:00.054000+00:00,0.00000625,0.0000985358
2026-04-15T02:00:00.036000+00:00,0.00000625,0.0002861653
2026-04-15T03:00:00.065000+00:00,0.00000625,0.0002861885
2026-04-15T04:00:00.053000+00:00,0.00000625,0.0003458081
2026-04-15T05:00:00.029000+00:00,0.00000625,0.0003118786
2026-04-15T06:00:00.060000+00:00,0.00000625,0.000388624
2026-04-15T07:00:00.038000+00:00,0.00000625,0.0002345212
2026-04-15T08:00:00.009000+00:00,0.00000625,0.0003460772
2026-04-15T09:00:00.024000+00:00,0.00000625,0.0002684554
2026-04-15T10:00:00.027000+00:00,0.00000625,0.0003438025
2026-04-15T11:00:00.067000+00:00,0.00000625,0.0003289423
2026-04-15T12:00:00.030000+00:00,0.00000625,0.0003101282
2026-04-15T13:00:00.008000+00:00,0.00000625,0.0002122501
2026-04-15T14:00:00.035000+00:00,0.00000625,0.0002184105
2026-04-15T15:00:00.057000+00:00,0.00000625,0.0002010685
2026-04-15T16:00:00.025000+00:00,0.00000625,0.0002812668
2026-04-15T17:00:00.022000+00:00,0.00000625,0.0002444851
2026-04-15T18:00:00.030000+00:00,0.00000625,0.0002087814
2026-04-15T19:00:00.062000+00:00,0.00000625,0.0002022063
2026-04-15T20:00:00.014000+00:00,0.00000625,0.0002215451
2026-04-15T21:00:00.049000+00:00,0.00000625,0.0001302689
2026-04-15T22:00:00.067000+00:00,0.00000625,0.0001405155
2026-04-15T23:00:00.056000+00:00,0.00000625,0.0002795963
2026-04-16T00:00:00.044000+00:00,0.000008684,0.0004389434
2026-04-16T01:00:00.022000+00:00,0.0000303213,0.0007851416
2026-04-16T02:00:00.010000+00:00,0.000012887,0.0005061923
2026-04-16T03:00:00.053000+00:00,0.0000196345,0.0006141522
2026-04-16T04:00:00.006000+00:00,0.0000150469,0.0005407497
2026-04-16T05:00:00.042000+00:00,0.0000169442,0.0005711075
2026-04-16T06:00:00.031000+00:00,0.00000625,0.0003823695
2026-04-16T07:00:00.012000+00:00,0.0000090032,0.0004440509
2026-04-16T08:00:00.062000+00:00,0.0000077747,0.0004243957
2026-04-16T09:00:00.045000+00:00,0.0000097218,0.0004555494
2026-04-16T10:00:00.004000+00:00,0.00000625,0.0003665542
2026-04-16T11:00:00.035000+00:00,0.00000625,0.0003153828
2026-04-16T12:00:00.042000+00:00,0.0000086871,0.0004389929
2026-04-16T13:00:00.030000+00:00,0.00000625,0.0003964404
2026-04-16T14:00:00.019000+00:00,0.00000625,0.0002489156
2026-04-16T15:00:00.047000+00:00,0.00000625,0.0002728192
2026-04-16T16:00:00.051000+00:00,0.00000625,0.0003193684
2026-04-16T17:00:00.013000+00:00,0.00000625,0.0003795553
2026-04-16T18:00:00.034000+00:00,0.00000625,0.0003562794
2026-04-16T19:00:00.064000+00:00,0.00000625,0.0002607287
2026-04-16T20:00:00.016000+00:00,0.00000625,0.0002985045
2026-04-16T21:00:00.025000+00:00,0.0000085865,0.0004373848
2026-04-16T22:00:00.043000+00:00,0.0000133856,0.0005141693
2026-04-16T23:00:00.041000+00:00,0.00000625,0.0002978794
2026-04-17T00:00:00.030000+00:00,0.00000625,0.000280921
2026-04-17T01:00:00.015000+00:00,0.000023019,0.0006683035
2026-04-17T02:00:00.026000+00:00,0.0000071926,0.0004150816
2026-04-17T03:00:00.010000+00:00,0.00000625,0.0002466745
2026-04-17T04:00:00.064000+00:00,0.00000625,0.0003246286
2026-04-17T05:00:00.052000+00:00,0.00000625,0.0003585089
2026-04-17T06:00:00.017000+00:00,0.00000625,0.0001833825
2026-04-17T07:00:00.065000+00:00,0.00000625,0.0002840584
2026-04-17T08:00:00.042000+00:00,0.00000625,0.0002131284
2026-04-17T09:00:00.035000+00:00,0.00000625,0.0002230804
