datetime,funding_rate,premium
2025-12-26T01:00:00.008000+00:00,-0.0000188575,-0.0004508603
2025-12-26T02:00:00.062000+00:00,-0.0001731182,-0.0016849457
2025-12-26T03:00:00+00:00,-0.0000416086,-0.0006328688
2025-12-26T04:00:00.056000+00:00,-0.0000069035,-0.0003552282
2025-12-26T05:00:00.092000+00:00,-0.0000056495,-0.0003451958
2025-12-26T06:00:00.012000+00:00,-0.0000292069,-0.0005336548
2025-12-26T07:00:00.039000+00:00,-0.0000035272,-0.0003282176
2025-12-26T08:00:00.040000+00:00,0.0000125,0.0002158885
2025-12-26T09:00:00.017000+00:00,0.0000125,0.0002113099
2025-12-26T10:00:00.113000+00:00,0.0000125,0.0000012769
2025-12-26T11:00:00.164000+00:00,-0.000026052,-0.0005084162
2025-12-26T12:00:00.040000+00:00,0.0000081484,-0.0002348125
2025-12-26T13:00:00.030000+00:00,-0.0000358924,-0.0005871393
2025-12-26T14:00:00.015000+00:00,0.0000125,-0.0001106643
2025-12-26T15:00:00.077000+00:00,0.0000772601,0.0009180806
2025-12-26T16:00:00.036000+00:00,0.0001084478,0.0011675827
2025-12-26T17:00:00.019000+00:00,0.000063731,0.0008098479
2025-12-26T18:00:00.088000+00:00,0.0001531994,0.001525595
2025-12-26T19:00:00.033000+00:00,0.0001985182,0.0018881456
2025-12-26T20:00:00.045000+00:00,0.0000125,0.0003153762
2025-12-26T21:00:00.004000+00:00,-0.0000672487,-0.00083799
2025-12-26T22:00:00.040000+00:00,-0.0001898036,-0.0018184286
2025-12-26T23:00:00.040000+00:00,-0.0002131198,-0.0020049581
2025-12-27T00:00:00.023000+00:00,-0.0003091132,-0.002772906
2025-12-27T01:00:00.020000+00:00,-0.0002229391,-0.0020835126
2025-12-27T02:00:00.019000+00:00,-0.0002790527,-0.0025324219
2025-12-27T03:00:00.083000+00:00,-0.0002211334,-0.0020690673
2025-12-27T04:00:00+00:00,-0.000047318,-0.0006785443
2025-12-27T05:00:00.022000+00:00,-0.0000120097,-0.0003960779
2025-12-27T06:00:00.022000+00:00,-0.0000524788,-0.0007198306
2025-12-27T07:00:00.101000+00:00,0.0000054131,-0.0002566955
2025-12-27T08:00:00.049000+00:00,0.0000125,0.0002647455
2025-12-27T09:00:00.024000+00:00,0.0000125,0.0003266062
2025-12-27T10:00:00.051000+00:00,0.0000174318,0.0004394546
2025-12-27T11:00:00.058000+00:00,0.000033241,0.0005659276
2025-12-27T12:00:00.048000+00:00,0.0000125,0.0002543198
2025-12-27T13:00:00.049000+00:00,0.000014779,0.0004182323
2025-12-27T14:00:00.129000+00:00,0.0000151881,0.0005430097
2025-12-27T15:00:00.130000+00:00,0.00000625,0.0001996393
2025-12-27T16:00:00.019000+00:00,0.00000625,0.000106051
2025-12-27T17:00:00.106000+00:00,0.00000625,0.0003139562
2025-12-27T18:00:00.021000+00:00,0.00000625,0.0002553574
2025-12-27T19:00:00.007000+00:00,0.0000280882,0.0007494111
2025-12-27T20:00:00.057000+00:00,0.00000625,0.000303043
2025-12-27T21:00:00.027000+00:00,0.00000625,-0.0000792352
2025-12-27T22:00:00.034000+00:00,0.00000625,0.0000713325
2025-12-27T23:00:00.018000+00:00,0.0000215332,0.0006445307
2025-12-28T00:00:00.072000+00:00,0.0000393904,0.000930246
2025-12-28T01:00:00.041000+00:00,0.0000895856,0.00173337
2025-12-28T02:00:00.027000+00:00,0.0000876118,0.0017017888
2025-12-28T03:00:00.017000+00:00,0.0000147551,0.0005360822
2025-12-28T04:00:00.024000+00:00,0.0000631473,0.001310356
2025-12-28T05:00:00.062000+00:00,0.0002508216,0.0043131461
2025-12-28T06:00:00.060000+00:00,0.0001077754,0.0020244067
2025-12-28T07:00:00.028000+00:00,0.0000961359,0.0018381751
2025-12-28T08:00:00.040000+00:00,0.0002197055,0.0038152878
2025-12-28T09:00:00.005000+00:00,0.0001600052,0.0028600835
2025-12-28T10:00:00.074000+00:00,0.0001602625,0.0028642005
2025-12-28T11:00:00.057000+00:00,0.0000383987,0.0009143797
2025-12-28T12:00:00.046000+00:00,0.000157166,0.0028146561
2025-12-28T13:00:00.095000+00:00,0.0001485798,0.0026772765
2025-12-28T14:00:00.095000+00:00,0.0001901806,0.0033428895
2025-12-28T15:00:00.109000+00:00,0.0000445697,0.0010131152
2025-12-28T16:00:00.008000+00:00,0.0000841061,0.0016456983
2025-12-28T17:00:00.074000+00:00,0.0005474079,0.0090585257
2025-12-28T18:00:00.041000+00:00,0.0001055883,0.0019894133
2025-12-28T19:00:00.019000+00:00,0.0000581446,0.0012303128
2025-12-28T20:00:00.016000+00:00,0.00000625,0.0000692238
2025-12-28T21:00:00.047000+00:00,-0.0000425256,-0.0009804098
2025-12-28T22:00:00.072000+00:00,-0.000243906,-0.0042024962
2025-12-28T23:00:00.045000+00:00,0.0000154047,0.0005464745
2025-12-29T00:00:00.132000+00:00,-0.0000223866,-0.0006581861
2025-12-29T01:00:00.082000+00:00,0.0000958503,0.0018336054
2025-12-29T02:00:00.076000+00:00,0.0000861793,0.0016788681
2025-12-29T03:00:00.049000+00:00,-0.0000085087,-0.0004361384
2025-12-29T04:00:00.132000+00:00,-0.000108879,-0.0020420647
2025-12-29T05:00:00.006000+00:00,-0.0001349204,-0.0024587264
2025-12-29T06:00:00.005000+00:00,-0.0000263782,-0.0007220518
2025-12-29T07:00:00.018000+00:00,-0.0000634485,-0.0013151753
2025-12-29T08:00:00.014000+00:00,-0.000113226,-0.0021116153
2025-12-29T09:00:00.030000+00:00,-0.0001530361,-0.0027485783
2025-12-29T10:00:00.008000+00:00,-0.000070502,-0.0014280322
2025-12-29T11:00:00.098000+00:00,-0.000089583,-0.0017333287
2025-12-29T12:00:00.026000+00:00,-0.0000558892,-0.0011942274
2025-12-29T13:00:00.001000+00:00,-0.0000290432,-0.0007646917
2025-12-29T14:00:00.028000+00:00,-0.0000901874,-0.0017429976
2025-12-29T15:00:00.031000+00:00,-0.0000490789,-0.0010852618
2025-12-29T16:00:00.014000+00:00,0.00000625,-0.0001050233
2025-12-29T17:00:00.019000+00:00,0.0000455665,0.0010290647
2025-12-29T18:00:00.031000+00:00,0.0000275753,0.000741205
2025-12-29T19:00:00.026000+00:00,0.00000625,0.0001035053
2025-12-29T20:00:00.055000+00:00,0.0000285838,0.0007573412
2025-12-29T21:00:00.006000+00:00,0.00007839,0.0015542403
2025-12-29T22:00:00.075000+00:00,0.0000564328,0.0012029255
2025-12-29T23:00:00.040000+00:00,0.0000843363,0.0016493809
2025-12-30T00:00:00.010000+00:00,0.000077888,0.0015462079
2025-12-30T01:00:00.049000+00:00,0.0000188807,0.0006020919
2025-12-30T02:00:00.033000+00:00,0.0000344159,0.0008506551
2025-12-30T03:00:00.041000+00:00,0.00000625,0.000056373
2025-12-30T04:00:00.063000+00:00,-0.0000286227,-0.0007579636
2025-12-30T05:00:00.069000+00:00,0.00000625,-0.0000633017
2025-12-30T06:00:00.067000+00:00,0.00000625,0.0001314893
2025-12-30T07:00:00.062000+00:00,-0.0000364601,-0.000883361
2025-12-30T08:00:00.028000+00:00,-0.0000164479,-0.0005631663
2025-12-30T09:00:00.045000+00:00,-0.0000044676,-0.0003714823
2025-12-30T10:00:00.080000+00:00,-0.0000047433,-0.0003758933
2025-12-30T11:00:00.054000+00:00,0.0000031798,-0.0002491232
2025-12-30T12:00:00.003000+00:00,-0.000015558,-0.0005489282
2025-12-30T13:00:00.121000+00:00,0.0000062411,-0.0002001419
2025-12-30T14:00:00.031000+00:00,0.00000625,0.0000122465
2025-12-30T15:00:00.036000+00:00,0.00000625,-0.0000154842
2025-12-30T16:00:00.039000+00:00,0.00000625,-0.0000366896
2025-12-30T17:00:00.051000+00:00,0.00000625,-0.0000035123
2025-12-30T18:00:00.071000+00:00,0.00000625,0.0001909491
2025-12-30T19:00:00.033000+00:00,0.00000625,-0.0000244454
2025-12-30T20:00:00.120000+00:00,0.0000058859,-0.0002058251
2025-12-30T21:00:00.041000+00:00,0.00000625,0.0000164045
2025-12-30T22:00:00.003000+00:00,-0.0000045788,-0.0003732609
2025-12-30T23:00:00.047000+00:00,-0.0000014734,-0.0003235742
2025-12-31T00:00:00.021000+00:00,0.00000625,-0.0000806412
2025-12-31T01:00:00.022000+00:00,0.00000625,-0.0000624679
2025-12-31T02:00:00.037000+00:00,0.00000625,0.0001614709
2025-12-31T03:00:00.053000+00:00,0.00000625,0.0000886522
2025-12-31T04:00:00.057000+00:00,0.00000625,-0.0001888267
2025-12-31T05:00:00.011000+00:00,0.00000625,0.0000291968
2025-12-31T06:00:00.002000+00:00,-0.000000046,-0.0003007366
2025-12-31T07:00:00.029000+00:00,0.00000625,0.0000950984
2025-12-31T08:00:00.063000+00:00,0.00000625,0.0000547069
2025-12-31T09:00:00.019000+00:00,0.00000625,-0.0000314429
2025-12-31T10:00:00.002000+00:00,0.00000625,0.0001863564
2025-12-31T11:00:00.050000+00:00,0.00000625,0.0000721369
2025-12-31T12:00:00.095000+00:00,0.00000625,0.000236927
2025-12-31T13:00:00.002000+00:00,0.00000625,0.0002301994
2025-12-31T14:00:00.008000+00:00,0.00000625,0.0001103233
2025-12-31T15:00:00.015000+00:00,0.0000475114,0.0010601827
2025-12-31T16:00:00.089000+00:00,0.0000343474,0.0008495591
2025-12-31T17:00:00.072000+00:00,0.0000239178,0.0006826843
2025-12-31T18:00:00.050000+00:00,0.0000170358,0.0005725722
2025-12-31T19:00:00.053000+00:00,0.00000625,0.0003913802
2025-12-31T20:00:00.058000+00:00,0.0000511267,0.0011180265
2025-12-31T21:00:00.043000+00:00,0.0000213242,0.0006411866
2025-12-31T22:00:00.100000+00:00,0.0000712385,0.0014398161
2025-12-31T23:00:00.093000+00:00,0.00000625,0.0003678921
2026-01-01T00:00:00.063000+00:00,0.0000215248,0.0006443962
2026-01-01T01:00:00.053000+00:00,0.0000038687,-0.0002381002
2026-01-01T02:00:00.024000+00:00,0.00000625,0.000216064
2026-01-01T03:00:00.012000+00:00,0.00000625,-0.0001914124
2026-01-01T04:00:00.036000+00:00,-0.0000299007,-0.0007784119
2026-01-01T05:00:00.040000+00:00,0.00000625,0.0001453767
2026-01-01T06:00:00.053000+00:00,-0.0000110087,-0.0004761393
2026-01-01T07:00:00.011000+00:00,-0.0000089051,-0.0004424824
2026-01-01T08:00:00.045000+00:00,-0.000001841,-0.0003294557
2026-01-01T09:00:00.098000+00:00,0.00000625,0.000285371
2026-01-01T10:00:00.010000+00:00,0.0000189883,0.0006038134
2026-01-01T11:00:00.034000+00:00,0.00000625,0.0003247173
2026-01-01T12:00:00.051000+00:00,0.00000625,0.000136755
2026-01-01T13:00:00.101000+00:00,0.0000082409,0.0004318539
2026-01-01T14:00:00.010000+00:00,0.0000534871,0.0011557939
2026-01-01T15:00:00.003000+00:00,0.0000734083,0.0014745335
2026-01-01T16:00:00.025000+00:00,0.000011832,0.0004893121
2026-01-01T17:00:00.034000+00:00,-0.0000159436,-0.0005550974
2026-01-01T18:00:00.042000+00:00,0.0000035278,-0.0002435554
2026-01-01T19:00:00.029000+00:00,0.0000394642,0.0009314274
2026-01-01T20:00:00.043000+00:00,0.000059156,0.0012464963
2026-01-01T21:00:00.069000+00:00,0.000026815,0.0007290396
2026-01-01T22:00:00.047000+00:00,0.0001412839,0.0025605418
2026-01-01T23:00:00.023000+00:00,0.0001480501,0.0026688024
2026-01-02T00:00:00.042000+00:00,0.0000564709,0.0012035341
2026-01-02T01:00:00.032000+00:00,0.0000547252,0.0011756033
2026-01-02T02:00:00.057000+00:00,0.0000588105,0.0012409678
2026-01-02T03:00:00.019000+00:00,0.0000371349,0.0008941587
2026-01-02T04:00:00.139000+00:00,0.0000211842,0.0006389465
2026-01-02T05:00:00.110000+00:00,0.0000256831,0.0007109291
2026-01-02T06:00:00.022000+00:00,0.0000109048,0.0004744762
2026-01-02T07:00:00.003000+00:00,0.0001283855,0.0023541674
2026-01-02T08:00:00.081000+00:00,0.0000309425,0.0007950806
2026-01-02T09:00:00.003000+00:00,0.0000611369,0.0012781901
2026-01-02T10:00:00.091000+00:00,0.0000639154,0.0013226467
2026-01-02T11:00:00.048000+00:00,0.0001158644,0.0021538309
2026-01-02T12:00:00.042000+00:00,0.0000792113,0.0015673813
2026-01-02T13:00:00.114000+00:00,0.0000533948,0.0011543168
2026-01-02T14:00:00.009000+00:00,0.0000460528,0.0010368448
2026-01-02T15:00:00.105000+00:00,0.0000345747,0.0008531949
2026-01-02T16:00:00.038000+00:00,0.0000272708,0.0007363324
2026-01-02T17:00:00.047000+00:00,0.0000071409,0.0004142545
2026-01-02T18:00:00.034000+00:00,0.0000290166,0.0007642648
2026-01-02T19:00:00.026000+00:00,0.000021184,0.0006389439
2026-01-02T20:00:00.027000+00:00,0.0000544281,0.0011708497
2026-01-02T21:00:00+00:00,0.0000494918,0.001091868
2026-01-02T22:00:00.042000+00:00,0.0000461707,0.0010387312
2026-01-02T23:00:00.022000+00:00,0.0002637313,0.0045197011
2026-01-03T00:00:00.008000+00:00,0.0001405838,0.0025493406
2026-01-03T01:00:00.018000+00:00,0.00000625,-0.0001109482
2026-01-03T02:00:00.008000+00:00,0.0000360392,0.0008766277
2026-01-03T03:00:00.074000+00:00,0.00000625,-0.0000450269
2026-01-03T04:00:00.011000+00:00,-0.0000455345,-0.0010285521
2026-01-03T05:00:00.006000+00:00,0.00000625,0.0000075382
2026-01-03T06:00:00.019000+00:00,0.0000440579,0.0010049261
2026-01-03T07:00:00.004000+00:00,0.0000372774,0.0008964391
2026-01-03T08:00:00.011000+00:00,0.0001462984,0.0026407749
2026-01-03T09:00:00.067000+00:00,0.0003630881,0.0061094093
2026-01-03T10:00:00.026000+00:00,0.0002332083,0.0040313332
2026-01-03T11:00:00.060000+00:00,-0.00000194,-0.0003310395
2026-01-03T12:00:00.095000+00:00,-0.0000858167,-0.0016730675
2026-01-03T13:00:00.083000+00:00,0.0001078932,0.0020262909
2026-01-03T14:00:00.043000+00:00,0.00000625,0.0003091214
2026-01-03T15:00:00.072000+00:00,-0.0000491249,-0.0010859984
2026-01-03T16:00:00.044000+00:00,0.00000625,0.0002083587
2026-01-03T17:00:00.083000+00:00,0.00000625,0.0003518181
2026-01-03T18:00:00.061000+00:00,0.0000315533,0.0008048524
2026-01-03T19:00:00.032000+00:00,-0.0000690084,-0.0014041345
2026-01-03T20:00:00.019000+00:00,0.0000032642,-0.000247772
2026-01-03T21:00:00.128000+00:00,0.0000574253,0.0012188054
2026-01-03T22:00:00.077000+00:00,0.00000625,0.0000268351
2026-01-03T23:00:00.046000+00:00,-0.0000308606,-0.0007937689
2026-01-04T00:00:00.024000+00:00,-0.0000106295,-0.0004700719
2026-01-04T01:00:00.010000+00:00,-0.0000072092,-0.0004153478
2026-01-04T02:00:00.026000+00:00,-0.0002086901,-0.003639041
2026-01-04T03:00:00.011000+00:00,-0.0002125167,-0.0037002679
2026-01-04T04:00:00.063000+00:00,-0.0001250304,-0.0023004863
2026-01-04T05:00:00.060000+00:00,-0.0000346375,-0.0008542005
2026-01-04T06:00:00.066000+00:00,-0.0000662708,-0.0013603324
2026-01-04T07:00:00.031000+00:00,-0.0000973952,-0.0018583236
2026-01-04T08:00:00.036000+00:00,-0.0001302264,-0.0023836231
2026-01-04T09:00:00.001000+00:00,0.00000625,0.0003852878
2026-01-04T10:00:00.051000+00:00,0.0000138781,0.0005220494
2026-01-04T11:00:00.051000+00:00,-0.0000218777,-0.0006500439
2026-01-04T12:00:00.052000+00:00,-0.0000206922,-0.0006310755
2026-01-04T13:00:00.062000+00:00,-0.0000137655,-0.0005202487
2026-01-04T14:00:00.019000+00:00,-0.0001091456,-0.0020463298
2026-01-04T15:00:00.078000+00:00,-0.0000642383,-0.0013278127
2026-01-04T16:00:00.098000+00:00,0.0000366945,0.0008871126
2026-01-04T17:00:00.020000+00:00,0.0000459188,0.0010347003
2026-01-04T18:00:00.054000+00:00,0.0000066817,0.000406907
2026-01-04T19:00:00.024000+00:00,0.0000552852,0.0011845635
2026-01-04T20:00:00.062000+00:00,0.0000472674,0.0010562792
2026-01-04T21:00:00+00:00,0.0001221273,0.002254037
2026-01-04T22:00:00.037000+00:00,0.0002042103,0.0035673653
2026-01-04T23:00:00.111000+00:00,0.0001481476,0.002670361
2026-01-05T00:00:00+00:00,0.0000626521,0.0013024331
2026-01-05T01:00:00.014000+00:00,0.0000461955,0.001039128
2026-01-05T02:00:00.009000+00:00,0.0000620737,0.0012931794
2026-01-05T03:00:00.010000+00:00,0.0000650812,0.0013412992
2026-01-05T04:00:00.044000+00:00,0.0000608866,0.001274185
2026-01-05T05:00:00.042000+00:00,0.000066931,0.0013708954
2026-01-05T06:00:00.026000+00:00,0.0000431075,0.0009897196
2026-01-05T07:00:00.067000+00:00,0.0000463511,0.0010416177
2026-01-05T08:00:00.060000+00:00,0.0000618754,0.0012900058
2026-01-05T09:00:00.043000+00:00,0.000026336,0.0007213759
2026-01-05T10:00:00.038000+00:00,0.0000352507,0.0008640115
2026-01-05T11:00:00.040000+00:00,0.000042492,0.0009798715
2026-01-05T12:00:00.068000+00:00,0.0000505717,0.0011091468
2026-01-05T13:00:00.054000+00:00,0.0000434121,0.0009945931
2026-01-05T14:00:00.015000+00:00,0.0000943925,0.0018102802
2026-01-05T15:00:00.020000+00:00,0.0000913495,0.0017615925
2026-01-05T16:00:00.051000+00:00,0.0000552085,0.0011833359
2026-01-05T17:00:00.085000+00:00,0.0000204138,0.0006266209
2026-01-05T18:00:00.081000+00:00,0.0000656751,0.0013508009
2026-01-05T19:00:00.056000+00:00,0.0000371931,0.00089509
2026-01-05T20:00:00.045000+00:00,0.0000347854,0.0008565668
2026-01-05T21:00:00.022000+00:00,0.0000307394,0.0007918311
2026-01-05T22:00:00.008000+00:00,0.0000230022,0.0006680347
2026-01-05T23:00:00.068000+00:00,0.0000197835,0.000616536
2026-01-06T00:00:00.017000+00:00,0.0000205748,0.0006291968
2026-01-06T01:00:00.086000+00:00,0.0000128426,0.0005054815
2026-01-06T02:00:00.073000+00:00,0.0000237134,0.000679415
2026-01-06T03:00:00.033000+00:00,0.00000625,0.0001213492
2026-01-06T04:00:00.036000+00:00,0.0000165662,0.000565059
2026-01-06T05:00:00.075000+00:00,0.0000428001,0.0009848015
2026-01-06T06:00:00.013000+00:00,-0.0000082562,-0.0004320995
2026-01-06T07:00:00.008000+00:00,-0.0000026575,-0.0003425199
2026-01-06T08:00:00.066000+00:00,-0.0000175193,-0.0005803089
2026-01-06T09:00:00.059000+00:00,0.00000625,0.0003893241
2026-01-06T10:00:00.012000+00:00,0.00000625,-0.0000021266
2026-01-06T11:00:00.060000+00:00,0.0000051301,-0.0002179189
2026-01-06T12:00:00.017000+00:00,0.00000625,0.0002842221
2026-01-06T13:00:00.002000+00:00,0.00000625,0.0001272167
2026-01-06T14:00:00.046000+00:00,0.00000625,0.0001516502
2026-01-06T15:00:00.076000+00:00,0.00000625,0.0002729234
2026-01-06T16:00:00.036000+00:00,0.00000625,0.0001666096
2026-01-06T17:00:00.012000+00:00,0.00000625,0.0001985622
2026-01-06T18:00:00.001000+00:00,0.00000625,0.0000431778
2026-01-06T19:00:00.037000+00:00,0.00000625,-0.0001803251
2026-01-06T20:00:00.018000+00:00,0.00000625,0.0002616245
2026-01-06T21:00:00.062000+00:00,0.000009637,0.0004541915
2026-01-06T22:00:00.005000+00:00,0.00000625,0.0001180753
2026-01-06T23:00:00.008000+00:00,0.00000625,-0.0000972608
2026-01-07T00:00:00.119000+00:00,0.00000625,0.0000101929
2026-01-07T01:00:00.007000+00:00,0.00000625,0.0001960374
2026-01-07T02:00:00.010000+00:00,0.00000625,0.0003154442
2026-01-07T03:00:00.017000+00:00,0.0000339914,0.0008438628
2026-01-07T04:00:00.033000+00:00,0.0000826052,0.0016216831
2026-01-07T05:00:00.087000+00:00,0.0000248959,0.000698334
2026-01-07T06:00:00.009000+00:00,0.0000474086,0.0010585372
2026-01-07T07:00:00.014000+00:00,0.000390536,0.0065485753
2026-01-07T08:00:00.062000+00:00,0.0002690751,0.0046052017
2026-01-07T09:00:00.082000+00:00,0.0001318227,0.0024091624
2026-01-07T10:00:00.029000+00:00,0.000091134,0.0017581435
2026-01-07T11:00:00.048000+00:00,0.0000797813,0.0015765003
2026-01-07T12:00:00.096000+00:00,0.0000465556,0.0010448901
2026-01-07T13:00:00.074000+00:00,0.0000508411,0.0011134574
2026-01-07T14:00:00.040000+00:00,0.0000341539,0.0008464618
2026-01-07T15:00:00.099000+00:00,0.0000664278,0.0013628449
2026-01-07T16:00:00.081000+00:00,0.0000982383,0.001871813
2026-01-07T17:00:00.013000+00:00,0.0001000977,0.0019015625
2026-01-07T18:00:00.014000+00:00,0.0000617573,0.0012881169
2026-01-07T19:00:00.055000+00:00,0.000085665,0.0016706407
2026-01-07T20:00:00.113000+00:00,0.0000847905,0.0016566482
2026-01-07T21:00:00.117000+00:00,0.0000976625,0.0018626002
2026-01-07T22:00:00.043000+00:00,0.0000662078,0.0013593246
2026-01-07T23:00:00.090000+00:00,0.0000639658,0.0013234526
2026-01-08T00:00:00.001000+00:00,0.0000849986,0.0016599779
2026-01-08T01:00:00.035000+00:00,0.0000997843,0.001896549
2026-01-08T02:00:00.029000+00:00,0.0000399579,0.0009393268
2026-01-08T03:00:00.014000+00:00,0.0000348446,0.0008575135
2026-01-08T04:00:00.069000+00:00,0.0000235849,0.0006773584
2026-01-08T05:00:00.155000+00:00,0.0000391755,0.0009268076
2026-01-08T06:00:00.094000+00:00,0.00000625,0.0003375353
2026-01-08T07:00:00.010000+00:00,0.0000167017,0.0005672279
2026-01-08T08:00:00.089000+00:00,0.0000239953,0.0006839252
2026-01-08T09:00:00.077000+00:00,0.0000075691,0.0004211061
2026-01-08T10:00:00.037000+00:00,0.000020577,0.0006292328
2026-01-08T11:00:00.015000+00:00,0.0000097603,0.0004561645
2026-01-08T12:00:00.137000+00:00,0.000023765,0.0006802397
2026-01-08T13:00:00.040000+00:00,0.00000625,0.0003020787
2026-01-08T14:00:00+00:00,0.0000118346,0.0004893531
2026-01-08T15:00:00.106000+00:00,0.0000245569,0.0006929104
2026-01-08T16:00:00.063000+00:00,0.0000760469,0.0015167502
2026-01-08T17:00:00.004000+00:00,0.0000818862,0.0016101791
2026-01-08T18:00:00.008000+00:00,0.0000676838,0.0013829407
2026-01-08T19:00:00.013000+00:00,0.0000627118,0.0013033884
2026-01-08T20:00:00.098000+00:00,0.000077053,0.0015328475
2026-01-08T21:00:00.116000+00:00,0.0000970029,0.0018520463
2026-01-08T22:00:00.008000+00:00,0.00006059,0.0012694402
2026-01-08T23:00:00.085000+00:00,0.0001202898,0.0022246373
2026-01-09T00:00:00.020000+00:00,0.0001242558,0.0022880924
2026-01-09T01:00:00.016000+00:00,0.0000947834,0.0018165338
2026-01-09T02:00:00.063000+00:00,0.0001272928,0.0023366842
2026-01-09T03:00:00.059000+00:00,0.0001575248,0.0028203967
2026-01-09T04:00:00.100000+00:00,0.0000940068,0.0018041096
2026-01-09T05:00:00.158000+00:00,0.0000779688,0.0015475014
2026-01-09T06:00:00.046000+00:00,0.0000574466,0.0012191461
2026-01-09T07:00:00.012000+00:00,0.0000686547,0.0013984755
2026-01-09T08:00:00.028000+00:00,0.0000596475,0.0012543599
2026-01-09T09:00:00.072000+00:00,0.0001026836,0.0019429379
2026-01-09T10:00:00.077000+00:00,0.0000400383,0.000940612
2026-01-09T11:00:00.050000+00:00,0.0000367961,0.0008887377
2026-01-09T12:00:00.041000+00:00,0.0000442312,0.0010076999
2026-01-09T13:00:00.005000+00:00,0.0000347781,0.0008564495
2026-01-09T14:00:00.032000+00:00,0.0000152443,0.0005439081
2026-01-09T15:00:00.042000+00:00,0.0000711543,0.0014384691
2026-01-09T16:00:00.002000+00:00,0.0000528434,0.0011454949
2026-01-09T17:00:00.004000+00:00,0.0000153424,0.0005454782
2026-01-09T18:00:00.018000+00:00,0.00000625,0.0003170651
2026-01-09T19:00:00.042000+00:00,0.000022516,0.0006602558
2026-01-09T20:00:00.065000+00:00,0.0000257384,0.0007118137
2026-01-09T21:00:00+00:00,0.0000116062,0.0004856987
2026-01-09T22:00:00.018000+00:00,0.0000076561,0.0004224975
2026-01-09T23:00:00.025000+00:00,0.00000625,0.0002035305
2026-01-10T00:00:00.103000+00:00,0.000076377,0.0015220322
2026-01-10T01:00:00.110000+00:00,0.00000625,0.0001177291
2026-01-10T02:00:00.064000+00:00,-0.0000003307,-0.0003052908
2026-01-10T03:00:00.039000+00:00,-0.0000642339,-0.0013277418
2026-01-10T04:00:00.085000+00:00,-0.0001115787,-0.0020852586
2026-01-10T05:00:00.065000+00:00,-0.0000050514,-0.0003808231
2026-01-10T06:00:00.034000+00:00,-0.0000510334,-0.0011165342
2026-01-10T07:00:00.035000+00:00,-0.0001417436,-0.0025678972
2026-01-10T08:00:00.072000+00:00,0.0001013641,0.0019218263
2026-01-10T09:00:00.033000+00:00,0.0001654247,0.0029467951
2026-01-10T10:00:00.024000+00:00,0.0000524005,0.0011384082
2026-01-10T11:00:00.060000+00:00,0.00000625,-0.0000353556
2026-01-10T12:00:00.034000+00:00,0.00000625,-0.0000802972
2026-01-10T13:00:00.030000+00:00,0.00000625,-0.0000753166
2026-01-10T14:00:00.051000+00:00,0.00000625,-0.000084613
2026-01-10T15:00:00.017000+00:00,0.00000625,0.0000543839
2026-01-10T16:00:00.003000+00:00,0.00000625,0.0000926515
2026-01-10T17:00:00.066000+00:00,0.00000625,0.0000105926
2026-01-10T18:00:00.054000+00:00,0.00000625,0.0003909915
2026-01-10T19:00:00.025000+00:00,0.0000063894,0.0004022311
2026-01-10T20:00:00.081000+00:00,0.00000625,0.0003163884
2026-01-10T21:00:00.083000+00:00,0.0000269992,0.0007319875
2026-01-10T22:00:00.025000+00:00,0.0000264885,0.0007238167
2026-01-10T23:00:00.047000+00:00,0.00000625,0.0002686436
2026-01-11T00:00:00.007000+00:00,-0.0000269507,-0.0007312112
2026-01-11T01:00:00.046000+00:00,-0.0000387862,-0.0009205786
2026-01-11T02:00:00.078000+00:00,-0.0000179551,-0.0005872811
2026-01-11T03:00:00.099000+00:00,0.00000625,-0.0000994941
2026-01-11T04:00:00.011000+00:00,0.00000625,0.0003426791
2026-01-11T05:00:00.012000+00:00,0.0000144445,0.0005311112
2026-01-11T06:00:00.038000+00:00,0.0000738696,0.0014819136
2026-01-11T07:00:00.049000+00:00,0.0000214597,0.0006433545
2026-01-11T08:00:00.066000+00:00,0.00000625,0.0000000348
2026-01-11T09:00:00.045000+00:00,-0.0000131464,-0.000510342
2026-01-11T10:00:00.103000+00:00,0.00000625,-0.0001822266
2026-01-11T11:00:00.105000+00:00,0.0000016723,-0.0002732429
2026-01-11T12:00:00.018000+00:00,-0.0000232249,-0.0006715979
2026-01-11T13:00:00.035000+00:00,-0.0000004917,-0.000307867
2026-01-11T14:00:00.034000+00:00,0.00000625,-0.0000356857
2026-01-11T15:00:00.124000+00:00,0.00000625,-0.0000440821
2026-01-11T16:00:00.122000+00:00,0.00000625,0.0000406795
2026-01-11T17:00:00.061000+00:00,0.0000483521,0.001073633
2026-01-11T18:00:00.004000+00:00,0.0001128925,0.0021062802
2026-01-11T19:00:00.023000+00:00,0.0000696209,0.001413934
2026-01-11T20:00:00.002000+00:00,0.00000625,0.0001510471
2026-01-11T21:00:00.010000+00:00,-0.0000218927,-0.0006502829
2026-01-11T22:00:00.083000+00:00,0.00000625,-0.000133537
2026-01-11T23:00:00.127000+00:00,-0.0000264028,-0.0007224455
2026-01-12T00:00:00.053000+00:00,0.0000442202,0.001007523
2026-01-12T01:00:00.080000+00:00,0.0000575454,0.001220726
2026-01-12T02:00:00.090000+00:00,0.000041277,0.0009604316
2026-01-12T03:00:00.016000+00:00,0.00006284,0.00130544
2026-01-12T04:00:00.021000+00:00,0.0000238334,0.000681335
2026-01-12T05:00:00.027000+00:00,0.0000655685,0.0013490962
2026-01-12T06:00:00.025000+00:00,0.0000811514,0.0015984222
2026-01-12T07:00:00.061000+00:00,0.0000444005,0.0010104084
2026-01-12T08:00:00.053000+00:00,0.0000290051,0.0007640818
2026-01-12T09:00:00.088000+00:00,0.0000440962,0.0010055389
2026-01-12T10:00:00.042000+00:00,0.0000379693,0.0009075089
2026-01-12T11:00:00.003000+00:00,0.0000333261,0.000833217
2026-01-12T12:00:00.088000+00:00,0.0000606912,0.0012710592
2026-01-12T13:00:00.053000+00:00,0.000051014,0.0011162237
2026-01-12T14:00:00.107000+00:00,0.0000440214,0.0010043429
2026-01-12T15:00:00.059000+00:00,0.0000886407,0.0017182516
2026-01-12T16:00:00.040000+00:00,0.0000885002,0.0017160037
2026-01-12T17:00:00.086000+00:00,0.0000491837,0.0010869392
2026-01-12T18:00:00.057000+00:00,0.0000224955,0.0006599286
2026-01-12T19:00:00.008000+00:00,0.0000130389,0.0005086223
2026-01-12T20:00:00.098000+00:00,0.0000197465,0.0006159438
2026-01-12T21:00:00.078000+00:00,0.0000320091,0.0008121456
2026-01-12T22:00:00.075000+00:00,0.0000179825,0.00058772
2026-01-12T23:00:00.024000+00:00,-0.000013638,-0.0005182086
2026-01-13T00:00:00.109000+00:00,0.0000620551,0.0012928809
2026-01-13T01:00:00.121000+00:00,0.0000561655,0.0011986482
2026-01-13T02:00:00.017000+00:00,0.0000477798,0.0010644765
2026-01-13T03:00:00.043000+00:00,0.0000299709,0.0007795342
2026-01-13T04:00:00.068000+00:00,0.0000414263,0.0009628215
2026-01-13T05:00:00.079000+00:00,0.0000489933,0.0010838932
2026-01-13T06:00:00.029000+00:00,0.0000475538,0.0010608606
2026-01-13T07:00:00.089000+00:00,0.000051162,0.0011185913
2026-01-13T08:00:00.032000+00:00,0.000044594,0.0010135038
2026-01-13T09:00:00.003000+00:00,0.0000352091,0.0008633452
2026-01-13T10:00:00.232000+00:00,0.0000185474,0.0005967588
2026-01-13T11:00:00.011000+00:00,0.000034044,0.0008447042
2026-01-13T12:00:00.032000+00:00,0.0000438011,0.0010008173
2026-01-13T13:00:00.083000+00:00,0.0000315165,0.000804264
2026-01-13T14:00:00.043000+00:00,0.0000210942,0.0006375076
2026-01-13T15:00:00.051000+00:00,0.00000625,0.0000777895
2026-01-13T16:00:00.100000+00:00,0.00000625,0.000395162
2026-01-13T17:00:00.039000+00:00,0.00000625,0.0003020534
2026-01-13T18:00:00.042000+00:00,0.00000625,-0.0000120229
2026-01-13T19:00:00.031000+00:00,0.0000249391,0.000699025
2026-01-13T20:00:00.005000+00:00,0.0000220244,0.0006523905
2026-01-13T21:00:00.017000+00:00,0.0000161404,0.0005582461
2026-01-13T22:00:00+00:00,0.0000259415,0.0007150642
2026-01-13T23:00:00.037000+00:00,0.0000149552,0.0005392834
2026-01-14T00:00:00.057000+00:00,0.00000625,0.0003772676
2026-01-14T01:00:00.019000+00:00,0.00000625,0.0000384614
2026-01-14T02:00:00.050000+00:00,0.00000625,0.0000623631
2026-01-14T03:00:00.053000+00:00,0.0000102214,0.000463543
2026-01-14T04:00:00.063000+00:00,0.0000214125,0.0006426004
2026-01-14T05:00:00.023000+00:00,0.00000625,0.0000029006
2026-01-14T06:00:00.066000+00:00,0.00000625,0.0003546804
2026-01-14T07:00:00.099000+00:00,0.0000182005,0.0005912078
2026-01-14T08:00:00.062000+00:00,0.0000345331,0.0008525293
2026-01-14T09:00:00.051000+00:00,0.0000263079,0.0007209271
2026-01-14T10:00:00.015000+00:00,0.0000223729,0.0006579661
2026-01-14T11:00:00+00:00,0.00000625,0.0002715551
2026-01-14T12:00:00.043000+00:00,0.00000625,0.0000955979
2026-01-14T13:00:00.040000+00:00,0.0000120613,0.0004929803
2026-01-14T14:00:00.084000+00:00,0.00000625,0.0000475033
2026-01-14T15:00:00.001000+00:00,0.00000625,0.0001594972
2026-01-14T16:00:00.013000+00:00,0.00000625,-0.0000104387
2026-01-14T17:00:00.085000+00:00,0.00000625,-0.0000341261
2026-01-14T18:00:00.113000+00:00,0.00000625,0.0001207713
2026-01-14T19:00:00.071000+00:00,0.00000625,0.000290515
2026-01-14T20:00:00.090000+00:00,0.00000625,0.0002525721
2026-01-14T21:00:00.039000+00:00,0.000018484,0.0005957436
2026-01-14T22:00:00.018000+00:00,0.00000625,-0.000090277
2026-01-14T23:00:00.024000+00:00,0.0000184042,0.000594467
2026-01-15T00:00:00.028000+00:00,0.0000054501,-0.000212799
2026-01-15T01:00:00.004000+00:00,0.00000625,-0.0001425646
2026-01-15T02:00:00.052000+00:00,0.0000123536,0.0004976569
2026-01-15T03:00:00.019000+00:00,0.0000046359,-0.0002258256
2026-01-15T04:00:00.018000+00:00,0.00000625,0.0001480067
2026-01-15T05:00:00.081000+00:00,0.00000625,0.0001647799
2026-01-15T06:00:00.021000+00:00,0.00000625,0.0003351436
2026-01-15T07:00:00.057000+00:00,0.0000121487,0.0004943787
2026-01-15T08:00:00.029000+00:00,0.00000625,0.0003172807
2026-01-15T09:00:00.023000+00:00,0.0000066358,0.0004061722
2026-01-15T10:00:00.082000+00:00,0.0000080501,0.0004288022
2026-01-15T11:00:00.076000+00:00,0.00000625,-0.0000416598
2026-01-15T12:00:00.028000+00:00,0.00000625,0.0002529168
2026-01-15T13:00:00.044000+00:00,0.00000625,0.0001188478
2026-01-15T14:00:00.054000+00:00,0.0000046803,-0.0002251151
2026-01-15T15:00:00.001000+00:00,0.00000625,0.0001523459
2026-01-15T16:00:00.020000+00:00,0.00000625,0.0000255766
2026-01-15T17:00:00.067000+00:00,0.00000625,-0.0001480065
2026-01-15T18:00:00.062000+00:00,0.00000625,0.0002069562
2026-01-15T19:00:00.003000+00:00,0.00000625,-0.0000292598
2026-01-15T20:00:00.057000+00:00,0.0000030855,-0.0002506319
2026-01-15T21:00:00.062000+00:00,0.0000028017,-0.0002551731
2026-01-15T22:00:00.033000+00:00,0.00000625,-0.0001341126
2026-01-15T23:00:00+00:00,-0.0000832212,-0.0016315388
2026-01-16T00:00:00.092000+00:00,0.00000625,0.0001473983
2026-01-16T01:00:00.045000+00:00,0.00000625,-0.0000299098
2026-01-16T02:00:00.007000+00:00,0.0000045725,-0.0002268401
2026-01-16T03:00:00.044000+00:00,-0.0000042839,-0.0003685428
2026-01-16T04:00:00.096000+00:00,0.00000625,-0.000113998
2026-01-16T05:00:00.028000+00:00,0.00000625,0.0001193584
2026-01-16T06:00:00.013000+00:00,0.00000625,-0.000021802
2026-01-16T07:00:00.059000+00:00,0.00000625,0.0000809274
2026-01-16T08:00:00.044000+00:00,0.00000625,0.0002419559
2026-01-16T09:00:00.013000+00:00,0.00000625,0.0000571419
2026-01-16T10:00:00.073000+00:00,0.00000625,0.0000200023
2026-01-16T11:00:00.003000+00:00,0.00000625,-0.0000363274
2026-01-16T12:00:00.005000+00:00,0.00000625,0.0002289422
2026-01-16T13:00:00.060000+00:00,0.00000625,0.0001288244
2026-01-16T14:00:00.084000+00:00,0.00000625,0.0001621036
2026-01-16T15:00:00.051000+00:00,0.00000625,0.000030649
2026-01-16T16:00:00.040000+00:00,0.00000625,0.0001333522
2026-01-16T17:00:00.051000+00:00,-0.0000109471,-0.0004751532
2026-01-16T18:00:00.045000+00:00,-0.0000314289,-0.0008028618
2026-01-16T19:00:00.147000+00:00,-0.0000046995,-0.0003751914
2026-01-16T20:00:00.078000+00:00,0.00000625,-0.0000332927
2026-01-16T21:00:00.092000+00:00,0.00000625,-0.0001014852
2026-01-16T22:00:00.120000+00:00,0.00000625,-0.0000731219
2026-01-16T23:00:00.021000+00:00,-0.0001337166,-0.0024394652
2026-01-17T00:00:00.037000+00:00,-0.0000009026,-0.0003144409
2026-01-17T01:00:00.055000+00:00,0.00000625,-0.0000905814
2026-01-17T02:00:00.090000+00:00,-0.0000130912,-0.0005094587
2026-01-17T03:00:00.036000+00:00,-0.0000036249,-0.0003579982
2026-01-17T04:00:00.003000+00:00,-0.0000179551,-0.0005872813
2026-01-17T05:00:00.027000+00:00,-0.0000325404,-0.0008206461
2026-01-17T06:00:00.104000+00:00,0.00000625,0.0000986818
2026-01-17T07:00:00.005000+00:00,0.00000625,0.0000387269
2026-01-17T08:00:00.022000+00:00,0.0000220996,0.0006535938
2026-01-17T09:00:00.004000+00:00,0.00000625,0.0001307205
2026-01-17T10:00:00.039000+00:00,0.00000625,0.0000807467
2026-01-17T11:00:00.095000+00:00,0.00000625,0.0002339195
2026-01-17T12:00:00.021000+00:00,0.00000625,0.0000969034
2026-01-17T13:00:00.089000+00:00,0.0000490284,0.0010844546
2026-01-17T14:00:00.030000+00:00,0.0000247303,0.0006956855
2026-01-17T15:00:00.010000+00:00,0.00000625,0.0003219601
2026-01-17T16:00:00.102000+00:00,0.00000625,0.0002582361
2026-01-17T17:00:00.010000+00:00,-0.0000013102,-0.0003209627
2026-01-17T18:00:00.066000+00:00,-0.0000329789,-0.0008276624
2026-01-17T19:00:00.038000+00:00,-0.0000158541,-0.0005536658
2026-01-17T20:00:00.073000+00:00,0.00000625,0.0000522657
2026-01-17T21:00:00.017000+00:00,0.0000685813,0.0013973
2026-01-17T22:00:00.036000+00:00,0.0001674391,0.0029790258
2026-01-17T23:00:00.100000+00:00,0.0001342588,0.0024481412
2026-01-18T00:00:00.017000+00:00,0.00000625,0.0001654984
2026-01-18T01:00:00.117000+00:00,0.00000625,0.0001297817
2026-01-18T02:00:00.061000+00:00,0.00000625,0.0001453975
2026-01-18T03:00:00.047000+00:00,0.00000625,0.0001354343
2026-01-18T04:00:00.062000+00:00,0.0000455763,0.0010292209
2026-01-18T05:00:00.034000+00:00,0.0000222969,0.0006567506
2026-01-18T06:00:00.066000+00:00,-0.0000998607,-0.0018977714
2026-01-18T07:00:00.063000+00:00,-0.0000718789,-0.0014500622
2026-01-18T08:00:00.106000+00:00,-0.0000130773,-0.0005092373
2026-01-18T09:00:00.110000+00:00,0.00000625,-0.0001181184
2026-01-18T10:00:00.047000+00:00,0.00000625,-0.0000323823
2026-01-18T11:00:00.085000+00:00,0.00000625,-0.0000126035
2026-01-18T12:00:00.016000+00:00,0.0000285813,0.000757301
2026-01-18T13:00:00.054000+00:00,0.0000901957,0.0017431313
2026-01-18T14:00:00.035000+00:00,0.0000200581,0.0006209304
2026-01-18T15:00:00.030000+00:00,0.0000081606,0.0004305699
2026-01-18T16:00:00.021000+00:00,0.0000154928,0.0005478856
2026-01-18T17:00:00.040000+00:00,0.00000625,0.0000074091
2026-01-18T18:00:00.067000+00:00,0.00000625,0.0000867979
2026-01-18T19:00:00.018000+00:00,0.0000385716,0.0009171453
2026-01-18T20:00:00.055000+00:00,0.0000388965,0.0009223443
2026-01-18T21:00:00.024000+00:00,0.0001664784,0.0029636548
2026-01-18T22:00:00.042000+00:00,0.0000816756,0.0016068093
2026-01-18T23:00:00.113000+00:00,-0.0000323774,-0.0008180376
2026-01-19T00:00:00.034000+00:00,0.00005516,0.0011825607
2026-01-19T01:00:00.098000+00:00,0.00000625,0.0003022572
2026-01-19T02:00:00.001000+00:00,0.0000299999,0.0007799977
2026-01-19T03:00:00.009000+00:00,0.00000625,0.0002579156
2026-01-19T04:00:00.051000+00:00,0.00000625,0.0000096099
2026-01-19T05:00:00+00:00,0.00000625,0.0000801674
2026-01-19T06:00:00.033000+00:00,0.00000625,-0.0000080351
2026-01-19T07:00:00.014000+00:00,0.00000625,-0.000002188
2026-01-19T08:00:00.026000+00:00,0.00000625,-0.0000403472
2026-01-19T09:00:00.012000+00:00,0.00000625,0.0000950148
2026-01-19T10:00:00.012000+00:00,0.00000625,0.0000845548
2026-01-19T11:00:00.094000+00:00,0.00000625,0.0000541759
2026-01-19T12:00:00+00:00,0.00000625,0.0000364614
2026-01-19T13:00:00.041000+00:00,0.00000625,0.0000478079
2026-01-19T14:00:00.040000+00:00,0.00000625,0.0002004977
2026-01-19T15:00:00.049000+00:00,0.00000625,0.0003213731
2026-01-19T16:00:00.056000+00:00,0.00000625,-0.0001484473
2026-01-19T17:00:00.011000+00:00,0.00000625,-0.00005026
2026-01-19T18:00:00.005000+00:00,0.00000625,0.0002518003
2026-01-19T19:00:00.012000+00:00,0.00000625,0.0000466269
2026-01-19T20:00:00.025000+00:00,0.00000625,-0.0001150274
2026-01-19T21:00:00.079000+00:00,0.00000625,-0.0001285133
2026-01-19T22:00:00.033000+00:00,0.00000625,0.0001031753
2026-01-19T23:00:00.040000+00:00,0.0000476264,0.001062022
2026-01-20T00:00:00.007000+00:00,0.00000625,0.0000754745
2026-01-20T01:00:00.011000+00:00,0.00000625,0.0002263393
2026-01-20T02:00:00.057000+00:00,0.0000048624,-0.0002222013
2026-01-20T03:00:00.001000+00:00,0.00000625,-0.000195666
2026-01-20T04:00:00.167000+00:00,0.00000625,-0.0001147989
2026-01-20T05:00:00.112000+00:00,0.00000625,-0.000065823
2026-01-20T06:00:00.064000+00:00,0.00000625,-0.0000983238
2026-01-20T07:00:00.110000+00:00,0.00000625,-0.0000309565
2026-01-20T08:00:00.010000+00:00,0.00000625,0.0001144105
2026-01-20T09:00:00.079000+00:00,0.00000625,0.0001341163
2026-01-20T10:00:00.046000+00:00,0.00000625,0.0003009659
2026-01-20T11:00:00.018000+00:00,0.00000625,0.0002824277
2026-01-20T12:00:00.064000+00:00,0.0000163218,0.0005611489
2026-01-20T13:00:00.054000+00:00,0.0000135788,0.0005172602
2026-01-20T14:00:00.109000+00:00,0.00000625,0.0001284444
2026-01-20T15:00:00.061000+00:00,0.00000625,0.0003878143
2026-01-20T16:00:00.047000+00:00,0.00000625,0.0003058253
2026-01-20T17:00:00.034000+00:00,0.0000081996,0.0004311932
2026-01-20T18:00:00.037000+00:00,0.0000150042,0.0005400664
2026-01-20T19:00:00.028000+00:00,0.00000625,0.0003360392
2026-01-20T20:00:00.020000+00:00,0.00000625,0.0000026865
2026-01-20T21:00:00.025000+00:00,0.00000625,-0.0001220246
2026-01-20T22:00:00.005000+00:00,0.00000625,0.000244069
2026-01-20T23:00:00.015000+00:00,0.0000656375,0.0013502003
2026-01-21T00:00:00.063000+00:00,0.00000625,-0.0000194017
2026-01-21T01:00:00.039000+00:00,0.00000625,0.0002788042
2026-01-21T02:00:00.038000+00:00,0.00000625,-0.0000312858
2026-01-21T03:00:00.143000+00:00,0.00000625,0.0001108869
2026-01-21T04:00:00.034000+00:00,0.00000625,-0.0000189963
2026-01-21T05:00:00.057000+00:00,0.00000625,0.0001508751
2026-01-21T06:00:00.014000+00:00,0.00000625,-0.000078122
2026-01-21T07:00:00.016000+00:00,0.00000625,0.0001520608
2026-01-21T08:00:00.028000+00:00,0.00000625,0.0001831618
2026-01-21T09:00:00.046000+00:00,0.00000625,0.000162018
2026-01-21T10:00:00.018000+00:00,0.00000625,0.0001999279
2026-01-21T11:00:00.027000+00:00,0.00000625,0.0000197346
2026-01-21T12:00:00.031000+00:00,0.00000625,-0.0001277151
2026-01-21T13:00:00.094000+00:00,0.00000625,-0.0000311962
2026-01-21T14:00:00.007000+00:00,0.00000625,0.0001119468
2026-01-21T15:00:00.012000+00:00,0.00000625,-0.0000265643
2026-01-21T16:00:00.016000+00:00,0.00000625,-0.0001156344
2026-01-21T17:00:00.079000+00:00,0.00000625,-0.0000418371
2026-01-21T18:00:00.006000+00:00,0.00000625,0.0000697603
2026-01-21T19:00:00.021000+00:00,0.00000625,0.0000474995
2026-01-21T20:00:00.017000+00:00,0.0000032875,-0.0002474006
2026-01-21T21:00:00.045000+00:00,0.00000625,0.0000725646
2026-01-21T22:00:00.093000+00:00,0.00000625,0.0000351064
2026-01-21T23:00:00.012000+00:00,-0.0000210873,-0.0006373967
2026-01-22T00:00:00.068000+00:00,0.00000625,0.0001625634
2026-01-22T01:00:00.076000+00:00,0.00000625,0.0002282932
2026-01-22T02:00:00.069000+00:00,0.00000625,0.000070645
2026-01-22T03:00:00.112000+00:00,0.00000625,-0.0000901546
2026-01-22T04:00:00.005000+00:00,0.00000625,-0.0000668675
2026-01-22T05:00:00.033000+00:00,0.00000625,0.0001466368
2026-01-22T06:00:00.029000+00:00,0.00000625,0.0000028495
2026-01-22T07:00:00.022000+00:00,0.00000625,0.0000920778
2026-01-22T08:00:00.084000+00:00,0.00000625,0.0000527471
2026-01-22T09:00:00.040000+00:00,0.00000625,-0.0000087028
2026-01-22T10:00:00.057000+00:00,0.00000625,-0.0000071167
2026-01-22T11:00:00.047000+00:00,0.00000625,-0.000013939
2026-01-22T12:00:00.063000+00:00,0.00000625,0.0000647853
2026-01-22T13:00:00.020000+00:00,0.00000625,0.0000181549
2026-01-22T14:00:00.092000+00:00,0.00000625,0.000003909
2026-01-22T15:00:00.007000+00:00,0.00000625,0.0000109948
2026-01-22T16:00:00.083000+00:00,0.00000625,0.0001208141
2026-01-22T17:00:00.035000+00:00,0.00000625,0.0000572542
2026-01-22T18:00:00.004000+00:00,0.00000625,0.0003074745
2026-01-22T19:00:00.016000+00:00,0.00000625,0.000075883
2026-01-22T20:00:00.017000+00:00,0.00000625,-0.0000076609
2026-01-22T21:00:00.096000+00:00,0.00000625,-0.0000088031
2026-01-22T22:00:00.013000+00:00,0.00000625,0.0001215849
2026-01-22T23:00:00.019000+00:00,0.00000625,0.0003996972
2026-01-23T00:00:00.009000+00:00,0.00000625,0.0000754436
2026-01-23T01:00:00.034000+00:00,0.00000625,-0.0000873519
2026-01-23T02:00:00.028000+00:00,-0.0000171565,-0.0005745038
2026-01-23T03:00:00.122000+00:00,-0.0000043418,-0.0003694694
2026-01-23T04:00:00.017000+00:00,-0.0000144104,-0.0005305671
2026-01-23T05:00:00.154000+00:00,-0.0000055197,-0.0003883145
2026-01-23T06:00:00.112000+00:00,0.0000041381,-0.0002337905
2026-01-23T07:00:00.066000+00:00,-0.0000051753,-0.0003828051
2026-01-23T08:00:00.100000+00:00,-0.0000125596,-0.0005009531
2026-01-23T09:00:00.005000+00:00,0.00000625,-0.0000828851
2026-01-23T10:00:00.058000+00:00,0.00000625,-0.0000558618
2026-01-23T11:00:00.030000+00:00,0.00000625,-0.000041145
2026-01-23T12:00:00.029000+00:00,0.00000625,-0.0000142787
2026-01-23T13:00:00.018000+00:00,0.00000625,-0.0000263097
2026-01-23T14:00:00.013000+00:00,0.0000013593,-0.0002782514
2026-01-23T15:00:00.048000+00:00,-0.0000067347,-0.0004077546
2026-01-23T16:00:00.010000+00:00,-0.000010484,-0.0004677434
2026-01-23T17:00:00.061000+00:00,0.0000028887,-0.0002537803
2026-01-23T18:00:00.037000+00:00,0.00000625,-0.0000361223
2026-01-23T19:00:00.047000+00:00,-0.0000124444,-0.0004991101
2026-01-23T20:00:00.055000+00:00,-0.0000000328,-0.0003005253
2026-01-23T21:00:00.085000+00:00,-0.0000696219,-0.0014139497
2026-01-23T22:00:00.039000+00:00,-0.0000401414,-0.0009422622
2026-01-23T23:00:00.085000+00:00,-0.000110532,-0.002068512
2026-01-24T00:00:00.017000+00:00,0.000093898,0.0018023673
2026-01-24T01:00:00.061000+00:00,0.0001088871,0.0020421929
2026-01-24T02:00:00.093000+00:00,-0.000059811,-0.0012569761
2026-01-24T03:00:00.032000+00:00,0.0000152132,0.0005434113
2026-01-24T04:00:00.067000+00:00,0.00000625,0.0001983107
2026-01-24T05:00:00.043000+00:00,0.0000275536,0.0007408578
2026-01-24T06:00:00.032000+00:00,0.00000625,0.0003308863
2026-01-24T07:00:00.003000+00:00,-0.0000163699,-0.0005619179
2026-01-24T08:00:00.030000+00:00,0.0000876616,0.0017025863
2026-01-24T09:00:00.058000+00:00,0.000198478,0.0034756479
2026-01-24T10:00:00.112000+00:00,0.0000987193,0.0018795093
2026-01-24T11:00:00.027000+00:00,0.0000451294,0.0010220711
2026-01-24T12:00:00.100000+00:00,-0.0001692146,-0.003007433
2026-01-24T13:00:00.080000+00:00,-0.0001116794,-0.0020868707
2026-01-24T14:00:00.016000+00:00,-0.0000063484,-0.0004015741
2026-01-24T15:00:00.060000+00:00,0.0000287256,0.0007596101
2026-01-24T16:00:00.092000+00:00,0.0000260105,0.0007161688
2026-01-24T17:00:00.040000+00:00,0.00008717,0.0016947195
2026-01-24T18:00:00.011000+00:00,-0.0001009002,-0.0019144033
2026-01-24T19:00:00.036000+00:00,0.0000070558,0.0004128925
2026-01-24T20:00:00.028000+00:00,0.0000642939,0.001328703
2026-01-24T21:00:00.012000+00:00,0.0000274169,0.0007386702
2026-01-24T22:00:00.056000+00:00,-0.0000041438,-0.0003663007
2026-01-24T23:00:00.017000+00:00,-0.000052581,-0.001141296
2026-01-25T00:00:00.006000+00:00,-0.0000349015,-0.0008584234
2026-01-25T01:00:00.021000+00:00,0.0000568684,0.0012098952
2026-01-25T02:00:00.135000+00:00,0.0000110591,0.0004769458
2026-01-25T03:00:00.054000+00:00,0.0000677353,0.0013837649
2026-01-25T04:00:00.109000+00:00,0.0001609316,0.0028749059
2026-01-25T05:00:00.110000+00:00,0.0001504884,0.002707815
2026-01-25T06:00:00.117000+00:00,0.0000133986,0.0005143772
2026-01-25T07:00:00.059000+00:00,0.00000625,0.0000974243
2026-01-25T08:00:00.042000+00:00,0.0001246634,0.0022946138
2026-01-25T09:00:00.055000+00:00,0.00000625,0.0002378878
2026-01-25T10:00:00.045000+00:00,-0.0000128499,-0.0005055986
2026-01-25T11:00:00.011000+00:00,0.0000173841,0.000578145
2026-01-25T12:00:00.029000+00:00,-0.0000702951,-0.0014247217
2026-01-25T13:00:00.065000+00:00,-0.0000139465,-0.000523144
2026-01-25T14:00:00.031000+00:00,-0.0000213227,-0.0006411625
2026-01-25T15:00:00.075000+00:00,-0.0001251358,-0.0023021734
2026-01-25T16:00:00.012000+00:00,-0.0000527746,-0.0011443941
2026-01-25T17:00:00.013000+00:00,0.0003577453,0.0060239243
2026-01-25T18:00:00.020000+00:00,0.0002405042,0.004148068
2026-01-25T19:00:00.010000+00:00,0.00000625,-0.0001115288
2026-01-25T20:00:00.016000+00:00,-0.0002261166,-0.003917866
2026-01-25T21:00:00.021000+00:00,0.0000991072,0.0018857145
2026-01-25T22:00:00.063000+00:00,0.000071189,0.001439024
2026-01-25T23:00:00.127000+00:00,-0.0000282996,-0.0007527936
2026-01-26T00:00:00.127000+00:00,0.0000138168,0.0005210684
2026-01-26T01:00:00.001000+00:00,0.00000625,-0.0001414238
2026-01-26T02:00:00.026000+00:00,-0.0000240166,-0.0006842656
2026-01-26T03:00:00.059000+00:00,0.00000625,-0.000193396
2026-01-26T04:00:00.056000+00:00,0.0000052478,-0.0002160358
2026-01-26T05:00:00.020000+00:00,-0.0000018838,-0.0003301404
2026-01-26T06:00:00.101000+00:00,0.0000029839,-0.0002522571
2026-01-26T07:00:00.055000+00:00,0.00000625,-0.000050275
2026-01-26T08:00:00.040000+00:00,0.00000625,0.0003742354
2026-01-26T09:00:00.056000+00:00,0.00000625,0.0001698476
2026-01-26T10:00:00.060000+00:00,0.00000625,0.0003502679
2026-01-26T11:00:00.055000+00:00,0.0000167187,0.0005674987
2026-01-26T12:00:00.081000+00:00,0.0000168531,0.0005696496
2026-01-26T13:00:00+00:00,0.000009835,0.0004573607
2026-01-26T14:00:00.050000+00:00,0.00000625,0.0002270326
2026-01-26T15:00:00.064000+00:00,0.00000625,0.0001654043
2026-01-26T16:00:00.006000+00:00,0.00000625,0.0001531504
2026-01-26T17:00:00.012000+00:00,0.00000625,0.0000061268
2026-01-26T18:00:00.010000+00:00,0.00000625,0.0001897737
2026-01-26T19:00:00.045000+00:00,-0.0000042831,-0.0003685298
2026-01-26T20:00:00.034000+00:00,-0.0000469967,-0.0010519468
2026-01-26T21:00:00.094000+00:00,-0.0000080064,-0.0004281029
2026-01-26T22:00:00.049000+00:00,0.00000625,-0.0001665742
2026-01-26T23:00:00.079000+00:00,0.00000625,0.0001814102
2026-01-27T00:00:00.085000+00:00,0.00000625,0.0000215809
2026-01-27T01:00:00.073000+00:00,0.00000625,0.0001987871
2026-01-27T02:00:00.052000+00:00,-0.0000037862,-0.0003605796
2026-01-27T03:00:00.012000+00:00,0.00000625,0.0000353046
2026-01-27T04:00:00.017000+00:00,0.00000625,-0.0000595493
2026-01-27T05:00:00.023000+00:00,0.00000625,-0.0001979012
2026-01-27T06:00:00+00:00,0.00000625,-0.0000345199
2026-01-27T07:00:00.049000+00:00,0.00000625,0.0001136144
2026-01-27T08:00:00.092000+00:00,0.00000625,0.0002017016
2026-01-27T09:00:00.020000+00:00,0.00000625,-0.000067834
2026-01-27T10:00:00.056000+00:00,-0.0000029877,-0.0003478025
2026-01-27T11:00:00.003000+00:00,0.00000625,-0.000077551
2026-01-27T12:00:00.051000+00:00,0.0000051463,-0.0002176595
2026-01-27T13:00:00.006000+00:00,-0.000014724,-0.0005355843
2026-01-27T14:00:00.041000+00:00,-0.0000079242,-0.000426787
2026-01-27T15:00:00.074000+00:00,0.00000625,0.0001024454
2026-01-27T16:00:00.103000+00:00,0.0000912385,0.0017598156
2026-01-27T17:00:00.024000+00:00,0.0000201088,0.0006217415
2026-01-27T18:00:00.011000+00:00,0.0000081782,0.0004308513
2026-01-27T19:00:00.027000+00:00,0.0000165939,0.0005655025
2026-01-27T20:00:00.082000+00:00,0.000024683,0.0006949273
2026-01-27T21:00:00.015000+00:00,0.0000191714,0.0006067429
2026-01-27T22:00:00.042000+00:00,0.00000625,0.0003932563
2026-01-27T23:00:00.015000+00:00,-0.0000252883,-0.0007046135
2026-01-28T00:00:00.090000+00:00,0.0000192374,0.0006077988
2026-01-28T01:00:00.024000+00:00,0.0000402049,0.0009432782
2026-01-28T02:00:00.053000+00:00,0.0000458146,0.0010330334
2026-01-28T03:00:00.047000+00:00,0.0000140847,0.0005253548
2026-01-28T04:00:00.114000+00:00,0.00000625,0.0002973011
2026-01-28T05:00:00.046000+00:00,0.0000358625,0.0008737992
2026-01-28T06:00:00.127000+00:00,0.0000646318,0.0013341092
2026-01-28T07:00:00.070000+00:00,0.000011202,0.0004792316
2026-01-28T08:00:00.044000+00:00,0.0000240729,0.0006851663
2026-01-28T09:00:00.042000+00:00,0.0000175433,0.0005806926
2026-01-28T10:00:00.038000+00:00,0.0000075262,0.0004204196
2026-01-28T11:00:00.016000+00:00,0.0000149664,0.0005394619
2026-01-28T12:00:00.051000+00:00,0.0000115638,0.0004850204
2026-01-28T13:00:00.094000+00:00,0.0000166992,0.0005671871
2026-01-28T14:00:00.054000+00:00,0.0000265755,0.0007252077
2026-01-28T15:00:00.003000+00:00,0.0000083253,0.0004332051
2026-01-28T16:00:00.022000+00:00,0.0000152295,0.0005436714
2026-01-28T17:00:00.048000+00:00,0.000024536,0.0006925766
2026-01-28T18:00:00.020000+00:00,0.0000237589,0.000680142
2026-01-28T19:00:00.072000+00:00,0.000038697,0.0009191516
2026-01-28T20:00:00.063000+00:00,0.0000232095,0.0006713523
2026-01-28T21:00:00.108000+00:00,0.0000205021,0.0006280332
2026-01-28T22:00:00.010000+00:00,0.00000625,0.0001277201
2026-01-28T23:00:00.022000+00:00,0.00000625,0.0003528821
2026-01-29T00:00:00.027000+00:00,0.0000149109,0.0005385748
2026-01-29T01:00:00.021000+00:00,0.00000625,0.0001209289
2026-01-29T02:00:00.049000+00:00,0.0000096097,0.0004537551
2026-01-29T03:00:00.013000+00:00,0.00000625,0.0002941849
2026-01-29T04:00:00.038000+00:00,0.0000145555,0.0005328874
2026-01-29T05:00:00.051000+00:00,0.00000625,0.0003548009
2026-01-29T06:00:00.048000+00:00,0.0000167671,0.0005682738
2026-01-29T07:00:00.087000+00:00,0.0000203006,0.000624809
2026-01-29T08:00:00.047000+00:00,0.0000225174,0.000660279
2026-01-29T09:00:00.026000+00:00,0.000015378,0.0005460477
2026-01-29T10:00:00.066000+00:00,0.0000483058,0.0010728925
2026-01-29T11:00:00.051000+00:00,0.00000625,0.0002071466
2026-01-29T12:00:00+00:00,0.00000625,0.000264252
2026-01-29T13:00:00.120000+00:00,0.0000167191,0.000567505
2026-01-29T14:00:00.011000+00:00,0.000027269,0.0007363044
2026-01-29T15:00:00.016000+00:00,0.0000243785,0.0006900565
2026-01-29T16:00:00.059000+00:00,0.000153982,0.0027637125
2026-01-29T17:00:00.082000+00:00,0.0001005329,0.0019085268
2026-01-29T18:00:00.099000+00:00,0.0000498524,0.001097638
2026-01-29T19:00:00.054000+00:00,0.0000469498,0.0010511962
2026-01-29T20:00:00.035000+00:00,0.0000989914,0.0018838626
2026-01-29T21:00:00.049000+00:00,0.0001256147,0.0023098345
2026-01-29T22:00:00.059000+00:00,0.0001099406,0.0020590491
2026-01-29T23:00:00.037000+00:00,0.0001469988,0.0026519803
2026-01-30T00:00:00.022000+00:00,0.0000493596,0.0010897528
2026-01-30T01:00:00.010000+00:00,0.0000542952,0.0011687226
2026-01-30T02:00:00.075000+00:00,0.0000719685,0.0014514958
2026-01-30T03:00:00.038000+00:00,0.0000682466,0.0013919456
2026-01-30T04:00:00.028000+00:00,0.0000526001,0.0011416009
2026-01-30T05:00:00.053000+00:00,0.0000305177,0.0007882833
2026-01-30T06:00:00.084000+00:00,0.0000532367,0.0011517876
2026-01-30T07:00:00.117000+00:00,0.0000576292,0.0012220669
2026-01-30T08:00:00.018000+00:00,0.0000597761,0.0012564178
2026-01-30T09:00:00.103000+00:00,0.0000847998,0.0016567968
2026-01-30T10:00:00.049000+00:00,0.0002297782,0.0039764512
2026-01-30T11:00:00.108000+00:00,0.0000786307,0.0015580916
2026-01-30T12:00:00.036000+00:00,0.00000625,0.0003078088
2026-01-30T13:00:00.025000+00:00,0.0000078243,0.0004251882
2026-01-30T14:00:00.033000+00:00,0.0000367561,0.0008880977
2026-01-30T15:00:00.008000+00:00,0.0000880824,0.0017093183
2026-01-30T16:00:00.054000+00:00,0.0000302296,0.0007836733
2026-01-30T17:00:00.105000+00:00,0.0000520303,0.0011324847
2026-01-30T18:00:00.037000+00:00,0.0002698216,0.004617145
2026-01-30T19:00:00.042000+00:00,0.0016113214,0.0260811431
2026-01-30T20:00:00.041000+00:00,0.0003307054,0.0055912864
2026-01-30T21:00:00.006000+00:00,0.0003099047,0.0052584746
2026-01-30T22:00:00.001000+00:00,0.0003837957,0.0064407317
2026-01-30T23:00:00.031000+00:00,0.0000330551,0.0008288811
2026-01-31T00:00:00.171000+00:00,0.0001507421,0.0027118733
2026-01-31T01:00:00.100000+00:00,0.0002819095,0.0048105516
2026-01-31T02:00:00.068000+00:00,0.0000515935,0.0011254957
2026-01-31T03:00:00.097000+00:00,0.00000625,-0.0000306063
2026-01-31T04:00:00.012000+00:00,0.0001007728,0.0019123641
2026-01-31T05:00:00.026000+00:00,0.0000748198,0.0014971172
2026-01-31T06:00:00.002000+00:00,0.0000596998,0.001255197
2026-01-31T07:00:00.010000+00:00,0.0000257973,0.0007127567
2026-01-31T08:00:00.049000+00:00,0.00000625,-0.000065198
2026-01-31T09:00:00.076000+00:00,0.000007722,0.0004235525
2026-01-31T10:00:00.022000+00:00,-0.0000322041,-0.0008152657
2026-01-31T11:00:00.050000+00:00,-0.0001172538,-0.0021760614
2026-01-31T12:00:00.105000+00:00,-0.000154374,-0.0027699844
2026-01-31T13:00:00.035000+00:00,-0.0000012912,-0.0003206588
2026-01-31T14:00:00.027000+00:00,-0.0000027198,-0.0003435164
2026-01-31T15:00:00.033000+00:00,-0.0000631467,-0.0013103475
2026-01-31T16:00:00.091000+00:00,0.0000268149,0.0007290382
2026-01-31T17:00:00.030000+00:00,-0.0000492147,-0.0010874351
2026-01-31T18:00:00.057000+00:00,-0.000453033,-0.0075485281
2026-01-31T19:00:00.118000+00:00,-0.000029091,-0.0007654559
2026-01-31T20:00:00.081000+00:00,-0.0000389598,-0.0009233572
2026-01-31T21:00:00.058000+00:00,0.00000625,0.0003926512
2026-01-31T22:00:00.056000+00:00,-0.0000104911,-0.0004678581
2026-01-31T23:00:00.088000+00:00,0.0000016839,-0.0002730579
2026-02-01T00:00:00.016000+00:00,0.00000625,0.0001137582
2026-02-01T01:00:00.017000+00:00,0.0000622931,0.0012966899
2026-02-01T02:00:00.052000+00:00,0.0000443997,0.0010103948
2026-02-01T03:00:00.047000+00:00,0.0000033419,-0.0002465291
2026-02-01T04:00:00.091000+00:00,0.00000625,0.00021444
2026-02-01T05:00:00.008000+00:00,0.0000354114,0.000866583
2026-02-01T06:00:00.029000+00:00,0.00000625,0.0002375093
2026-02-01T07:00:00.060000+00:00,0.00000625,-0.00016443
2026-02-01T08:00:00.056000+00:00,0.00000625,-0.0000608311
2026-02-01T09:00:00+00:00,0.000003128,-0.0002499526
2026-02-01T10:00:00.092000+00:00,-0.0000193044,-0.0006088706
2026-02-01T11:00:00.017000+00:00,-0.0000397239,-0.0009355819
2026-02-01T12:00:00.097000+00:00,-0.0001028604,-0.0019457671
2026-02-01T13:00:00.026000+00:00,-0.0000293622,-0.0007697952
2026-02-01T14:00:00.096000+00:00,-0.0000231325,-0.0006701197
2026-02-01T15:00:00.019000+00:00,-0.0000681924,-0.0013910788
2026-02-01T16:00:00.034000+00:00,-0.0001570074,-0.0028121191
2026-02-01T17:00:00.041000+00:00,-0.0001833372,-0.0032333954
2026-02-01T18:00:00.062000+00:00,0.00000625,0.0003725605
2026-02-01T19:00:00.042000+00:00,0.0001624746,0.0028995931
2026-02-01T20:00:00.067000+00:00,0.0001011309,0.001918095
2026-02-01T21:00:00.104000+00:00,-0.0003362986,-0.0056807775
2026-02-01T22:00:00.015000+00:00,-0.000537431,-0.0088988962
2026-02-01T23:00:00.006000+00:00,-0.0000061125,-0.0003978004
2026-02-02T00:00:00.059000+00:00,0.0002816892,0.0048070272
2026-02-02T01:00:00.038000+00:00,0.0000675255,0.0013804087
2026-02-02T02:00:00.017000+00:00,0.000258313,0.0044330079
2026-02-02T03:00:00.062000+00:00,0.0001781451,0.003150321
2026-02-02T04:00:00.064000+00:00,0.0002319498,0.0040111966
2026-02-02T05:00:00.106000+00:00,0.0002211621,0.0038385936
2026-02-02T06:00:00.074000+00:00,0.0002766794,0.0047268709
2026-02-02T07:00:00.020000+00:00,0.0004760948,0.0079175167
2026-02-02T08:00:00.007000+00:00,0.0003951348,0.0066221566
2026-02-02T09:00:00.043000+00:00,0.0002546938,0.0043751015
2026-02-02T10:00:00.084000+00:00,0.0001700185,0.0030202964
2026-02-02T11:00:00.047000+00:00,0.0001563858,0.0028021727
2026-02-02T12:00:00.061000+00:00,0.0000716006,0.0014456093
2026-02-02T13:00:00.088000+00:00,0.000081812,0.0016089928
2026-02-02T14:00:00.065000+00:00,0.0001173398,0.0021774363
2026-02-02T15:00:00.070000+00:00,0.0000887491,0.0017199852
2026-02-02T16:00:00.041000+00:00,0.0000775925,0.0015414794
2026-02-02T17:00:00.065000+00:00,0.0001464604,0.0026433657
2026-02-02T18:00:00.066000+00:00,0.0001335451,0.0024367209
2026-02-02T19:00:00.004000+00:00,0.0002144432,0.0037310917
2026-02-02T20:00:00.023000+00:00,0.0001657867,0.0029525878
2026-02-02T21:00:00.014000+00:00,0.0001177452,0.0021839228
2026-02-02T22:00:00.099000+00:00,0.0001361624,0.0024785982
2026-02-02T23:00:00.055000+00:00,0.0000761679,0.0015186871
2026-02-03T00:00:00.013000+00:00,0.000075757,0.0015121112
2026-02-03T01:00:00.015000+00:00,0.0000509078,0.0011145243
2026-02-03T02:00:00.012000+00:00,0.0000561566,0.0011985057
2026-02-03T03:00:00.032000+00:00,0.0000441503,0.0010064042
2026-02-03T04:00:00.038000+00:00,0.0000738333,0.0014813321
2026-02-03T05:00:00.029000+00:00,0.0000313047,0.0008008754
2026-02-03T06:00:00+00:00,0.0000378315,0.000905304
2026-02-03T07:00:00.068000+00:00,0.0000660037,0.0013560593
2026-02-03T08:00:00.057000+00:00,0.0000251374,0.000702199
2026-02-03T09:00:00.079000+00:00,0.000026462,0.0007233927
2026-02-03T10:00:00.022000+00:00,0.0000355921,0.0008694729
2026-02-03T11:00:00.065000+00:00,0.00000625,0.000360818
2026-02-03T12:00:00.118000+00:00,0.0000224952,0.0006599224
2026-02-03T13:00:00.065000+00:00,0.000037218,0.0008954875
2026-02-03T14:00:00.040000+00:00,0.000017821,0.0005851363
2026-02-03T15:00:00.025000+00:00,0.0000425127,0.0009802033
2026-02-03T16:00:00.059000+00:00,0.00000625,0.00034104
2026-02-03T17:00:00.001000+00:00,0.0000099049,0.0004584784
2026-02-03T18:00:00.015000+00:00,0.00000625,-0.0000148229
2026-02-03T19:00:00.059000+00:00,0.0000108499,0.0004735991
2026-02-03T20:00:00.049000+00:00,0.0000208328,0.0006333252
2026-02-03T21:00:00.031000+00:00,0.000042705,0.0009832803
2026-02-03T22:00:00.004000+00:00,0.0000425463,0.0009807405
2026-02-03T23:00:00.056000+00:00,0.0000580574,0.001228919
2026-02-04T00:00:00.018000+00:00,0.0000238783,0.0006820529
2026-02-04T01:00:00.045000+00:00,0.000063703,0.001319248
2026-02-04T02:00:00.022000+00:00,0.0000565306,0.00120449
2026-02-04T03:00:00.032000+00:00,0.00000625,0.0003075768
2026-02-04T04:00:00.004000+00:00,0.0000607243,0.0012715892
2026-02-04T05:00:00.055000+00:00,0.0000475351,0.0010605612
2026-02-04T06:00:00.042000+00:00,0.00000625,0.0003492782
2026-02-04T07:00:00.016000+00:00,0.00000625,0.0002815121
2026-02-04T08:00:00.027000+00:00,0.0000180101,0.0005881613
2026-02-04T09:00:00.003000+00:00,0.0000204064,0.0006265032
2026-02-04T10:00:00.081000+00:00,0.0000186283,0.0005980527
2026-02-04T11:00:00.016000+00:00,0.0000177819,0.0005845106
2026-02-04T12:00:00.120000+00:00,0.00000625,-0.0001585147
2026-02-04T13:00:00.025000+00:00,0.00000625,-0.0001295386
2026-02-04T14:00:00.004000+00:00,0.0000195854,0.0006133665
2026-02-04T15:00:00.071000+00:00,0.0000157257,0.0005516117
2026-02-04T16:00:00.007000+00:00,0.0000113163,0.0004810615
2026-02-04T17:00:00.105000+00:00,0.00000625,0.0003325689
2026-02-04T18:00:00.058000+00:00,0.0000448334,0.0010173344
2026-02-04T19:00:00.028000+00:00,0.0000088911,0.0004422571
2026-02-04T20:00:00.001000+00:00,0.000018385,0.00059416
2026-02-04T21:00:00.072000+00:00,0.0000271904,0.000735046
2026-02-04T22:00:00.051000+00:00,0.0000029002,-0.0002535966
2026-02-04T23:00:00.022000+00:00,-0.0000423548,-0.0009776773
2026-02-05T00:00:00.003000+00:00,-0.0000626408,-0.001302252
2026-02-05T01:00:00.010000+00:00,-0.0000119763,-0.0004916216
2026-02-05T02:00:00.097000+00:00,0.00000625,0.000012999
2026-02-05T03:00:00.011000+00:00,0.0001207864,0.0022325825
2026-02-05T04:00:00.032000+00:00,0.0001370241,0.0024923862
2026-02-05T05:00:00.057000+00:00,0.0000282442,0.0007519077
2026-02-05T06:00:00.038000+00:00,0.000029685,0.00077496
2026-02-05T07:00:00.008000+00:00,0.00000625,0.0003432365
2026-02-05T08:00:00.038000+00:00,0.00000625,0.0002319456
2026-02-05T09:00:00.023000+00:00,0.00000625,0.0001616753
2026-02-05T10:00:00.022000+00:00,0.00000625,0.0001729164
2026-02-05T11:00:00.046000+00:00,0.00001718,0.0005748797
2026-02-05T12:00:00.036000+00:00,0.00000625,0.0003992216
2026-02-05T13:00:00.013000+00:00,0.00000625,0.0003506367
2026-02-05T14:00:00.012000+00:00,0.0000098458,0.0004575331
2026-02-05T15:00:00.079000+00:00,0.00000625,-0.0001806018
2026-02-05T16:00:00.065000+00:00,0.00000625,0.0001618806
2026-02-05T17:00:00.004000+00:00,0.0000073935,0.0004182952
2026-02-05T18:00:00.104000+00:00,0.0000081383,0.0004302135
2026-02-05T19:00:00.030000+00:00,0.0000353714,0.0008659422
2026-02-05T20:00:00.057000+00:00,0.00000625,0.0001996645
2026-02-05T21:00:00.013000+00:00,0.0000254678,0.0007074842
2026-02-05T22:00:00.040000+00:00,0.0000544622,0.0011713948
2026-02-05T23:00:00.019000+00:00,-0.0000292777,-0.0007684426
2026-02-06T00:00:00.083000+00:00,0.0000547592,0.0011761479
2026-02-06T01:00:00.049000+00:00,0.0002258736,0.003913978
2026-02-06T02:00:00.026000+00:00,0.0000444383,0.0010110136
2026-02-06T03:00:00.050000+00:00,0.000006222,-0.0002004476
2026-02-06T04:00:00.075000+00:00,0.00000625,0.0002131953
2026-02-06T05:00:00.102000+00:00,0.0000197301,0.0006156816
2026-02-06T06:00:00.022000+00:00,0.0000104321,0.0004669138
2026-02-06T07:00:00.074000+00:00,0.0000190437,0.0006046985
2026-02-06T08:00:00.037000+00:00,0.00000625,0.0003541057
2026-02-06T09:00:00.042000+00:00,0.0000358409,0.0008734544
2026-02-06T10:00:00.053000+00:00,0.0000412775,0.0009604396
2026-02-06T11:00:00.032000+00:00,0.0000213627,0.0006418026
2026-02-06T12:00:00.009000+00:00,0.00001322,0.0005115192
2026-02-06T13:00:00.032000+00:00,0.0000111513,0.0004784213
2026-02-06T14:00:00.024000+00:00,0.0000105334,0.0004685344
2026-02-06T15:00:00.089000+00:00,0.00000625,0.0002798122
2026-02-06T16:00:00.036000+00:00,0.0000187658,0.000600253
2026-02-06T17:00:00.030000+00:00,0.0000151078,0.000541724
2026-02-06T18:00:00.086000+00:00,0.0000204909,0.0006278542
2026-02-06T19:00:00.056000+00:00,0.00000625,-0.0001655242
2026-02-06T20:00:00.016000+00:00,0.0000086059,0.0004376939
2026-02-06T21:00:00.031000+00:00,0.00000625,0.0003803878
2026-02-06T22:00:00.032000+00:00,0.00000625,0.0000831226
2026-02-06T23:00:00.049000+00:00,0.0000168572,0.0005697146
2026-02-07T00:00:00.064000+00:00,-0.0000530572,-0.0011489159
2026-02-07T01:00:00.036000+00:00,-0.0000726825,-0.00146292
2026-02-07T02:00:00.026000+00:00,-0.0000281027,-0.0007496434
2026-02-07T03:00:00.021000+00:00,0.00000625,0.0001701019
2026-02-07T04:00:00.104000+00:00,0.00000625,0.0002474529
2026-02-07T05:00:00.063000+00:00,0.00000625,0.0000610977
2026-02-07T06:00:00.036000+00:00,0.00000625,0.000248458
2026-02-07T07:00:00.008000+00:00,0.0000143921,0.0005302737
2026-02-07T08:00:00.048000+00:00,-0.0000004798,-0.000307677
2026-02-07T09:00:00.081000+00:00,-0.0000111673,-0.0004786767
2026-02-07T10:00:00.020000+00:00,-0.0000116477,-0.0004863631
2026-02-07T11:00:00.008000+00:00,0.00000625,0.0001496236
2026-02-07T12:00:00.031000+00:00,0.00001398,0.0005236807
2026-02-07T13:00:00.040000+00:00,0.00000625,0.000119043
2026-02-07T14:00:00.008000+00:00,0.0000066885,0.0004070165
2026-02-07T15:00:00.093000+00:00,0.0000186322,0.0005981149
2026-02-07T16:00:00.146000+00:00,0.00000625,0.0001069365
2026-02-07T17:00:00.055000+00:00,0.00000625,-0.0000499936
2026-02-07T18:00:00.022000+00:00,0.00000625,-0.0001620079
2026-02-07T19:00:00.071000+00:00,0.00000625,0.0001153854
2026-02-07T20:00:00.020000+00:00,0.0000154407,0.0005470505
2026-02-07T21:00:00.089000+00:00,0.00000625,0.0003384685
2026-02-07T22:00:00.055000+00:00,0.00000625,0.0001869451
2026-02-07T23:00:00.038000+00:00,0.00000625,0.0001090727
2026-02-08T00:00:00.042000+00:00,0.00000625,0.0003805872
2026-02-08T01:00:00.003000+00:00,0.0000092329,0.0004477263
2026-02-08T02:00:00.074000+00:00,0.00000625,0.0001082766
2026-02-08T03:00:00.113000+00:00,0.0000103084,0.0004649339
2026-02-08T04:00:00.069000+00:00,0.000011173,0.0004787678
2026-02-08T05:00:00.059000+00:00,0.00000625,-0.0000246956
2026-02-08T06:00:00.031000+00:00,0.00000625,0.0000512885
2026-02-08T07:00:00.038000+00:00,0.0000268388,0.00072942
2026-02-08T08:00:00.113000+00:00,0.0000132843,0.0005125486
2026-02-08T09:00:00.040000+00:00,0.00000625,0.0000302141
2026-02-08T10:00:00.031000+00:00,0.00000625,-0.000010211
2026-02-08T11:00:00.068000+00:00,0.00000625,-0.0001937842
2026-02-08T12:00:00.077000+00:00,0.00000625,-0.000033065
2026-02-08T13:00:00.011000+00:00,0.0000210855,0.0006373684
2026-02-08T14:00:00.051000+00:00,0.00000625,0.0003762657
2026-02-08T15:00:00.041000+00:00,0.0000071472,0.0004143554
2026-02-08T16:00:00.023000+00:00,0.00000625,0.0002849375
2026-02-08T17:00:00.043000+00:00,-0.0000187368,-0.0005997895
2026-02-08T18:00:00.023000+00:00,-0.000013268,-0.0005122886
2026-02-08T19:00:00.070000+00:00,-0.0000102673,-0.0004642764
2026-02-08T20:00:00.046000+00:00,0.00000625,0.0003607327
2026-02-08T21:00:00.059000+00:00,0.0000652715,0.0013443437
2026-02-08T22:00:00.049000+00:00,0.0000110853,0.000477365
2026-02-08T23:00:00.015000+00:00,0.0002606672,0.0044706759
2026-02-09T00:00:00.009000+00:00,0.0000740776,0.0014852408
2026-02-09T01:00:00.034000+00:00,0.0000133207,0.0005131309
2026-02-09T02:00:00.118000+00:00,0.00000625,0.0002147494
2026-02-09T03:00:00.004000+00:00,0.00000625,0.0001856687
2026-02-09T04:00:00.091000+00:00,0.00000625,0.0001748889
2026-02-09T05:00:00.037000+00:00,0.00000625,0.0003470549
2026-02-09T06:00:00.020000+00:00,0.00000625,0.0003093296
2026-02-09T07:00:00.026000+00:00,0.00000625,0.0002127917
2026-02-09T08:00:00.013000+00:00,0.00000625,0.0002422292
2026-02-09T09:00:00.040000+00:00,0.00000625,-0.0000096109
2026-02-09T10:00:00.131000+00:00,0.00000625,0.0003837906
2026-02-09T11:00:00.088000+00:00,0.00000625,0.000071028
2026-02-09T12:00:00.030000+00:00,0.00000625,0.0000186726
2026-02-09T13:00:00.020000+00:00,0.00000625,-0.0000446571
2026-02-09T14:00:00.015000+00:00,0.00000625,-0.000067956
2026-02-09T15:00:00.011000+00:00,0.00000625,0.0000391389
2026-02-09T16:00:00.001000+00:00,0.0000083306,0.0004332888
2026-02-09T17:00:00.038000+00:00,0.0000143635,0.0005298155
2026-02-09T18:00:00.060000+00:00,0.00000625,-0.0000054971
2026-02-09T19:00:00.023000+00:00,0.00000625,-0.0000598578
2026-02-09T20:00:00.059000+00:00,0.00000625,0.0002579729
2026-02-09T21:00:00.068000+00:00,0.00000625,0.0001778864
2026-02-09T22:00:00.065000+00:00,0.00000625,-0.0000926288
2026-02-09T23:00:00.046000+00:00,0.000063154,0.0013104636
2026-02-10T00:00:00.013000+00:00,0.00000625,0.0003682555
2026-02-10T01:00:00.012000+00:00,0.00000625,0.0001582028
2026-02-10T02:00:00.055000+00:00,0.00000625,-0.0000894579
2026-02-10T03:00:00.057000+00:00,0.00000625,0.0000050822
2026-02-10T04:00:00.071000+00:00,0.0000107923,0.0004726773
2026-02-10T05:00:00.024000+00:00,0.0000104987,0.0004679786
2026-02-10T06:00:00.028000+00:00,0.00000625,0.0001072807
2026-02-10T07:00:00.090000+00:00,0.00000625,-0.0000085061
2026-02-10T08:00:00.018000+00:00,0.00000625,-0.0001085016
2026-02-10T09:00:00.041000+00:00,0.00000625,-0.0001688266
2026-02-10T10:00:00.028000+00:00,0.00000625,0.0001281566
2026-02-10T11:00:00.100000+00:00,0.00000625,-0.0001140406
2026-02-10T12:00:00.032000+00:00,0.00000625,0.0000674891
2026-02-10T13:00:00.106000+00:00,0.00000625,-0.0001156049
2026-02-10T14:00:00.038000+00:00,0.0000013395,-0.0002785673
2026-02-10T15:00:00.006000+00:00,-0.0000096673,-0.0004546768
2026-02-10T16:00:00.009000+00:00,-0.0000200972,-0.0006215548
2026-02-10T17:00:00.070000+00:00,-0.0000392253,-0.0009276054
2026-02-10T18:00:00.065000+00:00,0.00000625,-0.0001724067
2026-02-10T19:00:00.015000+00:00,0.00000625,-0.0000713216
2026-02-10T20:00:00.053000+00:00,-0.0000013756,-0.0003220089
2026-02-10T21:00:00.100000+00:00,0.00000625,-0.0000611077
2026-02-10T22:00:00.070000+00:00,0.00000625,0.0000236555
2026-02-10T23:00:00.016000+00:00,0.00000625,0.0000417125
2026-02-11T00:00:00.036000+00:00,0.00000625,-0.0000147819
2026-02-11T01:00:00.007000+00:00,0.00000625,-0.000043383
2026-02-11T02:00:00.051000+00:00,0.00000625,-0.000191609
2026-02-11T03:00:00.098000+00:00,0.00000625,-0.0000421304
2026-02-11T04:00:00.071000+00:00,0.00000625,0.0001397214
2026-02-11T05:00:00.030000+00:00,0.00000625,0.0002412741
2026-02-11T06:00:00.005000+00:00,0.00000625,-0.0000054008
2026-02-11T07:00:00.062000+00:00,0.0000003522,-0.000294365
2026-02-11T08:00:00.095000+00:00,0.00000625,-0.0000992847
2026-02-11T09:00:00.114000+00:00,0.00000625,-0.0001251567
2026-02-11T10:00:00.048000+00:00,0.00000625,0.0000656508
2026-02-11T11:00:00.086000+00:00,0.00000625,0.0001166745
2026-02-11T12:00:00.022000+00:00,0.0000126638,0.0005026213
2026-02-11T13:00:00.055000+00:00,0.00000625,0.0003401647
2026-02-11T14:00:00.087000+00:00,0.00000625,0.0003621729
2026-02-11T15:00:00.012000+00:00,0.00000625,0.0001835569
2026-02-11T16:00:00.074000+00:00,0.00000625,0.0003577467
2026-02-11T17:00:00.077000+00:00,0.00000625,0.0003403069
2026-02-11T18:00:00.062000+00:00,0.000007401,0.0004184167
2026-02-11T19:00:00.045000+00:00,0.00000625,0.0003672043
2026-02-11T20:00:00.051000+00:00,0.000009251,0.0004480163
2026-02-11T21:00:00.053000+00:00,0.0000126568,0.0005025085
2026-02-11T22:00:00.067000+00:00,0.0000072942,0.0004167069
2026-02-11T23:00:00.087000+00:00,0.0000548654,0.0011778462
2026-02-12T00:00:00.006000+00:00,0.0000246819,0.0006949104
2026-02-12T01:00:00.034000+00:00,0.00000625,0.0000303015
2026-02-12T02:00:00.037000+00:00,0.00000625,0.000252079
2026-02-12T03:00:00.057000+00:00,0.00000625,0.0001156919
2026-02-12T04:00:00.004000+00:00,0.00000625,-0.0001310614
2026-02-12T05:00:00.075000+00:00,0.00000625,0.0003819931
2026-02-12T06:00:00.077000+00:00,0.00000625,-0.0001862336
2026-02-12T07:00:00.029000+00:00,0.00000625,0.0001030363
2026-02-12T08:00:00.036000+00:00,0.0000112851,0.0004805621
2026-02-12T09:00:00.054000+00:00,0.00000625,0.0003240442
2026-02-12T10:00:00.022000+00:00,0.00000625,0.0002520451
2026-02-12T11:00:00.008000+00:00,0.00000625,0.0001875053
2026-02-12T12:00:00.064000+00:00,0.00000625,0.0001806547
2026-02-12T13:00:00.056000+00:00,0.0000199388,0.0006190209
2026-02-12T14:00:00.023000+00:00,0.00000625,0.0003922107
2026-02-12T15:00:00.004000+00:00,0.0000069036,0.0004104581
2026-02-12T16:00:00.043000+00:00,0.00000625,0.0002296519
2026-02-12T17:00:00.026000+00:00,0.00000625,0.0002075216
2026-02-12T18:00:00.015000+00:00,0.0000104083,0.0004665321
2026-02-12T19:00:00.053000+00:00,0.00000625,0.000115122
2026-02-12T20:00:00.037000+00:00,0.00000625,0.0001328421
2026-02-12T21:00:00.043000+00:00,0.00000625,0.0003493539
2026-02-12T22:00:00.010000+00:00,0.0000232693,0.0006723093
2026-02-12T23:00:00.072000+00:00,0.0001312814,0.0024005018
2026-02-13T00:00:00.092000+00:00,0.000014582,0.0005333122
2026-02-13T01:00:00.083000+00:00,0.00000625,0.0003831997
2026-02-13T02:00:00.050000+00:00,0.00000625,0.0003138623
2026-02-13T03:00:00.009000+00:00,0.00000625,0.0002396541
2026-02-13T04:00:00.087000+00:00,0.00000625,0.0001577336
2026-02-13T05:00:00.083000+00:00,0.00000625,0.0001630124
2026-02-13T06:00:00.070000+00:00,0.00000625,0.0002027951
2026-02-13T07:00:00.056000+00:00,0.00000625,0.0000452093
2026-02-13T08:00:00.018000+00:00,0.00000625,0.0000650404
2026-02-13T09:00:00.087000+00:00,0.00000625,0.0000031973
2026-02-13T10:00:00.004000+00:00,0.00000625,0.0002149659
2026-02-13T11:00:00.117000+00:00,0.00000625,0.0002906977
2026-02-13T12:00:00.059000+00:00,0.00000625,0.0003735783
2026-02-13T13:00:00.040000+00:00,0.00000625,0.000027167
2026-02-13T14:00:00.092000+00:00,0.00000625,0.0001235452
2026-02-13T15:00:00.081000+00:00,0.00000625,-0.0000254171
2026-02-13T16:00:00.038000+00:00,0.00000625,0.0003072625
2026-02-13T17:00:00.023000+00:00,0.00000625,0.0000246185
2026-02-13T18:00:00.120000+00:00,0.00000625,0.000389656
2026-02-13T19:00:00.063000+00:00,0.00000625,0.0002565865
2026-02-13T20:00:00.048000+00:00,0.00000625,0.0002863929
2026-02-13T21:00:00.056000+00:00,0.0000110209,0.0004763338
2026-02-13T22:00:00.018000+00:00,0.00000625,0.0001617678
2026-02-13T23:00:00.072000+00:00,0.00000625,-0.0001652722
2026-02-14T00:00:00.041000+00:00,-0.0000092817,-0.0004485075
2026-02-14T01:00:00.085000+00:00,0.00000625,-0.000191897
2026-02-14T02:00:00.103000+00:00,0.00000625,0.0000846807
2026-02-14T03:00:00.007000+00:00,0.00000625,0.0000523013
2026-02-14T04:00:00.098000+00:00,0.00000625,0.0000685922
2026-02-14T05:00:00.016000+00:00,0.00000625,-0.0000201625
2026-02-14T06:00:00.103000+00:00,0.00000625,0.0000588199
2026-02-14T07:00:00.037000+00:00,0.00000625,0.0000830062
2026-02-14T08:00:00.001000+00:00,0.00000625,0.0000392408
2026-02-14T09:00:00.050000+00:00,0.0000221829,0.0006549259
2026-02-14T10:00:00.086000+00:00,0.00000625,0.0003682215
2026-02-14T11:00:00.026000+00:00,0.00000625,0.0003785557
2026-02-14T12:00:00.125000+00:00,0.00000625,0.0002177704
2026-02-14T13:00:00.083000+00:00,0.00000625,-0.0000028404
2026-02-14T14:00:00.055000+00:00,0.00000625,0.0000110648
2026-02-14T15:00:00.081000+00:00,0.00000625,-0.0000101654
2026-02-14T16:00:00.035000+00:00,0.00000625,-0.0000908478
2026-02-14T17:00:00.075000+00:00,0.0000060593,-0.0002030517
2026-02-14T18:00:00.102000+00:00,0.00000625,-0.0001939356
2026-02-14T19:00:00.005000+00:00,0.00000625,-0.0000400171
2026-02-14T20:00:00.071000+00:00,0.00000625,0.0001116364
2026-02-14T21:00:00.056000+00:00,0.00000625,0.0000190581
2026-02-14T22:00:00.045000+00:00,0.00000625,0.0000486094
2026-02-14T23:00:00.022000+00:00,0.00000625,-0.0000108566
2026-02-15T00:00:00.102000+00:00,0.00000625,0.0000259665
2026-02-15T01:00:00.052000+00:00,0.00000625,-0.0001664041
2026-02-15T02:00:00.088000+00:00,0.00000625,0.0000216359
2026-02-15T03:00:00.093000+00:00,0.00000625,0.0000659565
2026-02-15T04:00:00.058000+00:00,0.00000625,0.00005265
2026-02-15T05:00:00.004000+00:00,0.00000625,-0.000020277
2026-02-15T06:00:00.027000+00:00,0.0000053671,-0.0002141257
2026-02-15T07:00:00.020000+00:00,0.00000625,-0.0001096363
2026-02-15T08:00:00.027000+00:00,0.00000625,-0.0001470802
2026-02-15T09:00:00.043000+00:00,0.00000625,-0.0000765695
2026-02-15T10:00:00.001000+00:00,0.00000625,0.0002303458
2026-02-15T11:00:00.015000+00:00,0.00000625,0.000193446
2026-02-15T12:00:00.014000+00:00,0.00000625,0.0000310414
2026-02-15T13:00:00.012000+00:00,0.00000625,0.0001716642
2026-02-15T14:00:00.023000+00:00,0.00000625,0.000309786
2026-02-15T15:00:00.014000+00:00,0.00000625,0.0002831264
2026-02-15T16:00:00.083000+00:00,0.00000625,0.0002254818
2026-02-15T17:00:00.027000+00:00,0.0002356566,0.0040705057
2026-02-15T18:00:00.006000+00:00,0.00000625,0.0002421962
2026-02-15T19:00:00.023000+00:00,-0.0000294474,-0.0007711581
2026-02-15T20:00:00.060000+00:00,-0.000049645,-0.0010943193
2026-02-15T21:00:00.008000+00:00,0.0000548257,0.0011772118
2026-02-15T22:00:00.058000+00:00,0.0000363874,0.0008821978
2026-02-15T23:00:00.053000+00:00,-0.0000187872,-0.000600595
2026-02-16T00:00:00.071000+00:00,0.0001171667,0.0021746679
2026-02-16T01:00:00.023000+00:00,0.0000458011,0.0010328174
2026-02-16T02:00:00.070000+00:00,0.0000582763,0.0012324216
2026-02-16T03:00:00.088000+00:00,0.0000776621,0.0015425941
2026-02-16T04:00:00.033000+00:00,0.00000625,0.0002418812
2026-02-16T05:00:00.025000+00:00,0.000024659,0.0006945447
2026-02-16T06:00:00.006000+00:00,0.00000625,0.0003649992
2026-02-16T07:00:00.043000+00:00,0.00000625,-0.0000537763
2026-02-16T08:00:00.025000+00:00,0.00000625,-0.0000900707
2026-02-16T09:00:00.002000+00:00,0.00000625,-0.0001113378
2026-02-16T10:00:00.026000+00:00,0.00000625,0.0000273258
2026-02-16T11:00:00+00:00,0.0000053809,-0.0002139063
2026-02-16T12:00:00.075000+00:00,0.00000625,-0.0001206099
2026-02-16T13:00:00.013000+00:00,0.00000625,0.0000809452
2026-02-16T14:00:00.083000+00:00,0.00000625,-0.0001127139
2026-02-16T15:00:00.037000+00:00,0.00000625,0.0001145177
2026-02-16T16:00:00.099000+00:00,0.00000625,0.0000050787
2026-02-16T17:00:00.019000+00:00,0.00000625,0.0000552634
2026-02-16T18:00:00.138000+00:00,-0.0000043763,-0.0003700212
2026-02-16T19:00:00.072000+00:00,0.00000625,0.0000351205
2026-02-16T20:00:00.001000+00:00,0.000044165,0.0010066395
2026-02-16T21:00:00.070000+00:00,0.0000455999,0.001029598
2026-02-16T22:00:00.043000+00:00,0.0000073813,0.0004181008
2026-02-16T23:00:00.088000+00:00,0.0000542196,0.0011675137
2026-02-17T00:00:00.063000+00:00,0.00000625,0.0001735197
2026-02-17T01:00:00.070000+00:00,0.0000077619,0.0004241898
2026-02-17T02:00:00.032000+00:00,-0.0000027614,-0.0003441819
2026-02-17T03:00:00.021000+00:00,-0.000013916,-0.0005226555
2026-02-17T04:00:00.061000+00:00,0.00000625,0.0000019228
2026-02-17T05:00:00.038000+00:00,0.00000625,-0.000017382
2026-02-17T06:00:00.104000+00:00,0.00000625,0.0003992226
2026-02-17T07:00:00.044000+00:00,0.00000625,-0.0001711248
2026-02-17T08:00:00.015000+00:00,0.00000625,-0.0001045386
2026-02-17T09:00:00.082000+00:00,0.00000625,0.0001635666
2026-02-17T10:00:00.097000+00:00,0.00000625,0.0001681368
2026-02-17T11:00:00.042000+00:00,0.00000625,0.0000815647
2026-02-17T12:00:00.044000+00:00,0.00000625,0.0001805235
2026-02-17T13:00:00.044000+00:00,0.00000625,0.0002606122
2026-02-17T14:00:00.063000+00:00,0.0000102469,0.0004639505
2026-02-17T15:00:00.062000+00:00,0.0000155051,0.000548082
2026-02-17T16:00:00.071000+00:00,0.00000625,0.0002396837
2026-02-17T17:00:00.038000+00:00,0.00000625,-0.0001511617
2026-02-17T18:00:00.030000+00:00,0.00000625,0.0000634389
2026-02-17T19:00:00.003000+00:00,0.00000625,0.0000867485
2026-02-17T20:00:00.062000+00:00,0.00000625,0.0002461072
2026-02-17T21:00:00.058000+00:00,0.00000625,0.0003633827
2026-02-17T22:00:00.051000+00:00,0.0000143155,0.0005290479
2026-02-17T23:00:00.070000+00:00,0.0000176147,0.0005818351
2026-02-18T00:00:00.021000+00:00,0.0000149782,0.0005396511
2026-02-18T01:00:00.085000+00:00,0.0000214286,0.0006428578
2026-02-18T02:00:00.067000+00:00,0.0000274414,0.0007390623
2026-02-18T03:00:00.005000+00:00,0.0000255273,0.0007084367
2026-02-18T04:00:00.016000+00:00,0.0000156906,0.0005510496
2026-02-18T05:00:00.053000+00:00,0.0000086861,0.0004389775
2026-02-18T06:00:00.013000+00:00,0.00000625,0.0002854428
2026-02-18T07:00:00.044000+00:00,0.0000078405,0.0004254482
2026-02-18T08:00:00.085000+00:00,0.00000625,0.0003000323
2026-02-18T09:00:00.065000+00:00,0.00000625,0.0003503213
2026-02-18T10:00:00.081000+00:00,0.00000625,0.0002201943
2026-02-18T11:00:00.026000+00:00,0.00000625,0.0001940164
2026-02-18T12:00:00.017000+00:00,0.00000625,0.0001068497
2026-02-18T13:00:00.034000+00:00,0.00000625,0.0000332896
2026-02-18T14:00:00.046000+00:00,0.00000625,0.0003054699
2026-02-18T15:00:00.043000+00:00,0.0000156701,0.0005507217
2026-02-18T16:00:00.046000+00:00,0.00000625,0.000088191
2026-02-18T17:00:00.010000+00:00,0.00000625,0.0000050653
2026-02-18T18:00:00.003000+00:00,0.00000625,-0.0000181798
2026-02-18T19:00:00.072000+00:00,0.00000625,-0.0000743745
2026-02-18T20:00:00.039000+00:00,0.00000625,0.000099875
2026-02-18T21:00:00.040000+00:00,0.00000625,-0.0000588395
2026-02-18T22:00:00.035000+00:00,0.0000030825,-0.0002506804
2026-02-18T23:00:00.022000+00:00,0.00001522,0.0005435208
2026-02-19T00:00:00.054000+00:00,0.00000625,-0.0000332021
2026-02-19T01:00:00.073000+00:00,0.00000625,-0.0000287875
2026-02-19T02:00:00.079000+00:00,0.00000625,0.000032926
2026-02-19T03:00:00.021000+00:00,0.00000625,0.0001029094
2026-02-19T04:00:00.122000+00:00,0.00000625,0.000144677
2026-02-19T05:00:00.058000+00:00,0.00000625,-0.000005827
2026-02-19T06:00:00.072000+00:00,0.00000625,-0.0000207134
2026-02-19T07:00:00.126000+00:00,0.00000625,0.0002210668
2026-02-19T08:00:00.040000+00:00,0.00000625,0.000188867
2026-02-19T09:00:00.019000+00:00,0.00000625,0.000037831
2026-02-19T10:00:00.033000+00:00,0.00000625,0.0000571183
2026-02-19T11:00:00.010000+00:00,0.00000625,-0.0001403635
2026-02-19T12:00:00.062000+00:00,-0.0000025451,-0.000340722
2026-02-19T13:00:00.017000+00:00,-0.0000026884,-0.0003430147
2026-02-19T14:00:00.019000+00:00,0.0000045308,-0.0002275074
2026-02-19T15:00:00.067000+00:00,0.00000625,-0.0001166243
2026-02-19T16:00:00.026000+00:00,0.00000625,0.0000122472
2026-02-19T17:00:00.013000+00:00,0.00000625,-0.0001852413
2026-02-19T18:00:00+00:00,-0.0000071404,-0.0004142462
2026-02-19T19:00:00.043000+00:00,-0.000017922,-0.0005867524
2026-02-19T20:00:00.009000+00:00,0.0000024428,-0.0002609158
2026-02-19T21:00:00.023000+00:00,0.0000014511,-0.0002767822
2026-02-19T22:00:00.022000+00:00,-0.0000053173,-0.0003850773
2026-02-19T23:00:00.042000+00:00,-0.0000393176,-0.0009290811
2026-02-20T00:00:00.035000+00:00,-0.0000218681,-0.0006498902
2026-02-20T01:00:00.190000+00:00,0.00000625,-0.0000108045
2026-02-20T02:00:00.054000+00:00,0.00000625,0.0003181022
2026-02-20T03:00:00.118000+00:00,0.0000230597,0.0006689552
2026-02-20T04:00:00.085000+00:00,0.000021174,0.0006387848
2026-02-20T05:00:00.048000+00:00,0.0000255161,0.0007082584
2026-02-20T06:00:00.033000+00:00,0.00000625,0.0003816431
2026-02-20T07:00:00.077000+00:00,0.0000379841,0.0009077455
2026-02-20T08:00:00.069000+00:00,0.0000528626,0.0011458012
2026-02-20T09:00:00.018000+00:00,0.0000435137,0.0009962186
2026-02-20T10:00:00.018000+00:00,0.0000428953,0.0009863253
2026-02-20T11:00:00.029000+00:00,0.0000384544,0.0009152705
2026-02-20T12:00:00.020000+00:00,0.0000323901,0.0008182409
2026-02-20T13:00:00.001000+00:00,0.0000323637,0.0008178195
2026-02-20T14:00:00.062000+00:00,0.0000416916,0.0009670654
2026-02-20T15:00:00.013000+00:00,0.0000561329,0.0011981269
2026-02-20T16:00:00.044000+00:00,0.0000479447,0.0010671159
2026-02-20T17:00:00.002000+00:00,0.0000412266,0.000959626
2026-02-20T18:00:00.056000+00:00,0.00000625,0.0002801328
2026-02-20T19:00:00.125000+00:00,0.00000625,0.0003868414
2026-02-20T20:00:00.028000+00:00,0.00000625,0.0003952712
2026-02-20T21:00:00.083000+00:00,0.00000625,0.0000767585
2026-02-20T22:00:00.095000+00:00,-0.000027215,-0.0007354402
2026-02-20T23:00:00.033000+00:00,0.0000176677,0.0005826839
2026-02-21T00:00:00.011000+00:00,0.00000625,0.0000897279
2026-02-21T01:00:00.131000+00:00,-0.0000175067,-0.0005801068
2026-02-21T02:00:00.011000+00:00,0.00000625,-0.0001311648
2026-02-21T03:00:00.063000+00:00,-0.0000114669,-0.00048347
2026-02-21T04:00:00.080000+00:00,0.00000625,0.0000176328
2026-02-21T05:00:00.080000+00:00,0.00000625,0.0000197157
2026-02-21T06:00:00.034000+00:00,0.00000625,0.0000979083
2026-02-21T07:00:00.068000+00:00,0.00000625,0.0001193362
2026-02-21T08:00:00.035000+00:00,0.00000625,0.0000991625
2026-02-21T09:00:00.020000+00:00,0.00000625,0.0003720003
2026-02-21T10:00:00.068000+00:00,0.000010522,0.0004683515
2026-02-21T11:00:00.028000+00:00,0.00000625,-0.0000014712
2026-02-21T12:00:00.071000+00:00,0.00000625,-0.0001394629
2026-02-21T13:00:00.019000+00:00,-0.0000038489,-0.0003615818
2026-02-21T14:00:00+00:00,0.00000625,-0.0000272855
2026-02-21T15:00:00.011000+00:00,0.00000625,-0.0001413036
2026-02-21T16:00:00.010000+00:00,0.00000625,0.0002875362
2026-02-21T17:00:00.060000+00:00,0.0000075479,0.0004207671
2026-02-21T18:00:00.086000+00:00,0.00000625,0.000231127
2026-02-21T19:00:00.111000+00:00,0.0000177402,0.0005838436
2026-02-21T20:00:00.048000+00:00,0.0000603959,0.0012663348
2026-02-21T21:00:00.024000+00:00,0.00000625,-0.0000648005
2026-02-21T22:00:00.037000+00:00,0.0000015571,-0.0002750859
2026-02-21T23:00:00.054000+00:00,0.00000625,-0.000044034
2026-02-22T00:00:00.015000+00:00,0.00000625,0.0002143929
2026-02-22T01:00:00.084000+00:00,0.00000625,0.0003111419
2026-02-22T02:00:00.046000+00:00,0.00000625,0.0003252947
2026-02-22T03:00:00.056000+00:00,0.0000460905,0.0010374479
2026-02-22T04:00:00.066000+00:00,0.0000208197,0.0006331158
2026-02-22T05:00:00.123000+00:00,0.00000625,0.0001965616
2026-02-22T06:00:00.012000+00:00,0.00000625,-0.0000258225
2026-02-22T07:00:00.039000+00:00,0.00000625,0.0002134848
2026-02-22T08:00:00.009000+00:00,0.00000625,0.0003057343
2026-02-22T09:00:00.017000+00:00,0.00000625,0.000070743
2026-02-22T10:00:00.091000+00:00,0.00000625,-0.0000257417
2026-02-22T11:00:00.056000+00:00,0.00000625,-0.0001560664
2026-02-22T12:00:00.075000+00:00,-0.0000037064,-0.000359303
2026-02-22T13:00:00.038000+00:00,0.00000625,0.0001423913
2026-02-22T14:00:00.048000+00:00,0.0000277035,0.0007432553
2026-02-22T15:00:00.114000+00:00,0.000068379,0.0013940645
2026-02-22T16:00:00.015000+00:00,0.00000625,0.0003997421
2026-02-22T17:00:00.036000+00:00,0.000080998,0.0015959676
2026-02-22T18:00:00.075000+00:00,0.0000265387,0.0007246197
2026-02-22T19:00:00.006000+00:00,0.00000625,0.0002488798
2026-02-22T20:00:00.029000+00:00,0.00000625,0.0000149211
2026-02-22T21:00:00+00:00,0.0000182219,0.0005915497
2026-02-22T22:00:00.023000+00:00,0.0000093839,0.0004501426
2026-02-22T23:00:00.093000+00:00,0.0001119876,0.0020918013
2026-02-23T00:00:00.016000+00:00,0.00001494,0.0005390403
2026-02-23T01:00:00.004000+00:00,0.0000002307,-0.0002963095
2026-02-23T02:00:00.025000+00:00,0.00000625,-0.0000515219
2026-02-23T03:00:00.025000+00:00,0.0000032084,-0.0002486653
2026-02-23T04:00:00.028000+00:00,0.0000058821,-0.0002058865
2026-02-23T05:00:00.010000+00:00,-0.0000117416,-0.000487866
2026-02-23T06:00:00.078000+00:00,-0.0000164087,-0.0005625397
2026-02-23T07:00:00.058000+00:00,-0.0000013669,-0.0003218705
2026-02-23T08:00:00.004000+00:00,-0.0000116006,-0.0004856096
2026-02-23T09:00:00.103000+00:00,-0.0000038053,-0.0003608842
2026-02-23T10:00:00.012000+00:00,0.00000625,-0.0001133754
2026-02-23T11:00:00.010000+00:00,0.00000625,0.0002407575
2026-02-23T12:00:00.004000+00:00,0.00000625,0.0000770924
2026-02-23T13:00:00.080000+00:00,0.00000625,-0.0000063688
2026-02-23T14:00:00.028000+00:00,0.00000625,0.0001937902
2026-02-23T15:00:00.059000+00:00,0.0000081345,0.0004301513
2026-02-23T16:00:00.045000+00:00,0.0000109677,0.0004754831
2026-02-23T17:00:00.042000+00:00,0.00000625,0.0002660087
2026-02-23T18:00:00.076000+00:00,0.00000625,0.0002455247
2026-02-23T19:00:00.053000+00:00,0.000021876,0.0006500153
2026-02-23T20:00:00.017000+00:00,0.0000379174,0.0009066785
2026-02-23T21:00:00.054000+00:00,0.000027169,0.0007347041
2026-02-23T22:00:00.029000+00:00,0.000016204,0.0005592643
2026-02-23T23:00:00.037000+00:00,0.0000422907,0.000976651
2026-02-24T00:00:00.048000+00:00,0.0000343912,0.0008502593
2026-02-24T01:00:00.134000+00:00,0.0000077903,0.0004246443
2026-02-24T02:00:00.050000+00:00,0.00000625,0.000340863
2026-02-24T03:00:00.046000+00:00,0.0000000708,-0.000298868
2026-02-24T04:00:00.015000+00:00,-0.0000061323,-0.0003981167
2026-02-24T05:00:00.026000+00:00,-0.0000079755,-0.0004276088
2026-02-24T06:00:00.085000+00:00,0.0000026825,-0.0002570793
2026-02-24T07:00:00.076000+00:00,0.00000625,0.0003808664
2026-02-24T08:00:00.022000+00:00,0.0000072593,0.0004161487
2026-02-24T09:00:00.048000+00:00,0.00001789,0.0005862404
2026-02-24T10:00:00.044000+00:00,0.0000176158,0.0005818524
2026-02-24T11:00:00.020000+00:00,0.0000192917,0.0006086669
2026-02-24T12:00:00.025000+00:00,0.0000070218,0.0004123486
2026-02-24T13:00:00.047000+00:00,0.00000625,-0.0001213359
2026-02-24T14:00:00.060000+00:00,0.00000625,0.0000248632
2026-02-24T15:00:00.057000+00:00,0.0000254416,0.0007070649
2026-02-24T16:00:00.005000+00:00,0.000032756,0.0008240965
2026-02-24T17:00:00.049000+00:00,0.0000360832,0.0008773319
2026-02-24T18:00:00.022000+00:00,0.0000065909,0.000405454
2026-02-24T19:00:00.066000+00:00,0.0000153958,0.0005463322
2026-02-24T20:00:00.026000+00:00,0.0000117411,0.0004878579
2026-02-24T21:00:00.002000+00:00,0.00000625,0.0000325108
2026-02-24T22:00:00.030000+00:00,0.00000625,0.0003545605
2026-02-24T23:00:00.078000+00:00,0.00000625,0.0001837519
2026-02-25T00:00:00.014000+00:00,0.00000625,0.0000476076
2026-02-25T01:00:00.032000+00:00,0.00000625,0.0001327087
2026-02-25T02:00:00.039000+00:00,0.000016278,0.000560448
2026-02-25T03:00:00.030000+00:00,0.0000110964,0.0004775423
2026-02-25T04:00:00.056000+00:00,0.0000262582,0.0007201311
2026-02-25T05:00:00.028000+00:00,0.0000359683,0.0008754924
2026-02-25T06:00:00.061000+00:00,0.0000286674,0.0007586781
2026-02-25T07:00:00+00:00,0.00000625,0.0001917956
2026-02-25T08:00:00.037000+00:00,0.00000625,0.0000022102
2026-02-25T09:00:00.060000+00:00,0.00000625,0.0002170325
2026-02-25T10:00:00.029000+00:00,0.00000625,0.000135412
2026-02-25T11:00:00.055000+00:00,0.00000625,0.000139205
2026-02-25T12:00:00.008000+00:00,0.0000077902,0.0004246425
2026-02-25T13:00:00.008000+00:00,0.00000625,0.0003104814
2026-02-25T14:00:00.023000+00:00,0.0000126245,0.0005019915
2026-02-25T15:00:00.051000+00:00,0.0000093389,0.000449423
2026-02-25T16:00:00.012000+00:00,0.0000068496,0.000409593
2026-02-25T17:00:00.075000+00:00,0.0000388679,0.0009218857
2026-02-25T18:00:00.088000+00:00,0.0000272152,0.0007354425
2026-02-25T19:00:00.128000+00:00,0.0000229155,0.0006666485
2026-02-25T20:00:00.055000+00:00,0.00000625,0.0002842073
2026-02-25T21:00:00.015000+00:00,0.00000625,0.0003125602
2026-02-25T22:00:00+00:00,0.00000625,0.0001450119
2026-02-25T23:00:00.045000+00:00,-0.0000487813,-0.0010805003
2026-02-26T00:00:00.036000+00:00,-0.0000159256,-0.0005548099
2026-02-26T01:00:00.091000+00:00,-0.0000184764,-0.0005956225
2026-02-26T02:00:00.018000+00:00,0.0000004454,-0.000292873
2026-02-26T03:00:00.060000+00:00,-0.0000006205,-0.0003099273
2026-02-26T04:00:00.013000+00:00,0.0000042116,-0.0002326145
2026-02-26T05:00:00.058000+00:00,0.00000625,0.0000270337
2026-02-26T06:00:00.099000+00:00,0.0000024729,-0.000260433
2026-02-26T07:00:00.021000+00:00,0.00000625,-0.0001539931
2026-02-26T08:00:00.072000+00:00,0.0000041293,-0.000233931
2026-02-26T09:00:00.076000+00:00,-0.0000112957,-0.0004807307
2026-02-26T10:00:00.108000+00:00,-0.0000102502,-0.0004640036
2026-02-26T11:00:00.073000+00:00,-0.000003588,-0.0003574081
2026-02-26T12:00:00.041000+00:00,0.00000625,0.0001119111
2026-02-26T13:00:00.051000+00:00,0.00000625,0.0003390915
2026-02-26T14:00:00.019000+00:00,0.00000625,0.0001988216
2026-02-26T15:00:00.033000+00:00,0.00000625,0.0000921076
2026-02-26T16:00:00.028000+00:00,0.00000625,-0.000049686
2026-02-26T17:00:00.027000+00:00,0.00000625,-0.0001408205
2026-02-26T18:00:00.023000+00:00,-0.0000031988,-0.0003511805
2026-02-26T19:00:00.009000+00:00,0.00000361,-0.0002422393
2026-02-26T20:00:00.035000+00:00,0.00000625,0.000304793
2026-02-26T21:00:00.019000+00:00,0.00000625,0.0000007253
2026-02-26T22:00:00.019000+00:00,0.00000625,-0.0001493478
2026-02-26T23:00:00.054000+00:00,-0.0000595612,-0.0012529793
2026-02-27T00:00:00.001000+00:00,0.00000625,-0.0000086082
2026-02-27T01:00:00.078000+00:00,0.00000625,-0.0001660409
2026-02-27T02:00:00.016000+00:00,0.0000022179,-0.0002645133
2026-02-27T03:00:00.116000+00:00,0.00000625,0.0002356859
2026-02-27T04:00:00.057000+00:00,0.00000625,0.0003645758
2026-02-27T05:00:00.058000+00:00,0.00000625,0.000325541
2026-02-27T06:00:00.053000+00:00,0.00000625,0.00021033
2026-02-27T07:00:00.067000+00:00,0.00000625,0.0003616436
2026-02-27T08:00:00.017000+00:00,0.00000625,0.0003625766
2026-02-27T09:00:00.026000+00:00,0.00000625,0.0002593895
2026-02-27T10:00:00.074000+00:00,0.00000625,0.0002657648
2026-02-27T11:00:00.078000+00:00,0.00000625,0.0001791825
2026-02-27T12:00:00.028000+00:00,0.00000625,0.0001645094
2026-02-27T13:00:00.020000+00:00,0.00000625,0.0002769513
2026-02-27T14:00:00.036000+00:00,0.00000625,0.0001343889
2026-02-27T15:00:00.054000+00:00,0.00000625,-0.0001248756
2026-02-27T16:00:00.132000+00:00,0.00000625,0.0002391079
2026-02-27T17:00:00.041000+00:00,0.0000048356,-0.0002226298
2026-02-27T18:00:00.037000+00:00,0.00000625,0.000300594
2026-02-27T19:00:00.012000+00:00,0.00000625,0.0002047634
2026-02-27T20:00:00.028000+00:00,0.00000625,-0.0000652386
2026-02-27T21:00:00.037000+00:00,0.00000625,0.0001250663
2026-02-27T22:00:00.023000+00:00,0.00000625,-0.0000233723
2026-02-27T23:00:00.014000+00:00,0.000026874,0.0007299838
2026-02-28T00:00:00.086000+00:00,0.0000170131,0.0005722099
2026-02-28T01:00:00.090000+00:00,0.0000225218,0.000660349
2026-02-28T02:00:00.058000+00:00,0.000037306,0.0008968959
2026-02-28T03:00:00.012000+00:00,0.0000310074,0.0007961186
2026-02-28T04:00:00.088000+00:00,0.0000222799,0.0006564788
2026-02-28T05:00:00.063000+00:00,0.0000689602,0.0014033633
2026-02-28T06:00:00.065000+00:00,0.0000219989,0.0006519829
2026-02-28T07:00:00.026000+00:00,0.0003588891,0.006042225
2026-02-28T08:00:00.028000+00:00,0.0002361853,0.004078965
2026-02-28T09:00:00.012000+00:00,0.0002925712,0.0049811395
2026-02-28T10:00:00.008000+00:00,0.000342769,0.0057843044
2026-02-28T11:00:00.008000+00:00,0.0000374191,0.0008987063
2026-02-28T12:00:00.032000+00:00,-0.0001424808,-0.0025796926
2026-02-28T13:00:00.035000+00:00,-0.0002912717,-0.0049603468
2026-02-28T14:00:00.033000+00:00,-0.0000273207,-0.0007371305
2026-02-28T15:00:00.021000+00:00,-0.000281579,-0.0048052647
2026-02-28T16:00:00.041000+00:00,-0.00006497,-0.00133952
2026-02-28T17:00:00.025000+00:00,0.0000966797,0.0018468753
2026-02-28T18:00:00.015000+00:00,0.0000237138,0.00067942
2026-02-28T19:00:00.074000+00:00,0.0000020726,-0.0002668381
2026-02-28T20:00:00.039000+00:00,-0.0000668417,-0.0013694674
2026-02-28T21:00:00.041000+00:00,-0.0001578669,-0.0028258707
2026-02-28T22:00:00.035000+00:00,-0.0000575635,-0.0012210166
2026-02-28T23:00:00.066000+00:00,0.0000512573,0.0011201163
2026-03-01T00:00:00.168000+00:00,0.0000651728,0.0013427643
2026-03-01T01:00:00.024000+00:00,0.0000819125,0.0016105996
2026-03-01T02:00:00.052000+00:00,-0.0000620159,-0.0012922551
2026-03-01T03:00:00.074000+00:00,-0.000279676,-0.004774816
2026-03-01T04:00:00.034000+00:00,-0.0002504557,-0.0043072912
2026-03-01T05:00:00.052000+00:00,0.0000408368,0.0009533895
2026-03-01T06:00:00.071000+00:00,0.00000625,0.0003642057
2026-03-01T07:00:00.018000+00:00,0.00000625,0.0000843185
2026-03-01T08:00:00.093000+00:00,0.0000118126,0.0004890018
2026-03-01T09:00:00.017000+00:00,0.0000444603,0.0010113641
2026-03-01T10:00:00.018000+00:00,0.0001764843,0.0031237485
2026-03-01T11:00:00.017000+00:00,0.0000124646,0.0004994343
2026-03-01T12:00:00.039000+00:00,-0.0000615055,-0.0012840875
2026-03-01T13:00:00.054000+00:00,0.0000619806,0.0012916893
2026-03-01T14:00:00.029000+00:00,0.0001638448,0.002921516
2026-03-01T15:00:00.027000+00:00,0.0000847793,0.0016564681
2026-03-01T16:00:00.018000+00:00,0.0000360382,0.0008766118
2026-03-01T17:00:00.120000+00:00,0.0001519957,0.0027319314
2026-03-01T18:00:00.070000+00:00,0.0001473775,0.00265804
2026-03-01T19:00:00.062000+00:00,0.0000591682,0.0012466912
2026-03-01T20:00:00.026000+00:00,0.0000421368,0.0009741881
2026-03-01T21:00:00.065000+00:00,0.0003789297,0.0063628745
2026-03-01T22:00:00.085000+00:00,0.000373232,0.0062717123
2026-03-01T23:00:00.005000+00:00,0.0001120288,0.002092461
2026-03-02T00:00:00.044000+00:00,0.00000625,0.0003504364
2026-03-02T01:00:00.048000+00:00,-0.0000084538,-0.000435261
2026-03-02T02:00:00.044000+00:00,-0.0000317138,-0.0008074201
2026-03-02T03:00:00.063000+00:00,-0.0000196734,-0.0006147739
2026-03-02T04:00:00.048000+00:00,-0.000010118,-0.0004618884
2026-03-02T05:00:00.071000+00:00,0.00000625,0.0000851099
2026-03-02T06:00:00.062000+00:00,-0.0000165277,-0.0005644427
2026-03-02T07:00:00.054000+00:00,-0.0000168079,-0.0005689267
2026-03-02T08:00:00.003000+00:00,-0.0000073449,-0.0004175185
2026-03-02T09:00:00.091000+00:00,-0.0000146344,-0.0005341501
2026-03-02T10:00:00.007000+00:00,-0.0000175038,-0.0005800601
2026-03-02T11:00:00.019000+00:00,-0.0000056868,-0.0003909884
2026-03-02T12:00:00.016000+00:00,-0.0000321324,-0.0008141176
2026-03-02T13:00:00.034000+00:00,-0.0000211401,-0.0006382412
2026-03-02T14:00:00.035000+00:00,-0.0000038091,-0.0003609462
2026-03-02T15:00:00.070000+00:00,0.00000625,0.0001473749
2026-03-02T16:00:00.053000+00:00,-0.0000098561,-0.0004576975
2026-03-02T17:00:00.086000+00:00,0.00000625,0.0000767509
2026-03-02T18:00:00.025000+00:00,0.00000625,0.0000144697
2026-03-02T19:00:00.044000+00:00,0.00000625,0.0002649259
2026-03-02T20:00:00.120000+00:00,0.0000049173,-0.0002213226
2026-03-02T21:00:00.038000+00:00,0.00000625,0.0001688007
2026-03-02T22:00:00.033000+00:00,0.00000625,0.000013428
2026-03-02T23:00:00.068000+00:00,0.0000521903,0.0011350445
2026-03-03T00:00:00.062000+00:00,0.00000625,-0.000090028
2026-03-03T01:00:00.052000+00:00,0.00000625,-0.000109573
2026-03-03T02:00:00.011000+00:00,0.00000625,-0.0001002635
2026-03-03T03:00:00.058000+00:00,0.00000625,0.0002754601
2026-03-03T04:00:00.010000+00:00,0.00000625,0.0000203197
2026-03-03T05:00:00.074000+00:00,0.00000625,0.0000085126
2026-03-03T06:00:00.050000+00:00,-0.0000341507,-0.0008464115
2026-03-03T07:00:00.069000+00:00,-0.0000210754,-0.0006372065
2026-03-03T08:00:00.009000+00:00,-0.0000089586,-0.0004433373
2026-03-03T09:00:00.114000+00:00,-0.000023771,-0.0006803362
2026-03-03T10:00:00.046000+00:00,-0.0000424263,-0.0009788203
2026-03-03T11:00:00.006000+00:00,0.00000625,-0.000063912
2026-03-03T12:00:00.013000+00:00,0.0000187614,0.000600183
2026-03-03T13:00:00.012000+00:00,-0.0000031757,-0.0003508109
2026-03-03T14:00:00.039000+00:00,0.00000625,-0.0001904912
2026-03-03T15:00:00.007000+00:00,0.00000625,0.0000896117
2026-03-03T16:00:00.004000+00:00,0.00000625,0.0002190994
2026-03-03T17:00:00.041000+00:00,0.00000625,0.0000521535
2026-03-03T18:00:00.015000+00:00,0.00000625,0.000336155
2026-03-03T19:00:00.049000+00:00,0.0000124388,0.0004990202
2026-03-03T20:00:00.007000+00:00,0.0000136054,0.0005176861
2026-03-03T21:00:00.014000+00:00,0.0000157082,0.0005513316
2026-03-03T22:00:00.070000+00:00,0.00000625,0.0000951634
2026-03-03T23:00:00.016000+00:00,0.0000353429,0.000865487
2026-03-04T00:00:00.034000+00:00,0.00000625,0.0002305906
2026-03-04T01:00:00.049000+00:00,0.00000625,0.0000101597
2026-03-04T02:00:00.060000+00:00,0.00000625,-0.0001657729
2026-03-04T03:00:00.052000+00:00,-0.000010071,-0.0004611364
2026-03-04T04:00:00.001000+00:00,0.0000022283,-0.0002643468
2026-03-04T05:00:00.064000+00:00,-0.0000117978,-0.0004887642
2026-03-04T06:00:00.079000+00:00,-0.000017386,-0.0005781753
2026-03-04T07:00:00.095000+00:00,0.00000625,0.0002901425
2026-03-04T08:00:00.047000+00:00,0.0000031457,-0.0002496689
2026-03-04T09:00:00.010000+00:00,0.00000625,0.0003141662
2026-03-04T10:00:00.069000+00:00,0.00000625,0.0003161811
2026-03-04T11:00:00.024000+00:00,0.00000625,0.0000976125
2026-03-04T12:00:00.133000+00:00,0.00000625,0.0002869665
2026-03-04T13:00:00.019000+00:00,0.00000625,0.0001752194
2026-03-04T14:00:00.036000+00:00,0.0000214609,0.0006433751
2026-03-04T15:00:00.023000+00:00,0.0000121738,0.0004947804
2026-03-04T16:00:00.011000+00:00,0.00000625,0.0001755021
2026-03-04T17:00:00.095000+00:00,0.00000625,0.0000812806
2026-03-04T18:00:00.092000+00:00,0.00000625,-0.0000621857
2026-03-04T19:00:00.093000+00:00,0.00000625,-0.0000697003
2026-03-04T20:00:00.047000+00:00,0.0000058412,-0.0002065409
2026-03-04T21:00:00.048000+00:00,0.00000625,0.0000937354
2026-03-04T22:00:00.024000+00:00,0.00000625,0.0003114738
2026-03-04T23:00:00.045000+00:00,0.0000317123,0.0008073965
2026-03-05T00:00:00.022000+00:00,0.00000625,0.0001580072
2026-03-05T01:00:00.018000+00:00,0.00000625,0.0002666358
2026-03-05T02:00:00.139000+00:00,0.00000625,0.00007858
2026-03-05T03:00:00.019000+00:00,0.00000625,0.0000473178
2026-03-05T04:00:00.027000+00:00,0.0000141417,0.0005262672
2026-03-05T05:00:00.001000+00:00,0.00000625,0.000127692
2026-03-05T06:00:00.037000+00:00,0.0000033326,-0.0002466777
2026-03-05T07:00:00.091000+00:00,0.0000062183,-0.0002005075
2026-03-05T08:00:00.033000+00:00,0.00000625,-0.0001684107
2026-03-05T09:00:00.063000+00:00,-0.0000013734,-0.0003219742
2026-03-05T10:00:00.091000+00:00,0.0000085299,0.0004364786
2026-03-05T11:00:00.017000+00:00,0.00000625,0.0003295472
2026-03-05T12:00:00.003000+00:00,0.00000625,0.0003301895
2026-03-05T13:00:00.009000+00:00,0.0000203175,0.0006250804
2026-03-05T14:00:00.024000+00:00,0.00000625,0.0001446808
2026-03-05T15:00:00.039000+00:00,0.00000625,-0.0001851288
2026-03-05T16:00:00.034000+00:00,0.00000625,0.0001982965
2026-03-05T17:00:00.083000+00:00,0.00000625,0.0003838834
2026-03-05T18:00:00.048000+00:00,0.0000085618,0.0004369883
2026-03-05T19:00:00.052000+00:00,0.0000171516,0.0005744259
2026-03-05T20:00:00.073000+00:00,0.00000625,0.000361691
2026-03-05T21:00:00.042000+00:00,0.0000209476,0.000635162
2026-03-05T22:00:00.028000+00:00,0.00002747,0.0007395206
2026-03-05T23:00:00.029000+00:00,0.0000164103,0.0005625649
2026-03-06T00:00:00.030000+00:00,0.0001538434,0.0027614937
2026-03-06T01:00:00.082000+00:00,0.00000625,0.0001825234
2026-03-06T02:00:00.006000+00:00,0.00000625,0.0002036856
2026-03-06T03:00:00.079000+00:00,0.00000625,0.0002359403
2026-03-06T04:00:00.026000+00:00,0.00000625,0.0002140434
2026-03-06T05:00:00.112000+00:00,0.00000625,0.0003220317
2026-03-06T06:00:00.019000+00:00,0.0000197617,0.0006161876
2026-03-06T07:00:00.028000+00:00,0.0000224269,0.0006588304
2026-03-06T08:00:00.021000+00:00,0.0000275559,0.0007408951
2026-03-06T09:00:00.022000+00:00,0.0000284717,0.0007555472
2026-03-06T10:00:00.031000+00:00,0.00000625,0.0003393552
2026-03-06T11:00:00.036000+00:00,0.00000625,0.0001736991
2026-03-06T12:00:00.052000+00:00,0.00000625,0.0002221585
2026-03-06T13:00:00.052000+00:00,0.00000625,0.0002050117
2026-03-06T14:00:00.033000+00:00,0.00000625,0.0000304077
2026-03-06T15:00:00.037000+00:00,0.00000625,0.0003820547
2026-03-06T16:00:00.062000+00:00,0.00003693,0.0008908807
2026-03-06T17:00:00.089000+00:00,0.0000346101,0.0008537623
2026-03-06T18:00:00.056000+00:00,0.0000078263,0.0004252207
2026-03-06T19:00:00.066000+00:00,0.0000171453,0.0005743253
2026-03-06T20:00:00.046000+00:00,0.00000625,0.0003404471
2026-03-06T21:00:00.021000+00:00,0.00000625,0.0003122853
2026-03-06T22:00:00.046000+00:00,0.00000625,0.0001693224
2026-03-06T23:00:00.092000+00:00,0.00000625,0.0002545863
2026-03-07T00:00:00.061000+00:00,0.00000625,0.0000446835
2026-03-07T01:00:00.027000+00:00,-0.0000016952,-0.0003271234
2026-03-07T02:00:00.050000+00:00,0.00000625,0.0000611381
2026-03-07T03:00:00.045000+00:00,0.00000625,0.0003671663
2026-03-07T04:00:00.014000+00:00,0.0000291242,0.0007659866
2026-03-07T05:00:00.052000+00:00,0.0000183002,0.0005928031
2026-03-07T06:00:00.070000+00:00,0.00000625,0.0001383219
2026-03-07T07:00:00.068000+00:00,0.00000625,0.00004087
2026-03-07T08:00:00.015000+00:00,0.0000048345,-0.0002226483
2026-03-07T09:00:00.005000+00:00,0.00000625,-0.0001951525
2026-03-07T10:00:00.014000+00:00,0.000020349,0.0006255844
2026-03-07T11:00:00.002000+00:00,0.0000087223,0.0004395574
2026-03-07T12:00:00.031000+00:00,0.0000109374,0.0004749983
2026-03-07T13:00:00.033000+00:00,0.0000097458,0.0004559333
2026-03-07T14:00:00.084000+00:00,0.00000625,0.0000543565
2026-03-07T15:00:00.012000+00:00,0.00000625,0.0000504022
2026-03-07T16:00:00.014000+00:00,0.00000625,0.0002633175
2026-03-07T17:00:00.077000+00:00,0.00000625,0.0000281531
2026-03-07T18:00:00.110000+00:00,-0.000008524,-0.0004363846
2026-03-07T19:00:00.003000+00:00,0.0000018402,-0.0002705565
2026-03-07T20:00:00.010000+00:00,-0.0000024377,-0.0003390037
2026-03-07T21:00:00.135000+00:00,-0.0000049416,-0.0003790658
2026-03-07T22:00:00.082000+00:00,0.00000625,-0.0000604906
2026-03-07T23:00:00.068000+00:00,0.00000625,0.0002279643
2026-03-08T00:00:00.002000+00:00,0.00000625,0.0001278837
2026-03-08T01:00:00.030000+00:00,0.00000625,0.0003418059
2026-03-08T02:00:00.003000+00:00,0.00000625,0.0002757099
2026-03-08T03:00:00.042000+00:00,0.00000625,-0.0000532032
2026-03-08T04:00:00.001000+00:00,-0.0000213823,-0.0006421168
2026-03-08T05:00:00.024000+00:00,-0.0000120074,-0.0004921192
2026-03-08T06:00:00.045000+00:00,0.0000015721,-0.0002748457
2026-03-08T07:00:00.036000+00:00,0.00000625,-0.0000818193
2026-03-08T08:00:00.041000+00:00,0.00000625,-0.0000350538
2026-03-08T09:00:00.029000+00:00,0.00000625,0.0000786657
2026-03-08T10:00:00.035000+00:00,0.00000625,-0.0000641054
2026-03-08T11:00:00.036000+00:00,0.00000625,-0.0001814596
2026-03-08T12:00:00.021000+00:00,-0.0000170882,-0.0005734111
2026-03-08T13:00:00.049000+00:00,-0.0000141058,-0.0005256925
2026-03-08T14:00:00.061000+00:00,0.0000059336,-0.0002050621
2026-03-08T15:00:00.088000+00:00,-0.0000032109,-0.000351374
2026-03-08T16:00:00.024000+00:00,-0.0000012123,-0.0003193975
2026-03-08T17:00:00.018000+00:00,-0.0000007598,-0.0003121569
2026-03-08T18:00:00.004000+00:00,-0.0000036181,-0.0003578898
2026-03-08T19:00:00+00:00,-0.000002914,-0.0003466248
2026-03-08T20:00:00.074000+00:00,0.00000625,0.0001612345
2026-03-08T21:00:00.003000+00:00,0.00000625,0.0003466026
2026-03-08T22:00:00.038000+00:00,-0.0000086076,-0.0004377209
2026-03-08T23:00:00.057000+00:00,0.00000625,-0.000170273
2026-03-09T00:00:00.091000+00:00,0.00000625,-0.0001823543
2026-03-09T01:00:00.052000+00:00,-0.0000197729,-0.0006163667
2026-03-09T02:00:00.016000+00:00,-0.0000241432,-0.0006862914
2026-03-09T03:00:00.012000+00:00,-0.0000487696,-0.0010803142
2026-03-09T04:00:00.030000+00:00,-0.0000168343,-0.0005693493
2026-03-09T05:00:00.088000+00:00,-0.0000400609,-0.0009409745
2026-03-09T06:00:00.070000+00:00,-0.0000173769,-0.000578031
2026-03-09T07:00:00.026000+00:00,-0.0000148369,-0.0005373897
2026-03-09T08:00:00.094000+00:00,-0.0000012404,-0.0003198468
2026-03-09T09:00:00.114000+00:00,-0.0000036189,-0.0003579021
2026-03-09T10:00:00.108000+00:00,0.00000625,-0.0001952991
2026-03-09T11:00:00.050000+00:00,-0.0000000301,-0.0003004821
2026-03-09T12:00:00.051000+00:00,-0.000000634,-0.000310144
2026-03-09T13:00:00.073000+00:00,0.00000625,0.0001706106
2026-03-09T14:00:00.061000+00:00,0.0000066101,0.0004057616
2026-03-09T15:00:00.084000+00:00,0.00000625,0.0002935499
2026-03-09T16:00:00.075000+00:00,0.00000625,0.0002809713
2026-03-09T17:00:00.049000+00:00,0.0000135093,0.000516148
2026-03-09T18:00:00.036000+00:00,0.00000625,0.0000743866
2026-03-09T19:00:00.053000+00:00,0.00000625,0.0001760331
2026-03-09T20:00:00.002000+00:00,0.0000167075,0.0005673194
2026-03-09T21:00:00.074000+00:00,0.00000625,0.000179479
2026-03-09T22:00:00.010000+00:00,-0.000040188,-0.0009430085
2026-03-09T23:00:00.038000+00:00,0.00000625,-0.0000441392
2026-03-10T00:00:00.042000+00:00,0.00000625,0.0003583932
2026-03-10T01:00:00.084000+00:00,0.0000119757,0.0004916109
2026-03-10T02:00:00.013000+00:00,0.0000111263,0.0004780203
2026-03-10T03:00:00.052000+00:00,0.00000625,0.0000997493
2026-03-10T04:00:00.041000+00:00,0.0000094742,0.0004515873
2026-03-10T05:00:00.054000+00:00,0.0000118531,0.000489649
2026-03-10T06:00:00.137000+00:00,0.00000625,0.0000217274
2026-03-10T07:00:00.065000+00:00,0.0000033842,-0.0002458526
2026-03-10T08:00:00.052000+00:00,0.0000028204,-0.0002548739
2026-03-10T09:00:00.017000+00:00,-0.0000082843,-0.0004325481
2026-03-10T10:00:00.060000+00:00,-0.0000033905,-0.0003542478
2026-03-10T11:00:00.011000+00:00,-0.0000035518,-0.0003568292
2026-03-10T12:00:00.038000+00:00,-0.0000015748,-0.0003251974
2026-03-10T13:00:00.061000+00:00,0.0000025254,-0.0002595938
2026-03-10T14:00:00.027000+00:00,0.00000625,-0.0000058875
2026-03-10T15:00:00.083000+00:00,0.00000625,0.0001049456
2026-03-10T16:00:00.045000+00:00,0.0000090152,0.0004442435
2026-03-10T17:00:00.004000+00:00,0.00000625,0.0002709088
2026-03-10T18:00:00.018000+00:00,0.00000625,0.0000667981
2026-03-10T19:00:00.049000+00:00,0.0000022171,-0.000264527
2026-03-10T20:00:00.050000+00:00,0.0000021121,-0.0002662069
2026-03-10T21:00:00.058000+00:00,-0.00001062,-0.0004699207
2026-03-10T22:00:00.068000+00:00,-0.0000001818,-0.0003029093
2026-03-10T23:00:00.061000+00:00,-0.0000069315,-0.0004109046
2026-03-11T00:00:00.088000+00:00,-0.0000122253,-0.000495605
2026-03-11T01:00:00.002000+00:00,-0.0000014552,-0.0003232826
2026-03-11T02:00:00.098000+00:00,0.0000037798,-0.0002395228
2026-03-11T03:00:00.016000+00:00,0.00000625,-0.0001546101
2026-03-11T04:00:00.038000+00:00,0.00000625,-0.000086859
2026-03-11T05:00:00.075000+00:00,0.00000625,-0.0001542095
2026-03-11T06:00:00.135000+00:00,0.0000039764,-0.000236378
2026-03-11T07:00:00.014000+00:00,-0.0000102827,-0.000464523
2026-03-11T08:00:00.056000+00:00,-0.0000069281,-0.0004108502
2026-03-11T09:00:00.082000+00:00,0.00000625,-0.000090926
2026-03-11T10:00:00.084000+00:00,0.00000625,-0.0000314241
2026-03-11T11:00:00.001000+00:00,0.00000625,0.0001077749
2026-03-11T12:00:00.013000+00:00,0.00000625,0.000245314
2026-03-11T13:00:00.063000+00:00,0.00000625,0.0001462071
2026-03-11T14:00:00.004000+00:00,0.00000625,0.0001254041
2026-03-11T15:00:00.051000+00:00,0.00000625,0.0001863676
2026-03-11T16:00:00.065000+00:00,0.00000625,0.0000360152
2026-03-11T17:00:00.068000+00:00,0.00000625,0.0000063223
2026-03-11T18:00:00.102000+00:00,0.00000625,-0.0001830216
2026-03-11T19:00:00.082000+00:00,0.00000625,-0.0001750529
2026-03-11T20:00:00.026000+00:00,0.00000625,0.0001557855
2026-03-11T21:00:00.008000+00:00,0.00000625,-0.0000683797
2026-03-11T22:00:00.035000+00:00,0.00000625,-0.0001108092
2026-03-11T23:00:00.069000+00:00,0.00000625,0.0000570123
2026-03-12T00:00:00.084000+00:00,0.00000625,-0.0000089492
2026-03-12T01:00:00.006000+00:00,0.00000625,-0.0001301495
2026-03-12T02:00:00.080000+00:00,0.0000027562,-0.0002559005
2026-03-12T03:00:00.036000+00:00,-0.0000118159,-0.000489055
2026-03-12T04:00:00.065000+00:00,-0.0000267625,-0.0007281999
2026-03-12T05:00:00.094000+00:00,-0.0000257582,-0.000712131
2026-03-12T06:00:00.108000+00:00,-0.0000151102,-0.0005417625
2026-03-12T07:00:00.046000+00:00,-0.0000159046,-0.0005544739
2026-03-12T08:00:00.068000+00:00,-0.0000105494,-0.0004687904
2026-03-12T09:00:00.063000+00:00,-0.000020117,-0.0006218727
2026-03-12T10:00:00.013000+00:00,-0.0000119706,-0.0004915298
2026-03-12T11:00:00.017000+00:00,-0.0000068007,-0.0004088109
2026-03-12T12:00:00.106000+00:00,-0.0000143484,-0.000529575
2026-03-12T13:00:00.062000+00:00,0.0000031237,-0.0002500201
2026-03-12T14:00:00.110000+00:00,-0.0000073151,-0.0004170417
2026-03-12T15:00:00.024000+00:00,0.00000625,-0.0001839998
2026-03-12T16:00:00.064000+00:00,0.00000625,-0.0000566736
2026-03-12T17:00:00.004000+00:00,0.00000625,0.000071576
2026-03-12T18:00:00.004000+00:00,0.00000625,0.0000457342
2026-03-12T19:00:00.025000+00:00,0.00000625,-0.0000979917
2026-03-12T20:00:00.165000+00:00,0.00000625,-0.0000350675
2026-03-12T21:00:00.073000+00:00,0.00000625,-0.000024289
2026-03-12T22:00:00.071000+00:00,0.00000625,-0.0001927748
2026-03-12T23:00:00.070000+00:00,0.0000015987,-0.0002744214
2026-03-13T00:00:00.061000+00:00,0.00000625,0.0000003046
2026-03-13T01:00:00.032000+00:00,0.00000625,-0.0001972883
2026-03-13T02:00:00.025000+00:00,0.00000625,-0.0001139253
2026-03-13T03:00:00.021000+00:00,0.00000625,-0.0000245551
2026-03-13T04:00:00.099000+00:00,-0.0000014695,-0.0003235122
2026-03-13T05:00:00.089000+00:00,-0.0000079102,-0.0004265632
2026-03-13T06:00:00.064000+00:00,0.00000625,-0.0001968885
2026-03-13T07:00:00.082000+00:00,0.00000625,0.0000542889
2026-03-13T08:00:00.016000+00:00,0.00000625,-0.0001177738
2026-03-13T09:00:00.045000+00:00,0.00000625,0.0001294551
2026-03-13T10:00:00.034000+00:00,0.00000625,0.0001796046
2026-03-13T11:00:00.010000+00:00,0.00000625,0.0000506603
2026-03-13T12:00:00.009000+00:00,0.00000625,0.0001885347
2026-03-13T13:00:00.059000+00:00,0.00000625,0.0000838692
2026-03-13T14:00:00.032000+00:00,0.00000625,-0.0000065014
2026-03-13T15:00:00.021000+00:00,0.00000625,0.0003194684
2026-03-13T16:00:00.051000+00:00,0.00000625,0.0003873285
2026-03-13T17:00:00.044000+00:00,0.0000209364,0.0006349824
2026-03-13T18:00:00.052000+00:00,0.00000625,0.0003255797
2026-03-13T19:00:00.006000+00:00,0.00000625,0.0002163189
2026-03-13T20:00:00.021000+00:00,0.00000625,0.0000209401
2026-03-13T21:00:00.092000+00:00,-0.0000160939,-0.000557503
2026-03-13T22:00:00.005000+00:00,0.0000051191,-0.0002180945
2026-03-13T23:00:00.109000+00:00,0.0000177362,0.0005837798
2026-03-14T00:00:00.044000+00:00,0.00000625,0.0001665142
2026-03-14T01:00:00.094000+00:00,-0.0000021385,-0.0003342162
2026-03-14T02:00:00.100000+00:00,0.00000625,-0.000137195
2026-03-14T03:00:00.013000+00:00,-0.0000199188,-0.0006187009
2026-03-14T04:00:00.019000+00:00,0.00000625,-0.0000671332
2026-03-14T05:00:00.095000+00:00,0.00000625,0.0000378214
2026-03-14T06:00:00.072000+00:00,0.0000133502,0.0005136027
2026-03-14T07:00:00.036000+00:00,0.00000625,0.0000350066
2026-03-14T08:00:00.041000+00:00,0.0000061581,-0.0002014712
2026-03-14T09:00:00.025000+00:00,0.00000625,0.0001567319
2026-03-14T10:00:00.098000+00:00,0.0000069595,0.0004113524
2026-03-14T11:00:00.047000+00:00,0.00000625,0.0000936501
2026-03-14T12:00:00.020000+00:00,0.00000625,-0.0001767551
2026-03-14T13:00:00.042000+00:00,0.00000625,-0.0000858687
2026-03-14T14:00:00.076000+00:00,-0.00000002,-0.0003003194
2026-03-14T15:00:00.009000+00:00,-0.0000005833,-0.0003093326
2026-03-14T16:00:00.100000+00:00,0.00000625,0.0002727285
2026-03-14T17:00:00.061000+00:00,0.00000625,0.0000350646
2026-03-14T18:00:00.018000+00:00,0.00000625,0.0000702751
2026-03-14T19:00:00.048000+00:00,0.00000625,0.0002392471
2026-03-14T20:00:00.035000+00:00,0.00000625,0.0000564093
2026-03-14T21:00:00.015000+00:00,0.00000625,-0.0001614503
2026-03-14T22:00:00.041000+00:00,0.00000625,-0.0000872106
2026-03-14T23:00:00.044000+00:00,0.00000625,0.0001039845
2026-03-15T00:00:00.099000+00:00,0.00000625,-0.0001509275
2026-03-15T01:00:00.102000+00:00,0.00000625,-0.0000130873
2026-03-15T02:00:00.005000+00:00,-0.0000003869,-0.0003061904
2026-03-15T03:00:00.130000+00:00,0.00000625,-0.0001632932
2026-03-15T04:00:00.040000+00:00,0.00000625,-0.0000923149
2026-03-15T05:00:00.066000+00:00,0.00000625,0.0000319303
2026-03-15T06:00:00.010000+00:00,0.00000625,0.0000973861
2026-03-15T07:00:00.046000+00:00,0.00000625,0.0002060446
2026-03-15T08:00:00.003000+00:00,0.00000625,0.0000181073
2026-03-15T09:00:00.067000+00:00,0.0000041714,-0.0002332574
2026-03-15T10:00:00.003000+00:00,0.000000205,-0.0002967199
2026-03-15T11:00:00.039000+00:00,0.00000625,-0.0001196161
2026-03-15T12:00:00.060000+00:00,0.00000625,-0.0000177841
2026-03-15T13:00:00.023000+00:00,0.0000000955,-0.0002984725
2026-03-15T14:00:00.023000+00:00,0.0000016705,-0.0002732718
2026-03-15T15:00:00.084000+00:00,0.00000625,-0.0001086601
2026-03-15T16:00:00.034000+00:00,-0.0000093259,-0.000449215
2026-03-15T17:00:00.036000+00:00,-0.0000770247,-0.0015323957
2026-03-15T18:00:00.003000+00:00,-0.0000544697,-0.0011715147
2026-03-15T19:00:00.127000+00:00,-0.0000085452,-0.0004367235
2026-03-15T20:00:00.024000+00:00,0.0000011409,-0.0002817448
2026-03-15T21:00:00.083000+00:00,-0.0000179023,-0.0005864374
2026-03-15T22:00:00.019000+00:00,0.0000185571,0.000596914
2026-03-15T23:00:00.037000+00:00,-0.0000064326,-0.0004029221
2026-03-16T00:00:00.090000+00:00,-0.0000043583,-0.000369733
2026-03-16T01:00:00.002000+00:00,0.00000625,-0.0000283102
2026-03-16T02:00:00.078000+00:00,0.00000625,0.0001208178
2026-03-16T03:00:00.040000+00:00,0.0000039513,-0.000236779
2026-03-16T04:00:00.012000+00:00,-0.0000154579,-0.0005473261
2026-03-16T05:00:00.021000+00:00,-0.0000134574,-0.0005153182
2026-03-16T06:00:00.092000+00:00,-0.0000040317,-0.0003645079
2026-03-16T07:00:00.033000+00:00,-0.0000058826,-0.0003941213
2026-03-16T08:00:00.062000+00:00,0.00000625,-0.0000891107
2026-03-16T09:00:00.035000+00:00,0.00000625,0.0000569135
2026-03-16T10:00:00.042000+00:00,0.00000625,0.0001378784
2026-03-16T11:00:00.013000+00:00,0.00000625,0.0002619164
2026-03-16T12:00:00.013000+00:00,0.00000625,0.0002486374
2026-03-16T13:00:00+00:00,0.0000189344,0.0006029502
2026-03-16T14:00:00.099000+00:00,0.00000625,0.0003880928
2026-03-16T15:00:00.013000+00:00,0.00000625,0.000236365
2026-03-16T16:00:00.033000+00:00,0.00000625,-0.0000551523
2026-03-16T17:00:00.023000+00:00,0.00000625,0.0000823143
2026-03-16T18:00:00.045000+00:00,0.00000625,0.0001565685
2026-03-16T19:00:00.080000+00:00,0.00000625,0.0003639462
2026-03-16T20:00:00.001000+00:00,0.00000625,0.0002172295
2026-03-16T21:00:00.032000+00:00,0.00000625,0.0000708614
2026-03-16T22:00:00+00:00,0.0000356703,0.0008707243
2026-03-16T23:00:00.003000+00:00,0.00000625,0.0002874187
2026-03-17T00:00:00.034000+00:00,0.0000078933,0.0004262931
2026-03-17T01:00:00.045000+00:00,0.00000625,0.0001836509
2026-03-17T02:00:00.050000+00:00,0.0000074249,0.0004187988
2026-03-17T03:00:00.010000+00:00,0.0000143038,0.0005288616
2026-03-17T04:00:00.073000+00:00,0.00000625,0.0002977935
2026-03-17T05:00:00.048000+00:00,0.00000625,-0.0000487794
2026-03-17T06:00:00.113000+00:00,0.00000625,-0.0000727729
2026-03-17T07:00:00.039000+00:00,0.00000625,0.0002505599
2026-03-17T08:00:00+00:00,0.00000625,0.0002025745
2026-03-17T09:00:00.002000+00:00,0.00000625,0.0003673381
2026-03-17T10:00:00.075000+00:00,0.00000625,0.0000031208
2026-03-17T11:00:00.115000+00:00,0.00000625,-0.0000387629
2026-03-17T12:00:00.006000+00:00,0.00000625,-0.0000907179
2026-03-17T13:00:00.013000+00:00,0.00000625,0.0000084284
2026-03-17T14:00:00.047000+00:00,0.00000625,0.0001177475
2026-03-17T15:00:00.074000+00:00,0.00000625,0.0003745232
2026-03-17T16:00:00.038000+00:00,0.00000625,0.0003978281
2026-03-17T17:00:00.054000+00:00,0.00000625,0.0000981238
2026-03-17T18:00:00.071000+00:00,0.00000625,0.0003198676
2026-03-17T19:00:00.018000+00:00,0.00000625,0.0002885037
2026-03-17T20:00:00.034000+00:00,0.0000151523,0.0005424365
2026-03-17T21:00:00.072000+00:00,0.0000081374,0.0004301985
2026-03-17T22:00:00.003000+00:00,0.0000230798,0.0006692768
2026-03-17T23:00:00.011000+00:00,0.00000625,0.000277527
2026-03-18T00:00:00.028000+00:00,0.00000625,-0.0000115755
2026-03-18T01:00:00.016000+00:00,0.00000625,0.0003231457
2026-03-18T02:00:00.026000+00:00,0.0000097189,0.000455503
2026-03-18T03:00:00.060000+00:00,0.00000625,0.0003303963
2026-03-18T04:00:00.054000+00:00,0.00000625,0.0000189205
2026-03-18T05:00:00.001000+00:00,0.00000625,0.0001605352
2026-03-18T06:00:00.067000+00:00,0.00000625,0.0000914293
2026-03-18T07:00:00.033000+00:00,0.00000625,0.0000454931
2026-03-18T08:00:00.005000+00:00,0.00000625,0.0000221121
2026-03-18T09:00:00.052000+00:00,0.00000625,0.0002050729
2026-03-18T10:00:00.037000+00:00,0.00000625,0.0000690341
2026-03-18T11:00:00.025000+00:00,0.00000625,0.000259438
2026-03-18T12:00:00.062000+00:00,0.00000625,0.0003389277
2026-03-18T13:00:00.007000+00:00,0.00000625,0.000290567
2026-03-18T14:00:00.026000+00:00,0.0000156872,0.0005509951
2026-03-18T15:00:00.035000+00:00,0.0000236472,0.000678356
2026-03-18T16:00:00.009000+00:00,0.0000162936,0.0005606974
2026-03-18T17:00:00.066000+00:00,0.0000147677,0.0005362838
2026-03-18T18:00:00.052000+00:00,0.000020271,0.0006243359
2026-03-18T19:00:00.045000+00:00,0.00000625,0.0003279261
2026-03-18T20:00:00.055000+00:00,0.0000187805,0.0006004877
2026-03-18T21:00:00.050000+00:00,0.0000246429,0.000694286
2026-03-18T22:00:00.035000+00:00,0.0001182881,0.0021926093
2026-03-18T23:00:00.040000+00:00,0.0000176808,0.0005828929
2026-03-19T00:00:00.090000+00:00,0.0000093807,0.0004500913
2026-03-19T01:00:00.009000+00:00,0.00000625,0.0003120775
2026-03-19T02:00:00.012000+00:00,0.00000625,0.0003516681
2026-03-19T03:00:00.041000+00:00,0.00000625,0.0003011033
2026-03-19T04:00:00.010000+00:00,0.0000181583,0.0005905327
2026-03-19T05:00:00.090000+00:00,0.00000625,0.0002968904
2026-03-19T06:00:00.052000+00:00,0.00000625,0.0002140239
2026-03-19T07:00:00.107000+00:00,0.0000224354,0.0006589662
2026-03-19T08:00:00.064000+00:00,0.0000899972,0.0017399558
2026-03-19T09:00:00.026000+00:00,0.0000931835,0.0017909357
2026-03-19T10:00:00.123000+00:00,0.000050577,0.001109232
2026-03-19T11:00:00.052000+00:00,0.0000522517,0.001136028
2026-03-19T12:00:00.006000+00:00,0.00005956,0.0012529607
2026-03-19T13:00:00.045000+00:00,0.0000929429,0.0017870857
2026-03-19T14:00:00.059000+00:00,0.0000393193,0.000929109
2026-03-19T15:00:00.002000+00:00,0.0000195544,0.0006128709
2026-03-19T16:00:00.031000+00:00,0.0000398447,0.000937516
2026-03-19T17:00:00.011000+00:00,0.0000155494,0.0005487912
2026-03-19T18:00:00.049000+00:00,0.0000299895,0.0007798316
2026-03-19T19:00:00.024000+00:00,0.0000526062,0.0011416989
2026-03-19T20:00:00.037000+00:00,0.0000520951,0.0011335216
2026-03-19T21:00:00.022000+00:00,0.00000625,0.0000636983
2026-03-19T22:00:00.001000+00:00,-0.0000326242,-0.0008219872
2026-03-19T23:00:00.001000+00:00,0.00000625,-0.000117088
2026-03-20T00:00:00.103000+00:00,0.00000625,-0.0001072021
2026-03-20T01:00:00.073000+00:00,0.00000625,-0.0000597996
2026-03-20T02:00:00.053000+00:00,0.00000625,0.0000977249
2026-03-20T03:00:00.072000+00:00,0.00000625,0.0001187536
2026-03-20T04:00:00.004000+00:00,0.00000625,-0.0001316213
2026-03-20T05:00:00.107000+00:00,0.00000625,-0.0000965552
2026-03-20T06:00:00.096000+00:00,-0.0000089803,-0.0004436848
2026-03-20T07:00:00.012000+00:00,0.00000625,0.000090024
2026-03-20T08:00:00.003000+00:00,0.000007074,0.0004131834
2026-03-20T09:00:00.021000+00:00,0.0000096851,0.0004549608
2026-03-20T10:00:00.063000+00:00,0.0000062963,0.0004007409
2026-03-20T11:00:00.048000+00:00,0.0000231632,0.0006706112
2026-03-20T12:00:00.087000+00:00,0.0000172785,0.0005764555
2026-03-20T13:00:00.148000+00:00,0.0000196289,0.0006140619
2026-03-20T14:00:00.115000+00:00,0.00000625,0.0003680656
2026-03-20T15:00:00.034000+00:00,0.0000471772,0.0010548354
2026-03-20T16:00:00.074000+00:00,0.0000255197,0.0007083145
2026-03-20T17:00:00.075000+00:00,0.0000438942,0.0010023074
2026-03-20T18:00:00.035000+00:00,0.0000226817,0.0006629069
2026-03-20T19:00:00.044000+00:00,0.0000344306,0.0008508893
2026-03-20T20:00:00.034000+00:00,0.0000557896,0.001192634
2026-03-20T21:00:00.007000+00:00,0.0000228687,0.0006658995
2026-03-20T22:00:00+00:00,0.0000492717,0.0010883469
2026-03-20T23:00:00.047000+00:00,0.000052144,0.0011343047
2026-03-21T00:00:00.093000+00:00,0.00000625,0.0001042938
2026-03-21T01:00:00.011000+00:00,-0.0000025742,-0.0003411875
2026-03-21T02:00:00.032000+00:00,0.00000625,0.0000570157
2026-03-21T03:00:00.013000+00:00,0.00000625,0.000231361
2026-03-21T04:00:00.040000+00:00,0.00000625,-0.0000520503
2026-03-21T05:00:00.041000+00:00,0.00000625,0.0000562584
2026-03-21T06:00:00.066000+00:00,0.00000625,-0.0000488014
2026-03-21T07:00:00.010000+00:00,0.00000625,0.0001933109
2026-03-21T08:00:00.075000+00:00,0.00000625,0.000188114
2026-03-21T09:00:00.064000+00:00,0.0000161093,0.0005577489
2026-03-21T10:00:00+00:00,0.00000625,0.0002319781
2026-03-21T11:00:00.008000+00:00,0.00000625,-0.0001655802
2026-03-21T12:00:00.094000+00:00,-0.0000016682,-0.0003266905
2026-03-21T13:00:00.015000+00:00,0.00000625,-0.0000851192
2026-03-21T14:00:00.045000+00:00,0.0000043338,-0.000230659
2026-03-21T15:00:00.051000+00:00,0.00000625,0.00006764
2026-03-21T16:00:00.039000+00:00,0.00000625,-0.000076281
2026-03-21T17:00:00.032000+00:00,0.0000002662,-0.0002957403
2026-03-21T18:00:00.020000+00:00,-0.0000121057,-0.0004936905
2026-03-21T19:00:00.057000+00:00,0.0000008294,-0.0002867299
2026-03-21T20:00:00.073000+00:00,0.00000625,-0.0000201303
2026-03-21T21:00:00.086000+00:00,0.00000625,-0.0001020014
2026-03-21T22:00:00.004000+00:00,0.00000625,0.0001003565
2026-03-21T23:00:00.026000+00:00,0.0000037899,-0.0002393612
2026-03-22T00:00:00.042000+00:00,0.0000038764,-0.000237978
2026-03-22T01:00:00.020000+00:00,-0.0000194176,-0.000610682
2026-03-22T02:00:00.085000+00:00,-0.0000175639,-0.0005810225
2026-03-22T03:00:00.085000+00:00,-0.0000069694,-0.0004115111
2026-03-22T04:00:00.007000+00:00,0.00000625,0.0002648602
2026-03-22T05:00:00.062000+00:00,0.00000625,0.0002084857
2026-03-22T06:00:00.062000+00:00,-0.0000147335,-0.0005357362
2026-03-22T07:00:00.088000+00:00,0.00000625,-0.0001446329
2026-03-22T08:00:00.050000+00:00,0.00000625,0.0003092334
2026-03-22T09:00:00.062000+00:00,0.0000052764,-0.000215577
2026-03-22T10:00:00.003000+00:00,0.00000625,0.0002872353
2026-03-22T11:00:00.044000+00:00,0.00000625,0.0002215605
2026-03-22T12:00:00.049000+00:00,-0.0000087957,-0.0004407314
2026-03-22T13:00:00.046000+00:00,-0.0000544152,-0.0011706426
2026-03-22T14:00:00.011000+00:00,0.00000625,0.0001863209
2026-03-22T15:00:00.042000+00:00,0.00000625,0.000074152
2026-03-22T16:00:00.021000+00:00,0.00000625,-0.0001292314
2026-03-22T17:00:00.006000+00:00,0.00000625,0.0000610717
2026-03-22T18:00:00.081000+00:00,-0.0000147549,-0.0005360788
2026-03-22T19:00:00.039000+00:00,-0.0000180122,-0.0005881958
2026-03-22T20:00:00.048000+00:00,-0.0000010847,-0.0003173546
2026-03-22T21:00:00.082000+00:00,-0.0000030885,-0.0003494167
2026-03-22T22:00:00.090000+00:00,-0.0000333156,-0.0008330502
2026-03-22T23:00:00.049000+00:00,0.0000390922,0.0009254756
2026-03-23T00:00:00.261000+00:00,0.000046995,0.0010519203
2026-03-23T01:00:00.069000+00:00,0.0000579098,0.0012265566
2026-03-23T02:00:00.040000+00:00,0.0000190522,0.0006048354
2026-03-23T03:00:00.111000+00:00,0.0000340518,0.0008448288
2026-03-23T04:00:00.086000+00:00,0.0000283621,0.0007537937
2026-03-23T05:00:00.014000+00:00,0.0000091991,0.0004471848
2026-03-23T06:00:00.068000+00:00,0.0000202616,0.0006241861
2026-03-23T07:00:00.043000+00:00,0.0001010494,0.001916791
2026-03-23T08:00:00.066000+00:00,0.0001201663,0.0022226607
2026-03-23T09:00:00.071000+00:00,0.0000221315,0.0006541046
2026-03-23T10:00:00.081000+00:00,0.0000672966,0.0013767463
2026-03-23T11:00:00.004000+00:00,0.0000364207,0.0008827314
2026-03-23T12:00:00.045000+00:00,0.0000217299,0.0006476778
2026-03-23T13:00:00.056000+00:00,0.0000099323,0.0004589167
2026-03-23T14:00:00.053000+00:00,0.0000193117,0.0006089877
2026-03-23T15:00:00.071000+00:00,0.0000148142,0.0005370275
2026-03-23T16:00:00.048000+00:00,0.00000625,0.0001790586
2026-03-23T17:00:00.080000+00:00,0.00000625,0.000270042
2026-03-23T18:00:00.041000+00:00,0.0000122708,0.0004963328
2026-03-23T19:00:00.054000+00:00,0.0000130515,0.0005088237
2026-03-23T20:00:00.019000+00:00,0.0000145621,0.0005329935
2026-03-23T21:00:00.090000+00:00,0.0000140679,0.0005250859
2026-03-23T22:00:00.162000+00:00,0.000022548,0.0006607687
2026-03-23T23:00:00.056000+00:00,0.0000087809,0.0004404945
2026-03-24T00:00:00.027000+00:00,0.000036263,0.0008802084
2026-03-24T01:00:00.082000+00:00,0.0000200836,0.0006213379
2026-03-24T02:00:00.034000+00:00,0.0000114173,0.0004826768
2026-03-24T03:00:00+00:00,0.00000625,0.0003461685
2026-03-24T04:00:00.016000+00:00,0.00000625,0.0002408086
2026-03-24T05:00:00.079000+00:00,0.00000625,0.0001860552
2026-03-24T06:00:00.003000+00:00,0.00000625,0.000375594
2026-03-24T07:00:00.088000+00:00,0.00000625,0.0001208195
2026-03-24T08:00:00.033000+00:00,0.00000625,0.0002901309
2026-03-24T09:00:00.051000+00:00,0.0000115604,0.0004849661
2026-03-24T10:00:00.105000+00:00,0.0000163217,0.0005611467
2026-03-24T11:00:00.045000+00:00,0.00000625,0.0003651191
2026-03-24T12:00:00.096000+00:00,0.00000625,-0.0000349378
2026-03-24T13:00:00.028000+00:00,0.00000625,0.0002098082
2026-03-24T14:00:00.089000+00:00,0.00000625,0.0001563779
2026-03-24T15:00:00.033000+00:00,0.0000086632,0.0004386113
2026-03-24T16:00:00.039000+00:00,0.0000202994,0.00062479
2026-03-24T17:00:00.061000+00:00,0.0000194875,0.0006118006
2026-03-24T18:00:00.062000+00:00,0.0000065485,0.0004047764
2026-03-24T19:00:00.040000+00:00,0.00000625,0.0003330602
2026-03-24T20:00:00.058000+00:00,0.00000625,0.0002994268
2026-03-24T21:00:00.159000+00:00,0.0000104304,0.0004668862
2026-03-24T22:00:00.052000+00:00,0.00000625,0.0002126351
2026-03-24T23:00:00.069000+00:00,0.000032669,0.0008227036
2026-03-25T00:00:00.048000+00:00,0.0000236259,0.0006780147
2026-03-25T01:00:00.110000+00:00,0.00000625,0.0001423964
2026-03-25T02:00:00.086000+00:00,0.0000032696,-0.0002476857
2026-03-25T03:00:00.069000+00:00,-0.0000080642,-0.0004290265
2026-03-25T04:00:00.059000+00:00,0.00000625,0.0000029595
2026-03-25T05:00:00.076000+00:00,0.00000625,-0.0001641081
2026-03-25T06:00:00.043000+00:00,-0.0000009893,-0.0003158281
2026-03-25T07:00:00.053000+00:00,0.00000625,-0.0001240494
2026-03-25T08:00:00.007000+00:00,0.00000625,-0.0000379869
2026-03-25T09:00:00.057000+00:00,0.00000625,-0.0000259809
2026-03-25T10:00:00.090000+00:00,0.00000625,0.0000761707
2026-03-25T11:00:00.018000+00:00,0.00000625,-0.0000732756
2026-03-25T12:00:00.038000+00:00,0.00000625,0.0001742319
2026-03-25T13:00:00.032000+00:00,0.00000625,0.0001186127
2026-03-25T14:00:00.041000+00:00,0.0000153592,0.0005457469
2026-03-25T15:00:00.062000+00:00,0.0000181113,0.0005897814
2026-03-25T16:00:00.052000+00:00,0.00000625,0.0003995126
2026-03-25T17:00:00.022000+00:00,0.0000133117,0.0005129866
2026-03-25T18:00:00.075000+00:00,0.00000625,0.0003796628
2026-03-25T19:00:00.037000+00:00,0.00000625,-0.0000575442
2026-03-25T20:00:00.025000+00:00,0.00000625,0.0002596992
2026-03-25T21:00:00.066000+00:00,0.00000625,0.0001448122
2026-03-25T22:00:00.023000+00:00,0.0000316579,0.0008065259
2026-03-25T23:00:00.072000+00:00,0.00000625,0.0000939531
2026-03-26T00:00:00.035000+00:00,0.00000625,-0.0000782441
2026-03-26T01:00:00.006000+00:00,-0.0000176903,-0.0005830444
2026-03-26T02:00:00.139000+00:00,-0.0000046954,-0.0003751257
2026-03-26T03:00:00.114000+00:00,-0.0000130833,-0.0005093322
2026-03-26T04:00:00.110000+00:00,-0.0000144142,-0.0005306265
2026-03-26T05:00:00.097000+00:00,-0.0000086656,-0.0004386497
2026-03-26T06:00:00.014000+00:00,0.00000625,-0.0001947328
2026-03-26T07:00:00.009000+00:00,-0.000008907,-0.0004425121
2026-03-26T08:00:00.094000+00:00,-0.0000173362,-0.0005773797
2026-03-26T09:00:00.075000+00:00,-0.0000070113,-0.0004121815
2026-03-26T10:00:00.001000+00:00,0.00000625,-0.0001365067
2026-03-26T11:00:00.072000+00:00,0.00000625,0.0003691528
2026-03-26T12:00:00.020000+00:00,0.00000625,0.0003453261
2026-03-26T13:00:00.078000+00:00,0.00000625,0.0002211218
2026-03-26T14:00:00.066000+00:00,0.00000625,0.0001654187
2026-03-26T15:00:00.018000+00:00,0.00000625,-0.0001001665
2026-03-26T16:00:00.055000+00:00,0.00000625,-0.0000478058
2026-03-26T17:00:00.026000+00:00,0.00000625,0.00032185
2026-03-26T18:00:00.030000+00:00,0.0000171527,0.0005744427
2026-03-26T19:00:00.003000+00:00,0.0000102723,0.0004643571
2026-03-26T20:00:00.077000+00:00,0.0000171682,0.000574692
2026-03-26T21:00:00.031000+00:00,0.00000625,0.0003533118
2026-03-26T22:00:00.068000+00:00,0.0001137418,0.0021198683
2026-03-26T23:00:00.071000+00:00,0.00000625,0.0001711668
2026-03-27T00:00:00.013000+00:00,0.00000625,0.0003336492
2026-03-27T01:00:00.004000+00:00,0.00000625,0.0003293843
2026-03-27T02:00:00.007000+00:00,0.00000625,0.0003662327
2026-03-27T03:00:00.045000+00:00,0.00000625,0.0000550235
2026-03-27T04:00:00.027000+00:00,0.00000625,-0.000123731
2026-03-27T05:00:00.055000+00:00,0.0000009725,-0.0002844403
2026-03-27T06:00:00.021000+00:00,0.0000035527,-0.0002431561
2026-03-27T07:00:00.047000+00:00,-0.0000027425,-0.0003438793
2026-03-27T08:00:00.042000+00:00,-0.0000069881,-0.0004118096
2026-03-27T09:00:00.078000+00:00,0.0000006711,-0.0002892631
2026-03-27T10:00:00.011000+00:00,0.0000041108,-0.0002342277
2026-03-27T11:00:00.056000+00:00,0.0000025114,-0.0002598179
2026-03-27T12:00:00.073000+00:00,0.0000057271,-0.0002083665
2026-03-27T13:00:00.020000+00:00,0.00000625,-0.0001524874
2026-03-27T14:00:00.027000+00:00,0.0000051975,-0.0002168398
2026-03-27T15:00:00.082000+00:00,0.00000625,-0.0000195819
2026-03-27T16:00:00.069000+00:00,0.00000625,0.0001710121
2026-03-27T17:00:00.063000+00:00,0.00000625,0.0000190562
2026-03-27T18:00:00.018000+00:00,0.00000625,0.0000348378
2026-03-27T19:00:00.017000+00:00,0.00000625,0.0000244252
2026-03-27T20:00:00.043000+00:00,0.00000625,0.0001015682
2026-03-27T21:00:00.064000+00:00,-0.0000093131,-0.0004490093
2026-03-27T22:00:00.044000+00:00,0.00000625,0.0002793683
2026-03-27T23:00:00.008000+00:00,0.00000625,0.0001092275
2026-03-28T00:00:00.062000+00:00,0.00000625,-0.0001013622
2026-03-28T01:00:00.004000+00:00,0.000002845,-0.0002544804
2026-03-28T02:00:00.051000+00:00,-0.0000060988,-0.0003975809
2026-03-28T03:00:00.023000+00:00,0.00000625,-0.0001697641
2026-03-28T04:00:00.106000+00:00,0.00000625,0.0001926814
2026-03-28T05:00:00.055000+00:00,0.00000625,0.0001508873
2026-03-28T06:00:00.067000+00:00,0.00000625,0.0001783422
2026-03-28T07:00:00.039000+00:00,0.0000095531,0.0004528504
2026-03-28T08:00:00.007000+00:00,0.00000625,0.0003327623
2026-03-28T09:00:00.008000+00:00,0.00000625,0.0001404186
2026-03-28T10:00:00.014000+00:00,0.00000625,0.0001219686
2026-03-28T11:00:00.095000+00:00,0.00000625,-0.0000106707
2026-03-28T12:00:00.014000+00:00,0.00000625,0.0000485216
2026-03-28T13:00:00.013000+00:00,0.00000625,0.000109371
2026-03-28T14:00:00.047000+00:00,0.00000625,0.000091501
2026-03-28T15:00:00.042000+00:00,0.00000625,0.0003118829
2026-03-28T16:00:00.047000+00:00,0.00000625,0.0000497053
2026-03-28T17:00:00.074000+00:00,0.00000625,0.00023973
2026-03-28T18:00:00.070000+00:00,-0.0000040886,-0.000365418
2026-03-28T19:00:00.007000+00:00,0.00000625,-0.000111867
2026-03-28T20:00:00.075000+00:00,0.00000625,0.0000084027
2026-03-28T21:00:00.036000+00:00,0.00000625,-0.000071538
2026-03-28T22:00:00.009000+00:00,0.0000045232,-0.000227629
2026-03-28T23:00:00.040000+00:00,0.0000047228,-0.0002244346
2026-03-29T00:00:00.085000+00:00,0.00000625,-0.0001937749
2026-03-29T01:00:00.068000+00:00,0.00000625,-0.0001119097
2026-03-29T02:00:00.040000+00:00,0.00000625,-0.0001353881
2026-03-29T03:00:00.050000+00:00,0.00000625,0.0000615335
2026-03-29T04:00:00.034000+00:00,0.00000625,0.0000824786
2026-03-29T05:00:00.054000+00:00,0.00000625,-0.0001633645
2026-03-29T06:00:00.017000+00:00,0.00000625,-0.0000163986
2026-03-29T07:00:00.047000+00:00,0.00000625,0.0000184348
2026-03-29T08:00:00.033000+00:00,0.00000625,-0.000068276
2026-03-29T09:00:00.036000+00:00,0.00000625,0.0000757423
2026-03-29T10:00:00.121000+00:00,0.00000625,0.0000808954
2026-03-29T11:00:00.002000+00:00,0.00000625,0.0000999919
2026-03-29T12:00:00.067000+00:00,0.00000625,-0.0000859465
2026-03-29T13:00:00.056000+00:00,0.00000625,0.0001746814
2026-03-29T14:00:00.026000+00:00,0.00000625,0.0003823039
2026-03-29T15:00:00.057000+00:00,0.00000625,0.0001624739
2026-03-29T16:00:00.029000+00:00,0.00000625,0.0000278885
2026-03-29T17:00:00.011000+00:00,0.0000080495,0.0004287926
2026-03-29T18:00:00.092000+00:00,0.00000625,-0.0000211422
2026-03-29T19:00:00.066000+00:00,0.00000625,-0.0000869419
2026-03-29T20:00:00.062000+00:00,0.00000625,-0.0001923194
2026-03-29T21:00:00.026000+00:00,0.0000288497,0.0007615948
2026-03-29T22:00:00.013000+00:00,0.00000625,0.0002482776
2026-03-29T23:00:00.096000+00:00,-0.0000075529,-0.0004208469
2026-03-30T00:00:00.038000+00:00,-0.000003505,-0.00035608
2026-03-30T01:00:00.030000+00:00,0.0000011429,-0.0002817132
2026-03-30T02:00:00.054000+00:00,-0.0000040195,-0.0003643115
2026-03-30T03:00:00.013000+00:00,0.0000036691,-0.0002412937
2026-03-30T04:00:00.074000+00:00,0.00000625,-0.0001444329
2026-03-30T05:00:00.056000+00:00,0.00000625,-0.0001939413
2026-03-30T06:00:00.089000+00:00,0.00000625,-0.0000394267
2026-03-30T07:00:00.043000+00:00,0.0000045472,-0.0002272454
2026-03-30T08:00:00.192000+00:00,0.00000625,-0.0001648836
2026-03-30T09:00:00.039000+00:00,0.0000053289,-0.0002147383
2026-03-30T10:00:00.052000+00:00,-0.0000018116,-0.0003289855
2026-03-30T11:00:00.059000+00:00,0.00000625,-0.0000925819
2026-03-30T12:00:00.038000+00:00,0.00000625,0.0000598414
2026-03-30T13:00:00.031000+00:00,0.00000625,0.0001641749
2026-03-30T14:00:00.046000+00:00,0.00000625,0.0002558383
2026-03-30T15:00:00.019000+00:00,0.00000625,0.0001250525
2026-03-30T16:00:00.071000+00:00,0.00000625,0.0002489094
2026-03-30T17:00:00.108000+00:00,0.00000625,0.0002521164
2026-03-30T18:00:00.051000+00:00,0.00000625,0.0001542483
2026-03-30T19:00:00.085000+00:00,0.00000625,0.0002279961
2026-03-30T20:00:00.055000+00:00,0.00000625,-0.000097781
2026-03-30T21:00:00.095000+00:00,0.00000625,-0.0001756904
2026-03-30T22:00:00.021000+00:00,0.00000625,-0.000007036
2026-03-30T23:00:00.066000+00:00,0.00000625,0.0000048957
2026-03-31T00:00:00.016000+00:00,0.0000005177,-0.0002917168
2026-03-31T01:00:00.038000+00:00,0.00000625,0.0001296212
2026-03-31T02:00:00.066000+00:00,0.0000568296,0.0012092729
2026-03-31T03:00:00.092000+00:00,0.0000528179,0.0011450857
2026-03-31T04:00:00.073000+00:00,0.0000276847,0.0007429552
2026-03-31T05:00:00.062000+00:00,0.0000222482,0.0006559718
2026-03-31T06:00:00.022000+00:00,0.0000176189,0.0005819021
2026-03-31T07:00:00.045000+00:00,0.0000089385,0.0004430167
2026-03-31T08:00:00+00:00,0.00000625,0.0003294054
2026-03-31T09:00:00.056000+00:00,0.00000625,0.0002400964
2026-03-31T10:00:00.021000+00:00,0.00000625,0.0003093805
2026-03-31T11:00:00.032000+00:00,0.00000625,0.000243544
2026-03-31T12:00:00.073000+00:00,0.00000625,0.0002112675
2026-03-31T13:00:00.030000+00:00,0.00000625,-0.0000183338
2026-03-31T14:00:00.038000+00:00,0.00000625,-0.0000971982
2026-03-31T15:00:00.043000+00:00,0.00000625,0.0000260877
2026-03-31T16:00:00.025000+00:00,0.00000625,0.0000353089
2026-03-31T17:00:00.030000+00:00,0.00000625,0.0002079485
2026-03-31T18:00:00.007000+00:00,0.0000074711,0.0004195368
2026-03-31T19:00:00.051000+00:00,0.00000625,0.0002859866
2026-03-31T20:00:00.039000+00:00,0.00000625,0.0001296583
2026-03-31T21:00:00.026000+00:00,0.00000625,-0.0000718697
2026-03-31T22:00:00.046000+00:00,-0.0000154561,-0.0005472977
2026-03-31T23:00:00.029000+00:00,0.00000625,0.0002421225
2026-04-01T00:00:00.068000+00:00,0.00000625,0.0001748807
2026-04-01T01:00:00.022000+00:00,0.00000625,0.0003864758
2026-04-01T02:00:00.050000+00:00,0.00000625,0.0001379168
2026-04-01T03:00:00.044000+00:00,0.00000625,0.0000257487
2026-04-01T04:00:00.042000+00:00,0.00000625,0.0000098009
2026-04-01T05:00:00.057000+00:00,0.00000625,-0.0000290276
2026-04-01T06:00:00.051000+00:00,-0.0000025726,-0.000341161
2026-04-01T07:00:00.039000+00:00,-0.0000152204,-0.0005435261
2026-04-01T08:00:00.062000+00:00,-0.0000096527,-0.000454443
2026-04-01T09:00:00.046000+00:00,-0.0000063803,-0.0004020852
2026-04-01T10:00:00.050000+00:00,-0.0000212377,-0.0006398025
2026-04-01T11:00:00.068000+00:00,-0.0000200576,-0.000620921
2026-04-01T12:00:00.081000+00:00,-0.000021303,-0.0006408481
2026-04-01T13:00:00.011000+00:00,-0.0000207431,-0.0006318893
2026-04-01T14:00:00.131000+00:00,-0.0000046525,-0.0003744405
2026-04-01T15:00:00.029000+00:00,-0.000004652,-0.0003744319
2026-04-01T16:00:00.078000+00:00,0.0000020814,-0.0002666974
2026-04-01T17:00:00.076000+00:00,-0.0000219762,-0.0006516196
2026-04-01T18:00:00.071000+00:00,-0.0000138437,-0.000521499
2026-04-01T19:00:00.017000+00:00,-0.0000185829,-0.0005973262
2026-04-01T20:00:00.045000+00:00,-0.000021547,-0.0006447522
2026-04-01T21:00:00.041000+00:00,-0.0000232632,-0.0006722109
2026-04-01T22:00:00.030000+00:00,0.00000625,-0.0001735743
2026-04-01T23:00:00.042000+00:00,0.0000220646,0.000653033
2026-04-02T00:00:00.177000+00:00,-0.0000091462,-0.0004463392
2026-04-02T01:00:00.004000+00:00,-0.0000133637,-0.0005138198
2026-04-02T02:00:00.060000+00:00,-0.0000109742,-0.0004755874
2026-04-02T03:00:00.041000+00:00,-0.000005184,-0.0003829443
2026-04-02T04:00:00.059000+00:00,-0.0000095832,-0.0004533313
2026-04-02T05:00:00.030000+00:00,-0.0000075755,-0.0004212076
2026-04-02T06:00:00.039000+00:00,-0.0000073636,-0.0004178177
2026-04-02T07:00:00.070000+00:00,0.00000625,-0.0000359991
2026-04-02T08:00:00.129000+00:00,0.00000625,-0.0001659796
2026-04-02T09:00:00.026000+00:00,-0.0000106756,-0.0004708091
2026-04-02T10:00:00.051000+00:00,-0.0000000131,-0.0003002103
2026-04-02T11:00:00.014000+00:00,0.00000625,-0.0000873518
2026-04-02T12:00:00.021000+00:00,0.00000625,-0.000173505
2026-04-02T13:00:00.075000+00:00,0.00000625,-0.0001320922
2026-04-02T14:00:00.049000+00:00,-0.0000063779,-0.0004020467
2026-04-02T15:00:00.065000+00:00,0.0000048328,-0.0002226759
2026-04-02T16:00:00.040000+00:00,-0.0000108671,-0.0004738736
2026-04-02T17:00:00.022000+00:00,-0.0000038325,-0.0003613195
2026-04-02T18:00:00.037000+00:00,0.0000047876,-0.0002233986
2026-04-02T19:00:00.006000+00:00,0.00000625,-0.0000320842
2026-04-02T20:00:00.023000+00:00,0.00000625,-0.000101117
2026-04-02T21:00:00.131000+00:00,0.00000625,0.0000498711
2026-04-02T22:00:00.013000+00:00,-0.0000294724,-0.0007715582
2026-04-02T23:00:00.004000+00:00,0.0000057466,-0.000208055
2026-04-03T00:00:00.021000+00:00,0.00000625,-0.0000691795
2026-04-03T01:00:00.043000+00:00,0.00000625,0.0001048669
2026-04-03T02:00:00.023000+00:00,0.00000625,0.0000837684
2026-04-03T03:00:00.048000+00:00,0.00000625,0.0001408352
2026-04-03T04:00:00.039000+00:00,0.00000625,0.0001344421
2026-04-03T05:00:00.086000+00:00,0.00000625,0.0003360534
2026-04-03T06:00:00.049000+00:00,0.0000024961,-0.0002600625
2026-04-03T07:00:00.028000+00:00,0.0000057574,-0.0002078822
2026-04-03T08:00:00.069000+00:00,0.00000625,-0.0001181694
2026-04-03T09:00:00.054000+00:00,-0.0000003508,-0.0003056135
2026-04-03T10:00:00.043000+00:00,0.00000625,-0.0000555396
2026-04-03T11:00:00.041000+00:00,0.00000625,0.0001152441
2026-04-03T12:00:00.031000+00:00,0.00000625,0.0000144937
2026-04-03T13:00:00.058000+00:00,-0.0000002923,-0.0003046774
2026-04-03T14:00:00.001000+00:00,-0.0000029743,-0.0003475888
2026-04-03T15:00:00.044000+00:00,0.0000050613,-0.0002190198
2026-04-03T16:00:00.033000+00:00,-0.0000037098,-0.0003593563
2026-04-03T17:00:00.040000+00:00,0.0000020135,-0.0002677842
2026-04-03T18:00:00.069000+00:00,0.0000029288,-0.0002531387
2026-04-03T19:00:00.026000+00:00,0.00000625,-0.0000960327
2026-04-03T20:00:00.036000+00:00,0.00000625,0.0001023484
2026-04-03T21:00:00.048000+00:00,0.00000625,0.0002644495
2026-04-03T22:00:00.031000+00:00,0.00000625,0.0003931923
2026-04-03T23:00:00.039000+00:00,0.00000625,0.0001595904
2026-04-04T00:00:00.063000+00:00,0.00000625,0.0001996883
2026-04-04T01:00:00.014000+00:00,0.00000625,0.0001276252
2026-04-04T02:00:00.021000+00:00,0.00000625,0.0002917952
2026-04-04T03:00:00.064000+00:00,0.00000625,0.0003427205
2026-04-04T04:00:00.011000+00:00,0.00000625,0.0002549855
2026-04-04T05:00:00.063000+00:00,0.00000625,0.0003127749
2026-04-04T06:00:00.057000+00:00,0.00000625,0.0002700572
2026-04-04T07:00:00.051000+00:00,0.00000625,0.0003432539
2026-04-04T08:00:00.033000+00:00,0.00000625,0.0002171292
2026-04-04T09:00:00.008000+00:00,-0.0000027538,-0.0003440602
2026-04-04T10:00:00.029000+00:00,0.00000625,0.0000163443
2026-04-04T11:00:00.050000+00:00,0.00000625,0.0001283761
2026-04-04T12:00:00.009000+00:00,0.00000625,0.0001334993
2026-04-04T13:00:00.107000+00:00,0.00000625,-0.0000052292
2026-04-04T14:00:00.065000+00:00,0.00000625,-0.0000587482
2026-04-04T15:00:00.008000+00:00,0.00000625,-0.0001970576
2026-04-04T16:00:00.038000+00:00,0.0000029732,-0.0002524284
2026-04-04T17:00:00.041000+00:00,0.00000625,-0.0000510161
2026-04-04T18:00:00.064000+00:00,0.00000625,-0.0000621499
2026-04-04T19:00:00.012000+00:00,0.00000625,-0.0000847156
2026-04-04T20:00:00.063000+00:00,0.00000625,0.0000211043
2026-04-04T21:00:00.037000+00:00,0.00000625,-0.0000984694
2026-04-04T22:00:00.032000+00:00,0.00000625,-0.0000441632
2026-04-04T23:00:00.014000+00:00,0.00000625,-0.0001124321
2026-04-05T00:00:00.047000+00:00,0.00000625,-0.0000079166
2026-04-05T01:00:00.058000+00:00,0.00000625,-0.0001129484
2026-04-05T02:00:00.058000+00:00,-0.0000018675,-0.0003298797
2026-04-05T03:00:00.014000+00:00,-0.0000001592,-0.0003025478
2026-04-05T04:00:00.022000+00:00,0.0000059767,-0.0002043732
2026-04-05T05:00:00.024000+00:00,0.00000625,-0.0001532896
2026-04-05T06:00:00.051000+00:00,0.00000625,-0.0001881342
2026-04-05T07:00:00.048000+00:00,0.00000625,-0.0001695457
2026-04-05T08:00:00.066000+00:00,0.00000625,-0.0001948164
2026-04-05T09:00:00.017000+00:00,0.0000033131,-0.0002469907
2026-04-05T10:00:00.017000+00:00,-0.0000140007,-0.0005240109
2026-04-05T11:00:00.024000+00:00,-0.0000287965,-0.000760744
2026-04-05T12:00:00.017000+00:00,-0.0000398125,-0.0009370004
2026-04-05T13:00:00.047000+00:00,-0.0001586556,-0.0028384899
2026-04-05T14:00:00.057000+00:00,-0.0000457394,-0.00103183
2026-04-05T15:00:00.081000+00:00,0.0000289116,0.000762586
2026-04-05T16:00:00.031000+00:00,0.0000269869,0.0007317905
2026-04-05T17:00:00.049000+00:00,-0.0000122238,-0.0004955806
2026-04-05T18:00:00.042000+00:00,-0.000077148,-0.0015343677
2026-04-05T19:00:00.041000+00:00,-0.0000183668,-0.0005938695
2026-04-05T20:00:00.030000+00:00,0.00000625,0.0001421767
2026-04-05T21:00:00.003000+00:00,-0.0001076079,-0.0020217267
2026-04-05T22:00:00.060000+00:00,-0.0000407273,-0.0009516373
2026-04-05T23:00:00.020000+00:00,-0.0000666413,-0.0013662614
2026-04-06T00:00:00.029000+00:00,-0.0000112996,-0.0004807942
2026-04-06T01:00:00.040000+00:00,-0.0000047083,-0.0003753332
2026-04-06T02:00:00+00:00,-0.0000088526,-0.0004416415
2026-04-06T03:00:00.049000+00:00,-0.000003207,-0.0003513124
2026-04-06T04:00:00.002000+00:00,0.0000014536,-0.0002767418
2026-04-06T05:00:00.047000+00:00,-0.0000136529,-0.0005184461
2026-04-06T06:00:00.025000+00:00,-0.0000189316,-0.0006029048
2026-04-06T07:00:00.064000+00:00,0.00000625,-0.0001984896
2026-04-06T08:00:00.053000+00:00,0.00000625,-0.00016646
2026-04-06T09:00:00.012000+00:00,-0.000007023,-0.0004123675
2026-04-06T10:00:00.006000+00:00,-0.0000052974,-0.000384759
2026-04-06T11:00:00.016000+00:00,-0.000013449,-0.0005151833
2026-04-06T12:00:00.072000+00:00,-0.000006657,-0.0004065119
2026-04-06T13:00:00.031000+00:00,-0.0000034627,-0.0003554036
2026-04-06T14:00:00.066000+00:00,-0.0000127324,-0.0005037179
2026-04-06T15:00:00.048000+00:00,-0.0000250372,-0.0007005947
2026-04-06T16:00:00.056000+00:00,-0.0000218061,-0.0006488973
2026-04-06T17:00:00.002000+00:00,-0.000022823,-0.0006651687
2026-04-06T18:00:00.039000+00:00,-0.0000198258,-0.0006172122
2026-04-06T19:00:00+00:00,-0.0000092225,-0.0004475604
2026-04-06T20:00:00.078000+00:00,-0.0000207193,-0.000631509
2026-04-06T21:00:00.054000+00:00,-0.0000153349,-0.0005453583
2026-04-06T22:00:00.043000+00:00,-0.0000069523,-0.0004112365
2026-04-06T23:00:00.021000+00:00,0.00000625,0.0002932743
2026-04-07T00:00:00.046000+00:00,0.0000005433,-0.0002913072
2026-04-07T01:00:00.015000+00:00,0.00000625,-0.0000953343
2026-04-07T02:00:00.012000+00:00,0.00000625,0.0000537079
2026-04-07T03:00:00.093000+00:00,0.00000625,0.0003219073
2026-04-07T04:00:00.017000+00:00,0.00000625,0.0003473457
2026-04-07T05:00:00.006000+00:00,0.00000625,-0.0001640223
2026-04-07T06:00:00.030000+00:00,0.00000625,0.0003775336
2026-04-07T07:00:00.064000+00:00,0.00000625,0.0002362309
2026-04-07T08:00:00.020000+00:00,0.00000625,0.0003156738
2026-04-07T09:00:00.031000+00:00,0.0000081583,0.0004305333
2026-04-07T10:00:00.005000+00:00,0.0000184516,0.0005952264
2026-04-07T11:00:00.030000+00:00,0.00000625,0.0002552588
2026-04-07T12:00:00.037000+00:00,0.00000625,-0.0001193
2026-04-07T13:00:00.060000+00:00,0.00000625,-0.0001002153
2026-04-07T14:00:00.027000+00:00,0.00000625,-0.0001762108
2026-04-07T15:00:00.041000+00:00,-0.0000105137,-0.0004682195
2026-04-07T16:00:00.036000+00:00,0.00000625,0.0001083256
2026-04-07T17:00:00.024000+00:00,0.00000625,0.0000185081
2026-04-07T18:00:00.013000+00:00,0.000007767,0.0004242727
2026-04-07T19:00:00.017000+00:00,0.0000143926,0.0005302817
2026-04-07T20:00:00.041000+00:00,0.000020459,0.0006273441
2026-04-07T21:00:00.062000+00:00,0.00000625,0.0003521055
2026-04-07T22:00:00.029000+00:00,0.0000518299,0.0011292792
2026-04-07T23:00:00.038000+00:00,0.0000129614,0.000507382
2026-04-08T00:00:00.094000+00:00,0.0000262594,0.0007201508
2026-04-08T01:00:00.057000+00:00,0.00000625,0.00025233
2026-04-08T02:00:00.043000+00:00,0.0000060962,-0.0002024601
2026-04-08T03:00:00.059000+00:00,0.000000355,-0.0002943197
2026-04-08T04:00:00.012000+00:00,0.00000625,-0.0001391867
2026-04-08T05:00:00.056000+00:00,0.00000625,-0.0001688181
2026-04-08T06:00:00.065000+00:00,0.00000625,-0.0000680744
2026-04-08T07:00:00.039000+00:00,0.0000029723,-0.0002524424
2026-04-08T08:00:00.005000+00:00,-0.000020947,-0.0006351522
2026-04-08T09:00:00.047000+00:00,-0.0000110953,-0.0004775255
2026-04-08T10:00:00.004000+00:00,-0.0000073992,-0.0004183879
2026-04-08T11:00:00.027000+00:00,0.0000017992,-0.0002712121
2026-04-08T12:00:00+00:00,0.00000625,0.000120206
2026-04-08T13:00:00.019000+00:00,0.00000625,0.0002961078
2026-04-08T14:00:00.064000+00:00,-0.0000065533,-0.0004048535
2026-04-08T15:00:00.025000+00:00,-0.0000227233,-0.0006635729
2026-04-08T16:00:00.054000+00:00,-0.0000166025,-0.0005656407
2026-04-08T17:00:00.009000+00:00,-0.0000128386,-0.000505418
2026-04-08T18:00:00.046000+00:00,-0.000009648,-0.0004543683
2026-04-08T19:00:00.026000+00:00,-0.0000042066,-0.0003673059
2026-04-08T20:00:00.068000+00:00,0.00000625,-0.0001748514
2026-04-08T21:00:00.031000+00:00,0.000005324,-0.0002148155
2026-04-08T22:00:00.010000+00:00,-0.0002204489,-0.003827183
2026-04-08T23:00:00.039000+00:00,-0.0000110775,-0.0004772403
2026-04-09T00:00:00.070000+00:00,-0.0000123384,-0.0004974147
2026-04-09T01:00:00.023000+00:00,-0.0000220461,-0.0006527375
2026-04-09T02:00:00.010000+00:00,0.0000010306,-0.0002835112
2026-04-09T03:00:00.053000+00:00,-0.0000243974,-0.0006903584
2026-04-09T04:00:00.015000+00:00,-0.0000104739,-0.0004675822
2026-04-09T05:00:00.007000+00:00,-0.0000208016,-0.000632825
2026-04-09T06:00:00.021000+00:00,-0.0000226371,-0.0006621944
2026-04-09T07:00:00.001000+00:00,-0.0000189394,-0.0006030308
2026-04-09T08:00:00.056000+00:00,-0.0000087167,-0.0004394673
2026-04-09T09:00:00.008000+00:00,-0.0000031005,-0.0003496075
2026-04-09T10:00:00.006000+00:00,0.00000625,-0.0001465687
2026-04-09T11:00:00.010000+00:00,0.0000029235,-0.0002532248
2026-04-09T12:00:00.054000+00:00,-0.0000042443,-0.0003679094
2026-04-09T13:00:00.004000+00:00,0.00000625,-0.0001247248
2026-04-09T14:00:00.056000+00:00,0.00000625,-0.000109195
2026-04-09T15:00:00.041000+00:00,0.00000625,-0.0001813278
2026-04-09T16:00:00.011000+00:00,0.00000625,0.0001619017
2026-04-09T17:00:00.012000+00:00,0.00000625,-0.0000091537
2026-04-09T18:00:00.001000+00:00,0.00000625,0.0003926792
2026-04-09T19:00:00.031000+00:00,0.00000625,-0.0000298178
2026-04-09T20:00:00.004000+00:00,-0.0000027405,-0.0003438477
2026-04-09T21:00:00.018000+00:00,0.00000625,0.0000485416
2026-04-09T22:00:00+00:00,0.0001369707,0.0024915304
2026-04-09T23:00:00.071000+00:00,0.00000625,-0.000002105
2026-04-10T00:00:00.062000+00:00,0.00000625,-0.0001278575
2026-04-10T01:00:00.013000+00:00,0.000002919,-0.0002532965
2026-04-10T02:00:00.002000+00:00,0.0000040006,-0.0002359908
2026-04-10T03:00:00.040000+00:00,-0.0000217046,-0.0006472743
2026-04-10T04:00:00.047000+00:00,-0.0000297898,-0.0007766364
2026-04-10T05:00:00.031000+00:00,-0.0000233388,-0.0006734213
2026-04-10T06:00:00.026000+00:00,-0.0000048305,-0.0003772881
2026-04-10T07:00:00.016000+00:00,-0.0000047102,-0.0003753639
2026-04-10T08:00:00+00:00,-0.0000172287,-0.0005756587
2026-04-10T09:00:00.015000+00:00,-0.000007755,-0.0004240807
2026-04-10T10:00:00.028000+00:00,0.0000031808,-0.000249108
2026-04-10T11:00:00.010000+00:00,0.00000625,-0.0001589321
2026-04-10T12:00:00.057000+00:00,0.00000625,0.0000586332
2026-04-10T13:00:00.032000+00:00,0.00000625,0.000104566
2026-04-10T14:00:00.008000+00:00,0.00000625,-0.0001474141
2026-04-10T15:00:00.005000+00:00,0.00000625,0.0000699491
2026-04-10T16:00:00.053000+00:00,0.00000625,0.000058937
2026-04-10T17:00:00.022000+00:00,0.00000625,0.0000774178
2026-04-10T18:00:00.021000+00:00,0.00000625,0.0003000356
2026-04-10T19:00:00.046000+00:00,0.00000625,0.0002901102
2026-04-10T20:00:00.009000+00:00,0.00000625,-0.0001228557
2026-04-10T21:00:00.010000+00:00,0.00000625,-0.0000655977
2026-04-10T22:00:00.079000+00:00,0.00000625,-0.0000656531
2026-04-10T23:00:00.055000+00:00,-0.0000208223,-0.0006331561
2026-04-11T00:00:00.015000+00:00,0.0000051448,-0.0002176837
2026-04-11T01:00:00.006000+00:00,0.0000003912,-0.00029374
2026-04-11T02:00:00.020000+00:00,0.00000625,-0.0000968982
2026-04-11T03:00:00.039000+00:00,0.00000625,0.0001318675
2026-04-11T04:00:00.013000+00:00,0.00000625,0.0000683666
2026-04-11T05:00:00.005000+00:00,0.00000625,-0.000074952
2026-04-11T06:00:00.024000+00:00,0.00000625,-0.0000720191
2026-04-11T07:00:00.016000+00:00,0.0000007638,-0.0002877791
2026-04-11T08:00:00.002000+00:00,0.0000056358,-0.0002098274
2026-04-11T09:00:00.042000+00:00,0.00000625,-0.0000759773
2026-04-11T10:00:00.048000+00:00,0.00000625,-0.0000049301
2026-04-11T11:00:00.040000+00:00,0.00000625,0.0001546566
2026-04-11T12:00:00.055000+00:00,0.00000625,0.0001593942
2026-04-11T13:00:00.047000+00:00,0.00000625,0.0001636317
2026-04-11T14:00:00.001000+00:00,0.00000625,0.0001963807
2026-04-11T15:00:00.041000+00:00,0.00000625,0.0002271329
2026-04-11T16:00:00.034000+00:00,0.00000625,0.0002367004
2026-04-11T17:00:00.008000+00:00,0.00000625,0.0001319793
2026-04-11T18:00:00.033000+00:00,0.0000123368,0.0004973881
2026-04-11T19:00:00.047000+00:00,0.00000625,0.000348912
2026-04-11T20:00:00.023000+00:00,0.0000105928,0.000469485
2026-04-11T21:00:00.058000+00:00,0.00000625,0.0001368067
2026-04-11T22:00:00.036000+00:00,0.00000625,-0.0001976319
2026-04-11T23:00:00.020000+00:00,0.000005394,-0.0002136954
2026-04-12T00:00:00.067000+00:00,0.0000033485,-0.0002464246
2026-04-12T01:00:00.044000+00:00,0.00000625,-0.0001755768
2026-04-12T02:00:00.031000+00:00,-0.0000431085,-0.0009897366
2026-04-12T03:00:00.029000+00:00,-0.0001618896,-0.0028902334
2026-04-12T04:00:00.055000+00:00,-0.0000429101,-0.0009865624
2026-04-12T05:00:00.066000+00:00,-0.0000222502,-0.0006560031
2026-04-12T06:00:00.047000+00:00,-0.000003284,-0.0003525433
2026-04-12T07:00:00.004000+00:00,-0.0000129118,-0.0005065892
2026-04-12T08:00:00.022000+00:00,-0.0000812541,-0.0016000659
2026-04-12T09:00:00.049000+00:00,-0.000009453,-0.0004512474
2026-04-12T10:00:00.011000+00:00,-0.0000003253,-0.0003052045
2026-04-12T11:00:00.022000+00:00,0.0000057446,-0.0002080857
2026-04-12T12:00:00.040000+00:00,-0.0000019739,-0.0003315816
2026-04-12T13:00:00.028000+00:00,0.00000625,-0.0001291331
2026-04-12T14:00:00.064000+00:00,-0.0002430969,-0.0041895507
2026-04-12T15:00:00.065000+00:00,-0.0000430404,-0.0009886465
2026-04-12T16:00:00.046000+00:00,-0.0000728617,-0.0014657871
2026-04-12T17:00:00.054000+00:00,0.00000625,0.0002800586
2026-04-12T18:00:00.035000+00:00,0.0000284542,0.0007552679
2026-04-12T19:00:00.028000+00:00,0.0000027172,-0.0002565253
2026-04-12T20:00:00.062000+00:00,0.0000261661,0.0007186573
2026-04-12T21:00:00.049000+00:00,-0.0000777572,-0.0015441159
2026-04-12T22:00:00.058000+00:00,-0.0007748737,-0.0126979787
2026-04-12T23:00:00.048000+00:00,-0.0000390569,-0.000924911
2026-04-13T00:00:00.013000+00:00,0.0000009625,-0.0002846003
2026-04-13T01:00:00.031000+00:00,-0.0000392203,-0.000927525
2026-04-13T02:00:00.001000+00:00,-0.0000478487,-0.0010655797
2026-04-13T03:00:00.056000+00:00,-0.0000338601,-0.0008417618
2026-04-13T04:00:00.056000+00:00,-0.0000310467,-0.000796748
2026-04-13T05:00:00.032000+00:00,-0.0000299577,-0.0007793233
2026-04-13T06:00:00.007000+00:00,-0.00002757,-0.0007411192
2026-04-13T07:00:00.011000+00:00,-0.0000156443,-0.0005503094
2026-04-13T08:00:00.015000+00:00,-0.000019866,-0.0006178564
2026-04-13T09:00:00.013000+00:00,-0.0000067002,-0.0004072027
2026-04-13T10:00:00.032000+00:00,0.00000625,0.0000735786
2026-04-13T11:00:00.011000+00:00,0.00000625,0.0000000578
2026-04-13T12:00:00.063000+00:00,0.00000625,-0.0000802753
2026-04-13T13:00:00.036000+00:00,0.00000625,0.0000491776
2026-04-13T14:00:00.007000+00:00,0.00000625,0.0001223505
2026-04-13T15:00:00.114000+00:00,0.00000625,0.0000384857
2026-04-13T16:00:00.016000+00:00,0.000003616,-0.0002421438
2026-04-13T17:00:00.028000+00:00,0.00000625,0.0000302016
2026-04-13T18:00:00.040000+00:00,0.00000625,0.0001300316
2026-04-13T19:00:00.055000+00:00,0.00000625,0.0001152918
2026-04-13T20:00:00.032000+00:00,0.0000157468,0.0005519481
2026-04-13T21:00:00.038000+00:00,0.0000068837,0.0004101386
2026-04-13T22:00:00.023000+00:00,-0.0000002686,-0.000304298
2026-04-13T23:00:00.008000+00:00,0.0000208884,0.000634214
2026-04-14T00:00:00.020000+00:00,0.0000345605,0.0008529681
2026-04-14T01:00:00.057000+00:00,0.0000213738,0.0006419804
2026-04-14T02:00:00.017000+00:00,0.00000625,0.0002173434
2026-04-14T03:00:00.043000+00:00,0.00000625,-0.0001814867
2026-04-14T04:00:00.009000+00:00,-0.0000016255,-0.0003260086
2026-04-14T05:00:00.054000+00:00,-0.0000003223,-0.0003051562
2026-04-14T06:00:00.057000+00:00,0.00000625,-0.0001942784
2026-04-14T07:00:00.076000+00:00,0.0000000714,-0.000298857
2026-04-14T08:00:00.066000+00:00,0.000007656,0.0004224967
2026-04-14T09:00:00.041000+00:00,0.00000625,0.0003744641
2026-04-14T10:00:00.010000+00:00,0.00000625,0.0001425875
2026-04-14T11:00:00.030000+00:00,0.00000625,0.0001203721
2026-04-14T12:00:00.053000+00:00,0.00000625,0.0003590502
2026-04-14T13:00:00.039000+00:00,0.0000162434,0.0005598945
2026-04-14T14:00:00.012000+00:00,0.0000191214,0.0006059418
2026-04-14T15:00:00.056000+00:00,0.0000176792,0.0005828673
2026-04-14T16:00:00.029000+00:00,0.00000625,0.0002520394
2026-04-14T17:00:00.057000+00:00,0.00000625,0.0002178408
2026-04-14T18:00:00.062000+00:00,0.00000625,0.0001808798
2026-04-14T19:00:00.040000+00:00,0.0000093312,0.0004492994
2026-04-14T20:00:00+00:00,0.00000625,0.0001381529
2026-04-14T21:00:00.003000+00:00,0.00000625,0.0001278641
2026-04-14T22:00:00.001000+00:00,0.00000625,0.0001523507
2026-04-14T23:00:00.021000+00:00,0.00000625,0.0001549181
2026-04-15T00:00:00.015000+00:00,0.00000625,0.0002910574
2026-04-15T01:00:00.054000+00:00,0.0000204261,0.000626817
2026-04-15T02:00:00.036000+00:00,0.0000216318,0.0006461093
2026-04-15T03:00:00.065000+00:00,0.00000625,0.0003010301
2026-04-15T04:00:00.053000+00:00,0.00000625,0.0000395427
2026-04-15T05:00:00.029000+00:00,0.00000625,0.000017457
2026-04-15T06:00:00.060000+00:00,0.00000625,0.0001240447
2026-04-15T07:00:00.038000+00:00,0.00000625,0.0002030141
2026-04-15T08:00:00.009000+00:00,0.0000100856,0.0004613691
2026-04-15T09:00:00.024000+00:00,0.0000151628,0.0005426055
2026-04-15T10:00:00.027000+00:00,0.00000625,0.0002332729
2026-04-15T11:00:00.067000+00:00,0.00000625,-0.0000080906
2026-04-15T12:00:00.030000+00:00,0.00000625,0.0003440166
2026-04-15T13:00:00.008000+00:00,0.0000135345,0.0005165519
2026-04-15T14:00:00.035000+00:00,0.0000153203,0.0005451242
2026-04-15T15:00:00.057000+00:00,0.0000142102,0.0005273626
2026-04-15T16:00:00.025000+00:00,0.0000198964,0.0006183422
2026-04-15T17:00:00.022000+00:00,0.0000302783,0.0007844523
2026-04-15T18:00:00.030000+00:00,0.0000173295,0.0005772721
2026-04-15T19:00:00.062000+00:00,0.00001788,0.0005860795
2026-04-15T20:00:00.014000+00:00,0.0000159368,0.0005549884
2026-04-15T21:00:00.049000+00:00,0.0000079111,0.0004265771
2026-04-15T22:00:00.067000+00:00,-0.000036284,-0.0008805439
2026-04-15T23:00:00.056000+00:00,0.00000625,0.0003001353
2026-04-16T00:00:00.044000+00:00,0.0000214194,0.0006427108
2026-04-16T01:00:00.022000+00:00,0.0000141127,0.0005258037
2026-04-16T02:00:00.010000+00:00,0.0000133835,0.0005141356
2026-04-16T03:00:00.053000+00:00,0.00000625,0.0002852176
2026-04-16T04:00:00.006000+00:00,0.00000625,0.000232625
2026-04-16T05:00:00.042000+00:00,0.00000625,0.0003479437
2026-04-16T06:00:00.031000+00:00,0.0000100474,0.0004607591
2026-04-16T07:00:00.012000+00:00,0.0000125276,0.0005004416
2026-04-16T08:00:00.062000+00:00,0.0000191551,0.0006064812
2026-04-16T09:00:00.045000+00:00,0.00000625,0.0003692765
2026-04-16T10:00:00.004000+00:00,0.000010834,0.0004733435
2026-04-16T11:00:00.035000+00:00,0.0000203432,0.0006254905
2026-04-16T12:00:00.042000+00:00,0.0000251759,0.0007028145
2026-04-16T13:00:00.030000+00:00,0.00000625,0.0003287636
2026-04-16T14:00:00.019000+00:00,0.00000625,0.0002986456
2026-04-16T15:00:00.047000+00:00,0.00000625,0.0001968941
2026-04-16T16:00:00.051000+00:00,0.00000625,0.000313655
2026-04-16T17:00:00.013000+00:00,0.00000625,0.0001335511
2026-04-16T18:00:00.034000+00:00,0.00000625,0.0003834214
2026-04-16T19:00:00.064000+00:00,0.0000075568,0.000420909
2026-04-16T20:00:00.016000+00:00,0.0000153221,0.0005451536
2026-04-16T21:00:00.025000+00:00,0.000012775,0.0005044004
2026-04-16T22:00:00.043000+00:00,0.0000091863,0.0004469806
2026-04-16T23:00:00.041000+00:00,0.0000158008,0.0005528132
2026-04-17T00:00:00.030000+00:00,0.0000254187,0.0007066993
2026-04-17T01:00:00.015000+00:00,0.0000254297,0.0007068748
2026-04-17T02:00:00.026000+00:00,0.0000181653,0.0005906447
2026-04-17T03:00:00.010000+00:00,0.0000314005,0.0008024075
2026-04-17T04:00:00.064000+00:00,0.00000625,0.0002761736
2026-04-17T05:00:00.052000+00:00,0.000008694,0.000439104
2026-04-17T06:00:00.017000+00:00,0.00000625,0.0002747826
2026-04-17T07:00:00.065000+00:00,0.0000088628,0.0004418041
2026-04-17T08:00:00.042000+00:00,0.00000625,0.0002014499
2026-04-17T09:00:00.035000+00:00,0.00000625,0.0003911136
