datetime,funding_rate,premium
2025-12-19T17:00:00.109000+00:00,0.0000125,0.0000157959
2025-12-19T18:00:00.025000+00:00,0.0000125,0.0000299334
2025-12-19T19:00:00.014000+00:00,0.0000125,0.0000102155
2025-12-19T20:00:00.036000+00:00,0.0000125,-0.0000216812
2025-12-19T21:00:00.021000+00:00,0.0000125,0.0000076495
2025-12-19T22:00:00.013000+00:00,0.0000125,0.0000684579
2025-12-19T23:00:00.045000+00:00,0.00000625,0.0000392534
2025-12-20T00:00:00.049000+00:00,0.00000625,0.0001249189
2025-12-20T01:00:00.054000+00:00,0.00000625,0.0001920965
2025-12-20T02:00:00.052000+00:00,0.0,0.0
2025-12-20T03:00:00.088000+00:00,0.0,0.0
2025-12-20T04:00:00.068000+00:00,0.0,0.0
2025-12-20T05:00:00.010000+00:00,-0.001337271,-0.0216963357
2025-12-20T06:00:00.061000+00:00,-0.0000205771,-0.0006292334
2025-12-20T07:00:00.016000+00:00,0.0000034619,-0.0002446094
2025-12-20T08:00:00.027000+00:00,0.0000761569,0.0015185106
2025-12-20T09:00:00.085000+00:00,0.0001606045,0.0028696721
2025-12-20T10:00:00.128000+00:00,0.0002164845,0.0037637516
2025-12-20T11:00:00.020000+00:00,0.0001930559,0.0033888951
2025-12-20T12:00:00.008000+00:00,0.000183895,0.0032423204
2025-12-20T13:00:00.029000+00:00,0.0004224065,0.0070585035
2025-12-20T14:00:00.160000+00:00,0.0001132657,0.0021122514
2025-12-20T15:00:00.007000+00:00,0.0000867755,0.0016884088
2025-12-20T16:00:00.049000+00:00,-0.0000226223,-0.0006619568
2025-12-20T17:00:00.090000+00:00,-0.0001730943,-0.0030695083
2025-12-20T18:00:00.003000+00:00,-0.0002379679,-0.0041074859
2025-12-20T19:00:00.040000+00:00,-0.0004267109,-0.0071273743
2025-12-20T20:00:00.009000+00:00,-0.0004387756,-0.0073204099
2025-12-20T21:00:00.059000+00:00,-0.0004492324,-0.0074877179
2025-12-20T22:00:00.093000+00:00,-0.000235787,-0.0040725914
2025-12-20T23:00:00.087000+00:00,-0.0000723589,-0.001457742
2025-12-21T00:00:00.121000+00:00,0.00000625,-0.0001176261
2025-12-21T01:00:00.035000+00:00,0.00000625,-0.0001878352
2025-12-21T02:00:00.051000+00:00,0.00000625,0.0000455588
2025-12-21T03:00:00.019000+00:00,0.00000625,0.0001643676
2025-12-21T04:00:00.042000+00:00,0.00000625,0.0000801396
2025-12-21T05:00:00.026000+00:00,0.00000625,-0.0000200164
2025-12-21T06:00:00.033000+00:00,0.00000625,-0.0000201133
2025-12-21T07:00:00.023000+00:00,0.00000625,0.0000464721
2025-12-21T08:00:00.005000+00:00,-0.0004008026,-0.0067128421
2025-12-21T09:00:00.041000+00:00,-0.000495937,-0.0082349923
2025-12-21T10:00:00.026000+00:00,-0.000495937,-0.0082349923
2025-12-21T11:00:00.001000+00:00,-0.000495937,-0.0082349923
2025-12-21T12:00:00.014000+00:00,-0.0004802784,-0.0079844543
2025-12-21T13:00:00.104000+00:00,-0.000240426,-0.0041468152
2025-12-21T14:00:00.061000+00:00,-0.0002402659,-0.0041442549
2025-12-21T15:00:00.046000+00:00,-0.0003247965,-0.0054967444
2025-12-21T16:00:00.090000+00:00,-0.0004716667,-0.0078466674
2025-12-21T17:00:00.081000+00:00,-0.000487462,-0.0080993916
2025-12-21T18:00:00.005000+00:00,-0.000487462,-0.0080993916
2025-12-21T19:00:00.103000+00:00,-0.0004856645,-0.0080706325
2025-12-21T20:00:00.004000+00:00,-0.0004760888,-0.00791742
2025-12-21T21:00:00.091000+00:00,-0.0004817674,-0.0080082786
2025-12-21T22:00:00.043000+00:00,-0.0004816774,-0.0080068381
2025-12-21T23:00:00.179000+00:00,-0.000481978,-0.0080116482
2025-12-22T00:00:00.034000+00:00,-0.0004817356,-0.0080077696
2025-12-22T01:00:00.030000+00:00,-0.0004822163,-0.0080154609
2025-12-22T02:00:00.054000+00:00,-0.0004376854,-0.0073029665
2025-12-22T03:00:00.057000+00:00,-0.0002274836,-0.0039397369
2025-12-22T04:00:00.017000+00:00,-0.0001379302,-0.0025068825
2025-12-22T05:00:00.041000+00:00,0.0000085153,0.0004362449
2025-12-22T06:00:00.079000+00:00,0.0000199766,0.0006196258
2025-12-22T07:00:00.012000+00:00,-0.0000409675,-0.0009554797
2025-12-22T08:00:00.066000+00:00,0.00000625,0.0002351457
2025-12-22T09:00:00.042000+00:00,0.00000625,-0.0000040202
2025-12-22T10:00:00.028000+00:00,0.000007579,0.0004212648
2025-12-22T11:00:00.073000+00:00,0.00000625,0.0000095657
2025-12-22T12:00:00.028000+00:00,0.00000625,0.0001893588
2025-12-22T13:00:00.031000+00:00,0.00000625,0.00012033
2025-12-22T14:00:00.065000+00:00,0.00000625,-0.0000194876
2025-12-22T15:00:00.012000+00:00,-0.0000008702,-0.0003139229
2025-12-22T16:00:00.031000+00:00,0.00000625,0.0001518684
2025-12-22T17:00:00.050000+00:00,-0.0000522277,-0.0011356425
2025-12-22T18:00:00.030000+00:00,0.00000625,0.0001600492
2025-12-22T19:00:00.006000+00:00,0.00000625,0.0000204276
2025-12-22T20:00:00.046000+00:00,0.00000625,-0.0000477958
2025-12-22T21:00:00+00:00,0.00000625,0.0000079313
2025-12-22T22:00:00.036000+00:00,0.00000625,-0.0000037211
2025-12-22T23:00:00.053000+00:00,0.00000625,0.0000102107
2025-12-23T00:00:00.002000+00:00,0.00000625,0.0000139754
2025-12-23T01:00:00.098000+00:00,0.00000625,0.0000066025
2025-12-23T02:00:00.053000+00:00,0.00000625,0.0000024172
2025-12-23T03:00:00.060000+00:00,0.00000625,0.0000030744
2025-12-23T04:00:00.059000+00:00,0.00000625,0.000026156
2025-12-23T05:00:00.066000+00:00,0.0000078414,0.0004254627
2025-12-23T06:00:00.065000+00:00,0.0000081582,0.0004305318
2025-12-23T07:00:00.033000+00:00,0.0000265063,0.0007241014
2025-12-23T08:00:00.066000+00:00,0.0000404032,0.0009464518
2025-12-23T09:00:00.061000+00:00,0.000041541,0.0009646562
2025-12-23T10:00:00.050000+00:00,0.0000102526,0.0004640411
2025-12-23T11:00:00.027000+00:00,0.00000625,0.0002793672
2025-12-23T12:00:00.062000+00:00,0.00000625,-0.0000681046
2025-12-23T13:00:00.067000+00:00,0.00000625,0.0000845749
2025-12-23T14:00:00.025000+00:00,0.00000625,0.0000393317
2025-12-23T15:00:00.117000+00:00,0.00000625,-0.0000909619
2025-12-23T16:00:00.036000+00:00,0.0000909634,0.0017554152
2025-12-23T17:00:00.118000+00:00,-0.0000363733,-0.0008819728
2025-12-23T18:00:00.008000+00:00,0.00000625,0.0002589363
2025-12-23T19:00:00.021000+00:00,0.00000625,0.0002065339
2025-12-23T20:00:00.206000+00:00,0.00000625,0.0000425767
2025-12-23T21:00:00.067000+00:00,0.00000625,-0.0000167525
2025-12-23T22:00:00.021000+00:00,0.00000625,-0.0000200916
2025-12-23T23:00:00.051000+00:00,0.00000625,-0.0000552086
2025-12-24T00:00:00.088000+00:00,0.00000625,-0.0000303123
2025-12-24T01:00:00.030000+00:00,0.00000625,-0.0000705238
2025-12-24T02:00:00.077000+00:00,0.00000625,-0.0000686464
2025-12-24T03:00:00.005000+00:00,0.00000625,0.0000021215
2025-12-24T04:00:00.045000+00:00,0.00000625,-0.000138805
2025-12-24T05:00:00.039000+00:00,0.00000625,-0.0001295925
2025-12-24T06:00:00.027000+00:00,0.00000625,0.0000023349
2025-12-24T07:00:00.010000+00:00,0.00000625,0.0000000295
2025-12-24T08:00:00.074000+00:00,0.00000625,0.00000062
2025-12-24T09:00:00.035000+00:00,0.00000625,-0.0000009766
2025-12-24T10:00:00.079000+00:00,-0.0000872698,-0.0016963163
2025-12-24T11:00:00.034000+00:00,-0.0000561537,-0.0011984593
2025-12-24T12:00:00.028000+00:00,-0.0001436765,-0.0025988234
2025-12-24T13:00:00.012000+00:00,-0.0003198157,-0.0054170517
2025-12-24T14:00:00.025000+00:00,-0.0002525787,-0.0043412587
2025-12-24T15:00:00.087000+00:00,0.0002330317,0.004028508
2025-12-24T16:00:00.002000+00:00,0.000192387,0.0033781926
2025-12-24T17:00:00.013000+00:00,0.0003404112,0.0057465785
2025-12-24T18:00:00.037000+00:00,0.0003507335,0.0059117358
2025-12-24T19:00:00.010000+00:00,-0.0000378262,-0.0009052198
2025-12-24T20:00:00.012000+00:00,0.000194539,0.0034126241
2025-12-24T21:00:00.014000+00:00,0.0003896934,0.0065350941
2025-12-24T22:00:00.001000+00:00,-0.0005235672,-0.0086770744
2025-12-24T23:00:00.087000+00:00,-0.0001321103,-0.0024137653
2025-12-25T00:00:00.009000+00:00,-0.0001306483,-0.0023903728
2025-12-25T01:00:00.033000+00:00,-0.0000834945,-0.0016359113
2025-12-25T02:00:00.085000+00:00,0.0000377662,0.0009042588
2025-12-25T03:00:00.030000+00:00,-0.000036665,-0.0008866399
2025-12-25T04:00:00.034000+00:00,-0.0001072998,-0.002016797
2025-12-25T05:00:00.023000+00:00,-0.0001277535,-0.0023440567
2025-12-25T06:00:00.056000+00:00,-0.0000585686,-0.0012370973
2025-12-25T07:00:00.023000+00:00,-0.0000578558,-0.0012256932
2025-12-25T08:00:00.045000+00:00,-0.0000581156,-0.0012298498
2025-12-25T09:00:00.041000+00:00,-0.0000668432,-0.0013694916
2025-12-25T10:00:00.018000+00:00,-0.0000211612,-0.0006385786
2025-12-25T11:00:00.029000+00:00,0.0000724432,0.0014590915
2025-12-25T12:00:00.064000+00:00,-0.0000293392,-0.0007694267
2025-12-25T13:00:00.067000+00:00,-0.0002462265,-0.0042396242
2025-12-25T14:00:00.102000+00:00,-0.0003021648,-0.0051346364
2025-12-25T15:00:00.042000+00:00,-0.0002746155,-0.0046938475
2025-12-25T16:00:00.058000+00:00,-0.0002279422,-0.0039470753
2025-12-25T17:00:00.056000+00:00,-0.0004286771,-0.0071588343
2025-12-25T18:00:00.010000+00:00,-0.0004413917,-0.007362267
2025-12-25T19:00:00.040000+00:00,-0.0004229857,-0.0070677709
2025-12-25T20:00:00.060000+00:00,-0.0003544999,-0.0059719987
2025-12-25T21:00:00.080000+00:00,-0.0004777935,-0.0079446963
2025-12-25T22:00:00.003000+00:00,-0.0004589011,-0.0076424179
2025-12-25T23:00:00.019000+00:00,-0.0002370875,-0.0040934002
2025-12-26T00:00:00.022000+00:00,-0.000184383,-0.0032501273
2025-12-26T01:00:00.008000+00:00,-0.0002278706,-0.0039459296
2025-12-26T02:00:00.062000+00:00,-0.0006693363,-0.0110093816
2025-12-26T03:00:00+00:00,-0.0003088416,-0.0052414659
2025-12-26T04:00:00.056000+00:00,-0.0004177802,-0.0069844833
2025-12-26T05:00:00.092000+00:00,0.00000625,0.0000261067
2025-12-26T06:00:00.012000+00:00,0.0001127905,0.0021046486
2025-12-26T07:00:00.039000+00:00,0.0000579719,0.0012275506
2025-12-26T08:00:00.040000+00:00,-0.0000349348,-0.0008589568
2025-12-26T09:00:00.017000+00:00,-0.0001028676,-0.0019458821
2025-12-26T10:00:00.113000+00:00,-0.0001832293,-0.0032316682
2025-12-26T11:00:00.164000+00:00,-0.0000566118,-0.0012057892
2025-12-26T12:00:00.040000+00:00,0.0001619978,0.0028919648
2025-12-26T13:00:00.030000+00:00,0.0001901944,0.0033431109
2025-12-26T14:00:00.015000+00:00,0.0001062329,0.0019997271
2025-12-26T15:00:00.077000+00:00,0.0003876467,0.006502347
2025-12-26T16:00:00.036000+00:00,0.0001387239,0.0025195821
2025-12-26T17:00:00.019000+00:00,0.0000209421,0.0006350734
2025-12-26T18:00:00.088000+00:00,0.0000147644,0.0005362296
2025-12-26T19:00:00.033000+00:00,0.00000625,0.0003526443
2025-12-26T20:00:00.045000+00:00,0.00000625,0.0003295235
2025-12-26T21:00:00.004000+00:00,0.00000625,0.0000768138
2025-12-26T22:00:00.040000+00:00,0.0000130603,0.0005089646
2025-12-26T23:00:00.040000+00:00,0.0000135092,0.0005161477
2025-12-27T00:00:00.023000+00:00,0.0000134836,0.0005157377
2025-12-27T01:00:00.020000+00:00,0.0000190982,0.0006055716
2025-12-27T02:00:00.019000+00:00,0.0000181801,0.0005908818
2025-12-27T03:00:00.083000+00:00,0.0000181955,0.0005911278
2025-12-27T04:00:00+00:00,0.0000179442,0.0005871066
2025-12-27T05:00:00.022000+00:00,0.0000184716,0.0005955453
2025-12-27T06:00:00.022000+00:00,0.0000137983,0.0005207724
2025-12-27T07:00:00.101000+00:00,0.0000137885,0.0005206166
2025-12-27T08:00:00.049000+00:00,0.000013777,0.0005204315
2025-12-27T09:00:00.024000+00:00,0.0000136473,0.0005183565
2025-12-27T10:00:00.051000+00:00,0.0000135421,0.0005166736
2025-12-27T11:00:00.058000+00:00,0.0000136506,0.0005184101
2025-12-27T12:00:00.048000+00:00,0.0000136896,0.0005190335
2025-12-27T13:00:00.049000+00:00,0.0002186966,0.003799145
2025-12-27T14:00:00.129000+00:00,0.0002760721,0.004717154
2025-12-27T15:00:00.130000+00:00,0.0002699952,0.0046199235
2025-12-27T16:00:00.019000+00:00,0.0001994423,0.0034910775
2025-12-27T17:00:00.106000+00:00,0.0001893708,0.0033299334
2025-12-27T18:00:00.021000+00:00,0.0001904023,0.0033464361
2025-12-27T19:00:00.007000+00:00,0.0002052993,0.0035847888
2025-12-27T20:00:00.057000+00:00,0.0001981558,0.0034704931
2025-12-27T21:00:00.027000+00:00,0.0001112827,0.0020805228
2025-12-27T22:00:00.034000+00:00,0.0001144282,0.0021308514
2025-12-27T23:00:00.018000+00:00,0.0001540626,0.0027650014
2025-12-28T00:00:00.072000+00:00,0.0001738305,0.0030812885
2025-12-28T01:00:00.041000+00:00,0.0001810615,0.0031969846
2025-12-28T02:00:00.027000+00:00,0.0001738596,0.0030817537
2025-12-28T03:00:00.017000+00:00,0.0001778772,0.003146035
2025-12-28T04:00:00.024000+00:00,0.00017813,0.0031500803
2025-12-28T05:00:00.062000+00:00,0.000176443,0.0031230878
2025-12-28T06:00:00.060000+00:00,0.0001945157,0.0034122514
2025-12-28T07:00:00.028000+00:00,0.0000507775,0.0011124394
2025-12-28T08:00:00.040000+00:00,0.0000892654,0.0017282466
2025-12-28T09:00:00.005000+00:00,0.0000816251,0.0016060023
2025-12-28T10:00:00.074000+00:00,0.0000831654,0.0016306463
2025-12-28T11:00:00.057000+00:00,0.0000933998,0.0017943963
2025-12-28T12:00:00.046000+00:00,0.000097786,0.0018645763
2025-12-28T13:00:00.095000+00:00,0.0000987071,0.0018793132
2025-12-28T14:00:00.095000+00:00,0.0000957029,0.0018312471
2025-12-28T15:00:00.109000+00:00,0.0000808879,0.0015942071
2025-12-28T16:00:00.008000+00:00,0.0000638095,0.001320952
2025-12-28T17:00:00.074000+00:00,0.0000586494,0.0012383902
2025-12-28T18:00:00.041000+00:00,0.0000517954,0.0011287267
2025-12-28T19:00:00.019000+00:00,0.0000507275,0.0011116396
2025-12-28T20:00:00.016000+00:00,0.0000424218,0.0009787492
2025-12-28T21:00:00.047000+00:00,0.000046969,0.0010515035
2025-12-28T22:00:00.072000+00:00,0.000108174,0.0020307836
2025-12-28T23:00:00.045000+00:00,0.0001441955,0.0026071275
2025-12-29T00:00:00.132000+00:00,0.0000952791,0.0018244658
2025-12-29T01:00:00.082000+00:00,0.0000597353,0.0012557647
2025-12-29T02:00:00.076000+00:00,0.0000831014,0.001629623
2025-12-29T03:00:00.049000+00:00,0.0001592522,0.0028480352
2025-12-29T04:00:00.132000+00:00,0.0001374724,0.0024995588
2025-12-29T05:00:00.006000+00:00,0.0001503869,0.0027061909
2025-12-29T06:00:00.005000+00:00,0.0000163845,0.0005621516
2025-12-29T07:00:00.018000+00:00,0.0000319648,0.0008114368
2025-12-29T08:00:00.014000+00:00,0.000044979,0.0010196642
2025-12-29T09:00:00.030000+00:00,0.0000477266,0.0010636257
2025-12-29T10:00:00.008000+00:00,0.0000152209,0.0005435342
2025-12-29T11:00:00.098000+00:00,0.0000430894,0.000989431
2025-12-29T12:00:00.026000+00:00,0.0000128225,0.0005051595
2025-12-29T13:00:00.001000+00:00,0.0000225928,0.0006614851
2025-12-29T14:00:00.028000+00:00,0.0000469414,0.0010510621
2025-12-29T15:00:00.031000+00:00,0.0000303312,0.0007852984
2025-12-29T16:00:00.014000+00:00,0.0000208001,0.0006328018
2025-12-29T17:00:00.019000+00:00,0.0000281028,0.000749645
2025-12-29T18:00:00.031000+00:00,0.0000364693,0.0008835084
2025-12-29T19:00:00.026000+00:00,0.0000267716,0.0007283455
2025-12-29T20:00:00.055000+00:00,0.0000331964,0.0008311424
2025-12-29T21:00:00.006000+00:00,0.0000329398,0.0008270367
2025-12-29T22:00:00.075000+00:00,0.0000302665,0.0007842632
2025-12-29T23:00:00.040000+00:00,0.0000290609,0.0007649751
2025-12-30T00:00:00.010000+00:00,0.0000468222,0.001049155
2025-12-30T01:00:00.049000+00:00,-0.000050785,-0.0011125592
2025-12-30T02:00:00.033000+00:00,0.0000222605,0.0006561681
2025-12-30T03:00:00.041000+00:00,0.00000625,0.0000418462
2025-12-30T04:00:00.063000+00:00,0.00000625,0.0000302505
2025-12-30T05:00:00.069000+00:00,0.00000625,0.0001413442
2025-12-30T06:00:00.067000+00:00,0.0000168808,0.0005700927
2025-12-30T07:00:00.062000+00:00,0.0000241588,0.0006865411
2025-12-30T08:00:00.028000+00:00,0.0000372265,0.0008956236
2025-12-30T09:00:00.045000+00:00,0.0000389843,0.000923749
2025-12-30T10:00:00.080000+00:00,-0.0001094237,-0.0020507793
2025-12-30T11:00:00.054000+00:00,-0.0001725343,-0.0030605492
2025-12-30T12:00:00.003000+00:00,-0.0000672298,-0.0013756776
2025-12-30T13:00:00.121000+00:00,-0.0000167928,-0.0005686849
2025-12-30T14:00:00.031000+00:00,0.0000689657,0.0014034513
2025-12-30T15:00:00.036000+00:00,0.0000394301,0.0009308811
2025-12-30T16:00:00.039000+00:00,0.00000625,0.0000459918
2025-12-30T17:00:00.051000+00:00,0.00000625,-0.0000782622
2025-12-30T18:00:00.071000+00:00,0.00000625,-0.0000946702
2025-12-30T19:00:00.033000+00:00,0.00000625,0.0000574814
2025-12-30T20:00:00.120000+00:00,0.00000625,0.0000596145
2025-12-30T21:00:00.041000+00:00,0.00000625,0.0000791834
2025-12-30T22:00:00.003000+00:00,0.00000625,-0.0000084666
2025-12-30T23:00:00.047000+00:00,0.00000625,0.0000860961
2025-12-31T00:00:00.021000+00:00,0.00000625,0.0000994641
2025-12-31T01:00:00.022000+00:00,0.0000140483,0.0005247726
2025-12-31T02:00:00.037000+00:00,0.0000122337,0.0004957395
2025-12-31T03:00:00.053000+00:00,0.0000117912,0.0004886594
2025-12-31T04:00:00.057000+00:00,0.0000112185,0.0004794967
2025-12-31T05:00:00.011000+00:00,0.0000110884,0.000477415
2025-12-31T06:00:00.002000+00:00,0.0000113913,0.0004822612
2025-12-31T07:00:00.029000+00:00,0.0000114868,0.0004837892
2025-12-31T08:00:00.063000+00:00,0.0000118025,0.0004888397
2025-12-31T09:00:00.019000+00:00,0.00000625,0.000305482
2025-12-31T10:00:00.002000+00:00,0.0001302934,0.0023846948
2025-12-31T11:00:00.050000+00:00,0.000092103,0.0017736482
2025-12-31T12:00:00.095000+00:00,0.00000625,0.0000977915
2025-12-31T13:00:00.002000+00:00,0.0000169648,0.0005714364
2025-12-31T14:00:00.008000+00:00,-0.0001096345,-0.0020541521
2025-12-31T15:00:00.015000+00:00,-0.0000688894,-0.0014022309
2025-12-31T16:00:00.089000+00:00,-0.000005858,-0.0003937278
2025-12-31T17:00:00.072000+00:00,-0.0000019425,-0.0003310797
2025-12-31T18:00:00.050000+00:00,-0.0000215674,-0.0006450786
2025-12-31T19:00:00.053000+00:00,-0.0000608431,-0.0012734891
2025-12-31T20:00:00.058000+00:00,-0.0000010446,-0.0003167135
2025-12-31T21:00:00.043000+00:00,0.00000625,-0.0001605775
2025-12-31T22:00:00.100000+00:00,0.0002219587,0.0038513395
2025-12-31T23:00:00.093000+00:00,0.0005125511,0.0085008174
2026-01-01T00:00:00.063000+00:00,0.0001573338,0.0028173416
2026-01-01T01:00:00.053000+00:00,0.0001333393,0.0024334294
2026-01-01T02:00:00.024000+00:00,0.0004260829,0.0071173262
2026-01-01T03:00:00.012000+00:00,0.0000650907,0.0013414509
2026-01-01T04:00:00.036000+00:00,0.0000412332,0.0009597319
2026-01-01T05:00:00.040000+00:00,0.0001183557,0.0021936906
2026-01-01T06:00:00.053000+00:00,0.0001188518,0.0022016289
2026-01-01T07:00:00.011000+00:00,0.0001188307,0.0022012919
2026-01-01T08:00:00.045000+00:00,0.0004507653,0.0075122453
2026-01-01T09:00:00.098000+00:00,0.000129421,0.0023707359
2026-01-01T10:00:00.010000+00:00,-0.0001400918,-0.0025414695
2026-01-01T11:00:00.034000+00:00,-0.0002293931,-0.0039702888
2026-01-01T12:00:00.051000+00:00,-0.0001766723,-0.0031267571
2026-01-01T13:00:00.101000+00:00,-0.0001623272,-0.0028972354
2026-01-01T14:00:00.010000+00:00,0.0000369343,0.0008909486
2026-01-01T15:00:00.003000+00:00,0.00000625,0.0003736648
2026-01-01T16:00:00.025000+00:00,0.0000273422,0.0007374759
2026-01-01T17:00:00.034000+00:00,0.0000392868,0.0009285882
2026-01-01T18:00:00.042000+00:00,0.00000625,0.000309699
2026-01-01T19:00:00.029000+00:00,0.000005698,-0.0002088325
2026-01-01T20:00:00.043000+00:00,0.00000625,-0.0001722595
2026-01-01T21:00:00.069000+00:00,-0.0000493918,-0.0010902684
2026-01-01T22:00:00.047000+00:00,-0.0000226826,-0.0006629215
2026-01-01T23:00:00.023000+00:00,-0.0000539412,-0.0011630595
2026-01-02T00:00:00.042000+00:00,0.0000114272,0.0004828352
2026-01-02T01:00:00.032000+00:00,-0.0000841047,-0.0016456759
2026-01-02T02:00:00.057000+00:00,0.00000625,0.0002854191
2026-01-02T03:00:00.019000+00:00,0.00006436,0.0013297604
2026-01-02T04:00:00.139000+00:00,0.0001309716,0.0023955453
2026-01-02T05:00:00.110000+00:00,0.0000733851,0.0014741617
2026-01-02T06:00:00.022000+00:00,0.0001848462,0.0032575385
2026-01-02T07:00:00.003000+00:00,0.0001094437,0.0020510989
2026-01-02T08:00:00.081000+00:00,0.0001304838,0.0023877415
2026-01-02T09:00:00.003000+00:00,-0.0000737802,-0.001480483
2026-01-02T10:00:00.091000+00:00,-0.0003148312,-0.0053372998
2026-01-02T11:00:00.048000+00:00,-0.0000339455,-0.0008431281
2026-01-02T12:00:00.042000+00:00,-0.0000222979,-0.0006567658
2026-01-02T13:00:00.114000+00:00,0.0000181177,0.0005898839
2026-01-02T14:00:00.009000+00:00,-0.0000265576,-0.0007249212
2026-01-02T15:00:00.105000+00:00,-0.000082124,-0.0016139842
2026-01-02T16:00:00.038000+00:00,-0.0000409054,-0.000954487
2026-01-02T17:00:00.047000+00:00,-0.0000439402,-0.0010030431
2026-01-02T18:00:00.034000+00:00,-0.0000420082,-0.0009721312
2026-01-02T19:00:00.026000+00:00,0.00000625,0.0000148534
2026-01-02T20:00:00.027000+00:00,0.0000095157,0.0004522515
2026-01-02T21:00:00+00:00,0.0000096285,0.000454056
2026-01-02T22:00:00.042000+00:00,0.0000095915,0.0004534633
2026-01-02T23:00:00.022000+00:00,0.0000085633,0.0004370135
2026-01-03T00:00:00.008000+00:00,0.0000085699,0.0004371191
2026-01-03T01:00:00.018000+00:00,0.00000625,0.0002029227
2026-01-03T02:00:00.008000+00:00,0.0000572227,0.0012155631
2026-01-03T03:00:00.074000+00:00,-0.0000895415,-0.0017326635
2026-01-03T04:00:00.011000+00:00,0.0000004084,-0.0002934659
2026-01-03T05:00:00.006000+00:00,0.0000228624,0.0006657992
2026-01-03T06:00:00.019000+00:00,0.00000625,0.0002321683
2026-01-03T07:00:00.004000+00:00,-0.0000316165,-0.0008058637
2026-01-03T08:00:00.011000+00:00,-0.0000105693,-0.0004691085
2026-01-03T09:00:00.067000+00:00,-0.0000733493,-0.0014735882
2026-01-03T10:00:00.026000+00:00,-0.0001148248,-0.0021371969
2026-01-03T11:00:00.060000+00:00,-0.0001227515,-0.002264024
2026-01-03T12:00:00.095000+00:00,-0.0001137214,-0.0021195419
2026-01-03T13:00:00.083000+00:00,-0.0001384815,-0.0025157042
2026-01-03T14:00:00.043000+00:00,-0.0001368558,-0.0024896925
2026-01-03T15:00:00.072000+00:00,-0.0000515024,-0.0011240387
2026-01-03T16:00:00.044000+00:00,-0.0000517688,-0.0011283003
2026-01-03T17:00:00.083000+00:00,-0.0000568374,-0.0012093979
2026-01-03T18:00:00.061000+00:00,-0.0000589755,-0.0012436087
2026-01-03T19:00:00.032000+00:00,-0.000058468,-0.0012354874
2026-01-03T20:00:00.019000+00:00,-0.0000362632,-0.0008802109
2026-01-03T21:00:00.128000+00:00,0.0000307833,0.0007925326
2026-01-03T22:00:00.077000+00:00,0.0002976181,0.0050618893
2026-01-03T23:00:00.046000+00:00,0.0003119718,0.0052915488
2026-01-04T00:00:00.024000+00:00,0.0003490378,0.0058846041
2026-01-04T01:00:00.010000+00:00,0.0003415848,0.0057653564
2026-01-04T02:00:00.026000+00:00,0.0002622495,0.0044959913
2026-01-04T03:00:00.011000+00:00,0.0001735891,0.0030774253
2026-01-04T04:00:00.063000+00:00,0.000173733,0.0030797277
2026-01-04T05:00:00.060000+00:00,0.0001691544,0.0030064698
2026-01-04T06:00:00.066000+00:00,0.0001932816,0.0033925049
2026-01-04T07:00:00.031000+00:00,0.0002002795,0.0035044714
2026-01-04T08:00:00.036000+00:00,0.0001992433,0.0034878935
2026-01-04T09:00:00.001000+00:00,0.0002016531,0.0035264498
2026-01-04T10:00:00.051000+00:00,0.0002022308,0.0035356921
2026-01-04T11:00:00.051000+00:00,0.0001260712,0.0023171395
2026-01-04T12:00:00.052000+00:00,0.0002204266,0.003826825
2026-01-04T13:00:00.062000+00:00,0.0002184289,0.0037948621
2026-01-04T14:00:00.019000+00:00,0.0002220371,0.0038525929
2026-01-04T15:00:00.078000+00:00,0.0002180172,0.0037882755
2026-01-04T16:00:00.098000+00:00,0.0002198291,0.0038172649
2026-01-04T17:00:00.020000+00:00,0.0002281462,0.0039503393
2026-01-04T18:00:00.054000+00:00,0.000199767,0.0034962716
2026-01-04T19:00:00.024000+00:00,0.0001467728,0.0026483642
2026-01-04T20:00:00.062000+00:00,0.0002523604,0.0043377665
2026-01-04T21:00:00+00:00,0.0003017333,0.0051277321
2026-01-04T22:00:00.037000+00:00,0.00027797,0.0047475199
2026-01-04T23:00:00.111000+00:00,0.0002438248,0.0042011964
2026-01-05T00:00:00+00:00,0.0001689923,0.0030038773
2026-01-05T01:00:00.014000+00:00,0.0001377281,0.0025036498
2026-01-05T02:00:00.009000+00:00,-0.0004190134,-0.0070042138
2026-01-05T03:00:00.010000+00:00,0.0001282895,0.0023526314
2026-01-05T04:00:00.044000+00:00,0.0001573007,0.0028168108
2026-01-05T05:00:00.042000+00:00,0.0001555013,0.00278802
2026-01-05T06:00:00.026000+00:00,0.0001796533,0.0031744529
2026-01-05T07:00:00.067000+00:00,0.000166293,0.0029606876
2026-01-05T08:00:00.060000+00:00,0.0001584702,0.0028355234
2026-01-05T09:00:00.043000+00:00,0.0001612585,0.0028801361
2026-01-05T10:00:00.038000+00:00,0.0003500875,0.0059014002
2026-01-05T11:00:00.040000+00:00,0.0001678911,0.0029862584
2026-01-05T12:00:00.068000+00:00,0.0001276079,0.0023417256
2026-01-05T13:00:00.054000+00:00,0.0000157403,0.000551844
2026-01-05T14:00:00.015000+00:00,0.0000852575,0.0016641192
2026-01-05T15:00:00.020000+00:00,0.0000550599,0.0011809582
2026-01-05T16:00:00.051000+00:00,0.0000339284,0.0008428537
2026-01-05T17:00:00.085000+00:00,0.0000499324,0.001098918
2026-01-05T18:00:00.081000+00:00,0.0000529117,0.0011465869
2026-01-05T19:00:00.056000+00:00,0.0000912639,0.001760223
2026-01-05T20:00:00.045000+00:00,0.0000371184,0.000893894
2026-01-05T21:00:00.022000+00:00,0.0000362689,0.0008803031
2026-01-05T22:00:00.008000+00:00,0.0000395422,0.0009326748
2026-01-05T23:00:00.068000+00:00,0.000041022,0.0009563513
2026-01-06T00:00:00.017000+00:00,0.0000406947,0.0009511155
2026-01-06T01:00:00.086000+00:00,0.0000412526,0.0009600411
2026-01-06T02:00:00.073000+00:00,0.0000420185,0.0009722956
2026-01-06T03:00:00.033000+00:00,0.000044425,0.0010107999
2026-01-06T04:00:00.036000+00:00,0.0000891407,0.0017262513
2026-01-06T05:00:00.075000+00:00,0.0000612754,0.0012804066
2026-01-06T06:00:00.013000+00:00,-0.0000258753,-0.0007140052
2026-01-06T07:00:00.008000+00:00,-0.0000285098,-0.0007561565
2026-01-06T08:00:00.066000+00:00,-0.0000300152,-0.0007802439
2026-01-06T09:00:00.059000+00:00,0.00000625,0.0001448631
2026-01-06T10:00:00.012000+00:00,0.0000696612,0.0014145791
2026-01-06T11:00:00.060000+00:00,0.0000702939,0.0014247022
2026-01-06T12:00:00.017000+00:00,0.0001167773,0.0021684373
2026-01-06T13:00:00.002000+00:00,0.000080931,0.0015948966
2026-01-06T14:00:00.046000+00:00,0.0000745389,0.0014926225
2026-01-06T15:00:00.076000+00:00,0.00000625,-0.000183093
2026-01-06T16:00:00.036000+00:00,-0.0000407163,-0.0009514608
2026-01-06T17:00:00.012000+00:00,0.0000286591,0.000758545
2026-01-06T18:00:00.001000+00:00,0.00000625,0.0003097418
2026-01-06T19:00:00.037000+00:00,0.00000625,0.0002191442
2026-01-06T20:00:00.018000+00:00,0.0000212817,0.0006405075
2026-01-06T21:00:00.062000+00:00,0.0000026562,-0.0002575012
2026-01-06T22:00:00.005000+00:00,-0.0000885718,-0.0017171487
2026-01-06T23:00:00.008000+00:00,0.00000625,0.0000174303
2026-01-07T00:00:00.119000+00:00,0.0000734081,0.00147453
2026-01-07T01:00:00.007000+00:00,0.00000625,0.0003267438
2026-01-07T02:00:00.010000+00:00,0.00000625,0.0000589543
2026-01-07T03:00:00.017000+00:00,0.00000625,-0.000008481
2026-01-07T04:00:00.033000+00:00,0.00000625,0.000196999
2026-01-07T05:00:00.087000+00:00,0.0000235365,0.0006765841
2026-01-07T06:00:00.009000+00:00,0.0000300067,0.0007801064
2026-01-07T07:00:00.014000+00:00,0.0000376849,0.0009029576
2026-01-07T08:00:00.062000+00:00,0.0000363168,0.0008810683
2026-01-07T09:00:00.082000+00:00,0.0000357948,0.0008727164
2026-01-07T10:00:00.029000+00:00,0.0001077202,0.0020235231
2026-01-07T11:00:00.048000+00:00,0.0000470846,0.0010533537
2026-01-07T12:00:00.096000+00:00,0.0000025873,-0.0002586033
2026-01-07T13:00:00.074000+00:00,0.00000625,0.0000470418
2026-01-07T14:00:00.040000+00:00,0.00000625,0.0001732284
2026-01-07T15:00:00.099000+00:00,0.00000625,0.0001443485
2026-01-07T16:00:00.081000+00:00,0.00000625,0.0000922539
2026-01-07T17:00:00.013000+00:00,0.00000625,0.0000617043
2026-01-07T18:00:00.014000+00:00,0.00000625,0.0000250464
2026-01-07T19:00:00.055000+00:00,0.000007736,0.0004237757
2026-01-07T20:00:00.113000+00:00,0.0000340815,0.0008453046
2026-01-07T21:00:00.117000+00:00,0.0000577374,0.0012237991
2026-01-07T22:00:00.043000+00:00,0.0000634965,0.0013159446
2026-01-07T23:00:00.090000+00:00,0.0000862334,0.0016797349
2026-01-08T00:00:00.001000+00:00,0.0000885203,0.0017163242
2026-01-08T01:00:00.035000+00:00,0.0000955868,0.0018293894
2026-01-08T02:00:00.029000+00:00,0.0000762971,0.0015207539
2026-01-08T03:00:00.014000+00:00,0.0001545768,0.0027732293
2026-01-08T04:00:00.069000+00:00,0.0001942189,0.003407502
2026-01-08T05:00:00.155000+00:00,0.0000460993,0.0010375894
2026-01-08T06:00:00.094000+00:00,0.0000657029,0.0013512456
2026-01-08T07:00:00.010000+00:00,0.0001893886,0.003330218
2026-01-08T08:00:00.089000+00:00,0.000228076,0.0039492154
2026-01-08T09:00:00.077000+00:00,0.0000195031,0.0006120504
2026-01-08T10:00:00.037000+00:00,0.0000711907,0.0014390517
2026-01-08T11:00:00.015000+00:00,0.000047744,0.0010639037
2026-01-08T12:00:00.137000+00:00,0.0000145214,0.0005323424
2026-01-08T13:00:00.040000+00:00,0.00000625,0.0003137552
2026-01-08T14:00:00+00:00,0.0000103841,0.0004661458
2026-01-08T15:00:00.106000+00:00,0.0000146114,0.000533783
2026-01-08T16:00:00.063000+00:00,0.0000311897,0.0007990359
2026-01-08T17:00:00.004000+00:00,0.0000463872,0.0010421954
2026-01-08T18:00:00.008000+00:00,0.000070702,0.0014312323
2026-01-08T19:00:00.013000+00:00,0.0000903347,0.0017453545
2026-01-08T20:00:00.098000+00:00,0.0000937115,0.0017993841
2026-01-08T21:00:00.116000+00:00,0.0000962011,0.0018392179
2026-01-08T22:00:00.008000+00:00,0.0000968697,0.001849915
2026-01-08T23:00:00.085000+00:00,0.0000962226,0.001839561
2026-01-09T00:00:00.020000+00:00,0.0000858653,0.0016738444
2026-01-09T01:00:00.016000+00:00,0.0000930072,0.0017881148
2026-01-09T02:00:00.063000+00:00,0.000111242,0.0020798712
2026-01-09T03:00:00.059000+00:00,0.0000916964,0.0017671425
2026-01-09T04:00:00.100000+00:00,0.0000899223,0.001738757
2026-01-09T05:00:00.158000+00:00,0.0001207141,0.0022314257
2026-01-09T06:00:00.046000+00:00,0.0001183263,0.0021932206
2026-01-09T07:00:00.012000+00:00,0.0001069955,0.0020119283
2026-01-09T08:00:00.028000+00:00,0.0000910961,0.0017575371
2026-01-09T09:00:00.072000+00:00,0.0000649551,0.0013392814
2026-01-09T10:00:00.077000+00:00,0.0001460313,0.0026365001
2026-01-09T11:00:00.050000+00:00,0.0001443581,0.0026097295
2026-01-09T12:00:00.041000+00:00,0.0001061523,0.0019984362
2026-01-09T13:00:00.005000+00:00,0.0001031683,0.001950693
2026-01-09T14:00:00.032000+00:00,0.0001048004,0.0019768058
2026-01-09T15:00:00.042000+00:00,0.00009766,0.0018625604
2026-01-09T16:00:00.002000+00:00,0.0000414334,0.000962935
2026-01-09T17:00:00.004000+00:00,0.0000486288,0.001078061
2026-01-09T18:00:00.018000+00:00,0.0000646278,0.0013340451
2026-01-09T19:00:00.042000+00:00,0.0000686021,0.0013976332
2026-01-09T20:00:00.065000+00:00,0.0000642162,0.0013274599
2026-01-09T21:00:00+00:00,0.0000581917,0.0012310668
2026-01-09T22:00:00.018000+00:00,0.0000492615,0.0010881842
2026-01-09T23:00:00.025000+00:00,0.0000200001,0.0006200022
2026-01-10T00:00:00.103000+00:00,0.0000116459,0.0004863336
2026-01-10T01:00:00.110000+00:00,0.0000127807,0.0005044907
2026-01-10T02:00:00.064000+00:00,0.0000103362,0.0004653798
2026-01-10T03:00:00.039000+00:00,-0.0000439139,-0.0010026221
2026-01-10T04:00:00.085000+00:00,-0.0002465011,-0.0042440181
2026-01-10T05:00:00.065000+00:00,-0.0002105079,-0.0036681265
2026-01-10T06:00:00.034000+00:00,-0.0002115491,-0.0036847858
2026-01-10T07:00:00.035000+00:00,-0.0002088767,-0.0036420272
2026-01-10T08:00:00.072000+00:00,-0.0001981914,-0.0034710629
2026-01-10T09:00:00.033000+00:00,0.0002162317,0.0037597075
2026-01-10T10:00:00.024000+00:00,0.0004110455,0.0068767279
2026-01-10T11:00:00.060000+00:00,0.000177425,0.0031387993
2026-01-10T12:00:00.034000+00:00,-0.0000560188,-0.0011963003
2026-01-10T13:00:00.030000+00:00,-0.0001790662,-0.0031650584
2026-01-10T14:00:00.051000+00:00,-0.0001312791,-0.0024004652
2026-01-10T15:00:00.017000+00:00,-0.0002107691,-0.003672306
2026-01-10T16:00:00.003000+00:00,-0.0001737851,-0.0030805623
2026-01-10T17:00:00.066000+00:00,-0.0001175542,-0.0021808677
2026-01-10T18:00:00.054000+00:00,0.0002018474,0.0035295578
2026-01-10T19:00:00.025000+00:00,0.0001205721,0.002229153
2026-01-10T20:00:00.081000+00:00,0.0000570405,0.0012126479
2026-01-10T21:00:00.083000+00:00,-0.0001028922,-0.0019462745
2026-01-10T22:00:00.025000+00:00,-0.0002013548,-0.0035216773
2026-01-10T23:00:00.047000+00:00,0.0002847415,0.0048558633
2026-01-11T00:00:00.007000+00:00,0.0001522246,0.0027355943
2026-01-11T01:00:00.046000+00:00,0.0001232551,0.0022720812
2026-01-11T02:00:00.078000+00:00,0.0002535502,0.0043568033
2026-01-11T03:00:00.099000+00:00,0.0002875494,0.0049007898
2026-01-11T04:00:00.011000+00:00,0.0001503024,0.002704838
2026-01-11T05:00:00.012000+00:00,0.0000559302,0.0011948833
2026-01-11T06:00:00.038000+00:00,0.0000214398,0.0006430376
2026-01-11T07:00:00.049000+00:00,-0.0000026744,-0.0003427897
2026-01-11T08:00:00.066000+00:00,0.0001210918,0.0022374696
2026-01-11T09:00:00.045000+00:00,-0.0000039754,-0.0003636071
2026-01-11T10:00:00.103000+00:00,0.00000625,0.0000393665
2026-01-11T11:00:00.105000+00:00,0.0001824814,0.0032197018
2026-01-11T12:00:00.018000+00:00,0.0001883933,0.0033142924
2026-01-11T13:00:00.035000+00:00,0.0003810442,0.0063967071
2026-01-11T14:00:00.034000+00:00,0.0003165453,0.0053647253
2026-01-11T15:00:00.124000+00:00,0.0002409435,0.0041550964
2026-01-11T16:00:00.122000+00:00,0.0002005594,0.0035089498
2026-01-11T17:00:00.061000+00:00,0.0001995388,0.0034926215
2026-01-11T18:00:00.004000+00:00,0.0002279951,0.0039479222
2026-01-11T19:00:00.023000+00:00,0.0001913602,0.0033617627
2026-01-11T20:00:00.002000+00:00,0.0001560748,0.0027971969
2026-01-11T21:00:00.010000+00:00,0.0001501981,0.0027031692
2026-01-11T22:00:00.083000+00:00,0.0001542697,0.0027683149
2026-01-11T23:00:00.127000+00:00,0.0001380642,0.0025090279
2026-01-12T00:00:00.053000+00:00,0.000234334,0.0040493448
2026-01-12T01:00:00.080000+00:00,0.00000625,0.000381962
2026-01-12T02:00:00.090000+00:00,0.0001014866,0.0019237853
2026-01-12T03:00:00.016000+00:00,0.0000076859,0.0004229742
2026-01-12T04:00:00.021000+00:00,0.0000111595,0.000478552
2026-01-12T05:00:00.027000+00:00,0.0000723215,0.0014571445
2026-01-12T06:00:00.025000+00:00,0.0002465455,0.0042447285
2026-01-12T07:00:00.061000+00:00,0.0000444418,0.0010110687
2026-01-12T08:00:00.053000+00:00,0.0000208913,0.00063426
2026-01-12T09:00:00.088000+00:00,0.0000295184,0.0007722938
2026-01-12T10:00:00.042000+00:00,0.0000854604,0.0016673668
2026-01-12T11:00:00.003000+00:00,0.0000768049,0.0015288778
2026-01-12T12:00:00.088000+00:00,0.0000250113,0.0007001801
2026-01-12T13:00:00.053000+00:00,0.0000124859,0.0004997748
2026-01-12T14:00:00.107000+00:00,0.0000567173,0.0012074768
2026-01-12T15:00:00.059000+00:00,0.0001111358,0.0020781724
2026-01-12T16:00:00.040000+00:00,0.0000243344,0.0006893505
2026-01-12T17:00:00.086000+00:00,0.0000292471,0.0007679538
2026-01-12T18:00:00.057000+00:00,0.0000203293,0.0006252694
2026-01-12T19:00:00.008000+00:00,0.0000170927,0.0005734838
2026-01-12T20:00:00.098000+00:00,0.0000230436,0.0006686977
2026-01-12T21:00:00.078000+00:00,0.0000177879,0.0005846065
2026-01-12T22:00:00.075000+00:00,0.00000625,0.0003040656
2026-01-12T23:00:00.024000+00:00,0.00000625,0.0000824154
2026-01-13T00:00:00.109000+00:00,0.00000625,0.000031044
2026-01-13T01:00:00.121000+00:00,0.00000625,0.0002653405
2026-01-13T02:00:00.017000+00:00,0.00000625,0.0001811718
2026-01-13T03:00:00.043000+00:00,0.00000625,0.0003300732
2026-01-13T04:00:00.068000+00:00,0.00000625,-0.0001209377
2026-01-13T05:00:00.079000+00:00,0.00000625,0.000002445
2026-01-13T06:00:00.029000+00:00,0.00000625,-0.0000120978
2026-01-13T07:00:00.089000+00:00,0.00000625,-0.0000382977
2026-01-13T08:00:00.032000+00:00,0.00000625,-0.0000010263
2026-01-13T09:00:00.003000+00:00,0.00000625,-0.0000174401
2026-01-13T10:00:00.232000+00:00,-0.0000318426,-0.000809481
2026-01-13T11:00:00.011000+00:00,0.00000625,0.00024642
2026-01-13T12:00:00.032000+00:00,-0.0000056001,-0.0003896016
2026-01-13T13:00:00.083000+00:00,-0.000000836,-0.0003133763
2026-01-13T14:00:00.043000+00:00,0.00000625,-0.0001960973
2026-01-13T15:00:00.051000+00:00,0.00000625,0.0000894825
2026-01-13T16:00:00.100000+00:00,0.00000625,0.0002059596
2026-01-13T17:00:00.039000+00:00,0.0000089871,0.0004437943
2026-01-13T18:00:00.042000+00:00,0.0000095918,0.0004534686
2026-01-13T19:00:00.031000+00:00,0.0000132268,0.0005116287
2026-01-13T20:00:00.005000+00:00,0.0000155613,0.0005489816
2026-01-13T21:00:00.017000+00:00,0.0000211726,0.000638761
2026-01-13T22:00:00+00:00,0.00000625,0.0003217306
2026-01-13T23:00:00.037000+00:00,0.00000625,-0.0000312123
2026-01-14T00:00:00.057000+00:00,0.00000625,0.0000826522
2026-01-14T01:00:00.019000+00:00,0.00000625,0.00008152
2026-01-14T02:00:00.050000+00:00,0.00000625,0.0000682497
2026-01-14T03:00:00.053000+00:00,0.00000625,0.0000160389
2026-01-14T04:00:00.063000+00:00,0.00000625,0.0000187839
2026-01-14T05:00:00.023000+00:00,0.00000625,0.0001172933
2026-01-14T06:00:00.066000+00:00,0.00000625,0.0002930669
2026-01-14T07:00:00.099000+00:00,0.00000625,0.0000049007
2026-01-14T08:00:00.062000+00:00,0.0000836634,0.001638615
2026-01-14T09:00:00.051000+00:00,0.0001895723,0.0033331569
2026-01-14T10:00:00.015000+00:00,0.0000335283,0.0008364524
2026-01-14T11:00:00+00:00,0.0000454671,0.0010274741
2026-01-14T12:00:00.043000+00:00,0.0000592178,0.001247484
2026-01-14T13:00:00.040000+00:00,0.0000342979,0.0008487661
2026-01-14T14:00:00.084000+00:00,0.0000189836,0.0006037374
2026-01-14T15:00:00.001000+00:00,0.0000216278,0.0006460442
2026-01-14T16:00:00.013000+00:00,0.0000127355,0.0005037677
2026-01-14T17:00:00.085000+00:00,0.0000133307,0.0005132917
2026-01-14T18:00:00.113000+00:00,0.00000625,0.000312478
2026-01-14T19:00:00.071000+00:00,0.00000625,0.0000784414
2026-01-14T20:00:00.090000+00:00,0.00000625,0.0002650984
2026-01-14T21:00:00.039000+00:00,0.00000625,0.0002834088
2026-01-14T22:00:00.018000+00:00,0.00000625,0.0003947425
2026-01-14T23:00:00.024000+00:00,0.0000111151,0.0004778408
2026-01-15T00:00:00.028000+00:00,0.00000625,0.0003899009
2026-01-15T01:00:00.004000+00:00,0.00000625,0.0003324327
2026-01-15T02:00:00.052000+00:00,0.00000625,0.0001706798
2026-01-15T03:00:00.019000+00:00,0.0000130541,0.0005088662
2026-01-15T04:00:00.018000+00:00,0.0000286969,0.0007591505
2026-01-15T05:00:00.081000+00:00,0.0000132578,0.0005121251
2026-01-15T06:00:00.021000+00:00,0.0000072927,0.0004166828
2026-01-15T07:00:00.057000+00:00,0.00000625,0.0003246396
2026-01-15T08:00:00.029000+00:00,0.0000121622,0.0004945957
2026-01-15T09:00:00.023000+00:00,0.0000192723,0.0006083567
2026-01-15T10:00:00.082000+00:00,0.0000388287,0.000921259
2026-01-15T11:00:00.076000+00:00,0.000037934,0.0009069435
2026-01-15T12:00:00.028000+00:00,0.0000416228,0.0009659651
2026-01-15T13:00:00.044000+00:00,0.0000227157,0.0006634515
2026-01-15T14:00:00.054000+00:00,0.00000625,0.0002124997
2026-01-15T15:00:00.001000+00:00,0.0000161015,0.0005576237
2026-01-15T16:00:00.020000+00:00,0.0000460076,0.0010361213
2026-01-15T17:00:00.067000+00:00,0.0000245262,0.0006924198
2026-01-15T18:00:00.062000+00:00,0.0000104412,0.000467059
2026-01-15T19:00:00.003000+00:00,0.0000111169,0.0004778696
2026-01-15T20:00:00.057000+00:00,0.0000252373,0.000703797
2026-01-15T21:00:00.062000+00:00,0.0000327549,0.0008240786
2026-01-15T22:00:00.033000+00:00,0.0000379539,0.0009072624
2026-01-15T23:00:00+00:00,0.0000460965,0.0010375436
2026-01-16T00:00:00.092000+00:00,0.0000448871,0.0010181935
2026-01-16T01:00:00.045000+00:00,0.0000451307,0.0010220913
2026-01-16T02:00:00.007000+00:00,0.0000428638,0.0009858202
2026-01-16T03:00:00.044000+00:00,0.0000494666,0.0010914649
2026-01-16T04:00:00.096000+00:00,0.0000466029,0.0010456468
2026-01-16T05:00:00.028000+00:00,0.000049308,0.0010889287
2026-01-16T06:00:00.013000+00:00,0.0000379574,0.000907318
2026-01-16T07:00:00.059000+00:00,0.0000523081,0.0011369289
2026-01-16T08:00:00.044000+00:00,0.0000606208,0.0012699333
2026-01-16T09:00:00.013000+00:00,0.0000706292,0.0014300679
2026-01-16T10:00:00.073000+00:00,0.0000780941,0.001549505
2026-01-16T11:00:00.003000+00:00,0.0000701726,0.001422761
2026-01-16T12:00:00.005000+00:00,0.0000673335,0.0013773356
2026-01-16T13:00:00.060000+00:00,0.0000199385,0.0006190168
2026-01-16T14:00:00.084000+00:00,0.0000244279,0.0006908463
2026-01-16T15:00:00.051000+00:00,0.000019946,0.0006191367
2026-01-16T16:00:00.040000+00:00,0.00000625,0.0003800278
2026-01-16T17:00:00.051000+00:00,0.0000187038,0.0005992614
2026-01-16T18:00:00.045000+00:00,0.0000299624,0.0007793976
2026-01-16T19:00:00.147000+00:00,0.0000260252,0.0007164032
2026-01-16T20:00:00.078000+00:00,0.0000250243,0.0007003895
2026-01-16T21:00:00.092000+00:00,0.0000267592,0.0007281474
2026-01-16T22:00:00.120000+00:00,0.0000068901,0.0004102417
2026-01-16T23:00:00.021000+00:00,0.00000625,0.0001517065
2026-01-17T00:00:00.037000+00:00,0.0000132951,0.0005127214
2026-01-17T01:00:00.055000+00:00,0.0000084809,0.0004356945
2026-01-17T02:00:00.090000+00:00,0.00000625,0.0003888289
2026-01-17T03:00:00.036000+00:00,0.0000332521,0.0008320338
2026-01-17T04:00:00.003000+00:00,0.00000625,0.000258022
2026-01-17T05:00:00.027000+00:00,-0.0002104854,-0.0036677672
2026-01-17T06:00:00.104000+00:00,0.000202782,0.0035445115
2026-01-17T07:00:00.005000+00:00,0.0001632198,0.0029115163
2026-01-17T08:00:00.022000+00:00,0.000082757,0.0016241119
2026-01-17T09:00:00.004000+00:00,0.000261349,0.0044815843
2026-01-17T10:00:00.039000+00:00,0.0001736274,0.003078038
2026-01-17T11:00:00.095000+00:00,0.0000966027,0.0018456436
2026-01-17T12:00:00.021000+00:00,-0.0001148634,-0.002137814
2026-01-17T13:00:00.089000+00:00,-0.0000012984,-0.0003207745
2026-01-17T14:00:00.030000+00:00,-0.0000906804,-0.001750886
2026-01-17T15:00:00.010000+00:00,-0.0001871739,-0.0032947822
2026-01-17T16:00:00.102000+00:00,0.0001059381,0.0019950098
2026-01-17T17:00:00.010000+00:00,0.0001978289,0.0034652627
2026-01-17T18:00:00.066000+00:00,-0.0000086318,-0.0004381087
2026-01-17T19:00:00.038000+00:00,-0.0000779947,-0.0015479153
2026-01-17T20:00:00.073000+00:00,-0.0001483995,-0.0026743928
2026-01-17T21:00:00.017000+00:00,-0.0001760822,-0.0031173145
2026-01-17T22:00:00.036000+00:00,-0.0002656506,-0.0045504102
2026-01-17T23:00:00.100000+00:00,-0.0002705609,-0.0046289748
2026-01-18T00:00:00.017000+00:00,-0.0002944273,-0.0050108365
2026-01-18T01:00:00.117000+00:00,-0.0003512941,-0.0059207056
2026-01-18T02:00:00.061000+00:00,-0.0003421036,-0.0057736574
2026-01-18T03:00:00.047000+00:00,-0.0002028065,-0.003544904
2026-01-18T04:00:00.062000+00:00,-0.0003071316,-0.0052141064
2026-01-18T05:00:00.034000+00:00,-0.0001252303,-0.0023036847
2026-01-18T06:00:00.066000+00:00,-0.0001109171,-0.0020746738
2026-01-18T07:00:00.063000+00:00,-0.0001128874,-0.0021061991
2026-01-18T08:00:00.106000+00:00,-0.0001832501,-0.0032320021
2026-01-18T09:00:00.110000+00:00,-0.0001744658,-0.0030914529
2026-01-18T10:00:00.047000+00:00,-0.0001927924,-0.0033846789
2026-01-18T11:00:00.085000+00:00,-0.0001800314,-0.0031805018
2026-01-18T12:00:00.016000+00:00,-0.0000526497,-0.0011423947
2026-01-18T13:00:00.054000+00:00,-0.000129089,-0.0023654233
2026-01-18T14:00:00.035000+00:00,-0.0001280844,-0.0023493506
2026-01-18T15:00:00.030000+00:00,-0.0000806536,-0.0015904583
2026-01-18T16:00:00.021000+00:00,-0.0000877879,-0.0017046067
2026-01-18T17:00:00.040000+00:00,-0.0001296003,-0.0023736046
2026-01-18T18:00:00.067000+00:00,-0.0001691789,-0.0030068625
2026-01-18T19:00:00.018000+00:00,-0.0001728305,-0.0030652888
2026-01-18T20:00:00.055000+00:00,-0.0001790241,-0.0031643859
2026-01-18T21:00:00.024000+00:00,-0.0001550177,-0.0027802828
2026-01-18T22:00:00.042000+00:00,-0.0001911233,-0.0033579726
2026-01-18T23:00:00.113000+00:00,-0.0001096274,-0.0020540382
2026-01-19T00:00:00.034000+00:00,-0.0001864571,-0.003283314
2026-01-19T01:00:00.098000+00:00,-0.0003026642,-0.0051426278
2026-01-19T02:00:00.001000+00:00,-0.00015362,-0.0027579207
2026-01-19T03:00:00.009000+00:00,-0.0001743452,-0.0030895229
2026-01-19T04:00:00.051000+00:00,-0.0002793063,-0.0047689008
2026-01-19T05:00:00+00:00,-0.0002763366,-0.0047213856
2026-01-19T06:00:00.033000+00:00,-0.0002259399,-0.0039150381
2026-01-19T07:00:00.014000+00:00,-0.0001447811,-0.0026164968
2026-01-19T08:00:00.026000+00:00,-0.0002356535,-0.0040704567
2026-01-19T09:00:00.012000+00:00,-0.0001630029,-0.002908047
2026-01-19T10:00:00.012000+00:00,0.00000625,0.0002295328
2026-01-19T11:00:00.094000+00:00,-0.0002339036,-0.0040424572
2026-01-19T12:00:00+00:00,-0.0004272767,-0.0071364266
2026-01-19T13:00:00.041000+00:00,-0.0001083072,-0.0020329158
2026-01-19T14:00:00.040000+00:00,0.0001953312,0.0034252991
2026-01-19T15:00:00.049000+00:00,0.0002308941,0.0039943056
2026-01-19T16:00:00.056000+00:00,0.0002408299,0.0041532781
2026-01-19T17:00:00.011000+00:00,0.000207132,0.0036141122
2026-01-19T18:00:00.005000+00:00,0.000419443,0.0070110876
2026-01-19T19:00:00.012000+00:00,0.00005086,0.0011137602
2026-01-19T20:00:00.025000+00:00,-0.0000207585,-0.0006321367
2026-01-19T21:00:00.079000+00:00,0.00000625,-0.000124841
2026-01-19T22:00:00.033000+00:00,-0.0000099287,-0.0004588589
2026-01-19T23:00:00.040000+00:00,0.0001418566,0.0025697049
2026-01-20T00:00:00.007000+00:00,0.0002309209,0.0039947344
2026-01-20T01:00:00.011000+00:00,0.0001586519,0.0028384307
2026-01-20T02:00:00.057000+00:00,0.00000625,-0.0001378241
2026-01-20T03:00:00.001000+00:00,-0.0000114548,-0.0004832767
2026-01-20T04:00:00.167000+00:00,-0.0000288668,-0.0007618691
2026-01-20T05:00:00.112000+00:00,-0.0000217525,-0.00064804
2026-01-20T06:00:00.064000+00:00,-0.0000560282,-0.0011964513
2026-01-20T07:00:00.110000+00:00,-0.0000167743,-0.0005683895
2026-01-20T08:00:00.010000+00:00,-0.0000509491,-0.0011151864
2026-01-20T09:00:00.079000+00:00,-0.0000637706,-0.00132033
2026-01-20T10:00:00.046000+00:00,0.00000625,0.0002281009
2026-01-20T11:00:00.018000+00:00,0.0000358491,0.000873586
2026-01-20T12:00:00.064000+00:00,0.0000415004,0.0009640072
2026-01-20T13:00:00.054000+00:00,0.0000081911,0.0004310569
2026-01-20T14:00:00.109000+00:00,0.00000625,0.0001602305
2026-01-20T15:00:00.061000+00:00,0.0000297007,0.0007752105
2026-01-20T16:00:00.047000+00:00,0.0000141212,0.0005259397
2026-01-20T17:00:00.034000+00:00,0.000010305,0.0004648807
2026-01-20T18:00:00.037000+00:00,0.00000625,0.0001841411
2026-01-20T19:00:00.028000+00:00,0.0000133989,0.0005143828
2026-01-20T20:00:00.020000+00:00,0.0000290983,0.0007655723
2026-01-20T21:00:00.025000+00:00,0.0000260629,0.0007170067
2026-01-20T22:00:00.005000+00:00,0.0000272311,0.0007356974
2026-01-20T23:00:00.015000+00:00,0.00000625,0.0000772669
2026-01-21T00:00:00.063000+00:00,0.0000084786,0.0004356573
2026-01-21T01:00:00.039000+00:00,0.0000078073,0.0004249173
2026-01-21T02:00:00.038000+00:00,0.0000652333,0.0013437321
2026-01-21T03:00:00.143000+00:00,0.0000535104,0.0011561656
2026-01-21T04:00:00.034000+00:00,0.0000462804,0.0010404862
2026-01-21T05:00:00.057000+00:00,0.0000389294,0.000922871
2026-01-21T06:00:00.014000+00:00,0.0000093894,0.0004502301
2026-01-21T07:00:00.016000+00:00,0.00000625,-0.0001357882
2026-01-21T08:00:00.028000+00:00,0.00000625,0.000063636
2026-01-21T09:00:00.046000+00:00,0.0000192994,0.0006087898
2026-01-21T10:00:00.018000+00:00,0.00000625,0.00027071
2026-01-21T11:00:00.027000+00:00,0.00000625,-0.0000101831
2026-01-21T12:00:00.031000+00:00,0.00000625,0.0000074804
2026-01-21T13:00:00.094000+00:00,0.00000625,0.0000553362
2026-01-21T14:00:00.007000+00:00,0.0000343986,0.0008503781
2026-01-21T15:00:00.012000+00:00,0.0000292495,0.0007679926
2026-01-21T16:00:00.016000+00:00,0.00000625,0.0003828803
2026-01-21T17:00:00.079000+00:00,0.00000625,0.0001808057
2026-01-21T18:00:00.006000+00:00,0.00000625,0.0002498655
2026-01-21T19:00:00.021000+00:00,0.0000187071,0.0005993133
2026-01-21T20:00:00.017000+00:00,0.0000282652,0.000752243
2026-01-21T21:00:00.045000+00:00,0.000028426,0.0007548155
2026-01-21T22:00:00.093000+00:00,0.0000260741,0.0007171855
2026-01-21T23:00:00.012000+00:00,0.0000493395,0.0010894325
2026-01-22T00:00:00.068000+00:00,0.000088427,0.0017148327
2026-01-22T01:00:00.076000+00:00,0.0000292193,0.0007675081
2026-01-22T02:00:00.069000+00:00,0.000038835,0.0009213595
2026-01-22T03:00:00.112000+00:00,0.0000325796,0.0008212738
2026-01-22T04:00:00.005000+00:00,0.0000320091,0.0008121453
2026-01-22T05:00:00.033000+00:00,0.0000369516,0.0008912251
2026-01-22T06:00:00.029000+00:00,0.000035904,0.0008744646
2026-01-22T07:00:00.022000+00:00,0.0000518043,0.001128869
2026-01-22T08:00:00.084000+00:00,0.0000492008,0.001087213
2026-01-22T09:00:00.040000+00:00,0.0000477691,0.0010643057
2026-01-22T10:00:00.057000+00:00,0.000138158,0.0025105278
2026-01-22T11:00:00.047000+00:00,0.0001484666,0.0026754649
2026-01-22T12:00:00.063000+00:00,0.000185923,0.0032747675
2026-01-22T13:00:00.020000+00:00,0.0001163175,0.0021610807
2026-01-22T14:00:00.092000+00:00,0.000021609,0.0006457442
2026-01-22T15:00:00.007000+00:00,0.000012737,0.0005037922
2026-01-22T16:00:00.083000+00:00,0.0000304654,0.0007874457
2026-01-22T17:00:00.035000+00:00,0.0000219803,0.0006516844
2026-01-22T18:00:00.004000+00:00,0.0000294346,0.0007709543
2026-01-22T19:00:00.016000+00:00,0.0000189874,0.0006037992
2026-01-22T20:00:00.017000+00:00,0.0000189536,0.0006032571
2026-01-22T21:00:00.096000+00:00,0.0000166941,0.0005671059
2026-01-22T22:00:00.013000+00:00,0.00000625,0.0003666167
2026-01-22T23:00:00.019000+00:00,0.00000625,0.0003996231
2026-01-23T00:00:00.009000+00:00,0.00000625,0.0002839104
2026-01-23T01:00:00.034000+00:00,0.0000070798,0.0004132774
2026-01-23T02:00:00.028000+00:00,0.0000370673,0.0008930766
2026-01-23T03:00:00.122000+00:00,0.00003677,0.0008883203
2026-01-23T04:00:00.017000+00:00,0.000026369,0.0007219034
2026-01-23T05:00:00.154000+00:00,0.0000183742,0.0005939878
2026-01-23T06:00:00.112000+00:00,0.0000160345,0.0005565513
2026-01-23T07:00:00.066000+00:00,0.0000206402,0.0006302433
2026-01-23T08:00:00.100000+00:00,0.00000625,0.0003056198
2026-01-23T09:00:00.005000+00:00,0.0000070756,0.0004132094
2026-01-23T10:00:00.058000+00:00,0.00000625,0.0002337629
2026-01-23T11:00:00.030000+00:00,0.00000625,0.0001857724
2026-01-23T12:00:00.029000+00:00,0.0000156749,0.000550799
2026-01-23T13:00:00.018000+00:00,0.00000625,0.0002038171
2026-01-23T14:00:00.013000+00:00,0.00000625,0.0001316148
2026-01-23T15:00:00.048000+00:00,0.00000625,0.0002888867
2026-01-23T16:00:00.010000+00:00,0.0000425109,0.0009801749
2026-01-23T17:00:00.061000+00:00,0.0000193511,0.0006096177
2026-01-23T18:00:00.037000+00:00,0.0000180046,0.0005880739
2026-01-23T19:00:00.047000+00:00,0.000021532,0.0006445116
2026-01-23T20:00:00.055000+00:00,0.0000074036,0.000418458
2026-01-23T21:00:00.085000+00:00,0.0000202272,0.0006236348
2026-01-23T22:00:00.039000+00:00,0.0000219136,0.0006506176
2026-01-23T23:00:00.085000+00:00,0.00000625,0.0003423917
2026-01-24T00:00:00.017000+00:00,0.00000625,0.0000794997
2026-01-24T01:00:00.061000+00:00,0.00000625,0.0002176866
2026-01-24T02:00:00.093000+00:00,0.0000245615,0.0006929835
2026-01-24T03:00:00.032000+00:00,0.0000251565,0.0007025043
2026-01-24T04:00:00.067000+00:00,0.00000625,0.0000987189
2026-01-24T05:00:00.043000+00:00,0.00000625,-0.0000382005
2026-01-24T06:00:00.032000+00:00,0.00000625,0.0001531585
2026-01-24T07:00:00.003000+00:00,0.0000129553,0.0005072855
2026-01-24T08:00:00.030000+00:00,0.00000625,0.0000273877
2026-01-24T09:00:00.058000+00:00,0.00000625,-0.0001918988
2026-01-24T10:00:00.112000+00:00,0.0000042323,-0.0002322828
2026-01-24T11:00:00.027000+00:00,0.00000625,0.0001245623
2026-01-24T12:00:00.100000+00:00,0.00000625,0.0002003183
2026-01-24T13:00:00.080000+00:00,0.00000625,0.0002119784
2026-01-24T14:00:00.016000+00:00,0.00000625,-0.0001353759
2026-01-24T15:00:00.060000+00:00,0.00000625,-0.000196934
2026-01-24T16:00:00.092000+00:00,0.00000625,-0.0001369092
2026-01-24T17:00:00.040000+00:00,-0.0000092838,-0.0004485409
2026-01-24T18:00:00.011000+00:00,-0.0000056237,-0.0003899791
2026-01-24T19:00:00.036000+00:00,-0.0000043867,-0.000370188
2026-01-24T20:00:00.028000+00:00,-0.0000044857,-0.0003717705
2026-01-24T21:00:00.012000+00:00,-0.0000005596,-0.0003089531
2026-01-24T22:00:00.056000+00:00,0.00000625,-0.0001107719
2026-01-24T23:00:00.017000+00:00,0.00000625,0.0000552054
2026-01-25T00:00:00.006000+00:00,0.00000625,0.0002408775
2026-01-25T01:00:00.021000+00:00,0.0000066001,0.0004056014
2026-01-25T02:00:00.135000+00:00,-0.0000084847,-0.0004357554
2026-01-25T03:00:00.054000+00:00,-0.0000559827,-0.0011957231
2026-01-25T04:00:00.109000+00:00,-0.0000014028,-0.0003224443
2026-01-25T05:00:00.110000+00:00,0.00000625,-0.0001785924
2026-01-25T06:00:00.117000+00:00,0.00000625,0.0001666067
2026-01-25T07:00:00.059000+00:00,0.00000625,-0.0001659708
2026-01-25T08:00:00.042000+00:00,0.0000016348,-0.0002738436
2026-01-25T09:00:00.055000+00:00,0.00000625,0.0003169815
2026-01-25T10:00:00.045000+00:00,0.00000625,0.0000618124
2026-01-25T11:00:00.011000+00:00,0.00000625,-0.0000172803
2026-01-25T12:00:00.029000+00:00,0.00000625,-0.0000236934
2026-01-25T13:00:00.065000+00:00,0.00000625,-0.0000237821
2026-01-25T14:00:00.031000+00:00,0.00000625,-0.0000244497
2026-01-25T15:00:00.075000+00:00,0.0000000646,-0.0002989661
2026-01-25T16:00:00.012000+00:00,-0.0000047105,-0.0003753679
2026-01-25T17:00:00.013000+00:00,-0.0000221032,-0.0006536514
2026-01-25T18:00:00.020000+00:00,-0.0000698025,-0.0014168393
2026-01-25T19:00:00.010000+00:00,-0.0000936735,-0.0017987764
2026-01-25T20:00:00.016000+00:00,-0.0001877983,-0.0033047726
2026-01-25T21:00:00.021000+00:00,-0.0004061415,-0.0067982645
2026-01-25T22:00:00.063000+00:00,-0.000245993,-0.0042358883
2026-01-25T23:00:00.127000+00:00,-0.0003022642,-0.0051362264
2026-01-26T00:00:00.127000+00:00,-0.0001552463,-0.00278394
2026-01-26T01:00:00.001000+00:00,0.0000302118,0.0007833881
2026-01-26T02:00:00.026000+00:00,0.0000955079,0.0018281269
2026-01-26T03:00:00.059000+00:00,0.0000702484,0.001423975
2026-01-26T04:00:00.056000+00:00,0.0001113496,0.0020815936
2026-01-26T05:00:00.020000+00:00,0.0000533278,0.0011532444
2026-01-26T06:00:00.101000+00:00,0.0000479659,0.0010674549
2026-01-26T07:00:00.055000+00:00,0.0000436347,0.0009981552
2026-01-26T08:00:00.040000+00:00,0.0000413715,0.0009619432
2026-01-26T09:00:00.056000+00:00,0.0000425357,0.0009805709
2026-01-26T10:00:00.060000+00:00,0.000025438,0.0007070079
2026-01-26T11:00:00.055000+00:00,0.0000359609,0.0008753749
2026-01-26T12:00:00.081000+00:00,0.0000328289,0.0008252619
2026-01-26T13:00:00+00:00,0.0000288699,0.0007619178
2026-01-26T14:00:00.050000+00:00,0.0000343351,0.0008493617
2026-01-26T15:00:00.064000+00:00,0.0000266466,0.0007263461
2026-01-26T16:00:00.006000+00:00,0.0000275995,0.0007415917
2026-01-26T17:00:00.012000+00:00,0.000030744,0.0007919036
2026-01-26T18:00:00.010000+00:00,0.000024822,0.0006971527
2026-01-26T19:00:00.045000+00:00,0.0000079126,0.000426602
2026-01-26T20:00:00.034000+00:00,0.0000072948,0.0004167171
2026-01-26T21:00:00.094000+00:00,0.0000147153,0.0005354441
2026-01-26T22:00:00.049000+00:00,0.00000625,0.0003712827
2026-01-26T23:00:00.079000+00:00,0.0000072635,0.0004162154
2026-01-27T00:00:00.085000+00:00,0.00000625,0.0000900995
2026-01-27T01:00:00.073000+00:00,0.00000625,0.0000644629
2026-01-27T02:00:00.052000+00:00,0.00000625,0.0002744359
2026-01-27T03:00:00.012000+00:00,0.0000092222,0.0004475557
2026-01-27T04:00:00.017000+00:00,0.000010146,0.0004623364
2026-01-27T05:00:00.023000+00:00,0.0000215944,0.0006455109
2026-01-27T06:00:00+00:00,0.000012824,0.0005051842
2026-01-27T07:00:00.049000+00:00,0.0000213581,0.0006417289
2026-01-27T08:00:00.092000+00:00,0.0000292134,0.0007674145
2026-01-27T09:00:00.020000+00:00,0.0000484414,0.0010750627
2026-01-27T10:00:00.056000+00:00,0.000045506,0.0010280962
2026-01-27T11:00:00.003000+00:00,0.0000492612,0.0010881794
2026-01-27T12:00:00.051000+00:00,0.0001149321,0.0021389143
2026-01-27T13:00:00.006000+00:00,0.0001498672,0.0026978756
2026-01-27T14:00:00.041000+00:00,0.0001303321,0.0023853136
2026-01-27T15:00:00.074000+00:00,0.0001164212,0.0021627395
2026-01-27T16:00:00.103000+00:00,0.0000922892,0.0017766266
2026-01-27T17:00:00.024000+00:00,0.000080702,0.0015912312
2026-01-27T18:00:00.011000+00:00,0.0000520952,0.0011335225
2026-01-27T19:00:00.027000+00:00,0.000055579,0.0011892636
2026-01-27T20:00:00.082000+00:00,0.0000545087,0.0011721386
2026-01-27T21:00:00.015000+00:00,0.0000560065,0.0011961038
2026-01-27T22:00:00.042000+00:00,0.00004116,0.0009585601
2026-01-27T23:00:00.015000+00:00,0.000035919,0.0008747045
2026-01-28T00:00:00.090000+00:00,0.0000493641,0.0010898253
2026-01-28T01:00:00.024000+00:00,0.0000559704,0.0011955272
2026-01-28T02:00:00.053000+00:00,0.0000518034,0.0011288538
2026-01-28T03:00:00.047000+00:00,0.0000544795,0.001171672
2026-01-28T04:00:00.114000+00:00,0.0000604357,0.0012669716
2026-01-28T05:00:00.046000+00:00,0.0000735503,0.0014768046
2026-01-28T06:00:00.127000+00:00,0.0000477005,0.0010632077
2026-01-28T07:00:00.070000+00:00,0.0001093338,0.0020493402
2026-01-28T08:00:00.044000+00:00,0.0000630055,0.0013080874
2026-01-28T09:00:00.042000+00:00,0.0000670761,0.0013732182
2026-01-28T10:00:00.038000+00:00,0.0000646127,0.0013338029
2026-01-28T11:00:00.016000+00:00,0.0000658015,0.0013528235
2026-01-28T12:00:00.051000+00:00,0.0001003313,0.0019053001
2026-01-28T13:00:00.094000+00:00,0.000065319,0.0013451033
2026-01-28T14:00:00.054000+00:00,0.0000665615,0.0013649839
2026-01-28T15:00:00.003000+00:00,0.0001009827,0.0019157228
2026-01-28T16:00:00.022000+00:00,0.0001105657,0.0020690508
2026-01-28T17:00:00.048000+00:00,0.00009389,0.0018022395
2026-01-28T18:00:00.020000+00:00,0.0000867573,0.0016881165
2026-01-28T19:00:00.072000+00:00,0.0000794474,0.0015711581
2026-01-28T20:00:00.063000+00:00,0.0000853724,0.001665959
2026-01-28T21:00:00.108000+00:00,0.0000191853,0.0006069653
2026-01-28T22:00:00.010000+00:00,0.0000624021,0.0012984343
2026-01-28T23:00:00.022000+00:00,0.0000114299,0.0004828787
2026-01-29T00:00:00.027000+00:00,0.0000181165,0.0005898645
2026-01-29T01:00:00.021000+00:00,0.0000090175,0.0004442802
2026-01-29T02:00:00.049000+00:00,0.0000067437,0.0004078991
2026-01-29T03:00:00.013000+00:00,0.00000625,0.0000426037
2026-01-29T04:00:00.038000+00:00,0.00000625,0.0000432673
2026-01-29T05:00:00.051000+00:00,0.00000625,0.0000668725
2026-01-29T06:00:00.048000+00:00,0.0000349711,0.0008595372
2026-01-29T07:00:00.087000+00:00,0.0000608891,0.0012742254
2026-01-29T08:00:00.047000+00:00,0.000099833,0.001897328
2026-01-29T09:00:00.026000+00:00,0.0000773158,0.0015370521
2026-01-29T10:00:00.066000+00:00,0.0000824724,0.0016195588
2026-01-29T11:00:00.051000+00:00,0.0000879289,0.0017068619
2026-01-29T12:00:00+00:00,0.0000580723,0.0012291565
2026-01-29T13:00:00.120000+00:00,0.0000390625,0.0009249995
2026-01-29T14:00:00.011000+00:00,0.0000293678,0.0007698842
2026-01-29T15:00:00.016000+00:00,0.0000921716,0.0017747463
2026-01-29T16:00:00.059000+00:00,0.0001017873,0.0019285964
2026-01-29T17:00:00.082000+00:00,0.0001045972,0.0019735558
2026-01-29T18:00:00.099000+00:00,0.0000949068,0.0018185087
2026-01-29T19:00:00.054000+00:00,0.0001096368,0.0020541884
2026-01-29T20:00:00.035000+00:00,0.0001239303,0.002282885
2026-01-29T21:00:00.049000+00:00,0.0001291674,0.0023666789
2026-01-29T22:00:00.059000+00:00,0.0002237582,0.003880131
2026-01-29T23:00:00.037000+00:00,0.0001559699,0.0027955183
2026-01-30T00:00:00.022000+00:00,0.0001457967,0.0026327474
2026-01-30T01:00:00.010000+00:00,0.0001367633,0.0024882133
2026-01-30T02:00:00.075000+00:00,0.0001428739,0.0025859831
2026-01-30T03:00:00.038000+00:00,0.0001135367,0.0021165866
2026-01-30T04:00:00.028000+00:00,0.0001110184,0.0020762945
2026-01-30T05:00:00.053000+00:00,0.0001173328,0.0021773251
2026-01-30T06:00:00.084000+00:00,0.0001228823,0.0022661173
2026-01-30T07:00:00.117000+00:00,0.0000829689,0.0016275019
2026-01-30T08:00:00.018000+00:00,0.0000833574,0.0016337188
2026-01-30T09:00:00.103000+00:00,0.0000732217,0.0014715472
2026-01-30T10:00:00.049000+00:00,0.0000626781,0.0013028491
2026-01-30T11:00:00.108000+00:00,0.0000324254,0.0008188056
2026-01-30T12:00:00.036000+00:00,0.0000402582,0.0009441308
2026-01-30T13:00:00.025000+00:00,0.0000591327,0.0012461233
2026-01-30T14:00:00.033000+00:00,0.0000352406,0.0008638495
2026-01-30T15:00:00.008000+00:00,0.0001194242,0.0022107864
2026-01-30T16:00:00.054000+00:00,0.00007351,0.0014761601
2026-01-30T17:00:00.105000+00:00,0.0000857807,0.0016724919
2026-01-30T18:00:00.037000+00:00,0.0000903312,0.0017452994
2026-01-30T19:00:00.042000+00:00,0.0000598669,0.0012578705
2026-01-30T20:00:00.041000+00:00,0.00007053,0.0014284803
2026-01-30T21:00:00.006000+00:00,0.0000725216,0.0014603455
2026-01-30T22:00:00.001000+00:00,0.000071106,0.0014376953
2026-01-30T23:00:00.031000+00:00,0.0000260406,0.0007166502
2026-01-31T00:00:00.171000+00:00,0.0000255818,0.0007093082
2026-01-31T01:00:00.100000+00:00,0.0000249505,0.0006992086
2026-01-31T02:00:00.068000+00:00,0.0000007525,-0.0002879597
2026-01-31T03:00:00.097000+00:00,-0.0000114267,-0.0004828279
2026-01-31T04:00:00.012000+00:00,0.0000170386,0.0005726182
2026-01-31T05:00:00.026000+00:00,0.0000735117,0.0014761877
2026-01-31T06:00:00.002000+00:00,0.0000101167,0.0004618667
2026-01-31T07:00:00.010000+00:00,0.0000095884,0.0004534146
2026-01-31T08:00:00.049000+00:00,0.0000254772,0.0007076348
2026-01-31T09:00:00.076000+00:00,-0.0000675526,-0.0013808417
2026-01-31T10:00:00.022000+00:00,-0.0000117043,-0.0004872686
2026-01-31T11:00:00.050000+00:00,0.00000625,0.0002393144
2026-01-31T12:00:00.105000+00:00,0.00000625,-0.0000297871
2026-01-31T13:00:00.035000+00:00,0.00000625,0.0000473628
2026-01-31T14:00:00.027000+00:00,0.00000625,0.0001891531
2026-01-31T15:00:00.033000+00:00,0.00000625,-0.0001806095
2026-01-31T16:00:00.091000+00:00,-0.0000963894,-0.00184223
2026-01-31T17:00:00.030000+00:00,-0.000081818,-0.0016090886
2026-01-31T18:00:00.057000+00:00,-0.0001164194,-0.0021627098
2026-01-31T19:00:00.118000+00:00,-0.0003726511,-0.0062624173
2026-01-31T20:00:00.081000+00:00,-0.0002848443,-0.0048575089
2026-01-31T21:00:00.058000+00:00,-0.0000893174,-0.0017290787
2026-01-31T22:00:00.056000+00:00,-0.0000250028,-0.000700044
2026-01-31T23:00:00.088000+00:00,-0.0000485739,-0.0010771817
2026-02-01T00:00:00.016000+00:00,-0.0001262846,-0.0023205538
2026-02-01T01:00:00.017000+00:00,-0.0001904376,-0.0033470014
2026-02-01T02:00:00.052000+00:00,-0.0000844144,-0.0016506301
2026-02-01T03:00:00.047000+00:00,-0.0001040647,-0.0019650358
2026-02-01T04:00:00.091000+00:00,-0.000036706,-0.0008872963
2026-02-01T05:00:00.008000+00:00,-0.0001009002,-0.0019144035
2026-02-01T06:00:00.029000+00:00,-0.0000211264,-0.0006380225
2026-02-01T07:00:00.060000+00:00,-0.0000279178,-0.0007466855
2026-02-01T08:00:00.056000+00:00,-0.0000327247,-0.000823596
2026-02-01T09:00:00+00:00,-0.0000091143,-0.0004458296
2026-02-01T10:00:00.092000+00:00,-0.0000023171,-0.0003370741
2026-02-01T11:00:00.017000+00:00,-0.0000065312,-0.0004044998
2026-02-01T12:00:00.097000+00:00,-0.0000334887,-0.0008358191
2026-02-01T13:00:00.026000+00:00,-0.0000175297,-0.0005804744
2026-02-01T14:00:00.096000+00:00,0.00000625,-0.0001901626
2026-02-01T15:00:00.019000+00:00,-0.0000193112,-0.0006089799
2026-02-01T16:00:00.034000+00:00,-0.0000118517,-0.0004896272
2026-02-01T17:00:00.041000+00:00,-0.0000509501,-0.001115201
2026-02-01T18:00:00.062000+00:00,-0.0000405286,-0.0009484583
2026-02-01T19:00:00.042000+00:00,-0.0000472386,-0.0010558173
2026-02-01T20:00:00.067000+00:00,-0.0000384215,-0.0009147447
2026-02-01T21:00:00.104000+00:00,-0.0000069961,-0.0004119374
2026-02-01T22:00:00.015000+00:00,0.0000069061,0.0004104974
2026-02-01T23:00:00.006000+00:00,0.0000460672,0.0010370759
2026-02-02T00:00:00.059000+00:00,-0.0000367204,-0.0008875258
2026-02-02T01:00:00.038000+00:00,0.00000625,0.0000981902
2026-02-02T02:00:00.017000+00:00,0.0000493521,0.0010896334
2026-02-02T03:00:00.062000+00:00,0.0000769804,0.001531687
2026-02-02T04:00:00.064000+00:00,0.0000445337,0.0010125395
2026-02-02T05:00:00.106000+00:00,0.0000202252,0.0006236034
2026-02-02T06:00:00.074000+00:00,0.0000265787,0.0007252588
2026-02-02T07:00:00.020000+00:00,0.000014763,0.0005362083
2026-02-02T08:00:00.007000+00:00,0.0000117981,0.0004887699
2026-02-02T09:00:00.043000+00:00,0.00000625,0.0003956344
2026-02-02T10:00:00.084000+00:00,0.0000381991,0.0009111856
2026-02-02T11:00:00.047000+00:00,0.0000353286,0.000865258
2026-02-02T12:00:00.061000+00:00,0.0000273609,0.000737774
2026-02-02T13:00:00.088000+00:00,0.0000287292,0.0007596667
2026-02-02T14:00:00.065000+00:00,0.0000388576,0.0009217212
2026-02-02T15:00:00.070000+00:00,0.0000598521,0.0012576339
2026-02-02T16:00:00.041000+00:00,0.0000393276,0.000929241
2026-02-02T17:00:00.065000+00:00,0.0000240309,0.0006844949
2026-02-02T18:00:00.066000+00:00,0.0000526068,0.0011417083
2026-02-02T19:00:00.004000+00:00,0.0000534037,0.0011544589
2026-02-02T20:00:00.023000+00:00,0.0000477095,0.0010633513
2026-02-02T21:00:00.014000+00:00,0.000070744,0.0014319046
2026-02-02T22:00:00.099000+00:00,0.0000493412,0.0010894595
2026-02-02T23:00:00.055000+00:00,0.0000463997,0.0010423946
2026-02-03T00:00:00.013000+00:00,0.0000473762,0.0010580186
2026-02-03T01:00:00.015000+00:00,0.0000305792,0.0007892666
2026-02-03T02:00:00.012000+00:00,0.0000565646,0.0012050335
2026-02-03T03:00:00.032000+00:00,0.000050431,0.0011068967
2026-02-03T04:00:00.038000+00:00,0.0000525402,0.0011406425
2026-02-03T05:00:00.029000+00:00,0.0000688662,0.0014018592
2026-02-03T06:00:00+00:00,0.0000902459,0.001743934
2026-02-03T07:00:00.068000+00:00,0.0000849641,0.001659426
2026-02-03T08:00:00.057000+00:00,0.000077873,0.0015459679
2026-02-03T09:00:00.079000+00:00,0.0000847066,0.0016553056
2026-02-03T10:00:00.022000+00:00,0.0000275078,0.0007401251
2026-02-03T11:00:00.065000+00:00,0.0000316706,0.0008067301
2026-02-03T12:00:00.118000+00:00,0.000035123,0.0008619675
2026-02-03T13:00:00.065000+00:00,0.0000308556,0.0007936901
2026-02-03T14:00:00.040000+00:00,0.0000303838,0.0007861405
2026-02-03T15:00:00.025000+00:00,0.0000593283,0.0012492521
2026-02-03T16:00:00.059000+00:00,0.0000776174,0.0015418778
2026-02-03T17:00:00.001000+00:00,0.0000713746,0.0014419935
2026-02-03T18:00:00.015000+00:00,0.0000308658,0.0007938532
2026-02-03T19:00:00.059000+00:00,0.0000234042,0.0006744677
2026-02-03T20:00:00.049000+00:00,0.0000157353,0.0005517648
2026-02-03T21:00:00.031000+00:00,0.0000231228,0.000669965
2026-02-03T22:00:00.004000+00:00,0.0000152214,0.0005435419
2026-02-03T23:00:00.056000+00:00,0.00000625,0.0002839231
2026-02-04T00:00:00.018000+00:00,0.0000090204,0.0004443263
2026-02-04T01:00:00.045000+00:00,0.0000324947,0.0008199158
2026-02-04T02:00:00.022000+00:00,0.0000453133,0.0010250136
2026-02-04T03:00:00.032000+00:00,0.0000594393,0.0012510285
2026-02-04T04:00:00.004000+00:00,0.0000567914,0.0012086618
2026-02-04T05:00:00.055000+00:00,0.0000423591,0.0009777453
2026-02-04T06:00:00.042000+00:00,0.0000721629,0.0014546067
2026-02-04T07:00:00.016000+00:00,0.0000822475,0.00161596
2026-02-04T08:00:00.027000+00:00,0.0000742621,0.001488194
2026-02-04T09:00:00.003000+00:00,0.0000211623,0.0006385971
2026-02-04T10:00:00.081000+00:00,0.0000279181,0.0007466888
2026-02-04T11:00:00.016000+00:00,0.000007855,0.0004256807
2026-02-04T12:00:00.120000+00:00,0.00000625,0.0003099156
2026-02-04T13:00:00.025000+00:00,0.00000625,0.0003029694
2026-02-04T14:00:00.004000+00:00,0.00000625,0.0001390996
2026-02-04T15:00:00.071000+00:00,0.0000180402,0.0005886439
2026-02-04T16:00:00.007000+00:00,0.000059596,0.0012535366
2026-02-04T17:00:00.105000+00:00,0.0000213719,0.0006419506
2026-02-04T18:00:00.058000+00:00,0.00000625,-0.0001146033
2026-02-04T19:00:00.028000+00:00,0.0001536463,0.0027583402
2026-02-04T20:00:00.001000+00:00,0.0001094622,0.0020513945
2026-02-04T21:00:00.072000+00:00,0.0000198497,0.0006175947
2026-02-04T22:00:00.051000+00:00,0.0000106908,0.0004710535
2026-02-04T23:00:00.022000+00:00,0.0000103897,0.000466235
2026-02-05T00:00:00.003000+00:00,0.000042515,0.0009802394
2026-02-05T01:00:00.010000+00:00,0.0000452206,0.0010235294
2026-02-05T02:00:00.097000+00:00,0.0000383386,0.000913417
2026-02-05T03:00:00.011000+00:00,0.0000383527,0.0009136435
2026-02-05T04:00:00.032000+00:00,0.00000625,0.0003979163
2026-02-05T05:00:00.057000+00:00,-0.000025171,-0.0007027356
2026-02-05T06:00:00.038000+00:00,0.0000731314,0.0014701029
2026-02-05T07:00:00.008000+00:00,0.0000691422,0.0014062754
2026-02-05T08:00:00.038000+00:00,0.0000808491,0.001593586
2026-02-05T09:00:00.023000+00:00,0.0000125462,0.0005007393
2026-02-05T10:00:00.022000+00:00,0.00000625,0.0002141104
2026-02-05T11:00:00.046000+00:00,0.0000272432,0.0007358919
2026-02-05T12:00:00.036000+00:00,0.0000174646,0.0005794337
2026-02-05T13:00:00.013000+00:00,0.00000625,-0.0000600605
2026-02-05T14:00:00.012000+00:00,-0.0000198591,-0.0006177452
2026-02-05T15:00:00.079000+00:00,0.00000625,0.0002467402
2026-02-05T16:00:00.065000+00:00,0.00000625,0.0002885041
2026-02-05T17:00:00.004000+00:00,0.000015114,0.0005418242
2026-02-05T18:00:00.104000+00:00,0.0002021185,0.0035338955
2026-02-05T19:00:00.030000+00:00,0.0001648153,0.0029370444
2026-02-05T20:00:00.057000+00:00,0.00000943,0.0004508799
2026-02-05T21:00:00.013000+00:00,0.00000625,0.000300167
2026-02-05T22:00:00.040000+00:00,0.00000625,0.0001276227
2026-02-05T23:00:00.019000+00:00,0.00000625,0.000355697
2026-02-06T00:00:00.083000+00:00,0.00000625,0.0002345141
2026-02-06T01:00:00.049000+00:00,0.00000625,0.0000110067
2026-02-06T02:00:00.026000+00:00,0.0000300383,0.0007806134
2026-02-06T03:00:00.050000+00:00,0.0000476107,0.0010617719
2026-02-06T04:00:00.075000+00:00,0.0000415204,0.0009643261
2026-02-06T05:00:00.102000+00:00,0.0000344166,0.0008506654
2026-02-06T06:00:00.022000+00:00,0.00000625,0.0000992574
2026-02-06T07:00:00.074000+00:00,0.00000625,0.0002256238
2026-02-06T08:00:00.037000+00:00,0.00000625,0.0000887409
2026-02-06T09:00:00.042000+00:00,0.0000162168,0.000559468
2026-02-06T10:00:00.053000+00:00,0.0000491801,0.0010868824
2026-02-06T11:00:00.032000+00:00,0.0000757784,0.0015124539
2026-02-06T12:00:00.009000+00:00,0.0000821201,0.0016139223
2026-02-06T13:00:00.032000+00:00,0.0000411597,0.0009585547
2026-02-06T14:00:00.024000+00:00,0.0000271738,0.00073478
2026-02-06T15:00:00.089000+00:00,0.00000625,-0.0000680411
2026-02-06T16:00:00.036000+00:00,0.00000625,0.0001727059
2026-02-06T17:00:00.030000+00:00,0.00000625,0.0000269948
2026-02-06T18:00:00.086000+00:00,0.00000625,-0.000009715
2026-02-06T19:00:00.056000+00:00,0.00000625,0.000031921
2026-02-06T20:00:00.016000+00:00,0.00000625,-0.0000219069
2026-02-06T21:00:00.031000+00:00,0.00000625,0.0000140242
2026-02-06T22:00:00.032000+00:00,0.00000625,0.0001442493
2026-02-06T23:00:00.049000+00:00,0.00000625,0.000096619
2026-02-07T00:00:00.064000+00:00,0.00000625,0.0002132783
2026-02-07T01:00:00.036000+00:00,0.00000625,0.0001910958
2026-02-07T02:00:00.026000+00:00,0.0000658918,0.0013542682
2026-02-07T03:00:00.021000+00:00,0.0000903298,0.001745277
2026-02-07T04:00:00.104000+00:00,-0.0000204346,-0.000626954
2026-02-07T05:00:00.063000+00:00,0.00000625,0.0000997244
2026-02-07T06:00:00.036000+00:00,0.00000625,0.0002046572
2026-02-07T07:00:00.008000+00:00,0.0000858885,0.0016742158
2026-02-07T08:00:00.048000+00:00,0.0000278134,0.0007450142
2026-02-07T09:00:00.081000+00:00,-0.000099905,-0.0018984792
2026-02-07T10:00:00.020000+00:00,-0.0000997834,-0.0018965341
2026-02-07T11:00:00.008000+00:00,-0.0000991144,-0.0018858301
2026-02-07T12:00:00.031000+00:00,-0.0000997675,-0.0018962798
2026-02-07T13:00:00.040000+00:00,-0.0000954699,-0.0018275177
2026-02-07T14:00:00.008000+00:00,-0.0000558112,-0.0011929798
2026-02-07T15:00:00.093000+00:00,-0.0000260423,-0.000716677
2026-02-07T16:00:00.146000+00:00,0.00000625,-0.0000505324
2026-02-07T17:00:00.055000+00:00,0.0000341868,0.0008469885
2026-02-07T18:00:00.022000+00:00,0.000045418,0.0010266882
2026-02-07T19:00:00.071000+00:00,0.0000502766,0.0011044258
2026-02-07T20:00:00.020000+00:00,0.0000762145,0.0015194328
2026-02-07T21:00:00.089000+00:00,0.0000784865,0.0015557833
2026-02-07T22:00:00.055000+00:00,0.0000581372,0.0012301956
2026-02-07T23:00:00.038000+00:00,0.0000124793,0.0004996691
2026-02-08T00:00:00.042000+00:00,0.0000247374,0.000695799
2026-02-08T01:00:00.003000+00:00,0.00000625,0.0001353721
2026-02-08T02:00:00.074000+00:00,-0.0000751119,-0.0015017909
2026-02-08T03:00:00.113000+00:00,-0.0000733142,-0.0014730265
2026-02-08T04:00:00.069000+00:00,-0.0000298968,-0.0007783491
2026-02-08T05:00:00.059000+00:00,0.00005201,0.0011321605
2026-02-08T06:00:00.031000+00:00,0.00000625,0.000041543
2026-02-08T07:00:00.038000+00:00,-0.0000293482,-0.0007695715
2026-02-08T08:00:00.113000+00:00,-0.0000494315,-0.0010909035
2026-02-08T09:00:00.040000+00:00,-0.0000279079,-0.0007465271
2026-02-08T10:00:00.031000+00:00,-0.0000223563,-0.0006577013
2026-02-08T11:00:00.068000+00:00,-0.0000446431,-0.0010142901
2026-02-08T12:00:00.077000+00:00,-0.0000217573,-0.0006481169
2026-02-08T13:00:00.011000+00:00,0.0001335461,0.002436737
2026-02-08T14:00:00.051000+00:00,0.000109975,0.0020596001
2026-02-08T15:00:00.041000+00:00,0.0000522585,0.0011361365
2026-02-08T16:00:00.023000+00:00,0.00000625,0.0002840129
2026-02-08T17:00:00.043000+00:00,0.0000441493,0.0010063882
2026-02-08T18:00:00.023000+00:00,0.0000522329,0.0011357263
2026-02-08T19:00:00.070000+00:00,0.0000739512,0.0014832184
2026-02-08T20:00:00.046000+00:00,0.0000735727,0.0014771635
2026-02-08T21:00:00.059000+00:00,0.0000523016,0.0011368257
2026-02-08T22:00:00.049000+00:00,-0.0001253393,-0.0023054289
2026-02-08T23:00:00.015000+00:00,-0.0000989752,-0.0018836033
2026-02-09T00:00:00.009000+00:00,-0.0000860613,-0.0016769801
2026-02-09T01:00:00.034000+00:00,-0.0000949298,-0.0018188768
2026-02-09T02:00:00.118000+00:00,0.00000625,0.0001700326
2026-02-09T03:00:00.004000+00:00,0.0000228935,0.0006662955
2026-02-09T04:00:00.091000+00:00,0.0000381813,0.0009109015
2026-02-09T05:00:00.037000+00:00,0.0000323823,0.000818116
2026-02-09T06:00:00.020000+00:00,0.0000472443,0.001055909
2026-02-09T07:00:00.026000+00:00,0.0000359047,0.0008744753
2026-02-09T08:00:00.013000+00:00,0.0000176111,0.0005817778
2026-02-09T09:00:00.040000+00:00,0.0000188025,0.0006008402
2026-02-09T10:00:00.131000+00:00,0.0000321707,0.0008147309
2026-02-09T11:00:00.088000+00:00,0.0000244847,0.0006917556
2026-02-09T12:00:00.030000+00:00,0.0000217785,0.0006484553
2026-02-09T13:00:00.020000+00:00,0.0000622946,0.0012967135
2026-02-09T14:00:00.015000+00:00,0.0000407952,0.0009527238
2026-02-09T15:00:00.011000+00:00,0.0000329696,0.0008275143
2026-02-09T16:00:00.001000+00:00,0.0001420368,0.0025725881
2026-02-09T17:00:00.038000+00:00,0.0001104358,0.0020669722
2026-02-09T18:00:00.060000+00:00,0.0002338976,0.0040423616
2026-02-09T19:00:00.023000+00:00,0.0001971922,0.0034550748
2026-02-09T20:00:00.059000+00:00,0.0001341402,0.0024462432
2026-02-09T21:00:00.068000+00:00,0.0000806463,0.0015903404
2026-02-09T22:00:00.065000+00:00,0.0000829796,0.0016276742
2026-02-09T23:00:00.046000+00:00,0.0000730025,0.0014680398
2026-02-10T00:00:00.013000+00:00,0.0000410137,0.0009562189
2026-02-10T01:00:00.012000+00:00,0.0001014474,0.0019231585
2026-02-10T02:00:00.055000+00:00,0.0000610277,0.0012764432
2026-02-10T03:00:00.057000+00:00,0.0001029899,0.0019478378
2026-02-10T04:00:00.071000+00:00,0.0000901955,0.0017431272
2026-02-10T05:00:00.024000+00:00,0.0000766071,0.0015257137
2026-02-10T06:00:00.028000+00:00,0.0000564365,0.0012029844
2026-02-10T07:00:00.090000+00:00,0.0000412556,0.0009600892
2026-02-10T08:00:00.018000+00:00,0.0000336439,0.0008383023
2026-02-10T09:00:00.041000+00:00,0.0000293933,0.0007702925
2026-02-10T10:00:00.028000+00:00,0.0000364749,0.000883599
2026-02-10T11:00:00.100000+00:00,0.0000231382,0.0006702105
2026-02-10T12:00:00.032000+00:00,0.0000415488,0.0009647804
2026-02-10T13:00:00.106000+00:00,0.0000427193,0.0009835087
2026-02-10T14:00:00.038000+00:00,0.0000468189,0.0010491016
2026-02-10T15:00:00.006000+00:00,0.0000556319,0.0011901098
2026-02-10T16:00:00.009000+00:00,0.0000805928,0.0015894851
2026-02-10T17:00:00.070000+00:00,0.0000415059,0.0009640936
2026-02-10T18:00:00.065000+00:00,0.0000490824,0.0010853184
2026-02-10T19:00:00.015000+00:00,0.0000501599,0.0011025577
2026-02-10T20:00:00.053000+00:00,0.000115896,0.0021543363
2026-02-10T21:00:00.100000+00:00,0.0000809029,0.0015944471
2026-02-10T22:00:00.070000+00:00,0.0000110836,0.0004773377
2026-02-10T23:00:00.016000+00:00,0.00000625,0.0003906876
2026-02-11T00:00:00.036000+00:00,0.0000081184,0.0004298948
2026-02-11T01:00:00.007000+00:00,0.0000260588,0.0007169408
2026-02-11T02:00:00.051000+00:00,0.000033995,0.0008439202
2026-02-11T03:00:00.098000+00:00,0.0000247855,0.0006965673
2026-02-11T04:00:00.071000+00:00,0.0000189625,0.0006034008
2026-02-11T05:00:00.030000+00:00,0.0000096491,0.0004543856
2026-02-11T06:00:00.005000+00:00,0.0000076789,0.0004228623
2026-02-11T07:00:00.062000+00:00,0.0000237556,0.0006800899
2026-02-11T08:00:00.095000+00:00,0.00000625,0.0003056768
2026-02-11T09:00:00.114000+00:00,0.0000261049,0.0007176777
2026-02-11T10:00:00.048000+00:00,0.0000647054,0.0013352868
2026-02-11T11:00:00.086000+00:00,0.0000539496,0.0011631943
2026-02-11T12:00:00.022000+00:00,0.0000610388,0.0012766206
2026-02-11T13:00:00.055000+00:00,0.0000640748,0.0013251965
2026-02-11T14:00:00.087000+00:00,0.000032566,0.0008210552
2026-02-11T15:00:00.012000+00:00,0.0000831677,0.0016306838
2026-02-11T16:00:00.074000+00:00,0.000052733,0.0011437273
2026-02-11T17:00:00.077000+00:00,0.0000828455,0.0016255278
2026-02-11T18:00:00.062000+00:00,0.000024375,0.0006900001
2026-02-11T19:00:00.045000+00:00,0.0000191386,0.0006062183
2026-02-11T20:00:00.051000+00:00,0.0000080622,0.0004289945
2026-02-11T21:00:00.053000+00:00,0.0000114741,0.0004835852
2026-02-11T22:00:00.067000+00:00,0.0000178864,0.0005861818
2026-02-11T23:00:00.087000+00:00,0.0000283772,0.0007540357
2026-02-12T00:00:00.006000+00:00,0.0000797652,0.0015762432
2026-02-12T01:00:00.034000+00:00,0.0000932939,0.001792703
2026-02-12T02:00:00.037000+00:00,0.0001244004,0.0022904056
2026-02-12T03:00:00.057000+00:00,0.0000944427,0.0018110832
2026-02-12T04:00:00.004000+00:00,0.0000803224,0.0015851591
2026-02-12T05:00:00.075000+00:00,0.0000692976,0.001408762
2026-02-12T06:00:00.077000+00:00,0.0000465375,0.0010446001
2026-02-12T07:00:00.029000+00:00,0.0000526557,0.0011424906
2026-02-12T08:00:00.036000+00:00,0.0000247041,0.0006952663
2026-02-12T09:00:00.054000+00:00,0.0000292641,0.0007682252
2026-02-12T10:00:00.022000+00:00,0.0000293887,0.0007702186
2026-02-12T11:00:00.008000+00:00,0.0000140558,0.0005248936
2026-02-12T12:00:00.064000+00:00,0.0000157997,0.000552795
2026-02-12T13:00:00.056000+00:00,0.0000237063,0.0006793011
2026-02-12T14:00:00.023000+00:00,0.0000540942,0.0011655068
2026-02-12T15:00:00.004000+00:00,0.0000498878,0.0010982044
2026-02-12T16:00:00.043000+00:00,0.0000540051,0.0011640823
2026-02-12T17:00:00.026000+00:00,0.0001400548,0.0025408762
2026-02-12T18:00:00.015000+00:00,0.00000625,0.0001309182
2026-02-12T19:00:00.053000+00:00,0.0000144987,0.0005319793
2026-02-12T20:00:00.037000+00:00,0.0000421376,0.0009742022
2026-02-12T21:00:00.043000+00:00,0.0000567204,0.001207526
2026-02-12T22:00:00.010000+00:00,0.0000661688,0.001358701
2026-02-12T23:00:00.072000+00:00,0.0000777642,0.0015442272
2026-02-13T00:00:00.092000+00:00,0.0000743695,0.0014899124
2026-02-13T01:00:00.083000+00:00,0.0000637391,0.0013198248
2026-02-13T02:00:00.050000+00:00,0.000036239,0.0008798245
2026-02-13T03:00:00.009000+00:00,0.0000728741,0.0014659857
2026-02-13T04:00:00.087000+00:00,0.0000783198,0.0015531168
2026-02-13T05:00:00.083000+00:00,0.0000896116,0.0017337857
2026-02-13T06:00:00.070000+00:00,0.0000845192,0.0016523076
2026-02-13T07:00:00.056000+00:00,0.0000779035,0.0015464557
2026-02-13T08:00:00.018000+00:00,0.0000528261,0.0011452181
2026-02-13T09:00:00.087000+00:00,0.0000564413,0.0012030601
2026-02-13T10:00:00.004000+00:00,0.0000598922,0.0012582755
2026-02-13T11:00:00.117000+00:00,0.000070959,0.0014353445
2026-02-13T12:00:00.059000+00:00,0.00000625,0.0002243512
2026-02-13T13:00:00.040000+00:00,0.00000625,0.0003561611
2026-02-13T14:00:00.092000+00:00,0.0000331443,0.0008303088
2026-02-13T15:00:00.081000+00:00,0.0000327922,0.0008246747
2026-02-13T16:00:00.038000+00:00,0.0000365695,0.0008851127
2026-02-13T17:00:00.023000+00:00,0.0000648971,0.0013383541
2026-02-13T18:00:00.120000+00:00,0.000060664,0.0012706239
2026-02-13T19:00:00.063000+00:00,0.0000283711,0.0007539371
2026-02-13T20:00:00.048000+00:00,0.0000077501,0.0004240014
2026-02-13T21:00:00.056000+00:00,0.0000223746,0.0006579942
2026-02-13T22:00:00.018000+00:00,0.0000443203,0.0010091242
2026-02-13T23:00:00.072000+00:00,0.00000625,0.0002431043
2026-02-14T00:00:00.041000+00:00,0.00000625,0.0002412548
2026-02-14T01:00:00.085000+00:00,0.0000143415,0.0005294636
2026-02-14T02:00:00.103000+00:00,0.0000115061,0.0004840974
2026-02-14T03:00:00.007000+00:00,0.000009928,0.0004588487
2026-02-14T04:00:00.098000+00:00,0.00000625,0.000122646
2026-02-14T05:00:00.016000+00:00,0.00000625,0.0000806961
2026-02-14T06:00:00.103000+00:00,0.0000180591,0.0005889457
2026-02-14T07:00:00.037000+00:00,0.00000625,0.0001786422
2026-02-14T08:00:00.001000+00:00,0.0000194346,0.0006109533
2026-02-14T09:00:00.050000+00:00,0.00000625,0.0001741838
2026-02-14T10:00:00.086000+00:00,0.00000625,-0.000068841
2026-02-14T11:00:00.026000+00:00,0.00000625,0.0001949401
2026-02-14T12:00:00.125000+00:00,0.0000087895,0.0004406322
2026-02-14T13:00:00.083000+00:00,0.00000625,0.0003314579
2026-02-14T14:00:00.055000+00:00,0.00000625,0.000160462
2026-02-14T15:00:00.081000+00:00,0.00000625,0.000011339
2026-02-14T16:00:00.035000+00:00,0.00000625,-0.0000860332
2026-02-14T17:00:00.075000+00:00,0.00000625,-0.0000725839
2026-02-14T18:00:00.102000+00:00,0.00000625,-0.000079828
2026-02-14T19:00:00.005000+00:00,0.00000625,-0.0000800369
2026-02-14T20:00:00.071000+00:00,0.00000625,-0.0001993384
2026-02-14T21:00:00.056000+00:00,-0.0000102583,-0.0004641323
2026-02-14T22:00:00.045000+00:00,-0.0000449667,-0.0010194674
2026-02-14T23:00:00.022000+00:00,-0.0000358262,-0.0008732193
2026-02-15T00:00:00.102000+00:00,-0.0000028795,-0.0003460721
2026-02-15T01:00:00.052000+00:00,0.00000625,0.0000273096
2026-02-15T02:00:00.088000+00:00,0.00000625,0.000060773
2026-02-15T03:00:00.093000+00:00,0.00000625,-0.0000962213
2026-02-15T04:00:00.058000+00:00,0.00000625,0.0002162986
2026-02-15T05:00:00.004000+00:00,0.0000044459,-0.0002288651
2026-02-15T06:00:00.027000+00:00,-0.0000198505,-0.0006176077
2026-02-15T07:00:00.020000+00:00,-0.0000010622,-0.0003169951
2026-02-15T08:00:00.027000+00:00,-0.0000011995,-0.0003191916
2026-02-15T09:00:00.043000+00:00,-0.0000071599,-0.0004145583
2026-02-15T10:00:00.001000+00:00,0.0000018303,-0.000270715
2026-02-15T11:00:00.015000+00:00,0.00000625,-0.0001862571
2026-02-15T12:00:00.014000+00:00,0.00000625,-0.000101299
2026-02-15T13:00:00.012000+00:00,-0.0000009159,-0.0003146544
2026-02-15T14:00:00.023000+00:00,-0.000001297,-0.0003207523
2026-02-15T15:00:00.014000+00:00,0.00000625,-0.0001882677
2026-02-15T16:00:00.083000+00:00,0.00000625,-0.0000961857
2026-02-15T17:00:00.027000+00:00,0.00000625,-0.0000927212
2026-02-15T18:00:00.006000+00:00,0.00000625,0.0000845109
2026-02-15T19:00:00.023000+00:00,0.0000067388,0.0004078207
2026-02-15T20:00:00.060000+00:00,0.0000098886,0.0004582171
2026-02-15T21:00:00.008000+00:00,0.00000625,0.0003941912
2026-02-15T22:00:00.058000+00:00,0.0000081148,0.0004298372
2026-02-15T23:00:00.053000+00:00,0.0000106151,0.0004698415
2026-02-16T00:00:00.071000+00:00,0.0000165752,0.0005652029
2026-02-16T01:00:00.023000+00:00,0.0000465463,0.0010447402
2026-02-16T02:00:00.070000+00:00,0.0000235954,0.0006775261
2026-02-16T03:00:00.088000+00:00,0.0000153554,0.0005456865
2026-02-16T04:00:00.033000+00:00,0.0000254478,0.0007071654
2026-02-16T05:00:00.025000+00:00,0.0000187586,0.000600137
2026-02-16T06:00:00.006000+00:00,0.0000169816,0.0005717053
2026-02-16T07:00:00.043000+00:00,0.00000625,0.0001883149
2026-02-16T08:00:00.025000+00:00,0.0000382298,0.0009116771
2026-02-16T09:00:00.002000+00:00,0.0000599069,0.0012585108
2026-02-16T10:00:00.026000+00:00,0.00000625,0.0000388342
2026-02-16T11:00:00+00:00,0.00000625,0.0003233373
2026-02-16T12:00:00.075000+00:00,0.00000625,0.0000026219
2026-02-16T13:00:00.013000+00:00,0.0000039338,-0.0002370596
2026-02-16T14:00:00.083000+00:00,-0.0000386393,-0.0009182288
2026-02-16T15:00:00.037000+00:00,-0.0000917201,-0.0017675213
2026-02-16T16:00:00.099000+00:00,-0.0000389974,-0.0009239582
2026-02-16T17:00:00.019000+00:00,0.0000007868,-0.0002874119
2026-02-16T18:00:00.138000+00:00,-0.0001668953,-0.0029703246
2026-02-16T19:00:00.072000+00:00,-0.0001025854,-0.0019413663
2026-02-16T20:00:00.001000+00:00,-0.0000149411,-0.0005390575
2026-02-16T21:00:00.070000+00:00,0.0000009063,-0.0002854985
2026-02-16T22:00:00.043000+00:00,0.00000625,-0.0001318604
2026-02-16T23:00:00.088000+00:00,0.00000625,0.0002215205
2026-02-17T00:00:00.063000+00:00,0.00000625,0.0000999396
2026-02-17T01:00:00.070000+00:00,-0.000002191,-0.0003350565
2026-02-17T02:00:00.032000+00:00,0.0000627797,0.001304475
2026-02-17T03:00:00.021000+00:00,0.0001338303,0.0024412847
2026-02-17T04:00:00.061000+00:00,0.0001243405,0.0022894487
2026-02-17T05:00:00.038000+00:00,0.000096601,0.0018456153
2026-02-17T06:00:00.104000+00:00,0.00000625,0.0002396287
2026-02-17T07:00:00.044000+00:00,-0.0001322262,-0.0024156185
2026-02-17T08:00:00.015000+00:00,-0.0000338121,-0.0008409941
2026-02-17T09:00:00.082000+00:00,-0.0000319251,-0.0008108016
2026-02-17T10:00:00.097000+00:00,0.00000625,-0.0000544571
2026-02-17T11:00:00.042000+00:00,0.00000625,-0.0000642392
2026-02-17T12:00:00.044000+00:00,0.00000625,-0.0001093667
2026-02-17T13:00:00.044000+00:00,0.0000046922,-0.0002249251
2026-02-17T14:00:00.063000+00:00,-0.0000052786,-0.0003844573
2026-02-17T15:00:00.062000+00:00,0.00000625,-0.0000291517
2026-02-17T16:00:00.071000+00:00,0.00000625,0.0003287238
2026-02-17T17:00:00.038000+00:00,0.0000205553,0.0006288846
2026-02-17T18:00:00.030000+00:00,0.0000049701,-0.0002204789
2026-02-17T19:00:00.003000+00:00,0.00000625,0.0001077249
2026-02-17T20:00:00.062000+00:00,0.00000625,0.0001951028
2026-02-17T21:00:00.058000+00:00,0.0000073686,0.0004178982
2026-02-17T22:00:00.051000+00:00,0.00000625,0.0003539244
2026-02-17T23:00:00.070000+00:00,0.0000859303,0.0016748853
2026-02-18T00:00:00.021000+00:00,0.0000852658,0.0016642532
2026-02-18T01:00:00.085000+00:00,0.0001107625,0.0020721999
2026-02-18T02:00:00.067000+00:00,0.0001092591,0.0020481448
2026-02-18T03:00:00.005000+00:00,0.000052397,0.0011383523
2026-02-18T04:00:00.016000+00:00,0.00000625,0.000065992
2026-02-18T05:00:00.053000+00:00,0.00000625,-0.0000511517
2026-02-18T06:00:00.013000+00:00,0.00000625,-0.0000705984
2026-02-18T07:00:00.044000+00:00,0.0000040233,-0.000235627
2026-02-18T08:00:00.085000+00:00,-0.0000222948,-0.0006567173
2026-02-18T09:00:00.065000+00:00,0.0000059484,-0.0002048261
2026-02-18T10:00:00.081000+00:00,0.00000625,0.0001528469
2026-02-18T11:00:00.026000+00:00,0.00000625,0.0002455503
2026-02-18T12:00:00.017000+00:00,0.00000625,-0.0000337857
2026-02-18T13:00:00.034000+00:00,0.00000625,0.0001533585
2026-02-18T14:00:00.046000+00:00,0.00000625,0.0000298631
2026-02-18T15:00:00.043000+00:00,0.00000625,-0.0000214345
2026-02-18T16:00:00.046000+00:00,0.00000625,-0.0001895235
2026-02-18T17:00:00.010000+00:00,0.00000625,0.0001895788
2026-02-18T18:00:00.003000+00:00,0.00000625,0.000354265
2026-02-18T19:00:00.072000+00:00,0.00000625,0.0003233271
2026-02-18T20:00:00.039000+00:00,0.00000625,0.0001263409
2026-02-18T21:00:00.040000+00:00,0.00000625,0.0003148776
2026-02-18T22:00:00.035000+00:00,0.00000625,0.0003597901
2026-02-18T23:00:00.022000+00:00,0.00000625,0.0003171196
2026-02-19T00:00:00.054000+00:00,0.0000109556,0.0004752893
2026-02-19T01:00:00.073000+00:00,0.0000152594,0.0005441501
2026-02-19T02:00:00.079000+00:00,0.0000247131,0.0006954101
2026-02-19T03:00:00.021000+00:00,0.0000475382,0.0010606114
2026-02-19T04:00:00.122000+00:00,0.0000478594,0.0010657506
2026-02-19T05:00:00.058000+00:00,0.00000625,0.0003128516
2026-02-19T06:00:00.072000+00:00,0.0000119799,0.0004916791
2026-02-19T07:00:00.126000+00:00,0.0000367896,0.0008886331
2026-02-19T08:00:00.040000+00:00,0.0000410027,0.0009560436
2026-02-19T09:00:00.019000+00:00,0.0000600309,0.0012604947
2026-02-19T10:00:00.033000+00:00,0.0000577568,0.0012241092
2026-02-19T11:00:00.010000+00:00,0.0000619574,0.001291318
2026-02-19T12:00:00.062000+00:00,0.0000466665,0.0010466637
2026-02-19T13:00:00.017000+00:00,0.00000625,0.0002068144
2026-02-19T14:00:00.019000+00:00,0.0000070439,0.0004127031
2026-02-19T15:00:00.067000+00:00,0.00000625,0.0003422332
2026-02-19T16:00:00.026000+00:00,0.0000158617,0.0005537869
2026-02-19T17:00:00.013000+00:00,0.0000134546,0.000515273
2026-02-19T18:00:00+00:00,0.0000240919,0.0006854703
2026-02-19T19:00:00.043000+00:00,0.0000245688,0.0006931008
2026-02-19T20:00:00.009000+00:00,0.0000290438,0.0007647011
2026-02-19T21:00:00.023000+00:00,0.0000223553,0.0006576841
2026-02-19T22:00:00.022000+00:00,0.0000179311,0.0005868982
2026-02-19T23:00:00.042000+00:00,0.00000625,0.0003067732
2026-02-20T00:00:00.035000+00:00,0.00000625,0.0003296875
2026-02-20T01:00:00.190000+00:00,0.0000187522,0.000600035
2026-02-20T02:00:00.054000+00:00,0.0000352622,0.0008641949
2026-02-20T03:00:00.118000+00:00,0.0000331842,0.000830948
2026-02-20T04:00:00.085000+00:00,0.0000418301,0.0009692809
2026-02-20T05:00:00.048000+00:00,0.0000646117,0.001333787
2026-02-20T06:00:00.033000+00:00,0.0000670489,0.0013727826
2026-02-20T07:00:00.077000+00:00,0.0001277897,0.0023446352
2026-02-20T08:00:00.069000+00:00,0.0000890399,0.0017246386
2026-02-20T09:00:00.018000+00:00,0.0000967835,0.0018485365
2026-02-20T10:00:00.018000+00:00,0.0000543269,0.0011692301
2026-02-20T11:00:00.029000+00:00,0.0000285533,0.0007568531
2026-02-20T12:00:00.020000+00:00,0.0000115037,0.0004840594
2026-02-20T13:00:00.001000+00:00,0.000015115,0.0005418402
2026-02-20T14:00:00.062000+00:00,0.00000625,0.0003133506
2026-02-20T15:00:00.013000+00:00,0.0000394798,0.0009316761
2026-02-20T16:00:00.044000+00:00,0.0000880523,0.0017088372
2026-02-20T17:00:00.002000+00:00,0.00000625,0.0003647119
2026-02-20T18:00:00.056000+00:00,0.0000093381,0.0004494093
2026-02-20T19:00:00.125000+00:00,0.0000272585,0.0007361366
2026-02-20T20:00:00.028000+00:00,0.0000251134,0.0007018144
2026-02-20T21:00:00.083000+00:00,0.0000234951,0.000675921
2026-02-20T22:00:00.095000+00:00,0.000024412,0.0006905914
2026-02-20T23:00:00.033000+00:00,0.0000196114,0.0006137827
2026-02-21T00:00:00.011000+00:00,0.000035467,0.0008674722
2026-02-21T01:00:00.131000+00:00,0.0000731077,0.0014697235
2026-02-21T02:00:00.011000+00:00,0.00000625,0.0003103784
2026-02-21T03:00:00.063000+00:00,0.0000748693,0.0014979094
2026-02-21T04:00:00.080000+00:00,0.000078662,0.0015585916
2026-02-21T05:00:00.080000+00:00,0.0000796295,0.001574072
2026-02-21T06:00:00.034000+00:00,0.0000115206,0.0004843302
2026-02-21T07:00:00.068000+00:00,0.0000184101,0.0005945621
2026-02-21T08:00:00.035000+00:00,0.0000443311,0.0010092984
2026-02-21T09:00:00.020000+00:00,0.0000199798,0.0006196774
2026-02-21T10:00:00.068000+00:00,0.0000237014,0.0006792227
2026-02-21T11:00:00.028000+00:00,0.0000212925,0.00064068
2026-02-21T12:00:00.071000+00:00,0.0000314978,0.0008039643
2026-02-21T13:00:00.019000+00:00,0.0000669892,0.0013718278
2026-02-21T14:00:00+00:00,0.00000625,0.0003753807
2026-02-21T15:00:00.011000+00:00,0.00000625,0.0001988058
2026-02-21T16:00:00.010000+00:00,0.00000625,0.0001530462
2026-02-21T17:00:00.060000+00:00,-0.0000015609,-0.000324974
2026-02-21T18:00:00.086000+00:00,-0.0000012373,-0.0003197969
2026-02-21T19:00:00.111000+00:00,-0.0000045077,-0.0003721231
2026-02-21T20:00:00.048000+00:00,-0.0000356862,-0.0008709793
2026-02-21T21:00:00.024000+00:00,-0.0000482329,-0.0010717266
2026-02-21T22:00:00.037000+00:00,-0.0000546834,-0.001174934
2026-02-21T23:00:00.054000+00:00,-0.0000566849,-0.0012069591
2026-02-22T00:00:00.015000+00:00,-0.0000402141,-0.0009434258
2026-02-22T01:00:00.084000+00:00,0.00000625,-0.0001344952
2026-02-22T02:00:00.046000+00:00,0.00000625,-0.0001095682
2026-02-22T03:00:00.056000+00:00,0.00000625,-0.0000758343
2026-02-22T04:00:00.066000+00:00,0.00000625,0.0000238785
2026-02-22T05:00:00.123000+00:00,0.00000625,0.0000777101
2026-02-22T06:00:00.012000+00:00,0.00000625,0.0000800378
2026-02-22T07:00:00.039000+00:00,0.00000625,0.0000894299
2026-02-22T08:00:00.009000+00:00,0.00000625,0.0001041634
2026-02-22T09:00:00.017000+00:00,0.00000625,0.0001051225
2026-02-22T10:00:00.091000+00:00,0.00000625,0.0003466018
2026-02-22T11:00:00.056000+00:00,0.00000625,0.0001338475
2026-02-22T12:00:00.075000+00:00,0.00000625,0.0003047307
2026-02-22T13:00:00.038000+00:00,0.00000625,0.0001132995
2026-02-22T14:00:00.048000+00:00,-0.0000379612,-0.0009073791
2026-02-22T15:00:00.114000+00:00,-0.0000645584,-0.0013329339
2026-02-22T16:00:00.015000+00:00,-0.000037289,-0.0008966234
2026-02-22T17:00:00.036000+00:00,-0.000027378,-0.0007380482
2026-02-22T18:00:00.075000+00:00,-0.0000592889,-0.0012486216
2026-02-22T19:00:00.006000+00:00,-0.0000545572,-0.0011729154
2026-02-22T20:00:00.029000+00:00,-0.0000487662,-0.0010802586
2026-02-22T21:00:00+00:00,-0.0000568876,-0.0012102014
2026-02-22T22:00:00.023000+00:00,-0.0000568721,-0.0012099543
2026-02-22T23:00:00.093000+00:00,-0.0000532264,-0.0011516219
2026-02-23T00:00:00.016000+00:00,-0.0000849671,-0.0016594736
2026-02-23T01:00:00.004000+00:00,-0.0001419604,-0.0025713669
2026-02-23T02:00:00.025000+00:00,0.00000625,0.000254712
2026-02-23T03:00:00.025000+00:00,0.0000252623,0.0007041971
2026-02-23T04:00:00.028000+00:00,0.0000868184,0.0016890945
2026-02-23T05:00:00.010000+00:00,0.0000978996,0.0018663932
2026-02-23T06:00:00.078000+00:00,0.0001170029,0.0021720459
2026-02-23T07:00:00.058000+00:00,0.0001003195,0.0019051122
2026-02-23T08:00:00.004000+00:00,0.0000906985,0.0017511765
2026-02-23T09:00:00.103000+00:00,0.0001077401,0.0020238421
2026-02-23T10:00:00.012000+00:00,0.0000861507,0.0016784106
2026-02-23T11:00:00.010000+00:00,0.0000649532,0.0013392509
2026-02-23T12:00:00.004000+00:00,0.0000234929,0.0006758867
2026-02-23T13:00:00.080000+00:00,0.0000215699,0.0006451181
2026-02-23T14:00:00.028000+00:00,0.0000261578,0.0007185242
2026-02-23T15:00:00.059000+00:00,0.0000223921,0.0006582739
2026-02-23T16:00:00.045000+00:00,0.0000140077,0.0005241239
2026-02-23T17:00:00.042000+00:00,0.0000084376,0.000435001
2026-02-23T18:00:00.076000+00:00,0.0000092405,0.0004478487
2026-02-23T19:00:00.053000+00:00,0.0000105116,0.000468185
2026-02-23T20:00:00.017000+00:00,0.00000625,0.0003474693
2026-02-23T21:00:00.054000+00:00,0.00000625,0.000272848
2026-02-23T22:00:00.029000+00:00,0.0000163038,0.0005608606
2026-02-23T23:00:00.037000+00:00,0.0000120213,0.0004923406
2026-02-24T00:00:00.048000+00:00,0.0000170143,0.0005722286
2026-02-24T01:00:00.134000+00:00,0.0000131621,0.0005105934
2026-02-24T02:00:00.050000+00:00,0.0000322807,0.0008164917
2026-02-24T03:00:00.046000+00:00,0.0000570379,0.0012126068
2026-02-24T04:00:00.015000+00:00,0.0000722787,0.0014564597
2026-02-24T05:00:00.026000+00:00,0.0000640808,0.0013252926
2026-02-24T06:00:00.085000+00:00,0.0000650267,0.0013404275
2026-02-24T07:00:00.076000+00:00,0.0000638932,0.0013222914
2026-02-24T08:00:00.022000+00:00,0.0000562813,0.001200501
2026-02-24T09:00:00.048000+00:00,0.0000524074,0.0011385187
2026-02-24T10:00:00.044000+00:00,0.0000382114,0.0009113831
2026-02-24T11:00:00.020000+00:00,0.0000458897,0.0010342348
2026-02-24T12:00:00.025000+00:00,0.0000361147,0.0008778348
2026-02-24T13:00:00.047000+00:00,0.0000380614,0.0009089819
2026-02-24T14:00:00.060000+00:00,0.0000604615,0.001267384
2026-02-24T15:00:00.057000+00:00,0.0000497649,0.0010962391
2026-02-24T16:00:00.005000+00:00,0.0000152357,0.0005437705
2026-02-24T17:00:00.049000+00:00,0.0000100183,0.0004602927
2026-02-24T18:00:00.022000+00:00,0.0000187142,0.000599428
2026-02-24T19:00:00.066000+00:00,0.0000164966,0.0005639462
2026-02-24T20:00:00.026000+00:00,0.0000365999,0.0008855979
2026-02-24T21:00:00.002000+00:00,0.0000209797,0.0006356758
2026-02-24T22:00:00.030000+00:00,0.0000245281,0.0006924496
2026-02-24T23:00:00.078000+00:00,0.0000223238,0.0006571809
2026-02-25T00:00:00.014000+00:00,0.0000161411,0.0005582573
2026-02-25T01:00:00.032000+00:00,0.0000118682,0.0004898908
2026-02-25T02:00:00.039000+00:00,0.0000408583,0.0009537329
2026-02-25T03:00:00.030000+00:00,0.000033699,0.0008391843
2026-02-25T04:00:00.056000+00:00,0.0000265986,0.0007255771
2026-02-25T05:00:00.028000+00:00,0.00000625,0.0003276867
2026-02-25T06:00:00.061000+00:00,0.00000625,0.0000893476
2026-02-25T07:00:00+00:00,0.00000625,0.0002809515
2026-02-25T08:00:00.037000+00:00,0.00000625,0.0002661816
2026-02-25T09:00:00.060000+00:00,0.00000625,0.0001318299
2026-02-25T10:00:00.029000+00:00,0.00000625,0.0001843431
2026-02-25T11:00:00.055000+00:00,0.00000625,0.0002598696
2026-02-25T12:00:00.008000+00:00,0.00000625,0.0002527212
2026-02-25T13:00:00.008000+00:00,0.0000068238,0.0004091808
2026-02-25T14:00:00.023000+00:00,0.0000099811,0.0004596978
2026-02-25T15:00:00.051000+00:00,0.00000625,0.0003346373
2026-02-25T16:00:00.012000+00:00,0.00000625,0.0000254449
2026-02-25T17:00:00.075000+00:00,0.00000625,0.0000318332
2026-02-25T18:00:00.088000+00:00,0.00000625,0.0000088552
2026-02-25T19:00:00.128000+00:00,0.00000625,-0.0001916917
2026-02-25T20:00:00.055000+00:00,0.000002305,-0.0002631196
2026-02-25T21:00:00.015000+00:00,0.00000625,-0.0001942542
2026-02-25T22:00:00+00:00,0.00000625,0.0001830548
2026-02-25T23:00:00.045000+00:00,0.00000625,0.0001571511
2026-02-26T00:00:00.036000+00:00,0.00000625,0.0003575771
2026-02-26T01:00:00.091000+00:00,0.00000625,0.0003907754
2026-02-26T02:00:00.018000+00:00,0.00000625,-0.0001165126
2026-02-26T03:00:00.060000+00:00,0.00000625,0.0000126215
2026-02-26T04:00:00.013000+00:00,0.00000625,-0.000013849
2026-02-26T05:00:00.058000+00:00,0.00000625,0.0001922912
2026-02-26T06:00:00.099000+00:00,0.00000625,0.0001917548
2026-02-26T07:00:00.021000+00:00,0.00000625,-0.0000419928
2026-02-26T08:00:00.072000+00:00,0.00000625,0.0000788267
2026-02-26T09:00:00.076000+00:00,0.00000625,0.0001485007
2026-02-26T10:00:00.108000+00:00,0.00000625,0.0003193629
2026-02-26T11:00:00.073000+00:00,0.00000625,-0.0000714458
2026-02-26T12:00:00.041000+00:00,-0.0000005768,-0.0003092294
2026-02-26T13:00:00.051000+00:00,0.0000232337,0.0006717392
2026-02-26T14:00:00.019000+00:00,0.0000396095,0.0009337524
2026-02-26T15:00:00.033000+00:00,0.0000229148,0.000666637
2026-02-26T16:00:00.028000+00:00,0.0000226308,0.0006620934
2026-02-26T17:00:00.027000+00:00,0.0000320179,0.0008122858
2026-02-26T18:00:00.023000+00:00,0.0000323109,0.0008169739
2026-02-26T19:00:00.009000+00:00,0.0000344642,0.0008514276
2026-02-26T20:00:00.035000+00:00,0.0000161481,0.0005583702
2026-02-26T21:00:00.019000+00:00,0.0000095678,0.0004530856
2026-02-26T22:00:00.019000+00:00,0.0000099043,0.0004584692
2026-02-26T23:00:00.054000+00:00,0.0000138894,0.0005222307
2026-02-27T00:00:00.001000+00:00,0.0000303479,0.0007855671
2026-02-27T01:00:00.078000+00:00,0.0000534271,0.0011548328
2026-02-27T02:00:00.016000+00:00,0.0000502774,0.0011044384
2026-02-27T03:00:00.116000+00:00,0.0000567079,0.001207327
2026-02-27T04:00:00.057000+00:00,0.0000424014,0.0009784232
2026-02-27T05:00:00.058000+00:00,0.0000076414,0.0004222622
2026-02-27T06:00:00.053000+00:00,0.000034692,0.0008550722
2026-02-27T07:00:00.067000+00:00,0.0000619669,0.001291471
2026-02-27T08:00:00.017000+00:00,0.0000561768,0.0011988286
2026-02-27T09:00:00.026000+00:00,0.0000405566,0.0009489063
2026-02-27T10:00:00.074000+00:00,0.0000585575,0.0012369193
2026-02-27T11:00:00.078000+00:00,0.000026876,0.0007300162
2026-02-27T12:00:00.028000+00:00,0.00000625,0.0003748029
2026-02-27T13:00:00.020000+00:00,0.0000280352,0.0007485628
2026-02-27T14:00:00.036000+00:00,0.0000499855,0.0010997672
2026-02-27T15:00:00.054000+00:00,0.0000375929,0.0009014863
2026-02-27T16:00:00.132000+00:00,0.00000625,0.0002742848
2026-02-27T17:00:00.041000+00:00,0.00000625,0.0001894096
2026-02-27T18:00:00.037000+00:00,0.00000625,0.0001208047
2026-02-27T19:00:00.012000+00:00,0.0000074653,0.0004194451
2026-02-27T20:00:00.028000+00:00,0.0000599444,0.0012591108
2026-02-27T21:00:00.037000+00:00,0.0000717726,0.0014483612
2026-02-27T22:00:00.023000+00:00,0.0000314407,0.0008030512
2026-02-27T23:00:00.014000+00:00,0.0000104313,0.0004669014
2026-02-28T00:00:00.086000+00:00,0.00000625,0.0001053863
2026-02-28T01:00:00.090000+00:00,0.00000625,0.0001273981
2026-02-28T02:00:00.058000+00:00,-0.0000580781,-0.0012292499
2026-02-28T03:00:00.012000+00:00,-0.0001644385,-0.0029310165
2026-02-28T04:00:00.088000+00:00,0.0000762126,0.001519402
2026-02-28T05:00:00.063000+00:00,-0.0000458926,-0.0010342823
2026-02-28T06:00:00.065000+00:00,-0.0000646708,-0.0013347323
2026-02-28T07:00:00.026000+00:00,-0.0001151102,-0.0021417631
2026-02-28T08:00:00.028000+00:00,-0.0001288874,-0.0023621984
2026-02-28T09:00:00.012000+00:00,-0.0000947414,-0.0018158619
2026-02-28T10:00:00.008000+00:00,-0.000206331,-0.0036012961
2026-02-28T11:00:00.008000+00:00,-0.0002706491,-0.0046303863
2026-02-28T12:00:00.032000+00:00,-0.0003972699,-0.0066563188
2026-02-28T13:00:00.035000+00:00,-0.0000500447,-0.0011007152
2026-02-28T14:00:00.033000+00:00,0.0000912998,0.0017607964
2026-02-28T15:00:00.021000+00:00,0.0000639339,0.0013229425
2026-02-28T16:00:00.041000+00:00,0.00000625,0.000178227
2026-02-28T17:00:00.025000+00:00,0.0000319584,0.0008113345
2026-02-28T18:00:00.015000+00:00,0.000131992,0.0024118719
2026-02-28T19:00:00.074000+00:00,0.0001325385,0.0024206168
2026-02-28T20:00:00.039000+00:00,0.0000613735,0.0012819763
2026-02-28T21:00:00.041000+00:00,0.0002794948,0.0047719174
2026-02-28T22:00:00.035000+00:00,0.0001947515,0.0034160235
2026-02-28T23:00:00.066000+00:00,0.0003317949,0.0056087188
2026-03-01T00:00:00.168000+00:00,0.0002639503,0.0045232046
2026-03-01T01:00:00.024000+00:00,0.0000541817,0.0011669076
2026-03-01T02:00:00.052000+00:00,-0.0000103013,-0.0004648208
2026-03-01T03:00:00.074000+00:00,0.0000974167,0.0018586666
2026-03-01T04:00:00.034000+00:00,0.000116659,0.0021665446
2026-03-01T05:00:00.052000+00:00,0.0000222118,0.0006553895
2026-03-01T06:00:00.071000+00:00,0.00000625,0.0002361574
2026-03-01T07:00:00.018000+00:00,0.00000625,-0.000017129
2026-03-01T08:00:00.093000+00:00,0.0000111425,0.0004782798
2026-03-01T09:00:00.017000+00:00,0.0000713282,0.0014412514
2026-03-01T10:00:00.018000+00:00,0.0000300958,0.0007815325
2026-03-01T11:00:00.017000+00:00,-0.0000267483,-0.000727973
2026-03-01T12:00:00.039000+00:00,-0.0000223659,-0.0006578548
2026-03-01T13:00:00.054000+00:00,0.00000625,0.0002411467
2026-03-01T14:00:00.029000+00:00,-0.0000477633,-0.0010642121
2026-03-01T15:00:00.027000+00:00,-0.0000809773,-0.0015956371
2026-03-01T16:00:00.018000+00:00,-0.0000568621,-0.0012097936
2026-03-01T17:00:00.120000+00:00,-0.0000204299,-0.0006268781
2026-03-01T18:00:00.070000+00:00,-0.0000247105,-0.0006953682
2026-03-01T19:00:00.062000+00:00,-0.0000441481,-0.00100637
2026-03-01T20:00:00.026000+00:00,-0.0001175304,-0.0021804865
2026-03-01T21:00:00.065000+00:00,-0.0003663214,-0.0061611426
2026-03-01T22:00:00.085000+00:00,-0.0001782221,-0.0031515544
2026-03-01T23:00:00.005000+00:00,-0.0001773544,-0.003137671
2026-03-02T00:00:00.044000+00:00,0.0002221788,0.0038548609
2026-03-02T01:00:00.048000+00:00,0.0001575238,0.0028203813
2026-03-02T02:00:00.044000+00:00,0.0000206356,0.0006301691
2026-03-02T03:00:00.063000+00:00,0.0000729148,0.0014666369
2026-03-02T04:00:00.048000+00:00,0.0000775396,0.0015406336
2026-03-02T05:00:00.071000+00:00,0.000077182,0.0015349114
2026-03-02T06:00:00.062000+00:00,0.0000863137,0.0016810194
2026-03-02T07:00:00.054000+00:00,0.0000944336,0.0018109371
2026-03-02T08:00:00.003000+00:00,0.0001010623,0.0019169966
2026-03-02T09:00:00.091000+00:00,0.0000832535,0.0016320568
2026-03-02T10:00:00.007000+00:00,0.0000584364,0.0012349819
2026-03-02T11:00:00.019000+00:00,0.0000437988,0.0010007807
2026-03-02T12:00:00.016000+00:00,0.00004756,0.0010609607
2026-03-02T13:00:00.034000+00:00,0.0000578996,0.001226393
2026-03-02T14:00:00.035000+00:00,0.0000598005,0.001256808
2026-03-02T15:00:00.070000+00:00,0.0000275186,0.000740297
2026-03-02T16:00:00.053000+00:00,0.0000159721,0.0005555528
2026-03-02T17:00:00.086000+00:00,0.0000165602,0.0005649638
2026-03-02T18:00:00.025000+00:00,0.0000468979,0.001050366
2026-03-02T19:00:00.044000+00:00,0.0000534249,0.0011547981
2026-03-02T20:00:00.120000+00:00,0.0000386184,0.0009178946
2026-03-02T21:00:00.038000+00:00,0.0000157091,0.0005513452
2026-03-02T22:00:00.033000+00:00,0.0000199018,0.0006184291
2026-03-02T23:00:00.068000+00:00,0.0000513906,0.0011222489
2026-03-03T00:00:00.062000+00:00,0.0000466266,0.0010460259
2026-03-03T01:00:00.052000+00:00,0.0000390997,0.0009255951
2026-03-03T02:00:00.011000+00:00,0.0000115848,0.0004853573
2026-03-03T03:00:00.058000+00:00,0.0000599705,0.0012595283
2026-03-03T04:00:00.010000+00:00,0.0000567185,0.0012074957
2026-03-03T05:00:00.074000+00:00,0.0000218941,0.0006503049
2026-03-03T06:00:00.050000+00:00,0.0000475317,0.0010605073
2026-03-03T07:00:00.069000+00:00,0.00000625,0.0003878644
2026-03-03T08:00:00.009000+00:00,0.00000625,0.0000812458
2026-03-03T09:00:00.114000+00:00,0.00000625,-0.0000209231
2026-03-03T10:00:00.046000+00:00,0.0000046741,-0.0002252145
2026-03-03T11:00:00.006000+00:00,0.00000625,-0.0000090383
2026-03-03T12:00:00.013000+00:00,0.00000625,0.0000247234
2026-03-03T13:00:00.012000+00:00,0.00000625,0.0003454363
2026-03-03T14:00:00.039000+00:00,0.00000625,0.0003117909
2026-03-03T15:00:00.007000+00:00,0.0000116099,0.0004857589
2026-03-03T16:00:00.004000+00:00,0.0000164141,0.0005626261
2026-03-03T17:00:00.041000+00:00,0.0000185271,0.0005964328
2026-03-03T18:00:00.015000+00:00,0.00000625,0.000125388
2026-03-03T19:00:00.049000+00:00,0.00000625,0.0001382129
2026-03-03T20:00:00.007000+00:00,0.00000625,0.0003852701
2026-03-03T21:00:00.014000+00:00,0.0000277937,0.0007446996
2026-03-03T22:00:00.070000+00:00,0.0000208636,0.0006338177
2026-03-03T23:00:00.016000+00:00,0.000043354,0.0009936634
2026-03-04T00:00:00.034000+00:00,0.0000458845,0.0010341517
2026-03-04T01:00:00.049000+00:00,0.0000201071,0.0006217133
2026-03-04T02:00:00.060000+00:00,0.0000326983,0.0008231732
2026-03-04T03:00:00.052000+00:00,0.0000388096,0.000920953
2026-03-04T04:00:00.001000+00:00,0.0000119788,0.0004916611
2026-03-04T05:00:00.064000+00:00,0.0000291711,0.0007667372
2026-03-04T06:00:00.079000+00:00,0.0000425703,0.000981125
2026-03-04T07:00:00.095000+00:00,0.0000354295,0.0008668716
2026-03-04T08:00:00.047000+00:00,0.0000584644,0.0012354303
2026-03-04T09:00:00.010000+00:00,0.0000602672,0.0012642753
2026-03-04T10:00:00.069000+00:00,0.0000297142,0.0007754265
2026-03-04T11:00:00.024000+00:00,0.0000382961,0.000912737
2026-03-04T12:00:00.133000+00:00,0.0000324016,0.0008184263
2026-03-04T13:00:00.019000+00:00,0.0000299399,0.0007790391
2026-03-04T14:00:00.036000+00:00,0.0000512345,0.0011197517
2026-03-04T15:00:00.023000+00:00,0.0000298783,0.0007780527
2026-03-04T16:00:00.011000+00:00,0.0000186532,0.0005984509
2026-03-04T17:00:00.095000+00:00,0.0000175944,0.0005815104
2026-03-04T18:00:00.092000+00:00,0.0000116024,0.0004856377
2026-03-04T19:00:00.093000+00:00,0.0000358801,0.0008740819
2026-03-04T20:00:00.047000+00:00,0.0000224734,0.0006595752
2026-03-04T21:00:00.048000+00:00,0.0000076567,0.0004225078
2026-03-04T22:00:00.024000+00:00,0.0000118932,0.0004902917
2026-03-04T23:00:00.045000+00:00,0.0000207566,0.0006321058
2026-03-05T00:00:00.022000+00:00,0.0000192414,0.0006078617
2026-03-05T01:00:00.018000+00:00,0.00000625,0.0003987407
2026-03-05T02:00:00.139000+00:00,0.000010551,0.0004688163
2026-03-05T03:00:00.019000+00:00,0.0000612382,0.001279811
2026-03-05T04:00:00.027000+00:00,0.0000695513,0.0014128201
2026-03-05T05:00:00.001000+00:00,0.0000688875,0.0014022008
2026-03-05T06:00:00.037000+00:00,0.000072088,0.0014534073
2026-03-05T07:00:00.091000+00:00,0.0000823992,0.0016183865
2026-03-05T08:00:00.033000+00:00,0.0000918398,0.0017694368
2026-03-05T09:00:00.063000+00:00,0.0000844246,0.001650794
2026-03-05T10:00:00.091000+00:00,0.0000471283,0.0010540524
2026-03-05T11:00:00.017000+00:00,0.0000353449,0.0008655182
2026-03-05T12:00:00.003000+00:00,0.00000625,0.0003632843
2026-03-05T13:00:00.009000+00:00,0.00000625,0.0003811142
2026-03-05T14:00:00.024000+00:00,0.0000154177,0.0005466834
2026-03-05T15:00:00.039000+00:00,0.0000215828,0.000645325
2026-03-05T16:00:00.034000+00:00,0.0000329945,0.0008279113
2026-03-05T17:00:00.083000+00:00,0.0000122689,0.000496303
2026-03-05T18:00:00.048000+00:00,0.0000117421,0.0004878741
2026-03-05T19:00:00.052000+00:00,0.0000167491,0.000567985
2026-03-05T20:00:00.073000+00:00,0.000045693,0.0010310881
2026-03-05T21:00:00.042000+00:00,0.0000350607,0.0008609706
2026-03-05T22:00:00.028000+00:00,0.00000625,0.0003572342
2026-03-05T23:00:00.029000+00:00,0.00000625,0.0002809955
2026-03-06T00:00:00.030000+00:00,0.00000625,0.0002204621
2026-03-06T01:00:00.082000+00:00,0.00000625,0.000027731
2026-03-06T02:00:00.006000+00:00,0.00000625,0.000070362
2026-03-06T03:00:00.079000+00:00,0.00000625,0.0002126636
2026-03-06T04:00:00.026000+00:00,0.0000078376,0.0004254019
2026-03-06T05:00:00.112000+00:00,0.0000130221,0.0005083537
2026-03-06T06:00:00.019000+00:00,0.00000625,0.0002600728
2026-03-06T07:00:00.028000+00:00,0.00000625,0.0001683227
2026-03-06T08:00:00.021000+00:00,0.0000084435,0.0004350955
2026-03-06T09:00:00.022000+00:00,0.0000234443,0.0006751082
2026-03-06T10:00:00.031000+00:00,0.00000625,0.0002852084
2026-03-06T11:00:00.036000+00:00,0.00000625,0.0000537348
2026-03-06T12:00:00.052000+00:00,0.00000625,-0.0000464627
2026-03-06T13:00:00.052000+00:00,0.0000063492,0.0004015877
2026-03-06T14:00:00.033000+00:00,0.0000184568,0.0005953081
2026-03-06T15:00:00.037000+00:00,0.0000617974,0.001288758
2026-03-06T16:00:00.062000+00:00,0.0000346926,0.0008550817
2026-03-06T17:00:00.089000+00:00,0.000033457,0.0008353123
2026-03-06T18:00:00.056000+00:00,0.0000590894,0.0012454311
2026-03-06T19:00:00.066000+00:00,0.0000999904,0.0018998465
2026-03-06T20:00:00.046000+00:00,0.0001071605,0.0020145687
2026-03-06T21:00:00.021000+00:00,0.0001188181,0.0022010889
2026-03-06T22:00:00.046000+00:00,0.0001959205,0.0034347276
2026-03-06T23:00:00.092000+00:00,0.0001770298,0.0031324766
2026-03-07T00:00:00.061000+00:00,0.0001414779,0.0025636471
2026-03-07T01:00:00.027000+00:00,0.0001505666,0.0027090655
2026-03-07T02:00:00.050000+00:00,-0.0004643505,-0.007729608
2026-03-07T03:00:00.045000+00:00,-0.0004624409,-0.0076990549
2026-03-07T04:00:00.014000+00:00,-0.0003346363,-0.0056541815
2026-03-07T05:00:00.052000+00:00,0.00000625,0.0002227664
2026-03-07T06:00:00.070000+00:00,-0.0000056376,-0.0003902017
2026-03-07T07:00:00.068000+00:00,0.00000625,-0.0000216814
2026-03-07T08:00:00.015000+00:00,0.0000419502,0.0009712037
2026-03-07T09:00:00.005000+00:00,0.000069802,0.0014168323
2026-03-07T10:00:00.014000+00:00,-0.0000486599,-0.0010785588
2026-03-07T11:00:00.002000+00:00,-0.0001336257,-0.0024380111
2026-03-07T12:00:00.031000+00:00,-0.0000694941,-0.0014119055
2026-03-07T13:00:00.033000+00:00,0.00000625,0.0000803089
2026-03-07T14:00:00.084000+00:00,0.0000203102,0.0006249636
2026-03-07T15:00:00.012000+00:00,0.0000460219,0.0010363506
2026-03-07T16:00:00.014000+00:00,0.0000533308,0.001153293
2026-03-07T17:00:00.077000+00:00,0.00000625,0.0002833442
2026-03-07T18:00:00.110000+00:00,0.00000625,0.0003774741
2026-03-07T19:00:00.003000+00:00,0.00000625,0.0001092945
2026-03-07T20:00:00.010000+00:00,-0.0000090828,-0.0004453247
2026-03-07T21:00:00.135000+00:00,-0.0000202866,-0.0006245859
2026-03-07T22:00:00.082000+00:00,0.00000625,0.0002301529
2026-03-07T23:00:00.068000+00:00,0.00000625,0.0001652897
2026-03-08T00:00:00.002000+00:00,0.00000625,-0.0000900045
2026-03-08T01:00:00.030000+00:00,-0.0000905779,-0.0017492461
2026-03-08T02:00:00.003000+00:00,-0.0001095081,-0.0020521289
2026-03-08T03:00:00.042000+00:00,-0.0000906915,-0.0017510633
2026-03-08T04:00:00.001000+00:00,-0.0001272273,-0.0023356373
2026-03-08T05:00:00.024000+00:00,-0.0001035257,-0.0019564116
2026-03-08T06:00:00.045000+00:00,-0.0000666085,-0.0013657363
2026-03-08T07:00:00.036000+00:00,0.00000625,-0.000119122
2026-03-08T08:00:00.041000+00:00,0.00000625,0.0003809274
2026-03-08T09:00:00.029000+00:00,-0.0000151977,-0.0005431637
2026-03-08T10:00:00.035000+00:00,-0.0000496358,-0.0010941721
2026-03-08T11:00:00.036000+00:00,-0.0000421275,-0.0009740399
2026-03-08T12:00:00.021000+00:00,0.0000175153,0.000580245
2026-03-08T13:00:00.049000+00:00,0.0000731244,0.0014699897
2026-03-08T14:00:00.061000+00:00,-0.0000217567,-0.000648107
2026-03-08T15:00:00.088000+00:00,-0.0000507119,-0.0011113903
2026-03-08T16:00:00.024000+00:00,-0.0000245668,-0.0006930682
2026-03-08T17:00:00.018000+00:00,-0.0000166543,-0.0005664682
2026-03-08T18:00:00.004000+00:00,-0.000033174,-0.0008307841
2026-03-08T19:00:00+00:00,-0.0000567031,-0.0012072491
2026-03-08T20:00:00.074000+00:00,0.00000625,-0.000176896
2026-03-08T21:00:00.003000+00:00,-0.0000385297,-0.0009164752
2026-03-08T22:00:00.038000+00:00,0.00000625,0.0001045603
2026-03-08T23:00:00.057000+00:00,-0.0004599918,-0.007659868
2026-03-09T00:00:00.091000+00:00,-0.0005150944,-0.0085415109
2026-03-09T01:00:00.052000+00:00,-0.0000298916,-0.0007782661
2026-03-09T02:00:00.016000+00:00,-0.0000128248,-0.0005051974
2026-03-09T03:00:00.012000+00:00,-0.0000235674,-0.0006770788
2026-03-09T04:00:00.030000+00:00,0.00000625,0.0003724451
2026-03-09T05:00:00.088000+00:00,-0.0000231596,-0.0006705533
2026-03-09T06:00:00.070000+00:00,-0.0000675245,-0.0013803923
2026-03-09T07:00:00.026000+00:00,-0.0000411107,-0.0009577716
2026-03-09T08:00:00.094000+00:00,-0.0000966167,-0.0018458675
2026-03-09T09:00:00.114000+00:00,-0.0000265233,-0.0007243724
2026-03-09T10:00:00.108000+00:00,-0.0000047973,-0.0003767561
2026-03-09T11:00:00.050000+00:00,0.0000041755,-0.0002331915
2026-03-09T12:00:00.051000+00:00,0.00000625,0.000090504
2026-03-09T13:00:00.073000+00:00,0.000006884,0.0004101445
2026-03-09T14:00:00.061000+00:00,0.0000117624,0.0004881986
2026-03-09T15:00:00.084000+00:00,0.0000203022,0.0006248349
2026-03-09T16:00:00.075000+00:00,0.0000085828,0.0004373241
2026-03-09T17:00:00.049000+00:00,0.0000268368,0.0007293886
2026-03-09T18:00:00.036000+00:00,0.0000331401,0.000830241
2026-03-09T19:00:00.053000+00:00,0.0000323315,0.0008173046
2026-03-09T20:00:00.002000+00:00,0.0000319177,0.000810683
2026-03-09T21:00:00.074000+00:00,0.0000287497,0.0007599944
2026-03-09T22:00:00.010000+00:00,0.0000280306,0.0007484904
2026-03-09T23:00:00.038000+00:00,0.0000241239,0.0006859818
2026-03-10T00:00:00.042000+00:00,0.0000327483,0.0008239734
2026-03-10T01:00:00.084000+00:00,0.0000065647,0.0004050355
2026-03-10T02:00:00.013000+00:00,-0.0000381673,-0.0009106766
2026-03-10T03:00:00.052000+00:00,-0.0000744502,-0.0014912025
2026-03-10T04:00:00.041000+00:00,-0.0000487094,-0.0010793497
2026-03-10T05:00:00.054000+00:00,-0.0000219235,-0.0006507764
2026-03-10T06:00:00.137000+00:00,-0.0000174259,-0.0005788142
2026-03-10T07:00:00.065000+00:00,-0.0000161254,-0.0005580061
2026-03-10T08:00:00.052000+00:00,-0.0000083263,-0.0004332212
2026-03-10T09:00:00.017000+00:00,0.00000625,-0.0000092631
2026-03-10T10:00:00.060000+00:00,0.00000625,0.0001935394
2026-03-10T11:00:00.011000+00:00,0.00000625,0.0003149091
2026-03-10T12:00:00.038000+00:00,0.0000073747,0.0004179959
2026-03-10T13:00:00.061000+00:00,0.000008796,0.0004407355
2026-03-10T14:00:00.027000+00:00,0.0000243121,0.0006889928
2026-03-10T15:00:00.083000+00:00,0.0000190089,0.0006041421
2026-03-10T16:00:00.045000+00:00,0.0000270149,0.0007322387
2026-03-10T17:00:00.004000+00:00,0.0000309577,0.0007953231
2026-03-10T18:00:00.018000+00:00,0.0000129103,0.0005065654
2026-03-10T19:00:00.049000+00:00,0.00000625,0.0003770729
2026-03-10T20:00:00.050000+00:00,0.0000070616,0.000412985
2026-03-10T21:00:00.058000+00:00,0.0000216264,0.000646023
2026-03-10T22:00:00.068000+00:00,0.0000134298,0.0005148762
2026-03-10T23:00:00.061000+00:00,0.00000625,0.0003562564
2026-03-11T00:00:00.088000+00:00,0.00000625,0.0000886564
2026-03-11T01:00:00.002000+00:00,0.00000625,0.0001272812
2026-03-11T02:00:00.098000+00:00,0.00000625,0.0000806783
2026-03-11T03:00:00.016000+00:00,0.00000625,0.000083157
2026-03-11T04:00:00.038000+00:00,0.00000625,0.0002576761
2026-03-11T05:00:00.075000+00:00,0.0000139108,0.0005225731
2026-03-11T06:00:00.135000+00:00,0.000008547,0.0004367525
2026-03-11T07:00:00.014000+00:00,0.00000625,0.0000529279
2026-03-11T08:00:00.056000+00:00,0.00000625,-0.0001290282
2026-03-11T09:00:00.082000+00:00,0.0000166577,0.0005665229
2026-03-11T10:00:00.084000+00:00,0.00000625,0.0003815208
2026-03-11T11:00:00.001000+00:00,0.0000078819,0.0004261102
2026-03-11T12:00:00.013000+00:00,0.00000625,0.000361266
2026-03-11T13:00:00.063000+00:00,0.0000108374,0.0004733979
2026-03-11T14:00:00.004000+00:00,0.0000140229,0.0005243665
2026-03-11T15:00:00.051000+00:00,0.0000191528,0.0006064444
2026-03-11T16:00:00.065000+00:00,0.0000196458,0.000614332
2026-03-11T17:00:00.068000+00:00,0.00000625,0.0003648336
2026-03-11T18:00:00.102000+00:00,0.00000625,0.0003041273
2026-03-11T19:00:00.082000+00:00,0.00000625,0.0002902594
2026-03-11T20:00:00.026000+00:00,0.00000625,0.0003186822
2026-03-11T21:00:00.008000+00:00,0.0000064743,0.0004035891
2026-03-11T22:00:00.035000+00:00,0.00000625,0.000332543
2026-03-11T23:00:00.069000+00:00,0.000034365,0.0008498401
2026-03-12T00:00:00.084000+00:00,0.000017499,0.0005799843
2026-03-12T01:00:00.006000+00:00,0.0000095118,0.0004521886
2026-03-12T02:00:00.080000+00:00,0.0000638185,0.0013210955
2026-03-12T03:00:00.036000+00:00,0.0000443528,0.0010096443
2026-03-12T04:00:00.065000+00:00,0.0000161734,0.0005587737
2026-03-12T05:00:00.094000+00:00,0.00000625,0.0001864422
2026-03-12T06:00:00.108000+00:00,0.00000625,0.0000536686
2026-03-12T07:00:00.046000+00:00,0.00000625,-0.0000203346
2026-03-12T08:00:00.068000+00:00,0.00000625,0.0001722505
2026-03-12T09:00:00.063000+00:00,0.00000625,0.0001173126
2026-03-12T10:00:00.013000+00:00,0.0000156393,0.0005502288
2026-03-12T11:00:00.017000+00:00,0.00000625,0.0003113031
2026-03-12T12:00:00.106000+00:00,0.00000625,0.00036028
2026-03-12T13:00:00.062000+00:00,0.0000109451,0.0004751216
2026-03-12T14:00:00.110000+00:00,0.00000625,0.0003036267
2026-03-12T15:00:00.024000+00:00,0.0000079013,0.0004264211
2026-03-12T16:00:00.064000+00:00,0.0000117032,0.0004872511
2026-03-12T17:00:00.004000+00:00,0.00000625,0.0003886114
2026-03-12T18:00:00.004000+00:00,0.0000099143,0.0004586295
2026-03-12T19:00:00.025000+00:00,0.0000123257,0.0004972114
2026-03-12T20:00:00.165000+00:00,0.0000115223,0.0004843573
2026-03-12T21:00:00.073000+00:00,0.000010849,0.0004735844
2026-03-12T22:00:00.071000+00:00,0.00000625,0.0001746475
2026-03-12T23:00:00.070000+00:00,0.00000625,0.000076422
2026-03-13T00:00:00.061000+00:00,0.00000625,0.0001376356
2026-03-13T01:00:00.032000+00:00,0.0000288449,0.0007615183
2026-03-13T02:00:00.025000+00:00,0.0000126615,0.0005025844
2026-03-13T03:00:00.021000+00:00,0.00000625,0.0002119849
2026-03-13T04:00:00.099000+00:00,0.0000099689,0.0004595021
2026-03-13T05:00:00.089000+00:00,0.00000625,0.0001901569
2026-03-13T06:00:00.064000+00:00,0.00000625,0.0001213958
2026-03-13T07:00:00.082000+00:00,0.00000625,0.0001903654
2026-03-13T08:00:00.016000+00:00,0.0000095061,0.0004520972
2026-03-13T09:00:00.045000+00:00,0.00000625,0.0003456245
2026-03-13T10:00:00.034000+00:00,0.0000160261,0.0005564176
2026-03-13T11:00:00.010000+00:00,0.00000625,0.0003908766
2026-03-13T12:00:00.009000+00:00,0.00000625,0.0002956008
2026-03-13T13:00:00.059000+00:00,0.00000625,0.0003424829
2026-03-13T14:00:00.032000+00:00,0.00000625,0.0002946108
2026-03-13T15:00:00.021000+00:00,0.0000104316,0.0004669053
2026-03-13T16:00:00.051000+00:00,0.0000109419,0.0004750709
2026-03-13T17:00:00.044000+00:00,0.0000126773,0.0005028371
2026-03-13T18:00:00.052000+00:00,0.0000091473,0.0004463568
2026-03-13T19:00:00.006000+00:00,0.0000099255,0.0004588077
2026-03-13T20:00:00.021000+00:00,0.0000116811,0.0004868979
2026-03-13T21:00:00.092000+00:00,0.0000096564,0.0004545029
2026-03-13T22:00:00.005000+00:00,0.0000144185,0.0005306961
2026-03-13T23:00:00.109000+00:00,0.0000106212,0.0004699385
2026-03-14T00:00:00.044000+00:00,0.0000132287,0.000511659
2026-03-14T01:00:00.094000+00:00,0.00000625,-0.0000207291
2026-03-14T02:00:00.100000+00:00,0.0000001464,-0.0002976568
2026-03-14T03:00:00.013000+00:00,-0.0000572718,-0.0012163485
2026-03-14T04:00:00.019000+00:00,-0.0000257444,-0.0007119097
2026-03-14T05:00:00.095000+00:00,-0.0000655127,-0.0013482038
2026-03-14T06:00:00.072000+00:00,-0.0000512947,-0.0011207145
2026-03-14T07:00:00.036000+00:00,-0.0000506663,-0.0011106611
2026-03-14T08:00:00.041000+00:00,-0.0001112559,-0.0020800947
2026-03-14T09:00:00.025000+00:00,-0.0001916682,-0.0033666916
2026-03-14T10:00:00.098000+00:00,-0.0001237573,-0.0022801165
2026-03-14T11:00:00.047000+00:00,-0.0000936482,-0.001798371
2026-03-14T12:00:00.020000+00:00,0.0000305678,0.0007890853
2026-03-14T13:00:00.042000+00:00,0.000036482,0.0008837115
2026-03-14T14:00:00.076000+00:00,0.0000758204,0.0015131266
2026-03-14T15:00:00.009000+00:00,0.0000603211,0.001265137
2026-03-14T16:00:00.100000+00:00,-0.0000373068,-0.0008969081
2026-03-14T17:00:00.061000+00:00,0.00000625,0.0000880708
2026-03-14T18:00:00.018000+00:00,-0.0000441564,-0.001006503
2026-03-14T19:00:00.048000+00:00,-0.0000623808,-0.0012980925
2026-03-14T20:00:00.035000+00:00,-0.0000371501,-0.000894401
2026-03-14T21:00:00.015000+00:00,-0.0000664046,-0.0013624744
2026-03-14T22:00:00.041000+00:00,-0.0000448929,-0.0010182861
2026-03-14T23:00:00.044000+00:00,0.0000085325,0.0004365194
2026-03-15T00:00:00.099000+00:00,0.0000739223,0.0014827562
2026-03-15T01:00:00.102000+00:00,0.0000848306,0.0016572893
2026-03-15T02:00:00.005000+00:00,0.0002896454,0.0049343265
2026-03-15T03:00:00.130000+00:00,0.0003230453,0.0054687247
2026-03-15T04:00:00.040000+00:00,0.0002337913,0.0040406607
2026-03-15T05:00:00.066000+00:00,0.00007557,0.00150912
2026-03-15T06:00:00.010000+00:00,0.0001080949,0.0020295184
2026-03-15T07:00:00.046000+00:00,0.0001599962,0.0028599392
2026-03-15T08:00:00.003000+00:00,0.0000496755,0.0010948072
2026-03-15T09:00:00.067000+00:00,0.0000424565,0.0009793036
2026-03-15T10:00:00.003000+00:00,0.0000471987,0.0010551792
2026-03-15T11:00:00.039000+00:00,0.0000337681,0.0008402899
2026-03-15T12:00:00.060000+00:00,0.0000041317,-0.0002338933
2026-03-15T13:00:00.023000+00:00,0.00000625,-0.0001483723
2026-03-15T14:00:00.023000+00:00,0.00000625,0.0000325241
2026-03-15T15:00:00.084000+00:00,-0.0001023752,-0.0019380025
2026-03-15T16:00:00.034000+00:00,-0.0001119683,-0.0020914935
2026-03-15T17:00:00.036000+00:00,-0.0001053457,-0.0019855311
2026-03-15T18:00:00.003000+00:00,-0.0000219391,-0.0006510249
2026-03-15T19:00:00.127000+00:00,0.000067898,0.001386368
2026-03-15T20:00:00.024000+00:00,0.0000493107,0.0010889704
2026-03-15T21:00:00.083000+00:00,0.0000048845,-0.000221848
2026-03-15T22:00:00.019000+00:00,0.0000307196,0.0007915138
2026-03-15T23:00:00.037000+00:00,0.0001226624,0.0022625985
2026-03-16T00:00:00.090000+00:00,0.000300074,0.0051011842
2026-03-16T01:00:00.002000+00:00,0.0000273768,0.0007380294
2026-03-16T02:00:00.078000+00:00,0.0000124885,0.0004998158
2026-03-16T03:00:00.040000+00:00,0.00000625,0.0003387784
2026-03-16T04:00:00.012000+00:00,0.0000097495,0.0004559923
2026-03-16T05:00:00.021000+00:00,0.000023967,0.0006834727
2026-03-16T06:00:00.092000+00:00,0.0000293018,0.000768829
2026-03-16T07:00:00.033000+00:00,0.0000325226,0.0008203624
2026-03-16T08:00:00.062000+00:00,0.0000550323,0.0011805162
2026-03-16T09:00:00.035000+00:00,0.0000479571,0.0010673143
2026-03-16T10:00:00.042000+00:00,0.0000480005,0.0010680075
2026-03-16T11:00:00.013000+00:00,0.0000501689,0.0011027018
2026-03-16T12:00:00.013000+00:00,0.0000419967,0.0009719471
2026-03-16T13:00:00+00:00,0.0000289381,0.0007630104
2026-03-16T14:00:00.099000+00:00,0.0000174814,0.0005797021
2026-03-16T15:00:00.013000+00:00,0.0000073078,0.0004169242
2026-03-16T16:00:00.033000+00:00,0.00000625,0.0003615197
2026-03-16T17:00:00.023000+00:00,0.00000625,0.0003979959
2026-03-16T18:00:00.045000+00:00,0.00000625,0.0003713983
2026-03-16T19:00:00.080000+00:00,0.0000122851,0.0004965623
2026-03-16T20:00:00.001000+00:00,0.000019016,0.0006042556
2026-03-16T21:00:00.032000+00:00,0.0000216728,0.000646765
2026-03-16T22:00:00+00:00,0.0000307894,0.0007926312
2026-03-16T23:00:00.003000+00:00,0.0000413473,0.0009615561
2026-03-17T00:00:00.034000+00:00,0.0000376012,0.000901619
2026-03-17T01:00:00.045000+00:00,0.0000266595,0.0007265527
2026-03-17T02:00:00.050000+00:00,0.0000420695,0.0009731118
2026-03-17T03:00:00.010000+00:00,0.0000463551,0.0010416812
2026-03-17T04:00:00.073000+00:00,0.0000216009,0.0006456146
2026-03-17T05:00:00.048000+00:00,0.0000157015,0.0005512236
2026-03-17T06:00:00.113000+00:00,0.0000406981,0.00095117
2026-03-17T07:00:00.039000+00:00,0.0000232559,0.0006720947
2026-03-17T08:00:00+00:00,0.0000394219,0.0009307497
2026-03-17T09:00:00.002000+00:00,0.0000529486,0.0011471772
2026-03-17T10:00:00.075000+00:00,0.0000401917,0.0009430671
2026-03-17T11:00:00.115000+00:00,0.0000424368,0.0009789887
2026-03-17T12:00:00.006000+00:00,0.0000320564,0.0008129028
2026-03-17T13:00:00.013000+00:00,0.0000245288,0.0006924603
2026-03-17T14:00:00.047000+00:00,0.0000206493,0.0006303894
2026-03-17T15:00:00.074000+00:00,0.0000227148,0.0006634375
2026-03-17T16:00:00.038000+00:00,0.0000221432,0.0006542913
2026-03-17T17:00:00.054000+00:00,0.0000160904,0.000557446
2026-03-17T18:00:00.071000+00:00,0.0000191155,0.0006058485
2026-03-17T19:00:00.018000+00:00,0.0000338385,0.0008414153
2026-03-17T20:00:00.034000+00:00,0.0000384797,0.0009156749
2026-03-17T21:00:00.072000+00:00,0.0000157145,0.0005514325
2026-03-17T22:00:00.003000+00:00,0.000017688,0.0005830072
2026-03-17T23:00:00.011000+00:00,0.0000235085,0.0006761359
2026-03-18T00:00:00.028000+00:00,0.0000388022,0.0009208349
2026-03-18T01:00:00.016000+00:00,0.000007008,0.0004121272
2026-03-18T02:00:00.026000+00:00,0.00000625,0.0003346139
2026-03-18T03:00:00.060000+00:00,0.00000625,0.0002908172
2026-03-18T04:00:00.054000+00:00,0.0000350342,0.0008605476
2026-03-18T05:00:00.001000+00:00,0.0000336033,0.0008376528
2026-03-18T06:00:00.067000+00:00,0.0000569679,0.0012114861
2026-03-18T07:00:00.033000+00:00,0.0000679802,0.0013876838
2026-03-18T08:00:00.005000+00:00,0.0000523549,0.0011376784
2026-03-18T09:00:00.052000+00:00,0.0000351902,0.0008630439
2026-03-18T10:00:00.037000+00:00,0.0000203184,0.000625095
2026-03-18T11:00:00.025000+00:00,0.0000381528,0.0009104456
2026-03-18T12:00:00.062000+00:00,0.00000625,0.0003196474
2026-03-18T13:00:00.007000+00:00,0.00000625,0.0000388407
2026-03-18T14:00:00.026000+00:00,0.00000625,0.0003556371
2026-03-18T15:00:00.035000+00:00,0.0000214019,0.0006424302
2026-03-18T16:00:00.009000+00:00,0.00000625,0.0003902116
2026-03-18T17:00:00.066000+00:00,0.000011363,0.0004818087
2026-03-18T18:00:00.052000+00:00,0.000012894,0.0005063038
2026-03-18T19:00:00.045000+00:00,0.0000325877,0.0008214031
2026-03-18T20:00:00.055000+00:00,0.0000384857,0.0009157707
2026-03-18T21:00:00.050000+00:00,0.0000079305,0.0004268881
2026-03-18T22:00:00.035000+00:00,0.0000173862,0.0005781792
2026-03-18T23:00:00.040000+00:00,0.0000211938,0.0006391003
2026-03-19T00:00:00.090000+00:00,0.0000295521,0.0007728334
2026-03-19T01:00:00.009000+00:00,0.000053999,0.0011639836
2026-03-19T02:00:00.012000+00:00,0.0000616403,0.0012862448
2026-03-19T03:00:00.041000+00:00,0.0000745053,0.0014920849
2026-03-19T04:00:00.010000+00:00,0.0000662796,0.0013604739
2026-03-19T05:00:00.090000+00:00,0.0000164977,0.0005639628
2026-03-19T06:00:00.052000+00:00,0.0000303793,0.0007860688
2026-03-19T07:00:00.107000+00:00,0.0000881741,0.0017107862
2026-03-19T08:00:00.064000+00:00,0.000079727,0.0015756325
2026-03-19T09:00:00.026000+00:00,0.0000308009,0.0007928143
2026-03-19T10:00:00.123000+00:00,0.0000249533,0.0006992522
2026-03-19T11:00:00.052000+00:00,0.0000366531,0.0008864492
2026-03-19T12:00:00.006000+00:00,0.0000337778,0.0008404449
2026-03-19T13:00:00.045000+00:00,0.0000275068,0.0007401082
2026-03-19T14:00:00.059000+00:00,0.0000664494,0.0013631907
2026-03-19T15:00:00.002000+00:00,0.0000585531,0.0012368492
2026-03-19T16:00:00.031000+00:00,0.0000393838,0.0009301409
2026-03-19T17:00:00.011000+00:00,0.0000441876,0.0010070023
2026-03-19T18:00:00.049000+00:00,0.0000195542,0.0006128674
2026-03-19T19:00:00.024000+00:00,0.0000193188,0.0006091007
2026-03-19T20:00:00.037000+00:00,0.0000161517,0.0005584274
2026-03-19T21:00:00.022000+00:00,0.0000259296,0.0007148742
2026-03-19T22:00:00.001000+00:00,0.0000338412,0.0008414594
2026-03-19T23:00:00.001000+00:00,0.0000491897,0.0010870356
2026-03-20T00:00:00.103000+00:00,0.000055204,0.0011832646
2026-03-20T01:00:00.073000+00:00,0.0000603202,0.001265123
2026-03-20T02:00:00.053000+00:00,0.0000583655,0.0012338487
2026-03-20T03:00:00.072000+00:00,0.0000510272,0.0011164346
2026-03-20T04:00:00.004000+00:00,0.0000420687,0.0009730997
2026-03-20T05:00:00.107000+00:00,0.0000435196,0.0009963138
2026-03-20T06:00:00.096000+00:00,0.0000425227,0.0009803625
2026-03-20T07:00:00.012000+00:00,0.0000525625,0.0011409999
2026-03-20T08:00:00.003000+00:00,0.0000501364,0.0011021826
2026-03-20T09:00:00.021000+00:00,0.000050168,0.0011026874
2026-03-20T10:00:00.063000+00:00,0.0000417977,0.0009687637
2026-03-20T11:00:00.048000+00:00,0.0000167551,0.0005680823
2026-03-20T12:00:00.087000+00:00,0.0000341116,0.000845785
2026-03-20T13:00:00.148000+00:00,0.0000097279,0.0004556468
2026-03-20T14:00:00.115000+00:00,0.0000183534,0.000593655
2026-03-20T15:00:00.034000+00:00,0.0000232068,0.0006713086
2026-03-20T16:00:00.074000+00:00,0.0000360128,0.0008762044
2026-03-20T17:00:00.075000+00:00,0.0000353012,0.0008648188
2026-03-20T18:00:00.035000+00:00,0.0000383729,0.0009139663
2026-03-20T19:00:00.044000+00:00,0.0000469144,0.0010506297
2026-03-20T20:00:00.034000+00:00,0.0000485906,0.001077449
2026-03-20T21:00:00.007000+00:00,0.0000173901,0.000578242
2026-03-20T22:00:00+00:00,0.0000220141,0.000652225
2026-03-20T23:00:00.047000+00:00,0.0000300845,0.0007813528
2026-03-21T00:00:00.093000+00:00,0.0000300307,0.0007804915
2026-03-21T01:00:00.011000+00:00,0.00000625,0.0002821202
2026-03-21T02:00:00.032000+00:00,0.00000625,0.0003532854
2026-03-21T03:00:00.013000+00:00,0.00000625,0.0002697743
2026-03-21T04:00:00.040000+00:00,0.0000105877,0.0004694025
2026-03-21T05:00:00.041000+00:00,0.0000280704,0.0007491265
2026-03-21T06:00:00.066000+00:00,-0.0000151168,-0.0005418682
2026-03-21T07:00:00.010000+00:00,-0.0000175259,-0.0005804146
2026-03-21T08:00:00.075000+00:00,0.0000782202,0.0015515235
2026-03-21T09:00:00.064000+00:00,0.0001840063,0.0032441006
2026-03-21T10:00:00+00:00,0.0001399408,0.0025390529
2026-03-21T11:00:00.008000+00:00,0.0000436435,0.0009982956
2026-03-21T12:00:00.094000+00:00,0.0000402731,0.0009443696
2026-03-21T13:00:00.015000+00:00,0.0000079509,0.0004272147
2026-03-21T14:00:00.045000+00:00,0.00000625,0.0003504181
2026-03-21T15:00:00.051000+00:00,0.0001148565,0.0021377033
2026-03-21T16:00:00.039000+00:00,0.0000683604,0.0013937663
2026-03-21T17:00:00.032000+00:00,0.00000625,0.0002470831
2026-03-21T18:00:00.020000+00:00,-0.0001244223,-0.0022907573
2026-03-21T19:00:00.057000+00:00,0.00000625,-0.0000317447
2026-03-21T20:00:00.073000+00:00,0.0000148243,0.0005371894
2026-03-21T21:00:00.086000+00:00,0.0000800926,0.001581481
2026-03-21T22:00:00.004000+00:00,-0.0000401475,-0.0009423607
2026-03-21T23:00:00.026000+00:00,-0.0001364053,-0.0024824849
2026-03-22T00:00:00.042000+00:00,-0.0002383707,-0.0041139315
2026-03-22T01:00:00.020000+00:00,-0.0004825664,-0.0080210629
2026-03-22T02:00:00.085000+00:00,-0.0003284219,-0.00555475
2026-03-22T03:00:00.085000+00:00,-0.0003217061,-0.0054472982
2026-03-22T04:00:00.007000+00:00,-0.000318509,-0.0053961442
2026-03-22T05:00:00.062000+00:00,-0.0002506116,-0.0043097856
2026-03-22T06:00:00.062000+00:00,-0.0002170046,-0.003772074
2026-03-22T07:00:00.088000+00:00,-0.0002274955,-0.0039399287
2026-03-22T08:00:00.050000+00:00,-0.0002398221,-0.0041371534
2026-03-22T09:00:00.062000+00:00,-0.0002596468,-0.0044543487
2026-03-22T10:00:00.003000+00:00,-0.0000761958,-0.0015191322
2026-03-22T11:00:00.044000+00:00,-0.0001766413,-0.0031262612
2026-03-22T12:00:00.049000+00:00,-0.0001943728,-0.0034099644
2026-03-22T13:00:00.046000+00:00,-0.0002446767,-0.0042148276
2026-03-22T14:00:00.011000+00:00,-0.0002408392,-0.0041534279
2026-03-22T15:00:00.042000+00:00,-0.0001864146,-0.0032826342
2026-03-22T16:00:00.021000+00:00,-0.0001998419,-0.0034974707
2026-03-22T17:00:00.006000+00:00,-0.0001589697,-0.0028435156
2026-03-22T18:00:00.081000+00:00,-0.0001242696,-0.0022883144
2026-03-22T19:00:00.039000+00:00,-0.0001862162,-0.003279459
2026-03-22T20:00:00.048000+00:00,-0.0002118198,-0.0036891162
2026-03-22T21:00:00.082000+00:00,-0.0001706055,-0.0030296886
2026-03-22T22:00:00.090000+00:00,-0.0001585034,-0.0028360542
2026-03-22T23:00:00.049000+00:00,-0.0001584214,-0.0028347429
2026-03-23T00:00:00.261000+00:00,-0.0000854531,-0.001667249
2026-03-23T01:00:00.069000+00:00,0.0000732568,0.001472109
2026-03-23T02:00:00.040000+00:00,-0.0000052246,-0.0003835929
2026-03-23T03:00:00.111000+00:00,-0.000013317,-0.0005130718
2026-03-23T04:00:00.086000+00:00,-0.0000144613,-0.0005313803
2026-03-23T05:00:00.014000+00:00,-0.0000142846,-0.0005285544
2026-03-23T06:00:00.068000+00:00,-0.0000055273,-0.0003884362
2026-03-23T07:00:00.043000+00:00,-0.0000063522,-0.0004016348
2026-03-23T08:00:00.066000+00:00,-0.0000062339,-0.0003997419
2026-03-23T09:00:00.071000+00:00,0.0000104377,0.0004670028
2026-03-23T10:00:00.081000+00:00,0.0000162888,0.0005606209
2026-03-23T11:00:00.004000+00:00,0.0000182884,0.0005926151
2026-03-23T12:00:00.045000+00:00,0.0000357063,0.0008713014
2026-03-23T13:00:00.056000+00:00,0.0000332301,0.0008316823
2026-03-23T14:00:00.053000+00:00,0.0000110355,0.0004765686
2026-03-23T15:00:00.071000+00:00,0.0000128656,0.0005058501
2026-03-23T16:00:00.048000+00:00,0.0000217139,0.0006474232
2026-03-23T17:00:00.080000+00:00,0.0000171028,0.0005736447
2026-03-23T18:00:00.041000+00:00,0.0000156517,0.0005504268
2026-03-23T19:00:00.054000+00:00,0.0000178233,0.0005851735
2026-03-23T20:00:00.019000+00:00,0.0000184312,0.0005948993
2026-03-23T21:00:00.090000+00:00,0.0000140254,0.0005244059
2026-03-23T22:00:00.162000+00:00,0.0000198205,0.0006171277
2026-03-23T23:00:00.056000+00:00,0.0000177305,0.0005836887
2026-03-24T00:00:00.027000+00:00,0.0000155102,0.0005481634
2026-03-24T01:00:00.082000+00:00,0.00000625,0.000396812
2026-03-24T02:00:00.034000+00:00,0.00000625,0.0003605347
2026-03-24T03:00:00+00:00,0.00000625,0.0003154731
2026-03-24T04:00:00.016000+00:00,0.00000625,0.0003332649
2026-03-24T05:00:00.079000+00:00,0.000009929,0.0004588646
2026-03-24T06:00:00.003000+00:00,0.00000625,0.000320119
2026-03-24T07:00:00.088000+00:00,0.0000088062,0.0004408996
2026-03-24T08:00:00.033000+00:00,0.0000156365,0.0005501835
2026-03-24T09:00:00.051000+00:00,0.0000195053,0.0006120848
2026-03-24T10:00:00.105000+00:00,0.0000506211,0.0011099377
2026-03-24T11:00:00.045000+00:00,0.0000554625,0.0011874006
2026-03-24T12:00:00.096000+00:00,0.0000375497,0.0009007955
2026-03-24T13:00:00.028000+00:00,0.0000263259,0.0007212146
2026-03-24T14:00:00.089000+00:00,0.0000196901,0.0006150417
2026-03-24T15:00:00.033000+00:00,0.0000195563,0.0006129011
2026-03-24T16:00:00.039000+00:00,0.0000276021,0.0007416341
2026-03-24T17:00:00.061000+00:00,0.0000799374,0.0015789983
2026-03-24T18:00:00.062000+00:00,0.0000535203,0.0011563254
2026-03-24T19:00:00.040000+00:00,0.0000366033,0.0008856536
2026-03-24T20:00:00.058000+00:00,0.0000506234,0.0011099739
2026-03-24T21:00:00.159000+00:00,0.0000420556,0.0009728899
2026-03-24T22:00:00.052000+00:00,0.0000323337,0.0008173395
2026-03-24T23:00:00.069000+00:00,0.0000396932,0.0009350907
2026-03-25T00:00:00.048000+00:00,0.0000651948,0.0013431167
2026-03-25T01:00:00.110000+00:00,0.0000796403,0.0015742453
2026-03-25T02:00:00.086000+00:00,0.0000791064,0.0015657024
2026-03-25T03:00:00.069000+00:00,0.0000685166,0.0013962652
2026-03-25T04:00:00.059000+00:00,0.0000458307,0.0010332912
2026-03-25T05:00:00.076000+00:00,0.0000354926,0.0008678822
2026-03-25T06:00:00.043000+00:00,0.0000227086,0.0006633382
2026-03-25T07:00:00.053000+00:00,0.0000157137,0.0005514188
2026-03-25T08:00:00.007000+00:00,0.0000115857,0.0004853715
2026-03-25T09:00:00.057000+00:00,0.0000585405,0.0012366486
2026-03-25T10:00:00.090000+00:00,0.0000592416,0.0012478659
2026-03-25T11:00:00.018000+00:00,0.0000681835,0.001390936
2026-03-25T12:00:00.038000+00:00,0.000054538,0.0011726079
2026-03-25T13:00:00.032000+00:00,0.0000421599,0.0009745588
2026-03-25T14:00:00.041000+00:00,0.0000275257,0.000740412
2026-03-25T15:00:00.062000+00:00,0.000035629,0.0008700638
2026-03-25T16:00:00.052000+00:00,0.0000473073,0.0010569168
2026-03-25T17:00:00.022000+00:00,0.0000473319,0.0010573107
2026-03-25T18:00:00.075000+00:00,0.0000454035,0.0010264556
2026-03-25T19:00:00.037000+00:00,0.0000388958,0.0009223323
2026-03-25T20:00:00.025000+00:00,0.0000453286,0.0010252572
2026-03-25T21:00:00.066000+00:00,0.0000425988,0.0009815803
2026-03-25T22:00:00.023000+00:00,0.0000463861,0.0010421776
2026-03-25T23:00:00.072000+00:00,0.0000336192,0.0008379074
2026-03-26T00:00:00.035000+00:00,0.0000212033,0.0006392534
2026-03-26T01:00:00.006000+00:00,0.0000350469,0.0008607508
2026-03-26T02:00:00.139000+00:00,0.0000374987,0.0008999787
2026-03-26T03:00:00.114000+00:00,0.0000364156,0.0008826498
2026-03-26T04:00:00.110000+00:00,0.0000397553,0.0009360852
2026-03-26T05:00:00.097000+00:00,0.0000446037,0.0010136594
2026-03-26T06:00:00.014000+00:00,0.0000465673,0.0010450771
2026-03-26T07:00:00.009000+00:00,0.000039422,0.0009307522
2026-03-26T08:00:00.094000+00:00,0.0000307168,0.0007914695
2026-03-26T09:00:00.075000+00:00,0.0000236941,0.0006791056
2026-03-26T10:00:00.001000+00:00,0.0000224963,0.0006599404
2026-03-26T11:00:00.072000+00:00,0.000038386,0.0009141763
2026-03-26T12:00:00.020000+00:00,0.0000357138,0.0008714211
2026-03-26T13:00:00.078000+00:00,0.0000237215,0.0006795445
2026-03-26T14:00:00.066000+00:00,0.0000449462,0.0010191385
2026-03-26T15:00:00.018000+00:00,0.0000568214,0.001209142
2026-03-26T16:00:00.055000+00:00,0.0000557316,0.0011917064
2026-03-26T17:00:00.026000+00:00,0.0000525398,0.0011406369
2026-03-26T18:00:00.030000+00:00,0.0000522793,0.001136469
2026-03-26T19:00:00.003000+00:00,0.000045652,0.0010304316
2026-03-26T20:00:00.077000+00:00,0.0000471289,0.0010540625
2026-03-26T21:00:00.031000+00:00,0.0000591233,0.0012459728
2026-03-26T22:00:00.068000+00:00,0.0000425062,0.0009800996
2026-03-26T23:00:00.071000+00:00,0.0000242418,0.0006878681
2026-03-27T00:00:00.013000+00:00,0.00000625,0.000399393
2026-03-27T01:00:00.004000+00:00,0.0000821114,0.0016137831
2026-03-27T02:00:00.007000+00:00,0.0000871658,0.0016946522
2026-03-27T03:00:00.045000+00:00,0.0000776766,0.0015428258
2026-03-27T04:00:00.027000+00:00,0.0000742852,0.0014885625
2026-03-27T05:00:00.055000+00:00,0.0000545813,0.001173301
2026-03-27T06:00:00.021000+00:00,0.0000561602,0.0011985632
2026-03-27T07:00:00.047000+00:00,0.0000772062,0.0015352995
2026-03-27T08:00:00.042000+00:00,0.0000574142,0.0012186279
2026-03-27T09:00:00.078000+00:00,0.0000550601,0.001180961
2026-03-27T10:00:00.011000+00:00,0.000059321,0.0012491352
2026-03-27T11:00:00.056000+00:00,0.0000593479,0.0012495668
2026-03-27T12:00:00.073000+00:00,0.00000625,-0.0000205469
2026-03-27T13:00:00.020000+00:00,0.00000625,0.0001776988
2026-03-27T14:00:00.027000+00:00,0.0000176069,0.0005817102
2026-03-27T15:00:00.082000+00:00,0.0000124179,0.0004986869
2026-03-27T16:00:00.069000+00:00,0.0000285543,0.0007568695
2026-03-27T17:00:00.063000+00:00,0.0000147452,0.0005359225
2026-03-27T18:00:00.018000+00:00,0.0000174139,0.0005786225
2026-03-27T19:00:00.017000+00:00,0.0000537594,0.0011601497
2026-03-27T20:00:00.043000+00:00,0.0000471794,0.0010548697
2026-03-27T21:00:00.064000+00:00,0.0000507978,0.0011127655
2026-03-27T22:00:00.044000+00:00,0.0000233592,0.000673748
2026-03-27T23:00:00.008000+00:00,0.00000625,0.0003623189
2026-03-28T00:00:00.062000+00:00,0.00000625,0.0003622629
2026-03-28T01:00:00.004000+00:00,0.0000238556,0.0006816895
2026-03-28T02:00:00.051000+00:00,-0.0002191414,-0.0038062627
2026-03-28T03:00:00.023000+00:00,-0.0001428477,-0.0025855634
2026-03-28T04:00:00.106000+00:00,0.0000564438,0.0012031016
2026-03-28T05:00:00.055000+00:00,0.0000334472,0.0008351556
2026-03-28T06:00:00.067000+00:00,0.000266795,0.0045687196
2026-03-28T07:00:00.039000+00:00,0.0002257434,0.0039118946
2026-03-28T08:00:00.007000+00:00,0.0000906293,0.0017500695
2026-03-28T09:00:00.008000+00:00,0.00000625,-0.0000033777
2026-03-28T10:00:00.014000+00:00,-0.0000859801,-0.0016756819
2026-03-28T11:00:00.095000+00:00,-0.0000663523,-0.0013616361
2026-03-28T12:00:00.014000+00:00,-0.0000651424,-0.0013422778
2026-03-28T13:00:00.013000+00:00,-0.000086898,-0.0016903682
2026-03-28T14:00:00.047000+00:00,0.0000828611,0.0016257774
2026-03-28T15:00:00.042000+00:00,0.0002049478,0.0035791653
2026-03-28T16:00:00.047000+00:00,0.0001676137,0.0029818193
2026-03-28T17:00:00.074000+00:00,0.0000894942,0.0017319074
2026-03-28T18:00:00.070000+00:00,0.000050548,0.0011087672
2026-03-28T19:00:00.007000+00:00,0.000096036,0.0018365755
2026-03-28T20:00:00.075000+00:00,0.0000573708,0.0012179325
2026-03-28T21:00:00.036000+00:00,0.000016995,0.0005719204
2026-03-28T22:00:00.009000+00:00,0.0000661204,0.0013579271
2026-03-28T23:00:00.040000+00:00,0.0001769635,0.0031314155
2026-03-29T00:00:00.085000+00:00,0.0000884363,0.0017149801
2026-03-29T01:00:00.068000+00:00,0.00000625,0.0002578669
2026-03-29T02:00:00.040000+00:00,0.00000625,-0.0001992435
2026-03-29T03:00:00.050000+00:00,0.00000625,0.0001083354
2026-03-29T04:00:00.034000+00:00,0.00000625,0.0001078042
2026-03-29T05:00:00.054000+00:00,0.0000110114,0.0004761825
2026-03-29T06:00:00.017000+00:00,-0.0000026875,-0.0003430006
2026-03-29T07:00:00.047000+00:00,0.0000008076,-0.0002870779
2026-03-29T08:00:00.033000+00:00,0.00000625,-0.0000013744
2026-03-29T09:00:00.036000+00:00,0.00000625,-0.0000264779
2026-03-29T10:00:00.121000+00:00,0.00000625,-0.0000091823
2026-03-29T11:00:00.002000+00:00,0.00000625,-0.0001366262
2026-03-29T12:00:00.067000+00:00,0.00000625,0.0001040811
2026-03-29T13:00:00.056000+00:00,0.00000625,-0.0000404404
2026-03-29T14:00:00.026000+00:00,0.00000625,-0.000043476
2026-03-29T15:00:00.057000+00:00,-0.0001757969,-0.0031127498
2026-03-29T16:00:00.029000+00:00,-0.0001463091,-0.002640946
2026-03-29T17:00:00.011000+00:00,-0.0001451113,-0.00262178
2026-03-29T18:00:00.092000+00:00,-0.0001504795,-0.0027076715
2026-03-29T19:00:00.066000+00:00,-0.0001043801,-0.0019700814
2026-03-29T20:00:00.062000+00:00,-0.0000116673,-0.0004866775
2026-03-29T21:00:00.026000+00:00,0.0000101514,0.0004624222
2026-03-29T22:00:00.013000+00:00,-0.0000672424,-0.0013758784
2026-03-29T23:00:00.096000+00:00,0.00000625,0.0001544043
2026-03-30T00:00:00.038000+00:00,0.00000625,0.0003098261
2026-03-30T01:00:00.030000+00:00,0.00000625,0.0003481716
2026-03-30T02:00:00.054000+00:00,0.0000582658,0.0012322528
2026-03-30T03:00:00.013000+00:00,0.0000944822,0.001811715
2026-03-30T04:00:00.074000+00:00,0.0000998571,0.001897713
2026-03-30T05:00:00.056000+00:00,0.000070989,0.0014358233
2026-03-30T06:00:00.089000+00:00,-0.000038553,-0.0009168477
2026-03-30T07:00:00.043000+00:00,-0.0000375722,-0.0009011559
2026-03-30T08:00:00.192000+00:00,0.00000625,0.0000732079
2026-03-30T09:00:00.039000+00:00,0.00000625,0.0001253398
2026-03-30T10:00:00.052000+00:00,0.0000109871,0.000475794
2026-03-30T11:00:00.059000+00:00,0.0000186469,0.00059835
2026-03-30T12:00:00.038000+00:00,0.0000310416,0.0007966652
2026-03-30T13:00:00.031000+00:00,0.0000337335,0.0008397359
2026-03-30T14:00:00.046000+00:00,0.0000204882,0.0006278104
2026-03-30T15:00:00.019000+00:00,0.0000157275,0.0005516402
2026-03-30T16:00:00.071000+00:00,0.0000430716,0.000989145
2026-03-30T17:00:00.108000+00:00,0.0000531229,0.0011499671
2026-03-30T18:00:00.051000+00:00,0.0000734318,0.0014749093
2026-03-30T19:00:00.085000+00:00,0.0000779179,0.001546687
2026-03-30T20:00:00.055000+00:00,0.0000776869,0.0015429901
2026-03-30T21:00:00.095000+00:00,0.0000752986,0.0015047775
2026-03-30T22:00:00.021000+00:00,0.0000765789,0.0015252631
2026-03-30T23:00:00.066000+00:00,0.0000429614,0.0009873829
2026-03-31T00:00:00.016000+00:00,0.0000218864,0.0006501831
2026-03-31T01:00:00.038000+00:00,0.00000625,0.0002698277
2026-03-31T02:00:00.066000+00:00,0.00000625,0.000198933
2026-03-31T03:00:00.092000+00:00,0.00000625,0.0002195589
2026-03-31T04:00:00.073000+00:00,0.00000625,0.0001793581
2026-03-31T05:00:00.062000+00:00,0.00000625,0.000194273
2026-03-31T06:00:00.022000+00:00,0.00000625,0.0002904511
2026-03-31T07:00:00.045000+00:00,0.0000598004,0.001256807
2026-03-31T08:00:00+00:00,0.0000666306,0.0013660903
2026-03-31T09:00:00.056000+00:00,0.0000660588,0.0013569412
2026-03-31T10:00:00.021000+00:00,0.0000767925,0.0015286807
2026-03-31T11:00:00.032000+00:00,0.0000727927,0.001464684
2026-03-31T12:00:00.073000+00:00,0.0000761078,0.0015177251
2026-03-31T13:00:00.030000+00:00,0.0000730846,0.0014693539
2026-03-31T14:00:00.038000+00:00,0.0000943996,0.0018103939
2026-03-31T15:00:00.043000+00:00,0.0000816643,0.0016066293
2026-03-31T16:00:00.025000+00:00,0.000100124,0.0019019837
2026-03-31T17:00:00.030000+00:00,0.0000994888,0.0018918212
2026-03-31T18:00:00.007000+00:00,0.0000959635,0.0018354155
2026-03-31T19:00:00.051000+00:00,0.000077748,0.0015439674
2026-03-31T20:00:00.039000+00:00,0.0000919721,0.0017715534
2026-03-31T21:00:00.026000+00:00,0.0000932001,0.0017912021
2026-03-31T22:00:00.046000+00:00,0.0000744085,0.0014905364
2026-03-31T23:00:00.029000+00:00,0.0000739727,0.0014835639
2026-04-01T00:00:00.068000+00:00,0.0000871485,0.001694376
2026-04-01T01:00:00.022000+00:00,0.0000690651,0.0014050423
2026-04-01T02:00:00.050000+00:00,0.0000768894,0.0015302302
2026-04-01T03:00:00.044000+00:00,0.0000691229,0.0014059667
2026-04-01T04:00:00.042000+00:00,0.0000646142,0.0013338275
2026-04-01T05:00:00.057000+00:00,0.0000509819,0.0011157101
2026-04-01T06:00:00.051000+00:00,0.000075198,0.0015031677
2026-04-01T07:00:00.039000+00:00,0.000125928,0.0023148485
2026-04-01T08:00:00.062000+00:00,0.0001348452,0.0024575234
2026-04-01T09:00:00.046000+00:00,0.0000851918,0.0016630693
2026-04-01T10:00:00.050000+00:00,0.0000640358,0.0013245731
2026-04-01T11:00:00.068000+00:00,0.0000686776,0.0013988411
2026-04-01T12:00:00.081000+00:00,0.0000797713,0.0015763413
2026-04-01T13:00:00.011000+00:00,0.0000712211,0.0014395379
2026-04-01T14:00:00.131000+00:00,0.0000517054,0.001127287
2026-04-01T15:00:00.029000+00:00,0.0000310016,0.000796025
2026-04-01T16:00:00.078000+00:00,0.0000093327,0.0004493231
2026-04-01T17:00:00.076000+00:00,0.00000625,0.0003177511
2026-04-01T18:00:00.071000+00:00,0.00000625,0.0002649727
2026-04-01T19:00:00.017000+00:00,0.00000625,0.000059797
2026-04-01T20:00:00.045000+00:00,0.00000625,0.0001000058
2026-04-01T21:00:00.041000+00:00,0.00000625,0.0003566701
2026-04-01T22:00:00.030000+00:00,0.00000625,0.0001959227
2026-04-01T23:00:00.042000+00:00,0.00000625,0.0002946334
2026-04-02T00:00:00.177000+00:00,0.00000625,0.0002103637
2026-04-02T01:00:00.004000+00:00,0.00000625,0.0000765012
2026-04-02T02:00:00.060000+00:00,-0.0000194882,-0.0006118118
2026-04-02T03:00:00.041000+00:00,-0.0000029587,-0.0003473385
2026-04-02T04:00:00.059000+00:00,0.0000943806,0.0018100892
2026-04-02T05:00:00.030000+00:00,0.0001060677,0.0019970832
2026-04-02T06:00:00.039000+00:00,0.0001256374,0.0023101986
2026-04-02T07:00:00.070000+00:00,0.0000857997,0.0016727954
2026-04-02T08:00:00.129000+00:00,0.0001009925,0.0019158804
2026-04-02T09:00:00.026000+00:00,0.0000524022,0.0011384359
2026-04-02T10:00:00.051000+00:00,0.0000419999,0.0009719981
2026-04-02T11:00:00.014000+00:00,0.0000331561,0.0008304983
2026-04-02T12:00:00.021000+00:00,0.0000347145,0.0008554316
2026-04-02T13:00:00.075000+00:00,0.0000460669,0.0010370703
2026-04-02T14:00:00.049000+00:00,0.00004724,0.0010558406
2026-04-02T15:00:00.065000+00:00,0.0000472981,0.0010567698
2026-04-02T16:00:00.040000+00:00,0.0000414644,0.0009634303
2026-04-02T17:00:00.022000+00:00,0.0000258492,0.000713587
2026-04-02T18:00:00.037000+00:00,0.000029629,0.0007740647
2026-04-02T19:00:00.006000+00:00,0.0000299273,0.0007788369
2026-04-02T20:00:00.023000+00:00,0.000036523,0.0008843687
2026-04-02T21:00:00.131000+00:00,0.0000514543,0.0011232692
2026-04-02T22:00:00.013000+00:00,0.0000462376,0.0010398023
2026-04-02T23:00:00.004000+00:00,0.0000275383,0.0007406122
2026-04-03T00:00:00.021000+00:00,0.0000199783,0.0006196524
2026-04-03T01:00:00.043000+00:00,0.0000422676,0.0009762809
2026-04-03T02:00:00.023000+00:00,-0.000005016,-0.0003802564
2026-04-03T03:00:00.048000+00:00,-0.0000563692,-0.0012019064
2026-04-03T04:00:00.039000+00:00,-0.0000528372,-0.0011453945
2026-04-03T05:00:00.086000+00:00,-0.0000470434,-0.001052695
2026-04-03T06:00:00.049000+00:00,0.00000625,-0.0001677624
2026-04-03T07:00:00.028000+00:00,-0.0000307116,-0.0007913861
2026-04-03T08:00:00.069000+00:00,-0.0000941169,-0.001805871
2026-04-03T09:00:00.054000+00:00,0.00000625,-0.0000366723
2026-04-03T10:00:00.043000+00:00,0.00000625,0.0003434606
2026-04-03T11:00:00.041000+00:00,0.0000080401,0.0004286415
2026-04-03T12:00:00.031000+00:00,0.00000625,0.0002162946
2026-04-03T13:00:00.058000+00:00,0.0000109302,0.0004748831
2026-04-03T14:00:00.001000+00:00,-0.0000333364,-0.0008333828
2026-04-03T15:00:00.044000+00:00,0.00000625,-0.0000587883
2026-04-03T16:00:00.033000+00:00,-0.0000606352,-0.0012701627
2026-04-03T17:00:00.040000+00:00,-0.000028477,-0.0007556326
2026-04-03T18:00:00.069000+00:00,-0.0000741687,-0.0014866994
2026-04-03T19:00:00.026000+00:00,-0.0001049769,-0.0019796305
2026-04-03T20:00:00.036000+00:00,0.00000625,0.0003637828
2026-04-03T21:00:00.048000+00:00,0.0000409656,0.0009554492
2026-04-03T22:00:00.031000+00:00,0.0000569514,0.0012112224
2026-04-03T23:00:00.039000+00:00,0.0000321295,0.000814072
2026-04-04T00:00:00.063000+00:00,0.0000253879,0.0007062058
2026-04-04T01:00:00.014000+00:00,0.00000625,0.0003671173
2026-04-04T02:00:00.021000+00:00,-0.0000307177,-0.0007914834
2026-04-04T03:00:00.064000+00:00,0.00000625,-0.0001134425
2026-04-04T04:00:00.011000+00:00,0.00000625,0.0002394083
2026-04-04T05:00:00.063000+00:00,-0.0000824091,-0.001618546
2026-04-04T06:00:00.057000+00:00,-0.0000282546,-0.0007520737
2026-04-04T07:00:00.051000+00:00,-0.0000032506,-0.0003520093
2026-04-04T08:00:00.033000+00:00,0.00000625,-0.0000562955
2026-04-04T09:00:00.008000+00:00,-0.0000016131,-0.0003258102
2026-04-04T10:00:00.029000+00:00,0.0000006566,-0.0002894944
2026-04-04T11:00:00.050000+00:00,-0.0000031369,-0.0003501907
2026-04-04T12:00:00.009000+00:00,0.0000056696,-0.0002092864
2026-04-04T13:00:00.107000+00:00,-0.0000135918,-0.0005174695
2026-04-04T14:00:00.065000+00:00,0.00000625,0.0000973976
2026-04-04T15:00:00.008000+00:00,0.00000625,-0.0001598237
2026-04-04T16:00:00.038000+00:00,0.00000625,-0.0000353978
2026-04-04T17:00:00.041000+00:00,0.00000625,0.000371819
2026-04-04T18:00:00.064000+00:00,0.00000625,0.0002408795
2026-04-04T19:00:00.012000+00:00,0.00000625,-0.0001100342
2026-04-04T20:00:00.063000+00:00,0.00000625,0.0001005598
2026-04-04T21:00:00.037000+00:00,0.0000010588,-0.0002830599
2026-04-04T22:00:00.032000+00:00,0.00000625,0.000023392
2026-04-04T23:00:00.014000+00:00,0.00000625,-0.0000504797
2026-04-05T00:00:00.047000+00:00,0.00000625,0.0003988811
2026-04-05T01:00:00.058000+00:00,0.0000168127,0.0005690031
2026-04-05T02:00:00.058000+00:00,0.0000003192,-0.000294892
2026-04-05T03:00:00.014000+00:00,-0.0000140359,-0.0005245743
2026-04-05T04:00:00.022000+00:00,-0.0000159473,-0.0005551568
2026-04-05T05:00:00.024000+00:00,0.00000625,-0.0000568703
2026-04-05T06:00:00.051000+00:00,-0.0000773729,-0.0015379665
2026-04-05T07:00:00.048000+00:00,-0.0000854962,-0.0016679386
2026-04-05T08:00:00.066000+00:00,-0.0000288389,-0.0007614221
2026-04-05T09:00:00.017000+00:00,0.00000625,0.0001384803
2026-04-05T10:00:00.017000+00:00,0.0000453809,0.0010260944
2026-04-05T11:00:00.024000+00:00,0.0000112098,0.0004793573
2026-04-05T12:00:00.017000+00:00,-0.0000087744,-0.0004403907
2026-04-05T13:00:00.047000+00:00,-0.0000411097,-0.0009577553
2026-04-05T14:00:00.057000+00:00,-0.0000355726,-0.0008691623
2026-04-05T15:00:00.081000+00:00,-0.0000443706,-0.0010099293
2026-04-05T16:00:00.031000+00:00,0.000053457,0.0011553126
2026-04-05T17:00:00.049000+00:00,0.0001403663,0.0025458601
2026-04-05T18:00:00.042000+00:00,0.0000481139,0.0010698224
2026-04-05T19:00:00.041000+00:00,0.000097581,0.0018612961
2026-04-05T20:00:00.030000+00:00,0.0001254015,0.0023064243
2026-04-05T21:00:00.003000+00:00,0.0000817314,0.0016077021
2026-04-05T22:00:00.060000+00:00,0.0001010061,0.0019160977
2026-04-05T23:00:00.020000+00:00,-0.0001716803,-0.0030468852
2026-04-06T00:00:00.029000+00:00,-0.0000791653,-0.0015666449
2026-04-06T01:00:00.040000+00:00,0.00000625,0.0002620405
2026-04-06T02:00:00+00:00,0.00000625,0.0002474686
2026-04-06T03:00:00.049000+00:00,0.000023394,0.000674304
2026-04-06T04:00:00.002000+00:00,0.0000518305,0.0011292879
2026-04-06T05:00:00.047000+00:00,0.0000611775,0.0012788406
2026-04-06T06:00:00.025000+00:00,0.0000698118,0.0014169881
2026-04-06T07:00:00.064000+00:00,0.0000607795,0.0012724716
2026-04-06T08:00:00.053000+00:00,0.0000427991,0.0009847852
2026-04-06T09:00:00.012000+00:00,0.00003515,0.0008624003
2026-04-06T10:00:00.006000+00:00,0.0000383,0.0009127997
2026-04-06T11:00:00.016000+00:00,0.0000396662,0.0009346597
2026-04-06T12:00:00.072000+00:00,0.000032734,0.0008237444
2026-04-06T13:00:00.031000+00:00,0.000038512,0.0009161918
2026-04-06T14:00:00.066000+00:00,0.0000357774,0.0008724387
2026-04-06T15:00:00.048000+00:00,0.0000352516,0.0008640251
2026-04-06T16:00:00.056000+00:00,0.0000317479,0.0008079667
2026-04-06T17:00:00.002000+00:00,0.0000303671,0.0007858743
2026-04-06T18:00:00.039000+00:00,0.00000625,0.0002592958
2026-04-06T19:00:00+00:00,0.0000261279,0.0007180471
2026-04-06T20:00:00.078000+00:00,0.0000268572,0.0007297157
2026-04-06T21:00:00.054000+00:00,0.0000139297,0.0005228755
2026-04-06T22:00:00.043000+00:00,0.0000209168,0.0006346694
2026-04-06T23:00:00.021000+00:00,0.0000238867,0.0006821867
2026-04-07T00:00:00.046000+00:00,0.0000253118,0.0007049893
2026-04-07T01:00:00.015000+00:00,0.0000322951,0.0008167218
2026-04-07T02:00:00.012000+00:00,0.0000354753,0.0008676054
2026-04-07T03:00:00.093000+00:00,0.000040787,0.0009525922
2026-04-07T04:00:00.017000+00:00,0.000042766,0.0009842552
2026-04-07T05:00:00.006000+00:00,0.0000440144,0.0010042301
2026-04-07T06:00:00.030000+00:00,0.0000216236,0.0006459773
2026-04-07T07:00:00.064000+00:00,0.0000408455,0.0009535286
2026-04-07T08:00:00.020000+00:00,0.0000153703,0.0005459254
2026-04-07T09:00:00.031000+00:00,0.0000120293,0.0004924692
2026-04-07T10:00:00.005000+00:00,0.0000426563,0.0009825014
2026-04-07T11:00:00.030000+00:00,0.0000295625,0.0007729998
2026-04-07T12:00:00.037000+00:00,0.0000250828,0.0007013241
2026-04-07T13:00:00.060000+00:00,0.0000195147,0.0006122347
2026-04-07T14:00:00.027000+00:00,0.0000298454,0.0007775267
2026-04-07T15:00:00.041000+00:00,0.0000263694,0.0007219098
2026-04-07T16:00:00.036000+00:00,0.0000295728,0.0007731643
2026-04-07T17:00:00.024000+00:00,0.0000398782,0.0009380508
2026-04-07T18:00:00.013000+00:00,0.0000228953,0.0006663245
2026-04-07T19:00:00.017000+00:00,0.0000192238,0.0006075808
2026-04-07T20:00:00.041000+00:00,0.0000438235,0.0010011756
2026-04-07T21:00:00.062000+00:00,0.0000541985,0.0011671765
2026-04-07T22:00:00.029000+00:00,0.0000571512,0.0012144197
2026-04-07T23:00:00.038000+00:00,0.0000463654,0.0010418468
2026-04-08T00:00:00.094000+00:00,0.000030169,0.0007827046
2026-04-08T01:00:00.057000+00:00,0.0000312674,0.0008002786
2026-04-08T02:00:00.043000+00:00,0.0000247848,0.0006965561
2026-04-08T03:00:00.059000+00:00,0.000016983,0.0005717283
2026-04-08T04:00:00.012000+00:00,0.0000154142,0.0005466279
2026-04-08T05:00:00.056000+00:00,0.000026672,0.0007267513
2026-04-08T06:00:00.065000+00:00,0.0000586759,0.0012388143
2026-04-08T07:00:00.039000+00:00,0.000071822,0.0014491517
2026-04-08T08:00:00.005000+00:00,0.0000532707,0.0011523312
2026-04-08T09:00:00.047000+00:00,0.000042523,0.0009803686
2026-04-08T10:00:00.004000+00:00,0.0000552861,0.0011845771
2026-04-08T11:00:00.027000+00:00,0.0000515745,0.0011251921
2026-04-08T12:00:00+00:00,0.0000481057,0.0010696912
2026-04-08T13:00:00.019000+00:00,0.0000460266,0.0010364253
2026-04-08T14:00:00.064000+00:00,0.0000409593,0.0009553487
2026-04-08T15:00:00.025000+00:00,0.00000625,0.0002988066
2026-04-08T16:00:00.054000+00:00,-0.0000220441,-0.0006527058
2026-04-08T17:00:00.009000+00:00,0.00000625,-0.0000179364
2026-04-08T18:00:00.046000+00:00,0.0000096382,0.0004542114
2026-04-08T19:00:00.026000+00:00,0.0000148301,0.0005372808
2026-04-08T20:00:00.068000+00:00,0.00000625,0.0001733148
2026-04-08T21:00:00.031000+00:00,0.0000230715,0.0006691445
2026-04-08T22:00:00.010000+00:00,0.0000148034,0.0005368548
2026-04-08T23:00:00.039000+00:00,0.00000625,0.0003999357
2026-04-09T00:00:00.070000+00:00,0.00000625,0.0002781332
2026-04-09T01:00:00.023000+00:00,0.00000625,0.0001037608
2026-04-09T02:00:00.010000+00:00,0.00000625,-0.0001502137
2026-04-09T03:00:00.053000+00:00,0.00000625,-0.0000742246
2026-04-09T04:00:00.015000+00:00,0.0000011946,-0.0002808869
2026-04-09T05:00:00.007000+00:00,-0.0000100039,-0.0004600625
2026-04-09T06:00:00.021000+00:00,-0.0000169531,-0.0005712502
2026-04-09T07:00:00.001000+00:00,-0.0000278687,-0.000745899
2026-04-09T08:00:00.056000+00:00,-0.0000446941,-0.0010151052
2026-04-09T09:00:00.008000+00:00,-0.0000408882,-0.0009542105
2026-04-09T10:00:00.006000+00:00,0.0000007024,-0.0002887609
2026-04-09T11:00:00.010000+00:00,0.00000625,-0.0001697522
2026-04-09T12:00:00.054000+00:00,0.00000625,0.0001377946
2026-04-09T13:00:00.004000+00:00,0.00000625,-0.0001883391
2026-04-09T14:00:00.056000+00:00,0.00000625,-0.0000932738
2026-04-09T15:00:00.041000+00:00,0.00000625,-0.0000933028
2026-04-09T16:00:00.011000+00:00,0.00000625,0.000007511
2026-04-09T17:00:00.012000+00:00,0.00000625,-0.0000124452
2026-04-09T18:00:00.001000+00:00,0.00000625,-0.000139624
2026-04-09T19:00:00.031000+00:00,0.00000625,-0.0000238926
2026-04-09T20:00:00.004000+00:00,0.00000625,0.000100659
2026-04-09T21:00:00.018000+00:00,0.00000625,0.000380813
2026-04-09T22:00:00+00:00,0.0000206455,0.0006303284
2026-04-09T23:00:00.071000+00:00,0.0000149865,0.000539784
2026-04-10T00:00:00.062000+00:00,0.0000075505,0.0004208088
2026-04-10T01:00:00.013000+00:00,0.00000625,0.0000461357
2026-04-10T02:00:00.002000+00:00,0.0000070699,0.000413119
2026-04-10T03:00:00.040000+00:00,0.000014315,0.0005290404
2026-04-10T04:00:00.047000+00:00,0.0000124571,0.0004993136
2026-04-10T05:00:00.031000+00:00,0.00000625,0.0002893697
2026-04-10T06:00:00.026000+00:00,0.00000625,0.000001623
2026-04-10T07:00:00.016000+00:00,0.00000625,-0.000128312
2026-04-10T08:00:00+00:00,0.00000625,-0.0000550706
2026-04-10T09:00:00.015000+00:00,0.00000625,-0.0000243893
2026-04-10T10:00:00.028000+00:00,0.00000625,0.0001053641
2026-04-10T11:00:00.010000+00:00,0.00000625,0.0001726713
2026-04-10T12:00:00.057000+00:00,0.00000625,0.0001541849
2026-04-10T13:00:00.032000+00:00,0.00000625,0.0002150278
2026-04-10T14:00:00.008000+00:00,0.0000255849,0.0007093586
2026-04-10T15:00:00.005000+00:00,0.0000302736,0.0007843782
2026-04-10T16:00:00.053000+00:00,0.0000147194,0.0005355098
2026-04-10T17:00:00.022000+00:00,0.00000625,0.0000097356
2026-04-10T18:00:00.021000+00:00,0.00000625,-0.0000108954
2026-04-10T19:00:00.046000+00:00,0.00000625,0.0002704108
2026-04-10T20:00:00.009000+00:00,0.0000078924,0.000426279
2026-04-10T21:00:00.010000+00:00,0.0000123923,0.0004982774
2026-04-10T22:00:00.079000+00:00,0.00000625,0.0001597834
2026-04-10T23:00:00.055000+00:00,0.00000625,0.0003025387
2026-04-11T00:00:00.015000+00:00,0.00000625,0.0002449399
2026-04-11T01:00:00.006000+00:00,-0.0002394977,-0.0041319628
2026-04-11T02:00:00.020000+00:00,-0.0000810338,-0.0015965402
2026-04-11T03:00:00.039000+00:00,0.00000625,0.0001366538
2026-04-11T04:00:00.013000+00:00,0.00000625,-0.0001894014
2026-04-11T05:00:00.005000+00:00,0.0000084756,0.0004356094
2026-04-11T06:00:00.024000+00:00,0.00000625,0.0003209882
2026-04-11T07:00:00.016000+00:00,0.0000099272,0.0004588352
2026-04-11T08:00:00.002000+00:00,0.0000258752,0.000714004
2026-04-11T09:00:00.042000+00:00,0.00000625,0.0003832869
2026-04-11T10:00:00.048000+00:00,0.00000625,0.0002410114
2026-04-11T11:00:00.040000+00:00,0.0000926982,0.0017831706
2026-04-11T12:00:00.055000+00:00,0.0000354639,0.0008674225
2026-04-11T13:00:00.047000+00:00,0.0000287616,0.0007601863
2026-04-11T14:00:00.001000+00:00,0.00000625,0.0001143127
2026-04-11T15:00:00.041000+00:00,0.00000625,-0.0000088122
2026-04-11T16:00:00.034000+00:00,-0.0000020244,-0.0003323906
2026-04-11T17:00:00.008000+00:00,0.0000428215,0.0009851436
2026-04-11T18:00:00.033000+00:00,0.0002572284,0.0044156538
2026-04-11T19:00:00.047000+00:00,0.0002340929,0.0040454861
2026-04-11T20:00:00.023000+00:00,0.0000801428,0.0015822852
2026-04-11T21:00:00.058000+00:00,0.00000625,0.0001771317
2026-04-11T22:00:00.036000+00:00,0.00000625,-0.0000124638
2026-04-11T23:00:00.020000+00:00,-0.0000134853,-0.000515765
2026-04-12T00:00:00.067000+00:00,-0.000039265,-0.0009282397
2026-04-12T01:00:00.044000+00:00,0.00000625,-0.0001476671
2026-04-12T02:00:00.031000+00:00,-0.0002461101,-0.004237761
2026-04-12T03:00:00.029000+00:00,-0.0005811935,-0.0095990957
2026-04-12T04:00:00.055000+00:00,-0.0002492695,-0.0042883126
2026-04-12T05:00:00.066000+00:00,-0.000093092,-0.0017894727
2026-04-12T06:00:00.047000+00:00,-0.0000866442,-0.0016863067
2026-04-12T07:00:00.004000+00:00,-0.000044703,-0.001015248
2026-04-12T08:00:00.022000+00:00,-0.0000897827,-0.0017365237
2026-04-12T09:00:00.049000+00:00,-0.0000534362,-0.001154979
2026-04-12T10:00:00.011000+00:00,-0.0000869158,-0.001690652
2026-04-12T11:00:00.022000+00:00,-0.0000521323,-0.0011341162
2026-04-12T12:00:00.040000+00:00,0.0000025476,-0.0002592388
2026-04-12T13:00:00.028000+00:00,0.0000011125,-0.0002821993
2026-04-12T14:00:00.064000+00:00,-0.0001522425,-0.0027358807
2026-04-12T15:00:00.065000+00:00,-0.0003357688,-0.0056723007
2026-04-12T16:00:00.046000+00:00,-0.0002495153,-0.0042922448
2026-04-12T17:00:00.054000+00:00,-0.000125677,-0.0023108315
2026-04-12T18:00:00.035000+00:00,-0.0000089494,-0.0004431908
2026-04-12T19:00:00.028000+00:00,0.0001539958,0.0027639321
2026-04-12T20:00:00.062000+00:00,0.0000256775,0.0007108396
2026-04-12T21:00:00.049000+00:00,-0.0000238699,-0.0006819184
2026-04-12T22:00:00.058000+00:00,-0.0001110712,-0.0020771398
2026-04-12T23:00:00.048000+00:00,0.0003065193,0.0052043096
2026-04-13T00:00:00.013000+00:00,-0.0000022146,-0.0003354336
2026-04-13T01:00:00.031000+00:00,0.00000625,0.0002109371
2026-04-13T02:00:00.001000+00:00,0.00000625,-0.0000405556
2026-04-13T03:00:00.056000+00:00,0.00000625,-0.0000001706
2026-04-13T04:00:00.056000+00:00,0.00000625,-0.0000347823
2026-04-13T05:00:00.032000+00:00,0.00000625,-0.0000803022
2026-04-13T06:00:00.007000+00:00,0.00000625,-0.0001340589
2026-04-13T07:00:00.011000+00:00,0.0000015837,-0.0002746605
2026-04-13T08:00:00.015000+00:00,-0.0000076425,-0.0004222794
2026-04-13T09:00:00.013000+00:00,-0.000007858,-0.0004257276
2026-04-13T10:00:00.032000+00:00,0.00000625,0.000035447
2026-04-13T11:00:00.011000+00:00,0.00000625,-0.0001205955
2026-04-13T12:00:00.063000+00:00,0.0000056269,-0.00020997
2026-04-13T13:00:00.036000+00:00,0.00000625,-0.0001615808
2026-04-13T14:00:00.007000+00:00,0.00000625,0.0001203675
2026-04-13T15:00:00.114000+00:00,0.00000625,0.0002347231
2026-04-13T16:00:00.016000+00:00,0.00000625,0.0003355527
2026-04-13T17:00:00.028000+00:00,0.00000625,0.000386707
2026-04-13T18:00:00.040000+00:00,0.00000625,0.0002837775
2026-04-13T19:00:00.055000+00:00,0.0000100122,0.0004601953
2026-04-13T20:00:00.032000+00:00,0.0000160761,0.0005572169
2026-04-13T21:00:00.038000+00:00,0.0000300752,0.0007812026
2026-04-13T22:00:00.023000+00:00,0.0000388663,0.0009218608
2026-04-13T23:00:00.008000+00:00,0.0000372357,0.0008957715
2026-04-14T00:00:00.020000+00:00,0.0000195225,0.0006123606
2026-04-14T01:00:00.057000+00:00,0.0000207004,0.0006312062
2026-04-14T02:00:00.017000+00:00,0.0000211759,0.0006388138
2026-04-14T03:00:00.043000+00:00,0.0000074341,0.0004189453
2026-04-14T04:00:00.009000+00:00,0.0000155389,0.0005486219
2026-04-14T05:00:00.054000+00:00,0.000036155,0.0008784796
2026-04-14T06:00:00.057000+00:00,0.0000322432,0.0008158915
2026-04-14T07:00:00.076000+00:00,0.0000156423,0.0005502775
2026-04-14T08:00:00.066000+00:00,0.0000327294,0.0008236709
2026-04-14T09:00:00.041000+00:00,0.00000625,0.000322928
2026-04-14T10:00:00.010000+00:00,0.0000167681,0.0005682889
2026-04-14T11:00:00.030000+00:00,0.00000625,0.0003946459
2026-04-14T12:00:00.053000+00:00,0.000012971,0.0005075359
2026-04-14T13:00:00.039000+00:00,0.0000131614,0.0005105816
2026-04-14T14:00:00.012000+00:00,0.0000182971,0.0005927531
2026-04-14T15:00:00.056000+00:00,0.0000178277,0.0005852437
2026-04-14T16:00:00.029000+00:00,0.0000102487,0.0004639797
2026-04-14T17:00:00.057000+00:00,0.00000625,0.0002733473
2026-04-14T18:00:00.062000+00:00,0.0000160804,0.0005572871
2026-04-14T19:00:00.040000+00:00,0.0000113575,0.0004817199
2026-04-14T20:00:00+00:00,0.0000103048,0.000464876
2026-04-14T21:00:00.003000+00:00,0.0000300892,0.0007814274
2026-04-14T22:00:00.001000+00:00,0.0000329673,0.0008274775
2026-04-14T23:00:00.021000+00:00,0.0000232898,0.0006726366
2026-04-15T00:00:00.015000+00:00,0.0000091606,0.0004465693
2026-04-15T01:00:00.054000+00:00,0.000008696,0.0004391353
2026-04-15T02:00:00.036000+00:00,0.0000159717,0.0005555467
2026-04-15T03:00:00.065000+00:00,0.0000172073,0.0005753166
2026-04-15T04:00:00.053000+00:00,0.0000329064,0.0008265025
2026-04-15T05:00:00.029000+00:00,0.0000468671,0.0010498734
2026-04-15T06:00:00.060000+00:00,0.0000322097,0.0008153556
2026-04-15T07:00:00.038000+00:00,0.0000183485,0.0005935755
2026-04-15T08:00:00.009000+00:00,0.0000300163,0.0007802611
2026-04-15T09:00:00.024000+00:00,0.000022713,0.0006634083
2026-04-15T10:00:00.027000+00:00,0.0000285525,0.0007568405
2026-04-15T11:00:00.067000+00:00,0.0000093964,0.0004503428
2026-04-15T12:00:00.030000+00:00,0.000026151,0.0007184153
2026-04-15T13:00:00.008000+00:00,0.0000274182,0.0007386914
2026-04-15T14:00:00.035000+00:00,0.0000113585,0.0004817357
2026-04-15T15:00:00.057000+00:00,0.0000166617,0.0005665866
2026-04-15T16:00:00.025000+00:00,0.0000198651,0.0006178411
2026-04-15T17:00:00.022000+00:00,0.0000126488,0.0005023804
2026-04-15T18:00:00.030000+00:00,0.0000096497,0.0004543948
2026-04-15T19:00:00.062000+00:00,0.0000090165,0.0004442638
2026-04-15T20:00:00.014000+00:00,0.0000098476,0.0004575611
2026-04-15T21:00:00.049000+00:00,0.00000625,0.0003729348
2026-04-15T22:00:00.067000+00:00,0.0000124851,0.0004997608
2026-04-15T23:00:00.056000+00:00,0.0000116403,0.000486244
2026-04-16T00:00:00.044000+00:00,0.0000124,0.0004984007
2026-04-16T01:00:00.022000+00:00,0.00000625,0.0003222875
2026-04-16T02:00:00.010000+00:00,0.0000150793,0.0005412695
2026-04-16T03:00:00.053000+00:00,0.0000223217,0.0006571466
2026-04-16T04:00:00.006000+00:00,0.00000625,0.0003598064
2026-04-16T05:00:00.042000+00:00,0.00000625,0.0002531921
2026-04-16T06:00:00.031000+00:00,0.00000625,0.0002166476
2026-04-16T07:00:00.012000+00:00,0.0000084036,0.0004344569
2026-04-16T08:00:00.062000+00:00,0.0000164716,0.0005635463
2026-04-16T09:00:00.045000+00:00,0.0000276918,0.0007430682
2026-04-16T10:00:00.004000+00:00,0.0000089545,0.0004432717
2026-04-16T11:00:00.035000+00:00,0.0000134364,0.0005149828
2026-04-16T12:00:00.042000+00:00,0.0000127585,0.0005041355
2026-04-16T13:00:00.030000+00:00,0.0000167545,0.0005680719
2026-04-16T14:00:00.019000+00:00,0.000018962,0.0006033927
2026-04-16T15:00:00.047000+00:00,0.00001834,0.0005934407
2026-04-16T16:00:00.051000+00:00,0.00000625,0.0002788936
2026-04-16T17:00:00.013000+00:00,0.00000625,0.0001248969
2026-04-16T18:00:00.034000+00:00,0.00000625,0.0000536769
2026-04-16T19:00:00.064000+00:00,0.00000625,0.0002309228
2026-04-16T20:00:00.016000+00:00,0.00000625,0.00034697
2026-04-16T21:00:00.025000+00:00,0.00000625,0.0003502606
2026-04-16T22:00:00.043000+00:00,0.00000625,0.0003019836
2026-04-16T23:00:00.041000+00:00,0.00000625,0.0002522513
2026-04-17T00:00:00.030000+00:00,0.00000625,0.0002243624
2026-04-17T01:00:00.015000+00:00,0.00000625,0.0003073453
2026-04-17T02:00:00.026000+00:00,0.00000625,0.0001915751
2026-04-17T03:00:00.010000+00:00,0.00000625,0.0001803425
2026-04-17T04:00:00.064000+00:00,0.00000625,0.0003417996
2026-04-17T05:00:00.052000+00:00,0.00000625,0.0003492838
2026-04-17T06:00:00.017000+00:00,0.00000625,0.0003430455
2026-04-17T07:00:00.065000+00:00,0.00000625,0.0000938922
2026-04-17T08:00:00.042000+00:00,0.00000625,0.0002331548
2026-04-17T09:00:00.035000+00:00,0.00000625,0.0002609075
