datetime,funding_rate,premium
2025-11-12T21:00:00.057000+00:00,0.0000125,0.0002781734
2025-11-12T22:00:00.019000+00:00,0.0001926843,0.0018414743
2025-11-12T23:00:00.045000+00:00,0.000174668,0.0016973438
2025-11-13T00:00:00.007000+00:00,0.0001847764,0.0017782111
2025-11-13T01:00:00.079000+00:00,0.000325442,0.0029035362
2025-11-13T02:00:00.052000+00:00,0.0000168658,0.0004349268
2025-11-13T03:00:00.067000+00:00,-0.0000223472,-0.0004787778
2025-11-13T04:00:00.039000+00:00,0.0000648841,0.0008190728
2025-11-13T05:00:00.072000+00:00,0.0000125,-0.0000055572
2025-11-13T06:00:00.028000+00:00,0.0001382666,0.0014061326
2025-11-13T07:00:00.014000+00:00,0.0000271767,0.0005174135
2025-11-13T08:00:00.053000+00:00,0.0000914716,0.0010317729
2025-11-13T09:00:00.007000+00:00,0.0001637113,0.0016096908
2025-11-13T10:00:00.062000+00:00,0.0002502989,0.0023023913
2025-11-13T11:00:00.092000+00:00,0.0000125,0.0002660902
2025-11-13T12:00:00.022000+00:00,0.0000269798,0.0005158386
2025-11-13T13:00:00.024000+00:00,0.0000125,-0.0000052364
2025-11-13T14:00:00.070000+00:00,0.0000125,0.0003591702
2025-11-13T15:00:00.014000+00:00,0.0000125,0.0003781414
2025-11-13T16:00:00.012000+00:00,0.0000169368,0.0004354942
2025-11-13T17:00:00.042000+00:00,0.0000125,-0.0000563968
2025-11-13T18:00:00.058000+00:00,0.0000331468,0.0005651742
2025-11-13T19:00:00.062000+00:00,0.0000643627,0.0008149017
2025-11-13T20:00:00.061000+00:00,0.0000125,0.0000314451
2025-11-13T21:00:00.046000+00:00,0.0000125,-0.0000367952
2025-11-13T22:00:00.013000+00:00,0.0000928536,0.0010428288
2025-11-13T23:00:00.059000+00:00,0.0003885566,0.0034084529
2025-11-14T00:00:00.130000+00:00,0.0000180116,0.0004440927
2025-11-14T01:00:00.014000+00:00,0.00015733,0.0015586396
2025-11-14T02:00:00.069000+00:00,0.0000856298,0.0009850384
2025-11-14T03:00:00.085000+00:00,0.0000125,0.000290957
2025-11-14T04:00:00.024000+00:00,0.0000402802,0.0006222415
2025-11-14T05:00:00.029000+00:00,0.0001356691,0.001385353
2025-11-14T06:00:00.096000+00:00,0.0000160663,0.0004285307
2025-11-14T07:00:00.019000+00:00,0.0000708392,0.0008667138
2025-11-14T08:00:00.098000+00:00,0.0001410415,0.0014283323
2025-11-14T09:00:00.137000+00:00,0.0001084702,0.0011677618
2025-11-14T10:00:00.036000+00:00,0.0000125,0.0000824465
2025-11-14T11:00:00.052000+00:00,0.0000125,-0.0000155468
2025-11-14T12:00:00.046000+00:00,0.0000125,-0.0000730921
2025-11-14T13:00:00.041000+00:00,0.0000125,-0.0000796144
2025-11-14T14:00:00.034000+00:00,0.0000125,-0.0001469866
2025-11-14T15:00:00.013000+00:00,0.0000125,0.0000748574
2025-11-14T16:00:00.014000+00:00,0.0000125,0.0000754236
2025-11-14T17:00:00.079000+00:00,0.0000125,-0.0001856654
2025-11-14T18:00:00.020000+00:00,0.0000125,-0.0000337167
2025-11-14T19:00:00.005000+00:00,0.0000125,-0.0000845774
2025-11-14T20:00:00.054000+00:00,0.0000125,-0.0000973353
2025-11-14T21:00:00.011000+00:00,0.0000125,-0.0000032604
2025-11-14T22:00:00.091000+00:00,0.0000125,0.0000431615
2025-11-14T23:00:00.037000+00:00,-0.000011121,-0.0003889681
2025-11-15T00:00:00.028000+00:00,-0.0000048909,-0.0003391275
2025-11-15T01:00:00.133000+00:00,0.0000125,-0.0000742649
2025-11-15T02:00:00.009000+00:00,0.0000125,-0.0000701023
2025-11-15T03:00:00.036000+00:00,-0.0000292683,-0.0005341462
2025-11-15T04:00:00.065000+00:00,0.0000125,-0.0001750941
2025-11-15T05:00:00.009000+00:00,0.0000125,-0.0001779873
2025-11-15T06:00:00.014000+00:00,0.0000125,-0.0001416565
2025-11-15T07:00:00.047000+00:00,0.0000125,0.0000493981
2025-11-15T08:00:00.089000+00:00,0.0000125,0.0000632288
2025-11-15T09:00:00.051000+00:00,0.0000125,0.0003627832
2025-11-15T10:00:00.102000+00:00,0.0001509933,0.0015079463
2025-11-15T11:00:00.069000+00:00,0.000038012,0.000604096
2025-11-15T12:00:00.005000+00:00,0.0000259025,0.0005072202
2025-11-15T13:00:00.021000+00:00,0.0000317368,0.0005538941
2025-11-15T14:00:00.091000+00:00,0.0001024794,0.0011198348
2025-11-15T15:00:00.034000+00:00,0.000244101,0.002252808
2025-11-15T16:00:00.015000+00:00,0.0002238406,0.0020907249
2025-11-15T17:00:00.035000+00:00,0.0001413562,0.0014308495
2025-11-15T18:00:00.023000+00:00,0.0001162218,0.0012297748
2025-11-15T19:00:00.004000+00:00,0.0000842359,0.0009738872
2025-11-15T20:00:00.052000+00:00,0.0000696387,0.0008571099
2025-11-15T21:00:00.109000+00:00,0.0000613966,0.0007911731
2025-11-15T22:00:00.042000+00:00,0.0000552591,0.0007420727
2025-11-15T23:00:00.047000+00:00,0.0000419784,0.0006358269
2025-11-16T00:00:00.002000+00:00,0.0000334842,0.0005678735
2025-11-16T01:00:00.042000+00:00,0.0000256525,0.0005052203
2025-11-16T02:00:00.028000+00:00,0.000015008,0.0004200637
2025-11-16T03:00:00.028000+00:00,0.0002658682,0.002426946
2025-11-16T04:00:00.042000+00:00,0.0001874894,0.0017999152
2025-11-16T05:00:00.061000+00:00,0.0001176837,0.0012414692
2025-11-16T06:00:00.020000+00:00,0.0000835437,0.0009683497
2025-11-16T07:00:00.060000+00:00,0.0000125,0.0002192839
2025-11-16T08:00:00.087000+00:00,0.0000125,0.0002040242
2025-11-16T09:00:00.076000+00:00,0.0000223311,0.000478649
2025-11-16T10:00:00.068000+00:00,0.0000446147,0.0006569174
2025-11-16T11:00:00.119000+00:00,0.0000190948,0.0004527583
2025-11-16T12:00:00.087000+00:00,0.0000614295,0.0007914357
2025-11-16T13:00:00.043000+00:00,0.0000502884,0.000702307
2025-11-16T14:00:00.073000+00:00,0.0000402778,0.0006222221
2025-11-16T15:00:00.030000+00:00,0.000032061,0.0005564883
2025-11-16T16:00:00.012000+00:00,0.0000236244,0.0004889955
2025-11-16T17:00:00.053000+00:00,0.0000171097,0.000436878
2025-11-16T18:00:00.003000+00:00,0.0000125,0.0002582931
2025-11-16T19:00:00.068000+00:00,0.0000125,0.0002728838
2025-11-16T20:00:00.033000+00:00,0.0001854406,0.0017835249
2025-11-16T21:00:00.059000+00:00,0.0001711697,0.0016693575
2025-11-16T22:00:00.007000+00:00,0.0001377922,0.0014023373
2025-11-16T23:00:00.049000+00:00,0.0001338914,0.0013711312
2025-11-17T00:00:00.032000+00:00,0.0001055418,0.0011443345
2025-11-17T01:00:00.020000+00:00,0.0000769059,0.0009152474
2025-11-17T02:00:00.028000+00:00,0.0001783218,0.0017265743
2025-11-17T03:00:00.050000+00:00,0.0001356708,0.0013853666
2025-11-17T04:00:00.026000+00:00,0.0001524184,0.0015193468
2025-11-17T05:00:00.122000+00:00,0.0002584891,0.0023679126
2025-11-17T06:00:00.073000+00:00,0.0005360351,0.0045882806
2025-11-17T07:00:00.069000+00:00,0.0005846916,0.0049775329
2025-11-17T08:00:00.018000+00:00,0.0003577936,0.0031623485
2025-11-17T09:00:00.061000+00:00,0.0001646917,0.0016175338
2025-11-17T10:00:00.009000+00:00,0.0000379975,0.0006039799
2025-11-17T11:00:00.051000+00:00,0.0000125,0.0001050019
2025-11-17T12:00:00.042000+00:00,0.000018126,0.0004450082
2025-11-17T13:00:00.062000+00:00,0.0000125,0.0000702525
2025-11-17T14:00:00.072000+00:00,0.0000125,-0.0000939125
2025-11-17T15:00:00.017000+00:00,0.0002201826,0.0020614604
2025-11-17T16:00:00.091000+00:00,0.0001819225,0.0017553798
2025-11-17T17:00:00.031000+00:00,0.0000125,0.0000177934
2025-11-17T18:00:00.033000+00:00,0.0000125,0.0000589254
2025-11-17T19:00:00.029000+00:00,0.0000125,0.0000206352
2025-11-17T20:00:00.047000+00:00,0.0000125,-0.0000847065
2025-11-17T21:00:00.069000+00:00,0.0000125,-0.0000169041
2025-11-17T22:00:00.074000+00:00,0.0000125,0.0000147681
2025-11-17T23:00:00.045000+00:00,0.0000125,0.0001899184
2025-11-18T00:00:00.005000+00:00,0.0000125,0.0000385569
2025-11-18T01:00:00.008000+00:00,0.0000125,-0.0000947426
2025-11-18T02:00:00.088000+00:00,0.0000344887,0.0005759099
2025-11-18T03:00:00.016000+00:00,0.0003768735,0.003314988
2025-11-18T04:00:00.090000+00:00,0.0002214199,0.002071359
2025-11-18T05:00:00.014000+00:00,-0.0000311792,-0.0005494334
2025-11-18T06:00:00.071000+00:00,0.0000575598,0.0007604788
2025-11-18T07:00:00.106000+00:00,0.0000975439,0.0010803513
2025-11-18T08:00:00.038000+00:00,0.0000504777,0.000703822
2025-11-18T09:00:00.045000+00:00,0.0000093476,-0.0002252195
2025-11-18T10:00:00.075000+00:00,0.0000125,-0.0000372362
2025-11-18T11:00:00.001000+00:00,0.0000125,0.0000828224
2025-11-18T12:00:00.035000+00:00,-0.0000465621,-0.0006724966
2025-11-18T13:00:00.032000+00:00,0.0000125,-0.0000158188
2025-11-18T14:00:00.037000+00:00,0.0000125,0.0000731957
2025-11-18T15:00:00.046000+00:00,0.000011335,-0.0002093203
2025-11-18T16:00:00.046000+00:00,0.0000125,-0.0000003752
2025-11-18T17:00:00.013000+00:00,0.0000125,0.0000580347
2025-11-18T18:00:00.026000+00:00,0.0000125,0.0003288452
2025-11-18T19:00:00.025000+00:00,0.0000125,0.0002145979
2025-11-18T20:00:00.006000+00:00,0.0000592159,0.000773727
2025-11-18T21:00:00.030000+00:00,0.0002529678,0.0023237427
2025-11-18T22:00:00.011000+00:00,0.0000125,0.0002366837
2025-11-18T23:00:00.026000+00:00,0.0000582043,0.000765634
2025-11-19T00:00:00.026000+00:00,0.0000856833,0.0009854666
2025-11-19T01:00:00.092000+00:00,0.0001487401,0.0014899204
2025-11-19T02:00:00.049000+00:00,0.0000125,-0.0000790093
2025-11-19T03:00:00.012000+00:00,0.0001327656,0.0013621251
2025-11-19T04:00:00.054000+00:00,0.0001555593,0.0015444743
2025-11-19T05:00:00.003000+00:00,0.0001040688,0.0011325507
2025-11-19T06:00:00.026000+00:00,0.0001203476,0.0012627805
2025-11-19T07:00:00.048000+00:00,0.0001666032,0.0016328254
2025-11-19T08:00:00.018000+00:00,0.0001885378,0.0018083021
2025-11-19T09:00:00.048000+00:00,0.0004257348,0.0037058783
2025-11-19T10:00:00.012000+00:00,0.00040166,0.0035132801
2025-11-19T11:00:00.095000+00:00,0.0001500878,0.0015007023
2025-11-19T12:00:00.026000+00:00,0.0002007102,0.0019056814
2025-11-19T13:00:00.042000+00:00,0.0001535772,0.0015286178
2025-11-19T14:00:00.002000+00:00,0.0001589993,0.0015719944
2025-11-19T15:00:00.004000+00:00,0.0000978104,0.001082483
2025-11-19T16:00:00.036000+00:00,0.0000125,0.0003823979
2025-11-19T17:00:00.080000+00:00,0.0000260245,0.0005081959
2025-11-19T18:00:00.054000+00:00,0.0000125,-0.000069051
2025-11-19T19:00:00.006000+00:00,0.0000125,-0.0000780184
2025-11-19T20:00:00.045000+00:00,0.0000125,0.0000002002
2025-11-19T21:00:00.018000+00:00,0.0000125,0.0003194745
2025-11-19T22:00:00.034000+00:00,0.0000155661,0.0004245285
2025-11-19T23:00:00.027000+00:00,0.0000125,0.000348179
2025-11-20T00:00:00.071000+00:00,0.0000125,0.0003223546
2025-11-20T01:00:00.114000+00:00,0.0000125,0.0002632461
2025-11-20T02:00:00.030000+00:00,0.0000125,-0.0001221348
2025-11-20T03:00:00.050000+00:00,0.0000031833,-0.0002745335
2025-11-20T04:00:00.005000+00:00,0.0000025885,-0.0002792918
2025-11-20T05:00:00.045000+00:00,0.0000125,0.0003600249
2025-11-20T06:00:00.003000+00:00,0.0000399138,0.0006193107
2025-11-20T07:00:00.046000+00:00,0.0000125,-0.0001579797
2025-11-20T08:00:00+00:00,0.0000125,-0.0001951507
2025-11-20T09:00:00.039000+00:00,0.0000125,0.0002653725
2025-11-20T10:00:00.112000+00:00,0.0000126783,0.0004014267
2025-11-20T11:00:00.052000+00:00,0.0000125,0.0000490276
2025-11-20T12:00:00.004000+00:00,0.0000125,0.0001033661
2025-11-20T13:00:00.051000+00:00,-0.0000181587,-0.0004452695
2025-11-20T14:00:00.045000+00:00,0.000008175,-0.0002346
2025-11-20T15:00:00.022000+00:00,0.0000125,-0.0001987577
2025-11-20T16:00:00.039000+00:00,-0.0000070216,-0.000356173
2025-11-20T17:00:00.059000+00:00,0.0000125,0.0001238495
2025-11-20T18:00:00.035000+00:00,0.0000125,-0.0001173031
2025-11-20T19:00:00.088000+00:00,0.0000125,-0.0001828802
2025-11-20T20:00:00.054000+00:00,0.0000125,-0.0001350579
2025-11-20T21:00:00+00:00,0.0000125,0.0000698175
2025-11-20T22:00:00.129000+00:00,0.0000125,0.0000299374
2025-11-20T23:00:00.006000+00:00,-0.0000095308,-0.0003762462
2025-11-21T00:00:00.037000+00:00,0.0000125,-0.0001241603
2025-11-21T01:00:00.053000+00:00,0.0000288117,0.0005304936
2025-11-21T02:00:00.169000+00:00,0.0000125,0.0001380368
2025-11-21T03:00:00.141000+00:00,0.0000125,0.000056061
2025-11-21T04:00:00.006000+00:00,-0.0000049363,-0.0003394908
2025-11-21T05:00:00.005000+00:00,0.0000125,0.0000666321
2025-11-21T06:00:00.054000+00:00,0.0000125,-0.0001722787
2025-11-21T07:00:00.092000+00:00,-0.0000172814,-0.0004382512
2025-11-21T08:00:00.103000+00:00,-0.0000999806,-0.001099845
2025-11-21T09:00:00.003000+00:00,-0.0002734998,-0.0024879985
2025-11-21T10:00:00.007000+00:00,0.0000093491,-0.0002252074
2025-11-21T11:00:00.009000+00:00,0.0000125,-0.0001873958
2025-11-21T12:00:00.005000+00:00,0.0000125,0.0000101534
2025-11-21T13:00:00.102000+00:00,0.0000125,0.0000520194
2025-11-21T14:00:00.044000+00:00,0.0000125,-0.0000168338
2025-11-21T15:00:00.047000+00:00,0.0000125,-0.000062213
2025-11-21T16:00:00.015000+00:00,0.0000125,-0.0000895476
2025-11-21T17:00:00.023000+00:00,0.0000125,-0.0000570724
2025-11-21T18:00:00.006000+00:00,0.0000026243,-0.0002790058
2025-11-21T19:00:00.093000+00:00,0.0000125,-0.0000899632
2025-11-21T20:00:00.034000+00:00,0.0000125,-0.0000478403
2025-11-21T21:00:00.031000+00:00,0.0000125,-0.0000304605
2025-11-21T22:00:00.066000+00:00,0.0000125,0.0000429014
2025-11-21T23:00:00.002000+00:00,0.0000125,-0.0000978021
2025-11-22T00:00:00.049000+00:00,0.0000081874,-0.0002345008
2025-11-22T01:00:00.034000+00:00,0.0000103403,-0.0002172773
2025-11-22T02:00:00.035000+00:00,0.0000125,0.0002590225
2025-11-22T03:00:00.083000+00:00,0.0000125,0.0001162983
2025-11-22T04:00:00.070000+00:00,0.0000125,0.0000638529
2025-11-22T05:00:00.036000+00:00,0.0000125,0.0000277608
2025-11-22T06:00:00.033000+00:00,-0.0000128923,-0.0004031383
2025-11-22T07:00:00.060000+00:00,0.0000142452,0.0004139614
2025-11-22T08:00:00.063000+00:00,0.0000148397,0.0004187176
2025-11-22T09:00:00.011000+00:00,-0.0001073294,-0.0011586351
2025-11-22T10:00:00.052000+00:00,-0.0000231038,-0.0004848302
2025-11-22T11:00:00.092000+00:00,0.0000667869,0.0008342955
2025-11-22T12:00:00.045000+00:00,-0.0001145389,-0.0012163115
2025-11-22T13:00:00.078000+00:00,0.0000786072,0.0009288579
2025-11-22T14:00:00.013000+00:00,-0.0003873543,-0.0033988343
2025-11-22T15:00:00.010000+00:00,-0.0001067728,-0.001154182
2025-11-22T16:00:00.011000+00:00,0.0000206399,0.000465119
2025-11-22T17:00:00.019000+00:00,0.0000614373,0.0007914985
2025-11-22T18:00:00.003000+00:00,0.0000314615,0.0005516923
2025-11-22T19:00:00.027000+00:00,0.0000125,0.0001498774
2025-11-22T20:00:00.045000+00:00,0.0000634931,0.0008079449
2025-11-22T21:00:00.055000+00:00,0.0000125,0.0001843329
2025-11-22T22:00:00.053000+00:00,-0.0000611906,-0.0007895247
2025-11-22T23:00:00.085000+00:00,-0.0000115441,-0.0003923529
2025-11-23T00:00:00.020000+00:00,0.0000125,-0.0001738743
2025-11-23T01:00:00.093000+00:00,0.0000125,-0.0000670957
2025-11-23T02:00:00.046000+00:00,0.0000125,0.0003726157
2025-11-23T03:00:00.024000+00:00,0.0000125,0.0002682654
2025-11-23T04:00:00.004000+00:00,0.0000148219,0.0004185755
2025-11-23T05:00:00.012000+00:00,0.0000336856,0.0005694852
2025-11-23T06:00:00.007000+00:00,0.0000959109,0.001067287
2025-11-23T07:00:00.051000+00:00,0.0001693102,0.0016544815
2025-11-23T08:00:00.064000+00:00,0.0000125,0.0003352964
2025-11-23T09:00:00.008000+00:00,0.0000125,0.0001381353
2025-11-23T10:00:00.023000+00:00,0.0000125,0.0000748021
2025-11-23T11:00:00.097000+00:00,0.0000125,0.0000277316
2025-11-23T12:00:00.010000+00:00,0.0000125,0.0000277316
2025-11-23T13:00:00.086000+00:00,0.0000125,0.0000277316
2025-11-23T14:00:00.004000+00:00,0.0000125,0.0000277316
2025-11-23T15:00:00.040000+00:00,0.0000125,0.0001328068
2025-11-23T16:00:00.021000+00:00,0.0003182929,0.0028463431
2025-11-23T17:00:00.005000+00:00,-0.0000762971,-0.0009103766
2025-11-23T18:00:00.020000+00:00,0.0002551469,0.0023411754
2025-11-23T19:00:00.042000+00:00,0.0000125,-0.0001995005
2025-11-23T20:00:00.076000+00:00,0.0000333036,0.0005664285
2025-11-23T21:00:00.083000+00:00,0.0001372453,0.0013979624
2025-11-23T22:00:00.032000+00:00,0.0000948044,0.0010584349
2025-11-23T23:00:00.050000+00:00,0.0001386988,0.0014095906
2025-11-24T00:00:00.051000+00:00,-0.0000641247,-0.0008129974
2025-11-24T01:00:00.030000+00:00,0.0001003072,0.0011024579
2025-11-24T02:00:00.067000+00:00,0.0000125,-0.0001290321
2025-11-24T03:00:00.010000+00:00,0.0000125,0.0001604924
2025-11-24T04:00:00.034000+00:00,0.0000319884,0.0005559072
2025-11-24T05:00:00.042000+00:00,-0.0001305511,-0.0013444091
2025-11-24T06:00:00.036000+00:00,0.0000125,0.0003514477
2025-11-24T07:00:00.028000+00:00,0.0000261279,0.0005090232
2025-11-24T08:00:00.025000+00:00,0.0000300252,0.0005402013
2025-11-24T09:00:00.049000+00:00,0.0000402578,0.0006220626
2025-11-24T10:00:00.007000+00:00,0.0000125,0.0000739853
2025-11-24T11:00:00.049000+00:00,0.0000125,0.0000360686
2025-11-24T12:00:00.056000+00:00,0.0000125,0.0000626785
2025-11-24T13:00:00.014000+00:00,0.0000125,-0.0000082272
2025-11-24T14:00:00.035000+00:00,0.0000125,0.0000581722
2025-11-24T15:00:00.015000+00:00,0.0000125,-0.0000414237
2025-11-24T16:00:00.011000+00:00,0.0000125,-0.0000557644
2025-11-24T17:00:00.041000+00:00,0.0000125,-0.0001709059
2025-11-24T18:00:00.097000+00:00,0.0000125,-0.0000866303
2025-11-24T19:00:00.065000+00:00,0.0000125,-0.0001012811
2025-11-24T20:00:00.083000+00:00,0.0000125,0.0000494686
2025-11-24T21:00:00.134000+00:00,0.0000125,-0.0000242036
2025-11-24T22:00:00.018000+00:00,0.0000125,0.0000185561
2025-11-24T23:00:00.013000+00:00,0.0000103656,-0.0002170751
2025-11-25T00:00:00.027000+00:00,-0.0000268948,-0.0005151584
2025-11-25T01:00:00.029000+00:00,0.0000118411,-0.0002052715
2025-11-25T02:00:00.065000+00:00,0.000102854,0.0011228319
2025-11-25T03:00:00.062000+00:00,0.0000125,-0.0001901384
2025-11-25T04:00:00.057000+00:00,0.0000159155,0.000427324
2025-11-25T05:00:00.061000+00:00,0.0001147814,0.0012182513
2025-11-25T06:00:00.056000+00:00,0.0000781969,0.0009255754
2025-11-25T07:00:00.004000+00:00,0.0000618412,0.0007947292
2025-11-25T08:00:00+00:00,0.0000110097,-0.0002119225
2025-11-25T09:00:00.065000+00:00,0.0000300589,0.0005404714
2025-11-25T10:00:00.014000+00:00,0.0000056157,-0.0002550742
2025-11-25T11:00:00.010000+00:00,-0.0000107841,-0.0003862728
2025-11-25T12:00:00.055000+00:00,0.000004416,-0.0002646719
2025-11-25T13:00:00.083000+00:00,0.0000125,-0.0000978206
2025-11-25T14:00:00.039000+00:00,0.0000125,0.0000441145
2025-11-25T15:00:00.004000+00:00,0.0000125,0.0000040911
2025-11-25T16:00:00.060000+00:00,0.0000125,0.0000448362
2025-11-25T17:00:00.006000+00:00,0.0000125,-0.0000274044
2025-11-25T18:00:00.054000+00:00,0.0000125,0.0002683931
2025-11-25T19:00:00.061000+00:00,0.0000125,0.0000541648
2025-11-25T20:00:00.015000+00:00,0.0000125,0.0001475365
2025-11-25T21:00:00.012000+00:00,0.0000125,0.0000233077
2025-11-25T22:00:00.013000+00:00,0.0000125,0.0000408269
2025-11-25T23:00:00.092000+00:00,0.0000125,0.000090936
2025-11-26T00:00:00.203000+00:00,0.0000215373,0.0004722986
2025-11-26T01:00:00.056000+00:00,0.0000125,0.0001698013
2025-11-26T02:00:00.030000+00:00,0.0000125,0.0002898452
2025-11-26T03:00:00.063000+00:00,0.0001034806,0.0011278448
2025-11-26T04:00:00.014000+00:00,0.0000524251,0.0007194006
2025-11-26T05:00:00.044000+00:00,0.0000496268,0.0006970141
2025-11-26T06:00:00.016000+00:00,0.0000588438,0.0007707503
2025-11-26T07:00:00.022000+00:00,0.0001167509,0.0012340072
2025-11-26T08:00:00.098000+00:00,0.0001162269,0.0012298148
2025-11-26T09:00:00.091000+00:00,0.0000125,0.000367988
2025-11-26T10:00:00.025000+00:00,0.0000125,0.0000764914
2025-11-26T11:00:00.023000+00:00,0.0000125,0.0000786186
2025-11-26T12:00:00.100000+00:00,0.0001073609,0.0011588875
2025-11-26T13:00:00.034000+00:00,0.0000545008,0.0007360063
2025-11-26T14:00:00.047000+00:00,0.0000176129,0.0004409033
2025-11-26T15:00:00.012000+00:00,0.0000125,0.0001080856
2025-11-26T16:00:00.062000+00:00,0.0000125,0.0001206508
2025-11-26T17:00:00.062000+00:00,0.0000125,0.0001389544
2025-11-26T18:00:00.073000+00:00,0.0000206462,0.0004651696
2025-11-26T19:00:00.048000+00:00,0.0000751084,0.0009008669
2025-11-26T20:00:00.065000+00:00,0.0000125,0.0002497632
2025-11-26T21:00:00.032000+00:00,0.0000125,0.0001334258
2025-11-26T22:00:00.029000+00:00,0.0000125,0.0000841069
2025-11-26T23:00:00.032000+00:00,0.0000125,0.0000143033
2025-11-27T00:00:00.024000+00:00,0.0000125,0.00000353
2025-11-27T01:00:00.006000+00:00,0.0000125,0.0000478433
2025-11-27T02:00:00.090000+00:00,0.0000024366,-0.0002805068
2025-11-27T03:00:00.036000+00:00,0.0000125,0.000305256
2025-11-27T04:00:00.062000+00:00,0.0000356852,0.0005854819
2025-11-27T05:00:00.069000+00:00,0.0000125,-0.0001046798
2025-11-27T06:00:00.027000+00:00,0.0000469517,0.0006756132
2025-11-27T07:00:00.004000+00:00,0.0000209871,0.0004678964
2025-11-27T08:00:00.031000+00:00,0.0000259574,0.0005076596
2025-11-27T09:00:00.030000+00:00,0.0000125,0.0000015177
2025-11-27T10:00:00.037000+00:00,0.0000475858,0.0006806866
2025-11-27T11:00:00.006000+00:00,0.0000125,0.0002304689
2025-11-27T12:00:00.056000+00:00,0.0000125,0.0002359661
2025-11-27T13:00:00.129000+00:00,0.0000125,0.0001720673
2025-11-27T14:00:00.083000+00:00,-0.0000101599,-0.0003812792
2025-11-27T15:00:00.013000+00:00,0.0000710403,0.0008683226
2025-11-27T16:00:00.038000+00:00,0.0000125,0.0000838022
2025-11-27T17:00:00.030000+00:00,0.0000876139,0.0010009114
2025-11-27T18:00:00.008000+00:00,0.0000319666,0.0005557331
2025-11-27T19:00:00.043000+00:00,0.0000868498,0.0009947982
2025-11-27T20:00:00.031000+00:00,0.0000125,0.0000064885
2025-11-27T21:00:00.068000+00:00,0.0000125,0.0000286984
2025-11-27T22:00:00.021000+00:00,0.0001890795,0.0018126358
2025-11-27T23:00:00.015000+00:00,0.0000125,0.0001221613
2025-11-28T00:00:00.003000+00:00,0.0000167413,0.0004339303
2025-11-28T01:00:00.096000+00:00,-0.0000719445,-0.0008755559
2025-11-28T02:00:00.007000+00:00,0.0001103478,0.0011827824
2025-11-28T03:00:00.026000+00:00,0.0001419131,0.0014353049
2025-11-28T04:00:00.060000+00:00,0.0000125,0.0002270013
2025-11-28T05:00:00.102000+00:00,0.0000508165,0.0007065319
2025-11-28T06:00:00.089000+00:00,-0.0000300292,-0.0005402339
2025-11-28T07:00:00.032000+00:00,0.0000085753,-0.0002313979
2025-11-28T08:00:00.007000+00:00,0.0000125,0.0000353264
2025-11-28T09:00:00.007000+00:00,0.0000125,-0.0000737546
2025-11-28T10:00:00.046000+00:00,0.0000289551,0.0005316407
2025-11-28T11:00:00.039000+00:00,0.0000466574,0.0006732589
2025-11-28T12:00:00.055000+00:00,0.0000467594,0.0006740751
2025-11-28T13:00:00.037000+00:00,0.0000484675,0.00068774
2025-11-28T14:00:00.032000+00:00,0.0000688413,0.0008507304
2025-11-28T15:00:00+00:00,0.0000130036,0.0004040287
2025-11-28T16:00:00.028000+00:00,0.0000456248,0.0006649982
2025-11-28T17:00:00.067000+00:00,0.0000244719,0.0004957753
2025-11-28T18:00:00.002000+00:00,0.0000125,0.0001804755
2025-11-28T19:00:00.074000+00:00,-0.0000489426,-0.0006915412
2025-11-28T20:00:00.023000+00:00,0.0000125,-0.0000286018
2025-11-28T21:00:00.034000+00:00,0.0000212242,0.0004697935
2025-11-28T22:00:00.030000+00:00,0.0000107958,-0.0002136335
2025-11-28T23:00:00.038000+00:00,0.0000125,-0.0000101943
2025-11-29T00:00:00.025000+00:00,0.0000125,0.0000143582
2025-11-29T01:00:00.081000+00:00,-0.0000034914,-0.0003279313
2025-11-29T02:00:00.015000+00:00,-0.0000799519,-0.0009396153
2025-11-29T03:00:00.061000+00:00,0.0000117473,-0.0002060219
2025-11-29T04:00:00.003000+00:00,-0.0000287916,-0.0005303332
2025-11-29T05:00:00.146000+00:00,0.0000058614,-0.0002531085
2025-11-29T06:00:00.061000+00:00,0.0000125,0.0001329418
2025-11-29T07:00:00.067000+00:00,0.0000125,0.0000719771
2025-11-29T08:00:00.067000+00:00,-0.0000198943,-0.0004591541
2025-11-29T09:00:00.005000+00:00,0.0000125,-0.000192471
2025-11-29T10:00:00.028000+00:00,0.0000125,-0.0000854607
2025-11-29T11:00:00.053000+00:00,0.0000125,0.000075697
2025-11-29T12:00:00+00:00,-0.0000179565,-0.0004436522
2025-11-29T13:00:00.051000+00:00,-0.0000092458,-0.0003739662
2025-11-29T14:00:00.026000+00:00,-0.0000660057,-0.0008280458
2025-11-29T15:00:00.007000+00:00,-0.0000072496,-0.000357997
2025-11-29T16:00:00.017000+00:00,-0.0000904389,-0.001023511
2025-11-29T17:00:00.109000+00:00,-0.0000256993,-0.0005055945
2025-11-29T18:00:00.004000+00:00,0.0000125,0.0000701747
2025-11-29T19:00:00.022000+00:00,0.0000290998,0.0005327981
2025-11-29T20:00:00.051000+00:00,0.0000125,0.00018491
2025-11-29T21:00:00.028000+00:00,0.0000125,0.0000776038
2025-11-29T22:00:00.035000+00:00,0.0000197277,0.0004578213
2025-11-29T23:00:00.051000+00:00,0.0000450813,0.0006606501
2025-11-30T00:00:00.082000+00:00,0.0000125,0.0003106402
2025-11-30T01:00:00.030000+00:00,0.0000125,0.0001023744
2025-11-30T02:00:00.075000+00:00,0.0000384548,0.0006076384
2025-11-30T03:00:00.044000+00:00,0.0001062468,0.0011499745
2025-11-30T04:00:00.090000+00:00,0.0000125,0.0002741227
2025-11-30T05:00:00.004000+00:00,0.0000389293,0.0006114347
2025-11-30T06:00:00.004000+00:00,0.0000125,0.0001095228
2025-11-30T07:00:00.045000+00:00,0.0000125,0.0003348117
2025-11-30T08:00:00.065000+00:00,0.0000125,0.0001696195
2025-11-30T09:00:00.051000+00:00,0.0000125,0.0000574965
2025-11-30T10:00:00.075000+00:00,0.0000125,0.0002066835
2025-11-30T11:00:00.070000+00:00,0.0000125,-0.0001124235
2025-11-30T12:00:00.054000+00:00,0.0000125,0.0003646115
2025-11-30T13:00:00.060000+00:00,0.0000125,0.0002970843
2025-11-30T14:00:00.007000+00:00,0.0000125,0.0002673184
2025-11-30T15:00:00.066000+00:00,0.0000125,0.0002791882
2025-11-30T16:00:00.049000+00:00,0.0000125,0.0001890905
2025-11-30T17:00:00.046000+00:00,0.0000125,-0.0001716629
2025-11-30T18:00:00.097000+00:00,0.0000125,-0.0001765668
2025-11-30T19:00:00.015000+00:00,0.0000125,-0.0001493483
2025-11-30T20:00:00.096000+00:00,0.0000016283,-0.0002869738
2025-11-30T21:00:00.035000+00:00,-0.00021968,-0.0020574402
2025-11-30T22:00:00.056000+00:00,0.000044556,0.0006564477
2025-11-30T23:00:00.008000+00:00,0.0000576269,0.0007610148
2025-12-01T00:00:00.073000+00:00,0.0000257225,0.0005057803
2025-12-01T01:00:00.076000+00:00,-0.0003105369,-0.0027842954
2025-12-01T02:00:00.003000+00:00,-0.0000424981,-0.000639985
2025-12-01T03:00:00.027000+00:00,-0.0001437545,-0.0014500357
2025-12-01T04:00:00.028000+00:00,-0.0000848262,-0.0009786096
2025-12-01T05:00:00.048000+00:00,-0.0000716068,-0.0008728546
2025-12-01T06:00:00.029000+00:00,-0.0000985888,-0.0010887101
2025-12-01T07:00:00.034000+00:00,0.0000088413,-0.0002292697
2025-12-01T08:00:00.014000+00:00,0.0000125,0.0001575188
2025-12-01T09:00:00.010000+00:00,0.0000125,0.0000091101
2025-12-01T10:00:00.038000+00:00,0.0000125,0.0001204375
2025-12-01T11:00:00.036000+00:00,0.0000125,0.0000651552
2025-12-01T12:00:00.066000+00:00,0.0000125,0.0000621385
2025-12-01T13:00:00.024000+00:00,0.0000125,0.0001278086
2025-12-01T14:00:00.024000+00:00,0.0000125,0.0001126202
2025-12-01T15:00:00.067000+00:00,0.0000125,0.0001514155
2025-12-01T16:00:00.069000+00:00,0.0000125,0.0000091305
2025-12-01T17:00:00.021000+00:00,0.0000125,-0.0000944183
2025-12-01T18:00:00.060000+00:00,0.0000125,0.0001304409
2025-12-01T19:00:00+00:00,0.0000125,0.0000465369
2025-12-01T20:00:00.070000+00:00,0.0000125,0.0001223522
2025-12-01T21:00:00.006000+00:00,0.0000125,0.0000489673
2025-12-01T22:00:00.103000+00:00,0.0000125,0.0000114949
2025-12-01T23:00:00.062000+00:00,0.0000125,0.0001498596
2025-12-02T00:00:00.052000+00:00,0.0000125,0.0001323214
2025-12-02T01:00:00.062000+00:00,0.0000125,0.0001456139
2025-12-02T02:00:00.027000+00:00,0.0000125,0.0000138257
2025-12-02T03:00:00.060000+00:00,0.0000125,0.0002791343
2025-12-02T04:00:00.023000+00:00,0.0000125,0.0003683161
2025-12-02T05:00:00.061000+00:00,-0.000034263,-0.0005741037
2025-12-02T06:00:00.036000+00:00,0.0000023683,-0.000281054
2025-12-02T07:00:00.001000+00:00,0.0000125,0.0001182465
2025-12-02T08:00:00.104000+00:00,0.0000405365,0.0006242921
2025-12-02T09:00:00.038000+00:00,0.0000453971,0.0006631765
2025-12-02T10:00:00.047000+00:00,0.0000125,0.000212192
2025-12-02T11:00:00.037000+00:00,0.0000125,0.0002286005
2025-12-02T12:00:00.092000+00:00,0.0000125,0.0002907439
2025-12-02T13:00:00.029000+00:00,0.0000154537,0.0004236293
2025-12-02T14:00:00.078000+00:00,0.0000125,0.0003470104
2025-12-02T15:00:00.070000+00:00,0.0000125,0.0001670277
2025-12-02T16:00:00.048000+00:00,0.0000125,0.0000611872
2025-12-02T17:00:00.058000+00:00,0.0000125,0.0001913459
2025-12-02T18:00:00.022000+00:00,0.0000125,0.0003034409
2025-12-02T19:00:00.027000+00:00,0.0000125,0.0003638957
2025-12-02T20:00:00.007000+00:00,0.0000125,0.0002809851
2025-12-02T21:00:00.115000+00:00,0.0000125,0.0001533104
2025-12-02T22:00:00.050000+00:00,0.0000125,0.0002383343
2025-12-02T23:00:00.064000+00:00,0.0000273814,0.000519051
2025-12-03T00:00:00.098000+00:00,0.0001046942,0.0011375536
2025-12-03T01:00:00.052000+00:00,0.0000842567,0.000974054
2025-12-03T02:00:00.028000+00:00,0.0000753087,0.0009024693
2025-12-03T03:00:00.017000+00:00,0.0000907293,0.0010258347
2025-12-03T04:00:00.010000+00:00,0.0000753183,0.0009025464
2025-12-03T05:00:00.062000+00:00,0.0000894121,0.0010152965
2025-12-03T06:00:00.007000+00:00,0.0000701285,0.0008610283
2025-12-03T07:00:00.016000+00:00,0.000075359,0.0009028719
2025-12-03T08:00:00.016000+00:00,0.0000741618,0.0008932943
2025-12-03T09:00:00.099000+00:00,0.0000736497,0.0008891978
2025-12-03T10:00:00.051000+00:00,0.0000529611,0.000723689
2025-12-03T11:00:00.008000+00:00,0.000027705,0.0005216401
2025-12-03T12:00:00.008000+00:00,0.0000125,0.0003977138
2025-12-03T13:00:00.033000+00:00,0.0000353069,0.0005824552
2025-12-03T14:00:00.068000+00:00,0.0000190806,0.0004526451
2025-12-03T15:00:00.020000+00:00,0.0000125,0.0002303557
2025-12-03T16:00:00.116000+00:00,0.0000125,0.0001372066
2025-12-03T17:00:00.035000+00:00,0.0000125,0.0000720376
2025-12-03T18:00:00.043000+00:00,0.0000125,-0.0000435743
2025-12-03T19:00:00+00:00,0.0000125,0.0001739862
2025-12-03T20:00:00.036000+00:00,0.0000125,0.0002989751
2025-12-03T21:00:00.027000+00:00,0.0000125,0.00033903
2025-12-03T22:00:00.024000+00:00,0.000042537,0.0006402961
2025-12-03T23:00:00.029000+00:00,0.0000393001,0.0006144011
2025-12-04T00:00:00.032000+00:00,0.000015516,0.000424128
2025-12-04T01:00:00.010000+00:00,0.0000125,0.000351902
2025-12-04T02:00:00.079000+00:00,0.0001057121,0.0011456971
2025-12-04T03:00:00.010000+00:00,0.0000385231,0.000608185
2025-12-04T04:00:00.038000+00:00,0.0001933575,0.0018468599
2025-12-04T05:00:00.064000+00:00,0.0001262698,0.0013101585
2025-12-04T06:00:00.059000+00:00,0.0000345947,0.0005767574
2025-12-04T07:00:00.011000+00:00,0.0000419987,0.0006359892
2025-12-04T08:00:00.049000+00:00,0.0000306048,0.0005448387
2025-12-04T09:00:00.085000+00:00,0.000061627,0.0007930163
2025-12-04T10:00:00.081000+00:00,0.0000127545,0.0004020364
2025-12-04T11:00:00.050000+00:00,0.0000125,0.000391393
2025-12-04T12:00:00.031000+00:00,0.0000125,0.0003218753
2025-12-04T13:00:00.064000+00:00,0.0000125,0.0002656657
2025-12-04T14:00:00.041000+00:00,0.0000125,0.0002623815
2025-12-04T15:00:00.047000+00:00,0.0000125,0.0003035775
2025-12-04T16:00:00.010000+00:00,0.0000125,0.0002260091
2025-12-04T17:00:00.054000+00:00,0.0000125,0.0002576751
2025-12-04T18:00:00.008000+00:00,0.0000125,0.0002999551
2025-12-04T19:00:00.044000+00:00,0.0000125,0.0003043129
2025-12-04T20:00:00.021000+00:00,0.0000125,0.0000771533
2025-12-04T21:00:00.078000+00:00,0.0000125,0.000109764
2025-12-04T22:00:00.034000+00:00,0.0000125,-0.000002393
2025-12-04T23:00:00.015000+00:00,0.0000125,-0.0000220823
2025-12-05T00:00:00.002000+00:00,0.0000125,0.0000091075
2025-12-05T01:00:00.035000+00:00,0.0000125,0.0000224275
2025-12-05T02:00:00.021000+00:00,0.0000125,0.0001294557
2025-12-05T03:00:00.048000+00:00,0.0000125,0.0001757585
2025-12-05T04:00:00.066000+00:00,0.0000312196,0.0005497568
2025-12-05T05:00:00.044000+00:00,0.0000598201,0.0007785606
2025-12-05T06:00:00.033000+00:00,0.0000574312,0.0007594494
2025-12-05T07:00:00.050000+00:00,0.0000305193,0.0005441542
2025-12-05T08:00:00.032000+00:00,0.0000337535,0.0005700276
2025-12-05T09:00:00.019000+00:00,0.0000467717,0.0006741737
2025-12-05T10:00:00.035000+00:00,0.0000125,0.0001210864
2025-12-05T11:00:00.077000+00:00,0.0000125,0.0000452106
2025-12-05T12:00:00.030000+00:00,0.0000125,0.0000776754
2025-12-05T13:00:00.062000+00:00,0.0000125,0.0001983722
2025-12-05T14:00:00.047000+00:00,0.0000192271,0.0004538171
2025-12-05T15:00:00.036000+00:00,0.0000255944,0.0005047556
2025-12-05T16:00:00+00:00,0.0000125,0.0003473959
2025-12-05T17:00:00.026000+00:00,0.0000125,0.0001885824
2025-12-05T18:00:00.054000+00:00,0.0000125,0.0002434867
2025-12-05T19:00:00.086000+00:00,0.0000125,0.0002553064
2025-12-05T20:00:00.004000+00:00,0.0000125,0.0002911615
2025-12-05T21:00:00.036000+00:00,0.0000125,0.0002128779
2025-12-05T22:00:00.035000+00:00,0.00001772,0.0004417596
2025-12-05T23:00:00.012000+00:00,0.0000125,0.0003653884
2025-12-06T00:00:00.052000+00:00,0.0000228622,0.0004828979
2025-12-06T01:00:00.110000+00:00,0.0000125,0.0003026895
2025-12-06T02:00:00.011000+00:00,-0.0000091596,-0.0003732772
2025-12-06T03:00:00.053000+00:00,0.0000125,-0.000105176
2025-12-06T04:00:00.025000+00:00,-0.0000304066,-0.0005432525
2025-12-06T05:00:00.044000+00:00,0.0000125,-0.0001268986
2025-12-06T06:00:00.010000+00:00,0.0000125,0.0001797747
2025-12-06T07:00:00.052000+00:00,0.0000125,-0.0001372709
2025-12-06T08:00:00.049000+00:00,-0.0000119369,-0.000395495
2025-12-06T09:00:00.050000+00:00,-0.0000196874,-0.0004574996
2025-12-06T10:00:00.024000+00:00,-0.000004683,-0.0003374637
2025-12-06T11:00:00.005000+00:00,0.0000125,-0.0001593256
2025-12-06T12:00:00.038000+00:00,0.0000286158,0.0005289263
2025-12-06T13:00:00.034000+00:00,0.0000125,0.0001841942
2025-12-06T14:00:00.047000+00:00,0.0000125,0.0001854278
2025-12-06T15:00:00.028000+00:00,0.0000291762,0.0005334098
2025-12-06T16:00:00.107000+00:00,0.0000177501,0.0004420005
2025-12-06T17:00:00.025000+00:00,0.0000067847,-0.0002457228
2025-12-06T18:00:00.046000+00:00,0.0000125,-0.0001116664
2025-12-06T19:00:00.065000+00:00,0.0000125,0.0002061292
2025-12-06T20:00:00.038000+00:00,0.0000125,-0.0000352476
2025-12-06T21:00:00.067000+00:00,0.0000125,-0.0000878559
2025-12-06T22:00:00.120000+00:00,0.0000125,0.0003918745
2025-12-06T23:00:00.058000+00:00,0.0000746495,0.0008971964
2025-12-07T00:00:00.005000+00:00,0.0000147705,0.0004181639
2025-12-07T01:00:00.048000+00:00,0.0000125,0.0001601023
2025-12-07T02:00:00.012000+00:00,0.0000125,0.0000824014
2025-12-07T03:00:00.047000+00:00,0.0000125,-0.0000662783
2025-12-07T04:00:00.147000+00:00,0.0000125,0.0000965326
2025-12-07T05:00:00.081000+00:00,0.0000125,0.0003774836
2025-12-07T06:00:00.041000+00:00,0.0000125,0.0003970759
2025-12-07T07:00:00.003000+00:00,0.0000125,0.0002687044
2025-12-07T08:00:00.025000+00:00,-0.0000345192,-0.0005761536
2025-12-07T09:00:00.033000+00:00,-0.0000032128,-0.0003257028
2025-12-07T10:00:00.096000+00:00,0.0000125,-0.0001421982
2025-12-07T11:00:00.107000+00:00,0.0000046299,-0.0002629611
2025-12-07T12:00:00.022000+00:00,-0.0000239767,-0.0004918138
2025-12-07T13:00:00.015000+00:00,-0.0000281034,-0.0005248276
2025-12-07T14:00:00.007000+00:00,-0.0000452693,-0.0006621542
2025-12-07T15:00:00.003000+00:00,0.0000125,0.0001538277
2025-12-07T16:00:00.031000+00:00,0.0000125,-0.0000004625
2025-12-07T17:00:00.002000+00:00,0.0000939138,0.0010513108
2025-12-07T18:00:00.040000+00:00,0.0000904587,0.0010236697
2025-12-07T19:00:00.096000+00:00,0.0000377054,0.0006016436
2025-12-07T20:00:00.036000+00:00,0.0000125,0.0003786996
2025-12-07T21:00:00.009000+00:00,0.0000398298,0.0006186384
2025-12-07T22:00:00.031000+00:00,0.0001106192,0.0011849536
2025-12-07T23:00:00.067000+00:00,0.0000125,0.0001662521
2025-12-08T00:00:00.031000+00:00,-0.0000129587,-0.0004036696
2025-12-08T01:00:00.152000+00:00,0.0000125,-0.0001740866
2025-12-08T02:00:00.010000+00:00,0.0000350495,0.0005803961
2025-12-08T03:00:00.024000+00:00,0.0000465627,0.0006725018
2025-12-08T04:00:00.007000+00:00,0.000036456,0.0005916483
2025-12-08T05:00:00.036000+00:00,0.000061021,0.0007881682
2025-12-08T06:00:00.056000+00:00,0.0000787798,0.0009302385
2025-12-08T07:00:00.006000+00:00,0.0001000933,0.0011007465
2025-12-08T08:00:00.113000+00:00,0.0000861984,0.0009895873
2025-12-08T09:00:00.062000+00:00,0.000140737,0.0014258958
2025-12-08T10:00:00.041000+00:00,0.0000170801,0.0004366408
2025-12-08T11:00:00.085000+00:00,0.0000125,0.0003875076
2025-12-08T12:00:00.019000+00:00,0.0000125,0.0002025915
2025-12-08T13:00:00.077000+00:00,0.0000125,0.0000049641
2025-12-08T14:00:00.056000+00:00,0.0000125,-0.0000109381
2025-12-08T15:00:00.011000+00:00,0.0000125,0.0002694084
2025-12-08T16:00:00.037000+00:00,0.0000125,0.0003309489
2025-12-08T17:00:00.037000+00:00,0.0000125,0.0002829133
2025-12-08T18:00:00.053000+00:00,0.0000204365,0.0004634919
2025-12-08T19:00:00.047000+00:00,0.0000492674,0.000694139
2025-12-08T20:00:00.021000+00:00,0.0000398485,0.0006187879
2025-12-08T21:00:00.150000+00:00,0.0000449543,0.0006596346
2025-12-08T22:00:00.004000+00:00,0.0000232697,0.0004861573
2025-12-08T23:00:00.059000+00:00,0.0000125,0.0002864128
2025-12-09T00:00:00.087000+00:00,0.0000125,0.0000854058
2025-12-09T01:00:00.022000+00:00,0.0000125,-0.0000074765
2025-12-09T02:00:00.045000+00:00,0.0000125,0.0003405329
2025-12-09T03:00:00.064000+00:00,-0.0000086938,-0.0003695505
2025-12-09T04:00:00.033000+00:00,-0.0000630631,-0.0008045049
2025-12-09T05:00:00.043000+00:00,-0.0000516218,-0.0007129741
2025-12-09T06:00:00.001000+00:00,-0.0000559588,-0.0007476701
2025-12-09T07:00:00.090000+00:00,-0.0001744513,-0.0016956102
2025-12-09T08:00:00.041000+00:00,-0.0000453265,-0.0006626117
2025-12-09T09:00:00.045000+00:00,-0.0000125521,-0.0004004168
2025-12-09T10:00:00.025000+00:00,0.0000125,0.0000357457
2025-12-09T11:00:00.029000+00:00,0.0000125,0.0001080122
2025-12-09T12:00:00.077000+00:00,0.0000501877,0.0007015016
2025-12-09T13:00:00.052000+00:00,0.0000687675,0.00085014
2025-12-09T14:00:00.043000+00:00,0.0000394081,0.0006152646
2025-12-09T15:00:00.058000+00:00,0.0000125,0.0002860856
2025-12-09T16:00:00.007000+00:00,0.0000125,0.0002039411
2025-12-09T17:00:00.005000+00:00,0.0000125,0.0003664957
2025-12-09T18:00:00.021000+00:00,0.0000543347,0.0007346774
2025-12-09T19:00:00.066000+00:00,0.000051181,0.0007094483
2025-12-09T20:00:00.008000+00:00,0.0000385869,0.000608695
2025-12-09T21:00:00.033000+00:00,0.0000345,0.0005760003
2025-12-09T22:00:00.103000+00:00,0.0000596727,0.0007773813
2025-12-09T23:00:00.008000+00:00,0.0000473876,0.0006791004
2025-12-10T00:00:00.013000+00:00,0.0000430595,0.000644476
2025-12-10T01:00:00.046000+00:00,0.0000711973,0.0008695784
2025-12-10T02:00:00.101000+00:00,0.0000621325,0.0007970597
2025-12-10T03:00:00+00:00,0.0000570375,0.0007563002
2025-12-10T04:00:00.090000+00:00,0.0000472532,0.0006780256
2025-12-10T05:00:00.079000+00:00,0.0000293532,0.0005348253
2025-12-10T06:00:00.065000+00:00,0.0000682193,0.0008457543
2025-12-10T07:00:00.025000+00:00,0.0000543948,0.0007351583
2025-12-10T08:00:00.023000+00:00,0.0001042132,0.0011337056
2025-12-10T09:00:00.031000+00:00,0.0000800414,0.0009403314
2025-12-10T10:00:00.108000+00:00,0.0000408596,0.0006268766
2025-12-10T11:00:00.050000+00:00,0.0000706947,0.0008655575
2025-12-10T12:00:00.051000+00:00,0.0000797269,0.0009378149
2025-12-10T13:00:00.033000+00:00,0.0001093347,0.0011746775
2025-12-10T14:00:00.003000+00:00,0.0000488891,0.0006911126
2025-12-10T15:00:00.139000+00:00,0.0000322467,0.0005579739
2025-12-10T16:00:00.003000+00:00,0.0000231628,0.0004853021
2025-12-10T17:00:00.019000+00:00,0.0000125,0.0002362099
2025-12-10T18:00:00.058000+00:00,0.0000125,0.000297494
2025-12-10T19:00:00.036000+00:00,0.0000205351,0.0004642805
2025-12-10T20:00:00.105000+00:00,0.0000125,0.0003463979
2025-12-10T21:00:00.013000+00:00,0.0000125,0.0001909708
2025-12-10T22:00:00.057000+00:00,0.0000125,0.0003547705
2025-12-10T23:00:00+00:00,0.0000125,0.0002178339
2025-12-11T00:00:00.043000+00:00,0.0000199691,0.0004597524
2025-12-11T01:00:00.002000+00:00,0.0000161511,0.000429209
2025-12-11T02:00:00.017000+00:00,0.0000638854,0.0008110833
2025-12-11T03:00:00.029000+00:00,0.0000594142,0.0007753135
2025-12-11T04:00:00.035000+00:00,0.0000420615,0.0006364918
2025-12-11T05:00:00.039000+00:00,0.0000125,0.0000132626
2025-12-11T06:00:00.044000+00:00,0.0000125,-0.0000414514
2025-12-11T07:00:00.030000+00:00,0.0000125,-0.0000144495
2025-12-11T08:00:00.002000+00:00,0.0000125,0.000040871
2025-12-11T09:00:00.086000+00:00,0.0000155411,0.0004243287
2025-12-11T10:00:00.017000+00:00,0.0000125,-0.0000149176
2025-12-11T11:00:00.074000+00:00,0.0000125,-0.0000506596
2025-12-11T12:00:00.085000+00:00,0.0000125,-0.0000312302
2025-12-11T13:00:00.016000+00:00,0.0000125,-0.0001369981
2025-12-11T14:00:00.053000+00:00,0.0000125,0.0000254585
2025-12-11T15:00:00.033000+00:00,0.0000125,-0.0000000551
2025-12-11T16:00:00.037000+00:00,0.0000125,-0.0001049247
2025-12-11T17:00:00.009000+00:00,0.0000125,-0.000159263
2025-12-11T18:00:00.065000+00:00,0.0000125,0.0000240733
2025-12-11T19:00:00.050000+00:00,0.0000125,0.0000274981
2025-12-11T20:00:00.102000+00:00,0.0000125,0.0001200695
2025-12-11T21:00:00.008000+00:00,0.0000125,0.0000429468
2025-12-11T22:00:00.002000+00:00,0.0000125,-0.0000091395
2025-12-11T23:00:00.050000+00:00,0.0000125,-0.0000292259
2025-12-12T00:00:00.018000+00:00,0.0000098597,-0.0002211226
2025-12-12T01:00:00.171000+00:00,-0.0000073862,-0.0003590895
2025-12-12T02:00:00.053000+00:00,0.0000010804,-0.000291357
2025-12-12T03:00:00.087000+00:00,-0.0000048479,-0.0003387831
2025-12-12T04:00:00.006000+00:00,0.0000125,-0.0000848197
2025-12-12T05:00:00.009000+00:00,0.0000125,-0.000033596
2025-12-12T06:00:00.066000+00:00,0.0000125,-0.0000258015
2025-12-12T07:00:00.063000+00:00,0.0000104051,-0.0002167594
2025-12-12T08:00:00.062000+00:00,0.0000125,0.0000075567
2025-12-12T09:00:00.026000+00:00,0.0000125,-0.0000369904
2025-12-12T10:00:00.066000+00:00,0.0000125,-0.0000238193
2025-12-12T11:00:00.038000+00:00,0.0000125,-0.000060402
2025-12-12T12:00:00.034000+00:00,0.0000125,-0.0001060112
2025-12-12T13:00:00.065000+00:00,0.0000125,-0.0001994763
2025-12-12T14:00:00.016000+00:00,0.0000125,0.0000224855
2025-12-12T15:00:00.036000+00:00,0.0000125,0.0000455316
2025-12-12T16:00:00.063000+00:00,0.0000125,-0.0000303737
2025-12-12T17:00:00.048000+00:00,0.0000125,-0.0001532258
2025-12-12T18:00:00.100000+00:00,0.0000125,-0.0000485669
2025-12-12T19:00:00.047000+00:00,0.0000125,-0.0001049928
2025-12-12T20:00:00.061000+00:00,0.0000073527,-0.0002411783
2025-12-12T21:00:00.053000+00:00,0.0000125,-0.0001210958
2025-12-12T22:00:00.043000+00:00,0.0000125,-0.0000289787
2025-12-12T23:00:00.048000+00:00,0.0000053818,-0.0002569453
2025-12-13T00:00:00.091000+00:00,-0.0000015037,-0.0003120297
2025-12-13T01:00:00.043000+00:00,-0.0000163673,-0.0004309383
2025-12-13T02:00:00.027000+00:00,0.0000125,-0.0001251023
2025-12-13T03:00:00.090000+00:00,0.0000033361,-0.0002733114
2025-12-13T04:00:00.011000+00:00,-0.0000070359,-0.0003562873
2025-12-13T05:00:00.068000+00:00,0.0000125,0.0000960992
2025-12-13T06:00:00.030000+00:00,0.0000388931,0.0006111446
2025-12-13T07:00:00.002000+00:00,-0.0000137438,-0.0004099505
2025-12-13T08:00:00.054000+00:00,0.0000125,0.000258737
2025-12-13T09:00:00.047000+00:00,0.000016408,0.0004312641
2025-12-13T10:00:00.009000+00:00,0.0000125,0.0003520811
2025-12-13T11:00:00.027000+00:00,0.0000125,0.0001420782
2025-12-13T12:00:00.024000+00:00,0.0000125,0.0001193048
2025-12-13T13:00:00.079000+00:00,0.0000331301,0.0005650407
2025-12-13T14:00:00.061000+00:00,0.0000125,-0.0000517768
2025-12-13T15:00:00.113000+00:00,0.0000125,-0.000071614
2025-12-13T16:00:00.054000+00:00,0.0000125,0.0001292361
2025-12-13T17:00:00.085000+00:00,0.0000125,0.0000103802
2025-12-13T18:00:00.079000+00:00,0.0000125,-0.0001612578
2025-12-13T19:00:00.003000+00:00,-0.0000369174,-0.0005953393
2025-12-13T20:00:00.137000+00:00,0.0000109117,-0.0002127061
2025-12-13T21:00:00.031000+00:00,0.0000125,0.000106134
2025-12-13T22:00:00.014000+00:00,0.0000125,0.0000794755
2025-12-13T23:00:00.022000+00:00,0.0000125,0.000037217
2025-12-14T00:00:00.071000+00:00,0.0000125,0.0000188562
2025-12-14T01:00:00.077000+00:00,0.0000125,0.0000524985
2025-12-14T02:00:00.004000+00:00,0.0000125,0.0000121428
2025-12-14T03:00:00.045000+00:00,0.0000125,0.0000015733
2025-12-14T04:00:00.070000+00:00,0.0000125,-0.0000148607
2025-12-14T05:00:00.007000+00:00,0.0000125,0.0002387852
2025-12-14T06:00:00.066000+00:00,0.0000125,0.0001590949
2025-12-14T07:00:00.048000+00:00,0.0000125,-0.0000639523
2025-12-14T08:00:00.098000+00:00,0.0000125,0.0001155162
2025-12-14T09:00:00.052000+00:00,0.0000125,-0.0000283789
2025-12-14T10:00:00.041000+00:00,0.0000047,-0.0002624
2025-12-14T11:00:00.121000+00:00,0.0000125,-0.0000912936
2025-12-14T12:00:00.014000+00:00,0.0000125,-0.0001581145
2025-12-14T13:00:00.017000+00:00,0.0000125,0.0000068694
2025-12-14T14:00:00.060000+00:00,0.0000125,-0.000071423
2025-12-14T15:00:00.031000+00:00,-0.0000191926,-0.000453541
2025-12-14T16:00:00.070000+00:00,-0.0002063006,-0.0019504046
2025-12-14T17:00:00.069000+00:00,-0.0001270564,-0.0013164512
2025-12-14T18:00:00.047000+00:00,-0.0001305655,-0.0013445243
2025-12-14T19:00:00.044000+00:00,-0.0002176901,-0.0020415211
2025-12-14T20:00:00.047000+00:00,-0.0006691054,-0.0056528433
2025-12-14T21:00:00.068000+00:00,-0.0003552029,-0.0031416234
2025-12-14T22:00:00.087000+00:00,-0.0001374169,-0.0013993354
2025-12-14T23:00:00.015000+00:00,0.0000125,0.0001855406
2025-12-15T00:00:00.088000+00:00,0.0000256156,0.0005049246
2025-12-15T01:00:00.010000+00:00,0.0001545115,0.001536092
2025-12-15T02:00:00.047000+00:00,0.0000047315,-0.0002621479
2025-12-15T03:00:00.076000+00:00,-0.0000025846,-0.0003206767
2025-12-15T04:00:00.021000+00:00,0.0000125,-0.0000417553
2025-12-15T05:00:00.059000+00:00,0.0000125,-0.0001516463
2025-12-15T06:00:00.047000+00:00,0.0000125,-0.0001525809
2025-12-15T07:00:00.042000+00:00,0.0000125,-0.0000547565
2025-12-15T08:00:00.082000+00:00,-0.0000008777,-0.0003070218
2025-12-15T09:00:00.059000+00:00,0.0000125,-0.0001412175
2025-12-15T10:00:00.075000+00:00,0.0000125,-0.0000240351
2025-12-15T11:00:00.123000+00:00,0.0000013719,-0.0002890247
2025-12-15T12:00:00.009000+00:00,-0.0000360078,-0.0005880626
2025-12-15T13:00:00.004000+00:00,-0.0000023569,-0.0003188555
2025-12-15T14:00:00.067000+00:00,0.0000125,-0.0000854348
2025-12-15T15:00:00.001000+00:00,0.0000101184,-0.0002190526
2025-12-15T16:00:00.063000+00:00,-0.0000003031,-0.0003024248
2025-12-15T17:00:00.112000+00:00,0.0000125,-0.0001405435
2025-12-15T18:00:00.057000+00:00,0.0000125,-0.0001295828
2025-12-15T19:00:00.060000+00:00,0.0000125,0.0000114178
2025-12-15T20:00:00.032000+00:00,0.0000125,0.0000066476
2025-12-15T21:00:00.059000+00:00,0.0000125,0.0001379859
2025-12-15T22:00:00.047000+00:00,0.0000125,0.0003449943
2025-12-15T23:00:00.069000+00:00,0.0000167395,0.0004339161
2025-12-16T00:00:00.079000+00:00,0.0000125,0.0002385181
2025-12-16T01:00:00.072000+00:00,0.0000125,0.000325299
2025-12-16T02:00:00.054000+00:00,0.0000125,0.0002800633
2025-12-16T03:00:00.051000+00:00,0.0000125,-0.0001010751
2025-12-16T04:00:00.068000+00:00,0.0000125,-0.0000462098
2025-12-16T05:00:00.036000+00:00,0.0000125,-0.0001050916
2025-12-16T06:00:00.047000+00:00,-0.00003127,-0.0005501602
2025-12-16T07:00:00.012000+00:00,0.0000111612,-0.0002107108
2025-12-16T08:00:00.101000+00:00,0.0000125,-0.0000140933
2025-12-16T09:00:00.077000+00:00,0.0000125,-0.0001911627
2025-12-16T10:00:00.029000+00:00,0.0000125,-0.0001877889
2025-12-16T11:00:00.055000+00:00,0.0000125,-0.0001740669
2025-12-16T12:00:00.047000+00:00,0.0000125,-0.000160204
2025-12-16T13:00:00.026000+00:00,0.0000103273,-0.0002173813
2025-12-16T14:00:00.003000+00:00,0.0000003007,-0.0002975945
2025-12-16T15:00:00.025000+00:00,0.0000125,-0.0000535082
2025-12-16T16:00:00.075000+00:00,0.0000125,0.0000239206
2025-12-16T17:00:00.045000+00:00,0.0000125,0.0000410919
2025-12-16T18:00:00.063000+00:00,0.0000125,0.0000544157
2025-12-16T19:00:00.014000+00:00,0.0000125,0.0002302397
2025-12-16T20:00:00.180000+00:00,0.0000125,0.0000386027
2025-12-16T21:00:00.001000+00:00,0.0000125,0.0000490106
2025-12-16T22:00:00.081000+00:00,0.0000125,-0.0000592689
2025-12-16T23:00:00.079000+00:00,0.0000125,-0.0000504461
2025-12-17T00:00:00.013000+00:00,0.0000125,-0.0000325353
2025-12-17T01:00:00.109000+00:00,0.0000125,-0.0000085654
2025-12-17T02:00:00.088000+00:00,0.0000125,0.0002691564
2025-12-17T03:00:00.065000+00:00,0.0000125,-0.0000125204
2025-12-17T04:00:00.020000+00:00,0.0000125,-0.0001666545
2025-12-17T05:00:00.122000+00:00,0.0000125,-0.0001179213
2025-12-17T06:00:00.024000+00:00,0.0000125,-0.0000472688
2025-12-17T07:00:00.010000+00:00,0.0000125,-0.0000350572
2025-12-17T08:00:00.022000+00:00,0.0000125,-0.0001744836
2025-12-17T09:00:00.055000+00:00,0.0000125,-0.0000598112
2025-12-17T10:00:00.016000+00:00,0.0000125,-0.000012054
2025-12-17T11:00:00.072000+00:00,0.0000125,0.0001578248
2025-12-17T12:00:00.021000+00:00,0.0000125,0.0002483015
2025-12-17T13:00:00.083000+00:00,0.0000125,0.0002406688
2025-12-17T14:00:00.018000+00:00,0.0000125,-0.0000160258
2025-12-17T15:00:00.040000+00:00,0.0000125,-0.0001526083
2025-12-17T16:00:00.034000+00:00,0.0000125,-0.0000128061
2025-12-17T17:00:00.038000+00:00,0.0000125,0.0000912446
2025-12-17T18:00:00.074000+00:00,0.0000125,0.0002038141
2025-12-17T19:00:00.014000+00:00,0.0000125,-0.000003686
2025-12-17T20:00:00.061000+00:00,0.0000125,-0.0000427016
2025-12-17T21:00:00.032000+00:00,0.0000125,-0.0000588908
2025-12-17T22:00:00.073000+00:00,-0.0000001712,-0.0003013693
2025-12-17T23:00:00+00:00,-0.0000082918,-0.0003663345
2025-12-18T00:00:00.033000+00:00,-0.0000223632,-0.0004789054
2025-12-18T01:00:00.079000+00:00,-0.0000252179,-0.0005017433
2025-12-18T02:00:00.030000+00:00,-0.0000128142,-0.0004025135
2025-12-18T03:00:00.055000+00:00,-0.0000387244,-0.0006097955
2025-12-18T04:00:00.029000+00:00,0.0000125,0.0001299385
2025-12-18T05:00:00.055000+00:00,0.0000125,0.0001298019
2025-12-18T06:00:00.044000+00:00,-0.0000114215,-0.0003913721
2025-12-18T07:00:00.025000+00:00,-0.0000300882,-0.0005407057
2025-12-18T08:00:00.050000+00:00,-0.0000131717,-0.0004053737
2025-12-18T09:00:00.003000+00:00,-0.0000358583,-0.0005868661
2025-12-18T10:00:00.091000+00:00,0.0000030038,-0.0002759693
2025-12-18T11:00:00.056000+00:00,0.0000003723,-0.0002970212
2025-12-18T12:00:00.039000+00:00,0.0000016087,-0.0002871303
2025-12-18T13:00:00.003000+00:00,0.0000125,-0.0001736733
2025-12-18T14:00:00.026000+00:00,0.0000125,-0.0001319891
2025-12-18T15:00:00.050000+00:00,0.0000125,-0.0001972391
2025-12-18T16:00:00.031000+00:00,0.0000125,-0.0000002182
2025-12-18T17:00:00.074000+00:00,0.0000125,-0.000170244
2025-12-18T18:00:00.080000+00:00,-0.0000145438,-0.0004163502
2025-12-18T19:00:00.016000+00:00,-0.0000064418,-0.000351534
2025-12-18T20:00:00.077000+00:00,-0.0000131585,-0.0004052676
2025-12-18T21:00:00.013000+00:00,-0.0000064139,-0.000351311
2025-12-18T22:00:00.073000+00:00,0.000008613,-0.0002310961
2025-12-18T23:00:00.067000+00:00,-0.0000092949,-0.0003743591
2025-12-19T00:00:00.067000+00:00,-0.0000143249,-0.0004145991
2025-12-19T01:00:00.032000+00:00,0.0000012,-0.0002904004
2025-12-19T02:00:00.061000+00:00,0.0000030909,-0.0002752725
2025-12-19T03:00:00.012000+00:00,0.0000012541,-0.0002899669
2025-12-19T04:00:00.009000+00:00,0.0000125,0.0002369083
2025-12-19T05:00:00.067000+00:00,0.0000125,0.0002199344
2025-12-19T06:00:00.047000+00:00,0.0000125,0.0003285561
2025-12-19T07:00:00.033000+00:00,0.0000125,0.0002854422
2025-12-19T08:00:00.054000+00:00,0.0000125,-0.0000162386
2025-12-19T09:00:00.013000+00:00,0.0000125,-0.0000832198
2025-12-19T10:00:00.046000+00:00,0.0000125,-0.0000011705
2025-12-19T11:00:00.006000+00:00,0.0000125,0.0000386381
2025-12-19T12:00:00.061000+00:00,0.0000125,-0.0000010265
2025-12-19T13:00:00.006000+00:00,0.0000125,0.0000937776
2025-12-19T14:00:00.026000+00:00,0.0000125,0.0001099877
2025-12-19T15:00:00.126000+00:00,0.0000125,0.0001496708
2025-12-19T16:00:00.091000+00:00,0.0000125,-0.0000663066
2025-12-19T17:00:00.109000+00:00,0.0000125,-0.0000952182
2025-12-19T18:00:00.025000+00:00,0.0000125,-0.0001486756
2025-12-19T19:00:00.014000+00:00,0.0000125,-0.0000783946
2025-12-19T20:00:00.036000+00:00,0.0000125,-0.0001258228
2025-12-19T21:00:00.021000+00:00,0.0000125,-0.0001962588
2025-12-19T22:00:00.013000+00:00,0.0000125,-0.0001264039
2025-12-19T23:00:00.045000+00:00,-0.0000109043,-0.0004744691
2025-12-20T00:00:00.049000+00:00,-0.0000198672,-0.0006178746
2025-12-20T01:00:00.054000+00:00,-0.0000012523,-0.0003200365
2025-12-20T02:00:00.052000+00:00,-0.0000007542,-0.0003120669
2025-12-20T03:00:00.088000+00:00,-0.0000067898,-0.0004086363
2025-12-20T04:00:00.068000+00:00,0.00000625,-0.0000973423
2025-12-20T05:00:00.010000+00:00,0.00000625,0.0000306679
2025-12-20T06:00:00.061000+00:00,0.00000625,-0.000079899
2025-12-20T07:00:00.016000+00:00,0.00000625,-0.0000171494
2025-12-20T08:00:00.027000+00:00,0.00000625,0.0001688533
2025-12-20T09:00:00.085000+00:00,0.00000625,0.0001644415
2025-12-20T10:00:00.128000+00:00,0.00000625,-0.0000060188
2025-12-20T11:00:00.020000+00:00,0.00000625,0.0001666033
2025-12-20T12:00:00.008000+00:00,0.00000625,0.0000966253
2025-12-20T13:00:00.029000+00:00,0.00000625,0.0000060926
2025-12-20T14:00:00.160000+00:00,0.0000014562,-0.0002767009
2025-12-20T15:00:00.007000+00:00,0.00000625,-0.0001310867
2025-12-20T16:00:00.049000+00:00,0.0000075229,0.0004203663
2025-12-20T17:00:00.090000+00:00,0.0000523439,0.0011375024
2025-12-20T18:00:00.003000+00:00,0.00000625,0.0000926719
2025-12-20T19:00:00.040000+00:00,-0.0000082607,-0.0004321709
2025-12-20T20:00:00.009000+00:00,0.00000625,-0.000015494
2025-12-20T21:00:00.059000+00:00,0.00000625,-0.0001068417
2025-12-20T22:00:00.093000+00:00,0.0000038623,-0.0002382029
2025-12-20T23:00:00.087000+00:00,0.00000625,0.0001382386
2025-12-21T00:00:00.121000+00:00,-0.000015348,-0.0005455678
2025-12-21T01:00:00.035000+00:00,-0.0000120586,-0.0004929382
2025-12-21T02:00:00.051000+00:00,-0.0000028566,-0.0003457055
2025-12-21T03:00:00.019000+00:00,0.00000625,-0.0001131462
2025-12-21T04:00:00.042000+00:00,0.00000625,-0.0000761486
2025-12-21T05:00:00.026000+00:00,0.00000625,-0.0000126192
2025-12-21T06:00:00.033000+00:00,0.00000625,-0.0000307791
2025-12-21T07:00:00.023000+00:00,0.00000625,0.0000437236
2025-12-21T08:00:00.005000+00:00,0.00000625,0.0000559386
2025-12-21T09:00:00.041000+00:00,-0.000004474,-0.0003715834
2025-12-21T10:00:00.026000+00:00,-0.0000168043,-0.0005688686
2025-12-21T11:00:00.001000+00:00,-0.0000230884,-0.0006694147
2025-12-21T12:00:00.014000+00:00,0.00000625,0.0002929548
2025-12-21T13:00:00.104000+00:00,0.00000625,0.000101492
2025-12-21T14:00:00.061000+00:00,-0.0000067457,-0.0004079315
2025-12-21T15:00:00.046000+00:00,-0.0000065943,-0.0004055084
2025-12-21T16:00:00.090000+00:00,-0.0000185555,-0.0005968883
2025-12-21T17:00:00.081000+00:00,0.00000625,-0.0001967107
2025-12-21T18:00:00.005000+00:00,0.00000625,0.0000627914
2025-12-21T19:00:00.103000+00:00,0.00000625,0.000299413
2025-12-21T20:00:00.004000+00:00,0.00000625,0.0003459724
2025-12-21T21:00:00.091000+00:00,0.00000625,0.0002517686
2025-12-21T22:00:00.043000+00:00,0.00000625,0.0001699269
2025-12-21T23:00:00.179000+00:00,0.00000625,0.0003047183
2025-12-22T00:00:00.034000+00:00,0.00000625,-0.0001630875
2025-12-22T01:00:00.030000+00:00,0.00000625,-0.0001509013
2025-12-22T02:00:00.054000+00:00,-0.0000021126,-0.0003338021
2025-12-22T03:00:00.057000+00:00,-0.0000241405,-0.0006862481
2025-12-22T04:00:00.017000+00:00,-0.000006235,-0.0003997601
2025-12-22T05:00:00.041000+00:00,-0.0000106164,-0.0004698629
2025-12-22T06:00:00.079000+00:00,-0.0000065116,-0.0004041862
2025-12-22T07:00:00.012000+00:00,0.0000041496,-0.0002336069
2025-12-22T08:00:00.066000+00:00,-0.0000070167,-0.0004122668
2025-12-22T09:00:00.042000+00:00,-0.0000059852,-0.0003957624
2025-12-22T10:00:00.028000+00:00,0.00000625,-0.0000188898
2025-12-22T11:00:00.073000+00:00,0.00000625,-0.0000151973
2025-12-22T12:00:00.028000+00:00,0.00000625,0.0000470221
2025-12-22T13:00:00.031000+00:00,0.00000625,-0.0000619373
2025-12-22T14:00:00.065000+00:00,0.00000625,-0.0001456472
2025-12-22T15:00:00.012000+00:00,0.00000625,-0.0000541265
2025-12-22T16:00:00.031000+00:00,0.00000625,0.0001159844
2025-12-22T17:00:00.050000+00:00,0.00000625,0.0001093903
2025-12-22T18:00:00.030000+00:00,0.00000625,0.0000574279
2025-12-22T19:00:00.006000+00:00,0.00000625,0.000015506
2025-12-22T20:00:00.046000+00:00,0.00000625,0.0002059255
2025-12-22T21:00:00+00:00,0.00000625,0.0001819949
2025-12-22T22:00:00.036000+00:00,0.00000625,-0.0000000972
2025-12-22T23:00:00.053000+00:00,0.00000625,-0.0001968523
2025-12-23T00:00:00.002000+00:00,0.00000625,-0.0001266836
2025-12-23T01:00:00.098000+00:00,0.00000625,-0.0001561982
2025-12-23T02:00:00.053000+00:00,0.0000025013,-0.0002599787
2025-12-23T03:00:00.060000+00:00,0.0000009768,-0.0002843711
2025-12-23T04:00:00.059000+00:00,0.00000625,-0.0001495473
2025-12-23T05:00:00.066000+00:00,0.00000625,-0.0000754293
2025-12-23T06:00:00.065000+00:00,0.00000625,-0.0001145788
2025-12-23T07:00:00.033000+00:00,0.0000054879,-0.0002121934
2025-12-23T08:00:00.066000+00:00,-0.0000143264,-0.0005292218
2025-12-23T09:00:00.061000+00:00,-0.0000064279,-0.0004028457
2025-12-23T10:00:00.050000+00:00,-0.0000027034,-0.000343254
2025-12-23T11:00:00.027000+00:00,0.00000625,-0.0001596395
2025-12-23T12:00:00.062000+00:00,-0.0000015217,-0.0003243478
2025-12-23T13:00:00.067000+00:00,0.00000625,-0.0001099103
2025-12-23T14:00:00.025000+00:00,0.00000625,-0.0001358215
2025-12-23T15:00:00.117000+00:00,0.00000625,-0.0001251166
2025-12-23T16:00:00.036000+00:00,0.00000625,-0.0001291331
2025-12-23T17:00:00.118000+00:00,0.0000000239,-0.0002996172
2025-12-23T18:00:00.008000+00:00,-0.000006264,-0.0004002234
2025-12-23T19:00:00.021000+00:00,-0.0000072118,-0.0004153887
2025-12-23T20:00:00.206000+00:00,-0.0000059198,-0.0003947172
2025-12-23T21:00:00.067000+00:00,-0.0000052028,-0.0003832442
2025-12-23T22:00:00.021000+00:00,-0.0000008335,-0.0003133362
2025-12-23T23:00:00.051000+00:00,-0.0000101481,-0.0004623694
2025-12-24T00:00:00.088000+00:00,-0.0000023132,-0.0003370114
2025-12-24T01:00:00.030000+00:00,-0.0000035862,-0.0003573789
2025-12-24T02:00:00.077000+00:00,-0.0000088281,-0.0004412495
2025-12-24T03:00:00.005000+00:00,-0.000021829,-0.0006492634
2025-12-24T04:00:00.045000+00:00,-0.0000432531,-0.0009920488
2025-12-24T05:00:00.039000+00:00,-0.0000248493,-0.0006975883
2025-12-24T06:00:00.027000+00:00,-0.0000105276,-0.000468441
2025-12-24T07:00:00.010000+00:00,-0.000006757,-0.0004081115
2025-12-24T08:00:00.074000+00:00,-0.0000016102,-0.0003257626
2025-12-24T09:00:00.035000+00:00,0.0000033344,-0.0002466493
2025-12-24T10:00:00.079000+00:00,0.00000625,-0.0001852529
2025-12-24T11:00:00.034000+00:00,0.00000625,-0.0001273913
2025-12-24T12:00:00.028000+00:00,0.0000040175,-0.0002357197
2025-12-24T13:00:00.012000+00:00,-0.0000009354,-0.0003149661
2025-12-24T14:00:00.025000+00:00,-0.0000004361,-0.0003069773
2025-12-24T15:00:00.087000+00:00,0.0000016477,-0.0002736362
2025-12-24T16:00:00.002000+00:00,-0.000001129,-0.0003180643
2025-12-24T17:00:00.013000+00:00,0.0000034776,-0.000244359
2025-12-24T18:00:00.037000+00:00,0.0000056303,-0.0002099154
2025-12-24T19:00:00.010000+00:00,-0.0000514414,-0.001123062
2025-12-24T20:00:00.012000+00:00,-0.0000051802,-0.0003828834
2025-12-24T21:00:00.014000+00:00,0.0000048337,-0.0002226601
2025-12-24T22:00:00.001000+00:00,0.00000625,0.000254505
2025-12-24T23:00:00.087000+00:00,0.00000625,0.0002345857
2025-12-25T00:00:00.009000+00:00,0.00000625,0.0001959461
2025-12-25T01:00:00.033000+00:00,0.00000625,0.0002031212
2025-12-25T02:00:00.085000+00:00,0.00000625,0.0000899171
2025-12-25T03:00:00.030000+00:00,0.00000625,0.0000937363
2025-12-25T04:00:00.034000+00:00,0.00000625,0.0000506267
2025-12-25T05:00:00.023000+00:00,0.00000625,-0.0000410355
2025-12-25T06:00:00.056000+00:00,0.00000625,-0.0000431504
2025-12-25T07:00:00.023000+00:00,0.00000625,-0.000054511
2025-12-25T08:00:00.045000+00:00,0.00000625,-0.0000435416
2025-12-25T09:00:00.041000+00:00,0.00000625,-0.0000271097
2025-12-25T10:00:00.018000+00:00,0.00000625,-0.0000092573
2025-12-25T11:00:00.029000+00:00,0.00000625,0.0000473885
2025-12-25T12:00:00.064000+00:00,0.00000625,-0.0001406381
2025-12-25T13:00:00.067000+00:00,0.00000625,-0.0001433801
2025-12-25T14:00:00.102000+00:00,0.00000625,-0.0000521839
2025-12-25T15:00:00.042000+00:00,0.0000547561,0.0011760982
2025-12-25T16:00:00.058000+00:00,0.0000439025,0.0010024399
2025-12-25T17:00:00.056000+00:00,0.000004317,-0.0002309286
2025-12-25T18:00:00.010000+00:00,0.00000625,-0.0000189262
2025-12-25T19:00:00.040000+00:00,0.00000625,0.0000543181
2025-12-25T20:00:00.060000+00:00,0.00000625,-0.0000826398
2025-12-25T21:00:00.080000+00:00,0.00000625,0.0000502366
2025-12-25T22:00:00.003000+00:00,0.00000625,0.0000286149
2025-12-25T23:00:00.019000+00:00,0.00000625,0.0000432905
2025-12-26T00:00:00.022000+00:00,-0.0000489155,-0.0010826483
2025-12-26T01:00:00.008000+00:00,-0.0000336458,-0.000838333
2025-12-26T02:00:00.062000+00:00,-0.0001068815,-0.0020101033
2025-12-26T03:00:00+00:00,-0.0000739907,-0.0014838504
2025-12-26T04:00:00.056000+00:00,-0.0000749692,-0.0014995074
2025-12-26T05:00:00.092000+00:00,-0.0000859631,-0.0016754097
2025-12-26T06:00:00.012000+00:00,-0.0000360756,-0.00087721
2025-12-26T07:00:00.039000+00:00,-0.0000154957,-0.0005479313
2025-12-26T08:00:00.040000+00:00,-0.000022519,-0.0006603047
2025-12-26T09:00:00.017000+00:00,-0.0000851605,-0.0016625674
2025-12-26T10:00:00.113000+00:00,-0.0000273718,-0.0007379481
2025-12-26T11:00:00.164000+00:00,-0.0000371734,-0.0008947749
2025-12-26T12:00:00.040000+00:00,-0.0000126417,-0.0005022675
2025-12-26T13:00:00.030000+00:00,-0.0000256612,-0.0007105792
2025-12-26T14:00:00.015000+00:00,-0.0000215351,-0.0006445614
2025-12-26T15:00:00.077000+00:00,0.00000625,-0.0001888534
2025-12-26T16:00:00.036000+00:00,0.0000058091,-0.000207055
2025-12-26T17:00:00.019000+00:00,-0.0000010805,-0.0003172875
2025-12-26T18:00:00.088000+00:00,0.0000042547,-0.0002319251
2025-12-26T19:00:00.033000+00:00,0.000005909,-0.0002054564
2025-12-26T20:00:00.045000+00:00,0.00000625,0.0000059398
2025-12-26T21:00:00.004000+00:00,0.00000625,0.0003361049
2025-12-26T22:00:00.040000+00:00,0.0000507652,0.0011122439
2025-12-26T23:00:00.040000+00:00,0.0000314764,0.0008036216
2025-12-27T00:00:00.023000+00:00,0.0000289348,0.0007629561
2025-12-27T01:00:00.020000+00:00,0.0000568342,0.0012093473
2025-12-27T02:00:00.019000+00:00,0.0000557385,0.0011918163
2025-12-27T03:00:00.083000+00:00,0.0000349267,0.0008588278
2025-12-27T04:00:00+00:00,0.0000233439,0.0006735032
2025-12-27T05:00:00.022000+00:00,0.0000150167,0.0005402676
2025-12-27T06:00:00.022000+00:00,0.0000123361,0.0004973781
2025-12-27T07:00:00.101000+00:00,0.0000472793,0.001056468
2025-12-27T08:00:00.049000+00:00,0.0000120577,0.0004929232
2025-12-27T09:00:00.024000+00:00,0.00000625,0.0001787102
2025-12-27T10:00:00.051000+00:00,0.00000625,0.0001533866
2025-12-27T11:00:00.058000+00:00,0.00000625,-0.0000310719
2025-12-27T12:00:00.048000+00:00,0.00000625,0.0003808369
2025-12-27T13:00:00.049000+00:00,0.00000625,0.0003284952
2025-12-27T14:00:00.129000+00:00,0.00000625,0.0000142417
2025-12-27T15:00:00.130000+00:00,0.00000625,-0.000165241
2025-12-27T16:00:00.019000+00:00,0.00000625,-0.0001533233
2025-12-27T17:00:00.106000+00:00,-0.0000089233,-0.0004427734
2025-12-27T18:00:00.021000+00:00,-0.0000093789,-0.0004500623
2025-12-27T19:00:00.007000+00:00,0.00000625,0.0001176768
2025-12-27T20:00:00.057000+00:00,0.00000625,-0.0000025363
2025-12-27T21:00:00.027000+00:00,0.0000209702,0.0006355225
2025-12-27T22:00:00.034000+00:00,0.0000295888,0.0007734207
2025-12-27T23:00:00.018000+00:00,0.0000123187,0.0004970991
2025-12-28T00:00:00.072000+00:00,0.00000625,-0.0000666432
2025-12-28T01:00:00.041000+00:00,-0.0000192419,-0.0006078711
2025-12-28T02:00:00.027000+00:00,-0.0000380504,-0.0009088058
2025-12-28T03:00:00.017000+00:00,-0.000027653,-0.000742448
2025-12-28T04:00:00.024000+00:00,-0.0000025546,-0.0003408728
2025-12-28T05:00:00.062000+00:00,0.0000039114,-0.0002374177
2025-12-28T06:00:00.060000+00:00,-0.0000020489,-0.0003327829
2025-12-28T07:00:00.028000+00:00,-0.0000200948,-0.0006215162
2025-12-28T08:00:00.040000+00:00,-0.0000060677,-0.0003970836
2025-12-28T09:00:00.005000+00:00,0.00000625,0.0000234544
2025-12-28T10:00:00.074000+00:00,0.00000625,-0.0000150633
2025-12-28T11:00:00.057000+00:00,0.00000625,-0.0000425934
2025-12-28T12:00:00.046000+00:00,0.00000625,-0.0001716883
2025-12-28T13:00:00.095000+00:00,-0.0000040599,-0.0003649578
2025-12-28T14:00:00.095000+00:00,0.00000625,-0.0001549976
2025-12-28T15:00:00.109000+00:00,0.00000625,-0.0000594541
2025-12-28T16:00:00.008000+00:00,0.00000625,0.0000640972
2025-12-28T17:00:00.074000+00:00,0.00000625,0.0002631003
2025-12-28T18:00:00.041000+00:00,0.00000625,0.000222578
2025-12-28T19:00:00.019000+00:00,0.00000625,0.000247808
2025-12-28T20:00:00.016000+00:00,0.00000625,0.0002571925
2025-12-28T21:00:00.047000+00:00,0.00000625,0.0003886827
2025-12-28T22:00:00.072000+00:00,0.00000625,0.000260403
2025-12-28T23:00:00.045000+00:00,0.00000625,-0.0000944409
2025-12-29T00:00:00.132000+00:00,-0.0000300378,-0.0007806044
2025-12-29T01:00:00.082000+00:00,-0.0000153698,-0.0005459166
2025-12-29T02:00:00.076000+00:00,0.00000625,0.0003242151
2025-12-29T03:00:00.049000+00:00,0.0000378607,0.0009057711
2025-12-29T04:00:00.132000+00:00,0.0000453062,0.0010248995
2025-12-29T05:00:00.006000+00:00,0.0000106543,0.0004704689
2025-12-29T06:00:00.005000+00:00,0.0000480378,0.0010686043
2025-12-29T07:00:00.018000+00:00,0.0000191221,0.0006059534
2025-12-29T08:00:00.014000+00:00,0.0000318109,0.0008089741
2025-12-29T09:00:00.030000+00:00,0.000049076,0.0010852156
2025-12-29T10:00:00.008000+00:00,0.0000387753,0.0009204049
2025-12-29T11:00:00.098000+00:00,0.00000625,0.0001769502
2025-12-29T12:00:00.026000+00:00,0.00000625,0.0001384425
2025-12-29T13:00:00.001000+00:00,0.00000625,0.000056251
2025-12-29T14:00:00.028000+00:00,0.00000625,0.0002192387
2025-12-29T15:00:00.031000+00:00,0.00000625,0.0001940987
2025-12-29T16:00:00.014000+00:00,0.00000625,0.0001022389
2025-12-29T17:00:00.019000+00:00,0.00000625,0.000140398
2025-12-29T18:00:00.031000+00:00,0.00000625,0.0001248391
2025-12-29T19:00:00.026000+00:00,0.00000625,0.000078952
2025-12-29T20:00:00.055000+00:00,0.00000625,0.0001373142
2025-12-29T21:00:00.006000+00:00,0.00000625,0.0000706957
2025-12-29T22:00:00.075000+00:00,0.00000625,0.0003536037
2025-12-29T23:00:00.040000+00:00,0.0000067431,0.0004078891
2025-12-30T00:00:00.010000+00:00,0.00000625,0.0003736098
2025-12-30T01:00:00.049000+00:00,0.0000149749,0.0005395981
2025-12-30T02:00:00.033000+00:00,0.0000448261,0.0010172174
2025-12-30T03:00:00.041000+00:00,0.000038793,0.0009206879
2025-12-30T04:00:00.063000+00:00,0.0000256479,0.0007103666
2025-12-30T05:00:00.069000+00:00,0.0000310481,0.000796769
2025-12-30T06:00:00.067000+00:00,0.0000253598,0.0007057571
2025-12-30T07:00:00.062000+00:00,0.0000404475,0.0009471597
2025-12-30T08:00:00.028000+00:00,0.0000263037,0.0007208588
2025-12-30T09:00:00.045000+00:00,0.0000083388,0.0004334204
2025-12-30T10:00:00.080000+00:00,0.00000625,0.0003763129
2025-12-30T11:00:00.054000+00:00,0.00000625,0.0001528521
2025-12-30T12:00:00.003000+00:00,0.00000625,0.0001851392
2025-12-30T13:00:00.121000+00:00,0.00000625,0.0002015888
2025-12-30T14:00:00.031000+00:00,0.00000625,0.0003864768
2025-12-30T15:00:00.036000+00:00,0.00000625,0.0002539548
2025-12-30T16:00:00.039000+00:00,0.00000625,0.0000910116
2025-12-30T17:00:00.051000+00:00,0.00000625,0.0003258283
2025-12-30T18:00:00.071000+00:00,0.00000625,0.0003614265
2025-12-30T19:00:00.033000+00:00,0.00000625,0.0003354296
2025-12-30T20:00:00.120000+00:00,0.00000625,0.0002762928
2025-12-30T21:00:00.041000+00:00,0.00000625,0.0003318998
2025-12-30T22:00:00.003000+00:00,0.0000092599,0.0004481577
2025-12-30T23:00:00.047000+00:00,0.0000077061,0.0004232984
2025-12-31T00:00:00.021000+00:00,0.00000625,0.0003208762
2025-12-31T01:00:00.022000+00:00,0.00000625,0.0003002597
2025-12-31T02:00:00.037000+00:00,0.00000625,0.0003756651
2025-12-31T03:00:00.053000+00:00,0.0000102826,0.0004645212
2025-12-31T04:00:00.057000+00:00,0.0000132718,0.0005123489
2025-12-31T05:00:00.011000+00:00,0.00000625,0.0003752305
2025-12-31T06:00:00.002000+00:00,0.0000144914,0.0005318627
2025-12-31T07:00:00.029000+00:00,0.0000568846,0.0012101528
2025-12-31T08:00:00.063000+00:00,0.0000592926,0.0012486813
2025-12-31T09:00:00.019000+00:00,0.0000477309,0.0010636943
2025-12-31T10:00:00.002000+00:00,0.0000471808,0.0010548929
2025-12-31T11:00:00.050000+00:00,0.000024896,0.0006983355
2025-12-31T12:00:00.095000+00:00,0.00000625,0.0003713528
2025-12-31T13:00:00.002000+00:00,0.00000625,0.0002229812
2025-12-31T14:00:00.008000+00:00,0.00000625,0.0002267622
2025-12-31T15:00:00.015000+00:00,0.00000625,0.0000542482
2025-12-31T16:00:00.089000+00:00,0.00000625,0.0000811281
2025-12-31T17:00:00.072000+00:00,0.00000625,0.0000862178
2025-12-31T18:00:00.050000+00:00,0.00000625,0.0000532208
2025-12-31T19:00:00.053000+00:00,0.00000625,0.0000454318
2025-12-31T20:00:00.058000+00:00,0.00000625,0.0000365704
2025-12-31T21:00:00.043000+00:00,0.00000625,0.0001491363
2025-12-31T22:00:00.100000+00:00,0.0000904195,0.0017467114
2025-12-31T23:00:00.093000+00:00,0.0000482518,0.0010720289
2026-01-01T00:00:00.063000+00:00,0.0000652107,0.001343371
2026-01-01T01:00:00.053000+00:00,0.0000854459,0.001667135
2026-01-01T02:00:00.024000+00:00,0.0001063861,0.0020021776
2026-01-01T03:00:00.012000+00:00,0.0000353201,0.0008651217
2026-01-01T04:00:00.036000+00:00,0.00000625,0.0003034019
2026-01-01T05:00:00.040000+00:00,0.00000625,0.0001219951
2026-01-01T06:00:00.053000+00:00,0.0000000613,-0.0002990199
2026-01-01T07:00:00.011000+00:00,0.00000625,0.0001748384
2026-01-01T08:00:00.045000+00:00,0.00000625,0.0003585382
2026-01-01T09:00:00.098000+00:00,0.00000625,0.0003931697
2026-01-01T10:00:00.010000+00:00,0.0000182818,0.0005925095
2026-01-01T11:00:00.034000+00:00,0.00000625,0.0001466318
2026-01-01T12:00:00.051000+00:00,0.00000625,0.0003320906
2026-01-01T13:00:00.101000+00:00,0.00000625,0.0001250367
2026-01-01T14:00:00.010000+00:00,-0.0000061454,-0.0003983271
2026-01-01T15:00:00.003000+00:00,-0.0000012202,-0.0003195231
2026-01-01T16:00:00.025000+00:00,0.00000625,0.0000989605
2026-01-01T17:00:00.034000+00:00,0.00000625,0.0003236464
2026-01-01T18:00:00.042000+00:00,-0.0000030733,-0.0003491723
2026-01-01T19:00:00.029000+00:00,-0.0000019947,-0.0003319155
2026-01-01T20:00:00.043000+00:00,0.00000625,0.0002516589
2026-01-01T21:00:00.069000+00:00,0.0000081363,0.0004301807
2026-01-01T22:00:00.047000+00:00,0.0000809,0.0015943999
2026-01-01T23:00:00.023000+00:00,0.0000342027,0.0008472424
2026-01-02T00:00:00.042000+00:00,0.0000226752,0.0006628031
2026-01-02T01:00:00.032000+00:00,-0.0000228448,-0.0006655175
2026-01-02T02:00:00.057000+00:00,0.0000112904,0.0004806457
2026-01-02T03:00:00.019000+00:00,0.00000625,-0.0000704075
2026-01-02T04:00:00.139000+00:00,0.0000130858,0.000509372
2026-01-02T05:00:00.110000+00:00,0.0000308376,0.000793401
2026-01-02T06:00:00.022000+00:00,0.00000625,0.0001630856
2026-01-02T07:00:00.003000+00:00,0.00000625,0.0001402728
2026-01-02T08:00:00.081000+00:00,0.00000625,0.0003653557
2026-01-02T09:00:00.003000+00:00,0.00000625,0.0002060156
2026-01-02T10:00:00.091000+00:00,0.00000625,0.00003127
2026-01-02T11:00:00.048000+00:00,0.0000092753,0.000448405
2026-01-02T12:00:00.042000+00:00,0.00000625,0.0001968656
2026-01-02T13:00:00.114000+00:00,0.00000625,0.0001177607
2026-01-02T14:00:00.009000+00:00,0.00000625,0.0003254589
2026-01-02T15:00:00.105000+00:00,0.00000625,0.000367353
2026-01-02T16:00:00.038000+00:00,0.00000625,0.0001715869
2026-01-02T17:00:00.047000+00:00,0.00000625,0.000343315
2026-01-02T18:00:00.034000+00:00,0.00000625,0.0003038049
2026-01-02T19:00:00.026000+00:00,0.00000625,0.0001676613
2026-01-02T20:00:00.027000+00:00,0.00000625,0.000214953
2026-01-02T21:00:00+00:00,0.00000625,-0.0000274515
2026-01-02T22:00:00.042000+00:00,0.00000625,0.0000297959
2026-01-02T23:00:00.022000+00:00,0.00000625,0.0000211278
2026-01-03T00:00:00.008000+00:00,0.00000625,-0.0001379026
2026-01-03T01:00:00.018000+00:00,0.00000625,-0.0001097785
2026-01-03T02:00:00.008000+00:00,0.00000625,0.0001577736
2026-01-03T03:00:00.074000+00:00,0.00000625,0.000048618
2026-01-03T04:00:00.011000+00:00,-0.0000257173,-0.000711477
2026-01-03T05:00:00.006000+00:00,-0.0000448062,-0.0010168995
2026-01-03T06:00:00.019000+00:00,0.00000625,0.0003750702
2026-01-03T07:00:00.004000+00:00,0.00000625,0.0000765948
2026-01-03T08:00:00.011000+00:00,0.00000625,-0.000090123
2026-01-03T09:00:00.067000+00:00,0.0000033785,-0.0002459448
2026-01-03T10:00:00.026000+00:00,-0.0000058681,-0.00039389
2026-01-03T11:00:00.060000+00:00,0.00000625,-0.0001525404
2026-01-03T12:00:00.095000+00:00,0.0000047872,-0.0002234046
2026-01-03T13:00:00.083000+00:00,0.00000625,0.0000893842
2026-01-03T14:00:00.043000+00:00,0.00000625,0.0003616431
2026-01-03T15:00:00.072000+00:00,0.0000104312,0.0004668999
2026-01-03T16:00:00.044000+00:00,0.0000159306,0.0005548889
2026-01-03T17:00:00.083000+00:00,0.0000157244,0.000551591
2026-01-03T18:00:00.061000+00:00,0.00000625,0.0003522392
2026-01-03T19:00:00.032000+00:00,0.0000134107,0.0005145717
2026-01-03T20:00:00.019000+00:00,0.0000380146,0.0009082333
2026-01-03T21:00:00.128000+00:00,0.0001144033,0.0021304527
2026-01-03T22:00:00.077000+00:00,0.0001091662,0.002046659
2026-01-03T23:00:00.046000+00:00,0.0000913705,0.0017619284
2026-01-04T00:00:00.024000+00:00,0.00000625,0.0003804555
2026-01-04T01:00:00.010000+00:00,-0.000014416,-0.0005306554
2026-01-04T02:00:00.026000+00:00,-0.0000350378,-0.0008606053
2026-01-04T03:00:00.011000+00:00,-0.0000184905,-0.0005958474
2026-01-04T04:00:00.063000+00:00,-0.000008401,-0.0004344161
2026-01-04T05:00:00.060000+00:00,0.0000036086,-0.0002422631
2026-01-04T06:00:00.066000+00:00,-0.0000336952,-0.0008391226
2026-01-04T07:00:00.031000+00:00,0.0001493738,0.0026899812
2026-01-04T08:00:00.036000+00:00,0.0000669048,0.0013704776
2026-01-04T09:00:00.001000+00:00,0.0000114865,0.0004837833
2026-01-04T10:00:00.051000+00:00,0.0000329449,0.0008271191
2026-01-04T11:00:00.051000+00:00,0.0000243236,0.0006891779
2026-01-04T12:00:00.052000+00:00,0.00000625,0.0003757235
2026-01-04T13:00:00.062000+00:00,0.00000625,0.000377933
2026-01-04T14:00:00.019000+00:00,0.00000625,0.0003534934
2026-01-04T15:00:00.078000+00:00,0.0000766803,0.0015268843
2026-01-04T16:00:00.098000+00:00,-0.0000118789,-0.0004900626
2026-01-04T17:00:00.020000+00:00,-0.0000571136,-0.0012138183
2026-01-04T18:00:00.054000+00:00,-0.0000257129,-0.0007114058
2026-01-04T19:00:00.024000+00:00,-0.0000190973,-0.0006055574
2026-01-04T20:00:00.062000+00:00,0.0000038595,-0.0002382481
2026-01-04T21:00:00+00:00,-0.0000524131,-0.0011386098
2026-01-04T22:00:00.037000+00:00,-0.000188707,-0.0033193126
2026-01-04T23:00:00.111000+00:00,-0.0001364539,-0.0024832623
2026-01-05T00:00:00+00:00,0.00000625,0.0001005459
2026-01-05T01:00:00.014000+00:00,0.0000923738,0.0017779813
2026-01-05T02:00:00.009000+00:00,0.000125925,0.0023148001
2026-01-05T03:00:00.010000+00:00,0.0000204786,0.0006276579
2026-01-05T04:00:00.044000+00:00,0.0000231625,0.0006705999
2026-01-05T05:00:00.042000+00:00,0.000007569,0.0004211035
2026-01-05T06:00:00.026000+00:00,0.00000625,0.0000450308
2026-01-05T07:00:00.067000+00:00,0.00000625,-0.0000198084
2026-01-05T08:00:00.060000+00:00,0.00000625,-0.0000132306
2026-01-05T09:00:00.043000+00:00,0.00000625,0.0002180025
2026-01-05T10:00:00.038000+00:00,0.00000625,0.0002024562
2026-01-05T11:00:00.040000+00:00,0.00000625,0.000313868
2026-01-05T12:00:00.068000+00:00,0.0000343448,0.0008495166
2026-01-05T13:00:00.054000+00:00,0.00000625,0.0001348844
2026-01-05T14:00:00.015000+00:00,0.00000625,0.0000966437
2026-01-05T15:00:00.020000+00:00,0.00000625,0.0002966983
2026-01-05T16:00:00.051000+00:00,0.0000164336,0.0005629375
2026-01-05T17:00:00.085000+00:00,0.0000127177,0.0005034831
2026-01-05T18:00:00.081000+00:00,0.0000165226,0.0005643611
2026-01-05T19:00:00.056000+00:00,0.0000094768,0.0004516284
2026-01-05T20:00:00.045000+00:00,0.0000087152,0.0004394424
2026-01-05T21:00:00.022000+00:00,0.0000085228,0.0004363654
2026-01-05T22:00:00.008000+00:00,0.0000194108,0.0006105732
2026-01-05T23:00:00.068000+00:00,0.0000174105,0.0005785685
2026-01-06T00:00:00.017000+00:00,0.0000135056,0.0005160895
2026-01-06T01:00:00.086000+00:00,0.00000625,0.0002889613
2026-01-06T02:00:00.073000+00:00,0.0000065033,0.0004040523
2026-01-06T03:00:00.033000+00:00,0.0000087164,0.0004394631
2026-01-06T04:00:00.036000+00:00,0.0000207205,0.0006315283
2026-01-06T05:00:00.075000+00:00,0.0000477146,0.0010634344
2026-01-06T06:00:00.013000+00:00,0.0000459574,0.0010353186
2026-01-06T07:00:00.008000+00:00,0.0000314878,0.0008038043
2026-01-06T08:00:00.066000+00:00,0.0000281352,0.0007501631
2026-01-06T09:00:00.059000+00:00,0.0000264497,0.0007231945
2026-01-06T10:00:00.012000+00:00,0.0000108452,0.000473524
2026-01-06T11:00:00.060000+00:00,0.000007396,0.0004183362
2026-01-06T12:00:00.017000+00:00,0.00000625,0.0003684004
2026-01-06T13:00:00.002000+00:00,0.00000625,0.0003388882
2026-01-06T14:00:00.046000+00:00,0.00000625,0.0003068574
2026-01-06T15:00:00.076000+00:00,0.00000625,0.0002636683
2026-01-06T16:00:00.036000+00:00,0.00000625,0.0002443444
2026-01-06T17:00:00.012000+00:00,0.00000625,0.0000814181
2026-01-06T18:00:00.001000+00:00,0.00000625,0.000048254
2026-01-06T19:00:00.037000+00:00,0.00000625,0.0000568034
2026-01-06T20:00:00.018000+00:00,0.00000625,0.0000274538
2026-01-06T21:00:00.062000+00:00,0.00000625,0.0001269021
2026-01-06T22:00:00.005000+00:00,0.00000625,0.0003404052
2026-01-06T23:00:00.008000+00:00,0.00000625,0.0003064516
2026-01-07T00:00:00.119000+00:00,0.0000159214,0.000554743
2026-01-07T01:00:00.007000+00:00,0.000023117,0.0006698718
2026-01-07T02:00:00.010000+00:00,0.00000625,0.0001762199
2026-01-07T03:00:00.017000+00:00,0.00000625,0.0001381702
2026-01-07T04:00:00.033000+00:00,0.00000625,0.0000923372
2026-01-07T05:00:00.087000+00:00,0.00000625,0.000090323
2026-01-07T06:00:00.009000+00:00,0.00000625,0.0000326637
2026-01-07T07:00:00.014000+00:00,0.00000625,0.0000588721
2026-01-07T08:00:00.062000+00:00,0.00000625,0.0000568412
2026-01-07T09:00:00.082000+00:00,0.00000625,0.0000554584
2026-01-07T10:00:00.029000+00:00,0.00000625,0.0002575937
2026-01-07T11:00:00.048000+00:00,0.00000625,0.0003290603
2026-01-07T12:00:00.096000+00:00,0.00000625,0.0001064278
2026-01-07T13:00:00.074000+00:00,0.00000625,0.0000781207
2026-01-07T14:00:00.040000+00:00,0.00000625,0.0000849927
2026-01-07T15:00:00.099000+00:00,0.00000625,-0.0000163911
2026-01-07T16:00:00.081000+00:00,0.00000625,-0.0001371239
2026-01-07T17:00:00.013000+00:00,0.00000625,-0.0001809862
2026-01-07T18:00:00.014000+00:00,0.00000625,-0.000154642
2026-01-07T19:00:00.055000+00:00,0.00000625,-0.0001078096
2026-01-07T20:00:00.113000+00:00,0.00000625,-0.0000431849
2026-01-07T21:00:00.117000+00:00,0.00000625,0.0000078059
2026-01-07T22:00:00.043000+00:00,0.00000625,0.0000253497
2026-01-07T23:00:00.090000+00:00,0.00000625,0.0000221989
2026-01-08T00:00:00.001000+00:00,0.00000625,0.0000615262
2026-01-08T01:00:00.035000+00:00,0.00000625,0.0000551894
2026-01-08T02:00:00.029000+00:00,0.00000625,0.0000435585
2026-01-08T03:00:00.014000+00:00,0.00000625,0.0000524769
2026-01-08T04:00:00.069000+00:00,0.00000625,0.0000218771
2026-01-08T05:00:00.155000+00:00,0.00000625,-0.0000270175
2026-01-08T06:00:00.094000+00:00,0.00000625,-0.0000193893
2026-01-08T07:00:00.010000+00:00,0.00000625,-0.0000000467
2026-01-08T08:00:00.089000+00:00,0.00000625,0.0000345997
2026-01-08T09:00:00.077000+00:00,0.00000625,0.0000454086
2026-01-08T10:00:00.037000+00:00,-0.0000009213,-0.0003147412
2026-01-08T11:00:00.015000+00:00,0.0000059739,-0.0002044175
2026-01-08T12:00:00.137000+00:00,0.00000625,-0.000054132
2026-01-08T13:00:00.040000+00:00,0.00000625,0.0001323589
2026-01-08T14:00:00+00:00,0.00000625,0.0001705731
2026-01-08T15:00:00.106000+00:00,0.00000625,0.0001800296
2026-01-08T16:00:00.063000+00:00,0.0000295111,0.0007721771
2026-01-08T17:00:00.004000+00:00,0.000034559,0.0008529441
2026-01-08T18:00:00.008000+00:00,0.0000313703,0.0008019251
2026-01-08T19:00:00.013000+00:00,0.0000141536,0.0005264574
2026-01-08T20:00:00.098000+00:00,0.0000201309,0.0006220938
2026-01-08T21:00:00.116000+00:00,0.0000077405,0.0004238479
2026-01-08T22:00:00.008000+00:00,0.00000625,0.0001924585
2026-01-08T23:00:00.085000+00:00,0.0000079779,0.0004276466
2026-01-09T00:00:00.020000+00:00,0.00000625,0.0000818098
2026-01-09T01:00:00.016000+00:00,0.00000625,0.0003488018
2026-01-09T02:00:00.063000+00:00,0.0000087027,0.0004392426
2026-01-09T03:00:00.059000+00:00,0.0000177261,0.0005836169
2026-01-09T04:00:00.100000+00:00,0.0000223907,0.0006582508
2026-01-09T05:00:00.158000+00:00,0.0000195555,0.0006128877
2026-01-09T06:00:00.046000+00:00,0.00000625,0.000218267
2026-01-09T07:00:00.012000+00:00,0.00000625,0.0000604075
2026-01-09T08:00:00.028000+00:00,0.00000625,0.0002155878
2026-01-09T09:00:00.072000+00:00,0.00000625,0.0002610965
2026-01-09T10:00:00.077000+00:00,0.00000625,0.000241428
2026-01-09T11:00:00.050000+00:00,0.00000625,0.0003218439
2026-01-09T12:00:00.041000+00:00,0.00000625,0.0003878726
2026-01-09T13:00:00.005000+00:00,0.0000106068,0.0004697091
2026-01-09T14:00:00.032000+00:00,0.0000063862,0.0004021786
2026-01-09T15:00:00.042000+00:00,0.00000625,0.000383548
2026-01-09T16:00:00.002000+00:00,0.00000625,0.0003795254
2026-01-09T17:00:00.004000+00:00,0.0000313571,0.000801714
2026-01-09T18:00:00.018000+00:00,0.000022571,0.0006611367
2026-01-09T19:00:00.042000+00:00,0.0000150119,0.0005401897
2026-01-09T20:00:00.065000+00:00,0.0000113843,0.0004821481
2026-01-09T21:00:00+00:00,0.00000625,0.0003625085
2026-01-09T22:00:00.018000+00:00,0.000016197,0.0005591518
2026-01-09T23:00:00.025000+00:00,0.0000065059,0.0004040939
2026-01-10T00:00:00.103000+00:00,0.000010455,0.0004672793
2026-01-10T01:00:00.110000+00:00,0.00000625,0.0003644954
2026-01-10T02:00:00.064000+00:00,0.0000065552,0.0004048836
2026-01-10T03:00:00.039000+00:00,0.00000625,0.0002155735
2026-01-10T04:00:00.085000+00:00,0.00000625,-0.0000303838
2026-01-10T05:00:00.065000+00:00,0.00000625,-0.0001591162
2026-01-10T06:00:00.034000+00:00,0.00000625,-0.0001803354
2026-01-10T07:00:00.035000+00:00,0.00000625,0.0001984529
2026-01-10T08:00:00.072000+00:00,0.00000625,0.0000662958
2026-01-10T09:00:00.033000+00:00,0.00000625,0.0003155898
2026-01-10T10:00:00.024000+00:00,0.00000625,0.0002462446
2026-01-10T11:00:00.060000+00:00,0.0000218028,0.0006488444
2026-01-10T12:00:00.034000+00:00,0.00000625,0.0001403949
2026-01-10T13:00:00.030000+00:00,0.00000625,0.0003171923
2026-01-10T14:00:00.051000+00:00,0.0000140944,0.0005255098
2026-01-10T15:00:00.017000+00:00,0.00000625,0.0002261704
2026-01-10T16:00:00.003000+00:00,0.00000625,0.0001589744
2026-01-10T17:00:00.066000+00:00,0.000008279,0.0004324636
2026-01-10T18:00:00.054000+00:00,0.00000625,0.000324789
2026-01-10T19:00:00.025000+00:00,-0.0000134847,-0.0005157553
2026-01-10T20:00:00.081000+00:00,-0.0000451732,-0.001022771
2026-01-10T21:00:00.083000+00:00,-0.0000201389,-0.0006222219
2026-01-10T22:00:00.025000+00:00,-0.0000309918,-0.0007958689
2026-01-10T23:00:00.047000+00:00,-0.0000237433,-0.0006798922
2026-01-11T00:00:00.007000+00:00,-0.0000034516,-0.0003552259
2026-01-11T01:00:00.046000+00:00,0.00000625,0.0000391476
2026-01-11T02:00:00.078000+00:00,0.00000625,0.0001557371
2026-01-11T03:00:00.099000+00:00,0.000050248,0.0011039678
2026-01-11T04:00:00.011000+00:00,0.0000242783,0.0006884521
2026-01-11T05:00:00.012000+00:00,0.0000200235,0.0006203753
2026-01-11T06:00:00.038000+00:00,0.00000625,0.0003735414
2026-01-11T07:00:00.049000+00:00,0.00000625,0.0003201243
2026-01-11T08:00:00.066000+00:00,0.00000625,0.000352854
2026-01-11T09:00:00.045000+00:00,0.00000625,0.0002905252
2026-01-11T10:00:00.103000+00:00,0.0000077743,0.0004243889
2026-01-11T11:00:00.105000+00:00,0.00000625,0.0003709854
2026-01-11T12:00:00.018000+00:00,0.0000127485,0.0005039753
2026-01-11T13:00:00.035000+00:00,0.0000130389,0.000508622
2026-01-11T14:00:00.034000+00:00,0.00000625,0.0002304562
2026-01-11T15:00:00.124000+00:00,0.00000625,0.0002216449
2026-01-11T16:00:00.122000+00:00,0.00000625,-0.0001897442
2026-01-11T17:00:00.061000+00:00,0.00000625,0.0001988808
2026-01-11T18:00:00.004000+00:00,0.0000198456,0.0006175298
2026-01-11T19:00:00.023000+00:00,-0.0000744262,-0.0014908185
2026-01-11T20:00:00.002000+00:00,0.00000625,-0.0000275719
2026-01-11T21:00:00.010000+00:00,-0.0000975554,-0.001860887
2026-01-11T22:00:00.083000+00:00,-0.000005342,-0.0003854726
2026-01-11T23:00:00.127000+00:00,-0.000023377,-0.0006740326
2026-01-12T00:00:00.053000+00:00,0.0000538943,0.0011623086
2026-01-12T01:00:00.080000+00:00,0.00000625,0.0002379582
2026-01-12T02:00:00.090000+00:00,0.0000193981,0.0006103702
2026-01-12T03:00:00.016000+00:00,0.0000106232,0.0004699711
2026-01-12T04:00:00.021000+00:00,0.00000625,0.0003762786
2026-01-12T05:00:00.027000+00:00,0.00000625,0.000392078
2026-01-12T06:00:00.025000+00:00,0.000015216,0.0005434567
2026-01-12T07:00:00.061000+00:00,0.0000234647,0.0006754353
2026-01-12T08:00:00.053000+00:00,0.0000305382,0.0007886118
2026-01-12T09:00:00.088000+00:00,0.0000239913,0.0006838611
2026-01-12T10:00:00.042000+00:00,0.0000141474,0.0005263578
2026-01-12T11:00:00.003000+00:00,0.000020717,0.000631472
2026-01-12T12:00:00.088000+00:00,0.0000103121,0.0004649939
2026-01-12T13:00:00.053000+00:00,0.0000073357,0.0004173717
2026-01-12T14:00:00.107000+00:00,0.0000076176,0.0004218821
2026-01-12T15:00:00.059000+00:00,0.0000090501,0.0004448016
2026-01-12T16:00:00.040000+00:00,0.00000625,0.0002852623
2026-01-12T17:00:00.086000+00:00,0.00000625,0.0002788386
2026-01-12T18:00:00.057000+00:00,0.0000180554,0.0005888869
2026-01-12T19:00:00.008000+00:00,0.0000160309,0.0005564938
2026-01-12T20:00:00.098000+00:00,0.00000625,0.0003227228
2026-01-12T21:00:00.078000+00:00,0.00000625,0.0003843514
2026-01-12T22:00:00.075000+00:00,0.000019432,0.0006109128
2026-01-12T23:00:00.024000+00:00,0.0000123838,0.0004981411
2026-01-13T00:00:00.109000+00:00,0.00000625,0.0002914461
2026-01-13T01:00:00.121000+00:00,0.00000625,0.0002165572
2026-01-13T02:00:00.017000+00:00,0.00000625,0.0003289749
2026-01-13T03:00:00.043000+00:00,0.0000149354,0.0005389657
2026-01-13T04:00:00.068000+00:00,0.0000271757,0.0007348116
2026-01-13T05:00:00.079000+00:00,0.0000414853,0.0009637646
2026-01-13T06:00:00.029000+00:00,0.0000444639,0.0010114226
2026-01-13T07:00:00.089000+00:00,0.0000378089,0.0009049424
2026-01-13T08:00:00.032000+00:00,0.0000515281,0.0011244488
2026-01-13T09:00:00.003000+00:00,0.0000518946,0.0011303142
2026-01-13T10:00:00.232000+00:00,0.0000155641,0.0005490262
2026-01-13T11:00:00.011000+00:00,0.0000132358,0.0005117722
2026-01-13T12:00:00.032000+00:00,0.0000236625,0.0006786003
2026-01-13T13:00:00.083000+00:00,0.0000241343,0.0006861483
2026-01-13T14:00:00.043000+00:00,0.0000159344,0.0005549511
2026-01-13T15:00:00.051000+00:00,0.00000625,0.0003058346
2026-01-13T16:00:00.100000+00:00,0.00000625,0.0002495261
2026-01-13T17:00:00.039000+00:00,0.00000625,0.0003910722
2026-01-13T18:00:00.042000+00:00,0.00000625,0.0003719067
2026-01-13T19:00:00.031000+00:00,0.0000133696,0.0005139138
2026-01-13T20:00:00.005000+00:00,0.00000625,0.0002996693
2026-01-13T21:00:00.017000+00:00,0.00000625,0.0002739672
2026-01-13T22:00:00+00:00,0.00000625,0.0003641668
2026-01-13T23:00:00.037000+00:00,0.0000110943,0.0004775084
2026-01-14T00:00:00.057000+00:00,0.0000185426,0.0005966822
2026-01-14T01:00:00.019000+00:00,0.000014543,0.0005326881
2026-01-14T02:00:00.050000+00:00,0.0000236135,0.0006778158
2026-01-14T03:00:00.053000+00:00,0.00000625,0.0001535004
2026-01-14T04:00:00.063000+00:00,0.00000625,0.000040726
2026-01-14T05:00:00.023000+00:00,0.00000625,0.0000455438
2026-01-14T06:00:00.066000+00:00,0.00000625,0.0001145596
2026-01-14T07:00:00.099000+00:00,0.00000625,0.0000928131
2026-01-14T08:00:00.062000+00:00,0.00000625,0.0001101795
2026-01-14T09:00:00.051000+00:00,0.00000625,0.0000840754
2026-01-14T10:00:00.015000+00:00,0.00000625,0.0001964628
2026-01-14T11:00:00+00:00,0.00000625,0.0003020679
2026-01-14T12:00:00.043000+00:00,0.00000625,0.0003401698
2026-01-14T13:00:00.040000+00:00,0.000011685,0.0004869605
2026-01-14T14:00:00.084000+00:00,0.0000108435,0.000473496
2026-01-14T15:00:00.001000+00:00,0.00000625,0.0003251772
2026-01-14T16:00:00.013000+00:00,0.00000625,0.0003642186
2026-01-14T17:00:00.085000+00:00,0.0000078535,0.0004256561
2026-01-14T18:00:00.113000+00:00,0.0000097953,0.000456725
2026-01-14T19:00:00.071000+00:00,0.00000625,0.0003487052
2026-01-14T20:00:00.090000+00:00,0.00000625,0.0003946804
2026-01-14T21:00:00.039000+00:00,0.0000101305,0.0004620885
2026-01-14T22:00:00.018000+00:00,0.00000625,0.0003027158
2026-01-14T23:00:00.024000+00:00,0.00000625,0.0002109944
2026-01-15T00:00:00.028000+00:00,0.00000625,0.0000708065
2026-01-15T01:00:00.004000+00:00,0.00000625,0.0000121793
2026-01-15T02:00:00.052000+00:00,0.00000625,0.0003332383
2026-01-15T03:00:00.019000+00:00,0.0000066078,0.000405724
2026-01-15T04:00:00.018000+00:00,0.00000625,0.0001792337
2026-01-15T05:00:00.081000+00:00,0.00000625,0.0001145936
2026-01-15T06:00:00.021000+00:00,0.00000625,0.0000885019
2026-01-15T07:00:00.057000+00:00,0.00000625,0.0000554525
2026-01-15T08:00:00.029000+00:00,0.00000625,0.0000997496
2026-01-15T09:00:00.023000+00:00,0.00000625,0.0001207125
2026-01-15T10:00:00.082000+00:00,0.00000625,0.0000810099
2026-01-15T11:00:00.076000+00:00,0.00000625,0.0001088513
2026-01-15T12:00:00.028000+00:00,0.00000625,0.0001098626
2026-01-15T13:00:00.044000+00:00,0.00000625,0.0002434775
2026-01-15T14:00:00.054000+00:00,0.00000625,0.0002804192
2026-01-15T15:00:00.001000+00:00,0.00000625,0.0003464477
2026-01-15T16:00:00.020000+00:00,0.00000625,0.0003177794
2026-01-15T17:00:00.067000+00:00,0.00000625,0.0002986545
2026-01-15T18:00:00.062000+00:00,0.00000625,0.0003039603
2026-01-15T19:00:00.003000+00:00,0.00000625,0.0002875814
2026-01-15T20:00:00.057000+00:00,0.00000625,0.0003857654
2026-01-15T21:00:00.062000+00:00,0.0000111883,0.0004790135
2026-01-15T22:00:00.033000+00:00,0.00000625,0.0002535215
2026-01-15T23:00:00+00:00,0.00000625,0.0003034042
2026-01-16T00:00:00.092000+00:00,0.0000114558,0.0004832926
2026-01-16T01:00:00.045000+00:00,0.00000625,0.0002912998
2026-01-16T02:00:00.007000+00:00,0.0000174448,0.0005791162
2026-01-16T03:00:00.044000+00:00,0.0000346908,0.0008550522
2026-01-16T04:00:00.096000+00:00,0.0000257716,0.0007123452
2026-01-16T05:00:00.028000+00:00,0.0000183567,0.0005937073
2026-01-16T06:00:00.013000+00:00,0.0000221504,0.0006544059
2026-01-16T07:00:00.059000+00:00,0.000044275,0.0010084006
2026-01-16T08:00:00.044000+00:00,0.0000536011,0.0011576171
2026-01-16T09:00:00.013000+00:00,0.0000433825,0.0009941199
2026-01-16T10:00:00.073000+00:00,0.0000229988,0.0006679811
2026-01-16T11:00:00.003000+00:00,0.0000188171,0.0006010744
2026-01-16T12:00:00.005000+00:00,0.0000213569,0.0006417107
2026-01-16T13:00:00.060000+00:00,0.0000178082,0.0005849305
2026-01-16T14:00:00.084000+00:00,0.000019136,0.0006061759
2026-01-16T15:00:00.051000+00:00,0.0000089038,0.0004424602
2026-01-16T16:00:00.040000+00:00,0.00000625,0.0002507324
2026-01-16T17:00:00.051000+00:00,0.00000625,0.000233771
2026-01-16T18:00:00.045000+00:00,0.00000625,0.0001802429
2026-01-16T19:00:00.147000+00:00,0.00000625,0.000245121
2026-01-16T20:00:00.078000+00:00,0.00000625,0.0003430084
2026-01-16T21:00:00.092000+00:00,0.00000625,0.0003618771
2026-01-16T22:00:00.120000+00:00,0.00000625,0.000306452
2026-01-16T23:00:00.021000+00:00,0.00000625,0.0003309629
2026-01-17T00:00:00.037000+00:00,0.00000625,0.0000679376
2026-01-17T01:00:00.055000+00:00,0.00000625,0.0000908772
2026-01-17T02:00:00.090000+00:00,0.0000215428,0.0006446846
2026-01-17T03:00:00.036000+00:00,0.00000625,0.0002537136
2026-01-17T04:00:00.003000+00:00,0.00000625,0.0001232233
2026-01-17T05:00:00.027000+00:00,0.00000625,0.0000573876
2026-01-17T06:00:00.104000+00:00,0.00000625,0.0001573959
2026-01-17T07:00:00.005000+00:00,0.0000067654,0.0004082457
2026-01-17T08:00:00.022000+00:00,0.00000625,0.0003631459
2026-01-17T09:00:00.004000+00:00,0.00000625,0.0001366864
2026-01-17T10:00:00.039000+00:00,-0.000015153,-0.0005424475
2026-01-17T11:00:00.095000+00:00,-0.0000152657,-0.0005442519
2026-01-17T12:00:00.021000+00:00,0.000004658,-0.0002254728
2026-01-17T13:00:00.089000+00:00,0.00000625,-0.0000040905
2026-01-17T14:00:00.030000+00:00,0.00000625,0.0000641069
2026-01-17T15:00:00.010000+00:00,0.00000625,0.0000901793
2026-01-17T16:00:00.102000+00:00,0.00000625,0.0000389716
2026-01-17T17:00:00.010000+00:00,0.0000068692,0.0004099074
2026-01-17T18:00:00.066000+00:00,0.00000625,0.0000998355
2026-01-17T19:00:00.038000+00:00,0.00000625,0.00012602
2026-01-17T20:00:00.073000+00:00,0.00000625,0.0001532521
2026-01-17T21:00:00.017000+00:00,0.00000625,0.0001336764
2026-01-17T22:00:00.036000+00:00,0.00000625,0.0000186253
2026-01-17T23:00:00.100000+00:00,0.00000625,-0.0000452603
2026-01-18T00:00:00.017000+00:00,-0.0000227206,-0.0006635294
2026-01-18T01:00:00.117000+00:00,-0.00001093,-0.0004748802
2026-01-18T02:00:00.061000+00:00,-0.0001336299,-0.0024380786
2026-01-18T03:00:00.047000+00:00,-0.0000415218,-0.0009643488
2026-01-18T04:00:00.062000+00:00,0.00000625,0.0003822578
2026-01-18T05:00:00.034000+00:00,0.00000625,-0.0000028831
2026-01-18T06:00:00.066000+00:00,0.0000051104,-0.0002182332
2026-01-18T07:00:00.063000+00:00,-0.0000116271,-0.0004860341
2026-01-18T08:00:00.106000+00:00,0.00000625,-0.0000902868
2026-01-18T09:00:00.110000+00:00,-0.0000139899,-0.0005238385
2026-01-18T10:00:00.047000+00:00,-0.0000072265,-0.0004156242
2026-01-18T11:00:00.085000+00:00,0.0000057676,-0.0002077192
2026-01-18T12:00:00.016000+00:00,0.00000625,-0.0000645118
2026-01-18T13:00:00.054000+00:00,0.00000625,-0.0000929202
2026-01-18T14:00:00.035000+00:00,0.00000625,-0.0001583905
2026-01-18T15:00:00.030000+00:00,0.0000042708,-0.0002316676
2026-01-18T16:00:00.021000+00:00,-0.000019625,-0.0006139992
2026-01-18T17:00:00.040000+00:00,-0.0000404749,-0.0009475983
2026-01-18T18:00:00.067000+00:00,-0.0000178012,-0.0005848188
2026-01-18T19:00:00.018000+00:00,-0.0000063583,-0.0004017327
2026-01-18T20:00:00.055000+00:00,-0.0000008715,-0.0003139432
2026-01-18T21:00:00.024000+00:00,-0.0000136944,-0.0005191109
2026-01-18T22:00:00.042000+00:00,0.00000625,0.0000622425
2026-01-18T23:00:00.113000+00:00,0.0000078107,0.0004249709
2026-01-19T00:00:00.034000+00:00,0.0000029043,-0.0002535315
2026-01-19T01:00:00.098000+00:00,-0.000000601,-0.0003096163
2026-01-19T02:00:00.001000+00:00,0.000096697,0.0018471517
2026-01-19T03:00:00.009000+00:00,0.0000036797,-0.0002411242
2026-01-19T04:00:00.051000+00:00,-0.0001828621,-0.0032257941
2026-01-19T05:00:00+00:00,-0.0001597768,-0.0028564286
2026-01-19T06:00:00.033000+00:00,-0.0001250303,-0.0023004841
2026-01-19T07:00:00.014000+00:00,-0.0000248082,-0.0006969304
2026-01-19T08:00:00.026000+00:00,-0.000032736,-0.0008237754
2026-01-19T09:00:00.012000+00:00,-0.0001154684,-0.0021474943
2026-01-19T10:00:00.012000+00:00,-0.0000012866,-0.0003205853
2026-01-19T11:00:00.094000+00:00,-0.0001228485,-0.002265576
2026-01-19T12:00:00+00:00,-0.0001701246,-0.0030219928
2026-01-19T13:00:00.041000+00:00,-0.0000455545,-0.0010288718
2026-01-19T14:00:00.040000+00:00,0.0000239511,0.0006832179
2026-01-19T15:00:00.049000+00:00,-0.0000255295,-0.0007084713
2026-01-19T16:00:00.056000+00:00,0.0000721654,0.0014546467
2026-01-19T17:00:00.011000+00:00,0.0000930523,0.0017888366
2026-01-19T18:00:00.005000+00:00,0.000044681,0.0010148964
2026-01-19T19:00:00.012000+00:00,0.0000394902,0.000931843
2026-01-19T20:00:00.025000+00:00,0.0000161211,0.0005579379
2026-01-19T21:00:00.079000+00:00,0.00000625,0.0003569028
2026-01-19T22:00:00.033000+00:00,0.0000004584,-0.000292665
2026-01-19T23:00:00.040000+00:00,-0.0000503554,-0.0011056863
2026-01-20T00:00:00.007000+00:00,0.00000625,0.0003074954
2026-01-20T01:00:00.011000+00:00,0.00000625,0.0002945302
2026-01-20T02:00:00.057000+00:00,0.000000703,-0.0002887516
2026-01-20T03:00:00.001000+00:00,0.00000625,-0.000079314
2026-01-20T04:00:00.167000+00:00,-0.0000010996,-0.000317593
2026-01-20T05:00:00.112000+00:00,-0.0000276633,-0.0007426127
2026-01-20T06:00:00.064000+00:00,-0.0000233551,-0.0006736813
2026-01-20T07:00:00.110000+00:00,-0.0000172194,-0.0005755107
2026-01-20T08:00:00.010000+00:00,-0.0000137322,-0.0005197159
2026-01-20T09:00:00.079000+00:00,0.00000625,-0.0001068657
2026-01-20T10:00:00.046000+00:00,0.00000625,0.0000626737
2026-01-20T11:00:00.018000+00:00,0.00000625,0.0000743339
2026-01-20T12:00:00.064000+00:00,0.00000625,0.0000977674
2026-01-20T13:00:00.054000+00:00,0.00000625,0.0001558667
2026-01-20T14:00:00.109000+00:00,0.00000625,0.0001282768
2026-01-20T15:00:00.061000+00:00,0.00000625,0.0002515598
2026-01-20T16:00:00.047000+00:00,0.00000625,0.0000612795
2026-01-20T17:00:00.034000+00:00,0.00000625,0.0001022579
2026-01-20T18:00:00.037000+00:00,0.00000625,0.0001939988
2026-01-20T19:00:00.028000+00:00,0.00000625,0.0002084269
2026-01-20T20:00:00.020000+00:00,0.00000625,0.0001195729
2026-01-20T21:00:00.025000+00:00,0.00000625,0.0002012214
2026-01-20T22:00:00.005000+00:00,0.00000625,0.0001222586
2026-01-20T23:00:00.015000+00:00,0.00000625,-0.0000552442
2026-01-21T00:00:00.063000+00:00,0.00000625,-0.0000887479
2026-01-21T01:00:00.039000+00:00,0.00000625,-0.0000114722
2026-01-21T02:00:00.038000+00:00,0.00000625,0.0000512628
2026-01-21T03:00:00.143000+00:00,0.00000625,0.0000473829
2026-01-21T04:00:00.034000+00:00,0.00000625,0.0001101613
2026-01-21T05:00:00.057000+00:00,0.00000625,0.000173046
2026-01-21T06:00:00.014000+00:00,0.00000625,0.0002961214
2026-01-21T07:00:00.016000+00:00,0.00000625,0.0002991444
2026-01-21T08:00:00.028000+00:00,0.00000625,0.0002114089
2026-01-21T09:00:00.046000+00:00,0.00000625,0.0002367404
2026-01-21T10:00:00.018000+00:00,0.00000625,0.0000299188
2026-01-21T11:00:00.027000+00:00,0.00000625,0.0000934643
2026-01-21T12:00:00.031000+00:00,0.00000625,0.0001099586
2026-01-21T13:00:00.094000+00:00,0.00000625,0.0000682906
2026-01-21T14:00:00.007000+00:00,0.00000625,-0.000035605
2026-01-21T15:00:00.012000+00:00,0.00000625,-0.0000101072
2026-01-21T16:00:00.016000+00:00,0.00000625,0.0000272178
2026-01-21T17:00:00.079000+00:00,0.00000625,0.0000496704
2026-01-21T18:00:00.006000+00:00,0.00000625,0.0000548621
2026-01-21T19:00:00.021000+00:00,0.00000625,0.000045105
2026-01-21T20:00:00.017000+00:00,0.00000625,0.0001745521
2026-01-21T21:00:00.045000+00:00,0.00000625,0.0000119254
2026-01-21T22:00:00.093000+00:00,0.00000625,0.0000047187
2026-01-21T23:00:00.012000+00:00,0.00000625,0.0003170711
2026-01-22T00:00:00.068000+00:00,0.00000625,0.0003634339
2026-01-22T01:00:00.076000+00:00,0.00000625,0.0002706592
2026-01-22T02:00:00.069000+00:00,0.00000625,0.000270881
2026-01-22T03:00:00.112000+00:00,0.00000625,0.0000775456
2026-01-22T04:00:00.005000+00:00,0.00000625,0.0000683543
2026-01-22T05:00:00.033000+00:00,0.00000625,0.0000746297
2026-01-22T06:00:00.029000+00:00,0.00000625,0.0000848443
2026-01-22T07:00:00.022000+00:00,0.00000625,0.0000520182
2026-01-22T08:00:00.084000+00:00,0.00000625,0.000078312
2026-01-22T09:00:00.040000+00:00,0.00000625,0.0002657578
2026-01-22T10:00:00.057000+00:00,0.00000625,0.0001694687
2026-01-22T11:00:00.047000+00:00,0.00000625,0.0002175327
2026-01-22T12:00:00.063000+00:00,0.00000625,0.0003623362
2026-01-22T13:00:00.020000+00:00,0.00000625,0.0003518937
2026-01-22T14:00:00.092000+00:00,0.00000625,0.0002881734
2026-01-22T15:00:00.007000+00:00,0.00000625,0.0003499438
2026-01-22T16:00:00.083000+00:00,0.00000625,0.0001945047
2026-01-22T17:00:00.035000+00:00,0.00000625,0.0001341212
2026-01-22T18:00:00.004000+00:00,0.00000625,0.0001312232
2026-01-22T19:00:00.016000+00:00,0.00000625,0.0001535872
2026-01-22T20:00:00.017000+00:00,0.00000625,0.0003790813
2026-01-22T21:00:00.096000+00:00,0.0000159535,0.000555256
2026-01-22T22:00:00.013000+00:00,0.00000625,0.0003085412
2026-01-22T23:00:00.019000+00:00,0.00000625,0.0003528167
2026-01-23T00:00:00.009000+00:00,0.00000625,0.0002235401
2026-01-23T01:00:00.034000+00:00,0.0000123062,0.0004968991
2026-01-23T02:00:00.028000+00:00,0.00000625,0.0003923276
2026-01-23T03:00:00.122000+00:00,0.00000625,0.0000652643
2026-01-23T04:00:00.017000+00:00,0.00000625,0.0001377145
2026-01-23T05:00:00.154000+00:00,0.00000625,0.0003958953
2026-01-23T06:00:00.112000+00:00,0.00000625,0.0002863609
2026-01-23T07:00:00.066000+00:00,0.00000625,0.000154286
2026-01-23T08:00:00.100000+00:00,0.00000625,0.000324732
2026-01-23T09:00:00.005000+00:00,0.00000625,0.0003237679
2026-01-23T10:00:00.058000+00:00,0.00000625,0.0003333103
2026-01-23T11:00:00.030000+00:00,0.00000625,0.0003648399
2026-01-23T12:00:00.029000+00:00,0.00000625,0.0003540539
2026-01-23T13:00:00.018000+00:00,0.00000625,0.0001685424
2026-01-23T14:00:00.013000+00:00,0.00000625,0.0002635836
2026-01-23T15:00:00.048000+00:00,0.00000625,0.0002326023
2026-01-23T16:00:00.010000+00:00,0.00000625,0.0002980926
2026-01-23T17:00:00.061000+00:00,0.00000625,0.0003848909
2026-01-23T18:00:00.037000+00:00,0.00000625,0.0003246973
2026-01-23T19:00:00.047000+00:00,0.00000625,0.000364466
2026-01-23T20:00:00.055000+00:00,0.0000076914,0.0004230616
2026-01-23T21:00:00.085000+00:00,0.0000082894,0.0004326298
2026-01-23T22:00:00.039000+00:00,0.0000089774,0.000443639
2026-01-23T23:00:00.085000+00:00,0.0000086777,0.0004388435
2026-01-24T00:00:00.017000+00:00,0.0000105153,0.0004682451
2026-01-24T01:00:00.061000+00:00,0.0000115572,0.000484916
2026-01-24T02:00:00.093000+00:00,0.0000297198,0.0007755163
2026-01-24T03:00:00.032000+00:00,0.0000115636,0.0004850176
2026-01-24T04:00:00.067000+00:00,0.0000067844,0.0004085505
2026-01-24T05:00:00.043000+00:00,0.00000625,0.0002242274
2026-01-24T06:00:00.032000+00:00,0.00000625,0.0000758391
2026-01-24T07:00:00.003000+00:00,0.00000625,0.0000948822
2026-01-24T08:00:00.030000+00:00,0.00000625,0.0000554023
2026-01-24T09:00:00.058000+00:00,0.00000625,0.0000529336
2026-01-24T10:00:00.112000+00:00,0.00000625,0.0000228345
2026-01-24T11:00:00.027000+00:00,0.00000625,0.0000030948
2026-01-24T12:00:00.100000+00:00,0.00000625,0.0000106171
2026-01-24T13:00:00.080000+00:00,0.00000625,0.0000624441
2026-01-24T14:00:00.016000+00:00,-0.0000114503,-0.000483204
2026-01-24T15:00:00.060000+00:00,0.00000625,-0.0001332718
2026-01-24T16:00:00.092000+00:00,-0.0000232324,-0.0006717183
2026-01-24T17:00:00.040000+00:00,-0.0000082075,-0.0004313199
2026-01-24T18:00:00.011000+00:00,0.00000625,-0.0001924506
2026-01-24T19:00:00.036000+00:00,0.00000625,-0.0000178838
2026-01-24T20:00:00.028000+00:00,0.0000004708,-0.0002924675
2026-01-24T21:00:00.012000+00:00,0.0000020243,-0.0002676114
2026-01-24T22:00:00.056000+00:00,0.0000039355,-0.0002370321
2026-01-24T23:00:00.017000+00:00,0.00000625,-0.0001791418
2026-01-25T00:00:00.006000+00:00,0.00000625,0.0000123012
2026-01-25T01:00:00.021000+00:00,0.0000125847,0.0005013558
2026-01-25T02:00:00.135000+00:00,-0.0000291014,-0.0007656226
2026-01-25T03:00:00.054000+00:00,-0.0000540752,-0.0011652031
2026-01-25T04:00:00.109000+00:00,0.000006235,-0.0002002406
2026-01-25T05:00:00.110000+00:00,0.00000625,0.0002729361
2026-01-25T06:00:00.117000+00:00,0.0000450549,0.0010208779
2026-01-25T07:00:00.059000+00:00,0.00000625,0.0001395327
2026-01-25T08:00:00.042000+00:00,-0.0000185892,-0.0005974279
2026-01-25T09:00:00.055000+00:00,0.0000008461,-0.0002864617
2026-01-25T10:00:00.045000+00:00,0.00000625,0.0000241638
2026-01-25T11:00:00.011000+00:00,0.00000625,0.0000897068
2026-01-25T12:00:00.029000+00:00,0.00000625,-0.0001179553
2026-01-25T13:00:00.065000+00:00,0.00000625,-0.0000423646
2026-01-25T14:00:00.031000+00:00,0.0000054248,-0.0002132036
2026-01-25T15:00:00.075000+00:00,0.00000625,0.000039203
2026-01-25T16:00:00.012000+00:00,0.00000625,-0.0000686603
2026-01-25T17:00:00.013000+00:00,-0.0000235382,-0.0006766111
2026-01-25T18:00:00.020000+00:00,-0.0000304405,-0.0007870477
2026-01-25T19:00:00.010000+00:00,-0.0000231229,-0.0006699662
2026-01-25T20:00:00.016000+00:00,-0.0000928179,-0.0017850859
2026-01-25T21:00:00.021000+00:00,-0.0002625437,-0.0045006995
2026-01-25T22:00:00.063000+00:00,-0.0000792282,-0.0015676516
2026-01-25T23:00:00.127000+00:00,-0.00013403,-0.0024444808
2026-01-26T00:00:00.127000+00:00,0.0000574766,0.0012196258
2026-01-26T01:00:00.001000+00:00,0.0001250126,0.002300202
2026-01-26T02:00:00.026000+00:00,0.00000625,0.0001659938
2026-01-26T03:00:00.059000+00:00,0.0000207934,0.0006326948
2026-01-26T04:00:00.056000+00:00,0.0000219671,0.000651474
2026-01-26T05:00:00.020000+00:00,0.0000151386,0.000542217
2026-01-26T06:00:00.101000+00:00,0.0000231421,0.0006702739
2026-01-26T07:00:00.055000+00:00,0.0000368312,0.0008892995
2026-01-26T08:00:00.040000+00:00,0.000014906,0.0005384961
2026-01-26T09:00:00.056000+00:00,0.00000625,0.0003530403
2026-01-26T10:00:00.060000+00:00,0.00000625,0.0003070276
2026-01-26T11:00:00.055000+00:00,0.00000625,0.0002394589
2026-01-26T12:00:00.081000+00:00,0.00000625,0.0002246509
2026-01-26T13:00:00+00:00,0.00000625,0.0003562932
2026-01-26T14:00:00.050000+00:00,0.00000625,0.0002898761
2026-01-26T15:00:00.064000+00:00,0.000007584,0.0004213432
2026-01-26T16:00:00.006000+00:00,0.00000625,0.0001878674
2026-01-26T17:00:00.012000+00:00,0.00000625,0.0003403358
2026-01-26T18:00:00.010000+00:00,0.00000625,0.0003858779
2026-01-26T19:00:00.045000+00:00,0.00000625,0.0001096854
2026-01-26T20:00:00.034000+00:00,0.00000625,0.0000580836
2026-01-26T21:00:00.094000+00:00,0.00000625,0.0000684814
2026-01-26T22:00:00.049000+00:00,0.00000625,0.0001771374
2026-01-26T23:00:00.079000+00:00,0.00000625,0.0003343422
2026-01-27T00:00:00.085000+00:00,0.00000625,0.0001137432
2026-01-27T01:00:00.073000+00:00,0.00000625,0.0000313775
2026-01-27T02:00:00.052000+00:00,0.00000625,0.0000380565
2026-01-27T03:00:00.012000+00:00,0.00000625,0.0001690405
2026-01-27T04:00:00.017000+00:00,0.00000625,0.0003566337
2026-01-27T05:00:00.023000+00:00,0.0000172223,0.0005755569
2026-01-27T06:00:00+00:00,0.0000255284,0.0007084549
2026-01-27T07:00:00.049000+00:00,0.0000195504,0.0006128068
2026-01-27T08:00:00.092000+00:00,0.0000116941,0.0004871063
2026-01-27T09:00:00.020000+00:00,0.0000127616,0.0005041863
2026-01-27T10:00:00.056000+00:00,0.00000625,0.0003965647
2026-01-27T11:00:00.003000+00:00,0.0000083224,0.0004331588
2026-01-27T12:00:00.051000+00:00,0.0000123788,0.0004980603
2026-01-27T13:00:00.006000+00:00,0.0000074926,0.0004198823
2026-01-27T14:00:00.041000+00:00,0.00000625,0.0003484123
2026-01-27T15:00:00.074000+00:00,0.00000625,0.0003378472
2026-01-27T16:00:00.103000+00:00,0.0000317665,0.0008082647
2026-01-27T17:00:00.024000+00:00,0.0000509921,0.0011158736
2026-01-27T18:00:00.011000+00:00,0.0000303773,0.0007860365
2026-01-27T19:00:00.027000+00:00,0.0000155637,0.0005490199
2026-01-27T20:00:00.082000+00:00,0.0000191147,0.0006058352
2026-01-27T21:00:00.015000+00:00,0.000027664,0.0007426239
2026-01-27T22:00:00.042000+00:00,0.0000190096,0.0006041542
2026-01-27T23:00:00.015000+00:00,0.0000209659,0.0006354547
2026-01-28T00:00:00.090000+00:00,0.0000208265,0.0006332246
2026-01-28T01:00:00.024000+00:00,0.0000125861,0.0005013772
2026-01-28T02:00:00.053000+00:00,0.0000236796,0.0006788735
2026-01-28T03:00:00.047000+00:00,0.0000330728,0.0008291651
2026-01-28T04:00:00.114000+00:00,0.0000259584,0.0007153343
2026-01-28T05:00:00.046000+00:00,0.000044735,0.0010157595
2026-01-28T06:00:00.127000+00:00,0.0000308848,0.0007941562
2026-01-28T07:00:00.070000+00:00,0.0000718459,0.0014495339
2026-01-28T08:00:00.044000+00:00,0.0000525668,0.0011410682
2026-01-28T09:00:00.042000+00:00,0.0000406901,0.000951042
2026-01-28T10:00:00.038000+00:00,0.0000274721,0.0007395534
2026-01-28T11:00:00.016000+00:00,0.0000279937,0.0007478992
2026-01-28T12:00:00.051000+00:00,0.0000408082,0.0009529311
2026-01-28T13:00:00.094000+00:00,0.0000297817,0.0007765068
2026-01-28T14:00:00.054000+00:00,0.0000403369,0.0009453909
2026-01-28T15:00:00.003000+00:00,0.0000209779,0.0006356468
2026-01-28T16:00:00.022000+00:00,0.0000161743,0.0005587884
2026-01-28T17:00:00.048000+00:00,0.0000240666,0.0006850657
2026-01-28T18:00:00.020000+00:00,0.0000262046,0.0007192729
2026-01-28T19:00:00.072000+00:00,0.0000333713,0.0008339413
2026-01-28T20:00:00.063000+00:00,0.0000367875,0.0008885995
2026-01-28T21:00:00.108000+00:00,0.0000268781,0.0007300503
2026-01-28T22:00:00.010000+00:00,0.0000592762,0.0012484192
2026-01-28T23:00:00.022000+00:00,0.00000625,0.0002548424
2026-01-29T00:00:00.027000+00:00,0.00000625,0.0002654905
2026-01-29T01:00:00.021000+00:00,0.00000625,0.000379218
2026-01-29T02:00:00.049000+00:00,0.0000135482,0.0005167713
2026-01-29T03:00:00.013000+00:00,0.0000179392,0.0005870272
2026-01-29T04:00:00.038000+00:00,0.0000093709,0.0004499346
2026-01-29T05:00:00.051000+00:00,0.0000085097,0.0004361546
2026-01-29T06:00:00.048000+00:00,0.0000261006,0.0007176099
2026-01-29T07:00:00.087000+00:00,0.0000200661,0.0006210581
2026-01-29T08:00:00.047000+00:00,0.0000281393,0.0007502295
2026-01-29T09:00:00.026000+00:00,0.0000387968,0.0009207484
2026-01-29T10:00:00.066000+00:00,0.0000336382,0.0008382105
2026-01-29T11:00:00.051000+00:00,0.0000256053,0.0007096843
2026-01-29T12:00:00+00:00,0.0000238543,0.0006816693
2026-01-29T13:00:00.120000+00:00,0.0000252305,0.0007036874
2026-01-29T14:00:00.011000+00:00,0.0000203199,0.000625119
2026-01-29T15:00:00.016000+00:00,0.0000325456,0.0008207293
2026-01-29T16:00:00.059000+00:00,0.00000625,0.0003630191
2026-01-29T17:00:00.082000+00:00,0.0000216881,0.0006470089
2026-01-29T18:00:00.099000+00:00,0.00000625,0.0003096777
2026-01-29T19:00:00.054000+00:00,0.00000625,0.0002717112
2026-01-29T20:00:00.035000+00:00,0.00000625,0.0002155701
2026-01-29T21:00:00.049000+00:00,0.00000625,0.000181045
2026-01-29T22:00:00.059000+00:00,0.00000625,0.0003234958
2026-01-29T23:00:00.037000+00:00,0.00000625,0.0003694612
2026-01-30T00:00:00.022000+00:00,0.0000144467,0.0005311469
2026-01-30T01:00:00.010000+00:00,0.0000113256,0.0004812101
2026-01-30T02:00:00.075000+00:00,0.00000625,0.0003965794
2026-01-30T03:00:00.038000+00:00,0.0000168158,0.0005690534
2026-01-30T04:00:00.028000+00:00,0.00000625,0.0002656466
2026-01-30T05:00:00.053000+00:00,0.00000625,0.0003441638
2026-01-30T06:00:00.084000+00:00,0.0000121093,0.0004937495
2026-01-30T07:00:00.117000+00:00,0.0000271799,0.0007348787
2026-01-30T08:00:00.018000+00:00,0.0000200338,0.0006205407
2026-01-30T09:00:00.103000+00:00,0.00000625,0.0002758325
2026-01-30T10:00:00.049000+00:00,0.00000625,0.0001744671
2026-01-30T11:00:00.108000+00:00,0.00000625,-0.0000228287
2026-01-30T12:00:00.036000+00:00,0.00000625,-0.0001241779
2026-01-30T13:00:00.025000+00:00,0.00000625,-0.0000495971
2026-01-30T14:00:00.033000+00:00,-0.0000015215,-0.0003243438
2026-01-30T15:00:00.008000+00:00,0.0000031584,-0.0002494649
2026-01-30T16:00:00.054000+00:00,0.0000076315,0.0004221039
2026-01-30T17:00:00.105000+00:00,0.00000625,0.000232262
2026-01-30T18:00:00.037000+00:00,0.00000625,0.0001132258
2026-01-30T19:00:00.042000+00:00,0.0000041684,-0.0002333064
2026-01-30T20:00:00.041000+00:00,-0.0000007211,-0.0003115372
2026-01-30T21:00:00.006000+00:00,0.00000625,-0.0001237168
2026-01-30T22:00:00.001000+00:00,-0.0000003543,-0.0003056695
2026-01-30T23:00:00.031000+00:00,-0.0000055439,-0.000388702
2026-01-31T00:00:00.171000+00:00,0.0000074813,0.0004197004
2026-01-31T01:00:00.100000+00:00,0.00000625,0.00028054
2026-01-31T02:00:00.068000+00:00,0.000000857,-0.000286288
2026-01-31T03:00:00.097000+00:00,-0.0000069488,-0.0004111813
2026-01-31T04:00:00.012000+00:00,0.00000625,0.0001835997
2026-01-31T05:00:00.026000+00:00,0.00000625,-0.0000874309
2026-01-31T06:00:00.002000+00:00,0.00000625,-0.0000559022
2026-01-31T07:00:00.010000+00:00,0.00000625,0.0001944113
2026-01-31T08:00:00.049000+00:00,0.00000625,0.0002133226
2026-01-31T09:00:00.076000+00:00,-0.0000005648,-0.0003090365
2026-01-31T10:00:00.022000+00:00,-0.00000158,-0.0003252799
2026-01-31T11:00:00.050000+00:00,-0.0000082189,-0.0004315031
2026-01-31T12:00:00.105000+00:00,-0.0000094745,-0.0004515924
2026-01-31T13:00:00.035000+00:00,-0.0000125738,-0.0005011814
2026-01-31T14:00:00.027000+00:00,0.00000625,-0.0001670611
2026-01-31T15:00:00.033000+00:00,-0.0000540579,-0.001164926
2026-01-31T16:00:00.091000+00:00,-0.0000456203,-0.0010299249
2026-01-31T17:00:00.030000+00:00,-0.0000037487,-0.0003599799
2026-01-31T18:00:00.057000+00:00,-0.0000012244,-0.0003195903
2026-01-31T19:00:00.118000+00:00,-0.0000852444,-0.0016639106
2026-01-31T20:00:00.081000+00:00,-0.0001075304,-0.0020204863
2026-01-31T21:00:00.058000+00:00,-0.0000722262,-0.0014556187
2026-01-31T22:00:00.056000+00:00,-0.0000272557,-0.0007360914
2026-01-31T23:00:00.088000+00:00,-0.0000696692,-0.0014147069
2026-02-01T00:00:00.016000+00:00,-0.0000692601,-0.0014081617
2026-02-01T01:00:00.017000+00:00,-0.0000023728,-0.0003379652
2026-02-01T02:00:00.052000+00:00,-0.0000389861,-0.0009237769
2026-02-01T03:00:00.047000+00:00,0.0000155032,0.0005480519
2026-02-01T04:00:00.091000+00:00,0.0000088691,0.0004419063
2026-02-01T05:00:00.008000+00:00,0.00000625,0.0001577829
2026-02-01T06:00:00.029000+00:00,0.0000070287,0.0004124593
2026-02-01T07:00:00.060000+00:00,0.00000625,-0.0000137214
2026-02-01T08:00:00.056000+00:00,0.00000625,-0.0000945628
2026-02-01T09:00:00+00:00,-0.0000136271,-0.000518034
2026-02-01T10:00:00.092000+00:00,-0.0000021908,-0.0003350526
2026-02-01T11:00:00.017000+00:00,0.0000004469,-0.0002928495
2026-02-01T12:00:00.097000+00:00,-0.0000191936,-0.0006070979
2026-02-01T13:00:00.026000+00:00,-0.0000048489,-0.0003775825
2026-02-01T14:00:00.096000+00:00,0.00000625,-0.0000734627
2026-02-01T15:00:00.019000+00:00,0.00000625,-0.0001302472
2026-02-01T16:00:00.034000+00:00,0.00000625,0.0002296735
2026-02-01T17:00:00.041000+00:00,0.00000625,0.000283393
2026-02-01T18:00:00.062000+00:00,0.00000625,0.0000743877
2026-02-01T19:00:00.042000+00:00,0.0000030587,-0.0002510601
2026-02-01T20:00:00.067000+00:00,0.00000625,0.0003806391
2026-02-01T21:00:00.104000+00:00,0.0000630622,0.0013089945
2026-02-01T22:00:00.015000+00:00,0.0000308974,0.0007943582
2026-02-01T23:00:00.006000+00:00,0.00000625,0.0001207694
2026-02-02T00:00:00.059000+00:00,0.00000625,0.0003636616
2026-02-02T01:00:00.038000+00:00,0.0002782886,0.0047526179
2026-02-02T02:00:00.017000+00:00,0.0000375318,0.0009005093
2026-02-02T03:00:00.062000+00:00,0.0000087819,0.0004405099
2026-02-02T04:00:00.064000+00:00,0.0000216203,0.0006459255
2026-02-02T05:00:00.106000+00:00,0.0000355097,0.0008681547
2026-02-02T06:00:00.074000+00:00,0.0000451256,0.0010220094
2026-02-02T07:00:00.020000+00:00,0.0000308987,0.0007943784
2026-02-02T08:00:00.007000+00:00,0.0000281396,0.0007502329
2026-02-02T09:00:00.043000+00:00,0.0000327417,0.0008238677
2026-02-02T10:00:00.084000+00:00,0.0000068621,0.0004097934
2026-02-02T11:00:00.047000+00:00,0.0000262042,0.0007192665
2026-02-02T12:00:00.061000+00:00,0.000008362,0.0004337927
2026-02-02T13:00:00.088000+00:00,0.000007001,0.0004120162
2026-02-02T14:00:00.065000+00:00,0.0000146824,0.0005349185
2026-02-02T15:00:00.070000+00:00,0.0000205585,0.0006289367
2026-02-02T16:00:00.041000+00:00,0.00000625,0.0000272885
2026-02-02T17:00:00.065000+00:00,0.00000625,0.0000407747
2026-02-02T18:00:00.066000+00:00,0.00000625,0.0000296687
2026-02-02T19:00:00.004000+00:00,0.000034425,0.0008508004
2026-02-02T20:00:00.023000+00:00,0.0000151993,0.0005431896
2026-02-02T21:00:00.014000+00:00,0.0000171184,0.0005738941
2026-02-02T22:00:00.099000+00:00,0.0000209028,0.0006344452
2026-02-02T23:00:00.055000+00:00,0.0000250839,0.0007013427
2026-02-03T00:00:00.013000+00:00,0.0000309716,0.0007955457
2026-02-03T01:00:00.015000+00:00,0.0000216615,0.000646584
2026-02-03T02:00:00.012000+00:00,0.0000225368,0.0006605881
2026-02-03T03:00:00.032000+00:00,0.0000209098,0.0006345573
2026-02-03T04:00:00.038000+00:00,0.0000110765,0.0004772233
2026-02-03T05:00:00.029000+00:00,0.0000087762,0.0004404197
2026-02-03T06:00:00+00:00,0.0000093863,0.0004501814
2026-02-03T07:00:00.068000+00:00,0.000015192,0.0005430722
2026-02-03T08:00:00.057000+00:00,0.0000137293,0.0005196685
2026-02-03T09:00:00.079000+00:00,0.0000212032,0.0006392505
2026-02-03T10:00:00.022000+00:00,0.0000139349,0.0005229589
2026-02-03T11:00:00.065000+00:00,0.0000178289,0.0005852626
2026-02-03T12:00:00.118000+00:00,0.0000233375,0.0006733999
2026-02-03T13:00:00.065000+00:00,0.0000094324,0.0004509177
2026-02-03T14:00:00.040000+00:00,0.0000107783,0.0004724529
2026-02-03T15:00:00.025000+00:00,0.0000169442,0.0005711077
2026-02-03T16:00:00.059000+00:00,0.000018046,0.0005887364
2026-02-03T17:00:00.001000+00:00,0.0000197906,0.0006166489
2026-02-03T18:00:00.015000+00:00,0.000006903,0.0004104477
2026-02-03T19:00:00.059000+00:00,0.0000136188,0.0005179007
2026-02-03T20:00:00.049000+00:00,0.0000175653,0.0005810453
2026-02-03T21:00:00.031000+00:00,0.0000098844,0.0004581505
2026-02-03T22:00:00.004000+00:00,0.0000206005,0.0006296079
2026-02-03T23:00:00.056000+00:00,0.00000625,0.0003228007
2026-02-04T00:00:00.018000+00:00,0.00000625,0.000168216
2026-02-04T01:00:00.045000+00:00,0.00000625,0.000137078
2026-02-04T02:00:00.022000+00:00,0.0000261416,0.0007182662
2026-02-04T03:00:00.032000+00:00,0.00000625,0.0003062285
2026-02-04T04:00:00.004000+00:00,0.0000236108,0.0006777726
2026-02-04T05:00:00.055000+00:00,0.0000257247,0.000711596
2026-02-04T06:00:00.042000+00:00,0.0000147762,0.000536419
2026-02-04T07:00:00.016000+00:00,0.0000238425,0.0006814802
2026-02-04T08:00:00.027000+00:00,0.0000146984,0.0005351744
2026-02-04T09:00:00.003000+00:00,0.0000315276,0.000804442
2026-02-04T10:00:00.081000+00:00,0.0000241601,0.0006865611
2026-02-04T11:00:00.016000+00:00,0.0000066931,0.0004070899
2026-02-04T12:00:00.120000+00:00,0.0000226536,0.0006624569
2026-02-04T13:00:00.025000+00:00,0.0000221212,0.0006539393
2026-02-04T14:00:00.004000+00:00,0.000024003,0.000684048
2026-02-04T15:00:00.071000+00:00,0.0000238093,0.000680948
2026-02-04T16:00:00.007000+00:00,0.0000233887,0.0006742193
2026-02-04T17:00:00.105000+00:00,0.000028775,0.0007604006
2026-02-04T18:00:00.058000+00:00,0.0000302601,0.0007841617
2026-02-04T19:00:00.028000+00:00,0.0000520235,0.0011323755
2026-02-04T20:00:00.001000+00:00,0.0000690766,0.001405225
2026-02-04T21:00:00.072000+00:00,0.000090642,0.0017502723
2026-02-04T22:00:00.051000+00:00,0.0000178517,0.000585627
2026-02-04T23:00:00.022000+00:00,0.000016123,0.0005579673
2026-02-05T00:00:00.003000+00:00,0.0000093218,0.0004491492
2026-02-05T01:00:00.010000+00:00,0.0000119293,0.0004908694
2026-02-05T02:00:00.097000+00:00,0.0000180511,0.0005888169
2026-02-05T03:00:00.011000+00:00,0.0000214986,0.0006439775
2026-02-05T04:00:00.032000+00:00,0.0000144484,0.0005311742
2026-02-05T05:00:00.057000+00:00,0.000020639,0.0006302243
2026-02-05T06:00:00.038000+00:00,0.0000114389,0.0004830226
2026-02-05T07:00:00.008000+00:00,0.0000242514,0.0006880224
2026-02-05T08:00:00.038000+00:00,0.0000331274,0.0008300392
2026-02-05T09:00:00.023000+00:00,0.0000127605,0.0005041688
2026-02-05T10:00:00.022000+00:00,0.0000104309,0.0004668946
2026-02-05T11:00:00.046000+00:00,0.000010843,0.0004734875
2026-02-05T12:00:00.036000+00:00,0.0000133793,0.0005140694
2026-02-05T13:00:00.013000+00:00,0.00000625,0.0001855165
2026-02-05T14:00:00.012000+00:00,0.0000194465,0.0006111439
2026-02-05T15:00:00.079000+00:00,0.0000263011,0.0007208182
2026-02-05T16:00:00.065000+00:00,0.00000625,0.0001512131
2026-02-05T17:00:00.004000+00:00,0.0000293208,0.000769132
2026-02-05T18:00:00.104000+00:00,0.0000241107,0.0006857708
2026-02-05T19:00:00.030000+00:00,0.0000243946,0.0006903141
2026-02-05T20:00:00.057000+00:00,0.0000237649,0.0006802378
2026-02-05T21:00:00.013000+00:00,0.0000248938,0.0006983008
2026-02-05T22:00:00.040000+00:00,0.0000303115,0.0007849846
2026-02-05T23:00:00.019000+00:00,0.0000261876,0.0007190023
2026-02-06T00:00:00.083000+00:00,0.0000153561,0.0005456974
2026-02-06T01:00:00.049000+00:00,0.0000176099,0.0005817586
2026-02-06T02:00:00.026000+00:00,0.000023701,0.0006792168
2026-02-06T03:00:00.050000+00:00,0.0000123859,0.0004981741
2026-02-06T04:00:00.075000+00:00,0.0000363854,0.0008821667
2026-02-06T05:00:00.102000+00:00,0.000026439,0.0007230244
2026-02-06T06:00:00.022000+00:00,0.0000288568,0.000761708
2026-02-06T07:00:00.074000+00:00,0.0000306849,0.0007909577
2026-02-06T08:00:00.037000+00:00,0.0000268903,0.0007302447
2026-02-06T09:00:00.042000+00:00,0.000032283,0.0008165284
2026-02-06T10:00:00.053000+00:00,0.0000328189,0.0008251029
2026-02-06T11:00:00.032000+00:00,0.0000210404,0.0006366464
2026-02-06T12:00:00.009000+00:00,0.0000146028,0.0005336445
2026-02-06T13:00:00.032000+00:00,0.0000159092,0.0005545472
2026-02-06T14:00:00.024000+00:00,0.0000148274,0.0005372376
2026-02-06T15:00:00.089000+00:00,0.0000205582,0.000628932
2026-02-06T16:00:00.036000+00:00,0.0000191014,0.0006056222
2026-02-06T17:00:00.030000+00:00,0.0000267621,0.0007281938
2026-02-06T18:00:00.086000+00:00,0.0000266754,0.0007268065
2026-02-06T19:00:00.056000+00:00,0.0000267605,0.0007281673
2026-02-06T20:00:00.016000+00:00,0.0000164397,0.0005630353
2026-02-06T21:00:00.031000+00:00,0.0000186198,0.0005979167
2026-02-06T22:00:00.032000+00:00,0.0000252854,0.0007045671
2026-02-06T23:00:00.049000+00:00,0.0000366227,0.0008859633
2026-02-07T00:00:00.064000+00:00,0.0000501927,0.0011030839
2026-02-07T01:00:00.036000+00:00,0.0000460685,0.0010370966
2026-02-07T02:00:00.026000+00:00,0.0000325002,0.0008200035
2026-02-07T03:00:00.021000+00:00,0.000012269,0.0004963038
2026-02-07T04:00:00.104000+00:00,0.00000625,0.0000843451
2026-02-07T05:00:00.063000+00:00,0.0000253004,0.0007048066
2026-02-07T06:00:00.036000+00:00,0.0000066516,0.0004064249
2026-02-07T07:00:00.008000+00:00,0.000006044,-0.0002032967
2026-02-07T08:00:00.048000+00:00,0.00000625,0.0000332611
2026-02-07T09:00:00.081000+00:00,-0.0000038086,-0.0003609381
2026-02-07T10:00:00.020000+00:00,-0.0000008059,-0.000312895
2026-02-07T11:00:00.008000+00:00,-0.0000119474,-0.0004911586
2026-02-07T12:00:00.031000+00:00,-0.0000233936,-0.0006742971
2026-02-07T13:00:00.040000+00:00,-0.0000102386,-0.0004638179
2026-02-07T14:00:00.008000+00:00,-0.0000168714,-0.0005699418
2026-02-07T15:00:00.093000+00:00,-0.0000092282,-0.0004476509
2026-02-07T16:00:00.146000+00:00,0.00000625,-0.0001670184
2026-02-07T17:00:00.055000+00:00,0.00000625,0.0001362068
2026-02-07T18:00:00.022000+00:00,0.0000359841,0.0008757448
2026-02-07T19:00:00.071000+00:00,0.0000311465,0.0007983435
2026-02-07T20:00:00.020000+00:00,0.0000251687,0.0007026997
2026-02-07T21:00:00.089000+00:00,0.0000237609,0.0006801745
2026-02-07T22:00:00.055000+00:00,0.00000625,0.0003224059
2026-02-07T23:00:00.038000+00:00,0.00000625,0.0001069382
2026-02-08T00:00:00.042000+00:00,0.00000625,0.000267711
2026-02-08T01:00:00.003000+00:00,0.00000625,0.0000461289
2026-02-08T02:00:00.074000+00:00,0.00000625,-0.0001216745
2026-02-08T03:00:00.113000+00:00,0.00000625,-0.0001139217
2026-02-08T04:00:00.069000+00:00,-0.0000054529,-0.0003872472
2026-02-08T05:00:00.059000+00:00,-0.0000167642,-0.0005682277
2026-02-08T06:00:00.031000+00:00,0.0000048932,-0.0002217089
2026-02-08T07:00:00.038000+00:00,0.00000625,-0.0001144462
2026-02-08T08:00:00.113000+00:00,-0.0000121024,-0.0004936391
2026-02-08T09:00:00.040000+00:00,-0.0000065687,-0.0004050999
2026-02-08T10:00:00.031000+00:00,0.000003109,-0.0002502553
2026-02-08T11:00:00.068000+00:00,0.00000625,-0.0001567176
2026-02-08T12:00:00.077000+00:00,0.0000228326,0.0006653222
2026-02-08T13:00:00.011000+00:00,0.0000280196,0.0007483138
2026-02-08T14:00:00.051000+00:00,0.0000344417,0.000851067
2026-02-08T15:00:00.041000+00:00,0.0000248268,0.000697229
2026-02-08T16:00:00.023000+00:00,0.0000420633,0.0009730122
2026-02-08T17:00:00.043000+00:00,0.0000886779,0.0017188458
2026-02-08T18:00:00.023000+00:00,0.0000734408,0.0014750535
2026-02-08T19:00:00.070000+00:00,0.0000522638,0.0011362206
2026-02-08T20:00:00.046000+00:00,0.00000625,0.0000453463
2026-02-08T21:00:00.059000+00:00,-0.0000005536,-0.0003088579
2026-02-08T22:00:00.049000+00:00,-0.0000556678,-0.0011906848
2026-02-08T23:00:00.015000+00:00,0.0000023131,-0.00026299
2026-02-09T00:00:00.009000+00:00,0.0000621372,0.001294195
2026-02-09T01:00:00.034000+00:00,0.0000910286,0.0017564582
2026-02-09T02:00:00.118000+00:00,0.000026171,0.0007187365
2026-02-09T03:00:00.004000+00:00,0.0000181609,0.0005905747
2026-02-09T04:00:00.091000+00:00,0.0000278779,0.000746046
2026-02-09T05:00:00.037000+00:00,0.0000341214,0.0008459431
2026-02-09T06:00:00.020000+00:00,0.0000445927,0.0010134829
2026-02-09T07:00:00.026000+00:00,0.0000404728,0.0009475641
2026-02-09T08:00:00.013000+00:00,0.0000287307,0.0007596906
2026-02-09T09:00:00.040000+00:00,0.0000343228,0.0008491641
2026-02-09T10:00:00.131000+00:00,0.0000298517,0.0007776276
2026-02-09T11:00:00.088000+00:00,0.0000291148,0.000765836
2026-02-09T12:00:00.030000+00:00,0.0000325557,0.0008208911
2026-02-09T13:00:00.020000+00:00,0.000034525,0.0008524007
2026-02-09T14:00:00.015000+00:00,0.0000403474,0.0009455585
2026-02-09T15:00:00.011000+00:00,0.0000735593,0.0014769495
2026-02-09T16:00:00.001000+00:00,0.0000734951,0.0014759218
2026-02-09T17:00:00.038000+00:00,0.0000520101,0.0011321623
2026-02-09T18:00:00.060000+00:00,0.0001792161,0.0031674576
2026-02-09T19:00:00.023000+00:00,0.000145019,0.0026203044
2026-02-09T20:00:00.059000+00:00,0.0000946361,0.0018141782
2026-02-09T21:00:00.068000+00:00,0.0000563164,0.0012010621
2026-02-09T22:00:00.065000+00:00,0.0000559451,0.0011951214
2026-02-09T23:00:00.046000+00:00,0.0000650412,0.0013406587
2026-02-10T00:00:00.013000+00:00,0.0000756486,0.001510377
2026-02-10T01:00:00.012000+00:00,0.0000834987,0.0016359789
2026-02-10T02:00:00.055000+00:00,0.0000888191,0.0017211054
2026-02-10T03:00:00.057000+00:00,0.0000817439,0.0016079024
2026-02-10T04:00:00.071000+00:00,0.0000477748,0.0010643963
2026-02-10T05:00:00.024000+00:00,0.0000381127,0.000909803
2026-02-10T06:00:00.028000+00:00,0.0000463311,0.0010412972
2026-02-10T07:00:00.090000+00:00,0.0000533452,0.0011535238
2026-02-10T08:00:00.018000+00:00,0.0000506661,0.0011106568
2026-02-10T09:00:00.041000+00:00,0.0000664439,0.0013631028
2026-02-10T10:00:00.028000+00:00,0.0000426929,0.0009830867
2026-02-10T11:00:00.100000+00:00,0.0000421401,0.0009742413
2026-02-10T12:00:00.032000+00:00,0.0000431782,0.0009908517
2026-02-10T13:00:00.106000+00:00,0.0000897157,0.0017354509
2026-02-10T14:00:00.038000+00:00,0.0001324874,0.0024197983
2026-02-10T15:00:00.006000+00:00,0.0000786333,0.0015581321
2026-02-10T16:00:00.009000+00:00,0.0000542813,0.0011685012
2026-02-10T17:00:00.070000+00:00,0.0000513731,0.0011219695
2026-02-10T18:00:00.065000+00:00,0.0000623808,0.0012980931
2026-02-10T19:00:00.015000+00:00,0.0000589471,0.0012431532
2026-02-10T20:00:00.053000+00:00,0.0000438397,0.0010014353
2026-02-10T21:00:00.100000+00:00,0.0000413216,0.000961145
2026-02-10T22:00:00.070000+00:00,0.0000372075,0.0008953196
2026-02-10T23:00:00.016000+00:00,0.0000468249,0.0010491986
2026-02-11T00:00:00.036000+00:00,0.0000553326,0.0011853213
2026-02-11T01:00:00.007000+00:00,0.0000562227,0.0011995626
2026-02-11T02:00:00.051000+00:00,0.0000512557,0.0011200909
2026-02-11T03:00:00.098000+00:00,0.0000512479,0.0011199665
2026-02-11T04:00:00.071000+00:00,0.0000601244,0.0012619897
2026-02-11T05:00:00.030000+00:00,0.0000569309,0.0012108942
2026-02-11T06:00:00.005000+00:00,0.0000467216,0.001047546
2026-02-11T07:00:00.062000+00:00,0.0000701896,0.0014230332
2026-02-11T08:00:00.095000+00:00,0.0000471967,0.0010551468
2026-02-11T09:00:00.114000+00:00,0.0000475503,0.0010608049
2026-02-11T10:00:00.048000+00:00,0.0000345319,0.0008525103
2026-02-11T11:00:00.086000+00:00,0.000034416,0.0008506564
2026-02-11T12:00:00.022000+00:00,0.0000290449,0.0007647183
2026-02-11T13:00:00.055000+00:00,0.0000236687,0.0006786995
2026-02-11T14:00:00.087000+00:00,0.0000393994,0.000930391
2026-02-11T15:00:00.012000+00:00,0.0000469102,0.0010505635
2026-02-11T16:00:00.074000+00:00,0.0000339344,0.0008429506
2026-02-11T17:00:00.077000+00:00,0.0000425757,0.000981212
2026-02-11T18:00:00.062000+00:00,0.0000307287,0.0007916586
2026-02-11T19:00:00.045000+00:00,0.0000279374,0.0007469984
2026-02-11T20:00:00.051000+00:00,0.0000209549,0.0006352787
2026-02-11T21:00:00.053000+00:00,0.0000215507,0.0006448113
2026-02-11T22:00:00.067000+00:00,0.00002842,0.0007547197
2026-02-11T23:00:00.087000+00:00,0.0000404723,0.0009475568
2026-02-12T00:00:00.006000+00:00,0.0000421996,0.000975193
2026-02-12T01:00:00.034000+00:00,0.0000299442,0.0007791069
2026-02-12T02:00:00.037000+00:00,0.0000371103,0.0008937652
2026-02-12T03:00:00.057000+00:00,0.0000436869,0.0009989905
2026-02-12T04:00:00.004000+00:00,0.0000337785,0.0008404567
2026-02-12T05:00:00.075000+00:00,0.0000314074,0.0008025184
2026-02-12T06:00:00.077000+00:00,0.0000276748,0.0007427972
2026-02-12T07:00:00.029000+00:00,0.0000341128,0.0008458048
2026-02-12T08:00:00.036000+00:00,0.000035553,0.0008688476
2026-02-12T09:00:00.054000+00:00,0.0000553397,0.0011854356
2026-02-12T10:00:00.022000+00:00,0.0000277172,0.0007434747
2026-02-12T11:00:00.008000+00:00,0.0000245168,0.0006922685
2026-02-12T12:00:00.064000+00:00,0.000023689,0.0006790236
2026-02-12T13:00:00.056000+00:00,0.0000253895,0.0007062321
2026-02-12T14:00:00.023000+00:00,0.0000282342,0.0007517472
2026-02-12T15:00:00.004000+00:00,0.0000521777,0.0011348437
2026-02-12T16:00:00.043000+00:00,0.0000525538,0.0011408605
2026-02-12T17:00:00.026000+00:00,0.000046676,0.0010468166
2026-02-12T18:00:00.015000+00:00,0.000029641,0.0007742564
2026-02-12T19:00:00.053000+00:00,0.0000268985,0.0007303754
2026-02-12T20:00:00.037000+00:00,0.0000330651,0.0008290409
2026-02-12T21:00:00.043000+00:00,0.0000275626,0.0007410013
2026-02-12T22:00:00.010000+00:00,0.0000330084,0.0008281341
2026-02-12T23:00:00.072000+00:00,0.0000215807,0.0006452917
2026-02-13T00:00:00.092000+00:00,0.000020632,0.0006301125
2026-02-13T01:00:00.083000+00:00,0.000018584,0.0005973442
2026-02-13T02:00:00.050000+00:00,0.000029007,0.0007641125
2026-02-13T03:00:00.009000+00:00,0.000031393,0.0008022882
2026-02-13T04:00:00.087000+00:00,0.0000402045,0.0009432717
2026-02-13T05:00:00.083000+00:00,0.000034496,0.0008519364
2026-02-13T06:00:00.070000+00:00,0.0000359236,0.0008747773
2026-02-13T07:00:00.056000+00:00,0.0000285847,0.0007573557
2026-02-13T08:00:00.018000+00:00,0.0000097643,0.000456229
2026-02-13T09:00:00.087000+00:00,0.00000625,0.0003661274
2026-02-13T10:00:00.004000+00:00,0.0000228859,0.0006661737
2026-02-13T11:00:00.117000+00:00,0.0000428574,0.0009857182
2026-02-13T12:00:00.059000+00:00,0.0000210626,0.0006370012
2026-02-13T13:00:00.040000+00:00,0.0000207113,0.0006313811
2026-02-13T14:00:00.092000+00:00,0.0000216806,0.0006468892
2026-02-13T15:00:00.081000+00:00,0.0000214217,0.0006427478
2026-02-13T16:00:00.038000+00:00,0.0000412246,0.0009595934
2026-02-13T17:00:00.023000+00:00,0.0000391519,0.0009264308
2026-02-13T18:00:00.120000+00:00,0.0000656513,0.0013504206
2026-02-13T19:00:00.063000+00:00,0.0000712407,0.0014398513
2026-02-13T20:00:00.048000+00:00,0.0000449645,0.0010194316
2026-02-13T21:00:00.056000+00:00,0.0000418889,0.0009702216
2026-02-13T22:00:00.018000+00:00,0.0000439889,0.0010038224
2026-02-13T23:00:00.072000+00:00,0.0000391238,0.0009259815
2026-02-14T00:00:00.041000+00:00,0.0000470767,0.0010532279
2026-02-14T01:00:00.085000+00:00,0.0000506929,0.0011110872
2026-02-14T02:00:00.103000+00:00,0.0000506033,0.0011096532
2026-02-14T03:00:00.007000+00:00,0.000024704,0.0006952642
2026-02-14T04:00:00.098000+00:00,0.00000625,0.0002945186
2026-02-14T05:00:00.016000+00:00,0.00000625,0.0002159243
2026-02-14T06:00:00.103000+00:00,0.00000625,0.0002826587
2026-02-14T07:00:00.037000+00:00,0.00000625,0.0003691755
2026-02-14T08:00:00.001000+00:00,0.00000625,0.0003418418
2026-02-14T09:00:00.050000+00:00,0.0000283095,0.0007529514
2026-02-14T10:00:00.086000+00:00,0.0000458407,0.0010334512
2026-02-14T11:00:00.026000+00:00,0.0000237621,0.0006801936
2026-02-14T12:00:00.125000+00:00,0.00000625,0.0003385404
2026-02-14T13:00:00.083000+00:00,-0.0000533793,-0.0011540692
2026-02-14T14:00:00.055000+00:00,0.0000016467,-0.0002736523
2026-02-14T15:00:00.081000+00:00,0.00000625,-0.00009162
2026-02-14T16:00:00.035000+00:00,0.00000625,-0.0001121251
2026-02-14T17:00:00.075000+00:00,0.00000625,0.0000992296
2026-02-14T18:00:00.102000+00:00,0.00000625,0.0003059488
2026-02-14T19:00:00.005000+00:00,0.00000625,0.0002102265
2026-02-14T20:00:00.071000+00:00,0.00000625,0.0003233618
2026-02-14T21:00:00.056000+00:00,0.0000098164,0.0004570617
2026-02-14T22:00:00.045000+00:00,0.0000110469,0.00047675
2026-02-14T23:00:00.022000+00:00,0.0000118155,0.0004890477
2026-02-15T00:00:00.102000+00:00,0.00000625,0.0001525747
2026-02-15T01:00:00.052000+00:00,0.00000625,-0.0000680429
2026-02-15T02:00:00.088000+00:00,0.0000186854,0.0005989657
2026-02-15T03:00:00.093000+00:00,0.00000625,-0.0001811492
2026-02-15T04:00:00.058000+00:00,-0.0000022809,-0.0003364949
2026-02-15T05:00:00.004000+00:00,-0.0000164136,-0.0005626168
2026-02-15T06:00:00.027000+00:00,0.00000625,-0.0001834872
2026-02-15T07:00:00.020000+00:00,-0.0000101824,-0.000462919
2026-02-15T08:00:00.027000+00:00,0.00000625,-0.0000808556
2026-02-15T09:00:00.043000+00:00,0.00000625,0.0000017395
2026-02-15T10:00:00.001000+00:00,0.00000625,0.000151183
2026-02-15T11:00:00.015000+00:00,0.00000625,0.0003204015
2026-02-15T12:00:00.014000+00:00,0.00000625,0.0000274014
2026-02-15T13:00:00.012000+00:00,0.0000044323,-0.0002290836
2026-02-15T14:00:00.023000+00:00,-0.0000651675,-0.0013426796
2026-02-15T15:00:00.014000+00:00,-0.0000207457,-0.000631931
2026-02-15T16:00:00.083000+00:00,-0.000026005,-0.0007160804
2026-02-15T17:00:00.027000+00:00,-0.0000355905,-0.0008694481
2026-02-15T18:00:00.006000+00:00,-0.0000172665,-0.0005762636
2026-02-15T19:00:00.023000+00:00,-0.0000402766,-0.0009444253
2026-02-15T20:00:00.060000+00:00,-0.0000096499,-0.0004543978
2026-02-15T21:00:00.008000+00:00,-0.000010992,-0.0004758725
2026-02-15T22:00:00.058000+00:00,0.00000625,-0.0001394377
2026-02-15T23:00:00.053000+00:00,0.000003177,-0.0002491679
2026-02-16T00:00:00.071000+00:00,0.00000625,-0.0001860434
2026-02-16T01:00:00.023000+00:00,0.00000625,-0.0001143186
2026-02-16T02:00:00.070000+00:00,0.00000625,-0.0000346098
2026-02-16T03:00:00.088000+00:00,0.0000163815,0.0005621032
2026-02-16T04:00:00.033000+00:00,0.0000258431,0.0007134903
2026-02-16T05:00:00.025000+00:00,0.0000072153,0.000415445
2026-02-16T06:00:00.006000+00:00,0.00000625,0.0002574303
2026-02-16T07:00:00.043000+00:00,0.00000625,-0.0001356965
2026-02-16T08:00:00.025000+00:00,0.00000625,0.0002634959
2026-02-16T09:00:00.002000+00:00,0.000044886,0.0010181764
2026-02-16T10:00:00.026000+00:00,0.0000408467,0.0009535464
2026-02-16T11:00:00+00:00,0.00000625,0.0003188674
2026-02-16T12:00:00.075000+00:00,-0.0000335417,-0.0008366674
2026-02-16T13:00:00.013000+00:00,-0.0000047662,-0.0003762588
2026-02-16T14:00:00.083000+00:00,0.00000625,-0.0001525255
2026-02-16T15:00:00.037000+00:00,-0.000062502,-0.0013000325
2026-02-16T16:00:00.099000+00:00,-0.0000533999,-0.0011543989
2026-02-16T17:00:00.019000+00:00,-0.0000567109,-0.0012073744
2026-02-16T18:00:00.138000+00:00,-0.0000360359,-0.0008765737
2026-02-16T19:00:00.072000+00:00,-0.0000339782,-0.0008436517
2026-02-16T20:00:00.001000+00:00,-0.0000274026,-0.0007384412
2026-02-16T21:00:00.070000+00:00,-0.0000116457,-0.0004863318
2026-02-16T22:00:00.043000+00:00,-0.0000105227,-0.0004683639
2026-02-16T23:00:00.088000+00:00,-0.000001723,-0.0003275686
2026-02-17T00:00:00.063000+00:00,0.0000892181,0.0017274901
2026-02-17T01:00:00.070000+00:00,0.000063683,0.0013189279
2026-02-17T02:00:00.032000+00:00,0.00000625,0.0002754945
2026-02-17T03:00:00.021000+00:00,0.00000625,0.0002297574
2026-02-17T04:00:00.061000+00:00,0.00000625,0.0002574819
2026-02-17T05:00:00.038000+00:00,0.00000625,0.0002799573
2026-02-17T06:00:00.104000+00:00,0.00000625,-0.0000010447
2026-02-17T07:00:00.044000+00:00,0.00000625,-0.00010321
2026-02-17T08:00:00.015000+00:00,0.00000625,-0.0000440817
2026-02-17T09:00:00.082000+00:00,0.00000625,-0.0000789331
2026-02-17T10:00:00.097000+00:00,0.00000625,0.0001327561
2026-02-17T11:00:00.042000+00:00,0.00000625,0.0000064269
2026-02-17T12:00:00.044000+00:00,0.00000625,0.000152888
2026-02-17T13:00:00.044000+00:00,0.00000625,0.0002605182
2026-02-17T14:00:00.063000+00:00,0.00000625,0.0003018348
2026-02-17T15:00:00.062000+00:00,0.00000625,0.0002772419
2026-02-17T16:00:00.071000+00:00,0.00000625,0.0003297738
2026-02-17T17:00:00.038000+00:00,0.0000143807,0.0005300904
2026-02-17T18:00:00.030000+00:00,0.00000625,0.0002776816
2026-02-17T19:00:00.003000+00:00,0.000017949,0.0005871834
2026-02-17T20:00:00.062000+00:00,0.0000385957,0.0009175309
2026-02-17T21:00:00.058000+00:00,0.0000249867,0.0006997879
2026-02-17T22:00:00.051000+00:00,0.0000252937,0.0007046995
2026-02-17T23:00:00.070000+00:00,0.0000094064,0.0004505024
2026-02-18T00:00:00.021000+00:00,0.0000063592,0.0004017478
2026-02-18T01:00:00.085000+00:00,0.0000216761,0.0006468183
2026-02-18T02:00:00.067000+00:00,0.0000193234,0.0006091752
2026-02-18T03:00:00.005000+00:00,0.0000346481,0.0008543701
2026-02-18T04:00:00.016000+00:00,0.0000430513,0.0009888208
2026-02-18T05:00:00.053000+00:00,0.0000262985,0.0007207765
2026-02-18T06:00:00.013000+00:00,0.0000168618,0.0005697882
2026-02-18T07:00:00.044000+00:00,0.00000625,0.0003834655
2026-02-18T08:00:00.085000+00:00,0.00000625,0.0002584433
2026-02-18T09:00:00.065000+00:00,0.00000625,0.0003790061
2026-02-18T10:00:00.081000+00:00,0.00000625,0.0002953374
2026-02-18T11:00:00.026000+00:00,0.0000206323,0.0006301166
2026-02-18T12:00:00.017000+00:00,0.0000361816,0.0008789055
2026-02-18T13:00:00.034000+00:00,0.0000321402,0.0008142439
2026-02-18T14:00:00.046000+00:00,0.0000361468,0.0008783492
2026-02-18T15:00:00.043000+00:00,0.0000229686,0.0006674975
2026-02-18T16:00:00.046000+00:00,0.0000794296,0.0015708743
2026-02-18T17:00:00.010000+00:00,0.0000775161,0.0015402582
2026-02-18T18:00:00.003000+00:00,0.0000351008,0.0008616132
2026-02-18T19:00:00.072000+00:00,0.0000334889,0.0008358222
2026-02-18T20:00:00.039000+00:00,0.0000251648,0.0007026367
2026-02-18T21:00:00.040000+00:00,0.0000119373,0.0004909972
2026-02-18T22:00:00.035000+00:00,0.0000152003,0.0005432056
2026-02-18T23:00:00.022000+00:00,0.0000185855,0.000597368
2026-02-19T00:00:00.054000+00:00,0.0000225194,0.0006603108
2026-02-19T01:00:00.073000+00:00,0.00000625,0.0002223632
2026-02-19T02:00:00.079000+00:00,0.0000082181,0.0004314889
2026-02-19T03:00:00.021000+00:00,0.00000625,0.0003265362
2026-02-19T04:00:00.122000+00:00,0.0000278851,0.0007461613
2026-02-19T05:00:00.058000+00:00,0.0000345946,0.0008535134
2026-02-19T06:00:00.072000+00:00,0.0000497333,0.0010957333
2026-02-19T07:00:00.126000+00:00,0.0000528559,0.0011456949
2026-02-19T08:00:00.040000+00:00,0.0000318403,0.0008094451
2026-02-19T09:00:00.019000+00:00,0.0000611057,0.0012776918
2026-02-19T10:00:00.033000+00:00,0.0000357407,0.0008718517
2026-02-19T11:00:00.010000+00:00,0.0000343872,0.0008501956
2026-02-19T12:00:00.062000+00:00,0.0000320815,0.0008133043
2026-02-19T13:00:00.017000+00:00,0.0000240219,0.0006843509
2026-02-19T14:00:00.019000+00:00,0.0000281464,0.0007503424
2026-02-19T15:00:00.067000+00:00,0.0000304836,0.0007877379
2026-02-19T16:00:00.026000+00:00,0.0000475988,0.0010615808
2026-02-19T17:00:00.013000+00:00,0.0000288576,0.0007617223
2026-02-19T18:00:00+00:00,0.0000251333,0.0007021329
2026-02-19T19:00:00.043000+00:00,0.0000272151,0.0007354418
2026-02-19T20:00:00.009000+00:00,0.0000580276,0.0012284415
2026-02-19T21:00:00.023000+00:00,0.0000569803,0.0012116848
2026-02-19T22:00:00.022000+00:00,0.0000450115,0.0010201834
2026-02-19T23:00:00.042000+00:00,0.0000389438,0.0009231013
2026-02-20T00:00:00.035000+00:00,0.0000328459,0.000825535
2026-02-20T01:00:00.190000+00:00,0.000060114,0.0012618242
2026-02-20T02:00:00.054000+00:00,0.0000638764,0.0013220216
2026-02-20T03:00:00.118000+00:00,0.0000353719,0.0008659509
2026-02-20T04:00:00.085000+00:00,0.0000471007,0.0010536116
2026-02-20T05:00:00.048000+00:00,0.0000526393,0.001142228
2026-02-20T06:00:00.033000+00:00,0.0000564215,0.0012027435
2026-02-20T07:00:00.077000+00:00,0.0000996494,0.0018943907
2026-02-20T08:00:00.069000+00:00,0.0000611257,0.0012780111
2026-02-20T09:00:00.018000+00:00,0.0000667989,0.0013687816
2026-02-20T10:00:00.018000+00:00,0.0000566076,0.0012057211
2026-02-20T11:00:00.029000+00:00,0.0000577394,0.0012238306
2026-02-20T12:00:00.020000+00:00,0.0000480157,0.0010682507
2026-02-20T13:00:00.001000+00:00,0.0000355592,0.0008689478
2026-02-20T14:00:00.062000+00:00,0.0000259583,0.0007153325
2026-02-20T15:00:00.013000+00:00,0.0000333407,0.0008334517
2026-02-20T16:00:00.044000+00:00,0.0000214874,0.0006437983
2026-02-20T17:00:00.002000+00:00,0.0000229963,0.000667941
2026-02-20T18:00:00.056000+00:00,0.0000172903,0.0005766443
2026-02-20T19:00:00.125000+00:00,0.0000279158,0.0007466527
2026-02-20T20:00:00.028000+00:00,0.0000289653,0.0007634454
2026-02-20T21:00:00.083000+00:00,0.000014317,0.0005290724
2026-02-20T22:00:00.095000+00:00,0.0000300823,0.0007813168
2026-02-20T23:00:00.033000+00:00,0.0000375195,0.0009003127
2026-02-21T00:00:00.011000+00:00,0.000040163,0.0009426079
2026-02-21T01:00:00.131000+00:00,0.0000584146,0.001234634
2026-02-21T02:00:00.011000+00:00,0.0000169357,0.000570971
2026-02-21T03:00:00.063000+00:00,0.0000449237,0.0010187794
2026-02-21T04:00:00.080000+00:00,0.0000277089,0.000743343
2026-02-21T05:00:00.080000+00:00,0.0000103236,0.0004651777
2026-02-21T06:00:00.034000+00:00,0.00000625,0.0002245281
2026-02-21T07:00:00.068000+00:00,0.00000625,-0.0000288793
2026-02-21T08:00:00.035000+00:00,0.00000625,0.0002785374
2026-02-21T09:00:00.020000+00:00,0.00000625,0.0001835896
2026-02-21T10:00:00.068000+00:00,0.00000625,0.0001505584
2026-02-21T11:00:00.028000+00:00,0.00000625,0.0000689849
2026-02-21T12:00:00.071000+00:00,0.00000625,-0.0000431721
2026-02-21T13:00:00.019000+00:00,0.00000625,0.0001542023
2026-02-21T14:00:00+00:00,0.00000625,0.0002505354
2026-02-21T15:00:00.011000+00:00,0.00000625,0.0003093484
2026-02-21T16:00:00.010000+00:00,0.00000625,0.0002871347
2026-02-21T17:00:00.060000+00:00,0.00000625,0.0002204284
2026-02-21T18:00:00.086000+00:00,0.0000008193,-0.0002868915
2026-02-21T19:00:00.111000+00:00,0.00000625,-0.0001016102
2026-02-21T20:00:00.048000+00:00,-0.0000267651,-0.0007282412
2026-02-21T21:00:00.024000+00:00,-0.0000277214,-0.0007435422
2026-02-21T22:00:00.037000+00:00,-0.0000191944,-0.0006071102
2026-02-21T23:00:00.054000+00:00,-0.0000164694,-0.0005635102
2026-02-22T00:00:00.015000+00:00,0.00000625,0.0003672557
2026-02-22T01:00:00.084000+00:00,0.00000625,0.0002657416
2026-02-22T02:00:00.046000+00:00,0.00000625,0.0002845598
2026-02-22T03:00:00.056000+00:00,0.00000625,-0.0000171155
2026-02-22T04:00:00.066000+00:00,-0.0000004358,-0.0003069724
2026-02-22T05:00:00.123000+00:00,0.00000625,-0.0001618641
2026-02-22T06:00:00.012000+00:00,0.0000070705,0.0004131275
2026-02-22T07:00:00.039000+00:00,0.0000299819,0.0007797099
2026-02-22T08:00:00.009000+00:00,0.0000139888,0.0005238213
2026-02-22T09:00:00.017000+00:00,0.00000625,0.0003090243
2026-02-22T10:00:00.091000+00:00,0.00000625,-0.0001747126
2026-02-22T11:00:00.056000+00:00,-0.0000032359,-0.0003517739
2026-02-22T12:00:00.075000+00:00,0.00000625,0.0003527588
2026-02-22T13:00:00.038000+00:00,0.00000625,-0.0000024496
2026-02-22T14:00:00.048000+00:00,-0.0000081321,-0.0004301138
2026-02-22T15:00:00.114000+00:00,-0.0000088869,-0.0004421901
2026-02-22T16:00:00.015000+00:00,0.00000625,-0.00019834
2026-02-22T17:00:00.036000+00:00,0.00000625,0.0000073185
2026-02-22T18:00:00.075000+00:00,-0.0000053615,-0.0003857847
2026-02-22T19:00:00.006000+00:00,-0.0000025097,-0.0003401545
2026-02-22T20:00:00.029000+00:00,0.00000625,-0.0000901864
2026-02-22T21:00:00+00:00,0.00000625,0.0001726804
2026-02-22T22:00:00.023000+00:00,0.00000625,0.0002545851
2026-02-22T23:00:00.093000+00:00,0.0000334367,0.0008349871
2026-02-23T00:00:00.016000+00:00,-0.0000202416,-0.0006238661
2026-02-23T01:00:00.004000+00:00,-0.0001393756,-0.0025300103
2026-02-23T02:00:00.025000+00:00,0.0000155332,0.0005485312
2026-02-23T03:00:00.025000+00:00,0.00000625,-0.0000331054
2026-02-23T04:00:00.028000+00:00,0.00000625,-0.0000648132
2026-02-23T05:00:00.010000+00:00,0.00000625,-0.000065282
2026-02-23T06:00:00.078000+00:00,0.00000625,0.0000466273
2026-02-23T07:00:00.058000+00:00,0.00000625,-0.000066203
2026-02-23T08:00:00.004000+00:00,0.00000625,-0.0000029633
2026-02-23T09:00:00.103000+00:00,0.00000625,0.000237732
2026-02-23T10:00:00.012000+00:00,0.0000111739,0.000478783
2026-02-23T11:00:00.010000+00:00,0.0000242216,0.0006875451
2026-02-23T12:00:00.004000+00:00,0.0000239698,0.0006835173
2026-02-23T13:00:00.080000+00:00,0.0000182959,0.000592735
2026-02-23T14:00:00.028000+00:00,0.0000169293,0.0005708683
2026-02-23T15:00:00.059000+00:00,0.0000240991,0.0006855862
2026-02-23T16:00:00.045000+00:00,0.0000119825,0.0004917194
2026-02-23T17:00:00.042000+00:00,0.00000625,0.0003643135
2026-02-23T18:00:00.076000+00:00,0.0000101525,0.0004624407
2026-02-23T19:00:00.053000+00:00,0.0000275241,0.0007403857
2026-02-23T20:00:00.017000+00:00,0.0000208011,0.000632817
2026-02-23T21:00:00.054000+00:00,0.0000384401,0.000915041
2026-02-23T22:00:00.029000+00:00,0.0000351113,0.0008617815
2026-02-23T23:00:00.037000+00:00,0.0000340208,0.0008443335
2026-02-24T00:00:00.048000+00:00,0.0000330082,0.0008281316
2026-02-24T01:00:00.134000+00:00,0.0000470643,0.0010530287
2026-02-24T02:00:00.050000+00:00,0.0000446335,0.001014136
2026-02-24T03:00:00.046000+00:00,0.0000333695,0.0008339125
2026-02-24T04:00:00.015000+00:00,0.0000476247,0.001061995
2026-02-24T05:00:00.026000+00:00,0.0000536897,0.0011590345
2026-02-24T06:00:00.085000+00:00,0.0000791552,0.0015664832
2026-02-24T07:00:00.076000+00:00,0.0000677272,0.0013836346
2026-02-24T08:00:00.022000+00:00,0.0001059487,0.0019951788
2026-02-24T09:00:00.048000+00:00,0.0001276229,0.002341967
2026-02-24T10:00:00.044000+00:00,0.0000797142,0.0015754264
2026-02-24T11:00:00.020000+00:00,0.0000796554,0.0015744872
2026-02-24T12:00:00.025000+00:00,0.0000678113,0.0013849806
2026-02-24T13:00:00.047000+00:00,0.0000470237,0.0010523795
2026-02-24T14:00:00.060000+00:00,0.0000776595,0.0015425522
2026-02-24T15:00:00.057000+00:00,0.000069298,0.0014087682
2026-02-24T16:00:00.005000+00:00,0.000033502,0.0008360316
2026-02-24T17:00:00.049000+00:00,0.0000464016,0.0010424248
2026-02-24T18:00:00.022000+00:00,0.0000342121,0.0008473941
2026-02-24T19:00:00.066000+00:00,0.0000283936,0.0007542975
2026-02-24T20:00:00.026000+00:00,0.000041248,0.0009599672
2026-02-24T21:00:00.002000+00:00,0.0000491635,0.0010866161
2026-02-24T22:00:00.030000+00:00,0.0000292685,0.0007682958
2026-02-24T23:00:00.078000+00:00,0.0000177202,0.0005835237
2026-02-25T00:00:00.014000+00:00,0.0000219608,0.0006513731
2026-02-25T01:00:00.032000+00:00,0.0000615564,0.0012849027
2026-02-25T02:00:00.039000+00:00,0.0000660586,0.0013569381
2026-02-25T03:00:00.030000+00:00,0.0000662834,0.001360535
2026-02-25T04:00:00.056000+00:00,0.000061735,0.0012877597
2026-02-25T05:00:00.028000+00:00,0.0000551697,0.0011827146
2026-02-25T06:00:00.061000+00:00,0.000044975,0.0010196005
2026-02-25T07:00:00+00:00,0.0000567743,0.0012083883
2026-02-25T08:00:00.037000+00:00,0.0000495228,0.0010923646
2026-02-25T09:00:00.060000+00:00,0.0000486419,0.0010782705
2026-02-25T10:00:00.029000+00:00,0.0000488292,0.0010812664
2026-02-25T11:00:00.055000+00:00,0.0000496484,0.0010943751
2026-02-25T12:00:00.008000+00:00,0.0000528341,0.0011453462
2026-02-25T13:00:00.008000+00:00,0.0000500363,0.0011005816
2026-02-25T14:00:00.023000+00:00,0.0000498159,0.0010970541
2026-02-25T15:00:00.051000+00:00,0.0000545895,0.0011734318
2026-02-25T16:00:00.012000+00:00,0.0000526449,0.0011423185
2026-02-25T17:00:00.075000+00:00,0.0000234219,0.0006747504
2026-02-25T18:00:00.088000+00:00,0.0000396541,0.0009344661
2026-02-25T19:00:00.128000+00:00,0.0000212312,0.0006396988
2026-02-25T20:00:00.055000+00:00,0.0000145998,0.0005335963
2026-02-25T21:00:00.015000+00:00,0.0000344947,0.0008519145
2026-02-25T22:00:00+00:00,0.00000625,0.000351537
2026-02-25T23:00:00.045000+00:00,0.00000625,-0.0001821994
2026-02-26T00:00:00.036000+00:00,0.00000625,0.0002022394
2026-02-26T01:00:00.091000+00:00,-0.0000286174,-0.0007578792
2026-02-26T02:00:00.018000+00:00,0.00000625,-0.0001875569
2026-02-26T03:00:00.060000+00:00,0.00000625,-0.0001472862
2026-02-26T04:00:00.013000+00:00,0.00000625,-0.0000924834
2026-02-26T05:00:00.058000+00:00,0.00000625,0.0003759607
2026-02-26T06:00:00.099000+00:00,0.0000159084,0.0005545349
2026-02-26T07:00:00.021000+00:00,0.0000420006,0.0009720101
2026-02-26T08:00:00.072000+00:00,0.0000513966,0.0011223461
2026-02-26T09:00:00.076000+00:00,0.000020635,0.0006301595
2026-02-26T10:00:00.108000+00:00,0.000022609,0.0006617444
2026-02-26T11:00:00.073000+00:00,0.000030888,0.0007942076
2026-02-26T12:00:00.041000+00:00,0.0000222782,0.0006564511
2026-02-26T13:00:00.051000+00:00,0.0000443241,0.0010091849
2026-02-26T14:00:00.019000+00:00,0.0000351193,0.0008619085
2026-02-26T15:00:00.033000+00:00,0.0000500136,0.0011002175
2026-02-26T16:00:00.028000+00:00,0.000052566,0.0011410558
2026-02-26T17:00:00.027000+00:00,0.0000489798,0.0010836765
2026-02-26T18:00:00.023000+00:00,0.000008829,0.0004412638
2026-02-26T19:00:00.009000+00:00,0.0000336797,0.0008388749
2026-02-26T20:00:00.035000+00:00,0.00000625,0.0002847948
2026-02-26T21:00:00.019000+00:00,0.0000203277,0.0006252427
2026-02-26T22:00:00.019000+00:00,0.0000489638,0.0010834201
2026-02-26T23:00:00.054000+00:00,0.0000750935,0.0015014964
2026-02-27T00:00:00.001000+00:00,0.0000964151,0.0018426419
2026-02-27T01:00:00.078000+00:00,0.0001087102,0.0020393631
2026-02-27T02:00:00.016000+00:00,0.0000737424,0.001479879
2026-02-27T03:00:00.116000+00:00,0.000043552,0.0009968321
2026-02-27T04:00:00.057000+00:00,0.000054827,0.0011772319
2026-02-27T05:00:00.058000+00:00,0.0000408919,0.0009542711
2026-02-27T06:00:00.053000+00:00,0.0000436097,0.0009977551
2026-02-27T07:00:00.067000+00:00,0.0000280731,0.0007491695
2026-02-27T08:00:00.017000+00:00,0.0000440846,0.0010053537
2026-02-27T09:00:00.026000+00:00,0.000016268,0.0005602873
2026-02-27T10:00:00.074000+00:00,0.0000343018,0.0008488294
2026-02-27T11:00:00.078000+00:00,0.0000218321,0.0006493133
2026-02-27T12:00:00.028000+00:00,0.00000625,0.0003878219
2026-02-27T13:00:00.020000+00:00,0.00000625,0.0003482197
2026-02-27T14:00:00.036000+00:00,0.0000346081,0.0008537299
2026-02-27T15:00:00.054000+00:00,0.0000702382,0.0014238111
2026-02-27T16:00:00.132000+00:00,0.0000450932,0.0010214906
2026-02-27T17:00:00.041000+00:00,0.0000681558,0.0013904926
2026-02-27T18:00:00.037000+00:00,0.0000583702,0.0012339226
2026-02-27T19:00:00.012000+00:00,0.0000513626,0.0011218015
2026-02-27T20:00:00.028000+00:00,0.0000366605,0.0008865688
2026-02-27T21:00:00.037000+00:00,0.0000320328,0.0008125241
2026-02-27T22:00:00.023000+00:00,0.0000480073,0.001068117
2026-02-27T23:00:00.014000+00:00,0.0000608529,0.0012736463
2026-02-28T00:00:00.086000+00:00,0.0000351522,0.0008624346
2026-02-28T01:00:00.090000+00:00,0.0000120293,0.0004924696
2026-02-28T02:00:00.058000+00:00,0.0000089042,0.0004424678
2026-02-28T03:00:00.012000+00:00,0.00000625,0.0003116329
2026-02-28T04:00:00.088000+00:00,0.0000463012,0.0010408189
2026-02-28T05:00:00.063000+00:00,0.00000625,0.0003920743
2026-02-28T06:00:00.065000+00:00,0.00000625,0.000262728
2026-02-28T07:00:00.026000+00:00,-0.0000552283,-0.0011836531
2026-02-28T08:00:00.028000+00:00,-0.0000735025,-0.0014760397
2026-02-28T09:00:00.012000+00:00,-0.0000559171,-0.0011946741
2026-02-28T10:00:00.008000+00:00,-0.0001148804,-0.0021380871
2026-02-28T11:00:00.008000+00:00,-0.0001203272,-0.0022252355
2026-02-28T12:00:00.032000+00:00,-0.0000966874,-0.0018469986
2026-02-28T13:00:00.035000+00:00,0.00000625,0.0002486465
2026-02-28T14:00:00.033000+00:00,0.0000775663,0.0015410615
2026-02-28T15:00:00.021000+00:00,0.00000625,-0.0001521586
2026-02-28T16:00:00.041000+00:00,0.00000625,0.0001777311
2026-02-28T17:00:00.025000+00:00,0.0000035718,-0.0002428515
2026-02-28T18:00:00.015000+00:00,0.00000625,0.000168107
2026-02-28T19:00:00.074000+00:00,0.00000625,-0.0001447301
2026-02-28T20:00:00.039000+00:00,0.00000625,-0.000108993
2026-02-28T21:00:00.041000+00:00,0.0001725476,0.0030607613
2026-02-28T22:00:00.035000+00:00,0.0001513979,0.0027223663
2026-02-28T23:00:00.066000+00:00,0.0001404817,0.0025477067
2026-03-01T00:00:00.168000+00:00,0.0000505013,0.0011080215
2026-03-01T01:00:00.024000+00:00,0.00000625,0.0001657567
2026-03-01T02:00:00.052000+00:00,0.00000625,-0.0001165648
2026-03-01T03:00:00.074000+00:00,0.0000486804,0.001078887
2026-03-01T04:00:00.034000+00:00,0.0000911036,0.001757657
2026-03-01T05:00:00.052000+00:00,0.000096553,0.0018448476
2026-03-01T06:00:00.071000+00:00,0.0001187906,0.0022006503
2026-03-01T07:00:00.018000+00:00,0.0000712986,0.0014407781
2026-03-01T08:00:00.093000+00:00,0.0000787543,0.0015600695
2026-03-01T09:00:00.017000+00:00,0.0000146301,0.0005340819
2026-03-01T10:00:00.018000+00:00,-0.0000139829,-0.0005237271
2026-03-01T11:00:00.017000+00:00,-0.0000916877,-0.0017670036
2026-03-01T12:00:00.039000+00:00,-0.0000370206,-0.0008923297
2026-03-01T13:00:00.054000+00:00,-0.0000645909,-0.0013334538
2026-03-01T14:00:00.029000+00:00,-0.0000870915,-0.0016934646
2026-03-01T15:00:00.027000+00:00,-0.0001142039,-0.0021272629
2026-03-01T16:00:00.018000+00:00,0.0000060895,-0.0002025685
2026-03-01T17:00:00.120000+00:00,0.00000625,0.0001616926
2026-03-01T18:00:00.070000+00:00,-0.0000027922,-0.0003446748
2026-03-01T19:00:00.062000+00:00,0.0000901232,0.0017419718
2026-03-01T20:00:00.026000+00:00,0.0000272688,0.0007363015
2026-03-01T21:00:00.065000+00:00,-0.0001183944,-0.0021943109
2026-03-01T22:00:00.085000+00:00,-0.0000858887,-0.0016742188
2026-03-01T23:00:00.005000+00:00,-0.0000187834,-0.0006005343
2026-03-02T00:00:00.044000+00:00,0.0000064499,0.000403198
2026-03-02T01:00:00.048000+00:00,-0.0000265266,-0.0007244257
2026-03-02T02:00:00.044000+00:00,0.0001479139,0.0026666219
2026-03-02T03:00:00.063000+00:00,0.0001209054,0.0022344872
2026-03-02T04:00:00.048000+00:00,0.0001071171,0.0020138729
2026-03-02T05:00:00.071000+00:00,0.0001218183,0.0022490923
2026-03-02T06:00:00.062000+00:00,0.0001181672,0.0021906746
2026-03-02T07:00:00.054000+00:00,0.0001241229,0.0022859666
2026-03-02T08:00:00.003000+00:00,0.0001382313,0.0025117
2026-03-02T09:00:00.091000+00:00,0.0001245431,0.002292689
2026-03-02T10:00:00.007000+00:00,0.0001079116,0.0020265859
2026-03-02T11:00:00.019000+00:00,0.0001102887,0.0020646186
2026-03-02T12:00:00.016000+00:00,0.0001316906,0.0024070496
2026-03-02T13:00:00.034000+00:00,0.0001463039,0.0026408628
2026-03-02T14:00:00.035000+00:00,0.00011951,0.0022121603
2026-03-02T15:00:00.070000+00:00,0.0001050407,0.0019806505
2026-03-02T16:00:00.053000+00:00,0.0000669373,0.0013709963
2026-03-02T17:00:00.086000+00:00,0.0000571008,0.0012136134
2026-03-02T18:00:00.025000+00:00,0.0000073638,0.0004178202
2026-03-02T19:00:00.044000+00:00,0.0000156749,0.0005507988
2026-03-02T20:00:00.120000+00:00,0.0000117125,0.0004873993
2026-03-02T21:00:00.038000+00:00,0.0000310455,0.000796728
2026-03-02T22:00:00.033000+00:00,0.0000411327,0.0009581239
2026-03-02T23:00:00.068000+00:00,0.000025686,0.0007109767
2026-03-03T00:00:00.062000+00:00,0.0000393852,0.0009301624
2026-03-03T01:00:00.052000+00:00,0.0000164889,0.0005638231
2026-03-03T02:00:00.011000+00:00,0.0000659827,0.0013557239
2026-03-03T03:00:00.058000+00:00,0.0000549186,0.0011786982
2026-03-03T04:00:00.010000+00:00,0.0000524441,0.0011391049
2026-03-03T05:00:00.074000+00:00,0.0000556199,0.001189918
2026-03-03T06:00:00.050000+00:00,0.0000763913,0.0015222609
2026-03-03T07:00:00.069000+00:00,0.0000910871,0.0017573929
2026-03-03T08:00:00.009000+00:00,0.0000809192,0.0015947074
2026-03-03T09:00:00.114000+00:00,0.0000602148,0.0012634373
2026-03-03T10:00:00.046000+00:00,0.0000543029,0.0011688459
2026-03-03T11:00:00.006000+00:00,0.0000790029,0.0015640457
2026-03-03T12:00:00.013000+00:00,0.0000222951,0.0006567218
2026-03-03T13:00:00.012000+00:00,0.0000249393,0.0006990283
2026-03-03T14:00:00.039000+00:00,0.0000088389,0.000441423
2026-03-03T15:00:00.007000+00:00,-0.0000339936,-0.0008438984
2026-03-03T16:00:00.004000+00:00,-0.0000091013,-0.0004456216
2026-03-03T17:00:00.041000+00:00,0.00000625,-0.0000908801
2026-03-03T18:00:00.015000+00:00,0.00000625,-0.0000726064
2026-03-03T19:00:00.049000+00:00,0.00000625,-0.0000225589
2026-03-03T20:00:00.007000+00:00,0.00000625,-0.0000956545
2026-03-03T21:00:00.014000+00:00,0.00000625,-0.0001291535
2026-03-03T22:00:00.070000+00:00,0.00000625,-0.000082779
2026-03-03T23:00:00.016000+00:00,0.00000625,-0.0000110459
2026-03-04T00:00:00.034000+00:00,0.00000625,-0.0000523963
2026-03-04T01:00:00.049000+00:00,0.00000625,-0.0000859908
2026-03-04T02:00:00.060000+00:00,0.00000625,0.000054698
2026-03-04T03:00:00.052000+00:00,0.00000625,-0.0000725277
2026-03-04T04:00:00.001000+00:00,0.00000625,-0.0001159509
2026-03-04T05:00:00.064000+00:00,0.0000060586,-0.0002030623
2026-03-04T06:00:00.079000+00:00,0.00000625,-0.0001609516
2026-03-04T07:00:00.095000+00:00,0.00000625,-0.0001824019
2026-03-04T08:00:00.047000+00:00,0.00000625,-0.0000663041
2026-03-04T09:00:00.010000+00:00,0.00000625,-0.0000865565
2026-03-04T10:00:00.069000+00:00,0.00000625,-0.0000947846
2026-03-04T11:00:00.024000+00:00,0.00000625,0.0000267732
2026-03-04T12:00:00.133000+00:00,0.00000625,0.0000562037
2026-03-04T13:00:00.019000+00:00,0.00000625,0.0000651804
2026-03-04T14:00:00.036000+00:00,0.00000625,0.0000993762
2026-03-04T15:00:00.023000+00:00,0.00000625,0.000166158
2026-03-04T16:00:00.011000+00:00,0.00000625,0.0000466951
2026-03-04T17:00:00.095000+00:00,0.00000625,0.0001823444
2026-03-04T18:00:00.092000+00:00,0.00000625,0.000185777
2026-03-04T19:00:00.093000+00:00,0.00000625,-0.0000015471
2026-03-04T20:00:00.047000+00:00,0.0000037432,-0.0002401082
2026-03-04T21:00:00.048000+00:00,0.00000625,-0.0001542172
2026-03-04T22:00:00.024000+00:00,0.00000625,-0.0001465257
2026-03-04T23:00:00.045000+00:00,0.00000625,-0.0000766298
2026-03-05T00:00:00.022000+00:00,0.00000625,-0.000086268
2026-03-05T01:00:00.018000+00:00,0.00000625,-0.000018263
2026-03-05T02:00:00.139000+00:00,0.00000625,0.000042752
2026-03-05T03:00:00.019000+00:00,0.00000625,0.0001641971
2026-03-05T04:00:00.027000+00:00,0.00000625,0.0001786366
2026-03-05T05:00:00.001000+00:00,0.00000625,0.0003416431
2026-03-05T06:00:00.037000+00:00,0.00000625,0.0003299033
2026-03-05T07:00:00.091000+00:00,0.00000625,0.0002822381
2026-03-05T08:00:00.033000+00:00,0.00000625,0.0002448205
2026-03-05T09:00:00.063000+00:00,0.00000625,0.000280186
2026-03-05T10:00:00.091000+00:00,0.00000625,0.0001101473
2026-03-05T11:00:00.017000+00:00,0.00000625,0.0000730606
2026-03-05T12:00:00.003000+00:00,0.00000625,0.0001774035
2026-03-05T13:00:00.009000+00:00,0.00000625,0.000180606
2026-03-05T14:00:00.024000+00:00,0.00000625,0.0001211925
2026-03-05T15:00:00.039000+00:00,0.00000625,0.0001750119
2026-03-05T16:00:00.034000+00:00,0.00000625,0.000072112
2026-03-05T17:00:00.083000+00:00,0.00000625,0.0000329935
2026-03-05T18:00:00.048000+00:00,0.00000625,0.0000083857
2026-03-05T19:00:00.052000+00:00,0.00000625,0.0000372247
2026-03-05T20:00:00.073000+00:00,0.00000625,0.0001030564
2026-03-05T21:00:00.042000+00:00,0.00000625,0.0001292448
2026-03-05T22:00:00.028000+00:00,0.00000625,0.0001119105
2026-03-05T23:00:00.029000+00:00,0.00000625,0.0000951332
2026-03-06T00:00:00.030000+00:00,0.00000625,0.000283326
2026-03-06T01:00:00.082000+00:00,0.00000625,0.0002510928
2026-03-06T02:00:00.006000+00:00,0.00000625,0.0003482073
2026-03-06T03:00:00.079000+00:00,0.00000625,0.0002195706
2026-03-06T04:00:00.026000+00:00,0.00000625,0.0001425764
2026-03-06T05:00:00.112000+00:00,0.00000625,0.0000220498
2026-03-06T06:00:00.019000+00:00,0.00000625,-0.0000089152
2026-03-06T07:00:00.028000+00:00,0.00000625,-0.0000024172
2026-03-06T08:00:00.021000+00:00,0.00000625,0.0001909413
2026-03-06T09:00:00.022000+00:00,0.00000625,0.0001631671
2026-03-06T10:00:00.031000+00:00,0.00000625,0.0001851984
2026-03-06T11:00:00.036000+00:00,0.00000625,0.0001190526
2026-03-06T12:00:00.052000+00:00,0.00000625,0.0000882307
2026-03-06T13:00:00.052000+00:00,0.00000625,0.000076202
2026-03-06T14:00:00.033000+00:00,0.00000625,0.0001183589
2026-03-06T15:00:00.037000+00:00,0.00000625,0.0001057166
2026-03-06T16:00:00.062000+00:00,0.00000625,-0.0000104924
2026-03-06T17:00:00.089000+00:00,0.00000625,0.0000550198
2026-03-06T18:00:00.056000+00:00,0.00000625,0.0000911416
2026-03-06T19:00:00.066000+00:00,0.00000625,0.0000986597
2026-03-06T20:00:00.046000+00:00,0.00000625,0.0001064506
2026-03-06T21:00:00.021000+00:00,0.00000625,0.0001183708
2026-03-06T22:00:00.046000+00:00,0.00000625,0.0000011379
2026-03-06T23:00:00.092000+00:00,0.00000625,-0.0001933646
2026-03-07T00:00:00.061000+00:00,0.00000625,0.0003392852
2026-03-07T01:00:00.027000+00:00,0.0000855289,0.0016684628
2026-03-07T02:00:00.050000+00:00,0.00000625,0.0000864263
2026-03-07T03:00:00.045000+00:00,-0.000239452,-0.0041312316
2026-03-07T04:00:00.014000+00:00,-0.0002450437,-0.0042206996
2026-03-07T05:00:00.052000+00:00,0.00000625,-0.0000923021
2026-03-07T06:00:00.070000+00:00,-0.0000700324,-0.0014205184
2026-03-07T07:00:00.068000+00:00,-0.0001529706,-0.0027475289
2026-03-07T08:00:00.015000+00:00,0.0000009843,-0.0002842509
2026-03-07T09:00:00.005000+00:00,0.0000332927,0.0008326834
2026-03-07T10:00:00.014000+00:00,0.0000453949,0.0010263177
2026-03-07T11:00:00.002000+00:00,0.0000380922,0.0009094755
2026-03-07T12:00:00.031000+00:00,0.00000625,0.0001355511
2026-03-07T13:00:00.033000+00:00,0.00000625,0.0001103707
2026-03-07T14:00:00.084000+00:00,0.0000263164,0.0007210621
2026-03-07T15:00:00.012000+00:00,0.00000625,0.0002305058
2026-03-07T16:00:00.014000+00:00,-0.0000078206,-0.0004251295
2026-03-07T17:00:00.077000+00:00,0.00000625,-0.0001734711
2026-03-07T18:00:00.110000+00:00,-0.0000233506,-0.0006736098
2026-03-07T19:00:00.003000+00:00,-0.0000171565,-0.0005745045
2026-03-07T20:00:00.010000+00:00,-0.0000229934,-0.0006678938
2026-03-07T21:00:00.135000+00:00,0.00000625,-0.0000784409
2026-03-07T22:00:00.082000+00:00,-0.0000248301,-0.0006972821
2026-03-07T23:00:00.068000+00:00,0.00000625,0.0003315914
2026-03-08T00:00:00.002000+00:00,0.00000625,0.0000041987
2026-03-08T01:00:00.030000+00:00,0.00000625,0.0002773337
2026-03-08T02:00:00.003000+00:00,0.0000057179,-0.0002085143
2026-03-08T03:00:00.042000+00:00,-0.000067582,-0.0013813113
2026-03-08T04:00:00.001000+00:00,-0.0000656162,-0.0013498589
2026-03-08T05:00:00.024000+00:00,0.0000385834,0.0009173337
2026-03-08T06:00:00.045000+00:00,0.0001547892,0.0027766268
2026-03-08T07:00:00.036000+00:00,0.0002016492,0.0035263867
2026-03-08T08:00:00.041000+00:00,-0.0001896072,-0.0033337147
2026-03-08T09:00:00.029000+00:00,-0.0000944065,-0.0018105038
2026-03-08T10:00:00.035000+00:00,-0.0000522447,-0.0011359158
2026-03-08T11:00:00.036000+00:00,0.00000625,0.0001102353
2026-03-08T12:00:00.021000+00:00,0.00000625,0.0001985707
2026-03-08T13:00:00.049000+00:00,0.00000625,-0.0001429501
2026-03-08T14:00:00.061000+00:00,-0.0000320144,-0.0008122298
2026-03-08T15:00:00.088000+00:00,-0.0000334916,-0.0008358657
2026-03-08T16:00:00.024000+00:00,-0.0000275668,-0.0007410688
2026-03-08T17:00:00.018000+00:00,-0.0000107441,-0.0004719058
2026-03-08T18:00:00.004000+00:00,0.00000625,-0.000066195
2026-03-08T19:00:00+00:00,0.00000625,0.0002359526
2026-03-08T20:00:00.074000+00:00,0.00000625,-0.0000948192
2026-03-08T21:00:00.003000+00:00,0.00000625,-0.0000192089
2026-03-08T22:00:00.038000+00:00,0.000096229,0.0018396635
2026-03-08T23:00:00.057000+00:00,-0.0002151458,-0.0037423324
2026-03-09T00:00:00.091000+00:00,-0.0001659286,-0.0029548576
2026-03-09T01:00:00.052000+00:00,0.0000056437,-0.0002097011
2026-03-09T02:00:00.016000+00:00,0.0000043911,-0.0002297426
2026-03-09T03:00:00.012000+00:00,0.00000625,-0.0001058627
2026-03-09T04:00:00.030000+00:00,0.00000625,0.0001901395
2026-03-09T05:00:00.088000+00:00,0.00000625,0.0002608542
2026-03-09T06:00:00.070000+00:00,0.00000625,0.0001284792
2026-03-09T07:00:00.026000+00:00,0.00000625,0.0000786227
2026-03-09T08:00:00.094000+00:00,0.00000625,-0.0001533296
2026-03-09T09:00:00.114000+00:00,0.00000625,0.0000009067
2026-03-09T10:00:00.108000+00:00,0.0000080924,0.0004294786
2026-03-09T11:00:00.050000+00:00,0.0000072074,0.0004153187
2026-03-09T12:00:00.051000+00:00,0.00000625,0.0002465448
2026-03-09T13:00:00.073000+00:00,0.00000625,0.0001470735
2026-03-09T14:00:00.061000+00:00,0.00000625,0.000268104
2026-03-09T15:00:00.084000+00:00,0.00000625,0.000376157
2026-03-09T16:00:00.075000+00:00,0.00000625,0.0002713531
2026-03-09T17:00:00.049000+00:00,0.00000625,0.0003331213
2026-03-09T18:00:00.036000+00:00,0.00000625,0.0003139489
2026-03-09T19:00:00.053000+00:00,0.00000625,0.0003533381
2026-03-09T20:00:00.002000+00:00,0.00000625,0.0003135148
2026-03-09T21:00:00.074000+00:00,0.00000625,0.0002726536
2026-03-09T22:00:00.010000+00:00,0.00000625,0.0002872302
2026-03-09T23:00:00.038000+00:00,0.00000625,0.0001721376
2026-03-10T00:00:00.042000+00:00,0.00000625,0.0002644405
2026-03-10T01:00:00.084000+00:00,0.00000625,0.0003288919
2026-03-10T02:00:00.013000+00:00,0.00000625,0.0000314912
2026-03-10T03:00:00.052000+00:00,0.00000625,0.0003395674
2026-03-10T04:00:00.041000+00:00,0.00000625,0.0001354472
2026-03-10T05:00:00.054000+00:00,0.00000625,0.0001161539
2026-03-10T06:00:00.137000+00:00,0.00000625,0.0000562848
2026-03-10T07:00:00.065000+00:00,0.00000625,0.0001793803
2026-03-10T08:00:00.052000+00:00,0.00000625,0.0001524512
2026-03-10T09:00:00.017000+00:00,0.00000625,0.0002724434
2026-03-10T10:00:00.060000+00:00,0.00000625,0.0002543037
2026-03-10T11:00:00.011000+00:00,0.00000625,0.0002826987
2026-03-10T12:00:00.038000+00:00,0.00000625,0.0002388529
2026-03-10T13:00:00.061000+00:00,0.00000625,0.0003102614
2026-03-10T14:00:00.027000+00:00,0.00000625,0.0003300842
2026-03-10T15:00:00.083000+00:00,0.0000083132,0.0004330106
2026-03-10T16:00:00.045000+00:00,0.00000625,0.0003594443
2026-03-10T17:00:00.004000+00:00,0.00000625,0.0003103808
2026-03-10T18:00:00.018000+00:00,0.00000625,0.0002893549
2026-03-10T19:00:00.049000+00:00,0.00000625,0.0000259727
2026-03-10T20:00:00.050000+00:00,0.00000625,-0.0000235138
2026-03-10T21:00:00.058000+00:00,0.00000625,-0.0000113501
2026-03-10T22:00:00.068000+00:00,0.00000625,-0.0001087154
2026-03-10T23:00:00.061000+00:00,0.00000625,-0.0000876388
2026-03-11T00:00:00.088000+00:00,0.00000625,0.0001115263
2026-03-11T01:00:00.002000+00:00,0.00000625,-0.0000655708
2026-03-11T02:00:00.098000+00:00,0.00000625,-0.0001188273
2026-03-11T03:00:00.016000+00:00,0.00000625,0.000013938
2026-03-11T04:00:00.038000+00:00,0.00000625,0.0000261376
2026-03-11T05:00:00.075000+00:00,0.00000625,0.0000059081
2026-03-11T06:00:00.135000+00:00,0.00000625,-0.0000056821
2026-03-11T07:00:00.014000+00:00,0.00000625,0.0000602496
2026-03-11T08:00:00.056000+00:00,0.00000625,0.0001250457
2026-03-11T09:00:00.082000+00:00,0.00000625,0.0000696627
2026-03-11T10:00:00.084000+00:00,0.00000625,0.0000362152
2026-03-11T11:00:00.001000+00:00,0.00000625,-0.0000834361
2026-03-11T12:00:00.013000+00:00,0.00000625,-0.0001422028
2026-03-11T13:00:00.063000+00:00,0.00000625,-0.0000667141
2026-03-11T14:00:00.004000+00:00,0.00000625,-0.0000642873
2026-03-11T15:00:00.051000+00:00,0.00000625,0.0000005011
2026-03-11T16:00:00.065000+00:00,0.00000625,-0.0000484843
2026-03-11T17:00:00.068000+00:00,0.00000625,-0.0000761068
2026-03-11T18:00:00.102000+00:00,0.00000625,-0.0001107191
2026-03-11T19:00:00.082000+00:00,0.00000625,-0.0001125178
2026-03-11T20:00:00.026000+00:00,0.00000625,-0.0000975879
2026-03-11T21:00:00.008000+00:00,0.00000625,-0.0000164683
2026-03-11T22:00:00.035000+00:00,0.00000625,-0.0000550023
2026-03-11T23:00:00.069000+00:00,0.00000625,-0.0001170507
2026-03-12T00:00:00.084000+00:00,0.00000625,0.0000831472
2026-03-12T01:00:00.006000+00:00,0.00000625,-0.0000502385
2026-03-12T02:00:00.080000+00:00,0.00000625,-0.0001139474
2026-03-12T03:00:00.036000+00:00,0.00000625,-0.0000850063
2026-03-12T04:00:00.065000+00:00,0.0000056657,-0.000209349
2026-03-12T05:00:00.094000+00:00,-0.0000119992,-0.000491988
2026-03-12T06:00:00.108000+00:00,-0.0000100043,-0.0004600689
2026-03-12T07:00:00.046000+00:00,-0.0000077002,-0.0004232032
2026-03-12T08:00:00.068000+00:00,-0.0000201914,-0.0006230628
2026-03-12T09:00:00.063000+00:00,-0.0000128019,-0.0005048311
2026-03-12T10:00:00.013000+00:00,-0.0000140233,-0.0005243733
2026-03-12T11:00:00.017000+00:00,0.0000039103,-0.0002374356
2026-03-12T12:00:00.106000+00:00,0.0000008222,-0.0002868455
2026-03-12T13:00:00.062000+00:00,-0.0000000275,-0.0003004401
2026-03-12T14:00:00.110000+00:00,-0.0000004503,-0.0003072042
2026-03-12T15:00:00.024000+00:00,0.0000049806,-0.000220311
2026-03-12T16:00:00.064000+00:00,0.0000055973,-0.0002104431
2026-03-12T17:00:00.004000+00:00,0.00000625,-0.0001409265
2026-03-12T18:00:00.004000+00:00,0.0000022105,-0.0002646313
2026-03-12T19:00:00.025000+00:00,-0.0000012112,-0.0003193788
2026-03-12T20:00:00.165000+00:00,0.00000625,-0.0000613599
2026-03-12T21:00:00.073000+00:00,0.00000625,-0.0001382577
2026-03-12T22:00:00.071000+00:00,0.00000625,-0.0000386939
2026-03-12T23:00:00.070000+00:00,0.00000625,0.000086003
2026-03-13T00:00:00.061000+00:00,0.00000625,0.0001024683
2026-03-13T01:00:00.032000+00:00,0.00000625,0.0000900944
2026-03-13T02:00:00.025000+00:00,0.00000625,-0.0000569547
2026-03-13T03:00:00.021000+00:00,0.00000625,0.0002982127
2026-03-13T04:00:00.099000+00:00,0.00000625,0.0001752976
2026-03-13T05:00:00.089000+00:00,-0.0000018311,-0.0003292975
2026-03-13T06:00:00.064000+00:00,-0.0000031436,-0.0003502971
2026-03-13T07:00:00.082000+00:00,0.00000625,0.0000822894
2026-03-13T08:00:00.016000+00:00,0.00000625,-0.0000931272
2026-03-13T09:00:00.045000+00:00,0.00000625,-0.0000905849
2026-03-13T10:00:00.034000+00:00,0.00000625,-0.0001974231
2026-03-13T11:00:00.010000+00:00,0.00000625,-0.0001372248
2026-03-13T12:00:00.009000+00:00,0.00000625,-0.0000910606
2026-03-13T13:00:00.059000+00:00,0.00000625,-0.0000917433
2026-03-13T14:00:00.032000+00:00,0.00000625,-0.0000914434
2026-03-13T15:00:00.021000+00:00,0.00000625,-0.0001561467
2026-03-13T16:00:00.051000+00:00,0.00000625,-0.0000612695
2026-03-13T17:00:00.044000+00:00,0.00000625,-0.0000509383
2026-03-13T18:00:00.052000+00:00,0.00000625,-0.0001137923
2026-03-13T19:00:00.006000+00:00,-0.0000221456,-0.0006543289
2026-03-13T20:00:00.021000+00:00,-0.0000012304,-0.0003196869
2026-03-13T21:00:00.092000+00:00,0.00000625,0.0003169078
2026-03-13T22:00:00.005000+00:00,0.00000625,0.0003044135
2026-03-13T23:00:00.109000+00:00,0.00000625,0.0000889759
2026-03-14T00:00:00.044000+00:00,0.00000625,-0.0000735275
2026-03-14T01:00:00.094000+00:00,0.0000013289,-0.0002787379
2026-03-14T02:00:00.100000+00:00,-0.000035113,-0.0008618076
2026-03-14T03:00:00.013000+00:00,-0.0000207579,-0.0006321261
2026-03-14T04:00:00.019000+00:00,-0.0000104554,-0.0004672866
2026-03-14T05:00:00.095000+00:00,0.00000625,-0.0000626211
2026-03-14T06:00:00.072000+00:00,0.00000625,0.0001790325
2026-03-14T07:00:00.036000+00:00,0.00000625,0.0001105266
2026-03-14T08:00:00.041000+00:00,0.00000625,-0.0001781571
2026-03-14T09:00:00.025000+00:00,-0.0000507679,-0.001112286
2026-03-14T10:00:00.098000+00:00,-0.000053408,-0.0011545275
2026-03-14T11:00:00.047000+00:00,-0.0000324462,-0.0008191397
2026-03-14T12:00:00.020000+00:00,-0.0000063919,-0.0004022707
2026-03-14T13:00:00.042000+00:00,0.0000046218,-0.0002260509
2026-03-14T14:00:00.076000+00:00,0.00000625,0.0000781337
2026-03-14T15:00:00.009000+00:00,0.0000341493,0.0008463884
2026-03-14T16:00:00.100000+00:00,0.0000157023,0.0005512374
2026-03-14T17:00:00.061000+00:00,0.00000625,0.0002688122
2026-03-14T18:00:00.018000+00:00,0.00000625,0.0000998415
2026-03-14T19:00:00.048000+00:00,-0.000054574,-0.0011731848
2026-03-14T20:00:00.035000+00:00,-0.0000591207,-0.0012459306
2026-03-14T21:00:00.015000+00:00,-0.0000293553,-0.0007696846
2026-03-14T22:00:00.041000+00:00,-0.0000111703,-0.0004787252
2026-03-14T23:00:00.044000+00:00,-0.0000005829,-0.0003093266
2026-03-15T00:00:00.099000+00:00,0.00000625,0.0001147137
2026-03-15T01:00:00.102000+00:00,0.0000400642,0.0009410274
2026-03-15T02:00:00.005000+00:00,0.0001848675,0.0032578804
2026-03-15T03:00:00.130000+00:00,0.0001933354,0.0033933664
2026-03-15T04:00:00.040000+00:00,0.0001147181,0.0021354904
2026-03-15T05:00:00.066000+00:00,0.0000181473,0.0005903572
2026-03-15T06:00:00.010000+00:00,0.0000110174,0.0004762787
2026-03-15T07:00:00.046000+00:00,0.00000625,0.0003965054
2026-03-15T08:00:00.003000+00:00,-0.0000108308,-0.0004732936
2026-03-15T09:00:00.067000+00:00,-0.000007742,-0.0004238721
2026-03-15T10:00:00.003000+00:00,0.00000625,0.0001262461
2026-03-15T11:00:00.039000+00:00,0.0000127183,0.0005034934
2026-03-15T12:00:00.060000+00:00,0.00000625,0.0000890459
2026-03-15T13:00:00.023000+00:00,0.0000335403,0.0008366451
2026-03-15T14:00:00.023000+00:00,0.0000298146,0.000777033
2026-03-15T15:00:00.084000+00:00,0.0000261673,0.0007186763
2026-03-15T16:00:00.034000+00:00,0.000009623,0.0004539676
2026-03-15T17:00:00.036000+00:00,0.00000625,0.0000872078
2026-03-15T18:00:00.003000+00:00,0.00000625,0.0000221236
2026-03-15T19:00:00.127000+00:00,0.0000051372,-0.0002178043
2026-03-15T20:00:00.024000+00:00,-0.000031313,-0.0008010078
2026-03-15T21:00:00.083000+00:00,-0.0000312181,-0.0007994897
2026-03-15T22:00:00.019000+00:00,-0.0000226375,-0.0006622006
2026-03-15T23:00:00.037000+00:00,0.0000246436,0.0006942969
2026-03-16T00:00:00.090000+00:00,0.0001158505,0.0021536074
2026-03-16T01:00:00.002000+00:00,0.000046956,0.0010512965
2026-03-16T02:00:00.078000+00:00,0.0000426604,0.0009825666
2026-03-16T03:00:00.040000+00:00,0.0000344406,0.0008510496
2026-03-16T04:00:00.012000+00:00,0.0000226952,0.0006631232
2026-03-16T05:00:00.021000+00:00,0.0000213116,0.000640986
2026-03-16T06:00:00.092000+00:00,0.0000191581,0.0006065294
2026-03-16T07:00:00.033000+00:00,0.000017693,0.0005830883
2026-03-16T08:00:00.062000+00:00,0.0000183272,0.0005932348
2026-03-16T09:00:00.035000+00:00,0.00000625,0.0003885558
2026-03-16T10:00:00.042000+00:00,0.00000625,0.0000043043
2026-03-16T11:00:00.013000+00:00,0.00000625,0.0000687002
2026-03-16T12:00:00.013000+00:00,0.00000625,0.0001831348
2026-03-16T13:00:00+00:00,0.00000625,0.0002239667
2026-03-16T14:00:00.099000+00:00,0.0000077008,0.0004232122
2026-03-16T15:00:00.013000+00:00,0.0000087915,0.0004406634
2026-03-16T16:00:00.033000+00:00,0.00000625,0.0003016931
2026-03-16T17:00:00.023000+00:00,0.00000625,0.0002052331
2026-03-16T18:00:00.045000+00:00,0.0000065636,0.0004050172
2026-03-16T19:00:00.080000+00:00,0.00000625,0.0003710409
2026-03-16T20:00:00.001000+00:00,0.0000153739,0.0005459821
2026-03-16T21:00:00.032000+00:00,0.00000625,0.0003480011
2026-03-16T22:00:00+00:00,0.00000625,0.0001938356
2026-03-16T23:00:00.003000+00:00,0.00000625,0.0000222862
2026-03-17T00:00:00.034000+00:00,0.00000625,-0.0000818186
2026-03-17T01:00:00.045000+00:00,0.00000625,-0.0000399156
2026-03-17T02:00:00.050000+00:00,0.000003444,-0.0002448962
2026-03-17T03:00:00.010000+00:00,0.00000625,-0.0001620329
2026-03-17T04:00:00.073000+00:00,-0.0000090792,-0.000445267
2026-03-17T05:00:00.048000+00:00,-0.0000078444,-0.0004255108
2026-03-17T06:00:00.113000+00:00,0.00000625,0.0000209616
2026-03-17T07:00:00.039000+00:00,0.00000625,-0.0001279915
2026-03-17T08:00:00+00:00,0.00000625,-0.0000012079
2026-03-17T09:00:00.002000+00:00,0.00000625,0.0001052778
2026-03-17T10:00:00.075000+00:00,0.00000625,0.0001966554
2026-03-17T11:00:00.115000+00:00,0.00000625,0.000326449
2026-03-17T12:00:00.006000+00:00,0.00000625,0.0003915891
2026-03-17T13:00:00.013000+00:00,0.00000625,0.0003723057
2026-03-17T14:00:00.047000+00:00,0.00000625,0.0003911301
2026-03-17T15:00:00.074000+00:00,0.00000625,0.0003936996
2026-03-17T16:00:00.038000+00:00,0.0000150224,0.0005403579
2026-03-17T17:00:00.054000+00:00,0.0000116771,0.0004868335
2026-03-17T18:00:00.071000+00:00,0.0000151255,0.0005420082
2026-03-17T19:00:00.018000+00:00,0.0000113853,0.0004821645
2026-03-17T20:00:00.034000+00:00,0.00000625,0.0003819754
2026-03-17T21:00:00.072000+00:00,0.0000067881,0.0004086097
2026-03-17T22:00:00.003000+00:00,0.0000066297,0.0004060745
2026-03-17T23:00:00.011000+00:00,0.00000625,0.000372203
2026-03-18T00:00:00.028000+00:00,0.00000625,0.000201694
2026-03-18T01:00:00.016000+00:00,0.00000625,0.0003669166
2026-03-18T02:00:00.026000+00:00,0.0000110981,0.0004775704
2026-03-18T03:00:00.060000+00:00,0.0000110821,0.0004773129
2026-03-18T04:00:00.054000+00:00,0.0000105117,0.0004681875
2026-03-18T05:00:00.001000+00:00,0.0000076536,0.0004224581
2026-03-18T06:00:00.067000+00:00,0.00000625,0.0002070538
2026-03-18T07:00:00.033000+00:00,0.00000625,0.0000441259
2026-03-18T08:00:00.005000+00:00,0.0000275202,0.0007403235
2026-03-18T09:00:00.052000+00:00,0.00000625,0.0001919345
2026-03-18T10:00:00.037000+00:00,0.00000625,0.0000740254
2026-03-18T11:00:00.025000+00:00,0.00000625,0.0001232185
2026-03-18T12:00:00.062000+00:00,0.00000625,0.0002723934
2026-03-18T13:00:00.007000+00:00,0.00000625,-0.0000154083
2026-03-18T14:00:00.026000+00:00,0.00000625,-0.0000498556
2026-03-18T15:00:00.035000+00:00,0.00000625,0.0002167793
2026-03-18T16:00:00.009000+00:00,0.00000625,0.0001645645
2026-03-18T17:00:00.066000+00:00,0.00000625,0.000140248
2026-03-18T18:00:00.052000+00:00,0.00000625,0.0000672656
2026-03-18T19:00:00.045000+00:00,0.00000625,-0.0000194824
2026-03-18T20:00:00.055000+00:00,0.00000625,-0.0001163676
2026-03-18T21:00:00.050000+00:00,0.00000625,-0.0000306507
2026-03-18T22:00:00.035000+00:00,0.00000625,0.0001804208
2026-03-18T23:00:00.040000+00:00,0.0000020075,-0.0002678804
2026-03-19T00:00:00.090000+00:00,0.00000625,-0.0001009779
2026-03-19T01:00:00.009000+00:00,0.00000625,0.0000918543
2026-03-19T02:00:00.012000+00:00,0.00000625,0.0000585303
2026-03-19T03:00:00.041000+00:00,0.00000625,0.0000786077
2026-03-19T04:00:00.010000+00:00,0.00000625,0.0003165696
2026-03-19T05:00:00.090000+00:00,0.00000625,-0.0001025449
2026-03-19T06:00:00.052000+00:00,0.00000625,-0.0001273908
2026-03-19T07:00:00.107000+00:00,0.00000625,0.0001329716
2026-03-19T08:00:00.064000+00:00,0.0000045826,-0.0002266786
2026-03-19T09:00:00.026000+00:00,0.0000061018,-0.0002023704
2026-03-19T10:00:00.123000+00:00,0.00000625,-0.0001711548
2026-03-19T11:00:00.052000+00:00,0.0000045291,-0.0002275343
2026-03-19T12:00:00.006000+00:00,0.0000055007,-0.0002119881
2026-03-19T13:00:00.045000+00:00,0.00000625,-0.0000579725
2026-03-19T14:00:00.059000+00:00,0.00000625,-0.0001756267
2026-03-19T15:00:00.002000+00:00,0.00000625,0.0000553721
2026-03-19T16:00:00.031000+00:00,0.00000625,0.0002017748
2026-03-19T17:00:00.011000+00:00,0.00000625,-0.0000937926
2026-03-19T18:00:00.049000+00:00,0.00000625,-0.000063598
2026-03-19T19:00:00.024000+00:00,0.00000625,0.0000083601
2026-03-19T20:00:00.037000+00:00,0.00000625,0.0000145838
2026-03-19T21:00:00.022000+00:00,0.00000625,0.0000073193
2026-03-19T22:00:00.001000+00:00,0.00000625,0.0001568764
2026-03-19T23:00:00.001000+00:00,0.00000625,0.0002188773
2026-03-20T00:00:00.103000+00:00,0.00000625,-0.0000972161
2026-03-20T01:00:00.073000+00:00,0.00000625,0.0000035363
2026-03-20T02:00:00.053000+00:00,0.00000625,0.0000764276
2026-03-20T03:00:00.072000+00:00,0.00000625,-0.0001053718
2026-03-20T04:00:00.004000+00:00,-0.0000012374,-0.0003197979
2026-03-20T05:00:00.107000+00:00,-0.0000058423,-0.0003934761
2026-03-20T06:00:00.096000+00:00,-0.0000019228,-0.0003307651
2026-03-20T07:00:00.012000+00:00,-0.0000063246,-0.0004011935
2026-03-20T08:00:00.003000+00:00,-0.0000079607,-0.0004273705
2026-03-20T09:00:00.021000+00:00,-0.0000052057,-0.0003832919
2026-03-20T10:00:00.063000+00:00,-0.0000094145,-0.0004506327
2026-03-20T11:00:00.048000+00:00,-0.0000033813,-0.0003541011
2026-03-20T12:00:00.087000+00:00,0.00000625,-0.0001477957
2026-03-20T13:00:00.148000+00:00,0.00000625,-0.0001872747
2026-03-20T14:00:00.115000+00:00,0.00000625,-0.0001454074
2026-03-20T15:00:00.034000+00:00,0.00000625,-0.0000916119
2026-03-20T16:00:00.074000+00:00,0.00000625,-0.0001870798
2026-03-20T17:00:00.075000+00:00,0.0000036548,-0.0002415238
2026-03-20T18:00:00.035000+00:00,0.0000049128,-0.0002213946
2026-03-20T19:00:00.044000+00:00,0.0000041885,-0.0002329836
2026-03-20T20:00:00.034000+00:00,0.00000625,-0.0001056226
2026-03-20T21:00:00.007000+00:00,0.00000625,-0.0000702497
2026-03-20T22:00:00+00:00,0.00000625,-0.0001061803
2026-03-20T23:00:00.047000+00:00,0.00000625,0.0002041198
2026-03-21T00:00:00.093000+00:00,0.00000625,-0.0000690104
2026-03-21T01:00:00.011000+00:00,-0.000003499,-0.0003559845
2026-03-21T02:00:00.032000+00:00,-0.0000117571,-0.0004881135
2026-03-21T03:00:00.013000+00:00,-0.0000161246,-0.0005579939
2026-03-21T04:00:00.040000+00:00,-0.0000173168,-0.0005770689
2026-03-21T05:00:00.041000+00:00,-0.0000068203,-0.0004091251
2026-03-21T06:00:00.066000+00:00,-0.0000027564,-0.0003441026
2026-03-21T07:00:00.010000+00:00,-0.0000048324,-0.000377318
2026-03-21T08:00:00.075000+00:00,-0.0000116948,-0.0004871166
2026-03-21T09:00:00.064000+00:00,0.0000566893,0.0012070287
2026-03-21T10:00:00+00:00,0.0000494028,0.0010904447
2026-03-21T11:00:00.008000+00:00,0.00000625,0.0003016456
2026-03-21T12:00:00.094000+00:00,0.00000625,-0.0001690573
2026-03-21T13:00:00.015000+00:00,-0.0000331446,-0.0008303142
2026-03-21T14:00:00.045000+00:00,-0.0000337682,-0.0008402911
2026-03-21T15:00:00.051000+00:00,0.0000060875,-0.0002025995
2026-03-21T16:00:00.039000+00:00,-0.0000179692,-0.0005875069
2026-03-21T17:00:00.032000+00:00,-0.0000216683,-0.0006466936
2026-03-21T18:00:00.020000+00:00,-0.0000002819,-0.00030451
2026-03-21T19:00:00.057000+00:00,0.00000625,0.0003712796
2026-03-21T20:00:00.073000+00:00,0.0000251798,0.0007028764
2026-03-21T21:00:00.086000+00:00,0.0000352458,0.0008639333
2026-03-21T22:00:00.004000+00:00,0.0000221013,0.0006536201
2026-03-21T23:00:00.026000+00:00,0.00000625,0.0003793247
2026-03-22T00:00:00.042000+00:00,-0.0000443299,-0.0010092789
2026-03-22T01:00:00.020000+00:00,-0.0002317478,-0.0040079643
2026-03-22T02:00:00.085000+00:00,-0.0001052272,-0.0019836357
2026-03-22T03:00:00.085000+00:00,-0.0001014661,-0.0019234581
2026-03-22T04:00:00.007000+00:00,-0.0000494947,-0.0010919153
2026-03-22T05:00:00.062000+00:00,-0.0000089903,-0.0004438443
2026-03-22T06:00:00.062000+00:00,0.00000625,0.0001717228
2026-03-22T07:00:00.088000+00:00,0.00000625,-0.0000350975
2026-03-22T08:00:00.050000+00:00,0.00000625,0.0000023872
2026-03-22T09:00:00.062000+00:00,0.0000023545,-0.0002623277
2026-03-22T10:00:00.003000+00:00,-0.0000090712,-0.000445139
2026-03-22T11:00:00.044000+00:00,0.000005307,-0.0002150875
2026-03-22T12:00:00.049000+00:00,0.00000625,0.0002153909
2026-03-22T13:00:00.046000+00:00,0.00000625,0.0001489988
2026-03-22T14:00:00.011000+00:00,0.00000625,0.0000215006
2026-03-22T15:00:00.042000+00:00,0.00000625,0.0000646242
2026-03-22T16:00:00.021000+00:00,0.00000625,0.0003929487
2026-03-22T17:00:00.006000+00:00,0.0000088535,0.0004416566
2026-03-22T18:00:00.081000+00:00,0.00000625,0.0001427497
2026-03-22T19:00:00.039000+00:00,-0.0000277561,-0.0007440971
2026-03-22T20:00:00.048000+00:00,-0.0000648064,-0.0013369019
2026-03-22T21:00:00.082000+00:00,-0.0000760732,-0.0015171713
2026-03-22T22:00:00.090000+00:00,-0.0001484206,-0.0026747298
2026-03-22T23:00:00.049000+00:00,-0.0000230423,-0.0006686773
2026-03-23T00:00:00.261000+00:00,0.0000480398,0.0010686374
2026-03-23T01:00:00.069000+00:00,-0.0000561667,-0.0011986664
2026-03-23T02:00:00.040000+00:00,-0.0000627455,-0.0013039278
2026-03-23T03:00:00.111000+00:00,-0.000052822,-0.0011451519
2026-03-23T04:00:00.086000+00:00,-0.0000523045,-0.0011368714
2026-03-23T05:00:00.014000+00:00,-0.0000440843,-0.0010053488
2026-03-23T06:00:00.068000+00:00,-0.0000445276,-0.0010124412
2026-03-23T07:00:00.043000+00:00,-0.0000514989,-0.0011239828
2026-03-23T08:00:00.066000+00:00,-0.0000797781,-0.0015764502
2026-03-23T09:00:00.071000+00:00,-0.0000479919,-0.00106787
2026-03-23T10:00:00.081000+00:00,-0.0000237382,-0.0006798108
2026-03-23T11:00:00.004000+00:00,-0.0000211618,-0.0006385893
2026-03-23T12:00:00.045000+00:00,-0.0000603543,-0.0012656683
2026-03-23T13:00:00.056000+00:00,-0.0000377777,-0.0009044429
2026-03-23T14:00:00.053000+00:00,-0.0000224302,-0.0006588829
2026-03-23T15:00:00.071000+00:00,-0.0000167278,-0.0005676451
2026-03-23T16:00:00.048000+00:00,0.0000010738,-0.0002828196
2026-03-23T17:00:00.080000+00:00,-0.0000097452,-0.0004559225
2026-03-23T18:00:00.041000+00:00,-0.0000075278,-0.0004204452
2026-03-23T19:00:00.054000+00:00,0.00000625,-0.000196993
2026-03-23T20:00:00.019000+00:00,0.0000008336,-0.0002866623
2026-03-23T21:00:00.090000+00:00,0.0000003109,-0.0002950255
2026-03-23T22:00:00.162000+00:00,0.00000625,-0.0001940225
2026-03-23T23:00:00.056000+00:00,0.00000625,-0.0001852427
2026-03-24T00:00:00.027000+00:00,-0.0000010031,-0.0003160503
2026-03-24T01:00:00.082000+00:00,0.0000020961,-0.0002664622
2026-03-24T02:00:00.034000+00:00,-0.0000002435,-0.0003038957
2026-03-24T03:00:00+00:00,-0.0000218714,-0.0006499424
2026-03-24T04:00:00.016000+00:00,-0.0000194153,-0.0006106442
2026-03-24T05:00:00.079000+00:00,0.00000625,0.0000223824
2026-03-24T06:00:00.003000+00:00,0.00000625,0.0000483277
2026-03-24T07:00:00.088000+00:00,0.00000625,0.0003233437
2026-03-24T08:00:00.033000+00:00,0.0000173895,0.0005782315
2026-03-24T09:00:00.051000+00:00,0.0000289399,0.0007630382
2026-03-24T10:00:00.105000+00:00,0.0000082456,0.00043193
2026-03-24T11:00:00.045000+00:00,0.00000625,0.0003995575
2026-03-24T12:00:00.096000+00:00,0.00000625,0.0002265283
2026-03-24T13:00:00.028000+00:00,0.00000625,0.0001553005
2026-03-24T14:00:00.089000+00:00,0.00000625,-0.0001052147
2026-03-24T15:00:00.033000+00:00,0.00000625,-0.0001445138
2026-03-24T16:00:00.039000+00:00,0.00000625,0.0000071151
2026-03-24T17:00:00.061000+00:00,-0.0000080256,-0.0004284097
2026-03-24T18:00:00.062000+00:00,-0.0000147878,-0.0005366051
2026-03-24T19:00:00.040000+00:00,-0.000011655,-0.0004864801
2026-03-24T20:00:00.058000+00:00,-0.0000029125,-0.0003466006
2026-03-24T21:00:00.159000+00:00,0.00000625,-0.000194525
2026-03-24T22:00:00.052000+00:00,-0.000012041,-0.0004926562
2026-03-24T23:00:00.069000+00:00,0.00000625,-0.0000840635
2026-03-25T00:00:00.048000+00:00,0.00000625,0.0003271716
2026-03-25T01:00:00.110000+00:00,0.00000625,0.0001244265
2026-03-25T02:00:00.086000+00:00,0.00000625,0.000089639
2026-03-25T03:00:00.069000+00:00,0.00000625,0.0001282117
2026-03-25T04:00:00.059000+00:00,0.00000625,0.0000438736
2026-03-25T05:00:00.076000+00:00,0.0000057961,-0.000207262
2026-03-25T06:00:00.043000+00:00,0.00000625,-0.0001935304
2026-03-25T07:00:00.053000+00:00,-0.0000144532,-0.0005312513
2026-03-25T08:00:00.007000+00:00,-0.0000310916,-0.0007974664
2026-03-25T09:00:00.057000+00:00,-0.0000004798,-0.0003076775
2026-03-25T10:00:00.090000+00:00,0.00000625,-0.0000385606
2026-03-25T11:00:00.018000+00:00,0.00000625,-0.00002323
2026-03-25T12:00:00.038000+00:00,0.00000625,-0.0000183452
2026-03-25T13:00:00.032000+00:00,0.00000625,-0.0001517034
2026-03-25T14:00:00.041000+00:00,0.00000625,-0.0001687131
2026-03-25T15:00:00.062000+00:00,0.0000000271,-0.0002995661
2026-03-25T16:00:00.052000+00:00,0.0000017469,-0.0002720488
2026-03-25T17:00:00.022000+00:00,-0.0000010195,-0.0003163125
2026-03-25T18:00:00.075000+00:00,-0.000003458,-0.0003553283
2026-03-25T19:00:00.037000+00:00,-0.000002894,-0.0003463042
2026-03-25T20:00:00.025000+00:00,0.0000046183,-0.000226107
2026-03-25T21:00:00.066000+00:00,0.0000060153,-0.0002037549
2026-03-25T22:00:00.023000+00:00,0.00000625,-0.0001596618
2026-03-25T23:00:00.072000+00:00,-0.000003992,-0.0003638727
2026-03-26T00:00:00.035000+00:00,-0.0000035939,-0.0003575021
2026-03-26T01:00:00.006000+00:00,-0.0000109964,-0.0004759421
2026-03-26T02:00:00.139000+00:00,-0.0000012105,-0.0003193673
2026-03-26T03:00:00.114000+00:00,0.0000020277,-0.0002675572
2026-03-26T04:00:00.110000+00:00,-0.0000098738,-0.0004579802
2026-03-26T05:00:00.097000+00:00,-0.0000022904,-0.0003366462
2026-03-26T06:00:00.014000+00:00,0.00000625,-0.0001143017
2026-03-26T07:00:00.009000+00:00,-0.0000163921,-0.0005622729
2026-03-26T08:00:00.094000+00:00,-0.0000166652,-0.0005666434
2026-03-26T09:00:00.075000+00:00,-0.000012256,-0.0004960954
2026-03-26T10:00:00.001000+00:00,-0.0000158171,-0.0005530735
2026-03-26T11:00:00.072000+00:00,-0.0000190994,-0.0006055903
2026-03-26T12:00:00.020000+00:00,-0.000008175,-0.0004307996
2026-03-26T13:00:00.078000+00:00,-0.0000138029,-0.0005208458
2026-03-26T14:00:00.066000+00:00,-0.0000118117,-0.0004889867
2026-03-26T15:00:00.018000+00:00,-0.0000080947,-0.0004295148
2026-03-26T16:00:00.055000+00:00,-0.0000028682,-0.0003458907
2026-03-26T17:00:00.026000+00:00,0.00000625,-0.0000748092
2026-03-26T18:00:00.030000+00:00,0.00000625,0.0000094928
2026-03-26T19:00:00.003000+00:00,0.00000625,0.000119484
2026-03-26T20:00:00.077000+00:00,0.00000625,0.000235213
2026-03-26T21:00:00.031000+00:00,0.00000625,0.0003687925
2026-03-26T22:00:00.068000+00:00,0.0000064206,0.0004027291
2026-03-26T23:00:00.071000+00:00,0.0000215687,0.0006450996
2026-03-27T00:00:00.013000+00:00,0.0000260839,0.0007173416
2026-03-27T01:00:00.004000+00:00,0.000021938,0.0006510082
2026-03-27T02:00:00.007000+00:00,0.0000280407,0.000748651
2026-03-27T03:00:00.045000+00:00,0.0000495218,0.0010923495
2026-03-27T04:00:00.027000+00:00,0.0000390603,0.000924965
2026-03-27T05:00:00.055000+00:00,0.0000273374,0.0007373983
2026-03-27T06:00:00.021000+00:00,0.0000293002,0.0007688026
2026-03-27T07:00:00.047000+00:00,0.0000304402,0.0007870438
2026-03-27T08:00:00.042000+00:00,0.0000219822,0.0006517149
2026-03-27T09:00:00.078000+00:00,0.000024659,0.0006945448
2026-03-27T10:00:00.011000+00:00,0.00000625,0.0003826601
2026-03-27T11:00:00.056000+00:00,0.00000625,0.0002602666
2026-03-27T12:00:00.073000+00:00,0.00000625,0.0002784407
2026-03-27T13:00:00.020000+00:00,0.00000625,0.0001836348
2026-03-27T14:00:00.027000+00:00,0.00000625,0.0000855196
2026-03-27T15:00:00.082000+00:00,0.00000625,0.000023964
2026-03-27T16:00:00.069000+00:00,0.00000625,0.0002247586
2026-03-27T17:00:00.063000+00:00,0.00000625,0.0000614699
2026-03-27T18:00:00.018000+00:00,0.00000625,0.0001054886
2026-03-27T19:00:00.017000+00:00,0.00000625,0.0001520841
2026-03-27T20:00:00.043000+00:00,0.00000625,0.000092107
2026-03-27T21:00:00.064000+00:00,0.00000625,0.0003930217
2026-03-27T22:00:00.044000+00:00,0.0000109001,0.0004744018
2026-03-27T23:00:00.008000+00:00,0.00000625,-0.0000968227
2026-03-28T00:00:00.062000+00:00,0.00000625,-0.0001144728
2026-03-28T01:00:00.004000+00:00,-0.0000404098,-0.000946556
2026-03-28T02:00:00.051000+00:00,-0.0000763611,-0.0015217777
2026-03-28T03:00:00.023000+00:00,-0.0000432437,-0.000991899
2026-03-28T04:00:00.106000+00:00,0.0000001839,-0.0002970577
2026-03-28T05:00:00.055000+00:00,-0.0000042125,-0.0003674007
2026-03-28T06:00:00.067000+00:00,0.0000250997,0.0007015952
2026-03-28T07:00:00.039000+00:00,0.0000708942,0.001434307
2026-03-28T08:00:00.007000+00:00,0.0000337078,0.0008393249
2026-03-28T09:00:00.008000+00:00,0.00000625,0.0002849479
2026-03-28T10:00:00.014000+00:00,0.00000625,-0.0000490716
2026-03-28T11:00:00.095000+00:00,-0.0000024972,-0.0003399552
2026-03-28T12:00:00.014000+00:00,0.00000625,0.0002145251
2026-03-28T13:00:00.013000+00:00,0.0000151781,0.0005428501
2026-03-28T14:00:00.047000+00:00,0.0000551559,0.0011824942
2026-03-28T15:00:00.042000+00:00,0.0000796763,0.0015748203
2026-03-28T16:00:00.047000+00:00,0.0000761734,0.0015187747
2026-03-28T17:00:00.074000+00:00,0.0000232502,0.0006720025
2026-03-28T18:00:00.070000+00:00,0.00000625,0.0002118609
2026-03-28T19:00:00.007000+00:00,0.00000625,0.0001724646
2026-03-28T20:00:00.075000+00:00,0.0000141984,0.0005271746
2026-03-28T21:00:00.036000+00:00,0.0000150031,0.000540049
2026-03-28T22:00:00.009000+00:00,0.00000625,-0.0001247512
2026-03-28T23:00:00.040000+00:00,-0.000010254,-0.0004640641
2026-03-29T00:00:00.085000+00:00,-0.00003955,-0.0009327996
2026-03-29T01:00:00.068000+00:00,-0.000052063,-0.0011330077
2026-03-29T02:00:00.040000+00:00,-0.0000442948,-0.0010087168
2026-03-29T03:00:00.050000+00:00,-0.0000004059,-0.0003064943
2026-03-29T04:00:00.034000+00:00,0.0000172149,0.0005754389
2026-03-29T05:00:00.054000+00:00,0.0000072934,0.0004166938
2026-03-29T06:00:00.017000+00:00,-0.0000603406,-0.0012654489
2026-03-29T07:00:00.047000+00:00,-0.0000183126,-0.0005930009
2026-03-29T08:00:00.033000+00:00,0.0000052309,-0.000216305
2026-03-29T09:00:00.036000+00:00,-0.0000153414,-0.0005454619
2026-03-29T10:00:00.121000+00:00,-0.0000251577,-0.0007025234
2026-03-29T11:00:00.002000+00:00,-0.0000032554,-0.0003520864
2026-03-29T12:00:00.067000+00:00,0.00000625,-0.0001437426
2026-03-29T13:00:00.056000+00:00,-0.0000136834,-0.0005189345
2026-03-29T14:00:00.026000+00:00,-0.0000192914,-0.0006086624
2026-03-29T15:00:00.057000+00:00,-0.0000015982,-0.0003255714
2026-03-29T16:00:00.029000+00:00,0.0000059095,-0.0002054478
2026-03-29T17:00:00.011000+00:00,0.00000625,0.000198881
2026-03-29T18:00:00.092000+00:00,0.0000331808,0.000830893
2026-03-29T19:00:00.066000+00:00,0.00000625,0.000311949
2026-03-29T20:00:00.062000+00:00,0.00000625,0.0003073331
2026-03-29T21:00:00.026000+00:00,0.00000625,0.0002149977
2026-03-29T22:00:00.013000+00:00,0.0000152538,0.00054406
2026-03-29T23:00:00.096000+00:00,-0.0000626433,-0.0013022927
2026-03-30T00:00:00.038000+00:00,-0.0001523272,-0.0027372354
2026-03-30T01:00:00.030000+00:00,-0.0000172152,-0.000575443
2026-03-30T02:00:00.054000+00:00,-0.0000067662,-0.0004082596
2026-03-30T03:00:00.013000+00:00,-0.0000054539,-0.0003872622
2026-03-30T04:00:00.074000+00:00,0.00000625,0.0000443232
2026-03-30T05:00:00.056000+00:00,0.00000625,0.0002937704
2026-03-30T06:00:00.089000+00:00,0.0000297954,0.000776727
2026-03-30T07:00:00.043000+00:00,0.0000325235,0.0008203757
2026-03-30T08:00:00.192000+00:00,0.0000260981,0.0007175698
2026-03-30T09:00:00.039000+00:00,0.0000246079,0.0006937261
2026-03-30T10:00:00.052000+00:00,0.0000233566,0.0006737056
2026-03-30T11:00:00.059000+00:00,0.0000103141,0.0004650252
2026-03-30T12:00:00.038000+00:00,0.0000127654,0.0005042469
2026-03-30T13:00:00.031000+00:00,0.0000222067,0.0006553077
2026-03-30T14:00:00.046000+00:00,0.0000211209,0.000637935
2026-03-30T15:00:00.019000+00:00,0.0000136067,0.0005177078
2026-03-30T16:00:00.071000+00:00,0.0000068107,0.0004089709
2026-03-30T17:00:00.108000+00:00,0.00000625,0.0000759713
2026-03-30T18:00:00.051000+00:00,0.00000625,-0.0000692694
2026-03-30T19:00:00.085000+00:00,0.00000625,-0.0001565211
2026-03-30T20:00:00.055000+00:00,-0.0000009717,-0.0003155474
2026-03-30T21:00:00.095000+00:00,0.00000625,0.0000507131
2026-03-30T22:00:00.021000+00:00,0.00000625,0.0001152788
2026-03-30T23:00:00.066000+00:00,-0.000021306,-0.0006408956
2026-03-31T00:00:00.016000+00:00,-0.0000073022,-0.0004168353
2026-03-31T01:00:00.038000+00:00,-0.0000226365,-0.0006621847
2026-03-31T02:00:00.066000+00:00,-0.0000292695,-0.0007683118
2026-03-31T03:00:00.092000+00:00,-0.0000106968,-0.0004711493
2026-03-31T04:00:00.073000+00:00,-0.0000064194,-0.0004027112
2026-03-31T05:00:00.062000+00:00,-0.0000113982,-0.0004823706
2026-03-31T06:00:00.022000+00:00,-0.0000158264,-0.0005532221
2026-03-31T07:00:00.045000+00:00,-0.0000133722,-0.0005139551
2026-03-31T08:00:00+00:00,0.0000020584,-0.0002670655
2026-03-31T09:00:00.056000+00:00,0.00000625,-0.0000461701
2026-03-31T10:00:00.021000+00:00,0.00000625,-0.0001653507
2026-03-31T11:00:00.032000+00:00,0.00000625,-0.0001635308
2026-03-31T12:00:00.073000+00:00,0.00000625,-0.0000926076
2026-03-31T13:00:00.030000+00:00,0.00000625,0.0000477366
2026-03-31T14:00:00.038000+00:00,0.00000625,0.0001787551
2026-03-31T15:00:00.043000+00:00,0.00000625,0.0003998949
2026-03-31T16:00:00.025000+00:00,0.00000625,0.0000973354
2026-03-31T17:00:00.030000+00:00,0.00000625,0.0002006076
2026-03-31T18:00:00.007000+00:00,0.00000625,0.0002052075
2026-03-31T19:00:00.051000+00:00,0.00000625,0.0002349842
2026-03-31T20:00:00.039000+00:00,0.00000625,0.0001781326
2026-03-31T21:00:00.026000+00:00,0.00000625,0.0000934309
2026-03-31T22:00:00.046000+00:00,0.00000625,0.0000332042
2026-03-31T23:00:00.029000+00:00,0.00000625,-0.0000266601
2026-04-01T00:00:00.068000+00:00,0.00000625,-0.0000215839
2026-04-01T01:00:00.022000+00:00,0.00000625,-0.0000463856
2026-04-01T02:00:00.050000+00:00,0.00000625,0.0000461649
2026-04-01T03:00:00.044000+00:00,0.00000625,-0.0001174193
2026-04-01T04:00:00.042000+00:00,0.00000625,-0.0001593751
2026-04-01T05:00:00.057000+00:00,0.00000625,0.0000352872
2026-04-01T06:00:00.051000+00:00,0.00000625,0.0000982338
2026-04-01T07:00:00.039000+00:00,0.0000123071,0.0004969132
2026-04-01T08:00:00.062000+00:00,0.0000070595,0.0004129514
2026-04-01T09:00:00.046000+00:00,0.00000625,-0.0000733473
2026-04-01T10:00:00.050000+00:00,0.00000625,-0.0001689237
2026-04-01T11:00:00.068000+00:00,0.00000625,-0.0000421847
2026-04-01T12:00:00.081000+00:00,0.00000625,-0.0000092906
2026-04-01T13:00:00.011000+00:00,0.00000625,0.0003471874
2026-04-01T14:00:00.131000+00:00,0.00000625,0.0002234881
2026-04-01T15:00:00.029000+00:00,0.00000625,0.0000199408
2026-04-01T16:00:00.078000+00:00,0.00000625,0.000284339
2026-04-01T17:00:00.076000+00:00,0.00000625,0.0002528291
2026-04-01T18:00:00.071000+00:00,0.00000625,0.0000715731
2026-04-01T19:00:00.017000+00:00,0.00000625,-0.0000170576
2026-04-01T20:00:00.045000+00:00,0.00000625,-0.0000111086
2026-04-01T21:00:00.041000+00:00,0.00000625,-0.000080904
2026-04-01T22:00:00.030000+00:00,0.00000625,0.0000308854
2026-04-01T23:00:00.042000+00:00,0.00000625,0.0000788684
2026-04-02T00:00:00.177000+00:00,0.00000625,0.0001023838
2026-04-02T01:00:00.004000+00:00,0.00000625,0.0000677874
2026-04-02T02:00:00.060000+00:00,0.00000625,0.0000048021
2026-04-02T03:00:00.041000+00:00,-0.0000156757,-0.0005508109
2026-04-02T04:00:00.059000+00:00,-0.0000071799,-0.0004148792
2026-04-02T05:00:00.030000+00:00,-0.0000118985,-0.0004903756
2026-04-02T06:00:00.039000+00:00,0.0000042397,-0.0002321644
2026-04-02T07:00:00.070000+00:00,-0.0000127077,-0.0005033239
2026-04-02T08:00:00.129000+00:00,0.0000031912,-0.0002489404
2026-04-02T09:00:00.026000+00:00,0.00000625,0.0001085332
2026-04-02T10:00:00.051000+00:00,0.00000625,0.0000555844
2026-04-02T11:00:00.014000+00:00,0.00000625,-0.0000717037
2026-04-02T12:00:00.021000+00:00,0.00000625,-0.0000098835
2026-04-02T13:00:00.075000+00:00,0.00000625,0.0000240311
2026-04-02T14:00:00.049000+00:00,0.00000625,0.0000583678
2026-04-02T15:00:00.065000+00:00,0.00000625,-0.0000853224
2026-04-02T16:00:00.040000+00:00,0.00000625,0.0000050337
2026-04-02T17:00:00.022000+00:00,0.00000625,-0.0000465322
2026-04-02T18:00:00.037000+00:00,0.00000625,0.0001714393
2026-04-02T19:00:00.006000+00:00,0.00000625,-0.0001588516
2026-04-02T20:00:00.023000+00:00,0.00000625,-0.0001082498
2026-04-02T21:00:00.131000+00:00,0.00000625,0.0001747709
2026-04-02T22:00:00.013000+00:00,0.00000625,0.0001041318
2026-04-02T23:00:00.004000+00:00,0.00000625,0.0002993209
2026-04-03T00:00:00.021000+00:00,0.00000625,0.0002230028
2026-04-03T01:00:00.043000+00:00,0.00000625,0.00021375
2026-04-03T02:00:00.023000+00:00,0.0000014727,-0.0002764368
2026-04-03T03:00:00.048000+00:00,-0.0000624315,-0.0012989033
2026-04-03T04:00:00.039000+00:00,-0.0000268183,-0.0007290931
2026-04-03T05:00:00.086000+00:00,-0.0000185473,-0.0005967571
2026-04-03T06:00:00.049000+00:00,0.00000625,0.0001488247
2026-04-03T07:00:00.028000+00:00,0.0000022898,-0.0002633636
2026-04-03T08:00:00.069000+00:00,-0.0000306904,-0.0007910471
2026-04-03T09:00:00.054000+00:00,0.00000625,0.0001240457
2026-04-03T10:00:00.043000+00:00,0.00000625,-0.0000623938
2026-04-03T11:00:00.041000+00:00,-0.000017864,-0.000585824
2026-04-03T12:00:00.031000+00:00,0.00000625,-0.0001590555
2026-04-03T13:00:00.058000+00:00,0.00000625,0.0000749969
2026-04-03T14:00:00.001000+00:00,-0.0000717684,-0.0014482943
2026-04-03T15:00:00.044000+00:00,-0.0000179177,-0.0005866828
2026-04-03T16:00:00.033000+00:00,0.00000625,0.0003237842
2026-04-03T17:00:00.040000+00:00,0.0000134687,0.0005154987
2026-04-03T18:00:00.069000+00:00,0.0000207849,0.0006325585
2026-04-03T19:00:00.026000+00:00,0.00000625,0.0003101641
2026-04-03T20:00:00.036000+00:00,0.00000625,0.0001062187
2026-04-03T21:00:00.048000+00:00,0.00000625,-0.0001079208
2026-04-03T22:00:00.031000+00:00,0.00000625,-0.0000739518
2026-04-03T23:00:00.039000+00:00,0.00000625,0.0000169283
2026-04-04T00:00:00.063000+00:00,0.00000625,0.000073924
2026-04-04T01:00:00.014000+00:00,0.00000625,-0.0001805814
2026-04-04T02:00:00.021000+00:00,-0.0000059003,-0.0003944045
2026-04-04T03:00:00.064000+00:00,0.0000243892,0.0006902274
2026-04-04T04:00:00.011000+00:00,0.0000253955,0.0007063277
2026-04-04T05:00:00.063000+00:00,0.00000625,0.0001426734
2026-04-04T06:00:00.057000+00:00,0.00000625,0.0001377062
2026-04-04T07:00:00.051000+00:00,0.0000021845,-0.0002650473
2026-04-04T08:00:00.033000+00:00,-0.0000306106,-0.0007897695
2026-04-04T09:00:00.008000+00:00,-0.0000244053,-0.0006904854
2026-04-04T10:00:00.029000+00:00,-0.0000151188,-0.0005419005
2026-04-04T11:00:00.050000+00:00,-0.0000026804,-0.0003428856
2026-04-04T12:00:00.009000+00:00,-0.0000081983,-0.0004311729
2026-04-04T13:00:00.107000+00:00,-0.0000071928,-0.0004150852
2026-04-04T14:00:00.065000+00:00,-0.0000127396,-0.0005038335
2026-04-04T15:00:00.008000+00:00,-0.0000098019,-0.0004568305
2026-04-04T16:00:00.038000+00:00,0.0000033499,-0.0002464009
2026-04-04T17:00:00.041000+00:00,0.0000056217,-0.0002100534
2026-04-04T18:00:00.064000+00:00,0.00000625,-0.0001418416
2026-04-04T19:00:00.012000+00:00,0.00000625,-0.0000230653
2026-04-04T20:00:00.063000+00:00,0.00000625,0.0003089919
2026-04-04T21:00:00.037000+00:00,0.00000625,0.0002830744
2026-04-04T22:00:00.032000+00:00,0.00000625,0.0003335461
2026-04-04T23:00:00.014000+00:00,0.00000625,0.0003601405
2026-04-05T00:00:00.047000+00:00,0.0000086551,0.0004384808
2026-04-05T01:00:00.058000+00:00,0.00000625,0.0003318958
2026-04-05T02:00:00.058000+00:00,0.00000625,0.0000183947
2026-04-05T03:00:00.014000+00:00,0.00000625,0.0000495468
2026-04-05T04:00:00.022000+00:00,0.00000625,-0.0001242497
2026-04-05T05:00:00.024000+00:00,-0.0000073749,-0.000417998
2026-04-05T06:00:00.051000+00:00,-0.0000113533,-0.000481653
2026-04-05T07:00:00.048000+00:00,-0.0000303333,-0.0007853331
2026-04-05T08:00:00.066000+00:00,-0.0000544287,-0.0011708595
2026-04-05T09:00:00.017000+00:00,-0.0000015864,-0.0003253819
2026-04-05T10:00:00.017000+00:00,0.00000625,0.0001817124
2026-04-05T11:00:00.024000+00:00,0.0000124555,0.0004992884
2026-04-05T12:00:00.017000+00:00,0.00000625,0.000093518
2026-04-05T13:00:00.047000+00:00,-0.0000774044,-0.0015384703
2026-04-05T14:00:00.057000+00:00,-0.0000533877,-0.0011542036
2026-04-05T15:00:00.081000+00:00,-0.0000044673,-0.0003714765
2026-04-05T16:00:00.031000+00:00,0.0000273603,0.0007377644
2026-04-05T17:00:00.049000+00:00,0.0000380961,0.000909537
2026-04-05T18:00:00.042000+00:00,0.0000267359,0.0007277737
2026-04-05T19:00:00.041000+00:00,0.0000071993,0.0004151887
2026-04-05T20:00:00.030000+00:00,0.0000517937,0.0011286996
2026-04-05T21:00:00.003000+00:00,0.0000305658,0.0007890533
2026-04-05T22:00:00.060000+00:00,0.0000340742,0.0008451872
2026-04-05T23:00:00.020000+00:00,-0.0000378347,-0.0009053557
2026-04-06T00:00:00.029000+00:00,0.0000082549,0.0004320783
2026-04-06T01:00:00.040000+00:00,0.0000541148,0.0011658368
2026-04-06T02:00:00+00:00,0.0000383628,0.0009138048
2026-04-06T03:00:00.049000+00:00,0.0000504406,0.0011070496
2026-04-06T04:00:00.002000+00:00,0.0000520217,0.0011323476
2026-04-06T05:00:00.047000+00:00,0.0000451418,0.0010222687
2026-04-06T06:00:00.025000+00:00,0.0000453863,0.0010261809
2026-04-06T07:00:00.064000+00:00,0.0000359908,0.000875852
2026-04-06T08:00:00.053000+00:00,0.000032706,0.0008232961
2026-04-06T09:00:00.012000+00:00,0.0000160664,0.0005570619
2026-04-06T10:00:00.006000+00:00,0.000011786,0.0004885762
2026-04-06T11:00:00.016000+00:00,0.0000110734,0.0004771745
2026-04-06T12:00:00.072000+00:00,0.0000146966,0.0005351455
2026-04-06T13:00:00.031000+00:00,0.0000132867,0.000512587
2026-04-06T14:00:00.066000+00:00,0.0000148393,0.0005374295
2026-04-06T15:00:00.048000+00:00,0.0000098083,0.0004569327
2026-04-06T16:00:00.056000+00:00,0.0000166239,0.0005659831
2026-04-06T17:00:00.002000+00:00,0.0000123218,0.0004971481
2026-04-06T18:00:00.039000+00:00,0.00000625,0.0002768587
2026-04-06T19:00:00+00:00,0.00000625,0.0001719922
2026-04-06T20:00:00.078000+00:00,0.00000625,0.0002739069
2026-04-06T21:00:00.054000+00:00,0.00000625,0.000283693
2026-04-06T22:00:00.043000+00:00,0.00000625,0.0002072098
2026-04-06T23:00:00.021000+00:00,0.00000625,0.0001451153
2026-04-07T00:00:00.046000+00:00,0.00000625,0.000100284
2026-04-07T01:00:00.015000+00:00,0.00000625,0.0000502394
2026-04-07T02:00:00.012000+00:00,0.00000625,0.0001204799
2026-04-07T03:00:00.093000+00:00,0.00000625,-0.000077013
2026-04-07T04:00:00.017000+00:00,0.00000625,-0.0001100778
2026-04-07T05:00:00.006000+00:00,0.0000053809,-0.0002139061
2026-04-07T06:00:00.030000+00:00,0.00000625,0.000001373
2026-04-07T07:00:00.064000+00:00,0.00000625,-0.0001859212
2026-04-07T08:00:00.020000+00:00,0.0000057333,-0.0002082666
2026-04-07T09:00:00.031000+00:00,0.00000625,-0.0001725965
2026-04-07T10:00:00.005000+00:00,0.00000625,0.0000997549
2026-04-07T11:00:00.030000+00:00,0.00000625,0.0000295186
2026-04-07T12:00:00.037000+00:00,0.00000625,-0.0000865655
2026-04-07T13:00:00.060000+00:00,0.00000625,-0.000147874
2026-04-07T14:00:00.027000+00:00,0.00000625,-0.0000142606
2026-04-07T15:00:00.041000+00:00,0.00000625,-0.0001770436
2026-04-07T16:00:00.036000+00:00,0.00000625,0.0000334669
2026-04-07T17:00:00.024000+00:00,0.00000625,0.0001228763
2026-04-07T18:00:00.013000+00:00,0.00000625,0.0003953719
2026-04-07T19:00:00.017000+00:00,0.00000625,0.0001643856
2026-04-07T20:00:00.041000+00:00,0.00000625,0.0000786909
2026-04-07T21:00:00.062000+00:00,0.0000106942,0.0004711078
2026-04-07T22:00:00.029000+00:00,0.0000165586,0.000564938
2026-04-07T23:00:00.038000+00:00,0.0000298225,0.0007771596
2026-04-08T00:00:00.094000+00:00,0.0000199994,0.000619991
2026-04-08T01:00:00.057000+00:00,0.00000625,0.0001731661
2026-04-08T02:00:00.043000+00:00,0.0000108632,0.000473812
2026-04-08T03:00:00.059000+00:00,0.0000103409,0.0004654547
2026-04-08T04:00:00.012000+00:00,0.00000625,-0.0000346899
2026-04-08T05:00:00.056000+00:00,0.00000625,-0.0001161093
2026-04-08T06:00:00.065000+00:00,0.0000234229,0.0006747665
2026-04-08T07:00:00.039000+00:00,0.0000726297,0.0014620754
2026-04-08T08:00:00.005000+00:00,0.0000833486,0.0016335774
2026-04-08T09:00:00.047000+00:00,0.0000246483,0.0006943728
2026-04-08T10:00:00.004000+00:00,0.000014108,0.0005257286
2026-04-08T11:00:00.027000+00:00,0.000013149,0.0005103834
2026-04-08T12:00:00+00:00,0.0000267427,0.0007278834
2026-04-08T13:00:00.019000+00:00,0.0000133332,0.0005133313
2026-04-08T14:00:00.064000+00:00,0.0000110084,0.0004761338
2026-04-08T15:00:00.025000+00:00,0.00000625,0.0003628149
2026-04-08T16:00:00.054000+00:00,0.0000071715,0.0004147443
2026-04-08T17:00:00.009000+00:00,0.00000625,0.0003407245
2026-04-08T18:00:00.046000+00:00,0.00000625,0.0002686705
2026-04-08T19:00:00.026000+00:00,0.00000625,0.0003180194
2026-04-08T20:00:00.068000+00:00,0.00000625,0.0003777756
2026-04-08T21:00:00.031000+00:00,0.0000232548,0.0006720769
2026-04-08T22:00:00.010000+00:00,0.0000289579,0.0007633262
2026-04-08T23:00:00.039000+00:00,0.0000125401,0.0005006415
2026-04-09T00:00:00.070000+00:00,0.00000625,0.0003739821
2026-04-09T01:00:00.023000+00:00,0.00000625,0.0003440509
2026-04-09T02:00:00.010000+00:00,0.00000625,0.0001654452
2026-04-09T03:00:00.053000+00:00,0.00000625,0.000173692
2026-04-09T04:00:00.015000+00:00,0.00000625,-0.0001005625
2026-04-09T05:00:00.007000+00:00,0.0000028518,-0.0002543707
2026-04-09T06:00:00.021000+00:00,0.0000052039,-0.0002167372
2026-04-09T07:00:00.001000+00:00,0.00000625,-0.000182133
2026-04-09T08:00:00.056000+00:00,0.00000625,-0.0000839106
2026-04-09T09:00:00.008000+00:00,0.00000625,-0.0000097482
2026-04-09T10:00:00.006000+00:00,0.00000625,0.0001216729
2026-04-09T11:00:00.010000+00:00,0.00000625,0.0002839943
2026-04-09T12:00:00.054000+00:00,0.00000625,0.0002855464
2026-04-09T13:00:00.004000+00:00,0.00000625,0.0003636394
2026-04-09T14:00:00.056000+00:00,0.00000625,0.0003383481
2026-04-09T15:00:00.041000+00:00,0.00000625,0.0002600235
2026-04-09T16:00:00.011000+00:00,0.00000625,0.0002942687
2026-04-09T17:00:00.012000+00:00,0.00000625,0.0002602054
2026-04-09T18:00:00.001000+00:00,0.00000625,0.0003092416
2026-04-09T19:00:00.031000+00:00,0.00000625,0.0002134748
2026-04-09T20:00:00.004000+00:00,0.00000625,0.0002528611
2026-04-09T21:00:00.018000+00:00,0.00000625,0.0003175666
2026-04-09T22:00:00+00:00,0.00000625,0.0003952807
2026-04-09T23:00:00.071000+00:00,0.0000232922,0.0006726759
2026-04-10T00:00:00.062000+00:00,0.00000625,0.0003988742
2026-04-10T01:00:00.013000+00:00,0.00000625,0.0002296606
2026-04-10T02:00:00.002000+00:00,0.00000625,0.0002745783
2026-04-10T03:00:00.040000+00:00,0.00000625,0.0002100332
2026-04-10T04:00:00.047000+00:00,0.00000625,0.0002352288
2026-04-10T05:00:00.031000+00:00,0.00000625,0.0001456333
2026-04-10T06:00:00.026000+00:00,0.00000625,0.0002205649
2026-04-10T07:00:00.016000+00:00,0.00000625,0.000362899
2026-04-10T08:00:00+00:00,0.00000625,0.0003882246
2026-04-10T09:00:00.015000+00:00,0.00000625,0.0003460667
2026-04-10T10:00:00.028000+00:00,0.0000080596,0.0004289538
2026-04-10T11:00:00.010000+00:00,0.0000158568,0.0005537084
2026-04-10T12:00:00.057000+00:00,0.0000074035,0.0004184566
2026-04-10T13:00:00.032000+00:00,0.00000625,0.0003123387
2026-04-10T14:00:00.008000+00:00,0.00000625,0.0003439083
2026-04-10T15:00:00.005000+00:00,0.00000625,0.0001989614
2026-04-10T16:00:00.053000+00:00,0.00000625,0.0000965906
2026-04-10T17:00:00.022000+00:00,0.00000625,0.0001048469
2026-04-10T18:00:00.021000+00:00,0.00000625,0.0001029215
2026-04-10T19:00:00.046000+00:00,0.00000625,0.0000454309
2026-04-10T20:00:00.009000+00:00,0.00000625,0.0000939019
2026-04-10T21:00:00.010000+00:00,0.00000625,-0.0000267219
2026-04-10T22:00:00.079000+00:00,0.00000625,-0.000152436
2026-04-10T23:00:00.055000+00:00,0.00000625,-0.0001286224
2026-04-11T00:00:00.015000+00:00,0.00000625,-0.0000778457
2026-04-11T01:00:00.006000+00:00,-0.0001630991,-0.0029095852
2026-04-11T02:00:00.020000+00:00,-0.0000751023,-0.0015016372
2026-04-11T03:00:00.039000+00:00,0.00000625,0.0001243336
2026-04-11T04:00:00.013000+00:00,0.00000625,0.0003460965
2026-04-11T05:00:00.005000+00:00,0.00000625,0.0002770152
2026-04-11T06:00:00.024000+00:00,0.0000062872,0.0004005947
2026-04-11T07:00:00.016000+00:00,0.0000144955,0.0005319287
2026-04-11T08:00:00.002000+00:00,0.0000089032,0.0004424512
2026-04-11T09:00:00.042000+00:00,0.00000625,0.0002284579
2026-04-11T10:00:00.048000+00:00,0.0000191051,0.0006056816
2026-04-11T11:00:00.040000+00:00,0.0000319738,0.0008115802
2026-04-11T12:00:00.055000+00:00,0.00000625,0.0002960486
2026-04-11T13:00:00.047000+00:00,0.00000625,0.0000820035
2026-04-11T14:00:00.001000+00:00,0.00000625,-0.0000676589
2026-04-11T15:00:00.041000+00:00,-0.0000158085,-0.000552936
2026-04-11T16:00:00.034000+00:00,-0.0000107038,-0.0004712606
2026-04-11T17:00:00.008000+00:00,0.0000080002,0.0004280036
2026-04-11T18:00:00.033000+00:00,0.0001460262,0.0026364194
2026-04-11T19:00:00.047000+00:00,0.0001584035,0.0028344566
2026-04-11T20:00:00.023000+00:00,0.0000441235,0.0010059756
2026-04-11T21:00:00.058000+00:00,0.00000625,0.0003008381
2026-04-11T22:00:00.036000+00:00,0.00000625,0.0000747107
2026-04-11T23:00:00.020000+00:00,0.00000625,0.0000528266
2026-04-12T00:00:00.067000+00:00,-0.000034222,-0.0008475514
2026-04-12T01:00:00.044000+00:00,0.0000034611,-0.0002446228
2026-04-12T02:00:00.031000+00:00,-0.0001659362,-0.0029549786
2026-04-12T03:00:00.029000+00:00,-0.0004314784,-0.0072036546
2026-04-12T04:00:00.055000+00:00,-0.0002070559,-0.0036128947
2026-04-12T05:00:00.066000+00:00,-0.0000807752,-0.001592403
2026-04-12T06:00:00.047000+00:00,-0.0000334413,-0.0008350609
2026-04-12T07:00:00.004000+00:00,0.00000625,0.0002401434
2026-04-12T08:00:00.022000+00:00,0.00000625,-0.0000840717
2026-04-12T09:00:00.049000+00:00,-0.0000010713,-0.0003171411
2026-04-12T10:00:00.011000+00:00,-0.0000031447,-0.0003503147
2026-04-12T11:00:00.022000+00:00,-0.0000086298,-0.0004380773
2026-04-12T12:00:00.040000+00:00,-0.0000455938,-0.0010295011
2026-04-12T13:00:00.028000+00:00,-0.0000416824,-0.000966919
2026-04-12T14:00:00.064000+00:00,-0.0001437876,-0.0026006022
2026-04-12T15:00:00.065000+00:00,-0.0001432889,-0.0025926219
2026-04-12T16:00:00.046000+00:00,-0.0001095767,-0.0020532278
2026-04-12T17:00:00.054000+00:00,-0.0001164657,-0.0021634515
2026-04-12T18:00:00.035000+00:00,-0.0000014438,-0.0003231001
2026-04-12T19:00:00.028000+00:00,0.0000829966,0.0016279453
2026-04-12T20:00:00.062000+00:00,0.00000625,-0.0001798068
2026-04-12T21:00:00.049000+00:00,-0.0000214792,-0.0006436678
2026-04-12T22:00:00.058000+00:00,-0.0000597155,-0.0012554484
2026-04-12T23:00:00.048000+00:00,0.0002244157,0.0038906513
2026-04-13T00:00:00.013000+00:00,0.0000953738,0.0018259803
2026-04-13T01:00:00.031000+00:00,0.00000625,-0.000056888
2026-04-13T02:00:00.001000+00:00,0.0000009789,-0.0002843384
2026-04-13T03:00:00.056000+00:00,-0.0000021509,-0.0003344149
2026-04-13T04:00:00.056000+00:00,0.0000009898,-0.000284163
2026-04-13T05:00:00.032000+00:00,0.00000625,-0.0001619998
2026-04-13T06:00:00.007000+00:00,0.00000625,-0.0001070839
2026-04-13T07:00:00.011000+00:00,0.00000625,-0.0000700487
2026-04-13T08:00:00.015000+00:00,0.0000037745,-0.0002396078
2026-04-13T09:00:00.013000+00:00,0.00000625,-0.0001112301
2026-04-13T10:00:00.032000+00:00,0.00000625,-0.0000129342
2026-04-13T11:00:00.011000+00:00,0.00000625,-0.0000185999
2026-04-13T12:00:00.063000+00:00,0.00000625,-0.0000306485
2026-04-13T13:00:00.036000+00:00,0.00000625,-0.0000372601
2026-04-13T14:00:00.007000+00:00,0.00000625,0.0001331958
2026-04-13T15:00:00.114000+00:00,0.00000625,0.0001036907
2026-04-13T16:00:00.016000+00:00,0.00000625,0.0001149745
2026-04-13T17:00:00.028000+00:00,0.00000625,0.000226098
2026-04-13T18:00:00.040000+00:00,0.00000625,0.0002206592
2026-04-13T19:00:00.055000+00:00,0.00000625,0.000254314
2026-04-13T20:00:00.032000+00:00,0.00000625,0.0003093973
2026-04-13T21:00:00.038000+00:00,0.00000625,0.0001953568
2026-04-13T22:00:00.023000+00:00,0.00000625,0.0002312736
2026-04-13T23:00:00.008000+00:00,0.0000119863,0.0004917806
2026-04-14T00:00:00.020000+00:00,0.0000346929,0.0008550856
2026-04-14T01:00:00.057000+00:00,0.0000208226,0.0006331612
2026-04-14T02:00:00.017000+00:00,0.000012563,0.0005010087
2026-04-14T03:00:00.043000+00:00,0.0000089683,0.0004434925
2026-04-14T04:00:00.009000+00:00,0.00000625,0.0003915026
2026-04-14T05:00:00.054000+00:00,0.00000625,0.0003731005
2026-04-14T06:00:00.057000+00:00,0.00000625,0.0002835991
2026-04-14T07:00:00.076000+00:00,0.0000096413,0.0004542608
2026-04-14T08:00:00.066000+00:00,0.00000625,0.0003945175
2026-04-14T09:00:00.041000+00:00,0.00000625,0.0003531598
2026-04-14T10:00:00.010000+00:00,0.00000625,0.000231513
2026-04-14T11:00:00.030000+00:00,0.00000625,0.0000923244
2026-04-14T12:00:00.053000+00:00,0.00000625,0.0002552536
2026-04-14T13:00:00.039000+00:00,0.00000625,0.0001949178
2026-04-14T14:00:00.012000+00:00,0.00000625,-0.0000996941
2026-04-14T15:00:00.056000+00:00,0.0000035758,-0.0002427868
2026-04-14T16:00:00.029000+00:00,-0.000003075,-0.0003491999
2026-04-14T17:00:00.057000+00:00,-0.0000058113,-0.0003929809
2026-04-14T18:00:00.062000+00:00,-0.0000199832,-0.0006197308
2026-04-14T19:00:00.040000+00:00,-0.0000147717,-0.0005363476
2026-04-14T20:00:00+00:00,-0.0000004732,-0.0003075715
2026-04-14T21:00:00.003000+00:00,-0.000006484,-0.000403744
2026-04-14T22:00:00.001000+00:00,-0.0000181747,-0.0005907958
2026-04-14T23:00:00.021000+00:00,-0.0000110705,-0.0004771274
2026-04-15T00:00:00.015000+00:00,-0.0000142689,-0.0005283027
2026-04-15T01:00:00.054000+00:00,-0.0000102923,-0.0004646764
2026-04-15T02:00:00.036000+00:00,-0.0000072917,-0.0004166666
2026-04-15T03:00:00.065000+00:00,-0.0000019167,-0.0003306676
2026-04-15T04:00:00.053000+00:00,0.000002762,-0.0002558087
2026-04-15T05:00:00.029000+00:00,0.0000026043,-0.0002583315
2026-04-15T06:00:00.060000+00:00,-0.0000012706,-0.0003203304
2026-04-15T07:00:00.038000+00:00,-0.0000010388,-0.0003166209
2026-04-15T08:00:00.009000+00:00,0.0000017016,-0.0002727748
2026-04-15T09:00:00.024000+00:00,0.000001974,-0.0002684163
2026-04-15T10:00:00.027000+00:00,0.0000007487,-0.0002880213
2026-04-15T11:00:00.067000+00:00,-0.0000020223,-0.0003323561
2026-04-15T12:00:00.030000+00:00,0.0000029739,-0.0002524171
2026-04-15T13:00:00.008000+00:00,0.0000039227,-0.0002372366
2026-04-15T14:00:00.035000+00:00,-0.0000000719,-0.0003011504
2026-04-15T15:00:00.057000+00:00,0.0000028692,-0.0002540935
2026-04-15T16:00:00.025000+00:00,-0.0000021612,-0.0003345784
2026-04-15T17:00:00.022000+00:00,0.0000011266,-0.0002819743
2026-04-15T18:00:00.030000+00:00,0.00000625,-0.0001738076
2026-04-15T19:00:00.062000+00:00,0.0000037645,-0.0002397675
2026-04-15T20:00:00.014000+00:00,0.000004878,-0.0002219527
2026-04-15T21:00:00.049000+00:00,-0.0000050681,-0.0003810892
2026-04-15T22:00:00.067000+00:00,-0.0000101744,-0.0004627901
2026-04-15T23:00:00.056000+00:00,0.0000035289,-0.0002435378
2026-04-16T00:00:00.044000+00:00,0.0000045691,-0.0002268949
2026-04-16T01:00:00.022000+00:00,0.0000044657,-0.0002285486
2026-04-16T02:00:00.010000+00:00,0.00000625,-0.0001928523
2026-04-16T03:00:00.053000+00:00,0.0000037403,-0.0002401545
2026-04-16T04:00:00.006000+00:00,0.00000625,-0.0001560614
2026-04-16T05:00:00.042000+00:00,0.00000625,-0.0001153718
2026-04-16T06:00:00.031000+00:00,0.00000625,0.0000222491
2026-04-16T07:00:00.012000+00:00,0.00000625,0.000046401
2026-04-16T08:00:00.062000+00:00,0.00000625,0.0000363857
2026-04-16T09:00:00.045000+00:00,0.00000625,-0.0001387945
2026-04-16T10:00:00.004000+00:00,0.00000625,-0.0000891087
2026-04-16T11:00:00.035000+00:00,0.0000044855,-0.0002282316
2026-04-16T12:00:00.042000+00:00,0.00000625,-0.0000081809
2026-04-16T13:00:00.030000+00:00,0.00000625,0.0000592385
2026-04-16T14:00:00.019000+00:00,0.00000625,-0.0000260381
2026-04-16T15:00:00.047000+00:00,0.00000625,0.0000363741
2026-04-16T16:00:00.051000+00:00,0.00000625,-0.0001067562
2026-04-16T17:00:00.013000+00:00,0.00000625,-0.0001138128
2026-04-16T18:00:00.034000+00:00,0.0000001818,-0.0002970907
2026-04-16T19:00:00.064000+00:00,0.0000036881,-0.0002409906
2026-04-16T20:00:00.016000+00:00,0.00000625,0.00008297
2026-04-16T21:00:00.025000+00:00,0.00000625,0.0002354023
2026-04-16T22:00:00.043000+00:00,0.0000063391,0.0004014249
2026-04-16T23:00:00.041000+00:00,0.00000625,0.000326083
2026-04-17T00:00:00.030000+00:00,0.00000625,0.0002007535
2026-04-17T01:00:00.015000+00:00,0.00000625,0.0002298414
2026-04-17T02:00:00.026000+00:00,0.00000625,0.0001948142
2026-04-17T03:00:00.010000+00:00,0.00000625,0.0001914103
2026-04-17T04:00:00.064000+00:00,0.00000625,0.0001680298
2026-04-17T05:00:00.052000+00:00,0.00000625,0.0001484303
2026-04-17T06:00:00.017000+00:00,0.00000625,0.0001359812
2026-04-17T07:00:00.065000+00:00,0.00000625,0.0003465102
2026-04-17T08:00:00.042000+00:00,0.00000625,0.0003181044
2026-04-17T09:00:00.035000+00:00,0.00000625,0.0003521073
